timestep;Demand;Import limit;Export limit;Import price;Export price;Import emission factor;Export emission factor;Generic production
2030-01-01 00:00:00;194.6586171345372;0.0;0.0;0.0;0.0;0.0;0.0;0.0
2030-01-01 01:00:00;194.6367711599183;0.0;0.0;0.0;0.0;0.0;0.0;0.0
2030-01-01 02:00:00;194.3593721666583;0.0;0.0;0.0;0.0;0.0;0.0;0.0
2030-01-01 03:00:00;194.2070834153473;0.0;0.0;0.0;0.0;0.0;0.0;0.0
2030-01-01 04:00:00;194.1695044534875;0.0;0.0;0.0;0.0;0.0;0.0;0.0
2030-01-01 05:00:00;194.126063722909;0.0;0.0;0.0;0.0;0.0;0.0;0.0
2030-01-01 06:00:00;194.1160819681766;0.0;0.0;0.0;0.0;0.0;0.0;0.0
2030-01-01 07:00:00;193.7866606149339;0.0;0.0;0.0;0.0;0.0;0.0;0.0
2030-01-01 08:00:00;193.7827315551013;0.0;0.0;0.0;0.0;0.0;0.0;0.0
2030-01-01 09:00:00;193.8386059345277;0.0;0.0;0.0;0.0;0.0;0.0;0.0
2030-01-01 10:00:00;193.9440775764782;0.0;0.0;0.0;0.0;0.0;0.0;0.0
2030-01-01 11:00:00;194.0564795038452;0.0;0.0;0.0;0.0;0.0;0.0;0.0
2030-01-01 12:00:00;194.1022984377324;0.0;0.0;0.0;0.0;0.0;0.0;0.0
2030-01-01 13:00:00;194.1334328035838;0.0;0.0;0.0;0.0;0.0;0.0;0.0
2030-01-01 14:00:00;194.1343807353252;0.0;0.0;0.0;0.0;0.0;0.0;0.0
2030-01-01 15:00:00;194.1054704920048;0.0;0.0;0.0;0.0;0.0;0.0;0.0
2030-01-01 16:00:00;194.1214613970693;0.0;0.0;0.0;0.0;0.0;0.0;0.0
2030-01-01 17:00:00;194.1069376089754;0.0;0.0;0.0;0.0;0.0;0.0;0.0
2030-01-01 18:00:00;194.1479967866631;0.0;0.0;0.0;0.0;0.0;0.0;0.0
2030-01-01 19:00:00;194.1158608957563;0.0;0.0;0.0;0.0;0.0;0.0;0.0
2030-01-01 20:00:00;194.093576125879;0.0;0.0;0.0;0.0;0.0;0.0;0.0
2030-01-01 21:00:00;194.0876540646821;0.0;0.0;0.0;0.0;0.0;0.0;0.0
2030-01-01 22:00:00;193.9732892821899;0.0;0.0;0.0;0.0;0.0;0.0;0.0
2030-01-01 23:00:00;193.8955957248016;0.0;0.0;0.0;0.0;0.0;0.0;0.0
2030-01-02 00:00:00;193.8071366104637;0.0;0.0;0.0;0.0;0.0;0.0;0.0
2030-01-02 01:00:00;193.8355678635403;0.0;0.0;0.0;0.0;0.0;0.0;0.0
2030-01-02 02:00:00;193.8399893119453;0.0;0.0;0.0;0.0;0.0;0.0;0.0
2030-01-02 03:00:00;193.8231878080065;0.0;0.0;0.0;0.0;0.0;0.0;0.0
2030-01-02 04:00:00;193.817248998899;0.0;0.0;0.0;0.0;0.0;0.0;0.0
2030-01-02 05:00:00;193.7842321678933;0.0;0.0;0.0;0.0;0.0;0.0;0.0
2030-01-02 06:00:00;193.7605707197627;0.0;0.0;0.0;0.0;0.0;0.0;0.0
2030-01-02 07:00:00;193.9202854946446;0.0;0.0;0.0;0.0;0.0;0.0;0.0
2030-01-02 08:00:00;194.1638704563533;0.0;0.0;0.0;0.0;0.0;0.0;0.0
2030-01-02 09:00:00;194.5563577418446;0.0;0.0;0.0;0.0;0.0;0.0;0.0
2030-01-02 10:00:00;194.9016460656132;0.0;0.0;0.0;0.0;0.0;0.0;0.0
2030-01-02 11:00:00;195.0481299911015;0.0;0.0;0.0;0.0;0.0;0.0;0.0
2030-01-02 12:00:00;195.192764947257;0.0;0.0;0.0;0.0;0.0;0.0;0.0
2030-01-02 13:00:00;195.06781548525;0.0;0.0;0.0;0.0;0.0;0.0;0.0
2030-01-02 14:00:00;195.0771641689607;0.0;0.0;0.0;0.0;0.0;0.0;0.0
2030-01-02 15:00:00;194.8917480504339;0.0;0.0;0.0;0.0;0.0;0.0;0.0
2030-01-02 16:00:00;194.9142840389706;0.0;0.0;0.0;0.0;0.0;0.0;0.0
2030-01-02 17:00:00;194.9528712250501;0.0;0.0;0.0;0.0;0.0;0.0;0.0
2030-01-02 18:00:00;195.1196502686336;0.0;0.0;0.0;0.0;0.0;0.0;0.0
2030-01-02 19:00:00;194.9933743721049;0.0;0.0;0.0;0.0;0.0;0.0;0.0
2030-01-02 20:00:00;195.3776317343152;0.0;0.0;0.0;0.0;0.0;0.0;0.0
2030-01-02 21:00:00;195.1535949338878;0.0;0.0;0.0;0.0;0.0;0.0;0.0
2030-01-02 22:00:00;195.0440903950588;0.0;0.0;0.0;0.0;0.0;0.0;0.0
2030-01-02 23:00:00;195.0362590720507;0.0;0.0;0.0;0.0;0.0;0.0;0.0
2030-01-03 00:00:00;194.9687348459938;0.0;0.0;0.0;0.0;0.0;0.0;0.0
2030-01-03 01:00:00;194.7603137974329;0.0;0.0;0.0;0.0;0.0;0.0;0.0
2030-01-03 02:00:00;194.6131130613698;0.0;0.0;0.0;0.0;0.0;0.0;0.0
2030-01-03 03:00:00;194.4793575479561;0.0;0.0;0.0;0.0;0.0;0.0;0.0
2030-01-03 04:00:00;194.3751989421986;0.0;0.0;0.0;0.0;0.0;0.0;0.0
2030-01-03 05:00:00;194.3678801052556;0.0;0.0;0.0;0.0;0.0;0.0;0.0
2030-01-03 06:00:00;194.5633382709929;0.0;0.0;0.0;0.0;0.0;0.0;0.0
2030-01-03 07:00:00;194.9820293374478;0.0;0.0;0.0;0.0;0.0;0.0;0.0
2030-01-03 08:00:00;195.0733992386522;0.0;0.0;0.0;0.0;0.0;0.0;0.0
2030-01-03 09:00:00;195.1097053593045;0.0;0.0;0.0;0.0;0.0;0.0;0.0
2030-01-03 10:00:00;195.3363347362967;0.0;0.0;0.0;0.0;0.0;0.0;0.0
2030-01-03 11:00:00;195.3305198617279;0.0;0.0;0.0;0.0;0.0;0.0;0.0
2030-01-03 12:00:00;195.1814969529887;0.0;0.0;0.0;0.0;0.0;0.0;0.0
2030-01-03 13:00:00;195.1110920863043;0.0;0.0;0.0;0.0;0.0;0.0;0.0
2030-01-03 14:00:00;195.1764960268761;0.0;0.0;0.0;0.0;0.0;0.0;0.0
2030-01-03 15:00:00;195.2110134706738;0.0;0.0;0.0;0.0;0.0;0.0;0.0
2030-01-03 16:00:00;195.3855970406084;0.0;0.0;0.0;0.0;0.0;0.0;0.0
2030-01-03 17:00:00;195.6875719179193;0.0;0.0;0.0;0.0;0.0;0.0;0.0
2030-01-03 18:00:00;195.6046362645054;0.0;0.0;0.0;0.0;0.0;0.0;0.0
2030-01-03 19:00:00;195.5822912021499;0.0;0.0;0.0;0.0;0.0;0.0;0.0
2030-01-03 20:00:00;195.4603061203234;0.0;0.0;0.0;0.0;0.0;0.0;0.0
2030-01-03 21:00:00;195.3445144158459;0.0;0.0;0.0;0.0;0.0;0.0;0.0
2030-01-03 22:00:00;195.3976287396012;0.0;0.0;0.0;0.0;0.0;0.0;0.0
2030-01-03 23:00:00;194.9621261204613;0.0;0.0;0.0;0.0;0.0;0.0;0.0
2030-01-04 00:00:00;195.0096499916501;0.0;0.0;0.0;0.0;0.0;0.0;0.0
2030-01-04 01:00:00;194.8368550985702;0.0;0.0;0.0;0.0;0.0;0.0;0.0
2030-01-04 02:00:00;194.6295293633641;0.0;0.0;0.0;0.0;0.0;0.0;0.0
2030-01-04 03:00:00;194.5902153179636;0.0;0.0;0.0;0.0;0.0;0.0;0.0
2030-01-04 04:00:00;194.4712381608853;0.0;0.0;0.0;0.0;0.0;0.0;0.0
2030-01-04 05:00:00;194.4960150198635;0.0;0.0;0.0;0.0;0.0;0.0;0.0
2030-01-04 06:00:00;194.4449372420402;0.0;0.0;0.0;0.0;0.0;0.0;0.0
2030-01-04 07:00:00;195.0774287859485;0.0;0.0;0.0;0.0;0.0;0.0;0.0
2030-01-04 08:00:00;195.3034920835616;0.0;0.0;0.0;0.0;0.0;0.0;0.0
2030-01-04 09:00:00;195.4536103056555;0.0;0.0;0.0;0.0;0.0;0.0;0.0
2030-01-04 10:00:00;195.4439333628965;0.0;0.0;0.0;0.0;0.0;0.0;0.0
2030-01-04 11:00:00;195.5352295732942;0.0;0.0;0.0;0.0;0.0;0.0;0.0
2030-01-04 12:00:00;195.545676919942;0.0;0.0;0.0;0.0;0.0;0.0;0.0
2030-01-04 13:00:00;195.4926731323968;0.0;0.0;0.0;0.0;0.0;0.0;0.0
2030-01-04 14:00:00;195.4934602841961;0.0;0.0;0.0;0.0;0.0;0.0;0.0
2030-01-04 15:00:00;195.492009915136;0.0;0.0;0.0;0.0;0.0;0.0;0.0
2030-01-04 16:00:00;195.5213857503719;0.0;0.0;0.0;0.0;0.0;0.0;0.0
2030-01-04 17:00:00;195.5259780274651;0.0;0.0;0.0;0.0;0.0;0.0;0.0
2030-01-04 18:00:00;195.4139412045497;0.0;0.0;0.0;0.0;0.0;0.0;0.0
2030-01-04 19:00:00;195.2524411023952;0.0;0.0;0.0;0.0;0.0;0.0;0.0
2030-01-04 20:00:00;195.0139709525913;0.0;0.0;0.0;0.0;0.0;0.0;0.0
2030-01-04 21:00:00;194.8600241581285;0.0;0.0;0.0;0.0;0.0;0.0;0.0
2030-01-04 22:00:00;194.7952901339817;0.0;0.0;0.0;0.0;0.0;0.0;0.0
2030-01-04 23:00:00;194.4941258555451;0.0;0.0;0.0;0.0;0.0;0.0;0.0
2030-01-05 00:00:00;194.3215453357211;0.0;0.0;0.0;0.0;0.0;0.0;0.0
2030-01-05 01:00:00;194.2821977944994;0.0;0.0;0.0;0.0;0.0;0.0;0.0
2030-01-05 02:00:00;194.2466118340039;0.0;0.0;0.0;0.0;0.0;0.0;0.0
2030-01-05 03:00:00;194.0303762103454;0.0;0.0;0.0;0.0;0.0;0.0;0.0
2030-01-05 04:00:00;194.2135414096842;0.0;0.0;0.0;0.0;0.0;0.0;0.0
2030-01-05 05:00:00;194.1860714866775;0.0;0.0;0.0;0.0;0.0;0.0;0.0
2030-01-05 06:00:00;194.1267302897518;0.0;0.0;0.0;0.0;0.0;0.0;0.0
2030-01-05 07:00:00;194.1210159026466;0.0;0.0;0.0;0.0;0.0;0.0;0.0
2030-01-05 08:00:00;194.2860866593463;0.0;0.0;0.0;0.0;0.0;0.0;0.0
2030-01-05 09:00:00;194.447104421675;0.0;0.0;0.0;0.0;0.0;0.0;0.0
2030-01-05 10:00:00;194.7104150725175;0.0;0.0;0.0;0.0;0.0;0.0;0.0
2030-01-05 11:00:00;194.6943370783177;0.0;0.0;0.0;0.0;0.0;0.0;0.0
2030-01-05 12:00:00;194.7647184979273;0.0;0.0;0.0;0.0;0.0;0.0;0.0
2030-01-05 13:00:00;194.7714377596699;0.0;0.0;0.0;0.0;0.0;0.0;0.0
2030-01-05 14:00:00;194.8898756340261;0.0;0.0;0.0;0.0;0.0;0.0;0.0
2030-01-05 15:00:00;194.8887200281929;0.0;0.0;0.0;0.0;0.0;0.0;0.0
2030-01-05 16:00:00;194.8569458921556;0.0;0.0;0.0;0.0;0.0;0.0;0.0
2030-01-05 17:00:00;194.849663900616;0.0;0.0;0.0;0.0;0.0;0.0;0.0
2030-01-05 18:00:00;194.8779276745863;0.0;0.0;0.0;0.0;0.0;0.0;0.0
2030-01-05 19:00:00;194.868749819564;0.0;0.0;0.0;0.0;0.0;0.0;0.0
2030-01-05 20:00:00;194.8507826610457;0.0;0.0;0.0;0.0;0.0;0.0;0.0
2030-01-05 21:00:00;194.7518192571641;0.0;0.0;0.0;0.0;0.0;0.0;0.0
2030-01-05 22:00:00;194.6725145507737;0.0;0.0;0.0;0.0;0.0;0.0;0.0
2030-01-05 23:00:00;194.6322793702887;0.0;0.0;0.0;0.0;0.0;0.0;0.0
2030-01-06 00:00:00;194.3560862265936;0.0;0.0;0.0;0.0;0.0;0.0;0.0
2030-01-06 01:00:00;194.4523197210435;0.0;0.0;0.0;0.0;0.0;0.0;0.0
2030-01-06 02:00:00;194.305912835944;0.0;0.0;0.0;0.0;0.0;0.0;0.0
2030-01-06 03:00:00;194.2378694246578;0.0;0.0;0.0;0.0;0.0;0.0;0.0
2030-01-06 04:00:00;194.248494299158;0.0;0.0;0.0;0.0;0.0;0.0;0.0
2030-01-06 05:00:00;194.0628336611362;0.0;0.0;0.0;0.0;0.0;0.0;0.0
2030-01-06 06:00:00;194.0553171988478;0.0;0.0;0.0;0.0;0.0;0.0;0.0
2030-01-06 07:00:00;194.2441431919778;0.0;0.0;0.0;0.0;0.0;0.0;0.0
2030-01-06 08:00:00;194.3505024731914;0.0;0.0;0.0;0.0;0.0;0.0;0.0
2030-01-06 09:00:00;194.456138244666;0.0;0.0;0.0;0.0;0.0;0.0;0.0
2030-01-06 10:00:00;194.7588064854767;0.0;0.0;0.0;0.0;0.0;0.0;0.0
2030-01-06 11:00:00;194.8400271528425;0.0;0.0;0.0;0.0;0.0;0.0;0.0
2030-01-06 12:00:00;194.9669327708106;0.0;0.0;0.0;0.0;0.0;0.0;0.0
2030-01-06 13:00:00;195.05537848682;0.0;0.0;0.0;0.0;0.0;0.0;0.0
2030-01-06 14:00:00;194.9528008838254;0.0;0.0;0.0;0.0;0.0;0.0;0.0
2030-01-06 15:00:00;194.9874590100723;0.0;0.0;0.0;0.0;0.0;0.0;0.0
2030-01-06 16:00:00;194.9905004306418;0.0;0.0;0.0;0.0;0.0;0.0;0.0
2030-01-06 17:00:00;195.0567484659091;0.0;0.0;0.0;0.0;0.0;0.0;0.0
2030-01-06 18:00:00;195.0554421288803;0.0;0.0;0.0;0.0;0.0;0.0;0.0
2030-01-06 19:00:00;194.9944763846241;0.0;0.0;0.0;0.0;0.0;0.0;0.0
2030-01-06 20:00:00;194.9544187319918;0.0;0.0;0.0;0.0;0.0;0.0;0.0
2030-01-06 21:00:00;194.9442125552571;0.0;0.0;0.0;0.0;0.0;0.0;0.0
2030-01-06 22:00:00;194.909735306445;0.0;0.0;0.0;0.0;0.0;0.0;0.0
2030-01-06 23:00:00;194.6823187776534;0.0;0.0;0.0;0.0;0.0;0.0;0.0
2030-01-07 00:00:00;194.230292669891;0.0;0.0;0.0;0.0;0.0;0.0;0.0
2030-01-07 01:00:00;194.3170669444201;0.0;0.0;0.0;0.0;0.0;0.0;0.0
2030-01-07 02:00:00;194.3114731422714;0.0;0.0;0.0;0.0;0.0;0.0;0.0
2030-01-07 03:00:00;194.3331281907093;0.0;0.0;0.0;0.0;0.0;0.0;0.0
2030-01-07 04:00:00;194.4003074098073;0.0;0.0;0.0;0.0;0.0;0.0;0.0
2030-01-07 05:00:00;194.252111847853;0.0;0.0;0.0;0.0;0.0;0.0;0.0
2030-01-07 06:00:00;194.3337612617308;0.0;0.0;0.0;0.0;0.0;0.0;0.0
2030-01-07 07:00:00;195.1664774267404;0.0;0.0;0.0;0.0;0.0;0.0;0.0
2030-01-07 08:00:00;195.4774425824745;0.0;0.0;0.0;0.0;0.0;0.0;0.0
2030-01-07 09:00:00;195.5777960629381;0.0;0.0;0.0;0.0;0.0;0.0;0.0
2030-01-07 10:00:00;195.6281000872907;0.0;0.0;0.0;0.0;0.0;0.0;0.0
2030-01-07 11:00:00;195.6425769812347;0.0;0.0;0.0;0.0;0.0;0.0;0.0
2030-01-07 12:00:00;195.6646540770203;0.0;0.0;0.0;0.0;0.0;0.0;0.0
2030-01-07 13:00:00;195.7141508520807;0.0;0.0;0.0;0.0;0.0;0.0;0.0
2030-01-07 14:00:00;195.6270483185035;0.0;0.0;0.0;0.0;0.0;0.0;0.0
2030-01-07 15:00:00;195.5443605341669;0.0;0.0;0.0;0.0;0.0;0.0;0.0
2030-01-07 16:00:00;195.5445313628553;0.0;0.0;0.0;0.0;0.0;0.0;0.0
2030-01-07 17:00:00;195.564655652262;0.0;0.0;0.0;0.0;0.0;0.0;0.0
2030-01-07 18:00:00;195.478524497501;0.0;0.0;0.0;0.0;0.0;0.0;0.0
2030-01-07 19:00:00;195.1663769392766;0.0;0.0;0.0;0.0;0.0;0.0;0.0
2030-01-07 20:00:00;194.7161328092048;0.0;0.0;0.0;0.0;0.0;0.0;0.0
2030-01-07 21:00:00;194.490880110466;0.0;0.0;0.0;0.0;0.0;0.0;0.0
2030-01-07 22:00:00;194.390382597971;0.0;0.0;0.0;0.0;0.0;0.0;0.0
2030-01-07 23:00:00;194.173942649803;0.0;0.0;0.0;0.0;0.0;0.0;0.0
2030-01-08 00:00:00;194.0310260292777;0.0;0.0;0.0;0.0;0.0;0.0;0.0
2030-01-08 01:00:00;193.9453403689392;0.0;0.0;0.0;0.0;0.0;0.0;0.0
2030-01-08 02:00:00;193.8946980367921;0.0;0.0;0.0;0.0;0.0;0.0;0.0
2030-01-08 03:00:00;193.8097124391178;0.0;0.0;0.0;0.0;0.0;0.0;0.0
2030-01-08 04:00:00;193.8044167497783;0.0;0.0;0.0;0.0;0.0;0.0;0.0
2030-01-08 05:00:00;193.8723965190041;0.0;0.0;0.0;0.0;0.0;0.0;0.0
2030-01-08 06:00:00;193.9571978896615;0.0;0.0;0.0;0.0;0.0;0.0;0.0
2030-01-08 07:00:00;194.2120575448029;0.0;0.0;0.0;0.0;0.0;0.0;0.0
2030-01-08 08:00:00;194.5184203746974;0.0;0.0;0.0;0.0;0.0;0.0;0.0
2030-01-08 09:00:00;194.8767318737678;0.0;0.0;0.0;0.0;0.0;0.0;0.0
2030-01-08 10:00:00;194.683728951728;0.0;0.0;0.0;0.0;0.0;0.0;0.0
2030-01-08 11:00:00;194.4947991215522;0.0;0.0;0.0;0.0;0.0;0.0;0.0
2030-01-08 12:00:00;194.3567695413472;0.0;0.0;0.0;0.0;0.0;0.0;0.0
2030-01-08 13:00:00;194.4203613579893;0.0;0.0;0.0;0.0;0.0;0.0;0.0
2030-01-08 14:00:00;194.390382597971;0.0;0.0;0.0;0.0;0.0;0.0;0.0
2030-01-08 15:00:00;194.393089060328;0.0;0.0;0.0;0.0;0.0;0.0;0.0
2030-01-08 16:00:00;194.4084904389385;0.0;0.0;0.0;0.0;0.0;0.0;0.0
2030-01-08 17:00:00;210.2596542867902;0.0;0.0;0.0;0.0;0.0;0.0;0.0
2030-01-08 18:00:00;209.3183245717969;0.0;0.0;0.0;0.0;0.0;0.0;0.0
2030-01-08 19:00:00;210.0873249856256;0.0;0.0;0.0;0.0;0.0;0.0;0.0
2030-01-08 20:00:00;209.9189515409507;0.0;0.0;0.0;0.0;0.0;0.0;0.0
2030-01-08 21:00:00;209.750718778725;0.0;0.0;0.0;0.0;0.0;0.0;0.0
2030-01-08 22:00:00;209.563554178329;0.0;0.0;0.0;0.0;0.0;0.0;0.0
2030-01-08 23:00:00;209.2820653452944;0.0;0.0;0.0;0.0;0.0;0.0;0.0
2030-01-09 00:00:00;209.0521801744768;0.0;0.0;0.0;0.0;0.0;0.0;0.0
2030-01-09 01:00:00;193.7883186580857;0.0;0.0;0.0;0.0;0.0;0.0;0.0
2030-01-09 02:00:00;193.8004441453781;0.0;0.0;0.0;0.0;0.0;0.0;0.0
2030-01-09 03:00:00;193.8090525714392;0.0;0.0;0.0;0.0;0.0;0.0;0.0
2030-01-09 04:00:00;193.8656303631118;0.0;0.0;0.0;0.0;0.0;0.0;0.0
2030-01-09 05:00:00;193.844136094616;0.0;0.0;0.0;0.0;0.0;0.0;0.0
2030-01-09 06:00:00;194.007927310944;0.0;0.0;0.0;0.0;0.0;0.0;0.0
2030-01-09 07:00:00;210.3141653862917;0.0;0.0;0.0;0.0;0.0;0.0;0.0
2030-01-09 08:00:00;209.4487472509963;0.0;0.0;0.0;0.0;0.0;0.0;0.0
2030-01-09 09:00:00;195.1875630462169;0.0;0.0;0.0;0.0;0.0;0.0;0.0
2030-01-09 10:00:00;195.2882347369824;0.0;0.0;0.0;0.0;0.0;0.0;0.0
2030-01-09 11:00:00;195.0614311817198;0.0;0.0;0.0;0.0;0.0;0.0;0.0
2030-01-09 12:00:00;195.0189082366435;0.0;0.0;0.0;0.0;0.0;0.0;0.0
2030-01-09 13:00:00;195.0249575819612;0.0;0.0;0.0;0.0;0.0;0.0;0.0
2030-01-09 14:00:00;195.0661306454411;0.0;0.0;0.0;0.0;0.0;0.0;0.0
2030-01-09 15:00:00;195.1268853660234;0.0;0.0;0.0;0.0;0.0;0.0;0.0
2030-01-09 16:00:00;195.1447084925103;0.0;0.0;0.0;0.0;0.0;0.0;0.0
2030-01-09 17:00:00;195.188959821963;0.0;0.0;0.0;0.0;0.0;0.0;0.0
2030-01-09 18:00:00;195.3270530442285;0.0;0.0;0.0;0.0;0.0;0.0;0.0
2030-01-09 19:00:00;195.3180192212375;0.0;0.0;0.0;0.0;0.0;0.0;0.0
2030-01-09 20:00:00;195.5617716620524;0.0;0.0;0.0;0.0;0.0;0.0;0.0
2030-01-09 21:00:00;195.4361288365454;0.0;0.0;0.0;0.0;0.0;0.0;0.0
2030-01-09 22:00:00;209.0630462188901;0.0;0.0;0.0;0.0;0.0;0.0;0.0
2030-01-09 23:00:00;194.8568989980059;0.0;0.0;0.0;0.0;0.0;0.0;0.0
2030-01-10 00:00:00;194.5340026307426;0.0;0.0;0.0;0.0;0.0;0.0;0.0
2030-01-10 01:00:00;194.7802002665088;0.0;0.0;0.0;0.0;0.0;0.0;0.0
2030-01-10 02:00:00;194.7371078924713;0.0;0.0;0.0;0.0;0.0;0.0;0.0
2030-01-10 03:00:00;194.7943589501509;0.0;0.0;0.0;0.0;0.0;0.0;0.0
2030-01-10 04:00:00;194.7962414153051;0.0;0.0;0.0;0.0;0.0;0.0;0.0
2030-01-10 05:00:00;210.6093875060386;0.0;0.0;0.0;0.0;0.0;0.0;0.0
2030-01-10 06:00:00;210.7889619533394;0.0;0.0;0.0;0.0;0.0;0.0;0.0
2030-01-10 07:00:00;211.3810843334779;0.0;0.0;0.0;0.0;0.0;0.0;0.0
2030-01-10 08:00:00;211.4204988663422;0.0;0.0;0.0;0.0;0.0;0.0;0.0
2030-01-10 09:00:00;211.4087719793228;0.0;0.0;0.0;0.0;0.0;0.0;0.0
2030-01-10 10:00:00;197.1876722238327;0.0;0.0;0.0;0.0;0.0;0.0;0.0
2030-01-10 11:00:00;195.7166194941068;0.0;0.0;0.0;0.0;0.0;0.0;0.0
2030-01-10 12:00:00;195.7264471680614;0.0;0.0;0.0;0.0;0.0;0.0;0.0
2030-01-10 13:00:00;195.7306374952997;0.0;0.0;0.0;0.0;0.0;0.0;0.0
2030-01-10 14:00:00;195.6890457340542;0.0;0.0;0.0;0.0;0.0;0.0;0.0
2030-01-10 15:00:00;195.4275639550519;0.0;0.0;0.0;0.0;0.0;0.0;0.0
2030-01-10 16:00:00;195.6494938683228;0.0;0.0;0.0;0.0;0.0;0.0;0.0
2030-01-10 17:00:00;195.6148089454189;0.0;0.0;0.0;0.0;0.0;0.0;0.0
2030-01-10 18:00:00;195.5685512162732;0.0;0.0;0.0;0.0;0.0;0.0;0.0
2030-01-10 19:00:00;205.4718084915331;0.0;0.0;0.0;0.0;0.0;0.0;0.0
2030-01-10 20:00:00;195.7124023702115;0.0;0.0;0.0;0.0;0.0;0.0;0.0
2030-01-10 21:00:00;195.6375894534507;0.0;0.0;0.0;0.0;0.0;0.0;0.0
2030-01-10 22:00:00;195.50128490804;0.0;0.0;0.0;0.0;0.0;0.0;0.0
2030-01-10 23:00:00;195.3461423127586;0.0;0.0;0.0;0.0;0.0;0.0;0.0
2030-01-11 00:00:00;194.8575253698633;0.0;0.0;0.0;0.0;0.0;0.0;0.0
2030-01-11 01:00:00;194.8179366587285;0.0;0.0;0.0;0.0;0.0;0.0;0.0
2030-01-11 02:00:00;194.7124013747176;0.0;0.0;0.0;0.0;0.0;0.0;0.0
2030-01-11 03:00:00;194.5475349425275;0.0;0.0;0.0;0.0;0.0;0.0;0.0
2030-01-11 04:00:00;194.6107281588967;0.0;0.0;0.0;0.0;0.0;0.0;0.0
2030-01-11 05:00:00;194.5107096366457;0.0;0.0;0.0;0.0;0.0;0.0;0.0
2030-01-11 06:00:00;194.6286383745189;0.0;0.0;0.0;0.0;0.0;0.0;0.0
2030-01-11 07:00:00;195.0439664605203;0.0;0.0;0.0;0.0;0.0;0.0;0.0
2030-01-11 08:00:00;211.2772807834256;0.0;0.0;0.0;0.0;0.0;0.0;0.0
2030-01-11 09:00:00;211.2073147119996;0.0;0.0;0.0;0.0;0.0;0.0;0.0
2030-01-11 10:00:00;200.6787875918928;0.0;0.0;0.0;0.0;0.0;0.0;0.0
2030-01-11 11:00:00;211.1329506392435;0.0;0.0;0.0;0.0;0.0;0.0;0.0
2030-01-11 12:00:00;211.1604775051463;0.0;0.0;0.0;0.0;0.0;0.0;0.0
2030-01-11 13:00:00;211.0817958210313;0.0;0.0;0.0;0.0;0.0;0.0;0.0
2030-01-11 14:00:00;210.951024785291;0.0;0.0;0.0;0.0;0.0;0.0;0.0
2030-01-11 15:00:00;210.9735842209026;0.0;0.0;0.0;0.0;0.0;0.0;0.0
2030-01-11 16:00:00;197.7375027800616;0.0;0.0;0.0;0.0;0.0;0.0;0.0
2030-01-11 17:00:00;195.3095648759541;0.0;0.0;0.0;0.0;0.0;0.0;0.0
2030-01-11 18:00:00;195.3674523542375;0.0;0.0;0.0;0.0;0.0;0.0;0.0
2030-01-11 19:00:00;195.2557404407883;0.0;0.0;0.0;0.0;0.0;0.0;0.0
2030-01-11 20:00:00;195.0213299845198;0.0;0.0;0.0;0.0;0.0;0.0;0.0
2030-01-11 21:00:00;194.4792771579851;0.0;0.0;0.0;0.0;0.0;0.0;0.0
2030-01-11 22:00:00;194.4271040668069;0.0;0.0;0.0;0.0;0.0;0.0;0.0
2030-01-11 23:00:00;194.3505594160875;0.0;0.0;0.0;0.0;0.0;0.0;0.0
2030-01-12 00:00:00;194.262753470264;0.0;0.0;0.0;0.0;0.0;0.0;0.0
2030-01-12 01:00:00;194.0589313979607;0.0;0.0;0.0;0.0;0.0;0.0;0.0
2030-01-12 02:00:00;193.8222700225042;0.0;0.0;0.0;0.0;0.0;0.0;0.0
2030-01-12 03:00:00;193.7608822309003;0.0;0.0;0.0;0.0;0.0;0.0;0.0
2030-01-12 04:00:00;193.7433940626258;0.0;0.0;0.0;0.0;0.0;0.0;0.0
2030-01-12 05:00:00;193.7496812282745;0.0;0.0;0.0;0.0;0.0;0.0;0.0
2030-01-12 06:00:00;193.7691389508382;0.0;0.0;0.0;0.0;0.0;0.0;0.0
2030-01-12 07:00:00;194.0049461828528;0.0;0.0;0.0;0.0;0.0;0.0;0.0
2030-01-12 08:00:00;194.1384303801143;0.0;0.0;0.0;0.0;0.0;0.0;0.0
2030-01-12 09:00:00;194.243747941287;0.0;0.0;0.0;0.0;0.0;0.0;0.0
2030-01-12 10:00:00;194.2789821956594;0.0;0.0;0.0;0.0;0.0;0.0;0.0
2030-01-12 11:00:00;194.2927824740142;0.0;0.0;0.0;0.0;0.0;0.0;0.0
2030-01-12 12:00:00;194.2865957958294;0.0;0.0;0.0;0.0;0.0;0.0;0.0
2030-01-12 13:00:00;194.2793941942608;0.0;0.0;0.0;0.0;0.0;0.0;0.0
2030-01-12 14:00:00;194.2771298767443;0.0;0.0;0.0;0.0;0.0;0.0;0.0
2030-01-12 15:00:00;194.2879456774257;0.0;0.0;0.0;0.0;0.0;0.0;0.0
2030-01-12 16:00:00;194.2993074599936;0.0;0.0;0.0;0.0;0.0;0.0;0.0
2030-01-12 17:00:00;194.2994112970395;0.0;0.0;0.0;0.0;0.0;0.0;0.0
2030-01-12 18:00:00;194.3181689569392;0.0;0.0;0.0;0.0;0.0;0.0;0.0
2030-01-12 19:00:00;194.2630381847445;0.0;0.0;0.0;0.0;0.0;0.0;0.0
2030-01-12 20:00:00;194.2329388397698;0.0;0.0;0.0;0.0;0.0;0.0;0.0
2030-01-12 21:00:00;194.106951007304;0.0;0.0;0.0;0.0;0.0;0.0;0.0
2030-01-12 22:00:00;193.9005531063465;0.0;0.0;0.0;0.0;0.0;0.0;0.0
2030-01-12 23:00:00;193.8247922578443;0.0;0.0;0.0;0.0;0.0;0.0;0.0
2030-01-13 00:00:00;193.8225781840598;0.0;0.0;0.0;0.0;0.0;0.0;0.0
2030-01-13 01:00:00;193.6937532555341;0.0;0.0;0.0;0.0;0.0;0.0;0.0
2030-01-13 02:00:00;193.6553569956357;0.0;0.0;0.0;0.0;0.0;0.0;0.0
2030-01-13 03:00:00;193.6559733187467;0.0;0.0;0.0;0.0;0.0;0.0;0.0
2030-01-13 04:00:00;193.5679429509209;0.0;0.0;0.0;0.0;0.0;0.0;0.0
2030-01-13 05:00:00;193.5453600682345;0.0;0.0;0.0;0.0;0.0;0.0;0.0
2030-01-13 06:00:00;193.54470689972;0.0;0.0;0.0;0.0;0.0;0.0;0.0
2030-01-13 07:00:00;193.7107724823109;0.0;0.0;0.0;0.0;0.0;0.0;0.0
2030-01-13 08:00:00;193.7066591954616;0.0;0.0;0.0;0.0;0.0;0.0;0.0
2030-01-13 09:00:00;193.7562799050606;0.0;0.0;0.0;0.0;0.0;0.0;0.0
2030-01-13 10:00:00;193.8779467765852;0.0;0.0;0.0;0.0;0.0;0.0;0.0
2030-01-13 11:00:00;193.8856374171442;0.0;0.0;0.0;0.0;0.0;0.0;0.0
2030-01-13 12:00:00;193.8995113863056;0.0;0.0;0.0;0.0;0.0;0.0;0.0
2030-01-13 13:00:00;193.9023216857084;0.0;0.0;0.0;0.0;0.0;0.0;0.0
2030-01-13 14:00:00;193.9308433775024;0.0;0.0;0.0;0.0;0.0;0.0;0.0
2030-01-13 15:00:00;193.9603799926803;0.0;0.0;0.0;0.0;0.0;0.0;0.0
2030-01-13 16:00:00;209.3441431508161;0.0;0.0;0.0;0.0;0.0;0.0;0.0
2030-01-13 17:00:00;207.5931859404007;0.0;0.0;0.0;0.0;0.0;0.0;0.0
2030-01-13 18:00:00;199.723473371528;0.0;0.0;0.0;0.0;0.0;0.0;0.0
2030-01-13 19:00:00;198.8383496445915;0.0;0.0;0.0;0.0;0.0;0.0;0.0
2030-01-13 20:00:00;209.3227728168589;0.0;0.0;0.0;0.0;0.0;0.0;0.0
2030-01-13 21:00:00;209.2960197044269;0.0;0.0;0.0;0.0;0.0;0.0;0.0
2030-01-13 22:00:00;209.3258175870105;0.0;0.0;0.0;0.0;0.0;0.0;0.0
2030-01-13 23:00:00;209.216671453469;0.0;0.0;0.0;0.0;0.0;0.0;0.0
2030-01-14 00:00:00;193.8748149172984;0.0;0.0;0.0;0.0;0.0;0.0;0.0
2030-01-14 01:00:00;208.5754709960357;0.0;0.0;0.0;0.0;0.0;0.0;0.0
2030-01-14 02:00:00;209.3942395010769;0.0;0.0;0.0;0.0;0.0;0.0;0.0
2030-01-14 03:00:00;209.1250134882017;0.0;0.0;0.0;0.0;0.0;0.0;0.0
2030-01-14 04:00:00;209.2827721071227;0.0;0.0;0.0;0.0;0.0;0.0;0.0
2030-01-14 05:00:00;209.3635673775588;0.0;0.0;0.0;0.0;0.0;0.0;0.0
2030-01-14 06:00:00;209.7395713694131;0.0;0.0;0.0;0.0;0.0;0.0;0.0
2030-01-14 07:00:00;210.0715919983847;0.0;0.0;0.0;0.0;0.0;0.0;0.0
2030-01-14 08:00:00;210.4574102658652;0.0;0.0;0.0;0.0;0.0;0.0;0.0
2030-01-14 09:00:00;211.1029953263001;0.0;0.0;0.0;0.0;0.0;0.0;0.0
2030-01-14 10:00:00;211.2116557704336;0.0;0.0;0.0;0.0;0.0;0.0;0.0
2030-01-14 11:00:00;211.2044139738794;0.0;0.0;0.0;0.0;0.0;0.0;0.0
2030-01-14 12:00:00;211.1021780282616;0.0;0.0;0.0;0.0;0.0;0.0;0.0
2030-01-14 13:00:00;210.9749441512453;0.0;0.0;0.0;0.0;0.0;0.0;0.0
2030-01-14 14:00:00;210.981690209645;0.0;0.0;0.0;0.0;0.0;0.0;0.0
2030-01-14 15:00:00;211.0853999713977;0.0;0.0;0.0;0.0;0.0;0.0;0.0
2030-01-14 16:00:00;211.2336357283374;0.0;0.0;0.0;0.0;0.0;0.0;0.0
2030-01-14 17:00:00;211.2936032971205;0.0;0.0;0.0;0.0;0.0;0.0;0.0
2030-01-14 18:00:00;211.559325647093;0.0;0.0;0.0;0.0;0.0;0.0;0.0
2030-01-14 19:00:00;211.2375379915131;0.0;0.0;0.0;0.0;0.0;0.0;0.0
2030-01-14 20:00:00;211.2436710763838;0.0;0.0;0.0;0.0;0.0;0.0;0.0
2030-01-14 21:00:00;210.9238261784364;0.0;0.0;0.0;0.0;0.0;0.0;0.0
2030-01-14 22:00:00;210.7345513413017;0.0;0.0;0.0;0.0;0.0;0.0;0.0
2030-01-14 23:00:00;210.6096186272052;0.0;0.0;0.0;0.0;0.0;0.0;0.0
2030-01-15 00:00:00;210.5392003621924;0.0;0.0;0.0;0.0;0.0;0.0;0.0
2030-01-15 01:00:00;210.3350198846016;0.0;0.0;0.0;0.0;0.0;0.0;0.0
2030-01-15 02:00:00;210.2844813895004;0.0;0.0;0.0;0.0;0.0;0.0;0.0
2030-01-15 03:00:00;210.1976334241646;0.0;0.0;0.0;0.0;0.0;0.0;0.0
2030-01-15 04:00:00;210.0891103128983;0.0;0.0;0.0;0.0;0.0;0.0;0.0
2030-01-15 05:00:00;210.1552980556873;0.0;0.0;0.0;0.0;0.0;0.0;0.0
2030-01-15 06:00:00;210.3198261800829;0.0;0.0;0.0;0.0;0.0;0.0;0.0
2030-01-15 07:00:00;210.5202048819618;0.0;0.0;0.0;0.0;0.0;0.0;0.0
2030-01-15 08:00:00;210.9144975922184;0.0;0.0;0.0;0.0;0.0;0.0;0.0
2030-01-15 09:00:00;211.0347810863255;0.0;0.0;0.0;0.0;0.0;0.0;0.0
2030-01-15 10:00:00;210.9560927030461;0.0;0.0;0.0;0.0;0.0;0.0;0.0
2030-01-15 11:00:00;210.8547042017059;0.0;0.0;0.0;0.0;0.0;0.0;0.0
2030-01-15 12:00:00;210.886850141359;0.0;0.0;0.0;0.0;0.0;0.0;0.0
2030-01-15 13:00:00;210.9950282456665;0.0;0.0;0.0;0.0;0.0;0.0;0.0
2030-01-15 14:00:00;210.800102663487;0.0;0.0;0.0;0.0;0.0;0.0;0.0
2030-01-15 15:00:00;210.8014223988443;0.0;0.0;0.0;0.0;0.0;0.0;0.0
2030-01-15 16:00:00;210.7930216468749;0.0;0.0;0.0;0.0;0.0;0.0;0.0
2030-01-15 17:00:00;210.723996808026;0.0;0.0;0.0;0.0;0.0;0.0;0.0
2030-01-15 18:00:00;210.7351375181736;0.0;0.0;0.0;0.0;0.0;0.0;0.0
2030-01-15 19:00:00;210.6795177069887;0.0;0.0;0.0;0.0;0.0;0.0;0.0
2030-01-15 20:00:00;210.370146952346;0.0;0.0;0.0;0.0;0.0;0.0;0.0
2030-01-15 21:00:00;210.1625331530772;0.0;0.0;0.0;0.0;0.0;0.0;0.0
2030-01-15 22:00:00;210.0773231334006;0.0;0.0;0.0;0.0;0.0;0.0;0.0
2030-01-15 23:00:00;209.9564836086608;0.0;0.0;0.0;0.0;0.0;0.0;0.0
2030-01-16 00:00:00;209.6260607303627;0.0;0.0;0.0;0.0;0.0;0.0;0.0
2030-01-16 01:00:00;209.1743695808129;0.0;0.0;0.0;0.0;0.0;0.0;0.0
2030-01-16 02:00:00;209.0114358575088;0.0;0.0;0.0;0.0;0.0;0.0;0.0
2030-01-16 03:00:00;209.2162360077927;0.0;0.0;0.0;0.0;0.0;0.0;0.0
2030-01-16 04:00:00;209.1481657998494;0.0;0.0;0.0;0.0;0.0;0.0;0.0
2030-01-16 05:00:00;209.1001126946848;0.0;0.0;0.0;0.0;0.0;0.0;0.0
2030-01-16 06:00:00;209.1493046577719;0.0;0.0;0.0;0.0;0.0;0.0;0.0
2030-01-16 07:00:00;210.0738395679906;0.0;0.0;0.0;0.0;0.0;0.0;0.0
2030-01-16 08:00:00;210.4868564423257;0.0;0.0;0.0;0.0;0.0;0.0;0.0
2030-01-16 09:00:00;210.7856693141106;0.0;0.0;0.0;0.0;0.0;0.0;0.0
2030-01-16 10:00:00;210.7520596070688;0.0;0.0;0.0;0.0;0.0;0.0;0.0
2030-01-16 11:00:00;210.7055707567566;0.0;0.0;0.0;0.0;0.0;0.0;0.0
2030-01-16 12:00:00;210.7827116330942;0.0;0.0;0.0;0.0;0.0;0.0;0.0
2030-01-16 13:00:00;210.8126434989628;0.0;0.0;0.0;0.0;0.0;0.0;0.0
2030-01-16 14:00:00;210.813611528197;0.0;0.0;0.0;0.0;0.0;0.0;0.0
2030-01-16 15:00:00;210.8915060605127;0.0;0.0;0.0;0.0;0.0;0.0;0.0
2030-01-16 16:00:00;210.8408469804549;0.0;0.0;0.0;0.0;0.0;0.0;0.0
2030-01-16 17:00:00;210.9712026680118;0.0;0.0;0.0;0.0;0.0;0.0;0.0
2030-01-16 18:00:00;211.007669568606;0.0;0.0;0.0;0.0;0.0;0.0;0.0
2030-01-16 19:00:00;210.8405220709888;0.0;0.0;0.0;0.0;0.0;0.0;0.0
2030-01-16 20:00:00;210.5340487048842;0.0;0.0;0.0;0.0;0.0;0.0;0.0
2030-01-16 21:00:00;210.2557218773755;0.0;0.0;0.0;0.0;0.0;0.0;0.0
2030-01-16 22:00:00;210.2184946216388;0.0;0.0;0.0;0.0;0.0;0.0;0.0
2030-01-16 23:00:00;210.3548159149601;0.0;0.0;0.0;0.0;0.0;0.0;0.0
2030-01-17 00:00:00;210.2951397598219;0.0;0.0;0.0;0.0;0.0;0.0;0.0
2030-01-17 01:00:00;210.0153424657604;0.0;0.0;0.0;0.0;0.0;0.0;0.0
2030-01-17 02:00:00;209.8814328715691;0.0;0.0;0.0;0.0;0.0;0.0;0.0
2030-01-17 03:00:00;209.8662827116179;0.0;0.0;0.0;0.0;0.0;0.0;0.0
2030-01-17 04:00:00;209.9298611299317;0.0;0.0;0.0;0.0;0.0;0.0;0.0
2030-01-17 05:00:00;209.9746751891814;0.0;0.0;0.0;0.0;0.0;0.0;0.0
2030-01-17 06:00:00;210.1924047264675;0.0;0.0;0.0;0.0;0.0;0.0;0.0
2030-01-17 07:00:00;210.4649166794073;0.0;0.0;0.0;0.0;0.0;0.0;0.0
2030-01-17 08:00:00;211.0463605917314;0.0;0.0;0.0;0.0;0.0;0.0;0.0
2030-01-17 09:00:00;211.1816535633404;0.0;0.0;0.0;0.0;0.0;0.0;0.0
2030-01-17 10:00:00;211.2569153241059;0.0;0.0;0.0;0.0;0.0;0.0;0.0
2030-01-17 11:00:00;211.2598294605546;0.0;0.0;0.0;0.0;0.0;0.0;0.0
2030-01-17 12:00:00;211.2121649069165;0.0;0.0;0.0;0.0;0.0;0.0;0.0
2030-01-17 13:00:00;211.229442051517;0.0;0.0;0.0;0.0;0.0;0.0;0.0
2030-01-17 14:00:00;211.2524000874014;0.0;0.0;0.0;0.0;0.0;0.0;0.0
2030-01-17 15:00:00;211.2301756100024;0.0;0.0;0.0;0.0;0.0;0.0;0.0
2030-01-17 16:00:00;211.3085290350693;0.0;0.0;0.0;0.0;0.0;0.0;0.0
2030-01-17 17:00:00;211.3109005392137;0.0;0.0;0.0;0.0;0.0;0.0;0.0
2030-01-17 18:00:00;211.2893292303291;0.0;0.0;0.0;0.0;0.0;0.0;0.0
2030-01-17 19:00:00;211.1204299012605;0.0;0.0;0.0;0.0;0.0;0.0;0.0
2030-01-17 20:00:00;211.1413145458096;0.0;0.0;0.0;0.0;0.0;0.0;0.0
2030-01-17 21:00:00;210.8462297589298;0.0;0.0;0.0;0.0;0.0;0.0;0.0
2030-01-17 22:00:00;210.4669431765929;0.0;0.0;0.0;0.0;0.0;0.0;0.0
2030-01-17 23:00:00;210.1336731534887;0.0;0.0;0.0;0.0;0.0;0.0;0.0
2030-01-18 00:00:00;210.1178195812912;0.0;0.0;0.0;0.0;0.0;0.0;0.0
2030-01-18 01:00:00;209.9741191585486;0.0;0.0;0.0;0.0;0.0;0.0;0.0
2030-01-18 02:00:00;210.0380291854928;0.0;0.0;0.0;0.0;0.0;0.0;0.0
2030-01-18 03:00:00;210.0464902299404;0.0;0.0;0.0;0.0;0.0;0.0;0.0
2030-01-18 04:00:00;210.1911620314992;0.0;0.0;0.0;0.0;0.0;0.0;0.0
2030-01-18 05:00:00;194.524121363474;0.0;0.0;0.0;0.0;0.0;0.0;0.0
2030-01-18 06:00:00;194.7858342636429;0.0;0.0;0.0;0.0;0.0;0.0;0.0
2030-01-18 07:00:00;195.4163194078585;0.0;0.0;0.0;0.0;0.0;0.0;0.0
2030-01-18 08:00:00;195.6087763480119;0.0;0.0;0.0;0.0;0.0;0.0;0.0
2030-01-18 09:00:00;195.6979355250139;0.0;0.0;0.0;0.0;0.0;0.0;0.0
2030-01-18 10:00:00;195.464506496308;0.0;0.0;0.0;0.0;0.0;0.0;0.0
2030-01-18 11:00:00;195.4026698606992;0.0;0.0;0.0;0.0;0.0;0.0;0.0
2030-01-18 12:00:00;195.4081933216233;0.0;0.0;0.0;0.0;0.0;0.0;0.0
2030-01-18 13:00:00;195.2202717156671;0.0;0.0;0.0;0.0;0.0;0.0;0.0
2030-01-18 14:00:00;195.2978781839201;0.0;0.0;0.0;0.0;0.0;0.0;0.0
2030-01-18 15:00:00;195.4359245120359;0.0;0.0;0.0;0.0;0.0;0.0;0.0
2030-01-18 16:00:00;195.5649973096388;0.0;0.0;0.0;0.0;0.0;0.0;0.0
2030-01-18 17:00:00;195.5875132006827;0.0;0.0;0.0;0.0;0.0;0.0;0.0
2030-01-18 18:00:00;195.6826446826135;0.0;0.0;0.0;0.0;0.0;0.0;0.0
2030-01-18 19:00:00;195.6271622042957;0.0;0.0;0.0;0.0;0.0;0.0;0.0
2030-01-18 20:00:00;195.6271756026242;0.0;0.0;0.0;0.0;0.0;0.0;0.0
2030-01-18 21:00:00;195.5876873789531;0.0;0.0;0.0;0.0;0.0;0.0;0.0
2030-01-18 22:00:00;195.5734851507433;0.0;0.0;0.0;0.0;0.0;0.0;0.0
2030-01-18 23:00:00;195.3921119778414;0.0;0.0;0.0;0.0;0.0;0.0;0.0
2030-01-19 00:00:00;195.0726991759881;0.0;0.0;0.0;0.0;0.0;0.0;0.0
2030-01-19 01:00:00;195.0145738773738;0.0;0.0;0.0;0.0;0.0;0.0;0.0
2030-01-19 02:00:00;195.0471686610317;0.0;0.0;0.0;0.0;0.0;0.0;0.0
2030-01-19 03:00:00;194.9864976800025;0.0;0.0;0.0;0.0;0.0;0.0;0.0
2030-01-19 04:00:00;195.0297340860713;0.0;0.0;0.0;0.0;0.0;0.0;0.0
2030-01-19 05:00:00;194.9591349436237;0.0;0.0;0.0;0.0;0.0;0.0;0.0
2030-01-19 06:00:00;194.9385316639732;0.0;0.0;0.0;0.0;0.0;0.0;0.0
2030-01-19 07:00:00;195.0482170802368;0.0;0.0;0.0;0.0;0.0;0.0;0.0
2030-01-19 08:00:00;195.2179672031651;0.0;0.0;0.0;0.0;0.0;0.0;0.0
2030-01-19 09:00:00;195.4945756950437;0.0;0.0;0.0;0.0;0.0;0.0;0.0
2030-01-19 10:00:00;195.3181699524331;0.0;0.0;0.0;0.0;0.0;0.0;0.0
2030-01-19 11:00:00;195.2838032398311;0.0;0.0;0.0;0.0;0.0;0.0;0.0
2030-01-19 12:00:00;195.2069805737954;0.0;0.0;0.0;0.0;0.0;0.0;0.0
2030-01-19 13:00:00;195.2003952953376;0.0;0.0;0.0;0.0;0.0;0.0;0.0
2030-01-19 14:00:00;195.1205915012106;0.0;0.0;0.0;0.0;0.0;0.0;0.0
2030-01-19 15:00:00;195.2320655943291;0.0;0.0;0.0;0.0;0.0;0.0;0.0
2030-01-19 16:00:00;195.4820013637467;0.0;0.0;0.0;0.0;0.0;0.0;0.0
2030-01-19 17:00:00;195.5517832081558;0.0;0.0;0.0;0.0;0.0;0.0;0.0
2030-01-19 18:00:00;195.5700585282295;0.0;0.0;0.0;0.0;0.0;0.0;0.0
2030-01-19 19:00:00;195.6284216471747;0.0;0.0;0.0;0.0;0.0;0.0;0.0
2030-01-19 20:00:00;195.6382459715472;0.0;0.0;0.0;0.0;0.0;0.0;0.0
2030-01-19 21:00:00;195.6737682899823;0.0;0.0;0.0;0.0;0.0;0.0;0.0
2030-01-19 22:00:00;195.703971472003;0.0;0.0;0.0;0.0;0.0;0.0;0.0
2030-01-19 23:00:00;195.5147133827789;0.0;0.0;0.0;0.0;0.0;0.0;0.0
2030-01-20 00:00:00;195.5305569062299;0.0;0.0;0.0;0.0;0.0;0.0;0.0
2030-01-20 01:00:00;195.4575661621451;0.0;0.0;0.0;0.0;0.0;0.0;0.0
2030-01-20 02:00:00;195.2073557269933;0.0;0.0;0.0;0.0;0.0;0.0;0.0
2030-01-20 03:00:00;195.1712170854472;0.0;0.0;0.0;0.0;0.0;0.0;0.0
2030-01-20 04:00:00;195.1095311810341;0.0;0.0;0.0;0.0;0.0;0.0;0.0
2030-01-20 05:00:00;194.9852784321089;0.0;0.0;0.0;0.0;0.0;0.0;0.0
2030-01-20 06:00:00;195.0293522337091;0.0;0.0;0.0;0.0;0.0;0.0;0.0
2030-01-20 07:00:00;194.9019609263329;0.0;0.0;0.0;0.0;0.0;0.0;0.0
2030-01-20 08:00:00;195.1092766127925;0.0;0.0;0.0;0.0;0.0;0.0;0.0
2030-01-20 09:00:00;195.1994607619248;0.0;0.0;0.0;0.0;0.0;0.0;0.0
2030-01-20 10:00:00;195.2211727532587;0.0;0.0;0.0;0.0;0.0;0.0;0.0
2030-01-20 11:00:00;195.051225004985;0.0;0.0;0.0;0.0;0.0;0.0;0.0
2030-01-20 12:00:00;195.1888358874245;0.0;0.0;0.0;0.0;0.0;0.0;0.0
2030-01-20 13:00:00;195.2731448695095;0.0;0.0;0.0;0.0;0.0;0.0;0.0
2030-01-20 14:00:00;195.2927633720153;0.0;0.0;0.0;0.0;0.0;0.0;0.0
2030-01-20 15:00:00;195.3014689359581;0.0;0.0;0.0;0.0;0.0;0.0;0.0
2030-01-20 16:00:00;195.2991845209488;0.0;0.0;0.0;0.0;0.0;0.0;0.0
2030-01-20 17:00:00;195.3019110807986;0.0;0.0;0.0;0.0;0.0;0.0;0.0
2030-01-20 18:00:00;195.1002394402194;0.0;0.0;0.0;0.0;0.0;0.0;0.0
2030-01-20 19:00:00;195.1295147879915;0.0;0.0;0.0;0.0;0.0;0.0;0.0
2030-01-20 20:00:00;195.1223835276475;0.0;0.0;0.0;0.0;0.0;0.0;0.0
2030-01-20 21:00:00;195.0936709096724;0.0;0.0;0.0;0.0;0.0;0.0;0.0
2030-01-20 22:00:00;195.093657511344;0.0;0.0;0.0;0.0;0.0;0.0;0.0
2030-01-20 23:00:00;195.0491951582173;0.0;0.0;0.0;0.0;0.0;0.0;0.0
2030-01-21 00:00:00;194.8145937757678;0.0;0.0;0.0;0.0;0.0;0.0;0.0
2030-01-21 01:00:00;194.6425156932626;0.0;0.0;0.0;0.0;0.0;0.0;0.0
2030-01-21 02:00:00;194.5902320658741;0.0;0.0;0.0;0.0;0.0;0.0;0.0
2030-01-21 03:00:00;194.6001937231138;0.0;0.0;0.0;0.0;0.0;0.0;0.0
2030-01-21 04:00:00;194.6303634093132;0.0;0.0;0.0;0.0;0.0;0.0;0.0
2030-01-21 05:00:00;194.7042853372288;0.0;0.0;0.0;0.0;0.0;0.0;0.0
2030-01-21 06:00:00;194.8203852032618;0.0;0.0;0.0;0.0;0.0;0.0;0.0
2030-01-21 07:00:00;195.2852469097269;0.0;0.0;0.0;0.0;0.0;0.0;0.0
2030-01-21 08:00:00;195.4569866844375;0.0;0.0;0.0;0.0;0.0;0.0;0.0
2030-01-21 09:00:00;195.7570322024444;0.0;0.0;0.0;0.0;0.0;0.0;0.0
2030-01-21 10:00:00;195.623095811596;0.0;0.0;0.0;0.0;0.0;0.0;0.0
2030-01-21 11:00:00;195.5098866349369;0.0;0.0;0.0;0.0;0.0;0.0;0.0
2030-01-21 12:00:00;195.6764178094432;0.0;0.0;0.0;0.0;0.0;0.0;0.0
2030-01-21 13:00:00;195.5626358542407;0.0;0.0;0.0;0.0;0.0;0.0;0.0
2030-01-21 14:00:00;195.5969489735286;0.0;0.0;0.0;0.0;0.0;0.0;0.0
2030-01-21 15:00:00;195.665424480909;0.0;0.0;0.0;0.0;0.0;0.0;0.0
2030-01-21 16:00:00;195.7679082956041;0.0;0.0;0.0;0.0;0.0;0.0;0.0
2030-01-21 17:00:00;195.7885450710759;0.0;0.0;0.0;0.0;0.0;0.0;0.0
2030-01-21 18:00:00;195.7018779831749;0.0;0.0;0.0;0.0;0.0;0.0;0.0
2030-01-21 19:00:00;195.6817503441861;0.0;0.0;0.0;0.0;0.0;0.0;0.0
2030-01-21 20:00:00;195.7551396885438;0.0;0.0;0.0;0.0;0.0;0.0;0.0
2030-01-21 21:00:00;195.6493431371271;0.0;0.0;0.0;0.0;0.0;0.0;0.0
2030-01-21 22:00:00;195.3943595474473;0.0;0.0;0.0;0.0;0.0;0.0;0.0
2030-01-21 23:00:00;195.1941516742567;0.0;0.0;0.0;0.0;0.0;0.0;0.0
2030-01-22 00:00:00;195.0177358828997;0.0;0.0;0.0;0.0;0.0;0.0;0.0
2030-01-22 01:00:00;194.9356242266887;0.0;0.0;0.0;0.0;0.0;0.0;0.0
2030-01-22 02:00:00;194.9580295815225;0.0;0.0;0.0;0.0;0.0;0.0;0.0
2030-01-22 03:00:00;194.9515648880213;0.0;0.0;0.0;0.0;0.0;0.0;0.0
2030-01-22 04:00:00;194.9789745185498;0.0;0.0;0.0;0.0;0.0;0.0;0.0
2030-01-22 05:00:00;195.1389807070767;0.0;0.0;0.0;0.0;0.0;0.0;0.0
2030-01-22 06:00:00;195.2716074113142;0.0;0.0;0.0;0.0;0.0;0.0;0.0
2030-01-22 07:00:00;195.3671743389212;0.0;0.0;0.0;0.0;0.0;0.0;0.0
2030-01-22 08:00:00;195.5149679510204;0.0;0.0;0.0;0.0;0.0;0.0;0.0
2030-01-22 09:00:00;195.7153600512279;0.0;0.0;0.0;0.0;0.0;0.0;0.0
2030-01-22 10:00:00;195.7213357057387;0.0;0.0;0.0;0.0;0.0;0.0;0.0
2030-01-22 11:00:00;195.7396043266482;0.0;0.0;0.0;0.0;0.0;0.0;0.0
2030-01-22 12:00:00;195.7414365480706;0.0;0.0;0.0;0.0;0.0;0.0;0.0
2030-01-22 13:00:00;195.7661866103919;0.0;0.0;0.0;0.0;0.0;0.0;0.0
2030-01-22 14:00:00;195.9464912665959;0.0;0.0;0.0;0.0;0.0;0.0;0.0
2030-01-22 15:00:00;195.9650245044933;0.0;0.0;0.0;0.0;0.0;0.0;0.0
2030-01-22 16:00:00;195.8661783359859;0.0;0.0;0.0;0.0;0.0;0.0;0.0
2030-01-22 17:00:00;195.7714822997314;0.0;0.0;0.0;0.0;0.0;0.0;0.0
2030-01-22 18:00:00;195.8490452234169;0.0;0.0;0.0;0.0;0.0;0.0;0.0
2030-01-22 19:00:00;195.5380532710256;0.0;0.0;0.0;0.0;0.0;0.0;0.0
2030-01-22 20:00:00;195.4652501035397;0.0;0.0;0.0;0.0;0.0;0.0;0.0
2030-01-22 21:00:00;195.2853473971907;0.0;0.0;0.0;0.0;0.0;0.0;0.0
2030-01-22 22:00:00;195.1370479981906;0.0;0.0;0.0;0.0;0.0;0.0;0.0
2030-01-22 23:00:00;195.2796129125927;0.0;0.0;0.0;0.0;0.0;0.0;0.0
2030-01-23 00:00:00;195.2643321189388;0.0;0.0;0.0;0.0;0.0;0.0;0.0
2030-01-23 01:00:00;195.2053995710323;0.0;0.0;0.0;0.0;0.0;0.0;0.0
2030-01-23 02:00:00;195.2195850513315;0.0;0.0;0.0;0.0;0.0;0.0;0.0
2030-01-23 03:00:00;195.2796129125927;0.0;0.0;0.0;0.0;0.0;0.0;0.0
2030-01-23 04:00:00;195.4061299790343;0.0;0.0;0.0;0.0;0.0;0.0;0.0
2030-01-23 05:00:00;195.4155088089842;0.0;0.0;0.0;0.0;0.0;0.0;0.0
2030-01-23 06:00:00;195.5161034593607;0.0;0.0;0.0;0.0;0.0;0.0;0.0
2030-01-23 07:00:00;195.810019242079;0.0;0.0;0.0;0.0;0.0;0.0;0.0
2030-01-23 08:00:00;211.6999076088772;0.0;0.0;0.0;0.0;0.0;0.0;0.0
2030-01-23 09:00:00;211.8245891043143;0.0;0.0;0.0;0.0;0.0;0.0;0.0
2030-01-23 10:00:00;195.9548987177296;0.0;0.0;0.0;0.0;0.0;0.0;0.0
2030-01-23 11:00:00;195.9901999637444;0.0;0.0;0.0;0.0;0.0;0.0;0.0
2030-01-23 12:00:00;196.2243257055322;0.0;0.0;0.0;0.0;0.0;0.0;0.0
2030-01-23 13:00:00;196.2391107610317;0.0;0.0;0.0;0.0;0.0;0.0;0.0
2030-01-23 14:00:00;196.1529796062707;0.0;0.0;0.0;0.0;0.0;0.0;0.0
2030-01-23 15:00:00;196.2157541248745;0.0;0.0;0.0;0.0;0.0;0.0;0.0
2030-01-23 16:00:00;196.1558434989876;0.0;0.0;0.0;0.0;0.0;0.0;0.0
2030-01-23 17:00:00;196.1389616050778;0.0;0.0;0.0;0.0;0.0;0.0;0.0
2030-01-23 18:00:00;208.1764017816688;0.0;0.0;0.0;0.0;0.0;0.0;0.0
2030-01-23 19:00:00;211.9260412477149;0.0;0.0;0.0;0.0;0.0;0.0;0.0
2030-01-23 20:00:00;211.8244082268796;0.0;0.0;0.0;0.0;0.0;0.0;0.0
2030-01-23 21:00:00;211.7088945377184;0.0;0.0;0.0;0.0;0.0;0.0;0.0
2030-01-23 22:00:00;211.6829218779216;0.0;0.0;0.0;0.0;0.0;0.0;0.0
2030-01-23 23:00:00;211.5304187533546;0.0;0.0;0.0;0.0;0.0;0.0;0.0
2030-01-24 00:00:00;211.3311353648306;0.0;0.0;0.0;0.0;0.0;0.0;0.0
2030-01-24 01:00:00;211.2280084303676;0.0;0.0;0.0;0.0;0.0;0.0;0.0
2030-01-24 02:00:00;211.3285829832514;0.0;0.0;0.0;0.0;0.0;0.0;0.0
2030-01-24 03:00:00;211.3375866600032;0.0;0.0;0.0;0.0;0.0;0.0;0.0
2030-01-24 04:00:00;211.42344314903;0.0;0.0;0.0;0.0;0.0;0.0;0.0
2030-01-24 05:00:00;211.4833939699024;0.0;0.0;0.0;0.0;0.0;0.0;0.0
2030-01-24 06:00:00;211.6472689257836;0.0;0.0;0.0;0.0;0.0;0.0;0.0
2030-01-24 07:00:00;211.6954761117259;0.0;0.0;0.0;0.0;0.0;0.0;0.0
2030-01-24 08:00:00;211.8179267854678;0.0;0.0;0.0;0.0;0.0;0.0;0.0
2030-01-24 09:00:00;211.8704850785904;0.0;0.0;0.0;0.0;0.0;0.0;0.0
2030-01-24 10:00:00;211.9064026477163;0.0;0.0;0.0;0.0;0.0;0.0;0.0
2030-01-24 11:00:00;211.9137047367486;0.0;0.0;0.0;0.0;0.0;0.0;0.0
2030-01-24 12:00:00;211.9584886497593;0.0;0.0;0.0;0.0;0.0;0.0;0.0
2030-01-24 13:00:00;211.7798855812747;0.0;0.0;0.0;0.0;0.0;0.0;0.0
2030-01-24 14:00:00;211.7200084512091;0.0;0.0;0.0;0.0;0.0;0.0;0.0
2030-01-24 15:00:00;211.822703289578;0.0;0.0;0.0;0.0;0.0;0.0;0.0
2030-01-24 16:00:00;211.8863721466091;0.0;0.0;0.0;0.0;0.0;0.0;0.0
2030-01-24 17:00:00;211.9276691446276;0.0;0.0;0.0;0.0;0.0;0.0;0.0
2030-01-24 18:00:00;211.8945819723973;0.0;0.0;0.0;0.0;0.0;0.0;0.0
2030-01-24 19:00:00;211.9061681769675;0.0;0.0;0.0;0.0;0.0;0.0;0.0
2030-01-24 20:00:00;211.8571135467476;0.0;0.0;0.0;0.0;0.0;0.0;0.0
2030-01-24 21:00:00;211.8125205599181;0.0;0.0;0.0;0.0;0.0;0.0;0.0
2030-01-24 22:00:00;211.663872804377;0.0;0.0;0.0;0.0;0.0;0.0;0.0
2030-01-24 23:00:00;211.5192512465501;0.0;0.0;0.0;0.0;0.0;0.0;0.0
2030-01-25 00:00:00;211.6649212235821;0.0;0.0;0.0;0.0;0.0;0.0;0.0
2030-01-25 01:00:00;211.59221854356;0.0;0.0;0.0;0.0;0.0;0.0;0.0
2030-01-25 02:00:00;211.3308673982606;0.0;0.0;0.0;0.0;0.0;0.0;0.0
2030-01-25 03:00:00;211.3514606291648;0.0;0.0;0.0;0.0;0.0;0.0;0.0
2030-01-25 04:00:00;211.3779960187587;0.0;0.0;0.0;0.0;0.0;0.0;0.0
2030-01-25 05:00:00;211.428346937261;0.0;0.0;0.0;0.0;0.0;0.0;0.0
2030-01-25 06:00:00;211.5163940529975;0.0;0.0;0.0;0.0;0.0;0.0;0.0
2030-01-25 07:00:00;211.5268179525703;0.0;0.0;0.0;0.0;0.0;0.0;0.0
2030-01-25 08:00:00;211.6858226160418;0.0;0.0;0.0;0.0;0.0;0.0;0.0
2030-01-25 09:00:00;206.953476047013;0.0;0.0;0.0;0.0;0.0;0.0;0.0
2030-01-25 10:00:00;198.4165099709392;0.0;0.0;0.0;0.0;0.0;0.0;0.0
2030-01-25 11:00:00;195.7927086016572;0.0;0.0;0.0;0.0;0.0;0.0;0.0
2030-01-25 12:00:00;195.7334779409417;0.0;0.0;0.0;0.0;0.0;0.0;0.0
2030-01-25 13:00:00;195.7260150719673;0.0;0.0;0.0;0.0;0.0;0.0;0.0
2030-01-25 14:00:00;195.6763943623682;0.0;0.0;0.0;0.0;0.0;0.0;0.0
2030-01-25 15:00:00;195.836936484035;0.0;0.0;0.0;0.0;0.0;0.0;0.0
2030-01-25 16:00:00;195.5009231531705;0.0;0.0;0.0;0.0;0.0;0.0;0.0
2030-01-25 17:00:00;195.54122867488;0.0;0.0;0.0;0.0;0.0;0.0;0.0
2030-01-25 18:00:00;195.2931854193631;0.0;0.0;0.0;0.0;0.0;0.0;0.0
2030-01-25 19:00:00;195.478229734274;0.0;0.0;0.0;0.0;0.0;0.0;0.0
2030-01-25 20:00:00;195.3713948123986;0.0;0.0;0.0;0.0;0.0;0.0;0.0
2030-01-25 21:00:00;194.983375869462;0.0;0.0;0.0;0.0;0.0;0.0;0.0
2030-01-25 22:00:00;194.6272415987728;0.0;0.0;0.0;0.0;0.0;0.0;0.0
2030-01-25 23:00:00;194.2599867154288;0.0;0.0;0.0;0.0;0.0;0.0;0.0
2030-01-26 00:00:00;194.133627079347;0.0;0.0;0.0;0.0;0.0;0.0;0.0
2030-01-26 01:00:00;194.0186895183115;0.0;0.0;0.0;0.0;0.0;0.0;0.0
2030-01-26 02:00:00;193.9244590739723;0.0;0.0;0.0;0.0;0.0;0.0;0.0
2030-01-26 03:00:00;193.8454993745408;0.0;0.0;0.0;0.0;0.0;0.0;0.0
2030-01-26 04:00:00;193.8293342912057;0.0;0.0;0.0;0.0;0.0;0.0;0.0
2030-01-26 05:00:00;193.8025577316989;0.0;0.0;0.0;0.0;0.0;0.0;0.0
2030-01-26 06:00:00;193.7593045777194;0.0;0.0;0.0;0.0;0.0;0.0;0.0
2030-01-26 07:00:00;193.7840278433836;0.0;0.0;0.0;0.0;0.0;0.0;0.0
2030-01-26 08:00:00;193.999349031122;0.0;0.0;0.0;0.0;0.0;0.0;0.0
2030-01-26 09:00:00;198.1213146478492;0.0;0.0;0.0;0.0;0.0;0.0;0.0
2030-01-26 10:00:00;194.4704342611753;0.0;0.0;0.0;0.0;0.0;0.0;0.0
2030-01-26 11:00:00;194.524978856498;0.0;0.0;0.0;0.0;0.0;0.0;0.0
2030-01-26 12:00:00;194.4267959052514;0.0;0.0;0.0;0.0;0.0;0.0;0.0
2030-01-26 13:00:00;194.4340444009698;0.0;0.0;0.0;0.0;0.0;0.0;0.0
2030-01-26 14:00:00;194.4339606614167;0.0;0.0;0.0;0.0;0.0;0.0;0.0
2030-01-26 15:00:00;194.3650162125388;0.0;0.0;0.0;0.0;0.0;0.0;0.0
2030-01-26 16:00:00;194.3941709753543;0.0;0.0;0.0;0.0;0.0;0.0;0.0
2030-01-26 17:00:00;194.2975589781244;0.0;0.0;0.0;0.0;0.0;0.0;0.0
2030-01-26 18:00:00;194.3629461707856;0.0;0.0;0.0;0.0;0.0;0.0;0.0
2030-01-26 19:00:00;194.2524702531404;0.0;0.0;0.0;0.0;0.0;0.0;0.0
2030-01-26 20:00:00;194.200588575607;0.0;0.0;0.0;0.0;0.0;0.0;0.0
2030-01-26 21:00:00;194.0232817954048;0.0;0.0;0.0;0.0;0.0;0.0;0.0
2030-01-26 22:00:00;193.8336217563257;0.0;0.0;0.0;0.0;0.0;0.0;0.0
2030-01-26 23:00:00;194.1006403945806;0.0;0.0;0.0;0.0;0.0;0.0;0.0
2030-01-27 00:00:00;193.5889582291728;0.0;0.0;0.0;0.0;0.0;0.0;0.0
2030-01-27 01:00:00;193.6717632488837;0.0;0.0;0.0;0.0;0.0;0.0;0.0
2030-01-27 02:00:00;193.6539367728147;0.0;0.0;0.0;0.0;0.0;0.0;0.0
2030-01-27 03:00:00;193.5852636400891;0.0;0.0;0.0;0.0;0.0;0.0;0.0
2030-01-27 04:00:00;193.5333317188238;0.0;0.0;0.0;0.0;0.0;0.0;0.0
2030-01-27 05:00:00;193.5319617397346;0.0;0.0;0.0;0.0;0.0;0.0;0.0
2030-01-27 06:00:00;194.6428874968784;0.0;0.0;0.0;0.0;0.0;0.0;0.0
2030-01-27 07:00:00;199.2512425843879;0.0;0.0;0.0;0.0;0.0;0.0;0.0
2030-01-27 08:00:00;193.5124169280356;0.0;0.0;0.0;0.0;0.0;0.0;0.0
2030-01-27 09:00:00;193.5877222333687;0.0;0.0;0.0;0.0;0.0;0.0;0.0
2030-01-27 10:00:00;193.830841603162;0.0;0.0;0.0;0.0;0.0;0.0;0.0
2030-01-27 11:00:00;194.0027857023822;0.0;0.0;0.0;0.0;0.0;0.0;0.0
2030-01-27 12:00:00;194.002645019933;0.0;0.0;0.0;0.0;0.0;0.0;0.0
2030-01-27 13:00:00;193.9750042682379;0.0;0.0;0.0;0.0;0.0;0.0;0.0
2030-01-27 14:00:00;193.9061100630917;0.0;0.0;0.0;0.0;0.0;0.0;0.0
2030-01-27 15:00:00;209.1410747344908;0.0;0.0;0.0;0.0;0.0;0.0;0.0
2030-01-27 16:00:00;209.2486901090014;0.0;0.0;0.0;0.0;0.0;0.0;0.0
2030-01-27 17:00:00;209.5743900765033;0.0;0.0;0.0;0.0;0.0;0.0;0.0
2030-01-27 18:00:00;209.7290034378089;0.0;0.0;0.0;0.0;0.0;0.0;0.0
2030-01-27 19:00:00;209.6987433128921;0.0;0.0;0.0;0.0;0.0;0.0;0.0
2030-01-27 20:00:00;209.6730419692473;0.0;0.0;0.0;0.0;0.0;0.0;0.0
2030-01-27 21:00:00;209.5855977782933;0.0;0.0;0.0;0.0;0.0;0.0;0.0
2030-01-27 22:00:00;209.2698963134345;0.0;0.0;0.0;0.0;0.0;0.0;0.0
2030-01-27 23:00:00;209.1481189056996;0.0;0.0;0.0;0.0;0.0;0.0;0.0
2030-01-28 00:00:00;209.1972941208761;0.0;0.0;0.0;0.0;0.0;0.0;0.0
2030-01-28 01:00:00;209.2816198508718;0.0;0.0;0.0;0.0;0.0;0.0;0.0
2030-01-28 02:00:00;208.9292873558944;0.0;0.0;0.0;0.0;0.0;0.0;0.0
2030-01-28 03:00:00;208.713882428603;0.0;0.0;0.0;0.0;0.0;0.0;0.0
2030-01-28 04:00:00;208.641106057774;0.0;0.0;0.0;0.0;0.0;0.0;0.0
2030-01-28 05:00:00;208.8481035339319;0.0;0.0;0.0;0.0;0.0;0.0;0.0
2030-01-28 06:00:00;209.5301420966326;0.0;0.0;0.0;0.0;0.0;0.0;0.0
2030-01-28 07:00:00;210.6232380281253;0.0;0.0;0.0;0.0;0.0;0.0;0.0
2030-01-28 08:00:00;211.1590907781467;0.0;0.0;0.0;0.0;0.0;0.0;0.0
2030-01-28 09:00:00;211.2429207699879;0.0;0.0;0.0;0.0;0.0;0.0;0.0
2030-01-28 10:00:00;211.3150774681236;0.0;0.0;0.0;0.0;0.0;0.0;0.0
2030-01-28 11:00:00;211.1567427210771;0.0;0.0;0.0;0.0;0.0;0.0;0.0
2030-01-28 12:00:00;211.0809148809324;0.0;0.0;0.0;0.0;0.0;0.0;0.0
2030-01-28 13:00:00;211.0201166157824;0.0;0.0;0.0;0.0;0.0;0.0;0.0
2030-01-28 14:00:00;211.0020087748149;0.0;0.0;0.0;0.0;0.0;0.0;0.0
2030-01-28 15:00:00;210.9600820553568;0.0;0.0;0.0;0.0;0.0;0.0;0.0
2030-01-28 16:00:00;210.9960934127822;0.0;0.0;0.0;0.0;0.0;0.0;0.0
2030-01-28 17:00:00;211.0895467540684;0.0;0.0;0.0;0.0;0.0;0.0;0.0
2030-01-28 18:00:00;211.1876526649261;0.0;0.0;0.0;0.0;0.0;0.0;0.0
2030-01-28 19:00:00;211.3261176908075;0.0;0.0;0.0;0.0;0.0;0.0;0.0
2030-01-28 20:00:00;211.3469822378638;0.0;0.0;0.0;0.0;0.0;0.0;0.0
2030-01-28 21:00:00;210.8732943824994;0.0;0.0;0.0;0.0;0.0;0.0;0.0
2030-01-28 22:00:00;210.6248692746201;0.0;0.0;0.0;0.0;0.0;0.0;0.0
2030-01-28 23:00:00;210.2238774001136;0.0;0.0;0.0;0.0;0.0;0.0;0.0
2030-01-29 00:00:00;209.919015183011;0.0;0.0;0.0;0.0;0.0;0.0;0.0
2030-01-29 01:00:00;209.9387777175483;0.0;0.0;0.0;0.0;0.0;0.0;0.0
2030-01-29 02:00:00;210.0850204731237;0.0;0.0;0.0;0.0;0.0;0.0;0.0
2030-01-29 03:00:00;209.9974690955417;0.0;0.0;0.0;0.0;0.0;0.0;0.0
2030-01-29 04:00:00;210.0025839074465;0.0;0.0;0.0;0.0;0.0;0.0;0.0
2030-01-29 05:00:00;210.0302950003662;0.0;0.0;0.0;0.0;0.0;0.0;0.0
2030-01-29 06:00:00;210.5601955429516;0.0;0.0;0.0;0.0;0.0;0.0;0.0
2030-01-29 07:00:00;211.2702299130526;0.0;0.0;0.0;0.0;0.0;0.0;0.0
2030-01-29 08:00:00;211.4117966519815;0.0;0.0;0.0;0.0;0.0;0.0;0.0
2030-01-29 09:00:00;211.4997968735684;0.0;0.0;0.0;0.0;0.0;0.0;0.0
2030-01-29 10:00:00;211.5082009751198;0.0;0.0;0.0;0.0;0.0;0.0;0.0
2030-01-29 11:00:00;211.4348853215689;0.0;0.0;0.0;0.0;0.0;0.0;0.0
2030-01-29 12:00:00;211.3086027258761;0.0;0.0;0.0;0.0;0.0;0.0;0.0
2030-01-29 13:00:00;211.2036335212443;0.0;0.0;0.0;0.0;0.0;0.0;0.0
2030-01-29 14:00:00;211.2328083815527;0.0;0.0;0.0;0.0;0.0;0.0;0.0
2030-01-29 15:00:00;211.3504624536916;0.0;0.0;0.0;0.0;0.0;0.0;0.0
2030-01-29 16:00:00;211.5434486278207;0.0;0.0;0.0;0.0;0.0;0.0;0.0
2030-01-29 17:00:00;211.614761231261;0.0;0.0;0.0;0.0;0.0;0.0;0.0
2030-01-29 18:00:00;211.5590208351196;0.0;0.0;0.0;0.0;0.0;0.0;0.0
2030-01-29 19:00:00;211.5458335302937;0.0;0.0;0.0;0.0;0.0;0.0;0.0
2030-01-29 20:00:00;211.5209628830159;0.0;0.0;0.0;0.0;0.0;0.0;0.0
2030-01-29 21:00:00;211.4269635598434;0.0;0.0;0.0;0.0;0.0;0.0;0.0
2030-01-29 22:00:00;211.2748858322062;0.0;0.0;0.0;0.0;0.0;0.0;0.0
2030-01-29 23:00:00;211.0983762525497;0.0;0.0;0.0;0.0;0.0;0.0;0.0
2030-01-30 00:00:00;210.7814421414689;0.0;0.0;0.0;0.0;0.0;0.0;0.0
2030-01-30 01:00:00;210.8726646610599;0.0;0.0;0.0;0.0;0.0;0.0;0.0
2030-01-30 02:00:00;210.937247954011;0.0;0.0;0.0;0.0;0.0;0.0;0.0
2030-01-30 03:00:00;210.7978919392846;0.0;0.0;0.0;0.0;0.0;0.0;0.0
2030-01-30 04:00:00;210.6610916557193;0.0;0.0;0.0;0.0;0.0;0.0;0.0
2030-01-30 05:00:00;210.6613998172749;0.0;0.0;0.0;0.0;0.0;0.0;0.0
2030-01-30 06:00:00;210.9541097504281;0.0;0.0;0.0;0.0;0.0;0.0;0.0
2030-01-30 07:00:00;211.416579855256;0.0;0.0;0.0;0.0;0.0;0.0;0.0
2030-01-30 08:00:00;211.5386386278892;0.0;0.0;0.0;0.0;0.0;0.0;0.0
2030-01-30 09:00:00;211.554338119309;0.0;0.0;0.0;0.0;0.0;0.0;0.0
2030-01-30 10:00:00;211.6018988359011;0.0;0.0;0.0;0.0;0.0;0.0;0.0
2030-01-30 11:00:00;209.9495131282588;0.0;0.0;0.0;0.0;0.0;0.0;0.0
2030-01-30 12:00:00;201.0892654829774;0.0;0.0;0.0;0.0;0.0;0.0;0.0
2030-01-30 13:00:00;195.6275641541507;0.0;0.0;0.0;0.0;0.0;0.0;0.0
2030-01-30 14:00:00;195.639528861501;0.0;0.0;0.0;0.0;0.0;0.0;0.0
2030-01-30 15:00:00;195.6199271069058;0.0;0.0;0.0;0.0;0.0;0.0;0.0
2030-01-30 16:00:00;195.6822661798333;0.0;0.0;0.0;0.0;0.0;0.0;0.0
2030-01-30 17:00:00;195.7570556495193;0.0;0.0;0.0;0.0;0.0;0.0;0.0
2030-01-30 18:00:00;196.9556801658586;0.0;0.0;0.0;0.0;0.0;0.0;0.0
2030-01-30 19:00:00;195.858970035253;0.0;0.0;0.0;0.0;0.0;0.0;0.0
2030-01-30 20:00:00;198.865441064818;0.0;0.0;0.0;0.0;0.0;0.0;0.0
2030-01-30 21:00:00;196.7288933585066;0.0;0.0;0.0;0.0;0.0;0.0;0.0
2030-01-30 22:00:00;195.6562097804833;0.0;0.0;0.0;0.0;0.0;0.0;0.0
2030-01-30 23:00:00;195.5134505903179;0.0;0.0;0.0;0.0;0.0;0.0;0.0
2030-01-31 00:00:00;195.3644645269821;0.0;0.0;0.0;0.0;0.0;0.0;0.0
2030-01-31 01:00:00;195.2334757684037;0.0;0.0;0.0;0.0;0.0;0.0;0.0
2030-01-31 02:00:00;195.267795586856;0.0;0.0;0.0;0.0;0.0;0.0;0.0
2030-01-31 03:00:00;195.2105277812656;0.0;0.0;0.0;0.0;0.0;0.0;0.0
2030-01-31 04:00:00;195.1970457132127;0.0;0.0;0.0;0.0;0.0;0.0;0.0
2030-01-31 05:00:00;195.2520391525401;0.0;0.0;0.0;0.0;0.0;0.0;0.0
2030-01-31 06:00:00;195.3017000571247;0.0;0.0;0.0;0.0;0.0;0.0;0.0
2030-01-31 07:00:00;195.6262142725543;0.0;0.0;0.0;0.0;0.0;0.0;0.0
2030-01-31 08:00:00;195.829158754341;0.0;0.0;0.0;0.0;0.0;0.0;0.0
2030-01-31 09:00:00;196.1552104279659;0.0;0.0;0.0;0.0;0.0;0.0;0.0
2030-01-31 10:00:00;196.100551946851;0.0;0.0;0.0;0.0;0.0;0.0;0.0
2030-01-31 11:00:00;195.9720820740306;0.0;0.0;0.0;0.0;0.0;0.0;0.0
2030-01-31 12:00:00;196.0149500260657;0.0;0.0;0.0;0.0;0.0;0.0;0.0
2030-01-31 13:00:00;195.9741420670373;0.0;0.0;0.0;0.0;0.0;0.0;0.0
2030-01-31 14:00:00;195.9810120599757;0.0;0.0;0.0;0.0;0.0;0.0;0.0
2030-01-31 15:00:00;196.0136738352761;0.0;0.0;0.0;0.0;0.0;0.0;0.0
2030-01-31 16:00:00;195.9009469984429;0.0;0.0;0.0;0.0;0.0;0.0;0.0
2030-01-31 17:00:00;195.5653657636725;0.0;0.0;0.0;0.0;0.0;0.0;0.0
2030-01-31 18:00:00;195.6224995859778;0.0;0.0;0.0;0.0;0.0;0.0;0.0
2030-01-31 19:00:00;195.9439589825095;0.0;0.0;0.0;0.0;0.0;0.0;0.0
2030-01-31 20:00:00;195.7994278633998;0.0;0.0;0.0;0.0;0.0;0.0;0.0
2030-01-31 21:00:00;195.7703802872123;0.0;0.0;0.0;0.0;0.0;0.0;0.0
2030-01-31 22:00:00;195.6399978029986;0.0;0.0;0.0;0.0;0.0;0.0;0.0
2030-01-31 23:00:00;195.4135794496802;0.0;0.0;0.0;0.0;0.0;0.0;0.0
2030-02-01 00:00:00;194.8919892203469;0.0;0.0;0.0;0.0;0.0;0.0;0.0
2030-02-01 01:00:00;194.6887600240797;0.0;0.0;0.0;0.0;0.0;0.0;0.0
2030-02-01 02:00:00;194.4629345467975;0.0;0.0;0.0;0.0;0.0;0.0;0.0
2030-02-01 03:00:00;194.4933655004027;0.0;0.0;0.0;0.0;0.0;0.0;0.0
2030-02-01 04:00:00;194.4433595888593;0.0;0.0;0.0;0.0;0.0;0.0;0.0
2030-02-01 05:00:00;194.4552841012242;0.0;0.0;0.0;0.0;0.0;0.0;0.0
2030-02-01 06:00:00;194.7115505808579;0.0;0.0;0.0;0.0;0.0;0.0;0.0
2030-02-01 07:00:00;195.2457955314592;0.0;0.0;0.0;0.0;0.0;0.0;0.0
2030-02-01 08:00:00;195.7478041036901;0.0;0.0;0.0;0.0;0.0;0.0;0.0
2030-02-01 09:00:00;195.5238074982482;0.0;0.0;0.0;0.0;0.0;0.0;0.0
2030-02-01 10:00:00;195.5732808262338;0.0;0.0;0.0;0.0;0.0;0.0;0.0
2030-02-01 11:00:00;195.6199204077415;0.0;0.0;0.0;0.0;0.0;0.0;0.0
2030-02-01 12:00:00;195.6252160970811;0.0;0.0;0.0;0.0;0.0;0.0;0.0
2030-02-01 13:00:00;195.5990860069244;0.0;0.0;0.0;0.0;0.0;0.0;0.0
2030-02-01 14:00:00;195.6686601772417;0.0;0.0;0.0;0.0;0.0;0.0;0.0
2030-02-01 15:00:00;195.6501738334941;0.0;0.0;0.0;0.0;0.0;0.0;0.0
2030-02-01 16:00:00;195.597494955415;0.0;0.0;0.0;0.0;0.0;0.0;0.0
2030-02-01 17:00:00;195.6153917727086;0.0;0.0;0.0;0.0;0.0;0.0;0.0
2030-02-01 18:00:00;195.6170163200393;0.0;0.0;0.0;0.0;0.0;0.0;0.0
2030-02-01 19:00:00;195.6857396964969;0.0;0.0;0.0;0.0;0.0;0.0;0.0
2030-02-01 20:00:00;195.6907774680128;0.0;0.0;0.0;0.0;0.0;0.0;0.0
2030-02-01 21:00:00;195.6262343700471;0.0;0.0;0.0;0.0;0.0;0.0;0.0
2030-02-01 22:00:00;195.5616577762601;0.0;0.0;0.0;0.0;0.0;0.0;0.0
2030-02-01 23:00:00;195.4636691007767;0.0;0.0;0.0;0.0;0.0;0.0;0.0
2030-02-02 00:00:00;195.0584031594788;0.0;0.0;0.0;0.0;0.0;0.0;0.0
2030-02-02 01:00:00;194.9049722006633;0.0;0.0;0.0;0.0;0.0;0.0;0.0
2030-02-02 02:00:00;194.8564836498224;0.0;0.0;0.0;0.0;0.0;0.0;0.0
2030-02-02 03:00:00;194.477210465814;0.0;0.0;0.0;0.0;0.0;0.0;0.0
2030-02-02 04:00:00;194.4864084183292;0.0;0.0;0.0;0.0;0.0;0.0;0.0
2030-02-02 05:00:00;194.5228518718487;0.0;0.0;0.0;0.0;0.0;0.0;0.0
2030-02-02 06:00:00;194.4917945463861;0.0;0.0;0.0;0.0;0.0;0.0;0.0
2030-02-02 07:00:00;210.5555228758873;0.0;0.0;0.0;0.0;0.0;0.0;0.0
2030-02-02 08:00:00;210.7474338341543;0.0;0.0;0.0;0.0;0.0;0.0;0.0
2030-02-02 09:00:00;211.0374138578756;0.0;0.0;0.0;0.0;0.0;0.0;0.0
2030-02-02 10:00:00;195.2661006983008;0.0;0.0;0.0;0.0;0.0;0.0;0.0
2030-02-02 11:00:00;195.2885428985379;0.0;0.0;0.0;0.0;0.0;0.0;0.0
2030-02-02 12:00:00;195.3909932174117;0.0;0.0;0.0;0.0;0.0;0.0;0.0
2030-02-02 13:00:00;195.3789079251049;0.0;0.0;0.0;0.0;0.0;0.0;0.0
2030-02-02 14:00:00;195.0634409309947;0.0;0.0;0.0;0.0;0.0;0.0;0.0
2030-02-02 15:00:00;194.9344217267058;0.0;0.0;0.0;0.0;0.0;0.0;0.0
2030-02-02 16:00:00;210.9269714360518;0.0;0.0;0.0;0.0;0.0;0.0;0.0
2030-02-02 17:00:00;210.889154653861;0.0;0.0;0.0;0.0;0.0;0.0;0.0
2030-02-02 18:00:00;210.8981717289413;0.0;0.0;0.0;0.0;0.0;0.0;0.0
2030-02-02 19:00:00;210.8913854755563;0.0;0.0;0.0;0.0;0.0;0.0;0.0
2030-02-02 20:00:00;210.92676376196;0.0;0.0;0.0;0.0;0.0;0.0;0.0
2030-02-02 21:00:00;210.8944503432006;0.0;0.0;0.0;0.0;0.0;0.0;0.0
2030-02-02 22:00:00;210.8858352179752;0.0;0.0;0.0;0.0;0.0;0.0;0.0
2030-02-02 23:00:00;210.8232080809849;0.0;0.0;0.0;0.0;0.0;0.0;0.0
2030-02-03 00:00:00;210.5807217822133;0.0;0.0;0.0;0.0;0.0;0.0;0.0
2030-02-03 01:00:00;210.3191763611506;0.0;0.0;0.0;0.0;0.0;0.0;0.0
2030-02-03 02:00:00;209.8748341947829;0.0;0.0;0.0;0.0;0.0;0.0;0.0
2030-02-03 03:00:00;209.5501625489934;0.0;0.0;0.0;0.0;0.0;0.0;0.0
2030-02-03 04:00:00;209.4059228435287;0.0;0.0;0.0;0.0;0.0;0.0;0.0
2030-02-03 05:00:00;209.2761432840974;0.0;0.0;0.0;0.0;0.0;0.0;0.0
2030-02-03 06:00:00;209.1560842119928;0.0;0.0;0.0;0.0;0.0;0.0;0.0
2030-02-03 07:00:00;209.1082622279949;0.0;0.0;0.0;0.0;0.0;0.0;0.0
2030-02-03 08:00:00;209.3964904202649;0.0;0.0;0.0;0.0;0.0;0.0;0.0
2030-02-03 09:00:00;209.7770263967344;0.0;0.0;0.0;0.0;0.0;0.0;0.0
2030-02-03 10:00:00;210.0836739411095;0.0;0.0;0.0;0.0;0.0;0.0;0.0
2030-02-03 11:00:00;210.0849166360778;0.0;0.0;0.0;0.0;0.0;0.0;0.0
2030-02-03 12:00:00;210.0948012529286;0.0;0.0;0.0;0.0;0.0;0.0;0.0
2030-02-03 13:00:00;210.0489052786525;0.0;0.0;0.0;0.0;0.0;0.0;0.0
2030-02-03 14:00:00;210.2542112158372;0.0;0.0;0.0;0.0;0.0;0.0;0.0
2030-02-03 15:00:00;210.2883032627049;0.0;0.0;0.0;0.0;0.0;0.0;0.0
2030-02-03 16:00:00;210.1992613210773;0.0;0.0;0.0;0.0;0.0;0.0;0.0
2030-02-03 17:00:00;210.2528244888375;0.0;0.0;0.0;0.0;0.0;0.0;0.0
2030-02-03 18:00:00;210.3864292710554;0.0;0.0;0.0;0.0;0.0;0.0;0.0
2030-02-03 19:00:00;210.4635835457216;0.0;0.0;0.0;0.0;0.0;0.0;0.0
2030-02-03 20:00:00;210.417191833291;0.0;0.0;0.0;0.0;0.0;0.0;0.0
2030-02-03 21:00:00;210.2376341339008;0.0;0.0;0.0;0.0;0.0;0.0;0.0
2030-02-03 22:00:00;210.0650904594802;0.0;0.0;0.0;0.0;0.0;0.0;0.0
2030-02-03 23:00:00;209.8496017926357;0.0;0.0;0.0;0.0;0.0;0.0;0.0
2030-02-04 00:00:00;209.7157055967728;0.0;0.0;0.0;0.0;0.0;0.0;0.0
2030-02-04 01:00:00;209.8586490139552;0.0;0.0;0.0;0.0;0.0;0.0;0.0
2030-02-04 02:00:00;209.8710927115494;0.0;0.0;0.0;0.0;0.0;0.0;0.0
2030-02-04 03:00:00;209.837117900056;0.0;0.0;0.0;0.0;0.0;0.0;0.0
2030-02-04 04:00:00;209.8281946132751;0.0;0.0;0.0;0.0;0.0;0.0;0.0
2030-02-04 05:00:00;209.9335054752836;0.0;0.0;0.0;0.0;0.0;0.0;0.0
2030-02-04 06:00:00;210.3112612985893;0.0;0.0;0.0;0.0;0.0;0.0;0.0
2030-02-04 07:00:00;210.7176426507349;0.0;0.0;0.0;0.0;0.0;0.0;0.0
2030-02-04 08:00:00;210.7998045506779;0.0;0.0;0.0;0.0;0.0;0.0;0.0
2030-02-04 09:00:00;210.9070581703189;0.0;0.0;0.0;0.0;0.0;0.0;0.0
2030-02-04 10:00:00;210.9376097088805;0.0;0.0;0.0;0.0;0.0;0.0;0.0
2030-02-04 11:00:00;195.114997699062;0.0;0.0;0.0;0.0;0.0;0.0;0.0
2030-02-04 12:00:00;194.9250261488453;0.0;0.0;0.0;0.0;0.0;0.0;0.0
2030-02-04 13:00:00;194.9487344911257;0.0;0.0;0.0;0.0;0.0;0.0;0.0
2030-02-04 14:00:00;199.1637682471948;0.0;0.0;0.0;0.0;0.0;0.0;0.0
2030-02-04 15:00:00;210.9834922848282;0.0;0.0;0.0;0.0;0.0;0.0;0.0
2030-02-04 16:00:00;210.9309540891983;0.0;0.0;0.0;0.0;0.0;0.0;0.0
2030-02-04 17:00:00;210.8860596399776;0.0;0.0;0.0;0.0;0.0;0.0;0.0
2030-02-04 18:00:00;210.9216723971301;0.0;0.0;0.0;0.0;0.0;0.0;0.0
2030-02-04 19:00:00;210.9678162404834;0.0;0.0;0.0;0.0;0.0;0.0;0.0
2030-02-04 20:00:00;210.8949293334445;0.0;0.0;0.0;0.0;0.0;0.0;0.0
2030-02-04 21:00:00;210.7030652693271;0.0;0.0;0.0;0.0;0.0;0.0;0.0
2030-02-04 22:00:00;210.2496892799685;0.0;0.0;0.0;0.0;0.0;0.0;0.0
2030-02-04 23:00:00;210.0424003901658;0.0;0.0;0.0;0.0;0.0;0.0;0.0
2030-02-05 00:00:00;209.8575034568684;0.0;0.0;0.0;0.0;0.0;0.0;0.0
2030-02-05 01:00:00;209.8626249679374;0.0;0.0;0.0;0.0;0.0;0.0;0.0
2030-02-05 02:00:00;210.0440651324819;0.0;0.0;0.0;0.0;0.0;0.0;0.0
2030-02-05 03:00:00;210.2093335145271;0.0;0.0;0.0;0.0;0.0;0.0;0.0
2030-02-05 04:00:00;210.3155889586948;0.0;0.0;0.0;0.0;0.0;0.0;0.0
2030-02-05 05:00:00;210.369316255979;0.0;0.0;0.0;0.0;0.0;0.0;0.0
2030-02-05 06:00:00;210.8055892790077;0.0;0.0;0.0;0.0;0.0;0.0;0.0
2030-02-05 07:00:00;195.4436553475802;0.0;0.0;0.0;0.0;0.0;0.0;0.0
2030-02-05 08:00:00;211.3033807273433;0.0;0.0;0.0;0.0;0.0;0.0;0.0
2030-02-05 09:00:00;211.3207282131684;0.0;0.0;0.0;0.0;0.0;0.0;0.0
2030-02-05 10:00:00;195.5280346708899;0.0;0.0;0.0;0.0;0.0;0.0;0.0
2030-02-05 11:00:00;195.5254856388928;0.0;0.0;0.0;0.0;0.0;0.0;0.0
2030-02-05 12:00:00;195.5978634094487;0.0;0.0;0.0;0.0;0.0;0.0;0.0
2030-02-05 13:00:00;195.5669400672711;0.0;0.0;0.0;0.0;0.0;0.0;0.0
2030-02-05 14:00:00;195.5501955062286;0.0;0.0;0.0;0.0;0.0;0.0;0.0
2030-02-05 15:00:00;195.8285658783049;0.0;0.0;0.0;0.0;0.0;0.0;0.0
2030-02-05 16:00:00;211.6303267393956;0.0;0.0;0.0;0.0;0.0;0.0;0.0
2030-02-05 17:00:00;211.3770112416139;0.0;0.0;0.0;0.0;0.0;0.0;0.0
2030-02-05 18:00:00;211.3920542149371;0.0;0.0;0.0;0.0;0.0;0.0;0.0
2030-02-05 19:00:00;211.6615582431287;0.0;0.0;0.0;0.0;0.0;0.0;0.0
2030-02-05 20:00:00;211.5809974434414;0.0;0.0;0.0;0.0;0.0;0.0;0.0
2030-02-05 21:00:00;211.6683143502747;0.0;0.0;0.0;0.0;0.0;0.0;0.0
2030-02-05 22:00:00;211.6237381113557;0.0;0.0;0.0;0.0;0.0;0.0;0.0
2030-02-05 23:00:00;211.4426061083669;0.0;0.0;0.0;0.0;0.0;0.0;0.0
2030-02-06 00:00:00;211.1992958123925;0.0;0.0;0.0;0.0;0.0;0.0;0.0
2030-02-06 01:00:00;210.8042494461577;0.0;0.0;0.0;0.0;0.0;0.0;0.0
2030-02-06 02:00:00;210.7519691683514;0.0;0.0;0.0;0.0;0.0;0.0;0.0
2030-02-06 03:00:00;210.6529119761703;0.0;0.0;0.0;0.0;0.0;0.0;0.0
2030-02-06 04:00:00;210.6882668154992;0.0;0.0;0.0;0.0;0.0;0.0;0.0
2030-02-06 05:00:00;210.7176192036601;0.0;0.0;0.0;0.0;0.0;0.0;0.0
2030-02-06 06:00:00;210.9174452244883;0.0;0.0;0.0;0.0;0.0;0.0;0.0
2030-02-06 07:00:00;211.4665388726496;0.0;0.0;0.0;0.0;0.0;0.0;0.0
2030-02-06 08:00:00;211.6189381601707;0.0;0.0;0.0;0.0;0.0;0.0;0.0
2030-02-06 09:00:00;211.7113028872663;0.0;0.0;0.0;0.0;0.0;0.0;0.0
2030-02-06 10:00:00;211.7490928728;0.0;0.0;0.0;0.0;0.0;0.0;0.0
2030-02-06 11:00:00;211.8727895910924;0.0;0.0;0.0;0.0;0.0;0.0;0.0
2030-02-06 12:00:00;211.7428961458688;0.0;0.0;0.0;0.0;0.0;0.0;0.0
2030-02-06 13:00:00;211.7626754283166;0.0;0.0;0.0;0.0;0.0;0.0;0.0
2030-02-06 14:00:00;211.7670868279753;0.0;0.0;0.0;0.0;0.0;0.0;0.0
2030-02-06 15:00:00;211.7712771552136;0.0;0.0;0.0;0.0;0.0;0.0;0.0
2030-02-06 16:00:00;211.7188427966296;0.0;0.0;0.0;0.0;0.0;0.0;0.0
2030-02-06 17:00:00;211.6483977349597;0.0;0.0;0.0;0.0;0.0;0.0;0.0
2030-02-06 18:00:00;211.7094807145904;0.0;0.0;0.0;0.0;0.0;0.0;0.0
2030-02-06 19:00:00;211.6693326232407;0.0;0.0;0.0;0.0;0.0;0.0;0.0
2030-02-06 20:00:00;211.7589774896508;0.0;0.0;0.0;0.0;0.0;0.0;0.0
2030-02-06 21:00:00;211.6958144195205;0.0;0.0;0.0;0.0;0.0;0.0;0.0
2030-02-06 22:00:00;211.5207418105957;0.0;0.0;0.0;0.0;0.0;0.0;0.0
2030-02-06 23:00:00;211.1185072411208;0.0;0.0;0.0;0.0;0.0;0.0;0.0
2030-02-07 00:00:00;210.9123639084048;0.0;0.0;0.0;0.0;0.0;0.0;0.0
2030-02-07 01:00:00;210.5793551527063;0.0;0.0;0.0;0.0;0.0;0.0;0.0
2030-02-07 02:00:00;210.1027933558787;0.0;0.0;0.0;0.0;0.0;0.0;0.0
2030-02-07 03:00:00;209.9674300430451;0.0;0.0;0.0;0.0;0.0;0.0;0.0
2030-02-07 04:00:00;209.8111787360804;0.0;0.0;0.0;0.0;0.0;0.0;0.0
2030-02-07 05:00:00;209.6960268017888;0.0;0.0;0.0;0.0;0.0;0.0;0.0
2030-02-07 06:00:00;209.9662543397193;0.0;0.0;0.0;0.0;0.0;0.0;0.0
2030-02-07 07:00:00;210.2450333608148;0.0;0.0;0.0;0.0;0.0;0.0;0.0
2030-02-07 08:00:00;210.4655464008468;0.0;0.0;0.0;0.0;0.0;0.0;0.0
2030-02-07 09:00:00;210.4015325368568;0.0;0.0;0.0;0.0;0.0;0.0;0.0
2030-02-07 10:00:00;210.3672227671509;0.0;0.0;0.0;0.0;0.0;0.0;0.0
2030-02-07 11:00:00;194.4825061551536;0.0;0.0;0.0;0.0;0.0;0.0;0.0
2030-02-07 12:00:00;194.4085942759844;0.0;0.0;0.0;0.0;0.0;0.0;0.0
2030-02-07 13:00:00;194.6020761882681;0.0;0.0;0.0;0.0;0.0;0.0;0.0
2030-02-07 14:00:00;194.641078722531;0.0;0.0;0.0;0.0;0.0;0.0;0.0
2030-02-07 15:00:00;194.7106059986986;0.0;0.0;0.0;0.0;0.0;0.0;0.0
2030-02-07 16:00:00;210.537796887282;0.0;0.0;0.0;0.0;0.0;0.0;0.0
2030-02-07 17:00:00;210.6119867817676;0.0;0.0;0.0;0.0;0.0;0.0;0.0
2030-02-07 18:00:00;210.6532971781147;0.0;0.0;0.0;0.0;0.0;0.0;0.0
2030-02-07 19:00:00;210.7248409027214;0.0;0.0;0.0;0.0;0.0;0.0;0.0
2030-02-07 20:00:00;210.7130403248953;0.0;0.0;0.0;0.0;0.0;0.0;0.0
2030-02-07 21:00:00;210.4859487055699;0.0;0.0;0.0;0.0;0.0;0.0;0.0
2030-02-07 22:00:00;210.1639366279875;0.0;0.0;0.0;0.0;0.0;0.0;0.0
2030-02-07 23:00:00;209.8561669736006;0.0;0.0;0.0;0.0;0.0;0.0;0.0
2030-02-08 00:00:00;193.9774025690393;0.0;0.0;0.0;0.0;0.0;0.0;0.0
2030-02-08 01:00:00;193.9433071725894;0.0;0.0;0.0;0.0;0.0;0.0;0.0
2030-02-08 02:00:00;200.6619793887899;0.0;0.0;0.0;0.0;0.0;0.0;0.0
2030-02-08 03:00:00;209.1758869415155;0.0;0.0;0.0;0.0;0.0;0.0;0.0
2030-02-08 04:00:00;209.1571460295264;0.0;0.0;0.0;0.0;0.0;0.0;0.0
2030-02-08 05:00:00;209.3988686235737;0.0;0.0;0.0;0.0;0.0;0.0;0.0
2030-02-08 06:00:00;209.8657367297315;0.0;0.0;0.0;0.0;0.0;0.0;0.0
2030-02-08 07:00:00;210.5408584053442;0.0;0.0;0.0;0.0;0.0;0.0;0.0
2030-02-08 08:00:00;211.0283230919886;0.0;0.0;0.0;0.0;0.0;0.0;0.0
2030-02-08 09:00:00;211.056724198826;0.0;0.0;0.0;0.0;0.0;0.0;0.0
2030-02-08 10:00:00;211.1226305767166;0.0;0.0;0.0;0.0;0.0;0.0;0.0
2030-02-08 11:00:00;195.219035719863;0.0;0.0;0.0;0.0;0.0;0.0;0.0
2030-02-08 12:00:00;195.1978797591618;0.0;0.0;0.0;0.0;0.0;0.0;0.0
2030-02-08 13:00:00;195.2333049397154;0.0;0.0;0.0;0.0;0.0;0.0;0.0
2030-02-08 14:00:00;195.2016078440669;0.0;0.0;0.0;0.0;0.0;0.0;0.0
2030-02-08 15:00:00;195.0488099562729;0.0;0.0;0.0;0.0;0.0;0.0;0.0
2030-02-08 16:00:00;210.7248911464533;0.0;0.0;0.0;0.0;0.0;0.0;0.0
2030-02-08 17:00:00;210.5443486699184;0.0;0.0;0.0;0.0;0.0;0.0;0.0
2030-02-08 18:00:00;210.6045909044357;0.0;0.0;0.0;0.0;0.0;0.0;0.0
2030-02-08 19:00:00;210.5388520056514;0.0;0.0;0.0;0.0;0.0;0.0;0.0
2030-02-08 20:00:00;210.3774490413785;0.0;0.0;0.0;0.0;0.0;0.0;0.0
2030-02-08 21:00:00;210.0098926956431;0.0;0.0;0.0;0.0;0.0;0.0;0.0
2030-02-08 22:00:00;209.8805117364848;0.0;0.0;0.0;0.0;0.0;0.0;0.0
2030-02-08 23:00:00;209.5002001820176;0.0;0.0;0.0;0.0;0.0;0.0;0.0
2030-02-09 00:00:00;209.1279343238147;0.0;0.0;0.0;0.0;0.0;0.0;0.0
2030-02-09 01:00:00;208.8936076070994;0.0;0.0;0.0;0.0;0.0;0.0;0.0
2030-02-09 02:00:00;208.8604165978232;0.0;0.0;0.0;0.0;0.0;0.0;0.0
2030-02-09 03:00:00;208.7648496702162;0.0;0.0;0.0;0.0;0.0;0.0;0.0
2030-02-09 04:00:00;208.5546533431291;0.0;0.0;0.0;0.0;0.0;0.0;0.0
2030-02-09 05:00:00;208.4977372436618;0.0;0.0;0.0;0.0;0.0;0.0;0.0
2030-02-09 06:00:00;208.4697648833364;0.0;0.0;0.0;0.0;0.0;0.0;0.0
2030-02-09 07:00:00;208.8085081236329;0.0;0.0;0.0;0.0;0.0;0.0;0.0
2030-02-09 08:00:00;209.1818157018766;0.0;0.0;0.0;0.0;0.0;0.0;0.0
2030-02-09 09:00:00;209.4486400643682;0.0;0.0;0.0;0.0;0.0;0.0;0.0
2030-02-09 10:00:00;209.579612075036;0.0;0.0;0.0;0.0;0.0;0.0;0.0
2030-02-09 11:00:00;209.5369685450032;0.0;0.0;0.0;0.0;0.0;0.0;0.0
2030-02-09 12:00:00;209.5199526678085;0.0;0.0;0.0;0.0;0.0;0.0;0.0
2030-02-09 13:00:00;209.537738948892;0.0;0.0;0.0;0.0;0.0;0.0;0.0
2030-02-09 14:00:00;209.4703219094631;0.0;0.0;0.0;0.0;0.0;0.0;0.0
2030-02-09 15:00:00;209.3435435756158;0.0;0.0;0.0;0.0;0.0;0.0;0.0
2030-02-09 16:00:00;209.1702127493959;0.0;0.0;0.0;0.0;0.0;0.0;0.0
2030-02-09 17:00:00;209.4731724038514;0.0;0.0;0.0;0.0;0.0;0.0;0.0
2030-02-09 18:00:00;209.4772387965511;0.0;0.0;0.0;0.0;0.0;0.0;0.0
2030-02-09 19:00:00;209.5026085315655;0.0;0.0;0.0;0.0;0.0;0.0;0.0
2030-02-09 20:00:00;209.474609374583;0.0;0.0;0.0;0.0;0.0;0.0;0.0
2030-02-09 21:00:00;209.2955206166903;0.0;0.0;0.0;0.0;0.0;0.0;0.0
2030-02-09 22:00:00;209.1481088569532;0.0;0.0;0.0;0.0;0.0;0.0;0.0
2030-02-09 23:00:00;209.1822243508959;0.0;0.0;0.0;0.0;0.0;0.0;0.0
2030-02-10 00:00:00;209.2062944480458;0.0;0.0;0.0;0.0;0.0;0.0;0.0
2030-02-10 01:00:00;209.0017455164214;0.0;0.0;0.0;0.0;0.0;0.0;0.0
2030-02-10 02:00:00;208.9710298483355;0.0;0.0;0.0;0.0;0.0;0.0;0.0
2030-02-10 03:00:00;208.9070260330919;0.0;0.0;0.0;0.0;0.0;0.0;0.0
2030-02-10 04:00:00;208.8348525870455;0.0;0.0;0.0;0.0;0.0;0.0;0.0
2030-02-10 05:00:00;208.8155656931701;0.0;0.0;0.0;0.0;0.0;0.0;0.0
2030-02-10 06:00:00;208.826311152627;0.0;0.0;0.0;0.0;0.0;0.0;0.0
2030-02-10 07:00:00;209.0621183846415;0.0;0.0;0.0;0.0;0.0;0.0;0.0
2030-02-10 08:00:00;209.1297430981621;0.0;0.0;0.0;0.0;0.0;0.0;0.0
2030-02-10 09:00:00;209.1921558618964;0.0;0.0;0.0;0.0;0.0;0.0;0.0
2030-02-10 10:00:00;209.3725610055643;0.0;0.0;0.0;0.0;0.0;0.0;0.0
2030-02-10 11:00:00;209.432897028381;0.0;0.0;0.0;0.0;0.0;0.0;0.0
2030-02-10 12:00:00;209.3865187142789;0.0;0.0;0.0;0.0;0.0;0.0;0.0
2030-02-10 13:00:00;209.4027172934352;0.0;0.0;0.0;0.0;0.0;0.0;0.0
2030-02-10 14:00:00;209.3250002889721;0.0;0.0;0.0;0.0;0.0;0.0;0.0
2030-02-10 15:00:00;209.3373334503561;0.0;0.0;0.0;0.0;0.0;0.0;0.0
2030-02-10 16:00:00;209.1571929236761;0.0;0.0;0.0;0.0;0.0;0.0;0.0
2030-02-10 17:00:00;209.1957198172773;0.0;0.0;0.0;0.0;0.0;0.0;0.0
2030-02-10 18:00:00;209.2208550815429;0.0;0.0;0.0;0.0;0.0;0.0;0.0
2030-02-10 19:00:00;209.2865906307451;0.0;0.0;0.0;0.0;0.0;0.0;0.0
2030-02-10 20:00:00;209.2516946841674;0.0;0.0;0.0;0.0;0.0;0.0;0.0
2030-02-10 21:00:00;209.2199741414441;0.0;0.0;0.0;0.0;0.0;0.0;0.0
2030-02-10 22:00:00;209.0751650070181;0.0;0.0;0.0;0.0;0.0;0.0;0.0
2030-02-10 23:00:00;208.9205985398622;0.0;0.0;0.0;0.0;0.0;0.0;0.0
2030-02-11 00:00:00;208.7930364037977;0.0;0.0;0.0;0.0;0.0;0.0;0.0
2030-02-11 01:00:00;209.324759119059;0.0;0.0;0.0;0.0;0.0;0.0;0.0
2030-02-11 02:00:00;209.4258729546649;0.0;0.0;0.0;0.0;0.0;0.0;0.0
2030-02-11 03:00:00;209.4309844169876;0.0;0.0;0.0;0.0;0.0;0.0;0.0
2030-02-11 04:00:00;209.5671415807848;0.0;0.0;0.0;0.0;0.0;0.0;0.0
2030-02-11 05:00:00;209.7189613905982;0.0;0.0;0.0;0.0;0.0;0.0;0.0
2030-02-11 06:00:00;210.124676175901;0.0;0.0;0.0;0.0;0.0;0.0;0.0
2030-02-11 07:00:00;210.6282757996412;0.0;0.0;0.0;0.0;0.0;0.0;0.0
2030-02-11 08:00:00;211.0289193176067;0.0;0.0;0.0;0.0;0.0;0.0;0.0
2030-02-11 09:00:00;211.2089727551515;0.0;0.0;0.0;0.0;0.0;0.0;0.0
2030-02-11 10:00:00;211.2950067720309;0.0;0.0;0.0;0.0;0.0;0.0;0.0
2030-02-11 11:00:00;211.4083700294677;0.0;0.0;0.0;0.0;0.0;0.0;0.0
2030-02-11 12:00:00;211.4436411292435;0.0;0.0;0.0;0.0;0.0;0.0;0.0
2030-02-11 13:00:00;211.344577237898;0.0;0.0;0.0;0.0;0.0;0.0;0.0
2030-02-11 14:00:00;211.2421704635918;0.0;0.0;0.0;0.0;0.0;0.0;0.0
2030-02-11 15:00:00;211.2973849753396;0.0;0.0;0.0;0.0;0.0;0.0;0.0
2030-02-11 16:00:00;211.2884181439911;0.0;0.0;0.0;0.0;0.0;0.0;0.0
2030-02-11 17:00:00;211.3180853928718;0.0;0.0;0.0;0.0;0.0;0.0;0.0
2030-02-11 18:00:00;211.4566274591419;0.0;0.0;0.0;0.0;0.0;0.0;0.0
2030-02-11 19:00:00;211.6811231523205;0.0;0.0;0.0;0.0;0.0;0.0;0.0
2030-02-11 20:00:00;211.6542729020069;0.0;0.0;0.0;0.0;0.0;0.0;0.0
2030-02-11 21:00:00;211.4885322288821;0.0;0.0;0.0;0.0;0.0;0.0;0.0
2030-02-11 22:00:00;211.3956114711538;0.0;0.0;0.0;0.0;0.0;0.0;0.0
2030-02-11 23:00:00;211.2345099692722;0.0;0.0;0.0;0.0;0.0;0.0;0.0
2030-02-12 00:00:00;210.9392208578827;0.0;0.0;0.0;0.0;0.0;0.0;0.0
2030-02-12 01:00:00;211.2331801851685;0.0;0.0;0.0;0.0;0.0;0.0;0.0
2030-02-12 02:00:00;211.0969727776395;0.0;0.0;0.0;0.0;0.0;0.0;0.0
2030-02-12 03:00:00;211.119746586507;0.0;0.0;0.0;0.0;0.0;0.0;0.0
2030-02-12 04:00:00;211.1037489822782;0.0;0.0;0.0;0.0;0.0;0.0;0.0
2030-02-12 05:00:00;211.1682585844226;0.0;0.0;0.0;0.0;0.0;0.0;0.0
2030-02-12 06:00:00;211.3154023775897;0.0;0.0;0.0;0.0;0.0;0.0;0.0
2030-02-12 07:00:00;211.4421974593477;0.0;0.0;0.0;0.0;0.0;0.0;0.0
2030-02-12 08:00:00;211.511986002921;0.0;0.0;0.0;0.0;0.0;0.0;0.0
2030-02-12 09:00:00;211.7186150250451;0.0;0.0;0.0;0.0;0.0;0.0;0.0
2030-02-12 10:00:00;211.6706523585979;0.0;0.0;0.0;0.0;0.0;0.0;0.0
2030-02-12 11:00:00;211.6242104024354;0.0;0.0;0.0;0.0;0.0;0.0;0.0
2030-02-12 12:00:00;211.3886342915876;0.0;0.0;0.0;0.0;0.0;0.0;0.0
2030-02-12 13:00:00;211.247375714214;0.0;0.0;0.0;0.0;0.0;0.0;0.0
2030-02-12 14:00:00;211.1774129923701;0.0;0.0;0.0;0.0;0.0;0.0;0.0
2030-02-12 15:00:00;210.9590369857339;0.0;0.0;0.0;0.0;0.0;0.0;0.0
2030-02-12 16:00:00;211.3667313740725;0.0;0.0;0.0;0.0;0.0;0.0;0.0
2030-02-12 17:00:00;211.475150648293;0.0;0.0;0.0;0.0;0.0;0.0;0.0
2030-02-12 18:00:00;211.4581146736055;0.0;0.0;0.0;0.0;0.0;0.0;0.0
2030-02-12 19:00:00;211.5731225758656;0.0;0.0;0.0;0.0;0.0;0.0;0.0
2030-02-12 20:00:00;211.5050389695939;0.0;0.0;0.0;0.0;0.0;0.0;0.0
2030-02-12 21:00:00;211.283832566062;0.0;0.0;0.0;0.0;0.0;0.0;0.0
2030-02-12 22:00:00;211.2084569195042;0.0;0.0;0.0;0.0;0.0;0.0;0.0
2030-02-12 23:00:00;211.2240458747138;0.0;0.0;0.0;0.0;0.0;0.0;0.0
2030-02-13 00:00:00;210.9111446605113;0.0;0.0;0.0;0.0;0.0;0.0;0.0
2030-02-13 01:00:00;210.374246840867;0.0;0.0;0.0;0.0;0.0;0.0;0.0
2030-02-13 02:00:00;210.1181176941003;0.0;0.0;0.0;0.0;0.0;0.0;0.0
2030-02-13 03:00:00;209.8401157760578;0.0;0.0;0.0;0.0;0.0;0.0;0.0
2030-02-13 04:00:00;209.771362253361;0.0;0.0;0.0;0.0;0.0;0.0;0.0
2030-02-13 05:00:00;209.9335523694334;0.0;0.0;0.0;0.0;0.0;0.0;0.0
2030-02-13 06:00:00;210.219224830542;0.0;0.0;0.0;0.0;0.0;0.0;0.0
2030-02-13 07:00:00;210.8355043969657;0.0;0.0;0.0;0.0;0.0;0.0;0.0
2030-02-13 08:00:00;211.3084352467698;0.0;0.0;0.0;0.0;0.0;0.0;0.0
2030-02-13 09:00:00;211.4617322223004;0.0;0.0;0.0;0.0;0.0;0.0;0.0
2030-02-13 10:00:00;211.4509264703653;0.0;0.0;0.0;0.0;0.0;0.0;0.0
2030-02-13 11:00:00;211.3569137488642;0.0;0.0;0.0;0.0;0.0;0.0;0.0
2030-02-13 12:00:00;211.4085006631706;0.0;0.0;0.0;0.0;0.0;0.0;0.0
2030-02-13 13:00:00;211.5073300837673;0.0;0.0;0.0;0.0;0.0;0.0;0.0
2030-02-13 14:00:00;211.3748541107255;0.0;0.0;0.0;0.0;0.0;0.0;0.0
2030-02-13 15:00:00;211.2809720229273;0.0;0.0;0.0;0.0;0.0;0.0;0.0
2030-02-13 16:00:00;211.2893895228073;0.0;0.0;0.0;0.0;0.0;0.0;0.0
2030-02-13 17:00:00;211.3367425653078;0.0;0.0;0.0;0.0;0.0;0.0;0.0
2030-02-13 18:00:00;211.2966246201972;0.0;0.0;0.0;0.0;0.0;0.0;0.0
2030-02-13 19:00:00;211.4077972509244;0.0;0.0;0.0;0.0;0.0;0.0;0.0
2030-02-13 20:00:00;211.4004382189959;0.0;0.0;0.0;0.0;0.0;0.0;0.0
2030-02-13 21:00:00;211.3472602531801;0.0;0.0;0.0;0.0;0.0;0.0;0.0
2030-02-13 22:00:00;209.3346939796416;0.0;0.0;0.0;0.0;0.0;0.0;0.0
2030-02-13 23:00:00;198.966635290395;0.0;0.0;0.0;0.0;0.0;0.0;0.0
2030-02-14 00:00:00;194.6700224616727;0.0;0.0;0.0;0.0;0.0;0.0;0.0
2030-02-14 01:00:00;194.8254263243599;0.0;0.0;0.0;0.0;0.0;0.0;0.0
2030-02-14 02:00:00;194.8649212471952;0.0;0.0;0.0;0.0;0.0;0.0;0.0
2030-02-14 03:00:00;194.8459793602786;0.0;0.0;0.0;0.0;0.0;0.0;0.0
2030-02-14 04:00:00;194.8645594923257;0.0;0.0;0.0;0.0;0.0;0.0;0.0
2030-02-14 05:00:00;194.9068747633102;0.0;0.0;0.0;0.0;0.0;0.0;0.0
2030-02-14 06:00:00;195.2157732268733;0.0;0.0;0.0;0.0;0.0;0.0;0.0
2030-02-14 07:00:00;197.478988730822;0.0;0.0;0.0;0.0;0.0;0.0;0.0
2030-02-14 08:00:00;201.8269640518483;0.0;0.0;0.0;0.0;0.0;0.0;0.0
2030-02-14 09:00:00;195.711558275516;0.0;0.0;0.0;0.0;0.0;0.0;0.0
2030-02-14 10:00:00;195.6192571904809;0.0;0.0;0.0;0.0;0.0;0.0;0.0
2030-02-14 11:00:00;195.538116913086;0.0;0.0;0.0;0.0;0.0;0.0;0.0
2030-02-14 12:00:00;195.4876387104629;0.0;0.0;0.0;0.0;0.0;0.0;0.0
2030-02-14 13:00:00;195.3636304810329;0.0;0.0;0.0;0.0;0.0;0.0;0.0
2030-02-14 14:00:00;195.3092299177416;0.0;0.0;0.0;0.0;0.0;0.0;0.0
2030-02-14 15:00:00;195.3385186638421;0.0;0.0;0.0;0.0;0.0;0.0;0.0
2030-02-14 16:00:00;195.4294631681168;0.0;0.0;0.0;0.0;0.0;0.0;0.0
2030-02-14 17:00:00;195.4614717749028;0.0;0.0;0.0;0.0;0.0;0.0;0.0
2030-02-14 18:00:00;195.614008395291;0.0;0.0;0.0;0.0;0.0;0.0;0.0
2030-02-14 19:00:00;195.7179258311355;0.0;0.0;0.0;0.0;0.0;0.0;0.0
2030-02-14 20:00:00;195.4479361135358;0.0;0.0;0.0;0.0;0.0;0.0;0.0
2030-02-14 21:00:00;195.4176692894548;0.0;0.0;0.0;0.0;0.0;0.0;0.0
2030-02-14 22:00:00;195.4048805849017;0.0;0.0;0.0;0.0;0.0;0.0;0.0
2030-02-14 23:00:00;194.9718633556985;0.0;0.0;0.0;0.0;0.0;0.0;0.0
2030-02-15 00:00:00;194.6403485136277;0.0;0.0;0.0;0.0;0.0;0.0;0.0
2030-02-15 01:00:00;194.7692337346317;0.0;0.0;0.0;0.0;0.0;0.0;0.0
2030-02-15 02:00:00;194.8826137399792;0.0;0.0;0.0;0.0;0.0;0.0;0.0
2030-02-15 03:00:00;195.2098779623334;0.0;0.0;0.0;0.0;0.0;0.0;0.0
2030-02-15 04:00:00;195.2171967992765;0.0;0.0;0.0;0.0;0.0;0.0;0.0
2030-02-15 05:00:00;195.3146696391125;0.0;0.0;0.0;0.0;0.0;0.0;0.0
2030-02-15 06:00:00;195.5837650182848;0.0;0.0;0.0;0.0;0.0;0.0;0.0
2030-02-15 07:00:00;195.9777495669859;0.0;0.0;0.0;0.0;0.0;0.0;0.0
2030-02-15 08:00:00;196.0433075883355;0.0;0.0;0.0;0.0;0.0;0.0;0.0
2030-02-15 09:00:00;196.0121765720663;0.0;0.0;0.0;0.0;0.0;0.0;0.0
2030-02-15 10:00:00;195.968179810855;0.0;0.0;0.0;0.0;0.0;0.0;0.0
2030-02-15 11:00:00;195.8865236978129;0.0;0.0;0.0;0.0;0.0;0.0;0.0
2030-02-15 12:00:00;195.7973980166322;0.0;0.0;0.0;0.0;0.0;0.0;0.0
2030-02-15 13:00:00;195.6683386173577;0.0;0.0;0.0;0.0;0.0;0.0;0.0
2030-02-15 14:00:00;195.5985835696057;0.0;0.0;0.0;0.0;0.0;0.0;0.0
2030-02-15 15:00:00;195.6265592795132;0.0;0.0;0.0;0.0;0.0;0.0;0.0
2030-02-15 16:00:00;195.6239466054558;0.0;0.0;0.0;0.0;0.0;0.0;0.0
2030-02-15 17:00:00;195.7234559912238;0.0;0.0;0.0;0.0;0.0;0.0;0.0
2030-02-15 18:00:00;195.7754950991171;0.0;0.0;0.0;0.0;0.0;0.0;0.0
2030-02-15 19:00:00;195.8013170277184;0.0;0.0;0.0;0.0;0.0;0.0;0.0
2030-02-15 20:00:00;195.8202957600384;0.0;0.0;0.0;0.0;0.0;0.0;0.0
2030-02-15 21:00:00;195.5554041064329;0.0;0.0;0.0;0.0;0.0;0.0;0.0
2030-02-15 22:00:00;195.2133213327579;0.0;0.0;0.0;0.0;0.0;0.0;0.0
2030-02-15 23:00:00;194.7512062836352;0.0;0.0;0.0;0.0;0.0;0.0;0.0
2030-02-16 00:00:00;194.5415525888523;0.0;0.0;0.0;0.0;0.0;0.0;0.0
2030-02-16 01:00:00;194.4420398535021;0.0;0.0;0.0;0.0;0.0;0.0;0.0
2030-02-16 02:00:00;194.2169211380483;0.0;0.0;0.0;0.0;0.0;0.0;0.0
2030-02-16 03:00:00;194.1597035761898;0.0;0.0;0.0;0.0;0.0;0.0;0.0
2030-02-16 04:00:00;194.0990292455785;0.0;0.0;0.0;0.0;0.0;0.0;0.0
2030-02-16 05:00:00;194.0827268293763;0.0;0.0;0.0;0.0;0.0;0.0;0.0
2030-02-16 06:00:00;209.7239556175465;0.0;0.0;0.0;0.0;0.0;0.0;0.0
2030-02-16 07:00:00;210.2749886737582;0.0;0.0;0.0;0.0;0.0;0.0;0.0
2030-02-16 08:00:00;210.4249863108957;0.0;0.0;0.0;0.0;0.0;0.0;0.0
2030-02-16 09:00:00;210.5021539838905;0.0;0.0;0.0;0.0;0.0;0.0;0.0
2030-02-16 10:00:00;210.3557203021339;0.0;0.0;0.0;0.0;0.0;0.0;0.0
2030-02-16 11:00:00;194.4408708493405;0.0;0.0;0.0;0.0;0.0;0.0;0.0
2030-02-16 12:00:00;194.1754700592519;0.0;0.0;0.0;0.0;0.0;0.0;0.0
2030-02-16 13:00:00;194.1030989878603;0.0;0.0;0.0;0.0;0.0;0.0;0.0
2030-02-16 14:00:00;194.2060483944707;0.0;0.0;0.0;0.0;0.0;0.0;0.0
2030-02-16 15:00:00;194.2032983875461;0.0;0.0;0.0;0.0;0.0;0.0;0.0
2030-02-16 16:00:00;194.2563926138087;0.0;0.0;0.0;0.0;0.0;0.0;0.0
2030-02-16 17:00:00;194.2856880590735;0.0;0.0;0.0;0.0;0.0;0.0;0.0
2030-02-16 18:00:00;194.2586669800715;0.0;0.0;0.0;0.0;0.0;0.0;0.0
2030-02-16 19:00:00;194.2902568890919;0.0;0.0;0.0;0.0;0.0;0.0;0.0
2030-02-16 20:00:00;194.3390937964738;0.0;0.0;0.0;0.0;0.0;0.0;0.0
2030-02-16 21:00:00;194.2520716528675;0.0;0.0;0.0;0.0;0.0;0.0;0.0
2030-02-16 22:00:00;194.2679821679611;0.0;0.0;0.0;0.0;0.0;0.0;0.0
2030-02-16 23:00:00;194.2486919245034;0.0;0.0;0.0;0.0;0.0;0.0;0.0
2030-02-17 00:00:00;194.06400601488;0.0;0.0;0.0;0.0;0.0;0.0;0.0
2030-02-17 01:00:00;193.8890506413294;0.0;0.0;0.0;0.0;0.0;0.0;0.0
2030-02-17 02:00:00;193.6841600523282;0.0;0.0;0.0;0.0;0.0;0.0;0.0
2030-02-17 03:00:00;193.6359327688932;0.0;0.0;0.0;0.0;0.0;0.0;0.0
2030-02-17 04:00:00;193.6244504013688;0.0;0.0;0.0;0.0;0.0;0.0;0.0
2030-02-17 05:00:00;208.5168399105205;0.0;0.0;0.0;0.0;0.0;0.0;0.0
2030-02-17 06:00:00;208.5636402719703;0.0;0.0;0.0;0.0;0.0;0.0;0.0
2030-02-17 07:00:00;208.8315867444738;0.0;0.0;0.0;0.0;0.0;0.0;0.0
2030-02-17 08:00:00;208.8928137561358;0.0;0.0;0.0;0.0;0.0;0.0;0.0
2030-02-17 09:00:00;193.8197109417608;0.0;0.0;0.0;0.0;0.0;0.0;0.0
2030-02-17 10:00:00;193.7871931984917;0.0;0.0;0.0;0.0;0.0;0.0;0.0
2030-02-17 11:00:00;193.7088900171568;0.0;0.0;0.0;0.0;0.0;0.0;0.0
2030-02-17 12:00:00;208.6243581471493;0.0;0.0;0.0;0.0;0.0;0.0;0.0
2030-02-17 13:00:00;208.539935279272;0.0;0.0;0.0;0.0;0.0;0.0;0.0
2030-02-17 14:00:00;208.4324739855393;0.0;0.0;0.0;0.0;0.0;0.0;0.0
2030-02-17 15:00:00;193.5660738840951;0.0;0.0;0.0;0.0;0.0;0.0;0.0
2030-02-17 16:00:00;193.6034652693559;0.0;0.0;0.0;0.0;0.0;0.0;0.0
2030-02-17 17:00:00;208.7326367389205;0.0;0.0;0.0;0.0;0.0;0.0;0.0
2030-02-17 18:00:00;207.2394901654985;0.0;0.0;0.0;0.0;0.0;0.0;0.0
2030-02-17 19:00:00;201.5652712491722;0.0;0.0;0.0;0.0;0.0;0.0;0.0
2030-02-17 20:00:00;205.3719306517312;0.0;0.0;0.0;0.0;0.0;0.0;0.0
2030-02-17 21:00:00;193.7796666874571;0.0;0.0;0.0;0.0;0.0;0.0;0.0
2030-02-17 22:00:00;193.7981027874727;0.0;0.0;0.0;0.0;0.0;0.0;0.0
2030-02-17 23:00:00;193.7734096680476;0.0;0.0;0.0;0.0;0.0;0.0;0.0
2030-02-18 00:00:00;193.7641346751436;0.0;0.0;0.0;0.0;0.0;0.0;0.0
2030-02-18 01:00:00;193.8652585594959;0.0;0.0;0.0;0.0;0.0;0.0;0.0
2030-02-18 02:00:00;193.9078953903644;0.0;0.0;0.0;0.0;0.0;0.0;0.0
2030-02-18 03:00:00;193.916945961266;0.0;0.0;0.0;0.0;0.0;0.0;0.0
2030-02-18 04:00:00;193.9410026600875;0.0;0.0;0.0;0.0;0.0;0.0;0.0
2030-02-18 05:00:00;194.1218064040281;0.0;0.0;0.0;0.0;0.0;0.0;0.0
2030-02-18 06:00:00;194.457853230714;0.0;0.0;0.0;0.0;0.0;0.0;0.0
2030-02-18 07:00:00;194.857170314158;0.0;0.0;0.0;0.0;0.0;0.0;0.0
2030-02-18 08:00:00;195.0600478043022;0.0;0.0;0.0;0.0;0.0;0.0;0.0
2030-02-18 09:00:00;195.0375721082438;0.0;0.0;0.0;0.0;0.0;0.0;0.0
2030-02-18 10:00:00;194.929387304772;0.0;0.0;0.0;0.0;0.0;0.0;0.0
2030-02-18 11:00:00;194.8404123547868;0.0;0.0;0.0;0.0;0.0;0.0;0.0
2030-02-18 12:00:00;194.7415929829365;0.0;0.0;0.0;0.0;0.0;0.0;0.0
2030-02-18 13:00:00;194.7303249886683;0.0;0.0;0.0;0.0;0.0;0.0;0.0
2030-02-18 14:00:00;194.6337531864237;0.0;0.0;0.0;0.0;0.0;0.0;0.0
2030-02-18 15:00:00;194.6784098153136;0.0;0.0;0.0;0.0;0.0;0.0;0.0
2030-02-18 16:00:00;194.9446279034406;0.0;0.0;0.0;0.0;0.0;0.0;0.0
2030-02-18 17:00:00;195.060821557773;0.0;0.0;0.0;0.0;0.0;0.0;0.0
2030-02-18 18:00:00;195.1175902756267;0.0;0.0;0.0;0.0;0.0;0.0;0.0
2030-02-18 19:00:00;195.1360766193743;0.0;0.0;0.0;0.0;0.0;0.0;0.0
2030-02-18 20:00:00;195.1363512851086;0.0;0.0;0.0;0.0;0.0;0.0;0.0
2030-02-18 21:00:00;195.1440117794283;0.0;0.0;0.0;0.0;0.0;0.0;0.0
2030-02-18 22:00:00;194.9154630918786;0.0;0.0;0.0;0.0;0.0;0.0;0.0
2030-02-18 23:00:00;194.5476689258124;0.0;0.0;0.0;0.0;0.0;0.0;0.0
2030-02-19 00:00:00;194.2965239572478;0.0;0.0;0.0;0.0;0.0;0.0;0.0
2030-02-19 01:00:00;194.1753226776385;0.0;0.0;0.0;0.0;0.0;0.0;0.0
2030-02-19 02:00:00;194.0838422402239;0.0;0.0;0.0;0.0;0.0;0.0;0.0
2030-02-19 03:00:00;194.106525610374;0.0;0.0;0.0;0.0;0.0;0.0;0.0
2030-02-19 04:00:00;194.073847087163;0.0;0.0;0.0;0.0;0.0;0.0;0.0
2030-02-19 05:00:00;194.0879823237303;0.0;0.0;0.0;0.0;0.0;0.0;0.0
2030-02-19 06:00:00;194.1828357903447;0.0;0.0;0.0;0.0;0.0;0.0;0.0
2030-02-19 07:00:00;194.3386650499618;0.0;0.0;0.0;0.0;0.0;0.0;0.0
2030-02-19 08:00:00;194.4994449919595;0.0;0.0;0.0;0.0;0.0;0.0;0.0
2030-02-19 09:00:00;194.606202873446;0.0;0.0;0.0;0.0;0.0;0.0;0.0
2030-02-19 10:00:00;194.5114565934596;0.0;0.0;0.0;0.0;0.0;0.0;0.0
2030-02-19 11:00:00;194.4422408284295;0.0;0.0;0.0;0.0;0.0;0.0;0.0
2030-02-19 12:00:00;194.3284823203019;0.0;0.0;0.0;0.0;0.0;0.0;0.0
2030-02-19 13:00:00;194.261333247443;0.0;0.0;0.0;0.0;0.0;0.0;0.0
2030-02-19 14:00:00;194.2519912628965;0.0;0.0;0.0;0.0;0.0;0.0;0.0
2030-02-19 15:00:00;194.2416042087271;0.0;0.0;0.0;0.0;0.0;0.0;0.0
2030-02-19 16:00:00;194.286800120339;0.0;0.0;0.0;0.0;0.0;0.0;0.0
2030-02-19 17:00:00;194.4130626185392;0.0;0.0;0.0;0.0;0.0;0.0;0.0
2030-02-19 18:00:00;194.5907713485963;0.0;0.0;0.0;0.0;0.0;0.0;0.0
2030-02-19 19:00:00;194.5632779785147;0.0;0.0;0.0;0.0;0.0;0.0;0.0
2030-02-19 20:00:00;194.5415425401059;0.0;0.0;0.0;0.0;0.0;0.0;0.0
2030-02-19 21:00:00;194.4458918729458;0.0;0.0;0.0;0.0;0.0;0.0;0.0
2030-02-19 22:00:00;194.3412743744371;0.0;0.0;0.0;0.0;0.0;0.0;0.0
2030-02-19 23:00:00;194.0704740579632;0.0;0.0;0.0;0.0;0.0;0.0;0.0
2030-02-20 00:00:00;193.8730530371006;0.0;0.0;0.0;0.0;0.0;0.0;0.0
2030-02-20 01:00:00;193.9028308221915;0.0;0.0;0.0;0.0;0.0;0.0;0.0
2030-02-20 02:00:00;193.8588843047121;0.0;0.0;0.0;0.0;0.0;0.0;0.0
2030-02-20 03:00:00;193.8204344514998;0.0;0.0;0.0;0.0;0.0;0.0;0.0
2030-02-20 04:00:00;193.8937266579758;0.0;0.0;0.0;0.0;0.0;0.0;0.0
2030-02-20 05:00:00;193.9801425272176;0.0;0.0;0.0;0.0;0.0;0.0;0.0
2030-02-20 06:00:00;194.1969509294193;0.0;0.0;0.0;0.0;0.0;0.0;0.0
2030-02-20 07:00:00;194.5995740504206;0.0;0.0;0.0;0.0;0.0;0.0;0.0
2030-02-20 08:00:00;194.9111789763408;0.0;0.0;0.0;0.0;0.0;0.0;0.0
2030-02-20 09:00:00;194.9033777995717;0.0;0.0;0.0;0.0;0.0;0.0;0.0
2030-02-20 10:00:00;194.8349793325802;0.0;0.0;0.0;0.0;0.0;0.0;0.0
2030-02-20 11:00:00;194.718551207499;0.0;0.0;0.0;0.0;0.0;0.0;0.0
2030-02-20 12:00:00;194.5845880199936;0.0;0.0;0.0;0.0;0.0;0.0;0.0
2030-02-20 13:00:00;194.7400789718161;0.0;0.0;0.0;0.0;0.0;0.0;0.0
2030-02-20 14:00:00;194.7305058661029;0.0;0.0;0.0;0.0;0.0;0.0;0.0
2030-02-20 15:00:00;194.8392031556398;0.0;0.0;0.0;0.0;0.0;0.0;0.0
2030-02-20 16:00:00;194.8726018390077;0.0;0.0;0.0;0.0;0.0;0.0;0.0
2030-02-20 17:00:00;194.9941447759937;0.0;0.0;0.0;0.0;0.0;0.0;0.0
2030-02-20 18:00:00;195.1318193004935;0.0;0.0;0.0;0.0;0.0;0.0;0.0
2030-02-20 19:00:00;195.1779162496971;0.0;0.0;0.0;0.0;0.0;0.0;0.0
2030-02-20 20:00:00;194.8382418255699;0.0;0.0;0.0;0.0;0.0;0.0;0.0
2030-02-20 21:00:00;194.7937794724434;0.0;0.0;0.0;0.0;0.0;0.0;0.0
2030-02-20 22:00:00;194.7239473843024;0.0;0.0;0.0;0.0;0.0;0.0;0.0
2030-02-20 23:00:00;194.4203345613324;0.0;0.0;0.0;0.0;0.0;0.0;0.0
2030-02-21 00:00:00;194.2867867220105;0.0;0.0;0.0;0.0;0.0;0.0;0.0
2030-02-21 01:00:00;194.2320947450743;0.0;0.0;0.0;0.0;0.0;0.0;0.0
2030-02-21 02:00:00;194.0101983276247;0.0;0.0;0.0;0.0;0.0;0.0;0.0
2030-02-21 03:00:00;194.0728891066753;0.0;0.0;0.0;0.0;0.0;0.0;0.0
2030-02-21 04:00:00;194.0782986818071;0.0;0.0;0.0;0.0;0.0;0.0;0.0
2030-02-21 05:00:00;194.1457525666394;0.0;0.0;0.0;0.0;0.0;0.0;0.0
2030-02-21 06:00:00;194.137539391269;0.0;0.0;0.0;0.0;0.0;0.0;0.0
2030-02-21 07:00:00;194.4565870886707;0.0;0.0;0.0;0.0;0.0;0.0;0.0
2030-02-21 08:00:00;194.8259823549927;0.0;0.0;0.0;0.0;0.0;0.0;0.0
2030-02-21 09:00:00;194.8876682594057;0.0;0.0;0.0;0.0;0.0;0.0;0.0
2030-02-21 10:00:00;194.9781404726007;0.0;0.0;0.0;0.0;0.0;0.0;0.0
2030-02-21 11:00:00;195.0893733958061;0.0;0.0;0.0;0.0;0.0;0.0;0.0
2030-02-21 12:00:00;195.0650118850114;0.0;0.0;0.0;0.0;0.0;0.0;0.0
2030-02-21 13:00:00;194.9219277853798;0.0;0.0;0.0;0.0;0.0;0.0;0.0
2030-02-21 14:00:00;194.9888758833112;0.0;0.0;0.0;0.0;0.0;0.0;0.0
2030-02-21 15:00:00;195.0618699769781;0.0;0.0;0.0;0.0;0.0;0.0;0.0
2030-02-21 16:00:00;194.7806792567526;0.0;0.0;0.0;0.0;0.0;0.0;0.0
2030-02-21 17:00:00;194.7495281429906;0.0;0.0;0.0;0.0;0.0;0.0;0.0
2030-02-21 18:00:00;195.0194173731264;0.0;0.0;0.0;0.0;0.0;0.0;0.0
2030-02-21 19:00:00;194.9801703193684;0.0;0.0;0.0;0.0;0.0;0.0;0.0
2030-02-21 20:00:00;194.9468486763894;0.0;0.0;0.0;0.0;0.0;0.0;0.0
2030-02-21 21:00:00;194.9550852988347;0.0;0.0;0.0;0.0;0.0;0.0;0.0
2030-02-21 22:00:00;194.8720659058677;0.0;0.0;0.0;0.0;0.0;0.0;0.0
2030-02-21 23:00:00;194.6046687648327;0.0;0.0;0.0;0.0;0.0;0.0;0.0
2030-02-22 00:00:00;194.2475899119843;0.0;0.0;0.0;0.0;0.0;0.0;0.0
2030-02-22 01:00:00;194.3288976684855;0.0;0.0;0.0;0.0;0.0;0.0;0.0
2030-02-22 02:00:00;194.3186412480188;0.0;0.0;0.0;0.0;0.0;0.0;0.0
2030-02-22 03:00:00;194.3232067284551;0.0;0.0;0.0;0.0;0.0;0.0;0.0
2030-02-22 04:00:00;194.3969511285181;0.0;0.0;0.0;0.0;0.0;0.0;0.0
2030-02-22 05:00:00;194.6606067863194;0.0;0.0;0.0;0.0;0.0;0.0;0.0
2030-02-22 06:00:00;195.0811501716894;0.0;0.0;0.0;0.0;0.0;0.0;0.0
2030-02-22 07:00:00;195.6241341820548;0.0;0.0;0.0;0.0;0.0;0.0;0.0
2030-02-22 08:00:00;195.8612879460835;0.0;0.0;0.0;0.0;0.0;0.0;0.0
2030-02-22 09:00:00;195.905237813145;0.0;0.0;0.0;0.0;0.0;0.0;0.0
2030-02-22 10:00:00;195.8930520333744;0.0;0.0;0.0;0.0;0.0;0.0;0.0
2030-02-22 11:00:00;196.0193279299029;0.0;0.0;0.0;0.0;0.0;0.0;0.0
2030-02-22 12:00:00;196.0258227696432;0.0;0.0;0.0;0.0;0.0;0.0;0.0
2030-02-22 13:00:00;195.9088218660187;0.0;0.0;0.0;0.0;0.0;0.0;0.0
2030-02-22 14:00:00;195.8649222426891;0.0;0.0;0.0;0.0;0.0;0.0;0.0
2030-02-22 15:00:00;195.9264808629815;0.0;0.0;0.0;0.0;0.0;0.0;0.0
2030-02-22 16:00:00;195.9178255427705;0.0;0.0;0.0;0.0;0.0;0.0;0.0
2030-02-22 17:00:00;195.8774697773291;0.0;0.0;0.0;0.0;0.0;0.0;0.0
2030-02-22 18:00:00;195.9061053549154;0.0;0.0;0.0;0.0;0.0;0.0;0.0
2030-02-22 19:00:00;195.8821859889611;0.0;0.0;0.0;0.0;0.0;0.0;0.0
2030-02-22 20:00:00;195.5156680136846;0.0;0.0;0.0;0.0;0.0;0.0;0.0
2030-02-22 21:00:00;195.1816744808413;0.0;0.0;0.0;0.0;0.0;0.0;0.0
2030-02-22 22:00:00;194.8506687752535;0.0;0.0;0.0;0.0;0.0;0.0;0.0
2030-02-22 23:00:00;194.4802183905623;0.0;0.0;0.0;0.0;0.0;0.0;0.0
2030-02-23 00:00:00;194.0997460561532;0.0;0.0;0.0;0.0;0.0;0.0;0.0
2030-02-23 01:00:00;193.9746023183829;0.0;0.0;0.0;0.0;0.0;0.0;0.0
2030-02-23 02:00:00;193.7696011931715;0.0;0.0;0.0;0.0;0.0;0.0;0.0
2030-02-23 03:00:00;193.721280121437;0.0;0.0;0.0;0.0;0.0;0.0;0.0
2030-02-23 04:00:00;193.723802356777;0.0;0.0;0.0;0.0;0.0;0.0;0.0
2030-02-23 05:00:00;193.7474906015647;0.0;0.0;0.0;0.0;0.0;0.0;0.0
2030-02-23 06:00:00;193.7688743338503;0.0;0.0;0.0;0.0;0.0;0.0;0.0
2030-02-23 07:00:00;193.8954416440238;0.0;0.0;0.0;0.0;0.0;0.0;0.0
2030-02-23 08:00:00;193.9108229251416;0.0;0.0;0.0;0.0;0.0;0.0;0.0
2030-02-23 09:00:00;193.8384585529141;0.0;0.0;0.0;0.0;0.0;0.0;0.0
2030-02-23 10:00:00;193.8317861853212;0.0;0.0;0.0;0.0;0.0;0.0;0.0
2030-02-23 11:00:00;193.8058101759422;0.0;0.0;0.0;0.0;0.0;0.0;0.0
2030-02-23 12:00:00;193.7816194938359;0.0;0.0;0.0;0.0;0.0;0.0;0.0
2030-02-23 13:00:00;193.7509607686462;0.0;0.0;0.0;0.0;0.0;0.0;0.0
2030-02-23 14:00:00;193.7846810118981;0.0;0.0;0.0;0.0;0.0;0.0;0.0
2030-02-23 15:00:00;193.7683350511283;0.0;0.0;0.0;0.0;0.0;0.0;0.0
2030-02-23 16:00:00;193.8022261230685;0.0;0.0;0.0;0.0;0.0;0.0;0.0
2030-02-23 17:00:00;193.9085083638933;0.0;0.0;0.0;0.0;0.0;0.0;0.0
2030-02-23 18:00:00;193.9446336071109;0.0;0.0;0.0;0.0;0.0;0.0;0.0
2030-02-23 19:00:00;193.9703583978306;0.0;0.0;0.0;0.0;0.0;0.0;0.0
2030-02-23 20:00:00;193.9421549163385;0.0;0.0;0.0;0.0;0.0;0.0;0.0
2030-02-23 21:00:00;193.9098481967433;0.0;0.0;0.0;0.0;0.0;0.0;0.0
2030-02-23 22:00:00;193.8891879741966;0.0;0.0;0.0;0.0;0.0;0.0;0.0
2030-02-23 23:00:00;193.8923265326476;0.0;0.0;0.0;0.0;0.0;0.0;0.0
2030-02-24 00:00:00;193.8832960592387;0.0;0.0;0.0;0.0;0.0;0.0;0.0
2030-02-24 01:00:00;193.7816831358962;0.0;0.0;0.0;0.0;0.0;0.0;0.0
2030-02-24 02:00:00;193.7321763120894;0.0;0.0;0.0;0.0;0.0;0.0;0.0
2030-02-24 03:00:00;193.5480866280841;0.0;0.0;0.0;0.0;0.0;0.0;0.0
2030-02-24 04:00:00;193.5329699639543;0.0;0.0;0.0;0.0;0.0;0.0;0.0
2030-02-24 05:00:00;193.5684453882396;0.0;0.0;0.0;0.0;0.0;0.0;0.0
2030-02-24 06:00:00;193.5746856597385;0.0;0.0;0.0;0.0;0.0;0.0;0.0
2030-02-24 07:00:00;193.6704468631086;0.0;0.0;0.0;0.0;0.0;0.0;0.0
2030-02-24 08:00:00;193.6735586249027;0.0;0.0;0.0;0.0;0.0;0.0;0.0
2030-02-24 09:00:00;193.6908525174139;0.0;0.0;0.0;0.0;0.0;0.0;0.0
2030-02-24 10:00:00;193.6539903661287;0.0;0.0;0.0;0.0;0.0;0.0;0.0
2030-02-24 11:00:00;193.6017402345616;0.0;0.0;0.0;0.0;0.0;0.0;0.0
2030-02-24 12:00:00;193.5565108271284;0.0;0.0;0.0;0.0;0.0;0.0;0.0
2030-02-24 13:00:00;193.5548326864838;0.0;0.0;0.0;0.0;0.0;0.0;0.0
2030-02-24 14:00:00;193.5432967256455;0.0;0.0;0.0;0.0;0.0;0.0;0.0
2030-02-24 15:00:00;193.5893367319529;0.0;0.0;0.0;0.0;0.0;0.0;0.0
2030-02-24 16:00:00;193.7389123217427;0.0;0.0;0.0;0.0;0.0;0.0;0.0
2030-02-24 17:00:00;194.003157505998;0.0;0.0;0.0;0.0;0.0;0.0;0.0
2030-02-24 18:00:00;194.1465899621707;0.0;0.0;0.0;0.0;0.0;0.0;0.0
2030-02-24 19:00:00;194.2452787003181;0.0;0.0;0.0;0.0;0.0;0.0;0.0
2030-02-24 20:00:00;194.2342183801415;0.0;0.0;0.0;0.0;0.0;0.0;0.0
2030-02-24 21:00:00;194.2476401557162;0.0;0.0;0.0;0.0;0.0;0.0;0.0
2030-02-24 22:00:00;194.1532020372853;0.0;0.0;0.0;0.0;0.0;0.0;0.0
2030-02-24 23:00:00;194.1304315779998;0.0;0.0;0.0;0.0;0.0;0.0;0.0
2030-02-25 00:00:00;194.1420646767198;0.0;0.0;0.0;0.0;0.0;0.0;0.0
2030-02-25 01:00:00;194.1171605336208;0.0;0.0;0.0;0.0;0.0;0.0;0.0
2030-02-25 02:00:00;194.0965907497915;0.0;0.0;0.0;0.0;0.0;0.0;0.0
2030-02-25 03:00:00;194.1059025880988;0.0;0.0;0.0;0.0;0.0;0.0;0.0
2030-02-25 04:00:00;194.1627416471771;0.0;0.0;0.0;0.0;0.0;0.0;0.0
2030-02-25 05:00:00;194.2754182402784;0.0;0.0;0.0;0.0;0.0;0.0;0.0
2030-02-25 06:00:00;194.6374142796863;0.0;0.0;0.0;0.0;0.0;0.0;0.0
2030-02-25 07:00:00;195.2593043961692;0.0;0.0;0.0;0.0;0.0;0.0;0.0
2030-02-25 08:00:00;195.5109049079029;0.0;0.0;0.0;0.0;0.0;0.0;0.0
2030-02-25 09:00:00;195.5278336959624;0.0;0.0;0.0;0.0;0.0;0.0;0.0
2030-02-25 10:00:00;195.4993287520791;0.0;0.0;0.0;0.0;0.0;0.0;0.0
2030-02-25 11:00:00;195.6899300237351;0.0;0.0;0.0;0.0;0.0;0.0;0.0
2030-02-25 12:00:00;195.681696750872;0.0;0.0;0.0;0.0;0.0;0.0;0.0
2030-02-25 13:00:00;195.3938604597107;0.0;0.0;0.0;0.0;0.0;0.0;0.0
2030-02-25 14:00:00;195.2869752941035;0.0;0.0;0.0;0.0;0.0;0.0;0.0
2030-02-25 15:00:00;195.3260146737697;0.0;0.0;0.0;0.0;0.0;0.0;0.0
2030-02-25 16:00:00;195.4453301386427;0.0;0.0;0.0;0.0;0.0;0.0;0.0
2030-02-25 17:00:00;195.5549016691141;0.0;0.0;0.0;0.0;0.0;0.0;0.0
2030-02-25 18:00:00;195.6080059441231;0.0;0.0;0.0;0.0;0.0;0.0;0.0
2030-02-25 19:00:00;195.6446403238237;0.0;0.0;0.0;0.0;0.0;0.0;0.0
2030-02-25 20:00:00;195.6709144460118;0.0;0.0;0.0;0.0;0.0;0.0;0.0
2030-02-25 21:00:00;211.4569791652651;0.0;0.0;0.0;0.0;0.0;0.0;0.0
2030-02-25 22:00:00;211.2691714451012;0.0;0.0;0.0;0.0;0.0;0.0;0.0
2030-02-25 23:00:00;211.0247088928757;0.0;0.0;0.0;0.0;0.0;0.0;0.0
2030-02-26 00:00:00;210.5359077229635;0.0;0.0;0.0;0.0;0.0;0.0;0.0
2030-02-26 01:00:00;210.52267687357;0.0;0.0;0.0;0.0;0.0;0.0;0.0
2030-02-26 02:00:00;210.533398885952;0.0;0.0;0.0;0.0;0.0;0.0;0.0
2030-02-26 03:00:00;210.7146514738974;0.0;0.0;0.0;0.0;0.0;0.0;0.0
2030-02-26 04:00:00;210.7163061674671;0.0;0.0;0.0;0.0;0.0;0.0;0.0
2030-02-26 05:00:00;210.7219803595867;0.0;0.0;0.0;0.0;0.0;0.0;0.0
2030-02-26 06:00:00;211.0455767895141;0.0;0.0;0.0;0.0;0.0;0.0;0.0
2030-02-26 07:00:00;211.4951275560862;0.0;0.0;0.0;0.0;0.0;0.0;0.0
2030-02-26 08:00:00;211.6047861756928;0.0;0.0;0.0;0.0;0.0;0.0;0.0
2030-02-26 09:00:00;211.5869663987881;0.0;0.0;0.0;0.0;0.0;0.0;0.0
2030-02-26 10:00:00;211.4314319023981;0.0;0.0;0.0;0.0;0.0;0.0;0.0
2030-02-26 11:00:00;211.2056499696835;0.0;0.0;0.0;0.0;0.0;0.0;0.0
2030-02-26 12:00:00;210.906230823534;0.0;0.0;0.0;0.0;0.0;0.0;0.0
2030-02-26 13:00:00;210.9084214502437;0.0;0.0;0.0;0.0;0.0;0.0;0.0
2030-02-26 14:00:00;211.0170517481381;0.0;0.0;0.0;0.0;0.0;0.0;0.0
2030-02-26 15:00:00;210.9337844860939;0.0;0.0;0.0;0.0;0.0;0.0;0.0
2030-02-26 16:00:00;211.1917693013577;0.0;0.0;0.0;0.0;0.0;0.0;0.0
2030-02-26 17:00:00;211.2146134514499;0.0;0.0;0.0;0.0;0.0;0.0;0.0
2030-02-26 18:00:00;211.2950034224487;0.0;0.0;0.0;0.0;0.0;0.0;0.0
2030-02-26 19:00:00;211.3955478290935;0.0;0.0;0.0;0.0;0.0;0.0;0.0
2030-02-26 20:00:00;211.421728162982;0.0;0.0;0.0;0.0;0.0;0.0;0.0
2030-02-26 21:00:00;211.4762359129015;0.0;0.0;0.0;0.0;0.0;0.0;0.0
2030-02-26 22:00:00;211.3648489089182;0.0;0.0;0.0;0.0;0.0;0.0;0.0
2030-02-26 23:00:00;211.2794982067923;0.0;0.0;0.0;0.0;0.0;0.0;0.0
2030-02-27 00:00:00;211.2097967523542;0.0;0.0;0.0;0.0;0.0;0.0;0.0
2030-02-27 01:00:00;211.0992940380521;0.0;0.0;0.0;0.0;0.0;0.0;0.0
2030-02-27 02:00:00;211.1364007088322;0.0;0.0;0.0;0.0;0.0;0.0;0.0
2030-02-27 03:00:00;211.0301218175897;0.0;0.0;0.0;0.0;0.0;0.0;0.0
2030-02-27 04:00:00;211.0626362112766;0.0;0.0;0.0;0.0;0.0;0.0;0.0
2030-02-27 05:00:00;211.1069545323718;0.0;0.0;0.0;0.0;0.0;0.0;0.0
2030-02-27 06:00:00;211.2612999271074;0.0;0.0;0.0;0.0;0.0;0.0;0.0
2030-02-27 07:00:00;211.4486219578633;0.0;0.0;0.0;0.0;0.0;0.0;0.0
2030-02-27 08:00:00;211.5054677161058;0.0;0.0;0.0;0.0;0.0;0.0;0.0
2030-02-27 09:00:00;211.4571399452071;0.0;0.0;0.0;0.0;0.0;0.0;0.0
2030-02-27 10:00:00;211.3420349050652;0.0;0.0;0.0;0.0;0.0;0.0;0.0
2030-02-27 11:00:00;211.2913825241717;0.0;0.0;0.0;0.0;0.0;0.0;0.0
2030-02-27 12:00:00;211.1889288557157;0.0;0.0;0.0;0.0;0.0;0.0;0.0
2030-02-27 13:00:00;211.1022751661433;0.0;0.0;0.0;0.0;0.0;0.0;0.0
2030-02-27 14:00:00;210.9945392066763;0.0;0.0;0.0;0.0;0.0;0.0;0.0
2030-02-27 15:00:00;211.0194667968501;0.0;0.0;0.0;0.0;0.0;0.0;0.0
2030-02-27 16:00:00;211.1559589188599;0.0;0.0;0.0;0.0;0.0;0.0;0.0
2030-02-27 17:00:00;211.2145498093895;0.0;0.0;0.0;0.0;0.0;0.0;0.0
2030-02-27 18:00:00;211.2572569814827;0.0;0.0;0.0;0.0;0.0;0.0;0.0
2030-02-27 19:00:00;211.2699251010793;0.0;0.0;0.0;0.0;0.0;0.0;0.0
2030-02-27 20:00:00;211.2908264935389;0.0;0.0;0.0;0.0;0.0;0.0;0.0
2030-02-27 21:00:00;210.8944871886039;0.0;0.0;0.0;0.0;0.0;0.0;0.0
2030-02-27 22:00:00;210.728501995984;0.0;0.0;0.0;0.0;0.0;0.0;0.0
2030-02-27 23:00:00;210.0701047839213;0.0;0.0;0.0;0.0;0.0;0.0;0.0
2030-02-28 00:00:00;209.8171577401733;0.0;0.0;0.0;0.0;0.0;0.0;0.0
2030-02-28 01:00:00;209.7836250735205;0.0;0.0;0.0;0.0;0.0;0.0;0.0
2030-02-28 02:00:00;209.5258345340199;0.0;0.0;0.0;0.0;0.0;0.0;0.0
2030-02-28 03:00:00;194.0469465931175;0.0;0.0;0.0;0.0;0.0;0.0;0.0
2030-02-28 04:00:00;194.0474021362866;0.0;0.0;0.0;0.0;0.0;0.0;0.0
2030-02-28 05:00:00;209.5241262471362;0.0;0.0;0.0;0.0;0.0;0.0;0.0
2030-02-28 06:00:00;209.6851071640614;0.0;0.0;0.0;0.0;0.0;0.0;0.0
2030-02-28 07:00:00;210.160516704638;0.0;0.0;0.0;0.0;0.0;0.0;0.0
2030-02-28 08:00:00;210.185528034365;0.0;0.0;0.0;0.0;0.0;0.0;0.0
2030-02-28 09:00:00;210.1747189328478;0.0;0.0;0.0;0.0;0.0;0.0;0.0
2030-02-28 10:00:00;210.2079601858558;0.0;0.0;0.0;0.0;0.0;0.0;0.0
2030-02-28 11:00:00;210.1098006816841;0.0;0.0;0.0;0.0;0.0;0.0;0.0
2030-02-28 12:00:00;210.0035887820839;0.0;0.0;0.0;0.0;0.0;0.0;0.0
2030-02-28 13:00:00;209.8331553444021;0.0;0.0;0.0;0.0;0.0;0.0;0.0
2030-02-28 14:00:00;209.7633835487394;0.0;0.0;0.0;0.0;0.0;0.0;0.0
2030-02-28 15:00:00;209.8790881640816;0.0;0.0;0.0;0.0;0.0;0.0;0.0
2030-02-28 16:00:00;210.0710192198414;0.0;0.0;0.0;0.0;0.0;0.0;0.0
2030-02-28 17:00:00;210.0503556477125;0.0;0.0;0.0;0.0;0.0;0.0;0.0
2030-02-28 18:00:00;210.1313418443296;0.0;0.0;0.0;0.0;0.0;0.0;0.0
2030-02-28 19:00:00;210.0444067898587;0.0;0.0;0.0;0.0;0.0;0.0;0.0
2030-02-28 20:00:00;209.7411054780263;0.0;0.0;0.0;0.0;0.0;0.0;0.0
2030-02-28 21:00:00;209.7211285702331;0.0;0.0;0.0;0.0;0.0;0.0;0.0
2030-02-28 22:00:00;209.6938964675573;0.0;0.0;0.0;0.0;0.0;0.0;0.0
2030-02-28 23:00:00;209.5417283012028;0.0;0.0;0.0;0.0;0.0;0.0;0.0
2030-03-01 00:00:00;209.5292176119661;0.0;0.0;0.0;0.0;0.0;0.0;0.0
2030-03-01 01:00:00;209.6470492119577;0.0;0.0;0.0;0.0;0.0;0.0;0.0
2030-03-01 02:00:00;209.7951811318516;0.0;0.0;0.0;0.0;0.0;0.0;0.0
2030-03-01 03:00:00;209.8708883870398;0.0;0.0;0.0;0.0;0.0;0.0;0.0
2030-03-01 04:00:00;209.897058672182;0.0;0.0;0.0;0.0;0.0;0.0;0.0
2030-03-01 05:00:00;210.1002309255531;0.0;0.0;0.0;0.0;0.0;0.0;0.0
2030-03-01 06:00:00;210.6035190381557;0.0;0.0;0.0;0.0;0.0;0.0;0.0
2030-03-01 07:00:00;211.0106808429364;0.0;0.0;0.0;0.0;0.0;0.0;0.0
2030-03-01 08:00:00;211.0438249580628;0.0;0.0;0.0;0.0;0.0;0.0;0.0
2030-03-01 09:00:00;211.2095187370379;0.0;0.0;0.0;0.0;0.0;0.0;0.0
2030-03-01 10:00:00;211.2570895023764;0.0;0.0;0.0;0.0;0.0;0.0;0.0
2030-03-01 11:00:00;211.3380556015008;0.0;0.0;0.0;0.0;0.0;0.0;0.0
2030-03-01 12:00:00;211.5681618447386;0.0;0.0;0.0;0.0;0.0;0.0;0.0
2030-03-01 13:00:00;211.5022253206089;0.0;0.0;0.0;0.0;0.0;0.0;0.0
2030-03-01 14:00:00;211.2636111387737;0.0;0.0;0.0;0.0;0.0;0.0;0.0
2030-03-01 15:00:00;211.4323563870645;0.0;0.0;0.0;0.0;0.0;0.0;0.0
2030-03-01 16:00:00;211.4882542135657;0.0;0.0;0.0;0.0;0.0;0.0;0.0
2030-03-01 17:00:00;211.49228041128;0.0;0.0;0.0;0.0;0.0;0.0;0.0
2030-03-01 18:00:00;211.5062012745913;0.0;0.0;0.0;0.0;0.0;0.0;0.0
2030-03-01 19:00:00;211.3854856843901;0.0;0.0;0.0;0.0;0.0;0.0;0.0
2030-03-01 20:00:00;211.4354279538731;0.0;0.0;0.0;0.0;0.0;0.0;0.0
2030-03-01 21:00:00;211.3093563818542;0.0;0.0;0.0;0.0;0.0;0.0;0.0
2030-03-01 22:00:00;211.1938728389322;0.0;0.0;0.0;0.0;0.0;0.0;0.0
2030-03-01 23:00:00;211.128110493073;0.0;0.0;0.0;0.0;0.0;0.0;0.0
2030-03-02 00:00:00;211.0181001673432;0.0;0.0;0.0;0.0;0.0;0.0;0.0
2030-03-02 01:00:00;210.3644191669123;0.0;0.0;0.0;0.0;0.0;0.0;0.0
2030-03-02 02:00:00;209.941772243968;0.0;0.0;0.0;0.0;0.0;0.0;0.0
2030-03-02 03:00:00;209.8447415489724;0.0;0.0;0.0;0.0;0.0;0.0;0.0
2030-03-02 04:00:00;209.8694011725763;0.0;0.0;0.0;0.0;0.0;0.0;0.0
2030-03-02 05:00:00;209.8848829411578;0.0;0.0;0.0;0.0;0.0;0.0;0.0
2030-03-02 06:00:00;209.8584245919529;0.0;0.0;0.0;0.0;0.0;0.0;0.0
2030-03-02 07:00:00;209.8063553378204;0.0;0.0;0.0;0.0;0.0;0.0;0.0
2030-03-02 08:00:00;209.8906274745021;0.0;0.0;0.0;0.0;0.0;0.0;0.0
2030-03-02 09:00:00;209.9316163109651;0.0;0.0;0.0;0.0;0.0;0.0;0.0
2030-03-02 10:00:00;209.9293586926129;0.0;0.0;0.0;0.0;0.0;0.0;0.0
2030-03-02 11:00:00;209.850817690947;0.0;0.0;0.0;0.0;0.0;0.0;0.0
2030-03-02 12:00:00;209.7814344468108;0.0;0.0;0.0;0.0;0.0;0.0;0.0
2030-03-02 13:00:00;209.6808799914197;0.0;0.0;0.0;0.0;0.0;0.0;0.0
2030-03-02 14:00:00;209.6403399989614;0.0;0.0;0.0;0.0;0.0;0.0;0.0
2030-03-02 15:00:00;209.5329858918567;0.0;0.0;0.0;0.0;0.0;0.0;0.0
2030-03-02 16:00:00;209.6573826728132;0.0;0.0;0.0;0.0;0.0;0.0;0.0
2030-03-02 17:00:00;209.7073316414605;0.0;0.0;0.0;0.0;0.0;0.0;0.0
2030-03-02 18:00:00;209.7206830758105;0.0;0.0;0.0;0.0;0.0;0.0;0.0
2030-03-02 19:00:00;209.7832532699045;0.0;0.0;0.0;0.0;0.0;0.0;0.0
2030-03-02 20:00:00;209.8270691536811;0.0;0.0;0.0;0.0;0.0;0.0;0.0
2030-03-02 21:00:00;209.6873446849209;0.0;0.0;0.0;0.0;0.0;0.0;0.0
2030-03-02 22:00:00;209.586153808926;0.0;0.0;0.0;0.0;0.0;0.0;0.0
2030-03-02 23:00:00;209.1684910641836;0.0;0.0;0.0;0.0;0.0;0.0;0.0
2030-03-03 00:00:00;209.0928340527273;0.0;0.0;0.0;0.0;0.0;0.0;0.0
2030-03-03 01:00:00;208.9853694094124;0.0;0.0;0.0;0.0;0.0;0.0;0.0
2030-03-03 02:00:00;208.9144554062451;0.0;0.0;0.0;0.0;0.0;0.0;0.0
2030-03-03 03:00:00;208.7755750321803;0.0;0.0;0.0;0.0;0.0;0.0;0.0
2030-03-03 04:00:00;208.6627845532868;0.0;0.0;0.0;0.0;0.0;0.0;0.0
2030-03-03 05:00:00;208.6969569901255;0.0;0.0;0.0;0.0;0.0;0.0;0.0
2030-03-03 06:00:00;208.6774121784265;0.0;0.0;0.0;0.0;0.0;0.0;0.0
2030-03-03 07:00:00;208.792132016624;0.0;0.0;0.0;0.0;0.0;0.0;0.0
2030-03-03 08:00:00;208.8306488614788;0.0;0.0;0.0;0.0;0.0;0.0;0.0
2030-03-03 09:00:00;209.1027119704138;0.0;0.0;0.0;0.0;0.0;0.0;0.0
2030-03-03 10:00:00;209.3094481791659;0.0;0.0;0.0;0.0;0.0;0.0;0.0
2030-03-03 11:00:00;209.457184848369;0.0;0.0;0.0;0.0;0.0;0.0;0.0
2030-03-03 12:00:00;209.4630700641625;0.0;0.0;0.0;0.0;0.0;0.0;0.0
2030-03-03 13:00:00;209.465307585022;0.0;0.0;0.0;0.0;0.0;0.0;0.0
2030-03-03 14:00:00;209.4213041246466;0.0;0.0;0.0;0.0;0.0;0.0;0.0
2030-03-03 15:00:00;209.2971418144388;0.0;0.0;0.0;0.0;0.0;0.0;0.0
2030-03-03 16:00:00;209.3051573644638;0.0;0.0;0.0;0.0;0.0;0.0;0.0
2030-03-03 17:00:00;209.2251391970809;0.0;0.0;0.0;0.0;0.0;0.0;0.0
2030-03-03 18:00:00;209.3167368698697;0.0;0.0;0.0;0.0;0.0;0.0;0.0
2030-03-03 19:00:00;209.3070532279465;0.0;0.0;0.0;0.0;0.0;0.0;0.0
2030-03-03 20:00:00;209.3436909572293;0.0;0.0;0.0;0.0;0.0;0.0;0.0
2030-03-03 21:00:00;209.3521453025127;0.0;0.0;0.0;0.0;0.0;0.0;0.0
2030-03-03 22:00:00;209.3142012362011;0.0;0.0;0.0;0.0;0.0;0.0;0.0
2030-03-03 23:00:00;209.1016669007908;0.0;0.0;0.0;0.0;0.0;0.0;0.0
2030-03-04 00:00:00;209.0000573270304;0.0;0.0;0.0;0.0;0.0;0.0;0.0
2030-03-04 01:00:00;208.6349562249927;0.0;0.0;0.0;0.0;0.0;0.0;0.0
2030-03-04 02:00:00;208.4782862202622;0.0;0.0;0.0;0.0;0.0;0.0;0.0
2030-03-04 03:00:00;208.5812389764549;0.0;0.0;0.0;0.0;0.0;0.0;0.0
2030-03-04 04:00:00;208.5340735105534;0.0;0.0;0.0;0.0;0.0;0.0;0.0
2030-03-04 05:00:00;208.5293372014287;0.0;0.0;0.0;0.0;0.0;0.0;0.0
2030-03-04 06:00:00;208.9029328437353;0.0;0.0;0.0;0.0;0.0;0.0;0.0
2030-03-04 07:00:00;209.7733720026361;0.0;0.0;0.0;0.0;0.0;0.0;0.0
2030-03-04 08:00:00;210.227776313707;0.0;0.0;0.0;0.0;0.0;0.0;0.0
2030-03-04 09:00:00;210.504796804187;0.0;0.0;0.0;0.0;0.0;0.0;0.0
2030-03-04 10:00:00;210.6996319476491;0.0;0.0;0.0;0.0;0.0;0.0;0.0
2030-03-04 11:00:00;210.6945171357442;0.0;0.0;0.0;0.0;0.0;0.0;0.0
2030-03-04 12:00:00;210.5669583492619;0.0;0.0;0.0;0.0;0.0;0.0;0.0
2030-03-04 13:00:00;210.4774910107043;0.0;0.0;0.0;0.0;0.0;0.0;0.0
2030-03-04 14:00:00;210.503939311163;0.0;0.0;0.0;0.0;0.0;0.0;0.0
2030-03-04 15:00:00;210.3042506232018;0.0;0.0;0.0;0.0;0.0;0.0;0.0
2030-03-04 16:00:00;194.6038280197194;0.0;0.0;0.0;0.0;0.0;0.0;0.0
2030-03-04 17:00:00;210.3610494872946;0.0;0.0;0.0;0.0;0.0;0.0;0.0
2030-03-04 18:00:00;210.4414361087113;0.0;0.0;0.0;0.0;0.0;0.0;0.0
2030-03-04 19:00:00;210.4766837614123;0.0;0.0;0.0;0.0;0.0;0.0;0.0
2030-03-04 20:00:00;210.5916112737015;0.0;0.0;0.0;0.0;0.0;0.0;0.0
2030-03-04 21:00:00;210.5683216291867;0.0;0.0;0.0;0.0;0.0;0.0;0.0
2030-03-04 22:00:00;210.3893635049968;0.0;0.0;0.0;0.0;0.0;0.0;0.0
2030-03-04 23:00:00;210.2239544405024;0.0;0.0;0.0;0.0;0.0;0.0;0.0
2030-03-05 00:00:00;210.0929422348492;0.0;0.0;0.0;0.0;0.0;0.0;0.0
2030-03-05 01:00:00;209.9858393464039;0.0;0.0;0.0;0.0;0.0;0.0;0.0
2030-03-05 02:00:00;209.8705936238127;0.0;0.0;0.0;0.0;0.0;0.0;0.0
2030-03-05 03:00:00;209.9513654471738;0.0;0.0;0.0;0.0;0.0;0.0;0.0
2030-03-05 04:00:00;209.84853662552;0.0;0.0;0.0;0.0;0.0;0.0;0.0
2030-03-05 05:00:00;209.9730975360005;0.0;0.0;0.0;0.0;0.0;0.0;0.0
2030-03-05 06:00:00;210.2336146353508;0.0;0.0;0.0;0.0;0.0;0.0;0.0
2030-03-05 07:00:00;210.7131207148663;0.0;0.0;0.0;0.0;0.0;0.0;0.0
2030-03-05 08:00:00;211.2086679431781;0.0;0.0;0.0;0.0;0.0;0.0;0.0
2030-03-05 09:00:00;211.8220233244066;0.0;0.0;0.0;0.0;0.0;0.0;0.0
2030-03-05 10:00:00;211.5210432729868;0.0;0.0;0.0;0.0;0.0;0.0;0.0
2030-03-05 11:00:00;211.3614524326435;0.0;0.0;0.0;0.0;0.0;0.0;0.0
2030-03-05 12:00:00;211.3930724879031;0.0;0.0;0.0;0.0;0.0;0.0;0.0
2030-03-05 13:00:00;211.2674933044565;0.0;0.0;0.0;0.0;0.0;0.0;0.0
2030-03-05 14:00:00;211.1624035148683;0.0;0.0;0.0;0.0;0.0;0.0;0.0
2030-03-05 15:00:00;210.9471392700261;0.0;0.0;0.0;0.0;0.0;0.0;0.0
2030-03-05 16:00:00;210.8177315142107;0.0;0.0;0.0;0.0;0.0;0.0;0.0
2030-03-05 17:00:00;211.0218316018304;0.0;0.0;0.0;0.0;0.0;0.0;0.0
2030-03-05 18:00:00;211.1227511616731;0.0;0.0;0.0;0.0;0.0;0.0;0.0
2030-03-05 19:00:00;211.2130726436724;0.0;0.0;0.0;0.0;0.0;0.0;0.0
2030-03-05 20:00:00;211.3805283028452;0.0;0.0;0.0;0.0;0.0;0.0;0.0
2030-03-05 21:00:00;211.291446166232;0.0;0.0;0.0;0.0;0.0;0.0;0.0
2030-03-05 22:00:00;211.0331665877412;0.0;0.0;0.0;0.0;0.0;0.0;0.0
2030-03-05 23:00:00;194.7826923556098;0.0;0.0;0.0;0.0;0.0;0.0;0.0
2030-03-06 00:00:00;194.247713846523;0.0;0.0;0.0;0.0;0.0;0.0;0.0
2030-03-06 01:00:00;194.1438968981422;0.0;0.0;0.0;0.0;0.0;0.0;0.0
2030-03-06 02:00:00;194.1231931310279;0.0;0.0;0.0;0.0;0.0;0.0;0.0
2030-03-06 03:00:00;194.0966644405982;0.0;0.0;0.0;0.0;0.0;0.0;0.0
2030-03-06 04:00:00;194.0950130966106;0.0;0.0;0.0;0.0;0.0;0.0;0.0
2030-03-06 05:00:00;194.1058389460384;0.0;0.0;0.0;0.0;0.0;0.0;0.0
2030-03-06 06:00:00;194.1896086454014;0.0;0.0;0.0;0.0;0.0;0.0;0.0
2030-03-06 07:00:00;194.3621858156432;0.0;0.0;0.0;0.0;0.0;0.0;0.0
2030-03-06 08:00:00;194.4677344979826;0.0;0.0;0.0;0.0;0.0;0.0;0.0
2030-03-06 09:00:00;194.7423499884968;0.0;0.0;0.0;0.0;0.0;0.0;0.0
2030-03-06 10:00:00;194.770124723477;0.0;0.0;0.0;0.0;0.0;0.0;0.0
2030-03-06 11:00:00;194.706003672859;0.0;0.0;0.0;0.0;0.0;0.0;0.0
2030-03-06 12:00:00;194.6552508045017;0.0;0.0;0.0;0.0;0.0;0.0;0.0
2030-03-06 13:00:00;194.7847222023774;0.0;0.0;0.0;0.0;0.0;0.0;0.0
2030-03-06 14:00:00;194.9451906332375;0.0;0.0;0.0;0.0;0.0;0.0;0.0
2030-03-06 15:00:00;194.9134466434393;0.0;0.0;0.0;0.0;0.0;0.0;0.0
2030-03-06 16:00:00;194.919522785414;0.0;0.0;0.0;0.0;0.0;0.0;0.0
2030-03-06 17:00:00;194.7682623558155;0.0;0.0;0.0;0.0;0.0;0.0;0.0
2030-03-06 18:00:00;194.517579629584;0.0;0.0;0.0;0.0;0.0;0.0;0.0
2030-03-06 19:00:00;210.4175100435929;0.0;0.0;0.0;0.0;0.0;0.0;0.0
2030-03-06 20:00:00;210.4221224181789;0.0;0.0;0.0;0.0;0.0;0.0;0.0
2030-03-06 21:00:00;210.5314427299909;0.0;0.0;0.0;0.0;0.0;0.0;0.0
2030-03-06 22:00:00;210.3039893557961;0.0;0.0;0.0;0.0;0.0;0.0;0.0
2030-03-06 23:00:00;210.2264197329465;0.0;0.0;0.0;0.0;0.0;0.0;0.0
2030-03-07 00:00:00;210.0958195258946;0.0;0.0;0.0;0.0;0.0;0.0;0.0
2030-03-07 01:00:00;210.2024534728423;0.0;0.0;0.0;0.0;0.0;0.0;0.0
2030-03-07 02:00:00;210.1223281188314;0.0;0.0;0.0;0.0;0.0;0.0;0.0
2030-03-07 03:00:00;210.0903228616275;0.0;0.0;0.0;0.0;0.0;0.0;0.0
2030-03-07 04:00:00;210.17724451777;0.0;0.0;0.0;0.0;0.0;0.0;0.0
2030-03-07 05:00:00;210.3022777193303;0.0;0.0;0.0;0.0;0.0;0.0;0.0
2030-03-07 06:00:00;210.4180124809116;0.0;0.0;0.0;0.0;0.0;0.0;0.0
2030-03-07 07:00:00;210.6197310156405;0.0;0.0;0.0;0.0;0.0;0.0;0.0
2030-03-07 08:00:00;210.6326972480462;0.0;0.0;0.0;0.0;0.0;0.0;0.0
2030-03-07 09:00:00;210.682793598307;0.0;0.0;0.0;0.0;0.0;0.0;0.0
2030-03-07 10:00:00;210.5917151107474;0.0;0.0;0.0;0.0;0.0;0.0;0.0
2030-03-07 11:00:00;210.5550773814646;0.0;0.0;0.0;0.0;0.0;0.0;0.0
2030-03-07 12:00:00;210.5655280776944;0.0;0.0;0.0;0.0;0.0;0.0;0.0
2030-03-07 13:00:00;210.4408030376898;0.0;0.0;0.0;0.0;0.0;0.0;0.0
2030-03-07 14:00:00;210.5889818517334;0.0;0.0;0.0;0.0;0.0;0.0;0.0
2030-03-07 15:00:00;210.5104776954709;0.0;0.0;0.0;0.0;0.0;0.0;0.0
2030-03-07 16:00:00;210.3999515340938;0.0;0.0;0.0;0.0;0.0;0.0;0.0
2030-03-07 17:00:00;210.7417730403632;0.0;0.0;0.0;0.0;0.0;0.0;0.0
2030-03-07 18:00:00;210.7436689038458;0.0;0.0;0.0;0.0;0.0;0.0;0.0
2030-03-07 19:00:00;210.2228658263118;0.0;0.0;0.0;0.0;0.0;0.0;0.0
2030-03-07 20:00:00;210.3865331081013;0.0;0.0;0.0;0.0;0.0;0.0;0.0
2030-03-07 21:00:00;210.4323989361383;0.0;0.0;0.0;0.0;0.0;0.0;0.0
2030-03-07 22:00:00;210.1991273377923;0.0;0.0;0.0;0.0;0.0;0.0;0.0
2030-03-07 23:00:00;209.7736433187881;0.0;0.0;0.0;0.0;0.0;0.0;0.0
2030-03-08 00:00:00;209.3559604765529;0.0;0.0;0.0;0.0;0.0;0.0;0.0
2030-03-08 01:00:00;193.9554092128069;0.0;0.0;0.0;0.0;0.0;0.0;0.0
2030-03-08 02:00:00;193.9664360371622;0.0;0.0;0.0;0.0;0.0;0.0;0.0
2030-03-08 03:00:00;193.9841720745138;0.0;0.0;0.0;0.0;0.0;0.0;0.0
2030-03-08 04:00:00;194.0078536201372;0.0;0.0;0.0;0.0;0.0;0.0;0.0
2030-03-08 05:00:00;194.0619527210373;0.0;0.0;0.0;0.0;0.0;0.0;0.0
2030-03-08 06:00:00;194.229783533408;0.0;0.0;0.0;0.0;0.0;0.0;0.0
2030-03-08 07:00:00;194.640167636193;0.0;0.0;0.0;0.0;0.0;0.0;0.0
2030-03-08 08:00:00;195.0810630825541;0.0;0.0;0.0;0.0;0.0;0.0;0.0
2030-03-08 09:00:00;195.3145055095884;0.0;0.0;0.0;0.0;0.0;0.0;0.0
2030-03-08 10:00:00;195.2639837623977;0.0;0.0;0.0;0.0;0.0;0.0;0.0
2030-03-08 11:00:00;195.3250734411926;0.0;0.0;0.0;0.0;0.0;0.0;0.0
2030-03-08 12:00:00;195.2617998348523;0.0;0.0;0.0;0.0;0.0;0.0;0.0
2030-03-08 13:00:00;195.3093672506087;0.0;0.0;0.0;0.0;0.0;0.0;0.0
2030-03-08 14:00:00;195.1880520852073;0.0;0.0;0.0;0.0;0.0;0.0;0.0
2030-03-08 15:00:00;195.2758613806128;0.0;0.0;0.0;0.0;0.0;0.0;0.0
2030-03-08 16:00:00;195.3888059402841;0.0;0.0;0.0;0.0;0.0;0.0;0.0
2030-03-08 17:00:00;195.6378306233637;0.0;0.0;0.0;0.0;0.0;0.0;0.0
2030-03-08 18:00:00;195.6932092646355;0.0;0.0;0.0;0.0;0.0;0.0;0.0
2030-03-08 19:00:00;195.700323777069;0.0;0.0;0.0;0.0;0.0;0.0;0.0
2030-03-08 20:00:00;195.624596424388;0.0;0.0;0.0;0.0;0.0;0.0;0.0
2030-03-08 21:00:00;195.014178626683;0.0;0.0;0.0;0.0;0.0;0.0;0.0
2030-03-08 22:00:00;194.4798331886179;0.0;0.0;0.0;0.0;0.0;0.0;0.0
2030-03-08 23:00:00;194.0824354157314;0.0;0.0;0.0;0.0;0.0;0.0;0.0
2030-03-09 00:00:00;193.9829260299634;0.0;0.0;0.0;0.0;0.0;0.0;0.0
2030-03-09 01:00:00;193.8706011429852;0.0;0.0;0.0;0.0;0.0;0.0;0.0
2030-03-09 02:00:00;193.7776971331675;0.0;0.0;0.0;0.0;0.0;0.0;0.0
2030-03-09 03:00:00;193.6876603656488;0.0;0.0;0.0;0.0;0.0;0.0;0.0
2030-03-09 04:00:00;193.6102381244126;0.0;0.0;0.0;0.0;0.0;0.0;0.0
2030-03-09 05:00:00;193.5812039465536;0.0;0.0;0.0;0.0;0.0;0.0;0.0
2030-03-09 06:00:00;193.5958684170966;0.0;0.0;0.0;0.0;0.0;0.0;0.0
2030-03-09 07:00:00;193.6210941200796;0.0;0.0;0.0;0.0;0.0;0.0;0.0
2030-03-09 08:00:00;193.6395503175881;0.0;0.0;0.0;0.0;0.0;0.0;0.0
2030-03-09 09:00:00;193.6554038897854;0.0;0.0;0.0;0.0;0.0;0.0;0.0
2030-03-09 10:00:00;193.8022529197255;0.0;0.0;0.0;0.0;0.0;0.0;0.0
2030-03-09 11:00:00;193.7785780732663;0.0;0.0;0.0;0.0;0.0;0.0;0.0
2030-03-09 12:00:00;193.7117639586199;0.0;0.0;0.0;0.0;0.0;0.0;0.0
2030-03-09 13:00:00;193.7327055460652;0.0;0.0;0.0;0.0;0.0;0.0;0.0
2030-03-09 14:00:00;193.7578073145095;0.0;0.0;0.0;0.0;0.0;0.0;0.0
2030-03-09 15:00:00;193.766368846421;0.0;0.0;0.0;0.0;0.0;0.0;0.0
2030-03-09 16:00:00;193.8273781352448;0.0;0.0;0.0;0.0;0.0;0.0;0.0
2030-03-09 17:00:00;209.0433339280848;0.0;0.0;0.0;0.0;0.0;0.0;0.0
2030-03-09 18:00:00;209.2977882837888;0.0;0.0;0.0;0.0;0.0;0.0;0.0
2030-03-09 19:00:00;209.2394251648437;0.0;0.0;0.0;0.0;0.0;0.0;0.0
2030-03-09 20:00:00;209.3553140072028;0.0;0.0;0.0;0.0;0.0;0.0;0.0
2030-03-09 21:00:00;209.2361961676752;0.0;0.0;0.0;0.0;0.0;0.0;0.0
2030-03-09 22:00:00;209.1756256741097;0.0;0.0;0.0;0.0;0.0;0.0;0.0
2030-03-09 23:00:00;209.0853309887675;0.0;0.0;0.0;0.0;0.0;0.0;0.0
2030-03-10 00:00:00;193.8775079813269;0.0;0.0;0.0;0.0;0.0;0.0;0.0
2030-03-10 01:00:00;193.9299758357321;0.0;0.0;0.0;0.0;0.0;0.0;0.0
2030-03-10 02:00:00;193.9676251388165;0.0;0.0;0.0;0.0;0.0;0.0;0.0
2030-03-10 03:00:00;193.8737196039435;0.0;0.0;0.0;0.0;0.0;0.0;0.0
2030-03-10 04:00:00;193.8994376954989;0.0;0.0;0.0;0.0;0.0;0.0;0.0
2030-03-10 05:00:00;193.8639019787353;0.0;0.0;0.0;0.0;0.0;0.0;0.0
2030-03-10 06:00:00;193.8548145624302;0.0;0.0;0.0;0.0;0.0;0.0;0.0
2030-03-10 07:00:00;193.8499643675134;0.0;0.0;0.0;0.0;0.0;0.0;0.0
2030-03-10 08:00:00;193.7535031014789;0.0;0.0;0.0;0.0;0.0;0.0;0.0
2030-03-10 09:00:00;193.7979688041877;0.0;0.0;0.0;0.0;0.0;0.0;0.0
2030-03-10 10:00:00;193.8285203427494;0.0;0.0;0.0;0.0;0.0;0.0;0.0
2030-03-10 11:00:00;193.8236667982503;0.0;0.0;0.0;0.0;0.0;0.0;0.0
2030-03-10 12:00:00;193.8188367008261;0.0;0.0;0.0;0.0;0.0;0.0;0.0
2030-03-10 13:00:00;193.8236400015934;0.0;0.0;0.0;0.0;0.0;0.0;0.0
2030-03-10 14:00:00;193.7660104411335;0.0;0.0;0.0;0.0;0.0;0.0;0.0
2030-03-10 15:00:00;193.7639705456194;0.0;0.0;0.0;0.0;0.0;0.0;0.0
2030-03-10 16:00:00;193.7828420913115;0.0;0.0;0.0;0.0;0.0;0.0;0.0
2030-03-10 17:00:00;193.7750911582743;0.0;0.0;0.0;0.0;0.0;0.0;0.0
2030-03-10 18:00:00;193.7805040829882;0.0;0.0;0.0;0.0;0.0;0.0;0.0
2030-03-10 19:00:00;193.8204545489925;0.0;0.0;0.0;0.0;0.0;0.0;0.0
2030-03-10 20:00:00;193.8530895276359;0.0;0.0;0.0;0.0;0.0;0.0;0.0
2030-03-10 21:00:00;193.7925290828168;0.0;0.0;0.0;0.0;0.0;0.0;0.0
2030-03-10 22:00:00;193.7740494382334;0.0;0.0;0.0;0.0;0.0;0.0;0.0
2030-03-10 23:00:00;193.7552783800052;0.0;0.0;0.0;0.0;0.0;0.0;0.0
2030-03-11 00:00:00;193.6794706373533;0.0;0.0;0.0;0.0;0.0;0.0;0.0
2030-03-11 01:00:00;193.6693214035147;0.0;0.0;0.0;0.0;0.0;0.0;0.0
2030-03-11 02:00:00;193.6815473782707;0.0;0.0;0.0;0.0;0.0;0.0;0.0
2030-03-11 03:00:00;193.6788643629886;0.0;0.0;0.0;0.0;0.0;0.0;0.0
2030-03-11 04:00:00;193.6880589659216;0.0;0.0;0.0;0.0;0.0;0.0;0.0
2030-03-11 05:00:00;193.677266612315;0.0;0.0;0.0;0.0;0.0;0.0;0.0
2030-03-11 06:00:00;193.7838603642775;0.0;0.0;0.0;0.0;0.0;0.0;0.0
2030-03-11 07:00:00;194.0292474011693;0.0;0.0;0.0;0.0;0.0;0.0;0.0
2030-03-11 08:00:00;194.1846579630207;0.0;0.0;0.0;0.0;0.0;0.0;0.0
2030-03-11 09:00:00;194.2171790558718;0.0;0.0;0.0;0.0;0.0;0.0;0.0
2030-03-11 10:00:00;194.1849828724869;0.0;0.0;0.0;0.0;0.0;0.0;0.0
2030-03-11 11:00:00;194.1519425944064;0.0;0.0;0.0;0.0;0.0;0.0;0.0
2030-03-11 12:00:00;194.1264053802857;0.0;0.0;0.0;0.0;0.0;0.0;0.0
2030-03-11 13:00:00;194.1068974139899;0.0;0.0;0.0;0.0;0.0;0.0;0.0
2030-03-11 14:00:00;194.1120289738054;0.0;0.0;0.0;0.0;0.0;0.0;0.0
2030-03-11 15:00:00;194.1162159514615;0.0;0.0;0.0;0.0;0.0;0.0;0.0
2030-03-11 16:00:00;194.1331078941177;0.0;0.0;0.0;0.0;0.0;0.0;0.0
2030-03-11 17:00:00;209.8787733033619;0.0;0.0;0.0;0.0;0.0;0.0;0.0
2030-03-11 18:00:00;209.945255809378;0.0;0.0;0.0;0.0;0.0;0.0;0.0
2030-03-11 19:00:00;209.9539479749922;0.0;0.0;0.0;0.0;0.0;0.0;0.0
2030-03-11 20:00:00;209.993670669412;0.0;0.0;0.0;0.0;0.0;0.0;0.0
2030-03-11 21:00:00;209.9255703152295;0.0;0.0;0.0;0.0;0.0;0.0;0.0
2030-03-11 22:00:00;209.8943421610786;0.0;0.0;0.0;0.0;0.0;0.0;0.0
2030-03-11 23:00:00;209.8758055735991;0.0;0.0;0.0;0.0;0.0;0.0;0.0
2030-03-12 00:00:00;209.7508393636815;0.0;0.0;0.0;0.0;0.0;0.0;0.0
2030-03-12 01:00:00;194.0744533615277;0.0;0.0;0.0;0.0;0.0;0.0;0.0
2030-03-12 02:00:00;194.0605793923661;0.0;0.0;0.0;0.0;0.0;0.0;0.0
2030-03-12 03:00:00;194.2556523561591;0.0;0.0;0.0;0.0;0.0;0.0;0.0
2030-03-12 04:00:00;199.9372972960564;0.0;0.0;0.0;0.0;0.0;0.0;0.0
2030-03-12 05:00:00;209.4180148349998;0.0;0.0;0.0;0.0;0.0;0.0;0.0
2030-03-12 06:00:00;209.6832113005786;0.0;0.0;0.0;0.0;0.0;0.0;0.0
2030-03-12 07:00:00;210.0942820676992;0.0;0.0;0.0;0.0;0.0;0.0;0.0
2030-03-12 08:00:00;210.1377596436811;0.0;0.0;0.0;0.0;0.0;0.0;0.0
2030-03-12 09:00:00;210.2281749139799;0.0;0.0;0.0;0.0;0.0;0.0;0.0
2030-03-12 10:00:00;210.1925856039022;0.0;0.0;0.0;0.0;0.0;0.0;0.0
2030-03-12 11:00:00;210.2858111736039;0.0;0.0;0.0;0.0;0.0;0.0;0.0
2030-03-12 12:00:00;194.5212507715929;0.0;0.0;0.0;0.0;0.0;0.0;0.0
2030-03-12 13:00:00;194.6905554000987;0.0;0.0;0.0;0.0;0.0;0.0;0.0
2030-03-12 14:00:00;210.4208529265536;0.0;0.0;0.0;0.0;0.0;0.0;0.0
2030-03-12 15:00:00;210.4812291443558;0.0;0.0;0.0;0.0;0.0;0.0;0.0
2030-03-12 16:00:00;210.5169658360469;0.0;0.0;0.0;0.0;0.0;0.0;0.0
2030-03-12 17:00:00;210.5443285724256;0.0;0.0;0.0;0.0;0.0;0.0;0.0
2030-03-12 18:00:00;210.5449482451187;0.0;0.0;0.0;0.0;0.0;0.0;0.0
2030-03-12 19:00:00;210.5037584337282;0.0;0.0;0.0;0.0;0.0;0.0;0.0
2030-03-12 20:00:00;210.6467052004926;0.0;0.0;0.0;0.0;0.0;0.0;0.0
2030-03-12 21:00:00;210.650332797934;0.0;0.0;0.0;0.0;0.0;0.0;0.0
2030-03-12 22:00:00;210.4393191728084;0.0;0.0;0.0;0.0;0.0;0.0;0.0
2030-03-12 23:00:00;210.1704683131312;0.0;0.0;0.0;0.0;0.0;0.0;0.0
2030-03-13 00:00:00;209.8343511452208;0.0;0.0;0.0;0.0;0.0;0.0;0.0
2030-03-13 01:00:00;209.5446491368158;0.0;0.0;0.0;0.0;0.0;0.0;0.0
2030-03-13 02:00:00;209.4402862065486;0.0;0.0;0.0;0.0;0.0;0.0;0.0
2030-03-13 03:00:00;209.3088519535476;0.0;0.0;0.0;0.0;0.0;0.0;0.0
2030-03-13 04:00:00;209.3937538116688;0.0;0.0;0.0;0.0;0.0;0.0;0.0
2030-03-13 05:00:00;209.4106122585036;0.0;0.0;0.0;0.0;0.0;0.0;0.0
2030-03-13 06:00:00;209.4717990751801;0.0;0.0;0.0;0.0;0.0;0.0;0.0
2030-03-13 07:00:00;210.0040476748351;0.0;0.0;0.0;0.0;0.0;0.0;0.0
2030-03-13 08:00:00;210.4577150778386;0.0;0.0;0.0;0.0;0.0;0.0;0.0
2030-03-13 09:00:00;210.7269645377887;0.0;0.0;0.0;0.0;0.0;0.0;0.0
2030-03-13 10:00:00;210.8011376843636;0.0;0.0;0.0;0.0;0.0;0.0;0.0
2030-03-13 11:00:00;210.928696470846;0.0;0.0;0.0;0.0;0.0;0.0;0.0
2030-03-13 12:00:00;210.6588943298454;0.0;0.0;0.0;0.0;0.0;0.0;0.0
2030-03-13 13:00:00;210.9551883158723;0.0;0.0;0.0;0.0;0.0;0.0;0.0
2030-03-13 14:00:00;210.868484382568;0.0;0.0;0.0;0.0;0.0;0.0;0.0
2030-03-13 15:00:00;210.7383330195208;0.0;0.0;0.0;0.0;0.0;0.0;0.0
2030-03-13 16:00:00;210.6378690028471;0.0;0.0;0.0;0.0;0.0;0.0;0.0
2030-03-13 17:00:00;210.7185369891623;0.0;0.0;0.0;0.0;0.0;0.0;0.0
2030-03-13 18:00:00;210.8582145637728;0.0;0.0;0.0;0.0;0.0;0.0;0.0
2030-03-13 19:00:00;210.5639269774388;0.0;0.0;0.0;0.0;0.0;0.0;0.0
2030-03-13 20:00:00;210.6343050474661;0.0;0.0;0.0;0.0;0.0;0.0;0.0
2030-03-13 21:00:00;210.6282456534021;0.0;0.0;0.0;0.0;0.0;0.0;0.0
2030-03-13 22:00:00;210.486005648466;0.0;0.0;0.0;0.0;0.0;0.0;0.0
2030-03-13 23:00:00;210.1268768513571;0.0;0.0;0.0;0.0;0.0;0.0;0.0
2030-03-14 00:00:00;209.9051043684462;0.0;0.0;0.0;0.0;0.0;0.0;0.0
2030-03-14 01:00:00;209.7393134515895;0.0;0.0;0.0;0.0;0.0;0.0;0.0
2030-03-14 02:00:00;209.4946666723472;0.0;0.0;0.0;0.0;0.0;0.0;0.0
2030-03-14 03:00:00;209.5376284126818;0.0;0.0;0.0;0.0;0.0;0.0;0.0
2030-03-14 04:00:00;209.3231948642066;0.0;0.0;0.0;0.0;0.0;0.0;0.0
2030-03-14 05:00:00;209.2254339603078;0.0;0.0;0.0;0.0;0.0;0.0;0.0
2030-03-14 06:00:00;209.4070951972724;0.0;0.0;0.0;0.0;0.0;0.0;0.0
2030-03-14 07:00:00;209.6653613774348;0.0;0.0;0.0;0.0;0.0;0.0;0.0
2030-03-14 08:00:00;210.1471518719595;0.0;0.0;0.0;0.0;0.0;0.0;0.0
2030-03-14 09:00:00;210.3840912627322;0.0;0.0;0.0;0.0;0.0;0.0;0.0
2030-03-14 10:00:00;210.4424811783344;0.0;0.0;0.0;0.0;0.0;0.0;0.0
2030-03-14 11:00:00;210.4653789217406;0.0;0.0;0.0;0.0;0.0;0.0;0.0
2030-03-14 12:00:00;210.4194226549862;0.0;0.0;0.0;0.0;0.0;0.0;0.0
2030-03-14 13:00:00;210.3110335270048;0.0;0.0;0.0;0.0;0.0;0.0;0.0
2030-03-14 14:00:00;210.2270829502071;0.0;0.0;0.0;0.0;0.0;0.0;0.0
2030-03-14 15:00:00;210.1146173807797;0.0;0.0;0.0;0.0;0.0;0.0;0.0
2030-03-14 16:00:00;210.1405397968448;0.0;0.0;0.0;0.0;0.0;0.0;0.0
2030-03-14 17:00:00;210.2292836256633;0.0;0.0;0.0;0.0;0.0;0.0;0.0
2030-03-14 18:00:00;210.3284714515474;0.0;0.0;0.0;0.0;0.0;0.0;0.0
2030-03-14 19:00:00;210.2684837852717;0.0;0.0;0.0;0.0;0.0;0.0;0.0
2030-03-14 20:00:00;210.3780117711754;0.0;0.0;0.0;0.0;0.0;0.0;0.0
2030-03-14 21:00:00;210.3985145633623;0.0;0.0;0.0;0.0;0.0;0.0;0.0
2030-03-14 22:00:00;210.1448540586217;0.0;0.0;0.0;0.0;0.0;0.0;0.0
2030-03-14 23:00:00;209.8547534499438;0.0;0.0;0.0;0.0;0.0;0.0;0.0
2030-03-15 00:00:00;209.7624624136551;0.0;0.0;0.0;0.0;0.0;0.0;0.0
2030-03-15 01:00:00;209.4580724876321;0.0;0.0;0.0;0.0;0.0;0.0;0.0
2030-03-15 02:00:00;209.3817690068257;0.0;0.0;0.0;0.0;0.0;0.0;0.0
2030-03-15 03:00:00;209.3545637008069;0.0;0.0;0.0;0.0;0.0;0.0;0.0
2030-03-15 04:00:00;209.3499714237136;0.0;0.0;0.0;0.0;0.0;0.0;0.0
2030-03-15 05:00:00;209.429359869657;0.0;0.0;0.0;0.0;0.0;0.0;0.0
2030-03-15 06:00:00;209.7121885355417;0.0;0.0;0.0;0.0;0.0;0.0;0.0
2030-03-15 07:00:00;209.6516917327829;0.0;0.0;0.0;0.0;0.0;0.0;0.0
2030-03-15 08:00:00;209.7379970658144;0.0;0.0;0.0;0.0;0.0;0.0;0.0
2030-03-15 09:00:00;209.7352336605613;0.0;0.0;0.0;0.0;0.0;0.0;0.0
2030-03-15 10:00:00;209.7102089325058;0.0;0.0;0.0;0.0;0.0;0.0;0.0
2030-03-15 11:00:00;209.6043420398645;0.0;0.0;0.0;0.0;0.0;0.0;0.0
2030-03-15 12:00:00;209.5815079385187;0.0;0.0;0.0;0.0;0.0;0.0;0.0
2030-03-15 13:00:00;209.5179362193693;0.0;0.0;0.0;0.0;0.0;0.0;0.0
2030-03-15 14:00:00;209.4640112967397;0.0;0.0;0.0;0.0;0.0;0.0;0.0
2030-03-15 15:00:00;209.6154492541909;0.0;0.0;0.0;0.0;0.0;0.0;0.0
2030-03-15 16:00:00;209.6965995803321;0.0;0.0;0.0;0.0;0.0;0.0;0.0
2030-03-15 17:00:00;209.5829784050716;0.0;0.0;0.0;0.0;0.0;0.0;0.0
2030-03-15 18:00:00;209.5975222906581;0.0;0.0;0.0;0.0;0.0;0.0;0.0
2030-03-15 19:00:00;209.5181874380286;0.0;0.0;0.0;0.0;0.0;0.0;0.0
2030-03-15 20:00:00;209.5676004735359;0.0;0.0;0.0;0.0;0.0;0.0;0.0
2030-03-15 21:00:00;209.561678412339;0.0;0.0;0.0;0.0;0.0;0.0;0.0
2030-03-15 22:00:00;209.4939599105189;0.0;0.0;0.0;0.0;0.0;0.0;0.0
2030-03-15 23:00:00;209.4034542015026;0.0;0.0;0.0;0.0;0.0;0.0;0.0
2030-03-16 00:00:00;209.2518353666167;0.0;0.0;0.0;0.0;0.0;0.0;0.0
2030-03-16 01:00:00;208.9270096400494;0.0;0.0;0.0;0.0;0.0;0.0;0.0
2030-03-16 02:00:00;208.6990705764464;0.0;0.0;0.0;0.0;0.0;0.0;0.0
2030-03-16 03:00:00;208.7101878395191;0.0;0.0;0.0;0.0;0.0;0.0;0.0
2030-03-16 04:00:00;208.7445813487781;0.0;0.0;0.0;0.0;0.0;0.0;0.0
2030-03-16 05:00:00;208.7738265503111;0.0;0.0;0.0;0.0;0.0;0.0;0.0
2030-03-16 06:00:00;208.7252643086635;0.0;0.0;0.0;0.0;0.0;0.0;0.0
2030-03-16 07:00:00;208.7430103947615;0.0;0.0;0.0;0.0;0.0;0.0;0.0
2030-03-16 08:00:00;208.5775041923854;0.0;0.0;0.0;0.0;0.0;0.0;0.0
2030-03-16 09:00:00;208.5391112820693;0.0;0.0;0.0;0.0;0.0;0.0;0.0
2030-03-16 10:00:00;208.5504630158908;0.0;0.0;0.0;0.0;0.0;0.0;0.0
2030-03-16 11:00:00;193.6565059023046;0.0;0.0;0.0;0.0;0.0;0.0;0.0
2030-03-16 12:00:00;203.0257125027262;0.0;0.0;0.0;0.0;0.0;0.0;0.0
2030-03-16 13:00:00;194.1904627888433;0.0;0.0;0.0;0.0;0.0;0.0;0.0
2030-03-16 14:00:00;193.5952755410605;0.0;0.0;0.0;0.0;0.0;0.0;0.0
2030-03-16 15:00:00;193.6356045098449;0.0;0.0;0.0;0.0;0.0;0.0;0.0
2030-03-16 16:00:00;208.5681253624357;0.0;0.0;0.0;0.0;0.0;0.0;0.0
2030-03-16 17:00:00;208.5471368808407;0.0;0.0;0.0;0.0;0.0;0.0;0.0
2030-03-16 18:00:00;208.5639852789292;0.0;0.0;0.0;0.0;0.0;0.0;0.0
2030-03-16 19:00:00;208.5713677579326;0.0;0.0;0.0;0.0;0.0;0.0;0.0
2030-03-16 20:00:00;208.5897502646343;0.0;0.0;0.0;0.0;0.0;0.0;0.0
2030-03-16 21:00:00;208.538863412992;0.0;0.0;0.0;0.0;0.0;0.0;0.0
2030-03-16 22:00:00;208.42471970292;0.0;0.0;0.0;0.0;0.0;0.0;0.0
2030-03-16 23:00:00;208.3458738892808;0.0;0.0;0.0;0.0;0.0;0.0;0.0
2030-03-17 00:00:00;208.4419499533708;0.0;0.0;0.0;0.0;0.0;0.0;0.0
2030-03-17 01:00:00;208.3977321197394;0.0;0.0;0.0;0.0;0.0;0.0;0.0
2030-03-17 02:00:00;208.2783563623881;0.0;0.0;0.0;0.0;0.0;0.0;0.0
2030-03-17 03:00:00;208.2487360076572;0.0;0.0;0.0;0.0;0.0;0.0;0.0
2030-03-17 04:00:00;208.3080202616867;0.0;0.0;0.0;0.0;0.0;0.0;0.0
2030-03-17 05:00:00;208.4494295702558;0.0;0.0;0.0;0.0;0.0;0.0;0.0
2030-03-17 06:00:00;208.6396154937285;0.0;0.0;0.0;0.0;0.0;0.0;0.0
2030-03-17 07:00:00;208.8269844186341;0.0;0.0;0.0;0.0;0.0;0.0;0.0
2030-03-17 08:00:00;208.830843137242;0.0;0.0;0.0;0.0;0.0;0.0;0.0
2030-03-17 09:00:00;208.9869336642647;0.0;0.0;0.0;0.0;0.0;0.0;0.0
2030-03-17 10:00:00;193.8642201890372;0.0;0.0;0.0;0.0;0.0;0.0;0.0
2030-03-17 11:00:00;193.8016097999575;0.0;0.0;0.0;0.0;0.0;0.0;0.0
2030-03-17 12:00:00;193.7623192016318;0.0;0.0;0.0;0.0;0.0;0.0;0.0
2030-03-17 13:00:00;193.7552884287516;0.0;0.0;0.0;0.0;0.0;0.0;0.0
2030-03-17 14:00:00;193.7114959920499;0.0;0.0;0.0;0.0;0.0;0.0;0.0
2030-03-17 15:00:00;193.7178534989231;0.0;0.0;0.0;0.0;0.0;0.0;0.0
2030-03-17 16:00:00;193.7682379132466;0.0;0.0;0.0;0.0;0.0;0.0;0.0
2030-03-17 17:00:00;209.0223353977435;0.0;0.0;0.0;0.0;0.0;0.0;0.0
2030-03-17 18:00:00;209.0153615677593;0.0;0.0;0.0;0.0;0.0;0.0;0.0
2030-03-17 19:00:00;209.1481457023566;0.0;0.0;0.0;0.0;0.0;0.0;0.0
2030-03-17 20:00:00;209.1933114677296;0.0;0.0;0.0;0.0;0.0;0.0;0.0
2030-03-17 21:00:00;209.0797505849472;0.0;0.0;0.0;0.0;0.0;0.0;0.0
2030-03-17 22:00:00;209.1045810372395;0.0;0.0;0.0;0.0;0.0;0.0;0.0
2030-03-17 23:00:00;209.0643994500686;0.0;0.0;0.0;0.0;0.0;0.0;0.0
2030-03-18 00:00:00;209.0206706554274;0.0;0.0;0.0;0.0;0.0;0.0;0.0
2030-03-18 01:00:00;209.0177096248288;0.0;0.0;0.0;0.0;0.0;0.0;0.0
2030-03-18 02:00:00;207.4056595851353;0.0;0.0;0.0;0.0;0.0;0.0;0.0
2030-03-18 03:00:00;209.1597553540017;0.0;0.0;0.0;0.0;0.0;0.0;0.0
2030-03-18 04:00:00;209.2246267110157;0.0;0.0;0.0;0.0;0.0;0.0;0.0
2030-03-18 05:00:00;209.34928810896;0.0;0.0;0.0;0.0;0.0;0.0;0.0
2030-03-18 06:00:00;209.6149032723045;0.0;0.0;0.0;0.0;0.0;0.0;0.0
2030-03-18 07:00:00;210.0887586067751;0.0;0.0;0.0;0.0;0.0;0.0;0.0
2030-03-18 08:00:00;210.3877657543233;0.0;0.0;0.0;0.0;0.0;0.0;0.0
2030-03-18 09:00:00;210.5429552437544;0.0;0.0;0.0;0.0;0.0;0.0;0.0
2030-03-18 10:00:00;194.6561216958541;0.0;0.0;0.0;0.0;0.0;0.0;0.0
2030-03-18 11:00:00;194.6324267519022;0.0;0.0;0.0;0.0;0.0;0.0;0.0
2030-03-18 12:00:00;194.6330330262668;0.0;0.0;0.0;0.0;0.0;0.0;0.0
2030-03-18 13:00:00;194.2933150575721;0.0;0.0;0.0;0.0;0.0;0.0;0.0
2030-03-18 14:00:00;194.3097146116558;0.0;0.0;0.0;0.0;0.0;0.0;0.0
2030-03-18 15:00:00;210.1637423522243;0.0;0.0;0.0;0.0;0.0;0.0;0.0
2030-03-18 16:00:00;210.4641194788615;0.0;0.0;0.0;0.0;0.0;0.0;0.0
2030-03-18 17:00:00;210.3868178225819;0.0;0.0;0.0;0.0;0.0;0.0;0.0
2030-03-18 18:00:00;210.4989718808716;0.0;0.0;0.0;0.0;0.0;0.0;0.0
2030-03-18 19:00:00;210.6333403678142;0.0;0.0;0.0;0.0;0.0;0.0;0.0
2030-03-18 20:00:00;210.7195083679785;0.0;0.0;0.0;0.0;0.0;0.0;0.0
2030-03-18 21:00:00;210.6717433268768;0.0;0.0;0.0;0.0;0.0;0.0;0.0
2030-03-18 22:00:00;210.6408467813562;0.0;0.0;0.0;0.0;0.0;0.0;0.0
2030-03-18 23:00:00;210.5973390591351;0.0;0.0;0.0;0.0;0.0;0.0;0.0
2030-03-19 00:00:00;210.6022830423516;0.0;0.0;0.0;0.0;0.0;0.0;0.0
2030-03-19 01:00:00;210.4685509760128;0.0;0.0;0.0;0.0;0.0;0.0;0.0
2030-03-19 02:00:00;210.5319753135488;0.0;0.0;0.0;0.0;0.0;0.0;0.0
2030-03-19 03:00:00;210.5973055633139;0.0;0.0;0.0;0.0;0.0;0.0;0.0
2030-03-19 04:00:00;210.8915161092592;0.0;0.0;0.0;0.0;0.0;0.0;0.0
2030-03-19 05:00:00;211.068518077488;0.0;0.0;0.0;0.0;0.0;0.0;0.0
2030-03-19 06:00:00;211.3667313740725;0.0;0.0;0.0;0.0;0.0;0.0;0.0
2030-03-19 07:00:00;211.5644840035654;0.0;0.0;0.0;0.0;0.0;0.0;0.0
2030-03-19 08:00:00;211.6447902350112;0.0;0.0;0.0;0.0;0.0;0.0;0.0
2030-03-19 09:00:00;195.6310376708142;0.0;0.0;0.0;0.0;0.0;0.0;0.0
2030-03-19 10:00:00;200.0332393768615;0.0;0.0;0.0;0.0;0.0;0.0;0.0
2030-03-19 11:00:00;195.3994777089342;0.0;0.0;0.0;0.0;0.0;0.0;0.0
2030-03-19 12:00:00;195.5882166129289;0.0;0.0;0.0;0.0;0.0;0.0;0.0
2030-03-19 13:00:00;195.5090358410772;0.0;0.0;0.0;0.0;0.0;0.0;0.0
2030-03-19 14:00:00;195.5553337652082;0.0;0.0;0.0;0.0;0.0;0.0;0.0
2030-03-19 15:00:00;195.6417697319426;0.0;0.0;0.0;0.0;0.0;0.0;0.0
2030-03-19 16:00:00;195.6415788057615;0.0;0.0;0.0;0.0;0.0;0.0;0.0
2030-03-19 17:00:00;211.397463790069;0.0;0.0;0.0;0.0;0.0;0.0;0.0
2030-03-19 18:00:00;211.4210883927962;0.0;0.0;0.0;0.0;0.0;0.0;0.0
2030-03-19 19:00:00;211.4819770966636;0.0;0.0;0.0;0.0;0.0;0.0;0.0
2030-03-19 20:00:00;211.5493170957036;0.0;0.0;0.0;0.0;0.0;0.0;0.0
2030-03-19 21:00:00;211.5352153549575;0.0;0.0;0.0;0.0;0.0;0.0;0.0
2030-03-19 22:00:00;211.4868607874018;0.0;0.0;0.0;0.0;0.0;0.0;0.0
2030-03-19 23:00:00;211.4451886361852;0.0;0.0;0.0;0.0;0.0;0.0;0.0
2030-03-20 00:00:00;211.5264494985366;0.0;0.0;0.0;0.0;0.0;0.0;0.0
2030-03-20 01:00:00;211.2395644886986;0.0;0.0;0.0;0.0;0.0;0.0;0.0
2030-03-20 02:00:00;210.9689651471522;0.0;0.0;0.0;0.0;0.0;0.0;0.0
2030-03-20 03:00:00;210.7773757487693;0.0;0.0;0.0;0.0;0.0;0.0;0.0
2030-03-20 04:00:00;210.7504886530523;0.0;0.0;0.0;0.0;0.0;0.0;0.0
2030-03-20 05:00:00;210.8738437139679;0.0;0.0;0.0;0.0;0.0;0.0;0.0
2030-03-20 06:00:00;210.9975940255742;0.0;0.0;0.0;0.0;0.0;0.0;0.0
2030-03-20 07:00:00;211.403308810877;0.0;0.0;0.0;0.0;0.0;0.0;0.0
2030-03-20 08:00:00;211.3574161861829;0.0;0.0;0.0;0.0;0.0;0.0;0.0
2030-03-20 09:00:00;201.2687997352926;0.0;0.0;0.0;0.0;0.0;0.0;0.0
2030-03-20 10:00:00;195.5670941480489;0.0;0.0;0.0;0.0;0.0;0.0;0.0
2030-03-20 11:00:00;195.5811992383771;0.0;0.0;0.0;0.0;0.0;0.0;0.0
2030-03-20 12:00:00;195.4671158207833;0.0;0.0;0.0;0.0;0.0;0.0;0.0
2030-03-20 13:00:00;195.4425600342254;0.0;0.0;0.0;0.0;0.0;0.0;0.0
2030-03-20 14:00:00;195.2196721404667;0.0;0.0;0.0;0.0;0.0;0.0;0.0
2030-03-20 15:00:00;195.2502672235961;0.0;0.0;0.0;0.0;0.0;0.0;0.0
2030-03-20 16:00:00;195.464211733081;0.0;0.0;0.0;0.0;0.0;0.0;0.0
2030-03-20 17:00:00;195.6301600802976;0.0;0.0;0.0;0.0;0.0;0.0;0.0
2030-03-20 18:00:00;195.7928124387031;0.0;0.0;0.0;0.0;0.0;0.0;0.0
2030-03-20 19:00:00;201.5798117851766;0.0;0.0;0.0;0.0;0.0;0.0;0.0
2030-03-20 20:00:00;197.9906206524978;0.0;0.0;0.0;0.0;0.0;0.0;0.0
2030-03-20 21:00:00;195.7488022791634;0.0;0.0;0.0;0.0;0.0;0.0;0.0
2030-03-20 22:00:00;211.4638960523531;0.0;0.0;0.0;0.0;0.0;0.0;0.0
2030-03-20 23:00:00;211.2379365917859;0.0;0.0;0.0;0.0;0.0;0.0;0.0
2030-03-21 00:00:00;195.4275472071413;0.0;0.0;0.0;0.0;0.0;0.0;0.0
2030-03-21 01:00:00;195.5725472677483;0.0;0.0;0.0;0.0;0.0;0.0;0.0
2030-03-21 02:00:00;195.484235535024;0.0;0.0;0.0;0.0;0.0;0.0;0.0
2030-03-21 03:00:00;195.4432902431286;0.0;0.0;0.0;0.0;0.0;0.0;0.0
2030-03-21 04:00:00;195.3788677301194;0.0;0.0;0.0;0.0;0.0;0.0;0.0
2030-03-21 05:00:00;211.3021112357179;0.0;0.0;0.0;0.0;0.0;0.0;0.0
2030-03-21 06:00:00;211.4797864699539;0.0;0.0;0.0;0.0;0.0;0.0;0.0
2030-03-21 07:00:00;211.2491945373079;0.0;0.0;0.0;0.0;0.0;0.0;0.0
2030-03-21 08:00:00;211.1393751377591;0.0;0.0;0.0;0.0;0.0;0.0;0.0
2030-03-21 09:00:00;195.2746287343908;0.0;0.0;0.0;0.0;0.0;0.0;0.0
2030-03-21 10:00:00;195.2918723831701;0.0;0.0;0.0;0.0;0.0;0.0;0.0
2030-03-21 11:00:00;195.2524411023952;0.0;0.0;0.0;0.0;0.0;0.0;0.0
2030-03-21 12:00:00;195.224478790816;0.0;0.0;0.0;0.0;0.0;0.0;0.0
2030-03-21 13:00:00;195.1037397535401;0.0;0.0;0.0;0.0;0.0;0.0;0.0
2030-03-21 14:00:00;195.3082987339109;0.0;0.0;0.0;0.0;0.0;0.0;0.0
2030-03-21 15:00:00;195.3286641932306;0.0;0.0;0.0;0.0;0.0;0.0;0.0
2030-03-21 16:00:00;195.3802477579549;0.0;0.0;0.0;0.0;0.0;0.0;0.0
2030-03-21 17:00:00;211.2736230397452;0.0;0.0;0.0;0.0;0.0;0.0;0.0
2030-03-21 18:00:00;211.3369468898174;0.0;0.0;0.0;0.0;0.0;0.0;0.0
2030-03-21 19:00:00;211.2967586034821;0.0;0.0;0.0;0.0;0.0;0.0;0.0
2030-03-21 20:00:00;211.3405376418553;0.0;0.0;0.0;0.0;0.0;0.0;0.0
2030-03-21 21:00:00;211.3997582538245;0.0;0.0;0.0;0.0;0.0;0.0;0.0
2030-03-21 22:00:00;211.4380607254233;0.0;0.0;0.0;0.0;0.0;0.0;0.0
2030-03-21 23:00:00;211.2882808111239;0.0;0.0;0.0;0.0;0.0;0.0;0.0
2030-03-22 00:00:00;211.2392965221287;0.0;0.0;0.0;0.0;0.0;0.0;0.0
2030-03-22 01:00:00;211.1584644062893;0.0;0.0;0.0;0.0;0.0;0.0;0.0
2030-03-22 02:00:00;210.9600284620429;0.0;0.0;0.0;0.0;0.0;0.0;0.0
2030-03-22 03:00:00;210.9717486498981;0.0;0.0;0.0;0.0;0.0;0.0;0.0
2030-03-22 04:00:00;210.9784176679088;0.0;0.0;0.0;0.0;0.0;0.0;0.0
2030-03-22 05:00:00;211.1386884734236;0.0;0.0;0.0;0.0;0.0;0.0;0.0
2030-03-22 06:00:00;211.4145734555632;0.0;0.0;0.0;0.0;0.0;0.0;0.0
2030-03-22 07:00:00;211.5070822146901;0.0;0.0;0.0;0.0;0.0;0.0;0.0
2030-03-22 08:00:00;211.5107969012667;0.0;0.0;0.0;0.0;0.0;0.0;0.0
2030-03-22 09:00:00;211.5479370678681;0.0;0.0;0.0;0.0;0.0;0.0;0.0
2030-03-22 10:00:00;211.4712081901319;0.0;0.0;0.0;0.0;0.0;0.0;0.0
2030-03-22 11:00:00;195.5766371075229;0.0;0.0;0.0;0.0;0.0;0.0;0.0
2030-03-22 12:00:00;195.3151151335351;0.0;0.0;0.0;0.0;0.0;0.0;0.0
2030-03-22 13:00:00;195.1976318900846;0.0;0.0;0.0;0.0;0.0;0.0;0.0
2030-03-22 14:00:00;195.016509935842;0.0;0.0;0.0;0.0;0.0;0.0;0.0
2030-03-22 15:00:00;195.0673465437524;0.0;0.0;0.0;0.0;0.0;0.0;0.0
2030-03-22 16:00:00;210.9663725705876;0.0;0.0;0.0;0.0;0.0;0.0;0.0
2030-03-22 17:00:00;211.0711374507097;0.0;0.0;0.0;0.0;0.0;0.0;0.0
2030-03-22 18:00:00;211.2366168564287;0.0;0.0;0.0;0.0;0.0;0.0;0.0
2030-03-22 19:00:00;211.3295242158285;0.0;0.0;0.0;0.0;0.0;0.0;0.0
2030-03-22 20:00:00;211.3979796257161;0.0;0.0;0.0;0.0;0.0;0.0;0.0
2030-03-22 21:00:00;211.4252452242133;0.0;0.0;0.0;0.0;0.0;0.0;0.0
2030-03-22 22:00:00;211.2246923440638;0.0;0.0;0.0;0.0;0.0;0.0;0.0
2030-03-22 23:00:00;210.9567760177995;0.0;0.0;0.0;0.0;0.0;0.0;0.0
2030-03-23 00:00:00;210.4997188376855;0.0;0.0;0.0;0.0;0.0;0.0;0.0
2030-03-23 01:00:00;210.4553871182619;0.0;0.0;0.0;0.0;0.0;0.0;0.0
2030-03-23 02:00:00;210.1055333140569;0.0;0.0;0.0;0.0;0.0;0.0;0.0
2030-03-23 03:00:00;209.7621073579498;0.0;0.0;0.0;0.0;0.0;0.0;0.0
2030-03-23 04:00:00;209.6269048250581;0.0;0.0;0.0;0.0;0.0;0.0;0.0
2030-03-23 05:00:00;209.6989442878196;0.0;0.0;0.0;0.0;0.0;0.0;0.0
2030-03-23 06:00:00;209.7750300457879;0.0;0.0;0.0;0.0;0.0;0.0;0.0
2030-03-23 07:00:00;209.5477006061316;0.0;0.0;0.0;0.0;0.0;0.0;0.0
2030-03-23 08:00:00;209.5674832381616;0.0;0.0;0.0;0.0;0.0;0.0;0.0
2030-03-23 09:00:00;209.6452605351029;0.0;0.0;0.0;0.0;0.0;0.0;0.0
2030-03-23 10:00:00;194.2250271267906;0.0;0.0;0.0;0.0;0.0;0.0;0.0
2030-03-23 11:00:00;194.2202874680839;0.0;0.0;0.0;0.0;0.0;0.0;0.0
2030-03-23 12:00:00;194.1321968077797;0.0;0.0;0.0;0.0;0.0;0.0;0.0
2030-03-23 13:00:00;194.1078687928062;0.0;0.0;0.0;0.0;0.0;0.0;0.0
2030-03-23 14:00:00;193.9523108493413;0.0;0.0;0.0;0.0;0.0;0.0;0.0
2030-03-23 15:00:00;193.9008177233344;0.0;0.0;0.0;0.0;0.0;0.0;0.0
2030-03-23 16:00:00;193.9582329105382;0.0;0.0;0.0;0.0;0.0;0.0;0.0
2030-03-23 17:00:00;209.4710052242165;0.0;0.0;0.0;0.0;0.0;0.0;0.0
2030-03-23 18:00:00;209.7525141547439;0.0;0.0;0.0;0.0;0.0;0.0;0.0
2030-03-23 19:00:00;209.7487391756891;0.0;0.0;0.0;0.0;0.0;0.0;0.0
2030-03-23 20:00:00;209.7588984582741;0.0;0.0;0.0;0.0;0.0;0.0;0.0
2030-03-23 21:00:00;209.8132655257442;0.0;0.0;0.0;0.0;0.0;0.0;0.0
2030-03-23 22:00:00;209.8455387495181;0.0;0.0;0.0;0.0;0.0;0.0;0.0
2030-03-23 23:00:00;209.7945011666802;0.0;0.0;0.0;0.0;0.0;0.0;0.0
2030-03-24 00:00:00;209.7718244956943;0.0;0.0;0.0;0.0;0.0;0.0;0.0
2030-03-24 01:00:00;209.5816251738931;0.0;0.0;0.0;0.0;0.0;0.0;0.0
2030-03-24 02:00:00;209.0152007878173;0.0;0.0;0.0;0.0;0.0;0.0;0.0
2030-03-24 03:00:00;208.8050614036263;0.0;0.0;0.0;0.0;0.0;0.0;0.0
2030-03-24 04:00:00;208.7239043783208;0.0;0.0;0.0;0.0;0.0;0.0;0.0
2030-03-24 05:00:00;208.7250767320645;0.0;0.0;0.0;0.0;0.0;0.0;0.0
2030-03-24 06:00:00;208.8248473852384;0.0;0.0;0.0;0.0;0.0;0.0;0.0
2030-03-24 07:00:00;208.9183007265245;0.0;0.0;0.0;0.0;0.0;0.0;0.0
2030-03-24 08:00:00;208.9793937549015;0.0;0.0;0.0;0.0;0.0;0.0;0.0
2030-03-24 09:00:00;208.9762016031365;0.0;0.0;0.0;0.0;0.0;0.0;0.0
2030-03-24 10:00:00;208.920618637355;0.0;0.0;0.0;0.0;0.0;0.0;0.0
2030-03-24 11:00:00;193.8155239641046;0.0;0.0;0.0;0.0;0.0;0.0;0.0
2030-03-24 12:00:00;193.7941904755507;0.0;0.0;0.0;0.0;0.0;0.0;0.0
2030-03-24 13:00:00;193.7463048494924;0.0;0.0;0.0;0.0;0.0;0.0;0.0
2030-03-24 14:00:00;193.6805559019618;0.0;0.0;0.0;0.0;0.0;0.0;0.0
2030-03-24 15:00:00;193.6748448644387;0.0;0.0;0.0;0.0;0.0;0.0;0.0
2030-03-24 16:00:00;208.6621380839367;0.0;0.0;0.0;0.0;0.0;0.0;0.0
2030-03-24 17:00:00;208.7736389737121;0.0;0.0;0.0;0.0;0.0;0.0;0.0
2030-03-24 18:00:00;208.9307008795511;0.0;0.0;0.0;0.0;0.0;0.0;0.0
2030-03-24 19:00:00;209.075479867738;0.0;0.0;0.0;0.0;0.0;0.0;0.0
2030-03-24 20:00:00;209.1564895114299;0.0;0.0;0.0;0.0;0.0;0.0;0.0
2030-03-24 21:00:00;209.1469231048811;0.0;0.0;0.0;0.0;0.0;0.0;0.0
2030-03-24 22:00:00;208.9566869376765;0.0;0.0;0.0;0.0;0.0;0.0;0.0
2030-03-24 23:00:00;208.8140215358105;0.0;0.0;0.0;0.0;0.0;0.0;0.0
2030-03-25 00:00:00;208.748815220584;0.0;0.0;0.0;0.0;0.0;0.0;0.0
2030-03-25 01:00:00;208.5716491228311;0.0;0.0;0.0;0.0;0.0;0.0;0.0
2030-03-25 02:00:00;208.5071294719403;0.0;0.0;0.0;0.0;0.0;0.0;0.0
2030-03-25 03:00:00;208.5834061560896;0.0;0.0;0.0;0.0;0.0;0.0;0.0
2030-03-25 04:00:00;208.7242192390406;0.0;0.0;0.0;0.0;0.0;0.0;0.0
2030-03-25 05:00:00;208.7237670454537;0.0;0.0;0.0;0.0;0.0;0.0;0.0
2030-03-25 06:00:00;208.9363683725065;0.0;0.0;0.0;0.0;0.0;0.0;0.0
2030-03-25 07:00:00;209.3730064999868;0.0;0.0;0.0;0.0;0.0;0.0;0.0
2030-03-25 08:00:00;209.680109587531;0.0;0.0;0.0;0.0;0.0;0.0;0.0
2030-03-25 09:00:00;209.7798299969729;0.0;0.0;0.0;0.0;0.0;0.0;0.0
2030-03-25 10:00:00;209.6884433478578;0.0;0.0;0.0;0.0;0.0;0.0;0.0
2030-03-25 11:00:00;194.1151172885246;0.0;0.0;0.0;0.0;0.0;0.0;0.0
2030-03-25 12:00:00;194.1506496557061;0.0;0.0;0.0;0.0;0.0;0.0;0.0
2030-03-25 13:00:00;194.1716046414798;0.0;0.0;0.0;0.0;0.0;0.0;0.0
2030-03-25 14:00:00;194.1011327831529;0.0;0.0;0.0;0.0;0.0;0.0;0.0
2030-03-25 15:00:00;209.7222205340059;0.0;0.0;0.0;0.0;0.0;0.0;0.0
2030-03-25 16:00:00;209.7959481861582;0.0;0.0;0.0;0.0;0.0;0.0;0.0
2030-03-25 17:00:00;209.9618295417322;0.0;0.0;0.0;0.0;0.0;0.0;0.0
2030-03-25 18:00:00;210.0302950003662;0.0;0.0;0.0;0.0;0.0;0.0;0.0
2030-03-25 19:00:00;210.2683230053296;0.0;0.0;0.0;0.0;0.0;0.0;0.0
2030-03-25 20:00:00;210.297685442237;0.0;0.0;0.0;0.0;0.0;0.0;0.0
2030-03-25 21:00:00;210.3133011941035;0.0;0.0;0.0;0.0;0.0;0.0;0.0
2030-03-25 22:00:00;210.0348638303847;0.0;0.0;0.0;0.0;0.0;0.0;0.0
2030-03-25 23:00:00;209.7484142662229;0.0;0.0;0.0;0.0;0.0;0.0;0.0
2030-03-26 00:00:00;209.6966632223925;0.0;0.0;0.0;0.0;0.0;0.0;0.0
2030-03-26 01:00:00;209.682069093074;0.0;0.0;0.0;0.0;0.0;0.0;0.0
2030-03-26 02:00:00;209.6926839188281;0.0;0.0;0.0;0.0;0.0;0.0;0.0
2030-03-26 03:00:00;209.6783611056617;0.0;0.0;0.0;0.0;0.0;0.0;0.0
2030-03-26 04:00:00;209.8201857624144;0.0;0.0;0.0;0.0;0.0;0.0;0.0
2030-03-26 05:00:00;209.8984420495996;0.0;0.0;0.0;0.0;0.0;0.0;0.0
2030-03-26 06:00:00;210.1289200964533;0.0;0.0;0.0;0.0;0.0;0.0;0.0
2030-03-26 07:00:00;210.5078147776816;0.0;0.0;0.0;0.0;0.0;0.0;0.0
2030-03-26 08:00:00;210.8148106785977;0.0;0.0;0.0;0.0;0.0;0.0;0.0
2030-03-26 09:00:00;210.7751650245668;0.0;0.0;0.0;0.0;0.0;0.0;0.0
2030-03-26 10:00:00;210.6240519765817;0.0;0.0;0.0;0.0;0.0;0.0;0.0
2030-03-26 11:00:00;194.8015906979587;0.0;0.0;0.0;0.0;0.0;0.0;0.0
2030-03-26 12:00:00;194.8150660668474;0.0;0.0;0.0;0.0;0.0;0.0;0.0
2030-03-26 13:00:00;194.6292714455405;0.0;0.0;0.0;0.0;0.0;0.0;0.0
2030-03-26 14:00:00;194.7955313038946;0.0;0.0;0.0;0.0;0.0;0.0;0.0
2030-03-26 15:00:00;194.7605449185995;0.0;0.0;0.0;0.0;0.0;0.0;0.0
2030-03-26 16:00:00;210.7850127960141;0.0;0.0;0.0;0.0;0.0;0.0;0.0
2030-03-26 17:00:00;210.840501973496;0.0;0.0;0.0;0.0;0.0;0.0;0.0
2030-03-26 18:00:00;210.9151608094791;0.0;0.0;0.0;0.0;0.0;0.0;0.0
2030-03-26 19:00:00;210.9053766800921;0.0;0.0;0.0;0.0;0.0;0.0;0.0
2030-03-26 20:00:00;210.86875569872;0.0;0.0;0.0;0.0;0.0;0.0;0.0
2030-03-26 21:00:00;210.8400330319986;0.0;0.0;0.0;0.0;0.0;0.0;0.0
2030-03-26 22:00:00;210.8834737625771;0.0;0.0;0.0;0.0;0.0;0.0;0.0
2030-03-26 23:00:00;210.8540309356987;0.0;0.0;0.0;0.0;0.0;0.0;0.0
2030-03-27 00:00:00;210.8438147102176;0.0;0.0;0.0;0.0;0.0;0.0;0.0
2030-03-27 01:00:00;210.724747114422;0.0;0.0;0.0;0.0;0.0;0.0;0.0
2030-03-27 02:00:00;210.6699881458432;0.0;0.0;0.0;0.0;0.0;0.0;0.0
2030-03-27 03:00:00;210.6244204306154;0.0;0.0;0.0;0.0;0.0;0.0;0.0
2030-03-27 04:00:00;210.6101780074201;0.0;0.0;0.0;0.0;0.0;0.0;0.0
2030-03-27 05:00:00;210.7162525741531;0.0;0.0;0.0;0.0;0.0;0.0;0.0
2030-03-27 06:00:00;211.0892385925129;0.0;0.0;0.0;0.0;0.0;0.0;0.0
2030-03-27 07:00:00;211.3001651285033;0.0;0.0;0.0;0.0;0.0;0.0;0.0
2030-03-27 08:00:00;211.5067472564776;0.0;0.0;0.0;0.0;0.0;0.0;0.0
2030-03-27 09:00:00;211.4214735947406;0.0;0.0;0.0;0.0;0.0;0.0;0.0
2030-03-27 10:00:00;211.2280251782782;0.0;0.0;0.0;0.0;0.0;0.0;0.0
2030-03-27 11:00:00;195.4243115108085;0.0;0.0;0.0;0.0;0.0;0.0;0.0
2030-03-27 12:00:00;195.439173606697;0.0;0.0;0.0;0.0;0.0;0.0;0.0
2030-03-27 13:00:00;195.4602089824417;0.0;0.0;0.0;0.0;0.0;0.0;0.0
2030-03-27 14:00:00;195.4610966217049;0.0;0.0;0.0;0.0;0.0;0.0;0.0
2030-03-27 15:00:00;195.2560084073583;0.0;0.0;0.0;0.0;0.0;0.0;0.0
2030-03-27 16:00:00;211.1570843784538;0.0;0.0;0.0;0.0;0.0;0.0;0.0
2030-03-27 17:00:00;211.4450278562432;0.0;0.0;0.0;0.0;0.0;0.0;0.0
2030-03-27 18:00:00;211.5215524094699;0.0;0.0;0.0;0.0;0.0;0.0;0.0
2030-03-27 19:00:00;211.5479471166145;0.0;0.0;0.0;0.0;0.0;0.0;0.0
2030-03-27 20:00:00;211.6459190441872;0.0;0.0;0.0;0.0;0.0;0.0;0.0
2030-03-27 21:00:00;211.6235337868462;0.0;0.0;0.0;0.0;0.0;0.0;0.0
2030-03-27 22:00:00;211.5100164486316;0.0;0.0;0.0;0.0;0.0;0.0;0.0
2030-03-27 23:00:00;211.4616886777328;0.0;0.0;0.0;0.0;0.0;0.0;0.0
2030-03-28 00:00:00;211.4212793189773;0.0;0.0;0.0;0.0;0.0;0.0;0.0
2030-03-28 01:00:00;211.3344548007164;0.0;0.0;0.0;0.0;0.0;0.0;0.0
2030-03-28 02:00:00;211.2248497744237;0.0;0.0;0.0;0.0;0.0;0.0;0.0
2030-03-28 03:00:00;211.0196141784637;0.0;0.0;0.0;0.0;0.0;0.0;0.0
2030-03-28 04:00:00;211.0675399995074;0.0;0.0;0.0;0.0;0.0;0.0;0.0
2030-03-28 05:00:00;210.9726396387433;0.0;0.0;0.0;0.0;0.0;0.0;0.0
2030-03-28 06:00:00;211.1228750962117;0.0;0.0;0.0;0.0;0.0;0.0;0.0
2030-03-28 07:00:00;211.3625745426554;0.0;0.0;0.0;0.0;0.0;0.0;0.0
2030-03-28 08:00:00;211.4648339353481;0.0;0.0;0.0;0.0;0.0;0.0;0.0
2030-03-28 09:00:00;211.3411405666378;0.0;0.0;0.0;0.0;0.0;0.0;0.0
2030-03-28 10:00:00;211.332753212997;0.0;0.0;0.0;0.0;0.0;0.0;0.0
2030-03-28 11:00:00;195.4499592611394;0.0;0.0;0.0;0.0;0.0;0.0;0.0
2030-03-28 12:00:00;195.5263163352598;0.0;0.0;0.0;0.0;0.0;0.0;0.0
2030-03-28 13:00:00;195.405182047293;0.0;0.0;0.0;0.0;0.0;0.0;0.0
2030-03-28 14:00:00;195.3002731351395;0.0;0.0;0.0;0.0;0.0;0.0;0.0
2030-03-28 15:00:00;195.4240736904777;0.0;0.0;0.0;0.0;0.0;0.0;0.0
2030-03-28 16:00:00;195.5642202065858;0.0;0.0;0.0;0.0;0.0;0.0;0.0
2030-03-28 17:00:00;211.5937827984123;0.0;0.0;0.0;0.0;0.0;0.0;0.0
2030-03-28 18:00:00;211.5160021518889;0.0;0.0;0.0;0.0;0.0;0.0;0.0
2030-03-28 19:00:00;211.5490826249548;0.0;0.0;0.0;0.0;0.0;0.0;0.0
2030-03-28 20:00:00;211.5946335922721;0.0;0.0;0.0;0.0;0.0;0.0;0.0
2030-03-28 21:00:00;211.5920008207219;0.0;0.0;0.0;0.0;0.0;0.0;0.0
2030-03-28 22:00:00;211.5218002785472;0.0;0.0;0.0;0.0;0.0;0.0;0.0
2030-03-28 23:00:00;211.4807913445913;0.0;0.0;0.0;0.0;0.0;0.0;0.0
2030-03-29 00:00:00;211.3852009699095;0.0;0.0;0.0;0.0;0.0;0.0;0.0
2030-03-29 01:00:00;211.2755959436167;0.0;0.0;0.0;0.0;0.0;0.0;0.0
2030-03-29 02:00:00;211.1372883480953;0.0;0.0;0.0;0.0;0.0;0.0;0.0
2030-03-29 03:00:00;210.9446036363575;0.0;0.0;0.0;0.0;0.0;0.0;0.0
2030-03-29 04:00:00;211.0413328689618;0.0;0.0;0.0;0.0;0.0;0.0;0.0
2030-03-29 05:00:00;211.0972775896128;0.0;0.0;0.0;0.0;0.0;0.0;0.0
2030-03-29 06:00:00;211.1780963071237;0.0;0.0;0.0;0.0;0.0;0.0;0.0
2030-03-29 07:00:00;211.3819518752482;0.0;0.0;0.0;0.0;0.0;0.0;0.0
2030-03-29 08:00:00;211.4995021103414;0.0;0.0;0.0;0.0;0.0;0.0;0.0
2030-03-29 09:00:00;211.3479837629191;0.0;0.0;0.0;0.0;0.0;0.0;0.0
2030-03-29 10:00:00;195.3811822913677;0.0;0.0;0.0;0.0;0.0;0.0;0.0
2030-03-29 11:00:00;195.2833744933191;0.0;0.0;0.0;0.0;0.0;0.0;0.0
2030-03-29 12:00:00;195.0275200122867;0.0;0.0;0.0;0.0;0.0;0.0;0.0
2030-03-29 13:00:00;194.9041247563856;0.0;0.0;0.0;0.0;0.0;0.0;0.0
2030-03-29 14:00:00;194.8404023060405;0.0;0.0;0.0;0.0;0.0;0.0;0.0
2030-03-29 15:00:00;194.8723606690947;0.0;0.0;0.0;0.0;0.0;0.0;0.0
2030-03-29 16:00:00;195.0376123032292;0.0;0.0;0.0;0.0;0.0;0.0;0.0
2030-03-29 17:00:00;195.0976669611475;0.0;0.0;0.0;0.0;0.0;0.0;0.0
2030-03-29 18:00:00;211.0871183070279;0.0;0.0;0.0;0.0;0.0;0.0;0.0
2030-03-29 19:00:00;211.1100495462553;0.0;0.0;0.0;0.0;0.0;0.0;0.0
2030-03-29 20:00:00;211.0254525001074;0.0;0.0;0.0;0.0;0.0;0.0;0.0
2030-03-29 21:00:00;211.0422037603143;0.0;0.0;0.0;0.0;0.0;0.0;0.0
2030-03-29 22:00:00;211.091010521457;0.0;0.0;0.0;0.0;0.0;0.0;0.0
2030-03-29 23:00:00;210.692122184525;0.0;0.0;0.0;0.0;0.0;0.0;0.0
2030-03-30 00:00:00;210.609960284582;0.0;0.0;0.0;0.0;0.0;0.0;0.0
2030-03-30 01:00:00;210.1637959455383;0.0;0.0;0.0;0.0;0.0;0.0;0.0
2030-03-30 02:00:00;209.8021650105821;0.0;0.0;0.0;0.0;0.0;0.0;0.0
2030-03-30 03:00:00;209.5806772421518;0.0;0.0;0.0;0.0;0.0;0.0;0.0
2030-03-30 04:00:00;204.2186829244387;0.0;0.0;0.0;0.0;0.0;0.0;0.0
2030-03-30 05:00:00;194.0690270384853;0.0;0.0;0.0;0.0;0.0;0.0;0.0
2030-03-30 06:00:00;194.0902097958434;0.0;0.0;0.0;0.0;0.0;0.0;0.0
2030-03-30 07:00:00;194.1075405337579;0.0;0.0;0.0;0.0;0.0;0.0;0.0
2030-03-30 08:00:00;194.1117677063996;0.0;0.0;0.0;0.0;0.0;0.0;0.0
2030-03-30 09:00:00;194.1063246354466;0.0;0.0;0.0;0.0;0.0;0.0;0.0
2030-03-30 10:00:00;194.0347172687794;0.0;0.0;0.0;0.0;0.0;0.0;0.0
2030-03-30 11:00:00;193.9671863435582;0.0;0.0;0.0;0.0;0.0;0.0;0.0
2030-03-30 12:00:00;193.9410127088338;0.0;0.0;0.0;0.0;0.0;0.0;0.0
2030-03-30 13:00:00;193.9340958217458;0.0;0.0;0.0;0.0;0.0;0.0;0.0
2030-03-30 14:00:00;193.900593301332;0.0;0.0;0.0;0.0;0.0;0.0;0.0
2030-03-30 15:00:00;193.9193744083066;0.0;0.0;0.0;0.0;0.0;0.0;0.0
2030-03-30 16:00:00;193.9257185168512;0.0;0.0;0.0;0.0;0.0;0.0;0.0
2030-03-30 17:00:00;194.0006319210759;0.0;0.0;0.0;0.0;0.0;0.0;0.0
2030-03-30 18:00:00;194.0809247541931;0.0;0.0;0.0;0.0;0.0;0.0;0.0
2030-03-30 19:00:00;194.0937737512244;0.0;0.0;0.0;0.0;0.0;0.0;0.0
2030-03-30 20:00:00;194.1224763204531;0.0;0.0;0.0;0.0;0.0;0.0;0.0
2030-03-30 21:00:00;194.1083544822144;0.0;0.0;0.0;0.0;0.0;0.0;0.0
2030-03-30 22:00:00;194.0661296499472;0.0;0.0;0.0;0.0;0.0;0.0;0.0
2030-03-30 23:00:00;194.0866190438055;0.0;0.0;0.0;0.0;0.0;0.0;0.0
2030-03-31 00:00:00;194.0669904925533;0.0;0.0;0.0;0.0;0.0;0.0;0.0
2030-03-31 01:00:00;193.9229082174484;0.0;0.0;0.0;0.0;0.0;0.0;0.0
2030-03-31 02:00:00;193.7405067228341;0.0;0.0;0.0;0.0;0.0;0.0;0.0
2030-03-31 03:00:00;193.6093538347316;0.0;0.0;0.0;0.0;0.0;0.0;0.0
2030-03-31 04:00:00;193.614914141059;0.0;0.0;0.0;0.0;0.0;0.0;0.0
2030-03-31 05:00:00;193.6077661328044;0.0;0.0;0.0;0.0;0.0;0.0;0.0
2030-03-31 06:00:00;193.6265003456293;0.0;0.0;0.0;0.0;0.0;0.0;0.0
2030-03-31 07:00:00;193.6375037229097;0.0;0.0;0.0;0.0;0.0;0.0;0.0
2030-03-31 08:00:00;193.65991912649;0.0;0.0;0.0;0.0;0.0;0.0;0.0
2030-03-31 09:00:00;193.6710263408163;0.0;0.0;0.0;0.0;0.0;0.0;0.0
2030-03-31 10:00:00;193.6468524066205;0.0;0.0;0.0;0.0;0.0;0.0;0.0
2030-03-31 11:00:00;193.5984944894825;0.0;0.0;0.0;0.0;0.0;0.0;0.0
2030-03-31 12:00:00;193.5285853609527;0.0;0.0;0.0;0.0;0.0;0.0;0.0
2030-03-31 13:00:00;193.4919308837593;0.0;0.0;0.0;0.0;0.0;0.0;0.0
2030-03-31 14:00:00;193.4542983285854;0.0;0.0;0.0;0.0;0.0;0.0;0.0
2030-03-31 15:00:00;193.3804433923124;0.0;0.0;0.0;0.0;0.0;0.0;0.0
2030-03-31 16:00:00;193.4123515116347;0.0;0.0;0.0;0.0;0.0;0.0;0.0
2030-03-31 17:00:00;193.4207020198722;0.0;0.0;0.0;0.0;0.0;0.0;0.0
2030-03-31 18:00:00;193.4985999017701;0.0;0.0;0.0;0.0;0.0;0.0;0.0
2030-03-31 19:00:00;193.5925389324644;0.0;0.0;0.0;0.0;0.0;0.0;0.0
2030-03-31 20:00:00;193.6043294615442;0.0;0.0;0.0;0.0;0.0;0.0;0.0
2030-03-31 21:00:00;193.6145992803394;0.0;0.0;0.0;0.0;0.0;0.0;0.0
2030-03-31 22:00:00;193.6113367873497;0.0;0.0;0.0;0.0;0.0;0.0;0.0
2030-03-31 23:00:00;193.6294982216311;0.0;0.0;0.0;0.0;0.0;0.0;0.0
2030-04-01 00:00:00;208.5510625910912;0.0;0.0;0.0;0.0;0.0;0.0;0.0
2030-04-01 01:00:00;193.5812240440463;0.0;0.0;0.0;0.0;0.0;0.0;0.0
2030-04-01 02:00:00;193.6241254919027;0.0;0.0;0.0;0.0;0.0;0.0;0.0
2030-04-01 03:00:00;193.7428715278144;0.0;0.0;0.0;0.0;0.0;0.0;0.0
2030-04-01 04:00:00;193.806125036662;0.0;0.0;0.0;0.0;0.0;0.0;0.0
2030-04-01 05:00:00;194.0465379440983;0.0;0.0;0.0;0.0;0.0;0.0;0.0
2030-04-01 06:00:00;194.3796136914393;0.0;0.0;0.0;0.0;0.0;0.0;0.0
2030-04-01 07:00:00;194.5608964256238;0.0;0.0;0.0;0.0;0.0;0.0;0.0
2030-04-01 08:00:00;194.5511625399687;0.0;0.0;0.0;0.0;0.0;0.0;0.0
2030-04-01 09:00:00;194.4284037046713;0.0;0.0;0.0;0.0;0.0;0.0;0.0
2030-04-01 10:00:00;194.2885084072228;0.0;0.0;0.0;0.0;0.0;0.0;0.0
2030-04-01 11:00:00;194.2620534075999;0.0;0.0;0.0;0.0;0.0;0.0;0.0
2030-04-01 12:00:00;194.1705193768713;0.0;0.0;0.0;0.0;0.0;0.0;0.0
2030-04-01 13:00:00;194.071860784963;0.0;0.0;0.0;0.0;0.0;0.0;0.0
2030-04-01 14:00:00;194.0393028467084;0.0;0.0;0.0;0.0;0.0;0.0;0.0
2030-04-01 15:00:00;194.0506813771869;0.0;0.0;0.0;0.0;0.0;0.0;0.0
2030-04-01 16:00:00;194.0419021224373;0.0;0.0;0.0;0.0;0.0;0.0;0.0
2030-04-01 17:00:00;194.0923099838357;0.0;0.0;0.0;0.0;0.0;0.0;0.0
2030-04-01 18:00:00;194.1407851363481;0.0;0.0;0.0;0.0;0.0;0.0;0.0
2030-04-01 19:00:00;194.1464459301392;0.0;0.0;0.0;0.0;0.0;0.0;0.0
2030-04-01 20:00:00;194.1569971138329;0.0;0.0;0.0;0.0;0.0;0.0;0.0
2030-04-01 21:00:00;194.1613817168345;0.0;0.0;0.0;0.0;0.0;0.0;0.0
2030-04-01 22:00:00;194.1362263550761;0.0;0.0;0.0;0.0;0.0;0.0;0.0
2030-04-01 23:00:00;194.1257086672037;0.0;0.0;0.0;0.0;0.0;0.0;0.0
2030-04-02 00:00:00;194.0011611550516;0.0;0.0;0.0;0.0;0.0;0.0;0.0
2030-04-02 01:00:00;193.9247873330205;0.0;0.0;0.0;0.0;0.0;0.0;0.0
2030-04-02 02:00:00;193.9231058427938;0.0;0.0;0.0;0.0;0.0;0.0;0.0
2030-04-02 03:00:00;193.8824620132896;0.0;0.0;0.0;0.0;0.0;0.0;0.0
2030-04-02 04:00:00;200.9499865086397;0.0;0.0;0.0;0.0;0.0;0.0;0.0
2030-04-02 05:00:00;199.8703793443641;0.0;0.0;0.0;0.0;0.0;0.0;0.0
2030-04-02 06:00:00;201.9315145587145;0.0;0.0;0.0;0.0;0.0;0.0;0.0
2030-04-02 07:00:00;194.549909796254;0.0;0.0;0.0;0.0;0.0;0.0;0.0
2030-04-02 08:00:00;194.5164407716615;0.0;0.0;0.0;0.0;0.0;0.0;0.0
2030-04-02 09:00:00;194.4722363363585;0.0;0.0;0.0;0.0;0.0;0.0;0.0
2030-04-02 10:00:00;194.3076780657239;0.0;0.0;0.0;0.0;0.0;0.0;0.0
2030-04-02 11:00:00;194.2760312138073;0.0;0.0;0.0;0.0;0.0;0.0;0.0
2030-04-02 12:00:00;194.2659121262078;0.0;0.0;0.0;0.0;0.0;0.0;0.0
2030-04-02 13:00:00;194.2529659912949;0.0;0.0;0.0;0.0;0.0;0.0;0.0
2030-04-02 14:00:00;194.2511605665296;0.0;0.0;0.0;0.0;0.0;0.0;0.0
2030-04-02 15:00:00;194.2166163260749;0.0;0.0;0.0;0.0;0.0;0.0;0.0
2030-04-02 16:00:00;194.2225517856003;0.0;0.0;0.0;0.0;0.0;0.0;0.0
2030-04-02 17:00:00;194.2861904963923;0.0;0.0;0.0;0.0;0.0;0.0;0.0
2030-04-02 18:00:00;194.3529275706498;0.0;0.0;0.0;0.0;0.0;0.0;0.0
2030-04-02 19:00:00;194.3421720624466;0.0;0.0;0.0;0.0;0.0;0.0;0.0
2030-04-02 20:00:00;194.3476151333996;0.0;0.0;0.0;0.0;0.0;0.0;0.0
2030-04-02 21:00:00;194.3565116235235;0.0;0.0;0.0;0.0;0.0;0.0;0.0
2030-04-02 22:00:00;194.1111949278563;0.0;0.0;0.0;0.0;0.0;0.0;0.0
2030-04-02 23:00:00;194.0087211619076;0.0;0.0;0.0;0.0;0.0;0.0;0.0
2030-04-03 00:00:00;193.9418534539472;0.0;0.0;0.0;0.0;0.0;0.0;0.0
2030-04-03 01:00:00;209.3210511316468;0.0;0.0;0.0;0.0;0.0;0.0;0.0
2030-04-03 02:00:00;209.3264339101215;0.0;0.0;0.0;0.0;0.0;0.0;0.0
2030-04-03 03:00:00;209.3782318481017;0.0;0.0;0.0;0.0;0.0;0.0;0.0
2030-04-03 04:00:00;209.5208269087431;0.0;0.0;0.0;0.0;0.0;0.0;0.0
2030-04-03 05:00:00;209.9089965828754;0.0;0.0;0.0;0.0;0.0;0.0;0.0
2030-04-03 06:00:00;210.4424778287522;0.0;0.0;0.0;0.0;0.0;0.0;0.0
2030-04-03 07:00:00;210.6170413011941;0.0;0.0;0.0;0.0;0.0;0.0;0.0
2030-04-03 08:00:00;210.6426354582109;0.0;0.0;0.0;0.0;0.0;0.0;0.0
2030-04-03 09:00:00;210.633980138;0.0;0.0;0.0;0.0;0.0;0.0;0.0
2030-04-03 10:00:00;210.5844867125218;0.0;0.0;0.0;0.0;0.0;0.0;0.0
2030-04-03 11:00:00;210.485871665181;0.0;0.0;0.0;0.0;0.0;0.0;0.0
2030-04-03 12:00:00;210.5500630570236;0.0;0.0;0.0;0.0;0.0;0.0;0.0
2030-04-03 13:00:00;210.5767893727986;0.0;0.0;0.0;0.0;0.0;0.0;0.0
2030-04-03 14:00:00;210.5401717410086;0.0;0.0;0.0;0.0;0.0;0.0;0.0
2030-04-03 15:00:00;210.4445244234306;0.0;0.0;0.0;0.0;0.0;0.0;0.0
2030-04-03 16:00:00;210.4534075152259;0.0;0.0;0.0;0.0;0.0;0.0;0.0
2030-04-03 17:00:00;210.5272557523348;0.0;0.0;0.0;0.0;0.0;0.0;0.0
2030-04-03 18:00:00;210.5149661355184;0.0;0.0;0.0;0.0;0.0;0.0;0.0
2030-04-03 19:00:00;210.6365191212507;0.0;0.0;0.0;0.0;0.0;0.0;0.0
2030-04-03 20:00:00;210.6898612165906;0.0;0.0;0.0;0.0;0.0;0.0;0.0
2030-04-03 21:00:00;210.6756455900523;0.0;0.0;0.0;0.0;0.0;0.0;0.0
2030-04-03 22:00:00;210.5857126595794;0.0;0.0;0.0;0.0;0.0;0.0;0.0
2030-04-03 23:00:00;210.4039375368226;0.0;0.0;0.0;0.0;0.0;0.0;0.0
2030-04-04 00:00:00;210.4545731698055;0.0;0.0;0.0;0.0;0.0;0.0;0.0
2030-04-04 01:00:00;210.4042624462887;0.0;0.0;0.0;0.0;0.0;0.0;0.0
2030-04-04 02:00:00;210.2972231999037;0.0;0.0;0.0;0.0;0.0;0.0;0.0
2030-04-04 03:00:00;210.2300037858201;0.0;0.0;0.0;0.0;0.0;0.0;0.0
2030-04-04 04:00:00;210.380091861675;0.0;0.0;0.0;0.0;0.0;0.0;0.0
2030-04-04 05:00:00;210.523346789995;0.0;0.0;0.0;0.0;0.0;0.0;0.0
2030-04-04 06:00:00;210.4438076128558;0.0;0.0;0.0;0.0;0.0;0.0;0.0
2030-04-04 07:00:00;210.5380548051056;0.0;0.0;0.0;0.0;0.0;0.0;0.0
2030-04-04 08:00:00;210.4780470413371;0.0;0.0;0.0;0.0;0.0;0.0;0.0
2030-04-04 09:00:00;194.6395044189323;0.0;0.0;0.0;0.0;0.0;0.0;0.0
2030-04-04 10:00:00;194.5759193014542;0.0;0.0;0.0;0.0;0.0;0.0;0.0
2030-04-04 11:00:00;194.5626918016428;0.0;0.0;0.0;0.0;0.0;0.0;0.0
2030-04-04 12:00:00;194.360705300344;0.0;0.0;0.0;0.0;0.0;0.0;0.0
2030-04-04 13:00:00;194.3297652102558;0.0;0.0;0.0;0.0;0.0;0.0;0.0
2030-04-04 14:00:00;194.4175108636011;0.0;0.0;0.0;0.0;0.0;0.0;0.0
2030-04-04 15:00:00;194.3937857734099;0.0;0.0;0.0;0.0;0.0;0.0;0.0
2030-04-04 16:00:00;194.4940689126489;0.0;0.0;0.0;0.0;0.0;0.0;0.0
2030-04-04 17:00:00;194.5631305969012;0.0;0.0;0.0;0.0;0.0;0.0;0.0
2030-04-04 18:00:00;194.5995472537637;0.0;0.0;0.0;0.0;0.0;0.0;0.0
2030-04-04 19:00:00;194.4784799574394;0.0;0.0;0.0;0.0;0.0;0.0;0.0
2030-04-04 20:00:00;194.6184321977842;0.0;0.0;0.0;0.0;0.0;0.0;0.0
2030-04-04 21:00:00;194.5982007217495;0.0;0.0;0.0;0.0;0.0;0.0;0.0
2030-04-04 22:00:00;194.474795417102;0.0;0.0;0.0;0.0;0.0;0.0;0.0
2030-04-04 23:00:00;194.4499616152276;0.0;0.0;0.0;0.0;0.0;0.0;0.0
2030-04-05 00:00:00;194.3762440118217;0.0;0.0;0.0;0.0;0.0;0.0;0.0
2030-04-05 01:00:00;194.2880093194862;0.0;0.0;0.0;0.0;0.0;0.0;0.0
2030-04-05 02:00:00;194.2859660743899;0.0;0.0;0.0;0.0;0.0;0.0;0.0
2030-04-05 03:00:00;194.3107831283536;0.0;0.0;0.0;0.0;0.0;0.0;0.0
2030-04-05 04:00:00;194.5224767186507;0.0;0.0;0.0;0.0;0.0;0.0;0.0
2030-04-05 05:00:00;194.4615411206336;0.0;0.0;0.0;0.0;0.0;0.0;0.0
2030-04-05 06:00:00;194.8255201126594;0.0;0.0;0.0;0.0;0.0;0.0;0.0
2030-04-05 07:00:00;194.9431540873056;0.0;0.0;0.0;0.0;0.0;0.0;0.0
2030-04-05 08:00:00;195.0061128329262;0.0;0.0;0.0;0.0;0.0;0.0;0.0
2030-04-05 09:00:00;194.9221354594715;0.0;0.0;0.0;0.0;0.0;0.0;0.0
2030-04-05 10:00:00;194.8375685595628;0.0;0.0;0.0;0.0;0.0;0.0;0.0
2030-04-05 11:00:00;194.7431739856996;0.0;0.0;0.0;0.0;0.0;0.0;0.0
2030-04-05 12:00:00;194.7965026827109;0.0;0.0;0.0;0.0;0.0;0.0;0.0
2030-04-05 13:00:00;194.9016728622702;0.0;0.0;0.0;0.0;0.0;0.0;0.0
2030-04-05 14:00:00;194.9046305432864;0.0;0.0;0.0;0.0;0.0;0.0;0.0
2030-04-05 15:00:00;194.8872227649831;0.0;0.0;0.0;0.0;0.0;0.0;0.0
2030-04-05 16:00:00;194.8818098402692;0.0;0.0;0.0;0.0;0.0;0.0;0.0
2030-04-05 17:00:00;194.8683277722162;0.0;0.0;0.0;0.0;0.0;0.0;0.0
2030-04-05 18:00:00;194.8453127934357;0.0;0.0;0.0;0.0;0.0;0.0;0.0
2030-04-05 19:00:00;194.9917062802068;0.0;0.0;0.0;0.0;0.0;0.0;0.0
2030-04-05 20:00:00;195.0548693503369;0.0;0.0;0.0;0.0;0.0;0.0;0.0
2030-04-05 21:00:00;195.0139240584416;0.0;0.0;0.0;0.0;0.0;0.0;0.0
2030-04-05 22:00:00;194.8065815753248;0.0;0.0;0.0;0.0;0.0;0.0;0.0
2030-04-05 23:00:00;194.691101381985;0.0;0.0;0.0;0.0;0.0;0.0;0.0
2030-04-06 00:00:00;194.2795114296352;0.0;0.0;0.0;0.0;0.0;0.0;0.0
2030-04-06 01:00:00;194.0655334243289;0.0;0.0;0.0;0.0;0.0;0.0;0.0
2030-04-06 02:00:00;194.008007700915;0.0;0.0;0.0;0.0;0.0;0.0;0.0
2030-04-06 03:00:00;193.9879905981363;0.0;0.0;0.0;0.0;0.0;0.0;0.0
2030-04-06 04:00:00;194.0182239263961;0.0;0.0;0.0;0.0;0.0;0.0;0.0
2030-04-06 05:00:00;193.9191131409009;0.0;0.0;0.0;0.0;0.0;0.0;0.0
2030-04-06 06:00:00;193.8873925981776;0.0;0.0;0.0;0.0;0.0;0.0;0.0
2030-04-06 07:00:00;209.1940952699467;0.0;0.0;0.0;0.0;0.0;0.0;0.0
2030-04-06 08:00:00;208.7549550046191;0.0;0.0;0.0;0.0;0.0;0.0;0.0
2030-04-06 09:00:00;193.9389929108125;0.0;0.0;0.0;0.0;0.0;0.0;0.0
2030-04-06 10:00:00;193.9303476393479;0.0;0.0;0.0;0.0;0.0;0.0;0.0
2030-04-06 11:00:00;193.8595073269873;0.0;0.0;0.0;0.0;0.0;0.0;0.0
2030-04-06 12:00:00;193.7605640205984;0.0;0.0;0.0;0.0;0.0;0.0;0.0
2030-04-06 13:00:00;193.7461775653717;0.0;0.0;0.0;0.0;0.0;0.0;0.0
2030-04-06 14:00:00;193.6834532904999;0.0;0.0;0.0;0.0;0.0;0.0;0.0
2030-04-06 15:00:00;193.6813665008361;0.0;0.0;0.0;0.0;0.0;0.0;0.0
2030-04-06 16:00:00;193.6933814519182;0.0;0.0;0.0;0.0;0.0;0.0;0.0
2030-04-06 17:00:00;208.8684287982661;0.0;0.0;0.0;0.0;0.0;0.0;0.0
2030-04-06 18:00:00;208.9373832958904;0.0;0.0;0.0;0.0;0.0;0.0;0.0
2030-04-06 19:00:00;208.9625889013806;0.0;0.0;0.0;0.0;0.0;0.0;0.0
2030-04-06 20:00:00;208.9888395764939;0.0;0.0;0.0;0.0;0.0;0.0;0.0
2030-04-06 21:00:00;208.9480081703907;0.0;0.0;0.0;0.0;0.0;0.0;0.0
2030-04-06 22:00:00;208.9685310600703;0.0;0.0;0.0;0.0;0.0;0.0;0.0
2030-04-06 23:00:00;208.9085232963018;0.0;0.0;0.0;0.0;0.0;0.0;0.0
2030-04-07 00:00:00;208.5441624519137;0.0;0.0;0.0;0.0;0.0;0.0;0.0
2030-04-07 01:00:00;208.0026355097727;0.0;0.0;0.0;0.0;0.0;0.0;0.0
2030-04-07 02:00:00;207.7461848031221;0.0;0.0;0.0;0.0;0.0;0.0;0.0
2030-04-07 03:00:00;207.7862257078438;0.0;0.0;0.0;0.0;0.0;0.0;0.0
2030-04-07 04:00:00;207.8377154842685;0.0;0.0;0.0;0.0;0.0;0.0;0.0
2030-04-07 05:00:00;207.9497757542588;0.0;0.0;0.0;0.0;0.0;0.0;0.0
2030-04-07 06:00:00;207.997765217363;0.0;0.0;0.0;0.0;0.0;0.0;0.0
2030-04-07 07:00:00;208.0262735108284;0.0;0.0;0.0;0.0;0.0;0.0;0.0
2030-04-07 08:00:00;208.0356020970464;0.0;0.0;0.0;0.0;0.0;0.0;0.0
2030-04-07 09:00:00;193.4445610933483;0.0;0.0;0.0;0.0;0.0;0.0;0.0
2030-04-07 10:00:00;193.4006782179293;0.0;0.0;0.0;0.0;0.0;0.0;0.0
2030-04-07 11:00:00;193.3156155798661;0.0;0.0;0.0;0.0;0.0;0.0;0.0
2030-04-07 12:00:00;193.2849434563479;0.0;0.0;0.0;0.0;0.0;0.0;0.0
2030-04-07 13:00:00;193.2734476904951;0.0;0.0;0.0;0.0;0.0;0.0;0.0
2030-04-07 14:00:00;193.2863067362727;0.0;0.0;0.0;0.0;0.0;0.0;0.0
2030-04-07 15:00:00;193.2850908379614;0.0;0.0;0.0;0.0;0.0;0.0;0.0
2030-04-07 16:00:00;193.4720946584153;0.0;0.0;0.0;0.0;0.0;0.0;0.0
2030-04-07 17:00:00;208.3185279008126;0.0;0.0;0.0;0.0;0.0;0.0;0.0
2030-04-07 18:00:00;208.4677484348972;0.0;0.0;0.0;0.0;0.0;0.0;0.0
2030-04-07 19:00:00;207.7828325811512;0.0;0.0;0.0;0.0;0.0;0.0;0.0
2030-04-07 20:00:00;208.4698519724716;0.0;0.0;0.0;0.0;0.0;0.0;0.0
2030-04-07 21:00:00;208.404320747779;0.0;0.0;0.0;0.0;0.0;0.0;0.0
2030-04-07 22:00:00;193.5940931385703;0.0;0.0;0.0;0.0;0.0;0.0;0.0
2030-04-07 23:00:00;193.5878863628928;0.0;0.0;0.0;0.0;0.0;0.0;0.0
2030-04-08 00:00:00;193.5709073311015;0.0;0.0;0.0;0.0;0.0;0.0;0.0
2030-04-08 01:00:00;193.589956404646;0.0;0.0;0.0;0.0;0.0;0.0;0.0
2030-04-08 02:00:00;193.6292871979572;0.0;0.0;0.0;0.0;0.0;0.0;0.0
2030-04-08 03:00:00;193.6730126430164;0.0;0.0;0.0;0.0;0.0;0.0;0.0
2030-04-08 04:00:00;193.7188181785751;0.0;0.0;0.0;0.0;0.0;0.0;0.0
2030-04-08 05:00:00;208.9188701554857;0.0;0.0;0.0;0.0;0.0;0.0;0.0
2030-04-08 06:00:00;207.4438046263741;0.0;0.0;0.0;0.0;0.0;0.0;0.0
2030-04-08 07:00:00;204.5127025442027;0.0;0.0;0.0;0.0;0.0;0.0;0.0
2030-04-08 08:00:00;194.0547913144542;0.0;0.0;0.0;0.0;0.0;0.0;0.0
2030-04-08 09:00:00;194.0850614881174;0.0;0.0;0.0;0.0;0.0;0.0;0.0
2030-04-08 10:00:00;194.1081702551975;0.0;0.0;0.0;0.0;0.0;0.0;0.0
2030-04-08 11:00:00;194.0704204646492;0.0;0.0;0.0;0.0;0.0;0.0;0.0
2030-04-08 12:00:00;194.0871482777813;0.0;0.0;0.0;0.0;0.0;0.0;0.0
2030-04-08 13:00:00;194.072346474371;0.0;0.0;0.0;0.0;0.0;0.0;0.0
2030-04-08 14:00:00;194.1152077272419;0.0;0.0;0.0;0.0;0.0;0.0;0.0
2030-04-08 15:00:00;194.1212872187987;0.0;0.0;0.0;0.0;0.0;0.0;0.0
2030-04-08 16:00:00;194.1287333398625;0.0;0.0;0.0;0.0;0.0;0.0;0.0
2030-04-08 17:00:00;209.756027866393;0.0;0.0;0.0;0.0;0.0;0.0;0.0
2030-04-08 18:00:00;209.8337214237813;0.0;0.0;0.0;0.0;0.0;0.0;0.0
2030-04-08 19:00:00;209.9040659979874;0.0;0.0;0.0;0.0;0.0;0.0;0.0
2030-04-08 20:00:00;209.9525578984103;0.0;0.0;0.0;0.0;0.0;0.0;0.0
2030-04-08 21:00:00;209.9068561998974;0.0;0.0;0.0;0.0;0.0;0.0;0.0
2030-04-08 22:00:00;209.7562087438277;0.0;0.0;0.0;0.0;0.0;0.0;0.0
2030-04-08 23:00:00;209.6278293097247;0.0;0.0;0.0;0.0;0.0;0.0;0.0
2030-04-09 00:00:00;209.6070284047287;0.0;0.0;0.0;0.0;0.0;0.0;0.0
2030-04-09 01:00:00;209.5582015460933;0.0;0.0;0.0;0.0;0.0;0.0;0.0
2030-04-09 02:00:00;209.543985919555;0.0;0.0;0.0;0.0;0.0;0.0;0.0
2030-04-09 03:00:00;209.4413848694855;0.0;0.0;0.0;0.0;0.0;0.0;0.0
2030-04-09 04:00:00;209.5147574659326;0.0;0.0;0.0;0.0;0.0;0.0;0.0
2030-04-09 05:00:00;209.7477376506338;0.0;0.0;0.0;0.0;0.0;0.0;0.0
2030-04-09 06:00:00;209.6131849366743;0.0;0.0;0.0;0.0;0.0;0.0;0.0
2030-04-09 07:00:00;209.5987247906409;0.0;0.0;0.0;0.0;0.0;0.0;0.0
2030-04-09 08:00:00;209.544039512869;0.0;0.0;0.0;0.0;0.0;0.0;0.0
2030-04-09 09:00:00;194.0003204099382;0.0;0.0;0.0;0.0;0.0;0.0;0.0
2030-04-09 10:00:00;193.9621552712065;0.0;0.0;0.0;0.0;0.0;0.0;0.0
2030-04-09 11:00:00;193.9743577988877;0.0;0.0;0.0;0.0;0.0;0.0;0.0
2030-04-09 12:00:00;193.9839945466612;0.0;0.0;0.0;0.0;0.0;0.0;0.0
2030-04-09 13:00:00;193.912467569965;0.0;0.0;0.0;0.0;0.0;0.0;0.0
2030-04-09 14:00:00;193.9229182661948;0.0;0.0;0.0;0.0;0.0;0.0;0.0
2030-04-09 15:00:00;193.9066895407994;0.0;0.0;0.0;0.0;0.0;0.0;0.0
2030-04-09 16:00:00;193.9025260102181;0.0;0.0;0.0;0.0;0.0;0.0;0.0
2030-04-09 17:00:00;193.9410395054908;0.0;0.0;0.0;0.0;0.0;0.0;0.0
2030-04-09 18:00:00;193.9567624439854;0.0;0.0;0.0;0.0;0.0;0.0;0.0
2030-04-09 19:00:00;193.9527931891673;0.0;0.0;0.0;0.0;0.0;0.0;0.0
2030-04-09 20:00:00;193.9562298604275;0.0;0.0;0.0;0.0;0.0;0.0;0.0
2030-04-09 21:00:00;193.9476013368736;0.0;0.0;0.0;0.0;0.0;0.0;0.0
2030-04-09 22:00:00;193.9354992966562;0.0;0.0;0.0;0.0;0.0;0.0;0.0
2030-04-09 23:00:00;193.9355863857915;0.0;0.0;0.0;0.0;0.0;0.0;0.0
2030-04-10 00:00:00;193.956511225326;0.0;0.0;0.0;0.0;0.0;0.0;0.0
2030-04-10 01:00:00;193.8699781207099;0.0;0.0;0.0;0.0;0.0;0.0;0.0
2030-04-10 02:00:00;193.7633810191655;0.0;0.0;0.0;0.0;0.0;0.0;0.0
2030-04-10 03:00:00;193.7873271817767;0.0;0.0;0.0;0.0;0.0;0.0;0.0
2030-04-10 04:00:00;193.8464607046106;0.0;0.0;0.0;0.0;0.0;0.0;0.0
2030-04-10 05:00:00;193.9710383630019;0.0;0.0;0.0;0.0;0.0;0.0;0.0
2030-04-10 06:00:00;194.1191434862388;0.0;0.0;0.0;0.0;0.0;0.0;0.0
2030-04-10 07:00:00;194.2050167231762;0.0;0.0;0.0;0.0;0.0;0.0;0.0
2030-04-10 08:00:00;194.2286647729783;0.0;0.0;0.0;0.0;0.0;0.0;0.0
2030-04-10 09:00:00;194.0723933685209;0.0;0.0;0.0;0.0;0.0;0.0;0.0
2030-04-10 10:00:00;194.0695730203716;0.0;0.0;0.0;0.0;0.0;0.0;0.0
2030-04-10 11:00:00;194.0724871568203;0.0;0.0;0.0;0.0;0.0;0.0;0.0
2030-04-10 12:00:00;194.0779436261019;0.0;0.0;0.0;0.0;0.0;0.0;0.0
2030-04-10 13:00:00;194.1034774906404;0.0;0.0;0.0;0.0;0.0;0.0;0.0
2030-04-10 14:00:00;194.0852490647164;0.0;0.0;0.0;0.0;0.0;0.0;0.0
2030-04-10 15:00:00;194.1201383121299;0.0;0.0;0.0;0.0;0.0;0.0;0.0
2030-04-10 16:00:00;194.1160819681766;0.0;0.0;0.0;0.0;0.0;0.0;0.0
2030-04-10 17:00:00;194.191903109157;0.0;0.0;0.0;0.0;0.0;0.0;0.0
2030-04-10 18:00:00;194.2009804767156;0.0;0.0;0.0;0.0;0.0;0.0;0.0
2030-04-10 19:00:00;194.1970648152115;0.0;0.0;0.0;0.0;0.0;0.0;0.0
2030-04-10 20:00:00;194.253130120819;0.0;0.0;0.0;0.0;0.0;0.0;0.0
2030-04-10 21:00:00;194.2589282474773;0.0;0.0;0.0;0.0;0.0;0.0;0.0
2030-04-10 22:00:00;194.2310195292122;0.0;0.0;0.0;0.0;0.0;0.0;0.0
2030-04-10 23:00:00;194.1854752610592;0.0;0.0;0.0;0.0;0.0;0.0;0.0
2030-04-11 00:00:00;194.0909433543289;0.0;0.0;0.0;0.0;0.0;0.0;0.0
2030-04-11 01:00:00;193.963749672298;0.0;0.0;0.0;0.0;0.0;0.0;0.0
2030-04-11 02:00:00;193.9608388854314;0.0;0.0;0.0;0.0;0.0;0.0;0.0
2030-04-11 03:00:00;193.9659168519328;0.0;0.0;0.0;0.0;0.0;0.0;0.0
2030-04-11 04:00:00;194.0103222621634;0.0;0.0;0.0;0.0;0.0;0.0;0.0
2030-04-11 05:00:00;193.9410361559086;0.0;0.0;0.0;0.0;0.0;0.0;0.0
2030-04-11 06:00:00;194.0318600752268;0.0;0.0;0.0;0.0;0.0;0.0;0.0
2030-04-11 07:00:00;194.0413360430583;0.0;0.0;0.0;0.0;0.0;0.0;0.0
2030-04-11 08:00:00;194.0257705349236;0.0;0.0;0.0;0.0;0.0;0.0;0.0
2030-04-11 09:00:00;193.9889150828027;0.0;0.0;0.0;0.0;0.0;0.0;0.0
2030-04-11 10:00:00;193.95281328666;0.0;0.0;0.0;0.0;0.0;0.0;0.0
2030-04-11 11:00:00;193.9331780362435;0.0;0.0;0.0;0.0;0.0;0.0;0.0
2030-04-11 12:00:00;193.933084247944;0.0;0.0;0.0;0.0;0.0;0.0;0.0
2030-04-11 13:00:00;193.8914857875342;0.0;0.0;0.0;0.0;0.0;0.0;0.0
2030-04-11 14:00:00;193.8536422086866;0.0;0.0;0.0;0.0;0.0;0.0;0.0
2030-04-11 15:00:00;193.940295898259;0.0;0.0;0.0;0.0;0.0;0.0;0.0
2030-04-11 16:00:00;193.8754714353948;0.0;0.0;0.0;0.0;0.0;0.0;0.0
2030-04-11 17:00:00;193.991547854353;0.0;0.0;0.0;0.0;0.0;0.0;0.0
2030-04-11 18:00:00;193.9976206467454;0.0;0.0;0.0;0.0;0.0;0.0;0.0
2030-04-11 19:00:00;209.4412140407972;0.0;0.0;0.0;0.0;0.0;0.0;0.0
2030-04-11 20:00:00;209.443163497594;0.0;0.0;0.0;0.0;0.0;0.0;0.0
2030-04-11 21:00:00;209.3951874328183;0.0;0.0;0.0;0.0;0.0;0.0;0.0
2030-04-11 22:00:00;209.2821222881905;0.0;0.0;0.0;0.0;0.0;0.0;0.0
2030-04-11 23:00:00;209.2035444411212;0.0;0.0;0.0;0.0;0.0;0.0;0.0
2030-04-12 00:00:00;209.3088820997867;0.0;0.0;0.0;0.0;0.0;0.0;0.0
2030-04-12 01:00:00;209.3709867019655;0.0;0.0;0.0;0.0;0.0;0.0;0.0
2030-04-12 02:00:00;209.5181505926252;0.0;0.0;0.0;0.0;0.0;0.0;0.0
2030-04-12 03:00:00;209.6744085987543;0.0;0.0;0.0;0.0;0.0;0.0;0.0
2030-04-12 04:00:00;209.9586407395492;0.0;0.0;0.0;0.0;0.0;0.0;0.0
2030-04-12 05:00:00;210.1876449702681;0.0;0.0;0.0;0.0;0.0;0.0;0.0
2030-04-12 06:00:00;210.5240602509876;0.0;0.0;0.0;0.0;0.0;0.0;0.0
2030-04-12 07:00:00;210.7669819954355;0.0;0.0;0.0;0.0;0.0;0.0;0.0
2030-04-12 08:00:00;210.8424815765319;0.0;0.0;0.0;0.0;0.0;0.0;0.0
2030-04-12 09:00:00;210.7079523096475;0.0;0.0;0.0;0.0;0.0;0.0;0.0
2030-04-12 10:00:00;210.6262426032914;0.0;0.0;0.0;0.0;0.0;0.0;0.0
2030-04-12 11:00:00;195.0550636261003;0.0;0.0;0.0;0.0;0.0;0.0;0.0
2030-04-12 12:00:00;195.224130434275;0.0;0.0;0.0;0.0;0.0;0.0;0.0
2030-04-12 13:00:00;195.0127416559515;0.0;0.0;0.0;0.0;0.0;0.0;0.0
2030-04-12 14:00:00;195.0093150334376;0.0;0.0;0.0;0.0;0.0;0.0;0.0
2030-04-12 15:00:00;194.9969617745608;0.0;0.0;0.0;0.0;0.0;0.0;0.0
2030-04-12 16:00:00;210.7742639869751;0.0;0.0;0.0;0.0;0.0;0.0;0.0
2030-04-12 17:00:00;210.8677340761719;0.0;0.0;0.0;0.0;0.0;0.0;0.0
2030-04-12 18:00:00;210.7894844881509;0.0;0.0;0.0;0.0;0.0;0.0;0.0
2030-04-12 19:00:00;210.7932963126091;0.0;0.0;0.0;0.0;0.0;0.0;0.0
2030-04-12 20:00:00;210.778467712542;0.0;0.0;0.0;0.0;0.0;0.0;0.0
2030-04-12 21:00:00;210.7776470649214;0.0;0.0;0.0;0.0;0.0;0.0;0.0
2030-04-12 22:00:00;210.7633744954869;0.0;0.0;0.0;0.0;0.0;0.0;0.0
2030-04-12 23:00:00;210.7284182564309;0.0;0.0;0.0;0.0;0.0;0.0;0.0
2030-04-13 00:00:00;210.3082835200803;0.0;0.0;0.0;0.0;0.0;0.0;0.0
2030-04-13 01:00:00;209.8072865216512;0.0;0.0;0.0;0.0;0.0;0.0;0.0
2030-04-13 02:00:00;209.4597807745158;0.0;0.0;0.0;0.0;0.0;0.0;0.0
2030-04-13 03:00:00;209.3612528163104;0.0;0.0;0.0;0.0;0.0;0.0;0.0
2030-04-13 04:00:00;209.4318352108473;0.0;0.0;0.0;0.0;0.0;0.0;0.0
2030-04-13 05:00:00;209.5070701749559;0.0;0.0;0.0;0.0;0.0;0.0;0.0
2030-04-13 06:00:00;209.5172093600482;0.0;0.0;0.0;0.0;0.0;0.0;0.0
2030-04-13 07:00:00;209.5335955158034;0.0;0.0;0.0;0.0;0.0;0.0;0.0
2030-04-13 08:00:00;209.4880947922181;0.0;0.0;0.0;0.0;0.0;0.0;0.0
2030-04-13 09:00:00;209.397324466214;0.0;0.0;0.0;0.0;0.0;0.0;0.0
2030-04-13 10:00:00;209.3127307696483;0.0;0.0;0.0;0.0;0.0;0.0;0.0
2030-04-13 11:00:00;209.12947178201;0.0;0.0;0.0;0.0;0.0;0.0;0.0
2030-04-13 12:00:00;208.9844549734923;0.0;0.0;0.0;0.0;0.0;0.0;0.0
2030-04-13 13:00:00;208.8736842926201;0.0;0.0;0.0;0.0;0.0;0.0;0.0
2030-04-13 14:00:00;208.8784942925516;0.0;0.0;0.0;0.0;0.0;0.0;0.0
2030-04-13 15:00:00;208.8692092509013;0.0;0.0;0.0;0.0;0.0;0.0;0.0
2030-04-13 16:00:00;208.8932458522299;0.0;0.0;0.0;0.0;0.0;0.0;0.0
2030-04-13 17:00:00;209.0233101261418;0.0;0.0;0.0;0.0;0.0;0.0;0.0
2030-04-13 18:00:00;209.0922847212588;0.0;0.0;0.0;0.0;0.0;0.0;0.0
2030-04-13 19:00:00;209.1731000891876;0.0;0.0;0.0;0.0;0.0;0.0;0.0
2030-04-13 20:00:00;209.1411551244619;0.0;0.0;0.0;0.0;0.0;0.0;0.0
2030-04-13 21:00:00;209.0473433778884;0.0;0.0;0.0;0.0;0.0;0.0;0.0
2030-04-13 22:00:00;209.0035911361722;0.0;0.0;0.0;0.0;0.0;0.0;0.0
2030-04-13 23:00:00;209.0025795623705;0.0;0.0;0.0;0.0;0.0;0.0;0.0
2030-04-14 00:00:00;208.7802979429765;0.0;0.0;0.0;0.0;0.0;0.0;0.0
2030-04-14 01:00:00;208.5456597151236;0.0;0.0;0.0;0.0;0.0;0.0;0.0
2030-04-14 02:00:00;208.4739384626642;0.0;0.0;0.0;0.0;0.0;0.0;0.0
2030-04-14 03:00:00;208.4711918053216;0.0;0.0;0.0;0.0;0.0;0.0;0.0
2030-04-14 04:00:00;208.5494849379103;0.0;0.0;0.0;0.0;0.0;0.0;0.0
2030-04-14 05:00:00;208.6427272555226;0.0;0.0;0.0;0.0;0.0;0.0;0.0
2030-04-14 06:00:00;208.5878410028231;0.0;0.0;0.0;0.0;0.0;0.0;0.0
2030-04-14 07:00:00;208.6458725131379;0.0;0.0;0.0;0.0;0.0;0.0;0.0
2030-04-14 08:00:00;208.6845199916956;0.0;0.0;0.0;0.0;0.0;0.0;0.0
2030-04-14 09:00:00;208.6892696991488;0.0;0.0;0.0;0.0;0.0;0.0;0.0
2030-04-14 10:00:00;208.5705236632371;0.0;0.0;0.0;0.0;0.0;0.0;0.0
2030-04-14 11:00:00;208.4450918614041;0.0;0.0;0.0;0.0;0.0;0.0;0.0
2030-04-14 12:00:00;193.5678525122035;0.0;0.0;0.0;0.0;0.0;0.0;0.0
2030-04-14 13:00:00;193.557706627947;0.0;0.0;0.0;0.0;0.0;0.0;0.0
2030-04-14 14:00:00;193.5671089049717;0.0;0.0;0.0;0.0;0.0;0.0;0.0
2030-04-14 15:00:00;208.3788672732116;0.0;0.0;0.0;0.0;0.0;0.0;0.0
2030-04-14 16:00:00;208.4187373492449;0.0;0.0;0.0;0.0;0.0;0.0;0.0
2030-04-14 17:00:00;208.5209264007129;0.0;0.0;0.0;0.0;0.0;0.0;0.0
2030-04-14 18:00:00;208.6083036000245;0.0;0.0;0.0;0.0;0.0;0.0;0.0
2030-04-14 19:00:00;208.7534878876484;0.0;0.0;0.0;0.0;0.0;0.0;0.0
2030-04-14 20:00:00;209.0288335870658;0.0;0.0;0.0;0.0;0.0;0.0;0.0
2030-04-14 21:00:00;209.1279008279934;0.0;0.0;0.0;0.0;0.0;0.0;0.0
2030-04-14 22:00:00;209.1074449299563;0.0;0.0;0.0;0.0;0.0;0.0;0.0
2030-04-14 23:00:00;209.0694070753454;0.0;0.0;0.0;0.0;0.0;0.0;0.0
2030-04-15 00:00:00;209.073711288376;0.0;0.0;0.0;0.0;0.0;0.0;0.0
2030-04-15 01:00:00;209.0442885589904;0.0;0.0;0.0;0.0;0.0;0.0;0.0
2030-04-15 02:00:00;209.1260384603319;0.0;0.0;0.0;0.0;0.0;0.0;0.0
2030-04-15 03:00:00;209.1630278957378;0.0;0.0;0.0;0.0;0.0;0.0;0.0
2030-04-15 04:00:00;209.2618305196775;0.0;0.0;0.0;0.0;0.0;0.0;0.0
2030-04-15 05:00:00;209.7059918086105;0.0;0.0;0.0;0.0;0.0;0.0;0.0
2030-04-15 06:00:00;210.0342475072736;0.0;0.0;0.0;0.0;0.0;0.0;0.0
2030-04-15 07:00:00;210.0678739622261;0.0;0.0;0.0;0.0;0.0;0.0;0.0
2030-04-15 08:00:00;209.823903798573;0.0;0.0;0.0;0.0;0.0;0.0;0.0
2030-04-15 09:00:00;194.1181453107655;0.0;0.0;0.0;0.0;0.0;0.0;0.0
2030-04-15 10:00:00;194.055374141744;0.0;0.0;0.0;0.0;0.0;0.0;0.0
2030-04-15 11:00:00;194.0281085432468;0.0;0.0;0.0;0.0;0.0;0.0;0.0
2030-04-15 12:00:00;193.9702713086953;0.0;0.0;0.0;0.0;0.0;0.0;0.0
2030-04-15 13:00:00;193.9216990183013;0.0;0.0;0.0;0.0;0.0;0.0;0.0
2030-04-15 14:00:00;193.9250820962475;0.0;0.0;0.0;0.0;0.0;0.0;0.0
2030-04-15 15:00:00;193.9035844781696;0.0;0.0;0.0;0.0;0.0;0.0;0.0
2030-04-15 16:00:00;194.0146700197616;0.0;0.0;0.0;0.0;0.0;0.0;0.0
2030-04-15 17:00:00;194.109443096405;0.0;0.0;0.0;0.0;0.0;0.0;0.0
2030-04-15 18:00:00;194.1442519538475;0.0;0.0;0.0;0.0;0.0;0.0;0.0
2030-04-15 19:00:00;194.1347960835087;0.0;0.0;0.0;0.0;0.0;0.0;0.0
2030-04-15 20:00:00;194.133627079347;0.0;0.0;0.0;0.0;0.0;0.0;0.0
2030-04-15 21:00:00;194.1357842102356;0.0;0.0;0.0;0.0;0.0;0.0;0.0
2030-04-15 22:00:00;194.1242181031581;0.0;0.0;0.0;0.0;0.0;0.0;0.0
2030-04-15 23:00:00;194.0325835849657;0.0;0.0;0.0;0.0;0.0;0.0;0.0
2030-04-16 00:00:00;193.9737113295376;0.0;0.0;0.0;0.0;0.0;0.0;0.0
2030-04-16 01:00:00;194.0313978328935;0.0;0.0;0.0;0.0;0.0;0.0;0.0
2030-04-16 02:00:00;194.0756022681965;0.0;0.0;0.0;0.0;0.0;0.0;0.0
2030-04-16 03:00:00;194.1161590085655;0.0;0.0;0.0;0.0;0.0;0.0;0.0
2030-04-16 04:00:00;194.13788774781;0.0;0.0;0.0;0.0;0.0;0.0;0.0
2030-04-16 05:00:00;194.2135950029982;0.0;0.0;0.0;0.0;0.0;0.0;0.0
2030-04-16 06:00:00;194.1278055056139;0.0;0.0;0.0;0.0;0.0;0.0;0.0
2030-04-16 07:00:00;194.1837535758469;0.0;0.0;0.0;0.0;0.0;0.0;0.0
2030-04-16 08:00:00;194.2108115002523;0.0;0.0;0.0;0.0;0.0;0.0;0.0
2030-04-16 09:00:00;194.1833683739026;0.0;0.0;0.0;0.0;0.0;0.0;0.0
2030-04-16 10:00:00;194.1402927477757;0.0;0.0;0.0;0.0;0.0;0.0;0.0
2030-04-16 11:00:00;194.0854198934048;0.0;0.0;0.0;0.0;0.0;0.0;0.0
2030-04-16 12:00:00;194.0828440647507;0.0;0.0;0.0;0.0;0.0;0.0;0.0
2030-04-16 13:00:00;194.0773172542445;0.0;0.0;0.0;0.0;0.0;0.0;0.0
2030-04-16 14:00:00;194.0686686331979;0.0;0.0;0.0;0.0;0.0;0.0;0.0
2030-04-16 15:00:00;194.188419543747;0.0;0.0;0.0;0.0;0.0;0.0;0.0
2030-04-16 16:00:00;194.2503935122229;0.0;0.0;0.0;0.0;0.0;0.0;0.0
2030-04-16 17:00:00;194.3931861982096;0.0;0.0;0.0;0.0;0.0;0.0;0.0
2030-04-16 18:00:00;194.4759443237708;0.0;0.0;0.0;0.0;0.0;0.0;0.0
2030-04-16 19:00:00;194.4985037593824;0.0;0.0;0.0;0.0;0.0;0.0;0.0
2030-04-16 20:00:00;194.4636279102974;0.0;0.0;0.0;0.0;0.0;0.0;0.0
2030-04-16 21:00:00;194.4459354175134;0.0;0.0;0.0;0.0;0.0;0.0;0.0
2030-04-16 22:00:00;194.3539525427801;0.0;0.0;0.0;0.0;0.0;0.0;0.0
2030-04-16 23:00:00;194.288622293015;0.0;0.0;0.0;0.0;0.0;0.0;0.0
2030-04-17 00:00:00;194.1953665770741;0.0;0.0;0.0;0.0;0.0;0.0;0.0
2030-04-17 01:00:00;194.2039549056426;0.0;0.0;0.0;0.0;0.0;0.0;0.0
2030-04-17 02:00:00;194.1922581648622;0.0;0.0;0.0;0.0;0.0;0.0;0.0
2030-04-17 03:00:00;194.2136251492373;0.0;0.0;0.0;0.0;0.0;0.0;0.0
2030-04-17 04:00:00;194.2686721818787;0.0;0.0;0.0;0.0;0.0;0.0;0.0
2030-04-17 05:00:00;194.3658971526377;0.0;0.0;0.0;0.0;0.0;0.0;0.0
2030-04-17 06:00:00;194.2937839990695;0.0;0.0;0.0;0.0;0.0;0.0;0.0
2030-04-17 07:00:00;194.4351799093102;0.0;0.0;0.0;0.0;0.0;0.0;0.0
2030-04-17 08:00:00;194.4663745676398;0.0;0.0;0.0;0.0;0.0;0.0;0.0
2030-04-17 09:00:00;194.4380839970125;0.0;0.0;0.0;0.0;0.0;0.0;0.0
2030-04-17 10:00:00;194.367327424205;0.0;0.0;0.0;0.0;0.0;0.0;0.0
2030-04-17 11:00:00;194.2101281854988;0.0;0.0;0.0;0.0;0.0;0.0;0.0
2030-04-17 12:00:00;194.2851822721726;0.0;0.0;0.0;0.0;0.0;0.0;0.0
2030-04-17 13:00:00;194.3370003076457;0.0;0.0;0.0;0.0;0.0;0.0;0.0
2030-04-17 14:00:00;194.2999271326867;0.0;0.0;0.0;0.0;0.0;0.0;0.0
2030-04-17 15:00:00;194.34408467384;0.0;0.0;0.0;0.0;0.0;0.0;0.0
2030-04-17 16:00:00;194.2857182053127;0.0;0.0;0.0;0.0;0.0;0.0;0.0
2030-04-17 17:00:00;194.3009521048169;0.0;0.0;0.0;0.0;0.0;0.0;0.0
2030-04-17 18:00:00;194.2893391035897;0.0;0.0;0.0;0.0;0.0;0.0;0.0
2030-04-17 19:00:00;194.2871953710297;0.0;0.0;0.0;0.0;0.0;0.0;0.0
2030-04-17 20:00:00;207.5493533087136;0.0;0.0;0.0;0.0;0.0;0.0;0.0
2030-04-17 21:00:00;194.2912885603865;0.0;0.0;0.0;0.0;0.0;0.0;0.0
2030-04-17 22:00:00;203.844172846212;0.0;0.0;0.0;0.0;0.0;0.0;0.0
2030-04-17 23:00:00;194.0974817386368;0.0;0.0;0.0;0.0;0.0;0.0;0.0
2030-04-18 00:00:00;194.0163682578988;0.0;0.0;0.0;0.0;0.0;0.0;0.0
2030-04-18 01:00:00;193.8583684690649;0.0;0.0;0.0;0.0;0.0;0.0;0.0
2030-04-18 02:00:00;193.7675579480753;0.0;0.0;0.0;0.0;0.0;0.0;0.0
2030-04-18 03:00:00;193.8470669789753;0.0;0.0;0.0;0.0;0.0;0.0;0.0
2030-04-18 04:00:00;193.8644814564429;0.0;0.0;0.0;0.0;0.0;0.0;0.0
2030-04-18 05:00:00;193.8174533234086;0.0;0.0;0.0;0.0;0.0;0.0;0.0
2030-04-18 06:00:00;193.9306959958889;0.0;0.0;0.0;0.0;0.0;0.0;0.0
2030-04-18 07:00:00;193.9648583839813;0.0;0.0;0.0;0.0;0.0;0.0;0.0
2030-04-18 08:00:00;193.9843060577988;0.0;0.0;0.0;0.0;0.0;0.0;0.0
2030-04-18 09:00:00;193.960132123603;0.0;0.0;0.0;0.0;0.0;0.0;0.0
2030-04-18 10:00:00;193.9178402996934;0.0;0.0;0.0;0.0;0.0;0.0;0.0
2030-04-18 11:00:00;193.8774912334162;0.0;0.0;0.0;0.0;0.0;0.0;0.0
2030-04-18 12:00:00;193.8378589777138;0.0;0.0;0.0;0.0;0.0;0.0;0.0
2030-04-18 13:00:00;193.8231543121852;0.0;0.0;0.0;0.0;0.0;0.0;0.0
2030-04-18 14:00:00;193.8109618332504;0.0;0.0;0.0;0.0;0.0;0.0;0.0
2030-04-18 15:00:00;193.8738904326319;0.0;0.0;0.0;0.0;0.0;0.0;0.0
2030-04-18 16:00:00;193.8333135947703;0.0;0.0;0.0;0.0;0.0;0.0;0.0
2030-04-18 17:00:00;193.8341945348691;0.0;0.0;0.0;0.0;0.0;0.0;0.0
2030-04-18 18:00:00;193.8395773133439;0.0;0.0;0.0;0.0;0.0;0.0;0.0
2030-04-18 19:00:00;193.8465779399851;0.0;0.0;0.0;0.0;0.0;0.0;0.0
2030-04-18 20:00:00;193.8941085103381;0.0;0.0;0.0;0.0;0.0;0.0;0.0
2030-04-18 21:00:00;193.9348595264702;0.0;0.0;0.0;0.0;0.0;0.0;0.0
2030-04-18 22:00:00;193.9108396730522;0.0;0.0;0.0;0.0;0.0;0.0;0.0
2030-04-18 23:00:00;193.9257285655977;0.0;0.0;0.0;0.0;0.0;0.0;0.0
2030-04-19 00:00:00;193.8872251190713;0.0;0.0;0.0;0.0;0.0;0.0;0.0
2030-04-19 01:00:00;193.7612138395306;0.0;0.0;0.0;0.0;0.0;0.0;0.0
2030-04-19 02:00:00;193.7205666604443;0.0;0.0;0.0;0.0;0.0;0.0;0.0
2030-04-19 03:00:00;193.7377265696704;0.0;0.0;0.0;0.0;0.0;0.0;0.0
2030-04-19 04:00:00;193.7009816537597;0.0;0.0;0.0;0.0;0.0;0.0;0.0
2030-04-19 05:00:00;193.765806116624;0.0;0.0;0.0;0.0;0.0;0.0;0.0
2030-04-19 06:00:00;193.8789081066551;0.0;0.0;0.0;0.0;0.0;0.0;0.0
2030-04-19 07:00:00;193.9738017682549;0.0;0.0;0.0;0.0;0.0;0.0;0.0
2030-04-19 08:00:00;193.9571041013621;0.0;0.0;0.0;0.0;0.0;0.0;0.0
2030-04-19 09:00:00;193.9421549163385;0.0;0.0;0.0;0.0;0.0;0.0;0.0
2030-04-19 10:00:00;193.8722591861371;0.0;0.0;0.0;0.0;0.0;0.0;0.0
2030-04-19 11:00:00;193.8960244713136;0.0;0.0;0.0;0.0;0.0;0.0;0.0
2030-04-19 12:00:00;193.8494384831198;0.0;0.0;0.0;0.0;0.0;0.0;0.0
2030-04-19 13:00:00;193.8271168678391;0.0;0.0;0.0;0.0;0.0;0.0;0.0
2030-04-19 14:00:00;193.8588307113981;0.0;0.0;0.0;0.0;0.0;0.0;0.0
2030-04-19 15:00:00;193.7948804894685;0.0;0.0;0.0;0.0;0.0;0.0;0.0
2030-04-19 16:00:00;193.7509909148853;0.0;0.0;0.0;0.0;0.0;0.0;0.0
2030-04-19 17:00:00;193.8678779327176;0.0;0.0;0.0;0.0;0.0;0.0;0.0
2030-04-19 18:00:00;193.8638282879285;0.0;0.0;0.0;0.0;0.0;0.0;0.0
2030-04-19 19:00:00;193.8327374666448;0.0;0.0;0.0;0.0;0.0;0.0;0.0
2030-04-19 20:00:00;193.8253080934916;0.0;0.0;0.0;0.0;0.0;0.0;0.0
2030-04-19 21:00:00;193.8242730726149;0.0;0.0;0.0;0.0;0.0;0.0;0.0
2030-04-19 22:00:00;193.7933195841982;0.0;0.0;0.0;0.0;0.0;0.0;0.0
2030-04-19 23:00:00;193.7635953924215;0.0;0.0;0.0;0.0;0.0;0.0;0.0
2030-04-20 00:00:00;193.6857511038376;0.0;0.0;0.0;0.0;0.0;0.0;0.0
2030-04-20 01:00:00;193.6160295519067;0.0;0.0;0.0;0.0;0.0;0.0;0.0
2030-04-20 02:00:00;193.6106467734319;0.0;0.0;0.0;0.0;0.0;0.0;0.0
2030-04-20 03:00:00;193.6050898166866;0.0;0.0;0.0;0.0;0.0;0.0;0.0
2030-04-20 04:00:00;193.6001491830523;0.0;0.0;0.0;0.0;0.0;0.0;0.0
2030-04-20 05:00:00;193.669569272592;0.0;0.0;0.0;0.0;0.0;0.0;0.0
2030-04-20 06:00:00;193.6160228527424;0.0;0.0;0.0;0.0;0.0;0.0;0.0
2030-04-20 07:00:00;193.6527945653102;0.0;0.0;0.0;0.0;0.0;0.0;0.0
2030-04-20 08:00:00;193.635366689514;0.0;0.0;0.0;0.0;0.0;0.0;0.0
2030-04-20 09:00:00;193.6576782560483;0.0;0.0;0.0;0.0;0.0;0.0;0.0
2030-04-20 10:00:00;193.605233848718;0.0;0.0;0.0;0.0;0.0;0.0;0.0
2030-04-20 11:00:00;193.5229513638185;0.0;0.0;0.0;0.0;0.0;0.0;0.0
2030-04-20 12:00:00;193.4830109465605;0.0;0.0;0.0;0.0;0.0;0.0;0.0
2030-04-20 13:00:00;193.4469861908067;0.0;0.0;0.0;0.0;0.0;0.0;0.0
2030-04-20 14:00:00;193.4646920819193;0.0;0.0;0.0;0.0;0.0;0.0;0.0
2030-04-20 15:00:00;193.5496642812651;0.0;0.0;0.0;0.0;0.0;0.0;0.0
2030-04-20 16:00:00;193.5825638768963;0.0;0.0;0.0;0.0;0.0;0.0;0.0
2030-04-20 17:00:00;193.6182536744377;0.0;0.0;0.0;0.0;0.0;0.0;0.0
2030-04-20 18:00:00;193.6410542799622;0.0;0.0;0.0;0.0;0.0;0.0;0.0
2030-04-20 19:00:00;208.5188664077061;0.0;0.0;0.0;0.0;0.0;0.0;0.0
2030-04-20 20:00:00;208.5071596181794;0.0;0.0;0.0;0.0;0.0;0.0;0.0
2030-04-20 21:00:00;208.4866635251568;0.0;0.0;0.0;0.0;0.0;0.0;0.0
2030-04-20 22:00:00;208.491064876069;0.0;0.0;0.0;0.0;0.0;0.0;0.0
2030-04-20 23:00:00;208.4965548411718;0.0;0.0;0.0;0.0;0.0;0.0;0.0
2030-04-21 00:00:00;208.4383692500793;0.0;0.0;0.0;0.0;0.0;0.0;0.0
2030-04-21 01:00:00;208.2764738972339;0.0;0.0;0.0;0.0;0.0;0.0;0.0
2030-04-21 02:00:00;208.2776663484704;0.0;0.0;0.0;0.0;0.0;0.0;0.0
2030-04-21 03:00:00;208.3104118633239;0.0;0.0;0.0;0.0;0.0;0.0;0.0
2030-04-21 04:00:00;208.3579524824235;0.0;0.0;0.0;0.0;0.0;0.0;0.0
2030-04-21 05:00:00;208.3408260690185;0.0;0.0;0.0;0.0;0.0;0.0;0.0
2030-04-21 06:00:00;208.2916642521705;0.0;0.0;0.0;0.0;0.0;0.0;0.0
2030-04-21 07:00:00;208.2650484726057;0.0;0.0;0.0;0.0;0.0;0.0;0.0
2030-04-21 08:00:00;208.2329996708341;0.0;0.0;0.0;0.0;0.0;0.0;0.0
2030-04-21 09:00:00;193.4322547286212;0.0;0.0;0.0;0.0;0.0;0.0;0.0
2030-04-21 10:00:00;193.3992311984512;0.0;0.0;0.0;0.0;0.0;0.0;0.0
2030-04-21 11:00:00;193.3918219227909;0.0;0.0;0.0;0.0;0.0;0.0;0.0
2030-04-21 12:00:00;193.357083406573;0.0;0.0;0.0;0.0;0.0;0.0;0.0
2030-04-21 13:00:00;193.273122781029;0.0;0.0;0.0;0.0;0.0;0.0;0.0
2030-04-21 14:00:00;193.3277611646512;0.0;0.0;0.0;0.0;0.0;0.0;0.0
2030-04-21 15:00:00;193.4576412115462;0.0;0.0;0.0;0.0;0.0;0.0;0.0
2030-04-21 16:00:00;193.4660721097547;0.0;0.0;0.0;0.0;0.0;0.0;0.0
2030-04-21 17:00:00;208.4905523900039;0.0;0.0;0.0;0.0;0.0;0.0;0.0
2030-04-21 18:00:00;208.6596761410748;0.0;0.0;0.0;0.0;0.0;0.0;0.0
2030-04-21 19:00:00;208.6233901179152;0.0;0.0;0.0;0.0;0.0;0.0;0.0
2030-04-21 20:00:00;208.6608350964901;0.0;0.0;0.0;0.0;0.0;0.0;0.0
2030-04-21 21:00:00;208.6476477916642;0.0;0.0;0.0;0.0;0.0;0.0;0.0
2030-04-21 22:00:00;208.6365640244126;0.0;0.0;0.0;0.0;0.0;0.0;0.0
2030-04-21 23:00:00;208.614724748958;0.0;0.0;0.0;0.0;0.0;0.0;0.0
2030-04-22 00:00:00;208.2987385696185;0.0;0.0;0.0;0.0;0.0;0.0;0.0
2030-04-22 01:00:00;208.1143239761471;0.0;0.0;0.0;0.0;0.0;0.0;0.0
2030-04-22 02:00:00;207.971789207984;0.0;0.0;0.0;0.0;0.0;0.0;0.0
2030-04-22 03:00:00;208.0369921736283;0.0;0.0;0.0;0.0;0.0;0.0;0.0
2030-04-22 04:00:00;207.7870731521214;0.0;0.0;0.0;0.0;0.0;0.0;0.0
2030-04-22 05:00:00;207.7794059586373;0.0;0.0;0.0;0.0;0.0;0.0;0.0
2030-04-22 06:00:00;207.9504121748625;0.0;0.0;0.0;0.0;0.0;0.0;0.0
2030-04-22 07:00:00;207.9137108035195;0.0;0.0;0.0;0.0;0.0;0.0;0.0
2030-04-22 08:00:00;207.8846900239888;0.0;0.0;0.0;0.0;0.0;0.0;0.0
2030-04-22 09:00:00;194.3679839423015;0.0;0.0;0.0;0.0;0.0;0.0;0.0
2030-04-22 10:00:00;193.5571773939712;0.0;0.0;0.0;0.0;0.0;0.0;0.0
2030-04-22 11:00:00;193.5942740160052;0.0;0.0;0.0;0.0;0.0;0.0;0.0
2030-04-22 12:00:00;193.542640207549;0.0;0.0;0.0;0.0;0.0;0.0;0.0
2030-04-22 13:00:00;193.3632667351756;0.0;0.0;0.0;0.0;0.0;0.0;0.0
2030-04-22 14:00:00;193.3245455658112;0.0;0.0;0.0;0.0;0.0;0.0;0.0
2030-04-22 15:00:00;193.327272125661;0.0;0.0;0.0;0.0;0.0;0.0;0.0
2030-04-22 16:00:00;193.3476040891594;0.0;0.0;0.0;0.0;0.0;0.0;0.0
2030-04-22 17:00:00;208.1585920535104;0.0;0.0;0.0;0.0;0.0;0.0;0.0
2030-04-22 18:00:00;208.3597009642926;0.0;0.0;0.0;0.0;0.0;0.0;0.0
2030-04-22 19:00:00;208.4374916595625;0.0;0.0;0.0;0.0;0.0;0.0;0.0
2030-04-22 20:00:00;208.5400793113034;0.0;0.0;0.0;0.0;0.0;0.0;0.0
2030-04-22 21:00:00;208.60298446361;0.0;0.0;0.0;0.0;0.0;0.0;0.0
2030-04-22 22:00:00;208.4832737480464;0.0;0.0;0.0;0.0;0.0;0.0;0.0
2030-04-22 23:00:00;208.4991775639756;0.0;0.0;0.0;0.0;0.0;0.0;0.0
2030-04-23 00:00:00;193.5617763702288;0.0;0.0;0.0;0.0;0.0;0.0;0.0
2030-04-23 01:00:00;204.2655904725165;0.0;0.0;0.0;0.0;0.0;0.0;0.0
2030-04-23 02:00:00;207.9622730451671;0.0;0.0;0.0;0.0;0.0;0.0;0.0
2030-04-23 03:00:00;208.4238521611497;0.0;0.0;0.0;0.0;0.0;0.0;0.0
2030-04-23 04:00:00;208.4875612131663;0.0;0.0;0.0;0.0;0.0;0.0;0.0
2030-04-23 05:00:00;208.5912508774263;0.0;0.0;0.0;0.0;0.0;0.0;0.0
2030-04-23 06:00:00;209.128212339131;0.0;0.0;0.0;0.0;0.0;0.0;0.0
2030-04-23 07:00:00;209.2999320163488;0.0;0.0;0.0;0.0;0.0;0.0;0.0
2030-04-23 08:00:00;199.7026791656962;0.0;0.0;0.0;0.0;0.0;0.0;0.0
2030-04-23 09:00:00;193.9760359395323;0.0;0.0;0.0;0.0;0.0;0.0;0.0
2030-04-23 10:00:00;194.0162476729424;0.0;0.0;0.0;0.0;0.0;0.0;0.0
2030-04-23 11:00:00;193.9814354659177;0.0;0.0;0.0;0.0;0.0;0.0;0.0
2030-04-23 12:00:00;193.9679969424324;0.0;0.0;0.0;0.0;0.0;0.0;0.0
2030-04-23 13:00:00;193.8960512679706;0.0;0.0;0.0;0.0;0.0;0.0;0.0
2030-04-23 14:00:00;193.9119483847356;0.0;0.0;0.0;0.0;0.0;0.0;0.0
2030-04-23 15:00:00;193.966750897882;0.0;0.0;0.0;0.0;0.0;0.0;0.0
2030-04-23 16:00:00;193.9986188222187;0.0;0.0;0.0;0.0;0.0;0.0;0.0
2030-04-23 17:00:00;194.0329218927604;0.0;0.0;0.0;0.0;0.0;0.0;0.0
2030-04-23 18:00:00;209.6205104727817;0.0;0.0;0.0;0.0;0.0;0.0;0.0
2030-04-23 19:00:00;209.6442188150621;0.0;0.0;0.0;0.0;0.0;0.0;0.0
2030-04-23 20:00:00;209.4979660107403;0.0;0.0;0.0;0.0;0.0;0.0;0.0
2030-04-23 21:00:00;209.6781869273913;0.0;0.0;0.0;0.0;0.0;0.0;0.0
2030-04-23 22:00:00;209.5987180914768;0.0;0.0;0.0;0.0;0.0;0.0;0.0
2030-04-23 23:00:00;209.4132785258751;0.0;0.0;0.0;0.0;0.0;0.0;0.0
2030-04-24 00:00:00;209.2845909302166;0.0;0.0;0.0;0.0;0.0;0.0;0.0
2030-04-24 01:00:00;209.2533259306622;0.0;0.0;0.0;0.0;0.0;0.0;0.0
2030-04-24 02:00:00;209.2561764250506;0.0;0.0;0.0;0.0;0.0;0.0;0.0
2030-04-24 03:00:00;209.2553993219977;0.0;0.0;0.0;0.0;0.0;0.0;0.0
2030-04-24 04:00:00;209.212571564948;0.0;0.0;0.0;0.0;0.0;0.0;0.0
2030-04-24 05:00:00;209.2606213205304;0.0;0.0;0.0;0.0;0.0;0.0;0.0
2030-04-24 06:00:00;209.2553859236691;0.0;0.0;0.0;0.0;0.0;0.0;0.0
2030-04-24 07:00:00;209.3582247940694;0.0;0.0;0.0;0.0;0.0;0.0;0.0
2030-04-24 08:00:00;194.0294383273504;0.0;0.0;0.0;0.0;0.0;0.0;0.0
2030-04-24 09:00:00;194.0100274989363;0.0;0.0;0.0;0.0;0.0;0.0;0.0
2030-04-24 10:00:00;194.0392593021408;0.0;0.0;0.0;0.0;0.0;0.0;0.0
2030-04-24 11:00:00;193.9667207516428;0.0;0.0;0.0;0.0;0.0;0.0;0.0
2030-04-24 12:00:00;193.8851416789897;0.0;0.0;0.0;0.0;0.0;0.0;0.0
2030-04-24 13:00:00;193.8694622850628;0.0;0.0;0.0;0.0;0.0;0.0;0.0
2030-04-24 14:00:00;193.8426321322418;0.0;0.0;0.0;0.0;0.0;0.0;0.0
2030-04-24 15:00:00;193.8684071666933;0.0;0.0;0.0;0.0;0.0;0.0;0.0
2030-04-24 16:00:00;193.9886069212473;0.0;0.0;0.0;0.0;0.0;0.0;0.0
2030-04-24 17:00:00;209.5972074299384;0.0;0.0;0.0;0.0;0.0;0.0;0.0
2030-04-24 18:00:00;209.6244127359573;0.0;0.0;0.0;0.0;0.0;0.0;0.0
2030-04-24 19:00:00;209.6519429514423;0.0;0.0;0.0;0.0;0.0;0.0;0.0
2030-04-24 20:00:00;209.6287805910482;0.0;0.0;0.0;0.0;0.0;0.0;0.0
2030-04-24 21:00:00;209.5452353136876;0.0;0.0;0.0;0.0;0.0;0.0;0.0
2030-04-24 22:00:00;209.3588947104944;0.0;0.0;0.0;0.0;0.0;0.0;0.0
2030-04-24 23:00:00;209.3344930047141;0.0;0.0;0.0;0.0;0.0;0.0;0.0
2030-04-25 00:00:00;208.9964498270818;0.0;0.0;0.0;0.0;0.0;0.0;0.0
2030-04-25 01:00:00;208.8118677545042;0.0;0.0;0.0;0.0;0.0;0.0;0.0
2030-04-25 02:00:00;208.8730210753595;0.0;0.0;0.0;0.0;0.0;0.0;0.0
2030-04-25 03:00:00;208.7374433892699;0.0;0.0;0.0;0.0;0.0;0.0;0.0
2030-04-25 04:00:00;208.555912786008;0.0;0.0;0.0;0.0;0.0;0.0;0.0
2030-04-25 05:00:00;209.0124105859072;0.0;0.0;0.0;0.0;0.0;0.0;0.0
2030-04-25 06:00:00;209.2397065297422;0.0;0.0;0.0;0.0;0.0;0.0;0.0
2030-04-25 07:00:00;209.3642138469088;0.0;0.0;0.0;0.0;0.0;0.0;0.0
2030-04-25 08:00:00;209.3573505531348;0.0;0.0;0.0;0.0;0.0;0.0;0.0
2030-04-25 09:00:00;209.1450473388911;0.0;0.0;0.0;0.0;0.0;0.0;0.0
2030-04-25 10:00:00;208.5520808640572;0.0;0.0;0.0;0.0;0.0;0.0;0.0
2030-04-25 11:00:00;193.9310912465797;0.0;0.0;0.0;0.0;0.0;0.0;0.0
2030-04-25 12:00:00;204.2075355151268;0.0;0.0;0.0;0.0;0.0;0.0;0.0
2030-04-25 13:00:00;193.965625438288;0.0;0.0;0.0;0.0;0.0;0.0;0.0
2030-04-25 14:00:00;194.8656447569342;0.0;0.0;0.0;0.0;0.0;0.0;0.0
2030-04-25 15:00:00;194.1777042305294;0.0;0.0;0.0;0.0;0.0;0.0;0.0
2030-04-25 16:00:00;209.8171342930985;0.0;0.0;0.0;0.0;0.0;0.0;0.0
2030-04-25 17:00:00;209.8237832136165;0.0;0.0;0.0;0.0;0.0;0.0;0.0
2030-04-25 18:00:00;210.022597660643;0.0;0.0;0.0;0.0;0.0;0.0;0.0
2030-04-25 19:00:00;209.9897717558185;0.0;0.0;0.0;0.0;0.0;0.0;0.0
2030-04-25 20:00:00;210.0294877510741;0.0;0.0;0.0;0.0;0.0;0.0;0.0
2030-04-25 21:00:00;209.9845129118823;0.0;0.0;0.0;0.0;0.0;0.0;0.0
2030-04-25 22:00:00;209.8880449466837;0.0;0.0;0.0;0.0;0.0;0.0;0.0
2030-04-25 23:00:00;209.4593285809289;0.0;0.0;0.0;0.0;0.0;0.0;0.0
2030-04-26 00:00:00;209.20056331303;0.0;0.0;0.0;0.0;0.0;0.0;0.0
2030-04-26 01:00:00;209.1683704792271;0.0;0.0;0.0;0.0;0.0;0.0;0.0
2030-04-26 02:00:00;209.210695798958;0.0;0.0;0.0;0.0;0.0;0.0;0.0
2030-04-26 03:00:00;209.2770108258678;0.0;0.0;0.0;0.0;0.0;0.0;0.0
2030-04-26 04:00:00;209.3508892092158;0.0;0.0;0.0;0.0;0.0;0.0;0.0
2030-04-26 05:00:00;209.509887173523;0.0;0.0;0.0;0.0;0.0;0.0;0.0
2030-04-26 06:00:00;209.7451216269941;0.0;0.0;0.0;0.0;0.0;0.0;0.0
2030-04-26 07:00:00;194.1969877748227;0.0;0.0;0.0;0.0;0.0;0.0;0.0
2030-04-26 08:00:00;194.2146936659352;0.0;0.0;0.0;0.0;0.0;0.0;0.0
2030-04-26 09:00:00;194.2237308385083;0.0;0.0;0.0;0.0;0.0;0.0;0.0
2030-04-26 10:00:00;194.2009436313122;0.0;0.0;0.0;0.0;0.0;0.0;0.0
2030-04-26 11:00:00;194.3874316161189;0.0;0.0;0.0;0.0;0.0;0.0;0.0
2030-04-26 12:00:00;194.3864970827061;0.0;0.0;0.0;0.0;0.0;0.0;0.0
2030-04-26 13:00:00;194.4469201946581;0.0;0.0;0.0;0.0;0.0;0.0;0.0
2030-04-26 14:00:00;194.4150991644711;0.0;0.0;0.0;0.0;0.0;0.0;0.0
2030-04-26 15:00:00;194.3560862265936;0.0;0.0;0.0;0.0;0.0;0.0;0.0
2030-04-26 16:00:00;194.3074368958108;0.0;0.0;0.0;0.0;0.0;0.0;0.0
2030-04-26 17:00:00;194.2921293054998;0.0;0.0;0.0;0.0;0.0;0.0;0.0
2030-04-26 18:00:00;194.3162931909492;0.0;0.0;0.0;0.0;0.0;0.0;0.0
2030-04-26 19:00:00;194.3275075919036;0.0;0.0;0.0;0.0;0.0;0.0;0.0
2030-04-26 20:00:00;194.407190801074;0.0;0.0;0.0;0.0;0.0;0.0;0.0
2030-04-26 21:00:00;194.3260739707541;0.0;0.0;0.0;0.0;0.0;0.0;0.0
2030-04-26 22:00:00;194.1548935762584;0.0;0.0;0.0;0.0;0.0;0.0;0.0
2030-04-26 23:00:00;193.961686329709;0.0;0.0;0.0;0.0;0.0;0.0;0.0
2030-04-27 00:00:00;193.6144518987259;0.0;0.0;0.0;0.0;0.0;0.0;0.0
2030-04-27 01:00:00;193.3811267070659;0.0;0.0;0.0;0.0;0.0;0.0;0.0
2030-04-27 02:00:00;193.2423669179577;0.0;0.0;0.0;0.0;0.0;0.0;0.0
2030-04-27 03:00:00;193.2460112633095;0.0;0.0;0.0;0.0;0.0;0.0;0.0
2030-04-27 04:00:00;193.23604960607;0.0;0.0;0.0;0.0;0.0;0.0;0.0
2030-04-27 05:00:00;193.2484966532463;0.0;0.0;0.0;0.0;0.0;0.0;0.0
2030-04-27 06:00:00;193.27813710547;0.0;0.0;0.0;0.0;0.0;0.0;0.0
2030-04-27 07:00:00;193.3271314432117;0.0;0.0;0.0;0.0;0.0;0.0;0.0
2030-04-27 08:00:00;193.3274563526778;0.0;0.0;0.0;0.0;0.0;0.0;0.0
2030-04-27 09:00:00;193.3145437135861;0.0;0.0;0.0;0.0;0.0;0.0;0.0
2030-04-27 10:00:00;193.3375586923666;0.0;0.0;0.0;0.0;0.0;0.0;0.0
2030-04-27 11:00:00;193.353010314709;0.0;0.0;0.0;0.0;0.0;0.0;0.0
2030-04-27 12:00:00;193.3545980166363;0.0;0.0;0.0;0.0;0.0;0.0;0.0
2030-04-27 13:00:00;193.2973235118818;0.0;0.0;0.0;0.0;0.0;0.0;0.0
2030-04-27 14:00:00;193.3081460117274;0.0;0.0;0.0;0.0;0.0;0.0;0.0
2030-04-27 15:00:00;193.3304609278439;0.0;0.0;0.0;0.0;0.0;0.0;0.0
2030-04-27 16:00:00;193.3582691586452;0.0;0.0;0.0;0.0;0.0;0.0;0.0
2030-04-27 17:00:00;193.3753419787361;0.0;0.0;0.0;0.0;0.0;0.0;0.0
2030-04-27 18:00:00;193.4172184544622;0.0;0.0;0.0;0.0;0.0;0.0;0.0
2030-04-27 19:00:00;193.5582995039831;0.0;0.0;0.0;0.0;0.0;0.0;0.0
2030-04-27 20:00:00;193.5145841076704;0.0;0.0;0.0;0.0;0.0;0.0;0.0
2030-04-27 21:00:00;193.4912944631556;0.0;0.0;0.0;0.0;0.0;0.0;0.0
2030-04-27 22:00:00;193.420159387568;0.0;0.0;0.0;0.0;0.0;0.0;0.0
2030-04-27 23:00:00;193.4433552437833;0.0;0.0;0.0;0.0;0.0;0.0;0.0
2030-04-28 00:00:00;193.446188990261;0.0;0.0;0.0;0.0;0.0;0.0;0.0
2030-04-28 01:00:00;193.4127568110718;0.0;0.0;0.0;0.0;0.0;0.0;0.0
2030-04-28 02:00:00;193.3899126609796;0.0;0.0;0.0;0.0;0.0;0.0;0.0
2030-04-28 03:00:00;193.3208174809062;0.0;0.0;0.0;0.0;0.0;0.0;0.0
2030-04-28 04:00:00;193.3780316931824;0.0;0.0;0.0;0.0;0.0;0.0;0.0
2030-04-28 05:00:00;193.3798170204551;0.0;0.0;0.0;0.0;0.0;0.0;0.0
2030-04-28 06:00:00;193.3293354682498;0.0;0.0;0.0;0.0;0.0;0.0;0.0
2030-04-28 07:00:00;193.3445023761117;0.0;0.0;0.0;0.0;0.0;0.0;0.0
2030-04-28 08:00:00;193.3172535255252;0.0;0.0;0.0;0.0;0.0;0.0;0.0
2030-04-28 09:00:00;193.3656281905737;0.0;0.0;0.0;0.0;0.0;0.0;0.0
2030-04-28 10:00:00;193.3657554746945;0.0;0.0;0.0;0.0;0.0;0.0;0.0
2030-04-28 11:00:00;193.3710645623625;0.0;0.0;0.0;0.0;0.0;0.0;0.0
2030-04-28 12:00:00;193.4111590603982;0.0;0.0;0.0;0.0;0.0;0.0;0.0
2030-04-28 13:00:00;193.4290156827063;0.0;0.0;0.0;0.0;0.0;0.0;0.0
2030-04-28 14:00:00;193.3947293600754;0.0;0.0;0.0;0.0;0.0;0.0;0.0
2030-04-28 15:00:00;193.3842987613383;0.0;0.0;0.0;0.0;0.0;0.0;0.0
2030-04-28 16:00:00;193.4334538790219;0.0;0.0;0.0;0.0;0.0;0.0;0.0
2030-04-28 17:00:00;208.3950658523678;0.0;0.0;0.0;0.0;0.0;0.0;0.0
2030-04-28 18:00:00;208.7371553252071;0.0;0.0;0.0;0.0;0.0;0.0;0.0
2030-04-28 19:00:00;209.1535686758169;0.0;0.0;0.0;0.0;0.0;0.0;0.0
2030-04-28 20:00:00;209.1671947759013;0.0;0.0;0.0;0.0;0.0;0.0;0.0
2030-04-28 21:00:00;209.2829496349753;0.0;0.0;0.0;0.0;0.0;0.0;0.0
2030-04-28 22:00:00;209.2889855819645;0.0;0.0;0.0;0.0;0.0;0.0;0.0
2030-04-28 23:00:00;209.2805412854275;0.0;0.0;0.0;0.0;0.0;0.0;0.0
2030-04-29 00:00:00;209.1083024229803;0.0;0.0;0.0;0.0;0.0;0.0;0.0
2030-04-29 01:00:00;208.8786818691506;0.0;0.0;0.0;0.0;0.0;0.0;0.0
2030-04-29 02:00:00;208.8775631087209;0.0;0.0;0.0;0.0;0.0;0.0;0.0
2030-04-29 03:00:00;206.8743153726541;0.0;0.0;0.0;0.0;0.0;0.0;0.0
2030-04-29 04:00:00;193.953376016457;0.0;0.0;0.0;0.0;0.0;0.0;0.0
2030-04-29 05:00:00;194.1197229639463;0.0;0.0;0.0;0.0;0.0;0.0;0.0
2030-04-29 06:00:00;194.2453992852746;0.0;0.0;0.0;0.0;0.0;0.0;0.0
2030-04-29 07:00:00;194.3262314011139;0.0;0.0;0.0;0.0;0.0;0.0;0.0
2030-04-29 08:00:00;194.218709814903;0.0;0.0;0.0;0.0;0.0;0.0;0.0
2030-04-29 09:00:00;194.1797441260434;0.0;0.0;0.0;0.0;0.0;0.0;0.0
2030-04-29 10:00:00;194.3527634411257;0.0;0.0;0.0;0.0;0.0;0.0;0.0
2030-04-29 11:00:00;194.3291689846375;0.0;0.0;0.0;0.0;0.0;0.0;0.0
2030-04-29 12:00:00;194.3291589358912;0.0;0.0;0.0;0.0;0.0;0.0;0.0
2030-04-29 13:00:00;194.362286303107;0.0;0.0;0.0;0.0;0.0;0.0;0.0
2030-04-29 14:00:00;194.2862608376169;0.0;0.0;0.0;0.0;0.0;0.0;0.0
2030-04-29 15:00:00;194.296316283156;0.0;0.0;0.0;0.0;0.0;0.0;0.0
2030-04-29 16:00:00;194.2986308444044;0.0;0.0;0.0;0.0;0.0;0.0;0.0
2030-04-29 17:00:00;194.3779121037198;0.0;0.0;0.0;0.0;0.0;0.0;0.0
2030-04-29 18:00:00;194.6185996768905;0.0;0.0;0.0;0.0;0.0;0.0;0.0
2030-04-29 19:00:00;194.7981908721019;0.0;0.0;0.0;0.0;0.0;0.0;0.0
2030-04-29 20:00:00;194.7307604343445;0.0;0.0;0.0;0.0;0.0;0.0;0.0
2030-04-29 21:00:00;194.835535363213;0.0;0.0;0.0;0.0;0.0;0.0;0.0
2030-04-29 22:00:00;194.7142436448863;0.0;0.0;0.0;0.0;0.0;0.0;0.0
2030-04-29 23:00:00;194.4251646587565;0.0;0.0;0.0;0.0;0.0;0.0;0.0
2030-04-30 00:00:00;194.2859024323296;0.0;0.0;0.0;0.0;0.0;0.0;0.0
2030-04-30 01:00:00;194.2859560256435;0.0;0.0;0.0;0.0;0.0;0.0;0.0
2030-04-30 02:00:00;194.3519762893264;0.0;0.0;0.0;0.0;0.0;0.0;0.0
2030-04-30 03:00:00;194.3595429953467;0.0;0.0;0.0;0.0;0.0;0.0;0.0
2030-04-30 04:00:00;194.3891231550921;0.0;0.0;0.0;0.0;0.0;0.0;0.0
2030-04-30 05:00:00;194.5425742114004;0.0;0.0;0.0;0.0;0.0;0.0;0.0
2030-04-30 06:00:00;195.0310035776967;0.0;0.0;0.0;0.0;0.0;0.0;0.0
2030-04-30 07:00:00;195.1966940070896;0.0;0.0;0.0;0.0;0.0;0.0;0.0
2030-04-30 08:00:00;195.2562060327036;0.0;0.0;0.0;0.0;0.0;0.0;0.0
2030-04-30 09:00:00;195.2071882478871;0.0;0.0;0.0;0.0;0.0;0.0;0.0
2030-04-30 10:00:00;195.2866939292049;0.0;0.0;0.0;0.0;0.0;0.0;0.0
2030-04-30 11:00:00;195.2890855308422;0.0;0.0;0.0;0.0;0.0;0.0;0.0
2030-04-30 12:00:00;195.2118441670407;0.0;0.0;0.0;0.0;0.0;0.0;0.0
2030-04-30 13:00:00;195.2178767644478;0.0;0.0;0.0;0.0;0.0;0.0;0.0
2030-04-30 14:00:00;195.1418613477042;0.0;0.0;0.0;0.0;0.0;0.0;0.0
2030-04-30 15:00:00;195.0638261329391;0.0;0.0;0.0;0.0;0.0;0.0;0.0
2030-04-30 16:00:00;195.1325897043822;0.0;0.0;0.0;0.0;0.0;0.0;0.0
2030-04-30 17:00:00;195.2955468747612;0.0;0.0;0.0;0.0;0.0;0.0;0.0
2030-04-30 18:00:00;195.3116449664537;0.0;0.0;0.0;0.0;0.0;0.0;0.0
2030-04-30 19:00:00;195.3291163868174;0.0;0.0;0.0;0.0;0.0;0.0;0.0
2030-04-30 20:00:00;211.111168306685;0.0;0.0;0.0;0.0;0.0;0.0;0.0
2030-04-30 21:00:00;210.9654413867568;0.0;0.0;0.0;0.0;0.0;0.0;0.0
2030-04-30 22:00:00;210.8815511024374;0.0;0.0;0.0;0.0;0.0;0.0;0.0
2030-04-30 23:00:00;210.7571610206451;0.0;0.0;0.0;0.0;0.0;0.0;0.0
2030-05-01 00:00:00;210.2221389669908;0.0;0.0;0.0;0.0;0.0;0.0;0.0
2030-05-01 01:00:00;209.2353520729798;0.0;0.0;0.0;0.0;0.0;0.0;0.0
2030-05-01 02:00:00;208.9321110536258;0.0;0.0;0.0;0.0;0.0;0.0;0.0
2030-05-01 03:00:00;208.7377749979003;0.0;0.0;0.0;0.0;0.0;0.0;0.0
2030-05-01 04:00:00;208.7926813480925;0.0;0.0;0.0;0.0;0.0;0.0;0.0
2030-05-01 05:00:00;208.6780552981945;0.0;0.0;0.0;0.0;0.0;0.0;0.0
2030-05-01 06:00:00;208.8642116743708;0.0;0.0;0.0;0.0;0.0;0.0;0.0
2030-05-01 07:00:00;209.2224695801272;0.0;0.0;0.0;0.0;0.0;0.0;0.0
2030-05-01 08:00:00;209.2023084453172;0.0;0.0;0.0;0.0;0.0;0.0;0.0
2030-05-01 09:00:00;193.904478816597;0.0;0.0;0.0;0.0;0.0;0.0;0.0
2030-05-01 10:00:00;193.8813767486811;0.0;0.0;0.0;0.0;0.0;0.0;0.0
2030-05-01 11:00:00;193.8937969992005;0.0;0.0;0.0;0.0;0.0;0.0;0.0
2030-05-01 12:00:00;193.917883844261;0.0;0.0;0.0;0.0;0.0;0.0;0.0
2030-05-01 13:00:00;193.9311247424009;0.0;0.0;0.0;0.0;0.0;0.0;0.0
2030-05-01 14:00:00;193.9789668238916;0.0;0.0;0.0;0.0;0.0;0.0;0.0
2030-05-01 15:00:00;194.0070296229345;0.0;0.0;0.0;0.0;0.0;0.0;0.0
2030-05-01 16:00:00;193.9883088084381;0.0;0.0;0.0;0.0;0.0;0.0;0.0
2030-05-01 17:00:00;194.0063664056738;0.0;0.0;0.0;0.0;0.0;0.0;0.0
2030-05-01 18:00:00;194.0328917465212;0.0;0.0;0.0;0.0;0.0;0.0;0.0
2030-05-01 19:00:00;194.0637748937133;0.0;0.0;0.0;0.0;0.0;0.0;0.0
2030-05-01 20:00:00;194.1108901158829;0.0;0.0;0.0;0.0;0.0;0.0;0.0
2030-05-01 21:00:00;194.1876189936192;0.0;0.0;0.0;0.0;0.0;0.0;0.0
2030-05-01 22:00:00;194.1785918697925;0.0;0.0;0.0;0.0;0.0;0.0;0.0
2030-05-01 23:00:00;194.1298085557246;0.0;0.0;0.0;0.0;0.0;0.0;0.0
2030-05-02 00:00:00;194.06840401621;0.0;0.0;0.0;0.0;0.0;0.0;0.0
2030-05-02 01:00:00;193.9734232654749;0.0;0.0;0.0;0.0;0.0;0.0;0.0
2030-05-02 02:00:00;193.976967123363;0.0;0.0;0.0;0.0;0.0;0.0;0.0
2030-05-02 03:00:00;193.9829930216059;0.0;0.0;0.0;0.0;0.0;0.0;0.0
2030-05-02 04:00:00;193.9663188017878;0.0;0.0;0.0;0.0;0.0;0.0;0.0
2030-05-02 05:00:00;194.1227610349337;0.0;0.0;0.0;0.0;0.0;0.0;0.0
2030-05-02 06:00:00;194.4443577643325;0.0;0.0;0.0;0.0;0.0;0.0;0.0
2030-05-02 07:00:00;194.7318289510423;0.0;0.0;0.0;0.0;0.0;0.0;0.0
2030-05-02 08:00:00;194.8276772435478;0.0;0.0;0.0;0.0;0.0;0.0;0.0
2030-05-02 09:00:00;194.8390021807123;0.0;0.0;0.0;0.0;0.0;0.0;0.0
2030-05-02 10:00:00;194.7524523281856;0.0;0.0;0.0;0.0;0.0;0.0;0.0
2030-05-02 11:00:00;194.9130982868983;0.0;0.0;0.0;0.0;0.0;0.0;0.0
2030-05-02 12:00:00;195.0278248242601;0.0;0.0;0.0;0.0;0.0;0.0;0.0
2030-05-02 13:00:00;194.9027916226999;0.0;0.0;0.0;0.0;0.0;0.0;0.0
2030-05-02 14:00:00;194.877247709415;0.0;0.0;0.0;0.0;0.0;0.0;0.0
2030-05-02 15:00:00;194.7794801063519;0.0;0.0;0.0;0.0;0.0;0.0;0.0
2030-05-02 16:00:00;194.5943821981271;0.0;0.0;0.0;0.0;0.0;0.0;0.0
2030-05-02 17:00:00;210.5141153416586;0.0;0.0;0.0;0.0;0.0;0.0;0.0
2030-05-02 18:00:00;210.5877458559293;0.0;0.0;0.0;0.0;0.0;0.0;0.0
2030-05-02 19:00:00;210.6564223382372;0.0;0.0;0.0;0.0;0.0;0.0;0.0
2030-05-02 20:00:00;210.7938657415704;0.0;0.0;0.0;0.0;0.0;0.0;0.0
2030-05-02 21:00:00;210.7599445233909;0.0;0.0;0.0;0.0;0.0;0.0;0.0
2030-05-02 22:00:00;210.6153363638926;0.0;0.0;0.0;0.0;0.0;0.0;0.0
2030-05-02 23:00:00;210.4012645702868;0.0;0.0;0.0;0.0;0.0;0.0;0.0
2030-05-03 00:00:00;210.2893416331637;0.0;0.0;0.0;0.0;0.0;0.0;0.0
2030-05-03 01:00:00;210.2399352968206;0.0;0.0;0.0;0.0;0.0;0.0;0.0
2030-05-03 02:00:00;210.2853656791813;0.0;0.0;0.0;0.0;0.0;0.0;0.0
2030-05-03 03:00:00;210.2530556100041;0.0;0.0;0.0;0.0;0.0;0.0;0.0
2030-05-03 04:00:00;210.2803647530688;0.0;0.0;0.0;0.0;0.0;0.0;0.0
2030-05-03 05:00:00;210.5415618175904;0.0;0.0;0.0;0.0;0.0;0.0;0.0
2030-05-03 06:00:00;210.8770157682402;0.0;0.0;0.0;0.0;0.0;0.0;0.0
2030-05-03 07:00:00;210.9379480166752;0.0;0.0;0.0;0.0;0.0;0.0;0.0
2030-05-03 08:00:00;210.7692630608626;0.0;0.0;0.0;0.0;0.0;0.0;0.0
2030-05-03 09:00:00;194.5483053464162;0.0;0.0;0.0;0.0;0.0;0.0;0.0
2030-05-03 10:00:00;194.7645041246712;0.0;0.0;0.0;0.0;0.0;0.0;0.0
2030-05-03 11:00:00;194.8265919789393;0.0;0.0;0.0;0.0;0.0;0.0;0.0
2030-05-03 12:00:00;194.631428576429;0.0;0.0;0.0;0.0;0.0;0.0;0.0
2030-05-03 13:00:00;194.8443246667088;0.0;0.0;0.0;0.0;0.0;0.0;0.0
2030-05-03 14:00:00;194.8697613933657;0.0;0.0;0.0;0.0;0.0;0.0;0.0
2030-05-03 15:00:00;194.8744776049977;0.0;0.0;0.0;0.0;0.0;0.0;0.0
2030-05-03 16:00:00;194.8923878206197;0.0;0.0;0.0;0.0;0.0;0.0;0.0
2030-05-03 17:00:00;194.8191894024432;0.0;0.0;0.0;0.0;0.0;0.0;0.0
2030-05-03 18:00:00;194.8604629533868;0.0;0.0;0.0;0.0;0.0;0.0;0.0
2030-05-03 19:00:00;194.8900196660574;0.0;0.0;0.0;0.0;0.0;0.0;0.0
2030-05-03 20:00:00;194.8746551328503;0.0;0.0;0.0;0.0;0.0;0.0;0.0
2030-05-03 21:00:00;194.8782190882313;0.0;0.0;0.0;0.0;0.0;0.0;0.0
2030-05-03 22:00:00;194.7723287485152;0.0;0.0;0.0;0.0;0.0;0.0;0.0
2030-05-03 23:00:00;194.5482818993413;0.0;0.0;0.0;0.0;0.0;0.0;0.0
2030-05-04 00:00:00;194.0357455904917;0.0;0.0;0.0;0.0;0.0;0.0;0.0
2030-05-04 01:00:00;193.8356850989147;0.0;0.0;0.0;0.0;0.0;0.0;0.0
2030-05-04 02:00:00;193.7096939168667;0.0;0.0;0.0;0.0;0.0;0.0;0.0
2030-05-04 03:00:00;193.6824718629372;0.0;0.0;0.0;0.0;0.0;0.0;0.0
2030-05-04 04:00:00;193.6981579560284;0.0;0.0;0.0;0.0;0.0;0.0;0.0
2030-05-04 05:00:00;193.7054031021646;0.0;0.0;0.0;0.0;0.0;0.0;0.0
2030-05-04 06:00:00;198.0702268212795;0.0;0.0;0.0;0.0;0.0;0.0;0.0
2030-05-04 07:00:00;193.8078768681133;0.0;0.0;0.0;0.0;0.0;0.0;0.0
2030-05-04 08:00:00;193.7518283104165;0.0;0.0;0.0;0.0;0.0;0.0;0.0
2030-05-04 09:00:00;208.7882264038663;0.0;0.0;0.0;0.0;0.0;0.0;0.0
2030-05-04 10:00:00;208.1299129313566;0.0;0.0;0.0;0.0;0.0;0.0;0.0
2030-05-04 11:00:00;208.8273863684891;0.0;0.0;0.0;0.0;0.0;0.0;0.0
2030-05-04 12:00:00;208.0913860377554;0.0;0.0;0.0;0.0;0.0;0.0;0.0
2030-05-04 13:00:00;208.7599358332389;0.0;0.0;0.0;0.0;0.0;0.0;0.0
2030-05-04 14:00:00;208.749163577125;0.0;0.0;0.0;0.0;0.0;0.0;0.0
2030-05-04 15:00:00;208.9490331425209;0.0;0.0;0.0;0.0;0.0;0.0;0.0
2030-05-04 16:00:00;209.025835711064;0.0;0.0;0.0;0.0;0.0;0.0;0.0
2030-05-04 17:00:00;209.2734971142187;0.0;0.0;0.0;0.0;0.0;0.0;0.0
2030-05-04 18:00:00;209.3242131371726;0.0;0.0;0.0;0.0;0.0;0.0;0.0
2030-05-04 19:00:00;209.3375746202691;0.0;0.0;0.0;0.0;0.0;0.0;0.0
2030-05-04 20:00:00;209.3724672172647;0.0;0.0;0.0;0.0;0.0;0.0;0.0
2030-05-04 21:00:00;209.43228070527;0.0;0.0;0.0;0.0;0.0;0.0;0.0
2030-05-04 22:00:00;209.3522591883049;0.0;0.0;0.0;0.0;0.0;0.0;0.0
2030-05-04 23:00:00;209.2731085626922;0.0;0.0;0.0;0.0;0.0;0.0;0.0
2030-05-05 00:00:00;208.8062371069522;0.0;0.0;0.0;0.0;0.0;0.0;0.0
2030-05-05 01:00:00;208.5541710033031;0.0;0.0;0.0;0.0;0.0;0.0;0.0
2030-05-05 02:00:00;208.5113968395675;0.0;0.0;0.0;0.0;0.0;0.0;0.0
2030-05-05 03:00:00;208.5886549512795;0.0;0.0;0.0;0.0;0.0;0.0;0.0
2030-05-05 04:00:00;208.3984589790605;0.0;0.0;0.0;0.0;0.0;0.0;0.0
2030-05-05 05:00:00;208.3925905111774;0.0;0.0;0.0;0.0;0.0;0.0;0.0
2030-05-05 06:00:00;208.30767860431;0.0;0.0;0.0;0.0;0.0;0.0;0.0
2030-05-05 07:00:00;208.3933006225879;0.0;0.0;0.0;0.0;0.0;0.0;0.0
2030-05-05 08:00:00;208.3724260267853;0.0;0.0;0.0;0.0;0.0;0.0;0.0
2030-05-05 09:00:00;208.3346427404158;0.0;0.0;0.0;0.0;0.0;0.0;0.0
2030-05-05 10:00:00;193.5247768860766;0.0;0.0;0.0;0.0;0.0;0.0;0.0
2030-05-05 11:00:00;193.5024184253925;0.0;0.0;0.0;0.0;0.0;0.0;0.0
2030-05-05 12:00:00;193.4569779942855;0.0;0.0;0.0;0.0;0.0;0.0;0.0
2030-05-05 13:00:00;193.4335510169035;0.0;0.0;0.0;0.0;0.0;0.0;0.0
2030-05-05 14:00:00;193.4186286285369;0.0;0.0;0.0;0.0;0.0;0.0;0.0
2030-05-05 15:00:00;193.4133329391973;0.0;0.0;0.0;0.0;0.0;0.0;0.0
2030-05-05 16:00:00;193.4487011768547;0.0;0.0;0.0;0.0;0.0;0.0;0.0
2030-05-05 17:00:00;208.5925438161266;0.0;0.0;0.0;0.0;0.0;0.0;0.0
2030-05-05 18:00:00;208.7343617737149;0.0;0.0;0.0;0.0;0.0;0.0;0.0
2030-05-05 19:00:00;208.8343032555771;0.0;0.0;0.0;0.0;0.0;0.0;0.0
2030-05-05 20:00:00;209.018999213947;0.0;0.0;0.0;0.0;0.0;0.0;0.0
2030-05-05 21:00:00;208.7952203313431;0.0;0.0;0.0;0.0;0.0;0.0;0.0
2030-05-05 22:00:00;208.866549682694;0.0;0.0;0.0;0.0;0.0;0.0;0.0
2030-05-05 23:00:00;208.9317794449954;0.0;0.0;0.0;0.0;0.0;0.0;0.0
2030-05-06 00:00:00;208.9688258232974;0.0;0.0;0.0;0.0;0.0;0.0;0.0
2030-05-06 01:00:00;206.4357612841982;0.0;0.0;0.0;0.0;0.0;0.0;0.0
2030-05-06 02:00:00;203.4529885481673;0.0;0.0;0.0;0.0;0.0;0.0;0.0
2030-05-06 03:00:00;209.2477187301851;0.0;0.0;0.0;0.0;0.0;0.0;0.0
2030-05-06 04:00:00;193.9649923672663;0.0;0.0;0.0;0.0;0.0;0.0;0.0
2030-05-06 05:00:00;209.7831326849481;0.0;0.0;0.0;0.0;0.0;0.0;0.0
2030-05-06 06:00:00;210.4918272221991;0.0;0.0;0.0;0.0;0.0;0.0;0.0
2030-05-06 07:00:00;210.7836026219395;0.0;0.0;0.0;0.0;0.0;0.0;0.0
2030-05-06 08:00:00;210.5428447075443;0.0;0.0;0.0;0.0;0.0;0.0;0.0
2030-05-06 09:00:00;194.6791065283956;0.0;0.0;0.0;0.0;0.0;0.0;0.0
2030-05-06 10:00:00;194.5767299003285;0.0;0.0;0.0;0.0;0.0;0.0;0.0
2030-05-06 11:00:00;194.4917878472219;0.0;0.0;0.0;0.0;0.0;0.0;0.0
2030-05-06 12:00:00;194.7174994387118;0.0;0.0;0.0;0.0;0.0;0.0;0.0
2030-05-06 13:00:00;194.7653314714561;0.0;0.0;0.0;0.0;0.0;0.0;0.0
2030-05-06 14:00:00;194.7989746743191;0.0;0.0;0.0;0.0;0.0;0.0;0.0
2030-05-06 15:00:00;194.8915303275958;0.0;0.0;0.0;0.0;0.0;0.0;0.0
2030-05-06 16:00:00;194.896548001619;0.0;0.0;0.0;0.0;0.0;0.0;0.0
2030-05-06 17:00:00;210.7500800040329;0.0;0.0;0.0;0.0;0.0;0.0;0.0
2030-05-06 18:00:00;210.8666890065489;0.0;0.0;0.0;0.0;0.0;0.0;0.0
2030-05-06 19:00:00;210.9072926410677;0.0;0.0;0.0;0.0;0.0;0.0;0.0
2030-05-06 20:00:00;210.9009753291799;0.0;0.0;0.0;0.0;0.0;0.0;0.0
2030-05-06 21:00:00;210.8996254475836;0.0;0.0;0.0;0.0;0.0;0.0;0.0
2030-05-06 22:00:00;210.9073830797851;0.0;0.0;0.0;0.0;0.0;0.0;0.0
2030-05-06 23:00:00;210.7506293355015;0.0;0.0;0.0;0.0;0.0;0.0;0.0
2030-05-07 00:00:00;210.7321061463504;0.0;0.0;0.0;0.0;0.0;0.0;0.0
2030-05-07 01:00:00;210.6903703530736;0.0;0.0;0.0;0.0;0.0;0.0;0.0
2030-05-07 02:00:00;210.7248375531394;0.0;0.0;0.0;0.0;0.0;0.0;0.0
2030-05-07 03:00:00;210.7634280888009;0.0;0.0;0.0;0.0;0.0;0.0;0.0
2030-05-07 04:00:00;210.7534764803077;0.0;0.0;0.0;0.0;0.0;0.0;0.0
2030-05-07 05:00:00;210.8392425306171;0.0;0.0;0.0;0.0;0.0;0.0;0.0
2030-05-07 06:00:00;211.1037925268459;0.0;0.0;0.0;0.0;0.0;0.0;0.0
2030-05-07 07:00:00;211.0542354593072;0.0;0.0;0.0;0.0;0.0;0.0;0.0
2030-05-07 08:00:00;211.085219093963;0.0;0.0;0.0;0.0;0.0;0.0;0.0
2030-05-07 09:00:00;211.0059311354832;0.0;0.0;0.0;0.0;0.0;0.0;0.0
2030-05-07 10:00:00;210.9535202239741;0.0;0.0;0.0;0.0;0.0;0.0;0.0
2030-05-07 11:00:00;211.011796253784;0.0;0.0;0.0;0.0;0.0;0.0;0.0
2030-05-07 12:00:00;210.9973160102579;0.0;0.0;0.0;0.0;0.0;0.0;0.0
2030-05-07 13:00:00;211.0244174792308;0.0;0.0;0.0;0.0;0.0;0.0;0.0
2030-05-07 14:00:00;210.9352181072434;0.0;0.0;0.0;0.0;0.0;0.0;0.0
2030-05-07 15:00:00;210.8344057340286;0.0;0.0;0.0;0.0;0.0;0.0;0.0
2030-05-07 16:00:00;210.8665784703388;0.0;0.0;0.0;0.0;0.0;0.0;0.0
2030-05-07 17:00:00;210.9383700640229;0.0;0.0;0.0;0.0;0.0;0.0;0.0
2030-05-07 18:00:00;210.9560391097321;0.0;0.0;0.0;0.0;0.0;0.0;0.0
2030-05-07 19:00:00;210.9668281137565;0.0;0.0;0.0;0.0;0.0;0.0;0.0
2030-05-07 20:00:00;211.2716199896345;0.0;0.0;0.0;0.0;0.0;0.0;0.0
2030-05-07 21:00:00;211.0962459183183;0.0;0.0;0.0;0.0;0.0;0.0;0.0
2030-05-07 22:00:00;210.7872603656199;0.0;0.0;0.0;0.0;0.0;0.0;0.0
2030-05-07 23:00:00;210.6726142182292;0.0;0.0;0.0;0.0;0.0;0.0;0.0
2030-05-08 00:00:00;210.3176087567161;0.0;0.0;0.0;0.0;0.0;0.0;0.0
2030-05-08 01:00:00;210.1363762662635;0.0;0.0;0.0;0.0;0.0;0.0;0.0
2030-05-08 02:00:00;209.9485986923386;0.0;0.0;0.0;0.0;0.0;0.0;0.0
2030-05-08 03:00:00;210.1628714608718;0.0;0.0;0.0;0.0;0.0;0.0;0.0
2030-05-08 04:00:00;209.9217685395177;0.0;0.0;0.0;0.0;0.0;0.0;0.0
2030-05-08 05:00:00;210.0518127159369;0.0;0.0;0.0;0.0;0.0;0.0;0.0
2030-05-08 06:00:00;210.5591035791788;0.0;0.0;0.0;0.0;0.0;0.0;0.0
2030-05-08 07:00:00;210.6055723319982;0.0;0.0;0.0;0.0;0.0;0.0;0.0
2030-05-08 08:00:00;210.5716444146546;0.0;0.0;0.0;0.0;0.0;0.0;0.0
2030-05-08 09:00:00;210.5745150065358;0.0;0.0;0.0;0.0;0.0;0.0;0.0
2030-05-08 10:00:00;194.6497976848023;0.0;0.0;0.0;0.0;0.0;0.0;0.0
2030-05-08 11:00:00;194.6967990211796;0.0;0.0;0.0;0.0;0.0;0.0;0.0
2030-05-08 12:00:00;194.6855946689716;0.0;0.0;0.0;0.0;0.0;0.0;0.0
2030-05-08 13:00:00;194.5918030198908;0.0;0.0;0.0;0.0;0.0;0.0;0.0
2030-05-08 14:00:00;194.6196012019458;0.0;0.0;0.0;0.0;0.0;0.0;0.0
2030-05-08 15:00:00;194.557037707016;0.0;0.0;0.0;0.0;0.0;0.0;0.0
2030-05-08 16:00:00;194.6050104222095;0.0;0.0;0.0;0.0;0.0;0.0;0.0
2030-05-08 17:00:00;194.4669975899151;0.0;0.0;0.0;0.0;0.0;0.0;0.0
2030-05-08 18:00:00;194.5574061610496;0.0;0.0;0.0;0.0;0.0;0.0;0.0
2030-05-08 19:00:00;210.3234068833744;0.0;0.0;0.0;0.0;0.0;0.0;0.0
2030-05-08 20:00:00;210.2946942653993;0.0;0.0;0.0;0.0;0.0;0.0;0.0
2030-05-08 21:00:00;194.391213294338;0.0;0.0;0.0;0.0;0.0;0.0;0.0
2030-05-08 22:00:00;194.3423596390456;0.0;0.0;0.0;0.0;0.0;0.0;0.0
2030-05-08 23:00:00;194.2674864298066;0.0;0.0;0.0;0.0;0.0;0.0;0.0
2030-05-09 00:00:00;194.1093191618663;0.0;0.0;0.0;0.0;0.0;0.0;0.0
2030-05-09 01:00:00;193.9624299369408;0.0;0.0;0.0;0.0;0.0;0.0;0.0
2030-05-09 02:00:00;193.9603163506199;0.0;0.0;0.0;0.0;0.0;0.0;0.0
2030-05-09 03:00:00;193.9264420265902;0.0;0.0;0.0;0.0;0.0;0.0;0.0
2030-05-09 04:00:00;193.982058488193;0.0;0.0;0.0;0.0;0.0;0.0;0.0
2030-05-09 05:00:00;194.0920788626692;0.0;0.0;0.0;0.0;0.0;0.0;0.0
2030-05-09 06:00:00;194.3578548059556;0.0;0.0;0.0;0.0;0.0;0.0;0.0
2030-05-09 07:00:00;206.8409903800928;0.0;0.0;0.0;0.0;0.0;0.0;0.0
2030-05-09 08:00:00;194.8308626961486;0.0;0.0;0.0;0.0;0.0;0.0;0.0
2030-05-09 09:00:00;194.7643768405505;0.0;0.0;0.0;0.0;0.0;0.0;0.0
2030-05-09 10:00:00;194.8869146034276;0.0;0.0;0.0;0.0;0.0;0.0;0.0
2030-05-09 11:00:00;194.8006461157995;0.0;0.0;0.0;0.0;0.0;0.0;0.0
2030-05-09 12:00:00;194.5735879922953;0.0;0.0;0.0;0.0;0.0;0.0;0.0
2030-05-09 13:00:00;194.6829217024359;0.0;0.0;0.0;0.0;0.0;0.0;0.0
2030-05-09 14:00:00;195.0777503458325;0.0;0.0;0.0;0.0;0.0;0.0;0.0
2030-05-09 15:00:00;195.0650051858471;0.0;0.0;0.0;0.0;0.0;0.0;0.0
2030-05-09 16:00:00;195.0777001021006;0.0;0.0;0.0;0.0;0.0;0.0;0.0
2030-05-09 17:00:00;210.8626360121777;0.0;0.0;0.0;0.0;0.0;0.0;0.0
2030-05-09 18:00:00;210.9901378557641;0.0;0.0;0.0;0.0;0.0;0.0;0.0
2030-05-09 19:00:00;211.0584793798595;0.0;0.0;0.0;0.0;0.0;0.0;0.0
2030-05-09 20:00:00;210.9981567553712;0.0;0.0;0.0;0.0;0.0;0.0;0.0
2030-05-09 21:00:00;210.9553189495753;0.0;0.0;0.0;0.0;0.0;0.0;0.0
2030-05-09 22:00:00;210.8923836510295;0.0;0.0;0.0;0.0;0.0;0.0;0.0
2030-05-09 23:00:00;210.8234793971371;0.0;0.0;0.0;0.0;0.0;0.0;0.0
2030-05-10 00:00:00;210.7748535134292;0.0;0.0;0.0;0.0;0.0;0.0;0.0
2030-05-10 01:00:00;210.7963075869394;0.0;0.0;0.0;0.0;0.0;0.0;0.0
2030-05-10 02:00:00;210.5393845892092;0.0;0.0;0.0;0.0;0.0;0.0;0.0
2030-05-10 03:00:00;210.4612287894877;0.0;0.0;0.0;0.0;0.0;0.0;0.0
2030-05-10 04:00:00;210.5090742205605;0.0;0.0;0.0;0.0;0.0;0.0;0.0
2030-05-10 05:00:00;210.5692628617638;0.0;0.0;0.0;0.0;0.0;0.0;0.0
2030-05-10 06:00:00;210.850282753301;0.0;0.0;0.0;0.0;0.0;0.0;0.0
2030-05-10 07:00:00;211.0051138374448;0.0;0.0;0.0;0.0;0.0;0.0;0.0
2030-05-10 08:00:00;210.9725793462651;0.0;0.0;0.0;0.0;0.0;0.0;0.0
2030-05-10 09:00:00;211.0588779801324;0.0;0.0;0.0;0.0;0.0;0.0;0.0
2030-05-10 10:00:00;195.3395402863902;0.0;0.0;0.0;0.0;0.0;0.0;0.0
2030-05-10 11:00:00;195.3058803356167;0.0;0.0;0.0;0.0;0.0;0.0;0.0
2030-05-10 12:00:00;195.2406338254047;0.0;0.0;0.0;0.0;0.0;0.0;0.0
2030-05-10 13:00:00;195.1883769946733;0.0;0.0;0.0;0.0;0.0;0.0;0.0
2030-05-10 14:00:00;195.1735148987849;0.0;0.0;0.0;0.0;0.0;0.0;0.0
2030-05-10 15:00:00;195.0980521630919;0.0;0.0;0.0;0.0;0.0;0.0;0.0
2030-05-10 16:00:00;195.1006078942532;0.0;0.0;0.0;0.0;0.0;0.0;0.0
2030-05-10 17:00:00;210.9313057953214;0.0;0.0;0.0;0.0;0.0;0.0;0.0
2030-05-10 18:00:00;211.0157588094378;0.0;0.0;0.0;0.0;0.0;0.0;0.0
2030-05-10 19:00:00;211.028658050201;0.0;0.0;0.0;0.0;0.0;0.0;0.0
2030-05-10 20:00:00;210.822618554531;0.0;0.0;0.0;0.0;0.0;0.0;0.0
2030-05-10 21:00:00;210.751875380052;0.0;0.0;0.0;0.0;0.0;0.0;0.0
2030-05-10 22:00:00;210.8609511723689;0.0;0.0;0.0;0.0;0.0;0.0;0.0
2030-05-10 23:00:00;210.6305970600538;0.0;0.0;0.0;0.0;0.0;0.0;0.0
2030-05-11 00:00:00;207.9370506917662;0.0;0.0;0.0;0.0;0.0;0.0;0.0
2030-05-11 01:00:00;194.0796552625677;0.0;0.0;0.0;0.0;0.0;0.0;0.0
2030-05-11 02:00:00;193.9198333010578;0.0;0.0;0.0;0.0;0.0;0.0;0.0
2030-05-11 03:00:00;193.8129313875399;0.0;0.0;0.0;0.0;0.0;0.0;0.0
2030-05-11 04:00:00;193.8277499388607;0.0;0.0;0.0;0.0;0.0;0.0;0.0
2030-05-11 05:00:00;193.8387566657232;0.0;0.0;0.0;0.0;0.0;0.0;0.0
2030-05-11 06:00:00;193.852767967752;0.0;0.0;0.0;0.0;0.0;0.0;0.0
2030-05-11 07:00:00;193.8730195412795;0.0;0.0;0.0;0.0;0.0;0.0;0.0
2030-05-11 08:00:00;193.9316874721979;0.0;0.0;0.0;0.0;0.0;0.0;0.0
2030-05-11 09:00:00;193.791329932416;0.0;0.0;0.0;0.0;0.0;0.0;0.0
2030-05-11 10:00:00;193.8698642349177;0.0;0.0;0.0;0.0;0.0;0.0;0.0
2030-05-11 11:00:00;193.7890890619744;0.0;0.0;0.0;0.0;0.0;0.0;0.0
2030-05-11 12:00:00;193.870380070565;0.0;0.0;0.0;0.0;0.0;0.0;0.0
2030-05-11 13:00:00;193.8337021462967;0.0;0.0;0.0;0.0;0.0;0.0;0.0
2030-05-11 14:00:00;193.5781256805807;0.0;0.0;0.0;0.0;0.0;0.0;0.0
2030-05-11 15:00:00;193.6108343500309;0.0;0.0;0.0;0.0;0.0;0.0;0.0
2030-05-11 16:00:00;193.5920934380418;0.0;0.0;0.0;0.0;0.0;0.0;0.0
2030-05-11 17:00:00;193.6789715496167;0.0;0.0;0.0;0.0;0.0;0.0;0.0
2030-05-11 18:00:00;193.7206805462366;0.0;0.0;0.0;0.0;0.0;0.0;0.0
2030-05-11 19:00:00;193.7396425306459;0.0;0.0;0.0;0.0;0.0;0.0;0.0
2030-05-11 20:00:00;193.8053713806839;0.0;0.0;0.0;0.0;0.0;0.0;0.0
2030-05-11 21:00:00;193.8444375570072;0.0;0.0;0.0;0.0;0.0;0.0;0.0
2030-05-11 22:00:00;193.8455864636761;0.0;0.0;0.0;0.0;0.0;0.0;0.0
2030-05-11 23:00:00;193.8222834208327;0.0;0.0;0.0;0.0;0.0;0.0;0.0
2030-05-12 00:00:00;193.7688274397006;0.0;0.0;0.0;0.0;0.0;0.0;0.0
2030-05-12 01:00:00;193.6846055467509;0.0;0.0;0.0;0.0;0.0;0.0;0.0
2030-05-12 02:00:00;193.5776600886654;0.0;0.0;0.0;0.0;0.0;0.0;0.0
2030-05-12 03:00:00;193.5496944275042;0.0;0.0;0.0;0.0;0.0;0.0;0.0
2030-05-12 04:00:00;193.5540723313415;0.0;0.0;0.0;0.0;0.0;0.0;0.0
2030-05-12 05:00:00;193.6040447470636;0.0;0.0;0.0;0.0;0.0;0.0;0.0
2030-05-12 06:00:00;193.5697952698359;0.0;0.0;0.0;0.0;0.0;0.0;0.0
2030-05-12 07:00:00;193.5327555906983;0.0;0.0;0.0;0.0;0.0;0.0;0.0
2030-05-12 08:00:00;193.535214183978;0.0;0.0;0.0;0.0;0.0;0.0;0.0
2030-05-12 09:00:00;193.5606710081276;0.0;0.0;0.0;0.0;0.0;0.0;0.0
2030-05-12 10:00:00;193.570254162587;0.0;0.0;0.0;0.0;0.0;0.0;0.0
2030-05-12 11:00:00;193.563333925917;0.0;0.0;0.0;0.0;0.0;0.0;0.0
2030-05-12 12:00:00;193.5530406600469;0.0;0.0;0.0;0.0;0.0;0.0;0.0
2030-05-12 13:00:00;193.524894121451;0.0;0.0;0.0;0.0;0.0;0.0;0.0
2030-05-12 14:00:00;193.4987506329657;0.0;0.0;0.0;0.0;0.0;0.0;0.0
2030-05-12 15:00:00;193.4820429173265;0.0;0.0;0.0;0.0;0.0;0.0;0.0
2030-05-12 16:00:00;193.4511631197166;0.0;0.0;0.0;0.0;0.0;0.0;0.0
2030-05-12 17:00:00;193.4663568242354;0.0;0.0;0.0;0.0;0.0;0.0;0.0
2030-05-12 18:00:00;193.5297543651143;0.0;0.0;0.0;0.0;0.0;0.0;0.0
2030-05-12 19:00:00;193.5278652007958;0.0;0.0;0.0;0.0;0.0;0.0;0.0
2030-05-12 20:00:00;193.5754125190595;0.0;0.0;0.0;0.0;0.0;0.0;0.0
2030-05-12 21:00:00;193.590676564803;0.0;0.0;0.0;0.0;0.0;0.0;0.0
2030-05-12 22:00:00;193.6035523584912;0.0;0.0;0.0;0.0;0.0;0.0;0.0
2030-05-12 23:00:00;193.6163712092834;0.0;0.0;0.0;0.0;0.0;0.0;0.0
2030-05-13 00:00:00;193.6880321692647;0.0;0.0;0.0;0.0;0.0;0.0;0.0
2030-05-13 01:00:00;193.8170915685391;0.0;0.0;0.0;0.0;0.0;0.0;0.0
2030-05-13 02:00:00;193.8032912901842;0.0;0.0;0.0;0.0;0.0;0.0;0.0
2030-05-13 03:00:00;193.8196272022076;0.0;0.0;0.0;0.0;0.0;0.0;0.0
2030-05-13 04:00:00;193.8158086785853;0.0;0.0;0.0;0.0;0.0;0.0;0.0
2030-05-13 05:00:00;193.9468577296418;0.0;0.0;0.0;0.0;0.0;0.0;0.0
2030-05-13 06:00:00;194.0701390997507;0.0;0.0;0.0;0.0;0.0;0.0;0.0
2030-05-13 07:00:00;194.1488140847016;0.0;0.0;0.0;0.0;0.0;0.0;0.0
2030-05-13 08:00:00;194.1927907484201;0.0;0.0;0.0;0.0;0.0;0.0;0.0
2030-05-13 09:00:00;194.1340993704267;0.0;0.0;0.0;0.0;0.0;0.0;0.0
2030-05-13 10:00:00;193.9891127081481;0.0;0.0;0.0;0.0;0.0;0.0;0.0
2030-05-13 11:00:00;193.9215918316734;0.0;0.0;0.0;0.0;0.0;0.0;0.0
2030-05-13 12:00:00;193.9199505364321;0.0;0.0;0.0;0.0;0.0;0.0;0.0
2030-05-13 13:00:00;193.911476093656;0.0;0.0;0.0;0.0;0.0;0.0;0.0
2030-05-13 14:00:00;193.9168588721308;0.0;0.0;0.0;0.0;0.0;0.0;0.0
2030-05-13 15:00:00;193.9159209891358;0.0;0.0;0.0;0.0;0.0;0.0;0.0
2030-05-13 16:00:00;194.0036934391381;0.0;0.0;0.0;0.0;0.0;0.0;0.0
2030-05-13 17:00:00;194.1477187713467;0.0;0.0;0.0;0.0;0.0;0.0;0.0
2030-05-13 18:00:00;194.2678414855118;0.0;0.0;0.0;0.0;0.0;0.0;0.0
2030-05-13 19:00:00;194.3254475988967;0.0;0.0;0.0;0.0;0.0;0.0;0.0
2030-05-13 20:00:00;210.1461637452326;0.0;0.0;0.0;0.0;0.0;0.0;0.0
2030-05-13 21:00:00;210.0336847774767;0.0;0.0;0.0;0.0;0.0;0.0;0.0
2030-05-13 22:00:00;210.2022324004222;0.0;0.0;0.0;0.0;0.0;0.0;0.0
2030-05-13 23:00:00;208.0279650498016;0.0;0.0;0.0;0.0;0.0;0.0;0.0
2030-05-14 00:00:00;194.0744232152885;0.0;0.0;0.0;0.0;0.0;0.0;0.0
2030-05-14 01:00:00;200.1134216737685;0.0;0.0;0.0;0.0;0.0;0.0;0.0
2030-05-14 02:00:00;209.7135518154665;0.0;0.0;0.0;0.0;0.0;0.0;0.0
2030-05-14 03:00:00;209.9713992978631;0.0;0.0;0.0;0.0;0.0;0.0;0.0
2030-05-14 04:00:00;210.0697698257088;0.0;0.0;0.0;0.0;0.0;0.0;0.0
2030-05-14 05:00:00;210.5249780364898;0.0;0.0;0.0;0.0;0.0;0.0;0.0
2030-05-14 06:00:00;209.9224853500926;0.0;0.0;0.0;0.0;0.0;0.0;0.0
2030-05-14 07:00:00;195.0273625819269;0.0;0.0;0.0;0.0;0.0;0.0;0.0
2030-05-14 08:00:00;194.8347549105778;0.0;0.0;0.0;0.0;0.0;0.0;0.0
2030-05-14 09:00:00;194.768252307069;0.0;0.0;0.0;0.0;0.0;0.0;0.0
2030-05-14 10:00:00;194.5964287928053;0.0;0.0;0.0;0.0;0.0;0.0;0.0
2030-05-14 11:00:00;194.4661066010699;0.0;0.0;0.0;0.0;0.0;0.0;0.0
2030-05-14 12:00:00;194.3716282876535;0.0;0.0;0.0;0.0;0.0;0.0;0.0
2030-05-14 13:00:00;194.3773862193262;0.0;0.0;0.0;0.0;0.0;0.0;0.0
2030-05-14 14:00:00;194.5587694409746;0.0;0.0;0.0;0.0;0.0;0.0;0.0
2030-05-14 15:00:00;194.6151931518693;0.0;0.0;0.0;0.0;0.0;0.0;0.0
2030-05-14 16:00:00;194.5280437241424;0.0;0.0;0.0;0.0;0.0;0.0;0.0
2030-05-14 17:00:00;194.5735946914596;0.0;0.0;0.0;0.0;0.0;0.0;0.0
2030-05-14 18:00:00;194.772405788904;0.0;0.0;0.0;0.0;0.0;0.0;0.0
2030-05-14 19:00:00;194.8135889011303;0.0;0.0;0.0;0.0;0.0;0.0;0.0
2030-05-14 20:00:00;194.8870485867126;0.0;0.0;0.0;0.0;0.0;0.0;0.0
2030-05-14 21:00:00;194.9552427291945;0.0;0.0;0.0;0.0;0.0;0.0;0.0
2030-05-14 22:00:00;194.7398478506494;0.0;0.0;0.0;0.0;0.0;0.0;0.0
2030-05-14 23:00:00;194.7194823913298;0.0;0.0;0.0;0.0;0.0;0.0;0.0
2030-05-15 00:00:00;194.5938127691658;0.0;0.0;0.0;0.0;0.0;0.0;0.0
2030-05-15 01:00:00;194.4945077079074;0.0;0.0;0.0;0.0;0.0;0.0;0.0
2030-05-15 02:00:00;194.3988201953438;0.0;0.0;0.0;0.0;0.0;0.0;0.0
2030-05-15 03:00:00;194.5288945180021;0.0;0.0;0.0;0.0;0.0;0.0;0.0
2030-05-15 04:00:00;194.570308751395;0.0;0.0;0.0;0.0;0.0;0.0;0.0
2030-05-15 05:00:00;194.7341468618727;0.0;0.0;0.0;0.0;0.0;0.0;0.0
2030-05-15 06:00:00;194.956006433919;0.0;0.0;0.0;0.0;0.0;0.0;0.0
2030-05-15 07:00:00;194.9675222972646;0.0;0.0;0.0;0.0;0.0;0.0;0.0
2030-05-15 08:00:00;194.9806560087765;0.0;0.0;0.0;0.0;0.0;0.0;0.0
2030-05-15 09:00:00;194.9783548458567;0.0;0.0;0.0;0.0;0.0;0.0;0.0
2030-05-15 10:00:00;194.9012206686832;0.0;0.0;0.0;0.0;0.0;0.0;0.0
2030-05-15 11:00:00;194.8113647785993;0.0;0.0;0.0;0.0;0.0;0.0;0.0
2030-05-15 12:00:00;194.7609435188724;0.0;0.0;0.0;0.0;0.0;0.0;0.0
2030-05-15 13:00:00;194.3774297638939;0.0;0.0;0.0;0.0;0.0;0.0;0.0
2030-05-15 14:00:00;194.2763259770343;0.0;0.0;0.0;0.0;0.0;0.0;0.0
2030-05-15 15:00:00;194.3099490824046;0.0;0.0;0.0;0.0;0.0;0.0;0.0
2030-05-15 16:00:00;194.3174856421858;0.0;0.0;0.0;0.0;0.0;0.0;0.0
2030-05-15 17:00:00;194.5582268086703;0.0;0.0;0.0;0.0;0.0;0.0;0.0
2030-05-15 18:00:00;194.6176416964027;0.0;0.0;0.0;0.0;0.0;0.0;0.0
2030-05-15 19:00:00;210.3797468547161;0.0;0.0;0.0;0.0;0.0;0.0;0.0
2030-05-15 20:00:00;210.5126616230164;0.0;0.0;0.0;0.0;0.0;0.0;0.0
2030-05-15 21:00:00;210.336771716053;0.0;0.0;0.0;0.0;0.0;0.0;0.0
2030-05-15 22:00:00;210.3209717371696;0.0;0.0;0.0;0.0;0.0;0.0;0.0
2030-05-15 23:00:00;210.0309883638661;0.0;0.0;0.0;0.0;0.0;0.0;0.0
2030-05-16 00:00:00;209.8506971059905;0.0;0.0;0.0;0.0;0.0;0.0;0.0
2030-05-16 01:00:00;209.6236289337401;0.0;0.0;0.0;0.0;0.0;0.0;0.0
2030-05-16 02:00:00;209.6388125895124;0.0;0.0;0.0;0.0;0.0;0.0;0.0
2030-05-16 03:00:00;209.6380555839522;0.0;0.0;0.0;0.0;0.0;0.0;0.0
2030-05-16 04:00:00;209.713404433853;0.0;0.0;0.0;0.0;0.0;0.0;0.0
2030-05-16 05:00:00;209.897567808665;0.0;0.0;0.0;0.0;0.0;0.0;0.0
2030-05-16 06:00:00;210.2161331662407;0.0;0.0;0.0;0.0;0.0;0.0;0.0
2030-05-16 07:00:00;210.7389191963927;0.0;0.0;0.0;0.0;0.0;0.0;0.0
2030-05-16 08:00:00;194.8912958568471;0.0;0.0;0.0;0.0;0.0;0.0;0.0
2030-05-16 09:00:00;194.8566745760035;0.0;0.0;0.0;0.0;0.0;0.0;0.0
2030-05-16 10:00:00;194.8446093811895;0.0;0.0;0.0;0.0;0.0;0.0;0.0
2030-05-16 11:00:00;194.7475518895369;0.0;0.0;0.0;0.0;0.0;0.0;0.0
2030-05-16 12:00:00;194.8051513037575;0.0;0.0;0.0;0.0;0.0;0.0;0.0
2030-05-16 13:00:00;194.8538073337045;0.0;0.0;0.0;0.0;0.0;0.0;0.0
2030-05-16 14:00:00;194.6442038826535;0.0;0.0;0.0;0.0;0.0;0.0;0.0
2030-05-16 15:00:00;194.6005286813262;0.0;0.0;0.0;0.0;0.0;0.0;0.0
2030-05-16 16:00:00;194.6443077196994;0.0;0.0;0.0;0.0;0.0;0.0;0.0
2030-05-16 17:00:00;194.7413183172023;0.0;0.0;0.0;0.0;0.0;0.0;0.0
2030-05-16 18:00:00;194.7102341950827;0.0;0.0;0.0;0.0;0.0;0.0;0.0
2030-05-16 19:00:00;194.6592703030516;0.0;0.0;0.0;0.0;0.0;0.0;0.0
2030-05-16 20:00:00;194.7050021478036;0.0;0.0;0.0;0.0;0.0;0.0;0.0
2030-05-16 21:00:00;194.6837657971314;0.0;0.0;0.0;0.0;0.0;0.0;0.0
2030-05-16 22:00:00;194.6662474826179;0.0;0.0;0.0;0.0;0.0;0.0;0.0
2030-05-16 23:00:00;194.5076246715086;0.0;0.0;0.0;0.0;0.0;0.0;0.0
2030-05-17 00:00:00;194.4851355771218;0.0;0.0;0.0;0.0;0.0;0.0;0.0
2030-05-17 01:00:00;194.678825163497;0.0;0.0;0.0;0.0;0.0;0.0;0.0
2030-05-17 02:00:00;194.6096998371845;0.0;0.0;0.0;0.0;0.0;0.0;0.0
2030-05-17 03:00:00;194.5601528183922;0.0;0.0;0.0;0.0;0.0;0.0;0.0
2030-05-17 04:00:00;194.7371413882925;0.0;0.0;0.0;0.0;0.0;0.0;0.0
2030-05-17 05:00:00;194.8727425214569;0.0;0.0;0.0;0.0;0.0;0.0;0.0
2030-05-17 06:00:00;194.7055380809436;0.0;0.0;0.0;0.0;0.0;0.0;0.0
2030-05-17 07:00:00;194.8362756208626;0.0;0.0;0.0;0.0;0.0;0.0;0.0
2030-05-17 08:00:00;194.8988893595243;0.0;0.0;0.0;0.0;0.0;0.0;0.0
2030-05-17 09:00:00;194.9541876108251;0.0;0.0;0.0;0.0;0.0;0.0;0.0
2030-05-17 10:00:00;194.9396839202241;0.0;0.0;0.0;0.0;0.0;0.0;0.0
2030-05-17 11:00:00;194.9227082380149;0.0;0.0;0.0;0.0;0.0;0.0;0.0
2030-05-17 12:00:00;194.8465353909113;0.0;0.0;0.0;0.0;0.0;0.0;0.0
2030-05-17 13:00:00;195.0268500958617;0.0;0.0;0.0;0.0;0.0;0.0;0.0
2030-05-17 14:00:00;195.0750539322219;0.0;0.0;0.0;0.0;0.0;0.0;0.0
2030-05-17 15:00:00;195.0974860837127;0.0;0.0;0.0;0.0;0.0;0.0;0.0
2030-05-17 16:00:00;195.2714298834615;0.0;0.0;0.0;0.0;0.0;0.0;0.0
2030-05-17 17:00:00;195.3639721384096;0.0;0.0;0.0;0.0;0.0;0.0;0.0
2030-05-17 18:00:00;195.4119683006782;0.0;0.0;0.0;0.0;0.0;0.0;0.0
2030-05-17 19:00:00;211.2363924344263;0.0;0.0;0.0;0.0;0.0;0.0;0.0
2030-05-17 20:00:00;211.1861018084023;0.0;0.0;0.0;0.0;0.0;0.0;0.0
2030-05-17 21:00:00;211.0520146863583;0.0;0.0;0.0;0.0;0.0;0.0;0.0
2030-05-17 22:00:00;210.6730295664127;0.0;0.0;0.0;0.0;0.0;0.0;0.0
2030-05-17 23:00:00;210.2006446984949;0.0;0.0;0.0;0.0;0.0;0.0;0.0
2030-05-18 00:00:00;209.7502297397347;0.0;0.0;0.0;0.0;0.0;0.0;0.0
2030-05-18 01:00:00;209.4214649045885;0.0;0.0;0.0;0.0;0.0;0.0;0.0
2030-05-18 02:00:00;209.1861601098928;0.0;0.0;0.0;0.0;0.0;0.0;0.0
2030-05-18 03:00:00;209.1878583480301;0.0;0.0;0.0;0.0;0.0;0.0;0.0
2030-05-18 04:00:00;209.2183596428599;0.0;0.0;0.0;0.0;0.0;0.0;0.0
2030-05-18 05:00:00;209.2341596217433;0.0;0.0;0.0;0.0;0.0;0.0;0.0
2030-05-18 06:00:00;209.2284050396526;0.0;0.0;0.0;0.0;0.0;0.0;0.0
2030-05-18 07:00:00;209.3555350796231;0.0;0.0;0.0;0.0;0.0;0.0;0.0
2030-05-18 08:00:00;209.579102938553;0.0;0.0;0.0;0.0;0.0;0.0;0.0
2030-05-18 09:00:00;194.0367203188901;0.0;0.0;0.0;0.0;0.0;0.0;0.0
2030-05-18 10:00:00;193.9560925275603;0.0;0.0;0.0;0.0;0.0;0.0;0.0
2030-05-18 11:00:00;193.9252093803683;0.0;0.0;0.0;0.0;0.0;0.0;0.0
2030-05-18 12:00:00;193.8948420688235;0.0;0.0;0.0;0.0;0.0;0.0;0.0
2030-05-18 13:00:00;193.8896770131868;0.0;0.0;0.0;0.0;0.0;0.0;0.0
2030-05-18 14:00:00;194.0181669835;0.0;0.0;0.0;0.0;0.0;0.0;0.0
2030-05-18 15:00:00;193.9299322911644;0.0;0.0;0.0;0.0;0.0;0.0;0.0
2030-05-18 16:00:00;193.899253468482;0.0;0.0;0.0;0.0;0.0;0.0;0.0
2030-05-18 17:00:00;193.898744331999;0.0;0.0;0.0;0.0;0.0;0.0;0.0
2030-05-18 18:00:00;209.2661816268578;0.0;0.0;0.0;0.0;0.0;0.0;0.0
2030-05-18 19:00:00;209.3088653518761;0.0;0.0;0.0;0.0;0.0;0.0;0.0
2030-05-18 20:00:00;209.3331062777143;0.0;0.0;0.0;0.0;0.0;0.0;0.0
2030-05-18 21:00:00;209.3135246206119;0.0;0.0;0.0;0.0;0.0;0.0;0.0
2030-05-18 22:00:00;209.2667611045655;0.0;0.0;0.0;0.0;0.0;0.0;0.0
2030-05-18 23:00:00;209.2598978107915;0.0;0.0;0.0;0.0;0.0;0.0;0.0
2030-05-19 00:00:00;209.3177718907463;0.0;0.0;0.0;0.0;0.0;0.0;0.0
2030-05-19 01:00:00;208.9486546397408;0.0;0.0;0.0;0.0;0.0;0.0;0.0
2030-05-19 02:00:00;209.0117540678107;0.0;0.0;0.0;0.0;0.0;0.0;0.0
2030-05-19 03:00:00;208.8875448634532;0.0;0.0;0.0;0.0;0.0;0.0;0.0
2030-05-19 04:00:00;208.8499156578615;0.0;0.0;0.0;0.0;0.0;0.0;0.0
2030-05-19 05:00:00;193.7186071549012;0.0;0.0;0.0;0.0;0.0;0.0;0.0
2030-05-19 06:00:00;193.5177025686286;0.0;0.0;0.0;0.0;0.0;0.0;0.0
2030-05-19 07:00:00;193.5315899361188;0.0;0.0;0.0;0.0;0.0;0.0;0.0
2030-05-19 08:00:00;193.542479427607;0.0;0.0;0.0;0.0;0.0;0.0;0.0
2030-05-19 09:00:00;193.549610687951;0.0;0.0;0.0;0.0;0.0;0.0;0.0
2030-05-19 10:00:00;193.5247366910911;0.0;0.0;0.0;0.0;0.0;0.0;0.0
2030-05-19 11:00:00;193.5395451936656;0.0;0.0;0.0;0.0;0.0;0.0;0.0
2030-05-19 12:00:00;193.5317038219111;0.0;0.0;0.0;0.0;0.0;0.0;0.0
2030-05-19 13:00:00;193.5045186133849;0.0;0.0;0.0;0.0;0.0;0.0;0.0
2030-05-19 14:00:00;193.4840526666014;0.0;0.0;0.0;0.0;0.0;0.0;0.0
2030-05-19 15:00:00;193.5228441771906;0.0;0.0;0.0;0.0;0.0;0.0;0.0
2030-05-19 16:00:00;193.6281684375275;0.0;0.0;0.0;0.0;0.0;0.0;0.0
2030-05-19 17:00:00;193.7047365353218;0.0;0.0;0.0;0.0;0.0;0.0;0.0
2030-05-19 18:00:00;193.7695643477682;0.0;0.0;0.0;0.0;0.0;0.0;0.0
2030-05-19 19:00:00;208.8443352540414;0.0;0.0;0.0;0.0;0.0;0.0;0.0
2030-05-19 20:00:00;208.8662080253173;0.0;0.0;0.0;0.0;0.0;0.0;0.0
2030-05-19 21:00:00;208.879016827363;0.0;0.0;0.0;0.0;0.0;0.0;0.0
2030-05-19 22:00:00;208.8138339592115;0.0;0.0;0.0;0.0;0.0;0.0;0.0
2030-05-19 23:00:00;208.7801003176311;0.0;0.0;0.0;0.0;0.0;0.0;0.0
2030-05-20 00:00:00;208.7990154078907;0.0;0.0;0.0;0.0;0.0;0.0;0.0
2030-05-20 01:00:00;208.9811589846814;0.0;0.0;0.0;0.0;0.0;0.0;0.0
2030-05-20 02:00:00;209.0928641989664;0.0;0.0;0.0;0.0;0.0;0.0;0.0
2030-05-20 03:00:00;209.1359733209145;0.0;0.0;0.0;0.0;0.0;0.0;0.0
2030-05-20 04:00:00;209.5555419778861;0.0;0.0;0.0;0.0;0.0;0.0;0.0
2030-05-20 05:00:00;209.8430031158496;0.0;0.0;0.0;0.0;0.0;0.0;0.0
2030-05-20 06:00:00;210.2918471205931;0.0;0.0;0.0;0.0;0.0;0.0;0.0
2030-05-20 07:00:00;201.3737019482818;0.0;0.0;0.0;0.0;0.0;0.0;0.0
2030-05-20 08:00:00;194.5865274280441;0.0;0.0;0.0;0.0;0.0;0.0;0.0
2030-05-20 09:00:00;194.8029271812265;0.0;0.0;0.0;0.0;0.0;0.0;0.0
2030-05-20 10:00:00;194.6863516745319;0.0;0.0;0.0;0.0;0.0;0.0;0.0
2030-05-20 11:00:00;194.6530568282098;0.0;0.0;0.0;0.0;0.0;0.0;0.0
2030-05-20 12:00:00;194.7595634910369;0.0;0.0;0.0;0.0;0.0;0.0;0.0
2030-05-20 13:00:00;194.7634691037946;0.0;0.0;0.0;0.0;0.0;0.0;0.0
2030-05-20 14:00:00;194.6902405393789;0.0;0.0;0.0;0.0;0.0;0.0;0.0
2030-05-20 15:00:00;194.6532544535552;0.0;0.0;0.0;0.0;0.0;0.0;0.0
2030-05-20 16:00:00;194.686730177312;0.0;0.0;0.0;0.0;0.0;0.0;0.0
2030-05-20 17:00:00;210.6998932150548;0.0;0.0;0.0;0.0;0.0;0.0;0.0
2030-05-20 18:00:00;210.8007022386874;0.0;0.0;0.0;0.0;0.0;0.0;0.0
2030-05-20 19:00:00;210.8862371678302;0.0;0.0;0.0;0.0;0.0;0.0;0.0
2030-05-20 20:00:00;210.9105785811322;0.0;0.0;0.0;0.0;0.0;0.0;0.0
2030-05-20 21:00:00;210.8506277602599;0.0;0.0;0.0;0.0;0.0;0.0;0.0
2030-05-20 22:00:00;210.7829963475749;0.0;0.0;0.0;0.0;0.0;0.0;0.0
2030-05-20 23:00:00;210.7374085348542;0.0;0.0;0.0;0.0;0.0;0.0;0.0
2030-05-21 00:00:00;210.5477585445216;0.0;0.0;0.0;0.0;0.0;0.0;0.0
2030-05-21 01:00:00;194.5823103041486;0.0;0.0;0.0;0.0;0.0;0.0;0.0
2030-05-21 02:00:00;194.2719715202718;0.0;0.0;0.0;0.0;0.0;0.0;0.0
2030-05-21 03:00:00;194.2609882404841;0.0;0.0;0.0;0.0;0.0;0.0;0.0
2030-05-21 04:00:00;194.2800641106857;0.0;0.0;0.0;0.0;0.0;0.0;0.0
2030-05-21 05:00:00;194.315214625505;0.0;0.0;0.0;0.0;0.0;0.0;0.0
2030-05-21 06:00:00;194.5367593368315;0.0;0.0;0.0;0.0;0.0;0.0;0.0
2030-05-21 07:00:00;194.7717861162109;0.0;0.0;0.0;0.0;0.0;0.0;0.0
2030-05-21 08:00:00;194.8769897915914;0.0;0.0;0.0;0.0;0.0;0.0;0.0
2030-05-21 09:00:00;195.1601802123454;0.0;0.0;0.0;0.0;0.0;0.0;0.0
2030-05-21 10:00:00;194.895663711938;0.0;0.0;0.0;0.0;0.0;0.0;0.0
2030-05-21 11:00:00;194.9030964346733;0.0;0.0;0.0;0.0;0.0;0.0;0.0
2030-05-21 12:00:00;194.6602383322857;0.0;0.0;0.0;0.0;0.0;0.0;0.0
2030-05-21 13:00:00;194.6010210698986;0.0;0.0;0.0;0.0;0.0;0.0;0.0
2030-05-21 14:00:00;194.695710406989;0.0;0.0;0.0;0.0;0.0;0.0;0.0
2030-05-21 15:00:00;194.9714279100223;0.0;0.0;0.0;0.0;0.0;0.0;0.0
2030-05-21 16:00:00;195.0079484039306;0.0;0.0;0.0;0.0;0.0;0.0;0.0
2030-05-21 17:00:00;195.1427590357136;0.0;0.0;0.0;0.0;0.0;0.0;0.0
2030-05-21 18:00:00;195.3999667479245;0.0;0.0;0.0;0.0;0.0;0.0;0.0
2030-05-21 19:00:00;195.4399607584964;0.0;0.0;0.0;0.0;0.0;0.0;0.0
2030-05-21 20:00:00;195.4662851244163;0.0;0.0;0.0;0.0;0.0;0.0;0.0
2030-05-21 21:00:00;195.4550640242978;0.0;0.0;0.0;0.0;0.0;0.0;0.0
2030-05-21 22:00:00;195.4069874720583;0.0;0.0;0.0;0.0;0.0;0.0;0.0
2030-05-21 23:00:00;195.2680736021723;0.0;0.0;0.0;0.0;0.0;0.0;0.0
2030-05-22 00:00:00;194.737020803336;0.0;0.0;0.0;0.0;0.0;0.0;0.0
2030-05-22 01:00:00;194.4670277361543;0.0;0.0;0.0;0.0;0.0;0.0;0.0
2030-05-22 02:00:00;194.1963614029654;0.0;0.0;0.0;0.0;0.0;0.0;0.0
2030-05-22 03:00:00;194.1465129217817;0.0;0.0;0.0;0.0;0.0;0.0;0.0
2030-05-22 04:00:00;194.2643110259522;0.0;0.0;0.0;0.0;0.0;0.0;0.0
2030-05-22 05:00:00;194.4078942133203;0.0;0.0;0.0;0.0;0.0;0.0;0.0
2030-05-22 06:00:00;194.3646444089229;0.0;0.0;0.0;0.0;0.0;0.0;0.0
2030-05-22 07:00:00;194.4735527221337;0.0;0.0;0.0;0.0;0.0;0.0;0.0
2030-05-22 08:00:00;194.4132401463917;0.0;0.0;0.0;0.0;0.0;0.0;0.0
2030-05-22 09:00:00;194.4123659054571;0.0;0.0;0.0;0.0;0.0;0.0;0.0
2030-05-22 10:00:00;194.3748773823147;0.0;0.0;0.0;0.0;0.0;0.0;0.0
2030-05-22 11:00:00;194.3655019019469;0.0;0.0;0.0;0.0;0.0;0.0;0.0
2030-05-22 12:00:00;194.3074536437214;0.0;0.0;0.0;0.0;0.0;0.0;0.0
2030-05-22 13:00:00;194.3093662551148;0.0;0.0;0.0;0.0;0.0;0.0;0.0
2030-05-22 14:00:00;194.2821676482602;0.0;0.0;0.0;0.0;0.0;0.0;0.0
2030-05-22 15:00:00;194.2595680176631;0.0;0.0;0.0;0.0;0.0;0.0;0.0
2030-05-22 16:00:00;194.2607470705712;0.0;0.0;0.0;0.0;0.0;0.0;0.0
2030-05-22 17:00:00;194.3546660037726;0.0;0.0;0.0;0.0;0.0;0.0;0.0
2030-05-22 18:00:00;194.6977436033388;0.0;0.0;0.0;0.0;0.0;0.0;0.0
2030-05-22 19:00:00;194.8036808372046;0.0;0.0;0.0;0.0;0.0;0.0;0.0
2030-05-22 20:00:00;194.7400153297557;0.0;0.0;0.0;0.0;0.0;0.0;0.0
2030-05-22 21:00:00;194.7962682119621;0.0;0.0;0.0;0.0;0.0;0.0;0.0
2030-05-22 22:00:00;194.7356072796793;0.0;0.0;0.0;0.0;0.0;0.0;0.0
2030-05-22 23:00:00;194.6639965634299;0.0;0.0;0.0;0.0;0.0;0.0;0.0
2030-05-23 00:00:00;194.6602952751819;0.0;0.0;0.0;0.0;0.0;0.0;0.0
2030-05-23 01:00:00;194.5405376654684;0.0;0.0;0.0;0.0;0.0;0.0;0.0
2030-05-23 02:00:00;194.4107212606338;0.0;0.0;0.0;0.0;0.0;0.0;0.0
2030-05-23 03:00:00;194.5394189050387;0.0;0.0;0.0;0.0;0.0;0.0;0.0
2030-05-23 04:00:00;194.5720270870251;0.0;0.0;0.0;0.0;0.0;0.0;0.0
2030-05-23 05:00:00;194.7193886030302;0.0;0.0;0.0;0.0;0.0;0.0;0.0
2030-05-23 06:00:00;195.2870322369995;0.0;0.0;0.0;0.0;0.0;0.0;0.0
2030-05-23 07:00:00;195.2211660540944;0.0;0.0;0.0;0.0;0.0;0.0;0.0
2030-05-23 08:00:00;195.0194475193657;0.0;0.0;0.0;0.0;0.0;0.0;0.0
2030-05-23 09:00:00;195.0414408755981;0.0;0.0;0.0;0.0;0.0;0.0;0.0
2030-05-23 10:00:00;194.9550116080279;0.0;0.0;0.0;0.0;0.0;0.0;0.0
2030-05-23 11:00:00;195.0495803601616;0.0;0.0;0.0;0.0;0.0;0.0;0.0
2030-05-23 12:00:00;195.1984056435554;0.0;0.0;0.0;0.0;0.0;0.0;0.0
2030-05-23 13:00:00;195.0013195809054;0.0;0.0;0.0;0.0;0.0;0.0;0.0
2030-05-23 14:00:00;194.9693344211942;0.0;0.0;0.0;0.0;0.0;0.0;0.0
2030-05-23 15:00:00;195.1565057207545;0.0;0.0;0.0;0.0;0.0;0.0;0.0
2030-05-23 16:00:00;195.4027268035954;0.0;0.0;0.0;0.0;0.0;0.0;0.0
2030-05-23 17:00:00;195.2438192780055;0.0;0.0;0.0;0.0;0.0;0.0;0.0
2030-05-23 18:00:00;195.3337354605678;0.0;0.0;0.0;0.0;0.0;0.0;0.0
2030-05-23 19:00:00;211.2797929700193;0.0;0.0;0.0;0.0;0.0;0.0;0.0
2030-05-23 20:00:00;211.2852159434796;0.0;0.0;0.0;0.0;0.0;0.0;0.0
2030-05-23 21:00:00;211.2355181934917;0.0;0.0;0.0;0.0;0.0;0.0;0.0
2030-05-23 22:00:00;211.2209106658448;0.0;0.0;0.0;0.0;0.0;0.0;0.0
2030-05-23 23:00:00;211.1558651305604;0.0;0.0;0.0;0.0;0.0;0.0;0.0
2030-05-24 00:00:00;211.0098233499124;0.0;0.0;0.0;0.0;0.0;0.0;0.0
2030-05-24 01:00:00;211.0983729029676;0.0;0.0;0.0;0.0;0.0;0.0;0.0
2030-05-24 02:00:00;211.1605076513856;0.0;0.0;0.0;0.0;0.0;0.0;0.0
2030-05-24 03:00:00;211.114306865136;0.0;0.0;0.0;0.0;0.0;0.0;0.0
2030-05-24 04:00:00;211.0543258980246;0.0;0.0;0.0;0.0;0.0;0.0;0.0
2030-05-24 05:00:00;211.0902099713292;0.0;0.0;0.0;0.0;0.0;0.0;0.0
2030-05-24 06:00:00;210.9982840394919;0.0;0.0;0.0;0.0;0.0;0.0;0.0
2030-05-24 07:00:00;211.0364960723734;0.0;0.0;0.0;0.0;0.0;0.0;0.0
2030-05-24 08:00:00;199.097372830314;0.0;0.0;0.0;0.0;0.0;0.0;0.0
2030-05-24 09:00:00;195.5358726930622;0.0;0.0;0.0;0.0;0.0;0.0;0.0
2030-05-24 10:00:00;195.452414504837;0.0;0.0;0.0;0.0;0.0;0.0;0.0
2030-05-24 11:00:00;195.0032187939702;0.0;0.0;0.0;0.0;0.0;0.0;0.0
2030-05-24 12:00:00;195.2767892148614;0.0;0.0;0.0;0.0;0.0;0.0;0.0
2030-05-24 13:00:00;195.012728257623;0.0;0.0;0.0;0.0;0.0;0.0;0.0
2030-05-24 14:00:00;195.2198898633049;0.0;0.0;0.0;0.0;0.0;0.0;0.0
2030-05-24 15:00:00;195.2371167641735;0.0;0.0;0.0;0.0;0.0;0.0;0.0
2030-05-24 16:00:00;195.2275068130571;0.0;0.0;0.0;0.0;0.0;0.0;0.0
2030-05-24 17:00:00;195.1069084582302;0.0;0.0;0.0;0.0;0.0;0.0;0.0
2030-05-24 18:00:00;210.8161940560153;0.0;0.0;0.0;0.0;0.0;0.0;0.0
2030-05-24 19:00:00;210.8317662633142;0.0;0.0;0.0;0.0;0.0;0.0;0.0
2030-05-24 20:00:00;210.7725757975842;0.0;0.0;0.0;0.0;0.0;0.0;0.0
2030-05-24 21:00:00;210.7867512291369;0.0;0.0;0.0;0.0;0.0;0.0;0.0
2030-05-24 22:00:00;210.5636724091973;0.0;0.0;0.0;0.0;0.0;0.0;0.0
2030-05-24 23:00:00;210.3522936796201;0.0;0.0;0.0;0.0;0.0;0.0;0.0
2030-05-25 00:00:00;210.0209965603874;0.0;0.0;0.0;0.0;0.0;0.0;0.0
2030-05-25 01:00:00;209.6258765033458;0.0;0.0;0.0;0.0;0.0;0.0;0.0
2030-05-25 02:00:00;209.2922279774615;0.0;0.0;0.0;0.0;0.0;0.0;0.0
2030-05-25 03:00:00;193.8913015605174;0.0;0.0;0.0;0.0;0.0;0.0;0.0
2030-05-25 04:00:00;193.8675764703264;0.0;0.0;0.0;0.0;0.0;0.0;0.0
2030-05-25 05:00:00;209.1040919982493;0.0;0.0;0.0;0.0;0.0;0.0;0.0
2030-05-25 06:00:00;207.9351347307906;0.0;0.0;0.0;0.0;0.0;0.0;0.0
2030-05-25 07:00:00;195.3558996454886;0.0;0.0;0.0;0.0;0.0;0.0;0.0
2030-05-25 08:00:00;193.9057483082224;0.0;0.0;0.0;0.0;0.0;0.0;0.0
2030-05-25 09:00:00;193.9261640112739;0.0;0.0;0.0;0.0;0.0;0.0;0.0
2030-05-25 10:00:00;193.9388790250202;0.0;0.0;0.0;0.0;0.0;0.0;0.0
2030-05-25 11:00:00;193.9320827228887;0.0;0.0;0.0;0.0;0.0;0.0;0.0
2030-05-25 12:00:00;193.9053865533529;0.0;0.0;0.0;0.0;0.0;0.0;0.0
2030-05-25 13:00:00;193.9124106270688;0.0;0.0;0.0;0.0;0.0;0.0;0.0
2030-05-25 14:00:00;193.9276110307518;0.0;0.0;0.0;0.0;0.0;0.0;0.0
2030-05-25 15:00:00;193.9142729947303;0.0;0.0;0.0;0.0;0.0;0.0;0.0
2030-05-25 16:00:00;193.9001243598345;0.0;0.0;0.0;0.0;0.0;0.0;0.0
2030-05-25 17:00:00;193.9306625000677;0.0;0.0;0.0;0.0;0.0;0.0;0.0
2030-05-25 18:00:00;193.9858803613975;0.0;0.0;0.0;0.0;0.0;0.0;0.0
2030-05-25 19:00:00;193.9823097068523;0.0;0.0;0.0;0.0;0.0;0.0;0.0
2030-05-25 20:00:00;194.010771106168;0.0;0.0;0.0;0.0;0.0;0.0;0.0
2030-05-25 21:00:00;209.3651115349184;0.0;0.0;0.0;0.0;0.0;0.0;0.0
2030-05-25 22:00:00;207.7576001790039;0.0;0.0;0.0;0.0;0.0;0.0;0.0
2030-05-25 23:00:00;193.9693937181785;0.0;0.0;0.0;0.0;0.0;0.0;0.0
2030-05-26 00:00:00;193.7295200934643;0.0;0.0;0.0;0.0;0.0;0.0;0.0
2030-05-26 01:00:00;193.4264900977842;0.0;0.0;0.0;0.0;0.0;0.0;0.0
2030-05-26 02:00:00;193.2677969454503;0.0;0.0;0.0;0.0;0.0;0.0;0.0
2030-05-26 03:00:00;193.1903613058857;0.0;0.0;0.0;0.0;0.0;0.0;0.0
2030-05-26 04:00:00;193.1817763268994;0.0;0.0;0.0;0.0;0.0;0.0;0.0
2030-05-26 05:00:00;193.1722635136645;0.0;0.0;0.0;0.0;0.0;0.0;0.0
2030-05-26 06:00:00;193.2208793486261;0.0;0.0;0.0;0.0;0.0;0.0;0.0
2030-05-26 07:00:00;193.2448255112373;0.0;0.0;0.0;0.0;0.0;0.0;0.0
2030-05-26 08:00:00;193.237871778746;0.0;0.0;0.0;0.0;0.0;0.0;0.0
2030-05-26 09:00:00;193.2320234083558;0.0;0.0;0.0;0.0;0.0;0.0;0.0
2030-05-26 10:00:00;193.1850086736499;0.0;0.0;0.0;0.0;0.0;0.0;0.0
2030-05-26 11:00:00;193.2014015285694;0.0;0.0;0.0;0.0;0.0;0.0;0.0
2030-05-26 12:00:00;193.2525161517962;0.0;0.0;0.0;0.0;0.0;0.0;0.0
2030-05-26 13:00:00;193.221760288725;0.0;0.0;0.0;0.0;0.0;0.0;0.0
2030-05-26 14:00:00;193.3128990687627;0.0;0.0;0.0;0.0;0.0;0.0;0.0
2030-05-26 15:00:00;193.2110248780144;0.0;0.0;0.0;0.0;0.0;0.0;0.0
2030-05-26 16:00:00;193.2221287427586;0.0;0.0;0.0;0.0;0.0;0.0;0.0
2030-05-26 17:00:00;193.4251569640984;0.0;0.0;0.0;0.0;0.0;0.0;0.0
2030-05-26 18:00:00;193.3378199597724;0.0;0.0;0.0;0.0;0.0;0.0;0.0
2030-05-26 19:00:00;193.3899227097261;0.0;0.0;0.0;0.0;0.0;0.0;0.0
2030-05-26 20:00:00;193.3942235731744;0.0;0.0;0.0;0.0;0.0;0.0;0.0
2030-05-26 21:00:00;193.390592626151;0.0;0.0;0.0;0.0;0.0;0.0;0.0
2030-05-26 22:00:00;193.4396338580425;0.0;0.0;0.0;0.0;0.0;0.0;0.0
2030-05-26 23:00:00;193.4325226951912;0.0;0.0;0.0;0.0;0.0;0.0;0.0
2030-05-27 00:00:00;193.3856352446061;0.0;0.0;0.0;0.0;0.0;0.0;0.0
2030-05-27 01:00:00;193.3772880859507;0.0;0.0;0.0;0.0;0.0;0.0;0.0
2030-05-27 02:00:00;193.4161432386002;0.0;0.0;0.0;0.0;0.0;0.0;0.0
2030-05-27 03:00:00;193.469860487138;0.0;0.0;0.0;0.0;0.0;0.0;0.0
2030-05-27 04:00:00;193.6233684863424;0.0;0.0;0.0;0.0;0.0;0.0;0.0
2030-05-27 05:00:00;193.8978700910644;0.0;0.0;0.0;0.0;0.0;0.0;0.0
2030-05-27 06:00:00;207.9251127810728;0.0;0.0;0.0;0.0;0.0;0.0;0.0
2030-05-27 07:00:00;199.7062263731666;0.0;0.0;0.0;0.0;0.0;0.0;0.0
2030-05-27 08:00:00;194.4902671369371;0.0;0.0;0.0;0.0;0.0;0.0;0.0
2030-05-27 09:00:00;194.477421489488;0.0;0.0;0.0;0.0;0.0;0.0;0.0
2030-05-27 10:00:00;194.5635928392345;0.0;0.0;0.0;0.0;0.0;0.0;0.0
2030-05-27 11:00:00;194.5763446983842;0.0;0.0;0.0;0.0;0.0;0.0;0.0
2030-05-27 12:00:00;194.5519530413502;0.0;0.0;0.0;0.0;0.0;0.0;0.0
2030-05-27 13:00:00;194.7657803154608;0.0;0.0;0.0;0.0;0.0;0.0;0.0
2030-05-27 14:00:00;194.8158900640501;0.0;0.0;0.0;0.0;0.0;0.0;0.0
2030-05-27 15:00:00;194.7543448420862;0.0;0.0;0.0;0.0;0.0;0.0;0.0
2030-05-27 16:00:00;194.7628762277585;0.0;0.0;0.0;0.0;0.0;0.0;0.0
2030-05-27 17:00:00;195.1372690706108;0.0;0.0;0.0;0.0;0.0;0.0;0.0
2030-05-27 18:00:00;195.1284462712937;0.0;0.0;0.0;0.0;0.0;0.0;0.0
2030-05-27 19:00:00;210.9808427653673;0.0;0.0;0.0;0.0;0.0;0.0;0.0
2030-05-27 20:00:00;210.9495811153952;0.0;0.0;0.0;0.0;0.0;0.0;0.0
2030-05-27 21:00:00;210.8322117577368;0.0;0.0;0.0;0.0;0.0;0.0;0.0
2030-05-27 22:00:00;210.8268524263369;0.0;0.0;0.0;0.0;0.0;0.0;0.0
2030-05-27 23:00:00;210.7139648095618;0.0;0.0;0.0;0.0;0.0;0.0;0.0
2030-05-28 00:00:00;210.6357219207049;0.0;0.0;0.0;0.0;0.0;0.0;0.0
2030-05-28 01:00:00;210.6083022414302;0.0;0.0;0.0;0.0;0.0;0.0;0.0
2030-05-28 02:00:00;210.5087861564978;0.0;0.0;0.0;0.0;0.0;0.0;0.0
2030-05-28 03:00:00;210.4225377663624;0.0;0.0;0.0;0.0;0.0;0.0;0.0
2030-05-28 04:00:00;210.2974911664736;0.0;0.0;0.0;0.0;0.0;0.0;0.0
2030-05-28 05:00:00;210.6939242597081;0.0;0.0;0.0;0.0;0.0;0.0;0.0
2030-05-28 06:00:00;210.8463905388718;0.0;0.0;0.0;0.0;0.0;0.0;0.0
2030-05-28 07:00:00;210.9187381631886;0.0;0.0;0.0;0.0;0.0;0.0;0.0
2030-05-28 08:00:00;210.8453153230096;0.0;0.0;0.0;0.0;0.0;0.0;0.0
2030-05-28 09:00:00;195.0596760006862;0.0;0.0;0.0;0.0;0.0;0.0;0.0
2030-05-28 10:00:00;194.9929590239215;0.0;0.0;0.0;0.0;0.0;0.0;0.0
2030-05-28 11:00:00;195.0646869755452;0.0;0.0;0.0;0.0;0.0;0.0;0.0
2030-05-28 12:00:00;195.0653836886272;0.0;0.0;0.0;0.0;0.0;0.0;0.0
2030-05-28 13:00:00;194.9231302853626;0.0;0.0;0.0;0.0;0.0;0.0;0.0
2030-05-28 14:00:00;194.9207721795466;0.0;0.0;0.0;0.0;0.0;0.0;0.0
2030-05-28 15:00:00;194.90397402519;0.0;0.0;0.0;0.0;0.0;0.0;0.0
2030-05-28 16:00:00;194.9961310781938;0.0;0.0;0.0;0.0;0.0;0.0;0.0
2030-05-28 17:00:00;210.8401603161193;0.0;0.0;0.0;0.0;0.0;0.0;0.0
2030-05-28 18:00:00;210.7846711386373;0.0;0.0;0.0;0.0;0.0;0.0;0.0
2030-05-28 19:00:00;210.7098582218766;0.0;0.0;0.0;0.0;0.0;0.0;0.0
2030-05-28 20:00:00;210.780155901933;0.0;0.0;0.0;0.0;0.0;0.0;0.0
2030-05-28 21:00:00;210.7296107076674;0.0;0.0;0.0;0.0;0.0;0.0;0.0
2030-05-28 22:00:00;210.4736456904249;0.0;0.0;0.0;0.0;0.0;0.0;0.0
2030-05-28 23:00:00;210.4162506007138;0.0;0.0;0.0;0.0;0.0;0.0;0.0
2030-05-29 00:00:00;210.2874357209346;0.0;0.0;0.0;0.0;0.0;0.0;0.0
2030-05-29 01:00:00;210.3212798987251;0.0;0.0;0.0;0.0;0.0;0.0;0.0
2030-05-29 02:00:00;210.3271952607577;0.0;0.0;0.0;0.0;0.0;0.0;0.0
2030-05-29 03:00:00;210.3608887073527;0.0;0.0;0.0;0.0;0.0;0.0;0.0
2030-05-29 04:00:00;210.4394498065113;0.0;0.0;0.0;0.0;0.0;0.0;0.0
2030-05-29 05:00:00;210.3943443336167;0.0;0.0;0.0;0.0;0.0;0.0;0.0
2030-05-29 06:00:00;210.5713262043528;0.0;0.0;0.0;0.0;0.0;0.0;0.0
2030-05-29 07:00:00;210.6423373454018;0.0;0.0;0.0;0.0;0.0;0.0;0.0
2030-05-29 08:00:00;210.6253013707143;0.0;0.0;0.0;0.0;0.0;0.0;0.0
2030-05-29 09:00:00;194.7757654197753;0.0;0.0;0.0;0.0;0.0;0.0;0.0
2030-05-29 10:00:00;194.7902523624658;0.0;0.0;0.0;0.0;0.0;0.0;0.0
2030-05-29 11:00:00;194.7668655800693;0.0;0.0;0.0;0.0;0.0;0.0;0.0
2030-05-29 12:00:00;194.7245134636814;0.0;0.0;0.0;0.0;0.0;0.0;0.0
2030-05-29 13:00:00;194.6721293488293;0.0;0.0;0.0;0.0;0.0;0.0;0.0
2030-05-29 14:00:00;194.6760249128405;0.0;0.0;0.0;0.0;0.0;0.0;0.0
2030-05-29 15:00:00;194.6790328375888;0.0;0.0;0.0;0.0;0.0;0.0;0.0
2030-05-29 16:00:00;194.5805450743689;0.0;0.0;0.0;0.0;0.0;0.0;0.0
2030-05-29 17:00:00;194.8053690265957;0.0;0.0;0.0;0.0;0.0;0.0;0.0
2030-05-29 18:00:00;210.8233186171951;0.0;0.0;0.0;0.0;0.0;0.0;0.0
2030-05-29 19:00:00;211.0271440390806;0.0;0.0;0.0;0.0;0.0;0.0;0.0
2030-05-29 20:00:00;211.0808579380363;0.0;0.0;0.0;0.0;0.0;0.0;0.0
2030-05-29 21:00:00;210.952418211455;0.0;0.0;0.0;0.0;0.0;0.0;0.0
2030-05-29 22:00:00;210.7967195855408;0.0;0.0;0.0;0.0;0.0;0.0;0.0
2030-05-29 23:00:00;210.6082553472804;0.0;0.0;0.0;0.0;0.0;0.0;0.0
2030-05-30 00:00:00;210.1005089408695;0.0;0.0;0.0;0.0;0.0;0.0;0.0
2030-05-30 01:00:00;209.2479532009339;0.0;0.0;0.0;0.0;0.0;0.0;0.0
2030-05-30 02:00:00;208.785057699176;0.0;0.0;0.0;0.0;0.0;0.0;0.0
2030-05-30 03:00:00;208.6452059462951;0.0;0.0;0.0;0.0;0.0;0.0;0.0
2030-05-30 04:00:00;208.5780736213467;0.0;0.0;0.0;0.0;0.0;0.0;0.0
2030-05-30 05:00:00;208.5394160940427;0.0;0.0;0.0;0.0;0.0;0.0;0.0
2030-05-30 06:00:00;208.2620505966039;0.0;0.0;0.0;0.0;0.0;0.0;0.0
2030-05-30 07:00:00;208.4908069582453;0.0;0.0;0.0;0.0;0.0;0.0;0.0
2030-05-30 08:00:00;208.5916059331315;0.0;0.0;0.0;0.0;0.0;0.0;0.0
2030-05-30 09:00:00;208.900621632069;0.0;0.0;0.0;0.0;0.0;0.0;0.0
2030-05-30 10:00:00;193.7744714855812;0.0;0.0;0.0;0.0;0.0;0.0;0.0
2030-05-30 11:00:00;193.7812376414736;0.0;0.0;0.0;0.0;0.0;0.0;0.0
2030-05-30 12:00:00;193.7809127320075;0.0;0.0;0.0;0.0;0.0;0.0;0.0
2030-05-30 13:00:00;193.742620309155;0.0;0.0;0.0;0.0;0.0;0.0;0.0
2030-05-30 14:00:00;193.6010133752405;0.0;0.0;0.0;0.0;0.0;0.0;0.0
2030-05-30 15:00:00;193.5305381673315;0.0;0.0;0.0;0.0;0.0;0.0;0.0
2030-05-30 16:00:00;193.5386642535666;0.0;0.0;0.0;0.0;0.0;0.0;0.0
2030-05-30 17:00:00;208.6751076659245;0.0;0.0;0.0;0.0;0.0;0.0;0.0
2030-05-30 18:00:00;208.7637644056077;0.0;0.0;0.0;0.0;0.0;0.0;0.0
2030-05-30 19:00:00;208.7865516128037;0.0;0.0;0.0;0.0;0.0;0.0;0.0
2030-05-30 20:00:00;208.8465426286617;0.0;0.0;0.0;0.0;0.0;0.0;0.0
2030-05-30 21:00:00;208.7920985208027;0.0;0.0;0.0;0.0;0.0;0.0;0.0
2030-05-30 22:00:00;208.7694486464738;0.0;0.0;0.0;0.0;0.0;0.0;0.0
2030-05-30 23:00:00;209.1087378686566;0.0;0.0;0.0;0.0;0.0;0.0;0.0
2030-05-31 00:00:00;208.9892549246775;0.0;0.0;0.0;0.0;0.0;0.0;0.0
2030-05-31 01:00:00;208.7531696773465;0.0;0.0;0.0;0.0;0.0;0.0;0.0
2030-05-31 02:00:00;208.6459395047804;0.0;0.0;0.0;0.0;0.0;0.0;0.0
2030-05-31 03:00:00;209.0603230086225;0.0;0.0;0.0;0.0;0.0;0.0;0.0
2030-05-31 04:00:00;208.7840360766279;0.0;0.0;0.0;0.0;0.0;0.0;0.0
2030-05-31 05:00:00;209.1068922489058;0.0;0.0;0.0;0.0;0.0;0.0;0.0
2030-05-31 06:00:00;209.5493084055516;0.0;0.0;0.0;0.0;0.0;0.0;0.0
2030-05-31 07:00:00;209.8517388260314;0.0;0.0;0.0;0.0;0.0;0.0;0.0
2030-05-31 08:00:00;209.8720272449623;0.0;0.0;0.0;0.0;0.0;0.0;0.0
2030-05-31 09:00:00;209.8136507276885;0.0;0.0;0.0;0.0;0.0;0.0;0.0
2030-05-31 10:00:00;209.6962947683587;0.0;0.0;0.0;0.0;0.0;0.0;0.0
2030-05-31 11:00:00;194.1290582493287;0.0;0.0;0.0;0.0;0.0;0.0;0.0
2030-05-31 12:00:00;209.6665538286713;0.0;0.0;0.0;0.0;0.0;0.0;0.0
2030-05-31 13:00:00;209.1041790873845;0.0;0.0;0.0;0.0;0.0;0.0;0.0
2030-05-31 14:00:00;194.0370016837886;0.0;0.0;0.0;0.0;0.0;0.0;0.0
2030-05-31 15:00:00;194.0257269903559;0.0;0.0;0.0;0.0;0.0;0.0;0.0
2030-05-31 16:00:00;209.7635041336958;0.0;0.0;0.0;0.0;0.0;0.0;0.0
2030-05-31 17:00:00;210.0723054593774;0.0;0.0;0.0;0.0;0.0;0.0;0.0
2030-05-31 18:00:00;210.2383073999079;0.0;0.0;0.0;0.0;0.0;0.0;0.0
2030-05-31 19:00:00;210.3424894527403;0.0;0.0;0.0;0.0;0.0;0.0;0.0
2030-05-31 20:00:00;210.2576981308292;0.0;0.0;0.0;0.0;0.0;0.0;0.0
2030-05-31 21:00:00;210.2466780056382;0.0;0.0;0.0;0.0;0.0;0.0;0.0
2030-05-31 22:00:00;210.3105143417755;0.0;0.0;0.0;0.0;0.0;0.0;0.0
2030-05-31 23:00:00;210.2366125113527;0.0;0.0;0.0;0.0;0.0;0.0;0.0
2030-06-01 00:00:00;209.6531052564396;0.0;0.0;0.0;0.0;0.0;0.0;0.0
2030-06-01 01:00:00;209.0897189413511;0.0;0.0;0.0;0.0;0.0;0.0;0.0
2030-06-01 02:00:00;208.6773719834409;0.0;0.0;0.0;0.0;0.0;0.0;0.0
2030-06-01 03:00:00;208.4852500015001;0.0;0.0;0.0;0.0;0.0;0.0;0.0
2030-06-01 04:00:00;208.2192362378827;0.0;0.0;0.0;0.0;0.0;0.0;0.0
2030-06-01 05:00:00;208.3243092795603;0.0;0.0;0.0;0.0;0.0;0.0;0.0
2030-06-01 06:00:00;208.3755679348185;0.0;0.0;0.0;0.0;0.0;0.0;0.0
2030-06-01 07:00:00;208.4808955447376;0.0;0.0;0.0;0.0;0.0;0.0;0.0
2030-06-01 08:00:00;208.6415415034503;0.0;0.0;0.0;0.0;0.0;0.0;0.0
2030-06-01 09:00:00;208.7054816766336;0.0;0.0;0.0;0.0;0.0;0.0;0.0
2030-06-01 10:00:00;207.9002220363022;0.0;0.0;0.0;0.0;0.0;0.0;0.0
2030-06-01 11:00:00;197.7826283504489;0.0;0.0;0.0;0.0;0.0;0.0;0.0
2030-06-01 12:00:00;193.6962151983959;0.0;0.0;0.0;0.0;0.0;0.0;0.0
2030-06-01 13:00:00;193.6524663062619;0.0;0.0;0.0;0.0;0.0;0.0;0.0
2030-06-01 14:00:00;193.5986117248569;0.0;0.0;0.0;0.0;0.0;0.0;0.0
2030-06-01 15:00:00;193.6146595728176;0.0;0.0;0.0;0.0;0.0;0.0;0.0
2030-06-01 16:00:00;193.7008342721462;0.0;0.0;0.0;0.0;0.0;0.0;0.0
2030-06-01 17:00:00;193.8429972366935;0.0;0.0;0.0;0.0;0.0;0.0;0.0
2030-06-01 18:00:00;193.9952357442725;0.0;0.0;0.0;0.0;0.0;0.0;0.0
2030-06-01 19:00:00;194.0327812103111;0.0;0.0;0.0;0.0;0.0;0.0;0.0
2030-06-01 20:00:00;194.0678781318164;0.0;0.0;0.0;0.0;0.0;0.0;0.0
2030-06-01 21:00:00;194.0360269553902;0.0;0.0;0.0;0.0;0.0;0.0;0.0
2030-06-01 22:00:00;194.0431180207488;0.0;0.0;0.0;0.0;0.0;0.0;0.0
2030-06-01 23:00:00;194.0506110359623;0.0;0.0;0.0;0.0;0.0;0.0;0.0
2030-06-02 00:00:00;194.003371879254;0.0;0.0;0.0;0.0;0.0;0.0;0.0
2030-06-02 01:00:00;195.617009620875;0.0;0.0;0.0;0.0;0.0;0.0;0.0
2030-06-02 02:00:00;193.6591788688403;0.0;0.0;0.0;0.0;0.0;0.0;0.0
2030-06-02 03:00:00;193.445197513952;0.0;0.0;0.0;0.0;0.0;0.0;0.0
2030-06-02 04:00:00;208.0102625082711;0.0;0.0;0.0;0.0;0.0;0.0;0.0
2030-06-02 05:00:00;207.8840904487885;0.0;0.0;0.0;0.0;0.0;0.0;0.0
2030-06-02 06:00:00;207.9327397795713;0.0;0.0;0.0;0.0;0.0;0.0;0.0
2030-06-02 07:00:00;207.8963633176944;0.0;0.0;0.0;0.0;0.0;0.0;0.0
2030-06-02 08:00:00;208.0228636362253;0.0;0.0;0.0;0.0;0.0;0.0;0.0
2030-06-02 09:00:00;193.4494816294898;0.0;0.0;0.0;0.0;0.0;0.0;0.0
2030-06-02 10:00:00;193.3907835523321;0.0;0.0;0.0;0.0;0.0;0.0;0.0
2030-06-02 11:00:00;193.3921803280782;0.0;0.0;0.0;0.0;0.0;0.0;0.0
2030-06-02 12:00:00;193.3632935318327;0.0;0.0;0.0;0.0;0.0;0.0;0.0
2030-06-02 13:00:00;193.3135991314269;0.0;0.0;0.0;0.0;0.0;0.0;0.0
2030-06-02 14:00:00;193.308668546539;0.0;0.0;0.0;0.0;0.0;0.0;0.0
2030-06-02 15:00:00;193.2863067362727;0.0;0.0;0.0;0.0;0.0;0.0;0.0
2030-06-02 16:00:00;193.3320318818605;0.0;0.0;0.0;0.0;0.0;0.0;0.0
2030-06-02 17:00:00;193.5020700688515;0.0;0.0;0.0;0.0;0.0;0.0;0.0
2030-06-02 18:00:00;208.4092948772347;0.0;0.0;0.0;0.0;0.0;0.0;0.0
2030-06-02 19:00:00;208.4251752460891;0.0;0.0;0.0;0.0;0.0;0.0;0.0
2030-06-02 20:00:00;208.4921936852451;0.0;0.0;0.0;0.0;0.0;0.0;0.0
2030-06-02 21:00:00;208.5012543048931;0.0;0.0;0.0;0.0;0.0;0.0;0.0
2030-06-02 22:00:00;208.5289319019916;0.0;0.0;0.0;0.0;0.0;0.0;0.0
2030-06-02 23:00:00;208.4767420629027;0.0;0.0;0.0;0.0;0.0;0.0;0.0
2030-06-03 00:00:00;208.4993014985143;0.0;0.0;0.0;0.0;0.0;0.0;0.0
2030-06-03 01:00:00;208.2568386468174;0.0;0.0;0.0;0.0;0.0;0.0;0.0
2030-06-03 02:00:00;208.2032821782215;0.0;0.0;0.0;0.0;0.0;0.0;0.0
2030-06-03 03:00:00;208.2543934518663;0.0;0.0;0.0;0.0;0.0;0.0;0.0
2030-06-03 04:00:00;208.296018708933;0.0;0.0;0.0;0.0;0.0;0.0;0.0
2030-06-03 05:00:00;208.8711955531013;0.0;0.0;0.0;0.0;0.0;0.0;0.0
2030-06-03 06:00:00;209.6202592541223;0.0;0.0;0.0;0.0;0.0;0.0;0.0
2030-06-03 07:00:00;210.013185334872;0.0;0.0;0.0;0.0;0.0;0.0;0.0
2030-06-03 08:00:00;194.8234232742492;0.0;0.0;0.0;0.0;0.0;0.0;0.0
2030-06-03 09:00:00;194.2863378780057;0.0;0.0;0.0;0.0;0.0;0.0;0.0
2030-06-03 10:00:00;194.337948239387;0.0;0.0;0.0;0.0;0.0;0.0;0.0
2030-06-03 11:00:00;194.4854336899308;0.0;0.0;0.0;0.0;0.0;0.0;0.0
2030-06-03 12:00:00;194.5394423521136;0.0;0.0;0.0;0.0;0.0;0.0;0.0
2030-06-03 13:00:00;194.5334733967669;0.0;0.0;0.0;0.0;0.0;0.0;0.0
2030-06-03 14:00:00;194.4243507103002;0.0;0.0;0.0;0.0;0.0;0.0;0.0
2030-06-03 15:00:00;194.4292344010384;0.0;0.0;0.0;0.0;0.0;0.0;0.0
2030-06-03 16:00:00;194.3117210113487;0.0;0.0;0.0;0.0;0.0;0.0;0.0
2030-06-03 17:00:00;194.1834387151273;0.0;0.0;0.0;0.0;0.0;0.0;0.0
2030-06-03 18:00:00;209.884564730856;0.0;0.0;0.0;0.0;0.0;0.0;0.0
2030-06-03 19:00:00;209.8311120993059;0.0;0.0;0.0;0.0;0.0;0.0;0.0
2030-06-03 20:00:00;210.1118774226016;0.0;0.0;0.0;0.0;0.0;0.0;0.0
2030-06-03 21:00:00;210.105134713784;0.0;0.0;0.0;0.0;0.0;0.0;0.0
2030-06-03 22:00:00;194.27567280852;0.0;0.0;0.0;0.0;0.0;0.0;0.0
2030-06-03 23:00:00;194.2772806079399;0.0;0.0;0.0;0.0;0.0;0.0;0.0
2030-06-04 00:00:00;194.2862742359454;0.0;0.0;0.0;0.0;0.0;0.0;0.0
2030-06-04 01:00:00;194.3421050708041;0.0;0.0;0.0;0.0;0.0;0.0;0.0
2030-06-04 02:00:00;194.3927875979367;0.0;0.0;0.0;0.0;0.0;0.0;0.0
2030-06-04 03:00:00;194.4214432730158;0.0;0.0;0.0;0.0;0.0;0.0;0.0
2030-06-04 04:00:00;194.3998384683098;0.0;0.0;0.0;0.0;0.0;0.0;0.0
2030-06-04 05:00:00;206.2404505000745;0.0;0.0;0.0;0.0;0.0;0.0;0.0
2030-06-04 06:00:00;210.1593577492227;0.0;0.0;0.0;0.0;0.0;0.0;0.0
2030-06-04 07:00:00;210.2327537927447;0.0;0.0;0.0;0.0;0.0;0.0;0.0
2030-06-04 08:00:00;210.180249092936;0.0;0.0;0.0;0.0;0.0;0.0;0.0
2030-06-04 09:00:00;210.2395299973835;0.0;0.0;0.0;0.0;0.0;0.0;0.0
2030-06-04 10:00:00;210.1711248312277;0.0;0.0;0.0;0.0;0.0;0.0;0.0
2030-06-04 11:00:00;210.1143929587774;0.0;0.0;0.0;0.0;0.0;0.0;0.0
2030-06-04 12:00:00;210.1870889396352;0.0;0.0;0.0;0.0;0.0;0.0;0.0
2030-06-04 13:00:00;194.4212489972525;0.0;0.0;0.0;0.0;0.0;0.0;0.0
2030-06-04 14:00:00;194.3589534688926;0.0;0.0;0.0;0.0;0.0;0.0;0.0
2030-06-04 15:00:00;194.3480706765687;0.0;0.0;0.0;0.0;0.0;0.0;0.0
2030-06-04 16:00:00;210.0016962681834;0.0;0.0;0.0;0.0;0.0;0.0;0.0
2030-06-04 17:00:00;209.987128935522;0.0;0.0;0.0;0.0;0.0;0.0;0.0
2030-06-04 18:00:00;209.8601127813438;0.0;0.0;0.0;0.0;0.0;0.0;0.0
2030-06-04 19:00:00;209.7536362647558;0.0;0.0;0.0;0.0;0.0;0.0;0.0
2030-06-04 20:00:00;209.7819603312044;0.0;0.0;0.0;0.0;0.0;0.0;0.0
2030-06-04 21:00:00;209.9545475501925;0.0;0.0;0.0;0.0;0.0;0.0;0.0
2030-06-04 22:00:00;210.0013713587173;0.0;0.0;0.0;0.0;0.0;0.0;0.0
2030-06-04 23:00:00;209.8681249817867;0.0;0.0;0.0;0.0;0.0;0.0;0.0
2030-06-05 00:00:00;209.8594730111579;0.0;0.0;0.0;0.0;0.0;0.0;0.0
2030-06-05 01:00:00;209.6934509731346;0.0;0.0;0.0;0.0;0.0;0.0;0.0
2030-06-05 02:00:00;209.4970817210594;0.0;0.0;0.0;0.0;0.0;0.0;0.0
2030-06-05 03:00:00;209.53505593361;0.0;0.0;0.0;0.0;0.0;0.0;0.0
2030-06-05 04:00:00;209.7243508682373;0.0;0.0;0.0;0.0;0.0;0.0;0.0
2030-06-05 05:00:00;209.9462238386121;0.0;0.0;0.0;0.0;0.0;0.0;0.0
2030-06-05 06:00:00;210.078997924463;0.0;0.0;0.0;0.0;0.0;0.0;0.0
2030-06-05 07:00:00;194.2629711931021;0.0;0.0;0.0;0.0;0.0;0.0;0.0
2030-06-05 08:00:00;194.2634602320923;0.0;0.0;0.0;0.0;0.0;0.0;0.0
2030-06-05 09:00:00;194.2930001968523;0.0;0.0;0.0;0.0;0.0;0.0;0.0
2030-06-05 10:00:00;194.2960114711826;0.0;0.0;0.0;0.0;0.0;0.0;0.0
2030-06-05 11:00:00;194.3166214499975;0.0;0.0;0.0;0.0;0.0;0.0;0.0
2030-06-05 12:00:00;194.2900626133287;0.0;0.0;0.0;0.0;0.0;0.0;0.0
2030-06-05 13:00:00;194.314491115766;0.0;0.0;0.0;0.0;0.0;0.0;0.0
2030-06-05 14:00:00;194.3752056413629;0.0;0.0;0.0;0.0;0.0;0.0;0.0
2030-06-05 15:00:00;194.409682890175;0.0;0.0;0.0;0.0;0.0;0.0;0.0
2030-06-05 16:00:00;194.3274673969181;0.0;0.0;0.0;0.0;0.0;0.0;0.0
2030-06-05 17:00:00;194.4757500480076;0.0;0.0;0.0;0.0;0.0;0.0;0.0
2030-06-05 18:00:00;194.4633599437274;0.0;0.0;0.0;0.0;0.0;0.0;0.0
2030-06-05 19:00:00;194.4442472281224;0.0;0.0;0.0;0.0;0.0;0.0;0.0
2030-06-05 20:00:00;194.4514990734229;0.0;0.0;0.0;0.0;0.0;0.0;0.0
2030-06-05 21:00:00;194.3232703705155;0.0;0.0;0.0;0.0;0.0;0.0;0.0
2030-06-05 22:00:00;194.3677260244779;0.0;0.0;0.0;0.0;0.0;0.0;0.0
2030-06-05 23:00:00;208.432705106706;0.0;0.0;0.0;0.0;0.0;0.0;0.0
2030-06-06 00:00:00;194.0356384038637;0.0;0.0;0.0;0.0;0.0;0.0;0.0
2030-06-06 01:00:00;193.8607935665233;0.0;0.0;0.0;0.0;0.0;0.0;0.0
2030-06-06 02:00:00;193.8363416170112;0.0;0.0;0.0;0.0;0.0;0.0;0.0
2030-06-06 03:00:00;193.7928372443723;0.0;0.0;0.0;0.0;0.0;0.0;0.0
2030-06-06 04:00:00;193.7500228856512;0.0;0.0;0.0;0.0;0.0;0.0;0.0
2030-06-06 05:00:00;209.3584257689969;0.0;0.0;0.0;0.0;0.0;0.0;0.0
2030-06-06 06:00:00;208.0271109063597;0.0;0.0;0.0;0.0;0.0;0.0;0.0
2030-06-06 07:00:00;198.5524125664949;0.0;0.0;0.0;0.0;0.0;0.0;0.0
2030-06-06 08:00:00;194.3168860669854;0.0;0.0;0.0;0.0;0.0;0.0;0.0
2030-06-06 09:00:00;194.3247240891577;0.0;0.0;0.0;0.0;0.0;0.0;0.0
2030-06-06 10:00:00;194.5004666145076;0.0;0.0;0.0;0.0;0.0;0.0;0.0
2030-06-06 11:00:00;194.5226709944139;0.0;0.0;0.0;0.0;0.0;0.0;0.0
2030-06-06 12:00:00;194.5291390374972;0.0;0.0;0.0;0.0;0.0;0.0;0.0
2030-06-06 13:00:00;194.5432709244823;0.0;0.0;0.0;0.0;0.0;0.0;0.0
2030-06-06 14:00:00;194.5776175395916;0.0;0.0;0.0;0.0;0.0;0.0;0.0
2030-06-06 15:00:00;194.606470840016;0.0;0.0;0.0;0.0;0.0;0.0;0.0
2030-06-06 16:00:00;194.5295208898594;0.0;0.0;0.0;0.0;0.0;0.0;0.0
2030-06-06 17:00:00;194.4839565242137;0.0;0.0;0.0;0.0;0.0;0.0;0.0
2030-06-06 18:00:00;194.5211603328756;0.0;0.0;0.0;0.0;0.0;0.0;0.0
2030-06-06 19:00:00;210.4130952943522;0.0;0.0;0.0;0.0;0.0;0.0;0.0
2030-06-06 20:00:00;210.4621834203933;0.0;0.0;0.0;0.0;0.0;0.0;0.0
2030-06-06 21:00:00;194.6076733399988;0.0;0.0;0.0;0.0;0.0;0.0;0.0
2030-06-06 22:00:00;210.4709794230534;0.0;0.0;0.0;0.0;0.0;0.0;0.0
2030-06-06 23:00:00;210.3478487841402;0.0;0.0;0.0;0.0;0.0;0.0;0.0
2030-06-07 00:00:00;194.3937388792603;0.0;0.0;0.0;0.0;0.0;0.0;0.0
2030-06-07 01:00:00;194.2903272303166;0.0;0.0;0.0;0.0;0.0;0.0;0.0
2030-06-07 02:00:00;194.2956061717455;0.0;0.0;0.0;0.0;0.0;0.0;0.0
2030-06-07 03:00:00;194.3022282956066;0.0;0.0;0.0;0.0;0.0;0.0;0.0
2030-06-07 04:00:00;194.2986509418971;0.0;0.0;0.0;0.0;0.0;0.0;0.0
2030-06-07 05:00:00;194.3112520698512;0.0;0.0;0.0;0.0;0.0;0.0;0.0
2030-06-07 06:00:00;194.3434817490574;0.0;0.0;0.0;0.0;0.0;0.0;0.0
2030-06-07 07:00:00;194.3442421041999;0.0;0.0;0.0;0.0;0.0;0.0;0.0
2030-06-07 08:00:00;194.3965927232307;0.0;0.0;0.0;0.0;0.0;0.0;0.0
2030-06-07 09:00:00;194.5014279445774;0.0;0.0;0.0;0.0;0.0;0.0;0.0
2030-06-07 10:00:00;194.4397386905822;0.0;0.0;0.0;0.0;0.0;0.0;0.0
2030-06-07 11:00:00;194.3822464629895;0.0;0.0;0.0;0.0;0.0;0.0;0.0
2030-06-07 12:00:00;194.2521051486887;0.0;0.0;0.0;0.0;0.0;0.0;0.0
2030-06-07 13:00:00;194.1473637156415;0.0;0.0;0.0;0.0;0.0;0.0;0.0
2030-06-07 14:00:00;194.1166848929591;0.0;0.0;0.0;0.0;0.0;0.0;0.0
2030-06-07 15:00:00;194.2080179487601;0.0;0.0;0.0;0.0;0.0;0.0;0.0
2030-06-07 16:00:00;194.2470506292622;0.0;0.0;0.0;0.0;0.0;0.0;0.0
2030-06-07 17:00:00;194.2893324044255;0.0;0.0;0.0;0.0;0.0;0.0;0.0
2030-06-07 18:00:00;194.2303060682196;0.0;0.0;0.0;0.0;0.0;0.0;0.0
2030-06-07 19:00:00;194.1603098505545;0.0;0.0;0.0;0.0;0.0;0.0;0.0
2030-06-07 20:00:00;194.1623396973222;0.0;0.0;0.0;0.0;0.0;0.0;0.0
2030-06-07 21:00:00;194.1281438134085;0.0;0.0;0.0;0.0;0.0;0.0;0.0
2030-06-07 22:00:00;194.0214428748181;0.0;0.0;0.0;0.0;0.0;0.0;0.0
2030-06-07 23:00:00;193.8120002037091;0.0;0.0;0.0;0.0;0.0;0.0;0.0
2030-06-08 00:00:00;193.713157384784;0.0;0.0;0.0;0.0;0.0;0.0;0.0
2030-06-08 01:00:00;193.582476787761;0.0;0.0;0.0;0.0;0.0;0.0;0.0
2030-06-08 02:00:00;208.157694365501;0.0;0.0;0.0;0.0;0.0;0.0;0.0
2030-06-08 03:00:00;208.0397555788814;0.0;0.0;0.0;0.0;0.0;0.0;0.0
2030-06-08 04:00:00;207.1835521440117;0.0;0.0;0.0;0.0;0.0;0.0;0.0
2030-06-08 05:00:00;208.046471491042;0.0;0.0;0.0;0.0;0.0;0.0;0.0
2030-06-08 06:00:00;208.173939838807;0.0;0.0;0.0;0.0;0.0;0.0;0.0
2030-06-08 07:00:00;208.271570109003;0.0;0.0;0.0;0.0;0.0;0.0;0.0
2030-06-08 08:00:00;200.1025020360412;0.0;0.0;0.0;0.0;0.0;0.0;0.0
2030-06-08 09:00:00;193.6483563689947;0.0;0.0;0.0;0.0;0.0;0.0;0.0
2030-06-08 10:00:00;193.7049609573241;0.0;0.0;0.0;0.0;0.0;0.0;0.0
2030-06-08 11:00:00;193.6693883951572;0.0;0.0;0.0;0.0;0.0;0.0;0.0
2030-06-08 12:00:00;193.579311432653;0.0;0.0;0.0;0.0;0.0;0.0;0.0
2030-06-08 13:00:00;193.5071245882781;0.0;0.0;0.0;0.0;0.0;0.0;0.0
2030-06-08 14:00:00;193.4624210652385;0.0;0.0;0.0;0.0;0.0;0.0;0.0
2030-06-08 15:00:00;193.4397410446704;0.0;0.0;0.0;0.0;0.0;0.0;0.0
2030-06-08 16:00:00;193.4516521587068;0.0;0.0;0.0;0.0;0.0;0.0;0.0
2030-06-08 17:00:00;193.5419501936313;0.0;0.0;0.0;0.0;0.0;0.0;0.0
2030-06-08 18:00:00;193.6367567660959;0.0;0.0;0.0;0.0;0.0;0.0;0.0
2030-06-08 19:00:00;193.7516943271315;0.0;0.0;0.0;0.0;0.0;0.0;0.0
2030-06-08 20:00:00;193.8182069793867;0.0;0.0;0.0;0.0;0.0;0.0;0.0
2030-06-08 21:00:00;193.8035760046649;0.0;0.0;0.0;0.0;0.0;0.0;0.0
2030-06-08 22:00:00;193.7933631287659;0.0;0.0;0.0;0.0;0.0;0.0;0.0
2030-06-08 23:00:00;193.7804672375849;0.0;0.0;0.0;0.0;0.0;0.0;0.0
2030-06-09 00:00:00;193.6895193837282;0.0;0.0;0.0;0.0;0.0;0.0;0.0
2030-06-09 01:00:00;193.6250064320016;0.0;0.0;0.0;0.0;0.0;0.0;0.0
2030-06-09 02:00:00;193.52695746404;0.0;0.0;0.0;0.0;0.0;0.0;0.0
2030-06-09 03:00:00;193.511837450328;0.0;0.0;0.0;0.0;0.0;0.0;0.0
2030-06-09 04:00:00;193.476241441086;0.0;0.0;0.0;0.0;0.0;0.0;0.0
2030-06-09 05:00:00;193.4577919427418;0.0;0.0;0.0;0.0;0.0;0.0;0.0
2030-06-09 06:00:00;193.378205871453;0.0;0.0;0.0;0.0;0.0;0.0;0.0
2030-06-09 07:00:00;193.4226112816834;0.0;0.0;0.0;0.0;0.0;0.0;0.0
2030-06-09 08:00:00;193.4262857732745;0.0;0.0;0.0;0.0;0.0;0.0;0.0
2030-06-09 09:00:00;193.4356244082389;0.0;0.0;0.0;0.0;0.0;0.0;0.0
2030-06-09 10:00:00;193.3908706414674;0.0;0.0;0.0;0.0;0.0;0.0;0.0
2030-06-09 11:00:00;193.3872932877579;0.0;0.0;0.0;0.0;0.0;0.0;0.0
2030-06-09 12:00:00;193.4005207875694;0.0;0.0;0.0;0.0;0.0;0.0;0.0
2030-06-09 13:00:00;193.3543970417088;0.0;0.0;0.0;0.0;0.0;0.0;0.0
2030-06-09 14:00:00;193.3723474523164;0.0;0.0;0.0;0.0;0.0;0.0;0.0
2030-06-09 15:00:00;193.4968782165579;0.0;0.0;0.0;0.0;0.0;0.0;0.0
2030-06-09 16:00:00;193.7053093138652;0.0;0.0;0.0;0.0;0.0;0.0;0.0
2030-06-09 17:00:00;193.8969891509655;0.0;0.0;0.0;0.0;0.0;0.0;0.0
2030-06-09 18:00:00;193.9678864062222;0.0;0.0;0.0;0.0;0.0;0.0;0.0
2030-06-09 19:00:00;193.9730883072624;0.0;0.0;0.0;0.0;0.0;0.0;0.0
2030-06-09 20:00:00;193.9766589618075;0.0;0.0;0.0;0.0;0.0;0.0;0.0
2030-06-09 21:00:00;193.9565313228187;0.0;0.0;0.0;0.0;0.0;0.0;0.0
2030-06-09 22:00:00;193.9439871377608;0.0;0.0;0.0;0.0;0.0;0.0;0.0
2030-06-09 23:00:00;193.9079489836784;0.0;0.0;0.0;0.0;0.0;0.0;0.0
2030-06-10 00:00:00;193.7614617086078;0.0;0.0;0.0;0.0;0.0;0.0;0.0
2030-06-10 01:00:00;193.643677002766;0.0;0.0;0.0;0.0;0.0;0.0;0.0
2030-06-10 02:00:00;193.6445043495509;0.0;0.0;0.0;0.0;0.0;0.0;0.0
2030-06-10 03:00:00;193.6397445933513;0.0;0.0;0.0;0.0;0.0;0.0;0.0
2030-06-10 04:00:00;193.6324492034832;0.0;0.0;0.0;0.0;0.0;0.0;0.0
2030-06-10 05:00:00;193.6072502971572;0.0;0.0;0.0;0.0;0.0;0.0;0.0
2030-06-10 06:00:00;193.6730796346588;0.0;0.0;0.0;0.0;0.0;0.0;0.0
2030-06-10 07:00:00;193.6949457067705;0.0;0.0;0.0;0.0;0.0;0.0;0.0
2030-06-10 08:00:00;193.6909731023704;0.0;0.0;0.0;0.0;0.0;0.0;0.0
2030-06-10 09:00:00;193.6690199411234;0.0;0.0;0.0;0.0;0.0;0.0;0.0
2030-06-10 10:00:00;193.654774168346;0.0;0.0;0.0;0.0;0.0;0.0;0.0
2030-06-10 11:00:00;193.6638917308901;0.0;0.0;0.0;0.0;0.0;0.0;0.0
2030-06-10 12:00:00;193.7033967024718;0.0;0.0;0.0;0.0;0.0;0.0;0.0
2030-06-10 13:00:00;193.6701018561498;0.0;0.0;0.0;0.0;0.0;0.0;0.0
2030-06-10 14:00:00;193.6507613689603;0.0;0.0;0.0;0.0;0.0;0.0;0.0
2030-06-10 15:00:00;193.6866856372505;0.0;0.0;0.0;0.0;0.0;0.0;0.0
2030-06-10 16:00:00;193.744174515261;0.0;0.0;0.0;0.0;0.0;0.0;0.0
2030-06-10 17:00:00;193.8549485457152;0.0;0.0;0.0;0.0;0.0;0.0;0.0
2030-06-10 18:00:00;193.9089873541371;0.0;0.0;0.0;0.0;0.0;0.0;0.0
2030-06-10 19:00:00;193.8899583780853;0.0;0.0;0.0;0.0;0.0;0.0;0.0
2030-06-10 20:00:00;193.8959641788354;0.0;0.0;0.0;0.0;0.0;0.0;0.0
2030-06-10 21:00:00;193.8927954741451;0.0;0.0;0.0;0.0;0.0;0.0;0.0
2030-06-10 22:00:00;193.8902966858798;0.0;0.0;0.0;0.0;0.0;0.0;0.0
2030-06-10 23:00:00;193.8926748891886;0.0;0.0;0.0;0.0;0.0;0.0;0.0
2030-06-11 00:00:00;193.9274770474669;0.0;0.0;0.0;0.0;0.0;0.0;0.0
2030-06-11 01:00:00;193.9202352509127;0.0;0.0;0.0;0.0;0.0;0.0;0.0
2030-06-11 02:00:00;193.94761138562;0.0;0.0;0.0;0.0;0.0;0.0;0.0
2030-06-11 03:00:00;193.9820149436254;0.0;0.0;0.0;0.0;0.0;0.0;0.0
2030-06-11 04:00:00;194.056583340891;0.0;0.0;0.0;0.0;0.0;0.0;0.0
2030-06-11 05:00:00;194.1939597525817;0.0;0.0;0.0;0.0;0.0;0.0;0.0
2030-06-11 06:00:00;194.2609279480059;0.0;0.0;0.0;0.0;0.0;0.0;0.0
2030-06-11 07:00:00;194.3589166234892;0.0;0.0;0.0;0.0;0.0;0.0;0.0
2030-06-11 08:00:00;194.5490221569909;0.0;0.0;0.0;0.0;0.0;0.0;0.0
2030-06-11 09:00:00;194.6320147533008;0.0;0.0;0.0;0.0;0.0;0.0;0.0
2030-06-11 10:00:00;194.481685507533;0.0;0.0;0.0;0.0;0.0;0.0;0.0
2030-06-11 11:00:00;194.3804611357169;0.0;0.0;0.0;0.0;0.0;0.0;0.0
2030-06-11 12:00:00;194.3492631278052;0.0;0.0;0.0;0.0;0.0;0.0;0.0
2030-06-11 13:00:00;194.3615527446215;0.0;0.0;0.0;0.0;0.0;0.0;0.0
2030-06-11 14:00:00;194.3736782319139;0.0;0.0;0.0;0.0;0.0;0.0;0.0
2030-06-11 15:00:00;194.3281540612537;0.0;0.0;0.0;0.0;0.0;0.0;0.0
2030-06-11 16:00:00;210.0847692544643;0.0;0.0;0.0;0.0;0.0;0.0;0.0
2030-06-11 17:00:00;210.1263342190528;0.0;0.0;0.0;0.0;0.0;0.0;0.0
2030-06-11 18:00:00;210.2057863070567;0.0;0.0;0.0;0.0;0.0;0.0;0.0
2030-06-11 19:00:00;210.2533001294992;0.0;0.0;0.0;0.0;0.0;0.0;0.0
2030-06-11 20:00:00;210.2896330468085;0.0;0.0;0.0;0.0;0.0;0.0;0.0
2030-06-11 21:00:00;210.1516202145141;0.0;0.0;0.0;0.0;0.0;0.0;0.0
2030-06-11 22:00:00;210.1977975536887;0.0;0.0;0.0;0.0;0.0;0.0;0.0
2030-06-11 23:00:00;210.0859349090438;0.0;0.0;0.0;0.0;0.0;0.0;0.0
2030-06-12 00:00:00;210.0028954185842;0.0;0.0;0.0;0.0;0.0;0.0;0.0
2030-06-12 01:00:00;210.0328942760951;0.0;0.0;0.0;0.0;0.0;0.0;0.0
2030-06-12 02:00:00;210.0335708916844;0.0;0.0;0.0;0.0;0.0;0.0;0.0
2030-06-12 03:00:00;209.9591733231071;0.0;0.0;0.0;0.0;0.0;0.0;0.0
2030-06-12 04:00:00;210.0645880221614;0.0;0.0;0.0;0.0;0.0;0.0;0.0
2030-06-12 05:00:00;210.102853648357;0.0;0.0;0.0;0.0;0.0;0.0;0.0
2030-06-12 06:00:00;210.1308762524143;0.0;0.0;0.0;0.0;0.0;0.0;0.0
2030-06-12 07:00:00;210.2188764740011;0.0;0.0;0.0;0.0;0.0;0.0;0.0
2030-06-12 08:00:00;210.238123172891;0.0;0.0;0.0;0.0;0.0;0.0;0.0
2030-06-12 09:00:00;210.3069671343051;0.0;0.0;0.0;0.0;0.0;0.0;0.0
2030-06-12 10:00:00;203.474425873767;0.0;0.0;0.0;0.0;0.0;0.0;0.0
2030-06-12 11:00:00;194.7139723287342;0.0;0.0;0.0;0.0;0.0;0.0;0.0
2030-06-12 12:00:00;195.0995159304805;0.0;0.0;0.0;0.0;0.0;0.0;0.0
2030-06-12 13:00:00;195.0250279231857;0.0;0.0;0.0;0.0;0.0;0.0;0.0
2030-06-12 14:00:00;194.6698080884167;0.0;0.0;0.0;0.0;0.0;0.0;0.0
2030-06-12 15:00:00;194.6600675035973;0.0;0.0;0.0;0.0;0.0;0.0;0.0
2030-06-12 16:00:00;194.628588130787;0.0;0.0;0.0;0.0;0.0;0.0;0.0
2030-06-12 17:00:00;210.2179787859916;0.0;0.0;0.0;0.0;0.0;0.0;0.0
2030-06-12 18:00:00;210.2003700327607;0.0;0.0;0.0;0.0;0.0;0.0;0.0
2030-06-12 19:00:00;210.1642079441397;0.0;0.0;0.0;0.0;0.0;0.0;0.0
2030-06-12 20:00:00;210.2204407288534;0.0;0.0;0.0;0.0;0.0;0.0;0.0
2030-06-12 21:00:00;210.1532447618447;0.0;0.0;0.0;0.0;0.0;0.0;0.0
2030-06-12 22:00:00;210.1582021433897;0.0;0.0;0.0;0.0;0.0;0.0;0.0
2030-06-12 23:00:00;209.8669861238642;0.0;0.0;0.0;0.0;0.0;0.0;0.0
2030-06-13 00:00:00;209.793101041352;0.0;0.0;0.0;0.0;0.0;0.0;0.0
2030-06-13 01:00:00;209.4095068964025;0.0;0.0;0.0;0.0;0.0;0.0;0.0
2030-06-13 02:00:00;209.296073297741;0.0;0.0;0.0;0.0;0.0;0.0;0.0
2030-06-13 03:00:00;209.261331431941;0.0;0.0;0.0;0.0;0.0;0.0;0.0
2030-06-13 04:00:00;209.3996892711942;0.0;0.0;0.0;0.0;0.0;0.0;0.0
2030-06-13 05:00:00;209.5557362536494;0.0;0.0;0.0;0.0;0.0;0.0;0.0
2030-06-13 06:00:00;209.668690862067;0.0;0.0;0.0;0.0;0.0;0.0;0.0
2030-06-13 07:00:00;209.8094604004502;0.0;0.0;0.0;0.0;0.0;0.0;0.0
2030-06-13 08:00:00;209.7590793357088;0.0;0.0;0.0;0.0;0.0;0.0;0.0
2030-06-13 09:00:00;194.1174586464299;0.0;0.0;0.0;0.0;0.0;0.0;0.0
2030-06-13 10:00:00;194.0821172054295;0.0;0.0;0.0;0.0;0.0;0.0;0.0
2030-06-13 11:00:00;194.0311801100555;0.0;0.0;0.0;0.0;0.0;0.0;0.0
2030-06-13 12:00:00;193.9135863303947;0.0;0.0;0.0;0.0;0.0;0.0;0.0
2030-06-13 13:00:00;193.9152209264716;0.0;0.0;0.0;0.0;0.0;0.0;0.0
2030-06-13 14:00:00;193.951795013694;0.0;0.0;0.0;0.0;0.0;0.0;0.0
2030-06-13 15:00:00;194.0022598179886;0.0;0.0;0.0;0.0;0.0;0.0;0.0
2030-06-13 16:00:00;194.0646156388267;0.0;0.0;0.0;0.0;0.0;0.0;0.0
2030-06-13 17:00:00;194.0980210213588;0.0;0.0;0.0;0.0;0.0;0.0;0.0
2030-06-13 18:00:00;194.2019585546961;0.0;0.0;0.0;0.0;0.0;0.0;0.0
2030-06-13 19:00:00;194.2307850584635;0.0;0.0;0.0;0.0;0.0;0.0;0.0
2030-06-13 20:00:00;194.225197955479;0.0;0.0;0.0;0.0;0.0;0.0;0.0
2030-06-13 21:00:00;194.1808930327123;0.0;0.0;0.0;0.0;0.0;0.0;0.0
2030-06-13 22:00:00;209.722625833443;0.0;0.0;0.0;0.0;0.0;0.0;0.0
2030-06-13 23:00:00;209.5562051951468;0.0;0.0;0.0;0.0;0.0;0.0;0.0
2030-06-14 00:00:00;209.6661753258912;0.0;0.0;0.0;0.0;0.0;0.0;0.0
2030-06-14 01:00:00;209.6145046720316;0.0;0.0;0.0;0.0;0.0;0.0;0.0
2030-06-14 02:00:00;209.5812131752917;0.0;0.0;0.0;0.0;0.0;0.0;0.0
2030-06-14 03:00:00;209.5016204048386;0.0;0.0;0.0;0.0;0.0;0.0;0.0
2030-06-14 04:00:00;209.5546978831906;0.0;0.0;0.0;0.0;0.0;0.0;0.0
2030-06-14 05:00:00;209.6591144067717;0.0;0.0;0.0;0.0;0.0;0.0;0.0
2030-06-14 06:00:00;209.8382902537997;0.0;0.0;0.0;0.0;0.0;0.0;0.0
2030-06-14 07:00:00;209.9667969720235;0.0;0.0;0.0;0.0;0.0;0.0;0.0
2030-06-14 08:00:00;210.0036155787409;0.0;0.0;0.0;0.0;0.0;0.0;0.0
2030-06-14 09:00:00;194.3161525084999;0.0;0.0;0.0;0.0;0.0;0.0;0.0
2030-06-14 10:00:00;194.3015751270921;0.0;0.0;0.0;0.0;0.0;0.0;0.0
2030-06-14 11:00:00;194.2152965907177;0.0;0.0;0.0;0.0;0.0;0.0;0.0
2030-06-14 12:00:00;194.1653342237419;0.0;0.0;0.0;0.0;0.0;0.0;0.0
2030-06-14 13:00:00;195.1624110340407;0.0;0.0;0.0;0.0;0.0;0.0;0.0
2030-06-14 14:00:00;194.1113858540373;0.0;0.0;0.0;0.0;0.0;0.0;0.0
2030-06-14 15:00:00;194.1343338411755;0.0;0.0;0.0;0.0;0.0;0.0;0.0
2030-06-14 16:00:00;209.6810340721975;0.0;0.0;0.0;0.0;0.0;0.0;0.0
2030-06-14 17:00:00;209.7382784307129;0.0;0.0;0.0;0.0;0.0;0.0;0.0
2030-06-14 18:00:00;209.8124214310487;0.0;0.0;0.0;0.0;0.0;0.0;0.0
2030-06-14 19:00:00;209.8751926000702;0.0;0.0;0.0;0.0;0.0;0.0;0.0
2030-06-14 20:00:00;209.8992158030704;0.0;0.0;0.0;0.0;0.0;0.0;0.0
2030-06-14 21:00:00;209.8260240840581;0.0;0.0;0.0;0.0;0.0;0.0;0.0
2030-06-14 22:00:00;209.6717322826364;0.0;0.0;0.0;0.0;0.0;0.0;0.0
2030-06-14 23:00:00;209.2395557985466;0.0;0.0;0.0;0.0;0.0;0.0;0.0
2030-06-15 00:00:00;208.8977108452025;0.0;0.0;0.0;0.0;0.0;0.0;0.0
2030-06-15 01:00:00;208.6132542824051;0.0;0.0;0.0;0.0;0.0;0.0;0.0
2030-06-15 02:00:00;208.571327562947;0.0;0.0;0.0;0.0;0.0;0.0;0.0
2030-06-15 03:00:00;208.5889564136708;0.0;0.0;0.0;0.0;0.0;0.0;0.0
2030-06-15 04:00:00;208.6100520818937;0.0;0.0;0.0;0.0;0.0;0.0;0.0
2030-06-15 05:00:00;208.5740172773934;0.0;0.0;0.0;0.0;0.0;0.0;0.0
2030-06-15 06:00:00;208.7891207422937;0.0;0.0;0.0;0.0;0.0;0.0;0.0
2030-06-15 07:00:00;208.9181231986719;0.0;0.0;0.0;0.0;0.0;0.0;0.0
2030-06-15 08:00:00;209.0119650914846;0.0;0.0;0.0;0.0;0.0;0.0;0.0
2030-06-15 09:00:00;193.84162055844;0.0;0.0;0.0;0.0;0.0;0.0;0.0
2030-06-15 10:00:00;193.7935306078722;0.0;0.0;0.0;0.0;0.0;0.0;0.0
2030-06-15 11:00:00;193.7423690904956;0.0;0.0;0.0;0.0;0.0;0.0;0.0
2030-06-15 12:00:00;193.7488605806538;0.0;0.0;0.0;0.0;0.0;0.0;0.0
2030-06-15 13:00:00;193.7393712144938;0.0;0.0;0.0;0.0;0.0;0.0;0.0
2030-06-15 14:00:00;193.6145121912041;0.0;0.0;0.0;0.0;0.0;0.0;0.0
2030-06-15 15:00:00;193.611480819381;0.0;0.0;0.0;0.0;0.0;0.0;0.0
2030-06-15 16:00:00;193.5565577212782;0.0;0.0;0.0;0.0;0.0;0.0;0.0
2030-06-15 17:00:00;193.6987709295572;0.0;0.0;0.0;0.0;0.0;0.0;0.0
2030-06-15 18:00:00;193.7721870705719;0.0;0.0;0.0;0.0;0.0;0.0;0.0
2030-06-15 19:00:00;209.0066995483842;0.0;0.0;0.0;0.0;0.0;0.0;0.0
2030-06-15 20:00:00;208.9910436015321;0.0;0.0;0.0;0.0;0.0;0.0;0.0
2030-06-15 21:00:00;209.0474606132627;0.0;0.0;0.0;0.0;0.0;0.0;0.0
2030-06-15 22:00:00;208.9557155588603;0.0;0.0;0.0;0.0;0.0;0.0;0.0
2030-06-15 23:00:00;208.8068132350777;0.0;0.0;0.0;0.0;0.0;0.0;0.0
2030-06-16 00:00:00;207.895445532192;0.0;0.0;0.0;0.0;0.0;0.0;0.0
2030-06-16 01:00:00;200.6051604272043;0.0;0.0;0.0;0.0;0.0;0.0;0.0
2030-06-16 02:00:00;193.4685273534523;0.0;0.0;0.0;0.0;0.0;0.0;0.0
2030-06-16 03:00:00;193.4439280223266;0.0;0.0;0.0;0.0;0.0;0.0;0.0
2030-06-16 04:00:00;193.4555912672857;0.0;0.0;0.0;0.0;0.0;0.0;0.0
2030-06-16 05:00:00;193.4675861208752;0.0;0.0;0.0;0.0;0.0;0.0;0.0
2030-06-16 06:00:00;193.4712036695701;0.0;0.0;0.0;0.0;0.0;0.0;0.0
2030-06-16 07:00:00;193.5090003542681;0.0;0.0;0.0;0.0;0.0;0.0;0.0
2030-06-16 08:00:00;193.5338643023817;0.0;0.0;0.0;0.0;0.0;0.0;0.0
2030-06-16 09:00:00;193.5590598591255;0.0;0.0;0.0;0.0;0.0;0.0;0.0
2030-06-16 10:00:00;193.627485122774;0.0;0.0;0.0;0.0;0.0;0.0;0.0
2030-06-16 11:00:00;193.6053946286599;0.0;0.0;0.0;0.0;0.0;0.0;0.0
2030-06-16 12:00:00;193.5593512727704;0.0;0.0;0.0;0.0;0.0;0.0;0.0
2030-06-16 13:00:00;193.5614581599269;0.0;0.0;0.0;0.0;0.0;0.0;0.0
2030-06-16 14:00:00;193.5356261825794;0.0;0.0;0.0;0.0;0.0;0.0;0.0
2030-06-16 15:00:00;193.5095798319757;0.0;0.0;0.0;0.0;0.0;0.0;0.0
2030-06-16 16:00:00;193.5317976102105;0.0;0.0;0.0;0.0;0.0;0.0;0.0
2030-06-16 17:00:00;193.5801454786021;0.0;0.0;0.0;0.0;0.0;0.0;0.0
2030-06-16 18:00:00;193.6456465570555;0.0;0.0;0.0;0.0;0.0;0.0;0.0
2030-06-16 19:00:00;193.6517059511196;0.0;0.0;0.0;0.0;0.0;0.0;0.0
2030-06-16 20:00:00;193.660056459357;0.0;0.0;0.0;0.0;0.0;0.0;0.0
2030-06-16 21:00:00;193.6807903727106;0.0;0.0;0.0;0.0;0.0;0.0;0.0
2030-06-16 22:00:00;193.6885848503152;0.0;0.0;0.0;0.0;0.0;0.0;0.0
2030-06-16 23:00:00;193.6591219259442;0.0;0.0;0.0;0.0;0.0;0.0;0.0
2030-06-17 00:00:00;193.5547355486021;0.0;0.0;0.0;0.0;0.0;0.0;0.0
2030-06-17 01:00:00;193.6190173791621;0.0;0.0;0.0;0.0;0.0;0.0;0.0
2030-06-17 02:00:00;193.7359948357118;0.0;0.0;0.0;0.0;0.0;0.0;0.0
2030-06-17 03:00:00;193.7156762705419;0.0;0.0;0.0;0.0;0.0;0.0;0.0
2030-06-17 04:00:00;193.6889466051847;0.0;0.0;0.0;0.0;0.0;0.0;0.0
2030-06-17 05:00:00;193.7609056779751;0.0;0.0;0.0;0.0;0.0;0.0;0.0
2030-06-17 06:00:00;193.8742387891728;0.0;0.0;0.0;0.0;0.0;0.0;0.0
2030-06-17 07:00:00;193.9352614763253;0.0;0.0;0.0;0.0;0.0;0.0;0.0
2030-06-17 08:00:00;193.8899985730708;0.0;0.0;0.0;0.0;0.0;0.0;0.0
2030-06-17 09:00:00;193.8395036225371;0.0;0.0;0.0;0.0;0.0;0.0;0.0
2030-06-17 10:00:00;193.8021256356048;0.0;0.0;0.0;0.0;0.0;0.0;0.0
2030-06-17 11:00:00;193.7945488808382;0.0;0.0;0.0;0.0;0.0;0.0;0.0
2030-06-17 12:00:00;193.7895781009648;0.0;0.0;0.0;0.0;0.0;0.0;0.0
2030-06-17 13:00:00;193.7916112973145;0.0;0.0;0.0;0.0;0.0;0.0;0.0
2030-06-17 14:00:00;193.8258909207813;0.0;0.0;0.0;0.0;0.0;0.0;0.0
2030-06-17 15:00:00;193.8308650502368;0.0;0.0;0.0;0.0;0.0;0.0;0.0
2030-06-17 16:00:00;193.8536321599402;0.0;0.0;0.0;0.0;0.0;0.0;0.0
2030-06-17 17:00:00;193.8754613866485;0.0;0.0;0.0;0.0;0.0;0.0;0.0
2030-06-17 18:00:00;193.9176560726766;0.0;0.0;0.0;0.0;0.0;0.0;0.0
2030-06-17 19:00:00;193.9264487257545;0.0;0.0;0.0;0.0;0.0;0.0;0.0
2030-06-17 20:00:00;193.9540794287033;0.0;0.0;0.0;0.0;0.0;0.0;0.0
2030-06-17 21:00:00;193.9368759749095;0.0;0.0;0.0;0.0;0.0;0.0;0.0
2030-06-17 22:00:00;193.8690000427295;0.0;0.0;0.0;0.0;0.0;0.0;0.0
2030-06-17 23:00:00;193.8409137966117;0.0;0.0;0.0;0.0;0.0;0.0;0.0
2030-06-18 00:00:00;193.8239716102237;0.0;0.0;0.0;0.0;0.0;0.0;0.0
2030-06-18 01:00:00;193.8185754334204;0.0;0.0;0.0;0.0;0.0;0.0;0.0
2030-06-18 02:00:00;193.8393227451024;0.0;0.0;0.0;0.0;0.0;0.0;0.0
2030-06-18 03:00:00;193.8794875843627;0.0;0.0;0.0;0.0;0.0;0.0;0.0
2030-06-18 04:00:00;193.8669668463796;0.0;0.0;0.0;0.0;0.0;0.0;0.0
2030-06-18 05:00:00;193.8765868462425;0.0;0.0;0.0;0.0;0.0;0.0;0.0
2030-06-18 06:00:00;193.9301801602417;0.0;0.0;0.0;0.0;0.0;0.0;0.0
2030-06-18 07:00:00;193.9559518451111;0.0;0.0;0.0;0.0;0.0;0.0;0.0
2030-06-18 08:00:00;193.9833346789826;0.0;0.0;0.0;0.0;0.0;0.0;0.0
2030-06-18 09:00:00;193.9538650554473;0.0;0.0;0.0;0.0;0.0;0.0;0.0
2030-06-18 10:00:00;193.9181116158455;0.0;0.0;0.0;0.0;0.0;0.0;0.0
2030-06-18 11:00:00;193.9648818310562;0.0;0.0;0.0;0.0;0.0;0.0;0.0
2030-06-18 12:00:00;193.9495407449239;0.0;0.0;0.0;0.0;0.0;0.0;0.0
2030-06-18 13:00:00;193.9516744287376;0.0;0.0;0.0;0.0;0.0;0.0;0.0
2030-06-18 14:00:00;193.9813215801255;0.0;0.0;0.0;0.0;0.0;0.0;0.0
2030-06-18 15:00:00;193.9776772347735;0.0;0.0;0.0;0.0;0.0;0.0;0.0
2030-06-18 16:00:00;193.9590971027264;0.0;0.0;0.0;0.0;0.0;0.0;0.0
2030-06-18 17:00:00;193.9747195537572;0.0;0.0;0.0;0.0;0.0;0.0;0.0
2030-06-18 18:00:00;209.4403163527878;0.0;0.0;0.0;0.0;0.0;0.0;0.0
2030-06-18 19:00:00;209.7333679433177;0.0;0.0;0.0;0.0;0.0;0.0;0.0
2030-06-18 20:00:00;209.7588247674674;0.0;0.0;0.0;0.0;0.0;0.0;0.0
2030-06-18 21:00:00;209.7187202206853;0.0;0.0;0.0;0.0;0.0;0.0;0.0
2030-06-18 22:00:00;209.6136404798434;0.0;0.0;0.0;0.0;0.0;0.0;0.0
2030-06-18 23:00:00;209.3593770503204;0.0;0.0;0.0;0.0;0.0;0.0;0.0
2030-06-19 00:00:00;209.3273985897735;0.0;0.0;0.0;0.0;0.0;0.0;0.0
2030-06-19 01:00:00;209.3310797805289;0.0;0.0;0.0;0.0;0.0;0.0;0.0
2030-06-19 02:00:00;209.3501556507304;0.0;0.0;0.0;0.0;0.0;0.0;0.0
2030-06-19 03:00:00;209.3582984848761;0.0;0.0;0.0;0.0;0.0;0.0;0.0
2030-06-19 04:00:00;209.2426742595049;0.0;0.0;0.0;0.0;0.0;0.0;0.0
2030-06-19 05:00:00;209.0902749719838;0.0;0.0;0.0;0.0;0.0;0.0;0.0
2030-06-19 06:00:00;209.2082238073498;0.0;0.0;0.0;0.0;0.0;0.0;0.0
2030-06-19 07:00:00;209.3070264312896;0.0;0.0;0.0;0.0;0.0;0.0;0.0
2030-06-19 08:00:00;209.440617815179;0.0;0.0;0.0;0.0;0.0;0.0;0.0
2030-06-19 09:00:00;209.4354762066172;0.0;0.0;0.0;0.0;0.0;0.0;0.0
2030-06-19 10:00:00;209.3812933661639;0.0;0.0;0.0;0.0;0.0;0.0;0.0
2030-06-19 11:00:00;209.4306528083572;0.0;0.0;0.0;0.0;0.0;0.0;0.0
2030-06-19 12:00:00;194.0465077978592;0.0;0.0;0.0;0.0;0.0;0.0;0.0
2030-06-19 13:00:00;194.0668598588504;0.0;0.0;0.0;0.0;0.0;0.0;0.0
2030-06-19 14:00:00;194.0973712024266;0.0;0.0;0.0;0.0;0.0;0.0;0.0
2030-06-19 15:00:00;194.1355430403225;0.0;0.0;0.0;0.0;0.0;0.0;0.0
2030-06-19 16:00:00;194.070467358799;0.0;0.0;0.0;0.0;0.0;0.0;0.0
2030-06-19 17:00:00;209.6362535087689;0.0;0.0;0.0;0.0;0.0;0.0;0.0
2030-06-19 18:00:00;209.706219580195;0.0;0.0;0.0;0.0;0.0;0.0;0.0
2030-06-19 19:00:00;209.7328454085062;0.0;0.0;0.0;0.0;0.0;0.0;0.0
2030-06-19 20:00:00;209.7840571696146;0.0;0.0;0.0;0.0;0.0;0.0;0.0
2030-06-19 21:00:00;209.6711360570182;0.0;0.0;0.0;0.0;0.0;0.0;0.0
2030-06-19 22:00:00;209.6243390451505;0.0;0.0;0.0;0.0;0.0;0.0;0.0
2030-06-19 23:00:00;209.6045932585239;0.0;0.0;0.0;0.0;0.0;0.0;0.0
2030-06-20 00:00:00;209.5152465049229;0.0;0.0;0.0;0.0;0.0;0.0;0.0
2030-06-20 01:00:00;209.5075592139461;0.0;0.0;0.0;0.0;0.0;0.0;0.0
2030-06-20 02:00:00;209.4986928700613;0.0;0.0;0.0;0.0;0.0;0.0;0.0
2030-06-20 03:00:00;209.4322907540163;0.0;0.0;0.0;0.0;0.0;0.0;0.0
2030-06-20 04:00:00;209.3860196265422;0.0;0.0;0.0;0.0;0.0;0.0;0.0
2030-06-20 05:00:00;209.4185407193934;0.0;0.0;0.0;0.0;0.0;0.0;0.0
2030-06-20 06:00:00;209.5454463373615;0.0;0.0;0.0;0.0;0.0;0.0;0.0
2030-06-20 07:00:00;209.7265213974543;0.0;0.0;0.0;0.0;0.0;0.0;0.0
2030-06-20 08:00:00;209.8538021686204;0.0;0.0;0.0;0.0;0.0;0.0;0.0
2030-06-20 09:00:00;209.9224016105394;0.0;0.0;0.0;0.0;0.0;0.0;0.0
2030-06-20 10:00:00;209.7785873020046;0.0;0.0;0.0;0.0;0.0;0.0;0.0
2030-06-20 11:00:00;209.7719517798151;0.0;0.0;0.0;0.0;0.0;0.0;0.0
2030-06-20 12:00:00;209.7509063553239;0.0;0.0;0.0;0.0;0.0;0.0;0.0
2030-06-20 13:00:00;209.6445135782891;0.0;0.0;0.0;0.0;0.0;0.0;0.0
2030-06-20 14:00:00;209.6676625403547;0.0;0.0;0.0;0.0;0.0;0.0;0.0
2030-06-20 15:00:00;209.6980265023173;0.0;0.0;0.0;0.0;0.0;0.0;0.0
2030-06-20 16:00:00;209.7449742453806;0.0;0.0;0.0;0.0;0.0;0.0;0.0
2030-06-20 17:00:00;209.8246105604014;0.0;0.0;0.0;0.0;0.0;0.0;0.0
2030-06-20 18:00:00;209.5536193177463;0.0;0.0;0.0;0.0;0.0;0.0;0.0
2030-06-20 19:00:00;209.6096946721002;0.0;0.0;0.0;0.0;0.0;0.0;0.0
2030-06-20 20:00:00;209.6326393096562;0.0;0.0;0.0;0.0;0.0;0.0;0.0
2030-06-20 21:00:00;209.6626515654957;0.0;0.0;0.0;0.0;0.0;0.0;0.0
2030-06-20 22:00:00;209.5107245690542;0.0;0.0;0.0;0.0;0.0;0.0;0.0
2030-06-20 23:00:00;209.7704277199481;0.0;0.0;0.0;0.0;0.0;0.0;0.0
2030-06-21 00:00:00;209.7981321137037;0.0;0.0;0.0;0.0;0.0;0.0;0.0
2030-06-21 01:00:00;209.7867234369861;0.0;0.0;0.0;0.0;0.0;0.0;0.0
2030-06-21 02:00:00;209.7648875111134;0.0;0.0;0.0;0.0;0.0;0.0;0.0
2030-06-21 03:00:00;209.8045398643087;0.0;0.0;0.0;0.0;0.0;0.0;0.0
2030-06-21 04:00:00;209.8455688957572;0.0;0.0;0.0;0.0;0.0;0.0;0.0
2030-06-21 05:00:00;209.8040541749006;0.0;0.0;0.0;0.0;0.0;0.0;0.0
2030-06-21 06:00:00;209.8486371129837;0.0;0.0;0.0;0.0;0.0;0.0;0.0
2030-06-21 07:00:00;209.9198324810496;0.0;0.0;0.0;0.0;0.0;0.0;0.0
2030-06-21 08:00:00;209.9340715546627;0.0;0.0;0.0;0.0;0.0;0.0;0.0
2030-06-21 09:00:00;209.9693259065278;0.0;0.0;0.0;0.0;0.0;0.0;0.0
2030-06-21 10:00:00;194.2110761172402;0.0;0.0;0.0;0.0;0.0;0.0;0.0
2030-06-21 11:00:00;194.2071370086613;0.0;0.0;0.0;0.0;0.0;0.0;0.0
2030-06-21 12:00:00;194.1903790492901;0.0;0.0;0.0;0.0;0.0;0.0;0.0
2030-06-21 13:00:00;194.1561396208089;0.0;0.0;0.0;0.0;0.0;0.0;0.0
2030-06-21 14:00:00;194.1588393840016;0.0;0.0;0.0;0.0;0.0;0.0;0.0
2030-06-21 15:00:00;194.1844904839145;0.0;0.0;0.0;0.0;0.0;0.0;0.0
2030-06-21 16:00:00;194.1783942444471;0.0;0.0;0.0;0.0;0.0;0.0;0.0
2030-06-21 17:00:00;209.8860854411406;0.0;0.0;0.0;0.0;0.0;0.0;0.0
2030-06-21 18:00:00;209.864808895483;0.0;0.0;0.0;0.0;0.0;0.0;0.0
2030-06-21 19:00:00;209.7511944193867;0.0;0.0;0.0;0.0;0.0;0.0;0.0
2030-06-21 20:00:00;209.8959298630059;0.0;0.0;0.0;0.0;0.0;0.0;0.0
2030-06-21 21:00:00;209.8487576979401;0.0;0.0;0.0;0.0;0.0;0.0;0.0
2030-06-21 22:00:00;209.8399482969515;0.0;0.0;0.0;0.0;0.0;0.0;0.0
2030-06-21 23:00:00;209.8750954621887;0.0;0.0;0.0;0.0;0.0;0.0;0.0
2030-06-22 00:00:00;209.7310466829051;0.0;0.0;0.0;0.0;0.0;0.0;0.0
2030-06-22 01:00:00;209.5973380636412;0.0;0.0;0.0;0.0;0.0;0.0;0.0
2030-06-22 02:00:00;197.4143417958105;0.0;0.0;0.0;0.0;0.0;0.0;0.0
2030-06-22 03:00:00;194.3326592492118;0.0;0.0;0.0;0.0;0.0;0.0;0.0
2030-06-22 04:00:00;194.0060883903574;0.0;0.0;0.0;0.0;0.0;0.0;0.0
2030-06-22 05:00:00;194.008758007311;0.0;0.0;0.0;0.0;0.0;0.0;0.0
2030-06-22 06:00:00;194.0716531108712;0.0;0.0;0.0;0.0;0.0;0.0;0.0
2030-06-22 07:00:00;194.1405640639278;0.0;0.0;0.0;0.0;0.0;0.0;0.0
2030-06-22 08:00:00;194.1457726641321;0.0;0.0;0.0;0.0;0.0;0.0;0.0
2030-06-22 09:00:00;194.1405908605849;0.0;0.0;0.0;0.0;0.0;0.0;0.0
2030-06-22 10:00:00;194.1281672604834;0.0;0.0;0.0;0.0;0.0;0.0;0.0
2030-06-22 11:00:00;194.0995785770469;0.0;0.0;0.0;0.0;0.0;0.0;0.0
2030-06-22 12:00:00;194.0762654854572;0.0;0.0;0.0;0.0;0.0;0.0;0.0
2030-06-22 13:00:00;193.9710484117483;0.0;0.0;0.0;0.0;0.0;0.0;0.0
2030-06-22 14:00:00;193.9549670679664;0.0;0.0;0.0;0.0;0.0;0.0;0.0
2030-06-22 15:00:00;193.995919059026;0.0;0.0;0.0;0.0;0.0;0.0;0.0
2030-06-22 16:00:00;193.9993590798683;0.0;0.0;0.0;0.0;0.0;0.0;0.0
2030-06-22 17:00:00;194.034760813347;0.0;0.0;0.0;0.0;0.0;0.0;0.0
2030-06-22 18:00:00;194.0419925611547;0.0;0.0;0.0;0.0;0.0;0.0;0.0
2030-06-22 19:00:00;194.0183612592633;0.0;0.0;0.0;0.0;0.0;0.0;0.0
2030-06-22 20:00:00;194.0295555627248;0.0;0.0;0.0;0.0;0.0;0.0;0.0
2030-06-22 21:00:00;194.0561545943791;0.0;0.0;0.0;0.0;0.0;0.0;0.0
2030-06-22 22:00:00;194.021707491806;0.0;0.0;0.0;0.0;0.0;0.0;0.0
2030-06-22 23:00:00;193.9678629591474;0.0;0.0;0.0;0.0;0.0;0.0;0.0
2030-06-23 00:00:00;193.8890238446724;0.0;0.0;0.0;0.0;0.0;0.0;0.0
2030-06-23 01:00:00;193.700586403069;0.0;0.0;0.0;0.0;0.0;0.0;0.0
2030-06-23 02:00:00;193.5797703254041;0.0;0.0;0.0;0.0;0.0;0.0;0.0
2030-06-23 03:00:00;193.5590062658115;0.0;0.0;0.0;0.0;0.0;0.0;0.0
2030-06-23 04:00:00;193.4645949440375;0.0;0.0;0.0;0.0;0.0;0.0;0.0
2030-06-23 05:00:00;193.4032640953297;0.0;0.0;0.0;0.0;0.0;0.0;0.0
2030-06-23 06:00:00;193.4080238515293;0.0;0.0;0.0;0.0;0.0;0.0;0.0
2030-06-23 07:00:00;193.4398180850594;0.0;0.0;0.0;0.0;0.0;0.0;0.0
2030-06-23 08:00:00;193.4758964341272;0.0;0.0;0.0;0.0;0.0;0.0;0.0
2030-06-23 09:00:00;193.4807566777905;0.0;0.0;0.0;0.0;0.0;0.0;0.0
2030-06-23 10:00:00;193.3967860035001;0.0;0.0;0.0;0.0;0.0;0.0;0.0
2030-06-23 11:00:00;193.3887034618325;0.0;0.0;0.0;0.0;0.0;0.0;0.0
2030-06-23 12:00:00;193.3912290467547;0.0;0.0;0.0;0.0;0.0;0.0;0.0
2030-06-23 13:00:00;193.4270628763275;0.0;0.0;0.0;0.0;0.0;0.0;0.0
2030-06-23 14:00:00;193.3814181207107;0.0;0.0;0.0;0.0;0.0;0.0;0.0
2030-06-23 15:00:00;193.4900551177694;0.0;0.0;0.0;0.0;0.0;0.0;0.0
2030-06-23 16:00:00;193.6264701993902;0.0;0.0;0.0;0.0;0.0;0.0;0.0
2030-06-23 17:00:00;193.7052289238942;0.0;0.0;0.0;0.0;0.0;0.0;0.0
2030-06-23 18:00:00;193.8306205307417;0.0;0.0;0.0;0.0;0.0;0.0;0.0
2030-06-23 19:00:00;193.9176292760195;0.0;0.0;0.0;0.0;0.0;0.0;0.0
2030-06-23 20:00:00;193.9487502435424;0.0;0.0;0.0;0.0;0.0;0.0;0.0
2030-06-23 21:00:00;193.9228244778953;0.0;0.0;0.0;0.0;0.0;0.0;0.0
2030-06-23 22:00:00;193.9011794782039;0.0;0.0;0.0;0.0;0.0;0.0;0.0
2030-06-23 23:00:00;193.8330858231857;0.0;0.0;0.0;0.0;0.0;0.0;0.0
2030-06-24 00:00:00;193.7311714374519;0.0;0.0;0.0;0.0;0.0;0.0;0.0
2030-06-24 01:00:00;193.727285922187;0.0;0.0;0.0;0.0;0.0;0.0;0.0
2030-06-24 02:00:00;193.6799127821938;0.0;0.0;0.0;0.0;0.0;0.0;0.0
2030-06-24 03:00:00;193.7061132135751;0.0;0.0;0.0;0.0;0.0;0.0;0.0
2030-06-24 04:00:00;193.7965854267701;0.0;0.0;0.0;0.0;0.0;0.0;0.0
2030-06-24 05:00:00;193.8924337192756;0.0;0.0;0.0;0.0;0.0;0.0;0.0
2030-06-24 06:00:00;194.0375443160928;0.0;0.0;0.0;0.0;0.0;0.0;0.0
2030-06-24 07:00:00;194.1892100451285;0.0;0.0;0.0;0.0;0.0;0.0;0.0
2030-06-24 08:00:00;194.2041156855846;0.0;0.0;0.0;0.0;0.0;0.0;0.0
2030-06-24 09:00:00;194.1220207772841;0.0;0.0;0.0;0.0;0.0;0.0;0.0
2030-06-24 10:00:00;194.0971166341851;0.0;0.0;0.0;0.0;0.0;0.0;0.0
2030-06-24 11:00:00;194.0611354229988;0.0;0.0;0.0;0.0;0.0;0.0;0.0
2030-06-24 12:00:00;194.022698968115;0.0;0.0;0.0;0.0;0.0;0.0;0.0
2030-06-24 13:00:00;194.0127540587861;0.0;0.0;0.0;0.0;0.0;0.0;0.0
2030-06-24 14:00:00;194.0012147483655;0.0;0.0;0.0;0.0;0.0;0.0;0.0
2030-06-24 15:00:00;193.9920402429253;0.0;0.0;0.0;0.0;0.0;0.0;0.0
2030-06-24 16:00:00;194.0444411056881;0.0;0.0;0.0;0.0;0.0;0.0;0.0
2030-06-24 17:00:00;194.139200784003;0.0;0.0;0.0;0.0;0.0;0.0;0.0
2030-06-24 18:00:00;194.1601725176873;0.0;0.0;0.0;0.0;0.0;0.0;0.0
2030-06-24 19:00:00;194.1801192792414;0.0;0.0;0.0;0.0;0.0;0.0;0.0
2030-06-24 20:00:00;194.1282844958578;0.0;0.0;0.0;0.0;0.0;0.0;0.0
2030-06-24 21:00:00;194.1357406656679;0.0;0.0;0.0;0.0;0.0;0.0;0.0
2030-06-24 22:00:00;194.1336036322722;0.0;0.0;0.0;0.0;0.0;0.0;0.0
2030-06-24 23:00:00;194.0789987444713;0.0;0.0;0.0;0.0;0.0;0.0;0.0
2030-06-25 00:00:00;194.0517532434669;0.0;0.0;0.0;0.0;0.0;0.0;0.0
2030-06-25 01:00:00;193.9751449506871;0.0;0.0;0.0;0.0;0.0;0.0;0.0
2030-06-25 02:00:00;194.0029598806527;0.0;0.0;0.0;0.0;0.0;0.0;0.0
2030-06-25 03:00:00;194.0558866278091;0.0;0.0;0.0;0.0;0.0;0.0;0.0
2030-06-25 04:00:00;194.0922932359252;0.0;0.0;0.0;0.0;0.0;0.0;0.0
2030-06-25 05:00:00;194.1223925808999;0.0;0.0;0.0;0.0;0.0;0.0;0.0
2030-06-25 06:00:00;194.2694526345139;0.0;0.0;0.0;0.0;0.0;0.0;0.0
2030-06-25 07:00:00;194.3190431978738;0.0;0.0;0.0;0.0;0.0;0.0;0.0
2030-06-25 08:00:00;194.3227009415543;0.0;0.0;0.0;0.0;0.0;0.0;0.0
2030-06-25 09:00:00;194.323632125385;0.0;0.0;0.0;0.0;0.0;0.0;0.0
2030-06-25 10:00:00;194.246618533168;0.0;0.0;0.0;0.0;0.0;0.0;0.0
2030-06-25 11:00:00;194.2295859080627;0.0;0.0;0.0;0.0;0.0;0.0;0.0
2030-06-25 12:00:00;194.2234327256992;0.0;0.0;0.0;0.0;0.0;0.0;0.0
2030-06-25 13:00:00;194.1762404631408;0.0;0.0;0.0;0.0;0.0;0.0;0.0
2030-06-25 14:00:00;194.190643666278;0.0;0.0;0.0;0.0;0.0;0.0;0.0
2030-06-25 15:00:00;194.202464341597;0.0;0.0;0.0;0.0;0.0;0.0;0.0
2030-06-25 16:00:00;194.1866509643851;0.0;0.0;0.0;0.0;0.0;0.0;0.0
2030-06-25 17:00:00;194.2110526701653;0.0;0.0;0.0;0.0;0.0;0.0;0.0
2030-06-25 18:00:00;194.2641602947565;0.0;0.0;0.0;0.0;0.0;0.0;0.0
2030-06-25 19:00:00;194.3961338304796;0.0;0.0;0.0;0.0;0.0;0.0;0.0
2030-06-25 20:00:00;194.5029821506834;0.0;0.0;0.0;0.0;0.0;0.0;0.0
2030-06-25 21:00:00;194.5211670320398;0.0;0.0;0.0;0.0;0.0;0.0;0.0
2030-06-25 22:00:00;194.4251110654425;0.0;0.0;0.0;0.0;0.0;0.0;0.0
2030-06-25 23:00:00;194.2857115061484;0.0;0.0;0.0;0.0;0.0;0.0;0.0
2030-06-26 00:00:00;194.3343239915278;0.0;0.0;0.0;0.0;0.0;0.0;0.0
2030-06-26 01:00:00;194.1961738263662;0.0;0.0;0.0;0.0;0.0;0.0;0.0
2030-06-26 02:00:00;194.2176145015481;0.0;0.0;0.0;0.0;0.0;0.0;0.0
2030-06-26 03:00:00;194.2225216393612;0.0;0.0;0.0;0.0;0.0;0.0;0.0
2030-06-26 04:00:00;194.2047588053525;0.0;0.0;0.0;0.0;0.0;0.0;0.0
2030-06-26 05:00:00;194.1955340561805;0.0;0.0;0.0;0.0;0.0;0.0;0.0
2030-06-26 06:00:00;194.1976509920834;0.0;0.0;0.0;0.0;0.0;0.0;0.0
2030-06-26 07:00:00;194.2731572723442;0.0;0.0;0.0;0.0;0.0;0.0;0.0
2030-06-26 08:00:00;194.2665518963938;0.0;0.0;0.0;0.0;0.0;0.0;0.0
2030-06-26 09:00:00;194.2471343688153;0.0;0.0;0.0;0.0;0.0;0.0;0.0
2030-06-26 10:00:00;194.2318502255792;0.0;0.0;0.0;0.0;0.0;0.0;0.0
2030-06-26 11:00:00;194.192626618896;0.0;0.0;0.0;0.0;0.0;0.0;0.0
2030-06-26 12:00:00;194.1796402889975;0.0;0.0;0.0;0.0;0.0;0.0;0.0
2030-06-26 13:00:00;194.1428317310265;0.0;0.0;0.0;0.0;0.0;0.0;0.0
2030-06-26 14:00:00;194.1056011257076;0.0;0.0;0.0;0.0;0.0;0.0;0.0
2030-06-26 15:00:00;194.1031492315921;0.0;0.0;0.0;0.0;0.0;0.0;0.0
2030-06-26 16:00:00;194.0627901165686;0.0;0.0;0.0;0.0;0.0;0.0;0.0
2030-06-26 17:00:00;194.0944704643064;0.0;0.0;0.0;0.0;0.0;0.0;0.0
2030-06-26 18:00:00;194.0858720869916;0.0;0.0;0.0;0.0;0.0;0.0;0.0
2030-06-26 19:00:00;194.0984095728853;0.0;0.0;0.0;0.0;0.0;0.0;0.0
2030-06-26 20:00:00;209.6915283129949;0.0;0.0;0.0;0.0;0.0;0.0;0.0
2030-06-26 21:00:00;209.7590290919769;0.0;0.0;0.0;0.0;0.0;0.0;0.0
2030-06-26 22:00:00;210.0032772709463;0.0;0.0;0.0;0.0;0.0;0.0;0.0
2030-06-26 23:00:00;209.8015285899783;0.0;0.0;0.0;0.0;0.0;0.0;0.0
2030-06-27 00:00:00;209.9544671602216;0.0;0.0;0.0;0.0;0.0;0.0;0.0
2030-06-27 01:00:00;209.6146688015558;0.0;0.0;0.0;0.0;0.0;0.0;0.0
2030-06-27 02:00:00;209.5536159681643;0.0;0.0;0.0;0.0;0.0;0.0;0.0
2030-06-27 03:00:00;209.4858740192692;0.0;0.0;0.0;0.0;0.0;0.0;0.0
2030-06-27 04:00:00;209.7108185564525;0.0;0.0;0.0;0.0;0.0;0.0;0.0
2030-06-27 05:00:00;209.7878388478336;0.0;0.0;0.0;0.0;0.0;0.0;0.0
2030-06-27 06:00:00;209.8750284705462;0.0;0.0;0.0;0.0;0.0;0.0;0.0
2030-06-27 07:00:00;201.6988626330617;0.0;0.0;0.0;0.0;0.0;0.0;0.0
2030-06-27 08:00:00;198.4983704084909;0.0;0.0;0.0;0.0;0.0;0.0;0.0
2030-06-27 09:00:00;194.2257673844402;0.0;0.0;0.0;0.0;0.0;0.0;0.0
2030-06-27 10:00:00;194.2505006988509;0.0;0.0;0.0;0.0;0.0;0.0;0.0
2030-06-27 11:00:00;194.2997897998196;0.0;0.0;0.0;0.0;0.0;0.0;0.0
2030-06-27 12:00:00;194.242997634891;0.0;0.0;0.0;0.0;0.0;0.0;0.0
2030-06-27 13:00:00;194.2367004204962;0.0;0.0;0.0;0.0;0.0;0.0;0.0
2030-06-27 14:00:00;194.265168518976;0.0;0.0;0.0;0.0;0.0;0.0;0.0
2030-06-27 15:00:00;194.227261298068;0.0;0.0;0.0;0.0;0.0;0.0;0.0
2030-06-27 16:00:00;194.2320277534318;0.0;0.0;0.0;0.0;0.0;0.0;0.0
2030-06-27 17:00:00;210.055299630929;0.0;0.0;0.0;0.0;0.0;0.0;0.0
2030-06-27 18:00:00;210.1514895808112;0.0;0.0;0.0;0.0;0.0;0.0;0.0
2030-06-27 19:00:00;210.1632566628162;0.0;0.0;0.0;0.0;0.0;0.0;0.0
2030-06-27 20:00:00;209.9427436227842;0.0;0.0;0.0;0.0;0.0;0.0;0.0
2030-06-27 21:00:00;209.8398478094878;0.0;0.0;0.0;0.0;0.0;0.0;0.0
2030-06-27 22:00:00;209.8875927530969;0.0;0.0;0.0;0.0;0.0;0.0;0.0
2030-06-27 23:00:00;210.076877638978;0.0;0.0;0.0;0.0;0.0;0.0;0.0
2030-06-28 00:00:00;210.0320736284745;0.0;0.0;0.0;0.0;0.0;0.0;0.0
2030-06-28 01:00:00;209.9369588944544;0.0;0.0;0.0;0.0;0.0;0.0;0.0
2030-06-28 02:00:00;209.9701197574914;0.0;0.0;0.0;0.0;0.0;0.0;0.0
2030-06-28 03:00:00;209.9756867629831;0.0;0.0;0.0;0.0;0.0;0.0;0.0
2030-06-28 04:00:00;210.0895893031421;0.0;0.0;0.0;0.0;0.0;0.0;0.0
2030-06-28 05:00:00;210.1986751442055;0.0;0.0;0.0;0.0;0.0;0.0;0.0
2030-06-28 06:00:00;210.3708939091599;0.0;0.0;0.0;0.0;0.0;0.0;0.0
2030-06-28 07:00:00;210.4430573064599;0.0;0.0;0.0;0.0;0.0;0.0;0.0
2030-06-28 08:00:00;210.5397295961681;0.0;0.0;0.0;0.0;0.0;0.0;0.0
2030-06-28 09:00:00;210.5273026464846;0.0;0.0;0.0;0.0;0.0;0.0;0.0
2030-06-28 10:00:00;210.3627175791929;0.0;0.0;0.0;0.0;0.0;0.0;0.0
2030-06-28 11:00:00;210.3077542861045;0.0;0.0;0.0;0.0;0.0;0.0;0.0
2030-06-28 12:00:00;210.3549833940663;0.0;0.0;0.0;0.0;0.0;0.0;0.0
2030-06-28 13:00:00;210.2680684370881;0.0;0.0;0.0;0.0;0.0;0.0;0.0
2030-06-28 14:00:00;210.2067878321121;0.0;0.0;0.0;0.0;0.0;0.0;0.0
2030-06-28 15:00:00;210.2043560354894;0.0;0.0;0.0;0.0;0.0;0.0;0.0
2030-06-28 16:00:00;210.0816608422524;0.0;0.0;0.0;0.0;0.0;0.0;0.0
2030-06-28 17:00:00;210.1230114335849;0.0;0.0;0.0;0.0;0.0;0.0;0.0
2030-06-28 18:00:00;210.3467065766356;0.0;0.0;0.0;0.0;0.0;0.0;0.0
2030-06-28 19:00:00;210.3946357472615;0.0;0.0;0.0;0.0;0.0;0.0;0.0
2030-06-28 20:00:00;210.3795726764457;0.0;0.0;0.0;0.0;0.0;0.0;0.0
2030-06-28 21:00:00;210.3249543903161;0.0;0.0;0.0;0.0;0.0;0.0;0.0
2030-06-28 22:00:00;210.3950008517132;0.0;0.0;0.0;0.0;0.0;0.0;0.0
2030-06-28 23:00:00;210.1584734595418;0.0;0.0;0.0;0.0;0.0;0.0;0.0
2030-06-29 00:00:00;209.7478548860082;0.0;0.0;0.0;0.0;0.0;0.0;0.0
2030-06-29 01:00:00;209.7881001152394;0.0;0.0;0.0;0.0;0.0;0.0;0.0
2030-06-29 02:00:00;210.0836404452882;0.0;0.0;0.0;0.0;0.0;0.0;0.0
2030-06-29 03:00:00;210.048489930469;0.0;0.0;0.0;0.0;0.0;0.0;0.0
2030-06-29 04:00:00;209.8838914648489;0.0;0.0;0.0;0.0;0.0;0.0;0.0
2030-06-29 05:00:00;209.8869295358361;0.0;0.0;0.0;0.0;0.0;0.0;0.0
2030-06-29 06:00:00;210.2645781725139;0.0;0.0;0.0;0.0;0.0;0.0;0.0
2030-06-29 07:00:00;210.3240332552318;0.0;0.0;0.0;0.0;0.0;0.0;0.0
2030-06-29 08:00:00;210.2891942515502;0.0;0.0;0.0;0.0;0.0;0.0;0.0
2030-06-29 09:00:00;194.4391659120389;0.0;0.0;0.0;0.0;0.0;0.0;0.0
2030-06-29 10:00:00;194.3205840056513;0.0;0.0;0.0;0.0;0.0;0.0;0.0
2030-06-29 11:00:00;194.2379196683895;0.0;0.0;0.0;0.0;0.0;0.0;0.0
2030-06-29 12:00:00;194.2321784846274;0.0;0.0;0.0;0.0;0.0;0.0;0.0
2030-06-29 13:00:00;194.1804408391254;0.0;0.0;0.0;0.0;0.0;0.0;0.0
2030-06-29 14:00:00;194.1566219606349;0.0;0.0;0.0;0.0;0.0;0.0;0.0
2030-06-29 15:00:00;194.1797675731183;0.0;0.0;0.0;0.0;0.0;0.0;0.0
2030-06-29 16:00:00;194.1905565771428;0.0;0.0;0.0;0.0;0.0;0.0;0.0
2030-06-29 17:00:00;194.2173532341424;0.0;0.0;0.0;0.0;0.0;0.0;0.0
2030-06-29 18:00:00;194.2740013670396;0.0;0.0;0.0;0.0;0.0;0.0;0.0
2030-06-29 19:00:00;194.322613852419;0.0;0.0;0.0;0.0;0.0;0.0;0.0
2030-06-29 20:00:00;194.3195690822674;0.0;0.0;0.0;0.0;0.0;0.0;0.0
2030-06-29 21:00:00;194.3315270904535;0.0;0.0;0.0;0.0;0.0;0.0;0.0
2030-06-29 22:00:00;194.3279430375798;0.0;0.0;0.0;0.0;0.0;0.0;0.0
2030-06-29 23:00:00;194.2845793473902;0.0;0.0;0.0;0.0;0.0;0.0;0.0
2030-06-30 00:00:00;194.1784612360896;0.0;0.0;0.0;0.0;0.0;0.0;0.0
2030-06-30 01:00:00;193.8993807526028;0.0;0.0;0.0;0.0;0.0;0.0;0.0
2030-06-30 02:00:00;193.4909729032716;0.0;0.0;0.0;0.0;0.0;0.0;0.0
2030-06-30 03:00:00;193.4213819850436;0.0;0.0;0.0;0.0;0.0;0.0;0.0
2030-06-30 04:00:00;193.2986666943138;0.0;0.0;0.0;0.0;0.0;0.0;0.0
2030-06-30 05:00:00;193.2836371193191;0.0;0.0;0.0;0.0;0.0;0.0;0.0
2030-06-30 06:00:00;193.2879178852749;0.0;0.0;0.0;0.0;0.0;0.0;0.0
2030-06-30 07:00:00;193.3125004684898;0.0;0.0;0.0;0.0;0.0;0.0;0.0
2030-06-30 08:00:00;193.4417306964526;0.0;0.0;0.0;0.0;0.0;0.0;0.0
2030-06-30 09:00:00;193.4629134538109;0.0;0.0;0.0;0.0;0.0;0.0;0.0
2030-06-30 10:00:00;193.4933075620126;0.0;0.0;0.0;0.0;0.0;0.0;0.0
2030-06-30 11:00:00;193.5140615728589;0.0;0.0;0.0;0.0;0.0;0.0;0.0
2030-06-30 12:00:00;193.518945263597;0.0;0.0;0.0;0.0;0.0;0.0;0.0
2030-06-30 13:00:00;193.4505032520379;0.0;0.0;0.0;0.0;0.0;0.0;0.0
2030-06-30 14:00:00;193.5232260295527;0.0;0.0;0.0;0.0;0.0;0.0;0.0
2030-06-30 15:00:00;193.6052740437035;0.0;0.0;0.0;0.0;0.0;0.0;0.0
2030-06-30 16:00:00;193.563923452371;0.0;0.0;0.0;0.0;0.0;0.0;0.0
2030-06-30 17:00:00;193.7081832553284;0.0;0.0;0.0;0.0;0.0;0.0;0.0
2030-06-30 18:00:00;193.9656354870343;0.0;0.0;0.0;0.0;0.0;0.0;0.0
2030-06-30 19:00:00;194.097652567325;0.0;0.0;0.0;0.0;0.0;0.0;0.0
2030-06-30 20:00:00;194.0625355483271;0.0;0.0;0.0;0.0;0.0;0.0;0.0
2030-06-30 21:00:00;194.0740480620905;0.0;0.0;0.0;0.0;0.0;0.0;0.0
2030-06-30 22:00:00;194.0708659590719;0.0;0.0;0.0;0.0;0.0;0.0;0.0
2030-06-30 23:00:00;194.0784762096598;0.0;0.0;0.0;0.0;0.0;0.0;0.0
2030-07-01 00:00:00;194.0428132087753;0.0;0.0;0.0;0.0;0.0;0.0;0.0
2030-07-01 01:00:00;193.9498187602403;0.0;0.0;0.0;0.0;0.0;0.0;0.0
2030-07-01 02:00:00;193.8561912406836;0.0;0.0;0.0;0.0;0.0;0.0;0.0
2030-07-01 03:00:00;193.86488675588;0.0;0.0;0.0;0.0;0.0;0.0;0.0
2030-07-01 04:00:00;193.9103707315547;0.0;0.0;0.0;0.0;0.0;0.0;0.0
2030-07-01 05:00:00;193.980048738918;0.0;0.0;0.0;0.0;0.0;0.0;0.0
2030-07-01 06:00:00;194.0612158129698;0.0;0.0;0.0;0.0;0.0;0.0;0.0
2030-07-01 07:00:00;194.0989019614577;0.0;0.0;0.0;0.0;0.0;0.0;0.0
2030-07-01 08:00:00;194.1128295239332;0.0;0.0;0.0;0.0;0.0;0.0;0.0
2030-07-01 09:00:00;194.0651013282348;0.0;0.0;0.0;0.0;0.0;0.0;0.0
2030-07-01 10:00:00;194.0589682433641;0.0;0.0;0.0;0.0;0.0;0.0;0.0
2030-07-01 11:00:00;194.025757136595;0.0;0.0;0.0;0.0;0.0;0.0;0.0
2030-07-01 12:00:00;194.0259849081796;0.0;0.0;0.0;0.0;0.0;0.0;0.0
2030-07-01 13:00:00;193.9958889127869;0.0;0.0;0.0;0.0;0.0;0.0;0.0
2030-07-01 14:00:00;193.9790137180414;0.0;0.0;0.0;0.0;0.0;0.0;0.0
2030-07-01 15:00:00;194.0046447204615;0.0;0.0;0.0;0.0;0.0;0.0;0.0
2030-07-01 16:00:00;193.9909415799883;0.0;0.0;0.0;0.0;0.0;0.0;0.0
2030-07-01 17:00:00;193.9865167820013;0.0;0.0;0.0;0.0;0.0;0.0;0.0
2030-07-01 18:00:00;194.0008194976749;0.0;0.0;0.0;0.0;0.0;0.0;0.0
2030-07-01 19:00:00;194.102824322126;0.0;0.0;0.0;0.0;0.0;0.0;0.0
2030-07-01 20:00:00;194.1031425324279;0.0;0.0;0.0;0.0;0.0;0.0;0.0
2030-07-01 21:00:00;194.106147107594;0.0;0.0;0.0;0.0;0.0;0.0;0.0
2030-07-01 22:00:00;194.1106556451342;0.0;0.0;0.0;0.0;0.0;0.0;0.0
2030-07-01 23:00:00;194.0836613627891;0.0;0.0;0.0;0.0;0.0;0.0;0.0
2030-07-02 00:00:00;194.098587100738;0.0;0.0;0.0;0.0;0.0;0.0;0.0
2030-07-02 01:00:00;194.0990024489215;0.0;0.0;0.0;0.0;0.0;0.0;0.0
2030-07-02 02:00:00;193.9957415311733;0.0;0.0;0.0;0.0;0.0;0.0;0.0
2030-07-02 03:00:00;193.9827585508571;0.0;0.0;0.0;0.0;0.0;0.0;0.0
2030-07-02 04:00:00;194.0023871021093;0.0;0.0;0.0;0.0;0.0;0.0;0.0
2030-07-02 05:00:00;194.0586969272119;0.0;0.0;0.0;0.0;0.0;0.0;0.0
2030-07-02 06:00:00;194.1848455396197;0.0;0.0;0.0;0.0;0.0;0.0;0.0
2030-07-02 07:00:00;194.2213425864531;0.0;0.0;0.0;0.0;0.0;0.0;0.0
2030-07-02 08:00:00;194.2172594458429;0.0;0.0;0.0;0.0;0.0;0.0;0.0
2030-07-02 09:00:00;194.188205170491;0.0;0.0;0.0;0.0;0.0;0.0;0.0
2030-07-02 10:00:00;194.1840248919991;0.0;0.0;0.0;0.0;0.0;0.0;0.0
2030-07-02 11:00:00;194.2405959845074;0.0;0.0;0.0;0.0;0.0;0.0;0.0
2030-07-02 12:00:00;194.2649541457201;0.0;0.0;0.0;0.0;0.0;0.0;0.0
2030-07-02 13:00:00;194.2714020913106;0.0;0.0;0.0;0.0;0.0;0.0;0.0
2030-07-02 14:00:00;194.2574544313424;0.0;0.0;0.0;0.0;0.0;0.0;0.0
2030-07-02 15:00:00;194.1607118004094;0.0;0.0;0.0;0.0;0.0;0.0;0.0
2030-07-02 16:00:00;194.1607754424699;0.0;0.0;0.0;0.0;0.0;0.0;0.0
2030-07-02 17:00:00;194.1620851290807;0.0;0.0;0.0;0.0;0.0;0.0;0.0
2030-07-02 18:00:00;194.2094850657309;0.0;0.0;0.0;0.0;0.0;0.0;0.0
2030-07-02 19:00:00;194.2305170918935;0.0;0.0;0.0;0.0;0.0;0.0;0.0
2030-07-02 20:00:00;194.2271842576791;0.0;0.0;0.0;0.0;0.0;0.0;0.0
2030-07-02 21:00:00;194.2172728441714;0.0;0.0;0.0;0.0;0.0;0.0;0.0
2030-07-02 22:00:00;194.2056933387655;0.0;0.0;0.0;0.0;0.0;0.0;0.0
2030-07-02 23:00:00;194.1859609504673;0.0;0.0;0.0;0.0;0.0;0.0;0.0
2030-07-03 00:00:00;194.101109336078;0.0;0.0;0.0;0.0;0.0;0.0;0.0
2030-07-03 01:00:00;194.090065763812;0.0;0.0;0.0;0.0;0.0;0.0;0.0
2030-07-03 02:00:00;209.6950755204653;0.0;0.0;0.0;0.0;0.0;0.0;0.0
2030-07-03 03:00:00;209.6716451935012;0.0;0.0;0.0;0.0;0.0;0.0;0.0
2030-07-03 04:00:00;209.6945127906682;0.0;0.0;0.0;0.0;0.0;0.0;0.0
2030-07-03 05:00:00;209.7071172682045;0.0;0.0;0.0;0.0;0.0;0.0;0.0
2030-07-03 06:00:00;209.803930240362;0.0;0.0;0.0;0.0;0.0;0.0;0.0
2030-07-03 07:00:00;194.2493316946893;0.0;0.0;0.0;0.0;0.0;0.0;0.0
2030-07-03 08:00:00;194.0851887722382;0.0;0.0;0.0;0.0;0.0;0.0;0.0
2030-07-03 09:00:00;194.0870812861387;0.0;0.0;0.0;0.0;0.0;0.0;0.0
2030-07-03 10:00:00;194.1025697538845;0.0;0.0;0.0;0.0;0.0;0.0;0.0
2030-07-03 11:00:00;194.0815578252148;0.0;0.0;0.0;0.0;0.0;0.0;0.0
2030-07-03 12:00:00;194.0391755625876;0.0;0.0;0.0;0.0;0.0;0.0;0.0
2030-07-03 13:00:00;194.0812295661664;0.0;0.0;0.0;0.0;0.0;0.0;0.0
2030-07-03 14:00:00;194.0219520113012;0.0;0.0;0.0;0.0;0.0;0.0;0.0
2030-07-03 15:00:00;194.0319806601833;0.0;0.0;0.0;0.0;0.0;0.0;0.0
2030-07-03 16:00:00;194.0927621774226;0.0;0.0;0.0;0.0;0.0;0.0;0.0
2030-07-03 17:00:00;209.6572553886924;0.0;0.0;0.0;0.0;0.0;0.0;0.0
2030-07-03 18:00:00;209.7675035347531;0.0;0.0;0.0;0.0;0.0;0.0;0.0
2030-07-03 19:00:00;209.8549544248713;0.0;0.0;0.0;0.0;0.0;0.0;0.0
2030-07-03 20:00:00;209.9001402877369;0.0;0.0;0.0;0.0;0.0;0.0;0.0
2030-07-03 21:00:00;209.9168245563013;0.0;0.0;0.0;0.0;0.0;0.0;0.0
2030-07-03 22:00:00;209.9238955241671;0.0;0.0;0.0;0.0;0.0;0.0;0.0
2030-07-03 23:00:00;209.8431605462094;0.0;0.0;0.0;0.0;0.0;0.0;0.0
2030-07-04 00:00:00;209.6680845877024;0.0;0.0;0.0;0.0;0.0;0.0;0.0
2030-07-04 01:00:00;209.5586637884265;0.0;0.0;0.0;0.0;0.0;0.0;0.0
2030-07-04 02:00:00;209.5933855567338;0.0;0.0;0.0;0.0;0.0;0.0;0.0
2030-07-04 03:00:00;209.5832564203879;0.0;0.0;0.0;0.0;0.0;0.0;0.0
2030-07-04 04:00:00;209.5083664632382;0.0;0.0;0.0;0.0;0.0;0.0;0.0
2030-07-04 05:00:00;209.630036684345;0.0;0.0;0.0;0.0;0.0;0.0;0.0
2030-07-04 06:00:00;209.8433347244799;0.0;0.0;0.0;0.0;0.0;0.0;0.0
2030-07-04 07:00:00;209.9003479618287;0.0;0.0;0.0;0.0;0.0;0.0;0.0
2030-07-04 08:00:00;209.8954207265229;0.0;0.0;0.0;0.0;0.0;0.0;0.0
2030-07-04 09:00:00;199.031670776933;0.0;0.0;0.0;0.0;0.0;0.0;0.0
2030-07-04 10:00:00;194.2294150793744;0.0;0.0;0.0;0.0;0.0;0.0;0.0
2030-07-04 11:00:00;194.2065072872218;0.0;0.0;0.0;0.0;0.0;0.0;0.0
2030-07-04 12:00:00;194.1987630533488;0.0;0.0;0.0;0.0;0.0;0.0;0.0
2030-07-04 13:00:00;194.2041994251376;0.0;0.0;0.0;0.0;0.0;0.0;0.0
2030-07-04 14:00:00;194.2198118274221;0.0;0.0;0.0;0.0;0.0;0.0;0.0
2030-07-04 15:00:00;194.2150152258192;0.0;0.0;0.0;0.0;0.0;0.0;0.0
2030-07-04 16:00:00;194.2331297659509;0.0;0.0;0.0;0.0;0.0;0.0;0.0
2030-07-04 17:00:00;209.9029438879755;0.0;0.0;0.0;0.0;0.0;0.0;0.0
2030-07-04 18:00:00;209.9522463872727;0.0;0.0;0.0;0.0;0.0;0.0;0.0
2030-07-04 19:00:00;209.9084204547498;0.0;0.0;0.0;0.0;0.0;0.0;0.0
2030-07-04 20:00:00;209.8701950235399;0.0;0.0;0.0;0.0;0.0;0.0;0.0
2030-07-04 21:00:00;209.908316617704;0.0;0.0;0.0;0.0;0.0;0.0;0.0
2030-07-04 22:00:00;209.8532930321374;0.0;0.0;0.0;0.0;0.0;0.0;0.0
2030-07-04 23:00:00;209.8002992933385;0.0;0.0;0.0;0.0;0.0;0.0;0.0
2030-07-05 00:00:00;209.7908099271785;0.0;0.0;0.0;0.0;0.0;0.0;0.0
2030-07-05 01:00:00;209.8148632764178;0.0;0.0;0.0;0.0;0.0;0.0;0.0
2030-07-05 02:00:00;209.755143576712;0.0;0.0;0.0;0.0;0.0;0.0;0.0
2030-07-05 03:00:00;209.6503518999328;0.0;0.0;0.0;0.0;0.0;0.0;0.0
2030-07-05 04:00:00;209.7398493847294;0.0;0.0;0.0;0.0;0.0;0.0;0.0
2030-07-05 05:00:00;209.8108337291214;0.0;0.0;0.0;0.0;0.0;0.0;0.0
2030-07-05 06:00:00;209.6354998527909;0.0;0.0;0.0;0.0;0.0;0.0;0.0
2030-07-05 07:00:00;209.7017344897296;0.0;0.0;0.0;0.0;0.0;0.0;0.0
2030-07-05 08:00:00;209.767928931683;0.0;0.0;0.0;0.0;0.0;0.0;0.0
2030-07-05 09:00:00;209.7915836806494;0.0;0.0;0.0;0.0;0.0;0.0;0.0
2030-07-05 10:00:00;194.1193578594948;0.0;0.0;0.0;0.0;0.0;0.0;0.0
2030-07-05 11:00:00;194.1086425462771;0.0;0.0;0.0;0.0;0.0;0.0;0.0
2030-07-05 12:00:00;203.4046440293579;0.0;0.0;0.0;0.0;0.0;0.0;0.0
2030-07-05 13:00:00;194.103011898725;0.0;0.0;0.0;0.0;0.0;0.0;0.0
2030-07-05 14:00:00;194.0505842393053;0.0;0.0;0.0;0.0;0.0;0.0;0.0
2030-07-05 15:00:00;194.1626880538631;0.0;0.0;0.0;0.0;0.0;0.0;0.0
2030-07-05 16:00:00;194.1941037846131;0.0;0.0;0.0;0.0;0.0;0.0;0.0
2030-07-05 17:00:00;209.9806876890957;0.0;0.0;0.0;0.0;0.0;0.0;0.0
2030-07-05 18:00:00;210.0409734681806;0.0;0.0;0.0;0.0;0.0;0.0;0.0
2030-07-05 19:00:00;210.1094590243073;0.0;0.0;0.0;0.0;0.0;0.0;0.0
2030-07-05 20:00:00;210.0652009956903;0.0;0.0;0.0;0.0;0.0;0.0;0.0
2030-07-05 21:00:00;209.7365098513509;0.0;0.0;0.0;0.0;0.0;0.0;0.0
2030-07-05 22:00:00;209.8760869384976;0.0;0.0;0.0;0.0;0.0;0.0;0.0
2030-07-05 23:00:00;209.6587292048274;0.0;0.0;0.0;0.0;0.0;0.0;0.0
2030-07-06 00:00:00;209.5031712613625;0.0;0.0;0.0;0.0;0.0;0.0;0.0
2030-07-06 01:00:00;209.4902251264496;0.0;0.0;0.0;0.0;0.0;0.0;0.0
2030-07-06 02:00:00;209.4193647165961;0.0;0.0;0.0;0.0;0.0;0.0;0.0
2030-07-06 03:00:00;209.3596818622937;0.0;0.0;0.0;0.0;0.0;0.0;0.0
2030-07-06 04:00:00;209.399016005187;0.0;0.0;0.0;0.0;0.0;0.0;0.0
2030-07-06 05:00:00;209.3083830120501;0.0;0.0;0.0;0.0;0.0;0.0;0.0
2030-07-06 06:00:00;209.3011077196747;0.0;0.0;0.0;0.0;0.0;0.0;0.0
2030-07-06 07:00:00;209.4325419726757;0.0;0.0;0.0;0.0;0.0;0.0;0.0
2030-07-06 08:00:00;209.452465287155;0.0;0.0;0.0;0.0;0.0;0.0;0.0
2030-07-06 09:00:00;200.1048333452002;0.0;0.0;0.0;0.0;0.0;0.0;0.0
2030-07-06 10:00:00;193.9749238782668;0.0;0.0;0.0;0.0;0.0;0.0;0.0
2030-07-06 11:00:00;193.9762503127883;0.0;0.0;0.0;0.0;0.0;0.0;0.0
2030-07-06 12:00:00;193.9834921093424;0.0;0.0;0.0;0.0;0.0;0.0;0.0
2030-07-06 13:00:00;194.0021090867929;0.0;0.0;0.0;0.0;0.0;0.0;0.0
2030-07-06 14:00:00;193.9914038223216;0.0;0.0;0.0;0.0;0.0;0.0;0.0
2030-07-06 15:00:00;194.0206557230188;0.0;0.0;0.0;0.0;0.0;0.0;0.0
2030-07-06 16:00:00;209.509190460441;0.0;0.0;0.0;0.0;0.0;0.0;0.0
2030-07-06 17:00:00;209.747797943112;0.0;0.0;0.0;0.0;0.0;0.0;0.0
2030-07-06 18:00:00;209.7890480469808;0.0;0.0;0.0;0.0;0.0;0.0;0.0
2030-07-06 19:00:00;209.7957170649915;0.0;0.0;0.0;0.0;0.0;0.0;0.0
2030-07-06 20:00:00;209.665981050128;0.0;0.0;0.0;0.0;0.0;0.0;0.0
2030-07-06 21:00:00;209.6200817262697;0.0;0.0;0.0;0.0;0.0;0.0;0.0
2030-07-06 22:00:00;209.7128450536381;0.0;0.0;0.0;0.0;0.0;0.0;0.0
2030-07-06 23:00:00;209.7071139186224;0.0;0.0;0.0;0.0;0.0;0.0;0.0
2030-07-07 00:00:00;209.0527897984235;0.0;0.0;0.0;0.0;0.0;0.0;0.0
2030-07-07 01:00:00;208.823524300299;0.0;0.0;0.0;0.0;0.0;0.0;0.0
2030-07-07 02:00:00;208.6651192120279;0.0;0.0;0.0;0.0;0.0;0.0;0.0
2030-07-07 03:00:00;208.4553214852137;0.0;0.0;0.0;0.0;0.0;0.0;0.0
2030-07-07 04:00:00;208.4349660746402;0.0;0.0;0.0;0.0;0.0;0.0;0.0
2030-07-07 05:00:00;208.4514326203666;0.0;0.0;0.0;0.0;0.0;0.0;0.0
2030-07-07 06:00:00;208.4748528985842;0.0;0.0;0.0;0.0;0.0;0.0;0.0
2030-07-07 07:00:00;205.1192348266428;0.0;0.0;0.0;0.0;0.0;0.0;0.0
2030-07-07 08:00:00;198.7268688523088;0.0;0.0;0.0;0.0;0.0;0.0;0.0
2030-07-07 09:00:00;193.6525299483223;0.0;0.0;0.0;0.0;0.0;0.0;0.0
2030-07-07 10:00:00;193.6862166957529;0.0;0.0;0.0;0.0;0.0;0.0;0.0
2030-07-07 11:00:00;193.6902428934672;0.0;0.0;0.0;0.0;0.0;0.0;0.0
2030-07-07 12:00:00;193.6808372668603;0.0;0.0;0.0;0.0;0.0;0.0;0.0
2030-07-07 13:00:00;193.6819258810509;0.0;0.0;0.0;0.0;0.0;0.0;0.0
2030-07-07 14:00:00;193.6489190987916;0.0;0.0;0.0;0.0;0.0;0.0;0.0
2030-07-07 15:00:00;193.6668460623243;0.0;0.0;0.0;0.0;0.0;0.0;0.0
2030-07-07 16:00:00;193.7879703015447;0.0;0.0;0.0;0.0;0.0;0.0;0.0
2030-07-07 17:00:00;209.0884929942933;0.0;0.0;0.0;0.0;0.0;0.0;0.0
2030-07-07 18:00:00;209.1643576798414;0.0;0.0;0.0;0.0;0.0;0.0;0.0
2030-07-07 19:00:00;209.4021344661454;0.0;0.0;0.0;0.0;0.0;0.0;0.0
2030-07-07 20:00:00;209.4808228494247;0.0;0.0;0.0;0.0;0.0;0.0;0.0
2030-07-07 21:00:00;209.0159912891988;0.0;0.0;0.0;0.0;0.0;0.0;0.0
2030-07-07 22:00:00;209.0226636567917;0.0;0.0;0.0;0.0;0.0;0.0;0.0
2030-07-07 23:00:00;208.9910603494428;0.0;0.0;0.0;0.0;0.0;0.0;0.0
2030-07-08 00:00:00;209.1536189195488;0.0;0.0;0.0;0.0;0.0;0.0;0.0
2030-07-08 01:00:00;209.1978602002551;0.0;0.0;0.0;0.0;0.0;0.0;0.0
2030-07-08 02:00:00;209.2072222822944;0.0;0.0;0.0;0.0;0.0;0.0;0.0
2030-07-08 03:00:00;209.2574626645866;0.0;0.0;0.0;0.0;0.0;0.0;0.0
2030-07-08 04:00:00;209.3155544673797;0.0;0.0;0.0;0.0;0.0;0.0;0.0
2030-07-08 05:00:00;209.5074185314969;0.0;0.0;0.0;0.0;0.0;0.0;0.0
2030-07-08 06:00:00;209.7395613206667;0.0;0.0;0.0;0.0;0.0;0.0;0.0
2030-07-08 07:00:00;209.8369403722033;0.0;0.0;0.0;0.0;0.0;0.0;0.0
2030-07-08 08:00:00;210.0347197983533;0.0;0.0;0.0;0.0;0.0;0.0;0.0
2030-07-08 09:00:00;194.2484675025011;0.0;0.0;0.0;0.0;0.0;0.0;0.0
2030-07-08 10:00:00;194.2114077258706;0.0;0.0;0.0;0.0;0.0;0.0;0.0
2030-07-08 11:00:00;194.2261827326238;0.0;0.0;0.0;0.0;0.0;0.0;0.0
2030-07-08 12:00:00;194.2698177389655;0.0;0.0;0.0;0.0;0.0;0.0;0.0
2030-07-08 13:00:00;194.2716030662381;0.0;0.0;0.0;0.0;0.0;0.0;0.0
2030-07-08 14:00:00;194.2307917576277;0.0;0.0;0.0;0.0;0.0;0.0;0.0
2030-07-08 15:00:00;194.230507043147;0.0;0.0;0.0;0.0;0.0;0.0;0.0
2030-07-08 16:00:00;194.2411017714084;0.0;0.0;0.0;0.0;0.0;0.0;0.0
2030-07-08 17:00:00;210.0384009891086;0.0;0.0;0.0;0.0;0.0;0.0;0.0
2030-07-08 18:00:00;210.0009660592802;0.0;0.0;0.0;0.0;0.0;0.0;0.0
2030-07-08 19:00:00;210.0413218247216;0.0;0.0;0.0;0.0;0.0;0.0;0.0
2030-07-08 20:00:00;209.9621142562128;0.0;0.0;0.0;0.0;0.0;0.0;0.0
2030-07-08 21:00:00;210.0071795341219;0.0;0.0;0.0;0.0;0.0;0.0;0.0
2030-07-08 22:00:00;209.8872544453022;0.0;0.0;0.0;0.0;0.0;0.0;0.0
2030-07-08 23:00:00;209.8882794174325;0.0;0.0;0.0;0.0;0.0;0.0;0.0
2030-07-09 00:00:00;209.8757586794494;0.0;0.0;0.0;0.0;0.0;0.0;0.0
2030-07-09 01:00:00;209.9465554472424;0.0;0.0;0.0;0.0;0.0;0.0;0.0
2030-07-09 02:00:00;209.9278312831639;0.0;0.0;0.0;0.0;0.0;0.0;0.0
2030-07-09 03:00:00;209.9613338035777;0.0;0.0;0.0;0.0;0.0;0.0;0.0
2030-07-09 04:00:00;210.0093065187712;0.0;0.0;0.0;0.0;0.0;0.0;0.0
2030-07-09 05:00:00;210.0420855294461;0.0;0.0;0.0;0.0;0.0;0.0;0.0
2030-07-09 06:00:00;210.125882025466;0.0;0.0;0.0;0.0;0.0;0.0;0.0
2030-07-09 07:00:00;210.1983535843214;0.0;0.0;0.0;0.0;0.0;0.0;0.0
2030-07-09 08:00:00;210.2062552485542;0.0;0.0;0.0;0.0;0.0;0.0;0.0
2030-07-09 09:00:00;210.1504545599346;0.0;0.0;0.0;0.0;0.0;0.0;0.0
2030-07-09 10:00:00;210.1536299637891;0.0;0.0;0.0;0.0;0.0;0.0;0.0
2030-07-09 11:00:00;210.1565173035808;0.0;0.0;0.0;0.0;0.0;0.0;0.0
2030-07-09 12:00:00;210.4837580788601;0.0;0.0;0.0;0.0;0.0;0.0;0.0
2030-07-09 13:00:00;194.6897950449563;0.0;0.0;0.0;0.0;0.0;0.0;0.0
2030-07-09 14:00:00;194.2387905597421;0.0;0.0;0.0;0.0;0.0;0.0;0.0
2030-07-09 15:00:00;194.2886892846574;0.0;0.0;0.0;0.0;0.0;0.0;0.0
2030-07-09 16:00:00;194.5500806249424;0.0;0.0;0.0;0.0;0.0;0.0;0.0
2030-07-09 17:00:00;194.6161946769247;0.0;0.0;0.0;0.0;0.0;0.0;0.0
2030-07-09 18:00:00;194.7051796756562;0.0;0.0;0.0;0.0;0.0;0.0;0.0
2030-07-09 19:00:00;194.5753063279254;0.0;0.0;0.0;0.0;0.0;0.0;0.0
2030-07-09 20:00:00;194.5722984031772;0.0;0.0;0.0;0.0;0.0;0.0;0.0
2030-07-09 21:00:00;194.5042516423088;0.0;0.0;0.0;0.0;0.0;0.0;0.0
2030-07-09 22:00:00;194.5241280626383;0.0;0.0;0.0;0.0;0.0;0.0;0.0
2030-07-09 23:00:00;194.5448083826777;0.0;0.0;0.0;0.0;0.0;0.0;0.0
2030-07-10 00:00:00;194.2319373147145;0.0;0.0;0.0;0.0;0.0;0.0;0.0
2030-07-10 01:00:00;194.255488226635;0.0;0.0;0.0;0.0;0.0;0.0;0.0
2030-07-10 02:00:00;194.2655805175774;0.0;0.0;0.0;0.0;0.0;0.0;0.0
2030-07-10 03:00:00;194.2754885815031;0.0;0.0;0.0;0.0;0.0;0.0;0.0
2030-07-10 04:00:00;194.3156366728528;0.0;0.0;0.0;0.0;0.0;0.0;0.0
2030-07-10 05:00:00;194.4986444418316;0.0;0.0;0.0;0.0;0.0;0.0;0.0
2030-07-10 06:00:00;194.7094168970443;0.0;0.0;0.0;0.0;0.0;0.0;0.0
2030-07-10 07:00:00;194.8836588096021;0.0;0.0;0.0;0.0;0.0;0.0;0.0
2030-07-10 08:00:00;194.9012206686832;0.0;0.0;0.0;0.0;0.0;0.0;0.0
2030-07-10 09:00:00;194.8942635866098;0.0;0.0;0.0;0.0;0.0;0.0;0.0
2030-07-10 10:00:00;194.8410286778979;0.0;0.0;0.0;0.0;0.0;0.0;0.0
2030-07-10 11:00:00;194.8509936847196;0.0;0.0;0.0;0.0;0.0;0.0;0.0
2030-07-10 12:00:00;194.8855747705776;0.0;0.0;0.0;0.0;0.0;0.0;0.0
2030-07-10 13:00:00;194.9378516988018;0.0;0.0;0.0;0.0;0.0;0.0;0.0
2030-07-10 14:00:00;194.9078193454695;0.0;0.0;0.0;0.0;0.0;0.0;0.0
2030-07-10 15:00:00;194.9299366362405;0.0;0.0;0.0;0.0;0.0;0.0;0.0
2030-07-10 16:00:00;194.9684903264987;0.0;0.0;0.0;0.0;0.0;0.0;0.0
2030-07-10 17:00:00;194.9385216152268;0.0;0.0;0.0;0.0;0.0;0.0;0.0
2030-07-10 18:00:00;195.0534859729194;0.0;0.0;0.0;0.0;0.0;0.0;0.0
2030-07-10 19:00:00;211.0049731549955;0.0;0.0;0.0;0.0;0.0;0.0;0.0
2030-07-10 20:00:00;211.052892276875;0.0;0.0;0.0;0.0;0.0;0.0;0.0
2030-07-10 21:00:00;195.0495770105795;0.0;0.0;0.0;0.0;0.0;0.0;0.0
2030-07-10 22:00:00;210.77616320004;0.0;0.0;0.0;0.0;0.0;0.0;0.0
2030-07-10 23:00:00;210.6156947691799;0.0;0.0;0.0;0.0;0.0;0.0;0.0
2030-07-11 00:00:00;210.5887205843277;0.0;0.0;0.0;0.0;0.0;0.0;0.0
2030-07-11 01:00:00;210.5126549238521;0.0;0.0;0.0;0.0;0.0;0.0;0.0
2030-07-11 02:00:00;210.4178048068199;0.0;0.0;0.0;0.0;0.0;0.0;0.0
2030-07-11 03:00:00;210.352266882963;0.0;0.0;0.0;0.0;0.0;0.0;0.0
2030-07-11 04:00:00;210.4222061577321;0.0;0.0;0.0;0.0;0.0;0.0;0.0
2030-07-11 05:00:00;210.4095715339568;0.0;0.0;0.0;0.0;0.0;0.0;0.0
2030-07-11 06:00:00;210.2333031242132;0.0;0.0;0.0;0.0;0.0;0.0;0.0
2030-07-11 07:00:00;210.327148366608;0.0;0.0;0.0;0.0;0.0;0.0;0.0
2030-07-11 08:00:00;194.4177553830962;0.0;0.0;0.0;0.0;0.0;0.0;0.0
2030-07-11 09:00:00;194.3936919851105;0.0;0.0;0.0;0.0;0.0;0.0;0.0
2030-07-11 10:00:00;194.4034526674226;0.0;0.0;0.0;0.0;0.0;0.0;0.0
2030-07-11 11:00:00;194.3181622577749;0.0;0.0;0.0;0.0;0.0;0.0;0.0
2030-07-11 12:00:00;194.3369768605708;0.0;0.0;0.0;0.0;0.0;0.0;0.0
2030-07-11 13:00:00;194.3317113174704;0.0;0.0;0.0;0.0;0.0;0.0;0.0
2030-07-11 14:00:00;194.5367559872493;0.0;0.0;0.0;0.0;0.0;0.0;0.0
2030-07-11 15:00:00;194.5212842674142;0.0;0.0;0.0;0.0;0.0;0.0;0.0
2030-07-11 16:00:00;194.4623249228508;0.0;0.0;0.0;0.0;0.0;0.0;0.0
2030-07-11 17:00:00;194.5083012870978;0.0;0.0;0.0;0.0;0.0;0.0;0.0
2030-07-11 18:00:00;194.614834746582;0.0;0.0;0.0;0.0;0.0;0.0;0.0
2030-07-11 19:00:00;210.384998999488;0.0;0.0;0.0;0.0;0.0;0.0;0.0
2030-07-11 20:00:00;210.4443569443243;0.0;0.0;0.0;0.0;0.0;0.0;0.0
2030-07-11 21:00:00;205.2554120879327;0.0;0.0;0.0;0.0;0.0;0.0;0.0
2030-07-11 22:00:00;194.5203731810763;0.0;0.0;0.0;0.0;0.0;0.0;0.0
2030-07-11 23:00:00;194.4500922489305;0.0;0.0;0.0;0.0;0.0;0.0;0.0
2030-07-12 00:00:00;194.2985638527618;0.0;0.0;0.0;0.0;0.0;0.0;0.0
2030-07-12 01:00:00;194.4246086281237;0.0;0.0;0.0;0.0;0.0;0.0;0.0
2030-07-12 02:00:00;194.4093211353056;0.0;0.0;0.0;0.0;0.0;0.0;0.0
2030-07-12 03:00:00;194.432386357818;0.0;0.0;0.0;0.0;0.0;0.0;0.0
2030-07-12 04:00:00;194.5137343093045;0.0;0.0;0.0;0.0;0.0;0.0;0.0
2030-07-12 05:00:00;194.5888821842778;0.0;0.0;0.0;0.0;0.0;0.0;0.0
2030-07-12 06:00:00;194.9275014900357;0.0;0.0;0.0;0.0;0.0;0.0;0.0
2030-07-12 07:00:00;195.0787920658734;0.0;0.0;0.0;0.0;0.0;0.0;0.0
2030-07-12 08:00:00;195.1257800039223;0.0;0.0;0.0;0.0;0.0;0.0;0.0
2030-07-12 09:00:00;195.0305714816025;0.0;0.0;0.0;0.0;0.0;0.0;0.0
2030-07-12 10:00:00;194.9729385715607;0.0;0.0;0.0;0.0;0.0;0.0;0.0
2030-07-12 11:00:00;194.9748411342076;0.0;0.0;0.0;0.0;0.0;0.0;0.0
2030-07-12 12:00:00;195.0823459725079;0.0;0.0;0.0;0.0;0.0;0.0;0.0
2030-07-12 13:00:00;195.1219279844786;0.0;0.0;0.0;0.0;0.0;0.0;0.0
2030-07-12 14:00:00;195.077388590963;0.0;0.0;0.0;0.0;0.0;0.0;0.0
2030-07-12 15:00:00;194.9295815805353;0.0;0.0;0.0;0.0;0.0;0.0;0.0
2030-07-12 16:00:00;194.7990316172153;0.0;0.0;0.0;0.0;0.0;0.0;0.0
2030-07-12 17:00:00;194.8043273065548;0.0;0.0;0.0;0.0;0.0;0.0;0.0
2030-07-12 18:00:00;194.8896813582628;0.0;0.0;0.0;0.0;0.0;0.0;0.0
2030-07-12 19:00:00;194.8320283507281;0.0;0.0;0.0;0.0;0.0;0.0;0.0
2030-07-12 20:00:00;194.860359116341;0.0;0.0;0.0;0.0;0.0;0.0;0.0
2030-07-12 21:00:00;194.7810343124579;0.0;0.0;0.0;0.0;0.0;0.0;0.0
2030-07-12 22:00:00;194.6883714725532;0.0;0.0;0.0;0.0;0.0;0.0;0.0
2030-07-12 23:00:00;194.5787296008571;0.0;0.0;0.0;0.0;0.0;0.0;0.0
2030-07-13 00:00:00;194.2075389585163;0.0;0.0;0.0;0.0;0.0;0.0;0.0
2030-07-13 01:00:00;194.2285944317538;0.0;0.0;0.0;0.0;0.0;0.0;0.0
2030-07-13 02:00:00;194.2079777537746;0.0;0.0;0.0;0.0;0.0;0.0;0.0
2030-07-13 03:00:00;194.2028026493916;0.0;0.0;0.0;0.0;0.0;0.0;0.0
2030-07-13 04:00:00;194.2241696337666;0.0;0.0;0.0;0.0;0.0;0.0;0.0
2030-07-13 05:00:00;194.2218349750256;0.0;0.0;0.0;0.0;0.0;0.0;0.0
2030-07-13 06:00:00;194.3246303008582;0.0;0.0;0.0;0.0;0.0;0.0;0.0
2030-07-13 07:00:00;194.3479299941195;0.0;0.0;0.0;0.0;0.0;0.0;0.0
2030-07-13 08:00:00;194.4525843380314;0.0;0.0;0.0;0.0;0.0;0.0;0.0
2030-07-13 09:00:00;194.4608444075515;0.0;0.0;0.0;0.0;0.0;0.0;0.0
2030-07-13 10:00:00;194.3194283998182;0.0;0.0;0.0;0.0;0.0;0.0;0.0
2030-07-13 11:00:00;194.3207347368469;0.0;0.0;0.0;0.0;0.0;0.0;0.0
2030-07-13 12:00:00;194.2973647023611;0.0;0.0;0.0;0.0;0.0;0.0;0.0
2030-07-13 13:00:00;194.2741018545033;0.0;0.0;0.0;0.0;0.0;0.0;0.0
2030-07-13 14:00:00;194.2362214302522;0.0;0.0;0.0;0.0;0.0;0.0;0.0
2030-07-13 15:00:00;194.2264406504474;0.0;0.0;0.0;0.0;0.0;0.0;0.0
2030-07-13 16:00:00;194.2621773421385;0.0;0.0;0.0;0.0;0.0;0.0;0.0
2030-07-13 17:00:00;194.2726782821003;0.0;0.0;0.0;0.0;0.0;0.0;0.0
2030-07-13 18:00:00;194.2736999046484;0.0;0.0;0.0;0.0;0.0;0.0;0.0
2030-07-13 19:00:00;194.2810053432629;0.0;0.0;0.0;0.0;0.0;0.0;0.0
2030-07-13 20:00:00;210.0522247145383;0.0;0.0;0.0;0.0;0.0;0.0;0.0
2030-07-13 21:00:00;209.4997714355056;0.0;0.0;0.0;0.0;0.0;0.0;0.0
2030-07-13 22:00:00;209.9084740480639;0.0;0.0;0.0;0.0;0.0;0.0;0.0
2030-07-13 23:00:00;209.7253456941284;0.0;0.0;0.0;0.0;0.0;0.0;0.0
2030-07-14 00:00:00;194.0818157430383;0.0;0.0;0.0;0.0;0.0;0.0;0.0
2030-07-14 01:00:00;193.9094261493955;0.0;0.0;0.0;0.0;0.0;0.0;0.0
2030-07-14 02:00:00;193.822022153427;0.0;0.0;0.0;0.0;0.0;0.0;0.0
2030-07-14 03:00:00;193.7915644031648;0.0;0.0;0.0;0.0;0.0;0.0;0.0
2030-07-14 04:00:00;193.815507216194;0.0;0.0;0.0;0.0;0.0;0.0;0.0
2030-07-14 05:00:00;193.8463937129682;0.0;0.0;0.0;0.0;0.0;0.0;0.0
2030-07-14 06:00:00;193.9295403900558;0.0;0.0;0.0;0.0;0.0;0.0;0.0
2030-07-14 07:00:00;193.9877226315663;0.0;0.0;0.0;0.0;0.0;0.0;0.0
2030-07-14 08:00:00;198.1027144183093;0.0;0.0;0.0;0.0;0.0;0.0;0.0
2030-07-14 09:00:00;194.016157234225;0.0;0.0;0.0;0.0;0.0;0.0;0.0
2030-07-14 10:00:00;194.0205183901516;0.0;0.0;0.0;0.0;0.0;0.0;0.0
2030-07-14 11:00:00;194.0248895948247;0.0;0.0;0.0;0.0;0.0;0.0;0.0
2030-07-14 12:00:00;193.9986623667863;0.0;0.0;0.0;0.0;0.0;0.0;0.0
2030-07-14 13:00:00;193.9658766569474;0.0;0.0;0.0;0.0;0.0;0.0;0.0
2030-07-14 14:00:00;193.9533961139497;0.0;0.0;0.0;0.0;0.0;0.0;0.0
2030-07-14 15:00:00;193.9585712183328;0.0;0.0;0.0;0.0;0.0;0.0;0.0
2030-07-14 16:00:00;193.9216554737337;0.0;0.0;0.0;0.0;0.0;0.0;0.0
2030-07-14 17:00:00;193.9405102715151;0.0;0.0;0.0;0.0;0.0;0.0;0.0
2030-07-14 18:00:00;193.9160851186599;0.0;0.0;0.0;0.0;0.0;0.0;0.0
2030-07-14 19:00:00;209.1849174149244;0.0;0.0;0.0;0.0;0.0;0.0;0.0
2030-07-14 20:00:00;209.1999235428441;0.0;0.0;0.0;0.0;0.0;0.0;0.0
2030-07-14 21:00:00;209.24077504644;0.0;0.0;0.0;0.0;0.0;0.0;0.0
2030-07-14 22:00:00;209.168259943017;0.0;0.0;0.0;0.0;0.0;0.0;0.0
2030-07-14 23:00:00;209.1037737879474;0.0;0.0;0.0;0.0;0.0;0.0;0.0
2030-07-15 00:00:00;207.9731390895804;0.0;0.0;0.0;0.0;0.0;0.0;0.0
2030-07-15 01:00:00;199.7139538591289;0.0;0.0;0.0;0.0;0.0;0.0;0.0
2030-07-15 02:00:00;204.0530393891955;0.0;0.0;0.0;0.0;0.0;0.0;0.0
2030-07-15 03:00:00;194.0675833685893;0.0;0.0;0.0;0.0;0.0;0.0;0.0
2030-07-15 04:00:00;194.2179729068355;0.0;0.0;0.0;0.0;0.0;0.0;0.0
2030-07-15 05:00:00;194.3114563943608;0.0;0.0;0.0;0.0;0.0;0.0;0.0
2030-07-15 06:00:00;194.4196914415644;0.0;0.0;0.0;0.0;0.0;0.0;0.0
2030-07-15 07:00:00;194.6854673848509;0.0;0.0;0.0;0.0;0.0;0.0;0.0
2030-07-15 08:00:00;194.497287861071;0.0;0.0;0.0;0.0;0.0;0.0;0.0
2030-07-15 09:00:00;194.5191773802576;0.0;0.0;0.0;0.0;0.0;0.0;0.0
2030-07-15 10:00:00;194.5453744620569;0.0;0.0;0.0;0.0;0.0;0.0;0.0
2030-07-15 11:00:00;194.5254444484133;0.0;0.0;0.0;0.0;0.0;0.0;0.0
2030-07-15 12:00:00;194.534414629344;0.0;0.0;0.0;0.0;0.0;0.0;0.0
2030-07-15 13:00:00;194.5277992046472;0.0;0.0;0.0;0.0;0.0;0.0;0.0
2030-07-15 14:00:00;194.432175334144;0.0;0.0;0.0;0.0;0.0;0.0;0.0
2030-07-15 15:00:00;194.4279146656811;0.0;0.0;0.0;0.0;0.0;0.0;0.0
2030-07-15 16:00:00;194.5549408686057;0.0;0.0;0.0;0.0;0.0;0.0;0.0
2030-07-15 17:00:00;194.5755709449132;0.0;0.0;0.0;0.0;0.0;0.0;0.0
2030-07-15 18:00:00;194.6846601355587;0.0;0.0;0.0;0.0;0.0;0.0;0.0
2030-07-15 19:00:00;210.5168552998368;0.0;0.0;0.0;0.0;0.0;0.0;0.0
2030-07-15 20:00:00;210.5151771591922;0.0;0.0;0.0;0.0;0.0;0.0;0.0
2030-07-15 21:00:00;204.8353510423888;0.0;0.0;0.0;0.0;0.0;0.0;0.0
2030-07-15 22:00:00;194.4517670399929;0.0;0.0;0.0;0.0;0.0;0.0;0.0
2030-07-15 23:00:00;201.9073104782796;0.0;0.0;0.0;0.0;0.0;0.0;0.0
2030-07-16 00:00:00;194.1219872814629;0.0;0.0;0.0;0.0;0.0;0.0;0.0
2030-07-16 01:00:00;194.0309288913961;0.0;0.0;0.0;0.0;0.0;0.0;0.0
2030-07-16 02:00:00;207.2312300959783;0.0;0.0;0.0;0.0;0.0;0.0;0.0
2030-07-16 03:00:00;209.7493856450392;0.0;0.0;0.0;0.0;0.0;0.0;0.0
2030-07-16 04:00:00;209.6497188289113;0.0;0.0;0.0;0.0;0.0;0.0;0.0
2030-07-16 05:00:00;201.1750583299437;0.0;0.0;0.0;0.0;0.0;0.0;0.0
2030-07-16 06:00:00;208.4222443617298;0.0;0.0;0.0;0.0;0.0;0.0;0.0
2030-07-16 07:00:00;194.7007046339372;0.0;0.0;0.0;0.0;0.0;0.0;0.0
2030-07-16 08:00:00;194.6367309649328;0.0;0.0;0.0;0.0;0.0;0.0;0.0
2030-07-16 09:00:00;194.7001318553939;0.0;0.0;0.0;0.0;0.0;0.0;0.0
2030-07-16 10:00:00;194.5967637510178;0.0;0.0;0.0;0.0;0.0;0.0;0.0
2030-07-16 11:00:00;194.5621960634883;0.0;0.0;0.0;0.0;0.0;0.0;0.0
2030-07-16 12:00:00;194.6627304213867;0.0;0.0;0.0;0.0;0.0;0.0;0.0
2030-07-16 13:00:00;194.5657198238837;0.0;0.0;0.0;0.0;0.0;0.0;0.0
2030-07-16 14:00:00;194.5900277413646;0.0;0.0;0.0;0.0;0.0;0.0;0.0
2030-07-16 15:00:00;194.755383212545;0.0;0.0;0.0;0.0;0.0;0.0;0.0
2030-07-16 16:00:00;194.8115423064519;0.0;0.0;0.0;0.0;0.0;0.0;0.0
2030-07-16 17:00:00;194.7857974182395;0.0;0.0;0.0;0.0;0.0;0.0;0.0
2030-07-16 18:00:00;194.8502098825024;0.0;0.0;0.0;0.0;0.0;0.0;0.0
2030-07-16 19:00:00;194.8836755575127;0.0;0.0;0.0;0.0;0.0;0.0;0.0
2030-07-16 20:00:00;194.8645058990117;0.0;0.0;0.0;0.0;0.0;0.0;0.0
2030-07-16 21:00:00;194.8816758569842;0.0;0.0;0.0;0.0;0.0;0.0;0.0
2030-07-16 22:00:00;194.8314421738563;0.0;0.0;0.0;0.0;0.0;0.0;0.0
2030-07-16 23:00:00;194.7639212973815;0.0;0.0;0.0;0.0;0.0;0.0;0.0
2030-07-17 00:00:00;194.2986542914793;0.0;0.0;0.0;0.0;0.0;0.0;0.0
2030-07-17 01:00:00;194.2916034211062;0.0;0.0;0.0;0.0;0.0;0.0;0.0
2030-07-17 02:00:00;194.262485503694;0.0;0.0;0.0;0.0;0.0;0.0;0.0
2030-07-17 03:00:00;194.234928491552;0.0;0.0;0.0;0.0;0.0;0.0;0.0
2030-07-17 04:00:00;194.285433490832;0.0;0.0;0.0;0.0;0.0;0.0;0.0
2030-07-17 05:00:00;194.309691164581;0.0;0.0;0.0;0.0;0.0;0.0;0.0
2030-07-17 06:00:00;194.4290736210964;0.0;0.0;0.0;0.0;0.0;0.0;0.0
2030-07-17 07:00:00;194.658985588571;0.0;0.0;0.0;0.0;0.0;0.0;0.0
2030-07-17 08:00:00;194.6826805325229;0.0;0.0;0.0;0.0;0.0;0.0;0.0
2030-07-17 09:00:00;194.6750099894567;0.0;0.0;0.0;0.0;0.0;0.0;0.0
2030-07-17 10:00:00;194.5840420381073;0.0;0.0;0.0;0.0;0.0;0.0;0.0
2030-07-17 11:00:00;194.5595800398488;0.0;0.0;0.0;0.0;0.0;0.0;0.0
2030-07-17 12:00:00;194.4680460091202;0.0;0.0;0.0;0.0;0.0;0.0;0.0
2030-07-17 13:00:00;194.4425188437459;0.0;0.0;0.0;0.0;0.0;0.0;0.0
2030-07-17 14:00:00;194.4623249228508;0.0;0.0;0.0;0.0;0.0;0.0;0.0
2030-07-17 15:00:00;194.5310282018156;0.0;0.0;0.0;0.0;0.0;0.0;0.0
2030-07-17 16:00:00;194.3940570895621;0.0;0.0;0.0;0.0;0.0;0.0;0.0
2030-07-17 17:00:00;194.6814579350473;0.0;0.0;0.0;0.0;0.0;0.0;0.0
2030-07-17 18:00:00;194.7868156912055;0.0;0.0;0.0;0.0;0.0;0.0;0.0
2030-07-17 19:00:00;194.4782789825119;0.0;0.0;0.0;0.0;0.0;0.0;0.0
2030-07-17 20:00:00;194.4706821302525;0.0;0.0;0.0;0.0;0.0;0.0;0.0
2030-07-17 21:00:00;194.5999893986042;0.0;0.0;0.0;0.0;0.0;0.0;0.0
2030-07-17 22:00:00;194.5374593994956;0.0;0.0;0.0;0.0;0.0;0.0;0.0
2030-07-17 23:00:00;194.6130025251596;0.0;0.0;0.0;0.0;0.0;0.0;0.0
2030-07-18 00:00:00;194.6208304985856;0.0;0.0;0.0;0.0;0.0;0.0;0.0
2030-07-18 01:00:00;194.3546090608766;0.0;0.0;0.0;0.0;0.0;0.0;0.0
2030-07-18 02:00:00;194.3723852932137;0.0;0.0;0.0;0.0;0.0;0.0;0.0
2030-07-18 03:00:00;194.3149969026668;0.0;0.0;0.0;0.0;0.0;0.0;0.0
2030-07-18 04:00:00;194.2838323905763;0.0;0.0;0.0;0.0;0.0;0.0;0.0
2030-07-18 05:00:00;194.2977499043054;0.0;0.0;0.0;0.0;0.0;0.0;0.0
2030-07-18 06:00:00;194.3799988933837;0.0;0.0;0.0;0.0;0.0;0.0;0.0
2030-07-18 07:00:00;194.5347294900637;0.0;0.0;0.0;0.0;0.0;0.0;0.0
2030-07-18 08:00:00;194.6297705332771;0.0;0.0;0.0;0.0;0.0;0.0;0.0
2030-07-18 09:00:00;194.5408190303669;0.0;0.0;0.0;0.0;0.0;0.0;0.0
2030-07-18 10:00:00;194.3320864706684;0.0;0.0;0.0;0.0;0.0;0.0;0.0
2030-07-18 11:00:00;194.3177971533234;0.0;0.0;0.0;0.0;0.0;0.0;0.0
2030-07-18 12:00:00;194.3665101261664;0.0;0.0;0.0;0.0;0.0;0.0;0.0
2030-07-18 13:00:00;194.427562959558;0.0;0.0;0.0;0.0;0.0;0.0;0.0
2030-07-18 14:00:00;194.3938762121273;0.0;0.0;0.0;0.0;0.0;0.0;0.0
2030-07-18 15:00:00;194.3553526681083;0.0;0.0;0.0;0.0;0.0;0.0;0.0
2030-07-18 16:00:00;194.3689955161032;0.0;0.0;0.0;0.0;0.0;0.0;0.0
2030-07-18 17:00:00;194.4368948953582;0.0;0.0;0.0;0.0;0.0;0.0;0.0
2030-07-18 18:00:00;194.5110211477833;0.0;0.0;0.0;0.0;0.0;0.0;0.0
2030-07-18 19:00:00;194.5657198238837;0.0;0.0;0.0;0.0;0.0;0.0;0.0
2030-07-18 20:00:00;194.5097047620082;0.0;0.0;0.0;0.0;0.0;0.0;0.0
2030-07-18 21:00:00;194.5082376450375;0.0;0.0;0.0;0.0;0.0;0.0;0.0
2030-07-18 22:00:00;194.4395176181619;0.0;0.0;0.0;0.0;0.0;0.0;0.0
2030-07-18 23:00:00;194.3386550012154;0.0;0.0;0.0;0.0;0.0;0.0;0.0
2030-07-19 00:00:00;194.3974167204334;0.0;0.0;0.0;0.0;0.0;0.0;0.0
2030-07-19 01:00:00;194.3595764911678;0.0;0.0;0.0;0.0;0.0;0.0;0.0
2030-07-19 02:00:00;194.4175443594223;0.0;0.0;0.0;0.0;0.0;0.0;0.0
2030-07-19 03:00:00;194.4050872634996;0.0;0.0;0.0;0.0;0.0;0.0;0.0
2030-07-19 04:00:00;194.4065074863205;0.0;0.0;0.0;0.0;0.0;0.0;0.0
2030-07-19 05:00:00;194.4725310995855;0.0;0.0;0.0;0.0;0.0;0.0;0.0
2030-07-19 06:00:00;194.6731576705417;0.0;0.0;0.0;0.0;0.0;0.0;0.0
2030-07-19 07:00:00;194.6991035336816;0.0;0.0;0.0;0.0;0.0;0.0;0.0
2030-07-19 08:00:00;194.7518661513138;0.0;0.0;0.0;0.0;0.0;0.0;0.0
2030-07-19 09:00:00;194.6929972454677;0.0;0.0;0.0;0.0;0.0;0.0;0.0
2030-07-19 10:00:00;194.6522897739031;0.0;0.0;0.0;0.0;0.0;0.0;0.0
2030-07-19 11:00:00;194.6713924407618;0.0;0.0;0.0;0.0;0.0;0.0;0.0
2030-07-19 12:00:00;194.7650936511252;0.0;0.0;0.0;0.0;0.0;0.0;0.0
2030-07-19 13:00:00;194.6696607068032;0.0;0.0;0.0;0.0;0.0;0.0;0.0
2030-07-19 14:00:00;194.5692804296826;0.0;0.0;0.0;0.0;0.0;0.0;0.0
2030-07-19 15:00:00;194.5404204300941;0.0;0.0;0.0;0.0;0.0;0.0;0.0
2030-07-19 16:00:00;194.5713906664213;0.0;0.0;0.0;0.0;0.0;0.0;0.0
2030-07-19 17:00:00;194.5835396007886;0.0;0.0;0.0;0.0;0.0;0.0;0.0
2030-07-19 18:00:00;194.7157141114391;0.0;0.0;0.0;0.0;0.0;0.0;0.0
2030-07-19 19:00:00;194.6110765154377;0.0;0.0;0.0;0.0;0.0;0.0;0.0
2030-07-19 20:00:00;194.5821629225352;0.0;0.0;0.0;0.0;0.0;0.0;0.0
2030-07-19 21:00:00;194.560337045409;0.0;0.0;0.0;0.0;0.0;0.0;0.0
2030-07-19 22:00:00;194.5003895741187;0.0;0.0;0.0;0.0;0.0;0.0;0.0
2030-07-19 23:00:00;194.4706486344313;0.0;0.0;0.0;0.0;0.0;0.0;0.0
2030-07-20 00:00:00;194.4579905635811;0.0;0.0;0.0;0.0;0.0;0.0;0.0
2030-07-20 01:00:00;194.196270964248;0.0;0.0;0.0;0.0;0.0;0.0;0.0
2030-07-20 02:00:00;194.149708423129;0.0;0.0;0.0;0.0;0.0;0.0;0.0
2030-07-20 03:00:00;194.1777008809472;0.0;0.0;0.0;0.0;0.0;0.0;0.0
2030-07-20 04:00:00;194.1320896211517;0.0;0.0;0.0;0.0;0.0;0.0;0.0
2030-07-20 05:00:00;194.0770459380924;0.0;0.0;0.0;0.0;0.0;0.0;0.0
2030-07-20 06:00:00;194.1840416399097;0.0;0.0;0.0;0.0;0.0;0.0;0.0
2030-07-20 07:00:00;194.1865906719068;0.0;0.0;0.0;0.0;0.0;0.0;0.0
2030-07-20 08:00:00;194.2631855663581;0.0;0.0;0.0;0.0;0.0;0.0;0.0
2030-07-20 09:00:00;194.2679620704683;0.0;0.0;0.0;0.0;0.0;0.0;0.0
2030-07-20 10:00:00;194.2580808031997;0.0;0.0;0.0;0.0;0.0;0.0;0.0
2030-07-20 11:00:00;194.2470975234119;0.0;0.0;0.0;0.0;0.0;0.0;0.0
2030-07-20 12:00:00;194.2357893341581;0.0;0.0;0.0;0.0;0.0;0.0;0.0
2030-07-20 13:00:00;194.1238161533031;0.0;0.0;0.0;0.0;0.0;0.0;0.0
2030-07-20 14:00:00;194.1330911462071;0.0;0.0;0.0;0.0;0.0;0.0;0.0
2030-07-20 15:00:00;194.2697038531733;0.0;0.0;0.0;0.0;0.0;0.0;0.0
2030-07-20 16:00:00;194.2986006981652;0.0;0.0;0.0;0.0;0.0;0.0;0.0
2030-07-20 17:00:00;194.2661131011353;0.0;0.0;0.0;0.0;0.0;0.0;0.0
2030-07-20 18:00:00;194.2577123491659;0.0;0.0;0.0;0.0;0.0;0.0;0.0
2030-07-20 19:00:00;194.2424918479902;0.0;0.0;0.0;0.0;0.0;0.0;0.0
2030-07-20 20:00:00;194.2344361029797;0.0;0.0;0.0;0.0;0.0;0.0;0.0
2030-07-20 21:00:00;194.2208702953735;0.0;0.0;0.0;0.0;0.0;0.0;0.0
2030-07-20 22:00:00;194.2167469597778;0.0;0.0;0.0;0.0;0.0;0.0;0.0
2030-07-20 23:00:00;194.2073245852603;0.0;0.0;0.0;0.0;0.0;0.0;0.0
2030-07-21 00:00:00;194.2207430112528;0.0;0.0;0.0;0.0;0.0;0.0;0.0
2030-07-21 01:00:00;194.1057920518887;0.0;0.0;0.0;0.0;0.0;0.0;0.0
2030-07-21 02:00:00;194.0765501999379;0.0;0.0;0.0;0.0;0.0;0.0;0.0
2030-07-21 03:00:00;194.0018980631191;0.0;0.0;0.0;0.0;0.0;0.0;0.0
2030-07-21 04:00:00;193.9137270128439;0.0;0.0;0.0;0.0;0.0;0.0;0.0
2030-07-21 05:00:00;193.92101905313;0.0;0.0;0.0;0.0;0.0;0.0;0.0
2030-07-21 06:00:00;193.9102903415838;0.0;0.0;0.0;0.0;0.0;0.0;0.0
2030-07-21 07:00:00;193.9317310167655;0.0;0.0;0.0;0.0;0.0;0.0;0.0
2030-07-21 08:00:00;194.0659253254375;0.0;0.0;0.0;0.0;0.0;0.0;0.0
2030-07-21 09:00:00;193.9628084397209;0.0;0.0;0.0;0.0;0.0;0.0;0.0
2030-07-21 10:00:00;193.9260367271532;0.0;0.0;0.0;0.0;0.0;0.0;0.0
2030-07-21 11:00:00;193.8943597289975;0.0;0.0;0.0;0.0;0.0;0.0;0.0
2030-07-21 12:00:00;193.8736090677334;0.0;0.0;0.0;0.0;0.0;0.0;0.0
2030-07-21 13:00:00;193.8201564361835;0.0;0.0;0.0;0.0;0.0;0.0;0.0
2030-07-21 14:00:00;193.8232983442166;0.0;0.0;0.0;0.0;0.0;0.0;0.0
2030-07-21 15:00:00;193.8072940408236;0.0;0.0;0.0;0.0;0.0;0.0;0.0
2030-07-21 16:00:00;193.8845153071322;0.0;0.0;0.0;0.0;0.0;0.0;0.0
2030-07-21 17:00:00;193.9785179798869;0.0;0.0;0.0;0.0;0.0;0.0;0.0
2030-07-21 18:00:00;209.6643397548867;0.0;0.0;0.0;0.0;0.0;0.0;0.0
2030-07-21 19:00:00;209.7517537996016;0.0;0.0;0.0;0.0;0.0;0.0;0.0
2030-07-21 20:00:00;209.8874989647973;0.0;0.0;0.0;0.0;0.0;0.0;0.0
2030-07-21 21:00:00;209.7744639664087;0.0;0.0;0.0;0.0;0.0;0.0;0.0
2030-07-21 22:00:00;209.7804396209197;0.0;0.0;0.0;0.0;0.0;0.0;0.0
2030-07-21 23:00:00;209.7211486677259;0.0;0.0;0.0;0.0;0.0;0.0;0.0
2030-07-22 00:00:00;209.7214601788635;0.0;0.0;0.0;0.0;0.0;0.0;0.0
2030-07-22 01:00:00;209.9424589083036;0.0;0.0;0.0;0.0;0.0;0.0;0.0
2030-07-22 02:00:00;209.9648575639732;0.0;0.0;0.0;0.0;0.0;0.0;0.0
2030-07-22 03:00:00;209.6914881180094;0.0;0.0;0.0;0.0;0.0;0.0;0.0
2030-07-22 04:00:00;209.6485766214066;0.0;0.0;0.0;0.0;0.0;0.0;0.0
2030-07-22 05:00:00;209.7202911747019;0.0;0.0;0.0;0.0;0.0;0.0;0.0
2030-07-22 06:00:00;209.9112106566599;0.0;0.0;0.0;0.0;0.0;0.0;0.0
2030-07-22 07:00:00;209.902391206925;0.0;0.0;0.0;0.0;0.0;0.0;0.0
2030-07-22 08:00:00;209.8350679557955;0.0;0.0;0.0;0.0;0.0;0.0;0.0
2030-07-22 09:00:00;200.7352447986089;0.0;0.0;0.0;0.0;0.0;0.0;0.0
2030-07-22 10:00:00;194.1876189936192;0.0;0.0;0.0;0.0;0.0;0.0;0.0
2030-07-22 11:00:00;194.1541097740411;0.0;0.0;0.0;0.0;0.0;0.0;0.0
2030-07-22 12:00:00;194.153838457889;0.0;0.0;0.0;0.0;0.0;0.0;0.0
2030-07-22 13:00:00;194.117297866488;0.0;0.0;0.0;0.0;0.0;0.0;0.0
2030-07-22 14:00:00;194.1161422606549;0.0;0.0;0.0;0.0;0.0;0.0;0.0
2030-07-22 15:00:00;194.1303511880288;0.0;0.0;0.0;0.0;0.0;0.0;0.0
2030-07-22 16:00:00;209.7722364942956;0.0;0.0;0.0;0.0;0.0;0.0;0.0
2030-07-22 17:00:00;209.841810664613;0.0;0.0;0.0;0.0;0.0;0.0;0.0
2030-07-22 18:00:00;209.9353711925272;0.0;0.0;0.0;0.0;0.0;0.0;0.0
2030-07-22 19:00:00;210.1704381668921;0.0;0.0;0.0;0.0;0.0;0.0;0.0
2030-07-22 20:00:00;210.2845818769641;0.0;0.0;0.0;0.0;0.0;0.0;0.0
2030-07-22 21:00:00;210.2925572320036;0.0;0.0;0.0;0.0;0.0;0.0;0.0
2030-07-22 22:00:00;210.2618449134999;0.0;0.0;0.0;0.0;0.0;0.0;0.0
2030-07-22 23:00:00;210.239195039171;0.0;0.0;0.0;0.0;0.0;0.0;0.0
2030-07-23 00:00:00;208.1984252841404;0.0;0.0;0.0;0.0;0.0;0.0;0.0
2030-07-23 01:00:00;198.278262667896;0.0;0.0;0.0;0.0;0.0;0.0;0.0
2030-07-23 02:00:00;203.3033962104669;0.0;0.0;0.0;0.0;0.0;0.0;0.0
2030-07-23 03:00:00;194.1710117654437;0.0;0.0;0.0;0.0;0.0;0.0;0.0
2030-07-23 04:00:00;195.0268500958617;0.0;0.0;0.0;0.0;0.0;0.0;0.0
2030-07-23 05:00:00;194.1920906857559;0.0;0.0;0.0;0.0;0.0;0.0;0.0
2030-07-23 06:00:00;205.0398865756848;0.0;0.0;0.0;0.0;0.0;0.0;0.0
2030-07-23 07:00:00;194.2556557057412;0.0;0.0;0.0;0.0;0.0;0.0;0.0
2030-07-23 08:00:00;194.3638773546163;0.0;0.0;0.0;0.0;0.0;0.0;0.0
2030-07-23 09:00:00;194.3931928973739;0.0;0.0;0.0;0.0;0.0;0.0;0.0
2030-07-23 10:00:00;194.4128850906864;0.0;0.0;0.0;0.0;0.0;0.0;0.0
2030-07-23 11:00:00;194.2864417150517;0.0;0.0;0.0;0.0;0.0;0.0;0.0
2030-07-23 12:00:00;194.2571094243835;0.0;0.0;0.0;0.0;0.0;0.0;0.0
2030-07-23 13:00:00;194.2576420079413;0.0;0.0;0.0;0.0;0.0;0.0;0.0
2030-07-23 14:00:00;194.2430914231905;0.0;0.0;0.0;0.0;0.0;0.0;0.0
2030-07-23 15:00:00;194.1211967800814;0.0;0.0;0.0;0.0;0.0;0.0;0.0
2030-07-23 16:00:00;194.2353069943321;0.0;0.0;0.0;0.0;0.0;0.0;0.0
2030-07-23 17:00:00;194.2494321821531;0.0;0.0;0.0;0.0;0.0;0.0;0.0
2030-07-23 18:00:00;194.2637583449015;0.0;0.0;0.0;0.0;0.0;0.0;0.0
2030-07-23 19:00:00;194.2174771686811;0.0;0.0;0.0;0.0;0.0;0.0;0.0
2030-07-23 20:00:00;194.2223240140158;0.0;0.0;0.0;0.0;0.0;0.0;0.0
2030-07-23 21:00:00;194.2094415211632;0.0;0.0;0.0;0.0;0.0;0.0;0.0
2030-07-23 22:00:00;194.2191553093255;0.0;0.0;0.0;0.0;0.0;0.0;0.0
2030-07-23 23:00:00;194.1706265634994;0.0;0.0;0.0;0.0;0.0;0.0;0.0
2030-07-24 00:00:00;194.1718592097212;0.0;0.0;0.0;0.0;0.0;0.0;0.0
2030-07-24 01:00:00;194.192305059012;0.0;0.0;0.0;0.0;0.0;0.0;0.0
2030-07-24 02:00:00;194.213454320549;0.0;0.0;0.0;0.0;0.0;0.0;0.0
2030-07-24 03:00:00;194.2981719516532;0.0;0.0;0.0;0.0;0.0;0.0;0.0
2030-07-24 04:00:00;194.2678783309152;0.0;0.0;0.0;0.0;0.0;0.0;0.0
2030-07-24 05:00:00;194.267848184676;0.0;0.0;0.0;0.0;0.0;0.0;0.0
2030-07-24 06:00:00;194.2315923077556;0.0;0.0;0.0;0.0;0.0;0.0;0.0
2030-07-24 07:00:00;194.2027758527346;0.0;0.0;0.0;0.0;0.0;0.0;0.0
2030-07-24 08:00:00;194.1619544953778;0.0;0.0;0.0;0.0;0.0;0.0;0.0
2030-07-24 09:00:00;194.1383131447399;0.0;0.0;0.0;0.0;0.0;0.0;0.0
2030-07-24 10:00:00;194.1429255193259;0.0;0.0;0.0;0.0;0.0;0.0;0.0
2030-07-24 11:00:00;194.1899335548675;0.0;0.0;0.0;0.0;0.0;0.0;0.0
2030-07-24 12:00:00;194.1232936184916;0.0;0.0;0.0;0.0;0.0;0.0;0.0
2030-07-24 13:00:00;194.144265352176;0.0;0.0;0.0;0.0;0.0;0.0;0.0
2030-07-24 14:00:00;194.1077482078497;0.0;0.0;0.0;0.0;0.0;0.0;0.0
2030-07-24 15:00:00;193.9697085788983;0.0;0.0;0.0;0.0;0.0;0.0;0.0
2030-07-24 16:00:00;193.9137270128439;0.0;0.0;0.0;0.0;0.0;0.0;0.0
2030-07-24 17:00:00;193.9537210234159;0.0;0.0;0.0;0.0;0.0;0.0;0.0
2030-07-24 18:00:00;209.3492345156461;0.0;0.0;0.0;0.0;0.0;0.0;0.0
2030-07-24 19:00:00;209.3814072519563;0.0;0.0;0.0;0.0;0.0;0.0;0.0
2030-07-24 20:00:00;209.4294302108816;0.0;0.0;0.0;0.0;0.0;0.0;0.0
2030-07-24 21:00:00;209.492623427251;0.0;0.0;0.0;0.0;0.0;0.0;0.0
2030-07-24 22:00:00;209.5683608286783;0.0;0.0;0.0;0.0;0.0;0.0;0.0
2030-07-24 23:00:00;209.5735225347328;0.0;0.0;0.0;0.0;0.0;0.0;0.0
2030-07-25 00:00:00;209.6611743997785;0.0;0.0;0.0;0.0;0.0;0.0;0.0
2030-07-25 01:00:00;209.653413417995;0.0;0.0;0.0;0.0;0.0;0.0;0.0
2030-07-25 02:00:00;209.6920441486421;0.0;0.0;0.0;0.0;0.0;0.0;0.0
2030-07-25 03:00:00;209.6986729716674;0.0;0.0;0.0;0.0;0.0;0.0;0.0
2030-07-25 04:00:00;209.6894750191523;0.0;0.0;0.0;0.0;0.0;0.0;0.0
2030-07-25 05:00:00;209.9031013183354;0.0;0.0;0.0;0.0;0.0;0.0;0.0
2030-07-25 06:00:00;209.9338069376748;0.0;0.0;0.0;0.0;0.0;0.0;0.0
2030-07-25 07:00:00;209.9199463668418;0.0;0.0;0.0;0.0;0.0;0.0;0.0
2030-07-25 08:00:00;209.8469288260999;0.0;0.0;0.0;0.0;0.0;0.0;0.0
2030-07-25 09:00:00;209.7978808950443;0.0;0.0;0.0;0.0;0.0;0.0;0.0
2030-07-25 10:00:00;194.1789100800943;0.0;0.0;0.0;0.0;0.0;0.0;0.0
2030-07-25 11:00:00;194.1093828039266;0.0;0.0;0.0;0.0;0.0;0.0;0.0
2030-07-25 12:00:00;194.2158526213504;0.0;0.0;0.0;0.0;0.0;0.0;0.0
2030-07-25 13:00:00;194.1773123294207;0.0;0.0;0.0;0.0;0.0;0.0;0.0
2030-07-25 14:00:00;194.0205150405696;0.0;0.0;0.0;0.0;0.0;0.0;0.0
2030-07-25 15:00:00;194.0539874147442;0.0;0.0;0.0;0.0;0.0;0.0;0.0
2030-07-25 16:00:00;194.0705644966806;0.0;0.0;0.0;0.0;0.0;0.0;0.0
2030-07-25 17:00:00;209.6335001522622;0.0;0.0;0.0;0.0;0.0;0.0;0.0
2030-07-25 18:00:00;209.7388478596741;0.0;0.0;0.0;0.0;0.0;0.0;0.0
2030-07-25 19:00:00;209.6586253677815;0.0;0.0;0.0;0.0;0.0;0.0;0.0
2030-07-25 20:00:00;209.6113158698487;0.0;0.0;0.0;0.0;0.0;0.0;0.0
2030-07-25 21:00:00;209.8300569809365;0.0;0.0;0.0;0.0;0.0;0.0;0.0
2030-07-25 22:00:00;209.6109809116362;0.0;0.0;0.0;0.0;0.0;0.0;0.0
2030-07-25 23:00:00;209.5404688583238;0.0;0.0;0.0;0.0;0.0;0.0;0.0
2030-07-26 00:00:00;209.930916248301;0.0;0.0;0.0;0.0;0.0;0.0;0.0
2030-07-26 01:00:00;209.9033994311445;0.0;0.0;0.0;0.0;0.0;0.0;0.0
2030-07-26 02:00:00;210.0094036566529;0.0;0.0;0.0;0.0;0.0;0.0;0.0
2030-07-26 03:00:00;210.0752363437367;0.0;0.0;0.0;0.0;0.0;0.0;0.0
2030-07-26 04:00:00;210.0235053973989;0.0;0.0;0.0;0.0;0.0;0.0;0.0
2030-07-26 05:00:00;210.0848898394208;0.0;0.0;0.0;0.0;0.0;0.0;0.0
2030-07-26 06:00:00;210.0612987325148;0.0;0.0;0.0;0.0;0.0;0.0;0.0
2030-07-26 07:00:00;209.8578082688418;0.0;0.0;0.0;0.0;0.0;0.0;0.0
2030-07-26 08:00:00;209.5347980157863;0.0;0.0;0.0;0.0;0.0;0.0;0.0
2030-07-26 09:00:00;209.5781952017971;0.0;0.0;0.0;0.0;0.0;0.0;0.0
2030-07-26 10:00:00;194.1341194679194;0.0;0.0;0.0;0.0;0.0;0.0;0.0
2030-07-26 11:00:00;194.0835173307578;0.0;0.0;0.0;0.0;0.0;0.0;0.0
2030-07-26 12:00:00;193.9056913653262;0.0;0.0;0.0;0.0;0.0;0.0;0.0
2030-07-26 13:00:00;193.9153716576673;0.0;0.0;0.0;0.0;0.0;0.0;0.0
2030-07-26 14:00:00;193.9177666088866;0.0;0.0;0.0;0.0;0.0;0.0;0.0
2030-07-26 15:00:00;193.9545148743795;0.0;0.0;0.0;0.0;0.0;0.0;0.0
2030-07-26 16:00:00;193.9942710646206;0.0;0.0;0.0;0.0;0.0;0.0;0.0
2030-07-26 17:00:00;209.5434734334899;0.0;0.0;0.0;0.0;0.0;0.0;0.0
2030-07-26 18:00:00;209.4945092419874;0.0;0.0;0.0;0.0;0.0;0.0;0.0
2030-07-26 19:00:00;209.4070951972724;0.0;0.0;0.0;0.0;0.0;0.0;0.0
2030-07-26 20:00:00;209.5904546723744;0.0;0.0;0.0;0.0;0.0;0.0;0.0
2030-07-26 21:00:00;209.6862460219838;0.0;0.0;0.0;0.0;0.0;0.0;0.0
2030-07-26 22:00:00;209.7459255267042;0.0;0.0;0.0;0.0;0.0;0.0;0.0
2030-07-26 23:00:00;209.8337046758706;0.0;0.0;0.0;0.0;0.0;0.0;0.0
2030-07-27 00:00:00;210.1359810155728;0.0;0.0;0.0;0.0;0.0;0.0;0.0
2030-07-27 01:00:00;210.0463930920587;0.0;0.0;0.0;0.0;0.0;0.0;0.0
2030-07-27 02:00:00;210.1752012726738;0.0;0.0;0.0;0.0;0.0;0.0;0.0
2030-07-27 03:00:00;210.1749567531787;0.0;0.0;0.0;0.0;0.0;0.0;0.0
2030-07-27 04:00:00;210.1526518858086;0.0;0.0;0.0;0.0;0.0;0.0;0.0
2030-07-27 05:00:00;210.1493056532658;0.0;0.0;0.0;0.0;0.0;0.0;0.0
2030-07-27 06:00:00;210.2381298720553;0.0;0.0;0.0;0.0;0.0;0.0;0.0
2030-07-27 07:00:00;210.3783902739555;0.0;0.0;0.0;0.0;0.0;0.0;0.0
2030-07-27 08:00:00;210.3386642299536;0.0;0.0;0.0;0.0;0.0;0.0;0.0
2030-07-27 09:00:00;194.4784096162148;0.0;0.0;0.0;0.0;0.0;0.0;0.0
2030-07-27 10:00:00;194.4214265251051;0.0;0.0;0.0;0.0;0.0;0.0;0.0
2030-07-27 11:00:00;194.387300982416;0.0;0.0;0.0;0.0;0.0;0.0;0.0
2030-07-27 12:00:00;194.3583572432744;0.0;0.0;0.0;0.0;0.0;0.0;0.0
2030-07-27 13:00:00;194.2886624880005;0.0;0.0;0.0;0.0;0.0;0.0;0.0
2030-07-27 14:00:00;194.2715930174917;0.0;0.0;0.0;0.0;0.0;0.0;0.0
2030-07-27 15:00:00;194.3210629958951;0.0;0.0;0.0;0.0;0.0;0.0;0.0
2030-07-27 16:00:00;194.2187332619778;0.0;0.0;0.0;0.0;0.0;0.0;0.0
2030-07-27 17:00:00;210.0804013993734;0.0;0.0;0.0;0.0;0.0;0.0;0.0
2030-07-27 18:00:00;210.2374030127342;0.0;0.0;0.0;0.0;0.0;0.0;0.0
2030-07-27 19:00:00;210.2231203945534;0.0;0.0;0.0;0.0;0.0;0.0;0.0
2030-07-27 20:00:00;210.2203067455684;0.0;0.0;0.0;0.0;0.0;0.0;0.0
2030-07-27 21:00:00;210.2389069751083;0.0;0.0;0.0;0.0;0.0;0.0;0.0
2030-07-27 22:00:00;210.3060024546532;0.0;0.0;0.0;0.0;0.0;0.0;0.0
2030-07-27 23:00:00;210.241472755016;0.0;0.0;0.0;0.0;0.0;0.0;0.0
2030-07-28 00:00:00;209.7586204429577;0.0;0.0;0.0;0.0;0.0;0.0;0.0
2030-07-28 01:00:00;209.5077032459774;0.0;0.0;0.0;0.0;0.0;0.0;0.0
2030-07-28 02:00:00;209.5013256416116;0.0;0.0;0.0;0.0;0.0;0.0;0.0
2030-07-28 03:00:00;209.4631303566407;0.0;0.0;0.0;0.0;0.0;0.0;0.0
2030-07-28 04:00:00;209.4795098132318;0.0;0.0;0.0;0.0;0.0;0.0;0.0
2030-07-28 05:00:00;209.4701946253424;0.0;0.0;0.0;0.0;0.0;0.0;0.0
2030-07-28 06:00:00;209.5199158224052;0.0;0.0;0.0;0.0;0.0;0.0;0.0
2030-07-28 07:00:00;209.6151343934711;0.0;0.0;0.0;0.0;0.0;0.0;0.0
2030-07-28 08:00:00;209.6104449784962;0.0;0.0;0.0;0.0;0.0;0.0;0.0
2030-07-28 09:00:00;209.6561466770091;0.0;0.0;0.0;0.0;0.0;0.0;0.0
2030-07-28 10:00:00;194.0644448101383;0.0;0.0;0.0;0.0;0.0;0.0;0.0
2030-07-28 11:00:00;194.1896153445657;0.0;0.0;0.0;0.0;0.0;0.0;0.0
2030-07-28 12:00:00;194.1625004772642;0.0;0.0;0.0;0.0;0.0;0.0;0.0
2030-07-28 13:00:00;194.1567123993522;0.0;0.0;0.0;0.0;0.0;0.0;0.0
2030-07-28 14:00:00;194.2090161242334;0.0;0.0;0.0;0.0;0.0;0.0;0.0
2030-07-28 15:00:00;194.2803655730769;0.0;0.0;0.0;0.0;0.0;0.0;0.0
2030-07-28 16:00:00;194.366014388012;0.0;0.0;0.0;0.0;0.0;0.0;0.0
2030-07-28 17:00:00;210.3781759006995;0.0;0.0;0.0;0.0;0.0;0.0;0.0
2030-07-28 18:00:00;210.3229111452199;0.0;0.0;0.0;0.0;0.0;0.0;0.0
2030-07-28 19:00:00;210.3151903584219;0.0;0.0;0.0;0.0;0.0;0.0;0.0
2030-07-28 20:00:00;210.2555610974335;0.0;0.0;0.0;0.0;0.0;0.0;0.0
2030-07-28 21:00:00;210.2747642517559;0.0;0.0;0.0;0.0;0.0;0.0;0.0
2030-07-28 22:00:00;210.2622167171157;0.0;0.0;0.0;0.0;0.0;0.0;0.0
2030-07-28 23:00:00;210.2771893492144;0.0;0.0;0.0;0.0;0.0;0.0;0.0
2030-07-29 00:00:00;210.1681470527186;0.0;0.0;0.0;0.0;0.0;0.0;0.0
2030-07-29 01:00:00;210.4396943260064;0.0;0.0;0.0;0.0;0.0;0.0;0.0
2030-07-29 02:00:00;210.5084344503747;0.0;0.0;0.0;0.0;0.0;0.0;0.0
2030-07-29 03:00:00;210.4608301892149;0.0;0.0;0.0;0.0;0.0;0.0;0.0
2030-07-29 04:00:00;210.4824986359811;0.0;0.0;0.0;0.0;0.0;0.0;0.0
2030-07-29 05:00:00;210.5367585168233;0.0;0.0;0.0;0.0;0.0;0.0;0.0
2030-07-29 06:00:00;210.3585205527903;0.0;0.0;0.0;0.0;0.0;0.0;0.0
2030-07-29 07:00:00;210.4580332881405;0.0;0.0;0.0;0.0;0.0;0.0;0.0
2030-07-29 08:00:00;210.4477400222706;0.0;0.0;0.0;0.0;0.0;0.0;0.0
2030-07-29 09:00:00;210.4321644653895;0.0;0.0;0.0;0.0;0.0;0.0;0.0
2030-07-29 10:00:00;210.4784925357597;0.0;0.0;0.0;0.0;0.0;0.0;0.0
2030-07-29 11:00:00;194.6533348435262;0.0;0.0;0.0;0.0;0.0;0.0;0.0
2030-07-29 12:00:00;194.5637469200122;0.0;0.0;0.0;0.0;0.0;0.0;0.0
2030-07-29 13:00:00;194.5402931459733;0.0;0.0;0.0;0.0;0.0;0.0;0.0
2030-07-29 14:00:00;194.4718444352499;0.0;0.0;0.0;0.0;0.0;0.0;0.0
2030-07-29 15:00:00;194.4447932100088;0.0;0.0;0.0;0.0;0.0;0.0;0.0
2030-07-29 16:00:00;210.3263980602121;0.0;0.0;0.0;0.0;0.0;0.0;0.0
2030-07-29 17:00:00;210.3770068965379;0.0;0.0;0.0;0.0;0.0;0.0;0.0
2030-07-29 18:00:00;210.3756469661952;0.0;0.0;0.0;0.0;0.0;0.0;0.0
2030-07-29 19:00:00;210.3017953795042;0.0;0.0;0.0;0.0;0.0;0.0;0.0
2030-07-29 20:00:00;210.3232662009252;0.0;0.0;0.0;0.0;0.0;0.0;0.0
2030-07-29 21:00:00;210.2838114730754;0.0;0.0;0.0;0.0;0.0;0.0;0.0
2030-07-29 22:00:00;210.2425044263104;0.0;0.0;0.0;0.0;0.0;0.0;0.0
2030-07-29 23:00:00;210.3251687635721;0.0;0.0;0.0;0.0;0.0;0.0;0.0
2030-07-30 00:00:00;210.2735784996836;0.0;0.0;0.0;0.0;0.0;0.0;0.0
2030-07-30 01:00:00;210.2366259096811;0.0;0.0;0.0;0.0;0.0;0.0;0.0
2030-07-30 02:00:00;210.2212714252204;0.0;0.0;0.0;0.0;0.0;0.0;0.0
2030-07-30 03:00:00;210.2459678942277;0.0;0.0;0.0;0.0;0.0;0.0;0.0
2030-07-30 04:00:00;204.4943602324865;0.0;0.0;0.0;0.0;0.0;0.0;0.0
2030-07-30 05:00:00;201.8503173384235;0.0;0.0;0.0;0.0;0.0;0.0;0.0
2030-07-30 06:00:00;206.2711259731747;0.0;0.0;0.0;0.0;0.0;0.0;0.0
2030-07-30 07:00:00;194.4319107171563;0.0;0.0;0.0;0.0;0.0;0.0;0.0
2030-07-30 08:00:00;194.3998384683098;0.0;0.0;0.0;0.0;0.0;0.0;0.0
2030-07-30 09:00:00;194.3386550012154;0.0;0.0;0.0;0.0;0.0;0.0;0.0
2030-07-30 10:00:00;194.2748789575563;0.0;0.0;0.0;0.0;0.0;0.0;0.0
2030-07-30 11:00:00;194.2170685196617;0.0;0.0;0.0;0.0;0.0;0.0;0.0
2030-07-30 12:00:00;194.1737718211147;0.0;0.0;0.0;0.0;0.0;0.0;0.0
2030-07-30 13:00:00;194.1504620791071;0.0;0.0;0.0;0.0;0.0;0.0;0.0
2030-07-30 14:00:00;194.1691661456928;0.0;0.0;0.0;0.0;0.0;0.0;0.0
2030-07-30 15:00:00;194.2160401979494;0.0;0.0;0.0;0.0;0.0;0.0;0.0
2030-07-30 16:00:00;194.1766658600706;0.0;0.0;0.0;0.0;0.0;0.0;0.0
2030-07-30 17:00:00;194.2280049052997;0.0;0.0;0.0;0.0;0.0;0.0;0.0
2030-07-30 18:00:00;194.2451313187046;0.0;0.0;0.0;0.0;0.0;0.0;0.0
2030-07-30 19:00:00;194.2422406293308;0.0;0.0;0.0;0.0;0.0;0.0;0.0
2030-07-30 20:00:00;194.2440728507531;0.0;0.0;0.0;0.0;0.0;0.0;0.0
2030-07-30 21:00:00;194.2847334281679;0.0;0.0;0.0;0.0;0.0;0.0;0.0
2030-07-30 22:00:00;194.2798597861761;0.0;0.0;0.0;0.0;0.0;0.0;0.0
2030-07-30 23:00:00;194.2716097654023;0.0;0.0;0.0;0.0;0.0;0.0;0.0
2030-07-31 00:00:00;194.2678850300794;0.0;0.0;0.0;0.0;0.0;0.0;0.0
2030-07-31 01:00:00;194.2794142917535;0.0;0.0;0.0;0.0;0.0;0.0;0.0
2030-07-31 02:00:00;194.2747282263607;0.0;0.0;0.0;0.0;0.0;0.0;0.0
2030-07-31 03:00:00;194.2592029132115;0.0;0.0;0.0;0.0;0.0;0.0;0.0
2030-07-31 04:00:00;194.2559370706397;0.0;0.0;0.0;0.0;0.0;0.0;0.0
2030-07-31 05:00:00;194.2665418476473;0.0;0.0;0.0;0.0;0.0;0.0;0.0
2030-07-31 06:00:00;194.1471225457285;0.0;0.0;0.0;0.0;0.0;0.0;0.0
2030-07-31 07:00:00;194.1892803863531;0.0;0.0;0.0;0.0;0.0;0.0;0.0
2030-07-31 08:00:00;194.1532757280921;0.0;0.0;0.0;0.0;0.0;0.0;0.0
2030-07-31 09:00:00;194.1666338616064;0.0;0.0;0.0;0.0;0.0;0.0;0.0
2030-07-31 10:00:00;194.1518421069426;0.0;0.0;0.0;0.0;0.0;0.0;0.0
2030-07-31 11:00:00;194.1872103446;0.0;0.0;0.0;0.0;0.0;0.0;0.0
2030-07-31 12:00:00;194.2122953651337;0.0;0.0;0.0;0.0;0.0;0.0;0.0
2030-07-31 13:00:00;194.1292726225846;0.0;0.0;0.0;0.0;0.0;0.0;0.0
2030-07-31 14:00:00;194.1747867444985;0.0;0.0;0.0;0.0;0.0;0.0;0.0
2030-07-31 15:00:00;194.1754332138486;0.0;0.0;0.0;0.0;0.0;0.0;0.0
2030-07-31 16:00:00;194.2023236591477;0.0;0.0;0.0;0.0;0.0;0.0;0.0
2030-07-31 17:00:00;194.1320594749126;0.0;0.0;0.0;0.0;0.0;0.0;0.0
2030-07-31 18:00:00;194.1954335687167;0.0;0.0;0.0;0.0;0.0;0.0;0.0
2030-07-31 19:00:00;194.1814155675237;0.0;0.0;0.0;0.0;0.0;0.0;0.0
2030-07-31 20:00:00;209.827172990727;0.0;0.0;0.0;0.0;0.0;0.0;0.0
2030-07-31 21:00:00;209.2074735009538;0.0;0.0;0.0;0.0;0.0;0.0;0.0
2030-07-31 22:00:00;209.8074339032647;0.0;0.0;0.0;0.0;0.0;0.0;0.0
2030-07-31 23:00:00;209.7936805190596;0.0;0.0;0.0;0.0;0.0;0.0;0.0
2030-08-01 00:00:00;209.7545607494222;0.0;0.0;0.0;0.0;0.0;0.0;0.0
2030-08-01 01:00:00;209.737049134073;0.0;0.0;0.0;0.0;0.0;0.0;0.0
2030-08-01 02:00:00;209.7488128664958;0.0;0.0;0.0;0.0;0.0;0.0;0.0
2030-08-01 03:00:00;209.8083483391847;0.0;0.0;0.0;0.0;0.0;0.0;0.0
2030-08-01 04:00:00;209.8055078935428;0.0;0.0;0.0;0.0;0.0;0.0;0.0
2030-08-01 05:00:00;209.9514960808768;0.0;0.0;0.0;0.0;0.0;0.0;0.0
2030-08-01 06:00:00;210.1203753124526;0.0;0.0;0.0;0.0;0.0;0.0;0.0
2030-08-01 07:00:00;210.2711299551503;0.0;0.0;0.0;0.0;0.0;0.0;0.0
2030-08-01 08:00:00;210.3433971894962;0.0;0.0;0.0;0.0;0.0;0.0;0.0
2030-08-01 09:00:00;208.6133983144366;0.0;0.0;0.0;0.0;0.0;0.0;0.0
2030-08-01 10:00:00;204.7517689196249;0.0;0.0;0.0;0.0;0.0;0.0;0.0
2030-08-01 11:00:00;194.4102623678826;0.0;0.0;0.0;0.0;0.0;0.0;0.0
2030-08-01 12:00:00;206.5772107877529;0.0;0.0;0.0;0.0;0.0;0.0;0.0
2030-08-01 13:00:00;194.4128850906864;0.0;0.0;0.0;0.0;0.0;0.0;0.0
2030-08-01 14:00:00;194.4423647629682;0.0;0.0;0.0;0.0;0.0;0.0;0.0
2030-08-01 15:00:00;194.3797141789031;0.0;0.0;0.0;0.0;0.0;0.0;0.0
2030-08-01 16:00:00;194.3685969158304;0.0;0.0;0.0;0.0;0.0;0.0;0.0
2030-08-01 17:00:00;210.2414861533445;0.0;0.0;0.0;0.0;0.0;0.0;0.0
2030-08-01 18:00:00;210.2254550532944;0.0;0.0;0.0;0.0;0.0;0.0;0.0
2030-08-01 19:00:00;210.1794016486585;0.0;0.0;0.0;0.0;0.0;0.0;0.0
2030-08-01 20:00:00;210.1443583204672;0.0;0.0;0.0;0.0;0.0;0.0;0.0
2030-08-01 21:00:00;210.1690112449069;0.0;0.0;0.0;0.0;0.0;0.0;0.0
2030-08-01 22:00:00;210.1558440375737;0.0;0.0;0.0;0.0;0.0;0.0;0.0
2030-08-01 23:00:00;210.2249928109612;0.0;0.0;0.0;0.0;0.0;0.0;0.0
2030-08-02 00:00:00;210.0820560929431;0.0;0.0;0.0;0.0;0.0;0.0;0.0
2030-08-02 01:00:00;209.9219594656989;0.0;0.0;0.0;0.0;0.0;0.0;0.0
2030-08-02 02:00:00;209.9091841594743;0.0;0.0;0.0;0.0;0.0;0.0;0.0
2030-08-02 03:00:00;209.9438255378105;0.0;0.0;0.0;0.0;0.0;0.0;0.0
2030-08-02 04:00:00;209.912151889237;0.0;0.0;0.0;0.0;0.0;0.0;0.0
2030-08-02 05:00:00;209.9581282534841;0.0;0.0;0.0;0.0;0.0;0.0;0.0
2030-08-02 06:00:00;209.9420971534341;0.0;0.0;0.0;0.0;0.0;0.0;0.0
2030-08-02 07:00:00;209.9811331835182;0.0;0.0;0.0;0.0;0.0;0.0;0.0
2030-08-02 08:00:00;210.0467012536142;0.0;0.0;0.0;0.0;0.0;0.0;0.0
2030-08-02 09:00:00;194.2783055800701;0.0;0.0;0.0;0.0;0.0;0.0;0.0
2030-08-02 10:00:00;194.29036407572;0.0;0.0;0.0;0.0;0.0;0.0;0.0
2030-08-02 11:00:00;194.2934054962894;0.0;0.0;0.0;0.0;0.0;0.0;0.0
2030-08-02 12:00:00;194.2792066176617;0.0;0.0;0.0;0.0;0.0;0.0;0.0
2030-08-02 13:00:00;194.2379196683895;0.0;0.0;0.0;0.0;0.0;0.0;0.0
2030-08-02 14:00:00;194.2365463397184;0.0;0.0;0.0;0.0;0.0;0.0;0.0
2030-08-02 15:00:00;194.2318066810116;0.0;0.0;0.0;0.0;0.0;0.0;0.0
2030-08-02 16:00:00;194.2525305456186;0.0;0.0;0.0;0.0;0.0;0.0;0.0
2030-08-02 17:00:00;194.2558566806687;0.0;0.0;0.0;0.0;0.0;0.0;0.0
2030-08-02 18:00:00;210.0338924515684;0.0;0.0;0.0;0.0;0.0;0.0;0.0
2030-08-02 19:00:00;209.9597092562471;0.0;0.0;0.0;0.0;0.0;0.0;0.0
2030-08-02 20:00:00;209.9514692842197;0.0;0.0;0.0;0.0;0.0;0.0;0.0
2030-08-02 21:00:00;209.91936018997;0.0;0.0;0.0;0.0;0.0;0.0;0.0
2030-08-02 22:00:00;209.7786073994973;0.0;0.0;0.0;0.0;0.0;0.0;0.0
2030-08-02 23:00:00;209.7251447192009;0.0;0.0;0.0;0.0;0.0;0.0;0.0
2030-08-03 00:00:00;209.6032165802706;0.0;0.0;0.0;0.0;0.0;0.0;0.0
2030-08-03 01:00:00;209.5016505510777;0.0;0.0;0.0;0.0;0.0;0.0;0.0
2030-08-03 02:00:00;209.6594393162379;0.0;0.0;0.0;0.0;0.0;0.0;0.0
2030-08-03 03:00:00;209.6863733061046;0.0;0.0;0.0;0.0;0.0;0.0;0.0
2030-08-03 04:00:00;209.5361947915324;0.0;0.0;0.0;0.0;0.0;0.0;0.0
2030-08-03 05:00:00;209.5900024787876;0.0;0.0;0.0;0.0;0.0;0.0;0.0
2030-08-03 06:00:00;209.8539830460551;0.0;0.0;0.0;0.0;0.0;0.0;0.0
2030-08-03 07:00:00;209.9373005518311;0.0;0.0;0.0;0.0;0.0;0.0;0.0
2030-08-03 08:00:00;194.340011581976;0.0;0.0;0.0;0.0;0.0;0.0;0.0
2030-08-03 09:00:00;194.2509562420199;0.0;0.0;0.0;0.0;0.0;0.0;0.0
2030-08-03 10:00:00;194.2682970286807;0.0;0.0;0.0;0.0;0.0;0.0;0.0
2030-08-03 11:00:00;194.2339269664967;0.0;0.0;0.0;0.0;0.0;0.0;0.0
2030-08-03 12:00:00;194.2658585328938;0.0;0.0;0.0;0.0;0.0;0.0;0.0
2030-08-03 13:00:00;194.2585966388469;0.0;0.0;0.0;0.0;0.0;0.0;0.0
2030-08-03 14:00:00;194.2098300726898;0.0;0.0;0.0;0.0;0.0;0.0;0.0
2030-08-03 15:00:00;194.2273584359497;0.0;0.0;0.0;0.0;0.0;0.0;0.0
2030-08-03 16:00:00;194.2820705103785;0.0;0.0;0.0;0.0;0.0;0.0;0.0
2030-08-03 17:00:00;194.3156735182561;0.0;0.0;0.0;0.0;0.0;0.0;0.0
2030-08-03 18:00:00;210.2826458184958;0.0;0.0;0.0;0.0;0.0;0.0;0.0
2030-08-03 19:00:00;210.231263228699;0.0;0.0;0.0;0.0;0.0;0.0;0.0
2030-08-03 20:00:00;210.1890618435068;0.0;0.0;0.0;0.0;0.0;0.0;0.0
2030-08-03 21:00:00;210.0911435092482;0.0;0.0;0.0;0.0;0.0;0.0;0.0
2030-08-03 22:00:00;210.0795506055136;0.0;0.0;0.0;0.0;0.0;0.0;0.0
2030-08-03 23:00:00;210.0342743039307;0.0;0.0;0.0;0.0;0.0;0.0;0.0
2030-08-04 00:00:00;209.9228002108122;0.0;0.0;0.0;0.0;0.0;0.0;0.0
2030-08-04 01:00:00;209.6194520048302;0.0;0.0;0.0;0.0;0.0;0.0;0.0
2030-08-04 02:00:00;209.4066229061929;0.0;0.0;0.0;0.0;0.0;0.0;0.0
2030-08-04 03:00:00;209.3837754065186;0.0;0.0;0.0;0.0;0.0;0.0;0.0
2030-08-04 04:00:00;209.4002687489019;0.0;0.0;0.0;0.0;0.0;0.0;0.0
2030-08-04 05:00:00;209.3925211654467;0.0;0.0;0.0;0.0;0.0;0.0;0.0
2030-08-04 06:00:00;209.4453206284824;0.0;0.0;0.0;0.0;0.0;0.0;0.0
2030-08-04 07:00:00;194.0321280417968;0.0;0.0;0.0;0.0;0.0;0.0;0.0
2030-08-04 08:00:00;194.0475461683179;0.0;0.0;0.0;0.0;0.0;0.0;0.0
2030-08-04 09:00:00;194.0225147410981;0.0;0.0;0.0;0.0;0.0;0.0;0.0
2030-08-04 10:00:00;193.950508774158;0.0;0.0;0.0;0.0;0.0;0.0;0.0
2030-08-04 11:00:00;193.8866221942889;0.0;0.0;0.0;0.0;0.0;0.0;0.0
2030-08-04 12:00:00;193.9115196382236;0.0;0.0;0.0;0.0;0.0;0.0;0.0
2030-08-04 13:00:00;193.8548681557443;0.0;0.0;0.0;0.0;0.0;0.0;0.0
2030-08-04 14:00:00;193.8689129535942;0.0;0.0;0.0;0.0;0.0;0.0;0.0
2030-08-04 15:00:00;193.9005598055108;0.0;0.0;0.0;0.0;0.0;0.0;0.0
2030-08-04 16:00:00;193.9595024021635;0.0;0.0;0.0;0.0;0.0;0.0;0.0
2030-08-04 17:00:00;209.6784816906183;0.0;0.0;0.0;0.0;0.0;0.0;0.0
2030-08-04 18:00:00;209.800741438179;0.0;0.0;0.0;0.0;0.0;0.0;0.0
2030-08-04 19:00:00;209.8561602744363;0.0;0.0;0.0;0.0;0.0;0.0;0.0
2030-08-04 20:00:00;209.9301089990089;0.0;0.0;0.0;0.0;0.0;0.0;0.0
2030-08-04 21:00:00;209.9534388385092;0.0;0.0;0.0;0.0;0.0;0.0;0.0
2030-08-04 22:00:00;209.9155785117509;0.0;0.0;0.0;0.0;0.0;0.0;0.0
2030-08-04 23:00:00;209.9424656074679;0.0;0.0;0.0;0.0;0.0;0.0;0.0
2030-08-05 00:00:00;209.9260191592343;0.0;0.0;0.0;0.0;0.0;0.0;0.0
2030-08-05 01:00:00;209.8459273010446;0.0;0.0;0.0;0.0;0.0;0.0;0.0
2030-08-05 02:00:00;209.8482083664717;0.0;0.0;0.0;0.0;0.0;0.0;0.0
2030-08-05 03:00:00;209.8611344038919;0.0;0.0;0.0;0.0;0.0;0.0;0.0
2030-08-05 04:00:00;209.8109945090635;0.0;0.0;0.0;0.0;0.0;0.0;0.0
2030-08-05 05:00:00;209.8795872518183;0.0;0.0;0.0;0.0;0.0;0.0;0.0
2030-08-05 06:00:00;209.7161041970457;0.0;0.0;0.0;0.0;0.0;0.0;0.0
2030-08-05 07:00:00;209.9174241315017;0.0;0.0;0.0;0.0;0.0;0.0;0.0
2030-08-05 08:00:00;194.2560476068498;0.0;0.0;0.0;0.0;0.0;0.0;0.0
2030-08-05 09:00:00;194.2407433661209;0.0;0.0;0.0;0.0;0.0;0.0;0.0
2030-08-05 10:00:00;194.2982389432957;0.0;0.0;0.0;0.0;0.0;0.0;0.0
2030-08-05 11:00:00;194.1891798988894;0.0;0.0;0.0;0.0;0.0;0.0;0.0
2030-08-05 12:00:00;194.1949378305622;0.0;0.0;0.0;0.0;0.0;0.0;0.0
2030-08-05 13:00:00;194.1802063683767;0.0;0.0;0.0;0.0;0.0;0.0;0.0
2030-08-05 14:00:00;194.2522759773771;0.0;0.0;0.0;0.0;0.0;0.0;0.0
2030-08-05 15:00:00;194.2683606707411;0.0;0.0;0.0;0.0;0.0;0.0;0.0
2030-08-05 16:00:00;194.3266902938651;0.0;0.0;0.0;0.0;0.0;0.0;0.0
2030-08-05 17:00:00;210.2223700881573;0.0;0.0;0.0;0.0;0.0;0.0;0.0
2030-08-05 18:00:00;210.2425546700424;0.0;0.0;0.0;0.0;0.0;0.0;0.0
2030-08-05 19:00:00;210.3977910536233;0.0;0.0;0.0;0.0;0.0;0.0;0.0
2030-08-05 20:00:00;210.262652162792;0.0;0.0;0.0;0.0;0.0;0.0;0.0
2030-08-05 21:00:00;210.2884573434827;0.0;0.0;0.0;0.0;0.0;0.0;0.0
2030-08-05 22:00:00;210.2083922819499;0.0;0.0;0.0;0.0;0.0;0.0;0.0
2030-08-05 23:00:00;210.1940962654406;0.0;0.0;0.0;0.0;0.0;0.0;0.0
2030-08-06 00:00:00;210.1742466417682;0.0;0.0;0.0;0.0;0.0;0.0;0.0
2030-08-06 01:00:00;210.2295113972478;0.0;0.0;0.0;0.0;0.0;0.0;0.0
2030-08-06 02:00:00;210.30699058138;0.0;0.0;0.0;0.0;0.0;0.0;0.0
2030-08-06 03:00:00;210.311870922536;0.0;0.0;0.0;0.0;0.0;0.0;0.0
2030-08-06 04:00:00;209.994153009238;0.0;0.0;0.0;0.0;0.0;0.0;0.0
2030-08-06 05:00:00;210.0617408773552;0.0;0.0;0.0;0.0;0.0;0.0;0.0
2030-08-06 06:00:00;210.3237518903333;0.0;0.0;0.0;0.0;0.0;0.0;0.0
2030-08-06 07:00:00;210.4592826822731;0.0;0.0;0.0;0.0;0.0;0.0;0.0
2030-08-06 08:00:00;210.5232496521134;0.0;0.0;0.0;0.0;0.0;0.0;0.0
2030-08-06 09:00:00;210.3487330738212;0.0;0.0;0.0;0.0;0.0;0.0;0.0
2030-08-06 10:00:00;194.5013475546064;0.0;0.0;0.0;0.0;0.0;0.0;0.0
2030-08-06 11:00:00;194.533074796494;0.0;0.0;0.0;0.0;0.0;0.0;0.0
2030-08-06 12:00:00;194.6419764105405;0.0;0.0;0.0;0.0;0.0;0.0;0.0
2030-08-06 13:00:00;194.6510537780991;0.0;0.0;0.0;0.0;0.0;0.0;0.0
2030-08-06 14:00:00;194.684613241409;0.0;0.0;0.0;0.0;0.0;0.0;0.0
2030-08-06 15:00:00;194.6612398573411;0.0;0.0;0.0;0.0;0.0;0.0;0.0
2030-08-06 16:00:00;210.477722131871;0.0;0.0;0.0;0.0;0.0;0.0;0.0
2030-08-06 17:00:00;210.5061868807688;0.0;0.0;0.0;0.0;0.0;0.0;0.0
2030-08-06 18:00:00;210.5420709540734;0.0;0.0;0.0;0.0;0.0;0.0;0.0
2030-08-06 19:00:00;210.5568593591552;0.0;0.0;0.0;0.0;0.0;0.0;0.0
2030-08-06 20:00:00;210.5697418520077;0.0;0.0;0.0;0.0;0.0;0.0;0.0
2030-08-06 21:00:00;210.5347889625338;0.0;0.0;0.0;0.0;0.0;0.0;0.0
2030-08-06 22:00:00;210.3787888742284;0.0;0.0;0.0;0.0;0.0;0.0;0.0
2030-08-06 23:00:00;210.3270445295621;0.0;0.0;0.0;0.0;0.0;0.0;0.0
2030-08-07 00:00:00;210.3407577187817;0.0;0.0;0.0;0.0;0.0;0.0;0.0
2030-08-07 01:00:00;210.1497444485241;0.0;0.0;0.0;0.0;0.0;0.0;0.0
2030-08-07 02:00:00;210.2047646845086;0.0;0.0;0.0;0.0;0.0;0.0;0.0
2030-08-07 03:00:00;210.2050594477356;0.0;0.0;0.0;0.0;0.0;0.0;0.0
2030-08-07 04:00:00;210.1673163563516;0.0;0.0;0.0;0.0;0.0;0.0;0.0
2030-08-07 05:00:00;210.1727091835728;0.0;0.0;0.0;0.0;0.0;0.0;0.0
2030-08-07 06:00:00;209.9429144514726;0.0;0.0;0.0;0.0;0.0;0.0;0.0
2030-08-07 07:00:00;210.1119511134083;0.0;0.0;0.0;0.0;0.0;0.0;0.0
2030-08-07 08:00:00;194.4594576805518;0.0;0.0;0.0;0.0;0.0;0.0;0.0
2030-08-07 09:00:00;194.3531184968309;0.0;0.0;0.0;0.0;0.0;0.0;0.0
2030-08-07 10:00:00;194.4474929732015;0.0;0.0;0.0;0.0;0.0;0.0;0.0
2030-08-07 11:00:00;194.3322606489389;0.0;0.0;0.0;0.0;0.0;0.0;0.0
2030-08-07 12:00:00;194.2900257679253;0.0;0.0;0.0;0.0;0.0;0.0;0.0
2030-08-07 13:00:00;194.2860732610179;0.0;0.0;0.0;0.0;0.0;0.0;0.0
2030-08-07 14:00:00;194.4398860721957;0.0;0.0;0.0;0.0;0.0;0.0;0.0
2030-08-07 15:00:00;194.3071421325838;0.0;0.0;0.0;0.0;0.0;0.0;0.0
2030-08-07 16:00:00;194.3747768948509;0.0;0.0;0.0;0.0;0.0;0.0;0.0
2030-08-07 17:00:00;194.685447287358;0.0;0.0;0.0;0.0;0.0;0.0;0.0
2030-08-07 18:00:00;194.6682170369074;0.0;0.0;0.0;0.0;0.0;0.0;0.0
2030-08-07 19:00:00;194.7149772033717;0.0;0.0;0.0;0.0;0.0;0.0;0.0
2030-08-07 20:00:00;194.513372554435;0.0;0.0;0.0;0.0;0.0;0.0;0.0
2030-08-07 21:00:00;194.2972876619723;0.0;0.0;0.0;0.0;0.0;0.0;0.0
2030-08-07 22:00:00;194.2864450646338;0.0;0.0;0.0;0.0;0.0;0.0;0.0
2030-08-07 23:00:00;194.2603551694625;0.0;0.0;0.0;0.0;0.0;0.0;0.0
2030-08-08 00:00:00;194.2472717016825;0.0;0.0;0.0;0.0;0.0;0.0;0.0
2030-08-08 01:00:00;194.3567025497047;0.0;0.0;0.0;0.0;0.0;0.0;0.0
2030-08-08 02:00:00;194.3414117073042;0.0;0.0;0.0;0.0;0.0;0.0;0.0
2030-08-08 03:00:00;194.3488511292038;0.0;0.0;0.0;0.0;0.0;0.0;0.0
2030-08-08 04:00:00;194.2292810960894;0.0;0.0;0.0;0.0;0.0;0.0;0.0
2030-08-08 05:00:00;194.1901646760341;0.0;0.0;0.0;0.0;0.0;0.0;0.0
2030-08-08 06:00:00;194.2034491187417;0.0;0.0;0.0;0.0;0.0;0.0;0.0
2030-08-08 07:00:00;194.2587239229676;0.0;0.0;0.0;0.0;0.0;0.0;0.0
2030-08-08 08:00:00;194.2968086717283;0.0;0.0;0.0;0.0;0.0;0.0;0.0
2030-08-08 09:00:00;194.2548719035239;0.0;0.0;0.0;0.0;0.0;0.0;0.0
2030-08-08 10:00:00;194.2347610124458;0.0;0.0;0.0;0.0;0.0;0.0;0.0
2030-08-08 11:00:00;194.2312573495431;0.0;0.0;0.0;0.0;0.0;0.0;0.0
2030-08-08 12:00:00;194.2140739932421;0.0;0.0;0.0;0.0;0.0;0.0;0.0
2030-08-08 13:00:00;194.125634976397;0.0;0.0;0.0;0.0;0.0;0.0;0.0
2030-08-08 14:00:00;194.2069561312265;0.0;0.0;0.0;0.0;0.0;0.0;0.0
2030-08-08 15:00:00;194.3018464432443;0.0;0.0;0.0;0.0;0.0;0.0;0.0
2030-08-08 16:00:00;194.2967751759072;0.0;0.0;0.0;0.0;0.0;0.0;0.0
2030-08-08 17:00:00;194.3100730169431;0.0;0.0;0.0;0.0;0.0;0.0;0.0
2030-08-08 18:00:00;210.2265570658136;0.0;0.0;0.0;0.0;0.0;0.0;0.0
2030-08-08 19:00:00;210.1668239677792;0.0;0.0;0.0;0.0;0.0;0.0;0.0
2030-08-08 20:00:00;210.1826674912303;0.0;0.0;0.0;0.0;0.0;0.0;0.0
2030-08-08 21:00:00;210.2513238760455;0.0;0.0;0.0;0.0;0.0;0.0;0.0
2030-08-08 22:00:00;210.190244245997;0.0;0.0;0.0;0.0;0.0;0.0;0.0
2030-08-08 23:00:00;210.1566445877015;0.0;0.0;0.0;0.0;0.0;0.0;0.0
2030-08-09 00:00:00;210.0697430290518;0.0;0.0;0.0;0.0;0.0;0.0;0.0
2030-08-09 01:00:00;210.0761340317462;0.0;0.0;0.0;0.0;0.0;0.0;0.0
2030-08-09 02:00:00;210.1187574642862;0.0;0.0;0.0;0.0;0.0;0.0;0.0
2030-08-09 03:00:00;210.0857037878772;0.0;0.0;0.0;0.0;0.0;0.0;0.0
2030-08-09 04:00:00;210.1113113432224;0.0;0.0;0.0;0.0;0.0;0.0;0.0
2030-08-09 05:00:00;210.1785642531273;0.0;0.0;0.0;0.0;0.0;0.0;0.0
2030-08-09 06:00:00;210.2531594470499;0.0;0.0;0.0;0.0;0.0;0.0;0.0
2030-08-09 07:00:00;210.3480363607392;0.0;0.0;0.0;0.0;0.0;0.0;0.0
2030-08-09 08:00:00;210.490319910243;0.0;0.0;0.0;0.0;0.0;0.0;0.0
2030-08-09 09:00:00;210.4372457814731;0.0;0.0;0.0;0.0;0.0;0.0;0.0
2030-08-09 10:00:00;210.3479827674252;0.0;0.0;0.0;0.0;0.0;0.0;0.0
2030-08-09 11:00:00;210.3672964579577;0.0;0.0;0.0;0.0;0.0;0.0;0.0
2030-08-09 12:00:00;210.4786767627766;0.0;0.0;0.0;0.0;0.0;0.0;0.0
2030-08-09 13:00:00;210.4028154268107;0.0;0.0;0.0;0.0;0.0;0.0;0.0
2030-08-09 14:00:00;210.3282269320522;0.0;0.0;0.0;0.0;0.0;0.0;0.0
2030-08-09 15:00:00;210.1362523317248;0.0;0.0;0.0;0.0;0.0;0.0;0.0
2030-08-09 16:00:00;210.3123063682123;0.0;0.0;0.0;0.0;0.0;0.0;0.0
2030-08-09 17:00:00;210.4793801750228;0.0;0.0;0.0;0.0;0.0;0.0;0.0
2030-08-09 18:00:00;210.4149074182818;0.0;0.0;0.0;0.0;0.0;0.0;0.0
2030-08-09 19:00:00;210.3152272038253;0.0;0.0;0.0;0.0;0.0;0.0;0.0
2030-08-09 20:00:00;210.2492839805313;0.0;0.0;0.0;0.0;0.0;0.0;0.0
2030-08-09 21:00:00;210.1305479933661;0.0;0.0;0.0;0.0;0.0;0.0;0.0
2030-08-09 22:00:00;209.9350596813895;0.0;0.0;0.0;0.0;0.0;0.0;0.0
2030-08-09 23:00:00;209.549907980752;0.0;0.0;0.0;0.0;0.0;0.0;0.0
2030-08-10 00:00:00;209.0084614285819;0.0;0.0;0.0;0.0;0.0;0.0;0.0
2030-08-10 01:00:00;208.3095242240608;0.0;0.0;0.0;0.0;0.0;0.0;0.0
2030-08-10 02:00:00;207.9212105178972;0.0;0.0;0.0;0.0;0.0;0.0;0.0
2030-08-10 03:00:00;207.8702968695979;0.0;0.0;0.0;0.0;0.0;0.0;0.0
2030-08-10 04:00:00;207.7476016763609;0.0;0.0;0.0;0.0;0.0;0.0;0.0
2030-08-10 05:00:00;207.707661259103;0.0;0.0;0.0;0.0;0.0;0.0;0.0
2030-08-10 06:00:00;207.8092306378779;0.0;0.0;0.0;0.0;0.0;0.0;0.0
2030-08-10 07:00:00;207.8324331932574;0.0;0.0;0.0;0.0;0.0;0.0;0.0
2030-08-10 08:00:00;208.0022905028138;0.0;0.0;0.0;0.0;0.0;0.0;0.0
2030-08-10 09:00:00;208.064247723379;0.0;0.0;0.0;0.0;0.0;0.0;0.0
2030-08-10 10:00:00;208.1299062321924;0.0;0.0;0.0;0.0;0.0;0.0;0.0
2030-08-10 11:00:00;208.0105505723339;0.0;0.0;0.0;0.0;0.0;0.0;0.0
2030-08-10 12:00:00;193.3765980720329;0.0;0.0;0.0;0.0;0.0;0.0;0.0
2030-08-10 13:00:00;193.3879263587795;0.0;0.0;0.0;0.0;0.0;0.0;0.0
2030-08-10 14:00:00;193.3756501402916;0.0;0.0;0.0;0.0;0.0;0.0;0.0
2030-08-10 15:00:00;193.3478921532221;0.0;0.0;0.0;0.0;0.0;0.0;0.0
2030-08-10 16:00:00;207.9718260533874;0.0;0.0;0.0;0.0;0.0;0.0;0.0
2030-08-10 17:00:00;208.1300100692382;0.0;0.0;0.0;0.0;0.0;0.0;0.0
2030-08-10 18:00:00;208.1480609673096;0.0;0.0;0.0;0.0;0.0;0.0;0.0
2030-08-10 19:00:00;208.2638024280553;0.0;0.0;0.0;0.0;0.0;0.0;0.0
2030-08-10 20:00:00;208.2924145585666;0.0;0.0;0.0;0.0;0.0;0.0;0.0
2030-08-10 21:00:00;208.2017748662654;0.0;0.0;0.0;0.0;0.0;0.0;0.0
2030-08-10 22:00:00;208.1754973944951;0.0;0.0;0.0;0.0;0.0;0.0;0.0
2030-08-10 23:00:00;208.2022170111058;0.0;0.0;0.0;0.0;0.0;0.0;0.0
2030-08-11 00:00:00;207.9145682965435;0.0;0.0;0.0;0.0;0.0;0.0;0.0
2030-08-11 01:00:00;207.6168205918743;0.0;0.0;0.0;0.0;0.0;0.0;0.0
2030-08-11 02:00:00;207.6367472559356;0.0;0.0;0.0;0.0;0.0;0.0;0.0
2030-08-11 03:00:00;207.651100215341;0.0;0.0;0.0;0.0;0.0;0.0;0.0
2030-08-11 04:00:00;207.6278139204084;0.0;0.0;0.0;0.0;0.0;0.0;0.0
2030-08-11 05:00:00;207.6109521239914;0.0;0.0;0.0;0.0;0.0;0.0;0.0
2030-08-11 06:00:00;207.6381976249957;0.0;0.0;0.0;0.0;0.0;0.0;0.0
2030-08-11 07:00:00;207.6992471088051;0.0;0.0;0.0;0.0;0.0;0.0;0.0
2030-08-11 08:00:00;207.7843968360036;0.0;0.0;0.0;0.0;0.0;0.0;0.0
2030-08-11 09:00:00;207.732243842318;0.0;0.0;0.0;0.0;0.0;0.0;0.0
2030-08-11 10:00:00;193.3157495631511;0.0;0.0;0.0;0.0;0.0;0.0;0.0
2030-08-11 11:00:00;193.4036794435132;0.0;0.0;0.0;0.0;0.0;0.0;0.0
2030-08-11 12:00:00;193.4369776394174;0.0;0.0;0.0;0.0;0.0;0.0;0.0
2030-08-11 13:00:00;193.3749701751202;0.0;0.0;0.0;0.0;0.0;0.0;0.0
2030-08-11 14:00:00;193.4128840951926;0.0;0.0;0.0;0.0;0.0;0.0;0.0
2030-08-11 15:00:00;193.431206309416;0.0;0.0;0.0;0.0;0.0;0.0;0.0
2030-08-11 16:00:00;193.4697131055245;0.0;0.0;0.0;0.0;0.0;0.0;0.0
2030-08-11 17:00:00;208.5541442066461;0.0;0.0;0.0;0.0;0.0;0.0;0.0
2030-08-11 18:00:00;208.994309444104;0.0;0.0;0.0;0.0;0.0;0.0;0.0
2030-08-11 19:00:00;208.9832256768525;0.0;0.0;0.0;0.0;0.0;0.0;0.0
2030-08-11 20:00:00;208.9563821257031;0.0;0.0;0.0;0.0;0.0;0.0;0.0
2030-08-11 21:00:00;209.2265962653051;0.0;0.0;0.0;0.0;0.0;0.0;0.0
2030-08-11 22:00:00;209.2499026577306;0.0;0.0;0.0;0.0;0.0;0.0;0.0
2030-08-11 23:00:00;209.1893757087327;0.0;0.0;0.0;0.0;0.0;0.0;0.0
2030-08-12 00:00:00;209.2238161121415;0.0;0.0;0.0;0.0;0.0;0.0;0.0
2030-08-12 01:00:00;209.2859307630665;0.0;0.0;0.0;0.0;0.0;0.0;0.0
2030-08-12 02:00:00;209.2083008477387;0.0;0.0;0.0;0.0;0.0;0.0;0.0
2030-08-12 03:00:00;209.1068420051739;0.0;0.0;0.0;0.0;0.0;0.0;0.0
2030-08-12 04:00:00;209.214370290549;0.0;0.0;0.0;0.0;0.0;0.0;0.0
2030-08-12 05:00:00;209.6395595463263;0.0;0.0;0.0;0.0;0.0;0.0;0.0
2030-08-12 06:00:00;209.9512549109637;0.0;0.0;0.0;0.0;0.0;0.0;0.0
2030-08-12 07:00:00;210.1525714958377;0.0;0.0;0.0;0.0;0.0;0.0;0.0
2030-08-12 08:00:00;210.1740322685122;0.0;0.0;0.0;0.0;0.0;0.0;0.0
2030-08-12 09:00:00;194.3770479115316;0.0;0.0;0.0;0.0;0.0;0.0;0.0
2030-08-12 10:00:00;194.2786606357755;0.0;0.0;0.0;0.0;0.0;0.0;0.0
2030-08-12 11:00:00;194.2775184282708;0.0;0.0;0.0;0.0;0.0;0.0;0.0
2030-08-12 12:00:00;194.3283047924493;0.0;0.0;0.0;0.0;0.0;0.0;0.0
2030-08-12 13:00:00;194.3567594926007;0.0;0.0;0.0;0.0;0.0;0.0;0.0
2030-08-12 14:00:00;194.4363522630539;0.0;0.0;0.0;0.0;0.0;0.0;0.0
2030-08-12 15:00:00;194.4353875834019;0.0;0.0;0.0;0.0;0.0;0.0;0.0
2030-08-12 16:00:00;194.5130409458047;0.0;0.0;0.0;0.0;0.0;0.0;0.0
2030-08-12 17:00:00;194.7082445433005;0.0;0.0;0.0;0.0;0.0;0.0;0.0
2030-08-12 18:00:00;210.5493094010455;0.0;0.0;0.0;0.0;0.0;0.0;0.0
2030-08-12 19:00:00;210.3431191741797;0.0;0.0;0.0;0.0;0.0;0.0;0.0
2030-08-12 20:00:00;210.4331391937879;0.0;0.0;0.0;0.0;0.0;0.0;0.0
2030-08-12 21:00:00;210.4093605102829;0.0;0.0;0.0;0.0;0.0;0.0;0.0
2030-08-12 22:00:00;210.2892612431927;0.0;0.0;0.0;0.0;0.0;0.0;0.0
2030-08-12 23:00:00;210.2973772806814;0.0;0.0;0.0;0.0;0.0;0.0;0.0
2030-08-13 00:00:00;210.2715051083483;0.0;0.0;0.0;0.0;0.0;0.0;0.0
2030-08-13 01:00:00;210.3016948920405;0.0;0.0;0.0;0.0;0.0;0.0;0.0
2030-08-13 02:00:00;203.3595653531202;0.0;0.0;0.0;0.0;0.0;0.0;0.0
2030-08-13 03:00:00;194.3252801197904;0.0;0.0;0.0;0.0;0.0;0.0;0.0
2030-08-13 04:00:00;194.2788515619565;0.0;0.0;0.0;0.0;0.0;0.0;0.0
2030-08-13 05:00:00;194.2770528363554;0.0;0.0;0.0;0.0;0.0;0.0;0.0
2030-08-13 06:00:00;194.3738356622738;0.0;0.0;0.0;0.0;0.0;0.0;0.0
2030-08-13 07:00:00;194.5225973036071;0.0;0.0;0.0;0.0;0.0;0.0;0.0
2030-08-13 08:00:00;194.5437398659799;0.0;0.0;0.0;0.0;0.0;0.0;0.0
2030-08-13 09:00:00;194.4874568375342;0.0;0.0;0.0;0.0;0.0;0.0;0.0
2030-08-13 10:00:00;194.3776608850605;0.0;0.0;0.0;0.0;0.0;0.0;0.0
2030-08-13 11:00:00;194.392687110473;0.0;0.0;0.0;0.0;0.0;0.0;0.0
2030-08-13 12:00:00;194.4565837390886;0.0;0.0;0.0;0.0;0.0;0.0;0.0
2030-08-13 13:00:00;194.2612461583078;0.0;0.0;0.0;0.0;0.0;0.0;0.0
2030-08-13 14:00:00;194.3201887549606;0.0;0.0;0.0;0.0;0.0;0.0;0.0
2030-08-13 15:00:00;194.3159247369155;0.0;0.0;0.0;0.0;0.0;0.0;0.0
2030-08-13 16:00:00;194.3427314426615;0.0;0.0;0.0;0.0;0.0;0.0;0.0
2030-08-13 17:00:00;194.3742811566964;0.0;0.0;0.0;0.0;0.0;0.0;0.0
2030-08-13 18:00:00;194.3219003914263;0.0;0.0;0.0;0.0;0.0;0.0;0.0
2030-08-13 19:00:00;194.5362167045272;0.0;0.0;0.0;0.0;0.0;0.0;0.0
2030-08-13 20:00:00;194.5298457993255;0.0;0.0;0.0;0.0;0.0;0.0;0.0
2030-08-13 21:00:00;194.5085893511607;0.0;0.0;0.0;0.0;0.0;0.0;0.0
2030-08-13 22:00:00;194.387967549259;0.0;0.0;0.0;0.0;0.0;0.0;0.0
2030-08-13 23:00:00;194.3451967351054;0.0;0.0;0.0;0.0;0.0;0.0;0.0
2030-08-14 00:00:00;194.2973914990181;0.0;0.0;0.0;0.0;0.0;0.0;0.0
2030-08-14 01:00:00;194.2294452256135;0.0;0.0;0.0;0.0;0.0;0.0;0.0
2030-08-14 02:00:00;194.1705997668423;0.0;0.0;0.0;0.0;0.0;0.0;0.0
2030-08-14 03:00:00;194.1999387566748;0.0;0.0;0.0;0.0;0.0;0.0;0.0
2030-08-14 04:00:00;194.269831137294;0.0;0.0;0.0;0.0;0.0;0.0;0.0
2030-08-14 05:00:00;194.367809764031;0.0;0.0;0.0;0.0;0.0;0.0;0.0
2030-08-14 06:00:00;194.5943185560666;0.0;0.0;0.0;0.0;0.0;0.0;0.0
2030-08-14 07:00:00;194.7967304542954;0.0;0.0;0.0;0.0;0.0;0.0;0.0
2030-08-14 08:00:00;194.8079448552498;0.0;0.0;0.0;0.0;0.0;0.0;0.0
2030-08-14 09:00:00;194.8097234833581;0.0;0.0;0.0;0.0;0.0;0.0;0.0
2030-08-14 10:00:00;194.6727423223582;0.0;0.0;0.0;0.0;0.0;0.0;0.0
2030-08-14 11:00:00;194.5201789053129;0.0;0.0;0.0;0.0;0.0;0.0;0.0
2030-08-14 12:00:00;194.3737887681241;0.0;0.0;0.0;0.0;0.0;0.0;0.0
2030-08-14 13:00:00;194.2973144586292;0.0;0.0;0.0;0.0;0.0;0.0;0.0
2030-08-14 14:00:00;194.3362767979067;0.0;0.0;0.0;0.0;0.0;0.0;0.0
2030-08-14 15:00:00;194.5463223937982;0.0;0.0;0.0;0.0;0.0;0.0;0.0
2030-08-14 16:00:00;194.7922286159195;0.0;0.0;0.0;0.0;0.0;0.0;0.0
2030-08-14 17:00:00;194.8286586711104;0.0;0.0;0.0;0.0;0.0;0.0;0.0
2030-08-14 18:00:00;194.9405012182626;0.0;0.0;0.0;0.0;0.0;0.0;0.0
2030-08-14 19:00:00;210.8248828720475;0.0;0.0;0.0;0.0;0.0;0.0;0.0
2030-08-14 20:00:00;210.770026765587;0.0;0.0;0.0;0.0;0.0;0.0;0.0
2030-08-14 21:00:00;210.7711957697487;0.0;0.0;0.0;0.0;0.0;0.0;0.0
2030-08-14 22:00:00;210.52267687357;0.0;0.0;0.0;0.0;0.0;0.0;0.0
2030-08-14 23:00:00;210.4127770840503;0.0;0.0;0.0;0.0;0.0;0.0;0.0
2030-08-15 00:00:00;210.1215778124354;0.0;0.0;0.0;0.0;0.0;0.0;0.0
2030-08-15 01:00:00;209.6779558062246;0.0;0.0;0.0;0.0;0.0;0.0;0.0
2030-08-15 02:00:00;209.2666505683554;0.0;0.0;0.0;0.0;0.0;0.0;0.0
2030-08-15 03:00:00;208.8868916949389;0.0;0.0;0.0;0.0;0.0;0.0;0.0
2030-08-15 04:00:00;208.7593362580386;0.0;0.0;0.0;0.0;0.0;0.0;0.0
2030-08-15 05:00:00;208.8043981863655;0.0;0.0;0.0;0.0;0.0;0.0;0.0
2030-08-15 06:00:00;209.5305306481591;0.0;0.0;0.0;0.0;0.0;0.0;0.0
2030-08-15 07:00:00;209.8627756991331;0.0;0.0;0.0;0.0;0.0;0.0;0.0
2030-08-15 08:00:00;194.2678314367654;0.0;0.0;0.0;0.0;0.0;0.0;0.0
2030-08-15 09:00:00;194.3357710110058;0.0;0.0;0.0;0.0;0.0;0.0;0.0
2030-08-15 10:00:00;194.2896305172346;0.0;0.0;0.0;0.0;0.0;0.0;0.0
2030-08-15 11:00:00;194.234285371784;0.0;0.0;0.0;0.0;0.0;0.0;0.0
2030-08-15 12:00:00;194.2102956646052;0.0;0.0;0.0;0.0;0.0;0.0;0.0
2030-08-15 13:00:00;194.1969308319266;0.0;0.0;0.0;0.0;0.0;0.0;0.0
2030-08-15 14:00:00;194.1246669471628;0.0;0.0;0.0;0.0;0.0;0.0;0.0
2030-08-15 15:00:00;194.1432537783742;0.0;0.0;0.0;0.0;0.0;0.0;0.0
2030-08-15 16:00:00;194.2432421543861;0.0;0.0;0.0;0.0;0.0;0.0;0.0
2030-08-15 17:00:00;209.9023074673718;0.0;0.0;0.0;0.0;0.0;0.0;0.0
2030-08-15 18:00:00;209.9556696602044;0.0;0.0;0.0;0.0;0.0;0.0;0.0
2030-08-15 19:00:00;209.9287390199198;0.0;0.0;0.0;0.0;0.0;0.0;0.0
2030-08-15 20:00:00;209.8435691952286;0.0;0.0;0.0;0.0;0.0;0.0;0.0
2030-08-15 21:00:00;209.7398192384903;0.0;0.0;0.0;0.0;0.0;0.0;0.0
2030-08-15 22:00:00;209.7655607771206;0.0;0.0;0.0;0.0;0.0;0.0;0.0
2030-08-15 23:00:00;209.6704460431005;0.0;0.0;0.0;0.0;0.0;0.0;0.0
2030-08-16 00:00:00;209.6349036271726;0.0;0.0;0.0;0.0;0.0;0.0;0.0
2030-08-16 01:00:00;209.7019555621499;0.0;0.0;0.0;0.0;0.0;0.0;0.0
2030-08-16 02:00:00;209.6129236692686;0.0;0.0;0.0;0.0;0.0;0.0;0.0
2030-08-16 03:00:00;209.58915503451;0.0;0.0;0.0;0.0;0.0;0.0;0.0
2030-08-16 04:00:00;198.3366492339161;0.0;0.0;0.0;0.0;0.0;0.0;0.0
2030-08-16 05:00:00;194.1796670856546;0.0;0.0;0.0;0.0;0.0;0.0;0.0
2030-08-16 06:00:00;194.2753746957108;0.0;0.0;0.0;0.0;0.0;0.0;0.0
2030-08-16 07:00:00;194.3095002383998;0.0;0.0;0.0;0.0;0.0;0.0;0.0
2030-08-16 08:00:00;194.3188522716927;0.0;0.0;0.0;0.0;0.0;0.0;0.0
2030-08-16 09:00:00;194.3025867008939;0.0;0.0;0.0;0.0;0.0;0.0;0.0
2030-08-16 10:00:00;194.3099088874191;0.0;0.0;0.0;0.0;0.0;0.0;0.0
2030-08-16 11:00:00;194.2975991731099;0.0;0.0;0.0;0.0;0.0;0.0;0.0
2030-08-16 12:00:00;194.2562452321952;0.0;0.0;0.0;0.0;0.0;0.0;0.0
2030-08-16 13:00:00;194.2496231083342;0.0;0.0;0.0;0.0;0.0;0.0;0.0
2030-08-16 14:00:00;194.2528722029954;0.0;0.0;0.0;0.0;0.0;0.0;0.0
2030-08-16 15:00:00;194.2500652531747;0.0;0.0;0.0;0.0;0.0;0.0;0.0
2030-08-16 16:00:00;194.2193897800743;0.0;0.0;0.0;0.0;0.0;0.0;0.0
2030-08-16 17:00:00;194.1787760968093;0.0;0.0;0.0;0.0;0.0;0.0;0.0
2030-08-16 18:00:00;194.2835744727527;0.0;0.0;0.0;0.0;0.0;0.0;0.0
2030-08-16 19:00:00;194.3352618745228;0.0;0.0;0.0;0.0;0.0;0.0;0.0
2030-08-16 20:00:00;194.3058190476445;0.0;0.0;0.0;0.0;0.0;0.0;0.0
2030-08-16 21:00:00;194.2386096823074;0.0;0.0;0.0;0.0;0.0;0.0;0.0
2030-08-16 22:00:00;194.1825711733568;0.0;0.0;0.0;0.0;0.0;0.0;0.0
2030-08-16 23:00:00;194.118346285693;0.0;0.0;0.0;0.0;0.0;0.0;0.0
2030-08-17 00:00:00;209.1191349715724;0.0;0.0;0.0;0.0;0.0;0.0;0.0
2030-08-17 01:00:00;208.2074658062956;0.0;0.0;0.0;0.0;0.0;0.0;0.0
2030-08-17 02:00:00;207.9274675373067;0.0;0.0;0.0;0.0;0.0;0.0;0.0
2030-08-17 03:00:00;207.719160374538;0.0;0.0;0.0;0.0;0.0;0.0;0.0
2030-08-17 04:00:00;207.6554915175068;0.0;0.0;0.0;0.0;0.0;0.0;0.0
2030-08-17 05:00:00;207.6625289895514;0.0;0.0;0.0;0.0;0.0;0.0;0.0
2030-08-17 06:00:00;207.872685121653;0.0;0.0;0.0;0.0;0.0;0.0;0.0
2030-08-17 07:00:00;193.3816190956383;0.0;0.0;0.0;0.0;0.0;0.0;0.0
2030-08-17 08:00:00;193.5346280071061;0.0;0.0;0.0;0.0;0.0;0.0;0.0
2030-08-17 09:00:00;193.7035775799066;0.0;0.0;0.0;0.0;0.0;0.0;0.0
2030-08-17 10:00:00;193.7398803509768;0.0;0.0;0.0;0.0;0.0;0.0;0.0
2030-08-17 11:00:00;193.7233334152795;0.0;0.0;0.0;0.0;0.0;0.0;0.0
2030-08-17 12:00:00;193.6809745997274;0.0;0.0;0.0;0.0;0.0;0.0;0.0
2030-08-17 13:00:00;193.6825656512368;0.0;0.0;0.0;0.0;0.0;0.0;0.0
2030-08-17 14:00:00;193.7057179628844;0.0;0.0;0.0;0.0;0.0;0.0;0.0
2030-08-17 15:00:00;193.8262024319189;0.0;0.0;0.0;0.0;0.0;0.0;0.0
2030-08-17 16:00:00;193.8022160743221;0.0;0.0;0.0;0.0;0.0;0.0;0.0
2030-08-17 17:00:00;209.0199605440169;0.0;0.0;0.0;0.0;0.0;0.0;0.0
2030-08-17 18:00:00;208.9634497439868;0.0;0.0;0.0;0.0;0.0;0.0;0.0
2030-08-17 19:00:00;209.0309639212973;0.0;0.0;0.0;0.0;0.0;0.0;0.0
2030-08-17 20:00:00;208.9655532815613;0.0;0.0;0.0;0.0;0.0;0.0;0.0
2030-08-17 21:00:00;208.8119548436395;0.0;0.0;0.0;0.0;0.0;0.0;0.0
2030-08-17 22:00:00;208.7357518502967;0.0;0.0;0.0;0.0;0.0;0.0;0.0
2030-08-17 23:00:00;208.705438132066;0.0;0.0;0.0;0.0;0.0;0.0;0.0
2030-08-18 00:00:00;208.7864846211613;0.0;0.0;0.0;0.0;0.0;0.0;0.0
2030-08-18 01:00:00;208.8041838131095;0.0;0.0;0.0;0.0;0.0;0.0;0.0
2030-08-18 02:00:00;208.6943811614715;0.0;0.0;0.0;0.0;0.0;0.0;0.0
2030-08-18 03:00:00;208.8011658396149;0.0;0.0;0.0;0.0;0.0;0.0;0.0
2030-08-18 04:00:00;208.7324491623216;0.0;0.0;0.0;0.0;0.0;0.0;0.0
2030-08-18 05:00:00;208.8368991817239;0.0;0.0;0.0;0.0;0.0;0.0;0.0
2030-08-18 06:00:00;208.9147267223972;0.0;0.0;0.0;0.0;0.0;0.0;0.0
2030-08-18 07:00:00;209.0018594022137;0.0;0.0;0.0;0.0;0.0;0.0;0.0
2030-08-18 08:00:00;193.8524129120467;0.0;0.0;0.0;0.0;0.0;0.0;0.0
2030-08-18 09:00:00;193.8700082669491;0.0;0.0;0.0;0.0;0.0;0.0;0.0
2030-08-18 10:00:00;193.8785229047107;0.0;0.0;0.0;0.0;0.0;0.0;0.0
2030-08-18 11:00:00;193.8571559203356;0.0;0.0;0.0;0.0;0.0;0.0;0.0
2030-08-18 12:00:00;193.8144520978246;0.0;0.0;0.0;0.0;0.0;0.0;0.0
2030-08-18 13:00:00;193.8360401546199;0.0;0.0;0.0;0.0;0.0;0.0;0.0
2030-08-18 14:00:00;193.8133735323804;0.0;0.0;0.0;0.0;0.0;0.0;0.0
2030-08-18 15:00:00;193.7715305524755;0.0;0.0;0.0;0.0;0.0;0.0;0.0
2030-08-18 16:00:00;193.6162238276699;0.0;0.0;0.0;0.0;0.0;0.0;0.0
2030-08-18 17:00:00;193.7551142504811;0.0;0.0;0.0;0.0;0.0;0.0;0.0
2030-08-18 18:00:00;193.8995817275303;0.0;0.0;0.0;0.0;0.0;0.0;0.0
2030-08-18 19:00:00;193.9242145544771;0.0;0.0;0.0;0.0;0.0;0.0;0.0
2030-08-18 20:00:00;197.4184081885101;0.0;0.0;0.0;0.0;0.0;0.0;0.0
2030-08-18 21:00:00;197.8455536002483;0.0;0.0;0.0;0.0;0.0;0.0;0.0
2030-08-18 22:00:00;193.9386412046894;0.0;0.0;0.0;0.0;0.0;0.0;0.0
2030-08-18 23:00:00;201.779132019104;0.0;0.0;0.0;0.0;0.0;0.0;0.0
2030-08-19 00:00:00;195.4207140596064;0.0;0.0;0.0;0.0;0.0;0.0;0.0
2030-08-19 01:00:00;193.8533206488025;0.0;0.0;0.0;0.0;0.0;0.0;0.0
2030-08-19 02:00:00;203.0199311239785;0.0;0.0;0.0;0.0;0.0;0.0;0.0
2030-08-19 03:00:00;207.2958602830793;0.0;0.0;0.0;0.0;0.0;0.0;0.0
2030-08-19 04:00:00;208.7400326162525;0.0;0.0;0.0;0.0;0.0;0.0;0.0
2030-08-19 05:00:00;194.0344727492842;0.0;0.0;0.0;0.0;0.0;0.0;0.0
2030-08-19 06:00:00;194.3823503000354;0.0;0.0;0.0;0.0;0.0;0.0;0.0
2030-08-19 07:00:00;194.54132816685;0.0;0.0;0.0;0.0;0.0;0.0;0.0
2030-08-19 08:00:00;194.7256623703502;0.0;0.0;0.0;0.0;0.0;0.0;0.0
2030-08-19 09:00:00;194.7827425993415;0.0;0.0;0.0;0.0;0.0;0.0;0.0
2030-08-19 10:00:00;194.9241117129252;0.0;0.0;0.0;0.0;0.0;0.0;0.0
2030-08-19 11:00:00;194.9243528828382;0.0;0.0;0.0;0.0;0.0;0.0;0.0
2030-08-19 12:00:00;194.8755729183525;0.0;0.0;0.0;0.0;0.0;0.0;0.0
2030-08-19 13:00:00;194.8589154464451;0.0;0.0;0.0;0.0;0.0;0.0;0.0
2030-08-19 14:00:00;194.3699601957552;0.0;0.0;0.0;0.0;0.0;0.0;0.0
2030-08-19 15:00:00;194.509858842786;0.0;0.0;0.0;0.0;0.0;0.0;0.0
2030-08-19 16:00:00;194.521361307803;0.0;0.0;0.0;0.0;0.0;0.0;0.0
2030-08-19 17:00:00;210.3622352393669;0.0;0.0;0.0;0.0;0.0;0.0;0.0
2030-08-19 18:00:00;210.3911823280907;0.0;0.0;0.0;0.0;0.0;0.0;0.0
2030-08-19 19:00:00;210.4328745768;0.0;0.0;0.0;0.0;0.0;0.0;0.0
2030-08-19 20:00:00;210.7991446829993;0.0;0.0;0.0;0.0;0.0;0.0;0.0
2030-08-19 21:00:00;210.7702143421861;0.0;0.0;0.0;0.0;0.0;0.0;0.0
2030-08-19 22:00:00;210.5768228686199;0.0;0.0;0.0;0.0;0.0;0.0;0.0
2030-08-19 23:00:00;210.5584872560679;0.0;0.0;0.0;0.0;0.0;0.0;0.0
2030-08-20 00:00:00;210.5007739560549;0.0;0.0;0.0;0.0;0.0;0.0;0.0
2030-08-20 01:00:00;210.5037316370713;0.0;0.0;0.0;0.0;0.0;0.0;0.0
2030-08-20 02:00:00;210.6026883417886;0.0;0.0;0.0;0.0;0.0;0.0;0.0
2030-08-20 03:00:00;210.6044669698971;0.0;0.0;0.0;0.0;0.0;0.0;0.0
2030-08-20 04:00:00;210.6333805627997;0.0;0.0;0.0;0.0;0.0;0.0;0.0
2030-08-20 05:00:00;210.7352547535479;0.0;0.0;0.0;0.0;0.0;0.0;0.0
2030-08-20 06:00:00;210.8518570568997;0.0;0.0;0.0;0.0;0.0;0.0;0.0
2030-08-20 07:00:00;211.0277972075949;0.0;0.0;0.0;0.0;0.0;0.0;0.0
2030-08-20 08:00:00;211.1445368438137;0.0;0.0;0.0;0.0;0.0;0.0;0.0
2030-08-20 09:00:00;211.0760445885227;0.0;0.0;0.0;0.0;0.0;0.0;0.0
2030-08-20 10:00:00;195.1570985967905;0.0;0.0;0.0;0.0;0.0;0.0;0.0
2030-08-20 11:00:00;195.155477399042;0.0;0.0;0.0;0.0;0.0;0.0;0.0
2030-08-20 12:00:00;195.2232026000265;0.0;0.0;0.0;0.0;0.0;0.0;0.0
2030-08-20 13:00:00;195.1867926423282;0.0;0.0;0.0;0.0;0.0;0.0;0.0
2030-08-20 14:00:00;195.2107756503429;0.0;0.0;0.0;0.0;0.0;0.0;0.0
2030-08-20 15:00:00;195.2350199257633;0.0;0.0;0.0;0.0;0.0;0.0;0.0
2030-08-20 16:00:00;210.9943750771521;0.0;0.0;0.0;0.0;0.0;0.0;0.0
2030-08-20 17:00:00;211.0533076250586;0.0;0.0;0.0;0.0;0.0;0.0;0.0
2030-08-20 18:00:00;211.0194232522825;0.0;0.0;0.0;0.0;0.0;0.0;0.0
2030-08-20 19:00:00;210.9517014008802;0.0;0.0;0.0;0.0;0.0;0.0;0.0
2030-08-20 20:00:00;210.965287305979;0.0;0.0;0.0;0.0;0.0;0.0;0.0
2030-08-20 21:00:00;210.9109068401804;0.0;0.0;0.0;0.0;0.0;0.0;0.0
2030-08-20 22:00:00;210.8541548702374;0.0;0.0;0.0;0.0;0.0;0.0;0.0
2030-08-20 23:00:00;210.7436957005028;0.0;0.0;0.0;0.0;0.0;0.0;0.0
2030-08-21 00:00:00;210.3798875371654;0.0;0.0;0.0;0.0;0.0;0.0;0.0
2030-08-21 01:00:00;210.38370941037;0.0;0.0;0.0;0.0;0.0;0.0;0.0
2030-08-21 02:00:00;210.447565844;0.0;0.0;0.0;0.0;0.0;0.0;0.0
2030-08-21 03:00:00;210.4820464423943;0.0;0.0;0.0;0.0;0.0;0.0;0.0
2030-08-21 04:00:00;210.4761511778544;0.0;0.0;0.0;0.0;0.0;0.0;0.0
2030-08-21 05:00:00;210.4726341166231;0.0;0.0;0.0;0.0;0.0;0.0;0.0
2030-08-21 06:00:00;210.6824485913481;0.0;0.0;0.0;0.0;0.0;0.0;0.0
2030-08-21 07:00:00;210.7122196772747;0.0;0.0;0.0;0.0;0.0;0.0;0.0
2030-08-21 08:00:00;210.7994026008229;0.0;0.0;0.0;0.0;0.0;0.0;0.0
2030-08-21 09:00:00;210.784125156751;0.0;0.0;0.0;0.0;0.0;0.0;0.0
2030-08-21 10:00:00;206.8572291542347;0.0;0.0;0.0;0.0;0.0;0.0;0.0
2030-08-21 11:00:00;194.8582488796023;0.0;0.0;0.0;0.0;0.0;0.0;0.0
2030-08-21 12:00:00;195.0806946285203;0.0;0.0;0.0;0.0;0.0;0.0;0.0
2030-08-21 13:00:00;194.8741861913529;0.0;0.0;0.0;0.0;0.0;0.0;0.0
2030-08-21 14:00:00;194.7803041035547;0.0;0.0;0.0;0.0;0.0;0.0;0.0
2030-08-21 15:00:00;194.7513570148308;0.0;0.0;0.0;0.0;0.0;0.0;0.0
2030-08-21 16:00:00;210.5883923252795;0.0;0.0;0.0;0.0;0.0;0.0;0.0
2030-08-21 17:00:00;210.6389475682914;0.0;0.0;0.0;0.0;0.0;0.0;0.0
2030-08-21 18:00:00;210.9397433926942;0.0;0.0;0.0;0.0;0.0;0.0;0.0
2030-08-21 19:00:00;210.9932630158866;0.0;0.0;0.0;0.0;0.0;0.0;0.0
2030-08-21 20:00:00;210.9762739353488;0.0;0.0;0.0;0.0;0.0;0.0;0.0
2030-08-21 21:00:00;210.9140956423634;0.0;0.0;0.0;0.0;0.0;0.0;0.0
2030-08-21 22:00:00;210.8133703582839;0.0;0.0;0.0;0.0;0.0;0.0;0.0
2030-08-21 23:00:00;210.7737314034172;0.0;0.0;0.0;0.0;0.0;0.0;0.0
2030-08-22 00:00:00;210.7576065150677;0.0;0.0;0.0;0.0;0.0;0.0;0.0
2030-08-22 01:00:00;210.7880073224338;0.0;0.0;0.0;0.0;0.0;0.0;0.0
2030-08-22 02:00:00;210.7777475523851;0.0;0.0;0.0;0.0;0.0;0.0;0.0
2030-08-22 03:00:00;210.7606479356372;0.0;0.0;0.0;0.0;0.0;0.0;0.0
2030-08-22 04:00:00;210.7540760555081;0.0;0.0;0.0;0.0;0.0;0.0;0.0
2030-08-22 05:00:00;210.7833547528622;0.0;0.0;0.0;0.0;0.0;0.0;0.0
2030-08-22 06:00:00;210.9291185181938;0.0;0.0;0.0;0.0;0.0;0.0;0.0
2030-08-22 07:00:00;210.9130907677259;0.0;0.0;0.0;0.0;0.0;0.0;0.0
2030-08-22 08:00:00;210.9598676821009;0.0;0.0;0.0;0.0;0.0;0.0;0.0
2030-08-22 09:00:00;210.9426374316501;0.0;0.0;0.0;0.0;0.0;0.0;0.0
2030-08-22 10:00:00;210.924700419371;0.0;0.0;0.0;0.0;0.0;0.0;0.0
2030-08-22 11:00:00;210.9111145142722;0.0;0.0;0.0;0.0;0.0;0.0;0.0
2030-08-22 12:00:00;210.8682465622371;0.0;0.0;0.0;0.0;0.0;0.0;0.0
2030-08-22 13:00:00;210.6876906873737;0.0;0.0;0.0;0.0;0.0;0.0;0.0
2030-08-22 14:00:00;210.6685344272011;0.0;0.0;0.0;0.0;0.0;0.0;0.0
2030-08-22 15:00:00;202.476270498024;0.0;0.0;0.0;0.0;0.0;0.0;0.0
2030-08-22 16:00:00;210.720161536493;0.0;0.0;0.0;0.0;0.0;0.0;0.0
2030-08-22 17:00:00;210.7622222392359;0.0;0.0;0.0;0.0;0.0;0.0;0.0
2030-08-22 18:00:00;210.8190211033287;0.0;0.0;0.0;0.0;0.0;0.0;0.0
2030-08-22 19:00:00;210.8957566802293;0.0;0.0;0.0;0.0;0.0;0.0;0.0
2030-08-22 20:00:00;210.8927387067347;0.0;0.0;0.0;0.0;0.0;0.0;0.0
2030-08-22 21:00:00;210.8494453577696;0.0;0.0;0.0;0.0;0.0;0.0;0.0
2030-08-22 22:00:00;210.7523845165349;0.0;0.0;0.0;0.0;0.0;0.0;0.0
2030-08-22 23:00:00;210.7530209371387;0.0;0.0;0.0;0.0;0.0;0.0;0.0
2030-08-23 00:00:00;210.6994544197964;0.0;0.0;0.0;0.0;0.0;0.0;0.0
2030-08-23 01:00:00;194.8080989360274;0.0;0.0;0.0;0.0;0.0;0.0;0.0
2030-08-23 02:00:00;194.8357195902299;0.0;0.0;0.0;0.0;0.0;0.0;0.0
2030-08-23 03:00:00;194.8549059966416;0.0;0.0;0.0;0.0;0.0;0.0;0.0
2030-08-23 04:00:00;194.8685655925471;0.0;0.0;0.0;0.0;0.0;0.0;0.0
2030-08-23 05:00:00;194.9351083910414;0.0;0.0;0.0;0.0;0.0;0.0;0.0
2030-08-23 06:00:00;194.8926256409506;0.0;0.0;0.0;0.0;0.0;0.0;0.0
2030-08-23 07:00:00;194.979728174528;0.0;0.0;0.0;0.0;0.0;0.0;0.0
2030-08-23 08:00:00;195.0735064252802;0.0;0.0;0.0;0.0;0.0;0.0;0.0
2030-08-23 09:00:00;195.1289051640448;0.0;0.0;0.0;0.0;0.0;0.0;0.0
2030-08-23 10:00:00;195.0121755765723;0.0;0.0;0.0;0.0;0.0;0.0;0.0
2030-08-23 11:00:00;194.8962632871383;0.0;0.0;0.0;0.0;0.0;0.0;0.0
2030-08-23 12:00:00;194.8626234338574;0.0;0.0;0.0;0.0;0.0;0.0;0.0
2030-08-23 13:00:00;194.8480895970172;0.0;0.0;0.0;0.0;0.0;0.0;0.0
2030-08-23 14:00:00;194.8872830574614;0.0;0.0;0.0;0.0;0.0;0.0;0.0
2030-08-23 15:00:00;194.9072331685975;0.0;0.0;0.0;0.0;0.0;0.0;0.0
2030-08-23 16:00:00;194.9538191567914;0.0;0.0;0.0;0.0;0.0;0.0;0.0
2030-08-23 17:00:00;194.9287374858398;0.0;0.0;0.0;0.0;0.0;0.0;0.0
2030-08-23 18:00:00;194.9588770258;0.0;0.0;0.0;0.0;0.0;0.0;0.0
2030-08-23 19:00:00;195.0087523036406;0.0;0.0;0.0;0.0;0.0;0.0;0.0
2030-08-23 20:00:00;194.8752580576327;0.0;0.0;0.0;0.0;0.0;0.0;0.0
2030-08-23 21:00:00;194.8400372015888;0.0;0.0;0.0;0.0;0.0;0.0;0.0
2030-08-23 22:00:00;194.7272969664272;0.0;0.0;0.0;0.0;0.0;0.0;0.0
2030-08-23 23:00:00;194.6952481646557;0.0;0.0;0.0;0.0;0.0;0.0;0.0
2030-08-24 00:00:00;194.5345017184793;0.0;0.0;0.0;0.0;0.0;0.0;0.0
2030-08-24 01:00:00;194.3489750637424;0.0;0.0;0.0;0.0;0.0;0.0;0.0
2030-08-24 02:00:00;194.3322003564606;0.0;0.0;0.0;0.0;0.0;0.0;0.0
2030-08-24 03:00:00;194.3427615889006;0.0;0.0;0.0;0.0;0.0;0.0;0.0
2030-08-24 04:00:00;194.3655119506933;0.0;0.0;0.0;0.0;0.0;0.0;0.0
2030-08-24 05:00:00;194.3386550012154;0.0;0.0;0.0;0.0;0.0;0.0;0.0
2030-08-24 06:00:00;194.4179463092773;0.0;0.0;0.0;0.0;0.0;0.0;0.0
2030-08-24 07:00:00;194.4758002917394;0.0;0.0;0.0;0.0;0.0;0.0;0.0
2030-08-24 08:00:00;194.5003895741187;0.0;0.0;0.0;0.0;0.0;0.0;0.0
2030-08-24 09:00:00;194.4893694489276;0.0;0.0;0.0;0.0;0.0;0.0;0.0
2030-08-24 10:00:00;194.2477908869118;0.0;0.0;0.0;0.0;0.0;0.0;0.0
2030-08-24 11:00:00;194.2137557829402;0.0;0.0;0.0;0.0;0.0;0.0;0.0
2030-08-24 12:00:00;194.149199286646;0.0;0.0;0.0;0.0;0.0;0.0;0.0
2030-08-24 13:00:00;194.1561530191374;0.0;0.0;0.0;0.0;0.0;0.0;0.0
2030-08-24 14:00:00;194.1554261598162;0.0;0.0;0.0;0.0;0.0;0.0;0.0
2030-08-24 15:00:00;194.1278088551961;0.0;0.0;0.0;0.0;0.0;0.0;0.0
2030-08-24 16:00:00;194.1689283253619;0.0;0.0;0.0;0.0;0.0;0.0;0.0
2030-08-24 17:00:00;210.0974909673749;0.0;0.0;0.0;0.0;0.0;0.0;0.0
2030-08-24 18:00:00;210.1718014468169;0.0;0.0;0.0;0.0;0.0;0.0;0.0
2030-08-24 19:00:00;210.1908974145113;0.0;0.0;0.0;0.0;0.0;0.0;0.0
2030-08-24 20:00:00;210.0706273187328;0.0;0.0;0.0;0.0;0.0;0.0;0.0
2030-08-24 21:00:00;210.0761842754781;0.0;0.0;0.0;0.0;0.0;0.0;0.0
2030-08-24 22:00:00;210.0799894007721;0.0;0.0;0.0;0.0;0.0;0.0;0.0
2030-08-24 23:00:00;209.9010078295074;0.0;0.0;0.0;0.0;0.0;0.0;0.0
2030-08-25 00:00:00;209.6316210366901;0.0;0.0;0.0;0.0;0.0;0.0;0.0
2030-08-25 01:00:00;209.4564546394658;0.0;0.0;0.0;0.0;0.0;0.0;0.0
2030-08-25 02:00:00;209.4363939921194;0.0;0.0;0.0;0.0;0.0;0.0;0.0
2030-08-25 03:00:00;209.4007008449959;0.0;0.0;0.0;0.0;0.0;0.0;0.0
2030-08-25 04:00:00;209.4103074465303;0.0;0.0;0.0;0.0;0.0;0.0;0.0
2030-08-25 05:00:00;209.3887394872277;0.0;0.0;0.0;0.0;0.0;0.0;0.0
2030-08-25 06:00:00;209.3571864236107;0.0;0.0;0.0;0.0;0.0;0.0;0.0
2030-08-25 07:00:00;209.478843246389;0.0;0.0;0.0;0.0;0.0;0.0;0.0
2030-08-25 08:00:00;209.4509613247808;0.0;0.0;0.0;0.0;0.0;0.0;0.0
2030-08-25 09:00:00;209.2720065501732;0.0;0.0;0.0;0.0;0.0;0.0;0.0
2030-08-25 10:00:00;209.2753226364768;0.0;0.0;0.0;0.0;0.0;0.0;0.0
2030-08-25 11:00:00;197.9983347401316;0.0;0.0;0.0;0.0;0.0;0.0;0.0
2030-08-25 12:00:00;193.9495809399095;0.0;0.0;0.0;0.0;0.0;0.0;0.0
2030-08-25 13:00:00;193.8373230445737;0.0;0.0;0.0;0.0;0.0;0.0;0.0
2030-08-25 14:00:00;209.1856442742455;0.0;0.0;0.0;0.0;0.0;0.0;0.0
2030-08-25 15:00:00;209.3394369879305;0.0;0.0;0.0;0.0;0.0;0.0;0.0
2030-08-25 16:00:00;209.6971723588754;0.0;0.0;0.0;0.0;0.0;0.0;0.0
2030-08-25 17:00:00;209.7947657836681;0.0;0.0;0.0;0.0;0.0;0.0;0.0
2030-08-25 18:00:00;209.8682522659074;0.0;0.0;0.0;0.0;0.0;0.0;0.0
2030-08-25 19:00:00;209.877544006722;0.0;0.0;0.0;0.0;0.0;0.0;0.0
2030-08-25 20:00:00;209.9125739365847;0.0;0.0;0.0;0.0;0.0;0.0;0.0
2030-08-25 21:00:00;210.0475319499812;0.0;0.0;0.0;0.0;0.0;0.0;0.0
2030-08-25 22:00:00;210.0404844291904;0.0;0.0;0.0;0.0;0.0;0.0;0.0
2030-08-25 23:00:00;210.0743420053093;0.0;0.0;0.0;0.0;0.0;0.0;0.0
2030-08-26 00:00:00;210.188100513437;0.0;0.0;0.0;0.0;0.0;0.0;0.0
2030-08-26 01:00:00;210.2165987581561;0.0;0.0;0.0;0.0;0.0;0.0;0.0
2030-08-26 02:00:00;210.2922624687767;0.0;0.0;0.0;0.0;0.0;0.0;0.0
2030-08-26 03:00:00;210.3285987356681;0.0;0.0;0.0;0.0;0.0;0.0;0.0
2030-08-26 04:00:00;210.2874323713525;0.0;0.0;0.0;0.0;0.0;0.0;0.0
2030-08-26 05:00:00;210.342482753576;0.0;0.0;0.0;0.0;0.0;0.0;0.0
2030-08-26 06:00:00;194.6271444608912;0.0;0.0;0.0;0.0;0.0;0.0;0.0
2030-08-26 07:00:00;194.8301458855739;0.0;0.0;0.0;0.0;0.0;0.0;0.0
2030-08-26 08:00:00;194.8083836505081;0.0;0.0;0.0;0.0;0.0;0.0;0.0
2030-08-26 09:00:00;194.8233294859497;0.0;0.0;0.0;0.0;0.0;0.0;0.0
2030-08-26 10:00:00;194.7558354061319;0.0;0.0;0.0;0.0;0.0;0.0;0.0
2030-08-26 11:00:00;194.714397725664;0.0;0.0;0.0;0.0;0.0;0.0;0.0
2030-08-26 12:00:00;194.6557331443277;0.0;0.0;0.0;0.0;0.0;0.0;0.0
2030-08-26 13:00:00;194.5934577134605;0.0;0.0;0.0;0.0;0.0;0.0;0.0
2030-08-26 14:00:00;194.8442141304987;0.0;0.0;0.0;0.0;0.0;0.0;0.0
2030-08-26 15:00:00;194.8451419647473;0.0;0.0;0.0;0.0;0.0;0.0;0.0
2030-08-26 16:00:00;194.7184272729604;0.0;0.0;0.0;0.0;0.0;0.0;0.0
2030-08-26 17:00:00;194.5915250045744;0.0;0.0;0.0;0.0;0.0;0.0;0.0
2030-08-26 18:00:00;194.7630370077005;0.0;0.0;0.0;0.0;0.0;0.0;0.0
2030-08-26 19:00:00;194.7852882817566;0.0;0.0;0.0;0.0;0.0;0.0;0.0
2030-08-26 20:00:00;194.7399985818451;0.0;0.0;0.0;0.0;0.0;0.0;0.0
2030-08-26 21:00:00;194.8093885251456;0.0;0.0;0.0;0.0;0.0;0.0;0.0
2030-08-26 22:00:00;194.6235403105247;0.0;0.0;0.0;0.0;0.0;0.0;0.0
2030-08-26 23:00:00;194.3468581278395;0.0;0.0;0.0;0.0;0.0;0.0;0.0
2030-08-27 00:00:00;194.4059146102844;0.0;0.0;0.0;0.0;0.0;0.0;0.0
2030-08-27 01:00:00;194.4506918241308;0.0;0.0;0.0;0.0;0.0;0.0;0.0
2030-08-27 02:00:00;194.584115728914;0.0;0.0;0.0;0.0;0.0;0.0;0.0
2030-08-27 03:00:00;194.5776811816519;0.0;0.0;0.0;0.0;0.0;0.0;0.0
2030-08-27 04:00:00;194.4778636343284;0.0;0.0;0.0;0.0;0.0;0.0;0.0
2030-08-27 05:00:00;194.4864854587181;0.0;0.0;0.0;0.0;0.0;0.0;0.0
2030-08-27 06:00:00;194.5380891209351;0.0;0.0;0.0;0.0;0.0;0.0;0.0
2030-08-27 07:00:00;194.8317972295616;0.0;0.0;0.0;0.0;0.0;0.0;0.0
2030-08-27 08:00:00;194.845962612368;0.0;0.0;0.0;0.0;0.0;0.0;0.0
2030-08-27 09:00:00;194.8359004676645;0.0;0.0;0.0;0.0;0.0;0.0;0.0
2030-08-27 10:00:00;194.7818650088249;0.0;0.0;0.0;0.0;0.0;0.0;0.0
2030-08-27 11:00:00;194.7146254972485;0.0;0.0;0.0;0.0;0.0;0.0;0.0
2030-08-27 12:00:00;194.571862957501;0.0;0.0;0.0;0.0;0.0;0.0;0.0
2030-08-27 13:00:00;194.5401424147776;0.0;0.0;0.0;0.0;0.0;0.0;0.0
2030-08-27 14:00:00;194.4949029585981;0.0;0.0;0.0;0.0;0.0;0.0;0.0
2030-08-27 15:00:00;194.4682101386443;0.0;0.0;0.0;0.0;0.0;0.0;0.0
2030-08-27 16:00:00;194.5524420803405;0.0;0.0;0.0;0.0;0.0;0.0;0.0
2030-08-27 17:00:00;194.6127077619326;0.0;0.0;0.0;0.0;0.0;0.0;0.0
2030-08-27 18:00:00;194.6151764039587;0.0;0.0;0.0;0.0;0.0;0.0;0.0
2030-08-27 19:00:00;194.6963367788464;0.0;0.0;0.0;0.0;0.0;0.0;0.0
2030-08-27 20:00:00;194.5908718360601;0.0;0.0;0.0;0.0;0.0;0.0;0.0
2030-08-27 21:00:00;200.9641753385209;0.0;0.0;0.0;0.0;0.0;0.0;0.0
2030-08-27 22:00:00;210.3366209848574;0.0;0.0;0.0;0.0;0.0;0.0;0.0
2030-08-27 23:00:00;210.2221791619762;0.0;0.0;0.0;0.0;0.0;0.0;0.0
2030-08-28 00:00:00;210.2694049203559;0.0;0.0;0.0;0.0;0.0;0.0;0.0
2030-08-28 01:00:00;210.2235993847972;0.0;0.0;0.0;0.0;0.0;0.0;0.0
2030-08-28 02:00:00;210.2864174479685;0.0;0.0;0.0;0.0;0.0;0.0;0.0
2030-08-28 03:00:00;210.3382220851131;0.0;0.0;0.0;0.0;0.0;0.0;0.0
2030-08-28 04:00:00;210.2952034018823;0.0;0.0;0.0;0.0;0.0;0.0;0.0
2030-08-28 05:00:00;210.3342695782057;0.0;0.0;0.0;0.0;0.0;0.0;0.0
2030-08-28 06:00:00;210.5786182446388;0.0;0.0;0.0;0.0;0.0;0.0;0.0
2030-08-28 07:00:00;210.6569850680341;0.0;0.0;0.0;0.0;0.0;0.0;0.0
2030-08-28 08:00:00;210.6760508894894;0.0;0.0;0.0;0.0;0.0;0.0;0.0
2030-08-28 09:00:00;194.9198510444622;0.0;0.0;0.0;0.0;0.0;0.0;0.0
2030-08-28 10:00:00;194.916360779888;0.0;0.0;0.0;0.0;0.0;0.0;0.0
2030-08-28 11:00:00;194.8735430715847;0.0;0.0;0.0;0.0;0.0;0.0;0.0
2030-08-28 12:00:00;194.9216330221527;0.0;0.0;0.0;0.0;0.0;0.0;0.0
2030-08-28 13:00:00;194.9243662811668;0.0;0.0;0.0;0.0;0.0;0.0;0.0
2030-08-28 14:00:00;194.8213498829138;0.0;0.0;0.0;0.0;0.0;0.0;0.0
2030-08-28 15:00:00;194.7424873213639;0.0;0.0;0.0;0.0;0.0;0.0;0.0
2030-08-28 16:00:00;194.7394994941084;0.0;0.0;0.0;0.0;0.0;0.0;0.0
2030-08-28 17:00:00;194.8076199457836;0.0;0.0;0.0;0.0;0.0;0.0;0.0
2030-08-28 18:00:00;194.8366608228069;0.0;0.0;0.0;0.0;0.0;0.0;0.0
2030-08-28 19:00:00;197.2876639494269;0.0;0.0;0.0;0.0;0.0;0.0;0.0
2030-08-28 20:00:00;194.9377545609202;0.0;0.0;0.0;0.0;0.0;0.0;0.0
2030-08-28 21:00:00;194.9493675621474;0.0;0.0;0.0;0.0;0.0;0.0;0.0
2030-08-28 22:00:00;194.8507190189854;0.0;0.0;0.0;0.0;0.0;0.0;0.0
2030-08-28 23:00:00;194.7464364786892;0.0;0.0;0.0;0.0;0.0;0.0;0.0
2030-08-29 00:00:00;194.8152770905212;0.0;0.0;0.0;0.0;0.0;0.0;0.0
2030-08-29 01:00:00;194.85346902591;0.0;0.0;0.0;0.0;0.0;0.0;0.0
2030-08-29 02:00:00;194.8457046945443;0.0;0.0;0.0;0.0;0.0;0.0;0.0
2030-08-29 03:00:00;194.8247229121136;0.0;0.0;0.0;0.0;0.0;0.0;0.0
2030-08-29 04:00:00;194.883628663363;0.0;0.0;0.0;0.0;0.0;0.0;0.0
2030-08-29 05:00:00;194.8144229470794;0.0;0.0;0.0;0.0;0.0;0.0;0.0
2030-08-29 06:00:00;195.0522533266974;0.0;0.0;0.0;0.0;0.0;0.0;0.0
2030-08-29 07:00:00;195.1939640976578;0.0;0.0;0.0;0.0;0.0;0.0;0.0
2030-08-29 08:00:00;195.1488519255989;0.0;0.0;0.0;0.0;0.0;0.0;0.0
2030-08-29 09:00:00;195.051707344811;0.0;0.0;0.0;0.0;0.0;0.0;0.0
2030-08-29 10:00:00;194.9618749018019;0.0;0.0;0.0;0.0;0.0;0.0;0.0
2030-08-29 11:00:00;195.1254885902773;0.0;0.0;0.0;0.0;0.0;0.0;0.0
2030-08-29 12:00:00;195.0978243915073;0.0;0.0;0.0;0.0;0.0;0.0;0.0
2030-08-29 13:00:00;195.1032038204;0.0;0.0;0.0;0.0;0.0;0.0;0.0
2030-08-29 14:00:00;195.1270093005621;0.0;0.0;0.0;0.0;0.0;0.0;0.0
2030-08-29 15:00:00;195.2408247515858;0.0;0.0;0.0;0.0;0.0;0.0;0.0
2030-08-29 16:00:00;195.2502571748497;0.0;0.0;0.0;0.0;0.0;0.0;0.0
2030-08-29 17:00:00;195.1213753034279;0.0;0.0;0.0;0.0;0.0;0.0;0.0
2030-08-29 18:00:00;210.9940803139252;0.0;0.0;0.0;0.0;0.0;0.0;0.0
2030-08-29 19:00:00;210.9775132807351;0.0;0.0;0.0;0.0;0.0;0.0;0.0
2030-08-29 20:00:00;210.9345950849681;0.0;0.0;0.0;0.0;0.0;0.0;0.0
2030-08-29 21:00:00;210.9220442007459;0.0;0.0;0.0;0.0;0.0;0.0;0.0
2030-08-29 22:00:00;210.8011845785134;0.0;0.0;0.0;0.0;0.0;0.0;0.0
2030-08-29 23:00:00;210.7673270023944;0.0;0.0;0.0;0.0;0.0;0.0;0.0
2030-08-30 00:00:00;210.9264388524939;0.0;0.0;0.0;0.0;0.0;0.0;0.0
2030-08-30 01:00:00;210.8188569738046;0.0;0.0;0.0;0.0;0.0;0.0;0.0
2030-08-30 02:00:00;194.9196701670276;0.0;0.0;0.0;0.0;0.0;0.0;0.0
2030-08-30 03:00:00;210.7958118487849;0.0;0.0;0.0;0.0;0.0;0.0;0.0
2030-08-30 04:00:00;210.818009529527;0.0;0.0;0.0;0.0;0.0;0.0;0.0
2030-08-30 05:00:00;210.8366365557239;0.0;0.0;0.0;0.0;0.0;0.0;0.0
2030-08-30 06:00:00;210.8948221468165;0.0;0.0;0.0;0.0;0.0;0.0;0.0
2030-08-30 07:00:00;211.0075121382462;0.0;0.0;0.0;0.0;0.0;0.0;0.0
2030-08-30 08:00:00;195.2170996613948;0.0;0.0;0.0;0.0;0.0;0.0;0.0
2030-08-30 09:00:00;195.4287530567063;0.0;0.0;0.0;0.0;0.0;0.0;0.0
2030-08-30 10:00:00;195.0022943093037;0.0;0.0;0.0;0.0;0.0;0.0;0.0
2030-08-30 11:00:00;195.0360379996304;0.0;0.0;0.0;0.0;0.0;0.0;0.0
2030-08-30 12:00:00;195.0176655416752;0.0;0.0;0.0;0.0;0.0;0.0;0.0
2030-08-30 13:00:00;194.8930309403877;0.0;0.0;0.0;0.0;0.0;0.0;0.0
2030-08-30 14:00:00;194.9195294845783;0.0;0.0;0.0;0.0;0.0;0.0;0.0
2030-08-30 15:00:00;194.9627290452437;0.0;0.0;0.0;0.0;0.0;0.0;0.0
2030-08-30 16:00:00;194.9093434053363;0.0;0.0;0.0;0.0;0.0;0.0;0.0
2030-08-30 17:00:00;195.0113750264445;0.0;0.0;0.0;0.0;0.0;0.0;0.0
2030-08-30 18:00:00;195.0382688213257;0.0;0.0;0.0;0.0;0.0;0.0;0.0
2030-08-30 19:00:00;195.0435075677691;0.0;0.0;0.0;0.0;0.0;0.0;0.0
2030-08-30 20:00:00;195.1484834715652;0.0;0.0;0.0;0.0;0.0;0.0;0.0
2030-08-30 21:00:00;195.1911136032694;0.0;0.0;0.0;0.0;0.0;0.0;0.0
2030-08-30 22:00:00;195.0829455477083;0.0;0.0;0.0;0.0;0.0;0.0;0.0
2030-08-30 23:00:00;194.9086734889113;0.0;0.0;0.0;0.0;0.0;0.0;0.0
2030-08-31 00:00:00;194.7773430729561;0.0;0.0;0.0;0.0;0.0;0.0;0.0
2030-08-31 01:00:00;194.7702185117764;0.0;0.0;0.0;0.0;0.0;0.0;0.0
2030-08-31 02:00:00;194.6994351423119;0.0;0.0;0.0;0.0;0.0;0.0;0.0
2030-08-31 03:00:00;194.6402078311785;0.0;0.0;0.0;0.0;0.0;0.0;0.0
2030-08-31 04:00:00;194.602880087978;0.0;0.0;0.0;0.0;0.0;0.0;0.0
2030-08-31 05:00:00;194.6365601362444;0.0;0.0;0.0;0.0;0.0;0.0;0.0
2030-08-31 06:00:00;194.7106662911769;0.0;0.0;0.0;0.0;0.0;0.0;0.0
2030-08-31 07:00:00;194.774258107819;0.0;0.0;0.0;0.0;0.0;0.0;0.0
2030-08-31 08:00:00;194.897110731416;0.0;0.0;0.0;0.0;0.0;0.0;0.0
2030-08-31 09:00:00;194.8791603208084;0.0;0.0;0.0;0.0;0.0;0.0;0.0
2030-08-31 10:00:00;194.4460660512162;0.0;0.0;0.0;0.0;0.0;0.0;0.0
2030-08-31 11:00:00;194.2772504617008;0.0;0.0;0.0;0.0;0.0;0.0;0.0
2030-08-31 12:00:00;194.4218720195277;0.0;0.0;0.0;0.0;0.0;0.0;0.0
2030-08-31 13:00:00;194.1856929838974;0.0;0.0;0.0;0.0;0.0;0.0;0.0
2030-08-31 14:00:00;194.2532775024325;0.0;0.0;0.0;0.0;0.0;0.0;0.0
2030-08-31 15:00:00;194.2255128161988;0.0;0.0;0.0;0.0;0.0;0.0;0.0
2030-08-31 16:00:00;194.2905215060798;0.0;0.0;0.0;0.0;0.0;0.0;0.0
2030-08-31 17:00:00;194.5056350197264;0.0;0.0;0.0;0.0;0.0;0.0;0.0
2030-08-31 18:00:00;194.7497760120678;0.0;0.0;0.0;0.0;0.0;0.0;0.0
2030-08-31 19:00:00;194.8399769091106;0.0;0.0;0.0;0.0;0.0;0.0;0.0
2030-08-31 20:00:00;194.7464699745105;0.0;0.0;0.0;0.0;0.0;0.0;0.0
2030-08-31 21:00:00;194.6987049334087;0.0;0.0;0.0;0.0;0.0;0.0;0.0
2030-08-31 22:00:00;194.7178980389847;0.0;0.0;0.0;0.0;0.0;0.0;0.0
2030-08-31 23:00:00;194.5934074697287;0.0;0.0;0.0;0.0;0.0;0.0;0.0
2030-09-01 00:00:00;194.2236872939407;0.0;0.0;0.0;0.0;0.0;0.0;0.0
2030-09-01 01:00:00;194.0273414889402;0.0;0.0;0.0;0.0;0.0;0.0;0.0
2030-09-01 02:00:00;193.9057047636547;0.0;0.0;0.0;0.0;0.0;0.0;0.0
2030-09-01 03:00:00;193.8802077445196;0.0;0.0;0.0;0.0;0.0;0.0;0.0
2030-09-01 04:00:00;193.8833664004633;0.0;0.0;0.0;0.0;0.0;0.0;0.0
2030-09-01 05:00:00;193.9155625838484;0.0;0.0;0.0;0.0;0.0;0.0;0.0
2030-09-01 06:00:00;193.9792850341936;0.0;0.0;0.0;0.0;0.0;0.0;0.0
2030-09-01 07:00:00;193.9633979661749;0.0;0.0;0.0;0.0;0.0;0.0;0.0
2030-09-01 08:00:00;193.9911358557516;0.0;0.0;0.0;0.0;0.0;0.0;0.0
2030-09-01 09:00:00;194.0393899358437;0.0;0.0;0.0;0.0;0.0;0.0;0.0
2030-09-01 10:00:00;194.0204848943305;0.0;0.0;0.0;0.0;0.0;0.0;0.0
2030-09-01 11:00:00;194.014656621433;0.0;0.0;0.0;0.0;0.0;0.0;0.0
2030-09-01 12:00:00;194.0037068374665;0.0;0.0;0.0;0.0;0.0;0.0;0.0
2030-09-01 13:00:00;193.9482947003735;0.0;0.0;0.0;0.0;0.0;0.0;0.0
2030-09-01 14:00:00;193.8654729327519;0.0;0.0;0.0;0.0;0.0;0.0;0.0
2030-09-01 15:00:00;193.8617515470111;0.0;0.0;0.0;0.0;0.0;0.0;0.0
2030-09-01 16:00:00;193.9825039826156;0.0;0.0;0.0;0.0;0.0;0.0;0.0
2030-09-01 17:00:00;194.1927237567776;0.0;0.0;0.0;0.0;0.0;0.0;0.0
2030-09-01 18:00:00;194.3844404392814;0.0;0.0;0.0;0.0;0.0;0.0;0.0
2030-09-01 19:00:00;194.530636300707;0.0;0.0;0.0;0.0;0.0;0.0;0.0
2030-09-01 20:00:00;194.5961541270711;0.0;0.0;0.0;0.0;0.0;0.0;0.0
2030-09-01 21:00:00;197.5907642863317;0.0;0.0;0.0;0.0;0.0;0.0;0.0
2030-09-01 22:00:00;210.4666551125301;0.0;0.0;0.0;0.0;0.0;0.0;0.0
2030-09-01 23:00:00;210.5032057526777;0.0;0.0;0.0;0.0;0.0;0.0;0.0
2030-09-02 00:00:00;210.3778643895619;0.0;0.0;0.0;0.0;0.0;0.0;0.0
2030-09-02 01:00:00;210.2954981651093;0.0;0.0;0.0;0.0;0.0;0.0;0.0
2030-09-02 02:00:00;210.3031318627721;0.0;0.0;0.0;0.0;0.0;0.0;0.0
2030-09-02 03:00:00;210.320234829102;0.0;0.0;0.0;0.0;0.0;0.0;0.0
2030-09-02 04:00:00;210.5321025976696;0.0;0.0;0.0;0.0;0.0;0.0;0.0
2030-09-02 05:00:00;210.7323473162635;0.0;0.0;0.0;0.0;0.0;0.0;0.0
2030-09-02 06:00:00;211.0565533701376;0.0;0.0;0.0;0.0;0.0;0.0;0.0
2030-09-02 07:00:00;210.9856460661346;0.0;0.0;0.0;0.0;0.0;0.0;0.0
2030-09-02 08:00:00;202.0084779071994;0.0;0.0;0.0;0.0;0.0;0.0;0.0
2030-09-02 09:00:00;195.1032071699822;0.0;0.0;0.0;0.0;0.0;0.0;0.0
2030-09-02 10:00:00;195.0469274911187;0.0;0.0;0.0;0.0;0.0;0.0;0.0
2030-09-02 11:00:00;195.0339043158169;0.0;0.0;0.0;0.0;0.0;0.0;0.0
2030-09-02 12:00:00;194.9725533696162;0.0;0.0;0.0;0.0;0.0;0.0;0.0
2030-09-02 13:00:00;194.9800932789796;0.0;0.0;0.0;0.0;0.0;0.0;0.0
2030-09-02 14:00:00;194.9112526671476;0.0;0.0;0.0;0.0;0.0;0.0;0.0
2030-09-02 15:00:00;194.9864440866885;0.0;0.0;0.0;0.0;0.0;0.0;0.0
2030-09-02 16:00:00;195.0262002769294;0.0;0.0;0.0;0.0;0.0;0.0;0.0
2030-09-02 17:00:00;195.0488267041836;0.0;0.0;0.0;0.0;0.0;0.0;0.0
2030-09-02 18:00:00;195.1048451156412;0.0;0.0;0.0;0.0;0.0;0.0;0.0
2030-09-02 19:00:00;195.1010198928546;0.0;0.0;0.0;0.0;0.0;0.0;0.0
2030-09-02 20:00:00;195.1671741398224;0.0;0.0;0.0;0.0;0.0;0.0;0.0
2030-09-02 21:00:00;195.1620995229031;0.0;0.0;0.0;0.0;0.0;0.0;0.0
2030-09-02 22:00:00;195.051305394956;0.0;0.0;0.0;0.0;0.0;0.0;0.0
2030-09-02 23:00:00;194.9265937532798;0.0;0.0;0.0;0.0;0.0;0.0;0.0
2030-09-03 00:00:00;195.043129064989;0.0;0.0;0.0;0.0;0.0;0.0;0.0
2030-09-03 01:00:00;195.0413303393879;0.0;0.0;0.0;0.0;0.0;0.0;0.0
2030-09-03 02:00:00;194.9978326659133;0.0;0.0;0.0;0.0;0.0;0.0;0.0
2030-09-03 03:00:00;194.8654035870211;0.0;0.0;0.0;0.0;0.0;0.0;0.0
2030-09-03 04:00:00;194.8631057736834;0.0;0.0;0.0;0.0;0.0;0.0;0.0
2030-09-03 05:00:00;210.8723297028474;0.0;0.0;0.0;0.0;0.0;0.0;0.0
2030-09-03 06:00:00;211.1062410713792;0.0;0.0;0.0;0.0;0.0;0.0;0.0
2030-09-03 07:00:00;211.1428051098551;0.0;0.0;0.0;0.0;0.0;0.0;0.0
2030-09-03 08:00:00;210.9837167068305;0.0;0.0;0.0;0.0;0.0;0.0;0.0
2030-09-03 09:00:00;195.181480205078;0.0;0.0;0.0;0.0;0.0;0.0;0.0
2030-09-03 10:00:00;195.2681908375467;0.0;0.0;0.0;0.0;0.0;0.0;0.0
2030-09-03 11:00:00;195.2845334487344;0.0;0.0;0.0;0.0;0.0;0.0;0.0
2030-09-03 12:00:00;195.2285820289191;0.0;0.0;0.0;0.0;0.0;0.0;0.0
2030-09-03 13:00:00;195.2677687901989;0.0;0.0;0.0;0.0;0.0;0.0;0.0
2030-09-03 14:00:00;195.273774590949;0.0;0.0;0.0;0.0;0.0;0.0;0.0
2030-09-03 15:00:00;195.3070124943749;0.0;0.0;0.0;0.0;0.0;0.0;0.0
2030-09-03 16:00:00;211.1456824009005;0.0;0.0;0.0;0.0;0.0;0.0;0.0
2030-09-03 17:00:00;211.2751069046265;0.0;0.0;0.0;0.0;0.0;0.0;0.0
2030-09-03 18:00:00;211.1741705968732;0.0;0.0;0.0;0.0;0.0;0.0;0.0
2030-09-03 19:00:00;210.9800656623143;0.0;0.0;0.0;0.0;0.0;0.0;0.0
2030-09-03 20:00:00;210.889958553571;0.0;0.0;0.0;0.0;0.0;0.0;0.0
2030-09-03 21:00:00;210.8982219726732;0.0;0.0;0.0;0.0;0.0;0.0;0.0
2030-09-03 22:00:00;210.7855855745575;0.0;0.0;0.0;0.0;0.0;0.0;0.0
2030-09-03 23:00:00;210.835728818968;0.0;0.0;0.0;0.0;0.0;0.0;0.0
2030-09-04 00:00:00;210.8951437067004;0.0;0.0;0.0;0.0;0.0;0.0;0.0
2030-09-04 01:00:00;210.9393514915856;0.0;0.0;0.0;0.0;0.0;0.0;0.0
2030-09-04 02:00:00;210.9238596742576;0.0;0.0;0.0;0.0;0.0;0.0;0.0
2030-09-04 03:00:00;210.9206340266713;0.0;0.0;0.0;0.0;0.0;0.0;0.0
2030-09-04 04:00:00;210.9435753146451;0.0;0.0;0.0;0.0;0.0;0.0;0.0
2030-09-04 05:00:00;210.925852675622;0.0;0.0;0.0;0.0;0.0;0.0;0.0
2030-09-04 06:00:00;211.1122602704577;0.0;0.0;0.0;0.0;0.0;0.0;0.0
2030-09-04 07:00:00;211.0865388293202;0.0;0.0;0.0;0.0;0.0;0.0;0.0
2030-09-04 08:00:00;211.0956396439537;0.0;0.0;0.0;0.0;0.0;0.0;0.0
2030-09-04 09:00:00;211.0120005782937;0.0;0.0;0.0;0.0;0.0;0.0;0.0
2030-09-04 10:00:00;210.907302689814;0.0;0.0;0.0;0.0;0.0;0.0;0.0
2030-09-04 11:00:00;210.8037336105104;0.0;0.0;0.0;0.0;0.0;0.0;0.0
2030-09-04 12:00:00;210.6533105764431;0.0;0.0;0.0;0.0;0.0;0.0;0.0
2030-09-04 13:00:00;210.8942828640942;0.0;0.0;0.0;0.0;0.0;0.0;0.0
2030-09-04 14:00:00;210.990965202549;0.0;0.0;0.0;0.0;0.0;0.0;0.0
2030-09-04 15:00:00;211.0537765665561;0.0;0.0;0.0;0.0;0.0;0.0;0.0
2030-09-04 16:00:00;210.9777912960515;0.0;0.0;0.0;0.0;0.0;0.0;0.0
2030-09-04 17:00:00;210.9859341301972;0.0;0.0;0.0;0.0;0.0;0.0;0.0
2030-09-04 18:00:00;210.7417629916167;0.0;0.0;0.0;0.0;0.0;0.0;0.0
2030-09-04 19:00:00;210.9514602309673;0.0;0.0;0.0;0.0;0.0;0.0;0.0
2030-09-04 20:00:00;210.911134611765;0.0;0.0;0.0;0.0;0.0;0.0;0.0
2030-09-04 21:00:00;210.8219017439562;0.0;0.0;0.0;0.0;0.0;0.0;0.0
2030-09-04 22:00:00;210.7681610483435;0.0;0.0;0.0;0.0;0.0;0.0;0.0
2030-09-04 23:00:00;210.6710499633769;0.0;0.0;0.0;0.0;0.0;0.0;0.0
2030-09-05 00:00:00;210.5174079808874;0.0;0.0;0.0;0.0;0.0;0.0;0.0
2030-09-05 01:00:00;210.6317694137975;0.0;0.0;0.0;0.0;0.0;0.0;0.0
2030-09-05 02:00:00;210.5991813293039;0.0;0.0;0.0;0.0;0.0;0.0;0.0
2030-09-05 03:00:00;210.4863305579321;0.0;0.0;0.0;0.0;0.0;0.0;0.0
2030-09-05 04:00:00;210.4924334965638;0.0;0.0;0.0;0.0;0.0;0.0;0.0
2030-09-05 05:00:00;210.5573952922951;0.0;0.0;0.0;0.0;0.0;0.0;0.0
2030-09-05 06:00:00;210.9640613589213;0.0;0.0;0.0;0.0;0.0;0.0;0.0
2030-09-05 07:00:00;211.0456169844997;0.0;0.0;0.0;0.0;0.0;0.0;0.0
2030-09-05 08:00:00;211.1178641213527;0.0;0.0;0.0;0.0;0.0;0.0;0.0
2030-09-05 09:00:00;195.1737292720409;0.0;0.0;0.0;0.0;0.0;0.0;0.0
2030-09-05 10:00:00;195.1261317100453;0.0;0.0;0.0;0.0;0.0;0.0;0.0
2030-09-05 11:00:00;195.1153494051851;0.0;0.0;0.0;0.0;0.0;0.0;0.0
2030-09-05 12:00:00;195.0093518788409;0.0;0.0;0.0;0.0;0.0;0.0;0.0
2030-09-05 13:00:00;195.0626604783596;0.0;0.0;0.0;0.0;0.0;0.0;0.0
2030-09-05 14:00:00;194.866579290347;0.0;0.0;0.0;0.0;0.0;0.0;0.0
2030-09-05 15:00:00;195.2035740487742;0.0;0.0;0.0;0.0;0.0;0.0;0.0
2030-09-05 16:00:00;195.1334940915559;0.0;0.0;0.0;0.0;0.0;0.0;0.0
2030-09-05 17:00:00;195.1836272872201;0.0;0.0;0.0;0.0;0.0;0.0;0.0
2030-09-05 18:00:00;211.0165292133266;0.0;0.0;0.0;0.0;0.0;0.0;0.0
2030-09-05 19:00:00;211.0266248538512;0.0;0.0;0.0;0.0;0.0;0.0;0.0
2030-09-05 20:00:00;211.0941524294903;0.0;0.0;0.0;0.0;0.0;0.0;0.0
2030-09-05 21:00:00;210.9864734129193;0.0;0.0;0.0;0.0;0.0;0.0;0.0
2030-09-05 22:00:00;210.8964533933113;0.0;0.0;0.0;0.0;0.0;0.0;0.0
2030-09-05 23:00:00;210.8793470773991;0.0;0.0;0.0;0.0;0.0;0.0;0.0
2030-09-06 00:00:00;210.7093423862293;0.0;0.0;0.0;0.0;0.0;0.0;0.0
2030-09-06 01:00:00;210.6873155341756;0.0;0.0;0.0;0.0;0.0;0.0;0.0
2030-09-06 02:00:00;210.6668663353028;0.0;0.0;0.0;0.0;0.0;0.0;0.0
2030-09-06 03:00:00;210.6639053047044;0.0;0.0;0.0;0.0;0.0;0.0;0.0
2030-09-06 04:00:00;210.610924964234;0.0;0.0;0.0;0.0;0.0;0.0;0.0
2030-09-06 05:00:00;210.6850947612268;0.0;0.0;0.0;0.0;0.0;0.0;0.0
2030-09-06 06:00:00;210.9904962610514;0.0;0.0;0.0;0.0;0.0;0.0;0.0
2030-09-06 07:00:00;211.135643703272;0.0;0.0;0.0;0.0;0.0;0.0;0.0
2030-09-06 08:00:00;211.1468815513012;0.0;0.0;0.0;0.0;0.0;0.0;0.0
2030-09-06 09:00:00;195.329772904914;0.0;0.0;0.0;0.0;0.0;0.0;0.0
2030-09-06 10:00:00;195.2534928711824;0.0;0.0;0.0;0.0;0.0;0.0;0.0
2030-09-06 11:00:00;195.062268577251;0.0;0.0;0.0;0.0;0.0;0.0;0.0
2030-09-06 12:00:00;194.9564318308489;0.0;0.0;0.0;0.0;0.0;0.0;0.0
2030-09-06 13:00:00;194.9107703273216;0.0;0.0;0.0;0.0;0.0;0.0;0.0
2030-09-06 14:00:00;195.0333817810054;0.0;0.0;0.0;0.0;0.0;0.0;0.0
2030-09-06 15:00:00;195.1853322245217;0.0;0.0;0.0;0.0;0.0;0.0;0.0
2030-09-06 16:00:00;195.3146059970521;0.0;0.0;0.0;0.0;0.0;0.0;0.0
2030-09-06 17:00:00;195.3720077859275;0.0;0.0;0.0;0.0;0.0;0.0;0.0
2030-09-06 18:00:00;211.1590807294003;0.0;0.0;0.0;0.0;0.0;0.0;0.0
2030-09-06 19:00:00;211.089858265206;0.0;0.0;0.0;0.0;0.0;0.0;0.0
2030-09-06 20:00:00;211.1353355417165;0.0;0.0;0.0;0.0;0.0;0.0;0.0
2030-09-06 21:00:00;211.0540512322903;0.0;0.0;0.0;0.0;0.0;0.0;0.0
2030-09-06 22:00:00;210.9835257806494;0.0;0.0;0.0;0.0;0.0;0.0;0.0
2030-09-06 23:00:00;210.918265872109;0.0;0.0;0.0;0.0;0.0;0.0;0.0
2030-09-07 00:00:00;210.6641799704386;0.0;0.0;0.0;0.0;0.0;0.0;0.0
2030-09-07 01:00:00;210.5667339272595;0.0;0.0;0.0;0.0;0.0;0.0;0.0
2030-09-07 02:00:00;210.6158254028828;0.0;0.0;0.0;0.0;0.0;0.0;0.0
2030-09-07 03:00:00;210.6386025613324;0.0;0.0;0.0;0.0;0.0;0.0;0.0
2030-09-07 04:00:00;210.637624483352;0.0;0.0;0.0;0.0;0.0;0.0;0.0
2030-09-07 05:00:00;210.6645986682042;0.0;0.0;0.0;0.0;0.0;0.0;0.0
2030-09-07 06:00:00;210.752357719878;0.0;0.0;0.0;0.0;0.0;0.0;0.0
2030-09-07 07:00:00;210.7994762916297;0.0;0.0;0.0;0.0;0.0;0.0;0.0
2030-09-07 08:00:00;202.8528774146608;0.0;0.0;0.0;0.0;0.0;0.0;0.0
2030-09-07 09:00:00;194.9352289759979;0.0;0.0;0.0;0.0;0.0;0.0;0.0
2030-09-07 10:00:00;195.0409250399508;0.0;0.0;0.0;0.0;0.0;0.0;0.0
2030-09-07 11:00:00;194.7424337280499;0.0;0.0;0.0;0.0;0.0;0.0;0.0
2030-09-07 12:00:00;194.8095761017445;0.0;0.0;0.0;0.0;0.0;0.0;0.0
2030-09-07 13:00:00;194.8388547990988;0.0;0.0;0.0;0.0;0.0;0.0;0.0
2030-09-07 14:00:00;194.7962481144694;0.0;0.0;0.0;0.0;0.0;0.0;0.0
2030-09-07 15:00:00;194.7631274464178;0.0;0.0;0.0;0.0;0.0;0.0;0.0
2030-09-07 16:00:00;194.8322460735662;0.0;0.0;0.0;0.0;0.0;0.0;0.0
2030-09-07 17:00:00;194.9049018594386;0.0;0.0;0.0;0.0;0.0;0.0;0.0
2030-09-07 18:00:00;194.9711030005561;0.0;0.0;0.0;0.0;0.0;0.0;0.0
2030-09-07 19:00:00;195.0668608543443;0.0;0.0;0.0;0.0;0.0;0.0;0.0
2030-09-07 20:00:00;195.0874976298161;0.0;0.0;0.0;0.0;0.0;0.0;0.0
2030-09-07 21:00:00;194.974824386297;0.0;0.0;0.0;0.0;0.0;0.0;0.0
2030-09-07 22:00:00;194.9395030427893;0.0;0.0;0.0;0.0;0.0;0.0;0.0
2030-09-07 23:00:00;194.9377713088307;0.0;0.0;0.0;0.0;0.0;0.0;0.0
2030-09-08 00:00:00;194.8702135869526;0.0;0.0;0.0;0.0;0.0;0.0;0.0
2030-09-08 01:00:00;194.8740622568142;0.0;0.0;0.0;0.0;0.0;0.0;0.0
2030-09-08 02:00:00;194.8717778418049;0.0;0.0;0.0;0.0;0.0;0.0;0.0
2030-09-08 03:00:00;194.8470981207083;0.0;0.0;0.0;0.0;0.0;0.0;0.0
2030-09-08 04:00:00;194.8373943812923;0.0;0.0;0.0;0.0;0.0;0.0;0.0
2030-09-08 05:00:00;194.7847858444379;0.0;0.0;0.0;0.0;0.0;0.0;0.0
2030-09-08 06:00:00;194.4159399095844;0.0;0.0;0.0;0.0;0.0;0.0;0.0
2030-09-08 07:00:00;194.4175711560793;0.0;0.0;0.0;0.0;0.0;0.0;0.0
2030-09-08 08:00:00;194.6094218218681;0.0;0.0;0.0;0.0;0.0;0.0;0.0
2030-09-08 09:00:00;194.5994367175536;0.0;0.0;0.0;0.0;0.0;0.0;0.0
2030-09-08 10:00:00;194.6408342030359;0.0;0.0;0.0;0.0;0.0;0.0;0.0
2030-09-08 11:00:00;194.7317217644144;0.0;0.0;0.0;0.0;0.0;0.0;0.0
2030-09-08 12:00:00;194.714906862147;0.0;0.0;0.0;0.0;0.0;0.0;0.0
2030-09-08 13:00:00;194.7337281641072;0.0;0.0;0.0;0.0;0.0;0.0;0.0
2030-09-08 14:00:00;194.8081290822666;0.0;0.0;0.0;0.0;0.0;0.0;0.0
2030-09-08 15:00:00;194.8554050843782;0.0;0.0;0.0;0.0;0.0;0.0;0.0
2030-09-08 16:00:00;194.8385231904684;0.0;0.0;0.0;0.0;0.0;0.0;0.0
2030-09-08 17:00:00;210.752572093134;0.0;0.0;0.0;0.0;0.0;0.0;0.0
2030-09-08 18:00:00;210.7693367516694;0.0;0.0;0.0;0.0;0.0;0.0;0.0
2030-09-08 19:00:00;210.8608707823979;0.0;0.0;0.0;0.0;0.0;0.0;0.0
2030-09-08 20:00:00;210.8929798766476;0.0;0.0;0.0;0.0;0.0;0.0;0.0
2030-09-08 21:00:00;210.8340741253983;0.0;0.0;0.0;0.0;0.0;0.0;0.0
2030-09-08 22:00:00;210.6684406389015;0.0;0.0;0.0;0.0;0.0;0.0;0.0
2030-09-08 23:00:00;210.5412838022741;0.0;0.0;0.0;0.0;0.0;0.0;0.0
2030-09-09 00:00:00;210.2859250593962;0.0;0.0;0.0;0.0;0.0;0.0;0.0
2030-09-09 01:00:00;210.5260130573664;0.0;0.0;0.0;0.0;0.0;0.0;0.0
2030-09-09 02:00:00;210.5126549238521;0.0;0.0;0.0;0.0;0.0;0.0;0.0
2030-09-09 03:00:00;210.5538782310638;0.0;0.0;0.0;0.0;0.0;0.0;0.0
2030-09-09 04:00:00;210.7296810488921;0.0;0.0;0.0;0.0;0.0;0.0;0.0
2030-09-09 05:00:00;210.8563120011259;0.0;0.0;0.0;0.0;0.0;0.0;0.0
2030-09-09 06:00:00;211.1657162515899;0.0;0.0;0.0;0.0;0.0;0.0;0.0
2030-09-09 07:00:00;211.3498963743125;0.0;0.0;0.0;0.0;0.0;0.0;0.0
2030-09-09 08:00:00;211.4314252032338;0.0;0.0;0.0;0.0;0.0;0.0;0.0
2030-09-09 09:00:00;211.2812902332292;0.0;0.0;0.0;0.0;0.0;0.0;0.0
2030-09-09 10:00:00;195.2427507613077;0.0;0.0;0.0;0.0;0.0;0.0;0.0
2030-09-09 11:00:00;195.2095564024494;0.0;0.0;0.0;0.0;0.0;0.0;0.0
2030-09-09 12:00:00;195.237398129072;0.0;0.0;0.0;0.0;0.0;0.0;0.0
2030-09-09 13:00:00;195.3027283788371;0.0;0.0;0.0;0.0;0.0;0.0;0.0
2030-09-09 14:00:00;195.2808087134114;0.0;0.0;0.0;0.0;0.0;0.0;0.0
2030-09-09 15:00:00;195.2706226341694;0.0;0.0;0.0;0.0;0.0;0.0;0.0
2030-09-09 16:00:00;211.1386683759308;0.0;0.0;0.0;0.0;0.0;0.0;0.0
2030-09-09 17:00:00;210.9666438867397;0.0;0.0;0.0;0.0;0.0;0.0;0.0
2030-09-09 18:00:00;210.9904393181554;0.0;0.0;0.0;0.0;0.0;0.0;0.0
2030-09-09 19:00:00;211.0066044014903;0.0;0.0;0.0;0.0;0.0;0.0;0.0
2030-09-09 20:00:00;211.0247591366076;0.0;0.0;0.0;0.0;0.0;0.0;0.0
2030-09-09 21:00:00;211.0127810309287;0.0;0.0;0.0;0.0;0.0;0.0;0.0
2030-09-09 22:00:00;210.885510308509;0.0;0.0;0.0;0.0;0.0;0.0;0.0
2030-09-09 23:00:00;210.7487200736903;0.0;0.0;0.0;0.0;0.0;0.0;0.0
2030-09-10 00:00:00;210.7505254984557;0.0;0.0;0.0;0.0;0.0;0.0;0.0
2030-09-10 01:00:00;210.6204210295582;0.0;0.0;0.0;0.0;0.0;0.0;0.0
2030-09-10 02:00:00;210.685208647019;0.0;0.0;0.0;0.0;0.0;0.0;0.0
2030-09-10 03:00:00;210.7093892803791;0.0;0.0;0.0;0.0;0.0;0.0;0.0
2030-09-10 04:00:00;210.7908980118077;0.0;0.0;0.0;0.0;0.0;0.0;0.0
2030-09-10 05:00:00;210.9050953151936;0.0;0.0;0.0;0.0;0.0;0.0;0.0
2030-09-10 06:00:00;211.2228601226416;0.0;0.0;0.0;0.0;0.0;0.0;0.0
2030-09-10 07:00:00;211.2981386313177;0.0;0.0;0.0;0.0;0.0;0.0;0.0
2030-09-10 08:00:00;211.3388360541358;0.0;0.0;0.0;0.0;0.0;0.0;0.0
2030-09-10 09:00:00;195.4932291630295;0.0;0.0;0.0;0.0;0.0;0.0;0.0
2030-09-10 10:00:00;195.0755429712121;0.0;0.0;0.0;0.0;0.0;0.0;0.0
2030-09-10 11:00:00;195.2508065063182;0.0;0.0;0.0;0.0;0.0;0.0;0.0
2030-09-10 12:00:00;195.1532298294362;0.0;0.0;0.0;0.0;0.0;0.0;0.0
2030-09-10 13:00:00;195.1281481584846;0.0;0.0;0.0;0.0;0.0;0.0;0.0
2030-09-10 14:00:00;195.141322064982;0.0;0.0;0.0;0.0;0.0;0.0;0.0
2030-09-10 15:00:00;195.1322714940804;0.0;0.0;0.0;0.0;0.0;0.0;0.0
2030-09-10 16:00:00;195.1866084153113;0.0;0.0;0.0;0.0;0.0;0.0;0.0
2030-09-10 17:00:00;195.3393493602092;0.0;0.0;0.0;0.0;0.0;0.0;0.0
2030-09-10 18:00:00;195.3947447493916;0.0;0.0;0.0;0.0;0.0;0.0;0.0
2030-09-10 19:00:00;201.1483018679296;0.0;0.0;0.0;0.0;0.0;0.0;0.0
2030-09-10 20:00:00;195.3870273121758;0.0;0.0;0.0;0.0;0.0;0.0;0.0
2030-09-10 21:00:00;195.3848165879733;0.0;0.0;0.0;0.0;0.0;0.0;0.0
2030-09-10 22:00:00;195.1552161316363;0.0;0.0;0.0;0.0;0.0;0.0;0.0
2030-09-10 23:00:00;195.0290340234073;0.0;0.0;0.0;0.0;0.0;0.0;0.0
2030-09-11 00:00:00;194.9404174787095;0.0;0.0;0.0;0.0;0.0;0.0;0.0
2030-09-11 01:00:00;194.8273925290672;0.0;0.0;0.0;0.0;0.0;0.0;0.0
2030-09-11 02:00:00;194.7494745496766;0.0;0.0;0.0;0.0;0.0;0.0;0.0
2030-09-11 03:00:00;194.5982275184064;0.0;0.0;0.0;0.0;0.0;0.0;0.0
2030-09-11 04:00:00;194.5958124696944;0.0;0.0;0.0;0.0;0.0;0.0;0.0
2030-09-11 05:00:00;194.7425107684388;0.0;0.0;0.0;0.0;0.0;0.0;0.0
2030-09-11 06:00:00;194.9876097412679;0.0;0.0;0.0;0.0;0.0;0.0;0.0
2030-09-11 07:00:00;195.0621714393694;0.0;0.0;0.0;0.0;0.0;0.0;0.0
2030-09-11 08:00:00;194.9952467885129;0.0;0.0;0.0;0.0;0.0;0.0;0.0
2030-09-11 09:00:00;194.9576477291602;0.0;0.0;0.0;0.0;0.0;0.0;0.0
2030-09-11 10:00:00;194.7610540550825;0.0;0.0;0.0;0.0;0.0;0.0;0.0
2030-09-11 11:00:00;194.6253926294398;0.0;0.0;0.0;0.0;0.0;0.0;0.0
2030-09-11 12:00:00;194.7859782956743;0.0;0.0;0.0;0.0;0.0;0.0;0.0
2030-09-11 13:00:00;194.8968729110851;0.0;0.0;0.0;0.0;0.0;0.0;0.0
2030-09-11 14:00:00;194.785753873672;0.0;0.0;0.0;0.0;0.0;0.0;0.0
2030-09-11 15:00:00;194.8502433783236;0.0;0.0;0.0;0.0;0.0;0.0;0.0
2030-09-11 16:00:00;194.935339512208;0.0;0.0;0.0;0.0;0.0;0.0;0.0
2030-09-11 17:00:00;195.0739251230459;0.0;0.0;0.0;0.0;0.0;0.0;0.0
2030-09-11 18:00:00;195.1040747117525;0.0;0.0;0.0;0.0;0.0;0.0;0.0
2030-09-11 19:00:00;195.0263878535285;0.0;0.0;0.0;0.0;0.0;0.0;0.0
2030-09-11 20:00:00;195.0131302074779;0.0;0.0;0.0;0.0;0.0;0.0;0.0
2030-09-11 21:00:00;194.9266741432508;0.0;0.0;0.0;0.0;0.0;0.0;0.0
2030-09-11 22:00:00;194.8209948272086;0.0;0.0;0.0;0.0;0.0;0.0;0.0
2030-09-11 23:00:00;194.6086547675614;0.0;0.0;0.0;0.0;0.0;0.0;0.0
2030-09-12 00:00:00;194.545029455098;0.0;0.0;0.0;0.0;0.0;0.0;0.0
2030-09-12 01:00:00;194.415069018232;0.0;0.0;0.0;0.0;0.0;0.0;0.0
2030-09-12 02:00:00;194.3957921731028;0.0;0.0;0.0;0.0;0.0;0.0;0.0
2030-09-12 03:00:00;194.4288558982583;0.0;0.0;0.0;0.0;0.0;0.0;0.0
2030-09-12 04:00:00;194.609123709059;0.0;0.0;0.0;0.0;0.0;0.0;0.0
2030-09-12 05:00:00;194.7467680873196;0.0;0.0;0.0;0.0;0.0;0.0;0.0
2030-09-12 06:00:00;195.0616623028864;0.0;0.0;0.0;0.0;0.0;0.0;0.0
2030-09-12 07:00:00;195.1326298993678;0.0;0.0;0.0;0.0;0.0;0.0;0.0
2030-09-12 08:00:00;195.1262589941661;0.0;0.0;0.0;0.0;0.0;0.0;0.0
2030-09-12 09:00:00;195.1178984371822;0.0;0.0;0.0;0.0;0.0;0.0;0.0
2030-09-12 10:00:00;195.0646065855742;0.0;0.0;0.0;0.0;0.0;0.0;0.0
2030-09-12 11:00:00;195.0137130347676;0.0;0.0;0.0;0.0;0.0;0.0;0.0
2030-09-12 12:00:00;194.9617007235314;0.0;0.0;0.0;0.0;0.0;0.0;0.0
2030-09-12 13:00:00;194.9784955283059;0.0;0.0;0.0;0.0;0.0;0.0;0.0
2030-09-12 14:00:00;194.9775911411323;0.0;0.0;0.0;0.0;0.0;0.0;0.0
2030-09-12 15:00:00;194.9491397905628;0.0;0.0;0.0;0.0;0.0;0.0;0.0
2030-09-12 16:00:00;194.9917632231029;0.0;0.0;0.0;0.0;0.0;0.0;0.0
2030-09-12 17:00:00;194.9134265459467;0.0;0.0;0.0;0.0;0.0;0.0;0.0
2030-09-12 18:00:00;194.9581200202398;0.0;0.0;0.0;0.0;0.0;0.0;0.0
2030-09-12 19:00:00;194.9559863364263;0.0;0.0;0.0;0.0;0.0;0.0;0.0
2030-09-12 20:00:00;194.9947443511941;0.0;0.0;0.0;0.0;0.0;0.0;0.0
2030-09-12 21:00:00;194.9245036140338;0.0;0.0;0.0;0.0;0.0;0.0;0.0
2030-09-12 22:00:00;194.7579188462136;0.0;0.0;0.0;0.0;0.0;0.0;0.0
2030-09-12 23:00:00;194.5671266483763;0.0;0.0;0.0;0.0;0.0;0.0;0.0
2030-09-13 00:00:00;194.5659609937968;0.0;0.0;0.0;0.0;0.0;0.0;0.0
2030-09-13 01:00:00;194.5518291068116;0.0;0.0;0.0;0.0;0.0;0.0;0.0
2030-09-13 02:00:00;194.507286363714;0.0;0.0;0.0;0.0;0.0;0.0;0.0
2030-09-13 03:00:00;194.4894196926595;0.0;0.0;0.0;0.0;0.0;0.0;0.0
2030-09-13 04:00:00;194.5310382505621;0.0;0.0;0.0;0.0;0.0;0.0;0.0
2030-09-13 05:00:00;194.7579992361846;0.0;0.0;0.0;0.0;0.0;0.0;0.0
2030-09-13 06:00:00;195.1390108533158;0.0;0.0;0.0;0.0;0.0;0.0;0.0
2030-09-13 07:00:00;195.1822137635634;0.0;0.0;0.0;0.0;0.0;0.0;0.0
2030-09-13 08:00:00;195.2914570349866;0.0;0.0;0.0;0.0;0.0;0.0;0.0
2030-09-13 09:00:00;195.1954781087782;0.0;0.0;0.0;0.0;0.0;0.0;0.0
2030-09-13 10:00:00;195.0509536888329;0.0;0.0;0.0;0.0;0.0;0.0;0.0
2030-09-13 11:00:00;195.0382889188185;0.0;0.0;0.0;0.0;0.0;0.0;0.0
2030-09-13 12:00:00;195.0615350187657;0.0;0.0;0.0;0.0;0.0;0.0;0.0
2030-09-13 13:00:00;194.9669126733178;0.0;0.0;0.0;0.0;0.0;0.0;0.0
2030-09-13 14:00:00;194.9782175129895;0.0;0.0;0.0;0.0;0.0;0.0;0.0
2030-09-13 15:00:00;194.9901621228472;0.0;0.0;0.0;0.0;0.0;0.0;0.0
2030-09-13 16:00:00;195.0577566901287;0.0;0.0;0.0;0.0;0.0;0.0;0.0
2030-09-13 17:00:00;195.1688589796312;0.0;0.0;0.0;0.0;0.0;0.0;0.0
2030-09-13 18:00:00;195.2614816245504;0.0;0.0;0.0;0.0;0.0;0.0;0.0
2030-09-13 19:00:00;195.2857325991351;0.0;0.0;0.0;0.0;0.0;0.0;0.0
2030-09-13 20:00:00;195.3551995828245;0.0;0.0;0.0;0.0;0.0;0.0;0.0
2030-09-13 21:00:00;195.2715705659108;0.0;0.0;0.0;0.0;0.0;0.0;0.0
2030-09-13 22:00:00;195.0885996423353;0.0;0.0;0.0;0.0;0.0;0.0;0.0
2030-09-13 23:00:00;194.9476525760994;0.0;0.0;0.0;0.0;0.0;0.0;0.0
2030-09-14 00:00:00;194.3184000781058;0.0;0.0;0.0;0.0;0.0;0.0;0.0
2030-09-14 01:00:00;194.2825126552191;0.0;0.0;0.0;0.0;0.0;0.0;0.0
2030-09-14 02:00:00;194.2805698975866;0.0;0.0;0.0;0.0;0.0;0.0;0.0
2030-09-14 03:00:00;194.2736429617522;0.0;0.0;0.0;0.0;0.0;0.0;0.0
2030-09-14 04:00:00;194.2378593759113;0.0;0.0;0.0;0.0;0.0;0.0;0.0
2030-09-14 05:00:00;194.2997931494018;0.0;0.0;0.0;0.0;0.0;0.0;0.0
2030-09-14 06:00:00;194.3770981552635;0.0;0.0;0.0;0.0;0.0;0.0;0.0
2030-09-14 07:00:00;194.5325891070859;0.0;0.0;0.0;0.0;0.0;0.0;0.0
2030-09-14 08:00:00;194.5912871842436;0.0;0.0;0.0;0.0;0.0;0.0;0.0
2030-09-14 09:00:00;194.515593327384;0.0;0.0;0.0;0.0;0.0;0.0;0.0
2030-09-14 10:00:00;194.3533261709227;0.0;0.0;0.0;0.0;0.0;0.0;0.0
2030-09-14 11:00:00;194.2644550579835;0.0;0.0;0.0;0.0;0.0;0.0;0.0
2030-09-14 12:00:00;194.2035998499373;0.0;0.0;0.0;0.0;0.0;0.0;0.0
2030-09-14 13:00:00;194.142496772814;0.0;0.0;0.0;0.0;0.0;0.0;0.0
2030-09-14 14:00:00;194.1026668917661;0.0;0.0;0.0;0.0;0.0;0.0;0.0
2030-09-14 15:00:00;194.1134592453728;0.0;0.0;0.0;0.0;0.0;0.0;0.0
2030-09-14 16:00:00;194.1690690078112;0.0;0.0;0.0;0.0;0.0;0.0;0.0
2030-09-14 17:00:00;194.2849511510061;0.0;0.0;0.0;0.0;0.0;0.0;0.0
2030-09-14 18:00:00;194.3012468680439;0.0;0.0;0.0;0.0;0.0;0.0;0.0
2030-09-14 19:00:00;194.3058659417943;0.0;0.0;0.0;0.0;0.0;0.0;0.0
2030-09-14 20:00:00;194.2855741732812;0.0;0.0;0.0;0.0;0.0;0.0;0.0
2030-09-14 21:00:00;194.2668165133815;0.0;0.0;0.0;0.0;0.0;0.0;0.0
2030-09-14 22:00:00;194.2181705321808;0.0;0.0;0.0;0.0;0.0;0.0;0.0
2030-09-14 23:00:00;194.1546758534203;0.0;0.0;0.0;0.0;0.0;0.0;0.0
2030-09-15 00:00:00;193.8698843324105;0.0;0.0;0.0;0.0;0.0;0.0;0.0
2030-09-15 01:00:00;193.5821451791307;0.0;0.0;0.0;0.0;0.0;0.0;0.0
2030-09-15 02:00:00;193.3701132810391;0.0;0.0;0.0;0.0;0.0;0.0;0.0
2030-09-15 03:00:00;193.3540453355856;0.0;0.0;0.0;0.0;0.0;0.0;0.0
2030-09-15 04:00:00;193.3585103285582;0.0;0.0;0.0;0.0;0.0;0.0;0.0
2030-09-15 05:00:00;193.3593041795218;0.0;0.0;0.0;0.0;0.0;0.0;0.0
2030-09-15 06:00:00;193.463104379992;0.0;0.0;0.0;0.0;0.0;0.0;0.0
2030-09-15 07:00:00;193.5162823458077;0.0;0.0;0.0;0.0;0.0;0.0;0.0
2030-09-15 08:00:00;193.472031016355;0.0;0.0;0.0;0.0;0.0;0.0;0.0
2030-09-15 09:00:00;193.5542096642085;0.0;0.0;0.0;0.0;0.0;0.0;0.0
2030-09-15 10:00:00;193.6352159583184;0.0;0.0;0.0;0.0;0.0;0.0;0.0
2030-09-15 11:00:00;193.6475022255527;0.0;0.0;0.0;0.0;0.0;0.0;0.0
2030-09-15 12:00:00;193.6675025804208;0.0;0.0;0.0;0.0;0.0;0.0;0.0
2030-09-15 13:00:00;193.6923899756092;0.0;0.0;0.0;0.0;0.0;0.0;0.0
2030-09-15 14:00:00;193.7161954557712;0.0;0.0;0.0;0.0;0.0;0.0;0.0
2030-09-15 15:00:00;193.795242244338;0.0;0.0;0.0;0.0;0.0;0.0;0.0
2030-09-15 16:00:00;193.8306908719664;0.0;0.0;0.0;0.0;0.0;0.0;0.0
2030-09-15 17:00:00;193.9411332937904;0.0;0.0;0.0;0.0;0.0;0.0;0.0
2030-09-15 18:00:00;194.0534481320221;0.0;0.0;0.0;0.0;0.0;0.0;0.0
2030-09-15 19:00:00;194.0962792386539;0.0;0.0;0.0;0.0;0.0;0.0;0.0
2030-09-15 20:00:00;194.1710285133543;0.0;0.0;0.0;0.0;0.0;0.0;0.0
2030-09-15 21:00:00;194.1562836528402;0.0;0.0;0.0;0.0;0.0;0.0;0.0
2030-09-15 22:00:00;194.17343351332;0.0;0.0;0.0;0.0;0.0;0.0;0.0
2030-09-15 23:00:00;194.1233405126414;0.0;0.0;0.0;0.0;0.0;0.0;0.0
2030-09-16 00:00:00;194.1072960142628;0.0;0.0;0.0;0.0;0.0;0.0;0.0
2030-09-16 01:00:00;194.0948724141614;0.0;0.0;0.0;0.0;0.0;0.0;0.0
2030-09-16 02:00:00;194.1413914107127;0.0;0.0;0.0;0.0;0.0;0.0;0.0
2030-09-16 03:00:00;194.1976844879047;0.0;0.0;0.0;0.0;0.0;0.0;0.0
2030-09-16 04:00:00;194.23970164608;0.0;0.0;0.0;0.0;0.0;0.0;0.0
2030-09-16 05:00:00;194.3889724238965;0.0;0.0;0.0;0.0;0.0;0.0;0.0
2030-09-16 06:00:00;194.8539245690789;0.0;0.0;0.0;0.0;0.0;0.0;0.0
2030-09-16 07:00:00;195.0724379085824;0.0;0.0;0.0;0.0;0.0;0.0;0.0
2030-09-16 08:00:00;195.1165217589289;0.0;0.0;0.0;0.0;0.0;0.0;0.0
2030-09-16 09:00:00;195.0375855065722;0.0;0.0;0.0;0.0;0.0;0.0;0.0
2030-09-16 10:00:00;195.0510206804754;0.0;0.0;0.0;0.0;0.0;0.0;0.0
2030-09-16 11:00:00;195.0015908970574;0.0;0.0;0.0;0.0;0.0;0.0;0.0
2030-09-16 12:00:00;195.0015641004005;0.0;0.0;0.0;0.0;0.0;0.0;0.0
2030-09-16 13:00:00;195.1444003309549;0.0;0.0;0.0;0.0;0.0;0.0;0.0
2030-09-16 14:00:00;195.1469929075196;0.0;0.0;0.0;0.0;0.0;0.0;0.0
2030-09-16 15:00:00;194.966299699789;0.0;0.0;0.0;0.0;0.0;0.0;0.0
2030-09-16 16:00:00;194.6860267650657;0.0;0.0;0.0;0.0;0.0;0.0;0.0
2030-09-16 17:00:00;195.0100318440123;0.0;0.0;0.0;0.0;0.0;0.0;0.0
2030-09-16 18:00:00;195.2240098493186;0.0;0.0;0.0;0.0;0.0;0.0;0.0
2030-09-16 19:00:00;195.2996099178787;0.0;0.0;0.0;0.0;0.0;0.0;0.0
2030-09-16 20:00:00;195.2919092285735;0.0;0.0;0.0;0.0;0.0;0.0;0.0
2030-09-16 21:00:00;195.1088847116839;0.0;0.0;0.0;0.0;0.0;0.0;0.0
2030-09-16 22:00:00;195.0390727210357;0.0;0.0;0.0;0.0;0.0;0.0;0.0
2030-09-16 23:00:00;195.0025823733664;0.0;0.0;0.0;0.0;0.0;0.0;0.0
2030-09-17 00:00:00;194.8010916102221;0.0;0.0;0.0;0.0;0.0;0.0;0.0
2030-09-17 01:00:00;194.5606485565467;0.0;0.0;0.0;0.0;0.0;0.0;0.0
2030-09-17 02:00:00;194.447881524728;0.0;0.0;0.0;0.0;0.0;0.0;0.0
2030-09-17 03:00:00;194.3983880992496;0.0;0.0;0.0;0.0;0.0;0.0;0.0
2030-09-17 04:00:00;194.4991971228823;0.0;0.0;0.0;0.0;0.0;0.0;0.0
2030-09-17 05:00:00;194.6323530610955;0.0;0.0;0.0;0.0;0.0;0.0;0.0
2030-09-17 06:00:00;194.7033909988014;0.0;0.0;0.0;0.0;0.0;0.0;0.0
2030-09-17 07:00:00;194.7417236166394;0.0;0.0;0.0;0.0;0.0;0.0;0.0
2030-09-17 08:00:00;194.7481514647372;0.0;0.0;0.0;0.0;0.0;0.0;0.0
2030-09-17 09:00:00;194.6578567793948;0.0;0.0;0.0;0.0;0.0;0.0;0.0
2030-09-17 10:00:00;194.3651468462416;0.0;0.0;0.0;0.0;0.0;0.0;0.0
2030-09-17 11:00:00;194.306582752369;0.0;0.0;0.0;0.0;0.0;0.0;0.0
2030-09-17 12:00:00;194.1700738824487;0.0;0.0;0.0;0.0;0.0;0.0;0.0
2030-09-17 13:00:00;194.1502242587762;0.0;0.0;0.0;0.0;0.0;0.0;0.0
2030-09-17 14:00:00;194.1018495937276;0.0;0.0;0.0;0.0;0.0;0.0;0.0
2030-09-17 15:00:00;194.0984363695424;0.0;0.0;0.0;0.0;0.0;0.0;0.0
2030-09-17 16:00:00;194.1507467935877;0.0;0.0;0.0;0.0;0.0;0.0;0.0
2030-09-17 17:00:00;194.3067033373255;0.0;0.0;0.0;0.0;0.0;0.0;0.0
2030-09-17 18:00:00;194.459383989745;0.0;0.0;0.0;0.0;0.0;0.0;0.0
2030-09-17 19:00:00;194.586179071503;0.0;0.0;0.0;0.0;0.0;0.0;0.0
2030-09-17 20:00:00;194.6291073160164;0.0;0.0;0.0;0.0;0.0;0.0;0.0
2030-09-17 21:00:00;194.490344177326;0.0;0.0;0.0;0.0;0.0;0.0;0.0
2030-09-17 22:00:00;194.4065476813061;0.0;0.0;0.0;0.0;0.0;0.0;0.0
2030-09-17 23:00:00;194.279186520169;0.0;0.0;0.0;0.0;0.0;0.0;0.0
2030-09-18 00:00:00;194.22061237755;0.0;0.0;0.0;0.0;0.0;0.0;0.0
2030-09-18 01:00:00;194.1568631305479;0.0;0.0;0.0;0.0;0.0;0.0;0.0
2030-09-18 02:00:00;194.0937469545673;0.0;0.0;0.0;0.0;0.0;0.0;0.0
2030-09-18 03:00:00;194.0862438906075;0.0;0.0;0.0;0.0;0.0;0.0;0.0
2030-09-18 04:00:00;194.2165493344324;0.0;0.0;0.0;0.0;0.0;0.0;0.0
2030-09-18 05:00:00;194.3368629747785;0.0;0.0;0.0;0.0;0.0;0.0;0.0
2030-09-18 06:00:00;194.7492266805993;0.0;0.0;0.0;0.0;0.0;0.0;0.0
2030-09-18 07:00:00;195.0668139601945;0.0;0.0;0.0;0.0;0.0;0.0;0.0
2030-09-18 08:00:00;194.8903010309559;0.0;0.0;0.0;0.0;0.0;0.0;0.0
2030-09-18 09:00:00;195.000532429106;0.0;0.0;0.0;0.0;0.0;0.0;0.0
2030-09-18 10:00:00;194.7946369654674;0.0;0.0;0.0;0.0;0.0;0.0;0.0
2030-09-18 11:00:00;194.6716570577497;0.0;0.0;0.0;0.0;0.0;0.0;0.0
2030-09-18 12:00:00;194.5094334458561;0.0;0.0;0.0;0.0;0.0;0.0;0.0
2030-09-18 13:00:00;194.4465282935495;0.0;0.0;0.0;0.0;0.0;0.0;0.0
2030-09-18 14:00:00;194.4188473468689;0.0;0.0;0.0;0.0;0.0;0.0;0.0
2030-09-18 15:00:00;194.659092775199;0.0;0.0;0.0;0.0;0.0;0.0;0.0
2030-09-18 16:00:00;194.7938029195182;0.0;0.0;0.0;0.0;0.0;0.0;0.0
2030-09-18 17:00:00;194.8402984689947;0.0;0.0;0.0;0.0;0.0;0.0;0.0
2030-09-18 18:00:00;195.1371384369079;0.0;0.0;0.0;0.0;0.0;0.0;0.0
2030-09-18 19:00:00;195.2234940136713;0.0;0.0;0.0;0.0;0.0;0.0;0.0
2030-09-18 20:00:00;195.2812341103413;0.0;0.0;0.0;0.0;0.0;0.0;0.0
2030-09-18 21:00:00;195.1955852954062;0.0;0.0;0.0;0.0;0.0;0.0;0.0
2030-09-18 22:00:00;195.1240214733066;0.0;0.0;0.0;0.0;0.0;0.0;0.0
2030-09-18 23:00:00;195.0479692111596;0.0;0.0;0.0;0.0;0.0;0.0;0.0
2030-09-19 00:00:00;195.0835920170585;0.0;0.0;0.0;0.0;0.0;0.0;0.0
2030-09-19 01:00:00;195.1130917868329;0.0;0.0;0.0;0.0;0.0;0.0;0.0
2030-09-19 02:00:00;195.1413053170713;0.0;0.0;0.0;0.0;0.0;0.0;0.0
2030-09-19 03:00:00;195.2388518477143;0.0;0.0;0.0;0.0;0.0;0.0;0.0
2030-09-19 04:00:00;195.2651561161415;0.0;0.0;0.0;0.0;0.0;0.0;0.0
2030-09-19 05:00:00;195.103605770255;0.0;0.0;0.0;0.0;0.0;0.0;0.0
2030-09-19 06:00:00;195.169415010264;0.0;0.0;0.0;0.0;0.0;0.0;0.0
2030-09-19 07:00:00;195.1474015565388;0.0;0.0;0.0;0.0;0.0;0.0;0.0
2030-09-19 08:00:00;195.1526771483856;0.0;0.0;0.0;0.0;0.0;0.0;0.0
2030-09-19 09:00:00;194.869851832083;0.0;0.0;0.0;0.0;0.0;0.0;0.0
2030-09-19 10:00:00;194.9413352642117;0.0;0.0;0.0;0.0;0.0;0.0;0.0
2030-09-19 11:00:00;195.0708234099981;0.0;0.0;0.0;0.0;0.0;0.0;0.0
2030-09-19 12:00:00;194.8772912539826;0.0;0.0;0.0;0.0;0.0;0.0;0.0
2030-09-19 13:00:00;194.9435359396678;0.0;0.0;0.0;0.0;0.0;0.0;0.0
2030-09-19 14:00:00;194.8500323546498;0.0;0.0;0.0;0.0;0.0;0.0;0.0
2030-09-19 15:00:00;194.7968342913413;0.0;0.0;0.0;0.0;0.0;0.0;0.0
2030-09-19 16:00:00;194.9055717758636;0.0;0.0;0.0;0.0;0.0;0.0;0.0
2030-09-19 17:00:00;194.9297926042091;0.0;0.0;0.0;0.0;0.0;0.0;0.0
2030-09-19 18:00:00;194.8817997915228;0.0;0.0;0.0;0.0;0.0;0.0;0.0
2030-09-19 19:00:00;195.3789983638222;0.0;0.0;0.0;0.0;0.0;0.0;0.0
2030-09-19 20:00:00;195.4782431326025;0.0;0.0;0.0;0.0;0.0;0.0;0.0
2030-09-19 21:00:00;195.2648881495715;0.0;0.0;0.0;0.0;0.0;0.0;0.0
2030-09-19 22:00:00;195.352184958912;0.0;0.0;0.0;0.0;0.0;0.0;0.0
2030-09-19 23:00:00;195.2827414222974;0.0;0.0;0.0;0.0;0.0;0.0;0.0
2030-09-20 00:00:00;194.9425176667019;0.0;0.0;0.0;0.0;0.0;0.0;0.0
2030-09-20 01:00:00;194.972305500539;0.0;0.0;0.0;0.0;0.0;0.0;0.0
2030-09-20 02:00:00;194.9987471018334;0.0;0.0;0.0;0.0;0.0;0.0;0.0
2030-09-20 03:00:00;194.9986667118624;0.0;0.0;0.0;0.0;0.0;0.0;0.0
2030-09-20 04:00:00;195.0455709103581;0.0;0.0;0.0;0.0;0.0;0.0;0.0
2030-09-20 05:00:00;195.1354904425024;0.0;0.0;0.0;0.0;0.0;0.0;0.0
2030-09-20 06:00:00;195.3883068525475;0.0;0.0;0.0;0.0;0.0;0.0;0.0
2030-09-20 07:00:00;195.3094074455942;0.0;0.0;0.0;0.0;0.0;0.0;0.0
2030-09-20 08:00:00;195.3514647987552;0.0;0.0;0.0;0.0;0.0;0.0;0.0
2030-09-20 09:00:00;195.32194828107;0.0;0.0;0.0;0.0;0.0;0.0;0.0
2030-09-20 10:00:00;195.1460248782854;0.0;0.0;0.0;0.0;0.0;0.0;0.0
2030-09-20 11:00:00;195.2547891594647;0.0;0.0;0.0;0.0;0.0;0.0;0.0
2030-09-20 12:00:00;195.215552154453;0.0;0.0;0.0;0.0;0.0;0.0;0.0
2030-09-20 13:00:00;195.1955216533458;0.0;0.0;0.0;0.0;0.0;0.0;0.0
2030-09-20 14:00:00;194.9013780990432;0.0;0.0;0.0;0.0;0.0;0.0;0.0
2030-09-20 15:00:00;195.1308211250203;0.0;0.0;0.0;0.0;0.0;0.0;0.0
2030-09-20 16:00:00;195.1122610904659;0.0;0.0;0.0;0.0;0.0;0.0;0.0
2030-09-20 17:00:00;195.1185248090395;0.0;0.0;0.0;0.0;0.0;0.0;0.0
2030-09-20 18:00:00;195.0426132293418;0.0;0.0;0.0;0.0;0.0;0.0;0.0
2030-09-20 19:00:00;195.1997253789127;0.0;0.0;0.0;0.0;0.0;0.0;0.0
2030-09-20 20:00:00;195.175126047787;0.0;0.0;0.0;0.0;0.0;0.0;0.0
2030-09-20 21:00:00;195.2414913184286;0.0;0.0;0.0;0.0;0.0;0.0;0.0
2030-09-20 22:00:00;195.0721397957732;0.0;0.0;0.0;0.0;0.0;0.0;0.0
2030-09-20 23:00:00;194.9217067129595;0.0;0.0;0.0;0.0;0.0;0.0;0.0
2030-09-21 00:00:00;194.7945431771678;0.0;0.0;0.0;0.0;0.0;0.0;0.0
2030-09-21 01:00:00;194.7594027110949;0.0;0.0;0.0;0.0;0.0;0.0;0.0
2030-09-21 02:00:00;194.3891867971524;0.0;0.0;0.0;0.0;0.0;0.0;0.0
2030-09-21 03:00:00;201.2213797011497;0.0;0.0;0.0;0.0;0.0;0.0;0.0
2030-09-21 04:00:00;194.3783408502318;0.0;0.0;0.0;0.0;0.0;0.0;0.0
2030-09-21 05:00:00;194.392231567304;0.0;0.0;0.0;0.0;0.0;0.0;0.0
2030-09-21 06:00:00;210.6110723458474;0.0;0.0;0.0;0.0;0.0;0.0;0.0
2030-09-21 07:00:00;210.7358141337628;0.0;0.0;0.0;0.0;0.0;0.0;0.0
2030-09-21 08:00:00;194.6532243073161;0.0;0.0;0.0;0.0;0.0;0.0;0.0
2030-09-21 09:00:00;194.6222976155564;0.0;0.0;0.0;0.0;0.0;0.0;0.0
2030-09-21 10:00:00;194.5336308271268;0.0;0.0;0.0;0.0;0.0;0.0;0.0
2030-09-21 11:00:00;194.702010970966;0.0;0.0;0.0;0.0;0.0;0.0;0.0
2030-09-21 12:00:00;194.595400471093;0.0;0.0;0.0;0.0;0.0;0.0;0.0
2030-09-21 13:00:00;194.4270973676427;0.0;0.0;0.0;0.0;0.0;0.0;0.0
2030-09-21 14:00:00;194.4277170403358;0.0;0.0;0.0;0.0;0.0;0.0;0.0
2030-09-21 15:00:00;194.3778317137488;0.0;0.0;0.0;0.0;0.0;0.0;0.0
2030-09-21 16:00:00;194.4857887456361;0.0;0.0;0.0;0.0;0.0;0.0;0.0
2030-09-21 17:00:00;194.6261328870894;0.0;0.0;0.0;0.0;0.0;0.0;0.0
2030-09-21 18:00:00;194.8248568953986;0.0;0.0;0.0;0.0;0.0;0.0;0.0
2030-09-21 19:00:00;194.8609586915413;0.0;0.0;0.0;0.0;0.0;0.0;0.0
2030-09-21 20:00:00;194.7904667357218;0.0;0.0;0.0;0.0;0.0;0.0;0.0
2030-09-21 21:00:00;194.645369537233;0.0;0.0;0.0;0.0;0.0;0.0;0.0
2030-09-21 22:00:00;194.5493035218894;0.0;0.0;0.0;0.0;0.0;0.0;0.0
2030-09-21 23:00:00;194.2765604477831;0.0;0.0;0.0;0.0;0.0;0.0;0.0
2030-09-22 00:00:00;194.1158709445027;0.0;0.0;0.0;0.0;0.0;0.0;0.0
2030-09-22 01:00:00;194.0704874562917;0.0;0.0;0.0;0.0;0.0;0.0;0.0
2030-09-22 02:00:00;193.945842806258;0.0;0.0;0.0;0.0;0.0;0.0;0.0
2030-09-22 03:00:00;193.9510380081338;0.0;0.0;0.0;0.0;0.0;0.0;0.0
2030-09-22 04:00:00;193.9755736971991;0.0;0.0;0.0;0.0;0.0;0.0;0.0
2030-09-22 05:00:00;193.9730749089339;0.0;0.0;0.0;0.0;0.0;0.0;0.0
2030-09-22 06:00:00;194.050925896682;0.0;0.0;0.0;0.0;0.0;0.0;0.0
2030-09-22 07:00:00;194.082344977014;0.0;0.0;0.0;0.0;0.0;0.0;0.0
2030-09-22 08:00:00;194.1007207845515;0.0;0.0;0.0;0.0;0.0;0.0;0.0
2030-09-22 09:00:00;194.14603728112;0.0;0.0;0.0;0.0;0.0;0.0;0.0
2030-09-22 10:00:00;194.1258426504887;0.0;0.0;0.0;0.0;0.0;0.0;0.0
2030-09-22 11:00:00;194.0728321637792;0.0;0.0;0.0;0.0;0.0;0.0;0.0
2030-09-22 12:00:00;194.0430074845386;0.0;0.0;0.0;0.0;0.0;0.0;0.0
2030-09-22 13:00:00;194.0169510851886;0.0;0.0;0.0;0.0;0.0;0.0;0.0
2030-09-22 14:00:00;194.0014224224573;0.0;0.0;0.0;0.0;0.0;0.0;0.0
2030-09-22 15:00:00;193.9931422554445;0.0;0.0;0.0;0.0;0.0;0.0;0.0
2030-09-22 16:00:00;194.1475881376439;0.0;0.0;0.0;0.0;0.0;0.0;0.0
2030-09-22 17:00:00;194.2812331148473;0.0;0.0;0.0;0.0;0.0;0.0;0.0
2030-09-22 18:00:00;194.332505168434;0.0;0.0;0.0;0.0;0.0;0.0;0.0
2030-09-22 19:00:00;194.5241950542807;0.0;0.0;0.0;0.0;0.0;0.0;0.0
2030-09-22 20:00:00;194.5018466423431;0.0;0.0;0.0;0.0;0.0;0.0;0.0
2030-09-22 21:00:00;194.4846163918923;0.0;0.0;0.0;0.0;0.0;0.0;0.0
2030-09-22 22:00:00;194.5138213984398;0.0;0.0;0.0;0.0;0.0;0.0;0.0
2030-09-22 23:00:00;194.547739267037;0.0;0.0;0.0;0.0;0.0;0.0;0.0
2030-09-23 00:00:00;194.5625678671042;0.0;0.0;0.0;0.0;0.0;0.0;0.0
2030-09-23 01:00:00;194.5144712173721;0.0;0.0;0.0;0.0;0.0;0.0;0.0
2030-09-23 02:00:00;194.5994132704787;0.0;0.0;0.0;0.0;0.0;0.0;0.0
2030-09-23 03:00:00;194.6501661388359;0.0;0.0;0.0;0.0;0.0;0.0;0.0
2030-09-23 04:00:00;194.695764000303;0.0;0.0;0.0;0.0;0.0;0.0;0.0
2030-09-23 05:00:00;194.9735046509397;0.0;0.0;0.0;0.0;0.0;0.0;0.0
2030-09-23 06:00:00;195.0699826648848;0.0;0.0;0.0;0.0;0.0;0.0;0.0
2030-09-23 07:00:00;195.1403104911803;0.0;0.0;0.0;0.0;0.0;0.0;0.0
2030-09-23 08:00:00;195.3705071731355;0.0;0.0;0.0;0.0;0.0;0.0;0.0
2030-09-23 09:00:00;195.3918741575106;0.0;0.0;0.0;0.0;0.0;0.0;0.0
2030-09-23 10:00:00;195.1975615488599;0.0;0.0;0.0;0.0;0.0;0.0;0.0
2030-09-23 11:00:00;194.9840089404836;0.0;0.0;0.0;0.0;0.0;0.0;0.0
2030-09-23 12:00:00;194.7412814717989;0.0;0.0;0.0;0.0;0.0;0.0;0.0
2030-09-23 13:00:00;194.7971391033146;0.0;0.0;0.0;0.0;0.0;0.0;0.0
2030-09-23 14:00:00;194.8807413235713;0.0;0.0;0.0;0.0;0.0;0.0;0.0
2030-09-23 15:00:00;194.9194792408464;0.0;0.0;0.0;0.0;0.0;0.0;0.0
2030-09-23 16:00:00;195.0084039470997;0.0;0.0;0.0;0.0;0.0;0.0;0.0
2030-09-23 17:00:00;195.1868294877316;0.0;0.0;0.0;0.0;0.0;0.0;0.0
2030-09-23 18:00:00;211.0566773046763;0.0;0.0;0.0;0.0;0.0;0.0;0.0
2030-09-23 19:00:00;211.1404604023677;0.0;0.0;0.0;0.0;0.0;0.0;0.0
2030-09-23 20:00:00;211.1617135009506;0.0;0.0;0.0;0.0;0.0;0.0;0.0
2030-09-23 21:00:00;211.1177971297103;0.0;0.0;0.0;0.0;0.0;0.0;0.0
2030-09-23 22:00:00;211.0757933698633;0.0;0.0;0.0;0.0;0.0;0.0;0.0
2030-09-23 23:00:00;210.9874682388105;0.0;0.0;0.0;0.0;0.0;0.0;0.0
2030-09-24 00:00:00;211.0272612744549;0.0;0.0;0.0;0.0;0.0;0.0;0.0
2030-09-24 01:00:00;211.0161942551141;0.0;0.0;0.0;0.0;0.0;0.0;0.0
2030-09-24 02:00:00;210.8024138751532;0.0;0.0;0.0;0.0;0.0;0.0;0.0
2030-09-24 03:00:00;210.6813030342614;0.0;0.0;0.0;0.0;0.0;0.0;0.0
2030-09-24 04:00:00;210.6779869479577;0.0;0.0;0.0;0.0;0.0;0.0;0.0
2030-09-24 05:00:00;210.7393713899795;0.0;0.0;0.0;0.0;0.0;0.0;0.0
2030-09-24 06:00:00;210.8054418973942;0.0;0.0;0.0;0.0;0.0;0.0;0.0
2030-09-24 07:00:00;210.978742577375;0.0;0.0;0.0;0.0;0.0;0.0;0.0
2030-09-24 08:00:00;211.0529391710247;0.0;0.0;0.0;0.0;0.0;0.0;0.0
2030-09-24 09:00:00;211.0004914141123;0.0;0.0;0.0;0.0;0.0;0.0;0.0
2030-09-24 10:00:00;195.1242123994878;0.0;0.0;0.0;0.0;0.0;0.0;0.0
2030-09-24 11:00:00;195.0774455338592;0.0;0.0;0.0;0.0;0.0;0.0;0.0
2030-09-24 12:00:00;194.9922388637646;0.0;0.0;0.0;0.0;0.0;0.0;0.0
2030-09-24 13:00:00;195.1151651781682;0.0;0.0;0.0;0.0;0.0;0.0;0.0
2030-09-24 14:00:00;195.1451807835899;0.0;0.0;0.0;0.0;0.0;0.0;0.0
2030-09-24 15:00:00;195.1137985486612;0.0;0.0;0.0;0.0;0.0;0.0;0.0
2030-09-24 16:00:00;195.1686580047037;0.0;0.0;0.0;0.0;0.0;0.0;0.0
2030-09-24 17:00:00;195.3160898619335;0.0;0.0;0.0;0.0;0.0;0.0;0.0
2030-09-24 18:00:00;195.3484200286036;0.0;0.0;0.0;0.0;0.0;0.0;0.0
2030-09-24 19:00:00;195.2954430377152;0.0;0.0;0.0;0.0;0.0;0.0;0.0
2030-09-24 20:00:00;195.2176724399382;0.0;0.0;0.0;0.0;0.0;0.0;0.0
2030-09-24 21:00:00;195.1030229429653;0.0;0.0;0.0;0.0;0.0;0.0;0.0
2030-09-24 22:00:00;195.034872345051;0.0;0.0;0.0;0.0;0.0;0.0;0.0
2030-09-24 23:00:00;194.9692272345662;0.0;0.0;0.0;0.0;0.0;0.0;0.0
2030-09-25 00:00:00;194.8865294014832;0.0;0.0;0.0;0.0;0.0;0.0;0.0
2030-09-25 01:00:00;194.6777733947098;0.0;0.0;0.0;0.0;0.0;0.0;0.0
2030-09-25 02:00:00;194.6345838827907;0.0;0.0;0.0;0.0;0.0;0.0;0.0
2030-09-25 03:00:00;194.7601898628942;0.0;0.0;0.0;0.0;0.0;0.0;0.0
2030-09-25 04:00:00;194.7683259978758;0.0;0.0;0.0;0.0;0.0;0.0;0.0
2030-09-25 05:00:00;194.8781721940815;0.0;0.0;0.0;0.0;0.0;0.0;0.0
2030-09-25 06:00:00;195.0035169067793;0.0;0.0;0.0;0.0;0.0;0.0;0.0
2030-09-25 07:00:00;195.0009042327218;0.0;0.0;0.0;0.0;0.0;0.0;0.0
2030-09-25 08:00:00;194.9643502429923;0.0;0.0;0.0;0.0;0.0;0.0;0.0
2030-09-25 09:00:00;194.9027112327289;0.0;0.0;0.0;0.0;0.0;0.0;0.0
2030-09-25 10:00:00;195.0465891833241;0.0;0.0;0.0;0.0;0.0;0.0;0.0
2030-09-25 11:00:00;195.1094541406452;0.0;0.0;0.0;0.0;0.0;0.0;0.0
2030-09-25 12:00:00;195.0974592870558;0.0;0.0;0.0;0.0;0.0;0.0;0.0
2030-09-25 13:00:00;195.1051197813755;0.0;0.0;0.0;0.0;0.0;0.0;0.0
2030-09-25 14:00:00;195.0088025473725;0.0;0.0;0.0;0.0;0.0;0.0;0.0
2030-09-25 15:00:00;195.1218007003577;0.0;0.0;0.0;0.0;0.0;0.0;0.0
2030-09-25 16:00:00;195.1116079219515;0.0;0.0;0.0;0.0;0.0;0.0;0.0
2030-09-25 17:00:00;195.2115326559031;0.0;0.0;0.0;0.0;0.0;0.0;0.0
2030-09-25 18:00:00;195.2218996125799;0.0;0.0;0.0;0.0;0.0;0.0;0.0
2030-09-25 19:00:00;195.1087708258917;0.0;0.0;0.0;0.0;0.0;0.0;0.0
2030-09-25 20:00:00;195.1890971548302;0.0;0.0;0.0;0.0;0.0;0.0;0.0
2030-09-25 21:00:00;195.09773395279;0.0;0.0;0.0;0.0;0.0;0.0;0.0
2030-09-25 22:00:00;194.9846453610873;0.0;0.0;0.0;0.0;0.0;0.0;0.0
2030-09-25 23:00:00;194.8535259688061;0.0;0.0;0.0;0.0;0.0;0.0;0.0
2030-09-26 00:00:00;194.7801734698517;0.0;0.0;0.0;0.0;0.0;0.0;0.0
2030-09-26 01:00:00;194.2881567010996;0.0;0.0;0.0;0.0;0.0;0.0;0.0
2030-09-26 02:00:00;194.302000524022;0.0;0.0;0.0;0.0;0.0;0.0;0.0
2030-09-26 03:00:00;194.4464445539964;0.0;0.0;0.0;0.0;0.0;0.0;0.0
2030-09-26 04:00:00;194.3866310659911;0.0;0.0;0.0;0.0;0.0;0.0;0.0
2030-09-26 05:00:00;194.5113896018171;0.0;0.0;0.0;0.0;0.0;0.0;0.0
2030-09-26 06:00:00;194.7182765417648;0.0;0.0;0.0;0.0;0.0;0.0;0.0
2030-09-26 07:00:00;194.8008906352946;0.0;0.0;0.0;0.0;0.0;0.0;0.0
2030-09-26 08:00:00;194.8443146179625;0.0;0.0;0.0;0.0;0.0;0.0;0.0
2030-09-26 09:00:00;194.829747285301;0.0;0.0;0.0;0.0;0.0;0.0;0.0
2030-09-26 10:00:00;194.8523603142266;0.0;0.0;0.0;0.0;0.0;0.0;0.0
2030-09-26 11:00:00;194.9216464204812;0.0;0.0;0.0;0.0;0.0;0.0;0.0
2030-09-26 12:00:00;194.8446127307716;0.0;0.0;0.0;0.0;0.0;0.0;0.0
2030-09-26 13:00:00;194.9809239753465;0.0;0.0;0.0;0.0;0.0;0.0;0.0
2030-09-26 14:00:00;194.9644641287845;0.0;0.0;0.0;0.0;0.0;0.0;0.0
2030-09-26 15:00:00;194.9939806464695;0.0;0.0;0.0;0.0;0.0;0.0;0.0
2030-09-26 16:00:00;195.0370663213428;0.0;0.0;0.0;0.0;0.0;0.0;0.0
2030-09-26 17:00:00;195.0696209100153;0.0;0.0;0.0;0.0;0.0;0.0;0.0
2030-09-26 18:00:00;194.6589185969285;0.0;0.0;0.0;0.0;0.0;0.0;0.0
2030-09-26 19:00:00;194.6783528724174;0.0;0.0;0.0;0.0;0.0;0.0;0.0
2030-09-26 20:00:00;194.6872828583626;0.0;0.0;0.0;0.0;0.0;0.0;0.0
2030-09-26 21:00:00;194.7567129966486;0.0;0.0;0.0;0.0;0.0;0.0;0.0
2030-09-26 22:00:00;194.693271911202;0.0;0.0;0.0;0.0;0.0;0.0;0.0
2030-09-26 23:00:00;194.7071157341244;0.0;0.0;0.0;0.0;0.0;0.0;0.0
2030-09-27 00:00:00;194.6820474615013;0.0;0.0;0.0;0.0;0.0;0.0;0.0
2030-09-27 01:00:00;194.6655407207895;0.0;0.0;0.0;0.0;0.0;0.0;0.0
2030-09-27 02:00:00;194.497609420955;0.0;0.0;0.0;0.0;0.0;0.0;0.0
2030-09-27 03:00:00;194.2358764232933;0.0;0.0;0.0;0.0;0.0;0.0;0.0
2030-09-27 04:00:00;194.2176982411013;0.0;0.0;0.0;0.0;0.0;0.0;0.0
2030-09-27 05:00:00;194.4418589760674;0.0;0.0;0.0;0.0;0.0;0.0;0.0
2030-09-27 06:00:00;194.8868677092779;0.0;0.0;0.0;0.0;0.0;0.0;0.0
2030-09-27 07:00:00;195.0455642111938;0.0;0.0;0.0;0.0;0.0;0.0;0.0
2030-09-27 08:00:00;195.0596626023577;0.0;0.0;0.0;0.0;0.0;0.0;0.0
2030-09-27 09:00:00;195.0345809314061;0.0;0.0;0.0;0.0;0.0;0.0;0.0
2030-09-27 10:00:00;194.9651775897771;0.0;0.0;0.0;0.0;0.0;0.0;0.0
2030-09-27 11:00:00;194.9301275624217;0.0;0.0;0.0;0.0;0.0;0.0;0.0
2030-09-27 12:00:00;194.5024562662898;0.0;0.0;0.0;0.0;0.0;0.0;0.0
2030-09-27 13:00:00;194.7502215064904;0.0;0.0;0.0;0.0;0.0;0.0;0.0
2030-09-27 14:00:00;194.660084251508;0.0;0.0;0.0;0.0;0.0;0.0;0.0
2030-09-27 15:00:00;194.6960152189623;0.0;0.0;0.0;0.0;0.0;0.0;0.0
2030-09-27 16:00:00;194.8679928140037;0.0;0.0;0.0;0.0;0.0;0.0;0.0
2030-09-27 17:00:00;195.08931645291;0.0;0.0;0.0;0.0;0.0;0.0;0.0
2030-09-27 18:00:00;195.1376978171228;0.0;0.0;0.0;0.0;0.0;0.0;0.0
2030-09-27 19:00:00;195.0575925606046;0.0;0.0;0.0;0.0;0.0;0.0;0.0
2030-09-27 20:00:00;194.9655024992432;0.0;0.0;0.0;0.0;0.0;0.0;0.0
2030-09-27 21:00:00;194.8359038172467;0.0;0.0;0.0;0.0;0.0;0.0;0.0
2030-09-27 22:00:00;194.7006543902053;0.0;0.0;0.0;0.0;0.0;0.0;0.0
2030-09-27 23:00:00;194.6527620649828;0.0;0.0;0.0;0.0;0.0;0.0;0.0
2030-09-28 00:00:00;193.9970512177843;0.0;0.0;0.0;0.0;0.0;0.0;0.0
2030-09-28 01:00:00;193.5199333903239;0.0;0.0;0.0;0.0;0.0;0.0;0.0
2030-09-28 02:00:00;193.413728189888;0.0;0.0;0.0;0.0;0.0;0.0;0.0
2030-09-28 03:00:00;193.5079050409132;0.0;0.0;0.0;0.0;0.0;0.0;0.0
2030-09-28 04:00:00;193.5538780555781;0.0;0.0;0.0;0.0;0.0;0.0;0.0
2030-09-28 05:00:00;208.3730189028214;0.0;0.0;0.0;0.0;0.0;0.0;0.0
2030-09-28 06:00:00;208.2024916768401;0.0;0.0;0.0;0.0;0.0;0.0;0.0
2030-09-28 07:00:00;208.3893916602482;0.0;0.0;0.0;0.0;0.0;0.0;0.0
2030-09-28 08:00:00;208.5763418873881;0.0;0.0;0.0;0.0;0.0;0.0;0.0
2030-09-28 09:00:00;208.5865011699732;0.0;0.0;0.0;0.0;0.0;0.0;0.0
2030-09-28 10:00:00;199.4994834652503;0.0;0.0;0.0;0.0;0.0;0.0;0.0
2030-09-28 11:00:00;193.5994256733132;0.0;0.0;0.0;0.0;0.0;0.0;0.0
2030-09-28 12:00:00;193.7216921200383;0.0;0.0;0.0;0.0;0.0;0.0;0.0
2030-09-28 13:00:00;193.7584604830239;0.0;0.0;0.0;0.0;0.0;0.0;0.0
2030-09-28 14:00:00;193.7322098079106;0.0;0.0;0.0;0.0;0.0;0.0;0.0
2030-09-28 15:00:00;193.7697653226956;0.0;0.0;0.0;0.0;0.0;0.0;0.0
2030-09-28 16:00:00;193.8315215683333;0.0;0.0;0.0;0.0;0.0;0.0;0.0
2030-09-28 17:00:00;193.9363199442768;0.0;0.0;0.0;0.0;0.0;0.0;0.0
2030-09-28 18:00:00;193.9426908494784;0.0;0.0;0.0;0.0;0.0;0.0;0.0
2030-09-28 19:00:00;193.9642454104525;0.0;0.0;0.0;0.0;0.0;0.0;0.0
2030-09-28 20:00:00;193.9278187048436;0.0;0.0;0.0;0.0;0.0;0.0;0.0
2030-09-28 21:00:00;193.9049678555872;0.0;0.0;0.0;0.0;0.0;0.0;0.0
2030-09-28 22:00:00;193.7888411928972;0.0;0.0;0.0;0.0;0.0;0.0;0.0
2030-09-28 23:00:00;193.7016214239456;0.0;0.0;0.0;0.0;0.0;0.0;0.0
2030-09-29 00:00:00;193.6944030744663;0.0;0.0;0.0;0.0;0.0;0.0;0.0
2030-09-29 01:00:00;193.6141638346631;0.0;0.0;0.0;0.0;0.0;0.0;0.0
2030-09-29 02:00:00;193.5682109174908;0.0;0.0;0.0;0.0;0.0;0.0;0.0
2030-09-29 03:00:00;193.4953072625413;0.0;0.0;0.0;0.0;0.0;0.0;0.0
2030-09-29 04:00:00;193.46948533394;0.0;0.0;0.0;0.0;0.0;0.0;0.0
2030-09-29 05:00:00;193.4522517339072;0.0;0.0;0.0;0.0;0.0;0.0;0.0
2030-09-29 06:00:00;193.5343499917897;0.0;0.0;0.0;0.0;0.0;0.0;0.0
2030-09-29 07:00:00;193.6044701439935;0.0;0.0;0.0;0.0;0.0;0.0;0.0
2030-09-29 08:00:00;193.6890705397234;0.0;0.0;0.0;0.0;0.0;0.0;0.0
2030-09-29 09:00:00;193.8376513036221;0.0;0.0;0.0;0.0;0.0;0.0;0.0
2030-09-29 10:00:00;193.9685027293333;0.0;0.0;0.0;0.0;0.0;0.0;0.0
2030-09-29 11:00:00;193.9845807235331;0.0;0.0;0.0;0.0;0.0;0.0;0.0
2030-09-29 12:00:00;193.9696683839127;0.0;0.0;0.0;0.0;0.0;0.0;0.0
2030-09-29 13:00:00;193.9587219495285;0.0;0.0;0.0;0.0;0.0;0.0;0.0
2030-09-29 14:00:00;193.9413677645391;0.0;0.0;0.0;0.0;0.0;0.0;0.0
2030-09-29 15:00:00;193.926435327426;0.0;0.0;0.0;0.0;0.0;0.0;0.0
2030-09-29 16:00:00;193.9515772908559;0.0;0.0;0.0;0.0;0.0;0.0;0.0
2030-09-29 17:00:00;194.0041523318892;0.0;0.0;0.0;0.0;0.0;0.0;0.0
2030-09-29 18:00:00;194.048514197552;0.0;0.0;0.0;0.0;0.0;0.0;0.0
2030-09-29 19:00:00;194.0508622546216;0.0;0.0;0.0;0.0;0.0;0.0;0.0
2030-09-29 20:00:00;194.0298737730267;0.0;0.0;0.0;0.0;0.0;0.0;0.0
2030-09-29 21:00:00;194.0286947201187;0.0;0.0;0.0;0.0;0.0;0.0;0.0
2030-09-29 22:00:00;193.9844299923374;0.0;0.0;0.0;0.0;0.0;0.0;0.0
2030-09-29 23:00:00;193.9902850618919;0.0;0.0;0.0;0.0;0.0;0.0;0.0
2030-09-30 00:00:00;193.8782515885586;0.0;0.0;0.0;0.0;0.0;0.0;0.0
2030-09-30 01:00:00;193.8174365754979;0.0;0.0;0.0;0.0;0.0;0.0;0.0
2030-09-30 02:00:00;193.8879821246316;0.0;0.0;0.0;0.0;0.0;0.0;0.0
2030-09-30 03:00:00;193.9613212252574;0.0;0.0;0.0;0.0;0.0;0.0;0.0
2030-09-30 04:00:00;193.9956611412024;0.0;0.0;0.0;0.0;0.0;0.0;0.0
2030-09-30 05:00:00;194.0658616833771;0.0;0.0;0.0;0.0;0.0;0.0;0.0
2030-09-30 06:00:00;194.2872958584935;0.0;0.0;0.0;0.0;0.0;0.0;0.0
2030-09-30 07:00:00;194.4792001175963;0.0;0.0;0.0;0.0;0.0;0.0;0.0
2030-09-30 08:00:00;194.8287256627529;0.0;0.0;0.0;0.0;0.0;0.0;0.0
2030-09-30 09:00:00;194.8840909056962;0.0;0.0;0.0;0.0;0.0;0.0;0.0
2030-09-30 10:00:00;194.6671518697916;0.0;0.0;0.0;0.0;0.0;0.0;0.0
2030-09-30 11:00:00;194.5285830068645;0.0;0.0;0.0;0.0;0.0;0.0;0.0
2030-09-30 12:00:00;194.3394722992539;0.0;0.0;0.0;0.0;0.0;0.0;0.0
2030-09-30 13:00:00;194.3642089632467;0.0;0.0;0.0;0.0;0.0;0.0;0.0
2030-09-30 14:00:00;194.4627972139305;0.0;0.0;0.0;0.0;0.0;0.0;0.0
2030-09-30 15:00:00;194.5303281391516;0.0;0.0;0.0;0.0;0.0;0.0;0.0
2030-09-30 16:00:00;194.6292781447048;0.0;0.0;0.0;0.0;0.0;0.0;0.0
2030-09-30 17:00:00;194.8578167835081;0.0;0.0;0.0;0.0;0.0;0.0;0.0
2030-09-30 18:00:00;194.8551471665545;0.0;0.0;0.0;0.0;0.0;0.0;0.0
2030-09-30 19:00:00;194.8480494020318;0.0;0.0;0.0;0.0;0.0;0.0;0.0
2030-09-30 20:00:00;194.8687598683104;0.0;0.0;0.0;0.0;0.0;0.0;0.0
2030-09-30 21:00:00;194.8296367490909;0.0;0.0;0.0;0.0;0.0;0.0;0.0
2030-09-30 22:00:00;194.8228370973773;0.0;0.0;0.0;0.0;0.0;0.0;0.0
2030-09-30 23:00:00;194.7065161589241;0.0;0.0;0.0;0.0;0.0;0.0;0.0
2030-10-01 00:00:00;194.7837240269042;0.0;0.0;0.0;0.0;0.0;0.0;0.0
2030-10-01 01:00:00;194.806209771709;0.0;0.0;0.0;0.0;0.0;0.0;0.0
2030-10-01 02:00:00;194.753159090014;0.0;0.0;0.0;0.0;0.0;0.0;0.0
2030-10-01 03:00:00;194.8519215189682;0.0;0.0;0.0;0.0;0.0;0.0;0.0
2030-10-01 04:00:00;194.5986696632469;0.0;0.0;0.0;0.0;0.0;0.0;0.0
2030-10-01 05:00:00;194.6964238679815;0.0;0.0;0.0;0.0;0.0;0.0;0.0
2030-10-01 06:00:00;194.8349793325802;0.0;0.0;0.0;0.0;0.0;0.0;0.0
2030-10-01 07:00:00;195.0595989602974;0.0;0.0;0.0;0.0;0.0;0.0;0.0
2030-10-01 08:00:00;195.0389487864971;0.0;0.0;0.0;0.0;0.0;0.0;0.0
2030-10-01 09:00:00;195.0240665931159;0.0;0.0;0.0;0.0;0.0;0.0;0.0
2030-10-01 10:00:00;194.9931030559529;0.0;0.0;0.0;0.0;0.0;0.0;0.0
2030-10-01 11:00:00;194.9833892677905;0.0;0.0;0.0;0.0;0.0;0.0;0.0
2030-10-01 12:00:00;194.9129509052848;0.0;0.0;0.0;0.0;0.0;0.0;0.0
2030-10-01 13:00:00;194.9344116779595;0.0;0.0;0.0;0.0;0.0;0.0;0.0
2030-10-01 14:00:00;194.8929405016704;0.0;0.0;0.0;0.0;0.0;0.0;0.0
2030-10-01 15:00:00;194.905340654697;0.0;0.0;0.0;0.0;0.0;0.0;0.0
2030-10-01 16:00:00;194.9971125057564;0.0;0.0;0.0;0.0;0.0;0.0;0.0
2030-10-01 17:00:00;195.0057979722064;0.0;0.0;0.0;0.0;0.0;0.0;0.0
2030-10-01 18:00:00;194.9931432509383;0.0;0.0;0.0;0.0;0.0;0.0;0.0
2030-10-01 19:00:00;195.0679662164455;0.0;0.0;0.0;0.0;0.0;0.0;0.0
2030-10-01 20:00:00;195.1108140709879;0.0;0.0;0.0;0.0;0.0;0.0;0.0
2030-10-01 21:00:00;195.1014687368593;0.0;0.0;0.0;0.0;0.0;0.0;0.0
2030-10-01 22:00:00;195.0428041555228;0.0;0.0;0.0;0.0;0.0;0.0;0.0
2030-10-01 23:00:00;194.9682692540785;0.0;0.0;0.0;0.0;0.0;0.0;0.0
2030-10-02 00:00:00;194.6076398441776;0.0;0.0;0.0;0.0;0.0;0.0;0.0
2030-10-02 01:00:00;194.4690877291611;0.0;0.0;0.0;0.0;0.0;0.0;0.0
2030-10-02 02:00:00;194.4800006677241;0.0;0.0;0.0;0.0;0.0;0.0;0.0
2030-10-02 03:00:00;194.4227965041943;0.0;0.0;0.0;0.0;0.0;0.0;0.0
2030-10-02 04:00:00;194.4705414478033;0.0;0.0;0.0;0.0;0.0;0.0;0.0
2030-10-02 05:00:00;194.7009156576112;0.0;0.0;0.0;0.0;0.0;0.0;0.0
2030-10-02 06:00:00;195.1080272186599;0.0;0.0;0.0;0.0;0.0;0.0;0.0
2030-10-02 07:00:00;195.2703747650921;0.0;0.0;0.0;0.0;0.0;0.0;0.0
2030-10-02 08:00:00;195.2533019450013;0.0;0.0;0.0;0.0;0.0;0.0;0.0
2030-10-02 09:00:00;195.1783784920303;0.0;0.0;0.0;0.0;0.0;0.0;0.0
2030-10-02 10:00:00;194.9740104378406;0.0;0.0;0.0;0.0;0.0;0.0;0.0
2030-10-02 11:00:00;194.9424841708806;0.0;0.0;0.0;0.0;0.0;0.0;0.0
2030-10-02 12:00:00;194.9340566222542;0.0;0.0;0.0;0.0;0.0;0.0;0.0
2030-10-02 13:00:00;194.798837341452;0.0;0.0;0.0;0.0;0.0;0.0;0.0
2030-10-02 14:00:00;194.7814798068805;0.0;0.0;0.0;0.0;0.0;0.0;0.0
2030-10-02 15:00:00;194.9382971932243;0.0;0.0;0.0;0.0;0.0;0.0;0.0
2030-10-02 16:00:00;195.0988359653091;0.0;0.0;0.0;0.0;0.0;0.0;0.0
2030-10-02 17:00:00;195.1681656161314;0.0;0.0;0.0;0.0;0.0;0.0;0.0
2030-10-02 18:00:00;195.1563549895588;0.0;0.0;0.0;0.0;0.0;0.0;0.0
2030-10-02 19:00:00;195.2879701199945;0.0;0.0;0.0;0.0;0.0;0.0;0.0
2030-10-02 20:00:00;195.2560620006722;0.0;0.0;0.0;0.0;0.0;0.0;0.0
2030-10-02 21:00:00;195.1190171976119;0.0;0.0;0.0;0.0;0.0;0.0;0.0
2030-10-02 22:00:00;194.9482086067321;0.0;0.0;0.0;0.0;0.0;0.0;0.0
2030-10-02 23:00:00;194.4684781052144;0.0;0.0;0.0;0.0;0.0;0.0;0.0
2030-10-03 00:00:00;194.6421974829607;0.0;0.0;0.0;0.0;0.0;0.0;0.0
2030-10-03 01:00:00;194.7711396468608;0.0;0.0;0.0;0.0;0.0;0.0;0.0
2030-10-03 02:00:00;194.7462288045975;0.0;0.0;0.0;0.0;0.0;0.0;0.0
2030-10-03 03:00:00;194.5404773729902;0.0;0.0;0.0;0.0;0.0;0.0;0.0
2030-10-03 04:00:00;194.6313816822793;0.0;0.0;0.0;0.0;0.0;0.0;0.0
2030-10-03 05:00:00;194.6184054011271;0.0;0.0;0.0;0.0;0.0;0.0;0.0
2030-10-03 06:00:00;195.0418595733637;0.0;0.0;0.0;0.0;0.0;0.0;0.0
2030-10-03 07:00:00;195.3094610389082;0.0;0.0;0.0;0.0;0.0;0.0;0.0
2030-10-03 08:00:00;195.3451709339424;0.0;0.0;0.0;0.0;0.0;0.0;0.0
2030-10-03 09:00:00;195.2010786100912;0.0;0.0;0.0;0.0;0.0;0.0;0.0
2030-10-03 10:00:00;194.9907717467939;0.0;0.0;0.0;0.0;0.0;0.0;0.0
2030-10-03 11:00:00;194.9517089200527;0.0;0.0;0.0;0.0;0.0;0.0;0.0
2030-10-03 12:00:00;195.0749232985191;0.0;0.0;0.0;0.0;0.0;0.0;0.0
2030-10-03 13:00:00;195.0205059873171;0.0;0.0;0.0;0.0;0.0;0.0;0.0
2030-10-03 14:00:00;194.9251065388164;0.0;0.0;0.0;0.0;0.0;0.0;0.0
2030-10-03 15:00:00;195.0186335709092;0.0;0.0;0.0;0.0;0.0;0.0;0.0
2030-10-03 16:00:00;195.0448306527085;0.0;0.0;0.0;0.0;0.0;0.0;0.0
2030-10-03 17:00:00;195.129581779634;0.0;0.0;0.0;0.0;0.0;0.0;0.0
2030-10-03 18:00:00;195.2957779959278;0.0;0.0;0.0;0.0;0.0;0.0;0.0
2030-10-03 19:00:00;195.3100539149443;0.0;0.0;0.0;0.0;0.0;0.0;0.0
2030-10-03 20:00:00;195.3187259830658;0.0;0.0;0.0;0.0;0.0;0.0;0.0
2030-10-03 21:00:00;195.2344739438769;0.0;0.0;0.0;0.0;0.0;0.0;0.0
2030-10-03 22:00:00;195.0582825745223;0.0;0.0;0.0;0.0;0.0;0.0;0.0
2030-10-03 23:00:00;194.9391881820696;0.0;0.0;0.0;0.0;0.0;0.0;0.0
2030-10-04 00:00:00;194.8683813655303;0.0;0.0;0.0;0.0;0.0;0.0;0.0
2030-10-04 01:00:00;194.8909575490524;0.0;0.0;0.0;0.0;0.0;0.0;0.0
2030-10-04 02:00:00;194.8515664632629;0.0;0.0;0.0;0.0;0.0;0.0;0.0
2030-10-04 03:00:00;194.8343328632301;0.0;0.0;0.0;0.0;0.0;0.0;0.0
2030-10-04 04:00:00;194.3601258226363;0.0;0.0;0.0;0.0;0.0;0.0;0.0
2030-10-04 05:00:00;194.8726554323217;0.0;0.0;0.0;0.0;0.0;0.0;0.0
2030-10-04 06:00:00;194.9850573596887;0.0;0.0;0.0;0.0;0.0;0.0;0.0
2030-10-04 07:00:00;195.0790298862043;0.0;0.0;0.0;0.0;0.0;0.0;0.0
2030-10-04 08:00:00;195.0850122398795;0.0;0.0;0.0;0.0;0.0;0.0;0.0
2030-10-04 09:00:00;195.1468120300848;0.0;0.0;0.0;0.0;0.0;0.0;0.0
2030-10-04 10:00:00;195.0720460074738;0.0;0.0;0.0;0.0;0.0;0.0;0.0
2030-10-04 11:00:00;195.0499588629418;0.0;0.0;0.0;0.0;0.0;0.0;0.0
2030-10-04 12:00:00;195.0157495806997;0.0;0.0;0.0;0.0;0.0;0.0;0.0
2030-10-04 13:00:00;194.9510323044635;0.0;0.0;0.0;0.0;0.0;0.0;0.0
2030-10-04 14:00:00;194.9172283216585;0.0;0.0;0.0;0.0;0.0;0.0;0.0
2030-10-04 15:00:00;194.9293035652188;0.0;0.0;0.0;0.0;0.0;0.0;0.0
2030-10-04 16:00:00;194.9899510991733;0.0;0.0;0.0;0.0;0.0;0.0;0.0
2030-10-04 17:00:00;195.0192096990347;0.0;0.0;0.0;0.0;0.0;0.0;0.0
2030-10-04 18:00:00;194.9838280630489;0.0;0.0;0.0;0.0;0.0;0.0;0.0
2030-10-04 19:00:00;195.0642314323762;0.0;0.0;0.0;0.0;0.0;0.0;0.0
2030-10-04 20:00:00;194.7474145566697;0.0;0.0;0.0;0.0;0.0;0.0;0.0
2030-10-04 21:00:00;194.7367461376018;0.0;0.0;0.0;0.0;0.0;0.0;0.0
2030-10-04 22:00:00;194.9002057452994;0.0;0.0;0.0;0.0;0.0;0.0;0.0
2030-10-04 23:00:00;194.5962948095204;0.0;0.0;0.0;0.0;0.0;0.0;0.0
2030-10-05 00:00:00;194.3610302098101;0.0;0.0;0.0;0.0;0.0;0.0;0.0
2030-10-05 01:00:00;194.2177886798186;0.0;0.0;0.0;0.0;0.0;0.0;0.0
2030-10-05 02:00:00;194.0831924212917;0.0;0.0;0.0;0.0;0.0;0.0;0.0
2030-10-05 03:00:00;194.0358594762839;0.0;0.0;0.0;0.0;0.0;0.0;0.0
2030-10-05 04:00:00;194.0883273306893;0.0;0.0;0.0;0.0;0.0;0.0;0.0
2030-10-05 05:00:00;194.0772067180343;0.0;0.0;0.0;0.0;0.0;0.0;0.0
2030-10-05 06:00:00;194.1177701575675;0.0;0.0;0.0;0.0;0.0;0.0;0.0
2030-10-05 07:00:00;194.2556322586663;0.0;0.0;0.0;0.0;0.0;0.0;0.0
2030-10-05 08:00:00;194.3978823123488;0.0;0.0;0.0;0.0;0.0;0.0;0.0
2030-10-05 09:00:00;194.5076213219265;0.0;0.0;0.0;0.0;0.0;0.0;0.0
2030-10-05 10:00:00;194.4742963293654;0.0;0.0;0.0;0.0;0.0;0.0;0.0
2030-10-05 11:00:00;194.4497639898822;0.0;0.0;0.0;0.0;0.0;0.0;0.0
2030-10-05 12:00:00;194.5262818439446;0.0;0.0;0.0;0.0;0.0;0.0;0.0
2030-10-05 13:00:00;194.4096359960253;0.0;0.0;0.0;0.0;0.0;0.0;0.0
2030-10-05 14:00:00;194.379469659408;0.0;0.0;0.0;0.0;0.0;0.0;0.0
2030-10-05 15:00:00;194.3407183438044;0.0;0.0;0.0;0.0;0.0;0.0;0.0
2030-10-05 16:00:00;194.3253940055828;0.0;0.0;0.0;0.0;0.0;0.0;0.0
2030-10-05 17:00:00;194.2518740275221;0.0;0.0;0.0;0.0;0.0;0.0;0.0
2030-10-05 18:00:00;194.2268660473773;0.0;0.0;0.0;0.0;0.0;0.0;0.0
2030-10-05 19:00:00;194.2101516325737;0.0;0.0;0.0;0.0;0.0;0.0;0.0
2030-10-05 20:00:00;194.2451614649438;0.0;0.0;0.0;0.0;0.0;0.0;0.0
2030-10-05 21:00:00;194.337948239387;0.0;0.0;0.0;0.0;0.0;0.0;0.0
2030-10-05 22:00:00;194.3713536219192;0.0;0.0;0.0;0.0;0.0;0.0;0.0
2030-10-05 23:00:00;194.268032411693;0.0;0.0;0.0;0.0;0.0;0.0;0.0
2030-10-06 00:00:00;194.0297866838914;0.0;0.0;0.0;0.0;0.0;0.0;0.0
2030-10-06 01:00:00;193.7465996127195;0.0;0.0;0.0;0.0;0.0;0.0;0.0
2030-10-06 02:00:00;193.6363414179124;0.0;0.0;0.0;0.0;0.0;0.0;0.0
2030-10-06 03:00:00;193.6277229431049;0.0;0.0;0.0;0.0;0.0;0.0;0.0
2030-10-06 04:00:00;193.6107003667459;0.0;0.0;0.0;0.0;0.0;0.0;0.0
2030-10-06 05:00:00;193.6158553736362;0.0;0.0;0.0;0.0;0.0;0.0;0.0
2030-10-06 06:00:00;193.7274031575614;0.0;0.0;0.0;0.0;0.0;0.0;0.0
2030-10-06 07:00:00;193.8799732737708;0.0;0.0;0.0;0.0;0.0;0.0;0.0
2030-10-06 08:00:00;193.9887777499357;0.0;0.0;0.0;0.0;0.0;0.0;0.0
2030-10-06 09:00:00;194.152525421696;0.0;0.0;0.0;0.0;0.0;0.0;0.0
2030-10-06 10:00:00;194.2280250027925;0.0;0.0;0.0;0.0;0.0;0.0;0.0
2030-10-06 11:00:00;194.2108617439842;0.0;0.0;0.0;0.0;0.0;0.0;0.0
2030-10-06 12:00:00;194.1666204632779;0.0;0.0;0.0;0.0;0.0;0.0;0.0
2030-10-06 13:00:00;194.2270837702153;0.0;0.0;0.0;0.0;0.0;0.0;0.0
2030-10-06 14:00:00;194.2311635612435;0.0;0.0;0.0;0.0;0.0;0.0;0.0
2030-10-06 15:00:00;194.2015867510802;0.0;0.0;0.0;0.0;0.0;0.0;0.0
2030-10-06 16:00:00;194.1100560699338;0.0;0.0;0.0;0.0;0.0;0.0;0.0
2030-10-06 17:00:00;194.2266014303893;0.0;0.0;0.0;0.0;0.0;0.0;0.0
2030-10-06 18:00:00;194.2709231010667;0.0;0.0;0.0;0.0;0.0;0.0;0.0
2030-10-06 19:00:00;194.2896305172346;0.0;0.0;0.0;0.0;0.0;0.0;0.0
2030-10-06 20:00:00;194.2635406220633;0.0;0.0;0.0;0.0;0.0;0.0;0.0
2030-10-06 21:00:00;194.3015416312709;0.0;0.0;0.0;0.0;0.0;0.0;0.0
2030-10-06 22:00:00;194.3061841520961;0.0;0.0;0.0;0.0;0.0;0.0;0.0
2030-10-06 23:00:00;194.3006271953509;0.0;0.0;0.0;0.0;0.0;0.0;0.0
2030-10-07 00:00:00;194.7141532061689;0.0;0.0;0.0;0.0;0.0;0.0;0.0
2030-10-07 01:00:00;194.0997695032281;0.0;0.0;0.0;0.0;0.0;0.0;0.0
2030-10-07 02:00:00;194.038405158699;0.0;0.0;0.0;0.0;0.0;0.0;0.0
2030-10-07 03:00:00;194.0327879094754;0.0;0.0;0.0;0.0;0.0;0.0;0.0
2030-10-07 04:00:00;194.1586451082384;0.0;0.0;0.0;0.0;0.0;0.0;0.0
2030-10-07 05:00:00;194.6564734019772;0.0;0.0;0.0;0.0;0.0;0.0;0.0
2030-10-07 06:00:00;194.9992193929131;0.0;0.0;0.0;0.0;0.0;0.0;0.0
2030-10-07 07:00:00;194.9423166917744;0.0;0.0;0.0;0.0;0.0;0.0;0.0
2030-10-07 08:00:00;195.2677520422884;0.0;0.0;0.0;0.0;0.0;0.0;0.0
2030-10-07 09:00:00;195.3440521735126;0.0;0.0;0.0;0.0;0.0;0.0;0.0
2030-10-07 10:00:00;195.2883519723568;0.0;0.0;0.0;0.0;0.0;0.0;0.0
2030-10-07 11:00:00;195.4281065873561;0.0;0.0;0.0;0.0;0.0;0.0;0.0
2030-10-07 12:00:00;195.2227269593648;0.0;0.0;0.0;0.0;0.0;0.0;0.0
2030-10-07 13:00:00;195.1700514308677;0.0;0.0;0.0;0.0;0.0;0.0;0.0
2030-10-07 14:00:00;195.0817865922931;0.0;0.0;0.0;0.0;0.0;0.0;0.0
2030-10-07 15:00:00;195.2032558384724;0.0;0.0;0.0;0.0;0.0;0.0;0.0
2030-10-07 16:00:00;195.2053359289719;0.0;0.0;0.0;0.0;0.0;0.0;0.0
2030-10-07 17:00:00;195.1709625172057;0.0;0.0;0.0;0.0;0.0;0.0;0.0
2030-10-07 18:00:00;195.2914302383296;0.0;0.0;0.0;0.0;0.0;0.0;0.0
2030-10-07 19:00:00;195.2087290556645;0.0;0.0;0.0;0.0;0.0;0.0;0.0
2030-10-07 20:00:00;195.3130886363495;0.0;0.0;0.0;0.0;0.0;0.0;0.0
2030-10-07 21:00:00;195.2089501280848;0.0;0.0;0.0;0.0;0.0;0.0;0.0
2030-10-07 22:00:00;195.1512334784898;0.0;0.0;0.0;0.0;0.0;0.0;0.0
2030-10-07 23:00:00;194.9692305841483;0.0;0.0;0.0;0.0;0.0;0.0;0.0
2030-10-08 00:00:00;194.4943402288011;0.0;0.0;0.0;0.0;0.0;0.0;0.0
2030-10-08 01:00:00;194.0264404513486;0.0;0.0;0.0;0.0;0.0;0.0;0.0
2030-10-08 02:00:00;193.8481991377335;0.0;0.0;0.0;0.0;0.0;0.0;0.0
2030-10-08 03:00:00;193.7741063811296;0.0;0.0;0.0;0.0;0.0;0.0;0.0
2030-10-08 04:00:00;193.833065725693;0.0;0.0;0.0;0.0;0.0;0.0;0.0
2030-10-08 05:00:00;194.3819550493447;0.0;0.0;0.0;0.0;0.0;0.0;0.0
2030-10-08 06:00:00;210.454268357832;0.0;0.0;0.0;0.0;0.0;0.0;0.0
2030-10-08 07:00:00;209.9703508786581;0.0;0.0;0.0;0.0;0.0;0.0;0.0
2030-10-08 08:00:00;195.0605602903673;0.0;0.0;0.0;0.0;0.0;0.0;0.0
2030-10-08 09:00:00;194.996271760643;0.0;0.0;0.0;0.0;0.0;0.0;0.0
2030-10-08 10:00:00;194.9154530431322;0.0;0.0;0.0;0.0;0.0;0.0;0.0
2030-10-08 11:00:00;195.2529669867888;0.0;0.0;0.0;0.0;0.0;0.0;0.0
2030-10-08 12:00:00;195.3591487401497;0.0;0.0;0.0;0.0;0.0;0.0;0.0
2030-10-08 13:00:00;195.2167412561074;0.0;0.0;0.0;0.0;0.0;0.0;0.0
2030-10-08 14:00:00;195.1553501149212;0.0;0.0;0.0;0.0;0.0;0.0;0.0
2030-10-08 15:00:00;195.1787904906317;0.0;0.0;0.0;0.0;0.0;0.0;0.0
2030-10-08 16:00:00;211.0487856891899;0.0;0.0;0.0;0.0;0.0;0.0;0.0
2030-10-08 17:00:00;210.8238478511708;0.0;0.0;0.0;0.0;0.0;0.0;0.0
2030-10-08 18:00:00;210.8651314508608;0.0;0.0;0.0;0.0;0.0;0.0;0.0
2030-10-08 19:00:00;210.9465262964972;0.0;0.0;0.0;0.0;0.0;0.0;0.0
2030-10-08 20:00:00;210.9022314224768;0.0;0.0;0.0;0.0;0.0;0.0;0.0
2030-10-08 21:00:00;210.7440340082974;0.0;0.0;0.0;0.0;0.0;0.0;0.0
2030-10-08 22:00:00;210.4848098476475;0.0;0.0;0.0;0.0;0.0;0.0;0.0
2030-10-08 23:00:00;210.2384212857001;0.0;0.0;0.0;0.0;0.0;0.0;0.0
2030-10-09 00:00:00;209.4965859829048;0.0;0.0;0.0;0.0;0.0;0.0;0.0
2030-10-09 01:00:00;209.0365443251175;0.0;0.0;0.0;0.0;0.0;0.0;0.0
2030-10-09 02:00:00;208.9275489227715;0.0;0.0;0.0;0.0;0.0;0.0;0.0
2030-10-09 03:00:00;208.8653337843827;0.0;0.0;0.0;0.0;0.0;0.0;0.0
2030-10-09 04:00:00;209.0263381483828;0.0;0.0;0.0;0.0;0.0;0.0;0.0
2030-10-09 05:00:00;209.7636381169808;0.0;0.0;0.0;0.0;0.0;0.0;0.0
2030-10-09 06:00:00;210.5592878061957;0.0;0.0;0.0;0.0;0.0;0.0;0.0
2030-10-09 07:00:00;210.9793153559183;0.0;0.0;0.0;0.0;0.0;0.0;0.0
2030-10-09 08:00:00;210.9093191382532;0.0;0.0;0.0;0.0;0.0;0.0;0.0
2030-10-09 09:00:00;210.762171995504;0.0;0.0;0.0;0.0;0.0;0.0;0.0
2030-10-09 10:00:00;194.8853269015004;0.0;0.0;0.0;0.0;0.0;0.0;0.0
2030-10-09 11:00:00;194.9410907447166;0.0;0.0;0.0;0.0;0.0;0.0;0.0
2030-10-09 12:00:00;205.685213718296;0.0;0.0;0.0;0.0;0.0;0.0;0.0
2030-10-09 13:00:00;206.477359744608;0.0;0.0;0.0;0.0;0.0;0.0;0.0
2030-10-09 14:00:00;210.94011519631;0.0;0.0;0.0;0.0;0.0;0.0;0.0
2030-10-09 15:00:00;210.9976643667989;0.0;0.0;0.0;0.0;0.0;0.0;0.0
2030-10-09 16:00:00;211.2009438067979;0.0;0.0;0.0;0.0;0.0;0.0;0.0
2030-10-09 17:00:00;211.0818829101665;0.0;0.0;0.0;0.0;0.0;0.0;0.0
2030-10-09 18:00:00;211.1677427487755;0.0;0.0;0.0;0.0;0.0;0.0;0.0
2030-10-09 19:00:00;211.2822381649705;0.0;0.0;0.0;0.0;0.0;0.0;0.0
2030-10-09 20:00:00;211.0546307099979;0.0;0.0;0.0;0.0;0.0;0.0;0.0
2030-10-09 21:00:00;211.030319442935;0.0;0.0;0.0;0.0;0.0;0.0;0.0
2030-10-09 22:00:00;210.9707906694103;0.0;0.0;0.0;0.0;0.0;0.0;0.0
2030-10-09 23:00:00;210.6682631110489;0.0;0.0;0.0;0.0;0.0;0.0;0.0
2030-10-10 00:00:00;210.2248119335264;0.0;0.0;0.0;0.0;0.0;0.0;0.0
2030-10-10 01:00:00;209.807953088494;0.0;0.0;0.0;0.0;0.0;0.0;0.0
2030-10-10 02:00:00;209.4658468677442;0.0;0.0;0.0;0.0;0.0;0.0;0.0
2030-10-10 03:00:00;209.3038007837031;0.0;0.0;0.0;0.0;0.0;0.0;0.0
2030-10-10 04:00:00;209.3747918272594;0.0;0.0;0.0;0.0;0.0;0.0;0.0
2030-10-10 05:00:00;209.7844289732304;0.0;0.0;0.0;0.0;0.0;0.0;0.0
2030-10-10 06:00:00;210.7571710693915;0.0;0.0;0.0;0.0;0.0;0.0;0.0
2030-10-10 07:00:00;211.1407786126695;0.0;0.0;0.0;0.0;0.0;0.0;0.0
2030-10-10 08:00:00;211.0915531537613;0.0;0.0;0.0;0.0;0.0;0.0;0.0
2030-10-10 09:00:00;210.9373082464893;0.0;0.0;0.0;0.0;0.0;0.0;0.0
2030-10-10 10:00:00;211.0638454104237;0.0;0.0;0.0;0.0;0.0;0.0;0.0
2030-10-10 11:00:00;209.999194130336;0.0;0.0;0.0;0.0;0.0;0.0;0.0
2030-10-10 12:00:00;203.3181913147129;0.0;0.0;0.0;0.0;0.0;0.0;0.0
2030-10-10 13:00:00;210.9556137128022;0.0;0.0;0.0;0.0;0.0;0.0;0.0
2030-10-10 14:00:00;210.9240874458421;0.0;0.0;0.0;0.0;0.0;0.0;0.0
2030-10-10 15:00:00;210.9740263657431;0.0;0.0;0.0;0.0;0.0;0.0;0.0
2030-10-10 16:00:00;210.7868818628398;0.0;0.0;0.0;0.0;0.0;0.0;0.0
2030-10-10 17:00:00;210.9132113526825;0.0;0.0;0.0;0.0;0.0;0.0;0.0
2030-10-10 18:00:00;211.0259013441122;0.0;0.0;0.0;0.0;0.0;0.0;0.0
2030-10-10 19:00:00;211.0902267192398;0.0;0.0;0.0;0.0;0.0;0.0;0.0
2030-10-10 20:00:00;211.052409937049;0.0;0.0;0.0;0.0;0.0;0.0;0.0
2030-10-10 21:00:00;210.860924375712;0.0;0.0;0.0;0.0;0.0;0.0;0.0
2030-10-10 22:00:00;210.6118494489004;0.0;0.0;0.0;0.0;0.0;0.0;0.0
2030-10-10 23:00:00;210.2823309577762;0.0;0.0;0.0;0.0;0.0;0.0;0.0
2030-10-11 00:00:00;210.114999233142;0.0;0.0;0.0;0.0;0.0;0.0;0.0
2030-10-11 01:00:00;209.5790091502535;0.0;0.0;0.0;0.0;0.0;0.0;0.0
2030-10-11 02:00:00;209.2416459377926;0.0;0.0;0.0;0.0;0.0;0.0;0.0
2030-10-11 03:00:00;209.0148323337835;0.0;0.0;0.0;0.0;0.0;0.0;0.0
2030-10-11 04:00:00;209.0420007943991;0.0;0.0;0.0;0.0;0.0;0.0;0.0
2030-10-11 05:00:00;209.5688867130719;0.0;0.0;0.0;0.0;0.0;0.0;0.0
2030-10-11 06:00:00;210.4733911221834;0.0;0.0;0.0;0.0;0.0;0.0;0.0
2030-10-11 07:00:00;210.8246517508808;0.0;0.0;0.0;0.0;0.0;0.0;0.0
2030-10-11 08:00:00;210.7175723095104;0.0;0.0;0.0;0.0;0.0;0.0;0.0
2030-10-11 09:00:00;210.6260215308711;0.0;0.0;0.0;0.0;0.0;0.0;0.0
2030-10-11 10:00:00;210.3445963398969;0.0;0.0;0.0;0.0;0.0;0.0;0.0
2030-10-11 11:00:00;210.5258187816032;0.0;0.0;0.0;0.0;0.0;0.0;0.0
2030-10-11 12:00:00;210.8535988396046;0.0;0.0;0.0;0.0;0.0;0.0;0.0
2030-10-11 13:00:00;210.9307531142708;0.0;0.0;0.0;0.0;0.0;0.0;0.0
2030-10-11 14:00:00;211.0425655151838;0.0;0.0;0.0;0.0;0.0;0.0;0.0
2030-10-11 15:00:00;211.0549991640316;0.0;0.0;0.0;0.0;0.0;0.0;0.0
2030-10-11 16:00:00;210.8602243130478;0.0;0.0;0.0;0.0;0.0;0.0;0.0
2030-10-11 17:00:00;211.0349753620887;0.0;0.0;0.0;0.0;0.0;0.0;0.0
2030-10-11 18:00:00;211.0632826806267;0.0;0.0;0.0;0.0;0.0;0.0;0.0
2030-10-11 19:00:00;211.0893826245442;0.0;0.0;0.0;0.0;0.0;0.0;0.0
2030-10-11 20:00:00;210.9818342416763;0.0;0.0;0.0;0.0;0.0;0.0;0.0
2030-10-11 21:00:00;210.6682095177349;0.0;0.0;0.0;0.0;0.0;0.0;0.0
2030-10-11 22:00:00;210.5201144432444;0.0;0.0;0.0;0.0;0.0;0.0;0.0
2030-10-11 23:00:00;210.2970188753941;0.0;0.0;0.0;0.0;0.0;0.0;0.0
2030-10-12 00:00:00;209.7445990921827;0.0;0.0;0.0;0.0;0.0;0.0;0.0
2030-10-12 01:00:00;209.3329387986082;0.0;0.0;0.0;0.0;0.0;0.0;0.0
2030-10-12 02:00:00;209.2094865998109;0.0;0.0;0.0;0.0;0.0;0.0;0.0
2030-10-12 03:00:00;209.2544748373312;0.0;0.0;0.0;0.0;0.0;0.0;0.0
2030-10-12 04:00:00;209.2383666968923;0.0;0.0;0.0;0.0;0.0;0.0;0.0
2030-10-12 05:00:00;209.5377489976384;0.0;0.0;0.0;0.0;0.0;0.0;0.0
2030-10-12 06:00:00;209.9373574947273;0.0;0.0;0.0;0.0;0.0;0.0;0.0
2030-10-12 07:00:00;210.2613625736739;0.0;0.0;0.0;0.0;0.0;0.0;0.0
2030-10-12 08:00:00;210.4136513249849;0.0;0.0;0.0;0.0;0.0;0.0;0.0
2030-10-12 09:00:00;210.5983204866978;0.0;0.0;0.0;0.0;0.0;0.0;0.0
2030-10-12 10:00:00;194.8493188936571;0.0;0.0;0.0;0.0;0.0;0.0;0.0
2030-10-12 11:00:00;194.8857690463408;0.0;0.0;0.0;0.0;0.0;0.0;0.0
2030-10-12 12:00:00;194.8831228764622;0.0;0.0;0.0;0.0;0.0;0.0;0.0
2030-10-12 13:00:00;194.8325475359575;0.0;0.0;0.0;0.0;0.0;0.0;0.0
2030-10-12 14:00:00;194.8101723273628;0.0;0.0;0.0;0.0;0.0;0.0;0.0
2030-10-12 15:00:00;194.7525997097991;0.0;0.0;0.0;0.0;0.0;0.0;0.0
2030-10-12 16:00:00;194.7967338038775;0.0;0.0;0.0;0.0;0.0;0.0;0.0
2030-10-12 17:00:00;194.7477930594498;0.0;0.0;0.0;0.0;0.0;0.0;0.0
2030-10-12 18:00:00;194.719810650378;0.0;0.0;0.0;0.0;0.0;0.0;0.0
2030-10-12 19:00:00;194.7850839572469;0.0;0.0;0.0;0.0;0.0;0.0;0.0
2030-10-12 20:00:00;194.7352421752276;0.0;0.0;0.0;0.0;0.0;0.0;0.0
2030-10-12 21:00:00;194.5733937165321;0.0;0.0;0.0;0.0;0.0;0.0;0.0
2030-10-12 22:00:00;194.3800625354441;0.0;0.0;0.0;0.0;0.0;0.0;0.0
2030-10-12 23:00:00;194.338376985899;0.0;0.0;0.0;0.0;0.0;0.0;0.0
2030-10-13 00:00:00;194.1420646767198;0.0;0.0;0.0;0.0;0.0;0.0;0.0
2030-10-13 01:00:00;194.0025847274547;0.0;0.0;0.0;0.0;0.0;0.0;0.0
2030-10-13 02:00:00;193.9446001112896;0.0;0.0;0.0;0.0;0.0;0.0;0.0
2030-10-13 03:00:00;193.9055339349663;0.0;0.0;0.0;0.0;0.0;0.0;0.0
2030-10-13 04:00:00;193.9782768099739;0.0;0.0;0.0;0.0;0.0;0.0;0.0
2030-10-13 05:00:00;194.0130052774454;0.0;0.0;0.0;0.0;0.0;0.0;0.0
2030-10-13 06:00:00;194.0268624986963;0.0;0.0;0.0;0.0;0.0;0.0;0.0
2030-10-13 07:00:00;194.1222753455256;0.0;0.0;0.0;0.0;0.0;0.0;0.0
2030-10-13 08:00:00;194.1251358886603;0.0;0.0;0.0;0.0;0.0;0.0;0.0
2030-10-13 09:00:00;194.140972712947;0.0;0.0;0.0;0.0;0.0;0.0;0.0
2030-10-13 10:00:00;194.1307866337051;0.0;0.0;0.0;0.0;0.0;0.0;0.0
2030-10-13 11:00:00;194.0676637585604;0.0;0.0;0.0;0.0;0.0;0.0;0.0
2030-10-13 12:00:00;194.0497066487885;0.0;0.0;0.0;0.0;0.0;0.0;0.0
2030-10-13 13:00:00;193.9921038849857;0.0;0.0;0.0;0.0;0.0;0.0;0.0
2030-10-13 14:00:00;193.978280159556;0.0;0.0;0.0;0.0;0.0;0.0;0.0
2030-10-13 15:00:00;194.0444846502557;0.0;0.0;0.0;0.0;0.0;0.0;0.0
2030-10-13 16:00:00;193.9889519282061;0.0;0.0;0.0;0.0;0.0;0.0;0.0
2030-10-13 17:00:00;194.0565230484128;0.0;0.0;0.0;0.0;0.0;0.0;0.0
2030-10-13 18:00:00;194.0922128459542;0.0;0.0;0.0;0.0;0.0;0.0;0.0
2030-10-13 19:00:00;194.2091434083541;0.0;0.0;0.0;0.0;0.0;0.0;0.0
2030-10-13 20:00:00;194.189812969911;0.0;0.0;0.0;0.0;0.0;0.0;0.0
2030-10-13 21:00:00;194.1306258537631;0.0;0.0;0.0;0.0;0.0;0.0;0.0
2030-10-13 22:00:00;194.0698476861058;0.0;0.0;0.0;0.0;0.0;0.0;0.0
2030-10-13 23:00:00;194.0542721292249;0.0;0.0;0.0;0.0;0.0;0.0;0.0
2030-10-14 00:00:00;194.2056933387655;0.0;0.0;0.0;0.0;0.0;0.0;0.0
2030-10-14 01:00:00;194.0776053183072;0.0;0.0;0.0;0.0;0.0;0.0;0.0
2030-10-14 02:00:00;194.0068621438282;0.0;0.0;0.0;0.0;0.0;0.0;0.0
2030-10-14 03:00:00;193.9903319560416;0.0;0.0;0.0;0.0;0.0;0.0;0.0
2030-10-14 04:00:00;194.0612459592089;0.0;0.0;0.0;0.0;0.0;0.0;0.0
2030-10-14 05:00:00;194.4225687326098;0.0;0.0;0.0;0.0;0.0;0.0;0.0
2030-10-14 06:00:00;194.5715480967812;0.0;0.0;0.0;0.0;0.0;0.0;0.0
2030-10-14 07:00:00;194.6337799830807;0.0;0.0;0.0;0.0;0.0;0.0;0.0
2030-10-14 08:00:00;194.6810157902067;0.0;0.0;0.0;0.0;0.0;0.0;0.0
2030-10-14 09:00:00;194.7737690688288;0.0;0.0;0.0;0.0;0.0;0.0;0.0
2030-10-14 10:00:00;194.6788117651685;0.0;0.0;0.0;0.0;0.0;0.0;0.0
2030-10-14 11:00:00;194.6386134300871;0.0;0.0;0.0;0.0;0.0;0.0;0.0
2030-10-14 12:00:00;194.666411612142;0.0;0.0;0.0;0.0;0.0;0.0;0.0
2030-10-14 13:00:00;194.6543263198352;0.0;0.0;0.0;0.0;0.0;0.0;0.0
2030-10-14 14:00:00;210.596665793128;0.0;0.0;0.0;0.0;0.0;0.0;0.0
2030-10-14 15:00:00;210.4757425288352;0.0;0.0;0.0;0.0;0.0;0.0;0.0
2030-10-14 16:00:00;210.5473331475918;0.0;0.0;0.0;0.0;0.0;0.0;0.0
2030-10-14 17:00:00;210.585458091338;0.0;0.0;0.0;0.0;0.0;0.0;0.0
2030-10-14 18:00:00;210.4729389285966;0.0;0.0;0.0;0.0;0.0;0.0;0.0
2030-10-14 19:00:00;208.8250617584944;0.0;0.0;0.0;0.0;0.0;0.0;0.0
2030-10-14 20:00:00;210.0820962879287;0.0;0.0;0.0;0.0;0.0;0.0;0.0
2030-10-14 21:00:00;200.8609311686835;0.0;0.0;0.0;0.0;0.0;0.0;0.0
2030-10-14 22:00:00;194.6181206866466;0.0;0.0;0.0;0.0;0.0;0.0;0.0
2030-10-14 23:00:00;194.5874887581139;0.0;0.0;0.0;0.0;0.0;0.0;0.0
2030-10-15 00:00:00;194.3922449656325;0.0;0.0;0.0;0.0;0.0;0.0;0.0
2030-10-15 01:00:00;194.2578161862118;0.0;0.0;0.0;0.0;0.0;0.0;0.0
2030-10-15 02:00:00;194.1822965076226;0.0;0.0;0.0;0.0;0.0;0.0;0.0
2030-10-15 03:00:00;194.2498575790829;0.0;0.0;0.0;0.0;0.0;0.0;0.0
2030-10-15 04:00:00;194.3571848895307;0.0;0.0;0.0;0.0;0.0;0.0;0.0
2030-10-15 05:00:00;194.6273286879081;0.0;0.0;0.0;0.0;0.0;0.0;0.0
2030-10-15 06:00:00;194.8143526058548;0.0;0.0;0.0;0.0;0.0;0.0;0.0
2030-10-15 07:00:00;195.0281463841441;0.0;0.0;0.0;0.0;0.0;0.0;0.0
2030-10-15 08:00:00;195.1384280260261;0.0;0.0;0.0;0.0;0.0;0.0;0.0
2030-10-15 09:00:00;195.1697968626262;0.0;0.0;0.0;0.0;0.0;0.0;0.0
2030-10-15 10:00:00;195.1143880751152;0.0;0.0;0.0;0.0;0.0;0.0;0.0
2030-10-15 11:00:00;195.141536438238;0.0;0.0;0.0;0.0;0.0;0.0;0.0
2030-10-15 12:00:00;195.1544624756581;0.0;0.0;0.0;0.0;0.0;0.0;0.0
2030-10-15 13:00:00;195.0625867875529;0.0;0.0;0.0;0.0;0.0;0.0;0.0
2030-10-15 14:00:00;195.0080455418122;0.0;0.0;0.0;0.0;0.0;0.0;0.0
2030-10-15 15:00:00;195.0736571564759;0.0;0.0;0.0;0.0;0.0;0.0;0.0
2030-10-15 16:00:00;195.1991492507872;0.0;0.0;0.0;0.0;0.0;0.0;0.0
2030-10-15 17:00:00;195.3535013446871;0.0;0.0;0.0;0.0;0.0;0.0;0.0
2030-10-15 18:00:00;195.4152374928321;0.0;0.0;0.0;0.0;0.0;0.0;0.0
2030-10-15 19:00:00;195.3636204322866;0.0;0.0;0.0;0.0;0.0;0.0;0.0
2030-10-15 20:00:00;195.3002295905719;0.0;0.0;0.0;0.0;0.0;0.0;0.0
2030-10-15 21:00:00;195.4362326735913;0.0;0.0;0.0;0.0;0.0;0.0;0.0
2030-10-15 22:00:00;194.9472539758265;0.0;0.0;0.0;0.0;0.0;0.0;0.0
2030-10-15 23:00:00;194.8192195486823;0.0;0.0;0.0;0.0;0.0;0.0;0.0
2030-10-16 00:00:00;194.747314069206;0.0;0.0;0.0;0.0;0.0;0.0;0.0
2030-10-16 01:00:00;194.7278161516567;0.0;0.0;0.0;0.0;0.0;0.0;0.0
2030-10-16 02:00:00;194.7425442642601;0.0;0.0;0.0;0.0;0.0;0.0;0.0
2030-10-16 03:00:00;194.5473440163463;0.0;0.0;0.0;0.0;0.0;0.0;0.0
2030-10-16 04:00:00;194.6557632905668;0.0;0.0;0.0;0.0;0.0;0.0;0.0
2030-10-16 05:00:00;194.8860839070606;0.0;0.0;0.0;0.0;0.0;0.0;0.0
2030-10-16 06:00:00;195.5544059309597;0.0;0.0;0.0;0.0;0.0;0.0;0.0
2030-10-16 07:00:00;195.6554460757588;0.0;0.0;0.0;0.0;0.0;0.0;0.0
2030-10-16 08:00:00;195.6259563547307;0.0;0.0;0.0;0.0;0.0;0.0;0.0
2030-10-16 09:00:00;195.6090041195963;0.0;0.0;0.0;0.0;0.0;0.0;0.0
2030-10-16 10:00:00;195.4859002773401;0.0;0.0;0.0;0.0;0.0;0.0;0.0
2030-10-16 11:00:00;195.5058671363869;0.0;0.0;0.0;0.0;0.0;0.0;0.0
2030-10-16 12:00:00;195.4450956678939;0.0;0.0;0.0;0.0;0.0;0.0;0.0
2030-10-16 13:00:00;195.523961579026;0.0;0.0;0.0;0.0;0.0;0.0;0.0
2030-10-16 14:00:00;195.6727399682699;0.0;0.0;0.0;0.0;0.0;0.0;0.0
2030-10-16 15:00:00;195.6603331160791;0.0;0.0;0.0;0.0;0.0;0.0;0.0
2030-10-16 16:00:00;195.6110038201249;0.0;0.0;0.0;0.0;0.0;0.0;0.0
2030-10-16 17:00:00;195.7419959282855;0.0;0.0;0.0;0.0;0.0;0.0;0.0
2030-10-16 18:00:00;195.7159998214137;0.0;0.0;0.0;0.0;0.0;0.0;0.0
2030-10-16 19:00:00;195.5807101993868;0.0;0.0;0.0;0.0;0.0;0.0;0.0
2030-10-16 20:00:00;195.4507028683711;0.0;0.0;0.0;0.0;0.0;0.0;0.0
2030-10-16 21:00:00;195.3636204322866;0.0;0.0;0.0;0.0;0.0;0.0;0.0
2030-10-16 22:00:00;195.2519118684194;0.0;0.0;0.0;0.0;0.0;0.0;0.0
2030-10-16 23:00:00;195.0535194687406;0.0;0.0;0.0;0.0;0.0;0.0;0.0
2030-10-17 00:00:00;195.0317572336748;0.0;0.0;0.0;0.0;0.0;0.0;0.0
2030-10-17 01:00:00;194.9461184674861;0.0;0.0;0.0;0.0;0.0;0.0;0.0
2030-10-17 02:00:00;194.9271263368377;0.0;0.0;0.0;0.0;0.0;0.0;0.0
2030-10-17 03:00:00;195.0513455899415;0.0;0.0;0.0;0.0;0.0;0.0;0.0
2030-10-17 04:00:00;195.1190506934332;0.0;0.0;0.0;0.0;0.0;0.0;0.0
2030-10-17 05:00:00;195.2283743548274;0.0;0.0;0.0;0.0;0.0;0.0;0.0
2030-10-17 06:00:00;195.4436586971623;0.0;0.0;0.0;0.0;0.0;0.0;0.0
2030-10-17 07:00:00;195.6303409577323;0.0;0.0;0.0;0.0;0.0;0.0;0.0
2030-10-17 08:00:00;195.568273200957;0.0;0.0;0.0;0.0;0.0;0.0;0.0
2030-10-17 09:00:00;195.5112599636082;0.0;0.0;0.0;0.0;0.0;0.0;0.0
2030-10-17 10:00:00;195.5549418640996;0.0;0.0;0.0;0.0;0.0;0.0;0.0
2030-10-17 11:00:00;195.4896585084843;0.0;0.0;0.0;0.0;0.0;0.0;0.0
2030-10-17 12:00:00;195.3922158148873;0.0;0.0;0.0;0.0;0.0;0.0;0.0
2030-10-17 13:00:00;195.3808942273049;0.0;0.0;0.0;0.0;0.0;0.0;0.0
2030-10-17 14:00:00;195.3024202172816;0.0;0.0;0.0;0.0;0.0;0.0;0.0
2030-10-17 15:00:00;195.3911472981895;0.0;0.0;0.0;0.0;0.0;0.0;0.0
2030-10-17 16:00:00;195.4544309532761;0.0;0.0;0.0;0.0;0.0;0.0;0.0
2030-10-17 17:00:00;195.4931755697155;0.0;0.0;0.0;0.0;0.0;0.0;0.0
2030-10-17 18:00:00;195.559725067374;0.0;0.0;0.0;0.0;0.0;0.0;0.0
2030-10-17 19:00:00;195.5990860069244;0.0;0.0;0.0;0.0;0.0;0.0;0.0
2030-10-17 20:00:00;195.5345663560336;0.0;0.0;0.0;0.0;0.0;0.0;0.0
2030-10-17 21:00:00;195.3137049594606;0.0;0.0;0.0;0.0;0.0;0.0;0.0
2030-10-17 22:00:00;195.1767740421925;0.0;0.0;0.0;0.0;0.0;0.0;0.0
2030-10-17 23:00:00;194.9393657099223;0.0;0.0;0.0;0.0;0.0;0.0;0.0
2030-10-18 00:00:00;195.0160912380764;0.0;0.0;0.0;0.0;0.0;0.0;0.0
2030-10-18 01:00:00;195.0276372476611;0.0;0.0;0.0;0.0;0.0;0.0;0.0
2030-10-18 02:00:00;194.8912757593543;0.0;0.0;0.0;0.0;0.0;0.0;0.0
2030-10-18 03:00:00;194.8492920970002;0.0;0.0;0.0;0.0;0.0;0.0;0.0
2030-10-18 04:00:00;194.8272417978716;0.0;0.0;0.0;0.0;0.0;0.0;0.0
2030-10-18 05:00:00;195.0217821781067;0.0;0.0;0.0;0.0;0.0;0.0;0.0
2030-10-18 06:00:00;195.2825471465342;0.0;0.0;0.0;0.0;0.0;0.0;0.0
2030-10-18 07:00:00;195.3902429110157;0.0;0.0;0.0;0.0;0.0;0.0;0.0
2030-10-18 08:00:00;195.5207392810217;0.0;0.0;0.0;0.0;0.0;0.0;0.0
2030-10-18 09:00:00;195.5231409314053;0.0;0.0;0.0;0.0;0.0;0.0;0.0
2030-10-18 10:00:00;195.2624463042023;0.0;0.0;0.0;0.0;0.0;0.0;0.0
2030-10-18 11:00:00;195.1564889728438;0.0;0.0;0.0;0.0;0.0;0.0;0.0
2030-10-18 12:00:00;194.8544102584871;0.0;0.0;0.0;0.0;0.0;0.0;0.0
2030-10-18 13:00:00;194.783476157827;0.0;0.0;0.0;0.0;0.0;0.0;0.0
2030-10-18 14:00:00;194.6706153377088;0.0;0.0;0.0;0.0;0.0;0.0;0.0
2030-10-18 15:00:00;194.773397265213;0.0;0.0;0.0;0.0;0.0;0.0;0.0
2030-10-18 16:00:00;195.0243446084323;0.0;0.0;0.0;0.0;0.0;0.0;0.0
2030-10-18 17:00:00;195.3070292422855;0.0;0.0;0.0;0.0;0.0;0.0;0.0
2030-10-18 18:00:00;195.2007369527145;0.0;0.0;0.0;0.0;0.0;0.0;0.0
2030-10-18 19:00:00;195.0159036614774;0.0;0.0;0.0;0.0;0.0;0.0;0.0
2030-10-18 20:00:00;195.0274630693906;0.0;0.0;0.0;0.0;0.0;0.0;0.0
2030-10-18 21:00:00;194.6661235480793;0.0;0.0;0.0;0.0;0.0;0.0;0.0
2030-10-18 22:00:00;194.2994883374283;0.0;0.0;0.0;0.0;0.0;0.0;0.0
2030-10-18 23:00:00;194.1610970023538;0.0;0.0;0.0;0.0;0.0;0.0;0.0
2030-10-19 00:00:00;194.0917238069639;0.0;0.0;0.0;0.0;0.0;0.0;0.0
2030-10-19 01:00:00;193.9508705290276;0.0;0.0;0.0;0.0;0.0;0.0;0.0
2030-10-19 02:00:00;193.847462229666;0.0;0.0;0.0;0.0;0.0;0.0;0.0
2030-10-19 03:00:00;193.8243233163469;0.0;0.0;0.0;0.0;0.0;0.0;0.0
2030-10-19 04:00:00;193.8229499876756;0.0;0.0;0.0;0.0;0.0;0.0;0.0
2030-10-19 05:00:00;193.8354003844341;0.0;0.0;0.0;0.0;0.0;0.0;0.0
2030-10-19 06:00:00;194.111938535088;0.0;0.0;0.0;0.0;0.0;0.0;0.0
2030-10-19 07:00:00;194.268035761275;0.0;0.0;0.0;0.0;0.0;0.0;0.0
2030-10-19 08:00:00;194.4378059816962;0.0;0.0;0.0;0.0;0.0;0.0;0.0
2030-10-19 09:00:00;194.6444249550738;0.0;0.0;0.0;0.0;0.0;0.0;0.0
2030-10-19 10:00:00;194.6615145230754;0.0;0.0;0.0;0.0;0.0;0.0;0.0
2030-10-19 11:00:00;194.6157726295769;0.0;0.0;0.0;0.0;0.0;0.0;0.0
2030-10-19 12:00:00;194.4098905642668;0.0;0.0;0.0;0.0;0.0;0.0;0.0
2030-10-19 13:00:00;194.3085221604194;0.0;0.0;0.0;0.0;0.0;0.0;0.0
2030-10-19 14:00:00;194.6032083470263;0.0;0.0;0.0;0.0;0.0;0.0;0.0
2030-10-19 15:00:00;194.6429142935355;0.0;0.0;0.0;0.0;0.0;0.0;0.0
2030-10-19 16:00:00;210.6994845660356;0.0;0.0;0.0;0.0;0.0;0.0;0.0
2030-10-19 17:00:00;210.7614652336757;0.0;0.0;0.0;0.0;0.0;0.0;0.0
2030-10-19 18:00:00;210.7733261039801;0.0;0.0;0.0;0.0;0.0;0.0;0.0
2030-10-19 19:00:00;210.8697538741933;0.0;0.0;0.0;0.0;0.0;0.0;0.0
2030-10-19 20:00:00;210.7941437568867;0.0;0.0;0.0;0.0;0.0;0.0;0.0
2030-10-19 21:00:00;210.4495086016325;0.0;0.0;0.0;0.0;0.0;0.0;0.0
2030-10-19 22:00:00;210.6446251099931;0.0;0.0;0.0;0.0;0.0;0.0;0.0
2030-10-19 23:00:00;210.3604231154373;0.0;0.0;0.0;0.0;0.0;0.0;0.0
2030-10-20 00:00:00;209.9582655863513;0.0;0.0;0.0;0.0;0.0;0.0;0.0
2030-10-20 01:00:00;209.6310616564752;0.0;0.0;0.0;0.0;0.0;0.0;0.0
2030-10-20 02:00:00;209.4354829057815;0.0;0.0;0.0;0.0;0.0;0.0;0.0
2030-10-20 03:00:00;209.4331951411901;0.0;0.0;0.0;0.0;0.0;0.0;0.0
2030-10-20 04:00:00;209.5570057452747;0.0;0.0;0.0;0.0;0.0;0.0;0.0
2030-10-20 05:00:00;209.6929049912483;0.0;0.0;0.0;0.0;0.0;0.0;0.0
2030-10-20 06:00:00;210.0810244216486;0.0;0.0;0.0;0.0;0.0;0.0;0.0
2030-10-20 07:00:00;210.4600664844903;0.0;0.0;0.0;0.0;0.0;0.0;0.0
2030-10-20 08:00:00;210.7188083053145;0.0;0.0;0.0;0.0;0.0;0.0;0.0
2030-10-20 09:00:00;210.8856777876153;0.0;0.0;0.0;0.0;0.0;0.0;0.0
2030-10-20 10:00:00;210.914701916728;0.0;0.0;0.0;0.0;0.0;0.0;0.0
2030-10-20 11:00:00;210.9535503702132;0.0;0.0;0.0;0.0;0.0;0.0;0.0
2030-10-20 12:00:00;210.9426273829038;0.0;0.0;0.0;0.0;0.0;0.0;0.0
2030-10-20 13:00:00;207.9008718552345;0.0;0.0;0.0;0.0;0.0;0.0;0.0
2030-10-20 14:00:00;210.8983325088834;0.0;0.0;0.0;0.0;0.0;0.0;0.0
2030-10-20 15:00:00;210.9978452442336;0.0;0.0;0.0;0.0;0.0;0.0;0.0
2030-10-20 16:00:00;211.0238112048663;0.0;0.0;0.0;0.0;0.0;0.0;0.0
2030-10-20 17:00:00;211.065892005102;0.0;0.0;0.0;0.0;0.0;0.0;0.0
2030-10-20 18:00:00;211.0899520535056;0.0;0.0;0.0;0.0;0.0;0.0;0.0
2030-10-20 19:00:00;211.1450627282073;0.0;0.0;0.0;0.0;0.0;0.0;0.0
2030-10-20 20:00:00;211.0460457310117;0.0;0.0;0.0;0.0;0.0;0.0;0.0
2030-10-20 21:00:00;211.0117560587986;0.0;0.0;0.0;0.0;0.0;0.0;0.0
2030-10-20 22:00:00;210.9156498484693;0.0;0.0;0.0;0.0;0.0;0.0;0.0
2030-10-20 23:00:00;210.840501973496;0.0;0.0;0.0;0.0;0.0;0.0;0.0
2030-10-21 00:00:00;210.4835604535148;0.0;0.0;0.0;0.0;0.0;0.0;0.0
2030-10-21 01:00:00;210.3994658446857;0.0;0.0;0.0;0.0;0.0;0.0;0.0
2030-10-21 02:00:00;210.3930714924092;0.0;0.0;0.0;0.0;0.0;0.0;0.0
2030-10-21 03:00:00;210.2983151636764;0.0;0.0;0.0;0.0;0.0;0.0;0.0
2030-10-21 04:00:00;210.4798558156846;0.0;0.0;0.0;0.0;0.0;0.0;0.0
2030-10-21 05:00:00;210.6278705002041;0.0;0.0;0.0;0.0;0.0;0.0;0.0
2030-10-21 06:00:00;211.0994514684119;0.0;0.0;0.0;0.0;0.0;0.0;0.0
2030-10-21 07:00:00;211.1685700955603;0.0;0.0;0.0;0.0;0.0;0.0;0.0
2030-10-21 08:00:00;211.2128113762667;0.0;0.0;0.0;0.0;0.0;0.0;0.0
2030-10-21 09:00:00;211.2415876363021;0.0;0.0;0.0;0.0;0.0;0.0;0.0
2030-10-21 10:00:00;211.361948170798;0.0;0.0;0.0;0.0;0.0;0.0;0.0
2030-10-21 11:00:00;211.271609940888;0.0;0.0;0.0;0.0;0.0;0.0;0.0
2030-10-21 12:00:00;211.283859362719;0.0;0.0;0.0;0.0;0.0;0.0;0.0
2030-10-21 13:00:00;211.3328537004606;0.0;0.0;0.0;0.0;0.0;0.0;0.0
2030-10-21 14:00:00;211.3434986724538;0.0;0.0;0.0;0.0;0.0;0.0;0.0
2030-10-21 15:00:00;211.2991837009407;0.0;0.0;0.0;0.0;0.0;0.0;0.0
2030-10-21 16:00:00;211.4137494583604;0.0;0.0;0.0;0.0;0.0;0.0;0.0
2030-10-21 17:00:00;211.3938696884489;0.0;0.0;0.0;0.0;0.0;0.0;0.0
2030-10-21 18:00:00;211.3685803434055;0.0;0.0;0.0;0.0;0.0;0.0;0.0
2030-10-21 19:00:00;211.4160405725339;0.0;0.0;0.0;0.0;0.0;0.0;0.0
2030-10-21 20:00:00;211.2436811251303;0.0;0.0;0.0;0.0;0.0;0.0;0.0
2030-10-21 21:00:00;211.2538203102224;0.0;0.0;0.0;0.0;0.0;0.0;0.0
2030-10-21 22:00:00;211.2659725941718;0.0;0.0;0.0;0.0;0.0;0.0;0.0
2030-10-21 23:00:00;211.0912449922058;0.0;0.0;0.0;0.0;0.0;0.0;0.0
2030-10-22 00:00:00;211.0523998883027;0.0;0.0;0.0;0.0;0.0;0.0;0.0
2030-10-22 01:00:00;211.0693487738549;0.0;0.0;0.0;0.0;0.0;0.0;0.0
2030-10-22 02:00:00;211.1345048453495;0.0;0.0;0.0;0.0;0.0;0.0;0.0
2030-10-22 03:00:00;211.1053768791909;0.0;0.0;0.0;0.0;0.0;0.0;0.0
2030-10-22 04:00:00;211.1511355205998;0.0;0.0;0.0;0.0;0.0;0.0;0.0
2030-10-22 05:00:00;211.136260026383;0.0;0.0;0.0;0.0;0.0;0.0;0.0
2030-10-22 06:00:00;211.4254026545731;0.0;0.0;0.0;0.0;0.0;0.0;0.0
2030-10-22 07:00:00;211.376907404568;0.0;0.0;0.0;0.0;0.0;0.0;0.0
2030-10-22 08:00:00;211.3681281498186;0.0;0.0;0.0;0.0;0.0;0.0;0.0
2030-10-22 09:00:00;211.3004833388052;0.0;0.0;0.0;0.0;0.0;0.0;0.0
2030-10-22 10:00:00;211.2697207765696;0.0;0.0;0.0;0.0;0.0;0.0;0.0
2030-10-22 11:00:00;211.3644536582275;0.0;0.0;0.0;0.0;0.0;0.0;0.0
2030-10-22 12:00:00;211.2712012918688;0.0;0.0;0.0;0.0;0.0;0.0;0.0
2030-10-22 13:00:00;211.2011849767109;0.0;0.0;0.0;0.0;0.0;0.0;0.0
2030-10-22 14:00:00;211.180946801512;0.0;0.0;0.0;0.0;0.0;0.0;0.0
2030-10-22 15:00:00;195.3877977160645;0.0;0.0;0.0;0.0;0.0;0.0;0.0
2030-10-22 16:00:00;211.1839681245887;0.0;0.0;0.0;0.0;0.0;0.0;0.0
2030-10-22 17:00:00;211.1865674003177;0.0;0.0;0.0;0.0;0.0;0.0;0.0
2030-10-22 18:00:00;211.2371695374793;0.0;0.0;0.0;0.0;0.0;0.0;0.0
2030-10-22 19:00:00;211.4303935319393;0.0;0.0;0.0;0.0;0.0;0.0;0.0
2030-10-22 20:00:00;211.4074187481443;0.0;0.0;0.0;0.0;0.0;0.0;0.0
2030-10-22 21:00:00;211.4121182118656;0.0;0.0;0.0;0.0;0.0;0.0;0.0
2030-10-22 22:00:00;211.3947673764583;0.0;0.0;0.0;0.0;0.0;0.0;0.0
2030-10-22 23:00:00;211.2176414736908;0.0;0.0;0.0;0.0;0.0;0.0;0.0
2030-10-23 00:00:00;211.0990796647961;0.0;0.0;0.0;0.0;0.0;0.0;0.0
2030-10-23 01:00:00;211.1475045735765;0.0;0.0;0.0;0.0;0.0;0.0;0.0
2030-10-23 02:00:00;211.1464260081323;0.0;0.0;0.0;0.0;0.0;0.0;0.0
2030-10-23 03:00:00;211.2493385693392;0.0;0.0;0.0;0.0;0.0;0.0;0.0
2030-10-23 04:00:00;211.2673526220073;0.0;0.0;0.0;0.0;0.0;0.0;0.0
2030-10-23 05:00:00;211.4114047508729;0.0;0.0;0.0;0.0;0.0;0.0;0.0
2030-10-23 06:00:00;211.3705867430983;0.0;0.0;0.0;0.0;0.0;0.0;0.0
2030-10-23 07:00:00;211.2173634583745;0.0;0.0;0.0;0.0;0.0;0.0;0.0
2030-10-23 08:00:00;211.2337328662192;0.0;0.0;0.0;0.0;0.0;0.0;0.0
2030-10-23 09:00:00;211.2997665282304;0.0;0.0;0.0;0.0;0.0;0.0;0.0
2030-10-23 10:00:00;211.335834828552;0.0;0.0;0.0;0.0;0.0;0.0;0.0
2030-10-23 11:00:00;211.2920323431039;0.0;0.0;0.0;0.0;0.0;0.0;0.0
2030-10-23 12:00:00;211.3606786791727;0.0;0.0;0.0;0.0;0.0;0.0;0.0
2030-10-23 13:00:00;211.2016606173727;0.0;0.0;0.0;0.0;0.0;0.0;0.0
2030-10-23 14:00:00;211.237725568112;0.0;0.0;0.0;0.0;0.0;0.0;0.0
2030-10-23 15:00:00;211.3128801422496;0.0;0.0;0.0;0.0;0.0;0.0;0.0
2030-10-23 16:00:00;211.381757599485;0.0;0.0;0.0;0.0;0.0;0.0;0.0
2030-10-23 17:00:00;211.4891016578434;0.0;0.0;0.0;0.0;0.0;0.0;0.0
2030-10-23 18:00:00;211.5366121307036;0.0;0.0;0.0;0.0;0.0;0.0;0.0
2030-10-23 19:00:00;211.6203684317381;0.0;0.0;0.0;0.0;0.0;0.0;0.0
2030-10-23 20:00:00;211.5387558632636;0.0;0.0;0.0;0.0;0.0;0.0;0.0
2030-10-23 21:00:00;211.4653531205774;0.0;0.0;0.0;0.0;0.0;0.0;0.0
2030-10-23 22:00:00;211.3392781989763;0.0;0.0;0.0;0.0;0.0;0.0;0.0
2030-10-23 23:00:00;211.1219372132167;0.0;0.0;0.0;0.0;0.0;0.0;0.0
2030-10-24 00:00:00;211.0286011073049;0.0;0.0;0.0;0.0;0.0;0.0;0.0
2030-10-24 01:00:00;210.712122539393;0.0;0.0;0.0;0.0;0.0;0.0;0.0
2030-10-24 02:00:00;210.6970862652341;0.0;0.0;0.0;0.0;0.0;0.0;0.0
2030-10-24 03:00:00;210.8779168058318;0.0;0.0;0.0;0.0;0.0;0.0;0.0
2030-10-24 04:00:00;210.8124257761248;0.0;0.0;0.0;0.0;0.0;0.0;0.0
2030-10-24 05:00:00;210.838783637866;0.0;0.0;0.0;0.0;0.0;0.0;0.0
2030-10-24 06:00:00;210.9757848963586;0.0;0.0;0.0;0.0;0.0;0.0;0.0
2030-10-24 07:00:00;211.1924425673648;0.0;0.0;0.0;0.0;0.0;0.0;0.0
2030-10-24 08:00:00;211.2498812016435;0.0;0.0;0.0;0.0;0.0;0.0;0.0
2030-10-24 09:00:00;211.2163887299762;0.0;0.0;0.0;0.0;0.0;0.0;0.0
2030-10-24 10:00:00;211.2371862853899;0.0;0.0;0.0;0.0;0.0;0.0;0.0
2030-10-24 11:00:00;211.2311603871472;0.0;0.0;0.0;0.0;0.0;0.0;0.0
2030-10-24 12:00:00;211.0686487111908;0.0;0.0;0.0;0.0;0.0;0.0;0.0
2030-10-24 13:00:00;211.0193127160724;0.0;0.0;0.0;0.0;0.0;0.0;0.0
2030-10-24 14:00:00;210.9243185670088;0.0;0.0;0.0;0.0;0.0;0.0;0.0
2030-10-24 15:00:00;210.8913955243026;0.0;0.0;0.0;0.0;0.0;0.0;0.0
2030-10-24 16:00:00;211.0226890948544;0.0;0.0;0.0;0.0;0.0;0.0;0.0
2030-10-24 17:00:00;211.0843415034462;0.0;0.0;0.0;0.0;0.0;0.0;0.0
2030-10-24 18:00:00;211.0838424157097;0.0;0.0;0.0;0.0;0.0;0.0;0.0
2030-10-24 19:00:00;211.022494819091;0.0;0.0;0.0;0.0;0.0;0.0;0.0
2030-10-24 20:00:00;211.000511511605;0.0;0.0;0.0;0.0;0.0;0.0;0.0
2030-10-24 21:00:00;210.7572414106162;0.0;0.0;0.0;0.0;0.0;0.0;0.0
2030-10-24 22:00:00;210.1629719483356;0.0;0.0;0.0;0.0;0.0;0.0;0.0
2030-10-24 23:00:00;209.9730070972832;0.0;0.0;0.0;0.0;0.0;0.0;0.0
2030-10-25 00:00:00;209.7433563972143;0.0;0.0;0.0;0.0;0.0;0.0;0.0
2030-10-25 01:00:00;209.5745676043558;0.0;0.0;0.0;0.0;0.0;0.0;0.0
2030-10-25 02:00:00;209.4917625846448;0.0;0.0;0.0;0.0;0.0;0.0;0.0
2030-10-25 03:00:00;209.3594775377842;0.0;0.0;0.0;0.0;0.0;0.0;0.0
2030-10-25 04:00:00;209.5488193665613;0.0;0.0;0.0;0.0;0.0;0.0;0.0
2030-10-25 05:00:00;210.1516001170214;0.0;0.0;0.0;0.0;0.0;0.0;0.0
2030-10-25 06:00:00;210.4303087968923;0.0;0.0;0.0;0.0;0.0;0.0;0.0
2030-10-25 07:00:00;210.7231627620768;0.0;0.0;0.0;0.0;0.0;0.0;0.0
2030-10-25 08:00:00;210.6196908206549;0.0;0.0;0.0;0.0;0.0;0.0;0.0
2030-10-25 09:00:00;210.8762855593369;0.0;0.0;0.0;0.0;0.0;0.0;0.0
2030-10-25 10:00:00;210.8156447245468;0.0;0.0;0.0;0.0;0.0;0.0;0.0
2030-10-25 11:00:00;210.7691692725631;0.0;0.0;0.0;0.0;0.0;0.0;0.0
2030-10-25 12:00:00;210.6991161120018;0.0;0.0;0.0;0.0;0.0;0.0;0.0
2030-10-25 13:00:00;210.6183710852978;0.0;0.0;0.0;0.0;0.0;0.0;0.0
2030-10-25 14:00:00;210.6064934670827;0.0;0.0;0.0;0.0;0.0;0.0;0.0
2030-10-25 15:00:00;210.7314529778361;0.0;0.0;0.0;0.0;0.0;0.0;0.0
2030-10-25 16:00:00;210.812271695347;0.0;0.0;0.0;0.0;0.0;0.0;0.0
2030-10-25 17:00:00;210.806697990691;0.0;0.0;0.0;0.0;0.0;0.0;0.0
2030-10-25 18:00:00;210.8091800310457;0.0;0.0;0.0;0.0;0.0;0.0;0.0
2030-10-25 19:00:00;210.6427124985998;0.0;0.0;0.0;0.0;0.0;0.0;0.0
2030-10-25 20:00:00;210.2151550882602;0.0;0.0;0.0;0.0;0.0;0.0;0.0
2030-10-25 21:00:00;209.803313917251;0.0;0.0;0.0;0.0;0.0;0.0;0.0
2030-10-25 22:00:00;209.5932649717773;0.0;0.0;0.0;0.0;0.0;0.0;0.0
2030-10-25 23:00:00;209.3357825938322;0.0;0.0;0.0;0.0;0.0;0.0;0.0
2030-10-26 00:00:00;209.0336837819827;0.0;0.0;0.0;0.0;0.0;0.0;0.0
2030-10-26 01:00:00;208.7948049831597;0.0;0.0;0.0;0.0;0.0;0.0;0.0
2030-10-26 02:00:00;208.5821098678073;0.0;0.0;0.0;0.0;0.0;0.0;0.0
2030-10-26 03:00:00;208.6762331255185;0.0;0.0;0.0;0.0;0.0;0.0;0.0
2030-10-26 04:00:00;208.569260870776;0.0;0.0;0.0;0.0;0.0;0.0;0.0
2030-10-26 05:00:00;208.6281666220254;0.0;0.0;0.0;0.0;0.0;0.0;0.0
2030-10-26 06:00:00;193.7249445642816;0.0;0.0;0.0;0.0;0.0;0.0;0.0
2030-10-26 07:00:00;193.8386997228272;0.0;0.0;0.0;0.0;0.0;0.0;0.0
2030-10-26 08:00:00;193.9235513372165;0.0;0.0;0.0;0.0;0.0;0.0;0.0
2030-10-26 09:00:00;193.9166712955318;0.0;0.0;0.0;0.0;0.0;0.0;0.0
2030-10-26 10:00:00;193.8895899240516;0.0;0.0;0.0;0.0;0.0;0.0;0.0
2030-10-26 11:00:00;193.8706245900601;0.0;0.0;0.0;0.0;0.0;0.0;0.0
2030-10-26 12:00:00;193.8206789709949;0.0;0.0;0.0;0.0;0.0;0.0;0.0
2030-10-26 13:00:00;193.8366129331633;0.0;0.0;0.0;0.0;0.0;0.0;0.0
2030-10-26 14:00:00;193.8169173902686;0.0;0.0;0.0;0.0;0.0;0.0;0.0
2030-10-26 15:00:00;193.8392289568029;0.0;0.0;0.0;0.0;0.0;0.0;0.0
2030-10-26 16:00:00;193.8792363657033;0.0;0.0;0.0;0.0;0.0;0.0;0.0
2030-10-26 17:00:00;193.8845655508641;0.0;0.0;0.0;0.0;0.0;0.0;0.0
2030-10-26 18:00:00;193.9303308914373;0.0;0.0;0.0;0.0;0.0;0.0;0.0
2030-10-26 19:00:00;193.9176728205872;0.0;0.0;0.0;0.0;0.0;0.0;0.0
2030-10-26 20:00:00;193.9354122075209;0.0;0.0;0.0;0.0;0.0;0.0;0.0
2030-10-26 21:00:00;193.9394652018921;0.0;0.0;0.0;0.0;0.0;0.0;0.0
2030-10-26 22:00:00;193.9406811002034;0.0;0.0;0.0;0.0;0.0;0.0;0.0
2030-10-26 23:00:00;193.9118110518684;0.0;0.0;0.0;0.0;0.0;0.0;0.0
2030-10-27 00:00:00;193.9797841219302;0.0;0.0;0.0;0.0;0.0;0.0;0.0
2030-10-27 01:00:00;193.8872050215785;0.0;0.0;0.0;0.0;0.0;0.0;0.0
2030-10-27 02:00:00;193.7735905454823;0.0;0.0;0.0;0.0;0.0;0.0;0.0
2030-10-27 03:00:00;193.7815659005218;0.0;0.0;0.0;0.0;0.0;0.0;0.0
2030-10-27 04:00:00;193.6837112083234;0.0;0.0;0.0;0.0;0.0;0.0;0.0
2030-10-27 05:00:00;193.6422835766021;0.0;0.0;0.0;0.0;0.0;0.0;0.0
2030-10-27 06:00:00;193.6466413829467;0.0;0.0;0.0;0.0;0.0;0.0;0.0
2030-10-27 07:00:00;193.6226349278571;0.0;0.0;0.0;0.0;0.0;0.0;0.0
2030-10-27 08:00:00;193.8157048415393;0.0;0.0;0.0;0.0;0.0;0.0;0.0
2030-10-27 09:00:00;193.8793669994062;0.0;0.0;0.0;0.0;0.0;0.0;0.0
2030-10-27 10:00:00;194.0447124218402;0.0;0.0;0.0;0.0;0.0;0.0;0.0
2030-10-27 11:00:00;194.1387117450128;0.0;0.0;0.0;0.0;0.0;0.0;0.0
2030-10-27 12:00:00;194.2365731363753;0.0;0.0;0.0;0.0;0.0;0.0;0.0
2030-10-27 13:00:00;194.2557963881904;0.0;0.0;0.0;0.0;0.0;0.0;0.0
2030-10-27 14:00:00;194.2470372309337;0.0;0.0;0.0;0.0;0.0;0.0;0.0
2030-10-27 15:00:00;194.2640497585463;0.0;0.0;0.0;0.0;0.0;0.0;0.0
2030-10-27 16:00:00;194.3465901612694;0.0;0.0;0.0;0.0;0.0;0.0;0.0
2030-10-27 17:00:00;194.5527435427317;0.0;0.0;0.0;0.0;0.0;0.0;0.0
2030-10-27 18:00:00;194.7757821676859;0.0;0.0;0.0;0.0;0.0;0.0;0.0
2030-10-27 19:00:00;194.8277978285043;0.0;0.0;0.0;0.0;0.0;0.0;0.0
2030-10-27 20:00:00;194.7700175368489;0.0;0.0;0.0;0.0;0.0;0.0;0.0
2030-10-27 21:00:00;194.6554417306828;0.0;0.0;0.0;0.0;0.0;0.0;0.0
2030-10-27 22:00:00;194.5781970172992;0.0;0.0;0.0;0.0;0.0;0.0;0.0
2030-10-27 23:00:00;194.4891617748359;0.0;0.0;0.0;0.0;0.0;0.0;0.0
2030-10-28 00:00:00;194.4384658493747;0.0;0.0;0.0;0.0;0.0;0.0;0.0
2030-10-28 01:00:00;194.349206184909;0.0;0.0;0.0;0.0;0.0;0.0;0.0
2030-10-28 02:00:00;194.4598462320784;0.0;0.0;0.0;0.0;0.0;0.0;0.0
2030-10-28 03:00:00;194.5198305487719;0.0;0.0;0.0;0.0;0.0;0.0;0.0
2030-10-28 04:00:00;194.5300333759245;0.0;0.0;0.0;0.0;0.0;0.0;0.0
2030-10-28 05:00:00;194.5380723730245;0.0;0.0;0.0;0.0;0.0;0.0;0.0
2030-10-28 06:00:00;194.6954357412548;0.0;0.0;0.0;0.0;0.0;0.0;0.0
2030-10-28 07:00:00;194.9037127577842;0.0;0.0;0.0;0.0;0.0;0.0;0.0
2030-10-28 08:00:00;194.9995443023791;0.0;0.0;0.0;0.0;0.0;0.0;0.0
2030-10-28 09:00:00;195.3045271044382;0.0;0.0;0.0;0.0;0.0;0.0;0.0
2030-10-28 10:00:00;195.2849655448284;0.0;0.0;0.0;0.0;0.0;0.0;0.0
2030-10-28 11:00:00;195.2411898560375;0.0;0.0;0.0;0.0;0.0;0.0;0.0
2030-10-28 12:00:00;195.2377498351952;0.0;0.0;0.0;0.0;0.0;0.0;0.0
2030-10-28 13:00:00;194.9822604586144;0.0;0.0;0.0;0.0;0.0;0.0;0.0
2030-10-28 14:00:00;194.9805856675518;0.0;0.0;0.0;0.0;0.0;0.0;0.0
2030-10-28 15:00:00;195.0326348241915;0.0;0.0;0.0;0.0;0.0;0.0;0.0
2030-10-28 16:00:00;195.066666578581;0.0;0.0;0.0;0.0;0.0;0.0;0.0
2030-10-28 17:00:00;195.0316634453753;0.0;0.0;0.0;0.0;0.0;0.0;0.0
2030-10-28 18:00:00;195.0904486116683;0.0;0.0;0.0;0.0;0.0;0.0;0.0
2030-10-28 19:00:00;195.4831502704155;0.0;0.0;0.0;0.0;0.0;0.0;0.0
2030-10-28 20:00:00;195.4692361062685;0.0;0.0;0.0;0.0;0.0;0.0;0.0
2030-10-28 21:00:00;195.2996065682966;0.0;0.0;0.0;0.0;0.0;0.0;0.0
2030-10-28 22:00:00;195.2764341591561;0.0;0.0;0.0;0.0;0.0;0.0;0.0
2030-10-28 23:00:00;200.5654142857097;0.0;0.0;0.0;0.0;0.0;0.0;0.0
2030-10-29 00:00:00;195.1027449276489;0.0;0.0;0.0;0.0;0.0;0.0;0.0
2030-10-29 01:00:00;194.7974204682131;0.0;0.0;0.0;0.0;0.0;0.0;0.0
2030-10-29 02:00:00;194.7553430175595;0.0;0.0;0.0;0.0;0.0;0.0;0.0
2030-10-29 03:00:00;194.7637605174395;0.0;0.0;0.0;0.0;0.0;0.0;0.0
2030-10-29 04:00:00;210.6159828332426;0.0;0.0;0.0;0.0;0.0;0.0;0.0
2030-10-29 05:00:00;210.674510081712;0.0;0.0;0.0;0.0;0.0;0.0;0.0
2030-10-29 06:00:00;210.6441059247637;0.0;0.0;0.0;0.0;0.0;0.0;0.0
2030-10-29 07:00:00;211.0355313927214;0.0;0.0;0.0;0.0;0.0;0.0;0.0
2030-10-29 08:00:00;211.0962861133038;0.0;0.0;0.0;0.0;0.0;0.0;0.0
2030-10-29 09:00:00;203.9053094191566;0.0;0.0;0.0;0.0;0.0;0.0;0.0
2030-10-29 10:00:00;195.237210552473;0.0;0.0;0.0;0.0;0.0;0.0;0.0
2030-10-29 11:00:00;195.1038837855714;0.0;0.0;0.0;0.0;0.0;0.0;0.0
2030-10-29 12:00:00;194.8432394021004;0.0;0.0;0.0;0.0;0.0;0.0;0.0
2030-10-29 13:00:00;194.9087806755393;0.0;0.0;0.0;0.0;0.0;0.0;0.0
2030-10-29 14:00:00;194.9151649790695;0.0;0.0;0.0;0.0;0.0;0.0;0.0
2030-10-29 15:00:00;194.8463746109693;0.0;0.0;0.0;0.0;0.0;0.0;0.0
2030-10-29 16:00:00;194.9370678965845;0.0;0.0;0.0;0.0;0.0;0.0;0.0
2030-10-29 17:00:00;194.9876264891785;0.0;0.0;0.0;0.0;0.0;0.0;0.0
2030-10-29 18:00:00;195.0182215723079;0.0;0.0;0.0;0.0;0.0;0.0;0.0
2030-10-29 19:00:00;195.1158786391609;0.0;0.0;0.0;0.0;0.0;0.0;0.0
2030-10-29 20:00:00;195.1414459995206;0.0;0.0;0.0;0.0;0.0;0.0;0.0
2030-10-29 21:00:00;195.0689007498584;0.0;0.0;0.0;0.0;0.0;0.0;0.0
2030-10-29 22:00:00;194.9564251316846;0.0;0.0;0.0;0.0;0.0;0.0;0.0
2030-10-29 23:00:00;194.9470128059135;0.0;0.0;0.0;0.0;0.0;0.0;0.0
2030-10-30 00:00:00;194.9640856260044;0.0;0.0;0.0;0.0;0.0;0.0;0.0
2030-10-30 01:00:00;194.9915655977575;0.0;0.0;0.0;0.0;0.0;0.0;0.0
2030-10-30 02:00:00;195.0348991417081;0.0;0.0;0.0;0.0;0.0;0.0;0.0
2030-10-30 03:00:00;195.1554706998778;0.0;0.0;0.0;0.0;0.0;0.0;0.0
2030-10-30 04:00:00;195.1383342377266;0.0;0.0;0.0;0.0;0.0;0.0;0.0
2030-10-30 05:00:00;195.1961011310535;0.0;0.0;0.0;0.0;0.0;0.0;0.0
2030-10-30 06:00:00;195.2037549262089;0.0;0.0;0.0;0.0;0.0;0.0;0.0
2030-10-30 07:00:00;195.372583914053;0.0;0.0;0.0;0.0;0.0;0.0;0.0
2030-10-30 08:00:00;195.4711118722585;0.0;0.0;0.0;0.0;0.0;0.0;0.0
2030-10-30 09:00:00;195.5196272197562;0.0;0.0;0.0;0.0;0.0;0.0;0.0
2030-10-30 10:00:00;195.4122295680839;0.0;0.0;0.0;0.0;0.0;0.0;0.0
2030-10-30 11:00:00;195.3606158571205;0.0;0.0;0.0;0.0;0.0;0.0;0.0
2030-10-30 12:00:00;195.3431645342496;0.0;0.0;0.0;0.0;0.0;0.0;0.0
2030-10-30 13:00:00;195.2065786239403;0.0;0.0;0.0;0.0;0.0;0.0;0.0
2030-10-30 14:00:00;195.3168669649865;0.0;0.0;0.0;0.0;0.0;0.0;0.0
2030-10-30 15:00:00;195.3209735526717;0.0;0.0;0.0;0.0;0.0;0.0;0.0
2030-10-30 16:00:00;195.3700784266235;0.0;0.0;0.0;0.0;0.0;0.0;0.0
2030-10-30 17:00:00;195.4349095886519;0.0;0.0;0.0;0.0;0.0;0.0;0.0
2030-10-30 18:00:00;195.4634413291923;0.0;0.0;0.0;0.0;0.0;0.0;0.0
2030-10-30 19:00:00;211.321280894219;0.0;0.0;0.0;0.0;0.0;0.0;0.0
2030-10-30 20:00:00;211.3003091605346;0.0;0.0;0.0;0.0;0.0;0.0;0.0
2030-10-30 21:00:00;211.2398023090295;0.0;0.0;0.0;0.0;0.0;0.0;0.0
2030-10-30 22:00:00;211.1869726997548;0.0;0.0;0.0;0.0;0.0;0.0;0.0
2030-10-30 23:00:00;211.1033034878556;0.0;0.0;0.0;0.0;0.0;0.0;0.0
2030-10-31 00:00:00;211.0025145617157;0.0;0.0;0.0;0.0;0.0;0.0;0.0
2030-10-31 01:00:00;195.2344839926233;0.0;0.0;0.0;0.0;0.0;0.0;0.0
2030-10-31 02:00:00;211.0507150484939;0.0;0.0;0.0;0.0;0.0;0.0;0.0
2030-10-31 03:00:00;211.1216993928858;0.0;0.0;0.0;0.0;0.0;0.0;0.0
2030-10-31 04:00:00;211.176173646984;0.0;0.0;0.0;0.0;0.0;0.0;0.0
2030-10-31 05:00:00;211.1641419479911;0.0;0.0;0.0;0.0;0.0;0.0;0.0
2030-10-31 06:00:00;211.2037306591259;0.0;0.0;0.0;0.0;0.0;0.0;0.0
2030-10-31 07:00:00;211.2051877273502;0.0;0.0;0.0;0.0;0.0;0.0;0.0
2030-10-31 08:00:00;211.3978121466099;0.0;0.0;0.0;0.0;0.0;0.0;0.0
2030-10-31 09:00:00;211.0860464407479;0.0;0.0;0.0;0.0;0.0;0.0;0.0
2030-10-31 10:00:00;210.9831506274514;0.0;0.0;0.0;0.0;0.0;0.0;0.0
2030-10-31 11:00:00;210.8476365834222;0.0;0.0;0.0;0.0;0.0;0.0;0.0
2030-10-31 12:00:00;197.5889287153271;0.0;0.0;0.0;0.0;0.0;0.0;0.0
2030-10-31 13:00:00;195.4624632512118;0.0;0.0;0.0;0.0;0.0;0.0;0.0
2030-10-31 14:00:00;195.4666904238535;0.0;0.0;0.0;0.0;0.0;0.0;0.0
2030-10-31 15:00:00;195.5181299565463;0.0;0.0;0.0;0.0;0.0;0.0;0.0
2030-10-31 16:00:00;195.6138911599166;0.0;0.0;0.0;0.0;0.0;0.0;0.0
2030-10-31 17:00:00;197.1799447378706;0.0;0.0;0.0;0.0;0.0;0.0;0.0
2030-10-31 18:00:00;195.6212267447703;0.0;0.0;0.0;0.0;0.0;0.0;0.0
2030-10-31 19:00:00;195.6354189242337;0.0;0.0;0.0;0.0;0.0;0.0;0.0
2030-10-31 20:00:00;195.6312319465776;0.0;0.0;0.0;0.0;0.0;0.0;0.0
2030-10-31 21:00:00;195.5775213972039;0.0;0.0;0.0;0.0;0.0;0.0;0.0
2030-10-31 22:00:00;195.4817802913264;0.0;0.0;0.0;0.0;0.0;0.0;0.0
2030-10-31 23:00:00;195.3899481477886;0.0;0.0;0.0;0.0;0.0;0.0;0.0
2030-11-01 00:00:00;195.4247201598279;0.0;0.0;0.0;0.0;0.0;0.0;0.0
2030-11-01 01:00:00;195.2507328155114;0.0;0.0;0.0;0.0;0.0;0.0;0.0
2030-11-01 02:00:00;195.1392955677964;0.0;0.0;0.0;0.0;0.0;0.0;0.0
2030-11-01 03:00:00;195.0838700323748;0.0;0.0;0.0;0.0;0.0;0.0;0.0
2030-11-01 04:00:00;195.3161936989794;0.0;0.0;0.0;0.0;0.0;0.0;0.0
2030-11-01 05:00:00;195.4019195543033;0.0;0.0;0.0;0.0;0.0;0.0;0.0
2030-11-01 06:00:00;195.4402019284094;0.0;0.0;0.0;0.0;0.0;0.0;0.0
2030-11-01 07:00:00;195.3435932807615;0.0;0.0;0.0;0.0;0.0;0.0;0.0
2030-11-01 08:00:00;195.3893619709168;0.0;0.0;0.0;0.0;0.0;0.0;0.0
2030-11-01 09:00:00;195.4433270885319;0.0;0.0;0.0;0.0;0.0;0.0;0.0
2030-11-01 10:00:00;195.4293492823246;0.0;0.0;0.0;0.0;0.0;0.0;0.0
2030-11-01 11:00:00;195.4267567057598;0.0;0.0;0.0;0.0;0.0;0.0;0.0
2030-11-01 12:00:00;195.1095479289447;0.0;0.0;0.0;0.0;0.0;0.0;0.0
2030-11-01 13:00:00;195.201370023736;0.0;0.0;0.0;0.0;0.0;0.0;0.0
2030-11-01 14:00:00;195.0063305557643;0.0;0.0;0.0;0.0;0.0;0.0;0.0
2030-11-01 15:00:00;194.9852047413022;0.0;0.0;0.0;0.0;0.0;0.0;0.0
2030-11-01 16:00:00;194.9333398116794;0.0;0.0;0.0;0.0;0.0;0.0;0.0
2030-11-01 17:00:00;194.9752732303017;0.0;0.0;0.0;0.0;0.0;0.0;0.0
2030-11-01 18:00:00;195.1424642724866;0.0;0.0;0.0;0.0;0.0;0.0;0.0
2030-11-01 19:00:00;195.027741084707;0.0;0.0;0.0;0.0;0.0;0.0;0.0
2030-11-01 20:00:00;194.9365386626087;0.0;0.0;0.0;0.0;0.0;0.0;0.0
2030-11-01 21:00:00;194.7335807824937;0.0;0.0;0.0;0.0;0.0;0.0;0.0
2030-11-01 22:00:00;194.4401473396015;0.0;0.0;0.0;0.0;0.0;0.0;0.0
2030-11-01 23:00:00;194.1653174758313;0.0;0.0;0.0;0.0;0.0;0.0;0.0
2030-11-02 00:00:00;194.0914859866331;0.0;0.0;0.0;0.0;0.0;0.0;0.0
2030-11-02 01:00:00;193.9106286493783;0.0;0.0;0.0;0.0;0.0;0.0;0.0
2030-11-02 02:00:00;193.7350703510454;0.0;0.0;0.0;0.0;0.0;0.0;0.0
2030-11-02 03:00:00;193.5648613353659;0.0;0.0;0.0;0.0;0.0;0.0;0.0
2030-11-02 04:00:00;193.5235944835865;0.0;0.0;0.0;0.0;0.0;0.0;0.0
2030-11-02 05:00:00;193.4957058628142;0.0;0.0;0.0;0.0;0.0;0.0;0.0
2030-11-02 06:00:00;193.5285418163851;0.0;0.0;0.0;0.0;0.0;0.0;0.0
2030-11-02 07:00:00;193.6410676782907;0.0;0.0;0.0;0.0;0.0;0.0;0.0
2030-11-02 08:00:00;193.8020586439623;0.0;0.0;0.0;0.0;0.0;0.0;0.0
2030-11-02 09:00:00;193.8596111640333;0.0;0.0;0.0;0.0;0.0;0.0;0.0
2030-11-02 10:00:00;193.9457289204657;0.0;0.0;0.0;0.0;0.0;0.0;0.0
2030-11-02 11:00:00;194.0081316354537;0.0;0.0;0.0;0.0;0.0;0.0;0.0
2030-11-02 12:00:00;193.9847649505499;0.0;0.0;0.0;0.0;0.0;0.0;0.0
2030-11-02 13:00:00;193.8373163454096;0.0;0.0;0.0;0.0;0.0;0.0;0.0
2030-11-02 14:00:00;193.803097014421;0.0;0.0;0.0;0.0;0.0;0.0;0.0
2030-11-02 15:00:00;193.7937985744422;0.0;0.0;0.0;0.0;0.0;0.0;0.0
2030-11-02 16:00:00;193.8452314079708;0.0;0.0;0.0;0.0;0.0;0.0;0.0
2030-11-02 17:00:00;193.8734315398808;0.0;0.0;0.0;0.0;0.0;0.0;0.0
2030-11-02 18:00:00;193.8690268393865;0.0;0.0;0.0;0.0;0.0;0.0;0.0
2030-11-02 19:00:00;193.8544394092323;0.0;0.0;0.0;0.0;0.0;0.0;0.0
2030-11-02 20:00:00;193.8623544717936;0.0;0.0;0.0;0.0;0.0;0.0;0.0
2030-11-02 21:00:00;193.8510261850469;0.0;0.0;0.0;0.0;0.0;0.0;0.0
2030-11-02 22:00:00;193.8422100848941;0.0;0.0;0.0;0.0;0.0;0.0;0.0
2030-11-02 23:00:00;193.7966222721735;0.0;0.0;0.0;0.0;0.0;0.0;0.0
2030-11-03 00:00:00;193.7962672164683;0.0;0.0;0.0;0.0;0.0;0.0;0.0
2030-11-03 01:00:00;193.6936092235027;0.0;0.0;0.0;0.0;0.0;0.0;0.0
2030-11-03 02:00:00;193.6415064735491;0.0;0.0;0.0;0.0;0.0;0.0;0.0
2030-11-03 03:00:00;193.7244823219484;0.0;0.0;0.0;0.0;0.0;0.0;0.0
2030-11-03 04:00:00;193.7387347938901;0.0;0.0;0.0;0.0;0.0;0.0;0.0
2030-11-03 05:00:00;193.5836323935941;0.0;0.0;0.0;0.0;0.0;0.0;0.0
2030-11-03 06:00:00;193.6345225948185;0.0;0.0;0.0;0.0;0.0;0.0;0.0
2030-11-03 07:00:00;193.669840588744;0.0;0.0;0.0;0.0;0.0;0.0;0.0
2030-11-03 08:00:00;193.7223318902242;0.0;0.0;0.0;0.0;0.0;0.0;0.0
2030-11-03 09:00:00;193.7975869518255;0.0;0.0;0.0;0.0;0.0;0.0;0.0
2030-11-03 10:00:00;194.2249802326409;0.0;0.0;0.0;0.0;0.0;0.0;0.0
2030-11-03 11:00:00;194.3508843255536;0.0;0.0;0.0;0.0;0.0;0.0;0.0
2030-11-03 12:00:00;194.4458081333927;0.0;0.0;0.0;0.0;0.0;0.0;0.0
2030-11-03 13:00:00;194.4975692259696;0.0;0.0;0.0;0.0;0.0;0.0;0.0
2030-11-03 14:00:00;194.4917811480576;0.0;0.0;0.0;0.0;0.0;0.0;0.0
2030-11-03 15:00:00;194.4990162454475;0.0;0.0;0.0;0.0;0.0;0.0;0.0
2030-11-03 16:00:00;194.4610085370757;0.0;0.0;0.0;0.0;0.0;0.0;0.0
2030-11-03 17:00:00;194.6228402478606;0.0;0.0;0.0;0.0;0.0;0.0;0.0
2030-11-03 18:00:00;194.3698228628882;0.0;0.0;0.0;0.0;0.0;0.0;0.0
2030-11-03 19:00:00;194.3837102303781;0.0;0.0;0.0;0.0;0.0;0.0;0.0
2030-11-03 20:00:00;194.3370438522133;0.0;0.0;0.0;0.0;0.0;0.0;0.0
2030-11-03 21:00:00;194.2846228919578;0.0;0.0;0.0;0.0;0.0;0.0;0.0
2030-11-03 22:00:00;194.5280135779033;0.0;0.0;0.0;0.0;0.0;0.0;0.0
2030-11-03 23:00:00;194.5834089670857;0.0;0.0;0.0;0.0;0.0;0.0;0.0
2030-11-04 00:00:00;194.5081874013056;0.0;0.0;0.0;0.0;0.0;0.0;0.0
2030-11-04 01:00:00;194.1882520646407;0.0;0.0;0.0;0.0;0.0;0.0;0.0
2030-11-04 02:00:00;193.7846843614802;0.0;0.0;0.0;0.0;0.0;0.0;0.0
2030-11-04 03:00:00;193.7440840765436;0.0;0.0;0.0;0.0;0.0;0.0;0.0
2030-11-04 04:00:00;193.739994236769;0.0;0.0;0.0;0.0;0.0;0.0;0.0
2030-11-04 05:00:00;193.8269393399865;0.0;0.0;0.0;0.0;0.0;0.0;0.0
2030-11-04 06:00:00;194.0371088704165;0.0;0.0;0.0;0.0;0.0;0.0;0.0
2030-11-04 07:00:00;194.4052815392628;0.0;0.0;0.0;0.0;0.0;0.0;0.0
2030-11-04 08:00:00;194.87137589195;0.0;0.0;0.0;0.0;0.0;0.0;0.0
2030-11-04 09:00:00;194.8630220341303;0.0;0.0;0.0;0.0;0.0;0.0;0.0
2030-11-04 10:00:00;194.7776646328402;0.0;0.0;0.0;0.0;0.0;0.0;0.0
2030-11-04 11:00:00;194.739325315838;0.0;0.0;0.0;0.0;0.0;0.0;0.0
2030-11-04 12:00:00;194.844733315728;0.0;0.0;0.0;0.0;0.0;0.0;0.0
2030-11-04 13:00:00;194.8497576889155;0.0;0.0;0.0;0.0;0.0;0.0;0.0
2030-11-04 14:00:00;194.8778975283472;0.0;0.0;0.0;0.0;0.0;0.0;0.0
2030-11-04 15:00:00;194.8076701895155;0.0;0.0;0.0;0.0;0.0;0.0;0.0
2030-11-04 16:00:00;194.8115021114664;0.0;0.0;0.0;0.0;0.0;0.0;0.0
2030-11-04 17:00:00;194.906171351064;0.0;0.0;0.0;0.0;0.0;0.0;0.0
2030-11-04 18:00:00;195.1274547949847;0.0;0.0;0.0;0.0;0.0;0.0;0.0
2030-11-04 19:00:00;195.2130165207845;0.0;0.0;0.0;0.0;0.0;0.0;0.0
2030-11-04 20:00:00;195.1290893910617;0.0;0.0;0.0;0.0;0.0;0.0;0.0
2030-11-04 21:00:00;195.0090035223001;0.0;0.0;0.0;0.0;0.0;0.0;0.0
2030-11-04 22:00:00;194.9194022004576;0.0;0.0;0.0;0.0;0.0;0.0;0.0
2030-11-04 23:00:00;195.0528663002263;0.0;0.0;0.0;0.0;0.0;0.0;0.0
2030-11-05 00:00:00;194.9795004029434;0.0;0.0;0.0;0.0;0.0;0.0;0.0
2030-11-05 01:00:00;194.4725043029285;0.0;0.0;0.0;0.0;0.0;0.0;0.0
2030-11-05 02:00:00;194.081001794582;0.0;0.0;0.0;0.0;0.0;0.0;0.0
2030-11-05 03:00:00;194.0019550060152;0.0;0.0;0.0;0.0;0.0;0.0;0.0
2030-11-05 04:00:00;194.0016970881916;0.0;0.0;0.0;0.0;0.0;0.0;0.0
2030-11-05 05:00:00;209.6415056535408;0.0;0.0;0.0;0.0;0.0;0.0;0.0
2030-11-05 06:00:00;210.2939741052425;0.0;0.0;0.0;0.0;0.0;0.0;0.0
2030-11-05 07:00:00;210.785223819688;0.0;0.0;0.0;0.0;0.0;0.0;0.0
2030-11-05 08:00:00;210.9093291869996;0.0;0.0;0.0;0.0;0.0;0.0;0.0
2030-11-05 09:00:00;211.0645890176554;0.0;0.0;0.0;0.0;0.0;0.0;0.0
2030-11-05 10:00:00;195.1437270649477;0.0;0.0;0.0;0.0;0.0;0.0;0.0
2030-11-05 11:00:00;195.1251938270503;0.0;0.0;0.0;0.0;0.0;0.0;0.0
2030-11-05 12:00:00;195.0983904708866;0.0;0.0;0.0;0.0;0.0;0.0;0.0
2030-11-05 13:00:00;195.2421143407039;0.0;0.0;0.0;0.0;0.0;0.0;0.0
2030-11-05 14:00:00;195.3257065122143;0.0;0.0;0.0;0.0;0.0;0.0;0.0
2030-11-05 15:00:00;195.4698356814688;0.0;0.0;0.0;0.0;0.0;0.0;0.0
2030-11-05 16:00:00;195.561868799934;0.0;0.0;0.0;0.0;0.0;0.0;0.0
2030-11-05 17:00:00;201.4664820235609;0.0;0.0;0.0;0.0;0.0;0.0;0.0
2030-11-05 18:00:00;204.5477324740656;0.0;0.0;0.0;0.0;0.0;0.0;0.0
2030-11-05 19:00:00;195.5623343918494;0.0;0.0;0.0;0.0;0.0;0.0;0.0
2030-11-05 20:00:00;195.5277801026484;0.0;0.0;0.0;0.0;0.0;0.0;0.0
2030-11-05 21:00:00;195.1363847809298;0.0;0.0;0.0;0.0;0.0;0.0;0.0
2030-11-05 22:00:00;195.1002494889659;0.0;0.0;0.0;0.0;0.0;0.0;0.0
2030-11-05 23:00:00;195.0631227206928;0.0;0.0;0.0;0.0;0.0;0.0;0.0
2030-11-06 00:00:00;195.0435544619189;0.0;0.0;0.0;0.0;0.0;0.0;0.0
2030-11-06 01:00:00;195.1932070920975;0.0;0.0;0.0;0.0;0.0;0.0;0.0
2030-11-06 02:00:00;195.2031051072768;0.0;0.0;0.0;0.0;0.0;0.0;0.0
2030-11-06 03:00:00;195.2150095221488;0.0;0.0;0.0;0.0;0.0;0.0;0.0
2030-11-06 04:00:00;195.2476076553888;0.0;0.0;0.0;0.0;0.0;0.0;0.0
2030-11-06 05:00:00;195.2695909628749;0.0;0.0;0.0;0.0;0.0;0.0;0.0
2030-11-06 06:00:00;211.105246245488;0.0;0.0;0.0;0.0;0.0;0.0;0.0
2030-11-06 07:00:00;210.9605610456007;0.0;0.0;0.0;0.0;0.0;0.0;0.0
2030-11-06 08:00:00;211.0009905018489;0.0;0.0;0.0;0.0;0.0;0.0;0.0
2030-11-06 09:00:00;195.218606973351;0.0;0.0;0.0;0.0;0.0;0.0;0.0
2030-11-06 10:00:00;195.139741062219;0.0;0.0;0.0;0.0;0.0;0.0;0.0
2030-11-06 11:00:00;195.1499405397895;0.0;0.0;0.0;0.0;0.0;0.0;0.0
2030-11-06 12:00:00;195.1088445166985;0.0;0.0;0.0;0.0;0.0;0.0;0.0
2030-11-06 13:00:00;194.8724879532155;0.0;0.0;0.0;0.0;0.0;0.0;0.0
2030-11-06 14:00:00;194.7570111094578;0.0;0.0;0.0;0.0;0.0;0.0;0.0
2030-11-06 15:00:00;194.7840221397133;0.0;0.0;0.0;0.0;0.0;0.0;0.0
2030-11-06 16:00:00;194.837736038669;0.0;0.0;0.0;0.0;0.0;0.0;0.0
2030-11-06 17:00:00;203.360898486806;0.0;0.0;0.0;0.0;0.0;0.0;0.0
2030-11-06 18:00:00;196.7124368615266;0.0;0.0;0.0;0.0;0.0;0.0;0.0
2030-11-06 19:00:00;209.1142847766556;0.0;0.0;0.0;0.0;0.0;0.0;0.0
2030-11-06 20:00:00;195.0455173170441;0.0;0.0;0.0;0.0;0.0;0.0;0.0
2030-11-06 21:00:00;210.8675297516623;0.0;0.0;0.0;0.0;0.0;0.0;0.0
2030-11-06 22:00:00;210.8485175235211;0.0;0.0;0.0;0.0;0.0;0.0;0.0
2030-11-06 23:00:00;211.0097664070163;0.0;0.0;0.0;0.0;0.0;0.0;0.0
2030-11-07 00:00:00;195.1493744604103;0.0;0.0;0.0;0.0;0.0;0.0;0.0
2030-11-07 01:00:00;195.1668894253417;0.0;0.0;0.0;0.0;0.0;0.0;0.0
2030-11-07 02:00:00;195.1118624901931;0.0;0.0;0.0;0.0;0.0;0.0;0.0
2030-11-07 03:00:00;195.040636975888;0.0;0.0;0.0;0.0;0.0;0.0;0.0
2030-11-07 04:00:00;194.9723021509568;0.0;0.0;0.0;0.0;0.0;0.0;0.0
2030-11-07 05:00:00;195.1136478174656;0.0;0.0;0.0;0.0;0.0;0.0;0.0
2030-11-07 06:00:00;195.2719189224517;0.0;0.0;0.0;0.0;0.0;0.0;0.0
2030-11-07 07:00:00;195.2295869035566;0.0;0.0;0.0;0.0;0.0;0.0;0.0
2030-11-07 08:00:00;195.2485957821157;0.0;0.0;0.0;0.0;0.0;0.0;0.0
2030-11-07 09:00:00;195.3077427032782;0.0;0.0;0.0;0.0;0.0;0.0;0.0
2030-11-07 10:00:00;195.2088898356066;0.0;0.0;0.0;0.0;0.0;0.0;0.0
2030-11-07 11:00:00;195.2042841601847;0.0;0.0;0.0;0.0;0.0;0.0;0.0
2030-11-07 12:00:00;195.2759350714196;0.0;0.0;0.0;0.0;0.0;0.0;0.0
2030-11-07 13:00:00;195.2851799180845;0.0;0.0;0.0;0.0;0.0;0.0;0.0
2030-11-07 14:00:00;195.3139662268663;0.0;0.0;0.0;0.0;0.0;0.0;0.0
2030-11-07 15:00:00;195.1827229000464;0.0;0.0;0.0;0.0;0.0;0.0;0.0
2030-11-07 16:00:00;195.2526018823371;0.0;0.0;0.0;0.0;0.0;0.0;0.0
2030-11-07 17:00:00;195.3323286360752;0.0;0.0;0.0;0.0;0.0;0.0;0.0
2030-11-07 18:00:00;195.3161233577547;0.0;0.0;0.0;0.0;0.0;0.0;0.0
2030-11-07 19:00:00;195.2497748350237;0.0;0.0;0.0;0.0;0.0;0.0;0.0
2030-11-07 20:00:00;195.1934482620105;0.0;0.0;0.0;0.0;0.0;0.0;0.0
2030-11-07 21:00:00;194.9794468096294;0.0;0.0;0.0;0.0;0.0;0.0;0.0
2030-11-07 22:00:00;194.7493941597056;0.0;0.0;0.0;0.0;0.0;0.0;0.0
2030-11-07 23:00:00;194.6828614099576;0.0;0.0;0.0;0.0;0.0;0.0;0.0
2030-11-08 00:00:00;194.8720458083749;0.0;0.0;0.0;0.0;0.0;0.0;0.0
2030-11-08 01:00:00;194.6788184643328;0.0;0.0;0.0;0.0;0.0;0.0;0.0
2030-11-08 02:00:00;194.6214334233682;0.0;0.0;0.0;0.0;0.0;0.0;0.0
2030-11-08 03:00:00;194.4193430850234;0.0;0.0;0.0;0.0;0.0;0.0;0.0
2030-11-08 04:00:00;194.5948980337743;0.0;0.0;0.0;0.0;0.0;0.0;0.0
2030-11-08 05:00:00;194.7673445703132;0.0;0.0;0.0;0.0;0.0;0.0;0.0
2030-11-08 06:00:00;194.9027614764608;0.0;0.0;0.0;0.0;0.0;0.0;0.0
2030-11-08 07:00:00;195.1143780263689;0.0;0.0;0.0;0.0;0.0;0.0;0.0
2030-11-08 08:00:00;195.2871193261348;0.0;0.0;0.0;0.0;0.0;0.0;0.0
2030-11-08 09:00:00;195.2462778712853;0.0;0.0;0.0;0.0;0.0;0.0;0.0
2030-11-08 10:00:00;195.2244084495915;0.0;0.0;0.0;0.0;0.0;0.0;0.0
2030-11-08 11:00:00;195.1297760553973;0.0;0.0;0.0;0.0;0.0;0.0;0.0
2030-11-08 12:00:00;195.0727561188842;0.0;0.0;0.0;0.0;0.0;0.0;0.0
2030-11-08 13:00:00;195.0870253387365;0.0;0.0;0.0;0.0;0.0;0.0;0.0
2030-11-08 14:00:00;195.0108692395436;0.0;0.0;0.0;0.0;0.0;0.0;0.0
2030-11-08 15:00:00;195.2595857610677;0.0;0.0;0.0;0.0;0.0;0.0;0.0
2030-11-08 16:00:00;195.310070662855;0.0;0.0;0.0;0.0;0.0;0.0;0.0
2030-11-08 17:00:00;195.6073929705943;0.0;0.0;0.0;0.0;0.0;0.0;0.0
2030-11-08 18:00:00;195.7955892422846;0.0;0.0;0.0;0.0;0.0;0.0;0.0
2030-11-08 19:00:00;195.7352565690501;0.0;0.0;0.0;0.0;0.0;0.0;0.0
2030-11-08 20:00:00;195.6607518138448;0.0;0.0;0.0;0.0;0.0;0.0;0.0
2030-11-08 21:00:00;195.3900921798201;0.0;0.0;0.0;0.0;0.0;0.0;0.0
2030-11-08 22:00:00;195.1338826430825;0.0;0.0;0.0;0.0;0.0;0.0;0.0
2030-11-08 23:00:00;195.0966520377637;0.0;0.0;0.0;0.0;0.0;0.0;0.0
2030-11-09 00:00:00;194.9332359746336;0.0;0.0;0.0;0.0;0.0;0.0;0.0
2030-11-09 01:00:00;194.6471213686844;0.0;0.0;0.0;0.0;0.0;0.0;0.0
2030-11-09 02:00:00;194.5579856387573;0.0;0.0;0.0;0.0;0.0;0.0;0.0
2030-11-09 03:00:00;194.5730386608269;0.0;0.0;0.0;0.0;0.0;0.0;0.0
2030-11-09 04:00:00;194.5807560980427;0.0;0.0;0.0;0.0;0.0;0.0;0.0
2030-11-09 05:00:00;194.5365717602325;0.0;0.0;0.0;0.0;0.0;0.0;0.0
2030-11-09 06:00:00;194.4260322005269;0.0;0.0;0.0;0.0;0.0;0.0;0.0
2030-11-09 07:00:00;194.672149446322;0.0;0.0;0.0;0.0;0.0;0.0;0.0
2030-11-09 08:00:00;194.7070085474964;0.0;0.0;0.0;0.0;0.0;0.0;0.0
2030-11-09 09:00:00;194.7037494040889;0.0;0.0;0.0;0.0;0.0;0.0;0.0
2030-11-09 10:00:00;194.7373758590413;0.0;0.0;0.0;0.0;0.0;0.0;0.0
2030-11-09 11:00:00;194.8106144722033;0.0;0.0;0.0;0.0;0.0;0.0;0.0
2030-11-09 12:00:00;194.7341167156336;0.0;0.0;0.0;0.0;0.0;0.0;0.0
2030-11-09 13:00:00;194.7094604416119;0.0;0.0;0.0;0.0;0.0;0.0;0.0
2030-11-09 14:00:00;194.715898338456;0.0;0.0;0.0;0.0;0.0;0.0;0.0
2030-11-09 15:00:00;194.6479922600368;0.0;0.0;0.0;0.0;0.0;0.0;0.0
2030-11-09 16:00:00;194.694477760767;0.0;0.0;0.0;0.0;0.0;0.0;0.0
2030-11-09 17:00:00;194.7581332194695;0.0;0.0;0.0;0.0;0.0;0.0;0.0
2030-11-09 18:00:00;194.7803911926899;0.0;0.0;0.0;0.0;0.0;0.0;0.0
2030-11-09 19:00:00;194.7661487694946;0.0;0.0;0.0;0.0;0.0;0.0;0.0
2030-11-09 20:00:00;194.7617373698361;0.0;0.0;0.0;0.0;0.0;0.0;0.0
2030-11-09 21:00:00;194.7131717786064;0.0;0.0;0.0;0.0;0.0;0.0;0.0
2030-11-09 22:00:00;194.7195929275399;0.0;0.0;0.0;0.0;0.0;0.0;0.0
2030-11-09 23:00:00;194.6818364378274;0.0;0.0;0.0;0.0;0.0;0.0;0.0
2030-11-10 00:00:00;194.649335442469;0.0;0.0;0.0;0.0;0.0;0.0;0.0
2030-11-10 01:00:00;194.4252048537421;0.0;0.0;0.0;0.0;0.0;0.0;0.0
2030-11-10 02:00:00;194.3933503277337;0.0;0.0;0.0;0.0;0.0;0.0;0.0
2030-11-10 03:00:00;194.2880629128001;0.0;0.0;0.0;0.0;0.0;0.0;0.0
2030-11-10 04:00:00;194.1906671133529;0.0;0.0;0.0;0.0;0.0;0.0;0.0
2030-11-10 05:00:00;194.1890995089184;0.0;0.0;0.0;0.0;0.0;0.0;0.0
2030-11-10 06:00:00;194.1829831719582;0.0;0.0;0.0;0.0;0.0;0.0;0.0
2030-11-10 07:00:00;194.2064838401469;0.0;0.0;0.0;0.0;0.0;0.0;0.0
2030-11-10 08:00:00;194.2395341669738;0.0;0.0;0.0;0.0;0.0;0.0;0.0
2030-11-10 09:00:00;194.2452150582578;0.0;0.0;0.0;0.0;0.0;0.0;0.0
2030-11-10 10:00:00;194.2652388602007;0.0;0.0;0.0;0.0;0.0;0.0;0.0
2030-11-10 11:00:00;194.2582583310523;0.0;0.0;0.0;0.0;0.0;0.0;0.0
2030-11-10 12:00:00;194.3504053353097;0.0;0.0;0.0;0.0;0.0;0.0;0.0
2030-11-10 13:00:00;194.3132517703798;0.0;0.0;0.0;0.0;0.0;0.0;0.0
2030-11-10 14:00:00;194.3124679681625;0.0;0.0;0.0;0.0;0.0;0.0;0.0
2030-11-10 15:00:00;194.340627905087;0.0;0.0;0.0;0.0;0.0;0.0;0.0
2030-11-10 16:00:00;194.4206661699627;0.0;0.0;0.0;0.0;0.0;0.0;0.0
2030-11-10 17:00:00;194.5784013418089;0.0;0.0;0.0;0.0;0.0;0.0;0.0
2030-11-10 18:00:00;194.7728311858338;0.0;0.0;0.0;0.0;0.0;0.0;0.0
2030-11-10 19:00:00;194.8587111219355;0.0;0.0;0.0;0.0;0.0;0.0;0.0
2030-11-10 20:00:00;194.9773868166226;0.0;0.0;0.0;0.0;0.0;0.0;0.0
2030-11-10 21:00:00;195.0194877143511;0.0;0.0;0.0;0.0;0.0;0.0;0.0
2030-11-10 22:00:00;194.8091306073219;0.0;0.0;0.0;0.0;0.0;0.0;0.0
2030-11-10 23:00:00;194.7342406501723;0.0;0.0;0.0;0.0;0.0;0.0;0.0
2030-11-11 00:00:00;194.7469322168437;0.0;0.0;0.0;0.0;0.0;0.0;0.0
2030-11-11 01:00:00;194.5532828254538;0.0;0.0;0.0;0.0;0.0;0.0;0.0
2030-11-11 02:00:00;194.4969227566194;0.0;0.0;0.0;0.0;0.0;0.0;0.0
2030-11-11 03:00:00;194.5361865582882;0.0;0.0;0.0;0.0;0.0;0.0;0.0
2030-11-11 04:00:00;194.4875204795947;0.0;0.0;0.0;0.0;0.0;0.0;0.0
2030-11-11 05:00:00;194.446086148709;0.0;0.0;0.0;0.0;0.0;0.0;0.0
2030-11-11 06:00:00;194.6053688274969;0.0;0.0;0.0;0.0;0.0;0.0;0.0
2030-11-11 07:00:00;194.868589039622;0.0;0.0;0.0;0.0;0.0;0.0;0.0
2030-11-11 08:00:00;210.8270768483392;0.0;0.0;0.0;0.0;0.0;0.0;0.0
2030-11-11 09:00:00;210.9190731214011;0.0;0.0;0.0;0.0;0.0;0.0;0.0
2030-11-11 10:00:00;210.7990006509679;0.0;0.0;0.0;0.0;0.0;0.0;0.0
2030-11-11 11:00:00;210.8225984570382;0.0;0.0;0.0;0.0;0.0;0.0;0.0
2030-11-11 12:00:00;194.8710643808123;0.0;0.0;0.0;0.0;0.0;0.0;0.0
2030-11-11 13:00:00;194.8231285110221;0.0;0.0;0.0;0.0;0.0;0.0;0.0
2030-11-11 14:00:00;210.6829778253238;0.0;0.0;0.0;0.0;0.0;0.0;0.0
2030-11-11 15:00:00;210.7299925600297;0.0;0.0;0.0;0.0;0.0;0.0;0.0
2030-11-11 16:00:00;210.7202620239566;0.0;0.0;0.0;0.0;0.0;0.0;0.0
2030-11-11 17:00:00;210.7911291329742;0.0;0.0;0.0;0.0;0.0;0.0;0.0
2030-11-11 18:00:00;210.9162326757591;0.0;0.0;0.0;0.0;0.0;0.0;0.0
2030-11-11 19:00:00;210.8804222932613;0.0;0.0;0.0;0.0;0.0;0.0;0.0
2030-11-11 20:00:00;210.8656539856723;0.0;0.0;0.0;0.0;0.0;0.0;0.0
2030-11-11 21:00:00;210.7999016885595;0.0;0.0;0.0;0.0;0.0;0.0;0.0
2030-11-11 22:00:00;210.2025707082167;0.0;0.0;0.0;0.0;0.0;0.0;0.0
2030-11-11 23:00:00;209.7779341334901;0.0;0.0;0.0;0.0;0.0;0.0;0.0
2030-11-12 00:00:00;209.6610270181652;0.0;0.0;0.0;0.0;0.0;0.0;0.0
2030-11-12 01:00:00;209.7995389381961;0.0;0.0;0.0;0.0;0.0;0.0;0.0
2030-11-12 02:00:00;209.5776827157321;0.0;0.0;0.0;0.0;0.0;0.0;0.0
2030-11-12 03:00:00;209.5123290188921;0.0;0.0;0.0;0.0;0.0;0.0;0.0
2030-11-12 04:00:00;198.2911049657631;0.0;0.0;0.0;0.0;0.0;0.0;0.0
2030-11-12 05:00:00;209.0872134539216;0.0;0.0;0.0;0.0;0.0;0.0;0.0
2030-11-12 06:00:00;209.4002218547521;0.0;0.0;0.0;0.0;0.0;0.0;0.0
2030-11-12 07:00:00;209.9464951547641;0.0;0.0;0.0;0.0;0.0;0.0;0.0
2030-11-12 08:00:00;210.2131218919104;0.0;0.0;0.0;0.0;0.0;0.0;0.0
2030-11-12 09:00:00;210.2133597122412;0.0;0.0;0.0;0.0;0.0;0.0;0.0
2030-11-12 10:00:00;210.2916796414869;0.0;0.0;0.0;0.0;0.0;0.0;0.0
2030-11-12 11:00:00;210.3259693137001;0.0;0.0;0.0;0.0;0.0;0.0;0.0
2030-11-12 12:00:00;210.3417692925835;0.0;0.0;0.0;0.0;0.0;0.0;0.0
2030-11-12 13:00:00;210.3702675373026;0.0;0.0;0.0;0.0;0.0;0.0;0.0
2030-11-12 14:00:00;210.5115964559006;0.0;0.0;0.0;0.0;0.0;0.0;0.0
2030-11-12 15:00:00;210.5844498671184;0.0;0.0;0.0;0.0;0.0;0.0;0.0
2030-11-12 16:00:00;210.6603714955625;0.0;0.0;0.0;0.0;0.0;0.0;0.0
2030-11-12 17:00:00;210.49956810649;0.0;0.0;0.0;0.0;0.0;0.0;0.0
2030-11-12 18:00:00;210.5599175276352;0.0;0.0;0.0;0.0;0.0;0.0;0.0
2030-11-12 19:00:00;210.6423674916409;0.0;0.0;0.0;0.0;0.0;0.0;0.0
2030-11-12 20:00:00;210.5978582443645;0.0;0.0;0.0;0.0;0.0;0.0;0.0
2030-11-12 21:00:00;210.4260481284293;0.0;0.0;0.0;0.0;0.0;0.0;0.0
2030-11-12 22:00:00;210.1462675822784;0.0;0.0;0.0;0.0;0.0;0.0;0.0
2030-11-12 23:00:00;210.0401159751566;0.0;0.0;0.0;0.0;0.0;0.0;0.0
2030-11-13 00:00:00;209.8830741668103;0.0;0.0;0.0;0.0;0.0;0.0;0.0
2030-11-13 01:00:00;209.8784785401349;0.0;0.0;0.0;0.0;0.0;0.0;0.0
2030-11-13 02:00:00;209.8675555528254;0.0;0.0;0.0;0.0;0.0;0.0;0.0
2030-11-13 03:00:00;209.849156298213;0.0;0.0;0.0;0.0;0.0;0.0;0.0
2030-11-13 04:00:00;209.8319662427477;0.0;0.0;0.0;0.0;0.0;0.0;0.0
2030-11-13 05:00:00;210.0281412190599;0.0;0.0;0.0;0.0;0.0;0.0;0.0
2030-11-13 06:00:00;210.2028587722795;0.0;0.0;0.0;0.0;0.0;0.0;0.0
2030-11-13 07:00:00;210.3728098701353;0.0;0.0;0.0;0.0;0.0;0.0;0.0
2030-11-13 08:00:00;210.2496959791328;0.0;0.0;0.0;0.0;0.0;0.0;0.0
2030-11-13 09:00:00;210.3416554067911;0.0;0.0;0.0;0.0;0.0;0.0;0.0
2030-11-13 10:00:00;210.3245725379539;0.0;0.0;0.0;0.0;0.0;0.0;0.0
2030-11-13 11:00:00;210.2283256451755;0.0;0.0;0.0;0.0;0.0;0.0;0.0
2030-11-13 12:00:00;194.3317414637095;0.0;0.0;0.0;0.0;0.0;0.0;0.0
2030-11-13 13:00:00;194.3991451048099;0.0;0.0;0.0;0.0;0.0;0.0;0.0
2030-11-13 14:00:00;194.2697339994124;0.0;0.0;0.0;0.0;0.0;0.0;0.0
2030-11-13 15:00:00;210.0959568587617;0.0;0.0;0.0;0.0;0.0;0.0;0.0
2030-11-13 16:00:00;210.5118577233063;0.0;0.0;0.0;0.0;0.0;0.0;0.0
2030-11-13 17:00:00;210.4736155441858;0.0;0.0;0.0;0.0;0.0;0.0;0.0
2030-11-13 18:00:00;210.5347454179662;0.0;0.0;0.0;0.0;0.0;0.0;0.0
2030-11-13 19:00:00;210.7198265782804;0.0;0.0;0.0;0.0;0.0;0.0;0.0
2030-11-13 20:00:00;210.5868180216807;0.0;0.0;0.0;0.0;0.0;0.0;0.0
2030-11-13 21:00:00;210.6663002559237;0.0;0.0;0.0;0.0;0.0;0.0;0.0
2030-11-13 22:00:00;210.6459950890822;0.0;0.0;0.0;0.0;0.0;0.0;0.0
2030-11-13 23:00:00;210.4896365954895;0.0;0.0;0.0;0.0;0.0;0.0;0.0
2030-11-14 00:00:00;210.4515652450572;0.0;0.0;0.0;0.0;0.0;0.0;0.0
2030-11-14 01:00:00;207.6975622689963;0.0;0.0;0.0;0.0;0.0;0.0;0.0
2030-11-14 02:00:00;207.6880762524185;0.0;0.0;0.0;0.0;0.0;0.0;0.0
2030-11-14 03:00:00;210.6841602278139;0.0;0.0;0.0;0.0;0.0;0.0;0.0
2030-11-14 04:00:00;210.6897674282911;0.0;0.0;0.0;0.0;0.0;0.0;0.0
2030-11-14 05:00:00;210.6748718365815;0.0;0.0;0.0;0.0;0.0;0.0;0.0
2030-11-14 06:00:00;210.7290278803776;0.0;0.0;0.0;0.0;0.0;0.0;0.0
2030-11-14 07:00:00;210.3995830800601;0.0;0.0;0.0;0.0;0.0;0.0;0.0
2030-11-14 08:00:00;210.4972233990025;0.0;0.0;0.0;0.0;0.0;0.0;0.0
2030-11-14 09:00:00;210.5769903477261;0.0;0.0;0.0;0.0;0.0;0.0;0.0
2030-11-14 10:00:00;210.5679230289138;0.0;0.0;0.0;0.0;0.0;0.0;0.0
2030-11-14 11:00:00;210.5164667483104;0.0;0.0;0.0;0.0;0.0;0.0;0.0
2030-11-14 12:00:00;194.7437702113177;0.0;0.0;0.0;0.0;0.0;0.0;0.0
2030-11-14 13:00:00;196.3538038025723;0.0;0.0;0.0;0.0;0.0;0.0;0.0
2030-11-14 14:00:00;210.5743173811904;0.0;0.0;0.0;0.0;0.0;0.0;0.0
2030-11-14 15:00:00;210.5849322069444;0.0;0.0;0.0;0.0;0.0;0.0;0.0
2030-11-14 16:00:00;210.6232681743644;0.0;0.0;0.0;0.0;0.0;0.0;0.0
2030-11-14 17:00:00;210.680703459061;0.0;0.0;0.0;0.0;0.0;0.0;0.0
2030-11-14 18:00:00;210.7211731102946;0.0;0.0;0.0;0.0;0.0;0.0;0.0
2030-11-14 19:00:00;210.6974245730288;0.0;0.0;0.0;0.0;0.0;0.0;0.0
2030-11-14 20:00:00;210.6396543301196;0.0;0.0;0.0;0.0;0.0;0.0;0.0
2030-11-14 21:00:00;210.465928253209;0.0;0.0;0.0;0.0;0.0;0.0;0.0
2030-11-14 22:00:00;210.2906412710281;0.0;0.0;0.0;0.0;0.0;0.0;0.0
2030-11-14 23:00:00;210.058622416397;0.0;0.0;0.0;0.0;0.0;0.0;0.0
2030-11-15 00:00:00;209.8637738746064;0.0;0.0;0.0;0.0;0.0;0.0;0.0
2030-11-15 01:00:00;209.8451769946486;0.0;0.0;0.0;0.0;0.0;0.0;0.0
2030-11-15 02:00:00;209.3193729910021;0.0;0.0;0.0;0.0;0.0;0.0;0.0
2030-11-15 03:00:00;209.4336238877021;0.0;0.0;0.0;0.0;0.0;0.0;0.0
2030-11-15 04:00:00;209.3821944037556;0.0;0.0;0.0;0.0;0.0;0.0;0.0
2030-11-15 05:00:00;209.5730870890566;0.0;0.0;0.0;0.0;0.0;0.0;0.0
2030-11-15 06:00:00;209.7401709446135;0.0;0.0;0.0;0.0;0.0;0.0;0.0
2030-11-15 07:00:00;210.0242155088094;0.0;0.0;0.0;0.0;0.0;0.0;0.0
2030-11-15 08:00:00;210.5255072704656;0.0;0.0;0.0;0.0;0.0;0.0;0.0
2030-11-15 09:00:00;210.643549894131;0.0;0.0;0.0;0.0;0.0;0.0;0.0
2030-11-15 10:00:00;210.5851365314539;0.0;0.0;0.0;0.0;0.0;0.0;0.0
2030-11-15 11:00:00;210.6028524713129;0.0;0.0;0.0;0.0;0.0;0.0;0.0
2030-11-15 12:00:00;210.5102164280651;0.0;0.0;0.0;0.0;0.0;0.0;0.0
2030-11-15 13:00:00;210.4806563658125;0.0;0.0;0.0;0.0;0.0;0.0;0.0
2030-11-15 14:00:00;210.5758514898036;0.0;0.0;0.0;0.0;0.0;0.0;0.0
2030-11-15 15:00:00;210.5722272419443;0.0;0.0;0.0;0.0;0.0;0.0;0.0
2030-11-15 16:00:00;210.3250548777799;0.0;0.0;0.0;0.0;0.0;0.0;0.0
2030-11-15 17:00:00;210.3913297097042;0.0;0.0;0.0;0.0;0.0;0.0;0.0
2030-11-15 18:00:00;210.4107137414613;0.0;0.0;0.0;0.0;0.0;0.0;0.0
2030-11-15 19:00:00;210.4183842845275;0.0;0.0;0.0;0.0;0.0;0.0;0.0
2030-11-15 20:00:00;210.424349890292;0.0;0.0;0.0;0.0;0.0;0.0;0.0
2030-11-15 21:00:00;210.4573700708798;0.0;0.0;0.0;0.0;0.0;0.0;0.0
2030-11-15 22:00:00;210.3695071821601;0.0;0.0;0.0;0.0;0.0;0.0;0.0
2030-11-15 23:00:00;209.9656078703691;0.0;0.0;0.0;0.0;0.0;0.0;0.0
2030-11-16 00:00:00;210.1965012654064;0.0;0.0;0.0;0.0;0.0;0.0;0.0
2030-11-16 01:00:00;210.1602286405753;0.0;0.0;0.0;0.0;0.0;0.0;0.0
2030-11-16 02:00:00;210.19059595212;0.0;0.0;0.0;0.0;0.0;0.0;0.0
2030-11-16 03:00:00;210.0262755018163;0.0;0.0;0.0;0.0;0.0;0.0;0.0
2030-11-16 04:00:00;209.8198843000231;0.0;0.0;0.0;0.0;0.0;0.0;0.0
2030-11-16 05:00:00;209.6472970810349;0.0;0.0;0.0;0.0;0.0;0.0;0.0
2030-11-16 06:00:00;209.6690258202795;0.0;0.0;0.0;0.0;0.0;0.0;0.0
2030-11-16 07:00:00;210.0731495540729;0.0;0.0;0.0;0.0;0.0;0.0;0.0
2030-11-16 08:00:00;210.1935502835543;0.0;0.0;0.0;0.0;0.0;0.0;0.0
2030-11-16 09:00:00;210.1515733203644;0.0;0.0;0.0;0.0;0.0;0.0;0.0
2030-11-16 10:00:00;210.1959921289234;0.0;0.0;0.0;0.0;0.0;0.0;0.0
2030-11-16 11:00:00;209.8812017504025;0.0;0.0;0.0;0.0;0.0;0.0;0.0
2030-11-16 12:00:00;209.890248971722;0.0;0.0;0.0;0.0;0.0;0.0;0.0
2030-11-16 13:00:00;210.0936088016921;0.0;0.0;0.0;0.0;0.0;0.0;0.0
2030-11-16 14:00:00;210.0563380013878;0.0;0.0;0.0;0.0;0.0;0.0;0.0
2030-11-16 15:00:00;210.0341403206457;0.0;0.0;0.0;0.0;0.0;0.0;0.0
2030-11-16 16:00:00;210.0549445752238;0.0;0.0;0.0;0.0;0.0;0.0;0.0
2030-11-16 17:00:00;210.0905171373908;0.0;0.0;0.0;0.0;0.0;0.0;0.0
2030-11-16 18:00:00;210.1178195812912;0.0;0.0;0.0;0.0;0.0;0.0;0.0
2030-11-16 19:00:00;210.0102578000948;0.0;0.0;0.0;0.0;0.0;0.0;0.0
2030-11-16 20:00:00;210.0194122080423;0.0;0.0;0.0;0.0;0.0;0.0;0.0
2030-11-16 21:00:00;209.9294189850912;0.0;0.0;0.0;0.0;0.0;0.0;0.0
2030-11-16 22:00:00;209.5850249997499;0.0;0.0;0.0;0.0;0.0;0.0;0.0
2030-11-16 23:00:00;209.361778700704;0.0;0.0;0.0;0.0;0.0;0.0;0.0
2030-11-17 00:00:00;209.0503178068153;0.0;0.0;0.0;0.0;0.0;0.0;0.0
2030-11-17 01:00:00;209.0109736151757;0.0;0.0;0.0;0.0;0.0;0.0;0.0
2030-11-17 02:00:00;208.903435281054;0.0;0.0;0.0;0.0;0.0;0.0;0.0
2030-11-17 03:00:00;208.8897287909987;0.0;0.0;0.0;0.0;0.0;0.0;0.0
2030-11-17 04:00:00;208.9288050160684;0.0;0.0;0.0;0.0;0.0;0.0;0.0
2030-11-17 05:00:00;209.224020436651;0.0;0.0;0.0;0.0;0.0;0.0;0.0
2030-11-17 06:00:00;209.3350590840932;0.0;0.0;0.0;0.0;0.0;0.0;0.0
2030-11-17 07:00:00;209.5017945831091;0.0;0.0;0.0;0.0;0.0;0.0;0.0
2030-11-17 08:00:00;209.5985606611168;0.0;0.0;0.0;0.0;0.0;0.0;0.0
2030-11-17 09:00:00;209.8075812848782;0.0;0.0;0.0;0.0;0.0;0.0;0.0
2030-11-17 10:00:00;210.1420973525328;0.0;0.0;0.0;0.0;0.0;0.0;0.0
2030-11-17 11:00:00;210.1476074151284;0.0;0.0;0.0;0.0;0.0;0.0;0.0
2030-11-17 12:00:00;210.0011402375506;0.0;0.0;0.0;0.0;0.0;0.0;0.0
2030-11-17 13:00:00;209.6748138981914;0.0;0.0;0.0;0.0;0.0;0.0;0.0
2030-11-17 14:00:00;209.6792855903282;0.0;0.0;0.0;0.0;0.0;0.0;0.0
2030-11-17 15:00:00;210.0774772141783;0.0;0.0;0.0;0.0;0.0;0.0;0.0
2030-11-17 16:00:00;210.0287307455138;0.0;0.0;0.0;0.0;0.0;0.0;0.0
2030-11-17 17:00:00;210.0466744569572;0.0;0.0;0.0;0.0;0.0;0.0;0.0
2030-11-17 18:00:00;210.0976450481527;0.0;0.0;0.0;0.0;0.0;0.0;0.0
2030-11-17 19:00:00;210.1157428403737;0.0;0.0;0.0;0.0;0.0;0.0;0.0
2030-11-17 20:00:00;210.0907147627361;0.0;0.0;0.0;0.0;0.0;0.0;0.0
2030-11-17 21:00:00;210.0976015035851;0.0;0.0;0.0;0.0;0.0;0.0;0.0
2030-11-17 22:00:00;209.8664434915599;0.0;0.0;0.0;0.0;0.0;0.0;0.0
2030-11-17 23:00:00;209.729328347275;0.0;0.0;0.0;0.0;0.0;0.0;0.0
2030-11-18 00:00:00;209.6095841358901;0.0;0.0;0.0;0.0;0.0;0.0;0.0
2030-11-18 01:00:00;209.2706365710841;0.0;0.0;0.0;0.0;0.0;0.0;0.0
2030-11-18 02:00:00;209.1559066841401;0.0;0.0;0.0;0.0;0.0;0.0;0.0
2030-11-18 03:00:00;209.3665317577393;0.0;0.0;0.0;0.0;0.0;0.0;0.0
2030-11-18 04:00:00;209.3155008740656;0.0;0.0;0.0;0.0;0.0;0.0;0.0
2030-11-18 05:00:00;209.5326140882407;0.0;0.0;0.0;0.0;0.0;0.0;0.0
2030-11-18 06:00:00;210.1265083973234;0.0;0.0;0.0;0.0;0.0;0.0;0.0
2030-11-18 07:00:00;210.6362913496663;0.0;0.0;0.0;0.0;0.0;0.0;0.0
2030-11-18 08:00:00;210.5458358843819;0.0;0.0;0.0;0.0;0.0;0.0;0.0
2030-11-18 09:00:00;210.629260576786;0.0;0.0;0.0;0.0;0.0;0.0;0.0
2030-11-18 10:00:00;210.4718034202562;0.0;0.0;0.0;0.0;0.0;0.0;0.0
2030-11-18 11:00:00;210.494396351689;0.0;0.0;0.0;0.0;0.0;0.0;0.0
2030-11-18 12:00:00;200.012183903624;0.0;0.0;0.0;0.0;0.0;0.0;0.0
2030-11-18 13:00:00;204.3898566197701;0.0;0.0;0.0;0.0;0.0;0.0;0.0
2030-11-18 14:00:00;210.5079521105487;0.0;0.0;0.0;0.0;0.0;0.0;0.0
2030-11-18 15:00:00;210.5259058707385;0.0;0.0;0.0;0.0;0.0;0.0;0.0
2030-11-18 16:00:00;210.5528365110231;0.0;0.0;0.0;0.0;0.0;0.0;0.0
2030-11-18 17:00:00;210.6300309806747;0.0;0.0;0.0;0.0;0.0;0.0;0.0
2030-11-18 18:00:00;211.0889270813753;0.0;0.0;0.0;0.0;0.0;0.0;0.0
2030-11-18 19:00:00;211.101518160583;0.0;0.0;0.0;0.0;0.0;0.0;0.0
2030-11-18 20:00:00;211.0367908356004;0.0;0.0;0.0;0.0;0.0;0.0;0.0
2030-11-18 21:00:00;210.9146550225783;0.0;0.0;0.0;0.0;0.0;0.0;0.0
2030-11-18 22:00:00;210.5121524865334;0.0;0.0;0.0;0.0;0.0;0.0;0.0
2030-11-18 23:00:00;210.1640036196301;0.0;0.0;0.0;0.0;0.0;0.0;0.0
2030-11-19 00:00:00;209.8517187285387;0.0;0.0;0.0;0.0;0.0;0.0;0.0
2030-11-19 01:00:00;209.7439794194896;0.0;0.0;0.0;0.0;0.0;0.0;0.0
2030-11-19 02:00:00;209.7182814254269;0.0;0.0;0.0;0.0;0.0;0.0;0.0
2030-11-19 03:00:00;209.7195006733204;0.0;0.0;0.0;0.0;0.0;0.0;0.0
2030-11-19 04:00:00;209.7263103737804;0.0;0.0;0.0;0.0;0.0;0.0;0.0
2030-11-19 05:00:00;209.8477695712133;0.0;0.0;0.0;0.0;0.0;0.0;0.0
2030-11-19 06:00:00;210.1193067957547;0.0;0.0;0.0;0.0;0.0;0.0;0.0
2030-11-19 07:00:00;210.8562517086476;0.0;0.0;0.0;0.0;0.0;0.0;0.0
2030-11-19 08:00:00;210.9735339771707;0.0;0.0;0.0;0.0;0.0;0.0;0.0
2030-11-19 09:00:00;210.8957801273042;0.0;0.0;0.0;0.0;0.0;0.0;0.0
2030-11-19 10:00:00;211.3199645084439;0.0;0.0;0.0;0.0;0.0;0.0;0.0
2030-11-19 11:00:00;211.317499216;0.0;0.0;0.0;0.0;0.0;0.0;0.0
2030-11-19 12:00:00;211.361197864402;0.0;0.0;0.0;0.0;0.0;0.0;0.0
2030-11-19 13:00:00;211.234590359243;0.0;0.0;0.0;0.0;0.0;0.0;0.0
2030-11-19 14:00:00;211.3128600447568;0.0;0.0;0.0;0.0;0.0;0.0;0.0
2030-11-19 15:00:00;211.5375165178774;0.0;0.0;0.0;0.0;0.0;0.0;0.0
2030-11-19 16:00:00;211.6343998312595;0.0;0.0;0.0;0.0;0.0;0.0;0.0
2030-11-19 17:00:00;211.8453699118176;0.0;0.0;0.0;0.0;0.0;0.0;0.0
2030-11-19 18:00:00;211.8871392009157;0.0;0.0;0.0;0.0;0.0;0.0;0.0
2030-11-19 19:00:00;211.6474330553077;0.0;0.0;0.0;0.0;0.0;0.0;0.0
2030-11-19 20:00:00;211.8322830944553;0.0;0.0;0.0;0.0;0.0;0.0;0.0
2030-11-19 21:00:00;211.7388130052585;0.0;0.0;0.0;0.0;0.0;0.0;0.0
2030-11-19 22:00:00;211.6163087382027;0.0;0.0;0.0;0.0;0.0;0.0;0.0
2030-11-19 23:00:00;211.5080703414169;0.0;0.0;0.0;0.0;0.0;0.0;0.0
2030-11-20 00:00:00;211.4140978149015;0.0;0.0;0.0;0.0;0.0;0.0;0.0
2030-11-20 01:00:00;211.4771202025824;0.0;0.0;0.0;0.0;0.0;0.0;0.0
2030-11-20 02:00:00;211.3914981843044;0.0;0.0;0.0;0.0;0.0;0.0;0.0
2030-11-20 03:00:00;211.4726820062668;0.0;0.0;0.0;0.0;0.0;0.0;0.0
2030-11-20 04:00:00;199.0001947537049;0.0;0.0;0.0;0.0;0.0;0.0;0.0
2030-11-20 05:00:00;199.2644298892139;0.0;0.0;0.0;0.0;0.0;0.0;0.0
2030-11-20 06:00:00;201.9925104492098;0.0;0.0;0.0;0.0;0.0;0.0;0.0
2030-11-20 07:00:00;211.9055853496778;0.0;0.0;0.0;0.0;0.0;0.0;0.0
2030-11-20 08:00:00;211.6880969823047;0.0;0.0;0.0;0.0;0.0;0.0;0.0
2030-11-20 09:00:00;205.2319248180725;0.0;0.0;0.0;0.0;0.0;0.0;0.0
2030-11-20 10:00:00;199.6755341521557;0.0;0.0;0.0;0.0;0.0;0.0;0.0
2030-11-20 11:00:00;195.6437057904109;0.0;0.0;0.0;0.0;0.0;0.0;0.0
2030-11-20 12:00:00;195.8494136774505;0.0;0.0;0.0;0.0;0.0;0.0;0.0
2030-11-20 13:00:00;195.8530881690416;0.0;0.0;0.0;0.0;0.0;0.0;0.0
2030-11-20 14:00:00;195.8004561851123;0.0;0.0;0.0;0.0;0.0;0.0;0.0
2030-11-20 15:00:00;195.7872353844651;0.0;0.0;0.0;0.0;0.0;0.0;0.0
2030-11-20 16:00:00;195.8249717766848;0.0;0.0;0.0;0.0;0.0;0.0;0.0
2030-11-20 17:00:00;195.8667712120221;0.0;0.0;0.0;0.0;0.0;0.0;0.0
2030-11-20 18:00:00;195.9233791499337;0.0;0.0;0.0;0.0;0.0;0.0;0.0
2030-11-20 19:00:00;195.8581929322;0.0;0.0;0.0;0.0;0.0;0.0;0.0
2030-11-20 20:00:00;195.8075104050674;0.0;0.0;0.0;0.0;0.0;0.0;0.0
2030-11-20 21:00:00;195.7238210956754;0.0;0.0;0.0;0.0;0.0;0.0;0.0
2030-11-20 22:00:00;195.6465462360528;0.0;0.0;0.0;0.0;0.0;0.0;0.0
2030-11-20 23:00:00;195.5237036612023;0.0;0.0;0.0;0.0;0.0;0.0;0.0
2030-11-21 00:00:00;195.3628701258907;0.0;0.0;0.0;0.0;0.0;0.0;0.0
2030-11-21 01:00:00;195.2840276618334;0.0;0.0;0.0;0.0;0.0;0.0;0.0
2030-11-21 02:00:00;195.3384248755427;0.0;0.0;0.0;0.0;0.0;0.0;0.0
2030-11-21 03:00:00;195.2914838316436;0.0;0.0;0.0;0.0;0.0;0.0;0.0
2030-11-21 04:00:00;195.3290828909962;0.0;0.0;0.0;0.0;0.0;0.0;0.0
2030-11-21 05:00:00;195.4539653613608;0.0;0.0;0.0;0.0;0.0;0.0;0.0
2030-11-21 06:00:00;195.5699412928552;0.0;0.0;0.0;0.0;0.0;0.0;0.0
2030-11-21 07:00:00;195.5520277276509;0.0;0.0;0.0;0.0;0.0;0.0;0.0
2030-11-21 08:00:00;195.6289843769717;0.0;0.0;0.0;0.0;0.0;0.0;0.0
2030-11-21 09:00:00;195.6751751144748;0.0;0.0;0.0;0.0;0.0;0.0;0.0
2030-11-21 10:00:00;195.6946730320242;0.0;0.0;0.0;0.0;0.0;0.0;0.0
2030-11-21 11:00:00;195.7549956565124;0.0;0.0;0.0;0.0;0.0;0.0;0.0
2030-11-21 12:00:00;195.7495358376487;0.0;0.0;0.0;0.0;0.0;0.0;0.0
2030-11-21 13:00:00;195.7351359840935;0.0;0.0;0.0;0.0;0.0;0.0;0.0
2030-11-21 14:00:00;195.7354541943954;0.0;0.0;0.0;0.0;0.0;0.0;0.0
2030-11-21 15:00:00;195.6411701567422;0.0;0.0;0.0;0.0;0.0;0.0;0.0
2030-11-21 16:00:00;195.8155728492421;0.0;0.0;0.0;0.0;0.0;0.0;0.0
2030-11-21 17:00:00;196.1468800172212;0.0;0.0;0.0;0.0;0.0;0.0;0.0
2030-11-21 18:00:00;196.1333812012576;0.0;0.0;0.0;0.0;0.0;0.0;0.0
2030-11-21 19:00:00;195.9039482240269;0.0;0.0;0.0;0.0;0.0;0.0;0.0
2030-11-21 20:00:00;195.9539407372418;0.0;0.0;0.0;0.0;0.0;0.0;0.0
2030-11-21 21:00:00;195.492170695078;0.0;0.0;0.0;0.0;0.0;0.0;0.0
2030-11-21 22:00:00;195.3534778976122;0.0;0.0;0.0;0.0;0.0;0.0;0.0
2030-11-21 23:00:00;195.3619154949851;0.0;0.0;0.0;0.0;0.0;0.0;0.0
2030-11-22 00:00:00;195.2711083235776;0.0;0.0;0.0;0.0;0.0;0.0;0.0
2030-11-22 01:00:00;195.0618632778139;0.0;0.0;0.0;0.0;0.0;0.0;0.0
2030-11-22 02:00:00;194.9211741294016;0.0;0.0;0.0;0.0;0.0;0.0;0.0
2030-11-22 03:00:00;194.9234183494254;0.0;0.0;0.0;0.0;0.0;0.0;0.0
2030-11-22 04:00:00;194.9551556400592;0.0;0.0;0.0;0.0;0.0;0.0;0.0
2030-11-22 05:00:00;195.0759449210672;0.0;0.0;0.0;0.0;0.0;0.0;0.0
2030-11-22 06:00:00;195.0592472541742;0.0;0.0;0.0;0.0;0.0;0.0;0.0
2030-11-22 07:00:00;211.3035951005993;0.0;0.0;0.0;0.0;0.0;0.0;0.0
2030-11-22 08:00:00;211.2405358675148;0.0;0.0;0.0;0.0;0.0;0.0;0.0
2030-11-22 09:00:00;195.2467970565147;0.0;0.0;0.0;0.0;0.0;0.0;0.0
2030-11-22 10:00:00;195.4312451458073;0.0;0.0;0.0;0.0;0.0;0.0;0.0
2030-11-22 11:00:00;195.4876119138059;0.0;0.0;0.0;0.0;0.0;0.0;0.0
2030-11-22 12:00:00;195.1843541465413;0.0;0.0;0.0;0.0;0.0;0.0;0.0
2030-11-22 13:00:00;195.6950247381472;0.0;0.0;0.0;0.0;0.0;0.0;0.0
2030-11-22 14:00:00;195.8689819362245;0.0;0.0;0.0;0.0;0.0;0.0;0.0
2030-11-22 15:00:00;195.9286011484665;0.0;0.0;0.0;0.0;0.0;0.0;0.0
2030-11-22 16:00:00;195.8508071036146;0.0;0.0;0.0;0.0;0.0;0.0;0.0
2030-11-22 17:00:00;196.0022484106478;0.0;0.0;0.0;0.0;0.0;0.0;0.0
2030-11-22 18:00:00;195.940194052201;0.0;0.0;0.0;0.0;0.0;0.0;0.0
2030-11-22 19:00:00;195.7358594938325;0.0;0.0;0.0;0.0;0.0;0.0;0.0
2030-11-22 20:00:00;195.5977059790889;0.0;0.0;0.0;0.0;0.0;0.0;0.0
2030-11-22 21:00:00;195.3801104250877;0.0;0.0;0.0;0.0;0.0;0.0;0.0
2030-11-22 22:00:00;194.774415538179;0.0;0.0;0.0;0.0;0.0;0.0;0.0
2030-11-22 23:00:00;194.2745573976723;0.0;0.0;0.0;0.0;0.0;0.0;0.0
2030-11-23 00:00:00;194.0664344619206;0.0;0.0;0.0;0.0;0.0;0.0;0.0
2030-11-23 01:00:00;194.1772017932105;0.0;0.0;0.0;0.0;0.0;0.0;0.0
2030-11-23 02:00:00;193.9050013514084;0.0;0.0;0.0;0.0;0.0;0.0;0.0
2030-11-23 03:00:00;193.9488674789168;0.0;0.0;0.0;0.0;0.0;0.0;0.0
2030-11-23 04:00:00;193.9475376948132;0.0;0.0;0.0;0.0;0.0;0.0;0.0
2030-11-23 05:00:00;193.9192303762752;0.0;0.0;0.0;0.0;0.0;0.0;0.0
2030-11-23 06:00:00;193.9225531617433;0.0;0.0;0.0;0.0;0.0;0.0;0.0
2030-11-23 07:00:00;194.0583753673279;0.0;0.0;0.0;0.0;0.0;0.0;0.0
2030-11-23 08:00:00;194.2217847312937;0.0;0.0;0.0;0.0;0.0;0.0;0.0
2030-11-23 09:00:00;194.2612461583078;0.0;0.0;0.0;0.0;0.0;0.0;0.0
2030-11-23 10:00:00;194.2489665902377;0.0;0.0;0.0;0.0;0.0;0.0;0.0
2030-11-23 11:00:00;194.3509312197033;0.0;0.0;0.0;0.0;0.0;0.0;0.0
2030-11-23 12:00:00;194.3532424313696;0.0;0.0;0.0;0.0;0.0;0.0;0.0
2030-11-23 13:00:00;194.3750180647639;0.0;0.0;0.0;0.0;0.0;0.0;0.0
2030-11-23 14:00:00;194.5041846506663;0.0;0.0;0.0;0.0;0.0;0.0;0.0
2030-11-23 15:00:00;194.5062680907481;0.0;0.0;0.0;0.0;0.0;0.0;0.0
2030-11-23 16:00:00;194.4543361694828;0.0;0.0;0.0;0.0;0.0;0.0;0.0
2030-11-23 17:00:00;194.578270708106;0.0;0.0;0.0;0.0;0.0;0.0;0.0
2030-11-23 18:00:00;194.6222674693172;0.0;0.0;0.0;0.0;0.0;0.0;0.0
2030-11-23 19:00:00;194.5611275467904;0.0;0.0;0.0;0.0;0.0;0.0;0.0
2030-11-23 20:00:00;194.3752659338411;0.0;0.0;0.0;0.0;0.0;0.0;0.0
2030-11-23 21:00:00;194.359660230721;0.0;0.0;0.0;0.0;0.0;0.0;0.0
2030-11-23 22:00:00;194.3360423271579;0.0;0.0;0.0;0.0;0.0;0.0;0.0
2030-11-23 23:00:00;194.3841289281438;0.0;0.0;0.0;0.0;0.0;0.0;0.0
2030-11-24 00:00:00;194.2944304684197;0.0;0.0;0.0;0.0;0.0;0.0;0.0
2030-11-24 01:00:00;194.1322504010937;0.0;0.0;0.0;0.0;0.0;0.0;0.0
2030-11-24 02:00:00;194.068568145734;0.0;0.0;0.0;0.0;0.0;0.0;0.0
2030-11-24 03:00:00;194.0580370595333;0.0;0.0;0.0;0.0;0.0;0.0;0.0
2030-11-24 04:00:00;194.0433223452583;0.0;0.0;0.0;0.0;0.0;0.0;0.0
2030-11-24 05:00:00;194.0593232990692;0.0;0.0;0.0;0.0;0.0;0.0;0.0
2030-11-24 06:00:00;194.0644548588846;0.0;0.0;0.0;0.0;0.0;0.0;0.0
2030-11-24 07:00:00;194.1024324210174;0.0;0.0;0.0;0.0;0.0;0.0;0.0
2030-11-24 08:00:00;194.1271858329208;0.0;0.0;0.0;0.0;0.0;0.0;0.0
2030-11-24 09:00:00;194.1642556582976;0.0;0.0;0.0;0.0;0.0;0.0;0.0
2030-11-24 10:00:00;194.180270010437;0.0;0.0;0.0;0.0;0.0;0.0;0.0
2030-11-24 11:00:00;194.1363737366896;0.0;0.0;0.0;0.0;0.0;0.0;0.0
2030-11-24 12:00:00;194.1494605540517;0.0;0.0;0.0;0.0;0.0;0.0;0.0
2030-11-24 13:00:00;194.1127290364695;0.0;0.0;0.0;0.0;0.0;0.0;0.0
2030-11-24 14:00:00;194.1227844820086;0.0;0.0;0.0;0.0;0.0;0.0;0.0
2030-11-24 15:00:00;209.7180101092748;0.0;0.0;0.0;0.0;0.0;0.0;0.0
2030-11-24 16:00:00;209.875638094493;0.0;0.0;0.0;0.0;0.0;0.0;0.0
2030-11-24 17:00:00;209.9519415752994;0.0;0.0;0.0;0.0;0.0;0.0;0.0
2030-11-24 18:00:00;210.0596540876914;0.0;0.0;0.0;0.0;0.0;0.0;0.0
2030-11-24 19:00:00;210.0457466227086;0.0;0.0;0.0;0.0;0.0;0.0;0.0
2030-11-24 20:00:00;210.042701852557;0.0;0.0;0.0;0.0;0.0;0.0;0.0
2030-11-24 21:00:00;210.0895122627533;0.0;0.0;0.0;0.0;0.0;0.0;0.0
2030-11-24 22:00:00;209.9947525844384;0.0;0.0;0.0;0.0;0.0;0.0;0.0
2030-11-24 23:00:00;209.9787348827168;0.0;0.0;0.0;0.0;0.0;0.0;0.0
2030-11-25 00:00:00;209.8857337350176;0.0;0.0;0.0;0.0;0.0;0.0;0.0
2030-11-25 01:00:00;209.9143793613501;0.0;0.0;0.0;0.0;0.0;0.0;0.0
2030-11-25 02:00:00;209.8906375232485;0.0;0.0;0.0;0.0;0.0;0.0;0.0
2030-11-25 03:00:00;209.8387357482223;0.0;0.0;0.0;0.0;0.0;0.0;0.0
2030-11-25 04:00:00;209.8865644313845;0.0;0.0;0.0;0.0;0.0;0.0;0.0
2030-11-25 05:00:00;209.9995927306089;0.0;0.0;0.0;0.0;0.0;0.0;0.0
2030-11-25 06:00:00;210.3910215481488;0.0;0.0;0.0;0.0;0.0;0.0;0.0
2030-11-25 07:00:00;210.8102987914754;0.0;0.0;0.0;0.0;0.0;0.0;0.0
2030-11-25 08:00:00;211.0364692757165;0.0;0.0;0.0;0.0;0.0;0.0;0.0
2030-11-25 09:00:00;211.1811946705892;0.0;0.0;0.0;0.0;0.0;0.0;0.0
2030-11-25 10:00:00;211.1371041210784;0.0;0.0;0.0;0.0;0.0;0.0;0.0
2030-11-25 11:00:00;211.0947988988403;0.0;0.0;0.0;0.0;0.0;0.0;0.0
2030-11-25 12:00:00;210.9741000565498;0.0;0.0;0.0;0.0;0.0;0.0;0.0
2030-11-25 13:00:00;211.0207463372219;0.0;0.0;0.0;0.0;0.0;0.0;0.0
2030-11-25 14:00:00;211.0691310510169;0.0;0.0;0.0;0.0;0.0;0.0;0.0
2030-11-25 15:00:00;211.3563476694852;0.0;0.0;0.0;0.0;0.0;0.0;0.0
2030-11-25 16:00:00;211.3971455797671;0.0;0.0;0.0;0.0;0.0;0.0;0.0
2030-11-25 17:00:00;211.4383052449184;0.0;0.0;0.0;0.0;0.0;0.0;0.0
2030-11-25 18:00:00;211.4060621673837;0.0;0.0;0.0;0.0;0.0;0.0;0.0
2030-11-25 19:00:00;195.5370082014026;0.0;0.0;0.0;0.0;0.0;0.0;0.0
2030-11-25 20:00:00;195.5164183200805;0.0;0.0;0.0;0.0;0.0;0.0;0.0
2030-11-25 21:00:00;195.4193608284279;0.0;0.0;0.0;0.0;0.0;0.0;0.0
2030-11-25 22:00:00;195.3614465534875;0.0;0.0;0.0;0.0;0.0;0.0;0.0
2030-11-25 23:00:00;195.2556500020709;0.0;0.0;0.0;0.0;0.0;0.0;0.0
2030-11-26 00:00:00;195.2477215411811;0.0;0.0;0.0;0.0;0.0;0.0;0.0
2030-11-26 01:00:00;195.2649015478999;0.0;0.0;0.0;0.0;0.0;0.0;0.0
2030-11-26 02:00:00;195.125749857683;0.0;0.0;0.0;0.0;0.0;0.0;0.0
2030-11-26 03:00:00;194.9878777078379;0.0;0.0;0.0;0.0;0.0;0.0;0.0
2030-11-26 04:00:00;194.9943725475782;0.0;0.0;0.0;0.0;0.0;0.0;0.0
2030-11-26 05:00:00;194.9968043442009;0.0;0.0;0.0;0.0;0.0;0.0;0.0
2030-11-26 06:00:00;195.2203052114884;0.0;0.0;0.0;0.0;0.0;0.0;0.0
2030-11-26 07:00:00;195.2952889569376;0.0;0.0;0.0;0.0;0.0;0.0;0.0
2030-11-26 08:00:00;195.4324074508046;0.0;0.0;0.0;0.0;0.0;0.0;0.0
2030-11-26 09:00:00;195.4260331960208;0.0;0.0;0.0;0.0;0.0;0.0;0.0
2030-11-26 10:00:00;195.5620697748615;0.0;0.0;0.0;0.0;0.0;0.0;0.0
2030-11-26 11:00:00;195.5622841481175;0.0;0.0;0.0;0.0;0.0;0.0;0.0
2030-11-26 12:00:00;195.5454022542078;0.0;0.0;0.0;0.0;0.0;0.0;0.0
2030-11-26 13:00:00;195.5136683131559;0.0;0.0;0.0;0.0;0.0;0.0;0.0
2030-11-26 14:00:00;195.5620697748615;0.0;0.0;0.0;0.0;0.0;0.0;0.0
2030-11-26 15:00:00;195.6069340778431;0.0;0.0;0.0;0.0;0.0;0.0;0.0
2030-11-26 16:00:00;195.7143250303513;0.0;0.0;0.0;0.0;0.0;0.0;0.0
2030-11-26 17:00:00;195.8299492557225;0.0;0.0;0.0;0.0;0.0;0.0;0.0
2030-11-26 18:00:00;195.6999184776318;0.0;0.0;0.0;0.0;0.0;0.0;0.0
2030-11-26 19:00:00;195.5436872681598;0.0;0.0;0.0;0.0;0.0;0.0;0.0
2030-11-26 20:00:00;195.5506476998154;0.0;0.0;0.0;0.0;0.0;0.0;0.0
2030-11-26 21:00:00;195.3559029950707;0.0;0.0;0.0;0.0;0.0;0.0;0.0
2030-11-26 22:00:00;195.3808607314837;0.0;0.0;0.0;0.0;0.0;0.0;0.0
2030-11-26 23:00:00;195.2269440832601;0.0;0.0;0.0;0.0;0.0;0.0;0.0
2030-11-27 00:00:00;194.7414456013231;0.0;0.0;0.0;0.0;0.0;0.0;0.0
2030-11-27 01:00:00;194.2234092786243;0.0;0.0;0.0;0.0;0.0;0.0;0.0
2030-11-27 02:00:00;194.1120055267305;0.0;0.0;0.0;0.0;0.0;0.0;0.0
2030-11-27 03:00:00;193.9841419282747;0.0;0.0;0.0;0.0;0.0;0.0;0.0
2030-11-27 04:00:00;193.9747764966533;0.0;0.0;0.0;0.0;0.0;0.0;0.0
2030-11-27 05:00:00;193.9725557237045;0.0;0.0;0.0;0.0;0.0;0.0;0.0
2030-11-27 06:00:00;194.0875033334864;0.0;0.0;0.0;0.0;0.0;0.0;0.0
2030-11-27 07:00:00;210.3416721547018;0.0;0.0;0.0;0.0;0.0;0.0;0.0
2030-11-27 08:00:00;210.504823600844;0.0;0.0;0.0;0.0;0.0;0.0;0.0
2030-11-27 09:00:00;210.6849440300311;0.0;0.0;0.0;0.0;0.0;0.0;0.0
2030-11-27 10:00:00;210.820367635343;0.0;0.0;0.0;0.0;0.0;0.0;0.0
2030-11-27 11:00:00;210.8786537138993;0.0;0.0;0.0;0.0;0.0;0.0;0.0
2030-11-27 12:00:00;210.9827151817751;0.0;0.0;0.0;0.0;0.0;0.0;0.0
2030-11-27 13:00:00;211.2091268359292;0.0;0.0;0.0;0.0;0.0;0.0;0.0
2030-11-27 14:00:00;211.251154042851;0.0;0.0;0.0;0.0;0.0;0.0;0.0
2030-11-27 15:00:00;211.4198055028423;0.0;0.0;0.0;0.0;0.0;0.0;0.0
2030-11-27 16:00:00;211.1042145741936;0.0;0.0;0.0;0.0;0.0;0.0;0.0
2030-11-27 17:00:00;211.4529228213118;0.0;0.0;0.0;0.0;0.0;0.0;0.0
2030-11-27 18:00:00;211.318762008461;0.0;0.0;0.0;0.0;0.0;0.0;0.0
2030-11-27 19:00:00;211.1335167186226;0.0;0.0;0.0;0.0;0.0;0.0;0.0
2030-11-27 20:00:00;211.2521388199957;0.0;0.0;0.0;0.0;0.0;0.0;0.0
2030-11-27 21:00:00;210.5035708571292;0.0;0.0;0.0;0.0;0.0;0.0;0.0
2030-11-27 22:00:00;209.9765811014105;0.0;0.0;0.0;0.0;0.0;0.0;0.0
2030-11-27 23:00:00;209.6244160855394;0.0;0.0;0.0;0.0;0.0;0.0;0.0
2030-11-28 00:00:00;209.2072926235191;0.0;0.0;0.0;0.0;0.0;0.0;0.0
2030-11-28 01:00:00;208.9042056849428;0.0;0.0;0.0;0.0;0.0;0.0;0.0
2030-11-28 02:00:00;209.0723245613762;0.0;0.0;0.0;0.0;0.0;0.0;0.0
2030-11-28 03:00:00;208.7179153254814;0.0;0.0;0.0;0.0;0.0;0.0;0.0
2030-11-28 04:00:00;208.6770068789893;0.0;0.0;0.0;0.0;0.0;0.0;0.0
2030-11-28 05:00:00;209.008571964792;0.0;0.0;0.0;0.0;0.0;0.0;0.0
2030-11-28 06:00:00;209.2913369886162;0.0;0.0;0.0;0.0;0.0;0.0;0.0
2030-11-28 07:00:00;209.5389782942782;0.0;0.0;0.0;0.0;0.0;0.0;0.0
2030-11-28 08:00:00;210.2874792655022;0.0;0.0;0.0;0.0;0.0;0.0;0.0
2030-11-28 09:00:00;210.8016401216823;0.0;0.0;0.0;0.0;0.0;0.0;0.0
2030-11-28 10:00:00;211.1053366842055;0.0;0.0;0.0;0.0;0.0;0.0;0.0
2030-11-28 11:00:00;210.9421584414062;0.0;0.0;0.0;0.0;0.0;0.0;0.0
2030-11-28 12:00:00;211.1287569624231;0.0;0.0;0.0;0.0;0.0;0.0;0.0
2030-11-28 13:00:00;211.2731172528443;0.0;0.0;0.0;0.0;0.0;0.0;0.0
2030-11-28 14:00:00;211.2307751852028;0.0;0.0;0.0;0.0;0.0;0.0;0.0
2030-11-28 15:00:00;211.3192409987049;0.0;0.0;0.0;0.0;0.0;0.0;0.0
2030-11-28 16:00:00;211.2574077126783;0.0;0.0;0.0;0.0;0.0;0.0;0.0
2030-11-28 17:00:00;211.2394907978919;0.0;0.0;0.0;0.0;0.0;0.0;0.0
2030-11-28 18:00:00;211.298386500395;0.0;0.0;0.0;0.0;0.0;0.0;0.0
2030-11-28 19:00:00;211.2463607908302;0.0;0.0;0.0;0.0;0.0;0.0;0.0
2030-11-28 20:00:00;211.1831943711178;0.0;0.0;0.0;0.0;0.0;0.0;0.0
2030-11-28 21:00:00;210.8652989299671;0.0;0.0;0.0;0.0;0.0;0.0;0.0
2030-11-28 22:00:00;210.3622117922921;0.0;0.0;0.0;0.0;0.0;0.0;0.0
2030-11-28 23:00:00;210.029377214864;0.0;0.0;0.0;0.0;0.0;0.0;0.0
2030-11-29 00:00:00;209.9708164705735;0.0;0.0;0.0;0.0;0.0;0.0;0.0
2030-11-29 01:00:00;210.0295178973132;0.0;0.0;0.0;0.0;0.0;0.0;0.0
2030-11-29 02:00:00;210.0587932450853;0.0;0.0;0.0;0.0;0.0;0.0;0.0
2030-11-29 03:00:00;209.9837693046507;0.0;0.0;0.0;0.0;0.0;0.0;0.0
2030-11-29 04:00:00;210.0299968875571;0.0;0.0;0.0;0.0;0.0;0.0;0.0
2030-11-29 05:00:00;210.082481489873;0.0;0.0;0.0;0.0;0.0;0.0;0.0
2030-11-29 06:00:00;210.3992749185046;0.0;0.0;0.0;0.0;0.0;0.0;0.0
2030-11-29 07:00:00;210.6807938977783;0.0;0.0;0.0;0.0;0.0;0.0;0.0
2030-11-29 08:00:00;210.9853814491467;0.0;0.0;0.0;0.0;0.0;0.0;0.0
2030-11-29 09:00:00;210.9245831839966;0.0;0.0;0.0;0.0;0.0;0.0;0.0
2030-11-29 10:00:00;210.908347759437;0.0;0.0;0.0;0.0;0.0;0.0;0.0
2030-11-29 11:00:00;210.9061068889954;0.0;0.0;0.0;0.0;0.0;0.0;0.0
2030-11-29 12:00:00;211.2530465567516;0.0;0.0;0.0;0.0;0.0;0.0;0.0
2030-11-29 13:00:00;211.4348953703152;0.0;0.0;0.0;0.0;0.0;0.0;0.0
2030-11-29 14:00:00;211.4680964283378;0.0;0.0;0.0;0.0;0.0;0.0;0.0
2030-11-29 15:00:00;211.4823522498615;0.0;0.0;0.0;0.0;0.0;0.0;0.0
2030-11-29 16:00:00;211.7155401086544;0.0;0.0;0.0;0.0;0.0;0.0;0.0
2030-11-29 17:00:00;211.878514026944;0.0;0.0;0.0;0.0;0.0;0.0;0.0
2030-11-29 18:00:00;204.6713488023869;0.0;0.0;0.0;0.0;0.0;0.0;0.0
2030-11-29 19:00:00;203.4512400662981;0.0;0.0;0.0;0.0;0.0;0.0;0.0
2030-11-29 20:00:00;211.6397658618237;0.0;0.0;0.0;0.0;0.0;0.0;0.0
2030-11-29 21:00:00;211.3802067429612;0.0;0.0;0.0;0.0;0.0;0.0;0.0
2030-11-29 22:00:00;195.2728802525216;0.0;0.0;0.0;0.0;0.0;0.0;0.0
2030-11-29 23:00:00;210.8110189516322;0.0;0.0;0.0;0.0;0.0;0.0;0.0
2030-11-30 00:00:00;210.4736892349925;0.0;0.0;0.0;0.0;0.0;0.0;0.0
2030-11-30 01:00:00;210.4425314220663;0.0;0.0;0.0;0.0;0.0;0.0;0.0
2030-11-30 02:00:00;210.40655021088;0.0;0.0;0.0;0.0;0.0;0.0;0.0
2030-11-30 03:00:00;210.3113215910676;0.0;0.0;0.0;0.0;0.0;0.0;0.0
2030-11-30 04:00:00;210.1804735149385;0.0;0.0;0.0;0.0;0.0;0.0;0.0
2030-11-30 05:00:00;209.8984587975102;0.0;0.0;0.0;0.0;0.0;0.0;0.0
2030-11-30 06:00:00;209.9900464215528;0.0;0.0;0.0;0.0;0.0;0.0;0.0
2030-11-30 07:00:00;210.3748832614707;0.0;0.0;0.0;0.0;0.0;0.0;0.0
2030-11-30 08:00:00;210.6609107782846;0.0;0.0;0.0;0.0;0.0;0.0;0.0
2030-11-30 09:00:00;203.974749606189;0.0;0.0;0.0;0.0;0.0;0.0;0.0
2030-11-30 10:00:00;194.800659514128;0.0;0.0;0.0;0.0;0.0;0.0;0.0
2030-11-30 11:00:00;194.8254363731063;0.0;0.0;0.0;0.0;0.0;0.0;0.0
2030-11-30 12:00:00;210.5978481956181;0.0;0.0;0.0;0.0;0.0;0.0;0.0
2030-11-30 13:00:00;210.5518617826247;0.0;0.0;0.0;0.0;0.0;0.0;0.0
2030-11-30 14:00:00;210.5318078344426;0.0;0.0;0.0;0.0;0.0;0.0;0.0
2030-11-30 15:00:00;210.5639671724242;0.0;0.0;0.0;0.0;0.0;0.0;0.0
2030-11-30 16:00:00;210.5451592687927;0.0;0.0;0.0;0.0;0.0;0.0;0.0
2030-11-30 17:00:00;210.5187478137374;0.0;0.0;0.0;0.0;0.0;0.0;0.0
2030-11-30 18:00:00;210.5766855357527;0.0;0.0;0.0;0.0;0.0;0.0;0.0
2030-11-30 19:00:00;210.6382274081344;0.0;0.0;0.0;0.0;0.0;0.0;0.0
2030-11-30 20:00:00;210.638619309243;0.0;0.0;0.0;0.0;0.0;0.0;0.0
2030-11-30 21:00:00;210.7337675390845;0.0;0.0;0.0;0.0;0.0;0.0;0.0
2030-11-30 22:00:00;210.7284551018343;0.0;0.0;0.0;0.0;0.0;0.0;0.0
2030-11-30 23:00:00;210.6555614956311;0.0;0.0;0.0;0.0;0.0;0.0;0.0
2030-12-01 00:00:00;210.6445514191863;0.0;0.0;0.0;0.0;0.0;0.0;0.0
2030-12-01 01:00:00;210.3531746197189;0.0;0.0;0.0;0.0;0.0;0.0;0.0
2030-12-01 02:00:00;210.1572776587232;0.0;0.0;0.0;0.0;0.0;0.0;0.0
2030-12-01 03:00:00;210.0794769147069;0.0;0.0;0.0;0.0;0.0;0.0;0.0
2030-12-01 04:00:00;209.9373775922201;0.0;0.0;0.0;0.0;0.0;0.0;0.0
2030-12-01 05:00:00;209.9479991171383;0.0;0.0;0.0;0.0;0.0;0.0;0.0
2030-12-01 06:00:00;210.0689927226558;0.0;0.0;0.0;0.0;0.0;0.0;0.0
2030-12-01 07:00:00;210.2913815286777;0.0;0.0;0.0;0.0;0.0;0.0;0.0
2030-12-01 08:00:00;210.4568140402471;0.0;0.0;0.0;0.0;0.0;0.0;0.0
2030-12-01 09:00:00;210.6752771360185;0.0;0.0;0.0;0.0;0.0;0.0;0.0
2030-12-01 10:00:00;210.8542319106263;0.0;0.0;0.0;0.0;0.0;0.0;0.0
2030-12-01 11:00:00;211.0608508840039;0.0;0.0;0.0;0.0;0.0;0.0;0.0
2030-12-01 12:00:00;211.1135096645904;0.0;0.0;0.0;0.0;0.0;0.0;0.0
2030-12-01 13:00:00;211.065972395073;0.0;0.0;0.0;0.0;0.0;0.0;0.0
2030-12-01 14:00:00;211.1014612176869;0.0;0.0;0.0;0.0;0.0;0.0;0.0
2030-12-01 15:00:00;211.1526227350634;0.0;0.0;0.0;0.0;0.0;0.0;0.0
2030-12-01 16:00:00;211.1658368365463;0.0;0.0;0.0;0.0;0.0;0.0;0.0
2030-12-01 17:00:00;211.2086009515356;0.0;0.0;0.0;0.0;0.0;0.0;0.0
2030-12-01 18:00:00;211.2604960273975;0.0;0.0;0.0;0.0;0.0;0.0;0.0
2030-12-01 19:00:00;211.2040689669205;0.0;0.0;0.0;0.0;0.0;0.0;0.0
2030-12-01 20:00:00;211.2169883051765;0.0;0.0;0.0;0.0;0.0;0.0;0.0
2030-12-01 21:00:00;211.2638422599403;0.0;0.0;0.0;0.0;0.0;0.0;0.0
2030-12-01 22:00:00;211.081869511838;0.0;0.0;0.0;0.0;0.0;0.0;0.0
2030-12-01 23:00:00;210.8859256566926;0.0;0.0;0.0;0.0;0.0;0.0;0.0
2030-12-02 00:00:00;210.7465562436375;0.0;0.0;0.0;0.0;0.0;0.0;0.0
2030-12-02 01:00:00;210.4630308646709;0.0;0.0;0.0;0.0;0.0;0.0;0.0
2030-12-02 02:00:00;210.5551644705998;0.0;0.0;0.0;0.0;0.0;0.0;0.0
2030-12-02 03:00:00;210.3632702602435;0.0;0.0;0.0;0.0;0.0;0.0;0.0
2030-12-02 04:00:00;210.269512106984;0.0;0.0;0.0;0.0;0.0;0.0;0.0
2030-12-02 05:00:00;210.5163863583393;0.0;0.0;0.0;0.0;0.0;0.0;0.0
2030-12-02 06:00:00;210.8690337140364;0.0;0.0;0.0;0.0;0.0;0.0;0.0
2030-12-02 07:00:00;211.2399530402251;0.0;0.0;0.0;0.0;0.0;0.0;0.0
2030-12-02 08:00:00;211.3017360825199;0.0;0.0;0.0;0.0;0.0;0.0;0.0
2030-12-02 09:00:00;211.0988518932115;0.0;0.0;0.0;0.0;0.0;0.0;0.0
2030-12-02 10:00:00;210.9825276051762;0.0;0.0;0.0;0.0;0.0;0.0;0.0
2030-12-02 11:00:00;210.9542604816237;0.0;0.0;0.0;0.0;0.0;0.0;0.0
2030-12-02 12:00:00;211.1407786126695;0.0;0.0;0.0;0.0;0.0;0.0;0.0
2030-12-02 13:00:00;211.2516464314235;0.0;0.0;0.0;0.0;0.0;0.0;0.0
2030-12-02 14:00:00;211.0464677783594;0.0;0.0;0.0;0.0;0.0;0.0;0.0
2030-12-02 15:00:00;210.9892669644116;0.0;0.0;0.0;0.0;0.0;0.0;0.0
2030-12-02 16:00:00;211.1535036751623;0.0;0.0;0.0;0.0;0.0;0.0;0.0
2030-12-02 17:00:00;211.0996356954288;0.0;0.0;0.0;0.0;0.0;0.0;0.0
2030-12-02 18:00:00;211.5122171240877;0.0;0.0;0.0;0.0;0.0;0.0;0.0
2030-12-02 19:00:00;211.2618258115011;0.0;0.0;0.0;0.0;0.0;0.0;0.0
2030-12-02 20:00:00;211.0646057655661;0.0;0.0;0.0;0.0;0.0;0.0;0.0
2030-12-02 21:00:00;211.0749325272572;0.0;0.0;0.0;0.0;0.0;0.0;0.0
2030-12-02 22:00:00;211.1737117041221;0.0;0.0;0.0;0.0;0.0;0.0;0.0
2030-12-02 23:00:00;211.3967134836729;0.0;0.0;0.0;0.0;0.0;0.0;0.0
2030-12-03 00:00:00;195.5706815505047;0.0;0.0;0.0;0.0;0.0;0.0;0.0
2030-12-03 01:00:00;195.6374052264338;0.0;0.0;0.0;0.0;0.0;0.0;0.0
2030-12-03 02:00:00;195.5777558679527;0.0;0.0;0.0;0.0;0.0;0.0;0.0
2030-12-03 03:00:00;195.3786031131315;0.0;0.0;0.0;0.0;0.0;0.0;0.0
2030-12-03 04:00:00;195.4944886059085;0.0;0.0;0.0;0.0;0.0;0.0;0.0
2030-12-03 05:00:00;211.3865106565203;0.0;0.0;0.0;0.0;0.0;0.0;0.0
2030-12-03 06:00:00;211.6635545940752;0.0;0.0;0.0;0.0;0.0;0.0;0.0
2030-12-03 07:00:00;211.5230630710082;0.0;0.0;0.0;0.0;0.0;0.0;0.0
2030-12-03 08:00:00;211.2204819193328;0.0;0.0;0.0;0.0;0.0;0.0;0.0
2030-12-03 09:00:00;211.2016807148654;0.0;0.0;0.0;0.0;0.0;0.0;0.0
2030-12-03 10:00:00;211.1909687512299;0.0;0.0;0.0;0.0;0.0;0.0;0.0
2030-12-03 11:00:00;195.2059656504114;0.0;0.0;0.0;0.0;0.0;0.0;0.0
2030-12-03 12:00:00;195.1035890223444;0.0;0.0;0.0;0.0;0.0;0.0;0.0
2030-12-03 13:00:00;210.9650092906627;0.0;0.0;0.0;0.0;0.0;0.0;0.0
2030-12-03 14:00:00;211.2397420165513;0.0;0.0;0.0;0.0;0.0;0.0;0.0
2030-12-03 15:00:00;211.275629439438;0.0;0.0;0.0;0.0;0.0;0.0;0.0
2030-12-03 16:00:00;211.1433008480096;0.0;0.0;0.0;0.0;0.0;0.0;0.0
2030-12-03 17:00:00;211.1251025683248;0.0;0.0;0.0;0.0;0.0;0.0;0.0
2030-12-03 18:00:00;211.0034524447107;0.0;0.0;0.0;0.0;0.0;0.0;0.0
2030-12-03 19:00:00;210.8077095644928;0.0;0.0;0.0;0.0;0.0;0.0;0.0
2030-12-03 20:00:00;210.847201137746;0.0;0.0;0.0;0.0;0.0;0.0;0.0
2030-12-03 21:00:00;210.8419556921383;0.0;0.0;0.0;0.0;0.0;0.0;0.0
2030-12-03 22:00:00;210.750589140516;0.0;0.0;0.0;0.0;0.0;0.0;0.0
2030-12-03 23:00:00;210.8766272167136;0.0;0.0;0.0;0.0;0.0;0.0;0.0
2030-12-04 00:00:00;210.7966894393017;0.0;0.0;0.0;0.0;0.0;0.0;0.0
2030-12-04 01:00:00;210.6282456534021;0.0;0.0;0.0;0.0;0.0;0.0;0.0
2030-12-04 02:00:00;210.4665345275737;0.0;0.0;0.0;0.0;0.0;0.0;0.0
2030-12-04 03:00:00;210.4928354464188;0.0;0.0;0.0;0.0;0.0;0.0;0.0
2030-12-04 04:00:00;194.8766715812895;0.0;0.0;0.0;0.0;0.0;0.0;0.0
2030-12-04 05:00:00;200.6663371951344;0.0;0.0;0.0;0.0;0.0;0.0;0.0
2030-12-04 06:00:00;211.0440259329903;0.0;0.0;0.0;0.0;0.0;0.0;0.0
2030-12-04 07:00:00;210.8602343617941;0.0;0.0;0.0;0.0;0.0;0.0;0.0
2030-12-04 08:00:00;210.9785918461794;0.0;0.0;0.0;0.0;0.0;0.0;0.0
2030-12-04 09:00:00;195.2246194732653;0.0;0.0;0.0;0.0;0.0;0.0;0.0
2030-12-04 10:00:00;195.096769273138;0.0;0.0;0.0;0.0;0.0;0.0;0.0
2030-12-04 11:00:00;195.0525949840741;0.0;0.0;0.0;0.0;0.0;0.0;0.0
2030-12-04 12:00:00;195.0492152557101;0.0;0.0;0.0;0.0;0.0;0.0;0.0
2030-12-04 13:00:00;195.0507862097266;0.0;0.0;0.0;0.0;0.0;0.0;0.0
2030-12-04 14:00:00;194.9451671861626;0.0;0.0;0.0;0.0;0.0;0.0;0.0
2030-12-04 15:00:00;195.1504932208402;0.0;0.0;0.0;0.0;0.0;0.0;0.0
2030-12-04 16:00:00;195.4269107865376;0.0;0.0;0.0;0.0;0.0;0.0;0.0
2030-12-04 17:00:00;195.4534964198633;0.0;0.0;0.0;0.0;0.0;0.0;0.0
2030-12-04 18:00:00;195.6368826916222;0.0;0.0;0.0;0.0;0.0;0.0;0.0
2030-12-04 19:00:00;195.3555311914548;0.0;0.0;0.0;0.0;0.0;0.0;0.0
2030-12-04 20:00:00;195.3028590125399;0.0;0.0;0.0;0.0;0.0;0.0;0.0
2030-12-04 21:00:00;195.2108459915675;0.0;0.0;0.0;0.0;0.0;0.0;0.0
2030-12-04 22:00:00;195.097037239708;0.0;0.0;0.0;0.0;0.0;0.0;0.0
2030-12-04 23:00:00;195.0410757711464;0.0;0.0;0.0;0.0;0.0;0.0;0.0
2030-12-05 00:00:00;194.8996229180096;0.0;0.0;0.0;0.0;0.0;0.0;0.0
2030-12-05 01:00:00;195.0511948587459;0.0;0.0;0.0;0.0;0.0;0.0;0.0
2030-12-05 02:00:00;195.0090336685392;0.0;0.0;0.0;0.0;0.0;0.0;0.0
2030-12-05 03:00:00;194.9253812045506;0.0;0.0;0.0;0.0;0.0;0.0;0.0
2030-12-05 04:00:00;195.079907476721;0.0;0.0;0.0;0.0;0.0;0.0;0.0
2030-12-05 05:00:00;195.185767670198;0.0;0.0;0.0;0.0;0.0;0.0;0.0
2030-12-05 06:00:00;195.505786746416;0.0;0.0;0.0;0.0;0.0;0.0;0.0
2030-12-05 07:00:00;195.4450554729084;0.0;0.0;0.0;0.0;0.0;0.0;0.0
2030-12-05 08:00:00;195.5743158471104;0.0;0.0;0.0;0.0;0.0;0.0;0.0
2030-12-05 09:00:00;195.5213857503719;0.0;0.0;0.0;0.0;0.0;0.0;0.0
2030-12-05 10:00:00;195.4902078399527;0.0;0.0;0.0;0.0;0.0;0.0;0.0
2030-12-05 11:00:00;195.4447573600993;0.0;0.0;0.0;0.0;0.0;0.0;0.0
2030-12-05 12:00:00;195.2472793963406;0.0;0.0;0.0;0.0;0.0;0.0;0.0
2030-12-05 13:00:00;195.2452328016623;0.0;0.0;0.0;0.0;0.0;0.0;0.0
2030-12-05 14:00:00;195.3028623621221;0.0;0.0;0.0;0.0;0.0;0.0;0.0
2030-12-05 15:00:00;195.4557372903049;0.0;0.0;0.0;0.0;0.0;0.0;0.0
2030-12-05 16:00:00;210.9686871318359;0.0;0.0;0.0;0.0;0.0;0.0;0.0
2030-12-05 17:00:00;210.7998145994243;0.0;0.0;0.0;0.0;0.0;0.0;0.0
2030-12-05 18:00:00;194.9555810369891;0.0;0.0;0.0;0.0;0.0;0.0;0.0
2030-12-05 19:00:00;210.8343186448935;0.0;0.0;0.0;0.0;0.0;0.0;0.0
2030-12-05 20:00:00;210.2584517868073;0.0;0.0;0.0;0.0;0.0;0.0;0.0
2030-12-05 21:00:00;209.8495548984859;0.0;0.0;0.0;0.0;0.0;0.0;0.0
2030-12-05 22:00:00;209.5657046100532;0.0;0.0;0.0;0.0;0.0;0.0;0.0
2030-12-05 23:00:00;209.4607052591824;0.0;0.0;0.0;0.0;0.0;0.0;0.0
2030-12-06 00:00:00;209.0181015259375;0.0;0.0;0.0;0.0;0.0;0.0;0.0
2030-12-06 01:00:00;209.4518355657154;0.0;0.0;0.0;0.0;0.0;0.0;0.0
2030-12-06 02:00:00;208.909601861746;0.0;0.0;0.0;0.0;0.0;0.0;0.0
2030-12-06 03:00:00;208.8299287013219;0.0;0.0;0.0;0.0;0.0;0.0;0.0
2030-12-06 04:00:00;208.4784503497864;0.0;0.0;0.0;0.0;0.0;0.0;0.0
2030-12-06 05:00:00;208.4971544163721;0.0;0.0;0.0;0.0;0.0;0.0;0.0
2030-12-06 06:00:00;208.8598974125938;0.0;0.0;0.0;0.0;0.0;0.0;0.0
2030-12-06 07:00:00;209.4644065474304;0.0;0.0;0.0;0.0;0.0;0.0;0.0
2030-12-06 08:00:00;210.0840758909644;0.0;0.0;0.0;0.0;0.0;0.0;0.0
2030-12-06 09:00:00;210.12341338344;0.0;0.0;0.0;0.0;0.0;0.0;0.0
2030-12-06 10:00:00;210.0832652920902;0.0;0.0;0.0;0.0;0.0;0.0;0.0
2030-12-06 11:00:00;209.9963972292617;0.0;0.0;0.0;0.0;0.0;0.0;0.0
2030-12-06 12:00:00;194.3593152237621;0.0;0.0;0.0;0.0;0.0;0.0;0.0
2030-12-06 13:00:00;194.7054911867938;0.0;0.0;0.0;0.0;0.0;0.0;0.0
2030-12-06 14:00:00;194.6645827403017;0.0;0.0;0.0;0.0;0.0;0.0;0.0
2030-12-06 15:00:00;194.670890003443;0.0;0.0;0.0;0.0;0.0;0.0;0.0
2030-12-06 16:00:00;194.6531506165093;0.0;0.0;0.0;0.0;0.0;0.0;0.0
2030-12-06 17:00:00;194.5665907152363;0.0;0.0;0.0;0.0;0.0;0.0;0.0
2030-12-06 18:00:00;194.4722832305083;0.0;0.0;0.0;0.0;0.0;0.0;0.0
2030-12-06 19:00:00;210.3723040832345;0.0;0.0;0.0;0.0;0.0;0.0;0.0
2030-12-06 20:00:00;209.9985275634932;0.0;0.0;0.0;0.0;0.0;0.0;0.0
2030-12-06 21:00:00;209.7193968362745;0.0;0.0;0.0;0.0;0.0;0.0;0.0
2030-12-06 22:00:00;209.3780107756814;0.0;0.0;0.0;0.0;0.0;0.0;0.0
2030-12-06 23:00:00;205.7756758827445;0.0;0.0;0.0;0.0;0.0;0.0;0.0
2030-12-07 00:00:00;201.1126187695525;0.0;0.0;0.0;0.0;0.0;0.0;0.0
2030-12-07 01:00:00;202.2630963924277;0.0;0.0;0.0;0.0;0.0;0.0;0.0
2030-12-07 02:00:00;208.7281683963659;0.0;0.0;0.0;0.0;0.0;0.0;0.0
2030-12-07 03:00:00;208.384936716022;0.0;0.0;0.0;0.0;0.0;0.0;0.0
2030-12-07 04:00:00;208.3122608326569;0.0;0.0;0.0;0.0;0.0;0.0;0.0
2030-12-07 05:00:00;208.288137142193;0.0;0.0;0.0;0.0;0.0;0.0;0.0
2030-12-07 06:00:00;208.5216030163022;0.0;0.0;0.0;0.0;0.0;0.0;0.0
2030-12-07 07:00:00;209.2844636460958;0.0;0.0;0.0;0.0;0.0;0.0;0.0
2030-12-07 08:00:00;209.3821073146203;0.0;0.0;0.0;0.0;0.0;0.0;0.0
2030-12-07 09:00:00;209.4869793813705;0.0;0.0;0.0;0.0;0.0;0.0;0.0
2030-12-07 10:00:00;209.405259626268;0.0;0.0;0.0;0.0;0.0;0.0;0.0
2030-12-07 11:00:00;194.1490519050325;0.0;0.0;0.0;0.0;0.0;0.0;0.0
2030-12-07 12:00:00;194.2284202534832;0.0;0.0;0.0;0.0;0.0;0.0;0.0
2030-12-07 13:00:00;194.2334915208205;0.0;0.0;0.0;0.0;0.0;0.0;0.0
2030-12-07 14:00:00;194.2157554834688;0.0;0.0;0.0;0.0;0.0;0.0;0.0
2030-12-07 15:00:00;194.1881314796843;0.0;0.0;0.0;0.0;0.0;0.0;0.0
2030-12-07 16:00:00;194.2106172244891;0.0;0.0;0.0;0.0;0.0;0.0;0.0
2030-12-07 17:00:00;196.5236644617107;0.0;0.0;0.0;0.0;0.0;0.0;0.0
2030-12-07 18:00:00;194.1891798988894;0.0;0.0;0.0;0.0;0.0;0.0;0.0
2030-12-07 19:00:00;194.1804207416327;0.0;0.0;0.0;0.0;0.0;0.0;0.0
2030-12-07 20:00:00;194.1404669260462;0.0;0.0;0.0;0.0;0.0;0.0;0.0
2030-12-07 21:00:00;194.0569785915818;0.0;0.0;0.0;0.0;0.0;0.0;0.0
2030-12-07 22:00:00;193.9480166850571;0.0;0.0;0.0;0.0;0.0;0.0;0.0
2030-12-07 23:00:00;193.8510864775252;0.0;0.0;0.0;0.0;0.0;0.0;0.0
2030-12-08 00:00:00;193.6050127762978;0.0;0.0;0.0;0.0;0.0;0.0;0.0
2030-12-08 01:00:00;193.5128959182794;0.0;0.0;0.0;0.0;0.0;0.0;0.0
2030-12-08 02:00:00;193.4003365605525;0.0;0.0;0.0;0.0;0.0;0.0;0.0
2030-12-08 03:00:00;193.3945216859836;0.0;0.0;0.0;0.0;0.0;0.0;0.0
2030-12-08 04:00:00;193.3816056973097;0.0;0.0;0.0;0.0;0.0;0.0;0.0
2030-12-08 05:00:00;193.3587849942925;0.0;0.0;0.0;0.0;0.0;0.0;0.0
2030-12-08 06:00:00;193.3635213034171;0.0;0.0;0.0;0.0;0.0;0.0;0.0
2030-12-08 07:00:00;193.3843691025629;0.0;0.0;0.0;0.0;0.0;0.0;0.0
2030-12-08 08:00:00;193.4243999585381;0.0;0.0;0.0;0.0;0.0;0.0;0.0
2030-12-08 09:00:00;193.5172235783849;0.0;0.0;0.0;0.0;0.0;0.0;0.0
2030-12-08 10:00:00;193.6335679639129;0.0;0.0;0.0;0.0;0.0;0.0;0.0
2030-12-08 11:00:00;193.6620025665717;0.0;0.0;0.0;0.0;0.0;0.0;0.0
2030-12-08 12:00:00;193.6812191192226;0.0;0.0;0.0;0.0;0.0;0.0;0.0
2030-12-08 13:00:00;193.6752367655474;0.0;0.0;0.0;0.0;0.0;0.0;0.0
2030-12-08 14:00:00;193.6208127551811;0.0;0.0;0.0;0.0;0.0;0.0;0.0
2030-12-08 15:00:00;208.567277918158;0.0;0.0;0.0;0.0;0.0;0.0;0.0
2030-12-08 16:00:00;208.7054247337374;0.0;0.0;0.0;0.0;0.0;0.0;0.0
2030-12-08 17:00:00;208.7281683963659;0.0;0.0;0.0;0.0;0.0;0.0;0.0
2030-12-08 18:00:00;208.9239481219872;0.0;0.0;0.0;0.0;0.0;0.0;0.0
2030-12-08 19:00:00;208.9362410883858;0.0;0.0;0.0;0.0;0.0;0.0;0.0
2030-12-08 20:00:00;208.9090022865456;0.0;0.0;0.0;0.0;0.0;0.0;0.0
2030-12-08 21:00:00;208.6723007161038;0.0;0.0;0.0;0.0;0.0;0.0;0.0
2030-12-08 22:00:00;208.4418695633998;0.0;0.0;0.0;0.0;0.0;0.0;0.0
2030-12-08 23:00:00;208.4137632197893;0.0;0.0;0.0;0.0;0.0;0.0;0.0
2030-12-09 00:00:00;208.2743770588237;0.0;0.0;0.0;0.0;0.0;0.0;0.0
2030-12-09 01:00:00;208.5208694578167;0.0;0.0;0.0;0.0;0.0;0.0;0.0
2030-12-09 02:00:00;208.5074007880923;0.0;0.0;0.0;0.0;0.0;0.0;0.0
2030-12-09 03:00:00;208.5866217549296;0.0;0.0;0.0;0.0;0.0;0.0;0.0
2030-12-09 04:00:00;208.4046188605882;0.0;0.0;0.0;0.0;0.0;0.0;0.0
2030-12-09 05:00:00;208.5186721319429;0.0;0.0;0.0;0.0;0.0;0.0;0.0
2030-12-09 06:00:00;208.8463717999733;0.0;0.0;0.0;0.0;0.0;0.0;0.0
2030-12-09 07:00:00;209.3385024545177;0.0;0.0;0.0;0.0;0.0;0.0;0.0
2030-12-09 08:00:00;210.0695554524528;0.0;0.0;0.0;0.0;0.0;0.0;0.0
2030-12-09 09:00:00;210.4920348962909;0.0;0.0;0.0;0.0;0.0;0.0;0.0
2030-12-09 10:00:00;210.4923531065928;0.0;0.0;0.0;0.0;0.0;0.0;0.0
2030-12-09 11:00:00;210.4620192908692;0.0;0.0;0.0;0.0;0.0;0.0;0.0
2030-12-09 12:00:00;210.6395739401486;0.0;0.0;0.0;0.0;0.0;0.0;0.0
2030-12-09 13:00:00;198.2482571112207;0.0;0.0;0.0;0.0;0.0;0.0;0.0
2030-12-09 14:00:00;195.8054973062103;0.0;0.0;0.0;0.0;0.0;0.0;0.0
2030-12-09 15:00:00;211.1669991415436;0.0;0.0;0.0;0.0;0.0;0.0;0.0
2030-12-09 16:00:00;211.2387806864814;0.0;0.0;0.0;0.0;0.0;0.0;0.0
2030-12-09 17:00:00;211.2732110411438;0.0;0.0;0.0;0.0;0.0;0.0;0.0
2030-12-09 18:00:00;211.2576756792483;0.0;0.0;0.0;0.0;0.0;0.0;0.0
2030-12-09 19:00:00;210.7470787784491;0.0;0.0;0.0;0.0;0.0;0.0;0.0
2030-12-09 20:00:00;210.7470084372244;0.0;0.0;0.0;0.0;0.0;0.0;0.0
2030-12-09 21:00:00;194.7701883655373;0.0;0.0;0.0;0.0;0.0;0.0;0.0
2030-12-09 22:00:00;194.5246003537179;0.0;0.0;0.0;0.0;0.0;0.0;0.0
2030-12-09 23:00:00;194.2922331425456;0.0;0.0;0.0;0.0;0.0;0.0;0.0
2030-12-10 00:00:00;194.1820385897989;0.0;0.0;0.0;0.0;0.0;0.0;0.0
2030-12-10 01:00:00;194.1990444182474;0.0;0.0;0.0;0.0;0.0;0.0;0.0
2030-12-10 02:00:00;194.2795583237849;0.0;0.0;0.0;0.0;0.0;0.0;0.0
2030-12-10 03:00:00;194.2518840762685;0.0;0.0;0.0;0.0;0.0;0.0;0.0
2030-12-10 04:00:00;194.353764966181;0.0;0.0;0.0;0.0;0.0;0.0;0.0
2030-12-10 05:00:00;194.4262264762901;0.0;0.0;0.0;0.0;0.0;0.0;0.0
2030-12-10 06:00:00;194.771333922624;0.0;0.0;0.0;0.0;0.0;0.0;0.0
2030-12-10 07:00:00;194.9149238091564;0.0;0.0;0.0;0.0;0.0;0.0;0.0
2030-12-10 08:00:00;195.1595605396523;0.0;0.0;0.0;0.0;0.0;0.0;0.0
2030-12-10 09:00:00;195.2555830104284;0.0;0.0;0.0;0.0;0.0;0.0;0.0
2030-12-10 10:00:00;195.3673686146844;0.0;0.0;0.0;0.0;0.0;0.0;0.0
2030-12-10 11:00:00;195.4272926388998;0.0;0.0;0.0;0.0;0.0;0.0;0.0
2030-12-10 12:00:00;195.3700147845632;0.0;0.0;0.0;0.0;0.0;0.0;0.0
2030-12-10 13:00:00;195.4556133557662;0.0;0.0;0.0;0.0;0.0;0.0;0.0
2030-12-10 14:00:00;195.524447268434;0.0;0.0;0.0;0.0;0.0;0.0;0.0
2030-12-10 15:00:00;195.6339618560094;0.0;0.0;0.0;0.0;0.0;0.0;0.0
2030-12-10 16:00:00;195.5895631449431;0.0;0.0;0.0;0.0;0.0;0.0;0.0
2030-12-10 17:00:00;195.5768782774359;0.0;0.0;0.0;0.0;0.0;0.0;0.0
2030-12-10 18:00:00;195.8805178970629;0.0;0.0;0.0;0.0;0.0;0.0;0.0
2030-12-10 19:00:00;195.1901824194387;0.0;0.0;0.0;0.0;0.0;0.0;0.0
2030-12-10 20:00:00;195.0625700396422;0.0;0.0;0.0;0.0;0.0;0.0;0.0
2030-12-10 21:00:00;194.7256154762005;0.0;0.0;0.0;0.0;0.0;0.0;0.0
2030-12-10 22:00:00;194.5239404860393;0.0;0.0;0.0;0.0;0.0;0.0;0.0
2030-12-10 23:00:00;194.2154439723312;0.0;0.0;0.0;0.0;0.0;0.0;0.0
2030-12-11 00:00:00;194.0222132787069;0.0;0.0;0.0;0.0;0.0;0.0;0.0
2030-12-11 01:00:00;193.9277986073509;0.0;0.0;0.0;0.0;0.0;0.0;0.0
2030-12-11 02:00:00;193.7613176765765;0.0;0.0;0.0;0.0;0.0;0.0;0.0
2030-12-11 03:00:00;193.7873774255086;0.0;0.0;0.0;0.0;0.0;0.0;0.0
2030-12-11 04:00:00;193.8760710105952;0.0;0.0;0.0;0.0;0.0;0.0;0.0
2030-12-11 05:00:00;193.9096572705621;0.0;0.0;0.0;0.0;0.0;0.0;0.0
2030-12-11 06:00:00;194.1312086810528;0.0;0.0;0.0;0.0;0.0;0.0;0.0
2030-12-11 07:00:00;194.5918398652942;0.0;0.0;0.0;0.0;0.0;0.0;0.0
2030-12-11 08:00:00;194.8032755377675;0.0;0.0;0.0;0.0;0.0;0.0;0.0
2030-12-11 09:00:00;194.9880619348548;0.0;0.0;0.0;0.0;0.0;0.0;0.0
2030-12-11 10:00:00;195.1180826641991;0.0;0.0;0.0;0.0;0.0;0.0;0.0
2030-12-11 11:00:00;195.2880739570404;0.0;0.0;0.0;0.0;0.0;0.0;0.0
2030-12-11 12:00:00;195.3845050768357;0.0;0.0;0.0;0.0;0.0;0.0;0.0
2030-12-11 13:00:00;195.468552791515;0.0;0.0;0.0;0.0;0.0;0.0;0.0
2030-12-11 14:00:00;195.4515905076342;0.0;0.0;0.0;0.0;0.0;0.0;0.0
2030-12-11 15:00:00;195.7858687549581;0.0;0.0;0.0;0.0;0.0;0.0;0.0
2030-12-11 16:00:00;195.826237918728;0.0;0.0;0.0;0.0;0.0;0.0;0.0
2030-12-11 17:00:00;195.8666975212153;0.0;0.0;0.0;0.0;0.0;0.0;0.0
2030-12-11 18:00:00;195.4580049574035;0.0;0.0;0.0;0.0;0.0;0.0;0.0
2030-12-11 19:00:00;195.5906718566265;0.0;0.0;0.0;0.0;0.0;0.0;0.0
2030-12-11 20:00:00;195.8181553770605;0.0;0.0;0.0;0.0;0.0;0.0;0.0
2030-12-11 21:00:00;198.1301206992558;0.0;0.0;0.0;0.0;0.0;0.0;0.0
2030-12-11 22:00:00;195.1932573358293;0.0;0.0;0.0;0.0;0.0;0.0;0.0
2030-12-11 23:00:00;195.073235109128;0.0;0.0;0.0;0.0;0.0;0.0;0.0
2030-12-12 00:00:00;194.8510774242727;0.0;0.0;0.0;0.0;0.0;0.0;0.0
2030-12-12 01:00:00;195.1212513688893;0.0;0.0;0.0;0.0;0.0;0.0;0.0
2030-12-12 02:00:00;195.1672779768683;0.0;0.0;0.0;0.0;0.0;0.0;0.0
2030-12-12 03:00:00;195.2613811370867;0.0;0.0;0.0;0.0;0.0;0.0;0.0
2030-12-12 04:00:00;211.0576285859998;0.0;0.0;0.0;0.0;0.0;0.0;0.0
2030-12-12 05:00:00;211.0447326948187;0.0;0.0;0.0;0.0;0.0;0.0;0.0
2030-12-12 06:00:00;211.1166750196984;0.0;0.0;0.0;0.0;0.0;0.0;0.0
2030-12-12 07:00:00;210.7814253935583;0.0;0.0;0.0;0.0;0.0;0.0;0.0
2030-12-12 08:00:00;210.8375308941513;0.0;0.0;0.0;0.0;0.0;0.0;0.0
2030-12-12 09:00:00;210.9924658153409;0.0;0.0;0.0;0.0;0.0;0.0;0.0
2030-12-12 10:00:00;211.1902988348048;0.0;0.0;0.0;0.0;0.0;0.0;0.0
2030-12-12 11:00:00;211.3855158306292;0.0;0.0;0.0;0.0;0.0;0.0;0.0
2030-12-12 12:00:00;211.476946024312;0.0;0.0;0.0;0.0;0.0;0.0;0.0
2030-12-12 13:00:00;211.3953502037481;0.0;0.0;0.0;0.0;0.0;0.0;0.0
2030-12-12 14:00:00;211.4570595552361;0.0;0.0;0.0;0.0;0.0;0.0;0.0
2030-12-12 15:00:00;211.4792974309636;0.0;0.0;0.0;0.0;0.0;0.0;0.0
2030-12-12 16:00:00;211.4505580163315;0.0;0.0;0.0;0.0;0.0;0.0;0.0
2030-12-12 17:00:00;211.3933873486228;0.0;0.0;0.0;0.0;0.0;0.0;0.0
2030-12-12 18:00:00;211.4077972509244;0.0;0.0;0.0;0.0;0.0;0.0;0.0
2030-12-12 19:00:00;211.3673309492729;0.0;0.0;0.0;0.0;0.0;0.0;0.0
2030-12-12 20:00:00;211.2287788342563;0.0;0.0;0.0;0.0;0.0;0.0;0.0
2030-12-12 21:00:00;210.7369529916853;0.0;0.0;0.0;0.0;0.0;0.0;0.0
2030-12-12 22:00:00;210.1863218853287;0.0;0.0;0.0;0.0;0.0;0.0;0.0
2030-12-12 23:00:00;209.7770163479879;0.0;0.0;0.0;0.0;0.0;0.0;0.0
2030-12-13 00:00:00;209.5450142412674;0.0;0.0;0.0;0.0;0.0;0.0;0.0
2030-12-13 01:00:00;209.1026014342037;0.0;0.0;0.0;0.0;0.0;0.0;0.0
2030-12-13 02:00:00;208.6252658839052;0.0;0.0;0.0;0.0;0.0;0.0;0.0
2030-12-13 03:00:00;208.7327908196983;0.0;0.0;0.0;0.0;0.0;0.0;0.0
2030-12-13 04:00:00;208.6041769148466;0.0;0.0;0.0;0.0;0.0;0.0;0.0
2030-12-13 05:00:00;208.6320789339474;0.0;0.0;0.0;0.0;0.0;0.0;0.0
2030-12-13 06:00:00;209.0843093662193;0.0;0.0;0.0;0.0;0.0;0.0;0.0
2030-12-13 07:00:00;209.7797831028231;0.0;0.0;0.0;0.0;0.0;0.0;0.0
2030-12-13 08:00:00;210.4436702799887;0.0;0.0;0.0;0.0;0.0;0.0;0.0
2030-12-13 09:00:00;210.826159062837;0.0;0.0;0.0;0.0;0.0;0.0;0.0
2030-12-13 10:00:00;210.9525488451579;0.0;0.0;0.0;0.0;0.0;0.0;0.0
2030-12-13 11:00:00;211.1346689748736;0.0;0.0;0.0;0.0;0.0;0.0;0.0
2030-12-13 12:00:00;211.1565450957317;0.0;0.0;0.0;0.0;0.0;0.0;0.0
2030-12-13 13:00:00;211.3998855379452;0.0;0.0;0.0;0.0;0.0;0.0;0.0
2030-12-13 14:00:00;211.437675523479;0.0;0.0;0.0;0.0;0.0;0.0;0.0
2030-12-13 15:00:00;211.4465954606777;0.0;0.0;0.0;0.0;0.0;0.0;0.0
2030-12-13 16:00:00;211.4763263516188;0.0;0.0;0.0;0.0;0.0;0.0;0.0
2030-12-13 17:00:00;211.4068091241975;0.0;0.0;0.0;0.0;0.0;0.0;0.0
2030-12-13 18:00:00;211.4829886704653;0.0;0.0;0.0;0.0;0.0;0.0;0.0
2030-12-13 19:00:00;211.4029738526645;0.0;0.0;0.0;0.0;0.0;0.0;0.0
2030-12-13 20:00:00;211.1920607150025;0.0;0.0;0.0;0.0;0.0;0.0;0.0
2030-12-13 21:00:00;210.5043647080928;0.0;0.0;0.0;0.0;0.0;0.0;0.0
2030-12-13 22:00:00;210.0206515534285;0.0;0.0;0.0;0.0;0.0;0.0;0.0
2030-12-13 23:00:00;209.9102057820224;0.0;0.0;0.0;0.0;0.0;0.0;0.0
2030-12-14 00:00:00;209.5870481473534;0.0;0.0;0.0;0.0;0.0;0.0;0.0
2030-12-14 01:00:00;209.0909281404982;0.0;0.0;0.0;0.0;0.0;0.0;0.0
2030-12-14 02:00:00;208.7936962714763;0.0;0.0;0.0;0.0;0.0;0.0;0.0
2030-12-14 03:00:00;208.7423940716505;0.0;0.0;0.0;0.0;0.0;0.0;0.0
2030-12-14 04:00:00;208.5743086910383;0.0;0.0;0.0;0.0;0.0;0.0;0.0
2030-12-14 05:00:00;208.4566814155564;0.0;0.0;0.0;0.0;0.0;0.0;0.0
2030-12-14 06:00:00;208.4640940407989;0.0;0.0;0.0;0.0;0.0;0.0;0.0
2030-12-14 07:00:00;208.4506756148064;0.0;0.0;0.0;0.0;0.0;0.0;0.0
2030-12-14 08:00:00;208.5279169786077;0.0;0.0;0.0;0.0;0.0;0.0;0.0
2030-12-14 09:00:00;208.8231056025334;0.0;0.0;0.0;0.0;0.0;0.0;0.0
2030-12-14 10:00:00;208.9686214987877;0.0;0.0;0.0;0.0;0.0;0.0;0.0
2030-12-14 11:00:00;209.0567891994807;0.0;0.0;0.0;0.0;0.0;0.0;0.0
2030-12-14 12:00:00;208.9854464498013;0.0;0.0;0.0;0.0;0.0;0.0;0.0
2030-12-14 13:00:00;209.0676150489086;0.0;0.0;0.0;0.0;0.0;0.0;0.0
2030-12-14 14:00:00;209.0647578553559;0.0;0.0;0.0;0.0;0.0;0.0;0.0
2030-12-14 15:00:00;209.084141887113;0.0;0.0;0.0;0.0;0.0;0.0;0.0
2030-12-14 16:00:00;209.0478860101925;0.0;0.0;0.0;0.0;0.0;0.0;0.0
2030-12-14 17:00:00;209.0686701672779;0.0;0.0;0.0;0.0;0.0;0.0;0.0
2030-12-14 18:00:00;209.1016468032981;0.0;0.0;0.0;0.0;0.0;0.0;0.0
2030-12-14 19:00:00;208.9860895695693;0.0;0.0;0.0;0.0;0.0;0.0;0.0
2030-12-14 20:00:00;208.9210641317776;0.0;0.0;0.0;0.0;0.0;0.0;0.0
2030-12-14 21:00:00;208.9454591383936;0.0;0.0;0.0;0.0;0.0;0.0;0.0
2030-12-14 22:00:00;208.9022930735493;0.0;0.0;0.0;0.0;0.0;0.0;0.0
2030-12-14 23:00:00;208.8590566674805;0.0;0.0;0.0;0.0;0.0;0.0;0.0
2030-12-15 00:00:00;208.8443654002805;0.0;0.0;0.0;0.0;0.0;0.0;0.0
2030-12-15 01:00:00;208.7891341406221;0.0;0.0;0.0;0.0;0.0;0.0;0.0
2030-12-15 02:00:00;208.6633238360089;0.0;0.0;0.0;0.0;0.0;0.0;0.0
2030-12-15 03:00:00;196.5194406386512;0.0;0.0;0.0;0.0;0.0;0.0;0.0
2030-12-15 04:00:00;193.5223249919611;0.0;0.0;0.0;0.0;0.0;0.0;0.0
2030-12-15 05:00:00;193.5465927144564;0.0;0.0;0.0;0.0;0.0;0.0;0.0
2030-12-15 06:00:00;193.5336499291257;0.0;0.0;0.0;0.0;0.0;0.0;0.0
2030-12-15 07:00:00;193.4863638782676;0.0;0.0;0.0;0.0;0.0;0.0;0.0
2030-12-15 08:00:00;193.5660872824237;0.0;0.0;0.0;0.0;0.0;0.0;0.0
2030-12-15 09:00:00;193.6050328737904;0.0;0.0;0.0;0.0;0.0;0.0;0.0
2030-12-15 10:00:00;193.6880857625787;0.0;0.0;0.0;0.0;0.0;0.0;0.0
2030-12-15 11:00:00;193.6980775660574;0.0;0.0;0.0;0.0;0.0;0.0;0.0
2030-12-15 12:00:00;193.6616274133737;0.0;0.0;0.0;0.0;0.0;0.0;0.0
2030-12-15 13:00:00;193.6936427193239;0.0;0.0;0.0;0.0;0.0;0.0;0.0
2030-12-15 14:00:00;193.8249027940544;0.0;0.0;0.0;0.0;0.0;0.0;0.0
2030-12-15 15:00:00;193.8157684835997;0.0;0.0;0.0;0.0;0.0;0.0;0.0
2030-12-15 16:00:00;193.8200793957945;0.0;0.0;0.0;0.0;0.0;0.0;0.0
2030-12-15 17:00:00;193.7922845633216;0.0;0.0;0.0;0.0;0.0;0.0;0.0
2030-12-15 18:00:00;193.8356047089437;0.0;0.0;0.0;0.0;0.0;0.0;0.0
2030-12-15 19:00:00;193.9009517066194;0.0;0.0;0.0;0.0;0.0;0.0;0.0
2030-12-15 20:00:00;193.8825390536786;0.0;0.0;0.0;0.0;0.0;0.0;0.0
2030-12-15 21:00:00;193.8605222503712;0.0;0.0;0.0;0.0;0.0;0.0;0.0
2030-12-15 22:00:00;193.8539704677348;0.0;0.0;0.0;0.0;0.0;0.0;0.0
2030-12-15 23:00:00;193.8149746326361;0.0;0.0;0.0;0.0;0.0;0.0;0.0
2030-12-16 00:00:00;193.8567137754951;0.0;0.0;0.0;0.0;0.0;0.0;0.0
2030-12-16 01:00:00;193.9336905223087;0.0;0.0;0.0;0.0;0.0;0.0;0.0
2030-12-16 02:00:00;193.92503855168;0.0;0.0;0.0;0.0;0.0;0.0;0.0
2030-12-16 03:00:00;193.9263917828583;0.0;0.0;0.0;0.0;0.0;0.0;0.0
2030-12-16 04:00:00;193.9141021660419;0.0;0.0;0.0;0.0;0.0;0.0;0.0
2030-12-16 05:00:00;194.0471040234775;0.0;0.0;0.0;0.0;0.0;0.0;0.0
2030-12-16 06:00:00;194.2172226004395;0.0;0.0;0.0;0.0;0.0;0.0;0.0
2030-12-16 07:00:00;194.3486635526048;0.0;0.0;0.0;0.0;0.0;0.0;0.0
2030-12-16 08:00:00;194.5663629436518;0.0;0.0;0.0;0.0;0.0;0.0;0.0
2030-12-16 09:00:00;194.5769074281812;0.0;0.0;0.0;0.0;0.0;0.0;0.0
2030-12-16 10:00:00;194.5577913629941;0.0;0.0;0.0;0.0;0.0;0.0;0.0
2030-12-16 11:00:00;194.6391594119734;0.0;0.0;0.0;0.0;0.0;0.0;0.0
2030-12-16 12:00:00;194.829479318731;0.0;0.0;0.0;0.0;0.0;0.0;0.0
2030-12-16 13:00:00;195.1084660139184;0.0;0.0;0.0;0.0;0.0;0.0;0.0
2030-12-16 14:00:00;195.0977942452682;0.0;0.0;0.0;0.0;0.0;0.0;0.0
2030-12-16 15:00:00;195.1304158255832;0.0;0.0;0.0;0.0;0.0;0.0;0.0
2030-12-16 16:00:00;195.0720460074738;0.0;0.0;0.0;0.0;0.0;0.0;0.0
2030-12-16 17:00:00;195.4924152145732;0.0;0.0;0.0;0.0;0.0;0.0;0.0
2030-12-16 18:00:00;195.5128543646996;0.0;0.0;0.0;0.0;0.0;0.0;0.0
2030-12-16 19:00:00;195.5428029784788;0.0;0.0;0.0;0.0;0.0;0.0;0.0
2030-12-16 20:00:00;195.4531916078899;0.0;0.0;0.0;0.0;0.0;0.0;0.0
2030-12-16 21:00:00;195.2262306222674;0.0;0.0;0.0;0.0;0.0;0.0;0.0
2030-12-16 22:00:00;195.2202382198459;0.0;0.0;0.0;0.0;0.0;0.0;0.0
2030-12-16 23:00:00;195.1089985974762;0.0;0.0;0.0;0.0;0.0;0.0;0.0
2030-12-17 00:00:00;195.0425562864457;0.0;0.0;0.0;0.0;0.0;0.0;0.0
2030-12-17 01:00:00;194.7292129274027;0.0;0.0;0.0;0.0;0.0;0.0;0.0
2030-12-17 02:00:00;194.5397170178478;0.0;0.0;0.0;0.0;0.0;0.0;0.0
2030-12-17 03:00:00;194.4748925549836;0.0;0.0;0.0;0.0;0.0;0.0;0.0
2030-12-17 04:00:00;194.4166064764274;0.0;0.0;0.0;0.0;0.0;0.0;0.0
2030-12-17 05:00:00;210.3488000654636;0.0;0.0;0.0;0.0;0.0;0.0;0.0
2030-12-17 06:00:00;210.5721334536448;0.0;0.0;0.0;0.0;0.0;0.0;0.0
2030-12-17 07:00:00;211.1637533964646;0.0;0.0;0.0;0.0;0.0;0.0;0.0
2030-12-17 08:00:00;211.2985037357693;0.0;0.0;0.0;0.0;0.0;0.0;0.0
2030-12-17 09:00:00;211.587150625805;0.0;0.0;0.0;0.0;0.0;0.0;0.0
2030-12-17 10:00:00;211.6844023932208;0.0;0.0;0.0;0.0;0.0;0.0;0.0
2030-12-17 11:00:00;211.8935134556995;0.0;0.0;0.0;0.0;0.0;0.0;0.0
2030-12-17 12:00:00;211.7463328171291;0.0;0.0;0.0;0.0;0.0;0.0;0.0
2030-12-17 13:00:00;211.8168214233665;0.0;0.0;0.0;0.0;0.0;0.0;0.0
2030-12-17 14:00:00;211.5436228060912;0.0;0.0;0.0;0.0;0.0;0.0;0.0
2030-12-17 15:00:00;211.815789752072;0.0;0.0;0.0;0.0;0.0;0.0;0.0
2030-12-17 16:00:00;211.840288595734;0.0;0.0;0.0;0.0;0.0;0.0;0.0
2030-12-17 17:00:00;211.8799442985113;0.0;0.0;0.0;0.0;0.0;0.0;0.0
2030-12-17 18:00:00;211.9506472780048;0.0;0.0;0.0;0.0;0.0;0.0;0.0
2030-12-17 19:00:00;211.6816356383856;0.0;0.0;0.0;0.0;0.0;0.0;0.0
2030-12-17 20:00:00;211.4801013306736;0.0;0.0;0.0;0.0;0.0;0.0;0.0
2030-12-17 21:00:00;211.1935445798839;0.0;0.0;0.0;0.0;0.0;0.0;0.0
2030-12-17 22:00:00;210.8966878640601;0.0;0.0;0.0;0.0;0.0;0.0;0.0
2030-12-17 23:00:00;210.5998746928037;0.0;0.0;0.0;0.0;0.0;0.0;0.0
2030-12-18 00:00:00;210.4802510663753;0.0;0.0;0.0;0.0;0.0;0.0;0.0
2030-12-18 01:00:00;210.7202921701958;0.0;0.0;0.0;0.0;0.0;0.0;0.0
2030-12-18 02:00:00;210.5369929875721;0.0;0.0;0.0;0.0;0.0;0.0;0.0
2030-12-18 03:00:00;210.4371955377412;0.0;0.0;0.0;0.0;0.0;0.0;0.0
2030-12-18 04:00:00;210.1941498587547;0.0;0.0;0.0;0.0;0.0;0.0;0.0
2030-12-18 05:00:00;210.123309546394;0.0;0.0;0.0;0.0;0.0;0.0;0.0
2030-12-18 06:00:00;210.5354823260336;0.0;0.0;0.0;0.0;0.0;0.0;0.0
2030-12-18 07:00:00;210.5794221443488;0.0;0.0;0.0;0.0;0.0;0.0;0.0
2030-12-18 08:00:00;210.8754046192381;0.0;0.0;0.0;0.0;0.0;0.0;0.0
2030-12-18 09:00:00;211.17183258855;0.0;0.0;0.0;0.0;0.0;0.0;0.0
2030-12-18 10:00:00;211.331466973461;0.0;0.0;0.0;0.0;0.0;0.0;0.0
2030-12-18 11:00:00;211.41341784973;0.0;0.0;0.0;0.0;0.0;0.0;0.0
2030-12-18 12:00:00;211.3228518482356;0.0;0.0;0.0;0.0;0.0;0.0;0.0
2030-12-18 13:00:00;211.3242050794141;0.0;0.0;0.0;0.0;0.0;0.0;0.0
2030-12-18 14:00:00;211.3418506780483;0.0;0.0;0.0;0.0;0.0;0.0;0.0
2030-12-18 15:00:00;211.2960987358036;0.0;0.0;0.0;0.0;0.0;0.0;0.0
2030-12-18 16:00:00;211.6051412313981;0.0;0.0;0.0;0.0;0.0;0.0;0.0
2030-12-18 17:00:00;211.6018586409156;0.0;0.0;0.0;0.0;0.0;0.0;0.0
2030-12-18 18:00:00;211.9787603207795;0.0;0.0;0.0;0.0;0.0;0.0;0.0
2030-12-18 19:00:00;211.8912993819149;0.0;0.0;0.0;0.0;0.0;0.0;0.0
2030-12-18 20:00:00;211.7260510973625;0.0;0.0;0.0;0.0;0.0;0.0;0.0
2030-12-18 21:00:00;211.4886059196889;0.0;0.0;0.0;0.0;0.0;0.0;0.0
2030-12-18 22:00:00;211.0092505713691;0.0;0.0;0.0;0.0;0.0;0.0;0.0
2030-12-18 23:00:00;210.4729422781787;0.0;0.0;0.0;0.0;0.0;0.0;0.0
2030-12-19 00:00:00;210.2252172329636;0.0;0.0;0.0;0.0;0.0;0.0;0.0
2030-12-19 01:00:00;209.3383986174718;0.0;0.0;0.0;0.0;0.0;0.0;0.0
2030-12-19 02:00:00;208.5507477303714;0.0;0.0;0.0;0.0;0.0;0.0;0.0
2030-12-19 03:00:00;208.3873048705844;0.0;0.0;0.0;0.0;0.0;0.0;0.0
2030-12-19 04:00:00;208.2655408611781;0.0;0.0;0.0;0.0;0.0;0.0;0.0
2030-12-19 05:00:00;208.2328656875492;0.0;0.0;0.0;0.0;0.0;0.0;0.0
2030-12-19 06:00:00;208.357165330624;0.0;0.0;0.0;0.0;0.0;0.0;0.0
2030-12-19 07:00:00;208.9257702946631;0.0;0.0;0.0;0.0;0.0;0.0;0.0
2030-12-19 08:00:00;209.636498028264;0.0;0.0;0.0;0.0;0.0;0.0;0.0
2030-12-19 09:00:00;209.9502198900871;0.0;0.0;0.0;0.0;0.0;0.0;0.0
2030-12-19 10:00:00;209.8867285609086;0.0;0.0;0.0;0.0;0.0;0.0;0.0
2030-12-19 11:00:00;210.1077909324091;0.0;0.0;0.0;0.0;0.0;0.0;0.0
2030-12-19 12:00:00;210.1644223173957;0.0;0.0;0.0;0.0;0.0;0.0;0.0
2030-12-19 13:00:00;210.1174879726608;0.0;0.0;0.0;0.0;0.0;0.0;0.0
2030-12-19 14:00:00;210.089666343531;0.0;0.0;0.0;0.0;0.0;0.0;0.0
2030-12-19 15:00:00;210.0814933631461;0.0;0.0;0.0;0.0;0.0;0.0;0.0
2030-12-19 16:00:00;210.1247599154541;0.0;0.0;0.0;0.0;0.0;0.0;0.0
2030-12-19 17:00:00;210.0720977852856;0.0;0.0;0.0;0.0;0.0;0.0;0.0
2030-12-19 18:00:00;209.8785790275986;0.0;0.0;0.0;0.0;0.0;0.0;0.0
2030-12-19 19:00:00;209.9930375983904;0.0;0.0;0.0;0.0;0.0;0.0;0.0
2030-12-19 20:00:00;209.7728829636457;0.0;0.0;0.0;0.0;0.0;0.0;0.0
2030-12-19 21:00:00;209.4767899525463;0.0;0.0;0.0;0.0;0.0;0.0;0.0
2030-12-19 22:00:00;209.0239130509243;0.0;0.0;0.0;0.0;0.0;0.0;0.0
2030-12-19 23:00:00;208.7768478733877;0.0;0.0;0.0;0.0;0.0;0.0;0.0
2030-12-20 00:00:00;208.633676684621;0.0;0.0;0.0;0.0;0.0;0.0;0.0
2030-12-20 01:00:00;208.4617727803863;0.0;0.0;0.0;0.0;0.0;0.0;0.0
2030-12-20 02:00:00;208.3796276283539;0.0;0.0;0.0;0.0;0.0;0.0;0.0
2030-12-20 03:00:00;208.3181895930181;0.0;0.0;0.0;0.0;0.0;0.0;0.0
2030-12-20 04:00:00;208.3067072254937;0.0;0.0;0.0;0.0;0.0;0.0;0.0
2030-12-20 05:00:00;208.4557301342329;0.0;0.0;0.0;0.0;0.0;0.0;0.0
2030-12-20 06:00:00;208.2301290789531;0.0;0.0;0.0;0.0;0.0;0.0;0.0
2030-12-20 07:00:00;208.4795456631413;0.0;0.0;0.0;0.0;0.0;0.0;0.0
2030-12-20 08:00:00;208.8851197659948;0.0;0.0;0.0;0.0;0.0;0.0;0.0
2030-12-20 09:00:00;209.2004293297451;0.0;0.0;0.0;0.0;0.0;0.0;0.0
2030-12-20 10:00:00;209.3824456224149;0.0;0.0;0.0;0.0;0.0;0.0;0.0
2030-12-20 11:00:00;209.4717655793589;0.0;0.0;0.0;0.0;0.0;0.0;0.0
2030-12-20 12:00:00;209.4605042842548;0.0;0.0;0.0;0.0;0.0;0.0;0.0
2030-12-20 13:00:00;209.434102877946;0.0;0.0;0.0;0.0;0.0;0.0;0.0
2030-12-20 14:00:00;209.5160939492005;0.0;0.0;0.0;0.0;0.0;0.0;0.0
2030-12-20 15:00:00;209.4704424944196;0.0;0.0;0.0;0.0;0.0;0.0;0.0
2030-12-20 16:00:00;209.4457259279196;0.0;0.0;0.0;0.0;0.0;0.0;0.0
2030-12-20 17:00:00;209.5091469158734;0.0;0.0;0.0;0.0;0.0;0.0;0.0
2030-12-20 18:00:00;209.4899203144761;0.0;0.0;0.0;0.0;0.0;0.0;0.0
2030-12-20 19:00:00;209.3798396475217;0.0;0.0;0.0;0.0;0.0;0.0;0.0
2030-12-20 20:00:00;209.3678079485289;0.0;0.0;0.0;0.0;0.0;0.0;0.0
2030-12-20 21:00:00;196.9644627701902;0.0;0.0;0.0;0.0;0.0;0.0;0.0
2030-12-20 22:00:00;193.7345645641445;0.0;0.0;0.0;0.0;0.0;0.0;0.0
2030-12-20 23:00:00;193.6414394819065;0.0;0.0;0.0;0.0;0.0;0.0;0.0
2030-12-21 00:00:00;193.5602054162122;0.0;0.0;0.0;0.0;0.0;0.0;0.0
2030-12-21 01:00:00;193.5285518651314;0.0;0.0;0.0;0.0;0.0;0.0;0.0
2030-12-21 02:00:00;193.5248472273012;0.0;0.0;0.0;0.0;0.0;0.0;0.0
2030-12-21 03:00:00;193.4892043239097;0.0;0.0;0.0;0.0;0.0;0.0;0.0
2030-12-21 04:00:00;193.5591569970071;0.0;0.0;0.0;0.0;0.0;0.0;0.0
2030-12-21 05:00:00;193.5887706525738;0.0;0.0;0.0;0.0;0.0;0.0;0.0
2030-12-21 06:00:00;193.6770388407305;0.0;0.0;0.0;0.0;0.0;0.0;0.0
2030-12-21 07:00:00;193.7770272167426;0.0;0.0;0.0;0.0;0.0;0.0;0.0
2030-12-21 08:00:00;193.8495088243444;0.0;0.0;0.0;0.0;0.0;0.0;0.0
2030-12-21 09:00:00;193.8481689914944;0.0;0.0;0.0;0.0;0.0;0.0;0.0
2030-12-21 10:00:00;193.8415033230658;0.0;0.0;0.0;0.0;0.0;0.0;0.0
2030-12-21 11:00:00;193.8975384824341;0.0;0.0;0.0;0.0;0.0;0.0;0.0
2030-12-21 12:00:00;193.8836913099296;0.0;0.0;0.0;0.0;0.0;0.0;0.0
2030-12-21 13:00:00;193.8928155716379;0.0;0.0;0.0;0.0;0.0;0.0;0.0
2030-12-21 14:00:00;193.9038825909787;0.0;0.0;0.0;0.0;0.0;0.0;0.0
2030-12-21 15:00:00;193.9326655501785;0.0;0.0;0.0;0.0;0.0;0.0;0.0
2030-12-21 16:00:00;193.9519490944718;0.0;0.0;0.0;0.0;0.0;0.0;0.0
2030-12-21 17:00:00;193.9099955783568;0.0;0.0;0.0;0.0;0.0;0.0;0.0
2030-12-21 18:00:00;193.9279727856214;0.0;0.0;0.0;0.0;0.0;0.0;0.0
2030-12-21 19:00:00;193.8745670482211;0.0;0.0;0.0;0.0;0.0;0.0;0.0
2030-12-21 20:00:00;193.8788947083266;0.0;0.0;0.0;0.0;0.0;0.0;0.0
2030-12-21 21:00:00;193.8572966027849;0.0;0.0;0.0;0.0;0.0;0.0;0.0
2030-12-21 22:00:00;193.8382307813296;0.0;0.0;0.0;0.0;0.0;0.0;0.0
2030-12-21 23:00:00;193.7293224681189;0.0;0.0;0.0;0.0;0.0;0.0;0.0
2030-12-22 00:00:00;193.7268437773465;0.0;0.0;0.0;0.0;0.0;0.0;0.0
2030-12-22 01:00:00;193.6180861953314;0.0;0.0;0.0;0.0;0.0;0.0;0.0
2030-12-22 02:00:00;193.6257500392333;0.0;0.0;0.0;0.0;0.0;0.0;0.0
2030-12-22 03:00:00;193.6117889809365;0.0;0.0;0.0;0.0;0.0;0.0;0.0
2030-12-22 04:00:00;193.6121038416562;0.0;0.0;0.0;0.0;0.0;0.0;0.0
2030-12-22 05:00:00;193.6047548584741;0.0;0.0;0.0;0.0;0.0;0.0;0.0
2030-12-22 06:00:00;193.6347168705818;0.0;0.0;0.0;0.0;0.0;0.0;0.0
2030-12-22 07:00:00;193.6874861873783;0.0;0.0;0.0;0.0;0.0;0.0;0.0
2030-12-22 08:00:00;193.7237119180597;0.0;0.0;0.0;0.0;0.0;0.0;0.0
2030-12-22 09:00:00;193.8001694796439;0.0;0.0;0.0;0.0;0.0;0.0;0.0
2030-12-22 10:00:00;193.8614768812768;0.0;0.0;0.0;0.0;0.0;0.0;0.0
2030-12-22 11:00:00;193.9327827855527;0.0;0.0;0.0;0.0;0.0;0.0;0.0
2030-12-22 12:00:00;193.9601957656634;0.0;0.0;0.0;0.0;0.0;0.0;0.0
2030-12-22 13:00:00;193.9951252080624;0.0;0.0;0.0;0.0;0.0;0.0;0.0
2030-12-22 14:00:00;193.9616762809626;0.0;0.0;0.0;0.0;0.0;0.0;0.0
2030-12-22 15:00:00;193.9405102715151;0.0;0.0;0.0;0.0;0.0;0.0;0.0
2030-12-22 16:00:00;193.9923584532272;0.0;0.0;0.0;0.0;0.0;0.0;0.0
2030-12-22 17:00:00;193.9539353966719;0.0;0.0;0.0;0.0;0.0;0.0;0.0
2030-12-22 18:00:00;193.9666269633433;0.0;0.0;0.0;0.0;0.0;0.0;0.0
2030-12-22 19:00:00;194.0437611405168;0.0;0.0;0.0;0.0;0.0;0.0;0.0
2030-12-22 20:00:00;194.009374330422;0.0;0.0;0.0;0.0;0.0;0.0;0.0
2030-12-22 21:00:00;193.9511820401652;0.0;0.0;0.0;0.0;0.0;0.0;0.0
2030-12-22 22:00:00;193.8699747711278;0.0;0.0;0.0;0.0;0.0;0.0;0.0
2030-12-22 23:00:00;193.8128643958974;0.0;0.0;0.0;0.0;0.0;0.0;0.0
2030-12-23 00:00:00;193.5810733128507;0.0;0.0;0.0;0.0;0.0;0.0;0.0
2030-12-23 01:00:00;193.7056174754206;0.0;0.0;0.0;0.0;0.0;0.0;0.0
2030-12-23 02:00:00;193.7738216666489;0.0;0.0;0.0;0.0;0.0;0.0;0.0
2030-12-23 03:00:00;193.7577805178525;0.0;0.0;0.0;0.0;0.0;0.0;0.0
2030-12-23 04:00:00;193.7589126766108;0.0;0.0;0.0;0.0;0.0;0.0;0.0
2030-12-23 05:00:00;193.5986284727676;0.0;0.0;0.0;0.0;0.0;0.0;0.0
2030-12-23 06:00:00;193.6650037921556;0.0;0.0;0.0;0.0;0.0;0.0;0.0
2030-12-23 07:00:00;193.8177413874713;0.0;0.0;0.0;0.0;0.0;0.0;0.0
2030-12-23 08:00:00;193.9558915526329;0.0;0.0;0.0;0.0;0.0;0.0;0.0
2030-12-23 09:00:00;194.1130338484429;0.0;0.0;0.0;0.0;0.0;0.0;0.0
2030-12-23 10:00:00;194.1165341617634;0.0;0.0;0.0;0.0;0.0;0.0;0.0
2030-12-23 11:00:00;194.084404970021;0.0;0.0;0.0;0.0;0.0;0.0;0.0
2030-12-23 12:00:00;194.0460957992578;0.0;0.0;0.0;0.0;0.0;0.0;0.0
2030-12-23 13:00:00;194.0622240371895;0.0;0.0;0.0;0.0;0.0;0.0;0.0
2030-12-23 14:00:00;194.0464140095597;0.0;0.0;0.0;0.0;0.0;0.0;0.0
2030-12-23 15:00:00;194.0768148169257;0.0;0.0;0.0;0.0;0.0;0.0;0.0
2030-12-23 16:00:00;194.0583485706709;0.0;0.0;0.0;0.0;0.0;0.0;0.0
2030-12-23 17:00:00;194.0727986679579;0.0;0.0;0.0;0.0;0.0;0.0;0.0
2030-12-23 18:00:00;194.1021108611334;0.0;0.0;0.0;0.0;0.0;0.0;0.0
2030-12-23 19:00:00;194.0806065438912;0.0;0.0;0.0;0.0;0.0;0.0;0.0
2030-12-23 20:00:00;194.0689633964249;0.0;0.0;0.0;0.0;0.0;0.0;0.0
2030-12-23 21:00:00;194.0369648383852;0.0;0.0;0.0;0.0;0.0;0.0;0.0
2030-12-23 22:00:00;193.980879435285;0.0;0.0;0.0;0.0;0.0;0.0;0.0
2030-12-23 23:00:00;193.9582061138812;0.0;0.0;0.0;0.0;0.0;0.0;0.0
2030-12-24 00:00:00;193.8909666023049;0.0;0.0;0.0;0.0;0.0;0.0;0.0
2030-12-24 01:00:00;193.7562531084035;0.0;0.0;0.0;0.0;0.0;0.0;0.0
2030-12-24 02:00:00;193.7833110328089;0.0;0.0;0.0;0.0;0.0;0.0;0.0
2030-12-24 03:00:00;193.7882583656075;0.0;0.0;0.0;0.0;0.0;0.0;0.0
2030-12-24 04:00:00;193.6781174061748;0.0;0.0;0.0;0.0;0.0;0.0;0.0
2030-12-24 05:00:00;193.6718771346761;0.0;0.0;0.0;0.0;0.0;0.0;0.0
2030-12-24 06:00:00;193.597084315408;0.0;0.0;0.0;0.0;0.0;0.0;0.0
2030-12-24 07:00:00;193.6973842025575;0.0;0.0;0.0;0.0;0.0;0.0;0.0
2030-12-24 08:00:00;193.8099536090308;0.0;0.0;0.0;0.0;0.0;0.0;0.0
2030-12-24 09:00:00;194.0075220115068;0.0;0.0;0.0;0.0;0.0;0.0;0.0
2030-12-24 10:00:00;194.0308451518429;0.0;0.0;0.0;0.0;0.0;0.0;0.0
2030-12-24 11:00:00;194.0200126032508;0.0;0.0;0.0;0.0;0.0;0.0;0.0
2030-12-24 12:00:00;194.0106103262261;0.0;0.0;0.0;0.0;0.0;0.0;0.0
2030-12-24 13:00:00;193.9483382449411;0.0;0.0;0.0;0.0;0.0;0.0;0.0
2030-12-24 14:00:00;193.9320056824998;0.0;0.0;0.0;0.0;0.0;0.0;0.0
2030-12-24 15:00:00;193.8568343604516;0.0;0.0;0.0;0.0;0.0;0.0;0.0
2030-12-24 16:00:00;193.9797506261089;0.0;0.0;0.0;0.0;0.0;0.0;0.0
2030-12-24 17:00:00;193.987876712344;0.0;0.0;0.0;0.0;0.0;0.0;0.0
2030-12-24 18:00:00;193.9765417264332;0.0;0.0;0.0;0.0;0.0;0.0;0.0
2030-12-24 19:00:00;193.997741231702;0.0;0.0;0.0;0.0;0.0;0.0;0.0
2030-12-24 20:00:00;193.9337642131154;0.0;0.0;0.0;0.0;0.0;0.0;0.0
2030-12-24 21:00:00;193.8245879333347;0.0;0.0;0.0;0.0;0.0;0.0;0.0
2030-12-24 22:00:00;193.8797655996791;0.0;0.0;0.0;0.0;0.0;0.0;0.0
2030-12-24 23:00:00;193.8535082254016;0.0;0.0;0.0;0.0;0.0;0.0;0.0
2030-12-25 00:00:00;193.7941871259687;0.0;0.0;0.0;0.0;0.0;0.0;0.0
2030-12-25 01:00:00;193.6874727890498;0.0;0.0;0.0;0.0;0.0;0.0;0.0
2030-12-25 02:00:00;193.631799384551;0.0;0.0;0.0;0.0;0.0;0.0;0.0
2030-12-25 03:00:00;193.55419626588;0.0;0.0;0.0;0.0;0.0;0.0;0.0
2030-12-25 04:00:00;193.6273980336388;0.0;0.0;0.0;0.0;0.0;0.0;0.0
2030-12-25 05:00:00;193.620193082488;0.0;0.0;0.0;0.0;0.0;0.0;0.0
2030-12-25 06:00:00;193.6513743424892;0.0;0.0;0.0;0.0;0.0;0.0;0.0
2030-12-25 07:00:00;193.5084242261426;0.0;0.0;0.0;0.0;0.0;0.0;0.0
2030-12-25 08:00:00;193.5994558195524;0.0;0.0;0.0;0.0;0.0;0.0;0.0
2030-12-25 09:00:00;193.8139764571629;0.0;0.0;0.0;0.0;0.0;0.0;0.0
2030-12-25 10:00:00;193.9307361908745;0.0;0.0;0.0;0.0;0.0;0.0;0.0
2030-12-25 11:00:00;193.9977278333735;0.0;0.0;0.0;0.0;0.0;0.0;0.0
2030-12-25 12:00:00;193.9336603760695;0.0;0.0;0.0;0.0;0.0;0.0;0.0
2030-12-25 13:00:00;193.9665197767154;0.0;0.0;0.0;0.0;0.0;0.0;0.0
2030-12-25 14:00:00;193.9642420608704;0.0;0.0;0.0;0.0;0.0;0.0;0.0
2030-12-25 15:00:00;194.0763525745925;0.0;0.0;0.0;0.0;0.0;0.0;0.0
2030-12-25 16:00:00;194.1036148235075;0.0;0.0;0.0;0.0;0.0;0.0;0.0
2030-12-25 17:00:00;194.1002015993221;0.0;0.0;0.0;0.0;0.0;0.0;0.0
2030-12-25 18:00:00;194.0994579920905;0.0;0.0;0.0;0.0;0.0;0.0;0.0
2030-12-25 19:00:00;194.044732519333;0.0;0.0;0.0;0.0;0.0;0.0;0.0
2030-12-25 20:00:00;194.0666186889374;0.0;0.0;0.0;0.0;0.0;0.0;0.0
2030-12-25 21:00:00;194.0439353187872;0.0;0.0;0.0;0.0;0.0;0.0;0.0
2030-12-25 22:00:00;194.0307748106183;0.0;0.0;0.0;0.0;0.0;0.0;0.0
2030-12-25 23:00:00;193.9856257931561;0.0;0.0;0.0;0.0;0.0;0.0;0.0
2030-12-26 00:00:00;193.9317745613332;0.0;0.0;0.0;0.0;0.0;0.0;0.0
2030-12-26 01:00:00;193.9637664202086;0.0;0.0;0.0;0.0;0.0;0.0;0.0
2030-12-26 02:00:00;193.9760928824284;0.0;0.0;0.0;0.0;0.0;0.0;0.0
2030-12-26 03:00:00;193.979030465952;0.0;0.0;0.0;0.0;0.0;0.0;0.0
2030-12-26 04:00:00;193.977449463189;0.0;0.0;0.0;0.0;0.0;0.0;0.0
2030-12-26 05:00:00;194.0156380489956;0.0;0.0;0.0;0.0;0.0;0.0;0.0
2030-12-26 06:00:00;193.9466701530428;0.0;0.0;0.0;0.0;0.0;0.0;0.0
2030-12-26 07:00:00;193.9523945888944;0.0;0.0;0.0;0.0;0.0;0.0;0.0
2030-12-26 08:00:00;193.9860377917575;0.0;0.0;0.0;0.0;0.0;0.0;0.0
2030-12-26 09:00:00;194.0678345872487;0.0;0.0;0.0;0.0;0.0;0.0;0.0
2030-12-26 10:00:00;194.2190548218619;0.0;0.0;0.0;0.0;0.0;0.0;0.0
2030-12-26 11:00:00;194.4110059751143;0.0;0.0;0.0;0.0;0.0;0.0;0.0
2030-12-26 12:00:00;194.6782389866252;0.0;0.0;0.0;0.0;0.0;0.0;0.0
2030-12-26 13:00:00;194.7653247722919;0.0;0.0;0.0;0.0;0.0;0.0;0.0
2030-12-26 14:00:00;194.7968409905056;0.0;0.0;0.0;0.0;0.0;0.0;0.0
2030-12-26 15:00:00;194.8088324945129;0.0;0.0;0.0;0.0;0.0;0.0;0.0
2030-12-26 16:00:00;194.701609021111;0.0;0.0;0.0;0.0;0.0;0.0;0.0
2030-12-26 17:00:00;194.6854271898654;0.0;0.0;0.0;0.0;0.0;0.0;0.0
2030-12-26 18:00:00;194.7295780318544;0.0;0.0;0.0;0.0;0.0;0.0;0.0
2030-12-26 19:00:00;194.6819905186051;0.0;0.0;0.0;0.0;0.0;0.0;0.0
2030-12-26 20:00:00;194.5977954223123;0.0;0.0;0.0;0.0;0.0;0.0;0.0
2030-12-26 21:00:00;194.6004382426089;0.0;0.0;0.0;0.0;0.0;0.0;0.0
2030-12-26 22:00:00;194.5710490090446;0.0;0.0;0.0;0.0;0.0;0.0;0.0
2030-12-26 23:00:00;194.2422138326738;0.0;0.0;0.0;0.0;0.0;0.0;0.0
2030-12-27 00:00:00;194.0467757644292;0.0;0.0;0.0;0.0;0.0;0.0;0.0
2030-12-27 01:00:00;194.1040502691838;0.0;0.0;0.0;0.0;0.0;0.0;0.0
2030-12-27 02:00:00;194.1257790084283;0.0;0.0;0.0;0.0;0.0;0.0;0.0
2030-12-27 03:00:00;194.1237089666751;0.0;0.0;0.0;0.0;0.0;0.0;0.0
2030-12-27 04:00:00;194.0991330826243;0.0;0.0;0.0;0.0;0.0;0.0;0.0
2030-12-27 05:00:00;194.1220877689266;0.0;0.0;0.0;0.0;0.0;0.0;0.0
2030-12-27 06:00:00;194.1696551846831;0.0;0.0;0.0;0.0;0.0;0.0;0.0
2030-12-27 07:00:00;194.3663426470603;0.0;0.0;0.0;0.0;0.0;0.0;0.0
2030-12-27 08:00:00;194.6914028443762;0.0;0.0;0.0;0.0;0.0;0.0;0.0
2030-12-27 09:00:00;194.7617407194181;0.0;0.0;0.0;0.0;0.0;0.0;0.0
2030-12-27 10:00:00;194.8467229675104;0.0;0.0;0.0;0.0;0.0;0.0;0.0
2030-12-27 11:00:00;194.874005313918;0.0;0.0;0.0;0.0;0.0;0.0;0.0
2030-12-27 12:00:00;194.848163287824;0.0;0.0;0.0;0.0;0.0;0.0;0.0
2030-12-27 13:00:00;194.8920327649145;0.0;0.0;0.0;0.0;0.0;0.0;0.0
2030-12-27 14:00:00;195.2755331215646;0.0;0.0;0.0;0.0;0.0;0.0;0.0
2030-12-27 15:00:00;195.3632352303422;0.0;0.0;0.0;0.0;0.0;0.0;0.0
2030-12-27 16:00:00;195.4710850756014;0.0;0.0;0.0;0.0;0.0;0.0;0.0
2030-12-27 17:00:00;195.4859672689826;0.0;0.0;0.0;0.0;0.0;0.0;0.0
2030-12-27 18:00:00;195.5146530903007;0.0;0.0;0.0;0.0;0.0;0.0;0.0
2030-12-27 19:00:00;195.4893871923322;0.0;0.0;0.0;0.0;0.0;0.0;0.0
2030-12-27 20:00:00;195.4833579445072;0.0;0.0;0.0;0.0;0.0;0.0;0.0
2030-12-27 21:00:00;195.4152910861461;0.0;0.0;0.0;0.0;0.0;0.0;0.0
2030-12-27 22:00:00;195.3077862478457;0.0;0.0;0.0;0.0;0.0;0.0;0.0
2030-12-27 23:00:00;194.9579793377906;0.0;0.0;0.0;0.0;0.0;0.0;0.0
2030-12-28 00:00:00;194.7133995501908;0.0;0.0;0.0;0.0;0.0;0.0;0.0
2030-12-28 01:00:00;194.4167672563693;0.0;0.0;0.0;0.0;0.0;0.0;0.0
2030-12-28 02:00:00;194.1576502823472;0.0;0.0;0.0;0.0;0.0;0.0;0.0
2030-12-28 03:00:00;194.1276346769255;0.0;0.0;0.0;0.0;0.0;0.0;0.0
2030-12-28 04:00:00;194.0294115306935;0.0;0.0;0.0;0.0;0.0;0.0;0.0
2030-12-28 05:00:00;194.027951112887;0.0;0.0;0.0;0.0;0.0;0.0;0.0
2030-12-28 06:00:00;194.0524499565489;0.0;0.0;0.0;0.0;0.0;0.0;0.0
2030-12-28 07:00:00;194.1758418628679;0.0;0.0;0.0;0.0;0.0;0.0;0.0
2030-12-28 08:00:00;194.2930571397484;0.0;0.0;0.0;0.0;0.0;0.0;0.0
2030-12-28 09:00:00;194.367220237577;0.0;0.0;0.0;0.0;0.0;0.0;0.0
2030-12-28 10:00:00;194.4835277777017;0.0;0.0;0.0;0.0;0.0;0.0;0.0
2030-12-28 11:00:00;194.5617338211551;0.0;0.0;0.0;0.0;0.0;0.0;0.0
2030-12-28 12:00:00;210.5186439766915;0.0;0.0;0.0;0.0;0.0;0.0;0.0
2030-12-28 13:00:00;210.5114591230335;0.0;0.0;0.0;0.0;0.0;0.0;0.0
2030-12-28 14:00:00;210.5300124584236;0.0;0.0;0.0;0.0;0.0;0.0;0.0
2030-12-28 15:00:00;210.4401297716827;0.0;0.0;0.0;0.0;0.0;0.0;0.0
2030-12-28 16:00:00;194.581379120318;0.0;0.0;0.0;0.0;0.0;0.0;0.0
2030-12-28 17:00:00;194.5714744059744;0.0;0.0;0.0;0.0;0.0;0.0;0.0
2030-12-28 18:00:00;194.6070905127091;0.0;0.0;0.0;0.0;0.0;0.0;0.0
2030-12-28 19:00:00;194.5088975127161;0.0;0.0;0.0;0.0;0.0;0.0;0.0
2030-12-28 20:00:00;194.5089410572837;0.0;0.0;0.0;0.0;0.0;0.0;0.0
2030-12-28 21:00:00;194.5869494753918;0.0;0.0;0.0;0.0;0.0;0.0;0.0
2030-12-28 22:00:00;210.2785559787213;0.0;0.0;0.0;0.0;0.0;0.0;0.0
2030-12-28 23:00:00;209.7105773865395;0.0;0.0;0.0;0.0;0.0;0.0;0.0
2030-12-29 00:00:00;209.3960616737529;0.0;0.0;0.0;0.0;0.0;0.0;0.0
2030-12-29 01:00:00;208.8889851837669;0.0;0.0;0.0;0.0;0.0;0.0;0.0
2030-12-29 02:00:00;208.6725720322559;0.0;0.0;0.0;0.0;0.0;0.0;0.0
2030-12-29 03:00:00;208.5709792064061;0.0;0.0;0.0;0.0;0.0;0.0;0.0
2030-12-29 04:00:00;208.5053340959213;0.0;0.0;0.0;0.0;0.0;0.0;0.0
2030-12-29 05:00:00;208.4981760389203;0.0;0.0;0.0;0.0;0.0;0.0;0.0
2030-12-29 06:00:00;193.5971714045432;0.0;0.0;0.0;0.0;0.0;0.0;0.0
2030-12-29 07:00:00;193.6078096773721;0.0;0.0;0.0;0.0;0.0;0.0;0.0
2030-12-29 08:00:00;193.612901042202;0.0;0.0;0.0;0.0;0.0;0.0;0.0
2030-12-29 09:00:00;193.7481906642288;0.0;0.0;0.0;0.0;0.0;0.0;0.0
2030-12-29 10:00:00;193.8708791583015;0.0;0.0;0.0;0.0;0.0;0.0;0.0
2030-12-29 11:00:00;193.9627983909745;0.0;0.0;0.0;0.0;0.0;0.0;0.0
2030-12-29 12:00:00;193.989993648247;0.0;0.0;0.0;0.0;0.0;0.0;0.0
2030-12-29 13:00:00;193.968388843541;0.0;0.0;0.0;0.0;0.0;0.0;0.0
2030-12-29 14:00:00;193.9550876529229;0.0;0.0;0.0;0.0;0.0;0.0;0.0
2030-12-29 15:00:00;194.0946111467556;0.0;0.0;0.0;0.0;0.0;0.0;0.0
2030-12-29 16:00:00;194.1076041758183;0.0;0.0;0.0;0.0;0.0;0.0;0.0
2030-12-29 17:00:00;194.1081267106298;0.0;0.0;0.0;0.0;0.0;0.0;0.0
2030-12-29 18:00:00;194.1772252402855;0.0;0.0;0.0;0.0;0.0;0.0;0.0
2030-12-29 19:00:00;194.1709012292336;0.0;0.0;0.0;0.0;0.0;0.0;0.0
2030-12-29 20:00:00;194.1726899060883;0.0;0.0;0.0;0.0;0.0;0.0;0.0
2030-12-29 21:00:00;194.1580287851273;0.0;0.0;0.0;0.0;0.0;0.0;0.0
2030-12-29 22:00:00;194.1288304777442;0.0;0.0;0.0;0.0;0.0;0.0;0.0
2030-12-29 23:00:00;194.0978568918347;0.0;0.0;0.0;0.0;0.0;0.0;0.0
2030-12-30 00:00:00;194.0336152562602;0.0;0.0;0.0;0.0;0.0;0.0;0.0
2030-12-30 01:00:00;193.9724016429267;0.0;0.0;0.0;0.0;0.0;0.0;0.0
2030-12-30 02:00:00;193.9656287878701;0.0;0.0;0.0;0.0;0.0;0.0;0.0
2030-12-30 03:00:00;193.9034806411237;0.0;0.0;0.0;0.0;0.0;0.0;0.0
2030-12-30 04:00:00;193.8739373267817;0.0;0.0;0.0;0.0;0.0;0.0;0.0
2030-12-30 05:00:00;193.8762049938802;0.0;0.0;0.0;0.0;0.0;0.0;0.0
2030-12-30 06:00:00;193.9481506683421;0.0;0.0;0.0;0.0;0.0;0.0;0.0
2030-12-30 07:00:00;194.1034439948191;0.0;0.0;0.0;0.0;0.0;0.0;0.0
2030-12-30 08:00:00;194.203321834621;0.0;0.0;0.0;0.0;0.0;0.0;0.0
2030-12-30 09:00:00;194.3759492485947;0.0;0.0;0.0;0.0;0.0;0.0;0.0
2030-12-30 10:00:00;194.6711780675058;0.0;0.0;0.0;0.0;0.0;0.0;0.0
2030-12-30 11:00:00;194.6943504766462;0.0;0.0;0.0;0.0;0.0;0.0;0.0
2030-12-30 12:00:00;194.6858559363773;0.0;0.0;0.0;0.0;0.0;0.0;0.0
2030-12-30 13:00:00;194.5403031947197;0.0;0.0;0.0;0.0;0.0;0.0;0.0
2030-12-30 14:00:00;194.53596883545;0.0;0.0;0.0;0.0;0.0;0.0;0.0
2030-12-30 15:00:00;194.4751571719715;0.0;0.0;0.0;0.0;0.0;0.0;0.0
2030-12-30 16:00:00;194.4810122415259;0.0;0.0;0.0;0.0;0.0;0.0;0.0
2030-12-30 17:00:00;194.6614609297614;0.0;0.0;0.0;0.0;0.0;0.0;0.0
2030-12-30 18:00:00;194.7347095916697;0.0;0.0;0.0;0.0;0.0;0.0;0.0
2030-12-30 19:00:00;194.6647234227511;0.0;0.0;0.0;0.0;0.0;0.0;0.0
2030-12-30 20:00:00;194.7740839295486;0.0;0.0;0.0;0.0;0.0;0.0;0.0
2030-12-30 21:00:00;194.7115036867081;0.0;0.0;0.0;0.0;0.0;0.0;0.0
2030-12-30 22:00:00;194.6549560412747;0.0;0.0;0.0;0.0;0.0;0.0;0.0
2030-12-30 23:00:00;194.5704393850979;0.0;0.0;0.0;0.0;0.0;0.0;0.0
2030-12-31 00:00:00;194.5243290375657;0.0;0.0;0.0;0.0;0.0;0.0;0.0
2030-12-31 01:00:00;194.4691279241465;0.0;0.0;0.0;0.0;0.0;0.0;0.0
2030-12-31 02:00:00;194.5116106742373;0.0;0.0;0.0;0.0;0.0;0.0;0.0
2030-12-31 03:00:00;194.6623820648457;0.0;0.0;0.0;0.0;0.0;0.0;0.0
2030-12-31 04:00:00;194.574167470003;0.0;0.0;0.0;0.0;0.0;0.0;0.0
2030-12-31 05:00:00;194.6881805463721;0.0;0.0;0.0;0.0;0.0;0.0;0.0
2030-12-31 06:00:00;194.7740336858167;0.0;0.0;0.0;0.0;0.0;0.0;0.0
2030-12-31 07:00:00;194.888187444635;0.0;0.0;0.0;0.0;0.0;0.0;0.0
2030-12-31 08:00:00;194.8302095276343;0.0;0.0;0.0;0.0;0.0;0.0;0.0
2030-12-31 09:00:00;194.9286403479581;0.0;0.0;0.0;0.0;0.0;0.0;0.0
2030-12-31 10:00:00;194.8058446672574;0.0;0.0;0.0;0.0;0.0;0.0;0.0
2030-12-31 11:00:00;195.1289152127911;0.0;0.0;0.0;0.0;0.0;0.0;0.0
2030-12-31 12:00:00;194.806611721564;0.0;0.0;0.0;0.0;0.0;0.0;0.0
2030-12-31 13:00:00;195.0832738067566;0.0;0.0;0.0;0.0;0.0;0.0;0.0
2030-12-31 14:00:00;195.2207607546574;0.0;0.0;0.0;0.0;0.0;0.0;0.0
2030-12-31 15:00:00;195.2439934562761;0.0;0.0;0.0;0.0;0.0;0.0;0.0
2030-12-31 16:00:00;195.2622319309463;0.0;0.0;0.0;0.0;0.0;0.0;0.0
2030-12-31 17:00:00;195.2340987906789;0.0;0.0;0.0;0.0;0.0;0.0;0.0
2030-12-31 18:00:00;195.3098529400169;0.0;0.0;0.0;0.0;0.0;0.0;0.0
2030-12-31 19:00:00;195.3072804609449;0.0;0.0;0.0;0.0;0.0;0.0;0.0
2030-12-31 20:00:00;195.2258554690694;0.0;0.0;0.0;0.0;0.0;0.0;0.0
2030-12-31 21:00:00;195.127461494149;0.0;0.0;0.0;0.0;0.0;0.0;0.0
2030-12-31 22:00:00;195.1079669261817;0.0;0.0;0.0;0.0;0.0;0.0;0.0
2030-12-31 23:00:00;195.0613675396594;0.0;0.0;0.0;0.0;0.0;0.0;0.0
