;onshore;offshore
onshore;0.0;760.5861423150637
offshore;760.5861423150637;0.0
