timestep;Demand;Import limit;Export limit;Import price;Export price;Import emission factor;Export emission factor;Generic production
2030-01-01 00:00:00;469.4869869480027;1075.0844963913657;0.0;210.02100210021004;0.0;0.0;0.0;0.0
2030-01-01 01:00:00;469.4297781943387;1075.0844963913657;0.0;210.02100210021004;0.0;0.0;0.0;0.0
2030-01-01 02:00:00;468.7034155896963;1075.0844963913657;0.0;210.02100210021004;0.0;0.0;0.0;0.0
2030-01-01 03:00:00;468.0722007948979;1075.0844963913657;0.0;210.02100210021004;0.0;0.0;0.0;0.0
2030-01-01 04:00:00;467.868501889341;1075.0844963913657;0.0;210.02100210021004;0.0;0.0;0.0;0.0
2030-01-01 05:00:00;467.6330289321996;1075.0844963913657;0.0;210.02100210021004;0.0;0.0;0.0;0.0
2030-01-01 06:00:00;467.5789222615017;1075.0844963913657;0.0;210.02100210021004;0.0;0.0;0.0;0.0
2030-01-01 07:00:00;465.7932750322645;1075.0844963913657;0.0;210.02100210021004;0.0;0.0;0.0;0.0
2030-01-01 08:00:00;465.7719773394026;1075.0844963913657;0.0;210.02100210021004;0.0;0.0;0.0;0.0
2030-01-01 09:00:00;466.0748475991044;1075.0844963913657;0.0;210.02100210021004;0.0;0.0;0.0;0.0
2030-01-01 10:00:00;466.6465626484117;1075.0844963913657;0.0;210.02100210021004;0.0;0.0;0.0;0.0
2030-01-01 11:00:00;467.2558437049921;1075.0844963913657;0.0;210.02100210021004;0.0;0.0;0.0;0.0
2030-01-01 12:00:00;467.5042078487763;1075.0844963913657;0.0;210.02100210021004;0.0;0.0;0.0;0.0
2030-01-01 13:00:00;467.6729734541913;1075.0844963913657;0.0;210.02100210021004;0.0;0.0;0.0;0.0
2030-01-01 14:00:00;467.6781117722476;1075.0844963913657;0.0;210.02100210021004;0.0;0.0;0.0;0.0
2030-01-01 15:00:00;467.5214021498336;1075.0844963913657;0.0;210.02100210021004;0.0;0.0;0.0;0.0
2030-01-01 16:00:00;467.6080817625557;1075.0844963913657;0.0;210.02100210021004;0.0;0.0;0.0;0.0
2030-01-01 17:00:00;467.5293547410302;1075.0844963913657;0.0;210.02100210021004;0.0;0.0;0.0;0.0
2030-01-01 18:00:00;467.7519183549278;1075.0844963913657;0.0;210.02100210021004;0.0;0.0;0.0;0.0
2030-01-01 19:00:00;467.5777239258419;1075.0844963913657;0.0;210.02100210021004;0.0;0.0;0.0;0.0
2030-01-01 20:00:00;467.4569280600188;1075.0844963913657;0.0;210.02100210021004;0.0;0.0;0.0;0.0
2030-01-01 21:00:00;467.4248271896181;1075.0844963913657;0.0;210.02100210021004;0.0;0.0;0.0;0.0
2030-01-01 22:00:00;466.8049063649071;1075.0844963913657;0.0;210.02100210021004;0.0;0.0;0.0;0.0
2030-01-01 23:00:00;466.3837640069079;1075.0844963913657;0.0;210.02100210021004;0.0;0.0;0.0;0.0
2030-01-02 00:00:00;465.9042663335989;1075.0844963913657;0.0;210.02100210021004;0.0;0.0;0.0;0.0
2030-01-02 01:00:00;466.0583795620833;1075.0844963913657;0.0;210.02100210021004;0.0;0.0;0.0;0.0
2030-01-02 02:00:00;466.0823462752784;1075.0844963913657;0.0;210.02100210021004;0.0;0.0;0.0;0.0
2030-01-02 03:00:00;465.9912727651372;1075.0844963913657;0.0;210.02100210021004;0.0;0.0;0.0;0.0
2030-01-02 04:00:00;465.959081111732;1075.0844963913657;0.0;210.02100210021004;0.0;0.0;0.0;0.0
2030-01-02 05:00:00;465.7801114966081;1075.0844963913657;0.0;210.02100210021004;0.0;0.0;0.0;0.0
2030-01-02 06:00:00;465.6518532678129;1075.0844963913657;0.0;210.02100210021004;0.0;0.0;0.0;0.0
2030-01-02 07:00:00;466.5175963121811;1075.0844963913657;0.0;210.02100210021004;0.0;0.0;0.0;0.0
2030-01-02 08:00:00;467.8379624866183;1075.0844963913657;0.0;210.02100210021004;0.0;0.0;0.0;0.0
2030-01-02 09:00:00;469.6626069464853;1075.0844963913657;0.0;210.02100210021004;0.0;0.0;0.0;0.0
2030-01-02 10:00:00;470.4682516768402;1075.0844963913657;0.0;210.02100210021004;0.0;0.0;0.0;0.0
2030-01-02 11:00:00;470.9344299529102;1075.0844963913657;0.0;210.02100210021004;0.0;0.0;0.0;0.0
2030-01-02 12:00:00;471.3947158504744;1075.0844963913657;0.0;210.02100210021004;0.0;0.0;0.0;0.0
2030-01-02 13:00:00;470.9970822676964;1075.0844963913657;0.0;210.02100210021004;0.0;0.0;0.0;0.0
2030-01-02 14:00:00;471.0268316771744;1075.0844963913657;0.0;210.02100210021004;0.0;0.0;0.0;0.0
2030-01-02 15:00:00;470.4367555062049;1075.0844963913657;0.0;210.02100210021004;0.0;0.0;0.0;0.0
2030-01-02 16:00:00;470.4473538359829;1075.0844963913657;0.0;210.02100210021004;0.0;0.0;0.0;0.0
2030-01-02 17:00:00;470.2574880720973;1075.0844963913657;0.0;210.02100210021004;0.0;0.0;0.0;0.0
2030-01-02 18:00:00;470.6941886213355;1075.0844963913657;0.0;210.02100210021004;0.0;0.0;0.0;0.0
2030-01-02 19:00:00;470.3635379559519;1075.0844963913657;0.0;210.02100210021004;0.0;0.0;0.0;0.0
2030-01-02 20:00:00;471.3697086841897;1075.0844963913657;0.0;210.02100210021004;0.0;0.0;0.0;0.0
2030-01-02 21:00:00;470.7830731217952;1075.0844963913657;0.0;210.02100210021004;0.0;0.0;0.0;0.0
2030-01-02 22:00:00;470.4963336479922;1075.0844963913657;0.0;210.02100210021004;0.0;0.0;0.0;0.0
2030-01-02 23:00:00;470.4758292684159;1075.0844963913657;0.0;210.02100210021004;0.0;0.0;0.0;0.0
2030-01-03 00:00:00;470.2990197755793;1075.0844963913657;0.0;210.02100210021004;0.0;0.0;0.0;0.0
2030-01-03 01:00:00;469.7532682213761;1075.0844963913657;0.0;210.02100210021004;0.0;0.0;0.0;0.0
2030-01-03 02:00:00;469.3678285887731;1075.0844963913657;0.0;210.02100210021004;0.0;0.0;0.0;0.0
2030-01-03 03:00:00;469.01759275355;1075.0844963913657;0.0;210.02100210021004;0.0;0.0;0.0;0.0
2030-01-03 04:00:00;468.744860847991;1075.0844963913657;0.0;210.02100210021004;0.0;0.0;0.0;0.0
2030-01-03 05:00:00;468.7256940529985;1075.0844963913657;0.0;210.02100210021004;0.0;0.0;0.0;0.0
2030-01-03 06:00:00;469.2374968697517;1075.0844963913657;0.0;210.02100210021004;0.0;0.0;0.0;0.0
2030-01-03 07:00:00;470.3338273075522;1075.0844963913657;0.0;210.02100210021004;0.0;0.0;0.0;0.0
2030-01-03 08:00:00;470.5730853128828;1075.0844963913657;0.0;210.02100210021004;0.0;0.0;0.0;0.0
2030-01-03 09:00:00;470.6681508590435;1075.0844963913657;0.0;210.02100210021004;0.0;0.0;0.0;0.0
2030-01-03 10:00:00;471.2615729361224;1075.0844963913657;0.0;210.02100210021004;0.0;0.0;0.0;0.0
2030-01-03 11:00:00;471.2463505416837;1075.0844963913657;0.0;210.02100210021004;0.0;0.0;0.0;0.0
2030-01-03 12:00:00;470.856131751405;1075.0844963913657;0.0;210.02100210021004;0.0;0.0;0.0;0.0
2030-01-03 13:00:00;470.6717834791107;1075.0844963913657;0.0;210.02100210021004;0.0;0.0;0.0;0.0
2030-01-03 14:00:00;470.843039472364;1075.0844963913657;0.0;210.02100210021004;0.0;0.0;0.0;0.0
2030-01-03 15:00:00;470.9334265097984;1075.0844963913657;0.0;210.02100210021004;0.0;0.0;0.0;0.0
2030-01-03 16:00:00;471.3905670705601;1075.0844963913657;0.0;210.02100210021004;0.0;0.0;0.0;0.0
2030-01-03 17:00:00;472.1812809106118;1075.0844963913657;0.0;210.02100210021004;0.0;0.0;0.0;0.0
2030-01-03 18:00:00;471.9641123141803;1075.0844963913657;0.0;210.02100210021004;0.0;0.0;0.0;0.0
2030-01-03 19:00:00;471.9056062742786;1075.0844963913657;0.0;210.02100210021004;0.0;0.0;0.0;0.0
2030-01-03 20:00:00;471.5861893515951;1075.0844963913657;0.0;210.02100210021004;0.0;0.0;0.0;0.0
2030-01-03 21:00:00;471.282994532863;1075.0844963913657;0.0;210.02100210021004;0.0;0.0;0.0;0.0
2030-01-03 22:00:00;471.4220739121256;1075.0844963913657;0.0;210.02100210021004;0.0;0.0;0.0;0.0
2030-01-03 23:00:00;470.2817115169277;1075.0844963913657;0.0;210.02100210021004;0.0;0.0;0.0;0.0
2030-01-04 00:00:00;470.4061538215617;1075.0844963913657;0.0;210.02100210021004;0.0;0.0;0.0;0.0
2030-01-04 01:00:00;469.9536917695264;1075.0844963913657;0.0;210.02100210021004;0.0;0.0;0.0;0.0
2030-01-04 02:00:00;469.4108186103501;1075.0844963913657;0.0;210.02100210021004;0.0;0.0;0.0;0.0
2030-01-04 03:00:00;469.3078803948051;1075.0844963913657;0.0;210.02100210021004;0.0;0.0;0.0;0.0
2030-01-04 04:00:00;468.9963361415057;1075.0844963913657;0.0;210.02100210021004;0.0;0.0;0.0;0.0
2030-01-04 05:00:00;469.0612103212447;1075.0844963913657;0.0;210.02100210021004;0.0;0.0;0.0;0.0
2030-01-04 06:00:00;468.927473310028;1075.0844963913657;0.0;210.02100210021004;0.0;0.0;0.0;0.0
2030-01-04 07:00:00;470.5836311265568;1075.0844963913657;0.0;210.02100210021004;0.0;0.0;0.0;0.0
2030-01-04 08:00:00;471.1755707835285;1075.0844963913657;0.0;210.02100210021004;0.0;0.0;0.0;0.0
2030-01-04 09:00:00;471.5686679688338;1075.0844963913657;0.0;210.02100210021004;0.0;0.0;0.0;0.0
2030-01-04 10:00:00;471.5433220884071;1075.0844963913657;0.0;210.02100210021004;0.0;0.0;0.0;0.0
2030-01-04 11:00:00;471.7823748430004;1075.0844963913657;0.0;210.02100210021004;0.0;0.0;0.0;0.0
2030-01-04 12:00:00;471.8097280804361;1075.0844963913657;0.0;210.02100210021004;0.0;0.0;0.0;0.0
2030-01-04 13:00:00;471.6709403647926;1075.0844963913657;0.0;210.02100210021004;0.0;0.0;0.0;0.0
2030-01-04 14:00:00;471.6730061121376;1075.0844963913657;0.0;210.02100210021004;0.0;0.0;0.0;0.0
2030-01-04 15:00:00;471.6692065471072;1075.0844963913657;0.0;210.02100210021004;0.0;0.0;0.0;0.0
2030-01-04 16:00:00;471.746127117228;1075.0844963913657;0.0;210.02100210021004;0.0;0.0;0.0;0.0
2030-01-04 17:00:00;471.7581533907422;1075.0844963913657;0.0;210.02100210021004;0.0;0.0;0.0;0.0
2030-01-04 18:00:00;471.4647923869513;1075.0844963913657;0.0;210.02100210021004;0.0;0.0;0.0;0.0
2030-01-04 19:00:00;471.0418981080591;1075.0844963913657;0.0;210.02100210021004;0.0;0.0;0.0;0.0
2030-01-04 20:00:00;470.4174700566099;1075.0844963913657;0.0;210.02100210021004;0.0;0.0;0.0;0.0
2030-01-04 21:00:00;470.014366165989;1075.0844963913657;0.0;210.02100210021004;0.0;0.0;0.0;0.0
2030-01-04 22:00:00;469.8448641395941;1075.0844963913657;0.0;210.02100210021004;0.0;0.0;0.0;0.0
2030-01-04 23:00:00;469.0562622260339;1075.0844963913657;0.0;210.02100210021004;0.0;0.0;0.0;0.0
2030-01-05 00:00:00;468.6043633843689;1075.0844963913657;0.0;210.02100210021004;0.0;0.0;0.0;0.0
2030-01-05 01:00:00;468.4793625702001;1075.0844963913657;0.0;210.02100210021004;0.0;0.0;0.0;0.0
2030-01-05 02:00:00;468.2864668421819;1075.0844963913657;0.0;210.02100210021004;0.0;0.0;0.0;0.0
2030-01-05 03:00:00;467.1143493141368;1075.0844963913657;0.0;210.02100210021004;0.0;0.0;0.0;0.0
2030-01-05 04:00:00;468.1072067214434;1075.0844963913657;0.0;210.02100210021004;0.0;0.0;0.0;0.0
2030-01-05 05:00:00;467.9583044374188;1075.0844963913657;0.0;210.02100210021004;0.0;0.0;0.0;0.0
2030-01-05 06:00:00;467.6366420957798;1075.0844963913657;0.0;210.02100210021004;0.0;0.0;0.0;0.0
2030-01-05 07:00:00;467.6056669346353;1075.0844963913657;0.0;210.02100210021004;0.0;0.0;0.0;0.0
2030-01-05 08:00:00;468.5004423838513;1075.0844963913657;0.0;210.02100210021004;0.0;0.0;0.0;0.0
2030-01-05 09:00:00;469.3149091505666;1075.0844963913657;0.0;210.02100210021004;0.0;0.0;0.0;0.0
2030-01-05 10:00:00;469.8620745567563;1075.0844963913657;0.0;210.02100210021004;0.0;0.0;0.0;0.0
2030-01-05 11:00:00;469.8085140693206;1075.0844963913657;0.0;210.02100210021004;0.0;0.0;0.0;0.0
2030-01-05 12:00:00;470.0324950221496;1075.0844963913657;0.0;210.02100210021004;0.0;0.0;0.0;0.0
2030-01-05 13:00:00;469.9479367032472;1075.0844963913657;0.0;210.02100210021004;0.0;0.0;0.0;0.0
2030-01-05 14:00:00;470.0925217114775;1075.0844963913657;0.0;210.02100210021004;0.0;0.0;0.0;0.0
2030-01-05 15:00:00;470.089510692117;1075.0844963913657;0.0;210.02100210021004;0.0;0.0;0.0;0.0
2030-01-05 16:00:00;470.0063064347739;1075.0844963913657;0.0;210.02100210021004;0.0;0.0;0.0;0.0
2030-01-05 17:00:00;469.9872422489973;1075.0844963913657;0.0;210.02100210021004;0.0;0.0;0.0;0.0
2030-01-05 18:00:00;470.0612421977836;1075.0844963913657;0.0;210.02100210021004;0.0;0.0;0.0;0.0
2030-01-05 19:00:00;470.0372097999283;1075.0844963913657;0.0;210.02100210021004;0.0;0.0;0.0;0.0
2030-01-05 20:00:00;469.9901668231706;1075.0844963913657;0.0;210.02100210021004;0.0;0.0;0.0;0.0
2030-01-05 21:00:00;469.7310300241145;1075.0844963913657;0.0;210.02100210021004;0.0;0.0;0.0;0.0
2030-01-05 22:00:00;469.5233795092986;1075.0844963913657;0.0;210.02100210021004;0.0;0.0;0.0;0.0
2030-01-05 23:00:00;469.4180215073091;1075.0844963913657;0.0;210.02100210021004;0.0;0.0;0.0;0.0
2030-01-06 00:00:00;468.6948127649785;1075.0844963913657;0.0;210.02100210021004;0.0;0.0;0.0;0.0
2030-01-06 01:00:00;468.946790885955;1075.0844963913657;0.0;210.02100210021004;0.0;0.0;0.0;0.0
2030-01-06 02:00:00;468.5634371498701;1075.0844963913657;0.0;210.02100210021004;0.0;0.0;0.0;0.0
2030-01-06 03:00:00;468.2390781138189;1075.0844963913657;0.0;210.02100210021004;0.0;0.0;0.0;0.0
2030-01-06 04:00:00;468.2966708518907;1075.0844963913657;0.0;210.02100210021004;0.0;0.0;0.0;0.0
2030-01-06 05:00:00;467.2902867769097;1075.0844963913657;0.0;210.02100210021004;0.0;0.0;0.0;0.0
2030-01-06 06:00:00;467.249543364478;1075.0844963913657;0.0;210.02100210021004;0.0;0.0;0.0;0.0
2030-01-06 07:00:00;468.2730854273145;1075.0844963913657;0.0;210.02100210021004;0.0;0.0;0.0;0.0
2030-01-06 08:00:00;468.8496119758617;1075.0844963913657;0.0;210.02100210021004;0.0;0.0;0.0;0.0
2030-01-06 09:00:00;469.2411254871131;1075.0844963913657;0.0;210.02100210021004;0.0;0.0;0.0;0.0
2030-01-06 10:00:00;470.013681026506;1075.0844963913657;0.0;210.02100210021004;0.0;0.0;0.0;0.0
2030-01-06 11:00:00;470.2584066232164;1075.0844963913657;0.0;210.02100210021004;0.0;0.0;0.0;0.0
2030-01-06 12:00:00;470.3001422999986;1075.0844963913657;0.0;210.02100210021004;0.0;0.0;0.0;0.0
2030-01-06 13:00:00;470.5258974682963;1075.0844963913657;0.0;210.02100210021004;0.0;0.0;0.0;0.0
2030-01-06 14:00:00;470.2573010102664;1075.0844963913657;0.0;210.02100210021004;0.0;0.0;0.0;0.0
2030-01-06 15:00:00;470.348046007334;1075.0844963913657;0.0;210.02100210021004;0.0;0.0;0.0;0.0
2030-01-06 16:00:00;470.3560193256673;1075.0844963913657;0.0;210.02100210021004;0.0;0.0;0.0;0.0
2030-01-06 17:00:00;470.5294878620558;1075.0844963913657;0.0;210.02100210021004;0.0;0.0;0.0;0.0
2030-01-06 18:00:00;470.5260644132595;1075.0844963913657;0.0;210.02100210021004;0.0;0.0;0.0;0.0
2030-01-06 19:00:00;470.3664203038177;1075.0844963913657;0.0;210.02100210021004;0.0;0.0;0.0;0.0
2030-01-06 20:00:00;470.2615390670113;1075.0844963913657;0.0;210.02100210021004;0.0;0.0;0.0;0.0
2030-01-06 21:00:00;470.2348133756934;1075.0844963913657;0.0;210.02100210021004;0.0;0.0;0.0;0.0
2030-01-06 22:00:00;470.144530940047;1075.0844963913657;0.0;210.02100210021004;0.0;0.0;0.0;0.0
2030-01-06 23:00:00;469.5490431156232;1075.0844963913657;0.0;210.02100210021004;0.0;0.0;0.0;0.0
2030-01-07 00:00:00;468.1980078825711;1075.0844963913657;0.0;210.02100210021004;0.0;0.0;0.0;0.0
2030-01-07 01:00:00;468.6683727856248;1075.0844963913657;0.0;210.02100210021004;0.0;0.0;0.0;0.0
2030-01-07 02:00:00;468.6380512621128;1075.0844963913657;0.0;210.02100210021004;0.0;0.0;0.0;0.0
2030-01-07 03:00:00;468.7554336869658;1075.0844963913657;0.0;210.02100210021004;0.0;0.0;0.0;0.0
2030-01-07 04:00:00;468.8827268042775;1075.0844963913657;0.0;210.02100210021004;0.0;0.0;0.0;0.0
2030-01-07 05:00:00;468.3162799808683;1075.0844963913657;0.0;210.02100210021004;0.0;0.0;0.0;0.0
2030-01-07 06:00:00;468.7588652845369;1075.0844963913657;0.0;210.02100210021004;0.0;0.0;0.0;0.0
2030-01-07 07:00:00;470.8810477062158;1075.0844963913657;0.0;210.02100210021004;0.0;0.0;0.0;0.0
2030-01-07 08:00:00;471.6310600189531;1075.0844963913657;0.0;210.02100210021004;0.0;0.0;0.0;0.0
2030-01-07 09:00:00;471.8938314306482;1075.0844963913657;0.0;210.02100210021004;0.0;0.0;0.0;0.0
2030-01-07 10:00:00;472.0255591245893;1075.0844963913657;0.0;210.02100210021004;0.0;0.0;0.0;0.0
2030-01-07 11:00:00;472.0634581756988;1075.0844963913657;0.0;210.02100210021004;0.0;0.0;0.0;0.0
2030-01-07 12:00:00;472.1212723337354;1075.0844963913657;0.0;210.02100210021004;0.0;0.0;0.0;0.0
2030-01-07 13:00:00;472.2508738974232;1075.0844963913657;0.0;210.02100210021004;0.0;0.0;0.0;0.0
2030-01-07 14:00:00;472.0228034556461;1075.0844963913657;0.0;210.02100210021004;0.0;0.0;0.0;0.0
2030-01-07 15:00:00;471.8062825221999;1075.0844963913657;0.0;210.02100210021004;0.0;0.0;0.0;0.0
2030-01-07 16:00:00;471.8067391705155;1075.0844963913657;0.0;210.02100210021004;0.0;0.0;0.0;0.0
2030-01-07 17:00:00;471.8594221243491;1075.0844963913657;0.0;210.02100210021004;0.0;0.0;0.0;0.0
2030-01-07 18:00:00;471.6338981479393;1075.0844963913657;0.0;210.02100210021004;0.0;0.0;0.0;0.0
2030-01-07 19:00:00;470.8165430691846;1075.0844963913657;0.0;210.02100210021004;0.0;0.0;0.0;0.0
2030-01-07 20:00:00;469.6375917335844;1075.0844963913657;0.0;210.02100210021004;0.0;0.0;0.0;0.0
2030-01-07 21:00:00;469.0477640031041;1075.0844963913657;0.0;210.02100210021004;0.0;0.0;0.0;0.0
2030-01-07 22:00:00;468.7846164751747;1075.0844963913657;0.0;210.02100210021004;0.0;0.0;0.0;0.0
2030-01-07 23:00:00;467.8925593855405;1075.0844963913657;0.0;210.02100210021004;0.0;0.0;0.0;0.0
2030-01-08 00:00:00;467.1178716947125;1075.0844963913657;0.0;210.02100210021004;0.0;0.0;0.0;0.0
2030-01-08 01:00:00;466.6534076869531;1075.0844963913657;0.0;210.02100210021004;0.0;0.0;0.0;0.0
2030-01-08 02:00:00;466.3788980378652;1075.0844963913657;0.0;210.02100210021004;0.0;0.0;0.0;0.0
2030-01-08 03:00:00;465.918228759695;1075.0844963913657;0.0;210.02100210021004;0.0;0.0;0.0;0.0
2030-01-08 04:00:00;465.8895231736637;1075.0844963913657;0.0;210.02100210021004;0.0;0.0;0.0;0.0
2030-01-08 05:00:00;466.2580113890375;1075.0844963913657;0.0;210.02100210021004;0.0;0.0;0.0;0.0
2030-01-08 06:00:00;466.717682054158;1075.0844963913657;0.0;210.02100210021004;0.0;0.0;0.0;0.0
2030-01-08 07:00:00;468.0991633472424;1075.0844963913657;0.0;210.02100210021004;0.0;0.0;0.0;0.0
2030-01-08 08:00:00;469.54186646795;1075.0844963913657;0.0;210.02100210021004;0.0;0.0;0.0;0.0
2030-01-08 09:00:00;470.3889668575903;1075.0844963913657;0.0;210.02100210021004;0.0;0.0;0.0;0.0
2030-01-08 10:00:00;469.7747559400347;1075.0844963913657;0.0;210.02100210021004;0.0;0.0;0.0;0.0
2030-01-08 11:00:00;469.173504913085;1075.0844963913657;0.0;210.02100210021004;0.0;0.0;0.0;0.0
2030-01-08 12:00:00;468.7342365794788;1075.0844963913657;0.0;210.02100210021004;0.0;0.0;0.0;0.0
2030-01-08 13:00:00;468.9366062636523;1075.0844963913657;0.0;210.02100210021004;0.0;0.0;0.0;0.0
2030-01-08 14:00:00;468.8412060976992;1075.0844963913657;0.0;210.02100210021004;0.0;0.0;0.0;0.0
2030-01-08 15:00:00;468.8498192022797;1075.0844963913657;0.0;210.02100210021004;0.0;0.0;0.0;0.0
2030-01-08 16:00:00;468.8988374542913;1075.0844963913657;0.0;210.02100210021004;0.0;0.0;0.0;0.0
2030-01-08 17:00:00;533.040815482424;1075.0844963913657;0.0;210.02100210021004;0.0;0.0;0.0;0.0
2030-01-08 18:00:00;532.4033105590674;1075.0844963913657;0.0;210.02100210021004;0.0;0.0;0.0;0.0
2030-01-08 19:00:00;532.5895662963167;1075.0844963913657;0.0;210.02100210021004;0.0;0.0;0.0;0.0
2030-01-08 20:00:00;532.1486900335087;1075.0844963913657;0.0;210.02100210021004;0.0;0.0;0.0;0.0
2030-01-08 21:00:00;531.7081717626393;1075.0844963913657;0.0;210.02100210021004;0.0;0.0;0.0;0.0
2030-01-08 22:00:00;531.2180841665127;1075.0844963913657;0.0;210.02100210021004;0.0;0.0;0.0;0.0
2030-01-08 23:00:00;530.4810107634997;1075.0844963913657;0.0;210.02100210021004;0.0;0.0;0.0;0.0
2030-01-09 00:00:00;529.8790683540516;1075.0844963913657;0.0;210.02100210021004;0.0;0.0;0.0;0.0
2030-01-09 01:00:00;465.8022625497127;1075.0844963913657;0.0;210.02100210021004;0.0;0.0;0.0;0.0
2030-01-09 02:00:00;465.86798944499;1075.0844963913657;0.0;210.02100210021004;0.0;0.0;0.0;0.0
2030-01-09 03:00:00;465.9146519093167;1075.0844963913657;0.0;210.02100210021004;0.0;0.0;0.0;0.0
2030-01-09 04:00:00;466.2213350552087;1075.0844963913657;0.0;210.02100210021004;0.0;0.0;0.0;0.0
2030-01-09 05:00:00;466.1048241471992;1075.0844963913657;0.0;210.02100210021004;0.0;0.0;0.0;0.0
2030-01-09 06:00:00;466.9926637748693;1075.0844963913657;0.0;210.02100210021004;0.0;0.0;0.0;0.0
2030-01-09 07:00:00;533.1835495911935;1075.0844963913657;0.0;210.02100210021004;0.0;0.0;0.0;0.0
2030-01-09 08:00:00;533.7830437972001;1075.0844963913657;0.0;210.02100210021004;0.0;0.0;0.0;0.0
2030-01-09 09:00:00;470.8720199654302;1075.0844963913657;0.0;210.02100210021004;0.0;0.0;0.0;0.0
2030-01-09 10:00:00;471.1356261019417;1075.0844963913657;0.0;210.02100210021004;0.0;0.0;0.0;0.0
2030-01-09 11:00:00;470.5417454162805;1075.0844963913657;0.0;210.02100210021004;0.0;0.0;0.0;0.0
2030-01-09 12:00:00;470.4303953906877;1075.0844963913657;0.0;210.02100210021004;0.0;0.0;0.0;0.0
2030-01-09 13:00:00;470.4462413784051;1075.0844963913657;0.0;210.02100210021004;0.0;0.0;0.0;0.0
2030-01-09 14:00:00;470.5540451968128;1075.0844963913657;0.0;210.02100210021004;0.0;0.0;0.0;0.0
2030-01-09 15:00:00;470.7131280884564;1075.0844963913657;0.0;210.02100210021004;0.0;0.0;0.0;0.0
2030-01-09 16:00:00;470.7598111130089;1075.0844963913657;0.0;210.02100210021004;0.0;0.0;0.0;0.0
2030-01-09 17:00:00;470.8756746949371;1075.0844963913657;0.0;210.02100210021004;0.0;0.0;0.0;0.0
2030-01-09 18:00:00;471.2372689915158;1075.0844963913657;0.0;210.02100210021004;0.0;0.0;0.0;0.0
2030-01-09 19:00:00;471.2136127098946;1075.0844963913657;0.0;210.02100210021004;0.0;0.0;0.0;0.0
2030-01-09 20:00:00;471.8518813846247;1075.0844963913657;0.0;210.02100210021004;0.0;0.0;0.0;0.0
2030-01-09 21:00:00;471.5228820445782;1075.0844963913657;0.0;210.02100210021004;0.0;0.0;0.0;0.0
2030-01-09 22:00:00;527.2489396792251;1075.0844963913657;0.0;210.02100210021004;0.0;0.0;0.0;0.0
2030-01-09 23:00:00;470.0061817161181;1075.0844963913657;0.0;210.02100210021004;0.0;0.0;0.0;0.0
2030-01-10 00:00:00;469.160680901419;1075.0844963913657;0.0;210.02100210021004;0.0;0.0;0.0;0.0
2030-01-10 01:00:00;469.8053417856929;1075.0844963913657;0.0;210.02100210021004;0.0;0.0;0.0;0.0
2030-01-10 02:00:00;469.6925073797262;1075.0844963913657;0.0;210.02100210021004;0.0;0.0;0.0;0.0
2030-01-10 03:00:00;469.842422276015;1075.0844963913657;0.0;210.02100210021004;0.0;0.0;0.0;0.0
2030-01-10 04:00:00;469.8473502220529;1075.0844963913657;0.0;210.02100210021004;0.0;0.0;0.0;0.0
2030-01-10 05:00:00;533.9565790563597;1075.0844963913657;0.0;210.02100210021004;0.0;0.0;0.0;0.0
2030-01-10 06:00:00;534.426789819028;1075.0844963913657;0.0;210.02100210021004;0.0;0.0;0.0;0.0
2030-01-10 07:00:00;535.9772517908017;1075.0844963913657;0.0;210.02100210021004;0.0;0.0;0.0;0.0
2030-01-10 08:00:00;536.0804595605259;1075.0844963913657;0.0;210.02100210021004;0.0;0.0;0.0;0.0
2030-01-10 09:00:00;536.0497472100412;1075.0844963913657;0.0;210.02100210021004;0.0;0.0;0.0;0.0
2030-01-10 10:00:00;478.2135862887287;1075.0844963913657;0.0;210.02100210021004;0.0;0.0;0.0;0.0
2030-01-10 11:00:00;472.2573446464764;1075.0844963913657;0.0;210.02100210021004;0.0;0.0;0.0;0.0
2030-01-10 12:00:00;472.2830706282816;1075.0844963913657;0.0;210.02100210021004;0.0;0.0;0.0;0.0
2030-01-10 13:00:00;472.2940509808311;1075.0844963913657;0.0;210.02100210021004;0.0;0.0;0.0;0.0
2030-01-10 14:00:00;472.1851428511227;1075.0844963913657;0.0;210.02100210021004;0.0;0.0;0.0;0.0
2030-01-10 15:00:00;471.5004567854857;1075.0844963913657;0.0;210.02100210021004;0.0;0.0;0.0;0.0
2030-01-10 16:00:00;472.0815790820322;1075.0844963913657;0.0;210.02100210021004;0.0;0.0;0.0;0.0
2030-01-10 17:00:00;471.9907535528833;1075.0844963913657;0.0;210.02100210021004;0.0;0.0;0.0;0.0
2030-01-10 18:00:00;471.8696300952576;1075.0844963913657;0.0;210.02100210021004;0.0;0.0;0.0;0.0
2030-01-10 19:00:00;511.7693258905058;1075.0844963913657;0.0;210.02100210021004;0.0;0.0;0.0;0.0
2030-01-10 20:00:00;472.2462999581796;1075.0844963913657;0.0;210.02100210021004;0.0;0.0;0.0;0.0
2030-01-10 21:00:00;472.0504061303932;1075.0844963913657;0.0;210.02100210021004;0.0;0.0;0.0;0.0
2030-01-10 22:00:00;471.6934903425407;1075.0844963913657;0.0;210.02100210021004;0.0;0.0;0.0;0.0
2030-01-10 23:00:00;471.2872546990479;1075.0844963913657;0.0;210.02100210021004;0.0;0.0;0.0;0.0
2030-01-11 00:00:00;470.0078129245874;1075.0844963913657;0.0;210.02100210021004;0.0;0.0;0.0;0.0
2030-01-11 01:00:00;469.9041627103098;1075.0844963913657;0.0;210.02100210021004;0.0;0.0;0.0;0.0
2030-01-11 02:00:00;469.6278202618183;1075.0844963913657;0.0;210.02100210021004;0.0;0.0;0.0;0.0
2030-01-11 03:00:00;469.1961139869375;1075.0844963913657;0.0;210.02100210021004;0.0;0.0;0.0;0.0
2030-01-11 04:00:00;469.3615851675914;1075.0844963913657;0.0;210.02100210021004;0.0;0.0;0.0;0.0
2030-01-11 05:00:00;469.0996907393254;1075.0844963913657;0.0;210.02100210021004;0.0;0.0;0.0;0.0
2030-01-11 06:00:00;469.4084813162536;1075.0844963913657;0.0;210.02100210021004;0.0;0.0;0.0;0.0
2030-01-11 07:00:00;470.4960179146664;1075.0844963913657;0.0;210.02100210021004;0.0;0.0;0.0;0.0
2030-01-11 08:00:00;535.7054410552463;1075.0844963913657;0.0;210.02100210021004;0.0;0.0;0.0;0.0
2030-01-11 09:00:00;535.5222412808272;1075.0844963913657;0.0;210.02100210021004;0.0;0.0;0.0;0.0
2030-01-11 10:00:00;492.8659344888193;1075.0844963913657;0.0;210.02100210021004;0.0;0.0;0.0;0.0
2030-01-11 11:00:00;535.3275180926611;1075.0844963913657;0.0;210.02100210021004;0.0;0.0;0.0;0.0
2030-01-11 12:00:00;535.399595169359;1075.0844963913657;0.0;210.02100210021004;0.0;0.0;0.0;0.0
2030-01-11 13:00:00;535.1935738704404;1075.0844963913657;0.0;210.02100210021004;0.0;0.0;0.0;0.0
2030-01-11 14:00:00;534.8511483614262;1075.0844963913657;0.0;210.02100210021004;0.0;0.0;0.0;0.0
2030-01-11 15:00:00;534.9102176116982;1075.0844963913657;0.0;210.02100210021004;0.0;0.0;0.0;0.0
2030-01-11 16:00:00;481.1850719949931;1075.0844963913657;0.0;210.02100210021004;0.0;0.0;0.0;0.0
2030-01-11 17:00:00;471.1914791144212;1075.0844963913657;0.0;210.02100210021004;0.0;0.0;0.0;0.0
2030-01-11 18:00:00;471.3430634926479;1075.0844963913657;0.0;210.02100210021004;0.0;0.0;0.0;0.0
2030-01-11 19:00:00;471.0505411988175;1075.0844963913657;0.0;210.02100210021004;0.0;0.0;0.0;0.0
2030-01-11 20:00:00;470.4367414533905;1075.0844963913657;0.0;210.02100210021004;0.0;0.0;0.0;0.0
2030-01-11 21:00:00;469.0173835822793;1075.0844963913657;0.0;210.02100210021004;0.0;0.0;0.0;0.0
2030-01-11 22:00:00;468.8807681760356;1075.0844963913657;0.0;210.02100210021004;0.0;0.0;0.0;0.0
2030-01-11 23:00:00;468.6803426676184;1075.0844963913657;0.0;210.02100210021004;0.0;0.0;0.0;0.0
2030-01-12 00:00:00;468.3739635019446;1075.0844963913657;0.0;210.02100210021004;0.0;0.0;0.0;0.0
2030-01-12 01:00:00;467.2691343368548;1075.0844963913657;0.0;210.02100210021004;0.0;0.0;0.0;0.0
2030-01-12 02:00:00;465.9862978564891;1075.0844963913657;0.0;210.02100210021004;0.0;0.0;0.0;0.0
2030-01-12 03:00:00;465.6535418316971;1075.0844963913657;0.0;210.02100210021004;0.0;0.0;0.0;0.0
2030-01-12 04:00:00;465.5587462183702;1075.0844963913657;0.0;210.02100210021004;0.0;0.0;0.0;0.0
2030-01-12 05:00:00;465.5928261582696;1075.0844963913657;0.0;210.02100210021004;0.0;0.0;0.0;0.0
2030-01-12 06:00:00;465.6982978529286;1075.0844963913657;0.0;210.02100210021004;0.0;0.0;0.0;0.0
2030-01-12 07:00:00;466.9765044000636;1075.0844963913657;0.0;210.02100210021004;0.0;0.0;0.0;0.0
2030-01-12 08:00:00;467.7000631027422;1075.0844963913657;0.0;210.02100210021004;0.0;0.0;0.0;0.0
2030-01-12 09:00:00;468.2709429484078;1075.0844963913657;0.0;210.02100210021004;0.0;0.0;0.0;0.0
2030-01-12 10:00:00;468.461932233331;1075.0844963913657;0.0;210.02100210021004;0.0;0.0;0.0;0.0
2030-01-12 11:00:00;468.536737429061;1075.0844963913657;0.0;210.02100210021004;0.0;0.0;0.0;0.0
2030-01-12 12:00:00;468.5032021871888;1075.0844963913657;0.0;210.02100210021004;0.0;0.0;0.0;0.0
2030-01-12 13:00:00;468.4641654952424;1075.0844963913657;0.0;210.02100210021004;0.0;0.0;0.0;0.0
2030-01-12 14:00:00;468.4518916330304;1075.0844963913657;0.0;210.02100210021004;0.0;0.0;0.0;0.0
2030-01-12 15:00:00;468.5105192973537;1075.0844963913657;0.0;210.02100210021004;0.0;0.0;0.0;0.0
2030-01-12 16:00:00;468.5721064876246;1075.0844963913657;0.0;210.02100210021004;0.0;0.0;0.0;0.0
2030-01-12 17:00:00;468.5726693422527;1075.0844963913657;0.0;210.02100210021004;0.0;0.0;0.0;0.0
2030-01-12 18:00:00;468.6743463073225;1075.0844963913657;0.0;210.02100210021004;0.0;0.0;0.0;0.0
2030-01-12 19:00:00;468.3755068130216;1075.0844963913657;0.0;210.02100210021004;0.0;0.0;0.0;0.0
2030-01-12 20:00:00;468.2123515972862;1075.0844963913657;0.0;210.02100210021004;0.0;0.0;0.0;0.0
2030-01-12 21:00:00;467.5294273674338;1075.0844963913657;0.0;210.02100210021004;0.0;0.0;0.0;0.0
2030-01-12 22:00:00;466.4106357762478;1075.0844963913657;0.0;210.02100210021004;0.0;0.0;0.0;0.0
2030-01-12 23:00:00;465.9999697769708;1075.0844963913657;0.0;210.02100210021004;0.0;0.0;0.0;0.0
2030-01-13 00:00:00;465.9879682637724;1075.0844963913657;0.0;210.02100210021004;0.0;0.0;0.0;0.0
2030-01-13 01:00:00;465.2896653929532;1075.0844963913657;0.0;210.02100210021004;0.0;0.0;0.0;0.0
2030-01-13 02:00:00;465.0815362767753;1075.0844963913657;0.0;210.02100210021004;0.0;0.0;0.0;0.0
2030-01-13 03:00:00;465.0848770913418;1075.0844963913657;0.0;210.02100210021004;0.0;0.0;0.0;0.0
2030-01-13 04:00:00;464.6077034629486;1075.0844963913657;0.0;210.02100210021004;0.0;0.0;0.0;0.0
2030-01-13 05:00:00;464.4852916596449;1075.0844963913657;0.0;210.02100210021004;0.0;0.0;0.0;0.0
2030-01-13 06:00:00;464.4817511224683;1075.0844963913657;0.0;210.02100210021004;0.0;0.0;0.0;0.0
2030-01-13 07:00:00;465.3819190821532;1075.0844963913657;0.0;210.02100210021004;0.0;0.0;0.0;0.0
2030-01-13 08:00:00;465.3596227762414;1075.0844963913657;0.0;210.02100210021004;0.0;0.0;0.0;0.0
2030-01-13 09:00:00;465.6285946620531;1075.0844963913657;0.0;210.02100210021004;0.0;0.0;0.0;0.0
2030-01-13 10:00:00;466.2880968767377;1075.0844963913657;0.0;210.02100210021004;0.0;0.0;0.0;0.0
2030-01-13 11:00:00;466.3297844324163;1075.0844963913657;0.0;210.02100210021004;0.0;0.0;0.0;0.0
2030-01-13 12:00:00;466.4049890733663;1075.0844963913657;0.0;210.02100210021004;0.0;0.0;0.0;0.0
2030-01-13 13:00:00;466.4202224615258;1075.0844963913657;0.0;210.02100210021004;0.0;0.0;0.0;0.0
2030-01-13 14:00:00;466.5748259182348;1075.0844963913657;0.0;210.02100210021004;0.0;0.0;0.0;0.0
2030-01-13 15:00:00;466.7349308250181;1075.0844963913657;0.0;210.02100210021004;0.0;0.0;0.0;0.0
2030-01-13 16:00:00;530.6435593302473;1075.0844963913657;0.0;210.02100210021004;0.0;0.0;0.0;0.0
2030-01-13 17:00:00;529.533469658382;1075.0844963913657;0.0;210.02100210021004;0.0;0.0;0.0;0.0
2030-01-13 18:00:00;492.5080023447622;1075.0844963913657;0.0;210.02100210021004;0.0;0.0;0.0;0.0
2030-01-13 19:00:00;488.1433113329737;1075.0844963913657;0.0;210.02100210021004;0.0;0.0;0.0;0.0
2030-01-13 20:00:00;530.5876017482849;1075.0844963913657;0.0;210.02100210021004;0.0;0.0;0.0;0.0
2030-01-13 21:00:00;530.5175501528913;1075.0844963913657;0.0;210.02100210021004;0.0;0.0;0.0;0.0
2030-01-13 22:00:00;530.595577026885;1075.0844963913657;0.0;210.02100210021004;0.0;0.0;0.0;0.0
2030-01-13 23:00:00;530.3097768796864;1075.0844963913657;0.0;210.02100210021004;0.0;0.0;0.0;0.0
2030-01-14 00:00:00;466.2711204548912;1075.0844963913657;0.0;210.02100210021004;0.0;0.0;0.0;0.0
2030-01-14 01:00:00;529.6110194502307;1075.0844963913657;0.0;210.02100210021004;0.0;0.0;0.0;0.0
2030-01-14 02:00:00;530.7747439306858;1075.0844963913657;0.0;210.02100210021004;0.0;0.0;0.0;0.0
2030-01-14 03:00:00;530.0697828059164;1075.0844963913657;0.0;210.02100210021004;0.0;0.0;0.0;0.0
2030-01-14 04:00:00;530.4828673395741;1075.0844963913657;0.0;210.02100210021004;0.0;0.0;0.0;0.0
2030-01-14 05:00:00;530.6944220212084;1075.0844963913657;0.0;210.02100210021004;0.0;0.0;0.0;0.0
2030-01-14 06:00:00;531.6789820983024;1075.0844963913657;0.0;210.02100210021004;0.0;0.0;0.0;0.0
2030-01-14 07:00:00;532.5483704753333;1075.0844963913657;0.0;210.02100210021004;0.0;0.0;0.0;0.0
2030-01-14 08:00:00;533.5586324322205;1075.0844963913657;0.0;210.02100210021004;0.0;0.0;0.0;0.0
2030-01-14 09:00:00;535.2490748363925;1075.0844963913657;0.0;210.02100210021004;0.0;0.0;0.0;0.0
2030-01-14 10:00:00;535.5336017347549;1075.0844963913657;0.0;210.02100210021004;0.0;0.0;0.0;0.0
2030-01-14 11:00:00;535.5146421507663;1075.0844963913657;0.0;210.02100210021004;0.0;0.0;0.0;0.0
2030-01-14 12:00:00;535.2469427930333;1075.0844963913657;0.0;210.02100210021004;0.0;0.0;0.0;0.0
2030-01-14 13:00:00;534.913785896018;1075.0844963913657;0.0;210.02100210021004;0.0;0.0;0.0;0.0
2030-01-14 14:00:00;534.9314501540359;1075.0844963913657;0.0;210.02100210021004;0.0;0.0;0.0;0.0
2030-01-14 15:00:00;535.2030114522797;1075.0844963913657;0.0;210.02100210021004;0.0;0.0;0.0;0.0
2030-01-14 16:00:00;535.5911644952133;1075.0844963913657;0.0;210.02100210021004;0.0;0.0;0.0;0.0
2030-01-14 17:00:00;535.7481816395118;1075.0844963913657;0.0;210.02100210021004;0.0;0.0;0.0;0.0
2030-01-14 18:00:00;536.4439747689263;1075.0844963913657;0.0;210.02100210021004;0.0;0.0;0.0;0.0
2030-01-14 19:00:00;535.6013764189606;1075.0844963913657;0.0;210.02100210021004;0.0;0.0;0.0;0.0
2030-01-14 20:00:00;535.6174335382158;1075.0844963913657;0.0;210.02100210021004;0.0;0.0;0.0;0.0
2030-01-14 21:00:00;534.7799281189845;1075.0844963913657;0.0;210.02100210021004;0.0;0.0;0.0;0.0
2030-01-14 22:00:00;534.2843091004088;1075.0844963913657;0.0;210.02100210021004;0.0;0.0;0.0;0.0
2030-01-14 23:00:00;533.9571844930375;1075.0844963913657;0.0;210.02100210021004;0.0;0.0;0.0;0.0
2030-01-15 00:00:00;533.7727959547026;1075.0844963913657;0.0;210.02100210021004;0.0;0.0;0.0;0.0
2030-01-15 01:00:00;533.2381514642767;1075.0844963913657;0.0;210.02100210021004;0.0;0.0;0.0;0.0
2030-01-15 02:00:00;533.1058163733908;1075.0844963913657;0.0;210.02100210021004;0.0;0.0;0.0;0.0
2030-01-15 03:00:00;532.8784137437722;1075.0844963913657;0.0;210.02100210021004;0.0;0.0;0.0;0.0
2030-01-15 04:00:00;532.5942428447761;1075.0844963913657;0.0;210.02100210021004;0.0;0.0;0.0;0.0
2030-01-15 05:00:00;532.7675625928023;1075.0844963913657;0.0;210.02100210021004;0.0;0.0;0.0;0.0
2030-01-15 06:00:00;533.1983737276531;1075.0844963913657;0.0;210.02100210021004;0.0;0.0;0.0;0.0
2030-01-15 07:00:00;533.723059684482;1075.0844963913657;0.0;210.02100210021004;0.0;0.0;0.0;0.0
2030-01-15 08:00:00;534.7554994557222;1075.0844963913657;0.0;210.02100210021004;0.0;0.0;0.0;0.0
2030-01-15 09:00:00;535.0704671578178;1075.0844963913657;0.0;210.02100210021004;0.0;0.0;0.0;0.0
2030-01-15 10:00:00;534.8644257420316;1075.0844963913657;0.0;210.02100210021004;0.0;0.0;0.0;0.0
2030-01-15 11:00:00;534.5989409200059;1075.0844963913657;0.0;210.02100210021004;0.0;0.0;0.0;0.0
2030-01-15 12:00:00;534.6831086059653;1075.0844963913657;0.0;210.02100210021004;0.0;0.0;0.0;0.0
2030-01-15 13:00:00;534.9663642480638;1075.0844963913657;0.0;210.02100210021004;0.0;0.0;0.0;0.0
2030-01-15 14:00:00;534.4559593664969;1075.0844963913657;0.0;210.02100210021004;0.0;0.0;0.0;0.0
2030-01-15 15:00:00;534.4594230813342;1075.0844963913657;0.0;210.02100210021004;0.0;0.0;0.0;0.0
2030-01-15 16:00:00;534.43741812505;1075.0844963913657;0.0;210.02100210021004;0.0;0.0;0.0;0.0
2030-01-15 17:00:00;534.2566823559551;1075.0844963913657;0.0;210.02100210021004;0.0;0.0;0.0;0.0
2030-01-15 18:00:00;534.2858519034244;1075.0844963913657;0.0;210.02100210021004;0.0;0.0;0.0;0.0
2030-01-15 19:00:00;534.1402153299214;1075.0844963913657;0.0;210.02100210021004;0.0;0.0;0.0;0.0
2030-01-15 20:00:00;533.3301274838728;1075.0844963913657;0.0;210.02100210021004;0.0;0.0;0.0;0.0
2030-01-15 21:00:00;532.7865020599232;1075.0844963913657;0.0;210.02100210021004;0.0;0.0;0.0;0.0
2030-01-15 22:00:00;532.5633817059291;1075.0844963913657;0.0;210.02100210021004;0.0;0.0;0.0;0.0
2030-01-15 23:00:00;532.2469698571952;1075.0844963913657;0.0;210.02100210021004;0.0;0.0;0.0;0.0
2030-01-16 00:00:00;531.3817591540006;1075.0844963913657;0.0;210.02100210021004;0.0;0.0;0.0;0.0
2030-01-16 01:00:00;530.1990102136368;1075.0844963913657;0.0;210.02100210021004;0.0;0.0;0.0;0.0
2030-01-16 02:00:00;529.7723747600505;1075.0844963913657;0.0;210.02100210021004;0.0;0.0;0.0;0.0
2030-01-16 03:00:00;530.3086303420779;1075.0844963913657;0.0;210.02100210021004;0.0;0.0;0.0;0.0
2030-01-16 04:00:00;530.1303988120427;1075.0844963913657;0.0;210.02100210021004;0.0;0.0;0.0;0.0
2030-01-16 05:00:00;530.0045766965177;1075.0844963913657;0.0;210.02100210021004;0.0;0.0;0.0;0.0
2030-01-16 06:00:00;530.1333837691244;1075.0844963913657;0.0;210.02100210021004;0.0;0.0;0.0;0.0
2030-01-16 07:00:00;532.5542578971485;1075.0844963913657;0.0;210.02100210021004;0.0;0.0;0.0;0.0
2030-01-16 08:00:00;533.6357400964775;1075.0844963913657;0.0;210.02100210021004;0.0;0.0;0.0;0.0
2030-01-16 09:00:00;534.4181668774424;1075.0844963913657;0.0;210.02100210021004;0.0;0.0;0.0;0.0
2030-01-16 10:00:00;534.3301593604119;1075.0844963913657;0.0;210.02100210021004;0.0;0.0;0.0;0.0
2030-01-16 11:00:00;534.2084304661084;1075.0844963913657;0.0;210.02100210021004;0.0;0.0;0.0;0.0
2030-01-16 12:00:00;534.4104208869808;1075.0844963913657;0.0;210.02100210021004;0.0;0.0;0.0;0.0
2030-01-16 13:00:00;534.488801800074;1075.0844963913657;0.0;210.02100210021004;0.0;0.0;0.0;0.0
2030-01-16 14:00:00;534.4913301088404;1075.0844963913657;0.0;210.02100210021004;0.0;0.0;0.0;0.0
2030-01-16 15:00:00;534.6953018244427;1075.0844963913657;0.0;210.02100210021004;0.0;0.0;0.0;0.0
2030-01-16 16:00:00;534.562652960498;1075.0844963913657;0.0;210.02100210021004;0.0;0.0;0.0;0.0
2030-01-16 17:00:00;534.9039761507835;1075.0844963913657;0.0;210.02100210021004;0.0;0.0;0.0;0.0
2030-01-16 18:00:00;534.9994762358199;1075.0844963913657;0.0;210.02100210021004;0.0;0.0;0.0;0.0
2030-01-16 19:00:00;534.5617980865088;1075.0844963913657;0.0;210.02100210021004;0.0;0.0;0.0;0.0
2030-01-16 20:00:00;533.7593074102543;1075.0844963913657;0.0;210.02100210021004;0.0;0.0;0.0;0.0
2030-01-16 21:00:00;533.0305210663284;1075.0844963913657;0.0;210.02100210021004;0.0;0.0;0.0;0.0
2030-01-16 22:00:00;532.9330357337232;1075.0844963913657;0.0;210.02100210021004;0.0;0.0;0.0;0.0
2030-01-16 23:00:00;533.2899937478832;1075.0844963913657;0.0;210.02100210021004;0.0;0.0;0.0;0.0
2030-01-17 00:00:00;533.1337308286247;1075.0844963913657;0.0;210.02100210021004;0.0;0.0;0.0;0.0
2030-01-17 01:00:00;532.4010845367601;1075.0844963913657;0.0;210.02100210021004;0.0;0.0;0.0;0.0
2030-01-17 02:00:00;532.0504504758632;1075.0844963913657;0.0;210.02100210021004;0.0;0.0;0.0;0.0
2030-01-17 03:00:00;532.0107793012943;1075.0844963913657;0.0;210.02100210021004;0.0;0.0;0.0;0.0
2030-01-17 04:00:00;532.1772541442999;1075.0844963913657;0.0;210.02100210021004;0.0;0.0;0.0;0.0
2030-01-17 05:00:00;532.294598153763;1075.0844963913657;0.0;210.02100210021004;0.0;0.0;0.0;0.0
2030-01-17 06:00:00;532.8647179883201;1075.0844963913657;0.0;210.02100210021004;0.0;0.0;0.0;0.0
2030-01-17 07:00:00;533.5782819378072;1075.0844963913657;0.0;210.02100210021004;0.0;0.0;0.0;0.0
2030-01-17 08:00:00;535.1007852354675;1075.0844963913657;0.0;210.02100210021004;0.0;0.0;0.0;0.0
2030-01-17 09:00:00;535.4550499561648;1075.0844963913657;0.0;210.02100210021004;0.0;0.0;0.0;0.0
2030-01-17 10:00:00;535.6521143912661;1075.0844963913657;0.0;210.02100210021004;0.0;0.0;0.0;0.0
2030-01-17 11:00:00;535.6597537873675;1075.0844963913657;0.0;210.02100210021004;0.0;0.0;0.0;0.0
2030-01-17 12:00:00;535.5349373267663;1075.0844963913657;0.0;210.02100210021004;0.0;0.0;0.0;0.0
2030-01-17 13:00:00;535.5801821500916;1075.0844963913657;0.0;210.02100210021004;0.0;0.0;0.0;0.0
2030-01-17 14:00:00;535.6402953287559;1075.0844963913657;0.0;210.02100210021004;0.0;0.0;0.0;0.0
2030-01-17 15:00:00;535.5821030619132;1075.0844963913657;0.0;210.02100210021004;0.0;0.0;0.0;0.0
2030-01-17 16:00:00;535.7872674942704;1075.0844963913657;0.0;210.02100210021004;0.0;0.0;0.0;0.0
2030-01-17 17:00:00;535.7934868457454;1075.0844963913657;0.0;210.02100210021004;0.0;0.0;0.0;0.0
2030-01-17 18:00:00;535.7369901231194;1075.0844963913657;0.0;210.02100210021004;0.0;0.0;0.0;0.0
2030-01-17 19:00:00;535.2947360419923;1075.0844963913657;0.0;210.02100210021004;0.0;0.0;0.0;0.0
2030-01-17 20:00:00;535.3494204074238;1075.0844963913657;0.0;210.02100210021004;0.0;0.0;0.0;0.0
2030-01-17 21:00:00;534.5767469416242;1075.0844963913657;0.0;210.02100210021004;0.0;0.0;0.0;0.0
2030-01-17 22:00:00;533.5835860323846;1075.0844963913657;0.0;210.02100210021004;0.0;0.0;0.0;0.0
2030-01-17 23:00:00;532.7109371986816;1075.0844963913657;0.0;210.02100210021004;0.0;0.0;0.0;0.0
2030-01-18 00:00:00;532.6694114406107;1075.0844963913657;0.0;210.02100210021004;0.0;0.0;0.0;0.0
2030-01-18 01:00:00;532.2931378430957;1075.0844963913657;0.0;210.02100210021004;0.0;0.0;0.0;0.0
2030-01-18 02:00:00;532.4604876769586;1075.0844963913657;0.0;210.02100210021004;0.0;0.0;0.0;0.0
2030-01-18 03:00:00;532.482641421605;1075.0844963913657;0.0;210.02100210021004;0.0;0.0;0.0;0.0
2030-01-18 04:00:00;532.861461484487;1075.0844963913657;0.0;210.02100210021004;0.0;0.0;0.0;0.0
2030-01-18 05:00:00;469.1348100840905;1075.0844963913657;0.0;210.02100210021004;0.0;0.0;0.0;0.0
2030-01-18 06:00:00;469.8201015864052;1075.0844963913657;0.0;210.02100210021004;0.0;0.0;0.0;0.0
2030-01-18 07:00:00;471.4710156912652;1075.0844963913657;0.0;210.02100210021004;0.0;0.0;0.0;0.0
2030-01-18 08:00:00;471.9749659878074;1075.0844963913657;0.0;210.02100210021004;0.0;0.0;0.0;0.0
2030-01-18 09:00:00;472.2084229842046;1075.0844963913657;0.0;210.02100210021004;0.0;0.0;0.0;0.0
2030-01-18 10:00:00;471.5971918135845;1075.0844963913657;0.0;210.02100210021004;0.0;0.0;0.0;0.0
2030-01-18 11:00:00;471.4352707929547;1075.0844963913657;0.0;210.02100210021004;0.0;0.0;0.0;0.0
2030-01-18 12:00:00;471.4497389300479;1075.0844963913657;0.0;210.02100210021004;0.0;0.0;0.0;0.0
2030-01-18 13:00:00;470.9576680789244;1075.0844963913657;0.0;210.02100210021004;0.0;0.0;0.0;0.0
2030-01-18 14:00:00;471.1608713657246;1075.0844963913657;0.0;210.02100210021004;0.0;0.0;0.0;0.0
2030-01-18 15:00:00;471.5223409436476;1075.0844963913657;0.0;210.02100210021004;0.0;0.0;0.0;0.0
2030-01-18 16:00:00;471.860319224646;1075.0844963913657;0.0;210.02100210021004;0.0;0.0;0.0;0.0
2030-01-18 17:00:00;471.9192819128631;1075.0844963913657;0.0;210.02100210021004;0.0;0.0;0.0;0.0
2030-01-18 18:00:00;472.1683776859738;1075.0844963913657;0.0;210.02100210021004;0.0;0.0;0.0;0.0
2030-01-18 19:00:00;472.0230971118372;1075.0844963913657;0.0;210.02100210021004;0.0;0.0;0.0;0.0
2030-01-18 20:00:00;472.0231373455726;1075.0844963913657;0.0;210.02100210021004;0.0;0.0;0.0;0.0
2030-01-18 21:00:00;471.9197405214454;1075.0844963913657;0.0;210.02100210021004;0.0;0.0;0.0;0.0
2030-01-18 22:00:00;471.8825534690686;1075.0844963913657;0.0;210.02100210021004;0.0;0.0;0.0;0.0
2030-01-18 23:00:00;471.4076258919;1075.0844963913657;0.0;210.02100210021004;0.0;0.0;0.0;0.0
2030-01-19 00:00:00;470.5712488536764;1075.0844963913657;0.0;210.02100210021004;0.0;0.0;0.0;0.0
2030-01-19 01:00:00;470.4190550859329;1075.0844963913657;0.0;210.02100210021004;0.0;0.0;0.0;0.0
2030-01-19 02:00:00;470.5043933792073;1075.0844963913657;0.0;210.02100210021004;0.0;0.0;0.0;0.0
2030-01-19 03:00:00;470.3455378154354;1075.0844963913657;0.0;210.02100210021004;0.0;0.0;0.0;0.0
2030-01-19 04:00:00;470.4587483699413;1075.0844963913657;0.0;210.02100210021004;0.0;0.0;0.0;0.0
2030-01-19 05:00:00;470.273881073851;1075.0844963913657;0.0;210.02100210021004;0.0;0.0;0.0;0.0
2030-01-19 06:00:00;470.2199288563254;1075.0844963913657;0.0;210.02100210021004;0.0;0.0;0.0;0.0
2030-01-19 07:00:00;470.5071470555785;1075.0844963913657;0.0;210.02100210021004;0.0;0.0;0.0;0.0
2030-01-19 08:00:00;470.9516338290136;1075.0844963913657;0.0;210.02100210021004;0.0;0.0;0.0;0.0
2030-01-19 09:00:00;471.6759287260442;1075.0844963913657;0.0;210.02100210021004;0.0;0.0;0.0;0.0
2030-01-19 10:00:00;471.2140089753017;1075.0844963913657;0.0;210.02100210021004;0.0;0.0;0.0;0.0
2030-01-19 11:00:00;471.1240182032743;1075.0844963913657;0.0;210.02100210021004;0.0;0.0;0.0;0.0
2030-01-19 12:00:00;470.9228625072183;1075.0844963913657;0.0;210.02100210021004;0.0;0.0;0.0;0.0
2030-01-19 13:00:00;470.9056166240473;1075.0844963913657;0.0;210.02100210021004;0.0;0.0;0.0;0.0
2030-01-19 14:00:00;470.6966525943545;1075.0844963913657;0.0;210.02100210021004;0.0;0.0;0.0;0.0
2030-01-19 15:00:00;470.9885493346392;1075.0844963913657;0.0;210.02100210021004;0.0;0.0;0.0;0.0
2030-01-19 16:00:00;471.643001839852;1075.0844963913657;0.0;210.02100210021004;0.0;0.0;0.0;0.0
2030-01-19 17:00:00;471.8257208639439;1075.0844963913657;0.0;210.02100210021004;0.0;0.0;0.0;0.0
2030-01-19 18:00:00;471.8735764883835;1075.0844963913657;0.0;210.02100210021004;0.0;0.0;0.0;0.0
2030-01-19 19:00:00;472.0263958419778;1075.0844963913657;0.0;210.02100210021004;0.0;0.0;0.0;0.0
2030-01-19 20:00:00;472.0521198312108;1075.0844963913657;0.0;210.02100210021004;0.0;0.0;0.0;0.0
2030-01-19 21:00:00;472.1451377866275;1075.0844963913657;0.0;210.02100210021004;0.0;0.0;0.0;0.0
2030-01-19 22:00:00;472.2242287058814;1075.0844963913657;0.0;210.02100210021004;0.0;0.0;0.0;0.0
2030-01-19 23:00:00;471.7286519136132;1075.0844963913657;0.0;210.02100210021004;0.0;0.0;0.0;0.0
2030-01-20 00:00:00;471.7701393982156;1075.0844963913657;0.0;210.02100210021004;0.0;0.0;0.0;0.0
2030-01-20 01:00:00;471.579008564076;1075.0844963913657;0.0;210.02100210021004;0.0;0.0;0.0;0.0
2030-01-20 02:00:00;470.9238440924356;1075.0844963913657;0.0;210.02100210021004;0.0;0.0;0.0;0.0
2030-01-20 03:00:00;470.8292170056841;1075.0844963913657;0.0;210.02100210021004;0.0;0.0;0.0;0.0
2030-01-20 04:00:00;470.6676922504614;1075.0844963913657;0.0;210.02100210021004;0.0;0.0;0.0;0.0
2030-01-20 05:00:00;470.3423436870828;1075.0844963913657;0.0;210.02100210021004;0.0;0.0;0.0;0.0
2030-01-20 06:00:00;470.4577466678566;1075.0844963913657;0.0;210.02100210021004;0.0;0.0;0.0;0.0
2030-01-20 07:00:00;470.1241733885665;1075.0844963913657;0.0;210.02100210021004;0.0;0.0;0.0;0.0
2030-01-20 08:00:00;470.667024438303;1075.0844963913657;0.0;210.02100210021004;0.0;0.0;0.0;0.0
2030-01-20 09:00:00;470.9031727678961;1075.0844963913657;0.0;210.02100210021004;0.0;0.0;0.0;0.0
2030-01-20 10:00:00;470.9600274824605;1075.0844963913657;0.0;210.02100210021004;0.0;0.0;0.0;0.0
2030-01-20 11:00:00;470.5150197249626;1075.0844963913657;0.0;210.02100210021004;0.0;0.0;0.0;0.0
2030-01-20 12:00:00;470.8753427652773;1075.0844963913657;0.0;210.02100210021004;0.0;0.0;0.0;0.0
2030-01-20 13:00:00;471.0961199120692;1075.0844963913657;0.0;210.02100210021004;0.0;0.0;0.0;0.0
2030-01-20 14:00:00;471.1474854304923;1075.0844963913657;0.0;210.02100210021004;0.0;0.0;0.0;0.0
2030-01-20 15:00:00;471.1702848455521;1075.0844963913657;0.0;210.02100210021004;0.0;0.0;0.0;0.0
2030-01-20 16:00:00;471.1642948145209;1075.0844963913657;0.0;210.02100210021004;0.0;0.0;0.0;0.0
2030-01-20 17:00:00;471.1714353359995;1075.0844963913657;0.0;210.02100210021004;0.0;0.0;0.0;0.0
2030-01-20 18:00:00;470.6433661964149;1075.0844963913657;0.0;210.02100210021004;0.0;0.0;0.0;0.0
2030-01-20 19:00:00;470.7200172123566;1075.0844963913657;0.0;210.02100210021004;0.0;0.0;0.0;0.0
2030-01-20 20:00:00;470.701349291987;1075.0844963913657;0.0;210.02100210021004;0.0;0.0;0.0;0.0
2030-01-20 21:00:00;470.6261625395514;1075.0844963913657;0.0;210.02100210021004;0.0;0.0;0.0;0.0
2030-01-20 22:00:00;470.6261222735108;1075.0844963913657;0.0;210.02100210021004;0.0;0.0;0.0;0.0
2030-01-20 23:00:00;470.5096974737845;1075.0844963913657;0.0;210.02100210021004;0.0;0.0;0.0;0.0
2030-01-21 00:00:00;469.8954130574965;1075.0844963913657;0.0;210.02100210021004;0.0;0.0;0.0;0.0
2030-01-21 01:00:00;469.4448296909753;1075.0844963913657;0.0;210.02100210021004;0.0;0.0;0.0;0.0
2030-01-21 02:00:00;469.3079226211127;1075.0844963913657;0.0;210.02100210021004;0.0;0.0;0.0;0.0
2030-01-21 03:00:00;469.3340026097119;1075.0844963913657;0.0;210.02100210021004;0.0;0.0;0.0;0.0
2030-01-21 04:00:00;469.4130090763509;1075.0844963913657;0.0;210.02100210021004;0.0;0.0;0.0;0.0
2030-01-21 05:00:00;469.6065656100408;1075.0844963913657;0.0;210.02100210021004;0.0;0.0;0.0;0.0
2030-01-21 06:00:00;469.9105730764547;1075.0844963913657;0.0;210.02100210021004;0.0;0.0;0.0;0.0
2030-01-21 07:00:00;471.1277976514369;1075.0844963913657;0.0;210.02100210021004;0.0;0.0;0.0;0.0
2030-01-21 08:00:00;471.5775020742623;1075.0844963913657;0.0;210.02100210021004;0.0;0.0;0.0;0.0
2030-01-21 09:00:00;472.3631632496204;1075.0844963913657;0.0;210.02100210021004;0.0;0.0;0.0;0.0
2030-01-21 10:00:00;472.012448656642;1075.0844963913657;0.0;210.02100210021004;0.0;0.0;0.0;0.0
2030-01-21 11:00:00;471.7160182431545;1075.0844963913657;0.0;210.02100210021004;0.0;0.0;0.0;0.0
2030-01-21 12:00:00;472.1520711294073;1075.0844963913657;0.0;210.02100210021004;0.0;0.0;0.0;0.0
2030-01-21 13:00:00;471.8541381466396;1075.0844963913657;0.0;210.02100210021004;0.0;0.0;0.0;0.0
2030-01-21 14:00:00;471.9439840831435;1075.0844963913657;0.0;210.02100210021004;0.0;0.0;0.0;0.0
2030-01-21 15:00:00;472.123295854773;1075.0844963913657;0.0;210.02100210021004;0.0;0.0;0.0;0.0
2030-01-21 16:00:00;472.3916428754914;1075.0844963913657;0.0;210.02100210021004;0.0;0.0;0.0;0.0
2030-01-21 17:00:00;472.4456795779375;1075.0844963913657;0.0;210.02100210021004;0.0;0.0;0.0;0.0
2030-01-21 18:00:00;472.21873950974;1075.0844963913657;0.0;210.02100210021004;0.0;0.0;0.0;0.0
2030-01-21 19:00:00;472.1660383993054;1075.0844963913657;0.0;210.02100210021004;0.0;0.0;0.0;0.0
2030-01-21 20:00:00;472.3581969978086;1075.0844963913657;0.0;210.02100210021004;0.0;0.0;0.0;0.0
2030-01-21 21:00:00;472.0811828166251;1075.0844963913657;0.0;210.02100210021004;0.0;0.0;0.0;0.0
2030-01-21 22:00:00;471.4135133137154;1075.0844963913657;0.0;210.02100210021004;0.0;0.0;0.0;0.0
2030-01-21 23:00:00;470.8892678411732;1075.0844963913657;0.0;210.02100210021004;0.0;0.0;0.0;0.0
2030-01-22 00:00:00;470.4273259809909;1075.0844963913657;0.0;210.02100210021004;0.0;0.0;0.0;0.0
2030-01-22 01:00:00;470.2123257411204;1075.0844963913657;0.0;210.02100210021004;0.0;0.0;0.0;0.0
2030-01-22 02:00:00;470.2709967657185;1075.0844963913657;0.0;210.02100210021004;0.0;0.0;0.0;0.0
2030-01-22 03:00:00;470.2540646233011;1075.0844963913657;0.0;210.02100210021004;0.0;0.0;0.0;0.0
2030-01-22 04:00:00;470.3258299195122;1075.0844963913657;0.0;210.02100210021004;0.0;0.0;0.0;0.0
2030-01-22 05:00:00;470.7448018749851;1075.0844963913657;0.0;210.02100210021004;0.0;0.0;0.0;0.0
2030-01-22 06:00:00;471.0920910265952;1075.0844963913657;0.0;210.02100210021004;0.0;0.0;0.0;0.0
2030-01-22 07:00:00;471.3423333373142;1075.0844963913657;0.0;210.02100210021004;0.0;0.0;0.0;0.0
2030-01-22 08:00:00;471.7293197257716;1075.0844963913657;0.0;210.02100210021004;0.0;0.0;0.0;0.0
2030-01-22 09:00:00;472.2540459163359;1075.0844963913657;0.0;210.02100210021004;0.0;0.0;0.0;0.0
2030-01-22 10:00:00;472.2696866533162;1075.0844963913657;0.0;210.02100210021004;0.0;0.0;0.0;0.0
2030-01-22 11:00:00;472.3175221608881;1075.0844963913657;0.0;210.02100210021004;0.0;0.0;0.0;0.0
2030-01-22 12:00:00;472.3223234280034;1075.0844963913657;0.0;210.02100210021004;0.0;0.0;0.0;0.0
2030-01-22 13:00:00;472.3871332719952;1075.0844963913657;0.0;210.02100210021004;0.0;0.0;0.0;0.0
2030-01-22 14:00:00;472.8592629862182;1075.0844963913657;0.0;210.02100210021004;0.0;0.0;0.0;0.0
2030-01-22 15:00:00;472.907788383083;1075.0844963913657;0.0;210.02100210021004;0.0;0.0;0.0;0.0
2030-01-22 16:00:00;472.6489633645137;1075.0844963913657;0.0;210.02100210021004;0.0;0.0;0.0;0.0
2030-01-22 17:00:00;472.4009979649826;1075.0844963913657;0.0;210.02100210021004;0.0;0.0;0.0;0.0
2030-01-22 18:00:00;472.604094689728;1075.0844963913657;0.0;210.02100210021004;0.0;0.0;0.0;0.0
2030-01-22 19:00:00;471.7897667943625;1075.0844963913657;0.0;210.02100210021004;0.0;0.0;0.0;0.0
2030-01-22 20:00:00;471.5991348348459;1075.0844963913657;0.0;210.02100210021004;0.0;0.0;0.0;0.0
2030-01-22 21:00:00;471.1280672056162;1075.0844963913657;0.0;210.02100210021004;0.0;0.0;0.0;0.0
2030-01-22 22:00:00;470.7397472177195;1075.0844963913657;0.0;210.02100210021004;0.0;0.0;0.0;0.0
2030-01-22 23:00:00;471.1130540147536;1075.0844963913657;0.0;210.02100210021004;0.0;0.0;0.0;0.0
2030-01-23 00:00:00;471.0730307936574;1075.0844963913657;0.0;210.02100210021004;0.0;0.0;0.0;0.0
2030-01-23 01:00:00;470.9187270596893;1075.0844963913657;0.0;210.02100210021004;0.0;0.0;0.0;0.0
2030-01-23 02:00:00;470.9558718857587;1075.0844963913657;0.0;210.02100210021004;0.0;0.0;0.0;0.0
2030-01-23 03:00:00;471.1130540147536;1075.0844963913657;0.0;210.02100210021004;0.0;0.0;0.0;0.0
2030-01-23 04:00:00;471.4443322262549;1075.0844963913657;0.0;210.02100210021004;0.0;0.0;0.0;0.0
2030-01-23 05:00:00;471.4688875684396;1075.0844963913657;0.0;210.02100210021004;0.0;0.0;0.0;0.0
2030-01-23 06:00:00;471.7322865262524;1075.0844963913657;0.0;210.02100210021004;0.0;0.0;0.0;0.0
2030-01-23 07:00:00;472.5019087066512;1075.0844963913657;0.0;210.02100210021004;0.0;0.0;0.0;0.0
2030-01-23 08:00:00;536.8120840334379;1075.0844963913657;0.0;210.02100210021004;0.0;0.0;0.0;0.0
2030-01-23 09:00:00;537.1385590175572;1075.0844963913657;0.0;210.02100210021004;0.0;0.0;0.0;0.0
2030-01-23 10:00:00;472.8812718630359;1075.0844963913657;0.0;210.02100210021004;0.0;0.0;0.0;0.0
2030-01-23 11:00:00;472.9737064912145;1075.0844963913657;0.0;210.02100210021004;0.0;0.0;0.0;0.0
2030-01-23 12:00:00;473.5867559644402;1075.0844963913657;0.0;210.02100210021004;0.0;0.0;0.0;0.0
2030-01-23 13:00:00;473.6254838272603;1075.0844963913657;0.0;210.02100210021004;0.0;0.0;0.0;0.0
2030-01-23 14:00:00;473.3999436868216;1075.0844963913657;0.0;210.02100210021004;0.0;0.0;0.0;0.0
2030-01-23 15:00:00;473.5643105561746;1075.0844963913657;0.0;210.02100210021004;0.0;0.0;0.0;0.0
2030-01-23 16:00:00;473.4074402399716;1075.0844963913657;0.0;210.02100210021004;0.0;0.0;0.0;0.0
2030-01-23 17:00:00;473.3632373524669;1075.0844963913657;0.0;210.02100210021004;0.0;0.0;0.0;0.0
2030-01-23 18:00:00;522.185234105239;1075.0844963913657;0.0;210.02100210021004;0.0;0.0;0.0;0.0
2030-01-23 19:00:00;537.4042107845459;1075.0844963913657;0.0;210.02100210021004;0.0;0.0;0.0;0.0
2030-01-23 20:00:00;537.1380802598018;1075.0844963913657;0.0;210.02100210021004;0.0;0.0;0.0;0.0
2030-01-23 21:00:00;536.8356155964034;1075.0844963913657;0.0;210.02100210021004;0.0;0.0;0.0;0.0
2030-01-23 22:00:00;536.7676096314871;1075.0844963913657;0.0;210.02100210021004;0.0;0.0;0.0;0.0
2030-01-23 23:00:00;536.3682851890289;1075.0844963913657;0.0;210.02100210021004;0.0;0.0;0.0;0.0
2030-01-24 00:00:00;535.8464614631981;1075.0844963913657;0.0;210.02100210021004;0.0;0.0;0.0;0.0
2030-01-24 01:00:00;535.5764248113687;1075.0844963913657;0.0;210.02100210021004;0.0;0.0;0.0;0.0
2030-01-24 02:00:00;535.839779550302;1075.0844963913657;0.0;210.02100210021004;0.0;0.0;0.0;0.0
2030-01-24 03:00:00;535.8633533395748;1075.0844963913657;0.0;210.02100210021004;0.0;0.0;0.0;0.0
2030-01-24 04:00:00;536.0881652849467;1075.0844963913657;0.0;210.02100210021004;0.0;0.0;0.0;0.0
2030-01-24 05:00:00;536.2451402029378;1075.0844963913657;0.0;210.02100210021004;0.0;0.0;0.0;0.0
2030-01-24 06:00:00;536.6742557935718;1075.0844963913657;0.0;210.02100210021004;0.0;0.0;0.0;0.0
2030-01-24 07:00:00;536.8004761347707;1075.0844963913657;0.0;210.02100210021004;0.0;0.0;0.0;0.0
2030-01-24 08:00:00;537.121122087411;1075.0844963913657;0.0;210.02100210021004;0.0;0.0;0.0;0.0
2030-01-24 09:00:00;537.2587411560062;1075.0844963913657;0.0;210.02100210021004;0.0;0.0;0.0;0.0
2030-01-24 10:00:00;537.3527848832144;1075.0844963913657;0.0;210.02100210021004;0.0;0.0;0.0;0.0
2030-01-24 11:00:00;537.3719094518995;1075.0844963913657;0.0;210.02100210021004;0.0;0.0;0.0;0.0
2030-01-24 12:00:00;537.4891709690141;1075.0844963913657;0.0;210.02100210021004;0.0;0.0;0.0;0.0
2030-01-24 13:00:00;537.0215066717132;1075.0844963913657;0.0;210.02100210021004;0.0;0.0;0.0;0.0
2030-01-24 14:00:00;536.8647208081252;1075.0844963913657;0.0;210.02100210021004;0.0;0.0;0.0;0.0
2030-01-24 15:00:00;537.1336290789471;1075.0844963913657;0.0;210.02100210021004;0.0;0.0;0.0;0.0
2030-01-24 16:00:00;537.3003352026634;1075.0844963913657;0.0;210.02100210021004;0.0;0.0;0.0;0.0
2030-01-24 17:00:00;537.4084709507307;1075.0844963913657;0.0;210.02100210021004;0.0;0.0;0.0;0.0
2030-01-24 18:00:00;537.3218392917524;1075.0844963913657;0.0;210.02100210021004;0.0;0.0;0.0;0.0
2030-01-24 19:00:00;537.3521774862697;1075.0844963913657;0.0;210.02100210021004;0.0;0.0;0.0;0.0
2030-01-24 20:00:00;537.2237264130293;1075.0844963913657;0.0;210.02100210021004;0.0;0.0;0.0;0.0
2030-01-24 21:00:00;537.1069657308044;1075.0844963913657;0.0;210.02100210021004;0.0;0.0;0.0;0.0
2030-01-24 22:00:00;536.717728525743;1075.0844963913657;0.0;210.02100210021004;0.0;0.0;0.0;0.0
2030-01-24 23:00:00;536.3390351417836;1075.0844963913657;0.0;210.02100210021004;0.0;0.0;0.0;0.0
2030-01-25 00:00:00;536.72046600578;1075.0844963913657;0.0;210.02100210021004;0.0;0.0;0.0;0.0
2030-01-25 01:00:00;536.5301036004427;1075.0844963913657;0.0;210.02100210021004;0.0;0.0;0.0;0.0
2030-01-25 02:00:00;535.8457695813331;1075.0844963913657;0.0;210.02100210021004;0.0;0.0;0.0;0.0
2030-01-25 03:00:00;535.8996835253902;1075.0844963913657;0.0;210.02100210021004;0.0;0.0;0.0;0.0
2030-01-25 04:00:00;535.9691699501467;1075.0844963913657;0.0;210.02100210021004;0.0;0.0;0.0;0.0
2030-01-25 05:00:00;536.1010061664097;1075.0844963913657;0.0;210.02100210021004;0.0;0.0;0.0;0.0
2030-01-25 06:00:00;536.3315587378065;1075.0844963913657;0.0;210.02100210021004;0.0;0.0;0.0;0.0
2030-01-25 07:00:00;536.3588495997616;1075.0844963913657;0.0;210.02100210021004;0.0;0.0;0.0;0.0
2030-01-25 08:00:00;536.7752087938532;1075.0844963913657;0.0;210.02100210021004;0.0;0.0;0.0;0.0
2030-01-25 09:00:00;517.5752150174046;1075.0844963913657;0.0;210.02100210021004;0.0;0.0;0.0;0.0
2030-01-25 10:00:00;482.9202717205682;1075.0844963913657;0.0;210.02100210021004;0.0;0.0;0.0;0.0
2030-01-25 11:00:00;472.4565794307109;1075.0844963913657;0.0;210.02100210021004;0.0;0.0;0.0;0.0
2030-01-25 12:00:00;472.3014851585008;1075.0844963913657;0.0;210.02100210021004;0.0;0.0;0.0;0.0
2030-01-25 13:00:00;472.2819422472741;1075.0844963913657;0.0;210.02100210021004;0.0;0.0;0.0;0.0
2030-01-25 14:00:00;472.1520087539268;1075.0844963913657;0.0;210.02100210021004;0.0;0.0;0.0;0.0
2030-01-25 15:00:00;472.5723806371583;1075.0844963913657;0.0;210.02100210021004;0.0;0.0;0.0;0.0
2030-01-25 16:00:00;471.6925490556695;1075.0844963913657;0.0;210.02100210021004;0.0;0.0;0.0;0.0
2030-01-25 17:00:00;472.0146458578184;1075.0844963913657;0.0;210.02100210021004;0.0;0.0;0.0;0.0
2030-01-25 18:00:00;471.1485917020602;1075.0844963913657;0.0;210.02100210021004;0.0;0.0;0.0;0.0
2030-01-25 19:00:00;471.6331257662981;1075.0844963913657;0.0;210.02100210021004;0.0;0.0;0.0;0.0
2030-01-25 20:00:00;471.3533800181833;1075.0844963913657;0.0;210.02100210021004;0.0;0.0;0.0;0.0
2030-01-25 21:00:00;470.3373553258313;1075.0844963913657;0.0;210.02100210021004;0.0;0.0;0.0;0.0
2030-01-25 22:00:00;469.4048265867467;1075.0844963913657;0.0;210.02100210021004;0.0;0.0;0.0;0.0
2030-01-25 23:00:00;468.3589661495968;1075.0844963913657;0.0;210.02100210021004;0.0;0.0;0.0;0.0
2030-01-26 00:00:00;467.6740265370439;1075.0844963913657;0.0;210.02100210021004;0.0;0.0;0.0;0.0
2030-01-26 01:00:00;467.0510009335781;1075.0844963913657;0.0;210.02100210021004;0.0;0.0;0.0;0.0
2030-01-26 02:00:00;466.5402194369092;1075.0844963913657;0.0;210.02100210021004;0.0;0.0;0.0;0.0
2030-01-26 03:00:00;466.1122138837677;1075.0844963913657;0.0;210.02100210021004;0.0;0.0;0.0;0.0
2030-01-26 04:00:00;466.0245901277985;1075.0844963913657;0.0;210.02100210021004;0.0;0.0;0.0;0.0
2030-01-26 05:00:00;465.8794462601612;1075.0844963913657;0.0;210.02100210021004;0.0;0.0;0.0;0.0
2030-01-26 06:00:00;465.6449900726706;1075.0844963913657;0.0;210.02100210021004;0.0;0.0;0.0;0.0
2030-01-26 07:00:00;465.7790039439529;1075.0844963913657;0.0;210.02100210021004;0.0;0.0;0.0;0.0
2030-01-26 08:00:00;466.9461647199507;1075.0844963913657;0.0;210.02100210021004;0.0;0.0;0.0;0.0
2030-01-26 09:00:00;486.1589344670741;1075.0844963913657;0.0;210.02100210021004;0.0;0.0;0.0;0.0
2030-01-26 10:00:00;469.0959668549928;1075.0844963913657;0.0;210.02100210021004;0.0;0.0;0.0;0.0
2030-01-26 11:00:00;469.2695409777378;1075.0844963913657;0.0;210.02100210021004;0.0;0.0;0.0;0.0
2030-01-26 12:00:00;468.9570865529823;1075.0844963913657;0.0;210.02100210021004;0.0;0.0;0.0;0.0
2030-01-26 13:00:00;468.9801487105796;1075.0844963913657;0.0;210.02100210021004;0.0;0.0;0.0;0.0
2030-01-26 14:00:00;468.9798891515661;1075.0844963913657;0.0;210.02100210021004;0.0;0.0;0.0;0.0
2030-01-26 15:00:00;468.760474310041;1075.0844963913657;0.0;210.02100210021004;0.0;0.0;0.0;0.0
2030-01-26 16:00:00;468.8532543342581;1075.0844963913657;0.0;210.02100210021004;0.0;0.0;0.0;0.0
2030-01-26 17:00:00;468.5458007508287;1075.0844963913657;0.0;210.02100210021004;0.0;0.0;0.0;0.0
2030-01-26 18:00:00;468.7769978509838;1075.0844963913657;0.0;210.02100210021004;0.0;0.0;0.0;0.0
2030-01-26 19:00:00;468.3182227371652;1075.0844963913657;0.0;210.02100210021004;0.0;0.0;0.0;0.0
2030-01-26 20:00:00;468.0369951457425;1075.0844963913657;0.0;210.02100210021004;0.0;0.0;0.0;0.0
2030-01-26 21:00:00;467.0758936334194;1075.0844963913657;0.0;210.02100210021004;0.0;0.0;0.0;0.0
2030-01-26 22:00:00;466.0478305769574;1075.0844963913657;0.0;210.02100210021004;0.0;0.0;0.0;0.0
2030-01-26 23:00:00;467.4080807928742;1075.0844963913657;0.0;210.02100210021004;0.0;0.0;0.0;0.0
2030-01-27 00:00:00;464.7216179770287;1075.0844963913657;0.0;210.02100210021004;0.0;0.0;0.0;0.0
2030-01-27 01:00:00;465.1704673080096;1075.0844963913657;0.0;210.02100210021004;0.0;0.0;0.0;0.0
2030-01-27 02:00:00;465.0738378779914;1075.0844963913657;0.0;210.02100210021004;0.0;0.0;0.0;0.0
2030-01-27 03:00:00;464.7015912462302;1075.0844963913657;0.0;210.02100210021004;0.0;0.0;0.0;0.0
2030-01-27 04:00:00;464.4200913057938;1075.0844963913657;0.0;210.02100210021004;0.0;0.0;0.0;0.0
2030-01-27 05:00:00;464.4126652560234;1075.0844963913657;0.0;210.02100210021004;0.0;0.0;0.0;0.0
2030-01-27 06:00:00;470.1994191596984;1075.0844963913657;0.0;210.02100210021004;0.0;0.0;0.0;0.0
2030-01-27 07:00:00;493.6084049717949;1075.0844963913657;0.0;210.02100210021004;0.0;0.0;0.0;0.0
2030-01-27 08:00:00;464.306721489741;1075.0844963913657;0.0;210.02100210021004;0.0;0.0;0.0;0.0
2030-01-27 09:00:00;464.7149181912947;1075.0844963913657;0.0;210.02100210021004;0.0;0.0;0.0;0.0
2030-01-27 10:00:00;466.0327605982059;1075.0844963913657;0.0;210.02100210021004;0.0;0.0;0.0;0.0
2030-01-27 11:00:00;466.9647933924795;1075.0844963913657;0.0;210.02100210021004;0.0;0.0;0.0;0.0
2030-01-27 12:00:00;466.9640308152415;1075.0844963913657;0.0;210.02100210021004;0.0;0.0;0.0;0.0
2030-01-27 13:00:00;466.8142025445707;1075.0844963913657;0.0;210.02100210021004;0.0;0.0;0.0;0.0
2030-01-27 14:00:00;466.4407575771498;1075.0844963913657;0.0;210.02100210021004;0.0;0.0;0.0;0.0
2030-01-27 15:00:00;530.1118354611559;1075.0844963913657;0.0;210.02100210021004;0.0;0.0;0.0;0.0
2030-01-27 16:00:00;530.3936268397481;1075.0844963913657;0.0;210.02100210021004;0.0;0.0;0.0;0.0
2030-01-27 17:00:00;531.2464592229009;1075.0844963913657;0.0;210.02100210021004;0.0;0.0;0.0;0.0
2030-01-27 18:00:00;531.6513150878079;1075.0844963913657;0.0;210.02100210021004;0.0;0.0;0.0;0.0
2030-01-27 19:00:00;531.5720773404586;1075.0844963913657;0.0;210.02100210021004;0.0;0.0;0.0;0.0
2030-01-27 20:00:00;531.5047814140081;1075.0844963913657;0.0;210.02100210021004;0.0;0.0;0.0;0.0
2030-01-27 21:00:00;531.2758138719342;1075.0844963913657;0.0;210.02100210021004;0.0;0.0;0.0;0.0
2030-01-27 22:00:00;530.4491479225679;1075.0844963913657;0.0;210.02100210021004;0.0;0.0;0.0;0.0
2030-01-27 23:00:00;530.130274093387;1075.0844963913657;0.0;210.02100210021004;0.0;0.0;0.0;0.0
2030-01-28 00:00:00;530.2590389073808;1075.0844963913657;0.0;210.02100210021004;0.0;0.0;0.0;0.0
2030-01-28 01:00:00;530.4798421164517;1075.0844963913657;0.0;210.02100210021004;0.0;0.0;0.0;0.0
2030-01-28 02:00:00;529.557271910964;1075.0844963913657;0.0;210.02100210021004;0.0;0.0;0.0;0.0
2030-01-28 03:00:00;528.9932305451973;1075.0844963913657;0.0;210.02100210021004;0.0;0.0;0.0;0.0
2030-01-28 04:00:00;528.8026790854568;1075.0844963913657;0.0;210.02100210021004;0.0;0.0;0.0;0.0
2030-01-28 05:00:00;529.3446954103771;1075.0844963913657;0.0;210.02100210021004;0.0;0.0;0.0;0.0
2030-01-28 06:00:00;531.1305976335449;1075.0844963913657;0.0;210.02100210021004;0.0;0.0;0.0;0.0
2030-01-28 07:00:00;533.9928468989999;1075.0844963913657;0.0;210.02100210021004;0.0;0.0;0.0;0.0
2030-01-28 08:00:00;535.3959625492919;1075.0844963913657;0.0;210.02100210021004;0.0;0.0;0.0;0.0
2030-01-28 09:00:00;535.6154704000867;1075.0844963913657;0.0;210.02100210021004;0.0;0.0;0.0;0.0
2030-01-28 10:00:00;535.8044107682255;1075.0844963913657;0.0;210.02100210021004;0.0;0.0;0.0;0.0
2030-01-28 11:00:00;535.3898217373262;1075.0844963913657;0.0;210.02100210021004;0.0;0.0;0.0;0.0
2030-01-28 12:00:00;535.1912586857839;1075.0844963913657;0.0;210.02100210021004;0.0;0.0;0.0;0.0
2030-01-28 13:00:00;535.0320692320854;1075.0844963913657;0.0;210.02100210021004;0.0;0.0;0.0;0.0
2030-01-28 14:00:00;534.9846520993602;1075.0844963913657;0.0;210.02100210021004;0.0;0.0;0.0;0.0
2030-01-28 15:00:00;534.8748669862227;1075.0844963913657;0.0;210.02100210021004;0.0;0.0;0.0;0.0
2030-01-28 16:00:00;534.9691601507424;1075.0844963913657;0.0;210.02100210021004;0.0;0.0;0.0;0.0
2030-01-28 17:00:00;535.2138690787457;1075.0844963913657;0.0;210.02100210021004;0.0;0.0;0.0;0.0
2030-01-28 18:00:00;535.4707530363204;1075.0844963913657;0.0;210.02100210021004;0.0;0.0;0.0;0.0
2030-01-28 19:00:00;535.8333269255443;1075.0844963913657;0.0;210.02100210021004;0.0;0.0;0.0;0.0
2030-01-28 20:00:00;535.8879509080672;1075.0844963913657;0.0;210.02100210021004;0.0;0.0;0.0;0.0
2030-01-28 21:00:00;534.6476131449665;1075.0844963913657;0.0;210.02100210021004;0.0;0.0;0.0;0.0
2030-01-28 22:00:00;533.9971252217856;1075.0844963913657;0.0;210.02100210021004;0.0;0.0;0.0;0.0
2030-01-28 23:00:00;532.9471297148491;1075.0844963913657;0.0;210.02100210021004;0.0;0.0;0.0;0.0
2030-01-29 00:00:00;532.148856978472;1075.0844963913657;0.0;210.02100210021004;0.0;0.0;0.0;0.0
2030-01-29 01:00:00;532.2005986131292;1075.0844963913657;0.0;210.02100210021004;0.0;0.0;0.0;0.0
2030-01-29 02:00:00;532.5835320464057;1075.0844963913657;0.0;210.02100210021004;0.0;0.0;0.0;0.0
2030-01-29 03:00:00;532.3542909973137;1075.0844963913657;0.0;210.02100210021004;0.0;0.0;0.0;0.0
2030-01-29 04:00:00;532.3676769325458;1075.0844963913657;0.0;210.02100210021004;0.0;0.0;0.0;0.0
2030-01-29 05:00:00;532.440234727266;1075.0844963913657;0.0;210.02100210021004;0.0;0.0;0.0;0.0
2030-01-29 06:00:00;533.827771983753;1075.0844963913657;0.0;210.02100210021004;0.0;0.0;0.0;0.0
2030-01-29 07:00:00;535.6869823061476;1075.0844963913657;0.0;210.02100210021004;0.0;0.0;0.0;0.0
2030-01-29 08:00:00;536.0576783020671;1075.0844963913657;0.0;210.02100210021004;0.0;0.0;0.0;0.0
2030-01-29 09:00:00;536.2880899584742;1075.0844963913657;0.0;210.02100210021004;0.0;0.0;0.0;0.0
2030-01-29 10:00:00;536.310096875025;1075.0844963913657;0.0;210.02100210021004;0.0;0.0;0.0;0.0
2030-01-29 11:00:00;536.1181273309248;1075.0844963913657;0.0;210.02100210021004;0.0;0.0;0.0;0.0
2030-01-29 12:00:00;535.7874565486735;1075.0844963913657;0.0;210.02100210021004;0.0;0.0;0.0;0.0
2030-01-29 13:00:00;535.5125965202891;1075.0844963913657;0.0;210.02100210021004;0.0;0.0;0.0;0.0
2030-01-29 14:00:00;535.5889941460802;1075.0844963913657;0.0;210.02100210021004;0.0;0.0;0.0;0.0
2030-01-29 15:00:00;535.8970727242757;1075.0844963913657;0.0;210.02100210021004;0.0;0.0;0.0;0.0
2030-01-29 16:00:00;536.402402831709;1075.0844963913657;0.0;210.02100210021004;0.0;0.0;0.0;0.0
2030-01-29 17:00:00;536.5891306244071;1075.0844963913657;0.0;210.02100210021004;0.0;0.0;0.0;0.0
2030-01-29 18:00:00;536.4431802778454;1075.0844963913657;0.0;210.02100210021004;0.0;0.0;0.0;0.0
2030-01-29 19:00:00;536.4086462528905;1075.0844963913657;0.0;210.02100210021004;0.0;0.0;0.0;0.0
2030-01-29 20:00:00;536.3435226358401;1075.0844963913657;0.0;210.02100210021004;0.0;0.0;0.0;0.0
2030-01-29 21:00:00;536.0973917029434;1075.0844963913657;0.0;210.02100210021004;0.0;0.0;0.0;0.0
2030-01-29 22:00:00;535.6991755246249;1075.0844963913657;0.0;210.02100210021004;0.0;0.0;0.0;0.0
2030-01-29 23:00:00;535.2369842271311;1075.0844963913657;0.0;210.02100210021004;0.0;0.0;0.0;0.0
2030-01-30 00:00:00;534.4071000797056;1075.0844963913657;0.0;210.02100210021004;0.0;0.0;0.0;0.0
2030-01-30 01:00:00;534.6459637798961;1075.0844963913657;0.0;210.02100210021004;0.0;0.0;0.0;0.0
2030-01-30 02:00:00;534.8150857372179;1075.0844963913657;0.0;210.02100210021004;0.0;0.0;0.0;0.0
2030-01-30 03:00:00;534.4501745538977;1075.0844963913657;0.0;210.02100210021004;0.0;0.0;0.0;0.0
2030-01-30 04:00:00;534.0919634400746;1075.0844963913657;0.0;210.02100210021004;0.0;0.0;0.0;0.0
2030-01-30 05:00:00;534.0927760877564;1075.0844963913657;0.0;210.02100210021004;0.0;0.0;0.0;0.0
2030-01-30 06:00:00;534.8592282095092;1075.0844963913657;0.0;210.02100210021004;0.0;0.0;0.0;0.0
2030-01-30 07:00:00;536.0702054104711;1075.0844963913657;0.0;210.02100210021004;0.0;0.0;0.0;0.0
2030-01-30 08:00:00;536.3898113875576;1075.0844963913657;0.0;210.02100210021004;0.0;0.0;0.0;0.0
2030-01-30 09:00:00;536.4309065595918;1075.0844963913657;0.0;210.02100210021004;0.0;0.0;0.0;0.0
2030-01-30 10:00:00;536.5554514734417;1075.0844963913657;0.0;210.02100210021004;0.0;0.0;0.0;0.0
2030-01-30 11:00:00;529.8930912527371;1075.0844963913657;0.0;210.02100210021004;0.0;0.0;0.0;0.0
2030-01-30 12:00:00;493.9735687848878;1075.0844963913657;0.0;210.02100210021004;0.0;0.0;0.0;0.0
2030-01-30 13:00:00;472.0241430004965;1075.0844963913657;0.0;210.02100210021004;0.0;0.0;0.0;0.0
2030-01-30 14:00:00;472.0554809045267;1075.0844963913657;0.0;210.02100210021004;0.0;0.0;0.0;0.0
2030-01-30 15:00:00;472.0041576447163;1075.0844963913657;0.0;210.02100210021004;0.0;0.0;0.0;0.0
2030-01-30 16:00:00;472.1673941404898;1075.0844963913657;0.0;210.02100210021004;0.0;0.0;0.0;0.0
2030-01-30 17:00:00;472.3632255927957;1075.0844963913657;0.0;210.02100210021004;0.0;0.0;0.0;0.0
2030-01-30 18:00:00;477.105422467819;1075.0844963913657;0.0;210.02100210021004;0.0;0.0;0.0;0.0
2030-01-30 19:00:00;472.6300882331402;1075.0844963913657;0.0;210.02100210021004;0.0;0.0;0.0;0.0
2030-01-30 20:00:00;485.038181597462;1075.0844963913657;0.0;210.02100210021004;0.0;0.0;0.0;0.0
2030-01-30 21:00:00;476.404117600194;1075.0844963913657;0.0;210.02100210021004;0.0;0.0;0.0;0.0
2030-01-30 22:00:00;472.0991608477019;1075.0844963913657;0.0;210.02100210021004;0.0;0.0;0.0;0.0
2030-01-30 23:00:00;471.7253512232058;1075.0844963913657;0.0;210.02100210021004;0.0;0.0;0.0;0.0
2030-01-31 00:00:00;471.3352350421432;1075.0844963913657;0.0;210.02100210021004;0.0;0.0;0.0;0.0
2030-01-31 01:00:00;470.9922443301868;1075.0844963913657;0.0;210.02100210021004;0.0;0.0;0.0;0.0
2030-01-31 02:00:00;471.0821103835584;1075.0844963913657;0.0;210.02100210021004;0.0;0.0;0.0;0.0
2030-01-31 03:00:00;470.9321532609622;1075.0844963913657;0.0;210.02100210021004;0.0;0.0;0.0;0.0
2030-01-31 04:00:00;470.8968468543662;1075.0844963913657;0.0;210.02100210021004;0.0;0.0;0.0;0.0
2030-01-31 05:00:00;471.0408522193999;1075.0844963913657;0.0;210.02100210021004;0.0;0.0;0.0;0.0
2030-01-31 06:00:00;471.1708902822301;1075.0844963913657;0.0;210.02100210021004;0.0;0.0;0.0;0.0
2030-01-31 07:00:00;472.0206129896453;1075.0844963913657;0.0;210.02100210021004;0.0;0.0;0.0;0.0
2030-01-31 08:00:00;472.552021125411;1075.0844963913657;0.0;210.02100210021004;0.0;0.0;0.0;0.0
2030-01-31 09:00:00;473.4057888823293;1075.0844963913657;0.0;210.02100210021004;0.0;0.0;0.0;0.0
2030-01-31 10:00:00;473.2626605007248;1075.0844963913657;0.0;210.02100210021004;0.0;0.0;0.0;0.0
2030-01-31 11:00:00;472.9262672490494;1075.0844963913657;0.0;210.02100210021004;0.0;0.0;0.0;0.0
2030-01-31 12:00:00;473.038516335206;1075.0844963913657;0.0;210.02100210021004;0.0;0.0;0.0;0.0
2030-01-31 13:00:00;472.9316557962418;1075.0844963913657;0.0;210.02100210021004;0.0;0.0;0.0;0.0
2030-01-31 14:00:00;472.9496519839194;1075.0844963913657;0.0;210.02100210021004;0.0;0.0;0.0;0.0
2030-01-31 15:00:00;473.0351753787579;1075.0844963913657;0.0;210.02100210021004;0.0;0.0;0.0;0.0
2030-01-31 16:00:00;472.7400000575057;1075.0844963913657;0.0;210.02100210021004;0.0;0.0;0.0;0.0
2030-01-31 17:00:00;471.8612806606902;1075.0844963913657;0.0;210.02100210021004;0.0;0.0;0.0;0.0
2030-01-31 18:00:00;472.0108999405209;1075.0844963913657;0.0;210.02100210021004;0.0;0.0;0.0;0.0
2030-01-31 19:00:00;472.8526252598963;1075.0844963913657;0.0;210.02100210021004;0.0;0.0;0.0;0.0
2030-01-31 20:00:00;472.4741793529815;1075.0844963913657;0.0;210.02100210021004;0.0;0.0;0.0;0.0
2030-01-31 21:00:00;472.3981156171168;1075.0844963913657;0.0;210.02100210021004;0.0;0.0;0.0;0.0
2030-01-31 22:00:00;472.0567119270553;1075.0844963913657;0.0;210.02100210021004;0.0;0.0;0.0;0.0
2030-01-31 23:00:00;471.463834903746;1075.0844963913657;0.0;210.02100210021004;0.0;0.0;0.0;0.0
2030-02-01 00:00:00;470.0980712905272;1075.0844963913657;0.0;210.02100210021004;0.0;0.0;0.0;0.0
2030-02-01 01:00:00;469.5659128825602;1075.0844963913657;0.0;210.02100210021004;0.0;0.0;0.0;0.0
2030-02-01 02:00:00;468.9745987791341;1075.0844963913657;0.0;210.02100210021004;0.0;0.0;0.0;0.0
2030-02-01 03:00:00;469.0542769784649;1075.0844963913657;0.0;210.02100210021004;0.0;0.0;0.0;0.0
2030-02-01 04:00:00;468.9233398550711;1075.0844963913657;0.0;210.02100210021004;0.0;0.0;0.0;0.0
2030-02-01 05:00:00;468.9545569932844;1075.0844963913657;0.0;210.02100210021004;0.0;0.0;0.0;0.0
2030-02-01 06:00:00;469.62558756951;1075.0844963913657;0.0;210.02100210021004;0.0;0.0;0.0;0.0
2030-02-01 07:00:00;471.0245034365257;1075.0844963913657;0.0;210.02100210021004;0.0;0.0;0.0;0.0
2030-02-01 08:00:00;472.3390041405373;1075.0844963913657;0.0;210.02100210021004;0.0;0.0;0.0;0.0
2030-02-01 09:00:00;471.7524731799309;1075.0844963913657;0.0;210.02100210021004;0.0;0.0;0.0;0.0
2030-02-01 10:00:00;471.882012368138;1075.0844963913657;0.0;210.02100210021004;0.0;0.0;0.0;0.0
2030-02-01 11:00:00;472.0041374955434;1075.0844963913657;0.0;210.02100210021004;0.0;0.0;0.0;0.0
2030-02-01 12:00:00;472.0180021885307;1075.0844963913657;0.0;210.02100210021004;0.0;0.0;0.0;0.0
2030-02-01 13:00:00;471.9495798413397;1075.0844963913657;0.0;210.02100210021004;0.0;0.0;0.0;0.0
2030-02-01 14:00:00;472.1317558042342;1075.0844963913657;0.0;210.02100210021004;0.0;0.0;0.0;0.0
2030-02-01 15:00:00;472.0833551260251;1075.0844963913657;0.0;210.02100210021004;0.0;0.0;0.0;0.0
2030-02-01 16:00:00;471.9454222843709;1075.0844963913657;0.0;210.02100210021004;0.0;0.0;0.0;0.0
2030-02-01 17:00:00;471.9922781992977;1075.0844963913657;0.0;210.02100210021004;0.0;0.0;0.0;0.0
2030-02-01 18:00:00;471.9965363729104;1075.0844963913657;0.0;210.02100210021004;0.0;0.0;0.0;0.0
2030-02-01 19:00:00;472.1764796434965;1075.0844963913657;0.0;210.02100210021004;0.0;0.0;0.0;0.0
2030-02-01 20:00:00;472.1896745640587;1075.0844963913657;0.0;210.02100210021004;0.0;0.0;0.0;0.0
2030-02-01 21:00:00;472.0206733725536;1075.0844963913657;0.0;210.02100210021004;0.0;0.0;0.0;0.0
2030-02-01 22:00:00;471.8515715644048;1075.0844963913657;0.0;210.02100210021004;0.0;0.0;0.0;0.0
2030-02-01 23:00:00;471.5949993873169;1075.0844963913657;0.0;210.02100210021004;0.0;0.0;0.0;0.0
2030-02-02 00:00:00;470.533812363988;1075.0844963913657;0.0;210.02100210021004;0.0;0.0;0.0;0.0
2030-02-02 01:00:00;470.1320642145516;1075.0844963913657;0.0;210.02100210021004;0.0;0.0;0.0;0.0
2030-02-02 02:00:00;470.0050955614182;1075.0844963913657;0.0;210.02100210021004;0.0;0.0;0.0;0.0
2030-02-02 03:00:00;469.011974885914;1075.0844963913657;0.0;210.02100210021004;0.0;0.0;0.0;0.0
2030-02-02 04:00:00;469.0360515026488;1075.0844963913657;0.0;210.02100210021004;0.0;0.0;0.0;0.0
2030-02-02 05:00:00;469.1314892445101;1075.0844963913657;0.0;210.02100210021004;0.0;0.0;0.0;0.0
2030-02-02 06:00:00;469.0501636403757;1075.0844963913657;0.0;210.02100210021004;0.0;0.0;0.0;0.0
2030-02-02 07:00:00;533.8155365389681;1075.0844963913657;0.0;210.02100210021004;0.0;0.0;0.0;0.0
2030-02-02 08:00:00;534.3180486342827;1075.0844963913657;0.0;210.02100210021004;0.0;0.0;0.0;0.0
2030-02-02 09:00:00;535.0773582742902;1075.0844963913657;0.0;210.02100210021004;0.0;0.0;0.0;0.0
2030-02-02 10:00:00;471.0776651158093;1075.0844963913657;0.0;210.02100210021004;0.0;0.0;0.0;0.0
2030-02-02 11:00:00;471.1364387496234;1075.0844963913657;0.0;210.02100210021004;0.0;0.0;0.0;0.0
2030-02-02 12:00:00;471.4047013177268;1075.0844963913657;0.0;210.02100210021004;0.0;0.0;0.0;0.0
2030-02-02 13:00:00;471.3730496406378;1075.0844963913657;0.0;210.02100210021004;0.0;0.0;0.0;0.0
2030-02-02 14:00:00;470.5470072845503;1075.0844963913657;0.0;210.02100210021004;0.0;0.0;0.0;0.0
2030-02-02 15:00:00;470.2091738390753;1075.0844963913657;0.0;210.02100210021004;0.0;0.0;0.0;0.0
2030-02-02 16:00:00;534.788156787735;1075.0844963913657;0.0;210.02100210021004;0.0;0.0;0.0;0.0
2030-02-02 17:00:00;534.6891428558763;1075.0844963913657;0.0;210.02100210021004;0.0;0.0;0.0;0.0
2030-02-02 18:00:00;534.7127569111899;1075.0844963913657;0.0;210.02100210021004;0.0;0.0;0.0;0.0
2030-02-02 19:00:00;534.6949880513839;1075.0844963913657;0.0;210.02100210021004;0.0;0.0;0.0;0.0
2030-02-02 20:00:00;534.7876298905666;1075.0844963913657;0.0;210.02100210021004;0.0;0.0;0.0;0.0
2030-02-02 21:00:00;534.7030075488638;1075.0844963913657;0.0;210.02100210021004;0.0;0.0;0.0;0.0
2030-02-02 22:00:00;534.6804555785434;1075.0844963913657;0.0;210.02100210021004;0.0;0.0;0.0;0.0
2030-02-02 23:00:00;534.5164668179965;1075.0844963913657;0.0;210.02100210021004;0.0;0.0;0.0;0.0
2030-02-03 00:00:00;533.8815170225799;1075.0844963913657;0.0;210.02100210021004;0.0;0.0;0.0;0.0
2030-02-03 01:00:00;533.1966639796746;1075.0844963913657;0.0;210.02100210021004;0.0;0.0;0.0;0.0
2030-02-03 02:00:00;532.0331643266513;1075.0844963913657;0.0;210.02100210021004;0.0;0.0;0.0;0.0
2030-02-03 03:00:00;531.1830252369614;1075.0844963913657;0.0;210.02100210021004;0.0;0.0;0.0;0.0
2030-02-03 04:00:00;530.8053335550867;1075.0844963913657;0.0;210.02100210021004;0.0;0.0;0.0;0.0
2030-02-03 05:00:00;530.4654986980142;1075.0844963913657;0.0;210.02100210021004;0.0;0.0;0.0;0.0
2030-02-03 06:00:00;530.1511324797573;1075.0844963913657;0.0;210.02100210021004;0.0;0.0;0.0;0.0
2030-02-03 07:00:00;530.0259158009102;1075.0844963913657;0.0;210.02100210021004;0.0;0.0;0.0;0.0
2030-02-03 08:00:00;530.780633345073;1075.0844963913657;0.0;210.02100210021004;0.0;0.0;0.0;0.0
2030-02-03 09:00:00;531.7770547109848;1075.0844963913657;0.0;210.02100210021004;0.0;0.0;0.0;0.0
2030-02-03 10:00:00;532.5800039958214;1075.0844963913657;0.0;210.02100210021004;0.0;0.0;0.0;0.0
2030-02-03 11:00:00;532.5832604996544;1075.0844963913657;0.0;210.02100210021004;0.0;0.0;0.0;0.0
2030-02-03 12:00:00;532.609149473584;1075.0844963913657;0.0;210.02100210021004;0.0;0.0;0.0;0.0
2030-02-03 13:00:00;532.4889673351347;1075.0844963913657;0.0;210.02100210021004;0.0;0.0;0.0;0.0
2030-02-03 14:00:00;533.0265565166017;1075.0844963913657;0.0;210.02100210021004;0.0;0.0;0.0;0.0
2030-02-03 15:00:00;533.1158352898963;1075.0844963913657;0.0;210.02100210021004;0.0;0.0;0.0;0.0
2030-02-03 16:00:00;532.8826739099569;1075.0844963913657;0.0;210.02100210021004;0.0;0.0;0.0;0.0
2030-02-03 17:00:00;533.0229238965345;1075.0844963913657;0.0;210.02100210021004;0.0;0.0;0.0;0.0
2030-02-03 18:00:00;533.3727634663505;1075.0844963913657;0.0;210.02100210021004;0.0;0.0;0.0;0.0
2030-02-03 19:00:00;533.5747941532636;1075.0844963913657;0.0;210.02100210021004;0.0;0.0;0.0;0.0
2030-02-03 20:00:00;533.4533166888436;1075.0844963913657;0.0;210.02100210021004;0.0;0.0;0.0;0.0
2030-02-03 21:00:00;532.9831481524831;1075.0844963913657;0.0;210.02100210021004;0.0;0.0;0.0;0.0
2030-02-03 22:00:00;532.531351920034;1075.0844963913657;0.0;210.02100210021004;0.0;0.0;0.0;0.0
2030-02-03 23:00:00;531.9670993904244;1075.0844963913657;0.0;210.02100210021004;0.0;0.0;0.0;0.0
2030-02-04 00:00:00;531.6164893992341;1075.0844963913657;0.0;210.02100210021004;0.0;0.0;0.0;0.0
2030-02-04 01:00:00;531.9907797417521;1075.0844963913657;0.0;210.02100210021004;0.0;0.0;0.0;0.0
2030-02-04 02:00:00;532.0233707454456;1075.0844963913657;0.0;210.02100210021004;0.0;0.0;0.0;0.0
2030-02-04 03:00:00;531.934403784943;1075.0844963913657;0.0;210.02100210021004;0.0;0.0;0.0;0.0
2030-02-04 04:00:00;531.9110391669408;1075.0844963913657;0.0;210.02100210021004;0.0;0.0;0.0;0.0
2030-02-04 05:00:00;532.1867962956222;1075.0844963913657;0.0;210.02100210021004;0.0;0.0;0.0;0.0
2030-02-04 06:00:00;533.1759484685606;1075.0844963913657;0.0;210.02100210021004;0.0;0.0;0.0;0.0
2030-02-04 07:00:00;534.2400419094621;1075.0844963913657;0.0;210.02100210021004;0.0;0.0;0.0;0.0
2030-02-04 08:00:00;534.4551849922839;1075.0844963913657;0.0;210.02100210021004;0.0;0.0;0.0;0.0
2030-02-04 09:00:00;534.7360188876708;1075.0844963913657;0.0;210.02100210021004;0.0;0.0;0.0;0.0
2030-02-04 10:00:00;534.8160270563945;1075.0844963913657;0.0;210.02100210021004;0.0;0.0;0.0;0.0
2030-02-04 11:00:00;470.6820135594591;1075.0844963913657;0.0;210.02100210021004;0.0;0.0;0.0;0.0
2030-02-04 12:00:00;470.184576270583;1075.0844963913657;0.0;210.02100210021004;0.0;0.0;0.0;0.0
2030-02-04 13:00:00;470.2466525550713;1075.0844963913657;0.0;210.02100210021004;0.0;0.0;0.0;0.0
2030-02-04 14:00:00;487.2574451656172;1075.0844963913657;0.0;210.02100210021004;0.0;0.0;0.0;0.0
2030-02-04 15:00:00;534.936168928803;1075.0844963913657;0.0;210.02100210021004;0.0;0.0;0.0;0.0
2030-02-04 16:00:00;534.7985940790871;1075.0844963913657;0.0;210.02100210021004;0.0;0.0;0.0;0.0
2030-02-04 17:00:00;534.6810408983534;1075.0844963913657;0.0;210.02100210021004;0.0;0.0;0.0;0.0
2030-02-04 18:00:00;534.7742901344807;1075.0844963913657;0.0;210.02100210021004;0.0;0.0;0.0;0.0
2030-02-04 19:00:00;534.8951199359152;1075.0844963913657;0.0;210.02100210021004;0.0;0.0;0.0;0.0
2030-02-04 20:00:00;534.7042606485269;1075.0844963913657;0.0;210.02100210021004;0.0;0.0;0.0;0.0
2030-02-04 21:00:00;534.201873271868;1075.0844963913657;0.0;210.02100210021004;0.0;0.0;0.0;0.0
2030-02-04 22:00:00;533.0147173372237;1075.0844963913657;0.0;210.02100210021004;0.0;0.0;0.0;0.0
2030-02-04 23:00:00;532.4719306232346;1075.0844963913657;0.0;210.02100210021004;0.0;0.0;0.0;0.0
2030-02-05 00:00:00;531.9877908318315;1075.0844963913657;0.0;210.02100210021004;0.0;0.0;0.0;0.0
2030-02-05 01:00:00;532.0011968839316;1075.0844963913657;0.0;210.02100210021004;0.0;0.0;0.0;0.0
2030-02-05 02:00:00;532.4762933986353;1075.0844963913657;0.0;210.02100210021004;0.0;0.0;0.0;0.0
2030-02-05 03:00:00;532.9090455621754;1075.0844963913657;0.0;210.02100210021004;0.0;0.0;0.0;0.0
2030-02-05 04:00:00;533.1872686564477;1075.0844963913657;0.0;210.02100210021004;0.0;0.0;0.0;0.0
2030-02-05 05:00:00;533.3279551744731;1075.0844963913657;0.0;210.02100210021004;0.0;0.0;0.0;0.0
2030-02-05 06:00:00;534.4703248943744;1075.0844963913657;0.0;210.02100210021004;0.0;0.0;0.0;0.0
2030-02-05 07:00:00;471.5425919330734;1075.0844963913657;0.0;210.02100210021004;0.0;0.0;0.0;0.0
2030-02-05 08:00:00;535.7737809100892;1075.0844963913657;0.0;210.02100210021004;0.0;0.0;0.0;0.0
2030-02-05 09:00:00;535.8192128275506;1075.0844963913657;0.0;210.02100210021004;0.0;0.0;0.0;0.0
2030-02-05 10:00:00;471.7635399776676;1075.0844963913657;0.0;210.02100210021004;0.0;0.0;0.0;0.0
2030-02-05 11:00:00;471.7568600250382;1075.0844963913657;0.0;210.02100210021004;0.0;0.0;0.0;0.0
2030-02-05 12:00:00;471.9463837204151;1075.0844963913657;0.0;210.02100210021004;0.0;0.0;0.0;0.0
2030-02-05 13:00:00;471.8654121553803;1075.0844963913657;0.0;210.02100210021004;0.0;0.0;0.0;0.0
2030-02-05 14:00:00;471.8215652995472;1075.0844963913657;0.0;210.02100210021004;0.0;0.0;0.0;0.0
2030-02-05 15:00:00;472.5504743695567;1075.0844963913657;0.0;210.02100210021004;0.0;0.0;0.0;0.0
2030-02-05 16:00:00;536.6298879536758;1075.0844963913657;0.0;210.02100210021004;0.0;0.0;0.0;0.0
2030-02-05 17:00:00;535.9665832187387;1075.0844963913657;0.0;210.02100210021004;0.0;0.0;0.0;0.0
2030-02-05 18:00:00;536.0059808539843;1075.0844963913657;0.0;210.02100210021004;0.0;0.0;0.0;0.0
2030-02-05 19:00:00;536.7116721663925;1075.0844963913657;0.0;210.02100210021004;0.0;0.0;0.0;0.0
2030-02-05 20:00:00;536.5007248817028;1075.0844963913657;0.0;210.02100210021004;0.0;0.0;0.0;0.0
2030-02-05 21:00:00;536.7293585338502;1075.0844963913657;0.0;210.02100210021004;0.0;0.0;0.0;0.0
2030-02-05 22:00:00;536.6126400779327;1075.0844963913657;0.0;210.02100210021004;0.0;0.0;0.0;0.0
2030-02-05 23:00:00;536.1383400468819;1075.0844963913657;0.0;210.02100210021004;0.0;0.0;0.0;0.0
2030-02-06 00:00:00;535.5012380589333;1075.0844963913657;0.0;210.02100210021004;0.0;0.0;0.0;0.0
2030-02-06 01:00:00;534.4668169929631;1075.0844963913657;0.0;210.02100210021004;0.0;0.0;0.0;0.0
2030-02-06 02:00:00;534.3299280797013;1075.0844963913657;0.0;210.02100210021004;0.0;0.0;0.0;0.0
2030-02-06 03:00:00;534.0705418433339;1075.0844963913657;0.0;210.02100210021004;0.0;0.0;0.0;0.0
2030-02-06 04:00:00;534.1631213070359;1075.0844963913657;0.0;210.02100210021004;0.0;0.0;0.0;0.0
2030-02-06 05:00:00;534.2399795339815;1075.0844963913657;0.0;210.02100210021004;0.0;0.0;0.0;0.0
2030-02-06 06:00:00;534.7632233367441;1075.0844963913657;0.0;210.02100210021004;0.0;0.0;0.0;0.0
2030-02-06 07:00:00;536.2010178475143;1075.0844963913657;0.0;210.02100210021004;0.0;0.0;0.0;0.0
2030-02-06 08:00:00;536.6000707432213;1075.0844963913657;0.0;210.02100210021004;0.0;0.0;0.0;0.0
2030-02-06 09:00:00;536.8419213930655;1075.0844963913657;0.0;210.02100210021004;0.0;0.0;0.0;0.0
2030-02-06 10:00:00;536.940870989177;1075.0844963913657;0.0;210.02100210021004;0.0;0.0;0.0;0.0
2030-02-06 11:00:00;537.2647754059169;1075.0844963913657;0.0;210.02100210021004;0.0;0.0;0.0;0.0
2030-02-06 12:00:00;536.9246468926533;1075.0844963913657;0.0;210.02100210021004;0.0;0.0;0.0;0.0
2030-02-06 13:00:00;536.9764469499521;1075.0844963913657;0.0;210.02100210021004;0.0;0.0;0.0;0.0
2030-02-06 14:00:00;536.9879944657109;1075.0844963913657;0.0;210.02100210021004;0.0;0.0;0.0;0.0
2030-02-06 15:00:00;536.9989586542317;1075.0844963913657;0.0;210.02100210021004;0.0;0.0;0.0;0.0
2030-02-06 16:00:00;536.8616715152962;1075.0844963913657;0.0;210.02100210021004;0.0;0.0;0.0;0.0
2030-02-06 17:00:00;536.677202477185;1075.0844963913657;0.0;210.02100210021004;0.0;0.0;0.0;0.0
2030-02-06 18:00:00;536.8371583994189;1075.0844963913657;0.0;210.02100210021004;0.0;0.0;0.0;0.0
2030-02-06 19:00:00;536.732029717873;1075.0844963913657;0.0;210.02100210021004;0.0;0.0;0.0;0.0
2030-02-06 20:00:00;536.9667599631064;1075.0844963913657;0.0;210.02100210021004;0.0;0.0;0.0;0.0
2030-02-06 21:00:00;536.8013712748007;1075.0844963913657;0.0;210.02100210021004;0.0;0.0;0.0;0.0
2030-02-06 22:00:00;536.342939308602;1075.0844963913657;0.0;210.02100210021004;0.0;0.0;0.0;0.0
2030-02-06 23:00:00;535.2897034941666;1075.0844963913657;0.0;210.02100210021004;0.0;0.0;0.0;0.0
2030-02-07 00:00:00;534.7499218541268;1075.0844963913657;0.0;210.02100210021004;0.0;0.0;0.0;0.0
2030-02-07 01:00:00;533.8779447854214;1075.0844963913657;0.0;210.02100210021004;0.0;0.0;0.0;0.0
2030-02-07 02:00:00;532.6300721957016;1075.0844963913657;0.0;210.02100210021004;0.0;0.0;0.0;0.0
2030-02-07 03:00:00;532.2756204131733;1075.0844963913657;0.0;210.02100210021004;0.0;0.0;0.0;0.0
2030-02-07 04:00:00;531.8664822726417;1075.0844963913657;0.0;210.02100210021004;0.0;0.0;0.0;0.0
2030-02-07 05:00:00;531.5649589284197;1075.0844963913657;0.0;210.02100210021004;0.0;0.0;0.0;0.0
2030-02-07 06:00:00;532.2725490109045;1075.0844963913657;0.0;210.02100210021004;0.0;0.0;0.0;0.0
2030-02-07 07:00:00;533.0025241187465;1075.0844963913657;0.0;210.02100210021004;0.0;0.0;0.0;0.0
2030-02-07 08:00:00;533.5799313028775;1075.0844963913657;0.0;210.02100210021004;0.0;0.0;0.0;0.0
2030-02-07 09:00:00;533.4123099222636;1075.0844963913657;0.0;210.02100210021004;0.0;0.0;0.0;0.0
2030-02-07 10:00:00;533.3224821423605;1075.0844963913657;0.0;210.02100210021004;0.0;0.0;0.0;0.0
2030-02-07 11:00:00;469.0258395789014;1075.0844963913657;0.0;210.02100210021004;0.0;0.0;0.0;0.0
2030-02-07 12:00:00;468.8323051546514;1075.0844963913657;0.0;210.02100210021004;0.0;0.0;0.0;0.0
2030-02-07 13:00:00;469.3389305880551;1075.0844963913657;0.0;210.02100210021004;0.0;0.0;0.0;0.0
2030-02-07 14:00:00;469.4410541956515;1075.0844963913657;0.0;210.02100210021004;0.0;0.0;0.0;0.0
2030-02-07 15:00:00;469.6231216039189;1075.0844963913657;0.0;210.02100210021004;0.0;0.0;0.0;0.0
2030-02-07 16:00:00;533.7691211083279;1075.0844963913657;0.0;210.02100210021004;0.0;0.0;0.0;0.0
2030-02-07 17:00:00;533.9633856879117;1075.0844963913657;0.0;210.02100210021004;0.0;0.0;0.0;0.0
2030-02-07 18:00:00;534.0715617020197;1075.0844963913657;0.0;210.02100210021004;0.0;0.0;0.0;0.0
2030-02-07 19:00:00;534.2588949313958;1075.0844963913657;0.0;210.02100210021004;0.0;0.0;0.0;0.0
2030-02-07 20:00:00;534.2279935265082;1075.0844963913657;0.0;210.02100210021004;0.0;0.0;0.0;0.0
2030-02-07 21:00:00;533.6333605760736;1075.0844963913657;0.0;210.02100210021004;0.0;0.0;0.0;0.0
2030-02-07 22:00:00;532.7901769062978;1075.0844963913657;0.0;210.02100210021004;0.0;0.0;0.0;0.0
2030-02-07 23:00:00;531.984284890687;1075.0844963913657;0.0;210.02100210021004;0.0;0.0;0.0;0.0
2030-02-08 00:00:00;466.827202670819;1075.0844963913657;0.0;210.02100210021004;0.0;0.0;0.0;0.0
2030-02-08 01:00:00;466.6423866302035;1075.0844963913657;0.0;210.02100210021004;0.0;0.0;0.0;0.0
2030-02-08 02:00:00;497.8819304887502;1075.0844963913657;0.0;210.02100210021004;0.0;0.0;0.0;0.0
2030-02-08 03:00:00;530.2029948802315;1075.0844963913657;0.0;210.02100210021004;0.0;0.0;0.0;0.0
2030-02-08 04:00:00;530.1539102258351;1075.0844963913657;0.0;210.02100210021004;0.0;0.0;0.0;0.0
2030-02-08 05:00:00;530.7868566493871;1075.0844963913657;0.0;210.02100210021004;0.0;0.0;0.0;0.0
2030-02-08 06:00:00;532.009341100067;1075.0844963913657;0.0;210.02100210021004;0.0;0.0;0.0;0.0
2030-02-08 07:00:00;533.7771386132355;1075.0844963913657;0.0;210.02100210021004;0.0;0.0;0.0;0.0
2030-02-08 08:00:00;535.0535551645735;1075.0844963913657;0.0;210.02100210021004;0.0;0.0;0.0;0.0
2030-02-08 09:00:00;535.1279273090603;1075.0844963913657;0.0;210.02100210021004;0.0;0.0;0.0;0.0
2030-02-08 10:00:00;535.300498745152;1075.0844963913657;0.0;210.02100210021004;0.0;0.0;0.0;0.0
2030-02-08 11:00:00;470.9544317242644;1075.0844963913657;0.0;210.02100210021004;0.0;0.0;0.0;0.0
2030-02-08 12:00:00;470.899037320367;1075.0844963913657;0.0;210.02100210021004;0.0;0.0;0.0;0.0
2030-02-08 13:00:00;470.9917876818712;1075.0844963913657;0.0;210.02100210021004;0.0;0.0;0.0;0.0
2030-02-08 14:00:00;470.9087906355322;1075.0844963913657;0.0;210.02100210021004;0.0;0.0;0.0;0.0
2030-02-08 15:00:00;470.5086938114329;1075.0844963913657;0.0;210.02100210021004;0.0;0.0;0.0;0.0
2030-02-08 16:00:00;534.2590216103183;1075.0844963913657;0.0;210.02100210021004;0.0;0.0;0.0;0.0
2030-02-08 17:00:00;533.7862825388838;1075.0844963913657;0.0;210.02100210021004;0.0;0.0;0.0;0.0
2030-02-08 18:00:00;533.9440116819151;1075.0844963913657;0.0;210.02100210021004;0.0;0.0;0.0;0.0
2030-02-08 19:00:00;533.7718787375379;1075.0844963913657;0.0;210.02100210021004;0.0;0.0;0.0;0.0
2030-02-08 20:00:00;533.3492520525581;1075.0844963913657;0.0;210.02100210021004;0.0;0.0;0.0;0.0
2030-02-08 21:00:00;532.3868216180986;1075.0844963913657;0.0;210.02100210021004;0.0;0.0;0.0;0.0
2030-02-08 22:00:00;532.0480306894185;1075.0844963913657;0.0;210.02100210021004;0.0;0.0;0.0;0.0
2030-02-08 23:00:00;531.0521946433171;1075.0844963913657;0.0;210.02100210021004;0.0;0.0;0.0;0.0
2030-02-09 00:00:00;530.0774261548569;1075.0844963913657;0.0;210.02100210021004;0.0;0.0;0.0;0.0
2030-02-09 01:00:00;529.4638375732726;1075.0844963913657;0.0;210.02100210021004;0.0;0.0;0.0;0.0
2030-02-09 02:00:00;529.376934367543;1075.0844963913657;0.0;210.02100210021004;0.0;0.0;0.0;0.0
2030-02-09 03:00:00;529.1266920568239;1075.0844963913657;0.0;210.02100210021004;0.0;0.0;0.0;0.0
2030-02-09 04:00:00;528.5763022276296;1075.0844963913657;0.0;210.02100210021004;0.0;0.0;0.0;0.0
2030-02-09 05:00:00;528.4272643147702;1075.0844963913657;0.0;210.02100210021004;0.0;0.0;0.0;0.0
2030-02-09 06:00:00;528.354018591024;1075.0844963913657;0.0;210.02100210021004;0.0;0.0;0.0;0.0
2030-02-09 07:00:00;529.2410088828976;1075.0844963913657;0.0;210.02100210021004;0.0;0.0;0.0;0.0
2030-02-09 08:00:00;530.218510898556;1075.0844963913657;0.0;210.02100210021004;0.0;0.0;0.0;0.0
2030-02-09 09:00:00;530.9171863758362;1075.0844963913657;0.0;210.02100210021004;0.0;0.0;0.0;0.0
2030-02-09 10:00:00;531.2601348614853;1075.0844963913657;0.0;210.02100210021004;0.0;0.0;0.0;0.0
2030-02-09 11:00:00;531.1484710628336;1075.0844963913657;0.0;210.02100210021004;0.0;0.0;0.0;0.0
2030-02-09 12:00:00;531.1039141685344;1075.0844963913657;0.0;210.02100210021004;0.0;0.0;0.0;0.0
2030-02-09 13:00:00;531.150494583871;1075.0844963913657;0.0;210.02100210021004;0.0;0.0;0.0;0.0
2030-02-09 14:00:00;530.9739585980526;1075.0844963913657;0.0;210.02100210021004;0.0;0.0;0.0;0.0
2030-02-09 15:00:00;530.6419924575252;1075.0844963913657;0.0;210.02100210021004;0.0;0.0;0.0;0.0
2030-02-09 16:00:00;530.1881304777312;1075.0844963913657;0.0;210.02100210021004;0.0;0.0;0.0;0.0
2030-02-09 17:00:00;530.9814310491907;1075.0844963913657;0.0;210.02100210021004;0.0;0.0;0.0;0.0
2030-02-09 18:00:00;530.9920633080517;1075.0844963913657;0.0;210.02100210021004;0.0;0.0;0.0;0.0
2030-02-09 19:00:00;531.0585004399792;1075.0844963913657;0.0;210.02100210021004;0.0;0.0;0.0;0.0
2030-02-09 20:00:00;530.9851903804857;1075.0844963913657;0.0;210.02100210021004;0.0;0.0;0.0;0.0
2030-02-09 21:00:00;530.5162528343484;1075.0844963913657;0.0;210.02100210021004;0.0;0.0;0.0;0.0
2030-02-09 22:00:00;530.1302519839472;1075.0844963913657;0.0;210.02100210021004;0.0;0.0;0.0;0.0
2030-02-09 23:00:00;530.2195769363882;1075.0844963913657;0.0;210.02100210021004;0.0;0.0;0.0;0.0
2030-02-10 00:00:00;530.282610736387;1075.0844963913657;0.0;210.02100210021004;0.0;0.0;0.0;0.0
2030-02-10 01:00:00;529.747004809917;1075.0844963913657;0.0;210.02100210021004;0.0;0.0;0.0;0.0
2030-02-10 02:00:00;529.6665763060796;1075.0844963913657;0.0;210.02100210021004;0.0;0.0;0.0;0.0
2030-02-10 03:00:00;529.4989770349054;1075.0844963913657;0.0;210.02100210021004;0.0;0.0;0.0;0.0
2030-02-10 04:00:00;529.3099944404589;1075.0844963913657;0.0;210.02100210021004;0.0;0.0;0.0;0.0
2030-02-10 05:00:00;529.2594877488641;1075.0844963913657;0.0;210.02100210021004;0.0;0.0;0.0;0.0
2030-02-10 06:00:00;529.2876315245417;1075.0844963913657;0.0;210.02100210021004;0.0;0.0;0.0;0.0
2030-02-10 07:00:00;529.9050859994757;1075.0844963913657;0.0;210.02100210021004;0.0;0.0;0.0;0.0
2030-02-10 08:00:00;530.082165078797;1075.0844963913657;0.0;210.02100210021004;0.0;0.0;0.0;0.0
2030-02-10 09:00:00;530.2455906289734;1075.0844963913657;0.0;210.02100210021004;0.0;0.0;0.0;0.0
2030-02-10 10:00:00;530.7179737010415;1075.0844963913657;0.0;210.02100210021004;0.0;0.0;0.0;0.0
2030-02-10 11:00:00;530.8759684777183;1075.0844963913657;0.0;210.02100210021004;0.0;0.0;0.0;0.0
2030-02-10 12:00:00;530.754531247034;1075.0844963913657;0.0;210.02100210021004;0.0;0.0;0.0;0.0
2030-02-10 13:00:00;530.7969399016398;1075.0844963913657;0.0;210.02100210021004;0.0;0.0;0.0;0.0
2030-02-10 14:00:00;530.5934449512206;1075.0844963913657;0.0;210.02100210021004;0.0;0.0;0.0;0.0
2030-02-10 15:00:00;530.6257281272663;1075.0844963913657;0.0;210.02100210021004;0.0;0.0;0.0;0.0
2030-02-10 16:00:00;530.1540349444908;1075.0844963913657;0.0;210.02100210021004;0.0;0.0;0.0;0.0
2030-02-10 17:00:00;530.2549236090248;1075.0844963913657;0.0;210.02100210021004;0.0;0.0;0.0;0.0
2030-02-10 18:00:00;530.3207371153682;1075.0844963913657;0.0;210.02100210021004;0.0;0.0;0.0;0.0
2030-02-10 19:00:00;530.4928680994786;1075.0844963913657;0.0;210.02100210021004;0.0;0.0;0.0;0.0
2030-02-10 20:00:00;530.4014813525314;1075.0844963913657;0.0;210.02100210021004;0.0;0.0;0.0;0.0
2030-02-10 21:00:00;530.3184219307117;1075.0844963913657;0.0;210.02100210021004;0.0;0.0;0.0;0.0
2030-02-10 22:00:00;529.9392458684633;1075.0844963913657;0.0;210.02100210021004;0.0;0.0;0.0;0.0
2030-02-10 23:00:00;529.534514722212;1075.0844963913657;0.0;210.02100210021004;0.0;0.0;0.0;0.0
2030-02-11 00:00:00;529.2005009909404;1075.0844963913657;0.0;210.02100210021004;0.0;0.0;0.0;0.0
2030-02-11 01:00:00;530.5928012410741;1075.0844963913657;0.0;210.02100210021004;0.0;0.0;0.0;0.0
2030-02-11 02:00:00;530.857574064367;1075.0844963913657;0.0;210.02100210021004;0.0;0.0;0.0;0.0
2030-02-11 03:00:00;530.8709580070272;1075.0844963913657;0.0;210.02100210021004;0.0;0.0;0.0;0.0
2030-02-11 04:00:00;531.2274795220444;1075.0844963913657;0.0;210.02100210021004;0.0;0.0;0.0;0.0
2030-02-11 05:00:00;531.6250097316038;1075.0844963913657;0.0;210.02100210021004;0.0;0.0;0.0;0.0
2030-02-11 06:00:00;532.6873673622476;1075.0844963913657;0.0;210.02100210021004;0.0;0.0;0.0;0.0
2030-02-11 07:00:00;534.0060418195621;1075.0844963913657;0.0;210.02100210021004;0.0;0.0;0.0;0.0
2030-02-11 08:00:00;535.0551200770287;1075.0844963913657;0.0;210.02100210021004;0.0;0.0;0.0;0.0
2030-02-11 09:00:00;535.5265839393602;1075.0844963913657;0.0;210.02100210021004;0.0;0.0;0.0;0.0
2030-02-11 10:00:00;535.7518564858865;1075.0844963913657;0.0;210.02100210021004;0.0;0.0;0.0;0.0
2030-02-11 11:00:00;536.048701321382;1075.0844963913657;0.0;210.02100210021004;0.0;0.0;0.0;0.0
2030-02-11 12:00:00;536.1410534572124;1075.0844963913657;0.0;210.02100210021004;0.0;0.0;0.0;0.0
2030-02-11 13:00:00;535.881663268006;1075.0844963913657;0.0;210.02100210021004;0.0;0.0;0.0;0.0
2030-02-11 14:00:00;535.6135072619575;1075.0844963913657;0.0;210.02100210021004;0.0;0.0;0.0;0.0
2030-02-11 15:00:00;535.7580797902004;1075.0844963913657;0.0;210.02100210021004;0.0;0.0;0.0;0.0
2030-02-11 16:00:00;535.7346086101434;1075.0844963913657;0.0;210.02100210021004;0.0;0.0;0.0;0.0
2030-02-11 17:00:00;535.8122834376097;1075.0844963913657;0.0;210.02100210021004;0.0;0.0;0.0;0.0
2030-02-11 18:00:00;536.1750645378376;1075.0844963913657;0.0;210.02100210021004;0.0;0.0;0.0;0.0
2030-02-11 19:00:00;536.7628928169869;1075.0844963913657;0.0;210.02100210021004;0.0;0.0;0.0;0.0
2030-02-11 20:00:00;536.6925898240148;1075.0844963913657;0.0;210.02100210021004;0.0;0.0;0.0;0.0
2030-02-11 21:00:00;536.2586046776793;1075.0844963913657;0.0;210.02100210021004;0.0;0.0;0.0;0.0
2030-02-11 22:00:00;536.0152937171678;1075.0844963913657;0.0;210.02100210021004;0.0;0.0;0.0;0.0
2030-02-11 23:00:00;535.593443366668;1075.0844963913657;0.0;210.02100210021004;0.0;0.0;0.0;0.0
2030-02-12 00:00:00;534.8202449962719;1075.0844963913657;0.0;210.02100210021004;0.0;0.0;0.0;0.0
2030-02-12 01:00:00;535.5899737387252;1075.0844963913657;0.0;210.02100210021004;0.0;0.0;0.0;0.0
2030-02-12 02:00:00;535.2333093807565;1075.0844963913657;0.0;210.02100210021004;0.0;0.0;0.0;0.0
2030-02-12 03:00:00;535.2929418413987;1075.0844963913657;0.0;210.02100210021004;0.0;0.0;0.0;0.0
2030-02-12 04:00:00;535.2510561311226;1075.0844963913657;0.0;210.02100210021004;0.0;0.0;0.0;0.0
2030-02-12 05:00:00;535.4199728377073;1075.0844963913657;0.0;210.02100210021004;0.0;0.0;0.0;0.0
2030-02-12 06:00:00;535.8052656422149;1075.0844963913657;0.0;210.02100210021004;0.0;0.0;0.0;0.0
2030-02-12 07:00:00;536.1372740090497;1075.0844963913657;0.0;210.02100210021004;0.0;0.0;0.0;0.0
2030-02-12 08:00:00;536.3200131823145;1075.0844963913657;0.0;210.02100210021004;0.0;0.0;0.0;0.0
2030-02-12 09:00:00;536.8610680388852;1075.0844963913657;0.0;210.02100210021004;0.0;0.0;0.0;0.0
2030-02-12 10:00:00;536.735477236376;1075.0844963913657;0.0;210.02100210021004;0.0;0.0;0.0;0.0
2030-02-12 11:00:00;536.6138730607282;1075.0844963913657;0.0;210.02100210021004;0.0;0.0;0.0;0.0
2030-02-12 12:00:00;535.9970240224721;1075.0844963913657;0.0;210.02100210021004;0.0;0.0;0.0;0.0
2030-02-12 13:00:00;535.6271406742344;1075.0844963913657;0.0;210.02100210021004;0.0;0.0;0.0;0.0
2030-02-12 14:00:00;535.4439428923874;1075.0844963913657;0.0;210.02100210021004;0.0;0.0;0.0;0.0
2030-02-12 15:00:00;534.8721314664525;1075.0844963913657;0.0;210.02100210021004;0.0;0.0;0.0;0.0
2030-02-12 16:00:00;535.9396684730178;1075.0844963913657;0.0;210.02100210021004;0.0;0.0;0.0;0.0
2030-02-12 17:00:00;536.2235678252626;1075.0844963913657;0.0;210.02100210021004;0.0;0.0;0.0;0.0
2030-02-12 18:00:00;536.1789505480551;1075.0844963913657;0.0;210.02100210021004;0.0;0.0;0.0;0.0
2030-02-12 19:00:00;536.480097776043;1075.0844963913657;0.0;210.02100210021004;0.0;0.0;0.0;0.0
2030-02-12 20:00:00;536.3018259799669;1075.0844963913657;0.0;210.02100210021004;0.0;0.0;0.0;0.0
2030-02-12 21:00:00;535.7226024858022;1075.0844963913657;0.0;210.02100210021004;0.0;0.0;0.0;0.0
2030-02-12 22:00:00;535.5252282304809;1075.0844963913657;0.0;210.02100210021004;0.0;0.0;0.0;0.0
2030-02-12 23:00:00;535.566047902925;1075.0844963913657;0.0;210.02100210021004;0.0;0.0;0.0;0.0
2030-02-13 00:00:00;534.7467277257743;1075.0844963913657;0.0;210.02100210021004;0.0;0.0;0.0;0.0
2030-02-13 01:00:00;533.340876555712;1075.0844963913657;0.0;210.02100210021004;0.0;0.0;0.0;0.0
2030-02-13 02:00:00;532.6702019788528;1075.0844963913657;0.0;210.02100210021004;0.0;0.0;0.0;0.0
2030-02-13 03:00:00;531.9422543448874;1075.0844963913657;0.0;210.02100210021004;0.0;0.0;0.0;0.0
2030-02-13 04:00:00;531.762228581953;1075.0844963913657;0.0;210.02100210021004;0.0;0.0;0.0;0.0
2030-02-13 05:00:00;532.1869210142779;1075.0844963913657;0.0;210.02100210021004;0.0;0.0;0.0;0.0
2030-02-13 06:00:00;532.9349384889438;1075.0844963913657;0.0;210.02100210021004;0.0;0.0;0.0;0.0
2030-02-13 07:00:00;534.5486635488548;1075.0844963913657;0.0;210.02100210021004;0.0;0.0;0.0;0.0
2030-02-13 08:00:00;535.7870180569588;1075.0844963913657;0.0;210.02100210021004;0.0;0.0;0.0;0.0
2030-02-13 09:00:00;536.1884283636299;1075.0844963913657;0.0;210.02100210021004;0.0;0.0;0.0;0.0
2030-02-13 10:00:00;536.1601357995899;1075.0844963913657;0.0;210.02100210021004;0.0;0.0;0.0;0.0
2030-02-13 11:00:00;535.9139646006525;1075.0844963913657;0.0;210.02100210021004;0.0;0.0;0.0;0.0
2030-02-13 12:00:00;536.0490372038807;1075.0844963913657;0.0;210.02100210021004;0.0;0.0;0.0;0.0
2030-02-13 13:00:00;536.307819963837;1075.0844963913657;0.0;210.02100210021004;0.0;0.0;0.0;0.0
2030-02-13 14:00:00;535.960943241663;1075.0844963913657;0.0;210.02100210021004;0.0;0.0;0.0;0.0
2030-02-13 15:00:00;535.7151079252243;1075.0844963913657;0.0;210.02100210021004;0.0;0.0;0.0;0.0
2030-02-13 16:00:00;535.7371551078157;1075.0844963913657;0.0;210.02100210021004;0.0;0.0;0.0;0.0
2030-02-13 17:00:00;535.8611407641343;1075.0844963913657;0.0;210.02100210021004;0.0;0.0;0.0;0.0
2030-02-13 18:00:00;535.7560945426314;1075.0844963913657;0.0;210.02100210021004;0.0;0.0;0.0;0.0
2030-02-13 19:00:00;536.0471987844073;1075.0844963913657;0.0;210.02100210021004;0.0;0.0;0.0;0.0
2030-02-13 20:00:00;536.0279273876266;1075.0844963913657;0.0;210.02100210021004;0.0;0.0;0.0;0.0
2030-02-13 21:00:00;535.8886810634009;1075.0844963913657;0.0;210.02100210021004;0.0;0.0;0.0;0.0
2030-02-13 22:00:00;527.9353702852355;1075.0844963913657;0.0;210.02100210021004;0.0;0.0;0.0;0.0
2030-02-13 23:00:00;486.5819525082185;1075.0844963913657;0.0;210.02100210021004;0.0;0.0;0.0;0.0
2030-02-14 00:00:00;469.5168463847648;1075.0844963913657;0.0;210.02100210021004;0.0;0.0;0.0;0.0
2030-02-14 01:00:00;469.9237699572838;1075.0844963913657;0.0;210.02100210021004;0.0;0.0;0.0;0.0
2030-02-14 02:00:00;470.027186930584;1075.0844963913657;0.0;210.02100210021004;0.0;0.0;0.0;0.0
2030-02-14 03:00:00;469.977595495887;1075.0844963913657;0.0;210.02100210021004;0.0;0.0;0.0;0.0
2030-02-14 04:00:00;470.0262456114077;1075.0844963913657;0.0;210.02100210021004;0.0;0.0;0.0;0.0
2030-02-14 05:00:00;470.137036379469;1075.0844963913657;0.0;210.02100210021004;0.0;0.0;0.0;0.0
2030-02-14 06:00:00;470.9458912427218;1075.0844963913657;0.0;210.02100210021004;0.0;0.0;0.0;0.0
2030-02-14 07:00:00;479.7533013438904;1075.0844963913657;0.0;210.02100210021004;0.0;0.0;0.0;0.0
2030-02-14 08:00:00;497.2446461100126;1075.0844963913657;0.0;210.02100210021004;0.0;0.0;0.0;0.0
2030-02-14 09:00:00;472.2440873827389;1075.0844963913657;0.0;210.02100210021004;0.0;0.0;0.0;0.0
2030-02-14 10:00:00;472.0024036778581;1075.0844963913657;0.0;210.02100210021004;0.0;0.0;0.0;0.0
2030-02-14 11:00:00;471.7899337393258;1075.0844963913657;0.0;210.02100210021004;0.0;0.0;0.0;0.0
2030-02-14 12:00:00;471.6577636008312;1075.0844963913657;0.0;210.02100210021004;0.0;0.0;0.0;0.0
2030-02-14 13:00:00;471.3330445761425;1075.0844963913657;0.0;210.02100210021004;0.0;0.0;0.0;0.0
2030-02-14 14:00:00;471.190602130992;1075.0844963913657;0.0;210.02100210021004;0.0;0.0;0.0;0.0
2030-02-14 15:00:00;471.2672934129743;1075.0844963913657;0.0;210.02100210021004;0.0;0.0;0.0;0.0
2030-02-14 16:00:00;471.5054269578311;1075.0844963913657;0.0;210.02100210021004;0.0;0.0;0.0;0.0
2030-02-14 17:00:00;471.5892386444241;1075.0844963913657;0.0;210.02100210021004;0.0;0.0;0.0;0.0
2030-02-14 18:00:00;471.9886475394974;1075.0844963913657;0.0;210.02100210021004;0.0;0.0;0.0;0.0
2030-02-14 19:00:00;472.2607680952728;1075.0844963913657;0.0;210.02100210021004;0.0;0.0;0.0;0.0
2030-02-14 20:00:00;471.5538035663336;1075.0844963913657;0.0;210.02100210021004;0.0;0.0;0.0;0.0
2030-02-14 21:00:00;471.4745457021165;1075.0844963913657;0.0;210.02100210021004;0.0;0.0;0.0;0.0
2030-02-14 22:00:00;471.441055605554;1075.0844963913657;0.0;210.02100210021004;0.0;0.0;0.0;0.0
2030-02-14 23:00:00;470.3072223820512;1075.0844963913657;0.0;210.02100210021004;0.0;0.0;0.0;0.0
2030-02-15 00:00:00;469.4391514404307;1075.0844963913657;0.0;210.02100210021004;0.0;0.0;0.0;0.0
2030-02-15 01:00:00;469.7766308468061;1075.0844963913657;0.0;210.02100210021004;0.0;0.0;0.0;0.0
2030-02-15 02:00:00;470.0735179086092;1075.0844963913657;0.0;210.02100210021004;0.0;0.0;0.0;0.0
2030-02-15 03:00:00;470.9304435129834;1075.0844963913657;0.0;210.02100210021004;0.0;0.0;0.0;0.0
2030-02-15 04:00:00;470.949610307976;1075.0844963913657;0.0;210.02100210021004;0.0;0.0;0.0;0.0
2030-02-15 05:00:00;471.2048429402136;1075.0844963913657;0.0;210.02100210021004;0.0;0.0;0.0;0.0
2030-02-15 06:00:00;471.9094682147896;1075.0844963913657;0.0;210.02100210021004;0.0;0.0;0.0;0.0
2030-02-15 07:00:00;472.9411115346821;1075.0844963913657;0.0;210.02100210021004;0.0;0.0;0.0;0.0
2030-02-15 08:00:00;473.112765721304;1075.0844963913657;0.0;210.02100210021004;0.0;0.0;0.0;0.0
2030-02-15 09:00:00;473.0312510950719;1075.0844963913657;0.0;210.02100210021004;0.0;0.0;0.0;0.0
2030-02-15 10:00:00;472.9160553253022;1075.0844963913657;0.0;210.02100210021004;0.0;0.0;0.0;0.0
2030-02-15 11:00:00;472.7022296455854;1075.0844963913657;0.0;210.02100210021004;0.0;0.0;0.0;0.0
2030-02-15 12:00:00;472.4688571018032;1075.0844963913657;0.0;210.02100210021004;0.0;0.0;0.0;0.0
2030-02-15 13:00:00;472.1309190868457;1075.0844963913657;0.0;210.02100210021004;0.0;0.0;0.0;0.0
2030-02-15 14:00:00;471.948264366196;1075.0844963913657;0.0;210.02100210021004;0.0;0.0;0.0;0.0
2030-02-15 15:00:00;472.0215282465431;1075.0844963913657;0.0;210.02100210021004;0.0;0.0;0.0;0.0
2030-02-15 16:00:00;472.0146813489504;1075.0844963913657;0.0;210.02100210021004;0.0;0.0;0.0;0.0
2030-02-15 17:00:00;472.2752401852048;1075.0844963913657;0.0;210.02100210021004;0.0;0.0;0.0;0.0
2030-02-15 18:00:00;472.4115015523491;1075.0844963913657;0.0;210.02100210021004;0.0;0.0;0.0;0.0
2030-02-15 19:00:00;472.4791274481923;1075.0844963913657;0.0;210.02100210021004;0.0;0.0;0.0;0.0
2030-02-15 20:00:00;472.5288214921054;1075.0844963913657;0.0;210.02100210021004;0.0;0.0;0.0;0.0
2030-02-15 21:00:00;471.8352006720908;1075.0844963913657;0.0;210.02100210021004;0.0;0.0;0.0;0.0
2030-02-15 22:00:00;470.9394627199761;1075.0844963913657;0.0;210.02100210021004;0.0;0.0;0.0;0.0
2030-02-15 23:00:00;469.7294228853518;1075.0844963913657;0.0;210.02100210021004;0.0;0.0;0.0;0.0
2030-02-16 00:00:00;469.1804531330894;1075.0844963913657;0.0;210.02100210021004;0.0;0.0;0.0;0.0
2030-02-16 01:00:00;468.919876140234;1075.0844963913657;0.0;210.02100210021004;0.0;0.0;0.0;0.0
2030-02-16 02:00:00;468.1255267317569;1075.0844963913657;0.0;210.02100210021004;0.0;0.0;0.0;0.0
2030-02-16 03:00:00;467.815375675092;1075.0844963913657;0.0;210.02100210021004;0.0;0.0;0.0;0.0
2030-02-16 04:00:00;467.4864870062926;1075.0844963913657;0.0;210.02100210021004;0.0;0.0;0.0;0.0
2030-02-16 05:00:00;467.3981188296864;1075.0844963913657;0.0;210.02100210021004;0.0;0.0;0.0;0.0
2030-02-16 06:00:00;531.638098090111;1075.0844963913657;0.0;210.02100210021004;0.0;0.0;0.0;0.0
2030-02-16 07:00:00;533.0809673750149;1075.0844963913657;0.0;210.02100210021004;0.0;0.0;0.0;0.0
2030-02-16 08:00:00;533.4737184268986;1075.0844963913657;0.0;210.02100210021004;0.0;0.0;0.0;0.0
2030-02-16 09:00:00;533.6757893798525;1075.0844963913657;0.0;210.02100210021004;0.0;0.0;0.0;0.0
2030-02-16 10:00:00;533.292355111686;1075.0844963913657;0.0;210.02100210021004;0.0;0.0;0.0;0.0
2030-02-16 11:00:00;468.916824887138;1075.0844963913657;0.0;210.02100210021004;0.0;0.0;0.0;0.0
2030-02-16 12:00:00;467.9008387955533;1075.0844963913657;0.0;210.02100210021004;0.0;0.0;0.0;0.0
2030-02-16 13:00:00;467.5085472763926;1075.0844963913657;0.0;210.02100210021004;0.0;0.0;0.0;0.0
2030-02-16 14:00:00;468.0665904052181;1075.0844963913657;0.0;210.02100210021004;0.0;0.0;0.0;0.0
2030-02-16 15:00:00;468.0516838358749;1075.0844963913657;0.0;210.02100210021004;0.0;0.0;0.0;0.0
2030-02-16 16:00:00;468.3394841168254;1075.0844963913657;0.0;210.02100210021004;0.0;0.0;0.0;0.0
2030-02-16 17:00:00;468.4982817483435;1075.0844963913657;0.0;210.02100210021004;0.0;0.0;0.0;0.0
2030-02-16 18:00:00;468.3518124488402;1075.0844963913657;0.0;210.02100210021004;0.0;0.0;0.0;0.0
2030-02-16 19:00:00;468.5230473519784;1075.0844963913657;0.0;210.02100210021004;0.0;0.0;0.0;0.0
2030-02-16 20:00:00;468.7877705931782;1075.0844963913657;0.0;210.02100210021004;0.0;0.0;0.0;0.0
2030-02-16 21:00:00;468.3160621016575;1075.0844963913657;0.0;210.02100210021004;0.0;0.0;0.0;0.0
2030-02-16 22:00:00;468.4023059559579;1075.0844963913657;0.0;210.02100210021004;0.0;0.0;0.0;0.0
2030-02-16 23:00:00;468.297742091344;1075.0844963913657;0.0;210.02100210021004;0.0;0.0;0.0;0.0
2030-02-17 00:00:00;467.2966415872265;1075.0844963913657;0.0;210.02100210021004;0.0;0.0;0.0;0.0
2030-02-17 01:00:00;466.3482860087388;1075.0844963913657;0.0;210.02100210021004;0.0;0.0;0.0;0.0
2030-02-17 02:00:00;465.2376648879602;1075.0844963913657;0.0;210.02100210021004;0.0;0.0;0.0;0.0
2030-02-17 03:00:00;464.9762461481252;1075.0844963913657;0.0;210.02100210021004;0.0;0.0;0.0;0.0
2030-02-17 04:00:00;464.9140053202217;1075.0844963913657;0.0;210.02100210021004;0.0;0.0;0.0;0.0
2030-02-17 05:00:00;528.477290288343;1075.0844963913657;0.0;210.02100210021004;0.0;0.0;0.0;0.0
2030-02-17 06:00:00;528.5998337905952;1075.0844963913657;0.0;210.02100210021004;0.0;0.0;0.0;0.0
2030-02-17 07:00:00;529.3014519986497;1075.0844963913657;0.0;210.02100210021004;0.0;0.0;0.0;0.0
2030-02-17 08:00:00;529.4617678730887;1075.0844963913657;0.0;210.02100210021004;0.0;0.0;0.0;0.0
2030-02-17 09:00:00;465.9724262133975;1075.0844963913657;0.0;210.02100210021004;0.0;0.0;0.0;0.0
2030-02-17 10:00:00;465.7961619318085;1075.0844963913657;0.0;210.02100210021004;0.0;0.0;0.0;0.0
2030-02-17 11:00:00;465.3717150724443;1075.0844963913657;0.0;210.02100210021004;0.0;0.0;0.0;0.0
2030-02-17 12:00:00;528.7588140730227;1075.0844963913657;0.0;210.02100210021004;0.0;0.0;0.0;0.0
2030-02-17 13:00:00;528.5377594663738;1075.0844963913657;0.0;210.02100210021004;0.0;0.0;0.0;0.0
2030-02-17 14:00:00;528.2862182721608;1075.0844963913657;0.0;210.02100210021004;0.0;0.0;0.0;0.0
2030-02-17 15:00:00;464.5975720796435;1075.0844963913657;0.0;210.02100210021004;0.0;0.0;0.0;0.0
2030-02-17 16:00:00;464.8002542155498;1075.0844963913657;0.0;210.02100210021004;0.0;0.0;0.0;0.0
2030-02-17 17:00:00;529.0423392693003;1075.0844963913657;0.0;210.02100210021004;0.0;0.0;0.0;0.0
2030-02-17 18:00:00;528.5217209672081;1075.0844963913657;0.0;210.02100210021004;0.0;0.0;0.0;0.0
2030-02-17 19:00:00;499.6567191133004;1075.0844963913657;0.0;210.02100210021004;0.0;0.0;0.0;0.0
2030-02-17 20:00:00;515.0974764449924;1075.0844963913657;0.0;210.02100210021004;0.0;0.0;0.0;0.0
2030-02-17 21:00:00;465.7553640495742;1075.0844963913657;0.0;210.02100210021004;0.0;0.0;0.0;0.0
2030-02-17 22:00:00;465.8552979809572;1075.0844963913657;0.0;210.02100210021004;0.0;0.0;0.0;0.0
2030-02-17 23:00:00;465.721447519083;1075.0844963913657;0.0;210.02100210021004;0.0;0.0;0.0;0.0
2030-02-18 00:00:00;465.6711718911761;1075.0844963913657;0.0;210.02100210021004;0.0;0.0;0.0;0.0
2030-02-18 01:00:00;466.2193196725083;1075.0844963913657;0.0;210.02100210021004;0.0;0.0;0.0;0.0
2030-02-18 02:00:00;466.4504350454323;1075.0844963913657;0.0;210.02100210021004;0.0;0.0;0.0;0.0
2030-02-18 03:00:00;466.4994941810785;1075.0844963913657;0.0;210.02100210021004;0.0;0.0;0.0;0.0
2030-02-18 04:00:00;466.6298948887806;1075.0844963913657;0.0;210.02100210021004;0.0;0.0;0.0;0.0
2030-02-18 05:00:00;467.6099518924489;1075.0844963913657;0.0;210.02100210021004;0.0;0.0;0.0;0.0
2030-02-18 06:00:00;469.3491221267429;1075.0844963913657;0.0;210.02100210021004;0.0;0.0;0.0;0.0
2030-02-18 07:00:00;470.3267109993582;1075.0844963913657;0.0;210.02100210021004;0.0;0.0;0.0;0.0
2030-02-18 08:00:00;470.9723557766794;1075.0844963913657;0.0;210.02100210021004;0.0;0.0;0.0;0.0
2030-02-18 09:00:00;470.9008307982991;1075.0844963913657;0.0;210.02100210021004;0.0;0.0;0.0;0.0
2030-02-18 10:00:00;470.5565440969575;1075.0844963913657;0.0;210.02100210021004;0.0;0.0;0.0;0.0
2030-02-18 11:00:00;470.2733842347895;1075.0844963913657;0.0;210.02100210021004;0.0;0.0;0.0;0.0
2030-02-18 12:00:00;469.9589053332622;1075.0844963913657;0.0;210.02100210021004;0.0;0.0;0.0;0.0
2030-02-18 13:00:00;469.9230442200003;1075.0844963913657;0.0;210.02100210021004;0.0;0.0;0.0;0.0
2030-02-18 14:00:00;469.6157113377773;1075.0844963913657;0.0;210.02100210021004;0.0;0.0;0.0;0.0
2030-02-18 15:00:00;469.7578275633558;1075.0844963913657;0.0;210.02100210021004;0.0;0.0;0.0;0.0
2030-02-18 16:00:00;470.3695555860414;1075.0844963913657;0.0;210.02100210021004;0.0;0.0;0.0;0.0
2030-02-18 17:00:00;470.5401564341188;1075.0844963913657;0.0;210.02100210021004;0.0;0.0;0.0;0.0
2030-02-18 18:00:00;470.6888000741433;1075.0844963913657;0.0;210.02100210021004;0.0;0.0;0.0;0.0
2030-02-18 19:00:00;470.7372007523524;1075.0844963913657;0.0;210.02100210021004;0.0;0.0;0.0;0.0
2030-02-18 20:00:00;470.737912751085;1075.0844963913657;0.0;210.02100210021004;0.0;0.0;0.0;0.0
2030-02-18 21:00:00;470.7579766463745;1075.0844963913657;0.0;210.02100210021004;0.0;0.0;0.0;0.0
2030-02-18 22:00:00;470.1595240140418;1075.0844963913657;0.0;210.02100210021004;0.0;0.0;0.0;0.0
2030-02-18 23:00:00;469.196468026037;1075.0844963913657;0.0;210.02100210021004;0.0;0.0;0.0;0.0
2030-02-19 00:00:00;468.5388435019113;1075.0844963913657;0.0;210.02100210021004;0.0;0.0;0.0;0.0
2030-02-19 01:00:00;467.9000399051135;1075.0844963913657;0.0;210.02100210021004;0.0;0.0;0.0;0.0
2030-02-19 02:00:00;467.4041649777878;1075.0844963913657;0.0;210.02100210021004;0.0;0.0;0.0;0.0
2030-02-19 03:00:00;467.5271214791188;1075.0844963913657;0.0;210.02100210021004;0.0;0.0;0.0;0.0
2030-02-19 04:00:00;467.3499856806862;1075.0844963913657;0.0;210.02100210021004;0.0;0.0;0.0;0.0
2030-02-19 05:00:00;467.4266065365068;1075.0844963913657;0.0;210.02100210021004;0.0;0.0;0.0;0.0
2030-02-19 06:00:00;467.9407651609442;1075.0844963913657;0.0;210.02100210021004;0.0;0.0;0.0;0.0
2030-02-19 07:00:00;468.7854465482623;1075.0844963913657;0.0;210.02100210021004;0.0;0.0;0.0;0.0
2030-02-19 08:00:00;469.4053047525726;1075.0844963913657;0.0;210.02100210021004;0.0;0.0;0.0;0.0
2030-02-19 09:00:00;469.528032739225;1075.0844963913657;0.0;210.02100210021004;0.0;0.0;0.0;0.0
2030-02-19 10:00:00;469.2265137283039;1075.0844963913657;0.0;210.02100210021004;0.0;0.0;0.0;0.0
2030-02-19 11:00:00;469.0062436628011;1075.0844963913657;0.0;210.02100210021004;0.0;0.0;0.0;0.0
2030-02-19 12:00:00;468.644215554805;1075.0844963913657;0.0;210.02100210021004;0.0;0.0;0.0;0.0
2030-02-19 13:00:00;468.3662651031609;1075.0844963913657;0.0;210.02100210021004;0.0;0.0;0.0;0.0
2030-02-19 14:00:00;468.3156263432357;1075.0844963913657;0.0;210.02100210021004;0.0;0.0;0.0;0.0
2030-02-19 15:00:00;468.2593227238283;1075.0844963913657;0.0;210.02100210021004;0.0;0.0;0.0;0.0
2030-02-19 16:00:00;468.5043097398441;1075.0844963913657;0.0;210.02100210021004;0.0;0.0;0.0;0.0
2030-02-19 17:00:00;469.1887228109707;1075.0844963913657;0.0;210.02100210021004;0.0;0.0;0.0;0.0
2030-02-19 18:00:00;469.5302582422183;1075.0844963913657;0.0;210.02100210021004;0.0;0.0;0.0;0.0
2030-02-19 19:00:00;469.3914325524663;1075.0844963913657;0.0;210.02100210021004;0.0;0.0;0.0;0.0
2030-02-19 20:00:00;469.3222519604745;1075.0844963913657;0.0;210.02100210021004;0.0;0.0;0.0;0.0
2030-02-19 21:00:00;469.0178552090706;1075.0844963913657;0.0;210.02100210021004;0.0;0.0;0.0;0.0
2030-02-19 22:00:00;468.6849204949851;1075.0844963913657;0.0;210.02100210021004;0.0;0.0;0.0;0.0
2030-02-19 23:00:00;467.3317019835746;1075.0844963913657;0.0;210.02100210021004;0.0;0.0;0.0;0.0
2030-02-20 00:00:00;466.2615700828149;1075.0844963913657;0.0;210.02100210021004;0.0;0.0;0.0;0.0
2030-02-20 01:00:00;466.4229822648633;1075.0844963913657;0.0;210.02100210021004;0.0;0.0;0.0;0.0
2030-02-20 02:00:00;466.1847676609854;1075.0844963913657;0.0;210.02100210021004;0.0;0.0;0.0;0.0
2030-02-20 03:00:00;465.976348039193;1075.0844963913657;0.0;210.02100210021004;0.0;0.0;0.0;0.0
2030-02-20 04:00:00;466.3736326236027;1075.0844963913657;0.0;210.02100210021004;0.0;0.0;0.0;0.0
2030-02-20 05:00:00;466.8420547703595;1075.0844963913657;0.0;210.02100210021004;0.0;0.0;0.0;0.0
2030-02-20 06:00:00;468.0172770771593;1075.0844963913657;0.0;210.02100210021004;0.0;0.0;0.0;0.0
2030-02-20 07:00:00;469.8001389041592;1075.0844963913657;0.0;210.02100210021004;0.0;0.0;0.0;0.0
2030-02-20 08:00:00;470.4985947910154;1075.0844963913657;0.0;210.02100210021004;0.0;0.0;0.0;0.0
2030-02-20 09:00:00;470.4737677156598;1075.0844963913657;0.0;210.02100210021004;0.0;0.0;0.0;0.0
2030-02-20 10:00:00;470.2560976750254;1075.0844963913657;0.0;210.02100210021004;0.0;0.0;0.0;0.0
2030-02-20 11:00:00;469.8855752033882;1075.0844963913657;0.0;210.02100210021004;0.0;0.0;0.0;0.0
2030-02-20 12:00:00;469.4592466435204;1075.0844963913657;0.0;210.02100210021004;0.0;0.0;0.0;0.0
2030-02-20 13:00:00;469.9540835834785;1075.0844963913657;0.0;210.02100210021004;0.0;0.0;0.0;0.0
2030-02-20 14:00:00;469.9236197680968;1075.0844963913657;0.0;210.02100210021004;0.0;0.0;0.0;0.0
2030-02-20 15:00:00;470.2695344896563;1075.0844963913657;0.0;210.02100210021004;0.0;0.0;0.0;0.0
2030-02-20 16:00:00;470.3758278754416;1075.0844963913657;0.0;210.02100210021004;0.0;0.0;0.0;0.0
2030-02-20 17:00:00;470.6293236076426;1075.0844963913657;0.0;210.02100210021004;0.0;0.0;0.0;0.0
2030-02-20 18:00:00;470.7260514622674;1075.0844963913657;0.0;210.02100210021004;0.0;0.0;0.0;0.0
2030-02-20 19:00:00;470.8467565450462;1075.0844963913657;0.0;210.02100210021004;0.0;0.0;0.0;0.0
2030-02-20 20:00:00;469.9573243895936;1075.0844963913657;0.0;210.02100210021004;0.0;0.0;0.0;0.0
2030-02-20 21:00:00;469.8408995898673;1075.0844963913657;0.0;210.02100210021004;0.0;0.0;0.0;0.0
2030-02-20 22:00:00;469.6580538545476;1075.0844963913657;0.0;210.02100210021004;0.0;0.0;0.0;0.0
2030-02-20 23:00:00;468.8630415748425;1075.0844963913657;0.0;210.02100210021004;0.0;0.0;0.0;0.0
2030-02-21 00:00:00;468.5042371134405;1075.0844963913657;0.0;210.02100210021004;0.0;0.0;0.0;0.0
2030-02-21 01:00:00;468.2077761338581;1075.0844963913657;0.0;210.02100210021004;0.0;0.0;0.0;0.0
2030-02-21 02:00:00;467.0049739502831;1075.0844963913657;0.0;210.02100210021004;0.0;0.0;0.0;0.0
2030-02-21 03:00:00;467.3447928928275;1075.0844963913657;0.0;210.02100210021004;0.0;0.0;0.0;0.0
2030-02-21 04:00:00;467.3741158032895;1075.0844963913657;0.0;210.02100210021004;0.0;0.0;0.0;0.0
2030-02-21 05:00:00;467.7397534323212;1075.0844963913657;0.0;210.02100210021004;0.0;0.0;0.0;0.0
2030-02-21 06:00:00;467.6952334469012;1075.0844963913657;0.0;210.02100210021004;0.0;0.0;0.0;0.0
2030-02-21 07:00:00;469.3450932900671;1075.0844963913657;0.0;210.02100210021004;0.0;0.0;0.0;0.0
2030-02-21 08:00:00;470.2274610882719;1075.0844963913657;0.0;210.02100210021004;0.0;0.0;0.0;0.0
2030-02-21 09:00:00;470.4237754987309;1075.0844963913657;0.0;210.02100210021004;0.0;0.0;0.0;0.0
2030-02-21 10:00:00;470.7116987203463;1075.0844963913657;0.0;210.02100210021004;0.0;0.0;0.0;0.0
2030-02-21 11:00:00;470.7159696085976;1075.0844963913657;0.0;210.02100210021004;0.0;0.0;0.0;0.0
2030-02-21 12:00:00;470.5511206226395;1075.0844963913657;0.0;210.02100210021004;0.0;0.0;0.0;0.0
2030-02-21 13:00:00;470.1764561241541;1075.0844963913657;0.0;210.02100210021004;0.0;0.0;0.0;0.0
2030-02-21 14:00:00;470.3517611197493;1075.0844963913657;0.0;210.02100210021004;0.0;0.0;0.0;0.0
2030-02-21 15:00:00;470.542893946461;1075.0844963913657;0.0;210.02100210021004;0.0;0.0;0.0;0.0
2030-02-21 16:00:00;469.8065948853562;1075.0844963913657;0.0;210.02100210021004;0.0;0.0;0.0;0.0
2030-02-21 17:00:00;469.7250360402445;1075.0844963913657;0.0;210.02100210021004;0.0;0.0;0.0;0.0
2030-02-21 18:00:00;470.4317309826992;1075.0844963913657;0.0;210.02100210021004;0.0;0.0;0.0;0.0
2030-02-21 19:00:00;470.3289617046896;1075.0844963913657;0.0;210.02100210021004;0.0;0.0;0.0;0.0
2030-02-21 20:00:00;470.2417064524324;1075.0844963913657;0.0;210.02100210021004;0.0;0.0;0.0;0.0
2030-02-21 21:00:00;470.2632748772688;1075.0844963913657;0.0;210.02100210021004;0.0;0.0;0.0;0.0
2030-02-21 22:00:00;470.0458951169943;1075.0844963913657;0.0;210.02100210021004;0.0;0.0;0.0;0.0
2030-02-21 23:00:00;469.3457171027394;1075.0844963913657;0.0;210.02100210021004;0.0;0.0;0.0;0.0
2030-02-22 00:00:00;468.2917685696462;1075.0844963913657;0.0;210.02100210021004;0.0;0.0;0.0;0.0
2030-02-22 01:00:00;468.7325019000223;1075.0844963913657;0.0;210.02100210021004;0.0;0.0;0.0;0.0
2030-02-22 02:00:00;468.6769063880502;1075.0844963913657;0.0;210.02100210021004;0.0;0.0;0.0;0.0
2030-02-22 03:00:00;468.6595749286947;1075.0844963913657;0.0;210.02100210021004;0.0;0.0;0.0;0.0
2030-02-22 04:00:00;468.8246883980114;1075.0844963913657;0.0;210.02100210021004;0.0;0.0;0.0;0.0
2030-02-22 05:00:00;469.4921884010587;1075.0844963913657;0.0;210.02100210021004;0.0;0.0;0.0;0.0
2030-02-22 06:00:00;470.5933804888829;1075.0844963913657;0.0;210.02100210021004;0.0;0.0;0.0;0.0
2030-02-22 07:00:00;472.0151640595445;1075.0844963913657;0.0;210.02100210021004;0.0;0.0;0.0;0.0
2030-02-22 08:00:00;472.6361627490917;1075.0844963913657;0.0;210.02100210021004;0.0;0.0;0.0;0.0
2030-02-22 09:00:00;472.7512338002056;1075.0844963913657;0.0;210.02100210021004;0.0;0.0;0.0;0.0
2030-02-22 10:00:00;472.7193287329662;1075.0844963913657;0.0;210.02100210021004;0.0;0.0;0.0;0.0
2030-02-22 11:00:00;473.0499793983499;1075.0844963913657;0.0;210.02100210021004;0.0;0.0;0.0;0.0
2030-02-22 12:00:00;473.0669778367815;1075.0844963913657;0.0;210.02100210021004;0.0;0.0;0.0;0.0
2030-02-22 13:00:00;472.7606271631655;1075.0844963913657;0.0;210.02100210021004;0.0;0.0;0.0;0.0
2030-02-22 14:00:00;472.6456666269453;1075.0844963913657;0.0;210.02100210021004;0.0;0.0;0.0;0.0
2030-02-22 15:00:00;472.8068574922415;1075.0844963913657;0.0;210.02100210021004;0.0;0.0;0.0;0.0
2030-02-22 16:00:00;472.7842009524384;1075.0844963913657;0.0;210.02100210021004;0.0;0.0;0.0;0.0
2030-02-22 17:00:00;472.67852917739;1075.0844963913657;0.0;210.02100210021004;0.0;0.0;0.0;0.0
2030-02-22 18:00:00;472.7535087188216;1075.0844963913657;0.0;210.02100210021004;0.0;0.0;0.0;0.0
2030-02-22 19:00:00;472.6908711842298;1075.0844963913657;0.0;210.02100210021004;0.0;0.0;0.0;0.0
2030-02-22 20:00:00;471.7311561526729;1075.0844963913657;0.0;210.02100210021004;0.0;0.0;0.0;0.0
2030-02-22 21:00:00;470.8565923525595;1075.0844963913657;0.0;210.02100210021004;0.0;0.0;0.0;0.0
2030-02-22 22:00:00;469.9898570029507;1075.0844963913657;0.0;210.02100210021004;0.0;0.0;0.0;0.0
2030-02-22 23:00:00;469.0198475552982;1075.0844963913657;0.0;210.02100210021004;0.0;0.0;0.0;0.0
2030-02-23 00:00:00;467.4903725188864;1075.0844963913657;0.0;210.02100210021004;0.0;0.0;0.0;0.0
2030-02-23 01:00:00;466.8120237524621;1075.0844963913657;0.0;210.02100210021004;0.0;0.0;0.0;0.0
2030-02-23 02:00:00;465.7008034638537;1075.0844963913657;0.0;210.02100210021004;0.0;0.0;0.0;0.0
2030-02-23 03:00:00;465.4388763391932;1075.0844963913657;0.0;210.02100210021004;0.0;0.0;0.0;0.0
2030-02-23 04:00:00;465.4525482596749;1075.0844963913657;0.0;210.02100210021004;0.0;0.0;0.0;0.0
2030-02-23 05:00:00;465.5809517412775;1075.0844963913657;0.0;210.02100210021004;0.0;0.0;0.0;0.0
2030-02-23 06:00:00;465.6968634814572;1075.0844963913657;0.0;210.02100210021004;0.0;0.0;0.0;0.0
2030-02-23 07:00:00;466.3829288032662;1075.0844963913657;0.0;210.02100210021004;0.0;0.0;0.0;0.0
2030-02-23 08:00:00;466.4663039146236;1075.0844963913657;0.0;210.02100210021004;0.0;0.0;0.0;0.0
2030-02-23 09:00:00;466.0740487086646;1075.0844963913657;0.0;210.02100210021004;0.0;0.0;0.0;0.0
2030-02-23 10:00:00;466.0378807596612;1075.0844963913657;0.0;210.02100210021004;0.0;0.0;0.0;0.0
2030-02-23 11:00:00;465.8970763196403;1075.0844963913657;0.0;210.02100210021004;0.0;0.0;0.0;0.0
2030-02-23 12:00:00;465.7659493479019;1075.0844963913657;0.0;210.02100210021004;0.0;0.0;0.0;0.0
2030-02-23 13:00:00;465.5997619798154;1075.0844963913657;0.0;210.02100210021004;0.0;0.0;0.0;0.0
2030-02-23 14:00:00;465.7825444811294;1075.0844963913657;0.0;210.02100210021004;0.0;0.0;0.0;0.0
2030-02-23 15:00:00;465.6939402687114;1075.0844963913657;0.0;210.02100210021004;0.0;0.0;0.0;0.0
2030-02-23 16:00:00;465.8776487566716;1075.0844963913657;0.0;210.02100210021004;0.0;0.0;0.0;0.0
2030-02-23 17:00:00;466.453757703398;1075.0844963913657;0.0;210.02100210021004;0.0;0.0;0.0;0.0
2030-02-23 18:00:00;466.649576644162;1075.0844963913657;0.0;210.02100210021004;0.0;0.0;0.0;0.0
2030-02-23 19:00:00;466.789019339115;1075.0844963913657;0.0;210.02100210021004;0.0;0.0;0.0;0.0
2030-02-23 20:00:00;466.636140759492;1075.0844963913657;0.0;210.02100210021004;0.0;0.0;0.0;0.0
2030-02-23 21:00:00;466.46102034376;1075.0844963913657;0.0;210.02100210021004;0.0;0.0;0.0;0.0
2030-02-23 22:00:00;466.349030429376;1075.0844963913657;0.0;210.02100210021004;0.0;0.0;0.0;0.0
2030-02-23 23:00:00;466.3660431644243;1075.0844963913657;0.0;210.02100210021004;0.0;0.0;0.0;0.0
2030-02-24 00:00:00;466.3170929683835;1075.0844963913657;0.0;210.02100210021004;0.0;0.0;0.0;0.0
2030-02-24 01:00:00;465.7662943233191;1075.0844963913657;0.0;210.02100210021004;0.0;0.0;0.0;0.0
2030-02-24 02:00:00;465.4979397619382;1075.0844963913657;0.0;210.02100210021004;0.0;0.0;0.0;0.0
2030-02-24 03:00:00;464.5000711327818;1075.0844963913657;0.0;210.02100210021004;0.0;0.0;0.0;0.0
2030-02-24 04:00:00;464.418130392896;1075.0844963913657;0.0;210.02100210021004;0.0;0.0;0.0;0.0
2030-02-24 05:00:00;464.6104269530845;1075.0844963913657;0.0;210.02100210021004;0.0;0.0;0.0;0.0
2030-02-24 06:00:00;464.6442527005711;1075.0844963913657;0.0;210.02100210021004;0.0;0.0;0.0;0.0
2030-02-24 07:00:00;465.1633317638538;1075.0844963913657;0.0;210.02100210021004;0.0;0.0;0.0;0.0
2030-02-24 08:00:00;465.1801992460948;1075.0844963913657;0.0;210.02100210021004;0.0;0.0;0.0;0.0
2030-02-24 09:00:00;465.2739417765691;1075.0844963913657;0.0;210.02100210021004;0.0;0.0;0.0;0.0
2030-02-24 10:00:00;465.0741283836059;1075.0844963913657;0.0;210.02100210021004;0.0;0.0;0.0;0.0
2030-02-24 11:00:00;464.7909035660836;1075.0844963913657;0.0;210.02100210021004;0.0;0.0;0.0;0.0
2030-02-24 12:00:00;464.5457349840588;1075.0844963913657;0.0;210.02100210021004;0.0;0.0;0.0;0.0
2030-02-24 13:00:00;464.5366385270052;1075.0844963913657;0.0;210.02100210021004;0.0;0.0;0.0;0.0
2030-02-24 14:00:00;464.4741071934872;1075.0844963913657;0.0;210.02100210021004;0.0;0.0;0.0;0.0
2030-02-24 15:00:00;464.7236696729311;1075.0844963913657;0.0;210.02100210021004;0.0;0.0;0.0;0.0
2030-02-24 16:00:00;465.5344526863589;1075.0844963913657;0.0;210.02100210021004;0.0;0.0;0.0;0.0
2030-02-24 17:00:00;466.9668087751801;1075.0844963913657;0.0;210.02100210021004;0.0;0.0;0.0;0.0
2030-02-24 18:00:00;467.7442925825475;1075.0844963913657;0.0;210.02100210021004;0.0;0.0;0.0;0.0
2030-02-24 19:00:00;468.2792405150215;1075.0844963913657;0.0;210.02100210021004;0.0;0.0;0.0;0.0
2030-02-24 20:00:00;468.219287418832;1075.0844963913657;0.0;210.02100210021004;0.0;0.0;0.0;0.0
2030-02-24 21:00:00;468.2920409186598;1075.0844963913657;0.0;210.02100210021004;0.0;0.0;0.0;0.0
2030-02-24 22:00:00;467.7801337127346;1075.0844963913657;0.0;210.02100210021004;0.0;0.0;0.0;0.0
2030-02-24 23:00:00;467.6567051397802;1075.0844963913657;0.0;210.02100210021004;0.0;0.0;0.0;0.0
2030-02-25 00:00:00;467.7197630147244;1075.0844963913657;0.0;210.02100210021004;0.0;0.0;0.0;0.0
2030-02-25 01:00:00;467.5847686869933;1075.0844963913657;0.0;210.02100210021004;0.0;0.0;0.0;0.0
2030-02-25 02:00:00;467.4732690008335;1075.0844963913657;0.0;210.02100210021004;0.0;0.0;0.0;0.0
2030-02-25 03:00:00;467.5237443513505;1075.0844963913657;0.0;210.02100210021004;0.0;0.0;0.0;0.0
2030-02-25 04:00:00;467.831843712113;1075.0844963913657;0.0;210.02100210021004;0.0;0.0;0.0;0.0
2030-02-25 05:00:00;468.4426136099677;1075.0844963913657;0.0;210.02100210021004;0.0;0.0;0.0;0.0
2030-02-25 06:00:00;469.9205633936114;1075.0844963913657;0.0;210.02100210021004;0.0;0.0;0.0;0.0
2030-02-25 07:00:00;471.6064714354684;1075.0844963913657;0.0;210.02100210021004;0.0;0.0;0.0;0.0
2030-02-25 08:00:00;472.4071722121066;1075.0844963913657;0.0;210.02100210021004;0.0;0.0;0.0;0.0
2030-02-25 09:00:00;472.4610524476373;1075.0844963913657;0.0;210.02100210021004;0.0;0.0;0.0;0.0
2030-02-25 10:00:00;472.3703371339274;1075.0844963913657;0.0;210.02100210021004;0.0;0.0;0.0;0.0
2030-02-25 11:00:00;472.2915707249574;1075.0844963913657;0.0;210.02100210021004;0.0;0.0;0.0;0.0
2030-02-25 12:00:00;472.1658935637818;1075.0844963913657;0.0;210.02100210021004;0.0;0.0;0.0;0.0
2030-02-25 13:00:00;471.4121998311437;1075.0844963913657;0.0;210.02100210021004;0.0;0.0;0.0;0.0
2030-02-25 14:00:00;471.132327371801;1075.0844963913657;0.0;210.02100210021004;0.0;0.0;0.0;0.0
2030-02-25 15:00:00;471.2345535886133;1075.0844963913657;0.0;210.02100210021004;0.0;0.0;0.0;0.0
2030-02-25 16:00:00;471.546976817914;1075.0844963913657;0.0;210.02100210021004;0.0;0.0;0.0;0.0
2030-02-25 17:00:00;471.8338851969471;1075.0844963913657;0.0;210.02100210021004;0.0;0.0;0.0;0.0
2030-02-25 18:00:00;471.9729424667698;1075.0844963913657;0.0;210.02100210021004;0.0;0.0;0.0;0.0
2030-02-25 19:00:00;472.068864879492;1075.0844963913657;0.0;210.02100210021004;0.0;0.0;0.0;0.0
2030-02-25 20:00:00;472.1376633429171;1075.0844963913657;0.0;210.02100210021004;0.0;0.0;0.0;0.0
2030-02-25 21:00:00;536.1759837475743;1075.0844963913657;0.0;210.02100210021004;0.0;0.0;0.0;0.0
2030-02-25 22:00:00;535.6842065203365;1075.0844963913657;0.0;210.02100210021004;0.0;0.0;0.0;0.0
2030-02-25 23:00:00;535.0440955055997;1075.0844963913657;0.0;210.02100210021004;0.0;0.0;0.0;0.0
2030-02-26 00:00:00;533.764173013117;1075.0844963913657;0.0;210.02100210021004;0.0;0.0;0.0;0.0
2030-02-26 01:00:00;533.7295324261073;1075.0844963913657;0.0;210.02100210021004;0.0;0.0;0.0;0.0
2030-02-26 02:00:00;533.7575976622758;1075.0844963913657;0.0;210.02100210021004;0.0;0.0;0.0;0.0
2030-02-26 03:00:00;534.2322114663854;1075.0844963913657;0.0;210.02100210021004;0.0;0.0;0.0;0.0
2030-02-26 04:00:00;534.2365359683174;1075.0844963913657;0.0;210.02100210021004;0.0;0.0;0.0;0.0
2030-02-26 05:00:00;534.2514003708177;1075.0844963913657;0.0;210.02100210021004;0.0;0.0;0.0;0.0
2030-02-26 06:00:00;535.0987376447234;1075.0844963913657;0.0;210.02100210021004;0.0;0.0;0.0;0.0
2030-02-26 07:00:00;536.2758726702903;1075.0844963913657;0.0;210.02100210021004;0.0;0.0;0.0;0.0
2030-02-26 08:00:00;536.563010369767;1075.0844963913657;0.0;210.02100210021004;0.0;0.0;0.0;0.0
2030-02-26 09:00:00;536.5163455018153;1075.0844963913657;0.0;210.02100210021004;0.0;0.0;0.0;0.0
2030-02-26 10:00:00;536.1090860467978;1075.0844963913657;0.0;210.02100210021004;0.0;0.0;0.0;0.0
2030-02-26 11:00:00;535.5178785054266;1075.0844963913657;0.0;210.02100210021004;0.0;0.0;0.0;0.0
2030-02-26 12:00:00;534.7338647348718;1075.0844963913657;0.0;210.02100210021004;0.0;0.0;0.0;0.0
2030-02-26 13:00:00;534.7395891645627;1075.0844963913657;0.0;210.02100210021004;0.0;0.0;0.0;0.0
2030-02-26 14:00:00;535.024033570577;1075.0844963913657;0.0;210.02100210021004;0.0;0.0;0.0;0.0
2030-02-26 15:00:00;534.806006147317;1075.0844963913657;0.0;210.02100210021004;0.0;0.0;0.0;0.0
2030-02-26 16:00:00;535.4815281704381;1075.0844963913657;0.0;210.02100210021004;0.0;0.0;0.0;0.0
2030-02-26 17:00:00;535.5413476929114;1075.0844963913657;0.0;210.02100210021004;0.0;0.0;0.0;0.0
2030-02-26 18:00:00;535.7518545256197;1075.0844963913657;0.0;210.02100210021004;0.0;0.0;0.0;0.0
2030-02-26 19:00:00;536.0151267722047;1075.0844963913657;0.0;210.02100210021004;0.0;0.0;0.0;0.0
2030-02-26 20:00:00;536.0836757983182;1075.0844963913657;0.0;210.02100210021004;0.0;0.0;0.0;0.0
2030-02-26 21:00:00;536.2264079468208;1075.0844963913657;0.0;210.02100210021004;0.0;0.0;0.0;0.0
2030-02-26 22:00:00;535.9347404946748;1075.0844963913657;0.0;210.02100210021004;0.0;0.0;0.0;0.0
2030-02-26 23:00:00;535.7112459847133;1075.0844963913657;0.0;210.02100210021004;0.0;0.0;0.0;0.0
2030-02-27 00:00:00;535.5287361318924;1075.0844963913657;0.0;210.02100210021004;0.0;0.0;0.0;0.0
2030-02-27 01:00:00;535.2393858569748;1075.0844963913657;0.0;210.02100210021004;0.0;0.0;0.0;0.0
2030-02-27 02:00:00;535.3365574165214;1075.0844963913657;0.0;210.02100210021004;0.0;0.0;0.0;0.0
2030-02-27 03:00:00;535.0582719790738;1075.0844963913657;0.0;210.02100210021004;0.0;0.0;0.0;0.0
2030-02-27 04:00:00;535.1434011010774;1075.0844963913657;0.0;210.02100210021004;0.0;0.0;0.0;0.0
2030-02-27 05:00:00;535.2594497522642;1075.0844963913657;0.0;210.02100210021004;0.0;0.0;0.0;0.0
2030-02-27 06:00:00;535.6635975712777;1075.0844963913657;0.0;210.02100210021004;0.0;0.0;0.0;0.0
2030-02-27 07:00:00;536.154101549679;1075.0844963913657;0.0;210.02100210021004;0.0;0.0;0.0;0.0
2030-02-27 08:00:00;536.3029524007076;1075.0844963913657;0.0;210.02100210021004;0.0;0.0;0.0;0.0
2030-02-27 09:00:00;536.1764020901157;1075.0844963913657;0.0;210.02100210021004;0.0;0.0;0.0;0.0
2030-02-27 10:00:00;535.8750034645495;1075.0844963913657;0.0;210.02100210021004;0.0;0.0;0.0;0.0
2030-02-27 11:00:00;535.7423747174727;1075.0844963913657;0.0;210.02100210021004;0.0;0.0;0.0;0.0
2030-02-27 12:00:00;535.4740939927684;1075.0844963913657;0.0;210.02100210021004;0.0;0.0;0.0;0.0
2030-02-27 13:00:00;535.2471941906117;1075.0844963913657;0.0;210.02100210021004;0.0;0.0;0.0;0.0
2030-02-27 14:00:00;534.9650890389606;1075.0844963913657;0.0;210.02100210021004;0.0;0.0;0.0;0.0
2030-02-27 15:00:00;535.0303594841067;1075.0844963913657;0.0;210.02100210021004;0.0;0.0;0.0;0.0
2030-02-27 16:00:00;535.387757950248;1075.0844963913657;0.0;210.02100210021004;0.0;0.0;0.0;0.0
2030-02-27 17:00:00;535.541180747948;1075.0844963913657;0.0;210.02100210021004;0.0;0.0;0.0;0.0
2030-02-27 18:00:00;535.6530114915631;1075.0844963913657;0.0;210.02100210021004;0.0;0.0;0.0;0.0
2030-02-27 19:00:00;535.6861878150665;1075.0844963913657;0.0;210.02100210021004;0.0;0.0;0.0;0.0
2030-02-27 20:00:00;535.7409144068056;1075.0844963913657;0.0;210.02100210021004;0.0;0.0;0.0;0.0
2030-02-27 21:00:00;534.7031101580797;1075.0844963913657;0.0;210.02100210021004;0.0;0.0;0.0;0.0
2030-02-27 22:00:00;534.2684793090255;1075.0844963913657;0.0;210.02100210021004;0.0;0.0;0.0;0.0
2030-02-27 23:00:00;532.5444844651158;1075.0844963913657;0.0;210.02100210021004;0.0;0.0;0.0;0.0
2030-02-28 00:00:00;531.882141166223;1075.0844963913657;0.0;210.02100210021004;0.0;0.0;0.0;0.0
2030-02-28 01:00:00;531.7943408601964;1075.0844963913657;0.0;210.02100210021004;0.0;0.0;0.0;0.0
2030-02-28 02:00:00;531.1193216645374;1075.0844963913657;0.0;210.02100210021004;0.0;0.0;0.0;0.0
2030-02-28 03:00:00;467.2041700188155;1075.0844963913657;0.0;210.02100210021004;0.0;0.0;0.0;0.0
2030-02-28 04:00:00;467.2066393165387;1075.0844963913657;0.0;210.02100210021004;0.0;0.0;0.0;0.0
2030-02-28 05:00:00;531.1148361307477;1075.0844963913657;0.0;210.02100210021004;0.0;0.0;0.0;0.0
2030-02-28 06:00:00;531.5363727081888;1075.0844963913657;0.0;210.02100210021004;0.0;0.0;0.0;0.0
2030-02-28 07:00:00;532.7812200747858;1075.0844963913657;0.0;210.02100210021004;0.0;0.0;0.0;0.0
2030-02-28 08:00:00;532.8467178478036;1075.0844963913657;0.0;210.02100210021004;0.0;0.0;0.0;0.0
2030-02-28 09:00:00;532.8184071271627;1075.0844963913657;0.0;210.02100210021004;0.0;0.0;0.0;0.0
2030-02-28 10:00:00;532.9054532081491;1075.0844963913657;0.0;210.02100210021004;0.0;0.0;0.0;0.0
2030-02-28 11:00:00;532.6484243827457;1075.0844963913657;0.0;210.02100210021004;0.0;0.0;0.0;0.0
2030-02-28 12:00:00;532.370307850528;1075.0844963913657;0.0;210.02100210021004;0.0;0.0;0.0;0.0
2030-02-28 13:00:00;531.9240268764992;1075.0844963913657;0.0;210.02100210021004;0.0;0.0;0.0;0.0
2030-02-28 14:00:00;531.741329929542;1075.0844963913657;0.0;210.02100210021004;0.0;0.0;0.0;0.0
2030-02-28 15:00:00;532.0443116241642;1075.0844963913657;0.0;210.02100210021004;0.0;0.0;0.0;0.0
2030-02-28 16:00:00;532.5468679383586;1075.0844963913657;0.0;210.02100210021004;0.0;0.0;0.0;0.0
2030-02-28 17:00:00;532.4927669001652;1075.0844963913657;0.0;210.02100210021004;0.0;0.0;0.0;0.0
2030-02-28 18:00:00;532.7048224489947;1075.0844963913657;0.0;210.02100210021004;0.0;0.0;0.0;0.0
2030-02-28 19:00:00;532.4771904989323;1075.0844963913657;0.0;210.02100210021004;0.0;0.0;0.0;0.0
2030-02-28 20:00:00;531.6829928271757;1075.0844963913657;0.0;210.02100210021004;0.0;0.0;0.0;0.0
2030-02-28 21:00:00;531.6306879821482;1075.0844963913657;0.0;210.02100210021004;0.0;0.0;0.0;0.0
2030-02-28 22:00:00;531.5593832870914;1075.0844963913657;0.0;210.02100210021004;0.0;0.0;0.0;0.0
2030-02-28 23:00:00;531.1609358280622;1075.0844963913657;0.0;210.02100210021004;0.0;0.0;0.0;0.0
2030-03-01 00:00:00;531.1281758868334;1075.0844963913657;0.0;210.02100210021004;0.0;0.0;0.0;0.0
2030-03-01 01:00:00;531.4367150661833;1075.0844963913657;0.0;210.02100210021004;0.0;0.0;0.0;0.0
2030-03-01 02:00:00;531.8245965623656;1075.0844963913657;0.0;210.02100210021004;0.0;0.0;0.0;0.0
2030-03-01 03:00:00;532.0228296445151;1075.0844963913657;0.0;210.02100210021004;0.0;0.0;0.0;0.0
2030-03-01 04:00:00;532.0913565934942;1075.0844963913657;0.0;210.02100210021004;0.0;0.0;0.0;0.0
2030-03-01 05:00:00;532.6233681733656;1075.0844963913657;0.0;210.02100210021004;0.0;0.0;0.0;0.0
2030-03-01 06:00:00;533.9412118263975;1075.0844963913657;0.0;210.02100210021004;0.0;0.0;0.0;0.0
2030-03-01 07:00:00;535.007367061805;1075.0844963913657;0.0;210.02100210021004;0.0;0.0;0.0;0.0
2030-03-01 08:00:00;535.0941455488789;1075.0844963913657;0.0;210.02100210021004;0.0;0.0;0.0;0.0
2030-03-01 09:00:00;535.5280059765588;1075.0844963913657;0.0;210.02100210021004;0.0;0.0;0.0;0.0
2030-03-01 10:00:00;535.6525729998484;1075.0844963913657;0.0;210.02100210021004;0.0;0.0;0.0;0.0
2030-03-01 11:00:00;535.8645843297983;1075.0844963913657;0.0;210.02100210021004;0.0;0.0;0.0;0.0
2030-03-01 12:00:00;536.4671100664847;1075.0844963913657;0.0;210.02100210021004;0.0;0.0;0.0;0.0
2030-03-01 13:00:00;536.2944561380447;1075.0844963913657;0.0;210.02100210021004;0.0;0.0;0.0;0.0
2030-03-01 14:00:00;535.6696519380562;1075.0844963913657;0.0;210.02100210021004;0.0;0.0;0.0;0.0
2030-03-01 15:00:00;536.1115077935092;1075.0844963913657;0.0;210.02100210021004;0.0;0.0;0.0;0.0
2030-03-01 16:00:00;536.2578745223457;1075.0844963913657;0.0;210.02100210021004;0.0;0.0;0.0;0.0
2030-03-01 17:00:00;536.268418375753;1075.0844963913657;0.0;210.02100210021004;0.0;0.0;0.0;0.0
2030-03-01 18:00:00;536.3048732802239;1075.0844963913657;0.0;210.02100210021004;0.0;0.0;0.0;0.0
2030-03-01 19:00:00;535.9887771971206;1075.0844963913657;0.0;210.02100210021004;0.0;0.0;0.0;0.0
2030-03-01 20:00:00;536.1195474078565;1075.0844963913657;0.0;210.02100210021004;0.0;0.0;0.0;0.0
2030-03-01 21:00:00;535.7894378434036;1075.0844963913657;0.0;210.02100210021004;0.0;0.0;0.0;0.0
2030-03-01 22:00:00;535.4870394760193;1075.0844963913657;0.0;210.02100210021004;0.0;0.0;0.0;0.0
2030-03-01 23:00:00;535.3148441561616;1075.0844963913657;0.0;210.02100210021004;0.0;0.0;0.0;0.0
2030-03-02 00:00:00;535.026787246948;1075.0844963913657;0.0;210.02100210021004;0.0;0.0;0.0;0.0
2030-03-02 01:00:00;533.315134409878;1075.0844963913657;0.0;210.02100210021004;0.0;0.0;0.0;0.0
2030-03-02 02:00:00;532.2084472128067;1075.0844963913657;0.0;210.02100210021004;0.0;0.0;0.0;0.0
2030-03-02 03:00:00;531.9543650710165;1075.0844963913657;0.0;210.02100210021004;0.0;0.0;0.0;0.0
2030-03-02 04:00:00;532.0189436342976;1075.0844963913657;0.0;210.02100210021004;0.0;0.0;0.0;0.0
2030-03-02 05:00:00;532.0594736356945;1075.0844963913657;0.0;210.02100210021004;0.0;0.0;0.0;0.0
2030-03-02 06:00:00;531.9901944219421;1075.0844963913657;0.0;210.02100210021004;0.0;0.0;0.0;0.0
2030-03-02 07:00:00;531.8538505624498;1075.0844963913657;0.0;210.02100210021004;0.0;0.0;0.0;0.0
2030-03-02 08:00:00;532.074525100026;1075.0844963913657;0.0;210.02100210021004;0.0;0.0;0.0;0.0
2030-03-02 09:00:00;532.1818482004114;1075.0844963913657;0.0;210.02100210021004;0.0;0.0;0.0;0.0
2030-03-02 10:00:00;532.1759386691564;1075.0844963913657;0.0;210.02100210021004;0.0;0.0;0.0;0.0
2030-03-02 11:00:00;531.970275362176;1075.0844963913657;0.0;210.02100210021004;0.0;0.0;0.0;0.0
2030-03-02 12:00:00;531.7886002664767;1075.0844963913657;0.0;210.02100210021004;0.0;0.0;0.0;0.0
2030-03-02 13:00:00;531.5253059104521;1075.0844963913657;0.0;210.02100210021004;0.0;0.0;0.0;0.0
2030-03-02 14:00:00;531.4191534173816;1075.0844963913657;0.0;210.02100210021004;0.0;0.0;0.0;0.0
2030-03-02 15:00:00;531.1380499678154;1075.0844963913657;0.0;210.02100210021004;0.0;0.0;0.0;0.0
2030-03-02 16:00:00;531.463774647428;1075.0844963913657;0.0;210.02100210021004;0.0;0.0;0.0;0.0
2030-03-02 17:00:00;531.5945649750315;1075.0844963913657;0.0;210.02100210021004;0.0;0.0;0.0;0.0
2030-03-02 18:00:00;531.6295193351;1075.0844963913657;0.0;210.02100210021004;0.0;0.0;0.0;0.0
2030-03-02 19:00:00;531.7933612675514;1075.0844963913657;0.0;210.02100210021004;0.0;0.0;0.0;0.0
2030-03-02 20:00:00;531.9080944758997;1075.0844963913657;0.0;210.02100210021004;0.0;0.0;0.0;0.0
2030-03-02 21:00:00;531.5422218565353;1075.0844963913657;0.0;210.02100210021004;0.0;0.0;0.0;0.0
2030-03-02 22:00:00;531.2772580185725;1075.0844963913657;0.0;210.02100210021004;0.0;0.0;0.0;0.0
2030-03-02 23:00:00;530.1836208742347;1075.0844963913657;0.0;210.02100210021004;0.0;0.0;0.0;0.0
2030-03-03 00:00:00;529.9855144710078;1075.0844963913657;0.0;210.02100210021004;0.0;0.0;0.0;0.0
2030-03-03 01:00:00;529.7041193578227;1075.0844963913657;0.0;210.02100210021004;0.0;0.0;0.0;0.0
2030-03-03 02:00:00;529.518435493517;1075.0844963913657;0.0;210.02100210021004;0.0;0.0;0.0;0.0
2030-03-03 03:00:00;529.1547754495932;1075.0844963913657;0.0;210.02100210021004;0.0;0.0;0.0;0.0
2030-03-03 04:00:00;528.8594331510723;1075.0844963913657;0.0;210.02100210021004;0.0;0.0;0.0;0.0
2030-03-03 05:00:00;528.9489210956377;1075.0844963913657;0.0;210.02100210021004;0.0;0.0;0.0;0.0
2030-03-03 06:00:00;528.8977446639229;1075.0844963913657;0.0;210.02100210021004;0.0;0.0;0.0;0.0
2030-03-03 07:00:00;529.1981396271375;1075.0844963913657;0.0;210.02100210021004;0.0;0.0;0.0;0.0
2030-03-03 08:00:00;529.2989899858976;1075.0844963913657;0.0;210.02100210021004;0.0;0.0;0.0;0.0
2030-03-03 09:00:00;530.0113833280695;1075.0844963913657;0.0;210.02100210021004;0.0;0.0;0.0;0.0
2030-03-03 10:00:00;530.5527117239637;1075.0844963913657;0.0;210.02100210021004;0.0;0.0;0.0;0.0
2030-03-03 11:00:00;530.9395674483544;1075.0844963913657;0.0;210.02100210021004;0.0;0.0;0.0;0.0
2030-03-03 12:00:00;530.954976904624;1075.0844963913657;0.0;210.02100210021004;0.0;0.0;0.0;0.0
2030-03-03 13:00:00;530.9608260529706;1075.0844963913657;0.0;210.02100210021004;0.0;0.0;0.0;0.0
2030-03-03 14:00:00;530.845610134028;1075.0844963913657;0.0;210.02100210021004;0.0;0.0;0.0;0.0
2030-03-03 15:00:00;530.5204928836655;1075.0844963913657;0.0;210.02100210021004;0.0;0.0;0.0;0.0
2030-03-03 16:00:00;530.5414779489583;1075.0844963913657;0.0;210.02100210021004;0.0;0.0;0.0;0.0
2030-03-03 17:00:00;530.3319507412006;1075.0844963913657;0.0;210.02100210021004;0.0;0.0;0.0;0.0
2030-03-03 18:00:00;530.571796026608;1075.0844963913657;0.0;210.02100210021004;0.0;0.0;0.0;0.0
2030-03-03 19:00:00;530.5464461933424;1075.0844963913657;0.0;210.02100210021004;0.0;0.0;0.0;0.0
2030-03-03 20:00:00;530.6423705663315;1075.0844963913657;0.0;210.02100210021004;0.0;0.0;0.0;0.0
2030-03-03 21:00:00;530.6645203581388;1075.0844963913657;0.0;210.02100210021004;0.0;0.0;0.0;0.0
2030-03-03 22:00:00;530.5651563400194;1075.0844963913657;0.0;210.02100210021004;0.0;0.0;0.0;0.0
2030-03-03 23:00:00;530.0086478082994;1075.0844963913657;0.0;210.02100210021004;0.0;0.0;0.0;0.0
2030-03-04 00:00:00;529.7425796590358;1075.0844963913657;0.0;210.02100210021004;0.0;0.0;0.0;0.0
2030-03-04 01:00:00;528.7865797398944;1075.0844963913657;0.0;210.02100210021004;0.0;0.0;0.0;0.0
2030-03-04 02:00:00;528.3763372880617;1075.0844963913657;0.0;210.02100210021004;0.0;0.0;0.0;0.0
2030-03-04 03:00:00;528.6459153313087;1075.0844963913657;0.0;210.02100210021004;0.0;0.0;0.0;0.0
2030-03-04 04:00:00;528.5224123532793;1075.0844963913657;0.0;210.02100210021004;0.0;0.0;0.0;0.0
2030-03-04 05:00:00;528.510009963531;1075.0844963913657;0.0;210.02100210021004;0.0;0.0;0.0;0.0
2030-03-04 06:00:00;529.4882642439629;1075.0844963913657;0.0;210.02100210021004;0.0;0.0;0.0;0.0
2030-03-04 07:00:00;531.7674904502228;1075.0844963913657;0.0;210.02100210021004;0.0;0.0;0.0;0.0
2030-03-04 08:00:00;532.9573396783296;1075.0844963913657;0.0;210.02100210021004;0.0;0.0;0.0;0.0
2030-03-04 09:00:00;533.6827025734593;1075.0844963913657;0.0;210.02100210021004;0.0;0.0;0.0;0.0
2030-03-04 10:00:00;534.1928761743152;1075.0844963913657;0.0;210.02100210021004;0.0;0.0;0.0;0.0
2030-03-04 11:00:00;534.1794902390831;1075.0844963913657;0.0;210.02100210021004;0.0;0.0;0.0;0.0
2030-03-04 12:00:00;533.8454784680783;1075.0844963913657;0.0;210.02100210021004;0.0;0.0;0.0;0.0
2030-03-04 13:00:00;533.6112088239993;1075.0844963913657;0.0;210.02100210021004;0.0;0.0;0.0;0.0
2030-03-04 14:00:00;533.6804659283121;1075.0844963913657;0.0;210.02100210021004;0.0;0.0;0.0;0.0
2030-03-04 15:00:00;533.1575781249157;1075.0844963913657;0.0;210.02100210021004;0.0;0.0;0.0;0.0
2030-03-04 16:00:00;469.3435226838996;1075.0844963913657;0.0;210.02100210021004;0.0;0.0;0.0;0.0
2030-03-04 17:00:00;533.3063042572885;1075.0844963913657;0.0;210.02100210021004;0.0;0.0;0.0;0.0
2030-03-04 18:00:00;533.5168090974248;1075.0844963913657;0.0;210.02100210021004;0.0;0.0;0.0;0.0
2030-03-04 19:00:00;533.6090988577745;1075.0844963913657;0.0;210.02100210021004;0.0;0.0;0.0;0.0
2030-03-04 20:00:00;533.9100369144917;1075.0844963913657;0.0;210.02100210021004;0.0;0.0;0.0;0.0
2030-03-04 21:00:00;533.8490487449702;1075.0844963913657;0.0;210.02100210021004;0.0;0.0;0.0;0.0
2030-03-04 22:00:00;533.3804470813316;1075.0844963913657;0.0;210.02100210021004;0.0;0.0;0.0;0.0
2030-03-04 23:00:00;532.947336925853;1075.0844963913657;0.0;210.02100210021004;0.0;0.0;0.0;0.0
2030-03-05 00:00:00;532.6042838707214;1075.0844963913657;0.0;210.02100210021004;0.0;0.0;0.0;0.0
2030-03-05 01:00:00;532.3238300444075;1075.0844963913657;0.0;210.02100210021004;0.0;0.0;0.0;0.0
2030-03-05 02:00:00;532.022057262874;1075.0844963913657;0.0;210.02100210021004;0.0;0.0;0.0;0.0
2030-03-05 03:00:00;532.2335657653618;1075.0844963913657;0.0;210.02100210021004;0.0;0.0;0.0;0.0
2030-03-05 04:00:00;531.9643034877457;1075.0844963913657;0.0;210.02100210021004;0.0;0.0;0.0;0.0
2030-03-05 05:00:00;532.2904646665007;1075.0844963913657;0.0;210.02100210021004;0.0;0.0;0.0;0.0
2030-03-05 06:00:00;532.9726244159436;1075.0844963913657;0.0;210.02100210021004;0.0;0.0;0.0;0.0
2030-03-05 07:00:00;534.2282026977789;1075.0844963913657;0.0;210.02100210021004;0.0;0.0;0.0;0.0
2030-03-05 08:00:00;535.5257894482792;1075.0844963913657;0.0;210.02100210021004;0.0;0.0;0.0;0.0
2030-03-05 09:00:00;537.1318368386203;1075.0844963913657;0.0;210.02100210021004;0.0;0.0;0.0;0.0
2030-03-05 10:00:00;536.3437318071109;1075.0844963913657;0.0;210.02100210021004;0.0;0.0;0.0;0.0
2030-03-05 11:00:00;535.9258460063379;1075.0844963913657;0.0;210.02100210021004;0.0;0.0;0.0;0.0
2030-03-05 12:00:00;536.0086358739783;1075.0844963913657;0.0;210.02100210021004;0.0;0.0;0.0;0.0
2030-03-05 13:00:00;535.6798196752292;1075.0844963913657;0.0;210.02100210021004;0.0;0.0;0.0;0.0
2030-03-05 14:00:00;535.4046458737857;1075.0844963913657;0.0;210.02100210021004;0.0;0.0;0.0;0.0
2030-03-05 15:00:00;534.8409786639864;1075.0844963913657;0.0;210.02100210021004;0.0;0.0;0.0;0.0
2030-03-05 16:00:00;534.502123399559;1075.0844963913657;0.0;210.02100210021004;0.0;0.0;0.0;0.0
2030-03-05 17:00:00;535.036558718714;1075.0844963913657;0.0;210.02100210021004;0.0;0.0;0.0;0.0
2030-03-05 18:00:00;535.3008125182108;1075.0844963913657;0.0;210.02100210021004;0.0;0.0;0.0;0.0
2030-03-05 19:00:00;535.5373168471704;1075.0844963913657;0.0;210.02100210021004;0.0;0.0;0.0;0.0
2030-03-05 20:00:00;535.9757914801345;1075.0844963913657;0.0;210.02100210021004;0.0;0.0;0.0;0.0
2030-03-05 21:00:00;535.7425416624359;1075.0844963913657;0.0;210.02100210021004;0.0;0.0;0.0;0.0
2030-03-05 22:00:00;535.0662472576739;1075.0844963913657;0.0;210.02100210021004;0.0;0.0;0.0;0.0
2030-03-05 23:00:00;469.8118749102268;1075.0844963913657;0.0;210.02100210021004;0.0;0.0;0.0;0.0
2030-03-06 00:00:00;468.2924403638796;1075.0844963913657;0.0;210.02100210021004;0.0;0.0;0.0;0.0
2030-03-06 01:00:00;467.7296946754196;1075.0844963913657;0.0;210.02100210021004;0.0;0.0;0.0;0.0
2030-03-06 02:00:00;467.6174687252238;1075.0844963913657;0.0;210.02100210021004;0.0;0.0;0.0;0.0
2030-03-06 03:00:00;467.4736684460535;1075.0844963913657;0.0;210.02100210021004;0.0;0.0;0.0;0.0
2030-03-06 04:00:00;467.4647172418071;1075.0844963913657;0.0;210.02100210021004;0.0;0.0;0.0;0.0
2030-03-06 05:00:00;467.5233993759333;1075.0844963913657;0.0;210.02100210021004;0.0;0.0;0.0;0.0
2030-03-06 06:00:00;467.9774778079748;1075.0844963913657;0.0;210.02100210021004;0.0;0.0;0.0;0.0
2030-03-06 07:00:00;468.9129421998196;1075.0844963913657;0.0;210.02100210021004;0.0;0.0;0.0;0.0
2030-03-06 08:00:00;469.2520096033411;1075.0844963913657;0.0;210.02100210021004;0.0;0.0;0.0;0.0
2030-03-06 09:00:00;469.9613081099869;1075.0844963913657;0.0;210.02100210021004;0.0;0.0;0.0;0.0
2030-03-06 10:00:00;470.0497011144429;1075.0844963913657;0.0;210.02100210021004;0.0;0.0;0.0;0.0
2030-03-06 11:00:00;469.8456450197151;1075.0844963913657;0.0;210.02100210021004;0.0;0.0;0.0;0.0
2030-03-06 12:00:00;469.6841210937957;1075.0844963913657;0.0;210.02100210021004;0.0;0.0;0.0;0.0
2030-03-06 13:00:00;469.9150953676567;1075.0844963913657;0.0;210.02100210021004;0.0;0.0;0.0;0.0
2030-03-06 14:00:00;470.2373637938994;1075.0844963913657;0.0;210.02100210021004;0.0;0.0;0.0;0.0
2030-03-06 15:00:00;470.1542581929334;1075.0844963913657;0.0;210.02100210021004;0.0;0.0;0.0;0.0
2030-03-06 16:00:00;470.1701523200641;1075.0844963913657;0.0;210.02100210021004;0.0;0.0;0.0;0.0
2030-03-06 17:00:00;469.7740843814389;1075.0844963913657;0.0;210.02100210021004;0.0;0.0;0.0;0.0
2030-03-06 18:00:00;469.117686927003;1075.0844963913657;0.0;210.02100210021004;0.0;0.0;0.0;0.0
2030-03-06 19:00:00;533.45415141366;1075.0844963913657;0.0;210.02100210021004;0.0;0.0;0.0;0.0
2030-03-06 20:00:00;533.4662380700827;1075.0844963913657;0.0;210.02100210021004;0.0;0.0;0.0;0.0
2030-03-06 21:00:00;533.7524806295294;1075.0844963913657;0.0;210.02100210021004;0.0;0.0;0.0;0.0
2030-03-06 22:00:00;533.1569063922238;1075.0844963913657;0.0;210.02100210021004;0.0;0.0;0.0;0.0
2030-03-06 23:00:00;532.9537895506107;1075.0844963913657;0.0;210.02100210021004;0.0;0.0;0.0;0.0
2030-03-07 00:00:00;532.6118206576068;1075.0844963913657;0.0;210.02100210021004;0.0;0.0;0.0;0.0
2030-03-07 01:00:00;532.8910272973632;1075.0844963913657;0.0;210.02100210021004;0.0;0.0;0.0;0.0
2030-03-07 02:00:00;532.681226550282;1075.0844963913657;0.0;210.02100210021004;0.0;0.0;0.0;0.0
2030-03-07 03:00:00;532.597416856261;1075.0844963913657;0.0;210.02100210021004;0.0;0.0;0.0;0.0
2030-03-07 04:00:00;532.8250247043115;1075.0844963913657;0.0;210.02100210021004;0.0;0.0;0.0;0.0
2030-03-07 05:00:00;533.1524188981673;1075.0844963913657;0.0;210.02100210021004;0.0;0.0;0.0;0.0
2030-03-07 06:00:00;533.4554668888038;1075.0844963913657;0.0;210.02100210021004;0.0;0.0;0.0;0.0
2030-03-07 07:00:00;533.983660747044;1075.0844963913657;0.0;210.02100210021004;0.0;0.0;0.0;0.0
2030-03-07 08:00:00;534.0176114447607;1075.0844963913657;0.0;210.02100210021004;0.0;0.0;0.0;0.0
2030-03-07 09:00:00;534.1487960451993;1075.0844963913657;0.0;210.02100210021004;0.0;0.0;0.0;0.0
2030-03-07 10:00:00;533.9103084612432;1075.0844963913657;0.0;210.02100210021004;0.0;0.0;0.0;0.0
2030-03-07 11:00:00;533.8143678919198;1075.0844963913657;0.0;210.02100210021004;0.0;0.0;0.0;0.0
2030-03-07 12:00:00;533.8417392859564;1075.0844963913657;0.0;210.02100210021004;0.0;0.0;0.0;0.0
2030-03-07 13:00:00;533.5151415757535;1075.0844963913657;0.0;210.02100210021004;0.0;0.0;0.0;0.0
2030-03-07 14:00:00;533.9031477905914;1075.0844963913657;0.0;210.02100210021004;0.0;0.0;0.0;0.0
2030-03-07 15:00:00;533.6975870928273;1075.0844963913657;0.0;210.02100210021004;0.0;0.0;0.0;0.0
2030-03-07 16:00:00;533.4081744747346;1075.0844963913657;0.0;210.02100210021004;0.0;0.0;0.0;0.0
2030-03-07 17:00:00;534.3032244978232;1075.0844963913657;0.0;210.02100210021004;0.0;0.0;0.0;0.0
2030-03-07 18:00:00;534.3081927099017;1075.0844963913657;0.0;210.02100210021004;0.0;0.0;0.0;0.0
2030-03-07 19:00:00;532.9444786799992;1075.0844963913657;0.0;210.02100210021004;0.0;0.0;0.0;0.0
2030-03-07 20:00:00;533.3730350131018;1075.0844963913657;0.0;210.02100210021004;0.0;0.0;0.0;0.0
2030-03-07 21:00:00;533.4931346592027;1075.0844963913657;0.0;210.02100210021004;0.0;0.0;0.0;0.0
2030-03-07 22:00:00;532.8823198708575;1075.0844963913657;0.0;210.02100210021004;0.0;0.0;0.0;0.0
2030-03-07 23:00:00;531.7682004886886;1075.0844963913657;0.0;210.02100210021004;0.0;0.0;0.0;0.0
2030-03-08 00:00:00;530.6745029614424;1075.0844963913657;0.0;210.02100210021004;0.0;0.0;0.0;0.0
2030-03-08 01:00:00;466.7079864292745;1075.0844963913657;0.0;210.02100210021004;0.0;0.0;0.0;0.0
2030-03-08 02:00:00;466.7677579594548;1075.0844963913657;0.0;210.02100210021004;0.0;0.0;0.0;0.0
2030-03-08 03:00:00;466.8638971612486;1075.0844963913657;0.0;210.02100210021004;0.0;0.0;0.0;0.0
2030-03-08 04:00:00;466.9922643296493;1075.0844963913657;0.0;210.02100210021004;0.0;0.0;0.0;0.0
2030-03-08 05:00:00;467.2855115908716;1075.0844963913657;0.0;210.02100210021004;0.0;0.0;0.0;0.0
2030-03-08 06:00:00;468.1952480792334;1075.0844963913657;0.0;210.02100210021004;0.0;0.0;0.0;0.0
2030-03-08 07:00:00;469.929317316266;1075.0844963913657;0.0;210.02100210021004;0.0;0.0;0.0;0.0
2030-03-08 08:00:00;471.0392361365516;1075.0844963913657;0.0;210.02100210021004;0.0;0.0;0.0;0.0
2030-03-08 09:00:00;471.7821465819227;1075.0844963913657;0.0;210.02100210021004;0.0;0.0;0.0;0.0
2030-03-08 10:00:00;471.5323338756727;1075.0844963913657;0.0;210.02100210021004;0.0;0.0;0.0;0.0
2030-03-08 11:00:00;471.2320896155944;1075.0844963913657;0.0;210.02100210021004;0.0;0.0;0.0;0.0
2030-03-08 12:00:00;471.0664092636696;1075.0844963913657;0.0;210.02100210021004;0.0;0.0;0.0;0.0
2030-03-08 13:00:00;471.1909581303584;1075.0844963913657;0.0;210.02100210021004;0.0;0.0;0.0;0.0
2030-03-08 14:00:00;470.8732951745332;1075.0844963913657;0.0;210.02100210021004;0.0;0.0;0.0;0.0
2030-03-08 15:00:00;471.1032221600792;1075.0844963913657;0.0;210.02100210021004;0.0;0.0;0.0;0.0
2030-03-08 16:00:00;471.398962684274;1075.0844963913657;0.0;210.02100210021004;0.0;0.0;0.0;0.0
2030-03-08 17:00:00;472.0510336765109;1075.0844963913657;0.0;210.02100210021004;0.0;0.0;0.0;0.0
2030-03-08 18:00:00;472.1960427038962;1075.0844963913657;0.0;210.02100210021004;0.0;0.0;0.0;0.0
2030-03-08 19:00:00;472.2146683979583;1075.0844963913657;0.0;210.02100210021004;0.0;0.0;0.0;0.0
2030-03-08 20:00:00;472.0163749329002;1075.0844963913657;0.0;210.02100210021004;0.0;0.0;0.0;0.0
2030-03-08 21:00:00;470.4180131501125;1075.0844963913657;0.0;210.02100210021004;0.0;0.0;0.0;0.0
2030-03-08 22:00:00;469.0188438929463;1075.0844963913657;0.0;210.02100210021004;0.0;0.0;0.0;0.0
2030-03-08 23:00:00;467.3965392054075;1075.0844963913657;0.0;210.02100210021004;0.0;0.0;0.0;0.0
2030-03-09 00:00:00;466.8571429057118;1075.0844963913657;0.0;210.02100210021004;0.0;0.0;0.0;0.0
2030-03-09 01:00:00;466.2482794509522;1075.0844963913657;0.0;210.02100210021004;0.0;0.0;0.0;0.0
2030-03-09 02:00:00;465.7446879682417;1075.0844963913657;0.0;210.02100210021004;0.0;0.0;0.0;0.0
2030-03-09 03:00:00;465.2566385359063;1075.0844963913657;0.0;210.02100210021004;0.0;0.0;0.0;0.0
2030-03-09 04:00:00;464.8369668625804;1075.0844963913657;0.0;210.02100210021004;0.0;0.0;0.0;0.0
2030-03-09 05:00:00;464.6795854459329;1075.0844963913657;0.0;210.02100210021004;0.0;0.0;0.0;0.0
2030-03-09 06:00:00;464.7590750446965;1075.0844963913657;0.0;210.02100210021004;0.0;0.0;0.0;0.0
2030-03-09 07:00:00;464.8958124061146;1075.0844963913657;0.0;210.02100210021004;0.0;0.0;0.0;0.0
2030-03-09 08:00:00;464.995855277103;1075.0844963913657;0.0;210.02100210021004;0.0;0.0;0.0;0.0
2030-03-09 09:00:00;465.0817904691879;1075.0844963913657;0.0;210.02100210021004;0.0;0.0;0.0;0.0
2030-03-09 10:00:00;465.8777940094788;1075.0844963913657;0.0;210.02100210021004;0.0;0.0;0.0;0.0
2030-03-09 11:00:00;465.7494631542799;1075.0844963913657;0.0;210.02100210021004;0.0;0.0;0.0;0.0
2030-03-09 12:00:00;465.3872934360212;1075.0844963913657;0.0;210.02100210021004;0.0;0.0;0.0;0.0
2030-03-09 13:00:00;465.5008085048813;1075.0844963913657;0.0;210.02100210021004;0.0;0.0;0.0;0.0
2030-03-09 14:00:00;465.6368740720659;1075.0844963913657;0.0;210.02100210021004;0.0;0.0;0.0;0.0
2030-03-09 15:00:00;465.6832823439798;1075.0844963913657;0.0;210.02100210021004;0.0;0.0;0.0;0.0
2030-03-09 16:00:00;466.0139866728699;1075.0844963913657;0.0;210.02100210021004;0.0;0.0;0.0;0.0
2030-03-09 17:00:00;529.8558947830246;1075.0844963913657;0.0;210.02100210021004;0.0;0.0;0.0;0.0
2030-03-09 18:00:00;530.5221844750432;1075.0844963913657;0.0;210.02100210021004;0.0;0.0;0.0;0.0
2030-03-09 19:00:00;530.369365121449;1075.0844963913657;0.0;210.02100210021004;0.0;0.0;0.0;0.0
2030-03-09 20:00:00;530.6728113700647;1075.0844963913657;0.0;210.02100210021004;0.0;0.0;0.0;0.0
2030-03-09 21:00:00;530.3609091248269;1075.0844963913657;0.0;210.02100210021004;0.0;0.0;0.0;0.0
2030-03-09 22:00:00;530.2023069512054;1075.0844963913657;0.0;210.02100210021004;0.0;0.0;0.0;0.0
2030-03-09 23:00:00;529.9658669579932;1075.0844963913657;0.0;210.02100210021004;0.0;0.0;0.0;0.0
2030-03-10 00:00:00;466.2857183620191;1075.0844963913657;0.0;210.02100210021004;0.0;0.0;0.0;0.0
2030-03-10 01:00:00;466.5701233586003;1075.0844963913657;0.0;210.02100210021004;0.0;0.0;0.0;0.0
2030-03-10 02:00:00;466.7742035527763;1075.0844963913657;0.0;210.02100210021004;0.0;0.0;0.0;0.0
2030-03-10 03:00:00;466.2651832463951;1075.0844963913657;0.0;210.02100210021004;0.0;0.0;0.0;0.0
2030-03-10 04:00:00;466.4045896281463;1075.0844963913657;0.0;210.02100210021004;0.0;0.0;0.0;0.0
2030-03-10 05:00:00;466.2119662491416;1075.0844963913657;0.0;210.02100210021004;0.0;0.0;0.0;0.0
2030-03-10 06:00:00;466.1627073908854;1075.0844963913657;0.0;210.02100210021004;0.0;0.0;0.0;0.0
2030-03-10 07:00:00;466.1364166327745;1075.0844963913657;0.0;210.02100210021004;0.0;0.0;0.0;0.0
2030-03-10 08:00:00;465.6135428399025;1075.0844963913657;0.0;210.02100210021004;0.0;0.0;0.0;0.0
2030-03-10 09:00:00;465.8545717169209;1075.0844963913657;0.0;210.02100210021004;0.0;0.0;0.0;0.0
2030-03-10 10:00:00;466.0201780737784;1075.0844963913657;0.0;210.02100210021004;0.0;0.0;0.0;0.0
2030-03-10 11:00:00;465.9938691590667;1075.0844963913657;0.0;210.02100210021004;0.0;0.0;0.0;0.0
2030-03-10 12:00:00;465.9676873405611;1075.0844963913657;0.0;210.02100210021004;0.0;0.0;0.0;0.0
2030-03-10 13:00:00;465.9937239062594;1075.0844963913657;0.0;210.02100210021004;0.0;0.0;0.0;0.0
2030-03-10 14:00:00;465.6813395876831;1075.0844963913657;0.0;210.02100210021004;0.0;0.0;0.0;0.0
2030-03-10 15:00:00;465.6702822177317;1075.0844963913657;0.0;210.02100210021004;0.0;0.0;0.0;0.0
2030-03-10 16:00:00;465.7725765072324;1075.0844963913657;0.0;210.02100210021004;0.0;0.0;0.0;0.0
2030-03-10 17:00:00;465.7305621327374;1075.0844963913657;0.0;210.02100210021004;0.0;0.0;0.0;0.0
2030-03-10 18:00:00;465.7599031998005;1075.0844963913657;0.0;210.02100210021004;0.0;0.0;0.0;0.0
2030-03-10 19:00:00;465.9764569787984;1075.0844963913657;0.0;210.02100210021004;0.0;0.0;0.0;0.0
2030-03-10 20:00:00;466.1533567414191;1075.0844963913657;0.0;210.02100210021004;0.0;0.0;0.0;0.0
2030-03-10 21:00:00;465.8250853970507;1075.0844963913657;0.0;210.02100210021004;0.0;0.0;0.0;0.0
2030-03-10 22:00:00;465.7249154298559;1075.0844963913657;0.0;210.02100210021004;0.0;0.0;0.0;0.0
2030-03-10 23:00:00;465.6231658383823;1075.0844963913657;0.0;210.02100210021004;0.0;0.0;0.0;0.0
2030-03-11 00:00:00;465.2122456466927;1075.0844963913657;0.0;210.02100210021004;0.0;0.0;0.0;0.0
2030-03-11 01:00:00;465.1572311459497;1075.0844963913657;0.0;210.02100210021004;0.0;0.0;0.0;0.0
2030-03-11 02:00:00;465.2235027392541;1075.0844963913657;0.0;210.02100210021004;0.0;0.0;0.0;0.0
2030-03-11 03:00:00;465.2089593019289;1075.0844963913657;0.0;210.02100210021004;0.0;0.0;0.0;0.0
2030-03-11 04:00:00;465.258799171414;1075.0844963913657;0.0;210.02100210021004;0.0;0.0;0.0;0.0
2030-03-11 05:00:00;465.2002986032971;1075.0844963913657;0.0;210.02100210021004;0.0;0.0;0.0;0.0
2030-03-11 06:00:00;465.7780961139076;1075.0844963913657;0.0;210.02100210021004;0.0;0.0;0.0;0.0
2030-03-11 07:00:00;467.1082305396318;1075.0844963913657;0.0;210.02100210021004;0.0;0.0;0.0;0.0
2030-03-11 08:00:00;467.9506423518367;1075.0844963913657;0.0;210.02100210021004;0.0;0.0;0.0;0.0
2030-03-11 09:00:00;468.1269247900266;1075.0844963913657;0.0;210.02100210021004;0.0;0.0;0.0;0.0
2030-03-11 10:00:00;467.9524035421244;1075.0844963913657;0.0;210.02100210021004;0.0;0.0;0.0;0.0
2030-03-11 11:00:00;467.7733068307944;1075.0844963913657;0.0;210.02100210021004;0.0;0.0;0.0;0.0
2030-03-11 12:00:00;467.634880905492;1075.0844963913657;0.0;210.02100210021004;0.0;0.0;0.0;0.0
2030-03-11 13:00:00;467.5291368618194;1075.0844963913657;0.0;210.02100210021004;0.0;0.0;0.0;0.0
2030-03-11 14:00:00;467.5569527744063;1075.0844963913657;0.0;210.02100210021004;0.0;0.0;0.0;0.0
2030-03-11 15:00:00;467.5796485255378;1075.0844963913657;0.0;210.02100210021004;0.0;0.0;0.0;0.0
2030-03-11 16:00:00;467.6712122639036;1075.0844963913657;0.0;210.02100210021004;0.0;0.0;0.0;0.0
2030-03-11 17:00:00;532.0434788596147;1075.0844963913657;0.0;210.02100210021004;0.0;0.0;0.0;0.0
2030-03-11 18:00:00;532.2175548252533;1075.0844963913657;0.0;210.02100210021004;0.0;0.0;0.0;0.0
2030-03-11 19:00:00;532.2403301706064;1075.0844963913657;0.0;210.02100210021004;0.0;0.0;0.0;0.0
2030-03-11 20:00:00;532.3443344239836;1075.0844963913657;0.0;210.02100210021004;0.0;0.0;0.0;0.0
2030-03-11 21:00:00;532.1660204016;1075.0844963913657;0.0;210.02100210021004;0.0;0.0;0.0;0.0
2030-03-11 22:00:00;532.0842543454843;1075.0844963913657;0.0;210.02100210021004;0.0;0.0;0.0;0.0
2030-03-11 23:00:00;532.0357107920186;1075.0844963913657;0.0;210.02100210021004;0.0;0.0;0.0;0.0
2030-03-12 00:00:00;531.7084855356981;1075.0844963913657;0.0;210.02100210021004;0.0;0.0;0.0;0.0
2030-03-12 01:00:00;467.3532720254502;1075.0844963913657;0.0;210.02100210021004;0.0;0.0;0.0;0.0
2030-03-12 02:00:00;467.2780673845003;1075.0844963913657;0.0;210.02100210021004;0.0;0.0;0.0;0.0
2030-03-12 03:00:00;468.2924403678293;1075.0844963913657;0.0;210.02100210021004;0.0;0.0;0.0;0.0
2030-03-12 04:00:00;494.2789196920734;1075.0844963913657;0.0;210.02100210021004;0.0;0.0;0.0;0.0
2030-03-12 05:00:00;530.8369891850148;1075.0844963913657;0.0;210.02100210021004;0.0;0.0;0.0;0.0
2030-03-12 06:00:00;531.5314044961101;1075.0844963913657;0.0;210.02100210021004;0.0;0.0;0.0;0.0
2030-03-12 07:00:00;532.6077917721327;1075.0844963913657;0.0;210.02100210021004;0.0;0.0;0.0;0.0
2030-03-12 08:00:00;532.7216298404511;1075.0844963913657;0.0;210.02100210021004;0.0;0.0;0.0;0.0
2030-03-12 09:00:00;532.9583836067221;1075.0844963913657;0.0;210.02100210021004;0.0;0.0;0.0;0.0
2030-03-12 10:00:00;532.8651967137702;1075.0844963913657;0.0;210.02100210021004;0.0;0.0;0.0;0.0
2030-03-12 11:00:00;533.1093021653625;1075.0844963913657;0.0;210.02100210021004;0.0;0.0;0.0;0.0
2030-03-12 12:00:00;469.1272934140725;1075.0844963913657;0.0;210.02100210021004;0.0;0.0;0.0;0.0
2030-03-12 13:00:00;469.5706115404595;1075.0844963913657;0.0;210.02100210021004;0.0;0.0;0.0;0.0
2030-03-12 14:00:00;533.4629010664734;1075.0844963913657;0.0;210.02100210021004;0.0;0.0;0.0;0.0
2030-03-12 15:00:00;533.621000412633;1075.0844963913657;0.0;210.02100210021004;0.0;0.0;0.0;0.0
2030-03-12 16:00:00;533.71458157842;1075.0844963913657;0.0;210.02100210021004;0.0;0.0;0.0;0.0
2030-03-12 17:00:00;533.7862221559753;1075.0844963913657;0.0;210.02100210021004;0.0;0.0;0.0;0.0
2030-03-12 18:00:00;533.787849411606;1075.0844963913657;0.0;210.02100210021004;0.0;0.0;0.0;0.0
2030-03-12 19:00:00;533.6799871705567;1075.0844963913657;0.0;210.02100210021004;0.0;0.0;0.0;0.0
2030-03-12 20:00:00;534.0542956696756;1075.0844963913657;0.0;210.02100210021004;0.0;0.0;0.0;0.0
2030-03-12 21:00:00;534.0637955946903;1075.0844963913657;0.0;210.02100210021004;0.0;0.0;0.0;0.0
2030-03-12 22:00:00;533.5112575258029;1075.0844963913657;0.0;210.02100210021004;0.0;0.0;0.0;0.0
2030-03-12 23:00:00;532.8072779539455;1075.0844963913657;0.0;210.02100210021004;0.0;0.0;0.0;0.0
2030-03-13 00:00:00;531.9271586616765;1075.0844963913657;0.0;210.02100210021004;0.0;0.0;0.0;0.0
2030-03-13 01:00:00;531.1685791770027;1075.0844963913657;0.0;210.02100210021004;0.0;0.0;0.0;0.0
2030-03-13 02:00:00;530.8953061705132;1075.0844963913657;0.0;210.02100210021004;0.0;0.0;0.0;0.0
2030-03-13 03:00:00;530.5511468115084;1075.0844963913657;0.0;210.02100210021004;0.0;0.0;0.0;0.0
2030-03-13 04:00:00;530.7734707141549;1075.0844963913657;0.0;210.02100210021004;0.0;0.0;0.0;0.0
2030-03-13 05:00:00;530.8176112261792;1075.0844963913657;0.0;210.02100210021004;0.0;0.0;0.0;0.0
2030-03-13 06:00:00;530.9778224988303;1075.0844963913657;0.0;210.02100210021004;0.0;0.0;0.0;0.0
2030-03-13 07:00:00;532.371516763617;1075.0844963913657;0.0;210.02100210021004;0.0;0.0;0.0;0.0
2030-03-13 08:00:00;533.5594269233013;1075.0844963913657;0.0;210.02100210021004;0.0;0.0;0.0;0.0
2030-03-13 09:00:00;534.2644504235514;1075.0844963913657;0.0;210.02100210021004;0.0;0.0;0.0;0.0
2030-03-13 10:00:00;534.4586727768276;1075.0844963913657;0.0;210.02100210021004;0.0;0.0;0.0;0.0
2030-03-13 11:00:00;534.7926845478321;1075.0844963913657;0.0;210.02100210021004;0.0;0.0;0.0;0.0
2030-03-13 12:00:00;534.0862188935159;1075.0844963913657;0.0;210.02100210021004;0.0;0.0;0.0;0.0
2030-03-13 13:00:00;534.8620482141998;1075.0844963913657;0.0;210.02100210021004;0.0;0.0;0.0;0.0
2030-03-13 14:00:00;534.6350217008152;1075.0844963913657;0.0;210.02100210021004;0.0;0.0;0.0;0.0
2030-03-13 15:00:00;534.2942234474315;1075.0844963913657;0.0;210.02100210021004;0.0;0.0;0.0;0.0
2030-03-13 16:00:00;534.0311603721173;1075.0844963913657;0.0;210.02100210021004;0.0;0.0;0.0;0.0
2030-03-13 17:00:00;534.2423811638253;1075.0844963913657;0.0;210.02100210021004;0.0;0.0;0.0;0.0
2030-03-13 18:00:00;534.6081290645338;1075.0844963913657;0.0;210.02100210021004;0.0;0.0;0.0;0.0
2030-03-13 19:00:00;533.8375434555189;1075.0844963913657;0.0;210.02100210021004;0.0;0.0;0.0;0.0
2030-03-13 20:00:00;534.0218273920659;1075.0844963913657;0.0;210.02100210021004;0.0;0.0;0.0;0.0
2030-03-13 21:00:00;534.005959327214;1075.0844963913657;0.0;210.02100210021004;0.0;0.0;0.0;0.0
2030-03-13 22:00:00;533.6335074041691;1075.0844963913657;0.0;210.02100210021004;0.0;0.0;0.0;0.0
2030-03-13 23:00:00;532.6931300654071;1075.0844963913657;0.0;210.02100210021004;0.0;0.0;0.0;0.0
2030-03-14 00:00:00;532.1124241511354;1075.0844963913657;0.0;210.02100210021004;0.0;0.0;0.0;0.0
2030-03-14 01:00:00;531.6783123258772;1075.0844963913657;0.0;210.02100210021004;0.0;0.0;0.0;0.0
2030-03-14 02:00:00;531.0377043967841;1075.0844963913657;0.0;210.02100210021004;0.0;0.0;0.0;0.0
2030-03-14 03:00:00;531.1502029202521;1075.0844963913657;0.0;210.02100210021004;0.0;0.0;0.0;0.0
2030-03-14 04:00:00;530.5887080198526;1075.0844963913657;0.0;210.02100210021004;0.0;0.0;0.0;0.0
2030-03-14 05:00:00;530.3327231228416;1075.0844963913657;0.0;210.02100210021004;0.0;0.0;0.0;0.0
2030-03-14 06:00:00;530.8084029647835;1075.0844963913657;0.0;210.02100210021004;0.0;0.0;0.0;0.0
2030-03-14 07:00:00;531.4846732998391;1075.0844963913657;0.0;210.02100210021004;0.0;0.0;0.0;0.0
2030-03-14 08:00:00;532.7462254486767;1075.0844963913657;0.0;210.02100210021004;0.0;0.0;0.0;0.0
2030-03-14 09:00:00;533.3666447638246;1075.0844963913657;0.0;210.02100210021004;0.0;0.0;0.0;0.0
2030-03-14 10:00:00;533.519544617195;1075.0844963913657;0.0;210.02100210021004;0.0;0.0;0.0;0.0
2030-03-14 11:00:00;533.5794928111629;1075.0844963913657;0.0;210.02100210021004;0.0;0.0;0.0;0.0
2030-03-14 12:00:00;533.4591618843515;1075.0844963913657;0.0;210.02100210021004;0.0;0.0;0.0;0.0
2030-03-14 13:00:00;533.1753449921496;1075.0844963913657;0.0;210.02100210021004;0.0;0.0;0.0;0.0
2030-03-14 14:00:00;532.9555233682961;1075.0844963913657;0.0;210.02100210021004;0.0;0.0;0.0;0.0
2030-03-14 15:00:00;532.6610359437645;1075.0844963913657;0.0;210.02100210021004;0.0;0.0;0.0;0.0
2030-03-14 16:00:00;532.7289152297583;1075.0844963913657;0.0;210.02100210021004;0.0;0.0;0.0;0.0
2030-03-14 17:00:00;532.9612860714557;1075.0844963913657;0.0;210.02100210021004;0.0;0.0;0.0;0.0
2030-03-14 18:00:00;533.2210081903218;1075.0844963913657;0.0;210.02100210021004;0.0;0.0;0.0;0.0
2030-03-14 19:00:00;533.0639306631148;1075.0844963913657;0.0;210.02100210021004;0.0;0.0;0.0;0.0
2030-03-14 20:00:00;533.350732480093;1075.0844963913657;0.0;210.02100210021004;0.0;0.0;0.0;0.0
2030-03-14 21:00:00;533.4044151434396;1075.0844963913657;0.0;210.02100210021004;0.0;0.0;0.0;0.0
2030-03-14 22:00:00;532.7402113479388;1075.0844963913657;0.0;210.02100210021004;0.0;0.0;0.0;0.0
2030-03-14 23:00:00;531.9805879348725;1075.0844963913657;0.0;210.02100210021004;0.0;0.0;0.0;0.0
2030-03-15 00:00:00;531.7389263394315;1075.0844963913657;0.0;210.02100210021004;0.0;0.0;0.0;0.0
2030-03-15 01:00:00;530.9418865858498;1075.0844963913657;0.0;210.02100210021004;0.0;0.0;0.0;0.0
2030-03-15 02:00:00;530.7420885912452;1075.0844963913657;0.0;210.02100210021004;0.0;0.0;0.0;0.0
2030-03-15 03:00:00;530.6708482319356;1075.0844963913657;0.0;210.02100210021004;0.0;0.0;0.0;0.0
2030-03-15 04:00:00;530.6588219584214;1075.0844963913657;0.0;210.02100210021004;0.0;0.0;0.0;0.0
2030-03-15 05:00:00;530.8666998334144;1075.0844963913657;0.0;210.02100210021004;0.0;0.0;0.0;0.0
2030-03-15 06:00:00;531.6072811378384;1075.0844963913657;0.0;210.02100210021004;0.0;0.0;0.0;0.0
2030-03-15 07:00:00;531.4488680186201;1075.0844963913657;0.0;210.02100210021004;0.0;0.0;0.0;0.0
2030-03-15 08:00:00;531.6748667676411;1075.0844963913657;0.0;210.02100210021004;0.0;0.0;0.0;0.0
2030-03-15 09:00:00;531.6676236369467;1075.0844963913657;0.0;210.02100210021004;0.0;0.0;0.0;0.0
2030-03-15 10:00:00;531.602101761917;1075.0844963913657;0.0;210.02100210021004;0.0;0.0;0.0;0.0
2030-03-15 11:00:00;531.3248843225684;1075.0844963913657;0.0;210.02100210021004;0.0;0.0;0.0;0.0
2030-03-15 12:00:00;531.2651030735639;1075.0844963913657;0.0;210.02100210021004;0.0;0.0;0.0;0.0
2030-03-15 13:00:00;531.0986321833971;1075.0844963913657;0.0;210.02100210021004;0.0;0.0;0.0;0.0
2030-03-15 14:00:00;530.957440877643;1075.0844963913657;0.0;210.02100210021004;0.0;0.0;0.0;0.0
2030-03-15 15:00:00;531.3539694174226;1075.0844963913657;0.0;210.02100210021004;0.0;0.0;0.0;0.0
2030-03-15 16:00:00;531.5664614653945;1075.0844963913657;0.0;210.02100210021004;0.0;0.0;0.0;0.0
2030-03-15 17:00:00;531.2689468574738;1075.0844963913657;0.0;210.02100210021004;0.0;0.0;0.0;0.0
2030-03-15 18:00:00;531.3070310101475;1075.0844963913657;0.0;210.02100210021004;0.0;0.0;0.0;0.0
2030-03-15 19:00:00;531.0992980029833;1075.0844963913657;0.0;210.02100210021004;0.0;0.0;0.0;0.0
2030-03-15 20:00:00;531.2286884028281;1075.0844963913657;0.0;210.02100210021004;0.0;0.0;0.0;0.0
2030-03-15 21:00:00;531.2131763373425;1075.0844963913657;0.0;210.02100210021004;0.0;0.0;0.0;0.0
2030-03-15 22:00:00;531.0358478207097;1075.0844963913657;0.0;210.02100210021004;0.0;0.0;0.0;0.0
2030-03-15 23:00:00;530.7988627737282;1075.0844963913657;0.0;210.02100210021004;0.0;0.0;0.0;0.0
2030-03-16 00:00:00;530.4018555084986;1075.0844963913657;0.0;210.02100210021004;0.0;0.0;0.0;0.0
2030-03-16 01:00:00;529.5513019968006;1075.0844963913657;0.0;210.02100210021004;0.0;0.0;0.0;0.0
2030-03-16 02:00:00;528.9544545106587;1075.0844963913657;0.0;210.02100210021004;0.0;0.0;0.0;0.0
2030-03-16 03:00:00;528.9835616826474;1075.0844963913657;0.0;210.02100210021004;0.0;0.0;0.0;0.0
2030-03-16 04:00:00;529.0736167904221;1075.0844963913657;0.0;210.02100210021004;0.0;0.0;0.0;0.0
2030-03-16 05:00:00;529.1502015103495;1075.0844963913657;0.0;210.02100210021004;0.0;0.0;0.0;0.0
2030-03-16 06:00:00;529.023043802813;1075.0844963913657;0.0;210.02100210021004;0.0;0.0;0.0;0.0
2030-03-16 07:00:00;529.0695034523327;1075.0844963913657;0.0;210.02100210021004;0.0;0.0;0.0;0.0
2030-03-16 08:00:00;528.6361418992759;1075.0844963913657;0.0;210.02100210021004;0.0;0.0;0.0;0.0
2030-03-16 09:00:00;528.5356072738416;1075.0844963913657;0.0;210.02100210021004;0.0;0.0;0.0;0.0
2030-03-16 10:00:00;528.5653218750801;1075.0844963913657;0.0;210.02100210021004;0.0;0.0;0.0;0.0
2030-03-16 11:00:00;465.0877639908858;1075.0844963913657;0.0;210.02100210021004;0.0;0.0;0.0;0.0
2030-03-16 12:00:00;508.6866527178685;1075.0844963913657;0.0;210.02100210021004;0.0;0.0;0.0;0.0
2030-03-16 13:00:00;467.8623038219512;1075.0844963913657;0.0;210.02100210021004;0.0;0.0;0.0;0.0
2030-03-16 14:00:00;464.7558613263362;1075.0844963913657;0.0;210.02100210021004;0.0;0.0;0.0;0.0
2030-03-16 15:00:00;464.9744668012365;1075.0844963913657;0.0;210.02100210021004;0.0;0.0;0.0;0.0
2030-03-16 16:00:00;528.611570360757;1075.0844963913657;0.0;210.02100210021004;0.0;0.0;0.0;0.0
2030-03-16 17:00:00;528.5566144485744;1075.0844963913657;0.0;210.02100210021004;0.0;0.0;0.0;0.0
2030-03-16 18:00:00;528.600732883464;1075.0844963913657;0.0;210.02100210021004;0.0;0.0;0.0;0.0
2030-03-16 19:00:00;528.62006662342;1075.0844963913657;0.0;210.02100210021004;0.0;0.0;0.0;0.0
2030-03-16 20:00:00;528.6681957548777;1075.0844963913657;0.0;210.02100210021004;0.0;0.0;0.0;0.0
2030-03-16 21:00:00;528.5349596108562;1075.0844963913657;0.0;210.02100210021004;0.0;0.0;0.0;0.0
2030-03-16 22:00:00;528.2360691448832;1075.0844963913657;0.0;210.02100210021004;0.0;0.0;0.0;0.0
2030-03-16 23:00:00;528.0296113468221;1075.0844963913657;0.0;210.02100210021004;0.0;0.0;0.0;0.0
2030-03-17 00:00:00;528.2811892495527;1075.0844963913657;0.0;210.02100210021004;0.0;0.0;0.0;0.0
2030-03-17 01:00:00;528.165410152545;1075.0844963913657;0.0;210.02100210021004;0.0;0.0;0.0;0.0
2030-03-17 02:00:00;527.8528219708531;1075.0844963913657;0.0;210.02100210021004;0.0;0.0;0.0;0.0
2030-03-17 03:00:00;527.7752556980139;1075.0844963913657;0.0;210.02100210021004;0.0;0.0;0.0;0.0
2030-03-17 04:00:00;527.9304948057473;1075.0844963913657;0.0;210.02100210021004;0.0;0.0;0.0;0.0
2030-03-17 05:00:00;528.3007744193922;1075.0844963913657;0.0;210.02100210021004;0.0;0.0;0.0;0.0
2030-03-17 06:00:00;528.7987749186385;1075.0844963913657;0.0;210.02100210021004;0.0;0.0;0.0;0.0
2030-03-17 07:00:00;529.2893874516669;1075.0844963913657;0.0;210.02100210021004;0.0;0.0;0.0;0.0
2030-03-17 08:00:00;529.2994928133594;1075.0844963913657;0.0;210.02100210021004;0.0;0.0;0.0;0.0
2030-03-17 09:00:00;529.7082125790442;1075.0844963913657;0.0;210.02100210021004;0.0;0.0;0.0;0.0
2030-03-17 10:00:00;466.2136911262276;1075.0844963913657;0.0;210.02100210021004;0.0;0.0;0.0;0.0
2030-03-17 11:00:00;465.8743079421051;1075.0844963913657;0.0;210.02100210021004;0.0;0.0;0.0;0.0
2030-03-17 12:00:00;465.6613310134853;1075.0844963913657;0.0;210.02100210021004;0.0;0.0;0.0;0.0
2030-03-17 13:00:00;465.6232203081851;1075.0844963913657;0.0;210.02100210021004;0.0;0.0;0.0;0.0
2030-03-17 14:00:00;465.3858409079487;1075.0844963913657;0.0;210.02100210021004;0.0;0.0;0.0;0.0
2030-03-17 15:00:00;465.4203021364671;1075.0844963913657;0.0;210.02100210021004;0.0;0.0;0.0;0.0
2030-03-17 16:00:00;465.6934137272852;1075.0844963913657;0.0;210.02100210021004;0.0;0.0;0.0;0.0
2030-03-17 17:00:00;529.800916761402;1075.0844963913657;0.0;210.02100210021004;0.0;0.0;0.0;0.0
2030-03-17 18:00:00;529.7826490592784;1075.0844963913657;0.0;210.02100210021004;0.0;0.0;0.0;0.0
2030-03-17 19:00:00;530.1303545931631;1075.0844963913657;0.0;210.02100210021004;0.0;0.0;0.0;0.0
2030-03-17 20:00:00;530.2486178123627;1075.0844963913657;0.0;210.02100210021004;0.0;0.0;0.0;0.0
2030-03-17 21:00:00;529.9512519928044;1075.0844963913657;0.0;210.02100210021004;0.0;0.0;0.0;0.0
2030-03-17 22:00:00;530.0162710403721;1075.0844963913657;0.0;210.02100210021004;0.0;0.0;0.0;0.0
2030-03-17 23:00:00;529.911057873906;1075.0844963913657;0.0;210.02100210021004;0.0;0.0;0.0;0.0
2030-03-18 00:00:00;529.7965539860013;1075.0844963913657;0.0;210.02100210021004;0.0;0.0;0.0;0.0
2030-03-18 01:00:00;529.7888060352728;1075.0844963913657;0.0;210.02100210021004;0.0;0.0;0.0;0.0
2030-03-18 02:00:00;523.1016672856517;1075.0844963913657;0.0;210.02100210021004;0.0;0.0;0.0;0.0
2030-03-18 03:00:00;530.1607389668269;1075.0844963913657;0.0;210.02100210021004;0.0;0.0;0.0;0.0
2030-03-18 04:00:00;530.3306131889223;1075.0844963913657;0.0;210.02100210021004;0.0;0.0;0.0;0.0
2030-03-18 05:00:00;530.6570277578277;1075.0844963913657;0.0;210.02100210021004;0.0;0.0;0.0;0.0
2030-03-18 06:00:00;531.352547380224;1075.0844963913657;0.0;210.02100210021004;0.0;0.0;0.0;0.0
2030-03-18 07:00:00;532.5933236350395;1075.0844963913657;0.0;210.02100210021004;0.0;0.0;0.0;0.0
2030-03-18 08:00:00;533.376269407495;1075.0844963913657;0.0;210.02100210021004;0.0;0.0;0.0;0.0
2030-03-18 09:00:00;533.7826297696438;1075.0844963913657;0.0;210.02100210021004;0.0;0.0;0.0;0.0
2030-03-18 10:00:00;469.4804518308968;1075.0844963913657;0.0;210.02100210021004;0.0;0.0;0.0;0.0
2030-03-18 11:00:00;469.4183996161152;1075.0844963913657;0.0;210.02100210021004;0.0;0.0;0.0;0.0
2030-03-18 12:00:00;469.4199866057049;1075.0844963913657;0.0;210.02100210021004;0.0;0.0;0.0;0.0
2030-03-18 13:00:00;468.5304478881976;1075.0844963913657;0.0;210.02100210021004;0.0;0.0;0.0;0.0
2030-03-18 14:00:00;468.6097453841888;1075.0844963913657;0.0;210.02100210021004;0.0;0.0;0.0;0.0
2030-03-18 15:00:00;532.7896579148072;1075.0844963913657;0.0;210.02100210021004;0.0;0.0;0.0;0.0
2030-03-18 16:00:00;533.5761940810223;1075.0844963913657;0.0;210.02100210021004;0.0;0.0;0.0;0.0
2030-03-18 17:00:00;533.3737852853031;1075.0844963913657;0.0;210.02100210021004;0.0;0.0;0.0;0.0
2030-03-18 18:00:00;533.6674581018859;1075.0844963913657;0.0;210.02100210021004;0.0;0.0;0.0;0.0
2030-03-18 19:00:00;534.0193010435664;1075.0844963913657;0.0;210.02100210021004;0.0;0.0;0.0;0.0
2030-03-18 20:00:00;534.2449276291924;1075.0844963913657;0.0;210.02100210021004;0.0;0.0;0.0;0.0
2030-03-18 21:00:00;534.1198577784409;1075.0844963913657;0.0;210.02100210021004;0.0;0.0;0.0;0.0
2030-03-18 22:00:00;534.0389505491532;1075.0844963913657;0.0;210.02100210021004;0.0;0.0;0.0;0.0
2030-03-18 23:00:00;533.9250299884867;1075.0844963913657;0.0;210.02100210021004;0.0;0.0;0.0;0.0
2030-03-19 00:00:00;533.9379754717374;1075.0844963913657;0.0;210.02100210021004;0.0;0.0;0.0;0.0
2030-03-19 01:00:00;533.5878019796897;1075.0844963913657;0.0;210.02100210021004;0.0;0.0;0.0;0.0
2030-03-19 02:00:00;533.7538785970214;1075.0844963913657;0.0;210.02100210021004;0.0;0.0;0.0;0.0
2030-03-19 03:00:00;533.9249455358715;1075.0844963913657;0.0;210.02100210021004;0.0;0.0;0.0;0.0
2030-03-19 04:00:00;534.6953239338826;1075.0844963913657;0.0;210.02100210021004;0.0;0.0;0.0;0.0
2030-03-19 05:00:00;535.158808564775;1075.0844963913657;0.0;210.02100210021004;0.0;0.0;0.0;0.0
2030-03-19 06:00:00;535.9396684730178;1075.0844963913657;0.0;210.02100210021004;0.0;0.0;0.0;0.0
2030-03-19 07:00:00;536.4574834625474;1075.0844963913657;0.0;210.02100210021004;0.0;0.0;0.0;0.0
2030-03-19 08:00:00;536.6677629350788;1075.0844963913657;0.0;210.02100210021004;0.0;0.0;0.0;0.0
2030-03-19 09:00:00;472.0332446998373;1075.0844963913657;0.0;210.02100210021004;0.0;0.0;0.0;0.0
2030-03-19 10:00:00;490.0618989507677;1075.0844963913657;0.0;210.02100210021004;0.0;0.0;0.0;0.0
2030-03-19 11:00:00;471.4269174055485;1075.0844963913657;0.0;210.02100210021004;0.0;0.0;0.0;0.0
2030-03-19 12:00:00;471.9211203323364;1075.0844963913657;0.0;210.02100210021004;0.0;0.0;0.0;0.0
2030-03-19 13:00:00;471.7137855508461;1075.0844963913657;0.0;210.02100210021004;0.0;0.0;0.0;0.0
2030-03-19 14:00:00;471.8350135779546;1075.0844963913657;0.0;210.02100210021004;0.0;0.0;0.0;0.0
2030-03-19 15:00:00;472.0613482094741;1075.0844963913657;0.0;210.02100210021004;0.0;0.0;0.0;0.0
2030-03-19 16:00:00;472.0608473745845;1075.0844963913657;0.0;210.02100210021004;0.0;0.0;0.0;0.0
2030-03-19 17:00:00;536.0201392031629;1075.0844963913657;0.0;210.02100210021004;0.0;0.0;0.0;0.0
2030-03-19 18:00:00;536.0820043561134;1075.0844963913657;0.0;210.02100210021004;0.0;0.0;0.0;0.0
2030-03-19 19:00:00;536.2414412545513;1075.0844963913657;0.0;210.02100210021004;0.0;0.0;0.0;0.0
2030-03-19 20:00:00;536.417770061671;1075.0844963913657;0.0;210.02100210021004;0.0;0.0;0.0;0.0
2030-03-19 21:00:00;536.3808363994448;1075.0844963913657;0.0;210.02100210021004;0.0;0.0;0.0;0.0
2030-03-19 22:00:00;536.2542217531055;1075.0844963913657;0.0;210.02100210021004;0.0;0.0;0.0;0.0
2030-03-19 23:00:00;536.1451044521264;1075.0844963913657;0.0;210.02100210021004;0.0;0.0;0.0;0.0
2030-03-20 00:00:00;536.3578881637173;1075.0844963913657;0.0;210.02100210021004;0.0;0.0;0.0;0.0
2030-03-20 01:00:00;535.6066805135379;1075.0844963913657;0.0;210.02100210021004;0.0;0.0;0.0;0.0
2030-03-20 02:00:00;534.8981270024368;1075.0844963913657;0.0;210.02100210021004;0.0;0.0;0.0;0.0
2030-03-20 03:00:00;534.3964516245106;1075.0844963913657;0.0;210.02100210021004;0.0;0.0;0.0;0.0
2030-03-20 04:00:00;534.3260460223227;1075.0844963913657;0.0;210.02100210021004;0.0;0.0;0.0;0.0
2030-03-20 05:00:00;534.6490533387658;1075.0844963913657;0.0;210.02100210021004;0.0;0.0;0.0;0.0
2030-03-20 06:00:00;534.9730864270006;1075.0844963913657;0.0;210.02100210021004;0.0;0.0;0.0;0.0
2030-03-20 07:00:00;536.0354440576444;1075.0844963913657;0.0;210.02100210021004;0.0;0.0;0.0;0.0
2030-03-20 08:00:00;535.9152800757962;1075.0844963913657;0.0;210.02100210021004;0.0;0.0;0.0;0.0
2030-03-20 09:00:00;494.9751055976594;1075.0844963913657;0.0;210.02100210021004;0.0;0.0;0.0;0.0
2030-03-20 10:00:00;471.8658103810542;1075.0844963913657;0.0;210.02100210021004;0.0;0.0;0.0;0.0
2030-03-20 11:00:00;471.9027460358527;1075.0844963913657;0.0;210.02100210021004;0.0;0.0;0.0;0.0
2030-03-20 12:00:00;471.6040205545762;1075.0844963913657;0.0;210.02100210021004;0.0;0.0;0.0;0.0
2030-03-20 13:00:00;471.5397297020754;1075.0844963913657;0.0;210.02100210021004;0.0;0.0;0.0;0.0
2030-03-20 14:00:00;470.9561012062024;1075.0844963913657;0.0;210.02100210021004;0.0;0.0;0.0;0.0
2030-03-20 15:00:00;471.0361997406469;1075.0844963913657;0.0;210.02100210021004;0.0;0.0;0.0;0.0
2030-03-20 16:00:00;471.5964194319434;1075.0844963913657;0.0;210.02100210021004;0.0;0.0;0.0;0.0
2030-03-20 17:00:00;472.0309476717816;1075.0844963913657;0.0;210.02100210021004;0.0;0.0;0.0;0.0
2030-03-20 18:00:00;472.4568509774621;1075.0844963913657;0.0;210.02100210021004;0.0;0.0;0.0;0.0
2030-03-20 19:00:00;495.869255383635;1075.0844963913657;0.0;210.02100210021004;0.0;0.0;0.0;0.0
2030-03-20 20:00:00;481.3203031628821;1075.0844963913657;0.0;210.02100210021004;0.0;0.0;0.0;0.0
2030-03-20 21:00:00;472.3416149416518;1075.0844963913657;0.0;210.02100210021004;0.0;0.0;0.0;0.0
2030-03-20 22:00:00;536.1940884575736;1075.0844963913657;0.0;210.02100210021004;0.0;0.0;0.0;0.0
2030-03-20 23:00:00;535.602420347353;1075.0844963913657;0.0;210.02100210021004;0.0;0.0;0.0;0.0
2030-03-21 00:00:00;471.5004145591782;1075.0844963913657;0.0;210.02100210021004;0.0;0.0;0.0;0.0
2030-03-21 01:00:00;471.8800914563164;1075.0844963913657;0.0;210.02100210021004;0.0;0.0;0.0;0.0
2030-03-21 02:00:00;471.6488489956266;1075.0844963913657;0.0;210.02100210021004;0.0;0.0;0.0;0.0
2030-03-21 03:00:00;471.541632457296;1075.0844963913657;0.0;210.02100210021004;0.0;0.0;0.0;0.0
2030-03-21 04:00:00;471.3729450388497;1075.0844963913657;0.0;210.02100210021004;0.0;0.0;0.0;0.0
2030-03-21 05:00:00;535.7704600705088;1075.0844963913657;0.0;210.02100210021004;0.0;0.0;0.0;0.0
2030-03-21 06:00:00;536.2357006608315;1075.0844963913657;0.0;210.02100210021004;0.0;0.0;0.0;0.0
2030-03-21 07:00:00;535.631901675309;1075.0844963913657;0.0;210.02100210021004;0.0;0.0;0.0;0.0
2030-03-21 08:00:00;535.3443456332906;1075.0844963913657;0.0;210.02100210021004;0.0;0.0;0.0;0.0
2030-03-21 09:00:00;471.1000039620201;1075.0844963913657;0.0;210.02100210021004;0.0;0.0;0.0;0.0
2030-03-21 10:00:00;471.145148136396;1075.0844963913657;0.0;210.02100210021004;0.0;0.0;0.0;0.0
2030-03-21 11:00:00;471.0418981080591;1075.0844963913657;0.0;210.02100210021004;0.0;0.0;0.0;0.0
2030-03-21 12:00:00;470.9686744937526;1075.0844963913657;0.0;210.02100210021004;0.0;0.0;0.0;0.0
2030-03-21 13:00:00;470.6525322315031;1075.0844963913657;0.0;210.02100210021004;0.0;0.0;0.0;0.0
2030-03-21 14:00:00;471.1881602674129;1075.0844963913657;0.0;210.02100210021004;0.0;0.0;0.0;0.0
2030-03-21 15:00:00;471.241486931393;1075.0844963913657;0.0;210.02100210021004;0.0;0.0;0.0;0.0
2030-03-21 16:00:00;471.3765575420491;1075.0844963913657;0.0;210.02100210021004;0.0;0.0;0.0;0.0
2030-03-21 17:00:00;535.6958586378834;1075.0844963913657;0.0;210.02100210021004;0.0;0.0;0.0;0.0
2030-03-21 18:00:00;535.8616818650648;1075.0844963913657;0.0;210.02100210021004;0.0;0.0;0.0;0.0
2030-03-21 19:00:00;535.756448581731;1075.0844963913657;0.0;210.02100210021004;0.0;0.0;0.0;0.0
2030-03-21 20:00:00;535.8710791808634;1075.0844963913657;0.0;210.02100210021004;0.0;0.0;0.0;0.0
2030-03-21 21:00:00;536.0261513436337;1075.0844963913657;0.0;210.02100210021004;0.0;0.0;0.0;0.0
2030-03-21 22:00:00;536.1264384920236;1075.0844963913657;0.0;210.02100210021004;0.0;0.0;0.0;0.0
2030-03-21 23:00:00;535.7342526107769;1075.0844963913657;0.0;210.02100210021004;0.0;0.0;0.0;0.0
2030-03-22 00:00:00;535.6059886316727;1075.0844963913657;0.0;210.02100210021004;0.0;0.0;0.0;0.0
2030-03-22 01:00:00;535.3943313408224;1075.0844963913657;0.0;210.02100210021004;0.0;0.0;0.0;0.0
2030-03-22 02:00:00;534.8747221506992;1075.0844963913657;0.0;210.02100210021004;0.0;0.0;0.0;0.0
2030-03-22 03:00:00;534.9054143520108;1075.0844963913657;0.0;210.02100210021004;0.0;0.0;0.0;0.0
2030-03-22 04:00:00;534.9228713990248;1075.0844963913657;0.0;210.02100210021004;0.0;0.0;0.0;0.0
2030-03-22 05:00:00;535.3425494401246;1075.0844963913657;0.0;210.02100210021004;0.0;0.0;0.0;0.0
2030-03-22 06:00:00;536.0649455347734;1075.0844963913657;0.0;210.02100210021004;0.0;0.0;0.0;0.0
2030-03-22 07:00:00;536.3071723008517;1075.0844963913657;0.0;210.02100210021004;0.0;0.0;0.0;0.0
2030-03-22 08:00:00;536.3169015463101;1075.0844963913657;0.0;210.02100210021004;0.0;0.0;0.0;0.0
2030-03-22 09:00:00;536.4141575584717;1075.0844963913657;0.0;210.02100210021004;0.0;0.0;0.0;0.0
2030-03-22 10:00:00;536.2132351356984;1075.0844963913657;0.0;210.02100210021004;0.0;0.0;0.0;0.0
2030-03-22 11:00:00;471.8908022546868;1075.0844963913657;0.0;210.02100210021004;0.0;0.0;0.0;0.0
2030-03-22 12:00:00;471.2060115872617;1075.0844963913657;0.0;210.02100210021004;0.0;0.0;0.0;0.0
2030-03-22 13:00:00;470.8983896573816;1075.0844963913657;0.0;210.02100210021004;0.0;0.0;0.0;0.0
2030-03-22 14:00:00;470.4241278997995;1075.0844963913657;0.0;210.02100210021004;0.0;0.0;0.0;0.0
2030-03-22 15:00:00;470.5572373648985;1075.0844963913657;0.0;210.02100210021004;0.0;0.0;0.0;0.0
2030-03-22 16:00:00;534.8913404877526;1075.0844963913657;0.0;210.02100210021004;0.0;0.0;0.0;0.0
2030-03-22 17:00:00;535.1656594152065;1075.0844963913657;0.0;210.02100210021004;0.0;0.0;0.0;0.0
2030-03-22 18:00:00;535.59897282885;1075.0844963913657;0.0;210.02100210021004;0.0;0.0;0.0;0.0
2030-03-22 19:00:00;535.8422435233208;1075.0844963913657;0.0;210.02100210021004;0.0;0.0;0.0;0.0
2030-03-22 20:00:00;536.021494912042;1075.0844963913657;0.0;210.02100210021004;0.0;0.0;0.0;0.0
2030-03-22 21:00:00;536.0928840597138;1075.0844963913657;0.0;210.02100210021004;0.0;0.0;0.0;0.0
2030-03-22 22:00:00;535.5677394943027;1075.0844963913657;0.0;210.02100210021004;0.0;0.0;0.0;0.0
2030-03-22 23:00:00;534.8662037785965;1075.0844963913657;0.0;210.02100210021004;0.0;0.0;0.0;0.0
2030-03-23 00:00:00;533.6694192474431;1075.0844963913657;0.0;210.02100210021004;0.0;0.0;0.0;0.0
2030-03-23 01:00:00;533.5533303302152;1075.0844963913657;0.0;210.02100210021004;0.0;0.0;0.0;0.0
2030-03-23 02:00:00;532.6372529832208;1075.0844963913657;0.0;210.02100210021004;0.0;0.0;0.0;0.0
2030-03-23 03:00:00;531.7379889730938;1075.0844963913657;0.0;210.02100210021004;0.0;0.0;0.0;0.0
2030-03-23 04:00:00;531.3839717294413;1075.0844963913657;0.0;210.02100210021004;0.0;0.0;0.0;0.0
2030-03-23 05:00:00;531.5726002847882;1075.0844963913657;0.0;210.02100210021004;0.0;0.0;0.0;0.0
2030-03-23 06:00:00;531.7718331087557;1075.0844963913657;0.0;210.02100210021004;0.0;0.0;0.0;0.0
2030-03-23 07:00:00;531.1765746047757;1075.0844963913657;0.0;210.02100210021004;0.0;0.0;0.0;0.0
2030-03-23 08:00:00;531.2283766223413;1075.0844963913657;0.0;210.02100210021004;0.0;0.0;0.0;0.0
2030-03-23 09:00:00;531.4320365251517;1075.0844963913657;0.0;210.02100210021004;0.0;0.0;0.0;0.0
2030-03-23 10:00:00;468.1694657059478;1075.0844963913657;0.0;210.02100210021004;0.0;0.0;0.0;0.0
2030-03-23 11:00:00;468.1437741156668;1075.0844963913657;0.0;210.02100210021004;0.0;0.0;0.0;0.0
2030-03-23 12:00:00;467.6662736684573;1075.0844963913657;0.0;210.02100210021004;0.0;0.0;0.0;0.0
2030-03-23 13:00:00;467.5344022760819;1075.0844963913657;0.0;210.02100210021004;0.0;0.0;0.0;0.0
2030-03-23 14:00:00;466.691191573437;1075.0844963913657;0.0;210.02100210021004;0.0;0.0;0.0;0.0
2030-03-23 15:00:00;466.4120701477192;1075.0844963913657;0.0;210.02100210021004;0.0;0.0;0.0;0.0
2030-03-23 16:00:00;466.7232924438376;1075.0844963913657;0.0;210.02100210021004;0.0;0.0;0.0;0.0
2030-03-23 17:00:00;530.9757527986462;1075.0844963913657;0.0;210.02100210021004;0.0;0.0;0.0;0.0
2030-03-23 18:00:00;531.7128704205387;1075.0844963913657;0.0;210.02100210021004;0.0;0.0;0.0;0.0
2030-03-23 19:00:00;531.7029923867178;1075.0844963913657;0.0;210.02100210021004;0.0;0.0;0.0;0.0
2030-03-23 20:00:00;531.72959335938;1075.0844963913657;0.0;210.02100210021004;0.0;0.0;0.0;0.0
2030-03-23 21:00:00;531.8719513519155;1075.0844963913657;0.0;210.02100210021004;0.0;0.0;0.0;0.0
2030-03-23 22:00:00;531.9564529278014;1075.0844963913657;0.0;210.02100210021004;0.0;0.0;0.0;0.0
2030-03-23 23:00:00;531.8228205183726;1075.0844963913657;0.0;210.02100210021004;0.0;0.0;0.0;0.0
2030-03-24 00:00:00;531.7634394553088;1075.0844963913657;0.0;210.02100210021004;0.0;0.0;0.0;0.0
2030-03-24 01:00:00;531.2653986900217;1075.0844963913657;0.0;210.02100210021004;0.0;0.0;0.0;0.0
2030-03-24 02:00:00;529.7822306844315;1075.0844963913657;0.0;210.02100210021004;0.0;0.0;0.0;0.0
2030-03-24 03:00:00;529.2319876833329;1075.0844963913657;0.0;210.02100210021004;0.0;0.0;0.0;0.0
2030-03-24 04:00:00;529.0194755184932;1075.0844963913657;0.0;210.02100210021004;0.0;0.0;0.0;0.0
2030-03-24 05:00:00;529.0225449281901;1075.0844963913657;0.0;210.02100210021004;0.0;0.0;0.0;0.0
2030-03-24 06:00:00;529.2837916934706;1075.0844963913657;0.0;210.02100210021004;0.0;0.0;0.0;0.0
2030-03-24 07:00:00;529.5285005891687;1075.0844963913657;0.0;210.02100210021004;0.0;0.0;0.0;0.0
2030-03-24 08:00:00;529.6884786208424;1075.0844963913657;0.0;210.02100210021004;0.0;0.0;0.0;0.0
2030-03-24 09:00:00;529.6801090694073;1075.0844963913657;0.0;210.02100210021004;0.0;0.0;0.0;0.0
2030-03-24 10:00:00;529.5345751051203;1075.0844963913657;0.0;210.02100210021004;0.0;0.0;0.0;0.0
2030-03-24 11:00:00;465.9497304622657;1075.0844963913657;0.0;210.02100210021004;0.0;0.0;0.0;0.0
2030-03-24 12:00:00;465.8340910710997;1075.0844963913657;0.0;210.02100210021004;0.0;0.0;0.0;0.0
2030-03-24 13:00:00;465.5745243045569;1075.0844963913657;0.0;210.02100210021004;0.0;0.0;0.0;0.0
2030-03-24 14:00:00;465.218128385386;1075.0844963913657;0.0;210.02100210021004;0.0;0.0;0.0;0.0
2030-03-24 15:00:00;465.1871713808425;1075.0844963913657;0.0;210.02100210021004;0.0;0.0;0.0;0.0
2030-03-24 16:00:00;528.8577415596944;1075.0844963913657;0.0;210.02100210021004;0.0;0.0;0.0;0.0
2030-03-24 17:00:00;529.1497026357265;1075.0844963913657;0.0;210.02100210021004;0.0;0.0;0.0;0.0
2030-03-24 18:00:00;529.5609688667786;1075.0844963913657;0.0;210.02100210021004;0.0;0.0;0.0;0.0
2030-03-24 19:00:00;529.9400786330127;1075.0844963913657;0.0;210.02100210021004;0.0;0.0;0.0;0.0
2030-03-24 20:00:00;530.1521965250175;1075.0844963913657;0.0;210.02100210021004;0.0;0.0;0.0;0.0
2030-03-24 21:00:00;530.1271423082096;1075.0844963913657;0.0;210.02100210021004;0.0;0.0;0.0;0.0
2030-03-24 22:00:00;529.6290150977356;1075.0844963913657;0.0;210.02100210021004;0.0;0.0;0.0;0.0
2030-03-24 23:00:00;529.255454910551;1075.0844963913657;0.0;210.02100210021004;0.0;0.0;0.0;0.0
2030-03-25 00:00:00;529.0847037373318;1075.0844963913657;0.0;210.02100210021004;0.0;0.0;0.0;0.0
2030-03-25 01:00:00;528.6207987390204;1075.0844963913657;0.0;210.02100210021004;0.0;0.0;0.0;0.0
2030-03-25 02:00:00;528.4518599229958;1075.0844963913657;0.0;210.02100210021004;0.0;0.0;0.0;0.0
2030-03-25 03:00:00;528.6515935818531;1075.0844963913657;0.0;210.02100210021004;0.0;0.0;0.0;0.0
2030-03-25 04:00:00;529.0203082830427;1075.0844963913657;0.0;210.02100210021004;0.0;0.0;0.0;0.0
2030-03-25 05:00:00;529.0191195191269;1075.0844963913657;0.0;210.02100210021004;0.0;0.0;0.0;0.0
2030-03-25 06:00:00;529.5758131524111;1075.0844963913657;0.0;210.02100210021004;0.0;0.0;0.0;0.0
2030-03-25 07:00:00;530.7191423480898;1075.0844963913657;0.0;210.02100210021004;0.0;0.0;0.0;0.0
2030-03-25 08:00:00;531.5232823894144;1075.0844963913657;0.0;210.02100210021004;0.0;0.0;0.0;0.0
2030-03-25 09:00:00;531.7844024434672;1075.0844963913657;0.0;210.02100210021004;0.0;0.0;0.0;0.0
2030-03-25 10:00:00;531.5451022118291;1075.0844963913657;0.0;210.02100210021004;0.0;0.0;0.0;0.0
2030-03-25 11:00:00;467.573693160441;1075.0844963913657;0.0;210.02100210021004;0.0;0.0;0.0;0.0
2030-03-25 12:00:00;467.7662983828448;1075.0844963913657;0.0;210.02100210021004;0.0;0.0;0.0;0.0
2030-03-25 13:00:00;467.8798860781086;1075.0844963913657;0.0;210.02100210021004;0.0;0.0;0.0;0.0
2030-03-25 14:00:00;467.4978893516612;1075.0844963913657;0.0;210.02100210021004;0.0;0.0;0.0;0.0
2030-03-25 15:00:00;531.6335482205742;1075.0844963913657;0.0;210.02100210021004;0.0;0.0;0.0;0.0
2030-03-25 16:00:00;531.8266019268023;1075.0844963913657;0.0;210.02100210021004;0.0;0.0;0.0;0.0
2030-03-25 17:00:00;532.2609612291051;1075.0844963913657;0.0;210.02100210021004;0.0;0.0;0.0;0.0
2030-03-25 18:00:00;532.440234727266;1075.0844963913657;0.0;210.02100210021004;0.0;0.0;0.0;0.0
2030-03-25 19:00:00;533.0635122882679;1075.0844963913657;0.0;210.02100210021004;0.0;0.0;0.0;0.0
2030-03-25 20:00:00;533.1403926246531;1075.0844963913657;0.0;210.02100210021004;0.0;0.0;0.0;0.0
2030-03-25 21:00:00;533.1812766328445;1075.0844963913657;0.0;210.02100210021004;0.0;0.0;0.0;0.0
2030-03-25 22:00:00;532.4521986252995;1075.0844963913657;0.0;210.02100210021004;0.0;0.0;0.0;0.0
2030-03-25 23:00:00;531.7021375127284;1075.0844963913657;0.0;210.02100210021004;0.0;0.0;0.0;0.0
2030-03-26 00:00:00;531.5666284103579;1075.0844963913657;0.0;210.02100210021004;0.0;0.0;0.0;0.0
2030-03-26 01:00:00;531.5284175464562;1075.0844963913657;0.0;210.02100210021004;0.0;0.0;0.0;0.0
2030-03-26 02:00:00;531.5562092756064;1075.0844963913657;0.0;210.02100210021004;0.0;0.0;0.0;0.0
2030-03-26 03:00:00;531.5187084501707;1075.0844963913657;0.0;210.02100210021004;0.0;0.0;0.0;0.0
2030-03-26 04:00:00;531.8900742185156;1075.0844963913657;0.0;210.02100210021004;0.0;0.0;0.0;0.0
2030-03-26 05:00:00;532.0949872532944;1075.0844963913657;0.0;210.02100210021004;0.0;0.0;0.0;0.0
2030-03-26 06:00:00;532.6984925826259;1075.0844963913657;0.0;210.02100210021004;0.0;0.0;0.0;0.0
2030-03-26 07:00:00;533.6906135163119;1075.0844963913657;0.0;210.02100210021004;0.0;0.0;0.0;0.0
2030-03-26 08:00:00;534.4944800506186;1075.0844963913657;0.0;210.02100210021004;0.0;0.0;0.0;0.0
2030-03-26 09:00:00;534.3906668119113;1075.0844963913657;0.0;210.02100210021004;0.0;0.0;0.0;0.0
2030-03-26 10:00:00;533.9949769820922;1075.0844963913657;0.0;210.02100210021004;0.0;0.0;0.0;0.0
2030-03-26 11:00:00;469.8613597505637;1075.0844963913657;0.0;210.02100210021004;0.0;0.0;0.0;0.0
2030-03-26 12:00:00;469.896646040292;1075.0844963913657;0.0;210.02100210021004;0.0;0.0;0.0;0.0
2030-03-26 13:00:00;469.4101488379249;1075.0844963913657;0.0;210.02100210021004;0.0;0.0;0.0;0.0
2030-03-26 14:00:00;469.8454916857117;1075.0844963913657;0.0;210.02100210021004;0.0;0.0;0.0;0.0
2030-03-26 15:00:00;469.7538736580539;1075.0844963913657;0.0;210.02100210021004;0.0;0.0;0.0;0.0
2030-03-26 16:00:00;534.4164531766248;1075.0844963913657;0.0;210.02100210021004;0.0;0.0;0.0;0.0
2030-03-26 17:00:00;534.5617538676291;1075.0844963913657;0.0;210.02100210021004;0.0;0.0;0.0;0.0
2030-03-26 18:00:00;534.7572494697416;1075.0844963913657;0.0;210.02100210021004;0.0;0.0;0.0;0.0
2030-03-26 19:00:00;534.7316138859625;1075.0844963913657;0.0;210.02100210021004;0.0;0.0;0.0;0.0
2030-03-26 20:00:00;534.635731739281;1075.0844963913657;0.0;210.02100210021004;0.0;0.0;0.0;0.0
2030-03-26 21:00:00;534.5605228774058;1075.0844963913657;0.0;210.02100210021004;0.0;0.0;0.0;0.0
2030-03-26 22:00:00;534.674274500537;1075.0844963913657;0.0;210.02100210021004;0.0;0.0;0.0;0.0
2030-03-26 23:00:00;534.597168828852;1075.0844963913657;0.0;210.02100210021004;0.0;0.0;0.0;0.0
2030-03-27 00:00:00;534.5704210280943;1075.0844963913657;0.0;210.02100210021004;0.0;0.0;0.0;0.0
2030-03-27 01:00:00;534.2586454940844;1075.0844963913657;0.0;210.02100210021004;0.0;0.0;0.0;0.0
2030-03-27 02:00:00;534.1152637223294;1075.0844963913657;0.0;210.02100210021004;0.0;0.0;0.0;0.0
2030-03-27 03:00:00;533.9959384181363;1075.0844963913657;0.0;210.02100210021004;0.0;0.0;0.0;0.0
2030-03-27 04:00:00;533.9586467639716;1075.0844963913657;0.0;210.02100210021004;0.0;0.0;0.0;0.0
2030-03-27 05:00:00;534.2364072968228;1075.0844963913657;0.0;210.02100210021004;0.0;0.0;0.0;0.0
2030-03-27 06:00:00;535.2130564310639;1075.0844963913657;0.0;210.02100210021004;0.0;0.0;0.0;0.0
2030-03-27 07:00:00;535.7653651795076;1075.0844963913657;0.0;210.02100210021004;0.0;0.0;0.0;0.0
2030-03-27 08:00:00;536.3062953174225;1075.0844963913657;0.0;210.02100210021004;0.0;0.0;0.0;0.0
2030-03-27 09:00:00;536.0830080184651;1075.0844963913657;0.0;210.02100210021004;0.0;0.0;0.0;0.0
2030-03-27 10:00:00;535.5764670376761;1075.0844963913657;0.0;210.02100210021004;0.0;0.0;0.0;0.0
2030-03-27 11:00:00;471.491938413383;1075.0844963913657;0.0;210.02100210021004;0.0;0.0;0.0;0.0
2030-03-27 12:00:00;471.5308573231783;1075.0844963913657;0.0;210.02100210021004;0.0;0.0;0.0;0.0
2030-03-27 13:00:00;471.5859379540168;1075.0844963913657;0.0;210.02100210021004;0.0;0.0;0.0;0.0
2030-03-27 14:00:00;471.5882570915122;1075.0844963913657;0.0;210.02100210021004;0.0;0.0;0.0;0.0
2030-03-27 15:00:00;471.0512492447114;1075.0844963913657;0.0;210.02100210021004;0.0;0.0;0.0;0.0
2030-03-27 16:00:00;535.3907188376231;1075.0844963913657;0.0;210.02100210021004;0.0;0.0;0.0;0.0
2030-03-27 17:00:00;536.1446860772795;1075.0844963913657;0.0;210.02100210021004;0.0;0.0;0.0;0.0
2030-03-27 18:00:00;536.3450673991224;1075.0844963913657;0.0;210.02100210021004;0.0;0.0;0.0;0.0
2030-03-27 19:00:00;536.4141796679115;1075.0844963913657;0.0;210.02100210021004;0.0;0.0;0.0;0.0
2030-03-27 20:00:00;536.6707257827206;1075.0844963913657;0.0;210.02100210021004;0.0;0.0;0.0;0.0
2030-03-27 21:00:00;536.6120989770022;1075.0844963913657;0.0;210.02100210021004;0.0;0.0;0.0;0.0
2030-03-27 22:00:00;536.3148559158327;1075.0844963913657;0.0;210.02100210021004;0.0;0.0;0.0;0.0
2030-03-27 23:00:00;536.1883218015751;1075.0844963913657;0.0;210.02100210021004;0.0;0.0;0.0;0.0
2030-03-28 00:00:00;536.0825051910033;1075.0844963913657;0.0;210.02100210021004;0.0;0.0;0.0;0.0
2030-03-28 01:00:00;535.8551487405308;1075.0844963913657;0.0;210.02100210021004;0.0;0.0;0.0;0.0
2030-03-28 02:00:00;535.5681558765775;1075.0844963913657;0.0;210.02100210021004;0.0;0.0;0.0;0.0
2030-03-28 03:00:00;535.0307537569417;1075.0844963913657;0.0;210.02100210021004;0.0;0.0;0.0;0.0
2030-03-28 04:00:00;535.1562419825401;1075.0844963913657;0.0;210.02100210021004;0.0;0.0;0.0;0.0
2030-03-28 05:00:00;534.9077516461073;1075.0844963913657;0.0;210.02100210021004;0.0;0.0;0.0;0.0
2030-03-28 06:00:00;535.3011444478706;1075.0844963913657;0.0;210.02100210021004;0.0;0.0;0.0;0.0
2030-03-28 07:00:00;535.9287887371121;1075.0844963913657;0.0;210.02100210021004;0.0;0.0;0.0;0.0
2030-03-28 08:00:00;536.1965504703256;1075.0844963913657;0.0;210.02100210021004;0.0;0.0;0.0;0.0
2030-03-28 09:00:00;535.8726642101865;1075.0844963913657;0.0;210.02100210021004;0.0;0.0;0.0;0.0
2030-03-28 10:00:00;535.8506995199431;1075.0844963913657;0.0;210.02100210021004;0.0;0.0;0.0;0.0
2030-03-28 11:00:00;471.5590895043099;1075.0844963913657;0.0;210.02100210021004;0.0;0.0;0.0;0.0
2030-03-28 12:00:00;471.7590323344381;1075.0844963913657;0.0;210.02100210021004;0.0;0.0;0.0;0.0
2030-03-28 13:00:00;471.441848104063;1075.0844963913657;0.0;210.02100210021004;0.0;0.0;0.0;0.0
2030-03-28 14:00:00;471.1671530603749;1075.0844963913657;0.0;210.02100210021004;0.0;0.0;0.0;0.0
2030-03-28 15:00:00;471.4913128598374;1075.0844963913657;0.0;210.02100210021004;0.0;0.0;0.0;0.0
2030-03-28 16:00:00;471.8582917507696;1075.0844963913657;0.0;210.02100210021004;0.0;0.0;0.0;0.0
2030-03-28 17:00:00;536.5341968216642;1075.0844963913657;0.0;210.02100210021004;0.0;0.0;0.0;0.0
2030-03-28 18:00:00;536.3305349262818;1075.0844963913657;0.0;210.02100210021004;0.0;0.0;0.0;0.0
2030-03-28 19:00:00;536.4171464683923;1075.0844963913657;0.0;210.02100210021004;0.0;0.0;0.0;0.0
2030-03-28 20:00:00;536.5364295139726;1075.0844963913657;0.0;210.02100210021004;0.0;0.0;0.0;0.0
2030-03-28 21:00:00;536.5295384298056;1075.0844963913657;0.0;210.02100210021004;0.0;0.0;0.0;0.0
2030-03-28 22:00:00;536.3457150944129;1075.0844963913657;0.0;210.02100210021004;0.0;0.0;0.0;0.0
2030-03-28 23:00:00;536.2383315788137;1075.0844963913657;0.0;210.02100210021004;0.0;0.0;0.0;0.0
2030-03-29 00:00:00;535.9880269249194;1075.0844963913657;0.0;210.02100210021004;0.0;0.0;0.0;0.0
2030-03-29 01:00:00;535.701034060966;1075.0844963913657;0.0;210.02100210021004;0.0;0.0;0.0;0.0
2030-03-29 02:00:00;535.3388765540169;1075.0844963913657;0.0;210.02100210021004;0.0;0.0;0.0;0.0
2030-03-29 03:00:00;534.8343389773977;1075.0844963913657;0.0;210.02100210021004;0.0;0.0;0.0;0.0
2030-03-29 04:00:00;535.0876124243451;1075.0844963913657;0.0;210.02100210021004;0.0;0.0;0.0;0.0
2030-03-29 05:00:00;535.2341038718373;1075.0844963913657;0.0;210.02100210021004;0.0;0.0;0.0;0.0
2030-03-29 06:00:00;535.4457370929811;1075.0844963913657;0.0;210.02100210021004;0.0;0.0;0.0;0.0
2030-03-29 07:00:00;535.9795267094177;1075.0844963913657;0.0;210.02100210021004;0.0;0.0;0.0;0.0
2030-03-29 08:00:00;536.287317576833;1075.0844963913657;0.0;210.02100210021004;0.0;0.0;0.0;0.0
2030-03-29 09:00:00;535.8905798657827;1075.0844963913657;0.0;210.02100210021004;0.0;0.0;0.0;0.0
2030-03-29 10:00:00;471.3790013982003;1075.0844963913657;0.0;210.02100210021004;0.0;0.0;0.0;0.0
2030-03-29 11:00:00;471.1228917825337;1075.0844963913657;0.0;210.02100210021004;0.0;0.0;0.0;0.0
2030-03-29 12:00:00;470.4529454007412;1075.0844963913657;0.0;210.02100210021004;0.0;0.0;0.0;0.0
2030-03-29 13:00:00;470.12983348251;1075.0844963913657;0.0;210.02100210021004;0.0;0.0;0.0;0.0
2030-03-29 14:00:00;469.9629825232702;1075.0844963913657;0.0;210.02100210021004;0.0;0.0;0.0;0.0
2030-03-29 15:00:00;470.0466674986355;1075.0844963913657;0.0;210.02100210021004;0.0;0.0;0.0;0.0
2030-03-29 16:00:00;470.4793774358681;1075.0844963913657;0.0;210.02100210021004;0.0;0.0;0.0;0.0
2030-03-29 17:00:00;470.6366239006104;1075.0844963913657;0.0;210.02100210021004;0.0;0.0;0.0;0.0
2030-03-29 18:00:00;535.2075028991751;1075.0844963913657;0.0;210.02100210021004;0.0;0.0;0.0;0.0
2030-03-29 19:00:00;535.2675517420922;1075.0844963913657;0.0;210.02100210021004;0.0;0.0;0.0;0.0
2030-03-29 20:00:00;535.0460384945557;1075.0844963913657;0.0;210.02100210021004;0.0;0.0;0.0;0.0
2030-03-29 21:00:00;535.0899054995618;1075.0844963913657;0.0;210.02100210021004;0.0;0.0;0.0;0.0
2030-03-29 22:00:00;535.2176927134828;1075.0844963913657;0.0;210.02100210021004;0.0;0.0;0.0;0.0
2030-03-29 23:00:00;534.1732247084617;1075.0844963913657;0.0;210.02100210021004;0.0;0.0;0.0;0.0
2030-03-30 00:00:00;533.9580815933344;1075.0844963913657;0.0;210.02100210021004;0.0;0.0;0.0;0.0
2030-03-30 01:00:00;532.7898027503306;1075.0844963913657;0.0;210.02100210021004;0.0;0.0;0.0;0.0
2030-03-30 02:00:00;531.842886373929;1075.0844963913657;0.0;210.02100210021004;0.0;0.0;0.0;0.0
2030-03-30 03:00:00;531.2629307641639;1075.0844963913657;0.0;210.02100210021004;0.0;0.0;0.0;0.0
2030-03-30 04:00:00;509.6832331771769;1075.0844963913657;0.0;210.02100210021004;0.0;0.0;0.0;0.0
2030-03-30 05:00:00;467.3238583319836;1075.0844963913657;0.0;210.02100210021004;0.0;0.0;0.0;0.0
2030-03-30 06:00:00;467.4386806761088;1075.0844963913657;0.0;210.02100210021004;0.0;0.0;0.0;0.0
2030-03-30 07:00:00;467.5326229291931;1075.0844963913657;0.0;210.02100210021004;0.0;0.0;0.0;0.0
2030-03-30 08:00:00;467.5555365595357;1075.0844963913657;0.0;210.02100210021004;0.0;0.0;0.0;0.0
2030-03-30 09:00:00;467.5260320830644;1075.0844963913657;0.0;210.02100210021004;0.0;0.0;0.0;0.0
2030-03-30 10:00:00;467.1378802689102;1075.0844963913657;0.0;210.02100210021004;0.0;0.0;0.0;0.0
2030-03-30 11:00:00;466.7718250380577;1075.0844963913657;0.0;210.02100210021004;0.0;0.0;0.0;0.0
2030-03-30 12:00:00;466.6299493585834;1075.0844963913657;0.0;210.02100210021004;0.0;0.0;0.0;0.0
2030-03-30 13:00:00;466.5924559777139;1075.0844963913657;0.0;210.02100210021004;0.0;0.0;0.0;0.0
2030-03-30 14:00:00;466.4108536554586;1075.0844963913657;0.0;210.02100210021004;0.0;0.0;0.0;0.0
2030-03-30 15:00:00;466.5126577167349;1075.0844963913657;0.0;210.02100210021004;0.0;0.0;0.0;0.0
2030-03-30 16:00:00;466.5470463188495;1075.0844963913657;0.0;210.02100210021004;0.0;0.0;0.0;0.0
2030-03-30 17:00:00;466.9531186980973;1075.0844963913657;0.0;210.02100210021004;0.0;0.0;0.0;0.0
2030-03-30 18:00:00;467.3883505783993;1075.0844963913657;0.0;210.02100210021004;0.0;0.0;0.0;0.0
2030-03-30 19:00:00;467.4579992994721;1075.0844963913657;0.0;210.02100210021004;0.0;0.0;0.0;0.0
2030-03-30 20:00:00;467.61358321263;1075.0844963913657;0.0;210.02100210021004;0.0;0.0;0.0;0.0
2030-03-30 21:00:00;467.5370349832132;1075.0844963913657;0.0;210.02100210021004;0.0;0.0;0.0;0.0
2030-03-30 22:00:00;467.3081528722004;1075.0844963913657;0.0;210.02100210021004;0.0;0.0;0.0;0.0
2030-03-30 23:00:00;467.4192167999384;1075.0844963913657;0.0;210.02100210021004;0.0;0.0;0.0;0.0
2030-03-31 00:00:00;467.3128191186331;1075.0844963913657;0.0;210.02100210021004;0.0;0.0;0.0;0.0
2030-03-31 01:00:00;466.53181293069;1075.0844963913657;0.0;210.02100210021004;0.0;0.0;0.0;0.0
2030-03-31 02:00:00;465.5430952283898;1075.0844963913657;0.0;210.02100210021004;0.0;0.0;0.0;0.0
2030-03-31 03:00:00;464.8321735199414;1075.0844963913657;0.0;210.02100210021004;0.0;0.0;0.0;0.0
2030-03-31 04:00:00;464.8623134774443;1075.0844963913657;0.0;210.02100210021004;0.0;0.0;0.0;0.0
2030-03-31 05:00:00;464.8235672911122;1075.0844963913657;0.0;210.02100210021004;0.0;0.0;0.0;0.0
2030-03-31 06:00:00;464.9251171599757;1075.0844963913657;0.0;210.02100210021004;0.0;0.0;0.0;0.0
2030-03-31 07:00:00;464.9847615939498;1075.0844963913657;0.0;210.02100210021004;0.0;0.0;0.0;0.0
2030-03-31 08:00:00;465.1062655672083;1075.0844963913657;0.0;210.02100210021004;0.0;0.0;0.0;0.0
2030-03-31 09:00:00;465.1664728558104;1075.0844963913657;0.0;210.02100210021004;0.0;0.0;0.0;0.0
2030-03-31 10:00:00;465.0354366670766;1075.0844963913657;0.0;210.02100210021004;0.0;0.0;0.0;0.0
2030-03-31 11:00:00;464.7733098198062;1075.0844963913657;0.0;210.02100210021004;0.0;0.0;0.0;0.0
2030-03-31 12:00:00;464.3943634023109;1075.0844963913657;0.0;210.02100210021004;0.0;0.0;0.0;0.0
2030-03-31 13:00:00;464.1956757186039;1075.0844963913657;0.0;210.02100210021004;0.0;0.0;0.0;0.0
2030-03-31 14:00:00;463.9916863074324;1075.0844963913657;0.0;210.02100210021004;0.0;0.0;0.0;0.0
2030-03-31 15:00:00;463.5913514140707;1075.0844963913657;0.0;210.02100210021004;0.0;0.0;0.0;0.0
2030-03-31 16:00:00;463.7643111942949;1075.0844963913657;0.0;210.02100210021004;0.0;0.0;0.0;0.0
2030-03-31 17:00:00;463.8095756003519;1075.0844963913657;0.0;210.02100210021004;0.0;0.0;0.0;0.0
2030-03-31 18:00:00;464.2318255110063;1075.0844963913657;0.0;210.02100210021004;0.0;0.0;0.0;0.0
2030-03-31 19:00:00;464.7410273833966;1075.0844963913657;0.0;210.02100210021004;0.0;0.0;0.0;0.0
2030-03-31 20:00:00;464.8049386185834;1075.0844963913657;0.0;210.02100210021004;0.0;0.0;0.0;0.0
2030-03-31 21:00:00;464.860606756959;1075.0844963913657;0.0;210.02100210021004;0.0;0.0;0.0;0.0
2030-03-31 22:00:00;464.8429222276773;1075.0844963913657;0.0;210.02100210021004;0.0;0.0;0.0;0.0
2030-03-31 23:00:00;464.941367317786;1075.0844963913657;0.0;210.02100210021004;0.0;0.0;0.0;0.0
2030-04-01 00:00:00;528.5668887478023;1075.0844963913657;0.0;210.02100210021004;0.0;0.0;0.0;0.0
2030-04-01 01:00:00;464.6796943855384;1075.0844963913657;0.0;210.02100210021004;0.0;0.0;0.0;0.0
2030-04-01 02:00:00;464.9122441299339;1075.0844963913657;0.0;210.02100210021004;0.0;0.0;0.0;0.0
2030-04-01 03:00:00;465.555913788629;1075.0844963913657;0.0;210.02100210021004;0.0;0.0;0.0;0.0
2030-04-01 04:00:00;465.8987830401254;1075.0844963913657;0.0;210.02100210021004;0.0;0.0;0.0;0.0
2030-04-01 05:00:00;467.2019549135051;1075.0844963913657;0.0;210.02100210021004;0.0;0.0;0.0;0.0
2030-04-01 06:00:00;469.00741099433;1075.0844963913657;0.0;210.02100210021004;0.0;0.0;0.0;0.0
2030-04-01 07:00:00;469.5096811227123;1075.0844963913657;0.0;210.02100210021004;0.0;0.0;0.0;0.0
2030-04-01 08:00:00;469.3528727902643;1075.0844963913657;0.0;210.02100210021004;0.0;0.0;0.0;0.0
2030-04-01 09:00:00;468.962206135248;1075.0844963913657;0.0;210.02100210021004;0.0;0.0;0.0;0.0
2030-04-01 10:00:00;468.5135696063057;1075.0844963913657;0.0;210.02100210021004;0.0;0.0;0.0;0.0
2030-04-01 11:00:00;468.3701687723554;1075.0844963913657;0.0;210.02100210021004;0.0;0.0;0.0;0.0
2030-04-01 12:00:00;467.8740033394153;1075.0844963913657;0.0;210.02100210021004;0.0;0.0;0.0;0.0
2030-04-01 13:00:00;467.3392188163494;1075.0844963913657;0.0;210.02100210021004;0.0;0.0;0.0;0.0
2030-04-01 14:00:00;467.1627366555496;1075.0844963913657;0.0;210.02100210021004;0.0;0.0;0.0;0.0
2030-04-01 15:00:00;467.2244146288249;1075.0844963913657;0.0;210.02100210021004;0.0;0.0;0.0;0.0
2030-04-01 16:00:00;467.1768261778521;1075.0844963913657;0.0;210.02100210021004;0.0;0.0;0.0;0.0
2030-04-01 17:00:00;467.4500648648765;1075.0844963913657;0.0;210.02100210021004;0.0;0.0;0.0;0.0
2030-04-01 18:00:00;467.7128271931785;1075.0844963913657;0.0;210.02100210021004;0.0;0.0;0.0;0.0
2030-04-01 19:00:00;467.7435118487086;1075.0844963913657;0.0;210.02100210021004;0.0;0.0;0.0;0.0
2030-04-01 20:00:00;467.8007051415605;1075.0844963913657;0.0;210.02100210021004;0.0;0.0;0.0;0.0
2030-04-01 21:00:00;467.8244721321454;1075.0844963913657;0.0;210.02100210021004;0.0;0.0;0.0;0.0
2030-04-01 22:00:00;467.6881160593464;1075.0844963913657;0.0;210.02100210021004;0.0;0.0;0.0;0.0
2030-04-01 23:00:00;467.6311043325038;1075.0844963913657;0.0;210.02100210021004;0.0;0.0;0.0;0.0
2030-04-02 00:00:00;466.9559874410405;1075.0844963913657;0.0;210.02100210021004;0.0;0.0;0.0;0.0
2030-04-02 01:00:00;466.5419987837978;1075.0844963913657;0.0;210.02100210021004;0.0;0.0;0.0;0.0
2030-04-02 02:00:00;466.5328841701435;1075.0844963913657;0.0;210.02100210021004;0.0;0.0;0.0;0.0
2030-04-02 03:00:00;466.312571974758;1075.0844963913657;0.0;210.02100210021004;0.0;0.0;0.0;0.0
2030-04-02 04:00:00;499.9086378421069;1075.0844963913657;0.0;210.02100210021004;0.0;0.0;0.0;0.0
2030-04-02 05:00:00;493.7401430199028;1075.0844963913657;0.0;210.02100210021004;0.0;0.0;0.0;0.0
2030-04-02 06:00:00;500.918350502488;1075.0844963913657;0.0;210.02100210021004;0.0;0.0;0.0;0.0
2030-04-02 07:00:00;469.2023353309846;1075.0844963913657;0.0;210.02100210021004;0.0;0.0;0.0;0.0
2030-04-02 08:00:00;469.1147019699212;1075.0844963913657;0.0;210.02100210021004;0.0;0.0;0.0;0.0
2030-04-02 09:00:00;468.9989469426202;1075.0844963913657;0.0;210.02100210021004;0.0;0.0;0.0;0.0
2030-04-02 10:00:00;468.5680533154211;1075.0844963913657;0.0;210.02100210021004;0.0;0.0;0.0;0.0
2030-04-02 11:00:00;468.4459362679335;1075.0844963913657;0.0;210.02100210021004;0.0;0.0;0.0;0.0
2030-04-02 12:00:00;468.3910851765984;1075.0844963913657;0.0;210.02100210021004;0.0;0.0;0.0;0.0
2030-04-02 13:00:00;468.3209099140993;1075.0844963913657;0.0;210.02100210021004;0.0;0.0;0.0;0.0
2030-04-02 14:00:00;468.3111235062113;1075.0844963913657;0.0;210.02100210021004;0.0;0.0;0.0;0.0
2030-04-02 15:00:00;468.1238744810745;1075.0844963913657;0.0;210.02100210021004;0.0;0.0;0.0;0.0
2030-04-02 16:00:00;468.1560479778788;1075.0844963913657;0.0;210.02100210021004;0.0;0.0;0.0;0.0
2030-04-02 17:00:00;468.5010052384794;1075.0844963913657;0.0;210.02100210021004;0.0;0.0;0.0;0.0
2030-04-02 18:00:00;468.8627573549172;1075.0844963913657;0.0;210.02100210021004;0.0;0.0;0.0;0.0
2030-04-02 19:00:00;468.8044565094102;1075.0844963913657;0.0;210.02100210021004;0.0;0.0;0.0;0.0
2030-04-02 20:00:00;468.806362432586;1075.0844963913657;0.0;210.02100210021004;0.0;0.0;0.0;0.0
2030-04-02 21:00:00;468.7512699494075;1075.0844963913657;0.0;210.02100210021004;0.0;0.0;0.0;0.0
2030-04-02 22:00:00;467.5524317807808;1075.0844963913657;0.0;210.02100210021004;0.0;0.0;0.0;0.0
2030-04-02 23:00:00;466.996966889284;1075.0844963913657;0.0;210.02100210021004;0.0;0.0;0.0;0.0
2030-04-03 00:00:00;466.6345066654106;1075.0844963913657;0.0;210.02100210021004;0.0;0.0;0.0;0.0
2030-04-03 01:00:00;530.5830921447886;1075.0844963913657;0.0;210.02100210021004;0.0;0.0;0.0;0.0
2030-04-03 02:00:00;530.5971861259146;1075.0844963913657;0.0;210.02100210021004;0.0;0.0;0.0;0.0
2030-04-03 03:00:00;530.7328199469409;1075.0844963913657;0.0;210.02100210021004;0.0;0.0;0.0;0.0
2030-04-03 04:00:00;531.1062092363233;1075.0844963913657;0.0;210.02100210021004;0.0;0.0;0.0;0.0
2030-04-03 05:00:00;532.1226139977483;1075.0844963913657;0.0;210.02100210021004;0.0;0.0;0.0;0.0
2030-04-03 06:00:00;533.5195264605941;1075.0844963913657;0.0;210.02100210021004;0.0;0.0;0.0;0.0
2030-04-03 07:00:00;533.9766228347813;1075.0844963913657;0.0;210.02100210021004;0.0;0.0;0.0;0.0
2030-04-03 08:00:00;534.0436452542137;1075.0844963913657;0.0;210.02100210021004;0.0;0.0;0.0;0.0
2030-04-03 09:00:00;534.0209725180765;1075.0844963913657;0.0;210.02100210021004;0.0;0.0;0.0;0.0
2030-04-03 10:00:00;533.891372946961;1075.0844963913657;0.0;210.02100210021004;0.0;0.0;0.0;0.0
2030-04-03 11:00:00;533.6331533650696;1075.0844963913657;0.0;210.02100210021004;0.0;0.0;0.0;0.0
2030-04-03 12:00:00;533.8012353468381;1075.0844963913657;0.0;210.02100210021004;0.0;0.0;0.0;0.0
2030-04-03 13:00:00;533.8712226064845;1075.0844963913657;0.0;210.02100210021004;0.0;0.0;0.0;0.0
2030-04-03 14:00:00;533.7753424200697;1075.0844963913657;0.0;210.02100210021004;0.0;0.0;0.0;0.0
2030-04-03 15:00:00;533.5248909380797;1075.0844963913657;0.0;210.02100210021004;0.0;0.0;0.0;0.0
2030-04-03 16:00:00;533.5481509542939;1075.0844963913657;0.0;210.02100210021004;0.0;0.0;0.0;0.0
2030-04-03 17:00:00;533.7415184335808;1075.0844963913657;0.0;210.02100210021004;0.0;0.0;0.0;0.0
2030-04-03 18:00:00;533.70934181959;1075.0844963913657;0.0;210.02100210021004;0.0;0.0;0.0;0.0
2030-04-03 19:00:00;534.0276303612661;1075.0844963913657;0.0;210.02100210021004;0.0;0.0;0.0;0.0
2030-04-03 20:00:00;534.1672970206056;1075.0844963913657;0.0;210.02100210021004;0.0;0.0;0.0;0.0
2030-04-03 21:00:00;534.130069702188;1075.0844963913657;0.0;210.02100210021004;0.0;0.0;0.0;0.0
2030-04-03 22:00:00;533.8945871921812;1075.0844963913657;0.0;210.02100210021004;0.0;0.0;0.0;0.0
2030-04-03 23:00:00;533.4186137263536;1075.0844963913657;0.0;210.02100210021004;0.0;0.0;0.0;0.0
2030-04-04 00:00:00;533.5512002471229;1075.0844963913657;0.0;210.02100210021004;0.0;0.0;0.0;0.0
2030-04-04 01:00:00;533.419468600343;1075.0844963913657;0.0;210.02100210021004;0.0;0.0;0.0;0.0
2030-04-04 02:00:00;533.1391817512974;1075.0844963913657;0.0;210.02100210021004;0.0;0.0;0.0;0.0
2030-04-04 03:00:00;532.9631667172366;1075.0844963913657;0.0;210.02100210021004;0.0;0.0;0.0;0.0
2030-04-04 04:00:00;533.3561652461649;1075.0844963913657;0.0;210.02100210021004;0.0;0.0;0.0;0.0
2030-04-04 05:00:00;533.7312863929657;1075.0844963913657;0.0;210.02100210021004;0.0;0.0;0.0;0.0
2030-04-04 06:00:00;533.5230122525656;1075.0844963913657;0.0;210.02100210021004;0.0;0.0;0.0;0.0
2030-04-04 07:00:00;533.769790880753;1075.0844963913657;0.0;210.02100210021004;0.0;0.0;0.0;0.0
2030-04-04 08:00:00;533.6126691346665;1075.0844963913657;0.0;210.02100210021004;0.0;0.0;0.0;0.0
2030-04-04 09:00:00;469.4369388649902;1075.0844963913657;0.0;210.02100210021004;0.0;0.0;0.0;0.0
2030-04-04 10:00:00;469.2704439051167;1075.0844963913657;0.0;210.02100210021004;0.0;0.0;0.0;0.0
2030-04-04 11:00:00;469.235805278374;1075.0844963913657;0.0;210.02100210021004;0.0;0.0;0.0;0.0
2030-04-04 12:00:00;468.7069033742399;1075.0844963913657;0.0;210.02100210021004;0.0;0.0;0.0;0.0
2030-04-04 13:00:00;468.6258895828977;1075.0844963913657;0.0;210.02100210021004;0.0;0.0;0.0;0.0
2030-04-04 14:00:00;468.8556496234803;1075.0844963913657;0.0;210.02100210021004;0.0;0.0;0.0;0.0
2030-04-04 15:00:00;468.7935310803794;1075.0844963913657;0.0;210.02100210021004;0.0;0.0;0.0;0.0
2030-04-04 16:00:00;469.0561153979383;1075.0844963913657;0.0;210.02100210021004;0.0;0.0;0.0;0.0
2030-04-04 17:00:00;469.2369538085544;1075.0844963913657;0.0;210.02100210021004;0.0;0.0;0.0;0.0
2030-04-04 18:00:00;469.3323110183342;1075.0844963913657;0.0;210.02100210021004;0.0;0.0;0.0;0.0
2030-04-04 19:00:00;469.0152957254942;1075.0844963913657;0.0;210.02100210021004;0.0;0.0;0.0;0.0
2030-04-04 20:00:00;469.3817556249357;1075.0844963913657;0.0;210.02100210021004;0.0;0.0;0.0;0.0
2030-04-04 21:00:00;469.3287830000551;1075.0844963913657;0.0;210.02100210021004;0.0;0.0;0.0;0.0
2030-04-04 22:00:00;469.0056489723841;1075.0844963913657;0.0;210.02100210021004;0.0;0.0;0.0;0.0
2030-04-04 23:00:00;468.9406279645495;1075.0844963913657;0.0;210.02100210021004;0.0;0.0;0.0;0.0
2030-04-05 00:00:00;468.7475963677613;1075.0844963913657;0.0;210.02100210021004;0.0;0.0;0.0;0.0
2030-04-05 01:00:00;468.5108642727709;1075.0844963913657;0.0;210.02100210021004;0.0;0.0;0.0;0.0
2030-04-05 02:00:00;468.4997887462186;1075.0844963913657;0.0;210.02100210021004;0.0;0.0;0.0;0.0
2030-04-05 03:00:00;468.6343110023263;1075.0844963913657;0.0;210.02100210021004;0.0;0.0;0.0;0.0
2030-04-05 04:00:00;469.2102795606704;1075.0844963913657;0.0;210.02100210021004;0.0;0.0;0.0;0.0
2030-04-05 05:00:00;468.9709460421992;1075.0844963913657;0.0;210.02100210021004;0.0;0.0;0.0;0.0
2030-04-05 06:00:00;469.9240193945954;1075.0844963913657;0.0;210.02100210021004;0.0;0.0;0.0;0.0
2030-04-05 07:00:00;470.2320375898825;1075.0844963913657;0.0;210.02100210021004;0.0;0.0;0.0;0.0
2030-04-05 08:00:00;470.3968851772576;1075.0844963913657;0.0;210.02100210021004;0.0;0.0;0.0;0.0
2030-04-05 09:00:00;470.1769992176567;1075.0844963913657;0.0;210.02100210021004;0.0;0.0;0.0;0.0
2030-04-05 10:00:00;469.9555684624684;1075.0844963913657;0.0;210.02100210021004;0.0;0.0;0.0;0.0
2030-04-05 11:00:00;469.708395561446;1075.0844963913657;0.0;210.02100210021004;0.0;0.0;0.0;0.0
2030-04-05 12:00:00;469.848038151079;1075.0844963913657;0.0;210.02100210021004;0.0;0.0;0.0;0.0
2030-04-05 13:00:00;470.1234211237931;1075.0844963913657;0.0;210.02100210021004;0.0;0.0;0.0;0.0
2030-04-05 14:00:00;470.1311671142546;1075.0844963913657;0.0;210.02100210021004;0.0;0.0;0.0;0.0
2030-04-05 15:00:00;470.0855864084308;1075.0844963913657;0.0;210.02100210021004;0.0;0.0;0.0;0.0
2030-04-05 16:00:00;470.0714099349566;1075.0844963913657;0.0;210.02100210021004;0.0;0.0;0.0;0.0
2030-04-05 17:00:00;470.0361035283607;1075.0844963913657;0.0;210.02100210021004;0.0;0.0;0.0;0.0
2030-04-05 18:00:00;469.9758435216008;1075.0844963913657;0.0;210.02100210021004;0.0;0.0;0.0;0.0
2030-04-05 19:00:00;470.3591731879791;1075.0844963913657;0.0;210.02100210021004;0.0;0.0;0.0;0.0
2030-04-05 20:00:00;470.5245618762848;1075.0844963913657;0.0;210.02100210021004;0.0;0.0;0.0;0.0
2030-04-05 21:00:00;470.4173453379542;1075.0844963913657;0.0;210.02100210021004;0.0;0.0;0.0;0.0
2030-04-05 22:00:00;469.8744299524704;1075.0844963913657;0.0;210.02100210021004;0.0;0.0;0.0;0.0
2030-04-05 23:00:00;469.5720497416868;1075.0844963913657;0.0;210.02100210021004;0.0;0.0;0.0;0.0
2030-04-06 00:00:00;468.4648009762741;1075.0844963913657;0.0;210.02100210021004;0.0;0.0;0.0;0.0
2030-04-06 01:00:00;467.3049209972393;1075.0844963913657;0.0;210.02100210021004;0.0;0.0;0.0;0.0
2030-04-06 02:00:00;466.9930995332909;1075.0844963913657;0.0;210.02100210021004;0.0;0.0;0.0;0.0
2030-04-06 03:00:00;466.8845956862807;1075.0844963913657;0.0;210.02100210021004;0.0;0.0;0.0;0.0
2030-04-06 04:00:00;467.0484771660523;1075.0844963913657;0.0;210.02100210021004;0.0;0.0;0.0;0.0
2030-04-06 05:00:00;466.5112415018642;1075.0844963913657;0.0;210.02100210021004;0.0;0.0;0.0;0.0
2030-04-06 06:00:00;466.3392984912908;1075.0844963913657;0.0;210.02100210021004;0.0;0.0;0.0;0.0
2030-04-06 07:00:00;530.250665403107;1075.0844963913657;0.0;210.02100210021004;0.0;0.0;0.0;0.0
2030-04-06 08:00:00;529.9681496018753;1075.0844963913657;0.0;210.02100210021004;0.0;0.0;0.0;0.0
2030-04-06 09:00:00;466.6190009282374;1075.0844963913657;0.0;210.02100210021004;0.0;0.0;0.0;0.0
2030-04-06 10:00:00;466.5721387413007;1075.0844963913657;0.0;210.02100210021004;0.0;0.0;0.0;0.0
2030-04-06 11:00:00;466.1881447887537;1075.0844963913657;0.0;210.02100210021004;0.0;0.0;0.0;0.0
2030-04-06 12:00:00;465.651816954611;1075.0844963913657;0.0;210.02100210021004;0.0;0.0;0.0;0.0
2030-04-06 13:00:00;465.5738343537226;1075.0844963913657;0.0;210.02100210021004;0.0;0.0;0.0;0.0
2030-04-06 14:00:00;465.2338338451692;1075.0844963913657;0.0;210.02100210021004;0.0;0.0;0.0;0.0
2030-04-06 15:00:00;465.2225222828052;1075.0844963913657;0.0;210.02100210021004;0.0;0.0;0.0;0.0
2030-04-06 16:00:00;465.2876500102526;1075.0844963913657;0.0;210.02100210021004;0.0;0.0;0.0;0.0
2030-04-06 17:00:00;529.3979174725692;1075.0844963913657;0.0;210.02100210021004;0.0;0.0;0.0;0.0
2030-04-06 18:00:00;529.5784661798331;1075.0844963913657;0.0;210.02100210021004;0.0;0.0;0.0;0.0
2030-04-06 19:00:00;529.6444667803128;1075.0844963913657;0.0;210.02100210021004;0.0;0.0;0.0;0.0
2030-04-06 20:00:00;529.7132029005627;1075.0844963913657;0.0;210.02100210021004;0.0;0.0;0.0;0.0
2030-04-06 21:00:00;529.606296182452;1075.0844963913657;0.0;210.02100210021004;0.0;0.0;0.0;0.0
2030-04-06 22:00:00;529.6600230646781;1075.0844963913657;0.0;210.02100210021004;0.0;0.0;0.0;0.0
2030-04-06 23:00:00;529.5029013185914;1075.0844963913657;0.0;210.02100210021004;0.0;0.0;0.0;0.0
2030-04-07 00:00:00;528.5488262641104;1075.0844963913657;0.0;210.02100210021004;0.0;0.0;0.0;0.0
2030-04-07 01:00:00;527.130846211318;1075.0844963913657;0.0;210.02100210021004;0.0;0.0;0.0;0.0
2030-04-07 02:00:00;526.4593349170704;1075.0844963913657;0.0;210.02100210021004;0.0;0.0;0.0;0.0
2030-04-07 03:00:00;526.5641900915981;1075.0844963913657;0.0;210.02100210021004;0.0;0.0;0.0;0.0
2030-04-07 04:00:00;526.6990112649426;1075.0844963913657;0.0;210.02100210021004;0.0;0.0;0.0;0.0
2030-04-07 05:00:00;526.992434644214;1075.0844963913657;0.0;210.02100210021004;0.0;0.0;0.0;0.0
2030-04-07 06:00:00;527.1181059788044;1075.0844963913657;0.0;210.02100210021004;0.0;0.0;0.0;0.0
2030-04-07 07:00:00;527.1927516303093;1075.0844963913657;0.0;210.02100210021004;0.0;0.0;0.0;0.0
2030-04-07 08:00:00;527.2171802935717;1075.0844963913657;0.0;210.02100210021004;0.0;0.0;0.0;0.0
2030-04-07 09:00:00;463.9389050686005;1075.0844963913657;0.0;210.02100210021004;0.0;0.0;0.0;0.0
2030-04-07 10:00:00;463.7010354401397;1075.0844963913657;0.0;210.02100210021004;0.0;0.0;0.0;0.0
2030-04-07 11:00:00;463.2399485601487;1075.0844963913657;0.0;210.02100210021004;0.0;0.0;0.0;0.0
2030-04-07 12:00:00;463.0736885656585;1075.0844963913657;0.0;210.02100210021004;0.0;0.0;0.0;0.0
2030-04-07 13:00:00;463.0113751113515;1075.0844963913657;0.0;210.02100210021004;0.0;0.0;0.0;0.0
2030-04-07 14:00:00;463.081078302227;1075.0844963913657;0.0;210.02100210021004;0.0;0.0;0.0;0.0
2030-04-07 15:00:00;463.0744874560983;1075.0844963913657;0.0;210.02100210021004;0.0;0.0;0.0;0.0
2030-04-07 16:00:00;464.0881523280425;1075.0844963913657;0.0;210.02100210021004;0.0;0.0;0.0;0.0
2030-04-07 17:00:00;527.9580130278794;1075.0844963913657;0.0;210.02100210021004;0.0;0.0;0.0;0.0
2030-04-07 18:00:00;528.3487366058866;1075.0844963913657;0.0;210.02100210021004;0.0;0.0;0.0;0.0
2030-04-07 19:00:00;527.9711836728397;1075.0844963913657;0.0;210.02100210021004;0.0;0.0;0.0;0.0
2030-04-07 20:00:00;528.3542479114678;1075.0844963913657;0.0;210.02100210021004;0.0;0.0;0.0;0.0
2030-04-07 21:00:00;528.1826580282881;1075.0844963913657;0.0;210.02100210021004;0.0;0.0;0.0;0.0
2030-04-07 22:00:00;464.7494520462167;1075.0844963913657;0.0;210.02100210021004;0.0;0.0;0.0;0.0
2030-04-07 23:00:00;464.7158078647391;1075.0844963913657;0.0;210.02100210021004;0.0;0.0;0.0;0.0
2030-04-08 00:00:00;464.6237720547498;1075.0844963913657;0.0;210.02100210021004;0.0;0.0;0.0;0.0
2030-04-08 01:00:00;464.7270286440985;1075.0844963913657;0.0;210.02100210021004;0.0;0.0;0.0;0.0
2030-04-08 02:00:00;464.940223451929;1075.0844963913657;0.0;210.02100210021004;0.0;0.0;0.0;0.0
2030-04-08 03:00:00;465.1772397201473;1075.0844963913657;0.0;210.02100210021004;0.0;0.0;0.0;0.0
2030-04-08 04:00:00;465.4255312375278;1075.0844963913657;0.0;210.02100210021004;0.0;0.0;0.0;0.0
2030-04-08 05:00:00;529.5300011658767;1075.0844963913657;0.0;210.02100210021004;0.0;0.0;0.0;0.0
2030-04-08 06:00:00;529.4559112068409;1075.0844963913657;0.0;210.02100210021004;0.0;0.0;0.0;0.0
2030-04-08 07:00:00;512.2139200793897;1075.0844963913657;0.0;210.02100210021004;0.0;0.0;0.0;0.0
2030-04-08 08:00:00;467.2466927781358;1075.0844963913657;0.0;210.02100210021004;0.0;0.0;0.0;0.0
2030-04-08 09:00:00;467.4107739805174;1075.0844963913657;0.0;210.02100210021004;0.0;0.0;0.0;0.0
2030-04-08 10:00:00;467.5360363701633;1075.0844963913657;0.0;210.02100210021004;0.0;0.0;0.0;0.0
2030-04-08 11:00:00;467.3314114779602;1075.0844963913657;0.0;210.02100210021004;0.0;0.0;0.0;0.0
2030-04-08 12:00:00;467.4220855428815;1075.0844963913657;0.0;210.02100210021004;0.0;0.0;0.0;0.0
2030-04-08 13:00:00;467.3418515234807;1075.0844963913657;0.0;210.02100210021004;0.0;0.0;0.0;0.0
2030-04-08 14:00:00;467.5741833886655;1075.0844963913657;0.0;210.02100210021004;0.0;0.0;0.0;0.0
2030-04-08 15:00:00;467.6071376193086;1075.0844963913657;0.0;210.02100210021004;0.0;0.0;0.0;0.0
2030-04-08 16:00:00;467.6474997431211;1075.0844963913657;0.0;210.02100210021004;0.0;0.0;0.0;0.0
2030-04-08 17:00:00;531.7220766893622;1075.0844963913657;0.0;210.02100210021004;0.0;0.0;0.0;0.0
2030-04-08 18:00:00;531.9255092966063;1075.0844963913657;0.0;210.02100210021004;0.0;0.0;0.0;0.0
2030-04-08 19:00:00;532.1097087805382;1075.0844963913657;0.0;210.02100210021004;0.0;0.0;0.0;0.0
2030-04-08 20:00:00;532.2366793939383;1075.0844963913657;0.0;210.02100210021004;0.0;0.0;0.0;0.0
2030-04-08 21:00:00;532.1170162469799;1075.0844963913657;0.0;210.02100210021004;0.0;0.0;0.0;0.0
2030-04-08 22:00:00;531.7225554471174;1075.0844963913657;0.0;210.02100210021004;0.0;0.0;0.0;0.0
2030-04-08 23:00:00;531.3863934761528;1075.0844963913657;0.0;210.02100210021004;0.0;0.0;0.0;0.0
2030-04-09 00:00:00;531.3319202745643;1075.0844963913657;0.0;210.02100210021004;0.0;0.0;0.0;0.0
2030-04-09 01:00:00;531.2040726777348;1075.0844963913657;0.0;210.02100210021004;0.0;0.0;0.0;0.0
2030-04-09 02:00:00;531.1668453593173;1075.0844963913657;0.0;210.02100210021004;0.0;0.0;0.0;0.0
2030-04-09 03:00:00;530.898186525807;1075.0844963913657;0.0;210.02100210021004;0.0;0.0;0.0;0.0
2030-04-09 04:00:00;531.0903190620314;1075.0844963913657;0.0;210.02100210021004;0.0;0.0;0.0;0.0
2030-04-09 05:00:00;531.7003634290024;1075.0844963913657;0.0;210.02100210021004;0.0;0.0;0.0;0.0
2030-04-09 06:00:00;531.3480397369945;1075.0844963913657;0.0;210.02100210021004;0.0;0.0;0.0;0.0
2030-04-09 07:00:00;531.3101829121925;1075.0844963913657;0.0;210.02100210021004;0.0;0.0;0.0;0.0
2030-04-09 08:00:00;531.1669901948407;1075.0844963913657;0.0;210.02100210021004;0.0;0.0;0.0;0.0
2030-04-09 09:00:00;466.9514301342132;1075.0844963913657;0.0;210.02100210021004;0.0;0.0;0.0;0.0
2030-04-09 10:00:00;466.7445538234979;1075.0844963913657;0.0;210.02100210021004;0.0;0.0;0.0;0.0
2030-04-09 11:00:00;466.8106983205959;1075.0844963913657;0.0;210.02100210021004;0.0;0.0;0.0;0.0
2030-04-09 12:00:00;466.8629348614007;1075.0844963913657;0.0;210.02100210021004;0.0;0.0;0.0;0.0
2030-04-09 13:00:00;466.4752188056681;1075.0844963913657;0.0;210.02100210021004;0.0;0.0;0.0;0.0
2030-04-09 14:00:00;466.5318674004927;1075.0844963913657;0.0;210.02100210021004;0.0;0.0;0.0;0.0
2030-04-09 15:00:00;466.4438986691065;1075.0844963913657;0.0;210.02100210021004;0.0;0.0;0.0;0.0
2030-04-09 16:00:00;466.421330014181;1075.0844963913657;0.0;210.02100210021004;0.0;0.0;0.0;0.0
2030-04-09 17:00:00;466.6300946113907;1075.0844963913657;0.0;210.02100210021004;0.0;0.0;0.0;0.0
2030-04-09 18:00:00;466.7153216960403;1075.0844963913657;0.0;210.02100210021004;0.0;0.0;0.0;0.0
2030-04-09 19:00:00;466.6938061239674;1075.0844963913657;0.0;210.02100210021004;0.0;0.0;0.0;0.0
2030-04-09 20:00:00;466.7124347964962;1075.0844963913657;0.0;210.02100210021004;0.0;0.0;0.0;0.0
2030-04-09 21:00:00;466.6656633925642;1075.0844963913657;0.0;210.02100210021004;0.0;0.0;0.0;0.0
2030-04-09 22:00:00;466.6000635934932;1075.0844963913657;0.0;210.02100210021004;0.0;0.0;0.0;0.0
2030-04-09 23:00:00;466.6005356651167;1075.0844963913657;0.0;210.02100210021004;0.0;0.0;0.0;0.0
2030-04-10 00:00:00;466.7139599509724;1075.0844963913657;0.0;210.02100210021004;0.0;0.0;0.0;0.0
2030-04-10 01:00:00;466.2449023231839;1075.0844963913657;0.0;210.02100210021004;0.0;0.0;0.0;0.0
2030-04-10 02:00:00;465.6670866559724;1075.0844963913657;0.0;210.02100210021004;0.0;0.0;0.0;0.0
2030-04-10 03:00:00;465.7968881958446;1075.0844963913657;0.0;210.02100210021004;0.0;0.0;0.0;0.0
2030-04-10 04:00:00;466.1174248282276;1075.0844963913657;0.0;210.02100210021004;0.0;0.0;0.0;0.0
2030-04-10 05:00:00;466.7927051290988;1075.0844963913657;0.0;210.02100210021004;0.0;0.0;0.0;0.0
2030-04-10 06:00:00;467.5955173947293;1075.0844963913657;0.0;210.02100210021004;0.0;0.0;0.0;0.0
2030-04-10 07:00:00;468.0609981721393;1075.0844963913657;0.0;210.02100210021004;0.0;0.0;0.0;0.0
2030-04-10 08:00:00;468.189183774531;1075.0844963913657;0.0;210.02100210021004;0.0;0.0;0.0;0.0
2030-04-10 09:00:00;467.3421057158934;1075.0844963913657;0.0;210.02100210021004;0.0;0.0;0.0;0.0
2030-04-10 10:00:00;467.3268178579311;1075.0844963913657;0.0;210.02100210021004;0.0;0.0;0.0;0.0
2030-04-10 11:00:00;467.3426141007189;1075.0844963913657;0.0;210.02100210021004;0.0;0.0;0.0;0.0
2030-04-10 12:00:00;467.3721912035936;1075.0844963913657;0.0;210.02100210021004;0.0;0.0;0.0;0.0
2030-04-10 13:00:00;467.5105989722949;1075.0844963913657;0.0;210.02100210021004;0.0;0.0;0.0;0.0
2030-04-10 14:00:00;467.4117907501682;1075.0844963913657;0.0;210.02100210021004;0.0;0.0;0.0;0.0
2030-04-10 15:00:00;467.6009099051981;1075.0844963913657;0.0;210.02100210021004;0.0;0.0;0.0;0.0
2030-04-10 16:00:00;467.5789222615017;1075.0844963913657;0.0;210.02100210021004;0.0;0.0;0.0;0.0
2030-04-10 17:00:00;467.9899150795949;1075.0844963913657;0.0;210.02100210021004;0.0;0.0;0.0;0.0
2030-04-10 18:00:00;468.0391194680485;1075.0844963913657;0.0;210.02100210021004;0.0;0.0;0.0;0.0
2030-04-10 19:00:00;468.0178944015901;1075.0844963913657;0.0;210.02100210021004;0.0;0.0;0.0;0.0
2030-04-10 20:00:00;468.3217995875435;1075.0844963913657;0.0;210.02100210021004;0.0;0.0;0.0;0.0
2030-04-10 21:00:00;468.3532286637108;1075.0844963913657;0.0;210.02100210021004;0.0;0.0;0.0;0.0
2030-04-10 22:00:00;468.2019478649675;1075.0844963913657;0.0;210.02100210021004;0.0;0.0;0.0;0.0
2030-04-10 23:00:00;467.9550725624575;1075.0844963913657;0.0;210.02100210021004;0.0;0.0;0.0;0.0
2030-04-11 00:00:00;467.4426569717071;1075.0844963913657;0.0;210.02100210021004;0.0;0.0;0.0;0.0
2030-04-11 01:00:00;466.7531963655288;1075.0844963913657;0.0;210.02100210021004;0.0;0.0;0.0;0.0
2030-04-11 02:00:00;466.7374182793421;1075.0844963913657;0.0;210.02100210021004;0.0;0.0;0.0;0.0
2030-04-11 03:00:00;466.7649436863145;1075.0844963913657;0.0;210.02100210021004;0.0;0.0;0.0;0.0
2030-04-11 04:00:00;467.0056457445166;1075.0844963913657;0.0;210.02100210021004;0.0;0.0;0.0;0.0
2030-04-11 05:00:00;466.6300764547897;1075.0844963913657;0.0;210.02100210021004;0.0;0.0;0.0;0.0
2030-04-11 06:00:00;467.1223926883378;1075.0844963913657;0.0;210.02100210021004;0.0;0.0;0.0;0.0
2030-04-11 07:00:00;467.1737577122992;1075.0844963913657;0.0;210.02100210021004;0.0;0.0;0.0;0.0
2030-04-11 08:00:00;467.089383987892;1075.0844963913657;0.0;210.02100210021004;0.0;0.0;0.0;0.0
2030-04-11 09:00:00;466.8896069081305;1075.0844963913657;0.0;210.02100210021004;0.0;0.0;0.0;0.0
2030-04-11 10:00:00;466.6939150635728;1075.0844963913657;0.0;210.02100210021004;0.0;0.0;0.0;0.0
2030-04-11 11:00:00;466.5874810690658;1075.0844963913657;0.0;210.02100210021004;0.0;0.0;0.0;0.0
2030-04-11 12:00:00;466.5869726842404;1075.0844963913657;0.0;210.02100210021004;0.0;0.0;0.0;0.0
2030-04-11 13:00:00;466.361485857597;1075.0844963913657;0.0;210.02100210021004;0.0;0.0;0.0;0.0
2030-04-11 14:00:00;466.1563525805686;1075.0844963913657;0.0;210.02100210021004;0.0;0.0;0.0;0.0
2030-04-11 15:00:00;466.6260638459896;1075.0844963913657;0.0;210.02100210021004;0.0;0.0;0.0;0.0
2030-04-11 16:00:00;466.2746791486687;1075.0844963913657;0.0;210.02100210021004;0.0;0.0;0.0;0.0
2030-04-11 17:00:00;466.9038779964421;1075.0844963913657;0.0;210.02100210021004;0.0;0.0;0.0;0.0
2030-04-11 18:00:00;466.9367959138835;1075.0844963913657;0.0;210.02100210021004;0.0;0.0;0.0;0.0
2030-04-11 19:00:00;530.8977460738254;1075.0844963913657;0.0;210.02100210021004;0.0;0.0;0.0;0.0
2030-04-11 20:00:00;530.9028429573988;1075.0844963913657;0.0;210.02100210021004;0.0;0.0;0.0;0.0
2030-04-11 21:00:00;530.7772280528777;1075.0844963913657;0.0;210.02100210021004;0.0;0.0;0.0;0.0
2030-04-11 22:00:00;530.4811575915954;1075.0844963913657;0.0;210.02100210021004;0.0;0.0;0.0;0.0
2030-04-11 23:00:00;530.275407839428;1075.0844963913657;0.0;210.02100210021004;0.0;0.0;0.0;0.0
2030-04-12 00:00:00;530.5512293038568;1075.0844963913657;0.0;210.02100210021004;0.0;0.0;0.0;0.0
2030-04-12 01:00:00;530.7138422063515;1075.0844963913657;0.0;210.02100210021004;0.0;0.0;0.0;0.0
2030-04-12 02:00:00;531.0991953937673;1075.0844963913657;0.0;210.02100210021004;0.0;0.0;0.0;0.0
2030-04-12 03:00:00;531.5083536511668;1075.0844963913657;0.0;210.02100210021004;0.0;0.0;0.0;0.0
2030-04-12 04:00:00;532.2526098342709;1075.0844963913657;0.0;210.02100210021004;0.0;0.0;0.0;0.0
2030-04-12 05:00:00;532.8522532230912;1075.0844963913657;0.0;210.02100210021004;0.0;0.0;0.0;0.0
2030-04-12 06:00:00;533.7331468895735;1075.0844963913657;0.0;210.02100210021004;0.0;0.0;0.0;0.0
2030-04-12 07:00:00;534.3692432549037;1075.0844963913657;0.0;210.02100210021004;0.0;0.0;0.0;0.0
2030-04-12 08:00:00;534.5669332435505;1075.0844963913657;0.0;210.02100210021004;0.0;0.0;0.0;0.0
2030-04-12 09:00:00;534.2146719270231;1075.0844963913657;0.0;210.02100210021004;0.0;0.0;0.0;0.0
2030-04-12 10:00:00;534.0007175758119;1075.0844963913657;0.0;210.02100210021004;0.0;0.0;0.0;0.0
2030-04-12 11:00:00;470.5250647037466;1075.0844963913657;0.0;210.02100210021004;0.0;0.0;0.0;0.0
2030-04-12 12:00:00;470.967773440617;1075.0844963913657;0.0;210.02100210021004;0.0;0.0;0.0;0.0
2030-04-12 13:00:00;470.4142538188175;1075.0844963913657;0.0;210.02100210021004;0.0;0.0;0.0;0.0
2030-04-12 14:00:00;470.4052768381326;1075.0844963913657;0.0;210.02100210021004;0.0;0.0;0.0;0.0
2030-04-12 15:00:00;470.3729332791784;1075.0844963913657;0.0;210.02100210021004;0.0;0.0;0.0;0.0
2030-04-12 16:00:00;534.3883074406803;1075.0844963913657;0.0;210.02100210021004;0.0;0.0;0.0;0.0
2030-04-12 17:00:00;534.633058562686;1075.0844963913657;0.0;210.02100210021004;0.0;0.0;0.0;0.0
2030-04-12 18:00:00;534.4281656770802;1075.0844963913657;0.0;210.02100210021004;0.0;0.0;0.0;0.0
2030-04-12 19:00:00;534.4381463201167;1075.0844963913657;0.0;210.02100210021004;0.0;0.0;0.0;0.0
2030-04-12 20:00:00;534.3993118629365;1075.0844963913657;0.0;210.02100210021004;0.0;0.0;0.0;0.0
2030-04-12 21:00:00;534.3971616629765;1075.0844963913657;0.0;210.02100210021004;0.0;0.0;0.0;0.0
2030-04-12 22:00:00;534.3597875164635;1075.0844963913657;0.0;210.02100210021004;0.0;0.0;0.0;0.0
2030-04-12 23:00:00;534.2682519811538;1075.0844963913657;0.0;210.02100210021004;0.0;0.0;0.0;0.0
2030-04-13 00:00:00;533.1681420951905;1075.0844963913657;0.0;210.02100210021004;0.0;0.0;0.0;0.0
2030-04-13 01:00:00;531.8562924583342;1075.0844963913657;0.0;210.02100210021004;0.0;0.0;0.0;0.0
2030-04-13 02:00:00;530.9463559233054;1075.0844963913657;0.0;210.02100210021004;0.0;0.0;0.0;0.0
2030-04-13 03:00:00;530.6883656618579;1075.0844963913657;0.0;210.02100210021004;0.0;0.0;0.0;0.0
2030-04-13 04:00:00;530.8731745353066;1075.0844963913657;0.0;210.02100210021004;0.0;0.0;0.0;0.0
2030-04-13 05:00:00;531.0701908309946;1075.0844963913657;0.0;210.02100210021004;0.0;0.0;0.0;0.0
2030-04-13 06:00:00;531.0967314207485;1075.0844963913657;0.0;210.02100210021004;0.0;0.0;0.0;0.0
2030-04-13 07:00:00;531.1396389499772;1075.0844963913657;0.0;210.02100210021004;0.0;0.0;0.0;0.0
2030-04-13 08:00:00;531.0204987473485;1075.0844963913657;0.0;210.02100210021004;0.0;0.0;0.0;0.0
2030-04-13 09:00:00;530.782823811074;1075.0844963913657;0.0;210.02100210021004;0.0;0.0;0.0;0.0
2030-04-13 10:00:00;530.5613125561093;1075.0844963913657;0.0;210.02100210021004;0.0;0.0;0.0;0.0
2030-04-13 11:00:00;530.081455040331;1075.0844963913657;0.0;210.02100210021004;0.0;0.0;0.0;0.0
2030-04-13 12:00:00;529.7017197205512;1075.0844963913657;0.0;210.02100210021004;0.0;0.0;0.0;0.0
2030-04-13 13:00:00;529.4116775637686;1075.0844963913657;0.0;210.02100210021004;0.0;0.0;0.0;0.0
2030-04-13 14:00:00;529.4242690079199;1075.0844963913657;0.0;210.02100210021004;0.0;0.0;0.0;0.0
2030-04-13 15:00:00;529.3999631030465;1075.0844963913657;0.0;210.02100210021004;0.0;0.0;0.0;0.0
2030-04-13 16:00:00;529.4628962540962;1075.0844963913657;0.0;210.02100210021004;0.0;0.0;0.0;0.0
2030-04-13 17:00:00;529.8034652193413;1075.0844963913657;0.0;210.02100210021004;0.0;0.0;0.0;0.0
2030-04-13 18:00:00;529.9840743095136;1075.0844963913657;0.0;210.02100210021004;0.0;0.0;0.0;0.0
2030-04-13 19:00:00;530.1956893740564;1075.0844963913657;0.0;210.02100210021004;0.0;0.0;0.0;0.0
2030-04-13 20:00:00;530.1120446324267;1075.0844963913657;0.0;210.02100210021004;0.0;0.0;0.0;0.0
2030-04-13 21:00:00;529.8663964101241;1075.0844963913657;0.0;210.02100210021004;0.0;0.0;0.0;0.0
2030-04-13 22:00:00;529.7518301467389;1075.0844963913657;0.0;210.02100210021004;0.0;0.0;0.0;0.0
2030-04-13 23:00:00;529.7491790795837;1075.0844963913657;0.0;210.02100210021004;0.0;0.0;0.0;0.0
2030-04-14 00:00:00;529.1671537696346;1075.0844963913657;0.0;210.02100210021004;0.0;0.0;0.0;0.0
2030-04-14 01:00:00;528.5527505477966;1075.0844963913657;0.0;210.02100210021004;0.0;0.0;0.0;0.0
2030-04-14 02:00:00;528.3649405532373;1075.0844963913657;0.0;210.02100210021004;0.0;0.0;0.0;0.0
2030-04-14 03:00:00;528.3577558128793;1075.0844963913657;0.0;210.02100210021004;0.0;0.0;0.0;0.0
2030-04-14 04:00:00;528.5627714568741;1075.0844963913657;0.0;210.02100210021004;0.0;0.0;0.0;0.0
2030-04-14 05:00:00;528.806919134774;1075.0844963913657;0.0;210.02100210021004;0.0;0.0;0.0;0.0
2030-04-14 06:00:00;528.6632034730926;1075.0844963913657;0.0;210.02100210021004;0.0;0.0;0.0;0.0
2030-04-14 07:00:00;528.8151478035245;1075.0844963913657;0.0;210.02100210021004;0.0;0.0;0.0;0.0
2030-04-14 08:00:00;528.9163502088121;1075.0844963913657;0.0;210.02100210021004;0.0;0.0;0.0;0.0
2030-04-14 09:00:00;528.9287928646008;1075.0844963913657;0.0;210.02100210021004;0.0;0.0;0.0;0.0
2030-04-14 10:00:00;528.6178540479793;1075.0844963913657;0.0;210.02100210021004;0.0;0.0;0.0;0.0
2030-04-14 11:00:00;528.2894159580364;1075.0844963913657;0.0;210.02100210021004;0.0;0.0;0.0;0.0
2030-04-14 12:00:00;464.6072132347242;1075.0844963913657;0.0;210.02100210021004;0.0;0.0;0.0;0.0
2030-04-14 13:00:00;464.5522168905819;1075.0844963913657;0.0;210.02100210021004;0.0;0.0;0.0;0.0
2030-04-14 14:00:00;464.6026456016693;1075.0844963913657;0.0;210.02100210021004;0.0;0.0;0.0;0.0
2030-04-14 15:00:00;528.116009764823;1075.0844963913657;0.0;210.02100210021004;0.0;0.0;0.0;0.0
2030-04-14 16:00:00;528.2204082910353;1075.0844963913657;0.0;210.02100210021004;0.0;0.0;0.0;0.0
2030-04-14 17:00:00;528.4879829301125;1075.0844963913657;0.0;210.02100210021004;0.0;0.0;0.0;0.0
2030-04-14 18:00:00;528.716781534651;1075.0844963913657;0.0;210.02100210021004;0.0;0.0;0.0;0.0
2030-04-14 19:00:00;529.0969391821167;1075.0844963913657;0.0;210.02100210021004;0.0;0.0;0.0;0.0
2030-04-14 20:00:00;529.8179333564345;1075.0844963913657;0.0;210.02100210021004;0.0;0.0;0.0;0.0
2030-04-14 21:00:00;530.0773417022418;1075.0844963913657;0.0;210.02100210021004;0.0;0.0;0.0;0.0
2030-04-14 22:00:00;530.0237675612169;1075.0844963913657;0.0;210.02100210021004;0.0;0.0;0.0;0.0
2030-04-14 23:00:00;529.92417030212;1075.0844963913657;0.0;210.02100210021004;0.0;0.0;0.0;0.0
2030-04-15 00:00:00;529.9354443108608;1075.0844963913657;0.0;210.02100210021004;0.0;0.0;0.0;0.0
2030-04-15 01:00:00;529.8583990220842;1075.0844963913657;0.0;210.02100210021004;0.0;0.0;0.0;0.0
2030-04-15 02:00:00;530.0724579427782;1075.0844963913657;0.0;210.02100210021004;0.0;0.0;0.0;0.0
2030-04-15 03:00:00;530.169317721838;1075.0844963913657;0.0;210.02100210021004;0.0;0.0;0.0;0.0
2030-04-15 04:00:00;530.4280361460471;1075.0844963913657;0.0;210.02100210021004;0.0;0.0;0.0;0.0
2030-04-15 05:00:00;531.59105707362;1075.0844963913657;0.0;210.02100210021004;0.0;0.0;0.0;0.0
2030-04-15 06:00:00;532.45058952627;1075.0844963913657;0.0;210.02100210021004;0.0;0.0;0.0;0.0
2030-04-15 07:00:00;532.538639269608;1075.0844963913657;0.0;210.02100210021004;0.0;0.0;0.0;0.0
2030-04-15 08:00:00;531.8998054242408;1075.0844963913657;0.0;210.02100210021004;0.0;0.0;0.0;0.0
2030-04-15 09:00:00;467.5901067276594;1075.0844963913657;0.0;210.02100210021004;0.0;0.0;0.0;0.0
2030-04-15 10:00:00;467.2498520266933;1075.0844963913657;0.0;210.02100210021004;0.0;0.0;0.0;0.0
2030-04-15 11:00:00;467.1020572953238;1075.0844963913657;0.0;210.02100210021004;0.0;0.0;0.0;0.0
2030-04-15 12:00:00;466.7885472674915;1075.0844963913657;0.0;210.02100210021004;0.0;0.0;0.0;0.0
2030-04-15 13:00:00;466.5252583977633;1075.0844963913657;0.0;210.02100210021004;0.0;0.0;0.0;0.0
2030-04-15 14:00:00;466.5435965646775;1075.0844963913657;0.0;210.02100210021004;0.0;0.0;0.0;0.0
2030-04-15 15:00:00;466.4270675000671;1075.0844963913657;0.0;210.02100210021004;0.0;0.0;0.0;0.0
2030-04-15 16:00:00;467.0292130124918;1075.0844963913657;0.0;210.02100210021004;0.0;0.0;0.0;0.0
2030-04-15 17:00:00;467.5429358785073;1075.0844963913657;0.0;210.02100210021004;0.0;0.0;0.0;0.0
2030-04-15 18:00:00;467.7316192751156;1075.0844963913657;0.0;210.02100210021004;0.0;0.0;0.0;0.0
2030-04-15 19:00:00;467.6803631907598;1075.0844963913657;0.0;210.02100210021004;0.0;0.0;0.0;0.0
2030-04-15 20:00:00;467.6740265370439;1075.0844963913657;0.0;210.02100210021004;0.0;0.0;0.0;0.0
2030-04-15 21:00:00;467.6857193880269;1075.0844963913657;0.0;210.02100210021004;0.0;0.0;0.0;0.0
2030-04-15 22:00:00;467.6230246451008;1075.0844963913657;0.0;210.02100210021004;0.0;0.0;0.0;0.0
2030-04-15 23:00:00;467.1263145141334;1075.0844963913657;0.0;210.02100210021004;0.0;0.0;0.0;0.0
2030-04-16 00:00:00;466.8071940966213;1075.0844963913657;0.0;210.02100210021004;0.0;0.0;0.0;0.0
2030-04-16 01:00:00;467.1198870774131;1075.0844963913657;0.0;210.02100210021004;0.0;0.0;0.0;0.0
2030-04-16 02:00:00;467.3594997395606;1075.0844963913657;0.0;210.02100210021004;0.0;0.0;0.0;0.0
2030-04-16 03:00:00;467.5793398633225;1075.0844963913657;0.0;210.02100210021004;0.0;0.0;0.0;0.0
2030-04-16 04:00:00;467.6971217333955;1075.0844963913657;0.0;210.02100210021004;0.0;0.0;0.0;0.0
2030-04-16 05:00:00;468.1074972270579;1075.0844963913657;0.0;210.02100210021004;0.0;0.0;0.0;0.0
2030-04-16 06:00:00;467.6424703646704;1075.0844963913657;0.0;210.02100210021004;0.0;0.0;0.0;0.0
2030-04-16 07:00:00;467.9457400695923;1075.0844963913657;0.0;210.02100210021004;0.0;0.0;0.0;0.0
2030-04-16 08:00:00;468.0924090917056;1075.0844963913657;0.0;210.02100210021004;0.0;0.0;0.0;0.0
2030-04-16 09:00:00;467.9436520604881;1075.0844963913657;0.0;210.02100210021004;0.0;0.0;0.0;0.0
2030-04-16 10:00:00;467.7101581728455;1075.0844963913657;0.0;210.02100210021004;0.0;0.0;0.0;0.0
2030-04-16 11:00:00;467.4127167368143;1075.0844963913657;0.0;210.02100210021004;0.0;0.0;0.0;0.0
2030-04-16 12:00:00;467.3987543107181;1075.0844963913657;0.0;210.02100210021004;0.0;0.0;0.0;0.0
2030-04-16 13:00:00;467.3687959192243;1075.0844963913657;0.0;210.02100210021004;0.0;0.0;0.0;0.0
2030-04-16 14:00:00;467.3219155756866;1075.0844963913657;0.0;210.02100210021004;0.0;0.0;0.0;0.0
2030-04-16 15:00:00;467.9710322146534;1075.0844963913657;0.0;210.02100210021004;0.0;0.0;0.0;0.0
2030-04-16 16:00:00;468.3069656446039;1075.0844963913657;0.0;210.02100210021004;0.0;0.0;0.0;0.0
2030-04-16 17:00:00;469.0809815411985;1075.0844963913657;0.0;210.02100210021004;0.0;0.0;0.0;0.0
2030-04-16 18:00:00;469.209099817057;1075.0844963913657;0.0;210.02100210021004;0.0;0.0;0.0;0.0
2030-04-16 19:00:00;469.1852935906304;1075.0844963913657;0.0;210.02100210021004;0.0;0.0;0.0;0.0
2030-04-16 20:00:00;469.074297196001;1075.0844963913657;0.0;210.02100210021004;0.0;0.0;0.0;0.0
2030-04-16 21:00:00;469.0179940668779;1075.0844963913657;0.0;210.02100210021004;0.0;0.0;0.0;0.0
2030-04-16 22:00:00;468.7252672520798;1075.0844963913657;0.0;210.02100210021004;0.0;0.0;0.0;0.0
2030-04-16 23:00:00;468.5141869307366;1075.0844963913657;0.0;210.02100210021004;0.0;0.0;0.0;0.0
2030-04-17 00:00:00;468.0086890049312;1075.0844963913657;0.0;210.02100210021004;0.0;0.0;0.0;0.0
2030-04-17 01:00:00;468.0552425296523;1075.0844963913657;0.0;210.02100210021004;0.0;0.0;0.0;0.0
2030-04-17 02:00:00;467.9918396792909;1075.0844963913657;0.0;210.02100210021004;0.0;0.0;0.0;0.0
2030-04-17 03:00:00;468.107660636466;1075.0844963913657;0.0;210.02100210021004;0.0;0.0;0.0;0.0
2030-04-17 04:00:00;468.4060462157445;1075.0844963913657;0.0;210.02100210021004;0.0;0.0;0.0;0.0
2030-04-17 05:00:00;468.9330597136227;1075.0844963913657;0.0;210.02100210021004;0.0;0.0;0.0;0.0
2030-04-17 06:00:00;468.5421662527317;1075.0844963913657;0.0;210.02100210021004;0.0;0.0;0.0;0.0
2030-04-17 07:00:00;469.1639127979567;1075.0844963913657;0.0;210.02100210021004;0.0;0.0;0.0;0.0
2030-04-17 08:00:00;469.083047198122;1075.0844963913657;0.0;210.02100210021004;0.0;0.0;0.0;0.0
2030-04-17 09:00:00;468.9930080168473;1075.0844963913657;0.0;210.02100210021004;0.0;0.0;0.0;0.0
2030-04-17 10:00:00;468.7678357340898;1075.0844963913657;0.0;210.02100210021004;0.0;0.0;0.0;0.0
2030-04-17 11:00:00;468.0887051451208;1075.0844963913657;0.0;210.02100210021004;0.0;0.0;0.0;0.0
2030-04-17 12:00:00;468.4955401016068;1075.0844963913657;0.0;210.02100210021004;0.0;0.0;0.0;0.0
2030-04-17 13:00:00;468.7764227176124;1075.0844963913657;0.0;210.02100210021004;0.0;0.0;0.0;0.0
2030-04-17 14:00:00;468.5754654587921;1075.0844963913657;0.0;210.02100210021004;0.0;0.0;0.0;0.0
2030-04-17 15:00:00;468.8148239285271;1075.0844963913657;0.0;210.02100210021004;0.0;0.0;0.0;0.0
2030-04-17 16:00:00;468.4984451577516;1075.0844963913657;0.0;210.02100210021004;0.0;0.0;0.0;0.0
2030-04-17 17:00:00;468.5810213786692;1075.0844963913657;0.0;210.02100210021004;0.0;0.0;0.0;0.0
2030-04-17 18:00:00;468.5180724433303;1075.0844963913657;0.0;210.02100210021004;0.0;0.0;0.0;0.0
2030-04-17 19:00:00;468.5064522187508;1075.0844963913657;0.0;210.02100210021004;0.0;0.0;0.0;0.0
2030-04-17 20:00:00;527.0978563461412;1075.0844963913657;0.0;210.02100210021004;0.0;0.0;0.0;0.0
2030-04-17 21:00:00;468.5251437936203;1075.0844963913657;0.0;210.02100210021004;0.0;0.0;0.0;0.0
2030-04-17 22:00:00;507.5254711057602;1075.0844963913657;0.0;210.02100210021004;0.0;0.0;0.0;0.0
2030-04-17 23:00:00;467.4780986566744;1075.0844963913657;0.0;210.02100210021004;0.0;0.0;0.0;0.0
2030-04-18 00:00:00;467.0384184091508;1075.0844963913657;0.0;210.02100210021004;0.0;0.0;0.0;0.0
2030-04-18 01:00:00;466.181971544446;1075.0844963913657;0.0;210.02100210021004;0.0;0.0;0.0;0.0
2030-04-18 02:00:00;465.6897279373014;1075.0844963913657;0.0;210.02100210021004;0.0;0.0;0.0;0.0
2030-04-18 03:00:00;466.1207111729914;1075.0844963913657;0.0;210.02100210021004;0.0;0.0;0.0;0.0
2030-04-18 04:00:00;466.2151073410982;1075.0844963913657;0.0;210.02100210021004;0.0;0.0;0.0;0.0
2030-04-18 05:00:00;465.9601886643873;1075.0844963913657;0.0;210.02100210021004;0.0;0.0;0.0;0.0
2030-04-18 06:00:00;466.574027027795;1075.0844963913657;0.0;210.02100210021004;0.0;0.0;0.0;0.0
2030-04-18 07:00:00;466.7592062004284;1075.0844963913657;0.0;210.02100210021004;0.0;0.0;0.0;0.0
2030-04-18 08:00:00;466.8646234252849;1075.0844963913657;0.0;210.02100210021004;0.0;0.0;0.0;0.0
2030-04-18 09:00:00;466.733587236551;1075.0844963913657;0.0;210.02100210021004;0.0;0.0;0.0;0.0
2030-04-18 10:00:00;466.5043419935202;1075.0844963913657;0.0;210.02100210021004;0.0;0.0;0.0;0.0
2030-04-18 11:00:00;466.2856275790145;1075.0844963913657;0.0;210.02100210021004;0.0;0.0;0.0;0.0
2030-04-18 12:00:00;466.0707986771027;1075.0844963913657;0.0;210.02100210021004;0.0;0.0;0.0;0.0
2030-04-18 13:00:00;465.9910911991282;1075.0844963913657;0.0;210.02100210021004;0.0;0.0;0.0;0.0
2030-04-18 14:00:00;465.9250011718327;1075.0844963913657;0.0;210.02100210021004;0.0;0.0;0.0;0.0
2030-04-18 15:00:00;466.2661092330412;1075.0844963913657;0.0;210.02100210021004;0.0;0.0;0.0;0.0
2030-04-18 16:00:00;466.0461601696741;1075.0844963913657;0.0;210.02100210021004;0.0;0.0;0.0;0.0
2030-04-18 17:00:00;466.0509353557122;1075.0844963913657;0.0;210.02100210021004;0.0;0.0;0.0;0.0
2030-04-18 18:00:00;466.0801130133671;1075.0844963913657;0.0;210.02100210021004;0.0;0.0;0.0;0.0
2030-04-18 19:00:00;466.1180603092592;1075.0844963913657;0.0;210.02100210021004;0.0;0.0;0.0;0.0
2030-04-18 20:00:00;466.375702476106;1075.0844963913657;0.0;210.02100210021004;0.0;0.0;0.0;0.0
2030-04-18 21:00:00;466.5965956827202;1075.0844963913657;0.0;210.02100210021004;0.0;0.0;0.0;0.0
2030-04-18 22:00:00;466.4663946976281;1075.0844963913657;0.0;210.02100210021004;0.0;0.0;0.0;0.0
2030-04-18 23:00:00;466.5471007886522;1075.0844963913657;0.0;210.02100210021004;0.0;0.0;0.0;0.0
2030-04-19 00:00:00;466.3383906612455;1075.0844963913657;0.0;210.02100210021004;0.0;0.0;0.0;0.0
2030-04-19 01:00:00;465.6553393351867;1075.0844963913657;0.0;210.02100210021004;0.0;0.0;0.0;0.0
2030-04-19 02:00:00;465.4350089832004;1075.0844963913657;0.0;210.02100210021004;0.0;0.0;0.0;0.0
2030-04-19 03:00:00;465.5280252496384;1075.0844963913657;0.0;210.02100210021004;0.0;0.0;0.0;0.0
2030-04-19 04:00:00;465.3288473377069;1075.0844963913657;0.0;210.02100210021004;0.0;0.0;0.0;0.0
2030-04-19 05:00:00;465.6802320350279;1075.0844963913657;0.0;210.02100210021004;0.0;0.0;0.0;0.0
2030-04-19 06:00:00;466.2933078211975;1075.0844963913657;0.0;210.02100210021004;0.0;0.0;0.0;0.0
2030-04-19 07:00:00;466.8076843248456;1075.0844963913657;0.0;210.02100210021004;0.0;0.0;0.0;0.0
2030-04-19 08:00:00;466.7171736693326;1075.0844963913657;0.0;210.02100210021004;0.0;0.0;0.0;0.0
2030-04-19 09:00:00;466.636140759492;1075.0844963913657;0.0;210.02100210021004;0.0;0.0;0.0;0.0
2030-04-19 10:00:00;466.2572669684005;1075.0844963913657;0.0;210.02100210021004;0.0;0.0;0.0;0.0
2030-04-19 11:00:00;466.3860880518238;1075.0844963913657;0.0;210.02100210021004;0.0;0.0;0.0;0.0
2030-04-19 12:00:00;466.1335660464323;1075.0844963913657;0.0;210.02100210021004;0.0;0.0;0.0;0.0
2030-04-19 13:00:00;466.0125704579991;1075.0844963913657;0.0;210.02100210021004;0.0;0.0;0.0;0.0
2030-04-19 14:00:00;466.1844771553708;1075.0844963913657;0.0;210.02100210021004;0.0;0.0;0.0;0.0
2030-04-19 15:00:00;465.8378313308862;1075.0844963913657;0.0;210.02100210021004;0.0;0.0;0.0;0.0
2030-04-19 16:00:00;465.5999253892236;1075.0844963913657;0.0;210.02100210021004;0.0;0.0;0.0;0.0
2030-04-19 17:00:00;466.2335181344163;1075.0844963913657;0.0;210.02100210021004;0.0;0.0;0.0;0.0
2030-04-19 18:00:00;466.2115668039216;1075.0844963913657;0.0;210.02100210021004;0.0;0.0;0.0;0.0
2030-04-19 19:00:00;466.0430372343184;1075.0844963913657;0.0;210.02100210021004;0.0;0.0;0.0;0.0
2030-04-19 20:00:00;466.0027658935102;1075.0844963913657;0.0;210.02100210021004;0.0;0.0;0.0;0.0
2030-04-19 21:00:00;465.9971555038305;1075.0844963913657;0.0;210.02100210021004;0.0;0.0;0.0;0.0
2030-04-19 22:00:00;465.8293703548644;1075.0844963913657;0.0;210.02100210021004;0.0;0.0;0.0;0.0
2030-04-19 23:00:00;465.6682486784304;1075.0844963913657;0.0;210.02100210021004;0.0;0.0;0.0;0.0
2030-04-20 00:00:00;465.2462892733903;1075.0844963913657;0.0;210.02100210021004;0.0;0.0;0.0;0.0
2030-04-20 01:00:00;464.8683596255457;1075.0844963913657;0.0;210.02100210021004;0.0;0.0;0.0;0.0
2030-04-20 02:00:00;464.8391819678908;1075.0844963913657;0.0;210.02100210021004;0.0;0.0;0.0;0.0
2030-04-20 03:00:00;464.8090601669889;1075.0844963913657;0.0;210.02100210021004;0.0;0.0;0.0;0.0
2030-04-20 04:00:00;464.7822791806535;1075.0844963913657;0.0;210.02100210021004;0.0;0.0;0.0;0.0
2030-04-20 05:00:00;465.1585747344166;1075.0844963913657;0.0;210.02100210021004;0.0;0.0;0.0;0.0
2030-04-20 06:00:00;464.8683233123439;1075.0844963913657;0.0;210.02100210021004;0.0;0.0;0.0;0.0
2030-04-20 07:00:00;465.0676464770827;1075.0844963913657;0.0;210.02100210021004;0.0;0.0;0.0;0.0
2030-04-20 08:00:00;464.9731776825722;1075.0844963913657;0.0;210.02100210021004;0.0;0.0;0.0;0.0
2030-04-20 09:00:00;465.0941188012026;1075.0844963913657;0.0;210.02100210021004;0.0;0.0;0.0;0.0
2030-04-20 10:00:00;464.8098409008278;1075.0844963913657;0.0;210.02100210021004;0.0;0.0;0.0;0.0
2030-04-20 11:00:00;464.3638239995882;1075.0844963913657;0.0;210.02100210021004;0.0;0.0;0.0;0.0
2030-04-20 12:00:00;464.147324690393;1075.0844963913657;0.0;210.02100210021004;0.0;0.0;0.0;0.0
2030-04-20 13:00:00;463.952050447656;1075.0844963913657;0.0;210.02100210021004;0.0;0.0;0.0;0.0
2030-04-20 14:00:00;464.0480262400417;1075.0844963913657;0.0;210.02100210021004;0.0;0.0;0.0;0.0
2030-04-20 15:00:00;464.5086228918083;1075.0844963913657;0.0;210.02100210021004;0.0;0.0;0.0;0.0
2030-04-20 16:00:00;464.6869570259005;1075.0844963913657;0.0;210.02100210021004;0.0;0.0;0.0;0.0
2030-04-20 17:00:00;464.880415608547;1075.0844963913657;0.0;210.02100210021004;0.0;0.0;0.0;0.0
2030-04-20 18:00:00;465.0040075909095;1075.0844963913657;0.0;210.02100210021004;0.0;0.0;0.0;0.0
2030-04-20 19:00:00;528.4825943829203;1075.0844963913657;0.0;210.02100210021004;0.0;0.0;0.0;0.0
2030-04-20 20:00:00;528.4519424153441;1075.0844963913657;0.0;210.02100210021004;0.0;0.0;0.0;0.0
2030-04-20 21:00:00;528.3982637048365;1075.0844963913657;0.0;210.02100210021004;0.0;0.0;0.0;0.0
2030-04-20 22:00:00;528.4097891111554;1075.0844963913657;0.0;210.02100210021004;0.0;0.0;0.0;0.0
2030-04-20 23:00:00;528.4241727956337;1075.0844963913657;0.0;210.02100210021004;0.0;0.0;0.0;0.0
2030-04-21 00:00:00;528.2718140431937;1075.0844963913657;0.0;210.02100210021004;0.0;0.0;0.0;0.0
2030-04-21 01:00:00;527.8478939925101;1075.0844963913657;0.0;210.02100210021004;0.0;0.0;0.0;0.0
2030-04-21 02:00:00;527.8510076210864;1075.0844963913657;0.0;210.02100210021004;0.0;0.0;0.0;0.0
2030-04-21 03:00:00;527.9367583761019;1075.0844963913657;0.0;210.02100210021004;0.0;0.0;0.0;0.0
2030-04-21 04:00:00;528.0612429070434;1075.0844963913657;0.0;210.02100210021004;0.0;0.0;0.0;0.0
2030-04-21 05:00:00;528.0163943491252;1075.0844963913657;0.0;210.02100210021004;0.0;0.0;0.0;0.0
2030-04-21 06:00:00;527.8876697688668;1075.0844963913657;0.0;210.02100210021004;0.0;0.0;0.0;0.0
2030-04-21 07:00:00;527.8179741728395;1075.0844963913657;0.0;210.02100210021004;0.0;0.0;0.0;0.0
2030-04-21 08:00:00;527.7340579167636;1075.0844963913657;0.0;210.02100210021004;0.0;0.0;0.0;0.0
2030-04-21 09:00:00;463.8721977168744;1075.0844963913657;0.0;210.02100210021004;0.0;0.0;0.0;0.0
2030-04-21 10:00:00;463.6931917885486;1075.0844963913657;0.0;210.02100210021004;0.0;0.0;0.0;0.0
2030-04-21 11:00:00;463.653029387346;1075.0844963913657;0.0;210.02100210021004;0.0;0.0;0.0;0.0
2030-04-21 12:00:00;463.4647272793568;1075.0844963913657;0.0;210.02100210021004;0.0;0.0;0.0;0.0
2030-04-21 13:00:00;463.0096139210636;1075.0844963913657;0.0;210.02100210021004;0.0;0.0;0.0;0.0
2030-04-21 14:00:00;463.3057843950315;1075.0844963913657;0.0;210.02100210021004;0.0;0.0;0.0;0.0
2030-04-21 15:00:00;464.009806595136;1075.0844963913657;0.0;210.02100210021004;0.0;0.0;0.0;0.0
2030-04-21 16:00:00;464.0555067596146;1075.0844963913657;0.0;210.02100210021004;0.0;0.0;0.0;0.0
2030-04-21 17:00:00;528.4084515588771;1075.0844963913657;0.0;210.02100210021004;0.0;0.0;0.0;0.0
2030-04-21 18:00:00;528.8512909275089;1075.0844963913657;0.0;210.02100210021004;0.0;0.0;0.0;0.0
2030-04-21 19:00:00;528.7562857642565;1075.0844963913657;0.0;210.02100210021004;0.0;0.0;0.0;0.0
2030-04-21 20:00:00;528.8543362674991;1075.0844963913657;0.0;210.02100210021004;0.0;0.0;0.0;0.0
2030-04-21 21:00:00;528.8198022425443;1075.0844963913657;0.0;210.02100210021004;0.0;0.0;0.0;0.0
2030-04-21 22:00:00;528.7907795231706;1075.0844963913657;0.0;210.02100210021004;0.0;0.0;0.0;0.0
2030-04-21 23:00:00;528.7335909186796;1075.0844963913657;0.0;210.02100210021004;0.0;0.0;0.0;0.0
2030-04-22 00:00:00;527.9061908611408;1075.0844963913657;0.0;210.02100210021004;0.0;0.0;0.0;0.0
2030-04-22 01:00:00;527.4233061619732;1075.0844963913657;0.0;210.02100210021004;0.0;0.0;0.0;0.0
2030-04-22 02:00:00;527.0500818572873;1075.0844963913657;0.0;210.02100210021004;0.0;0.0;0.0;0.0
2030-04-22 03:00:00;527.2208148739056;1075.0844963913657;0.0;210.02100210021004;0.0;0.0;0.0;0.0
2030-04-22 04:00:00;526.5664046273054;1075.0844963913657;0.0;210.02100210021004;0.0;0.0;0.0;0.0
2030-04-22 05:00:00;526.5463367791771;1075.0844963913657;0.0;210.02100210021004;0.0;0.0;0.0;0.0
2030-04-22 06:00:00;526.9941041261519;1075.0844963913657;0.0;210.02100210021004;0.0;0.0;0.0;0.0
2030-04-22 07:00:00;526.8980128081996;1075.0844963913657;0.0;210.02100210021004;0.0;0.0;0.0;0.0
2030-04-22 08:00:00;526.8220134080823;1075.0844963913657;0.0;210.02100210021004;0.0;0.0;0.0;0.0
2030-04-22 09:00:00;468.7354607126484;1075.0844963913657;0.0;210.02100210021004;0.0;0.0;0.0;0.0
2030-04-22 10:00:00;464.5493481476389;1075.0844963913657;0.0;210.02100210021004;0.0;0.0;0.0;0.0
2030-04-22 11:00:00;464.7504325026655;1075.0844963913657;0.0;210.02100210021004;0.0;0.0;0.0;0.0
2030-04-22 12:00:00;464.4705484997098;1075.0844963913657;0.0;210.02100210021004;0.0;0.0;0.0;0.0
2030-04-22 13:00:00;463.498244364628;1075.0844963913657;0.0;210.02100210021004;0.0;0.0;0.0;0.0
2030-04-22 14:00:00;463.2883540581623;1075.0844963913657;0.0;210.02100210021004;0.0;0.0;0.0;0.0
2030-04-22 15:00:00;463.3031335312994;1075.0844963913657;0.0;210.02100210021004;0.0;0.0;0.0;0.0
2030-04-22 16:00:00;463.4133440987948;1075.0844963913657;0.0;210.02100210021004;0.0;0.0;0.0;0.0
2030-04-22 17:00:00;527.5392281342374;1075.0844963913657;0.0;210.02100210021004;0.0;0.0;0.0;0.0
2030-04-22 18:00:00;528.065816846287;1075.0844963913657;0.0;210.02100210021004;0.0;0.0;0.0;0.0
2030-04-22 19:00:00;528.2695170151381;1075.0844963913657;0.0;210.02100210021004;0.0;0.0;0.0;0.0
2030-04-22 20:00:00;528.5381355826078;1075.0844963913657;0.0;210.02100210021004;0.0;0.0;0.0;0.0
2030-04-22 21:00:00;528.7028544984884;1075.0844963913657;0.0;210.02100210021004;0.0;0.0;0.0;0.0
2030-04-22 22:00:00;528.3893893333674;1075.0844963913657;0.0;210.02100210021004;0.0;0.0;0.0;0.0
2030-04-22 23:00:00;528.4310418026662;1075.0844963913657;0.0;210.02100210021004;0.0;0.0;0.0;0.0
2030-04-23 00:00:00;464.574277160682;1075.0844963913657;0.0;210.02100210021004;0.0;0.0;0.0;0.0
2030-04-23 01:00:00;514.7206804886556;1075.0844963913657;0.0;210.02100210021004;0.0;0.0;0.0;0.0
2030-04-23 02:00:00;526.470014332242;1075.0844963913657;0.0;210.02100210021004;0.0;0.0;0.0;0.0
2030-04-23 03:00:00;528.2337942262674;1075.0844963913657;0.0;210.02100210021004;0.0;0.0;0.0;0.0
2030-04-23 04:00:00;528.4006211158005;1075.0844963913657;0.0;210.02100210021004;0.0;0.0;0.0;0.0
2030-04-23 05:00:00;528.672122031136;1075.0844963913657;0.0;210.02100210021004;0.0;0.0;0.0;0.0
2030-04-23 06:00:00;530.0781563101904;1075.0844963913657;0.0;210.02100210021004;0.0;0.0;0.0;0.0
2030-04-23 07:00:00;530.5278003501073;1075.0844963913657;0.0;210.02100210021004;0.0;0.0;0.0;0.0
2030-04-23 08:00:00;491.5273093201714;1075.0844963913657;0.0;210.02100210021004;0.0;0.0;0.0;0.0
2030-04-23 09:00:00;466.8197947776495;1075.0844963913657;0.0;210.02100210021004;0.0;0.0;0.0;0.0
2030-04-23 10:00:00;467.0377647715181;1075.0844963913657;0.0;210.02100210021004;0.0;0.0;0.0;0.0
2030-04-23 11:00:00;466.849063218309;1075.0844963913657;0.0;210.02100210021004;0.0;0.0;0.0;0.0
2030-04-23 12:00:00;466.7762189354768;1075.0844963913657;0.0;210.02100210021004;0.0;0.0;0.0;0.0
2030-04-23 13:00:00;466.386233304631;1075.0844963913657;0.0;210.02100210021004;0.0;0.0;0.0;0.0
2030-04-23 14:00:00;466.4724045325277;1075.0844963913657;0.0;210.02100210021004;0.0;0.0;0.0;0.0
2030-04-23 15:00:00;466.7694646799399;1075.0844963913657;0.0;210.02100210021004;0.0;0.0;0.0;0.0
2030-04-23 16:00:00;466.9422065809534;1075.0844963913657;0.0;210.02100210021004;0.0;0.0;0.0;0.0
2030-04-23 17:00:00;467.1281483308248;1075.0844963913657;0.0;210.02100210021004;0.0;0.0;0.0;0.0
2030-04-23 18:00:00;531.3672266811601;1075.0844963913657;0.0;210.02100210021004;0.0;0.0;0.0;0.0
2030-04-23 19:00:00;531.4293029979535;1075.0844963913657;0.0;210.02100210021004;0.0;0.0;0.0;0.0
2030-04-23 20:00:00;531.3746221137385;1075.0844963913657;0.0;210.02100210021004;0.0;0.0;0.0;0.0
2030-04-23 21:00:00;531.5182498415885;1075.0844963913657;0.0;210.02100210021004;0.0;0.0;0.0;0.0
2030-04-23 22:00:00;531.3101627953248;1075.0844963913657;0.0;210.02100210021004;0.0;0.0;0.0;0.0
2030-04-23 23:00:00;530.8246029592954;1075.0844963913657;0.0;210.02100210021004;0.0;0.0;0.0;0.0
2030-04-24 00:00:00;530.4876283406487;1075.0844963913657;0.0;210.02100210021004;0.0;0.0;0.0;0.0
2030-04-24 01:00:00;530.405759675317;1075.0844963913657;0.0;210.02100210021004;0.0;0.0;0.0;0.0
2030-04-24 02:00:00;530.4132321264552;1075.0844963913657;0.0;210.02100210021004;0.0;0.0;0.0;0.0
2030-04-24 03:00:00;530.41118848855;1075.0844963913657;0.0;210.02100210021004;0.0;0.0;0.0;0.0
2030-04-24 04:00:00;530.2990439718762;1075.0844963913657;0.0;210.02100210021004;0.0;0.0;0.0;0.0
2030-04-24 05:00:00;530.4248641271345;1075.0844963913657;0.0;210.02100210021004;0.0;0.0;0.0;0.0
2030-04-24 06:00:00;530.4111482225093;1075.0844963913657;0.0;210.02100210021004;0.0;0.0;0.0;0.0
2030-04-24 07:00:00;530.6804326095653;1075.0844963913657;0.0;210.02100210021004;0.0;0.0;0.0;0.0
2030-04-24 08:00:00;467.1092654658834;1075.0844963913657;0.0;210.02100210021004;0.0;0.0;0.0;0.0
2030-04-24 09:00:00;467.0040479636369;1075.0844963913657;0.0;210.02100210021004;0.0;0.0;0.0;0.0
2030-04-24 10:00:00;467.1625006197377;1075.0844963913657;0.0;210.02100210021004;0.0;0.0;0.0;0.0
2030-04-24 11:00:00;466.7693012705319;1075.0844963913657;0.0;210.02100210021004;0.0;0.0;0.0;0.0
2030-04-24 12:00:00;466.3270972554823;1075.0844963913657;0.0;210.02100210021004;0.0;0.0;0.0;0.0
2030-04-24 13:00:00;466.2421062066444;1075.0844963913657;0.0;210.02100210021004;0.0;0.0;0.0;0.0
2030-04-24 14:00:00;466.0966718333927;1075.0844963913657;0.0;210.02100210021004;0.0;0.0;0.0;0.0
2030-04-24 15:00:00;466.2363868773592;1075.0844963913657;0.0;210.02100210021004;0.0;0.0;0.0;0.0
2030-04-24 16:00:00;466.8879365008473;1075.0844963913657;0.0;210.02100210021004;0.0;0.0;0.0;0.0
2030-04-24 17:00:00;531.306198245598;1075.0844963913657;0.0;210.02100210021004;0.0;0.0;0.0;0.0
2030-04-24 18:00:00;531.3774386049075;1075.0844963913657;0.0;210.02100210021004;0.0;0.0;0.0;0.0
2030-04-24 19:00:00;531.4495338382064;1075.0844963913657;0.0;210.02100210021004;0.0;0.0;0.0;0.0
2030-04-24 20:00:00;531.3888795586115;1075.0844963913657;0.0;210.02100210021004;0.0;0.0;0.0;0.0
2030-04-24 21:00:00;531.170121980018;1075.0844963913657;0.0;210.02100210021004;0.0;0.0;0.0;0.0
2030-04-24 22:00:00;530.6821865764235;1075.0844963913657;0.0;210.02100210021004;0.0;0.0;0.0;0.0
2030-04-24 23:00:00;530.6182939495966;1075.0844963913657;0.0;210.02100210021004;0.0;0.0;0.0;0.0
2030-04-25 00:00:00;529.7331401169296;1075.0844963913657;0.0;210.02100210021004;0.0;0.0;0.0;0.0
2030-04-25 01:00:00;529.2498169260474;1075.0844963913657;0.0;210.02100210021004;0.0;0.0;0.0;0.0
2030-04-25 02:00:00;529.4099437460833;1075.0844963913657;0.0;210.02100210021004;0.0;0.0;0.0;0.0
2030-04-25 03:00:00;529.0549287531846;1075.0844963913657;0.0;210.02100210021004;0.0;0.0;0.0;0.0
2030-04-25 04:00:00;528.5796009577704;1075.0844963913657;0.0;210.02100210021004;0.0;0.0;0.0;0.0
2030-04-25 05:00:00;529.7749232179898;1075.0844963913657;0.0;210.02100210021004;0.0;0.0;0.0;0.0
2030-04-25 06:00:00;530.3700972693548;1075.0844963913657;0.0;210.02100210021004;0.0;0.0;0.0;0.0
2030-04-25 07:00:00;530.6961136125863;1075.0844963913657;0.0;210.02100210021004;0.0;0.0;0.0;0.0
2030-04-25 08:00:00;530.6781537381105;1075.0844963913657;0.0;210.02100210021004;0.0;0.0;0.0;0.0
2030-04-25 09:00:00;530.1222344790394;1075.0844963913657;0.0;210.02100210021004;0.0;0.0;0.0;0.0
2030-04-25 10:00:00;527.7736311779661;1075.0844963913657;0.0;210.02100210021004;0.0;0.0;0.0;0.0
2030-04-25 11:00:00;466.5761695067017;1075.0844963913657;0.0;210.02100210021004;0.0;0.0;0.0;0.0
2030-04-25 12:00:00;511.5533783724877;1075.0844963913657;0.0;210.02100210021004;0.0;0.0;0.0;0.0
2030-04-25 13:00:00;466.7633640620358;1075.0844963913657;0.0;210.02100210021004;0.0;0.0;0.0;0.0
2030-04-25 14:00:00;471.4633664896268;1075.0844963913657;0.0;210.02100210021004;0.0;0.0;0.0;0.0
2030-04-25 15:00:00;467.9129492483572;1075.0844963913657;0.0;210.02100210021004;0.0;0.0;0.0;0.0
2030-04-25 16:00:00;531.8820787907425;1075.0844963913657;0.0;210.02100210021004;0.0;0.0;0.0;0.0
2030-04-25 17:00:00;531.899491651182;1075.0844963913657;0.0;210.02100210021004;0.0;0.0;0.0;0.0
2030-04-25 18:00:00;532.4200843867894;1075.0844963913657;0.0;210.02100210021004;0.0;0.0;0.0;0.0
2030-04-25 19:00:00;532.334124460503;1075.0844963913657;0.0;210.02100210021004;0.0;0.0;0.0;0.0
2030-04-25 20:00:00;532.4381247610413;1075.0844963913657;0.0;210.02100210021004;0.0;0.0;0.0;0.0
2030-04-25 21:00:00;532.3203624090368;1075.0844963913657;0.0;210.02100210021004;0.0;0.0;0.0;0.0
2030-04-25 22:00:00;532.0677606947814;1075.0844963913657;0.0;210.02100210021004;0.0;0.0;0.0;0.0
2030-04-25 23:00:00;530.9451671593895;1075.0844963913657;0.0;210.02100210021004;0.0;0.0;0.0;0.0
2030-04-26 00:00:00;530.267599505791;1075.0844963913657;0.0;210.02100210021004;0.0;0.0;0.0;0.0
2030-04-26 01:00:00;530.1833071011761;1075.0844963913657;0.0;210.02100210021004;0.0;0.0;0.0;0.0
2030-04-26 02:00:00;530.294136142706;1075.0844963913657;0.0;210.02100210021004;0.0;0.0;0.0;0.0
2030-04-26 03:00:00;530.46777361663;1075.0844963913657;0.0;210.02100210021004;0.0;0.0;0.0;0.0
2030-04-26 04:00:00;530.6612235882652;1075.0844963913657;0.0;210.02100210021004;0.0;0.0;0.0;0.0
2030-04-26 05:00:00;531.0775626331837;1075.0844963913657;0.0;210.02100210021004;0.0;0.0;0.0;0.0
2030-04-26 06:00:00;531.6935145711429;1075.0844963913657;0.0;210.02100210021004;0.0;0.0;0.0;0.0
2030-04-26 07:00:00;468.0174767997693;1075.0844963913657;0.0;210.02100210021004;0.0;0.0;0.0;0.0
2030-04-26 08:00:00;468.1134525921548;1075.0844963913657;0.0;210.02100210021004;0.0;0.0;0.0;0.0
2030-04-26 09:00:00;468.1624391013975;1075.0844963913657;0.0;210.02100210021004;0.0;0.0;0.0;0.0
2030-04-26 10:00:00;468.0389197454384;1075.0844963913657;0.0;210.02100210021004;0.0;0.0;0.0;0.0
2030-04-26 11:00:00;469.0497885008431;1075.0844963913657;0.0;210.02100210021004;0.0;0.0;0.0;0.0
2030-04-26 12:00:00;468.9372601324796;1075.0844963913657;0.0;210.02100210021004;0.0;0.0;0.0;0.0
2030-04-26 13:00:00;469.0211294061072;1075.0844963913657;0.0;210.02100210021004;0.0;0.0;0.0;0.0
2030-04-26 14:00:00;468.919856978516;1075.0844963913657;0.0;210.02100210021004;0.0;0.0;0.0;0.0
2030-04-26 15:00:00;468.7320550882989;1075.0844963913657;0.0;210.02100210021004;0.0;0.0;0.0;0.0
2030-04-26 16:00:00;468.5772365708608;1075.0844963913657;0.0;210.02100210021004;0.0;0.0;0.0;0.0
2030-04-26 17:00:00;468.5331968918844;1075.0844963913657;0.0;210.02100210021004;0.0;0.0;0.0;0.0
2030-04-26 18:00:00;468.6441599418758;1075.0844963913657;0.0;210.02100210021004;0.0;0.0;0.0;0.0
2030-04-26 19:00:00;468.6627082023909;1075.0844963913657;0.0;210.02100210021004;0.0;0.0;0.0;0.0
2030-04-26 20:00:00;468.8946918369428;1075.0844963913657;0.0;210.02100210021004;0.0;0.0;0.0;0.0
2030-04-26 21:00:00;468.6365543380073;1075.0844963913657;0.0;210.02100210021004;0.0;0.0;0.0;0.0
2030-04-26 22:00:00;467.7893027961919;1075.0844963913657;0.0;210.02100210021004;0.0;0.0;0.0;0.0
2030-04-26 23:00:00;466.7420118993711;1075.0844963913657;0.0;210.02100210021004;0.0;0.0;0.0;0.0
2030-04-27 00:00:00;464.8598078665192;1075.0844963913657;0.0;210.02100210021004;0.0;0.0;0.0;0.0
2030-04-27 01:00:00;463.5950553606552;1075.0844963913657;0.0;210.02100210021004;0.0;0.0;0.0;0.0
2030-04-27 02:00:00;462.8429000115509;1075.0844963913657;0.0;210.02100210021004;0.0;0.0;0.0;0.0
2030-04-27 03:00:00;462.8626543933358;1075.0844963913657;0.0;210.02100210021004;0.0;0.0;0.0;0.0
2030-04-27 04:00:00;462.8086566622433;1075.0844963913657;0.0;210.02100210021004;0.0;0.0;0.0;0.0
2030-04-27 05:00:00;462.8761265912075;1075.0844963913657;0.0;210.02100210021004;0.0;0.0;0.0;0.0
2030-04-27 06:00:00;463.0367943526189;1075.0844963913657;0.0;210.02100210021004;0.0;0.0;0.0;0.0
2030-04-27 07:00:00;463.3023709540612;1075.0844963913657;0.0;210.02100210021004;0.0;0.0;0.0;0.0
2030-04-27 08:00:00;463.3041321443491;1075.0844963913657;0.0;210.02100210021004;0.0;0.0;0.0;0.0
2030-04-27 09:00:00;463.2341384478589;1075.0844963913657;0.0;210.02100210021004;0.0;0.0;0.0;0.0
2030-04-27 10:00:00;463.3588924526795;1075.0844963913657;0.0;210.02100210021004;0.0;0.0;0.0;0.0
2030-04-27 11:00:00;463.4426488526559;1075.0844963913657;0.0;210.02100210021004;0.0;0.0;0.0;0.0
2030-04-27 12:00:00;463.4512550814849;1075.0844963913657;0.0;210.02100210021004;0.0;0.0;0.0;0.0
2030-04-27 13:00:00;463.1407953626046;1075.0844963913657;0.0;210.02100210021004;0.0;0.0;0.0;0.0
2030-04-27 14:00:00;463.1994593401297;1075.0844963913657;0.0;210.02100210021004;0.0;0.0;0.0;0.0
2030-04-27 15:00:00;463.3204186153611;1075.0844963913657;0.0;210.02100210021004;0.0;0.0;0.0;0.0
2030-04-27 16:00:00;463.4711547160773;1075.0844963913657;0.0;210.02100210021004;0.0;0.0;0.0;0.0
2030-04-27 17:00:00;463.5636989108917;1075.0844963913657;0.0;210.02100210021004;0.0;0.0;0.0;0.0
2030-04-27 18:00:00;463.7906927354103;1075.0844963913657;0.0;210.02100210021004;0.0;0.0;0.0;0.0
2030-04-27 19:00:00;464.5554306089421;1075.0844963913657;0.0;210.02100210021004;0.0;0.0;0.0;0.0
2030-04-27 20:00:00;464.3184688105267;1075.0844963913657;0.0;210.02100210021004;0.0;0.0;0.0;0.0
2030-04-27 21:00:00;464.1922259644318;1075.0844963913657;0.0;210.02100210021004;0.0;0.0;0.0;0.0
2030-04-27 22:00:00;463.8066342310052;1075.0844963913657;0.0;210.02100210021004;0.0;0.0;0.0;0.0
2030-04-27 23:00:00;463.9323686922746;1075.0844963913657;0.0;210.02100210021004;0.0;0.0;0.0;0.0
2030-04-28 00:00:00;463.9477291766405;1075.0844963913657;0.0;210.02100210021004;0.0;0.0;0.0;0.0
2030-04-28 01:00:00;463.7665081430044;1075.0844963913657;0.0;210.02100210021004;0.0;0.0;0.0;0.0
2030-04-28 02:00:00;463.64268012483;1075.0844963913657;0.0;210.02100210021004;0.0;0.0;0.0;0.0
2030-04-28 03:00:00;463.2681457613547;1075.0844963913657;0.0;210.02100210021004;0.0;0.0;0.0;0.0
2030-04-28 04:00:00;463.5782786614188;1075.0844963913657;0.0;210.02100210021004;0.0;0.0;0.0;0.0
2030-04-28 05:00:00;463.5879561297012;1075.0844963913657;0.0;210.02100210021004;0.0;0.0;0.0;0.0
2030-04-28 06:00:00;463.314317997457;1075.0844963913657;0.0;210.02100210021004;0.0;0.0;0.0;0.0
2030-04-28 07:00:00;463.3965310863563;1075.0844963913657;0.0;210.02100210021004;0.0;0.0;0.0;0.0
2030-04-28 08:00:00;463.2488271379914;1075.0844963913657;0.0;210.02100210021004;0.0;0.0;0.0;0.0
2030-04-28 09:00:00;463.5110447682663;1075.0844963913657;0.0;210.02100210021004;0.0;0.0;0.0;0.0
2030-04-28 10:00:00;463.5117347191007;1075.0844963913657;0.0;210.02100210021004;0.0;0.0;0.0;0.0
2030-04-28 11:00:00;463.5405129315356;1075.0844963913657;0.0;210.02100210021004;0.0;0.0;0.0;0.0
2030-04-28 12:00:00;463.7578474443725;1075.0844963913657;0.0;210.02100210021004;0.0;0.0;0.0;0.0
2030-04-28 13:00:00;463.8546402837989;1075.0844963913657;0.0;210.02100210021004;0.0;0.0;0.0;0.0
2030-04-28 14:00:00;463.6687893169318;1075.0844963913657;0.0;210.02100210021004;0.0;0.0;0.0;0.0
2030-04-28 15:00:00;463.6122496617127;1075.0844963913657;0.0;210.02100210021004;0.0;0.0;0.0;0.0
2030-04-28 16:00:00;463.8786977799984;1075.0844963913657;0.0;210.02100210021004;0.0;0.0;0.0;0.0
2030-04-28 17:00:00;528.1584184194289;1075.0844963913657;0.0;210.02100210021004;0.0;0.0;0.0;0.0
2030-04-28 18:00:00;529.0541764884113;1075.0844963913657;0.0;210.02100210021004;0.0;0.0;0.0;0.0
2030-04-28 19:00:00;530.1445531760771;1075.0844963913657;0.0;210.02100210021004;0.0;0.0;0.0;0.0
2030-04-28 20:00:00;530.1802195348782;1075.0844963913657;0.0;210.02100210021004;0.0;0.0;0.0;0.0
2030-04-28 21:00:00;530.4833279084232;1075.0844963913657;0.0;210.02100210021004;0.0;0.0;0.0;0.0
2030-04-28 22:00:00;530.4991336300999;1075.0844963913657;0.0;210.02100210021004;0.0;0.0;0.0;0.0
2030-04-28 23:00:00;530.4770221440664;1075.0844963913657;0.0;210.02100210021004;0.0;0.0;0.0;0.0
2030-04-29 00:00:00;530.0260204026982;1075.0844963913657;0.0;210.02100210021004;0.0;0.0;0.0;0.0
2030-04-29 01:00:00;529.4247678825428;1075.0844963913657;0.0;210.02100210021004;0.0;0.0;0.0;0.0
2030-04-29 02:00:00;529.4218271443407;1075.0844963913657;0.0;210.02100210021004;0.0;0.0;0.0;0.0
2030-04-29 03:00:00;521.2135802931654;1075.0844963913657;0.0;210.02100210021004;0.0;0.0;0.0;0.0
2030-04-29 04:00:00;466.696965372525;1075.0844963913657;0.0;210.02100210021004;0.0;0.0;0.0;0.0
2030-04-29 05:00:00;467.5986584866859;1075.0844963913657;0.0;210.02100210021004;0.0;0.0;0.0;0.0
2030-04-29 06:00:00;468.2798941526541;1075.0844963913657;0.0;210.02100210021004;0.0;0.0;0.0;0.0
2030-04-29 07:00:00;468.7180492457016;1075.0844963913657;0.0;210.02100210021004;0.0;0.0;0.0;0.0
2030-04-29 08:00:00;468.1352223566404;1075.0844963913657;0.0;210.02100210021004;0.0;0.0;0.0;0.0
2030-04-29 09:00:00;467.9240066183086;1075.0844963913657;0.0;210.02100210021004;0.0;0.0;0.0;0.0
2030-04-29 10:00:00;468.8618676814727;1075.0844963913657;0.0;210.02100210021004;0.0;0.0;0.0;0.0
2030-04-29 11:00:00;468.7339725846956;1075.0844963913657;0.0;210.02100210021004;0.0;0.0;0.0;0.0
2030-04-29 12:00:00;468.7339181148931;1075.0844963913657;0.0;210.02100210021004;0.0;0.0;0.0;0.0
2030-04-29 13:00:00;468.8273709894713;1075.0844963913657;0.0;210.02100210021004;0.0;0.0;0.0;0.0
2030-04-29 14:00:00;468.5013865270982;1075.0844963913657;0.0;210.02100210021004;0.0;0.0;0.0;0.0
2030-04-29 15:00:00;468.5558926430161;1075.0844963913657;0.0;210.02100210021004;0.0;0.0;0.0;0.0
2030-04-29 16:00:00;468.5684388542418;1075.0844963913657;0.0;210.02100210021004;0.0;0.0;0.0;0.0
2030-04-29 17:00:00;468.8731355455336;1075.0844963913657;0.0;210.02100210021004;0.0;0.0;0.0;0.0
2030-04-29 18:00:00;469.5674859988735;1075.0844963913657;0.0;210.02100210021004;0.0;0.0;0.0;0.0
2030-04-29 19:00:00;470.1390258898138;1075.0844963913657;0.0;210.02100210021004;0.0;0.0;0.0;0.0
2030-04-29 20:00:00;469.8950649202944;1075.0844963913657;0.0;210.02100210021004;0.0;0.0;0.0;0.0
2030-04-29 21:00:00;469.9502442510234;1075.0844963913657;0.0;210.02100210021004;0.0;0.0;0.0;0.0
2030-04-29 22:00:00;469.6326436383734;1075.0844963913657;0.0;210.02100210021004;0.0;0.0;0.0;0.0
2030-04-29 23:00:00;468.875693401902;1075.0844963913657;0.0;210.02100210021004;0.0;0.0;0.0;0.0
2030-04-30 00:00:00;468.4994437708014;1075.0844963913657;0.0;210.02100210021004;0.0;0.0;0.0;0.0
2030-04-30 01:00:00;468.4997342764159;1075.0844963913657;0.0;210.02100210021004;0.0;0.0;0.0;0.0
2030-04-30 02:00:00;468.7873614801978;1075.0844963913657;0.0;210.02100210021004;0.0;0.0;0.0;0.0
2030-04-30 03:00:00;468.7152173719239;1075.0844963913657;0.0;210.02100210021004;0.0;0.0;0.0;0.0
2030-04-30 04:00:00;468.7813177450343;1075.0844963913657;0.0;210.02100210021004;0.0;0.0;0.0;0.0
2030-04-30 05:00:00;469.1831262773791;1075.0844963913657;0.0;210.02100210021004;0.0;0.0;0.0;0.0
2030-04-30 06:00:00;470.4620691772165;1075.0844963913657;0.0;210.02100210021004;0.0;0.0;0.0;0.0
2030-04-30 07:00:00;470.8959276446295;1075.0844963913657;0.0;210.02100210021004;0.0;0.0;0.0;0.0
2030-04-30 08:00:00;471.05175403244;1075.0844963913657;0.0;210.02100210021004;0.0;0.0;0.0;0.0
2030-04-30 09:00:00;470.9234056007208;1075.0844963913657;0.0;210.02100210021004;0.0;0.0;0.0;0.0
2030-04-30 10:00:00;471.1315952562006;1075.0844963913657;0.0;210.02100210021004;0.0;0.0;0.0;0.0
2030-04-30 11:00:00;471.13785879425;1075.0844963913657;0.0;210.02100210021004;0.0;0.0;0.0;0.0
2030-04-30 12:00:00;470.9355988191983;1075.0844963913657;0.0;210.02100210021004;0.0;0.0;0.0;0.0
2030-04-30 13:00:00;470.951402548303;1075.0844963913657;0.0;210.02100210021004;0.0;0.0;0.0;0.0
2030-04-30 14:00:00;470.7523568184716;1075.0844963913657;0.0;210.02100210021004;0.0;0.0;0.0;0.0
2030-04-30 15:00:00;470.548010946902;1075.0844963913657;0.0;210.02100210021004;0.0;0.0;0.0;0.0
2030-04-30 16:00:00;470.7280749833049;1075.0844963913657;0.0;210.02100210021004;0.0;0.0;0.0;0.0
2030-04-30 17:00:00;471.1547727800665;1075.0844963913657;0.0;210.02100210021004;0.0;0.0;0.0;0.0
2030-04-30 18:00:00;471.1969280445218;1075.0844963913657;0.0;210.02100210021004;0.0;0.0;0.0;0.0
2030-04-30 19:00:00;471.2426756953091;1075.0844963913657;0.0;210.02100210021004;0.0;0.0;0.0;0.0
2030-04-30 20:00:00;535.2704763162656;1075.0844963913657;0.0;210.02100210021004;0.0;0.0;0.0;0.0
2030-04-30 21:00:00;534.8888986241735;1075.0844963913657;0.0;210.02100210021004;0.0;0.0;0.0;0.0
2030-04-30 22:00:00;534.6692419527111;1075.0844963913657;0.0;210.02100210021004;0.0;0.0;0.0;0.0
2030-04-30 23:00:00;534.3435212259375;1075.0844963913657;0.0;210.02100210021004;0.0;0.0;0.0;0.0
2030-05-01 00:00:00;532.9425778850452;1075.0844963913657;0.0;210.02100210021004;0.0;0.0;0.0;0.0
2030-05-01 01:00:00;530.3586965493862;1075.0844963913657;0.0;210.02100210021004;0.0;0.0;0.0;0.0
2030-05-01 02:00:00;529.5646638623261;1075.0844963913657;0.0;210.02100210021004;0.0;0.0;0.0;0.0
2030-05-01 03:00:00;529.0558037440419;1075.0844963913657;0.0;210.02100210021004;0.0;0.0;0.0;0.0
2030-05-01 04:00:00;529.1995636246029;1075.0844963913657;0.0;210.02100210021004;0.0;0.0;0.0;0.0
2030-05-01 05:00:00;528.8994180986998;1075.0844963913657;0.0;210.02100210021004;0.0;0.0;0.0;0.0
2030-05-01 06:00:00;529.3868727842722;1075.0844963913657;0.0;210.02100210021004;0.0;0.0;0.0;0.0
2030-05-01 07:00:00;530.3249570155123;1075.0844963913657;0.0;210.02100210021004;0.0;0.0;0.0;0.0
2030-05-01 08:00:00;530.2721714524628;1075.0844963913657;0.0;210.02100210021004;0.0;0.0;0.0;0.0
2030-05-01 09:00:00;466.4319153125089;1075.0844963913657;0.0;210.02100210021004;0.0;0.0;0.0;0.0
2030-05-01 10:00:00;466.3066892360647;1075.0844963913657;0.0;210.02100210021004;0.0;0.0;0.0;0.0
2030-05-01 11:00:00;466.3740139122216;1075.0844963913657;0.0;210.02100210021004;0.0;0.0;0.0;0.0
2030-05-01 12:00:00;466.5045780293321;1075.0844963913657;0.0;210.02100210021004;0.0;0.0;0.0;0.0
2030-05-01 13:00:00;466.5763510727108;1075.0844963913657;0.0;210.02100210021004;0.0;0.0;0.0;0.0
2030-05-01 14:00:00;466.8356818034417;1075.0844963913657;0.0;210.02100210021004;0.0;0.0;0.0;0.0
2030-05-01 15:00:00;466.9877978058266;1075.0844963913657;0.0;210.02100210021004;0.0;0.0;0.0;0.0
2030-05-01 16:00:00;466.8863205633667;1075.0844963913657;0.0;210.02100210021004;0.0;0.0;0.0;0.0
2030-05-01 17:00:00;466.9842027988474;1075.0844963913657;0.0;210.02100210021004;0.0;0.0;0.0;0.0
2030-05-01 18:00:00;467.1279849214167;1075.0844963913657;0.0;210.02100210021004;0.0;0.0;0.0;0.0
2030-05-01 19:00:00;467.2953887817639;1075.0844963913657;0.0;210.02100210021004;0.0;0.0;0.0;0.0
2030-05-01 20:00:00;467.5507795300985;1075.0844963913657;0.0;210.02100210021004;0.0;0.0;0.0;0.0
2030-05-01 21:00:00;467.966692787037;1075.0844963913657;0.0;210.02100210021004;0.0;0.0;0.0;0.0
2030-05-01 22:00:00;467.9177607475971;1075.0844963913657;0.0;210.02100210021004;0.0;0.0;0.0;0.0
2030-05-01 23:00:00;467.6533280120118;1075.0844963913657;0.0;210.02100210021004;0.0;0.0;0.0;0.0
2030-05-02 00:00:00;467.3204812042151;1075.0844963913657;0.0;210.02100210021004;0.0;0.0;0.0;0.0
2030-05-02 01:00:00;466.8056326289434;1075.0844963913657;0.0;210.02100210021004;0.0;0.0;0.0;0.0
2030-05-02 02:00:00;466.8248423127013;1075.0844963913657;0.0;210.02100210021004;0.0;0.0;0.0;0.0
2030-05-02 03:00:00;466.8575060377299;1075.0844963913657;0.0;210.02100210021004;0.0;0.0;0.0;0.0
2030-05-02 04:00:00;466.7671224784232;1075.0844963913657;0.0;210.02100210021004;0.0;0.0;0.0;0.0
2030-05-02 05:00:00;467.6151265237069;1075.0844963913657;0.0;210.02100210021004;0.0;0.0;0.0;0.0
2030-05-02 06:00:00;469.3061753447799;1075.0844963913657;0.0;210.02100210021004;0.0;0.0;0.0;0.0
2030-05-02 07:00:00;469.9335126095822;1075.0844963913657;0.0;210.02100210021004;0.0;0.0;0.0;0.0
2030-05-02 08:00:00;470.2328583861521;1075.0844963913657;0.0;210.02100210021004;0.0;0.0;0.0;0.0
2030-05-02 09:00:00;470.2688985909566;1075.0844963913657;0.0;210.02100210021004;0.0;0.0;0.0;0.0
2030-05-02 10:00:00;469.9934583359228;1075.0844963913657;0.0;210.02100210021004;0.0;0.0;0.0;0.0
2030-05-02 11:00:00;470.5047064947995;1075.0844963913657;0.0;210.02100210021004;0.0;0.0;0.0;0.0
2030-05-02 12:00:00;470.8698115516886;1075.0844963913657;0.0;210.02100210021004;0.0;0.0;0.0;0.0
2030-05-02 13:00:00;470.4719022135629;1075.0844963913657;0.0;210.02100210021004;0.0;0.0;0.0;0.0
2030-05-02 14:00:00;470.3906130344092;1075.0844963913657;0.0;210.02100210021004;0.0;0.0;0.0;0.0
2030-05-02 15:00:00;470.0794706407885;1075.0844963913657;0.0;210.02100210021004;0.0;0.0;0.0;0.0
2030-05-02 16:00:00;469.3786959022725;1075.0844963913657;0.0;210.02100210021004;0.0;0.0;0.0;0.0
2030-05-02 17:00:00;533.7071091272817;1075.0844963913657;0.0;210.02100210021004;0.0;0.0;0.0;0.0
2030-05-02 18:00:00;533.8999114359315;1075.0844963913657;0.0;210.02100210021004;0.0;0.0;0.0;0.0
2030-05-02 19:00:00;534.0797461518907;1075.0844963913657;0.0;210.02100210021004;0.0;0.0;0.0;0.0
2030-05-02 20:00:00;534.4396307004907;1075.0844963913657;0.0;210.02100210021004;0.0;0.0;0.0;0.0
2030-05-02 21:00:00;534.3508085755115;1075.0844963913657;0.0;210.02100210021004;0.0;0.0;0.0;0.0
2030-05-02 22:00:00;533.9721554575927;1075.0844963913657;0.0;210.02100210021004;0.0;0.0;0.0;0.0
2030-05-02 23:00:00;533.4116180403985;1075.0844963913657;0.0;210.02100210021004;0.0;0.0;0.0;0.0
2030-05-03 00:00:00;533.1185506927987;1075.0844963913657;0.0;210.02100210021004;0.0;0.0;0.0;0.0
2030-05-03 01:00:00;532.9891804098218;1075.0844963913657;0.0;210.02100210021004;0.0;0.0;0.0;0.0
2030-05-03 02:00:00;533.1081335183144;1075.0844963913657;0.0;210.02100210021004;0.0;0.0;0.0;0.0
2030-05-03 03:00:00;533.0235293332124;1075.0844963913657;0.0;210.02100210021004;0.0;0.0;0.0;0.0
2030-05-03 04:00:00;533.0950412392732;1075.0844963913657;0.0;210.02100210021004;0.0;0.0;0.0;0.0
2030-05-03 05:00:00;533.7789770327089;1075.0844963913657;0.0;210.02100210021004;0.0;0.0;0.0;0.0
2030-05-03 06:00:00;534.6573625072925;1075.0844963913657;0.0;210.02100210021004;0.0;0.0;0.0;0.0
2030-05-03 07:00:00;534.8169060000905;1075.0844963913657;0.0;210.02100210021004;0.0;0.0;0.0;0.0
2030-05-03 08:00:00;534.375215129334;1075.0844963913657;0.0;210.02100210021004;0.0;0.0;0.0;0.0
2030-05-03 09:00:00;469.198137507975;1075.0844963913657;0.0;210.02100210021004;0.0;0.0;0.0;0.0
2030-05-03 10:00:00;469.7642485739257;1075.0844963913657;0.0;210.02100210021004;0.0;0.0;0.0;0.0
2030-05-03 11:00:00;469.9268192501129;1075.0844963913657;0.0;210.02100210021004;0.0;0.0;0.0;0.0
2030-05-03 12:00:00;469.4157888150007;1075.0844963913657;0.0;210.02100210021004;0.0;0.0;0.0;0.0
2030-05-03 13:00:00;469.9732548299261;1075.0844963913657;0.0;210.02100210021004;0.0;0.0;0.0;0.0
2030-05-03 14:00:00;470.0398608670836;1075.0844963913657;0.0;210.02100210021004;0.0;0.0;0.0;0.0
2030-05-03 15:00:00;470.0522028739234;1075.0844963913657;0.0;210.02100210021004;0.0;0.0;0.0;0.0
2030-05-03 16:00:00;470.0991152189197;1075.0844963913657;0.0;210.02100210021004;0.0;0.0;0.0;0.0
2030-05-03 17:00:00;469.9074412912773;1075.0844963913657;0.0;210.02100210021004;0.0;0.0;0.0;0.0
2030-05-03 18:00:00;470.0155146961695;1075.0844963913657;0.0;210.02100210021004;0.0;0.0;0.0;0.0
2030-05-03 19:00:00;470.0929140240456;1075.0844963913657;0.0;210.02100210021004;0.0;0.0;0.0;0.0
2030-05-03 20:00:00;470.0526796391065;1075.0844963913657;0.0;210.02100210021004;0.0;0.0;0.0;0.0
2030-05-03 21:00:00;470.0620126191579;1075.0844963913657;0.0;210.02100210021004;0.0;0.0;0.0;0.0
2030-05-03 22:00:00;469.7847328043288;1075.0844963913657;0.0;210.02100210021004;0.0;0.0;0.0;0.0
2030-05-03 23:00:00;469.1980751647998;1075.0844963913657;0.0;210.02100210021004;0.0;0.0;0.0;0.0
2030-05-04 00:00:00;467.1434543453881;1075.0844963913657;0.0;210.02100210021004;0.0;0.0;0.0;0.0
2030-05-04 01:00:00;466.059015043115;1075.0844963913657;0.0;210.02100210021004;0.0;0.0;0.0;0.0
2030-05-04 02:00:00;465.3760726566616;1075.0844963913657;0.0;210.02100210021004;0.0;0.0;0.0;0.0
2030-05-04 03:00:00;465.2285139611041;1075.0844963913657;0.0;210.02100210021004;0.0;0.0;0.0;0.0
2030-05-04 04:00:00;465.3135413231437;1075.0844963913657;0.0;210.02100210021004;0.0;0.0;0.0;0.0
2030-05-04 05:00:00;465.3528140509019;1075.0844963913657;0.0;210.02100210021004;0.0;0.0;0.0;0.0
2030-05-04 06:00:00;487.4391861740652;1075.0844963913657;0.0;210.02100210021004;0.0;0.0;0.0;0.0
2030-05-04 07:00:00;465.9082789423989;1075.0844963913657;0.0;210.02100210021004;0.0;0.0;0.0;0.0
2030-05-04 08:00:00;465.60446453945;1075.0844963913657;0.0;210.02100210021004;0.0;0.0;0.0;0.0
2030-05-04 09:00:00;529.1879095467891;1075.0844963913657;0.0;210.02100210021004;0.0;0.0;0.0;0.0
2030-05-04 10:00:00;528.8226155088903;1075.0844963913657;0.0;210.02100210021004;0.0;0.0;0.0;0.0
2030-05-04 11:00:00;529.2904495366602;1075.0844963913657;0.0;210.02100210021004;0.0;0.0;0.0;0.0
2030-05-04 12:00:00;528.6892081750514;1075.0844963913657;0.0;210.02100210021004;0.0;0.0;0.0;0.0
2030-05-04 13:00:00;529.1138290659213;1075.0844963913657;0.0;210.02100210021004;0.0;0.0;0.0;0.0
2030-05-04 14:00:00;529.0856209544963;1075.0844963913657;0.0;210.02100210021004;0.0;0.0;0.0;0.0
2030-05-04 15:00:00;529.6089713193137;1075.0844963913657;0.0;210.02100210021004;0.0;0.0;0.0;0.0
2030-05-04 16:00:00;529.8100827964902;1075.0844963913657;0.0;210.02100210021004;0.0;0.0;0.0;0.0
2030-05-04 17:00:00;530.4585835118353;1075.0844963913657;0.0;210.02100210021004;0.0;0.0;0.0;0.0
2030-05-04 18:00:00;530.5913792038755;1075.0844963913657;0.0;210.02100210021004;0.0;0.0;0.0;0.0
2030-05-04 19:00:00;530.6263556733838;1075.0844963913657;0.0;210.02100210021004;0.0;0.0;0.0;0.0
2030-05-04 20:00:00;530.7177242637301;1075.0844963913657;0.0;210.02100210021004;0.0;0.0;0.0;0.0
2030-05-04 21:00:00;530.8743431823548;1075.0844963913657;0.0;210.02100210021004;0.0;0.0;0.0;0.0
2030-05-04 22:00:00;530.6648139820247;1075.0844963913657;0.0;210.02100210021004;0.0;0.0;0.0;0.0
2030-05-04 23:00:00;530.4575616928827;1075.0844963913657;0.0;210.02100210021004;0.0;0.0;0.0;0.0
2030-05-05 00:00:00;529.2350590856018;1075.0844963913657;0.0;210.02100210021004;0.0;0.0;0.0;0.0
2030-05-05 01:00:00;528.5750309713655;1075.0844963913657;0.0;210.02100210021004;0.0;0.0;0.0;0.0
2030-05-05 02:00:00;528.4630313225206;1075.0844963913657;0.0;210.02100210021004;0.0;0.0;0.0;0.0
2030-05-05 03:00:00;528.665333556185;1075.0844963913657;0.0;210.02100210021004;0.0;0.0;0.0;0.0
2030-05-05 04:00:00;528.1673109151936;1075.0844963913657;0.0;210.02100210021004;0.0;0.0;0.0;0.0
2030-05-05 05:00:00;528.1519437175366;1075.0844963913657;0.0;210.02100210021004;0.0;0.0;0.0;0.0
2030-05-05 06:00:00;527.9295977054505;1075.0844963913657;0.0;210.02100210021004;0.0;0.0;0.0;0.0
2030-05-05 07:00:00;528.1538022538778;1075.0844963913657;0.0;210.02100210021004;0.0;0.0;0.0;0.0
2030-05-05 08:00:00;528.099139997886;1075.0844963913657;0.0;210.02100210021004;0.0;0.0;0.0;0.0
2030-05-05 09:00:00;528.0002105186423;1075.0844963913657;0.0;210.02100210021004;0.0;0.0;0.0;0.0
2030-05-05 10:00:00;464.3737193470815;1075.0844963913657;0.0;210.02100210021004;0.0;0.0;0.0;0.0
2030-05-05 11:00:00;464.2525240360385;1075.0844963913657;0.0;210.02100210021004;0.0;0.0;0.0;0.0
2030-05-05 12:00:00;464.0062115881565;1075.0844963913657;0.0;210.02100210021004;0.0;0.0;0.0;0.0
2030-05-05 13:00:00;463.8792243214247;1075.0844963913657;0.0;210.02100210021004;0.0;0.0;0.0;0.0
2030-05-05 14:00:00;463.7983366643915;1075.0844963913657;0.0;210.02100210021004;0.0;0.0;0.0;0.0
2030-05-05 15:00:00;463.7696310783601;1075.0844963913657;0.0;210.02100210021004;0.0;0.0;0.0;0.0
2030-05-05 16:00:00;463.9613466273195;1075.0844963913657;0.0;210.02100210021004;0.0;0.0;0.0;0.0
2030-05-05 17:00:00;528.6755052138917;1075.0844963913657;0.0;210.02100210021004;0.0;0.0;0.0;0.0
2030-05-05 18:00:00;529.0468670293975;1075.0844963913657;0.0;210.02100210021004;0.0;0.0;0.0;0.0
2030-05-05 19:00:00;529.3085542466595;1075.0844963913657;0.0;210.02100210021004;0.0;0.0;0.0;0.0
2030-05-05 20:00:00;529.7921872577617;1075.0844963913657;0.0;210.02100210021004;0.0;0.0;0.0;0.0
2030-05-05 21:00:00;529.2062214677924;1075.0844963913657;0.0;210.02100210021004;0.0;0.0;0.0;0.0
2030-05-05 22:00:00;529.392991486798;1075.0844963913657;0.0;210.02100210021004;0.0;0.0;0.0;0.0
2030-05-05 23:00:00;529.5638050354978;1075.0844963913657;0.0;210.02100210021004;0.0;0.0;0.0;0.0
2030-05-06 00:00:00;529.6607954463192;1075.0844963913657;0.0;210.02100210021004;0.0;0.0;0.0;0.0
2030-05-06 01:00:00;519.2593502862178;1075.0844963913657;0.0;210.02100210021004;0.0;0.0;0.0;0.0
2030-05-06 02:00:00;507.2052798758541;1075.0844963913657;0.0;210.02100210021004;0.0;0.0;0.0;0.0
2030-05-06 03:00:00;530.3910803743809;1075.0844963913657;0.0;210.02100210021004;0.0;0.0;0.0;0.0
2030-05-06 04:00:00;466.7599324644647;1075.0844963913657;0.0;210.02100210021004;0.0;0.0;0.0;0.0
2030-05-06 05:00:00;531.7930474944925;1075.0844963913657;0.0;210.02100210021004;0.0;0.0;0.0;0.0
2030-05-06 06:00:00;533.6487499154756;1075.0844963913657;0.0;210.02100210021004;0.0;0.0;0.0;0.0
2030-05-06 07:00:00;534.4127581810772;1075.0844963913657;0.0;210.02100210021004;0.0;0.0;0.0;0.0
2030-05-06 08:00:00;533.7823381060248;1075.0844963913657;0.0;210.02100210021004;0.0;0.0;0.0;0.0
2030-05-06 09:00:00;469.5406293453085;1075.0844963913657;0.0;210.02100210021004;0.0;0.0;0.0;0.0
2030-05-06 10:00:00;469.2725558316083;1075.0844963913657;0.0;210.02100210021004;0.0;0.0;0.0;0.0
2030-05-06 11:00:00;469.050143523508;1075.0844963913657;0.0;210.02100210021004;0.0;0.0;0.0;0.0
2030-05-06 12:00:00;469.6411639707429;1075.0844963913657;0.0;210.02100210021004;0.0;0.0;0.0;0.0
2030-05-06 13:00:00;469.7664189230588;1075.0844963913657;0.0;210.02100210021004;0.0;0.0;0.0;0.0
2030-05-06 14:00:00;469.8545108927044;1075.0844963913657;0.0;210.02100210021004;0.0;0.0;0.0;0.0
2030-05-06 15:00:00;470.0968623774384;1075.0844963913657;0.0;210.02100210021004;0.0;0.0;0.0;0.0
2030-05-06 16:00:00;470.1099969150922;1075.0844963913657;0.0;210.02100210021004;0.0;0.0;0.0;0.0
2030-05-06 17:00:00;534.3249799844905;1075.0844963913657;0.0;210.02100210021004;0.0;0.0;0.0;0.0
2030-05-06 18:00:00;534.6303230429157;1075.0844963913657;0.0;210.02100210021004;0.0;0.0;0.0;0.0
2030-05-06 19:00:00;534.7366424809495;1075.0844963913657;0.0;210.02100210021004;0.0;0.0;0.0;0.0
2030-05-06 20:00:00;534.7201046436724;1075.0844963913657;0.0;210.02100210021004;0.0;0.0;0.0;0.0
2030-05-06 21:00:00;534.716558436487;1075.0844963913657;0.0;210.02100210021004;0.0;0.0;0.0;0.0
2030-05-06 22:00:00;534.7368737616601;1075.0844963913657;0.0;210.02100210021004;0.0;0.0;0.0;0.0
2030-05-06 23:00:00;534.3264201782899;1075.0844963913657;0.0;210.02100210021004;0.0;0.0;0.0;0.0
2030-05-07 00:00:00;534.2779168908648;1075.0844963913657;0.0;210.02100210021004;0.0;0.0;0.0;0.0
2030-05-07 01:00:00;534.1686326126171;1075.0844963913657;0.0;210.02100210021004;0.0;0.0;0.0;0.0
2030-05-07 02:00:00;534.2588767747948;1075.0844963913657;0.0;210.02100210021004;0.0;0.0;0.0;0.0
2030-05-07 03:00:00;534.3599323842922;1075.0844963913657;0.0;210.02100210021004;0.0;0.0;0.0;0.0
2030-05-07 04:00:00;534.3338744728273;1075.0844963913657;0.0;210.02100210021004;0.0;0.0;0.0;0.0
2030-05-07 05:00:00;534.5584551374885;1075.0844963913657;0.0;210.02100210021004;0.0;0.0;0.0;0.0
2030-05-07 06:00:00;535.2511626931774;1075.0844963913657;0.0;210.02100210021004;0.0;0.0;0.0;0.0
2030-05-07 07:00:00;535.1214123411273;1075.0844963913657;0.0;210.02100210021004;0.0;0.0;0.0;0.0
2030-05-07 08:00:00;535.2025326945245;1075.0844963913657;0.0;210.02100210021004;0.0;0.0;0.0;0.0
2030-05-07 09:00:00;534.9949244060161;1075.0844963913657;0.0;210.02100210021004;0.0;0.0;0.0;0.0
2030-05-07 10:00:00;534.8576834462269;1075.0844963913657;0.0;210.02100210021004;0.0;0.0;0.0;0.0
2030-05-07 11:00:00;535.0102734793775;1075.0844963913657;0.0;210.02100210021004;0.0;0.0;0.0;0.0
2030-05-07 12:00:00;534.972356271667;1075.0844963913657;0.0;210.02100210021004;0.0;0.0;0.0;0.0
2030-05-07 13:00:00;535.0433250842251;1075.0844963913657;0.0;210.02100210021004;0.0;0.0;0.0;0.0
2030-05-07 14:00:00;534.80976348604;1075.0844963913657;0.0;210.02100210021004;0.0;0.0;0.0;0.0
2030-05-07 15:00:00;534.5457831935612;1075.0844963913657;0.0;210.02100210021004;0.0;0.0;0.0;0.0
2030-05-07 16:00:00;534.6300313792967;1075.0844963913657;0.0;210.02100210021004;0.0;0.0;0.0;0.0
2030-05-07 17:00:00;534.8180122716583;1075.0844963913657;0.0;210.02100210021004;0.0;0.0;0.0;0.0
2030-05-07 18:00:00;534.864280906508;1075.0844963913657;0.0;210.02100210021004;0.0;0.0;0.0;0.0
2030-05-07 19:00:00;534.8925312442406;1075.0844963913657;0.0;210.02100210021004;0.0;0.0;0.0;0.0
2030-05-07 20:00:00;535.6906169187866;1075.0844963913657;0.0;210.02100210021004;0.0;0.0;0.0;0.0
2030-05-07 21:00:00;535.2314086181079;1075.0844963913657;0.0;210.02100210021004;0.0;0.0;0.0;0.0
2030-05-07 22:00:00;534.4223405984401;1075.0844963913657;0.0;210.02100210021004;0.0;0.0;0.0;0.0
2030-05-07 23:00:00;534.1221346896286;1075.0844963913657;0.0;210.02100210021004;0.0;0.0;0.0;0.0
2030-05-08 00:00:00;533.192568798186;1075.0844963913657;0.0;210.02100210021004;0.0;0.0;0.0;0.0
2030-05-08 01:00:00;532.7180153769849;1075.0844963913657;0.0;210.02100210021004;0.0;0.0;0.0;0.0
2030-05-08 02:00:00;532.2263206420954;1075.0844963913657;0.0;210.02100210021004;0.0;0.0;0.0;0.0
2030-05-08 03:00:00;532.7873810036192;1075.0844963913657;0.0;210.02100210021004;0.0;0.0;0.0;0.0
2030-05-08 04:00:00;532.1560618680031;1075.0844963913657;0.0;210.02100210021004;0.0;0.0;0.0;0.0
2030-05-08 05:00:00;532.4965866143687;1075.0844963913657;0.0;210.02100210021004;0.0;0.0;0.0;0.0
2030-05-08 06:00:00;533.824911745327;1075.0844963913657;0.0;210.02100210021004;0.0;0.0;0.0;0.0
2030-05-08 07:00:00;533.9465802567221;1075.0844963913657;0.0;210.02100210021004;0.0;0.0;0.0;0.0
2030-05-08 08:00:00;533.857754178904;1075.0844963913657;0.0;210.02100210021004;0.0;0.0;0.0;0.0
2030-05-08 09:00:00;533.8652708489218;1075.0844963913657;0.0;210.02100210021004;0.0;0.0;0.0;0.0
2030-05-08 10:00:00;469.4638938767519;1075.0844963913657;0.0;210.02100210021004;0.0;0.0;0.0;0.0
2030-05-08 11:00:00;469.5869603233336;1075.0844963913657;0.0;210.02100210021004;0.0;0.0;0.0;0.0
2030-05-08 12:00:00;469.5576238309012;1075.0844963913657;0.0;210.02100210021004;0.0;0.0;0.0;0.0
2030-05-08 13:00:00;469.3120359592019;1075.0844963913657;0.0;210.02100210021004;0.0;0.0;0.0;0.0
2030-05-08 14:00:00;469.3848230743657;1075.0844963913657;0.0;210.02100210021004;0.0;0.0;0.0;0.0
2030-05-08 15:00:00;469.221001258782;1075.0844963913657;0.0;210.02100210021004;0.0;0.0;0.0;0.0
2030-05-08 16:00:00;469.3466142030362;1075.0844963913657;0.0;210.02100210021004;0.0;0.0;0.0;0.0
2030-05-08 17:00:00;468.9852290777284;1075.0844963913657;0.0;210.02100210021004;0.0;0.0;0.0;0.0
2030-05-08 18:00:00;469.2219626948262;1075.0844963913657;0.0;210.02100210021004;0.0;0.0;0.0;0.0
2030-05-08 19:00:00;533.207748934012;1075.0844963913657;0.0;210.02100210021004;0.0;0.0;0.0;0.0
2030-05-08 20:00:00;533.1325621815766;1075.0844963913657;0.0;210.02100210021004;0.0;0.0;0.0;0.0
2030-05-08 21:00:00;468.7867887845748;1075.0844963913657;0.0;210.02100210021004;0.0;0.0;0.0;0.0
2030-05-08 22:00:00;468.6588768519981;1075.0844963913657;0.0;210.02100210021004;0.0;0.0;0.0;0.0
2030-05-08 23:00:00;468.3996187790239;1075.0844963913657;0.0;210.02100210021004;0.0;0.0;0.0;0.0
2030-05-09 00:00:00;467.5422640842738;1075.0844963913657;0.0;210.02100210021004;0.0;0.0;0.0;0.0
2030-05-09 01:00:00;466.7460426647721;1075.0844963913657;0.0;210.02100210021004;0.0;0.0;0.0;0.0
2030-05-09 02:00:00;466.7345858496008;1075.0844963913657;0.0;210.02100210021004;0.0;0.0;0.0;0.0
2030-05-09 03:00:00;466.5509681446452;1075.0844963913657;0.0;210.02100210021004;0.0;0.0;0.0;0.0
2030-05-09 04:00:00;466.8524403460773;1075.0844963913657;0.0;210.02100210021004;0.0;0.0;0.0;0.0
2030-05-09 05:00:00;467.448812059414;1075.0844963913657;0.0;210.02100210021004;0.0;0.0;0.0;0.0
2030-05-09 06:00:00;468.8894657148489;1075.0844963913657;0.0;210.02100210021004;0.0;0.0;0.0;0.0
2030-05-09 07:00:00;522.0535913563082;1075.0844963913657;0.0;210.02100210021004;0.0;0.0;0.0;0.0
2030-05-09 08:00:00;469.9380088062385;1075.0844963913657;0.0;210.02100210021004;0.0;0.0;0.0;0.0
2030-05-09 09:00:00;469.7639146839991;1075.0844963913657;0.0;210.02100210021004;0.0;0.0;0.0;0.0
2030-05-09 10:00:00;470.084773760749;1075.0844963913657;0.0;210.02100210021004;0.0;0.0;0.0;0.0
2030-05-09 11:00:00;469.8588776209439;1075.0844963913657;0.0;210.02100210021004;0.0;0.0;0.0;0.0
2030-05-09 12:00:00;469.2643453194586;1075.0844963913657;0.0;210.02100210021004;0.0;0.0;0.0;0.0
2030-05-09 13:00:00;469.5506281449462;1075.0844963913657;0.0;210.02100210021004;0.0;0.0;0.0;0.0
2030-05-09 14:00:00;470.5844678439453;1075.0844963913657;0.0;210.02100210021004;0.0;0.0;0.0;0.0
2030-05-09 15:00:00;470.5511005057718;1075.0844963913657;0.0;210.02100210021004;0.0;0.0;0.0;0.0
2030-05-09 16:00:00;470.5843411650226;1075.0844963913657;0.0;210.02100210021004;0.0;0.0;0.0;0.0
2030-05-09 17:00:00;534.6196986897324;1075.0844963913657;0.0;210.02100210021004;0.0;0.0;0.0;0.0
2030-05-09 18:00:00;534.9535636326416;1075.0844963913657;0.0;210.02100210021004;0.0;0.0;0.0;0.0
2030-05-09 19:00:00;535.1325213651716;1075.0844963913657;0.0;210.02100210021004;0.0;0.0;0.0;0.0
2030-05-09 20:00:00;534.9745668545354;1075.0844963913657;0.0;210.02100210021004;0.0;0.0;0.0;0.0
2030-05-09 21:00:00;534.8624002607272;1075.0844963913657;0.0;210.02100210021004;0.0;0.0;0.0;0.0
2030-05-09 22:00:00;534.6975988524983;1075.0844963913657;0.0;210.02100210021004;0.0;0.0;0.0;0.0
2030-05-09 23:00:00;534.5171768564624;1075.0844963913657;0.0;210.02100210021004;0.0;0.0;0.0;0.0
2030-05-10 00:00:00;534.3898522039626;1075.0844963913657;0.0;210.02100210021004;0.0;0.0;0.0;0.0
2030-05-10 01:00:00;534.4460209497679;1075.0844963913657;0.0;210.02100210021004;0.0;0.0;0.0;0.0
2030-05-10 02:00:00;533.7732766727247;1075.0844963913657;0.0;210.02100210021004;0.0;0.0;0.0;0.0
2030-05-10 03:00:00;533.5686332244303;1075.0844963913657;0.0;210.02100210021004;0.0;0.0;0.0;0.0
2030-05-10 04:00:00;533.6939122464527;1075.0844963913657;0.0;210.02100210021004;0.0;0.0;0.0;0.0
2030-05-10 05:00:00;533.8515127179892;1075.0844963913657;0.0;210.02100210021004;0.0;0.0;0.0;0.0
2030-05-10 06:00:00;534.5873551307786;1075.0844963913657;0.0;210.02100210021004;0.0;0.0;0.0;0.0
2030-05-10 07:00:00;534.9927761663228;1075.0844963913657;0.0;210.02100210021004;0.0;0.0;0.0;0.0
2030-05-10 08:00:00;534.9075866614107;1075.0844963913657;0.0;210.02100210021004;0.0;0.0;0.0;0.0
2030-05-10 09:00:00;535.1335652935641;1075.0844963913657;0.0;210.02100210021004;0.0;0.0;0.0;0.0
2030-05-10 10:00:00;471.2699665572641;1075.0844963913657;0.0;210.02100210021004;0.0;0.0;0.0;0.0
2030-05-10 11:00:00;471.181832361311;1075.0844963913657;0.0;210.02100210021004;0.0;0.0;0.0;0.0
2030-05-10 12:00:00;471.0109765863037;1075.0844963913657;0.0;210.02100210021004;0.0;0.0;0.0;0.0
2030-05-10 13:00:00;470.8741500485224;1075.0844963913657;0.0;210.02100210021004;0.0;0.0;0.0;0.0
2030-05-10 14:00:00;470.8352311387271;1075.0844963913657;0.0;210.02100210021004;0.0;0.0;0.0;0.0
2030-05-10 15:00:00;470.6376275629621;1075.0844963913657;0.0;210.02100210021004;0.0;0.0;0.0;0.0
2030-05-10 16:00:00;470.6443276324591;1075.0844963913657;0.0;210.02100210021004;0.0;0.0;0.0;0.0
2030-05-10 17:00:00;534.799513288824;1075.0844963913657;0.0;210.02100210021004;0.0;0.0;0.0;0.0
2030-05-10 18:00:00;535.0206503878213;1075.0844963913657;0.0;210.02100210021004;0.0;0.0;0.0;0.0
2030-05-10 19:00:00;535.0544321480025;1075.0844963913657;0.0;210.02100210021004;0.0;0.0;0.0;0.0
2030-05-10 20:00:00;534.5149220547144;1075.0844963913657;0.0;210.02100210021004;0.0;0.0;0.0;0.0
2030-05-10 21:00:00;534.3296786423898;1075.0844963913657;0.0;210.02100210021004;0.0;0.0;0.0;0.0
2030-05-10 22:00:00;534.6152916954521;1075.0844963913657;0.0;210.02100210021004;0.0;0.0;0.0;0.0
2030-05-10 23:00:00;534.0121182957805;1075.0844963913657;0.0;210.02100210021004;0.0;0.0;0.0;0.0
2030-05-11 00:00:00;523.7461591999565;1075.0844963913657;0.0;210.02100210021004;0.0;0.0;0.0;0.0
2030-05-11 01:00:00;467.3814692266562;1075.0844963913657;0.0;210.02100210021004;0.0;0.0;0.0;0.0
2030-05-11 02:00:00;466.5151451710589;1075.0844963913657;0.0;210.02100210021004;0.0;0.0;0.0;0.0
2030-05-11 03:00:00;465.9356772531651;1075.0844963913657;0.0;210.02100210021004;0.0;0.0;0.0;0.0
2030-05-11 04:00:00;466.0160020555702;1075.0844963913657;0.0;210.02100210021004;0.0;0.0;0.0;0.0
2030-05-11 05:00:00;466.0756646461451;1075.0844963913657;0.0;210.02100210021004;0.0;0.0;0.0;0.0
2030-05-11 06:00:00;466.1516137077322;1075.0844963913657;0.0;210.02100210021004;0.0;0.0;0.0;0.0
2030-05-11 07:00:00;466.2613885168059;1075.0844963913657;0.0;210.02100210021004;0.0;0.0;0.0;0.0
2030-05-11 08:00:00;466.5794013816629;1075.0844963913657;0.0;210.02100210021004;0.0;0.0;0.0;0.0
2030-05-11 09:00:00;465.8185853339265;1075.0844963913657;0.0;210.02100210021004;0.0;0.0;0.0;0.0
2030-05-11 10:00:00;466.2442849987531;1075.0844963913657;0.0;210.02100210021004;0.0;0.0;0.0;0.0
2030-05-11 11:00:00;465.8064385679209;1075.0844963913657;0.0;210.02100210021004;0.0;0.0;0.0;0.0
2030-05-11 12:00:00;466.2470811152925;1075.0844963913657;0.0;210.02100210021004;0.0;0.0;0.0;0.0
2030-05-11 13:00:00;466.048266335379;1075.0844963913657;0.0;210.02100210021004;0.0;0.0;0.0;0.0
2030-05-11 14:00:00;464.6628995297008;1075.0844963913657;0.0;210.02100210021004;0.0;0.0;0.0;0.0
2030-05-11 15:00:00;464.8401987375415;1075.0844963913657;0.0;210.02100210021004;0.0;0.0;0.0;0.0
2030-05-11 16:00:00;464.7386125554762;1075.0844963913657;0.0;210.02100210021004;0.0;0.0;0.0;0.0
2030-05-11 17:00:00;465.2095403131579;1075.0844963913657;0.0;210.02100210021004;0.0;0.0;0.0;0.0
2030-05-11 18:00:00;465.4356263076312;1075.0844963913657;0.0;210.02100210021004;0.0;0.0;0.0;0.0
2030-05-11 19:00:00;465.5384108253563;1075.0844963913657;0.0;210.02100210021004;0.0;0.0;0.0;0.0
2030-05-11 20:00:00;465.8946978049217;1075.0844963913657;0.0;210.02100210021004;0.0;0.0;0.0;0.0
2030-05-11 21:00:00;466.1064582412806;1075.0844963913657;0.0;210.02100210021004;0.0;0.0;0.0;0.0
2030-05-11 22:00:00;466.1126859553912;1075.0844963913657;0.0;210.02100210021004;0.0;0.0;0.0;0.0
2030-05-11 23:00:00;465.9863704828928;1075.0844963913657;0.0;210.02100210021004;0.0;0.0;0.0;0.0
2030-05-12 00:00:00;465.6966092890444;1075.0844963913657;0.0;210.02100210021004;0.0;0.0;0.0;0.0
2030-05-12 01:00:00;465.2400797158807;1075.0844963913657;0.0;210.02100210021004;0.0;0.0;0.0;0.0
2030-05-12 02:00:00;464.660375762175;1075.0844963913657;0.0;210.02100210021004;0.0;0.0;0.0;0.0
2030-05-12 03:00:00;464.5087863012164;1075.0844963913657;0.0;210.02100210021004;0.0;0.0;0.0;0.0
2030-05-12 04:00:00;464.5325169785997;1075.0844963913657;0.0;210.02100210021004;0.0;0.0;0.0;0.0
2030-05-12 05:00:00;464.8033953075064;1075.0844963913657;0.0;210.02100210021004;0.0;0.0;0.0;0.0
2030-05-12 06:00:00;464.6177440632493;1075.0844963913657;0.0;210.02100210021004;0.0;0.0;0.0;0.0
2030-05-12 07:00:00;464.4169683704381;1075.0844963913657;0.0;210.02100210021004;0.0;0.0;0.0;0.0
2030-05-12 08:00:00;464.4302953155026;1075.0844963913657;0.0;210.02100210021004;0.0;0.0;0.0;0.0
2030-05-12 09:00:00;464.5682854823832;1075.0844963913657;0.0;210.02100210021004;0.0;0.0;0.0;0.0
2030-05-12 10:00:00;464.6202315175734;1075.0844963913657;0.0;210.02100210021004;0.0;0.0;0.0;0.0
2030-05-12 11:00:00;464.5827199801029;1075.0844963913657;0.0;210.02100210021004;0.0;0.0;0.0;0.0
2030-05-12 12:00:00;464.5269247455208;1075.0844963913657;0.0;210.02100210021004;0.0;0.0;0.0;0.0
2030-05-12 13:00:00;464.3743548281132;1075.0844963913657;0.0;210.02100210021004;0.0;0.0;0.0;0.0
2030-05-12 14:00:00;464.2326425580471;1075.0844963913657;0.0;210.02100210021004;0.0;0.0;0.0;0.0
2030-05-12 15:00:00;464.1420774327313;1075.0844963913657;0.0;210.02100210021004;0.0;0.0;0.0;0.0
2030-05-12 16:00:00;463.974691728985;1075.0844963913657;0.0;210.02100210021004;0.0;0.0;0.0;0.0
2030-05-12 17:00:00;464.0570500706916;1075.0844963913657;0.0;210.02100210021004;0.0;0.0;0.0;0.0
2030-05-12 18:00:00;464.4007000560269;1075.0844963913657;0.0;210.02100210021004;0.0;0.0;0.0;0.0
2030-05-12 19:00:00;464.3904597331163;1075.0844963913657;0.0;210.02100210021004;0.0;0.0;0.0;0.0
2030-05-12 20:00:00;464.6481926829676;1075.0844963913657;0.0;210.02100210021004;0.0;0.0;0.0;0.0
2030-05-12 21:00:00;464.7309323132932;1075.0844963913657;0.0;210.02100210021004;0.0;0.0;0.0;0.0
2030-05-12 22:00:00;464.8007262871732;1075.0844963913657;0.0;210.02100210021004;0.0;0.0;0.0;0.0
2030-05-12 23:00:00;464.8702115988381;1075.0844963913657;0.0;210.02100210021004;0.0;0.0;0.0;0.0
2030-05-13 00:00:00;465.2586539186068;1075.0844963913657;0.0;210.02100210021004;0.0;0.0;0.0;0.0
2030-05-13 01:00:00;465.9582277514895;1075.0844963913657;0.0;210.02100210021004;0.0;0.0;0.0;0.0
2030-05-13 02:00:00;465.8834225557595;1075.0844963913657;0.0;210.02100210021004;0.0;0.0;0.0;0.0
2030-05-13 03:00:00;465.9719722983748;1075.0844963913657;0.0;210.02100210021004;0.0;0.0;0.0;0.0
2030-05-13 04:00:00;465.9512737733427;1075.0844963913657;0.0;210.02100210021004;0.0;0.0;0.0;0.0
2030-05-13 05:00:00;466.6616326271632;1075.0844963913657;0.0;210.02100210021004;0.0;0.0;0.0;0.0
2030-05-13 06:00:00;467.3298863234842;1075.0844963913657;0.0;210.02100210021004;0.0;0.0;0.0;0.0
2030-05-13 07:00:00;467.7563485655486;1075.0844963913657;0.0;210.02100210021004;0.0;0.0;0.0;0.0
2030-05-13 08:00:00;467.9947265788348;1075.0844963913657;0.0;210.02100210021004;0.0;0.0;0.0;0.0
2030-05-13 09:00:00;467.6765866177716;1075.0844963913657;0.0;210.02100210021004;0.0;0.0;0.0;0.0
2030-05-13 10:00:00;466.8906781475841;1075.0844963913657;0.0;210.02100210021004;0.0;0.0;0.0;0.0
2030-05-13 11:00:00;466.5246773865342;1075.0844963913657;0.0;210.02100210021004;0.0;0.0;0.0;0.0
2030-05-13 12:00:00;466.5157806520906;1075.0844963913657;0.0;210.02100210021004;0.0;0.0;0.0;0.0
2030-05-13 13:00:00;466.4698444518002;1075.0844963913657;0.0;210.02100210021004;0.0;0.0;0.0;0.0
2030-05-13 14:00:00;466.499022109455;1075.0844963913657;0.0;210.02100210021004;0.0;0.0;0.0;0.0
2030-05-13 15:00:00;466.4939382612014;1075.0844963913657;0.0;210.02100210021004;0.0;0.0;0.0;0.0
2030-05-13 16:00:00;466.969713831325;1075.0844963913657;0.0;210.02100210021004;0.0;0.0;0.0;0.0
2030-05-13 17:00:00;467.7504113570527;1075.0844963913657;0.0;210.02100210021004;0.0;0.0;0.0;0.0
2030-05-13 18:00:00;468.4015433787198;1075.0844963913657;0.0;210.02100210021004;0.0;0.0;0.0;0.0
2030-05-13 19:00:00;468.7138006010899;1075.0844963913657;0.0;210.02100210021004;0.0;0.0;0.0;0.0
2030-05-13 20:00:00;532.7436367570019;1075.0844963913657;0.0;210.02100210021004;0.0;0.0;0.0;0.0
2030-05-13 21:00:00;532.4491090987351;1075.0844963913657;0.0;210.02100210021004;0.0;0.0;0.0;0.0
2030-05-13 22:00:00;532.8904601341541;1075.0844963913657;0.0;210.02100210021004;0.0;0.0;0.0;0.0
2030-05-13 23:00:00;524.1715282686307;1075.0844963913657;0.0;210.02100210021004;0.0;0.0;0.0;0.0
2030-05-14 00:00:00;467.3531086160421;1075.0844963913657;0.0;210.02100210021004;0.0;0.0;0.0;0.0
2030-05-14 01:00:00;493.757448468356;1075.0844963913657;0.0;210.02100210021004;0.0;0.0;0.0;0.0
2030-05-14 02:00:00;531.6108514147304;1075.0844963913657;0.0;210.02100210021004;0.0;0.0;0.0;0.0
2030-05-14 03:00:00;532.2860174384849;1075.0844963913657;0.0;210.02100210021004;0.0;0.0;0.0;0.0
2030-05-14 04:00:00;532.5436074816866;1075.0844963913657;0.0;210.02100210021004;0.0;0.0;0.0;0.0
2030-05-14 05:00:00;533.7355485194173;1075.0844963913657;0.0;210.02100210021004;0.0;0.0;0.0;0.0
2030-05-14 06:00:00;530.9338339311388;1075.0844963913657;0.0;210.02100210021004;0.0;0.0;0.0;0.0
2030-05-14 07:00:00;470.4525451824953;1075.0844963913657;0.0;210.02100210021004;0.0;0.0;0.0;0.0
2030-05-14 08:00:00;469.9481986205461;1075.0844963913657;0.0;210.02100210021004;0.0;0.0;0.0;0.0
2030-05-14 09:00:00;469.7740622719991;1075.0844963913657;0.0;210.02100210021004;0.0;0.0;0.0;0.0
2030-05-14 10:00:00;469.324146685331;1075.0844963913657;0.0;210.02100210021004;0.0;0.0;0.0;0.0
2030-05-14 11:00:00;468.9828917836319;1075.0844963913657;0.0;210.02100210021004;0.0;0.0;0.0;0.0
2030-05-14 12:00:00;468.7355077510721;1075.0844963913657;0.0;210.02100210021004;0.0;0.0;0.0;0.0
2030-05-14 13:00:00;468.7505832851098;1075.0844963913657;0.0;210.02100210021004;0.0;0.0;0.0;0.0
2030-05-14 14:00:00;469.2255329717182;1075.0844963913657;0.0;210.02100210021004;0.0;0.0;0.0;0.0
2030-05-14 15:00:00;469.3732775188737;1075.0844963913657;0.0;210.02100210021004;0.0;0.0;0.0;0.0
2030-05-14 16:00:00;469.1450823907462;1075.0844963913657;0.0;210.02100210021004;0.0;0.0;0.0;0.0
2030-05-14 17:00:00;469.2643492722975;1075.0844963913657;0.0;210.02100210021004;0.0;0.0;0.0;0.0
2030-05-14 18:00:00;469.7849400153328;1075.0844963913657;0.0;210.02100210021004;0.0;0.0;0.0;0.0
2030-05-14 19:00:00;469.8927821395142;1075.0844963913657;0.0;210.02100210021004;0.0;0.0;0.0;0.0
2030-05-14 20:00:00;470.0851277998485;1075.0844963913657;0.0;210.02100210021004;0.0;0.0;0.0;0.0
2030-05-14 21:00:00;470.2636912595436;1075.0844963913657;0.0;210.02100210021004;0.0;0.0;0.0;0.0
2030-05-14 22:00:00;469.6996881672456;1075.0844963913657;0.0;210.02100210021004;0.0;0.0;0.0;0.0
2030-05-14 23:00:00;469.6463615032653;1075.0844963913657;0.0;210.02100210021004;0.0;0.0;0.0;0.0
2030-05-15 00:00:00;469.3172978274716;1075.0844963913657;0.0;210.02100210021004;0.0;0.0;0.0;0.0
2030-05-15 01:00:00;469.0572639281187;1075.0844963913657;0.0;210.02100210021004;0.0;0.0;0.0;0.0
2030-05-15 02:00:00;468.8067078443408;1075.0844963913657;0.0;210.02100210021004;0.0;0.0;0.0;0.0
2030-05-15 03:00:00;469.1473150830544;1075.0844963913657;0.0;210.02100210021004;0.0;0.0;0.0;0.0
2030-05-15 04:00:00;469.2557464475798;1075.0844963913657;0.0;210.02100210021004;0.0;0.0;0.0;0.0
2030-05-15 05:00:00;469.6847594289979;1075.0844963913657;0.0;210.02100210021004;0.0;0.0;0.0;0.0
2030-05-15 06:00:00;470.2656946314082;1075.0844963913657;0.0;210.02100210021004;0.0;0.0;0.0;0.0
2030-05-15 07:00:00;470.2958457640945;1075.0844963913657;0.0;210.02100210021004;0.0;0.0;0.0;0.0
2030-05-15 08:00:00;470.3302349212206;1075.0844963913657;0.0;210.02100210021004;0.0;0.0;0.0;0.0
2030-05-15 09:00:00;470.3242026638818;1075.0844963913657;0.0;210.02100210021004;0.0;0.0;0.0;0.0
2030-05-15 10:00:00;470.1222323598772;1075.0844963913657;0.0;210.02100210021004;0.0;0.0;0.0;0.0
2030-05-15 11:00:00;469.8869570608742;1075.0844963913657;0.0;210.02100210021004;0.0;0.0;0.0;0.0
2030-05-15 12:00:00;469.7549175864464;1075.0844963913657;0.0;210.02100210021004;0.0;0.0;0.0;0.0
2030-05-15 13:00:00;468.7507060434988;1075.0844963913657;0.0;210.02100210021004;0.0;0.0;0.0;0.0
2030-05-15 14:00:00;468.4475340488129;1075.0844963913657;0.0;210.02100210021004;0.0;0.0;0.0;0.0
2030-05-15 15:00:00;468.6297900087009;1075.0844963913657;0.0;210.02100210021004;0.0;0.0;0.0;0.0
2030-05-15 16:00:00;468.6568534217782;1075.0844963913657;0.0;210.02100210021004;0.0;0.0;0.0;0.0
2030-05-15 17:00:00;469.2588603860333;1075.0844963913657;0.0;210.02100210021004;0.0;0.0;0.0;0.0
2030-05-15 18:00:00;469.3796879173239;1075.0844963913657;0.0;210.02100210021004;0.0;0.0;0.0;0.0
2030-05-15 19:00:00;533.355266153296;1075.0844963913657;0.0;210.02100210021004;0.0;0.0;0.0;0.0
2030-05-15 20:00:00;533.7033075696792;1075.0844963913657;0.0;210.02100210021004;0.0;0.0;0.0;0.0
2030-05-15 21:00:00;533.2427435601213;1075.0844963913657;0.0;210.02100210021004;0.0;0.0;0.0;0.0
2030-05-15 22:00:00;533.2013626375738;1075.0844963913657;0.0;210.02100210021004;0.0;0.0;0.0;0.0
2030-05-15 23:00:00;532.4420510372995;1075.0844963913657;0.0;210.02100210021004;0.0;0.0;0.0;0.0
2030-05-16 00:00:00;531.9699615891172;1075.0844963913657;0.0;210.02100210021004;0.0;0.0;0.0;0.0
2030-05-16 01:00:00;531.3753910141634;1075.0844963913657;0.0;210.02100210021004;0.0;0.0;0.0;0.0
2030-05-16 02:00:00;531.4151466413471;1075.0844963913657;0.0;210.02100210021004;0.0;0.0;0.0;0.0
2030-05-16 03:00:00;531.4131633863502;1075.0844963913657;0.0;210.02100210021004;0.0;0.0;0.0;0.0
2030-05-16 04:00:00;531.6104733059242;1075.0844963913657;0.0;210.02100210021004;0.0;0.0;0.0;0.0
2030-05-16 05:00:00;532.0926921855057;1075.0844963913657;0.0;210.02100210021004;0.0;0.0;0.0;0.0
2030-05-16 06:00:00;532.9268546557167;1075.0844963913657;0.0;210.02100210021004;0.0;0.0;0.0;0.0
2030-05-16 07:00:00;534.2957500541129;1075.0844963913657;0.0;210.02100210021004;0.0;0.0;0.0;0.0
2030-05-16 08:00:00;470.0962549804938;1075.0844963913657;0.0;210.02100210021004;0.0;0.0;0.0;0.0
2030-05-16 09:00:00;470.005596396308;1075.0844963913657;0.0;210.02100210021004;0.0;0.0;0.0;0.0
2030-05-16 10:00:00;469.9740051021274;1075.0844963913657;0.0;210.02100210021004;0.0;0.0;0.0;0.0
2030-05-16 11:00:00;469.7198586245899;1075.0844963913657;0.0;210.02100210021004;0.0;0.0;0.0;0.0
2030-05-16 12:00:00;469.8706745740142;1075.0844963913657;0.0;210.02100210021004;0.0;0.0;0.0;0.0
2030-05-16 13:00:00;469.9980817188623;1075.0844963913657;0.0;210.02100210021004;0.0;0.0;0.0;0.0
2030-05-16 14:00:00;469.4492386455224;1075.0844963913657;0.0;210.02100210021004;0.0;0.0;0.0;0.0
2030-05-16 15:00:00;469.3348795931412;1075.0844963913657;0.0;210.02100210021004;0.0;0.0;0.0;0.0
2030-05-16 16:00:00;469.4495101922736;1075.0844963913657;0.0;210.02100210021004;0.0;0.0;0.0;0.0
2030-05-16 17:00:00;469.7035319511555;1075.0844963913657;0.0;210.02100210021004;0.0;0.0;0.0;0.0
2030-05-16 18:00:00;469.6221420112738;1075.0844963913657;0.0;210.02100210021004;0.0;0.0;0.0;0.0
2030-05-16 19:00:00;469.4886986562482;1075.0844963913657;0.0;210.02100210021004;0.0;0.0;0.0;0.0
2030-05-16 20:00:00;469.608444295555;1075.0844963913657;0.0;210.02100210021004;0.0;0.0;0.0;0.0
2030-05-16 21:00:00;469.5528407203868;1075.0844963913657;0.0;210.02100210021004;0.0;0.0;0.0;0.0
2030-05-16 22:00:00;469.506968350944;1075.0844963913657;0.0;210.02100210021004;0.0;0.0;0.0;0.0
2030-05-16 23:00:00;469.0916108589373;1075.0844963913657;0.0;210.02100210021004;0.0;0.0;0.0;0.0
2030-05-17 00:00:00;469.0327287028016;1075.0844963913657;0.0;210.02100210021004;0.0;0.0;0.0;0.0
2030-05-17 01:00:00;469.539897229708;1075.0844963913657;0.0;210.02100210021004;0.0;0.0;0.0;0.0
2030-05-17 02:00:00;469.3588918741287;1075.0844963913657;0.0;210.02100210021004;0.0;0.0;0.0;0.0
2030-05-17 03:00:00;469.2291636315184;1075.0844963913657;0.0;210.02100210021004;0.0;0.0;0.0;0.0
2030-05-17 04:00:00;469.6925918323413;1075.0844963913657;0.0;210.02100210021004;0.0;0.0;0.0;0.0
2030-05-17 05:00:00;470.0476692007203;1075.0844963913657;0.0;210.02100210021004;0.0;0.0;0.0;0.0
2030-05-17 06:00:00;469.6098442233138;1075.0844963913657;0.0;210.02100210021004;0.0;0.0;0.0;0.0
2030-05-17 07:00:00;469.9521852797128;1075.0844963913657;0.0;210.02100210021004;0.0;0.0;0.0;0.0
2030-05-17 08:00:00;470.116133774219;1075.0844963913657;0.0;210.02100210021004;0.0;0.0;0.0;0.0
2030-05-17 09:00:00;470.2609336303335;1075.0844963913657;0.0;210.02100210021004;0.0;0.0;0.0;0.0
2030-05-17 10:00:00;470.2229540471425;1075.0844963913657;0.0;210.02100210021004;0.0;0.0;0.0;0.0
2030-05-17 11:00:00;470.1785017546314;1075.0844963913657;0.0;210.02100210021004;0.0;0.0;0.0;0.0
2030-05-17 12:00:00;469.9790396425254;1075.0844963913657;0.0;210.02100210021004;0.0;0.0;0.0;0.0
2030-05-17 13:00:00;470.4511914338829;1075.0844963913657;0.0;210.02100210021004;0.0;0.0;0.0;0.0
2030-05-17 14:00:00;470.5774259788437;1075.0844963913657;0.0;210.02100210021004;0.0;0.0;0.0;0.0
2030-05-17 15:00:00;470.6361613391892;1075.0844963913657;0.0;210.02100210021004;0.0;0.0;0.0;0.0
2030-05-17 16:00:00;471.091614261412;1075.0844963913657;0.0;210.02100210021004;0.0;0.0;0.0;0.0
2030-05-17 17:00:00;471.3339416764393;1075.0844963913657;0.0;210.02100210021004;0.0;0.0;0.0;0.0
2030-05-17 18:00:00;471.4596169638688;1075.0844963913657;0.0;210.02100210021004;0.0;0.0;0.0;0.0
2030-05-17 19:00:00;535.5983875090399;1075.0844963913657;0.0;210.02100210021004;0.0;0.0;0.0;0.0
2030-05-17 20:00:00;535.4667000811395;1075.0844963913657;0.0;210.02100210021004;0.0;0.0;0.0;0.0
2030-05-17 21:00:00;535.1155892550594;1075.0844963913657;0.0;210.02100210021004;0.0;0.0;0.0;0.0
2030-05-17 22:00:00;534.1232208443286;1075.0844963913657;0.0;210.02100210021004;0.0;0.0;0.0;0.0
2030-05-17 23:00:00;532.8862883734232;1075.0844963913657;0.0;210.02100210021004;0.0;0.0;0.0;0.0
2030-05-18 00:00:00;531.7068965535362;1075.0844963913657;0.0;210.02100210021004;0.0;0.0;0.0;0.0
2030-05-18 01:00:00;530.846028508875;1075.0844963913657;0.0;210.02100210021004;0.0;0.0;0.0;0.0
2030-05-18 02:00:00;530.2298895090847;1075.0844963913657;0.0;210.02100210021004;0.0;0.0;0.0;0.0
2030-05-18 03:00:00;530.2343367371005;1075.0844963913657;0.0;210.02100210021004;0.0;0.0;0.0;0.0
2030-05-18 04:00:00;530.3142020305676;1075.0844963913657;0.0;210.02100210021004;0.0;0.0;0.0;0.0
2030-05-18 05:00:00;530.3555667567811;1075.0844963913657;0.0;210.02100210021004;0.0;0.0;0.0;0.0
2030-05-18 06:00:00;530.3405093470387;1075.0844963913657;0.0;210.02100210021004;0.0;0.0;0.0;0.0
2030-05-18 07:00:00;530.6733946973027;1075.0844963913657;0.0;210.02100210021004;0.0;0.0;0.0;0.0
2030-05-18 08:00:00;531.2587992694737;1075.0844963913657;0.0;210.02100210021004;0.0;0.0;0.0;0.0
2030-05-18 09:00:00;467.1487379162515;1075.0844963913657;0.0;210.02100210021004;0.0;0.0;0.0;0.0
2030-05-18 10:00:00;466.7116903758592;1075.0844963913657;0.0;210.02100210021004;0.0;0.0;0.0;0.0
2030-05-18 11:00:00;466.544286515512;1075.0844963913657;0.0;210.02100210021004;0.0;0.0;0.0;0.0
2030-05-18 12:00:00;466.3796787717041;1075.0844963913657;0.0;210.02100210021004;0.0;0.0;0.0;0.0
2030-05-18 13:00:00;466.3516812931082;1075.0844963913657;0.0;210.02100210021004;0.0;0.0;0.0;0.0
2030-05-18 14:00:00;467.0481685038369;1075.0844963913657;0.0;210.02100210021004;0.0;0.0;0.0;0.0
2030-05-18 15:00:00;466.5698873227884;1075.0844963913657;0.0;210.02100210021004;0.0;0.0;0.0;0.0
2030-05-18 16:00:00;466.4035910150965;1075.0844963913657;0.0;210.02100210021004;0.0;0.0;0.0;0.0
2030-05-18 17:00:00;466.4008312117589;1075.0844963913657;0.0;210.02100210021004;0.0;0.0;0.0;0.0
2030-05-18 18:00:00;530.4394186771095;1075.0844963913657;0.0;210.02100210021004;0.0;0.0;0.0;0.0
2030-05-18 19:00:00;530.5511870775492;1075.0844963913657;0.0;210.02100210021004;0.0;0.0;0.0;0.0
2030-05-18 20:00:00;530.6146613295293;1075.0844963913657;0.0;210.02100210021004;0.0;0.0;0.0;0.0
2030-05-18 21:00:00;530.5633822562934;1075.0844963913657;0.0;210.02100210021004;0.0;0.0;0.0;0.0
2030-05-18 22:00:00;530.4409413632571;1075.0844963913657;0.0;210.02100210021004;0.0;0.0;0.0;0.0
2030-05-18 23:00:00;530.4229653247527;1075.0844963913657;0.0;210.02100210021004;0.0;0.0;0.0;0.0
2030-05-19 00:00:00;530.5745094369385;1075.0844963913657;0.0;210.02100210021004;0.0;0.0;0.0;0.0
2030-05-19 01:00:00;529.6079877738297;1075.0844963913657;0.0;210.02100210021004;0.0;0.0;0.0;0.0
2030-05-19 02:00:00;529.7732095171722;1075.0844963913657;0.0;210.02100210021004;0.0;0.0;0.0;0.0
2030-05-19 03:00:00;529.4479675158486;1075.0844963913657;0.0;210.02100210021004;0.0;0.0;0.0;0.0
2030-05-19 04:00:00;529.3494362945839;1075.0844963913657;0.0;210.02100210021004;0.0;0.0;0.0;0.0
2030-05-19 05:00:00;465.4243873716708;1075.0844963913657;0.0;210.02100210021004;0.0;0.0;0.0;0.0
2030-05-19 06:00:00;464.3353726059696;1075.0844963913657;0.0;210.02100210021004;0.0;0.0;0.0;0.0
2030-05-19 07:00:00;464.4106498733231;1075.0844963913657;0.0;210.02100210021004;0.0;0.0;0.0;0.0
2030-05-19 08:00:00;464.4696769828663;1075.0844963913657;0.0;210.02100210021004;0.0;0.0;0.0;0.0
2030-05-19 09:00:00;464.5083323861937;1075.0844963913657;0.0;210.02100210021004;0.0;0.0;0.0;0.0
2030-05-19 10:00:00;464.3735014678707;1075.0844963913657;0.0;210.02100210021004;0.0;0.0;0.0;0.0
2030-05-19 11:00:00;464.4537718004732;1075.0844963913657;0.0;210.02100210021004;0.0;0.0;0.0;0.0
2030-05-19 12:00:00;464.4112671977538;1075.0844963913657;0.0;210.02100210021004;0.0;0.0;0.0;0.0
2030-05-19 13:00:00;464.2639082248061;1075.0844963913657;0.0;210.02100210021004;0.0;0.0;0.0;0.0
2030-05-19 14:00:00;464.1529713932745;1075.0844963913657;0.0;210.02100210021004;0.0;0.0;0.0;0.0
2030-05-19 15:00:00;464.3632429883592;1075.0844963913657;0.0;210.02100210021004;0.0;0.0;0.0;0.0
2030-05-19 16:00:00;464.9341591472267;1075.0844963913657;0.0;210.02100210021004;0.0;0.0;0.0;0.0
2030-05-19 17:00:00;465.3492008873218;1075.0844963913657;0.0;210.02100210021004;0.0;0.0;0.0;0.0
2030-05-19 18:00:00;465.7006037412436;1075.0844963913657;0.0;210.02100210021004;0.0;0.0;0.0;0.0
2030-05-19 19:00:00;529.3348213293951;1075.0844963913657;0.0;210.02100210021004;0.0;0.0;0.0;0.0
2030-05-19 20:00:00;529.3920943865012;1075.0844963913657;0.0;210.02100210021004;0.0;0.0;0.0;0.0
2030-05-19 21:00:00;529.425644865972;1075.0844963913657;0.0;210.02100210021004;0.0;0.0;0.0;0.0
2030-05-19 22:00:00;529.254956035928;1075.0844963913657;0.0;210.02100210021004;0.0;0.0;0.0;0.0
2030-05-19 23:00:00;529.1666327855719;1075.0844963913657;0.0;210.02100210021004;0.0;0.0;0.0;0.0
2030-05-20 00:00:00;529.2161598845215;1075.0844963913657;0.0;210.02100210021004;0.0;0.0;0.0;0.0
2030-05-20 01:00:00;529.6930947863934;1075.0844963913657;0.0;210.02100210021004;0.0;0.0;0.0;0.0
2030-05-20 02:00:00;529.9855969633561;1075.0844963913657;0.0;210.02100210021004;0.0;0.0;0.0;0.0
2030-05-20 03:00:00;530.0984735956303;1075.0844963913657;0.0;210.02100210021004;0.0;0.0;0.0;0.0
2030-05-20 04:00:00;531.1971010614864;1075.0844963913657;0.0;210.02100210021004;0.0;0.0;0.0;0.0
2030-05-20 05:00:00;531.9498132412127;1075.0844963913657;0.0;210.02100210021004;0.0;0.0;0.0;0.0
2030-05-20 06:00:00;533.1251078870393;1075.0844963913657;0.0;210.02100210021004;0.0;0.0;0.0;0.0
2030-05-20 07:00:00;496.8862016919762;1075.0844963913657;0.0;210.02100210021004;0.0;0.0;0.0;0.0
2030-05-20 08:00:00;469.2982154850939;1075.0844963913657;0.0;210.02100210021004;0.0;0.0;0.0;0.0
2030-05-20 09:00:00;469.8648656917084;1075.0844963913657;0.0;210.02100210021004;0.0;0.0;0.0;0.0
2030-05-20 10:00:00;469.5596070858981;1075.0844963913657;0.0;210.02100210021004;0.0;0.0;0.0;0.0
2030-05-20 11:00:00;469.4724161693883;1075.0844963913657;0.0;210.02100210021004;0.0;0.0;0.0;0.0
2030-05-20 12:00:00;469.751305083247;1075.0844963913657;0.0;210.02100210021004;0.0;0.0;0.0;0.0
2030-05-20 13:00:00;469.7615351635953;1075.0844963913657;0.0;210.02100210021004;0.0;0.0;0.0;0.0
2030-05-20 14:00:00;469.5697949399388;1075.0844963913657;0.0;210.02100210021004;0.0;0.0;0.0;0.0
2030-05-20 15:00:00;469.4729371534511;1075.0844963913657;0.0;210.02100210021004;0.0;0.0;0.0;0.0
2030-05-20 16:00:00;469.5605906313821;1075.0844963913657;0.0;210.02100210021004;0.0;0.0;0.0;0.0
2030-05-20 17:00:00;534.1935641033411;1075.0844963913657;0.0;210.02100210021004;0.0;0.0;0.0;0.0
2030-05-20 18:00:00;534.4575262392192;1075.0844963913657;0.0;210.02100210021004;0.0;0.0;0.0;0.0
2030-05-20 19:00:00;534.6815014672026;1075.0844963913657;0.0;210.02100210021004;0.0;0.0;0.0;0.0
2030-05-20 20:00:00;534.7452453056674;1075.0844963913657;0.0;210.02100210021004;0.0;0.0;0.0;0.0
2030-05-20 21:00:00;534.5882703876764;1075.0844963913657;0.0;210.02100210021004;0.0;0.0;0.0;0.0
2030-05-20 22:00:00;534.4111711914874;1075.0844963913657;0.0;210.02100210021004;0.0;0.0;0.0;0.0
2030-05-20 23:00:00;534.29180170072;1075.0844963913657;0.0;210.02100210021004;0.0;0.0;0.0;0.0
2030-05-21 00:00:00;533.7952010969273;1075.0844963913657;0.0;210.02100210021004;0.0;0.0;0.0;0.0
2030-05-21 01:00:00;469.2871707967971;1075.0844963913657;0.0;210.02100210021004;0.0;0.0;0.0;0.0
2030-05-21 02:00:00;468.4239304676361;1075.0844963913657;0.0;210.02100210021004;0.0;0.0;0.0;0.0
2030-05-21 03:00:00;468.3643949732676;1075.0844963913657;0.0;210.02100210021004;0.0;0.0;0.0;0.0
2030-05-21 04:00:00;468.4677968154234;1075.0844963913657;0.0;210.02100210021004;0.0;0.0;0.0;0.0
2030-05-21 05:00:00;468.6583321853241;1075.0844963913657;0.0;210.02100210021004;0.0;0.0;0.0;0.0
2030-05-21 06:00:00;469.4176907650497;1075.0844963913657;0.0;210.02100210021004;0.0;0.0;0.0;0.0
2030-05-21 07:00:00;469.7833127597024;1075.0844963913657;0.0;210.02100210021004;0.0;0.0;0.0;0.0
2030-05-21 08:00:00;470.0587963813656;1075.0844963913657;0.0;210.02100210021004;0.0;0.0;0.0;0.0
2030-05-21 09:00:00;470.8003190049662;1075.0844963913657;0.0;210.02100210021004;0.0;0.0;0.0;0.0
2030-05-21 10:00:00;470.1076959341976;1075.0844963913657;0.0;210.02100210021004;0.0;0.0;0.0;0.0
2030-05-21 11:00:00;470.1271401890473;1075.0844963913657;0.0;210.02100210021004;0.0;0.0;0.0;0.0
2030-05-21 12:00:00;469.4912269650146;1075.0844963913657;0.0;210.02100210021004;0.0;0.0;0.0;0.0
2030-05-21 13:00:00;469.3361729588451;1075.0844963913657;0.0;210.02100210021004;0.0;0.0;0.0;0.0
2030-05-21 14:00:00;469.5841182415085;1075.0844963913657;0.0;210.02100210021004;0.0;0.0;0.0;0.0
2030-05-21 15:00:00;470.3060758444427;1075.0844963913657;0.0;210.02100210021004;0.0;0.0;0.0;0.0
2030-05-21 16:00:00;470.4017046009738;1075.0844963913657;0.0;210.02100210021004;0.0;0.0;0.0;0.0
2030-05-21 17:00:00;470.7546980654069;1075.0844963913657;0.0;210.02100210021004;0.0;0.0;0.0;0.0
2030-05-21 18:00:00;471.4281926146515;1075.0844963913657;0.0;210.02100210021004;0.0;0.0;0.0;0.0
2030-05-21 19:00:00;471.5329230705233;1075.0844963913657;0.0;210.02100210021004;0.0;0.0;0.0;0.0
2030-05-21 20:00:00;471.6018482451763;1075.0844963913657;0.0;210.02100210021004;0.0;0.0;0.0;0.0
2030-05-21 21:00:00;471.5724695264364;1075.0844963913657;0.0;210.02100210021004;0.0;0.0;0.0;0.0
2030-05-21 22:00:00;471.4465688714021;1075.0844963913657;0.0;210.02100210021004;0.0;0.0;0.0;0.0
2030-05-21 23:00:00;471.082840538892;1075.0844963913657;0.0;210.02100210021004;0.0;0.0;0.0;0.0
2030-05-22 00:00:00;469.6922780592826;1075.0844963913657;0.0;210.02100210021004;0.0;0.0;0.0;0.0
2030-05-22 01:00:00;468.9853115700765;1075.0844963913657;0.0;210.02100210021004;0.0;0.0;0.0;0.0
2030-05-22 02:00:00;468.0140815153999;1075.0844963913657;0.0;210.02100210021004;0.0;0.0;0.0;0.0
2030-05-22 03:00:00;467.7438749807266;1075.0844963913657;0.0;210.02100210021004;0.0;0.0;0.0;0.0
2030-05-22 04:00:00;468.3824063213656;1075.0844963913657;0.0;210.02100210021004;0.0;0.0;0.0;0.0
2030-05-22 05:00:00;469.1607071757738;1075.0844963913657;0.0;210.02100210021004;0.0;0.0;0.0;0.0
2030-05-22 06:00:00;468.8221429129965;1075.0844963913657;0.0;210.02100210021004;0.0;0.0;0.0;0.0
2030-05-22 07:00:00;469.1058900304413;1075.0844963913657;0.0;210.02100210021004;0.0;0.0;0.0;0.0
2030-05-22 08:00:00;468.9139425228756;1075.0844963913657;0.0;210.02100210021004;0.0;0.0;0.0;0.0
2030-05-22 09:00:00;468.8716297646009;1075.0844963913657;0.0;210.02100210021004;0.0;0.0;0.0;0.0
2030-05-22 10:00:00;468.7440241306026;1075.0844963913657;0.0;210.02100210021004;0.0;0.0;0.0;0.0
2030-05-22 11:00:00;468.7194707486845;1075.0844963913657;0.0;210.02100210021004;0.0;0.0;0.0;0.0
2030-05-22 12:00:00;468.567467995611;1075.0844963913657;0.0;210.02100210021004;0.0;0.0;0.0;0.0
2030-05-22 13:00:00;468.5922717224723;1075.0844963913657;0.0;210.02100210021004;0.0;0.0;0.0;0.0
2030-05-22 14:00:00;468.479199160792;1075.0844963913657;0.0;210.02100210021004;0.0;0.0;0.0;0.0
2030-05-22 15:00:00;468.3566965744837;1075.0844963913657;0.0;210.02100210021004;0.0;0.0;0.0;0.0
2030-05-22 16:00:00;468.3630876980023;1075.0844963913657;0.0;210.02100210021004;0.0;0.0;0.0;0.0
2030-05-22 17:00:00;468.8721806307871;1075.0844963913657;0.0;210.02100210021004;0.0;0.0;0.0;0.0
2030-05-22 18:00:00;469.7845591138889;1075.0844963913657;0.0;210.02100210021004;0.0;0.0;0.0;0.0
2030-05-22 19:00:00;469.8668307901043;1075.0844963913657;0.0;210.02100210021004;0.0;0.0;0.0;0.0
2030-05-22 20:00:00;469.7001266589601;1075.0844963913657;0.0;210.02100210021004;0.0;0.0;0.0;0.0
2030-05-22 21:00:00;469.8474145578002;1075.0844963913657;0.0;210.02100210021004;0.0;0.0;0.0;0.0
2030-05-22 22:00:00;469.688581103468;1075.0844963913657;0.0;210.02100210021004;0.0;0.0;0.0;0.0
2030-05-22 23:00:00;469.5010627725279;1075.0844963913657;0.0;210.02100210021004;0.0;0.0;0.0;0.0
2030-05-23 00:00:00;469.49137379311;1075.0844963913657;0.0;210.02100210021004;0.0;0.0;0.0;0.0
2030-05-23 01:00:00;469.1778001056675;1075.0844963913657;0.0;210.02100210021004;0.0;0.0;0.0;0.0
2030-05-23 02:00:00;468.8378788034078;1075.0844963913657;0.0;210.02100210021004;0.0;0.0;0.0;0.0
2030-05-23 03:00:00;469.17485933516;1075.0844963913657;0.0;210.02100210021004;0.0;0.0;0.0;0.0
2030-05-23 04:00:00;469.2602540908092;1075.0844963913657;0.0;210.02100210021004;0.0;0.0;0.0;0.0
2030-05-23 05:00:00;469.6461120659538;1075.0844963913657;0.0;210.02100210021004;0.0;0.0;0.0;0.0
2030-05-23 06:00:00;471.1324741998965;1075.0844963913657;0.0;210.02100210021004;0.0;0.0;0.0;0.0
2030-05-23 07:00:00;470.9600073332876;1075.0844963913657;0.0;210.02100210021004;0.0;0.0;0.0;0.0
2030-05-23 08:00:00;470.4318134750473;1075.0844963913657;0.0;210.02100210021004;0.0;0.0;0.0;0.0
2030-05-23 09:00:00;470.4894003052122;1075.0844963913657;0.0;210.02100210021004;0.0;0.0;0.0;0.0
2030-05-23 10:00:00;470.2630858228656;1075.0844963913657;0.0;210.02100210021004;0.0;0.0;0.0;0.0
2030-05-23 11:00:00;470.5107173324703;1075.0844963913657;0.0;210.02100210021004;0.0;0.0;0.0;0.0
2030-05-23 12:00:00;470.900415138686;1075.0844963913657;0.0;210.02100210021004;0.0;0.0;0.0;0.0
2030-05-23 13:00:00;470.3843359594139;1075.0844963913657;0.0;210.02100210021004;0.0;0.0;0.0;0.0
2030-05-23 14:00:00;470.3005866483013;1075.0844963913657;0.0;210.02100210021004;0.0;0.0;0.0;0.0
2030-05-23 15:00:00;470.7906943612958;1075.0844963913657;0.0;210.02100210021004;0.0;0.0;0.0;0.0
2030-05-23 16:00:00;471.4354176210502;1075.0844963913657;0.0;210.02100210021004;0.0;0.0;0.0;0.0
2030-05-23 17:00:00;471.0193260208709;1075.0844963913657;0.0;210.02100210021004;0.0;0.0;0.0;0.0
2030-05-23 18:00:00;471.2547663045704;1075.0844963913657;0.0;210.02100210021004;0.0;0.0;0.0;0.0
2030-05-23 19:00:00;535.7120183663544;1075.0844963913657;0.0;210.02100210021004;0.0;0.0;0.0;0.0
2030-05-23 20:00:00;535.7262169492684;1075.0844963913657;0.0;210.02100210021004;0.0;0.0;0.0;0.0
2030-05-23 21:00:00;535.5960924412511;1075.0844963913657;0.0;210.02100210021004;0.0;0.0;0.0;0.0
2030-05-23 22:00:00;535.5578413436142;1075.0844963913657;0.0;210.02100210021004;0.0;0.0;0.0;0.0
2030-05-23 23:00:00;535.3875247092707;1075.0844963913657;0.0;210.02100210021004;0.0;0.0;0.0;0.0
2030-05-24 00:00:00;535.0051142203238;1075.0844963913657;0.0;210.02100210021004;0.0;0.0;0.0;0.0
2030-05-24 01:00:00;535.2369822668643;1075.0844963913657;0.0;210.02100210021004;0.0;0.0;0.0;0.0
2030-05-24 02:00:00;535.3996776617073;1075.0844963913657;0.0;210.02100210021004;0.0;0.0;0.0;0.0
2030-05-24 03:00:00;535.2787010321772;1075.0844963913657;0.0;210.02100210021004;0.0;0.0;0.0;0.0
2030-05-24 04:00:00;535.121643621838;1075.0844963913657;0.0;210.02100210021004;0.0;0.0;0.0;0.0
2030-05-24 05:00:00;535.2156028964312;1075.0844963913657;0.0;210.02100210021004;0.0;0.0;0.0;0.0
2030-05-24 06:00:00;534.9749007767673;1075.0844963913657;0.0;210.02100210021004;0.0;0.0;0.0;0.0
2030-05-24 07:00:00;535.0749566444465;1075.0844963913657;0.0;210.02100210021004;0.0;0.0;0.0;0.0
2030-05-24 08:00:00;486.2828714455883;1075.0844963913657;0.0;210.02100210021004;0.0;0.0;0.0;0.0
2030-05-24 09:00:00;471.7840644741115;1075.0844963913657;0.0;210.02100210021004;0.0;0.0;0.0;0.0
2030-05-24 10:00:00;471.5655200196278;1075.0844963913657;0.0;210.02100210021004;0.0;0.0;0.0;0.0
2030-05-24 11:00:00;470.3893223280934;1075.0844963913657;0.0;210.02100210021004;0.0;0.0;0.0;0.0
2030-05-24 12:00:00;471.1056620633915;1075.0844963913657;0.0;210.02100210021004;0.0;0.0;0.0;0.0
2030-05-24 13:00:00;470.4142135527769;1075.0844963913657;0.0;210.02100210021004;0.0;0.0;0.0;0.0
2030-05-24 14:00:00;470.9566663768396;1075.0844963913657;0.0;210.02100210021004;0.0;0.0;0.0;0.0
2030-05-24 15:00:00;471.0017683249081;1075.0844963913657;0.0;210.02100210021004;0.0;0.0;0.0;0.0
2030-05-24 16:00:00;470.9766075460454;1075.0844963913657;0.0;210.02100210021004;0.0;0.0;0.0;0.0
2030-05-24 17:00:00;470.6608232434288;1075.0844963913657;0.0;210.02100210021004;0.0;0.0;0.0;0.0
2030-05-24 18:00:00;534.4980945140848;1075.0844963913657;0.0;210.02100210021004;0.0;0.0;0.0;0.0
2030-05-24 19:00:00;534.5388719602213;1075.0844963913657;0.0;210.02100210021004;0.0;0.0;0.0;0.0
2030-05-24 20:00:00;534.3838822897991;1075.0844963913657;0.0;210.02100210021004;0.0;0.0;0.0;0.0
2030-05-24 21:00:00;534.4210050064286;1075.0844963913657;0.0;210.02100210021004;0.0;0.0;0.0;0.0
2030-05-24 22:00:00;533.8368756433605;1075.0844963913657;0.0;210.02100210021004;0.0;0.0;0.0;0.0
2030-05-24 23:00:00;533.283378131001;1075.0844963913657;0.0;210.02100210021004;0.0;0.0;0.0;0.0
2030-05-25 00:00:00;532.4158885563519;1075.0844963913657;0.0;210.02100210021004;0.0;0.0;0.0;0.0
2030-05-25 01:00:00;531.3812784359785;1075.0844963913657;0.0;210.02100210021004;0.0;0.0;0.0;0.0
2030-05-25 02:00:00;530.5076298927629;1075.0844963913657;0.0;210.02100210021004;0.0;0.0;0.0;0.0
2030-05-25 03:00:00;466.3604872445472;1075.0844963913657;0.0;210.02100210021004;0.0;0.0;0.0;0.0
2030-05-25 04:00:00;466.2318840403348;1075.0844963913657;0.0;210.02100210021004;0.0;0.0;0.0;0.0
2030-05-25 05:00:00;530.0149958312691;1075.0844963913657;0.0;210.02100210021004;0.0;0.0;0.0;0.0
2030-05-25 06:00:00;529.2925540596651;1075.0844963913657;0.0;210.02100210021004;0.0;0.0;0.0;0.0
2030-05-25 07:00:00;473.9907483218353;1075.0844963913657;0.0;210.02100210021004;0.0;0.0;0.0;0.0
2030-05-25 08:00:00;466.4387966642519;1075.0844963913657;0.0;210.02100210021004;0.0;0.0;0.0;0.0
2030-05-25 09:00:00;466.54946114677;1075.0844963913657;0.0;210.02100210021004;0.0;0.0;0.0;0.0
2030-05-25 10:00:00;466.6183836038066;1075.0844963913657;0.0;210.02100210021004;0.0;0.0;0.0;0.0
2030-05-25 11:00:00;466.5815438605697;1075.0844963913657;0.0;210.02100210021004;0.0;0.0;0.0;0.0
2030-05-25 12:00:00;466.4368357513542;1075.0844963913657;0.0;210.02100210021004;0.0;0.0;0.0;0.0
2030-05-25 13:00:00;466.4749101434526;1075.0844963913657;0.0;210.02100210021004;0.0;0.0;0.0;0.0
2030-05-25 14:00:00;466.5573047983611;1075.0844963913657;0.0;210.02100210021004;0.0;0.0;0.0;0.0
2030-05-25 15:00:00;466.4850052135561;1075.0844963913657;0.0;210.02100210021004;0.0;0.0;0.0;0.0
2030-05-25 16:00:00;466.4083117313319;1075.0844963913657;0.0;210.02100210021004;0.0;0.0;0.0;0.0
2030-05-25 17:00:00;466.5738454617859;1075.0844963913657;0.0;210.02100210021004;0.0;0.0;0.0;0.0
2030-05-25 18:00:00;466.8731570277104;1075.0844963913657;0.0;210.02100210021004;0.0;0.0;0.0;0.0
2030-05-25 19:00:00;466.8538020911453;1075.0844963913657;0.0;210.02100210021004;0.0;0.0;0.0;0.0
2030-05-25 20:00:00;467.0080787290379;1075.0844963913657;0.0;210.02100210021004;0.0;0.0;0.0;0.0
2030-05-25 21:00:00;530.6984710235503;1075.0844963913657;0.0;210.02100210021004;0.0;0.0;0.0;0.0
2030-05-25 22:00:00;530.0370919426272;1075.0844963913657;0.0;210.02100210021004;0.0;0.0;0.0;0.0
2030-05-25 23:00:00;466.7837902380543;1075.0844963913657;0.0;210.02100210021004;0.0;0.0;0.0;0.0
2030-05-26 00:00:00;465.4835415774203;1075.0844963913657;0.0;210.02100210021004;0.0;0.0;0.0;0.0
2030-05-26 01:00:00;463.8409502067163;1075.0844963913657;0.0;210.02100210021004;0.0;0.0;0.0;0.0
2030-05-26 02:00:00;462.9807449256241;1075.0844963913657;0.0;210.02100210021004;0.0;0.0;0.0;0.0
2030-05-26 03:00:00;462.5610006258945;1075.0844963913657;0.0;210.02100210021004;0.0;0.0;0.0;0.0
2030-05-26 04:00:00;462.5144652577741;1075.0844963913657;0.0;210.02100210021004;0.0;0.0;0.0;0.0
2030-05-26 05:00:00;462.4629005112029;1075.0844963913657;0.0;210.02100210021004;0.0;0.0;0.0;0.0
2030-05-26 06:00:00;462.726425416743;1075.0844963913657;0.0;210.02100210021004;0.0;0.0;0.0;0.0
2030-05-26 07:00:00;462.8562269566153;1075.0844963913657;0.0;210.02100210021004;0.0;0.0;0.0;0.0
2030-05-26 08:00:00;462.8185338531358;1075.0844963913657;0.0;210.02100210021004;0.0;0.0;0.0;0.0
2030-05-26 09:00:00;462.7868324279551;1075.0844963913657;0.0;210.02100210021004;0.0;0.0;0.0;0.0
2030-05-26 10:00:00;462.5319863776478;1075.0844963913657;0.0;210.02100210021004;0.0;0.0;0.0;0.0
2030-05-26 11:00:00;462.6208447824784;1075.0844963913657;0.0;210.02100210021004;0.0;0.0;0.0;0.0
2030-05-26 12:00:00;462.8979145122939;1075.0844963913657;0.0;210.02100210021004;0.0;0.0;0.0;0.0
2030-05-26 13:00:00;462.7312006027811;1075.0844963913657;0.0;210.02100210021004;0.0;0.0;0.0;0.0
2030-05-26 14:00:00;463.2252235568145;1075.0844963913657;0.0;210.02100210021004;0.0;0.0;0.0;0.0
2030-05-26 15:00:00;462.6730086968795;1075.0844963913657;0.0;210.02100210021004;0.0;0.0;0.0;0.0
2030-05-26 16:00:00;462.7331978288807;1075.0844963913657;0.0;210.02100210021004;0.0;0.0;0.0;0.0
2030-05-26 17:00:00;463.8337238795559;1075.0844963913657;0.0;210.02100210021004;0.0;0.0;0.0;0.0
2030-05-26 18:00:00;463.3603086675502;1075.0844963913657;0.0;210.02100210021004;0.0;0.0;0.0;0.0
2030-05-26 19:00:00;463.6427345946327;1075.0844963913657;0.0;210.02100210021004;0.0;0.0;0.0;0.0
2030-05-26 20:00:00;463.6660476701952;1075.0844963913657;0.0;210.02100210021004;0.0;0.0;0.0;0.0
2030-05-26 21:00:00;463.6463659148138;1075.0844963913657;0.0;210.02100210021004;0.0;0.0;0.0;0.0
2030-05-26 22:00:00;463.9121967086688;1075.0844963913657;0.0;210.02100210021004;0.0;0.0;0.0;0.0
2030-05-26 23:00:00;463.8736502449467;1075.0844963913657;0.0;210.02100210021004;0.0;0.0;0.0;0.0
2030-05-27 00:00:00;463.6194941454739;1075.0844963913657;0.0;210.02100210021004;0.0;0.0;0.0;0.0
2030-05-27 01:00:00;463.5742478960178;1075.0844963913657;0.0;210.02100210021004;0.0;0.0;0.0;0.0
2030-05-27 02:00:00;463.7848644665197;1075.0844963913657;0.0;210.02100210021004;0.0;0.0;0.0;0.0
2030-05-27 03:00:00;464.0760418752386;1075.0844963913657;0.0;210.02100210021004;0.0;0.0;0.0;0.0
2030-05-27 04:00:00;464.9081407381294;1075.0844963913657;0.0;210.02100210021004;0.0;0.0;0.0;0.0
2030-05-27 05:00:00;466.3960923389226;1075.0844963913657;0.0;210.02100210021004;0.0;0.0;0.0;0.0
2030-05-27 06:00:00;530.7446091341588;1075.0844963913657;0.0;210.02100210021004;0.0;0.0;0.0;0.0
2030-05-27 07:00:00;491.0178257748086;1075.0844963913657;0.0;210.02100210021004;0.0;0.0;0.0;0.0
2030-05-27 08:00:00;469.0461568643414;1075.0844963913657;0.0;210.02100210021004;0.0;0.0;0.0;0.0
2030-05-27 09:00:00;469.0125199396833;1075.0844963913657;0.0;210.02100210021004;0.0;0.0;0.0;0.0
2030-05-27 10:00:00;469.2381646819101;1075.0844963913657;0.0;210.02100210021004;0.0;0.0;0.0;0.0
2030-05-27 11:00:00;469.2715521692566;1075.0844963913657;0.0;210.02100210021004;0.0;0.0;0.0;0.0
2030-05-27 12:00:00;469.2076816518693;1075.0844963913657;0.0;210.02100210021004;0.0;0.0;0.0;0.0
2030-05-27 13:00:00;469.7675895303738;1075.0844963913657;0.0;210.02100210021004;0.0;0.0;0.0;0.0
2030-05-27 14:00:00;469.8987982328241;1075.0844963913657;0.0;210.02100210021004;0.0;0.0;0.0;0.0
2030-05-27 15:00:00;469.7376476012635;1075.0844963913657;0.0;210.02100210021004;0.0;0.0;0.0;0.0
2030-05-27 16:00:00;469.7599884077409;1075.0844963913657;0.0;210.02100210021004;0.0;0.0;0.0;0.0
2030-05-27 17:00:00;470.7403305449575;1075.0844963913657;0.0;210.02100210021004;0.0;0.0;0.0;0.0
2030-05-27 18:00:00;470.7172193171059;1075.0844963913657;0.0;210.02100210021004;0.0;0.0;0.0;0.0
2030-05-27 19:00:00;534.9292194219944;1075.0844963913657;0.0;210.02100210021004;0.0;0.0;0.0;0.0
2030-05-27 20:00:00;534.8473689132636;1075.0844963913657;0.0;210.02100210021004;0.0;0.0;0.0;0.0
2030-05-27 21:00:00;534.5400406072694;1075.0844963913657;0.0;210.02100210021004;0.0;0.0;0.0;0.0
2030-05-27 22:00:00;534.5260089693186;1075.0844963913657;0.0;210.02100210021004;0.0;0.0;0.0;0.0
2030-05-27 23:00:00;534.2304152732196;1075.0844963913657;0.0;210.02100210021004;0.0;0.0;0.0;0.0
2030-05-28 00:00:00;534.0255425044813;1075.0844963913657;0.0;210.02100210021004;0.0;0.0;0.0;0.0
2030-05-28 01:00:00;533.9537389348014;1075.0844963913657;0.0;210.02100210021004;0.0;0.0;0.0;0.0
2030-05-28 02:00:00;533.6931599816792;1075.0844963913657;0.0;210.02100210021004;0.0;0.0;0.0;0.0
2030-05-28 03:00:00;533.4673242247826;1075.0844963913657;0.0;210.02100210021004;0.0;0.0;0.0;0.0
2030-05-28 04:00:00;533.1398897971914;1075.0844963913657;0.0;210.02100210021004;0.0;0.0;0.0;0.0
2030-05-28 05:00:00;534.1779434832287;1075.0844963913657;0.0;210.02100210021004;0.0;0.0;0.0;0.0
2030-05-28 06:00:00;534.577165316471;1075.0844963913657;0.0;210.02100210021004;0.0;0.0;0.0;0.0
2030-05-28 07:00:00;534.7666065194996;1075.0844963913657;0.0;210.02100210021004;0.0;0.0;0.0;0.0
2030-05-28 08:00:00;534.5743473043526;1075.0844963913657;0.0;210.02100210021004;0.0;0.0;0.0;0.0
2030-05-28 09:00:00;470.5371513601692;1075.0844963913657;0.0;210.02100210021004;0.0;0.0;0.0;0.0
2030-05-28 10:00:00;470.362451801252;1075.0844963913657;0.0;210.02100210021004;0.0;0.0;0.0;0.0
2030-05-28 11:00:00;470.5502657486502;1075.0844963913657;0.0;210.02100210021004;0.0;0.0;0.0;0.0
2030-05-28 12:00:00;470.5521002152846;1075.0844963913657;0.0;210.02100210021004;0.0;0.0;0.0;0.0
2030-05-28 13:00:00;470.1796080261992;1075.0844963913657;0.0;210.02100210021004;0.0;0.0;0.0;0.0
2030-05-28 14:00:00;470.1734289407649;1075.0844963913657;0.0;210.02100210021004;0.0;0.0;0.0;0.0
2030-05-28 15:00:00;470.1294534134369;1075.0844963913657;0.0;210.02100210021004;0.0;0.0;0.0;0.0
2030-05-28 16:00:00;470.3707609697786;1075.0844963913657;0.0;210.02100210021004;0.0;0.0;0.0;0.0
2030-05-28 17:00:00;534.5608567673323;1075.0844963913657;0.0;210.02100210021004;0.0;0.0;0.0;0.0
2030-05-28 18:00:00;534.415556076328;1075.0844963913657;0.0;210.02100210021004;0.0;0.0;0.0;0.0
2030-05-28 19:00:00;534.2196622485416;1075.0844963913657;0.0;210.02100210021004;0.0;0.0;0.0;0.0
2030-05-28 20:00:00;534.4037370138178;1075.0844963913657;0.0;210.02100210021004;0.0;0.0;0.0;0.0
2030-05-28 21:00:00;534.271381773759;1075.0844963913657;0.0;210.02100210021004;0.0;0.0;0.0;0.0
2030-05-28 22:00:00;533.6011437283474;1075.0844963913657;0.0;210.02100210021004;0.0;0.0;0.0;0.0
2030-05-28 23:00:00;533.4508526835195;1075.0844963913657;0.0;210.02100210021004;0.0;0.0;0.0;0.0
2030-05-29 00:00:00;533.1135603712804;1075.0844963913657;0.0;210.02100210021004;0.0;0.0;0.0;0.0
2030-05-29 01:00:00;533.2021752852556;1075.0844963913657;0.0;210.02100210021004;0.0;0.0;0.0;0.0
2030-05-29 02:00:00;533.2176672338735;1075.0844963913657;0.0;210.02100210021004;0.0;0.0;0.0;0.0
2030-05-29 03:00:00;533.3058858824418;1075.0844963913657;0.0;210.02100210021004;0.0;0.0;0.0;0.0
2030-05-29 04:00:00;533.5115934083015;1075.0844963913657;0.0;210.02100210021004;0.0;0.0;0.0;0.0
2030-05-29 05:00:00;533.3934951737983;1075.0844963913657;0.0;210.02100210021004;0.0;0.0;0.0;0.0
2030-05-29 06:00:00;533.8569194217823;1075.0844963913657;0.0;210.02100210021004;0.0;0.0;0.0;0.0
2030-05-29 07:00:00;534.0428547159718;1075.0844963913657;0.0;210.02100210021004;0.0;0.0;0.0;0.0
2030-05-29 08:00:00;533.9982536027929;1075.0844963913657;0.0;210.02100210021004;0.0;0.0;0.0;0.0
2030-05-29 09:00:00;469.7937318944536;1075.0844963913657;0.0;210.02100210021004;0.0;0.0;0.0;0.0
2030-05-29 10:00:00;469.8316692513371;1075.0844963913657;0.0;210.02100210021004;0.0;0.0;0.0;0.0
2030-05-29 11:00:00;469.770429651932;1075.0844963913657;0.0;210.02100210021004;0.0;0.0;0.0;0.0
2030-05-29 12:00:00;469.6595362746546;1075.0844963913657;0.0;210.02100210021004;0.0;0.0;0.0;0.0
2030-05-29 13:00:00;469.5223596506129;1075.0844963913657;0.0;210.02100210021004;0.0;0.0;0.0;0.0
2030-05-29 14:00:00;469.5325676215213;1075.0844963913657;0.0;210.02100210021004;0.0;0.0;0.0;0.0
2030-05-29 15:00:00;469.5404402909054;1075.0844963913657;0.0;210.02100210021004;0.0;0.0;0.0;0.0
2030-05-29 16:00:00;469.282554631246;1075.0844963913657;0.0;210.02100210021004;0.0;0.0;0.0;0.0
2030-05-29 17:00:00;469.8712559409855;1075.0844963913657;0.0;210.02100210021004;0.0;0.0;0.0;0.0
2030-05-29 18:00:00;534.5167584816154;1075.0844963913657;0.0;210.02100210021004;0.0;0.0;0.0;0.0
2030-05-29 19:00:00;535.0504656057036;1075.0844963913657;0.0;210.02100210021004;0.0;0.0;0.0;0.0
2030-05-29 20:00:00;535.1911118576883;1075.0844963913657;0.0;210.02100210021004;0.0;0.0;0.0;0.0
2030-05-29 21:00:00;534.8548010983611;1075.0844963913657;0.0;210.02100210021004;0.0;0.0;0.0;0.0
2030-05-29 22:00:00;534.447105144201;1075.0844963913657;0.0;210.02100210021004;0.0;0.0;0.0;0.0
2030-05-29 23:00:00;533.9536142161456;1075.0844963913657;0.0;210.02100210021004;0.0;0.0;0.0;0.0
2030-05-30 00:00:00;532.6240983286992;1075.0844963913657;0.0;210.02100210021004;0.0;0.0;0.0;0.0
2030-05-30 01:00:00;530.3916877713255;1075.0844963913657;0.0;210.02100210021004;0.0;0.0;0.0;0.0
2030-05-30 02:00:00;529.1796023385293;1075.0844963913657;0.0;210.02100210021004;0.0;0.0;0.0;0.0
2030-05-30 03:00:00;528.813411993267;1075.0844963913657;0.0;210.02100210021004;0.0;0.0;0.0;0.0
2030-05-30 04:00:00;528.6376262796498;1075.0844963913657;0.0;210.02100210021004;0.0;0.0;0.0;0.0
2030-05-30 05:00:00;528.5364017649225;1075.0844963913657;0.0;210.02100210021004;0.0;0.0;0.0;0.0
2030-05-30 06:00:00;527.8101236128952;1075.0844963913657;0.0;210.02100210021004;0.0;0.0;0.0;0.0
2030-05-30 07:00:00;528.4091193387303;1075.0844963913657;0.0;210.02100210021004;0.0;0.0;0.0;0.0
2030-05-30 08:00:00;528.6730593974736;1075.0844963913657;0.0;210.02100210021004;0.0;0.0;0.0;0.0
2030-05-30 09:00:00;529.4822098771842;1075.0844963913657;0.0;210.02100210021004;0.0;0.0;0.0;0.0
2030-05-30 10:00:00;465.72720316157;1075.0844963913657;0.0;210.02100210021004;0.0;0.0;0.0;0.0
2030-05-30 11:00:00;465.7638794953988;1075.0844963913657;0.0;210.02100210021004;0.0;0.0;0.0;0.0
2030-05-30 12:00:00;465.7621183051108;1075.0844963913657;0.0;210.02100210021004;0.0;0.0;0.0;0.0
2030-05-30 13:00:00;465.5545520435611;1075.0844963913657;0.0;210.02100210021004;0.0;0.0;0.0;0.0
2030-05-30 14:00:00;464.7869635836871;1075.0844963913657;0.0;210.02100210021004;0.0;0.0;0.0;0.0
2030-05-30 15:00:00;464.4049487006388;1075.0844963913657;0.0;210.02100210021004;0.0;0.0;0.0;0.0
2030-05-30 16:00:00;464.4489966144351;1075.0844963913657;0.0;210.02100210021004;0.0;0.0;0.0;0.0
2030-05-30 17:00:00;528.8917104140122;1075.0844963913657;0.0;210.02100210021004;0.0;0.0;0.0;0.0
2030-05-30 18:00:00;529.1238519352656;1075.0844963913657;0.0;210.02100210021004;0.0;0.0;0.0;0.0
2030-05-30 19:00:00;529.1835246619487;1075.0844963913657;0.0;210.02100210021004;0.0;0.0;0.0;0.0
2030-05-30 20:00:00;529.3406041494225;1075.0844963913657;0.0;210.02100210021004;0.0;0.0;0.0;0.0
2030-05-30 21:00:00;529.1980389781882;1075.0844963913657;0.0;210.02100210021004;0.0;0.0;0.0;0.0
2030-05-30 22:00:00;529.1387384472057;1075.0844963913657;0.0;210.02100210021004;0.0;0.0;0.0;0.0
2030-05-30 23:00:00;530.0271669403066;1075.0844963913657;0.0;210.02100210021004;0.0;0.0;0.0;0.0
2030-05-31 00:00:00;529.7142890552626;1075.0844963913657;0.0;210.02100210021004;0.0;0.0;0.0;0.0
2030-05-31 01:00:00;529.096104424995;1075.0844963913657;0.0;210.02100210021004;0.0;0.0;0.0;0.0
2030-05-31 02:00:00;528.8153329050887;1075.0844963913657;0.0;210.02100210021004;0.0;0.0;0.0;0.0
2030-05-31 03:00:00;529.9003873415763;1075.0844963913657;0.0;210.02100210021004;0.0;0.0;0.0;0.0
2030-05-31 04:00:00;529.1769291619343;1075.0844963913657;0.0;210.02100210021004;0.0;0.0;0.0;0.0
2030-05-31 05:00:00;530.0223254071507;1075.0844963913657;0.0;210.02100210021004;0.0;0.0;0.0;0.0
2030-05-31 06:00:00;531.1807905520809;1075.0844963913657;0.0;210.02100210021004;0.0;0.0;0.0;0.0
2030-05-31 07:00:00;531.9726951486207;1075.0844963913657;0.0;210.02100210021004;0.0;0.0;0.0;0.0
2030-05-31 08:00:00;532.0258146015968;1075.0844963913657;0.0;210.02100210021004;0.0;0.0;0.0;0.0
2030-05-31 09:00:00;531.8729550142672;1075.0844963913657;0.0;210.02100210021004;0.0;0.0;0.0;0.0
2030-05-31 10:00:00;531.5656669743136;1075.0844963913657;0.0;210.02100210021004;0.0;0.0;0.0;0.0
2030-05-31 11:00:00;467.6492609334091;1075.0844963913657;0.0;210.02100210021004;0.0;0.0;0.0;0.0
2030-05-31 12:00:00;531.4877869284154;1075.0844963913657;0.0;210.02100210021004;0.0;0.0;0.0;0.0
2030-05-31 13:00:00;530.9901706878774;1075.0844963913657;0.0;210.02100210021004;0.0;0.0;0.0;0.0
2030-05-31 14:00:00;467.1502630707276;1075.0844963913657;0.0;210.02100210021004;0.0;0.0;0.0;0.0
2030-05-31 15:00:00;467.0891479520802;1075.0844963913657;0.0;210.02100210021004;0.0;0.0;0.0;0.0
2030-05-31 16:00:00;531.7416437026009;1075.0844963913657;0.0;210.02100210021004;0.0;0.0;0.0;0.0
2030-05-31 17:00:00;532.5502471682753;1075.0844963913657;0.0;210.02100210021004;0.0;0.0;0.0;0.0
2030-05-31 18:00:00;532.9849202436369;1075.0844963913657;0.0;210.02100210021004;0.0;0.0;0.0;0.0
2030-05-31 19:00:00;533.2577145246764;1075.0844963913657;0.0;210.02100210021004;0.0;0.0;0.0;0.0
2030-05-31 20:00:00;533.0356822856492;1075.0844963913657;0.0;210.02100210021004;0.0;0.0;0.0;0.0
2030-05-31 21:00:00;533.0068265112387;1075.0844963913657;0.0;210.02100210021004;0.0;0.0;0.0;0.0
2030-05-31 22:00:00;533.1739872906983;1075.0844963913657;0.0;210.02100210021004;0.0;0.0;0.0;0.0
2030-05-31 23:00:00;532.9804749758881;1075.0844963913657;0.0;210.02100210021004;0.0;0.0;0.0;0.0
2030-06-01 00:00:00;531.4525649744346;1075.0844963913657;0.0;210.02100210021004;0.0;0.0;0.0;0.0
2030-06-01 01:00:00;529.9773521305767;1075.0844963913657;0.0;210.02100210021004;0.0;0.0;0.0;0.0
2030-06-01 02:00:00;528.8976400621349;1075.0844963913657;0.0;210.02100210021004;0.0;0.0;0.0;0.0
2030-06-01 03:00:00;528.3945667490219;1075.0844963913657;0.0;210.02100210021004;0.0;0.0;0.0;0.0
2030-06-01 04:00:00;527.698019362262;1075.0844963913657;0.0;210.02100210021004;0.0;0.0;0.0;0.0
2030-06-01 05:00:00;527.9731509373978;1075.0844963913657;0.0;210.02100210021004;0.0;0.0;0.0;0.0
2030-06-01 06:00:00;528.1073666740645;1075.0844963913657;0.0;210.02100210021004;0.0;0.0;0.0;0.0
2030-06-01 07:00:00;528.3831660290534;1075.0844963913657;0.0;210.02100210021004;0.0;0.0;0.0;0.0
2030-06-01 08:00:00;528.8038094590364;1075.0844963913657;0.0;210.02100210021004;0.0;0.0;0.0;0.0
2030-06-01 09:00:00;528.9712417852475;1075.0844963913657;0.0;210.02100210021004;0.0;0.0;0.0;0.0
2030-06-01 10:00:00;525.4806741273316;1075.0844963913657;0.0;210.02100210021004;0.0;0.0;0.0;0.0
2030-06-01 11:00:00;484.6236070975941;1075.0844963913657;0.0;210.02100210021004;0.0;0.0;0.0;0.0
2030-06-01 12:00:00;465.3030104946185;1075.0844963913657;0.0;210.02100210021004;0.0;0.0;0.0;0.0
2030-06-01 13:00:00;465.065867130194;1075.0844963913657;0.0;210.02100210021004;0.0;0.0;0.0;0.0
2030-06-01 14:00:00;464.7739453008379;1075.0844963913657;0.0;210.02100210021004;0.0;0.0;0.0;0.0
2030-06-01 15:00:00;464.8609335757754;1075.0844963913657;0.0;210.02100210021004;0.0;0.0;0.0;0.0
2030-06-01 16:00:00;465.328048447267;1075.0844963913657;0.0;210.02100210021004;0.0;0.0;0.0;0.0
2030-06-01 17:00:00;466.0986509028913;1075.0844963913657;0.0;210.02100210021004;0.0;0.0;0.0;0.0
2030-06-01 18:00:00;466.923868414039;1075.0844963913657;0.0;210.02100210021004;0.0;0.0;0.0;0.0
2030-06-01 19:00:00;467.1273857535869;1075.0844963913657;0.0;210.02100210021004;0.0;0.0;0.0;0.0
2030-06-01 20:00:00;467.317630617873;1075.0844963913657;0.0;210.02100210021004;0.0;0.0;0.0;0.0
2030-06-01 21:00:00;467.1449794998642;1075.0844963913657;0.0;210.02100210021004;0.0;0.0;0.0;0.0
2030-06-01 22:00:00;467.1834170239808;1075.0844963913657;0.0;210.02100210021004;0.0;0.0;0.0;0.0
2030-06-01 23:00:00;467.224033340206;1075.0844963913657;0.0;210.02100210021004;0.0;0.0;0.0;0.0
2030-06-02 00:00:00;466.967970797638;1075.0844963913657;0.0;210.02100210021004;0.0;0.0;0.0;0.0
2030-06-02 01:00:00;475.34289613189;1075.0844963913657;0.0;210.02100210021004;0.0;0.0;0.0;0.0
2030-06-02 02:00:00;465.1022529584082;1075.0844963913657;0.0;210.02100210021004;0.0;0.0;0.0;0.0
2030-06-02 03:00:00;463.9423548227726;1075.0844963913657;0.0;210.02100210021004;0.0;0.0;0.0;0.0
2030-06-02 04:00:00;527.1508256539925;1075.0844963913657;0.0;210.02100210021004;0.0;0.0;0.0;0.0
2030-06-02 05:00:00;526.8204465353601;1075.0844963913657;0.0;210.02100210021004;0.0;0.0;0.0;0.0
2030-06-02 06:00:00;526.9478335310351;1075.0844963913657;0.0;210.02100210021004;0.0;0.0;0.0;0.0
2030-06-02 07:00:00;526.8525808907382;1075.0844963913657;0.0;210.02100210021004;0.0;0.0;0.0;0.0
2030-06-02 08:00:00;527.1838168759319;1075.0844963913657;0.0;210.02100210021004;0.0;0.0;0.0;0.0
2030-06-02 09:00:00;463.9655771153305;1075.0844963913657;0.0;210.02100210021004;0.0;0.0;0.0;0.0
2030-06-02 10:00:00;463.6474008410653;1075.0844963913657;0.0;210.02100210021004;0.0;0.0;0.0;0.0
2030-06-02 11:00:00;463.6549721436428;1075.0844963913657;0.0;210.02100210021004;0.0;0.0;0.0;0.0
2030-06-02 12:00:00;463.4983896174353;1075.0844963913657;0.0;210.02100210021004;0.0;0.0;0.0;0.0
2030-06-02 13:00:00;463.2290182864037;1075.0844963913657;0.0;210.02100210021004;0.0;0.0;0.0;0.0
2030-06-02 14:00:00;463.202291769871;1075.0844963913657;0.0;210.02100210021004;0.0;0.0;0.0;0.0
2030-06-02 15:00:00;463.081078302227;1075.0844963913657;0.0;210.02100210021004;0.0;0.0;0.0;0.0
2030-06-02 16:00:00;463.3289340611857;1075.0844963913657;0.0;210.02100210021004;0.0;0.0;0.0;0.0
2030-06-02 17:00:00;464.2506357495444;1075.0844963913657;0.0;210.02100210021004;0.0;0.0;0.0;0.0
2030-06-02 18:00:00;528.1956859715817;1075.0844963913657;0.0;210.02100210021004;0.0;0.0;0.0;0.0
2030-06-02 19:00:00;528.2372599013712;1075.0844963913657;0.0;210.02100210021004;0.0;0.0;0.0;0.0
2030-06-02 20:00:00;528.4127519587973;1075.0844963913657;0.0;210.02100210021004;0.0;0.0;0.0;0.0
2030-06-02 21:00:00;528.4364725761659;1075.0844963913657;0.0;210.02100210021004;0.0;0.0;0.0;0.0
2030-06-02 22:00:00;528.5089459182709;1075.0844963913657;0.0;210.02100210021004;0.0;0.0;0.0;0.0
2030-06-02 23:00:00;528.3722882857198;1075.0844963913657;0.0;210.02100210021004;0.0;0.0;0.0;0.0
2030-06-03 00:00:00;528.4313575359918;1075.0844963913657;0.0;210.02100210021004;0.0;0.0;0.0;0.0
2030-06-03 01:00:00;527.7964700837505;1075.0844963913657;0.0;210.02100210021004;0.0;0.0;0.0;0.0
2030-06-03 02:00:00;527.6562402140406;1075.0844963913657;0.0;210.02100210021004;0.0;0.0;0.0;0.0
2030-06-03 03:00:00;527.7900778742065;1075.0844963913657;0.0;210.02100210021004;0.0;0.0;0.0;0.0
2030-06-03 04:00:00;527.89907045653;1075.0844963913657;0.0;210.02100210021004;0.0;0.0;0.0;0.0
2030-06-03 05:00:00;529.4051625958357;1075.0844963913657;0.0;210.02100210021004;0.0;0.0;0.0;0.0
2030-06-03 06:00:00;531.3665608615738;1075.0844963913657;0.0;210.02100210021004;0.0;0.0;0.0;0.0
2030-06-03 07:00:00;532.3954283956555;1075.0844963913657;0.0;210.02100210021004;0.0;0.0;0.0;0.0
2030-06-03 08:00:00;470.7054893755644;1075.0844963913657;0.0;210.02100210021004;0.0;0.0;0.0;0.0
2030-06-03 09:00:00;468.5018041289191;1075.0844963913657;0.0;210.02100210021004;0.0;0.0;0.0;0.0
2030-06-03 10:00:00;468.6978402008575;1075.0844963913657;0.0;210.02100210021004;0.0;0.0;0.0;0.0
2030-06-03 11:00:00;469.0389571388343;1075.0844963913657;0.0;210.02100210021004;0.0;0.0;0.0;0.0
2030-06-03 12:00:00;469.1749217106405;1075.0844963913657;0.0;210.02100210021004;0.0;0.0;0.0;0.0
2030-06-03 13:00:00;469.1593010905278;1075.0844963913657;0.0;210.02100210021004;0.0;0.0;0.0;0.0
2030-06-03 14:00:00;468.8735633188098;1075.0844963913657;0.0;210.02100210021004;0.0;0.0;0.0;0.0
2030-06-03 15:00:00;468.8863438173641;1075.0844963913657;0.0;210.02100210021004;0.0;0.0;0.0;0.0
2030-06-03 16:00:00;468.5786393951357;1075.0844963913657;0.0;210.02100210021004;0.0;0.0;0.0;0.0
2030-06-03 17:00:00;467.9440333491071;1075.0844963913657;0.0;210.02100210021004;0.0;0.0;0.0;0.0
2030-06-03 18:00:00;532.058638878573;1075.0844963913657;0.0;210.02100210021004;0.0;0.0;0.0;0.0
2030-06-03 19:00:00;531.9186805556144;1075.0844963913657;0.0;210.02100210021004;0.0;0.0;0.0;0.0
2030-06-03 20:00:00;532.6538551562454;1075.0844963913657;0.0;210.02100210021004;0.0;0.0;0.0;0.0
2030-06-03 21:00:00;532.6362090548284;1075.0844963913657;0.0;210.02100210021004;0.0;0.0;0.0;0.0
2030-06-03 22:00:00;468.4439935116365;1075.0844963913657;0.0;210.02100210021004;0.0;0.0;0.0;0.0
2030-06-03 23:00:00;468.4527086800711;1075.0844963913657;0.0;210.02100210021004;0.0;0.0;0.0;0.0
2030-06-04 00:00:00;468.5014591535019;1075.0844963913657;0.0;210.02100210021004;0.0;0.0;0.0;0.0
2030-06-04 01:00:00;468.8040933773921;1075.0844963913657;0.0;210.02100210021004;0.0;0.0;0.0;0.0
2030-06-04 02:00:00;468.892654130317;1075.0844963913657;0.0;210.02100210021004;0.0;0.0;0.0;0.0
2030-06-04 03:00:00;468.865944039576;1075.0844963913657;0.0;210.02100210021004;0.0;0.0;0.0;0.0
2030-06-04 04:00:00;468.8093790283637;1075.0844963913657;0.0;210.02100210021004;0.0;0.0;0.0;0.0
2030-06-04 05:00:00;516.7945429308044;1075.0844963913657;0.0;210.02100210021004;0.0;0.0;0.0;0.0
2030-06-04 06:00:00;532.7781908988246;1075.0844963913657;0.0;210.02100210021004;0.0;0.0;0.0;0.0
2030-06-04 07:00:00;532.9703696141955;1075.0844963913657;0.0;210.02100210021004;0.0;0.0;0.0;0.0
2030-06-04 08:00:00;532.8328792170947;1075.0844963913657;0.0;210.02100210021004;0.0;0.0;0.0;0.0
2030-06-04 09:00:00;532.9881163645616;1075.0844963913657;0.0;210.02100210021004;0.0;0.0;0.0;0.0
2030-06-04 10:00:00;532.8089916547632;1075.0844963913657;0.0;210.02100210021004;0.0;0.0;0.0;0.0
2030-06-04 11:00:00;532.6604506562597;1075.0844963913657;0.0;210.02100210021004;0.0;0.0;0.0;0.0
2030-06-04 12:00:00;532.8507929124243;1075.0844963913657;0.0;210.02100210021004;0.0;0.0;0.0;0.0
2030-06-04 13:00:00;468.8654412121141;1075.0844963913657;0.0;210.02100210021004;0.0;0.0;0.0;0.0
2030-06-04 14:00:00;468.7023274747295;1075.0844963913657;0.0;210.02100210021004;0.0;0.0;0.0;0.0
2030-06-04 15:00:00;468.6738276996855;1075.0844963913657;0.0;210.02100210021004;0.0;0.0;0.0;0.0
2030-06-04 16:00:00;532.3653577950504;1075.0844963913657;0.0;210.02100210021004;0.0;0.0;0.0;0.0
2030-06-04 17:00:00;532.3272112668963;1075.0844963913657;0.0;210.02100210021004;0.0;0.0;0.0;0.0
2030-06-04 18:00:00;531.9946195728232;1075.0844963913657;0.0;210.02100210021004;0.0;0.0;0.0;0.0
2030-06-04 19:00:00;531.7158131513129;1075.0844963913657;0.0;210.02100210021004;0.0;0.0;0.0;0.0
2030-06-04 20:00:00;531.7899780847957;1075.0844963913657;0.0;210.02100210021004;0.0;0.0;0.0;0.0
2030-06-04 21:00:00;532.2418970433283;1075.0844963913657;0.0;210.02100210021004;0.0;0.0;0.0;0.0
2030-06-04 22:00:00;532.364502921061;1075.0844963913657;0.0;210.02100210021004;0.0;0.0;0.0;0.0
2030-06-04 23:00:00;532.0156026778495;1075.0844963913657;0.0;210.02100210021004;0.0;0.0;0.0;0.0
2030-06-05 00:00:00;531.9929480983133;1075.0844963913657;0.0;210.02100210021004;0.0;0.0;0.0;0.0
2030-06-05 01:00:00;531.5582146400432;1075.0844963913657;0.0;210.02100210021004;0.0;0.0;0.0;0.0
2030-06-05 02:00:00;531.0440303103138;1075.0844963913657;0.0;210.02100210021004;0.0;0.0;0.0;0.0
2030-06-05 03:00:00;531.1434606244475;1075.0844963913657;0.0;210.02100210021004;0.0;0.0;0.0;0.0
2030-06-05 04:00:00;531.6391238619027;1075.0844963913657;0.0;210.02100210021004;0.0;0.0;0.0;0.0
2030-06-05 05:00:00;532.2200993303537;1075.0844963913657;0.0;210.02100210021004;0.0;0.0;0.0;0.0
2030-06-05 06:00:00;532.5677665907697;1075.0844963913657;0.0;210.02100210021004;0.0;0.0;0.0;0.0
2030-06-05 07:00:00;468.3751436810035;1075.0844963913657;0.0;210.02100210021004;0.0;0.0;0.0;0.0
2030-06-05 08:00:00;468.3777945447357;1075.0844963913657;0.0;210.02100210021004;0.0;0.0;0.0;0.0
2030-06-05 09:00:00;468.5379176081199;1075.0844963913657;0.0;210.02100210021004;0.0;0.0;0.0;0.0
2030-06-05 10:00:00;468.5542403923337;1075.0844963913657;0.0;210.02100210021004;0.0;0.0;0.0;0.0
2030-06-05 11:00:00;468.6659579577042;1075.0844963913657;0.0;210.02100210021004;0.0;0.0;0.0;0.0
2030-06-05 12:00:00;468.5219942691259;1075.0844963913657;0.0;210.02100210021004;0.0;0.0;0.0;0.0
2030-06-05 13:00:00;468.6544103595285;1075.0844963913657;0.0;210.02100210021004;0.0;0.0;0.0;0.0
2030-06-05 14:00:00;468.9835169075386;1075.0844963913657;0.0;210.02100210021004;0.0;0.0;0.0;0.0
2030-06-05 15:00:00;468.9015833408909;1075.0844963913657;0.0;210.02100210021004;0.0;0.0;0.0;0.0
2030-06-05 16:00:00;468.6198754498545;1075.0844963913657;0.0;210.02100210021004;0.0;0.0;0.0;0.0
2030-06-05 17:00:00;469.0081532114438;1075.0844963913657;0.0;210.02100210021004;0.0;0.0;0.0;0.0
2030-06-05 18:00:00;468.9757070432738;1075.0844963913657;0.0;210.02100210021004;0.0;0.0;0.0;0.0
2030-06-05 19:00:00;468.9256589925665;1075.0844963913657;0.0;210.02100210021004;0.0;0.0;0.0;0.0
2030-06-05 20:00:00;468.9446568500238;1075.0844963913657;0.0;210.02100210021004;0.0;0.0;0.0;0.0
2030-06-05 21:00:00;468.608891144466;1075.0844963913657;0.0;210.02100210021004;0.0;0.0;0.0;0.0
2030-06-05 22:00:00;468.7265743685597;1075.0844963913657;0.0;210.02100210021004;0.0;0.0;0.0;0.0
2030-06-05 23:00:00;525.9375879813325;1075.0844963913657;0.0;210.02100210021004;0.0;0.0;0.0;0.0
2030-06-06 00:00:00;467.1428733341591;1075.0844963913657;0.0;210.02100210021004;0.0;0.0;0.0;0.0
2030-06-06 01:00:00;466.1951169235014;1075.0844963913657;0.0;210.02100210021004;0.0;0.0;0.0;0.0
2030-06-06 02:00:00;466.0625737368925;1075.0844963913657;0.0;210.02100210021004;0.0;0.0;0.0;0.0
2030-06-06 03:00:00;465.826755804334;1075.0844963913657;0.0;210.02100210021004;0.0;0.0;0.0;0.0
2030-06-06 04:00:00;465.5946781315619;1075.0844963913657;0.0;210.02100210021004;0.0;0.0;0.0;0.0
2030-06-06 05:00:00;530.680971750229;1075.0844963913657;0.0;210.02100210021004;0.0;0.0;0.0;0.0
2030-06-06 06:00:00;530.6945148124187;1075.0844963913657;0.0;210.02100210021004;0.0;0.0;0.0;0.0
2030-06-06 07:00:00;485.9140325263996;1075.0844963913657;0.0;210.02100210021004;0.0;0.0;0.0;0.0
2030-06-06 08:00:00;468.5921682056246;1075.0844963913657;0.0;210.02100210021004;0.0;0.0;0.0;0.0
2030-06-06 09:00:00;468.621448328537;1075.0844963913657;0.0;210.02100210021004;0.0;0.0;0.0;0.0
2030-06-06 10:00:00;469.0761478071063;1075.0844963913657;0.0;210.02100210021004;0.0;0.0;0.0;0.0
2030-06-06 11:00:00;469.1310104867547;1075.0844963913657;0.0;210.02100210021004;0.0;0.0;0.0;0.0
2030-06-06 12:00:00;469.1479445894389;1075.0844963913657;0.0;210.02100210021004;0.0;0.0;0.0;0.0
2030-06-06 13:00:00;469.1849445799848;1075.0844963913657;0.0;210.02100210021004;0.0;0.0;0.0;0.0
2030-06-06 14:00:00;469.2748911331325;1075.0844963913657;0.0;210.02100210021004;0.0;0.0;0.0;0.0
2030-06-06 15:00:00;469.3504358775065;1075.0844963913657;0.0;210.02100210021004;0.0;0.0;0.0;0.0
2030-06-06 16:00:00;469.1489462915239;1075.0844963913657;0.0;210.02100210021004;0.0;0.0;0.0;0.0
2030-06-06 17:00:00;469.0296391439318;1075.0844963913657;0.0;210.02100210021004;0.0;0.0;0.0;0.0
2030-06-06 18:00:00;469.127062133362;1075.0844963913657;0.0;210.02100210021004;0.0;0.0;0.0;0.0
2030-06-06 19:00:00;533.4425857413004;1075.0844963913657;0.0;210.02100210021004;0.0;0.0;0.0;0.0
2030-06-06 20:00:00;533.5711212671558;1075.0844963913657;0.0;210.02100210021004;0.0;0.0;0.0;0.0
2030-06-06 21:00:00;469.3535877795515;1075.0844963913657;0.0;210.02100210021004;0.0;0.0;0.0;0.0
2030-06-06 22:00:00;533.5941681592602;1075.0844963913657;0.0;210.02100210021004;0.0;0.0;0.0;0.0
2030-06-06 23:00:00;533.2717461626271;1075.0844963913657;0.0;210.02100210021004;0.0;0.0;0.0;0.0
2030-06-07 00:00:00;468.7934063617237;1075.0844963913657;0.0;210.02100210021004;0.0;0.0;0.0;0.0
2030-06-07 01:00:00;468.5226194376929;1075.0844963913657;0.0;210.02100210021004;0.0;0.0;0.0;0.0
2030-06-07 02:00:00;468.5520434436242;1075.0844963913657;0.0;210.02100210021004;0.0;0.0;0.0;0.0
2030-06-07 03:00:00;468.5879390436141;1075.0844963913657;0.0;210.02100210021004;0.0;0.0;0.0;0.0
2030-06-07 04:00:00;468.5685477938471;1075.0844963913657;0.0;210.02100210021004;0.0;0.0;0.0;0.0
2030-06-07 05:00:00;468.6368529264531;1075.0844963913657;0.0;210.02100210021004;0.0;0.0;0.0;0.0
2030-06-07 06:00:00;468.7298093722699;1075.0844963913657;0.0;210.02100210021004;0.0;0.0;0.0;0.0
2030-06-07 07:00:00;468.6701652084593;1075.0844963913657;0.0;210.02100210021004;0.0;0.0;0.0;0.0
2030-06-07 08:00:00;468.8008808054338;1075.0844963913657;0.0;210.02100210021004;0.0;0.0;0.0;0.0
2030-06-07 09:00:00;469.075386794719;1075.0844963913657;0.0;210.02100210021004;0.0;0.0;0.0;0.0
2030-06-07 10:00:00;468.9138600469241;1075.0844963913657;0.0;210.02100210021004;0.0;0.0;0.0;0.0
2030-06-07 11:00:00;468.7633176045177;1075.0844963913657;0.0;210.02100210021004;0.0;0.0;0.0;0.0
2030-06-07 12:00:00;468.3162436676665;1075.0844963913657;0.0;210.02100210021004;0.0;0.0;0.0;0.0
2030-06-07 13:00:00;467.7484867573567;1075.0844963913657;0.0;210.02100210021004;0.0;0.0;0.0;0.0
2030-06-07 14:00:00;467.5821904496647;1075.0844963913657;0.0;210.02100210021004;0.0;0.0;0.0;0.0
2030-06-07 15:00:00;468.0772664865505;1075.0844963913657;0.0;210.02100210021004;0.0;0.0;0.0;0.0
2030-06-07 16:00:00;468.2888453569004;1075.0844963913657;0.0;210.02100210021004;0.0;0.0;0.0;0.0
2030-06-07 17:00:00;468.5180361301284;1075.0844963913657;0.0;210.02100210021004;0.0;0.0;0.0;0.0
2030-06-07 18:00:00;468.1980805089746;1075.0844963913657;0.0;210.02100210021004;0.0;0.0;0.0;0.0
2030-06-07 19:00:00;467.8186620198558;1075.0844963913657;0.0;210.02100210021004;0.0;0.0;0.0;0.0
2030-06-07 20:00:00;467.8296649200044;1075.0844963913657;0.0;210.02100210021004;0.0;0.0;0.0;0.0
2030-06-07 21:00:00;467.6443041813619;1075.0844963913657;0.0;210.02100210021004;0.0;0.0;0.0;0.0
2030-06-07 22:00:00;467.0659256595223;1075.0844963913657;0.0;210.02100210021004;0.0;0.0;0.0;0.0
2030-06-07 23:00:00;465.9306297181134;1075.0844963913657;0.0;210.02100210021004;0.0;0.0;0.0;0.0
2030-06-08 00:00:00;465.3948465819977;1075.0844963913657;0.0;210.02100210021004;0.0;0.0;0.0;0.0
2030-06-08 01:00:00;464.686484954277;1075.0844963913657;0.0;210.02100210021004;0.0;0.0;0.0;0.0
2030-06-08 02:00:00;527.5368707232733;1075.0844963913657;0.0;210.02100210021004;0.0;0.0;0.0;0.0
2030-06-08 03:00:00;527.2280580369053;1075.0844963913657;0.0;210.02100210021004;0.0;0.0;0.0;0.0
2030-06-08 04:00:00;526.6603782579249;1075.0844963913657;0.0;210.02100210021004;0.0;0.0;0.0;0.0
2030-06-08 05:00:00;527.2456398025749;1075.0844963913657;0.0;210.02100210021004;0.0;0.0;0.0;0.0
2030-06-08 06:00:00;527.5794040965349;1075.0844963913657;0.0;210.02100210021004;0.0;0.0;0.0;0.0
2030-06-08 07:00:00;527.8350531110472;1075.0844963913657;0.0;210.02100210021004;0.0;0.0;0.0;0.0
2030-06-08 08:00:00;494.5565364366891;1075.0844963913657;0.0;210.02100210021004;0.0;0.0;0.0;0.0
2030-06-08 09:00:00;465.0435889808831;1075.0844963913657;0.0;210.02100210021004;0.0;0.0;0.0;0.0
2030-06-08 10:00:00;465.3504173795823;1075.0844963913657;0.0;210.02100210021004;0.0;0.0;0.0;0.0
2030-06-08 11:00:00;465.1575942779677;1075.0844963913657;0.0;210.02100210021004;0.0;0.0;0.0;0.0
2030-06-08 12:00:00;464.6693269664214;1075.0844963913657;0.0;210.02100210021004;0.0;0.0;0.0;0.0
2030-06-08 13:00:00;464.2780340603105;1075.0844963913657;0.0;210.02100210021004;0.0;0.0;0.0;0.0
2030-06-08 14:00:00;464.0357160646278;1075.0844963913657;0.0;210.02100210021004;0.0;0.0;0.0;0.0
2030-06-08 15:00:00;463.9127777198977;1075.0844963913657;0.0;210.02100210021004;0.0;0.0;0.0;0.0
2030-06-08 16:00:00;463.9773425927172;1075.0844963913657;0.0;210.02100210021004;0.0;0.0;0.0;0.0
2030-06-08 17:00:00;464.4668082399232;1075.0844963913657;0.0;210.02100210021004;0.0;0.0;0.0;0.0
2030-06-08 18:00:00;464.9807126719479;1075.0844963913657;0.0;210.02100210021004;0.0;0.0;0.0;0.0
2030-06-08 19:00:00;465.6037382754137;1075.0844963913657;0.0;210.02100210021004;0.0;0.0;0.0;0.0
2030-06-08 20:00:00;465.9642738995909;1075.0844963913657;0.0;210.02100210021004;0.0;0.0;0.0;0.0
2030-06-08 21:00:00;465.8849658668365;1075.0844963913657;0.0;210.02100210021004;0.0;0.0;0.0;0.0
2030-06-08 22:00:00;465.8296063906761;1075.0844963913657;0.0;210.02100210021004;0.0;0.0;0.0;0.0
2030-06-08 23:00:00;465.7597034771905;1075.0844963913657;0.0;210.02100210021004;0.0;0.0;0.0;0.0
2030-06-09 00:00:00;465.2667154494089;1075.0844963913657;0.0;210.02100210021004;0.0;0.0;0.0;0.0
2030-06-09 01:00:00;464.917019315972;1075.0844963913657;0.0;210.02100210021004;0.0;0.0;0.0;0.0
2030-06-09 02:00:00;464.3855392942709;1075.0844963913657;0.0;210.02100210021004;0.0;0.0;0.0;0.0
2030-06-09 03:00:00;464.3035803977843;1075.0844963913657;0.0;210.02100210021004;0.0;0.0;0.0;0.0
2030-06-09 04:00:00;464.1106301999632;1075.0844963913657;0.0;210.02100210021004;0.0;0.0;0.0;0.0
2030-06-09 05:00:00;464.0106236421766;1075.0844963913657;0.0;210.02100210021004;0.0;0.0;0.0;0.0
2030-06-09 06:00:00;463.5792228046658;1075.0844963913657;0.0;210.02100210021004;0.0;0.0;0.0;0.0
2030-06-09 07:00:00;463.8199248628679;1075.0844963913657;0.0;210.02100210021004;0.0;0.0;0.0;0.0
2030-06-09 08:00:00;463.839842654061;1075.0844963913657;0.0;210.02100210021004;0.0;0.0;0.0;0.0
2030-06-09 09:00:00;463.8904632573851;1075.0844963913657;0.0;210.02100210021004;0.0;0.0;0.0;0.0
2030-06-09 10:00:00;463.647872912689;1075.0844963913657;0.0;210.02100210021004;0.0;0.0;0.0;0.0
2030-06-09 11:00:00;463.628481662922;1075.0844963913657;0.0;210.02100210021004;0.0;0.0;0.0;0.0
2030-06-09 12:00:00;463.7001820798971;1075.0844963913657;0.0;210.02100210021004;0.0;0.0;0.0;0.0
2030-06-09 13:00:00;463.4501656854307;1075.0844963913657;0.0;210.02100210021004;0.0;0.0;0.0;0.0
2030-06-09 14:00:00;463.5474669096824;1075.0844963913657;0.0;210.02100210021004;0.0;0.0;0.0;0.0
2030-06-09 15:00:00;464.2224930181409;1075.0844963913657;0.0;210.02100210021004;0.0;0.0;0.0;0.0
2030-06-09 16:00:00;465.3523056660766;1075.0844963913657;0.0;210.02100210021004;0.0;0.0;0.0;0.0
2030-06-09 17:00:00;466.3913171528845;1075.0844963913657;0.0;210.02100210021004;0.0;0.0;0.0;0.0
2030-06-09 18:00:00;466.7756197676468;1075.0844963913657;0.0;210.02100210021004;0.0;0.0;0.0;0.0
2030-06-09 19:00:00;466.8038169688529;1075.0844963913657;0.0;210.02100210021004;0.0;0.0;0.0;0.0
2030-06-09 20:00:00;466.8231719054179;1075.0844963913657;0.0;210.02100210021004;0.0;0.0;0.0;0.0
2030-06-09 21:00:00;466.7140688905777;1075.0844963913657;0.0;210.02100210021004;0.0;0.0;0.0;0.0
2030-06-09 22:00:00;466.6460724201873;1075.0844963913657;0.0;210.02100210021004;0.0;0.0;0.0;0.0
2030-06-09 23:00:00;466.4507255510467;1075.0844963913657;0.0;210.02100210021004;0.0;0.0;0.0;0.0
2030-06-10 00:00:00;465.6566829236536;1075.0844963913657;0.0;210.02100210021004;0.0;0.0;0.0;0.0
2030-06-10 01:00:00;465.0182242094184;1075.0844963913657;0.0;210.02100210021004;0.0;0.0;0.0;0.0
2030-06-10 02:00:00;465.022708889842;1075.0844963913657;0.0;210.02100210021004;0.0;0.0;0.0;0.0
2030-06-10 03:00:00;464.9969083599555;1075.0844963913657;0.0;210.02100210021004;0.0;0.0;0.0;0.0
2030-06-10 04:00:00;464.9573632831837;1075.0844963913657;0.0;210.02100210021004;0.0;0.0;0.0;0.0
2030-06-10 05:00:00;464.8207711745727;1075.0844963913657;0.0;210.02100210021004;0.0;0.0;0.0;0.0
2030-06-10 06:00:00;465.1776028521654;1075.0844963913657;0.0;210.02100210021004;0.0;0.0;0.0;0.0
2030-06-10 07:00:00;465.2961291428754;1075.0844963913657;0.0;210.02100210021004;0.0;0.0;0.0;0.0
2030-06-10 08:00:00;465.2745954142018;1075.0844963913657;0.0;210.02100210021004;0.0;0.0;0.0;0.0
2030-06-10 09:00:00;465.155597051868;1075.0844963913657;0.0;210.02100210021004;0.0;0.0;0.0;0.0
2030-06-10 10:00:00;465.0783770282177;1075.0844963913657;0.0;210.02100210021004;0.0;0.0;0.0;0.0
2030-06-10 11:00:00;465.127799295882;1075.0844963913657;0.0;210.02100210021004;0.0;0.0;0.0;0.0
2030-06-10 12:00:00;465.3419382469596;1075.0844963913657;0.0;210.02100210021004;0.0;0.0;0.0;0.0
2030-06-10 13:00:00;465.1614616339605;1075.0844963913657;0.0;210.02100210021004;0.0;0.0;0.0;0.0
2030-06-10 14:00:00;465.0566254203331;1075.0844963913657;0.0;210.02100210021004;0.0;0.0;0.0;0.0
2030-06-10 15:00:00;465.2513549650429;1075.0844963913657;0.0;210.02100210021004;0.0;0.0;0.0;0.0
2030-06-10 16:00:00;465.5629767063812;1075.0844963913657;0.0;210.02100210021004;0.0;0.0;0.0;0.0
2030-06-10 17:00:00;466.1634336549216;1075.0844963913657;0.0;210.02100210021004;0.0;0.0;0.0;0.0
2030-06-10 18:00:00;466.4563540973274;1075.0844963913657;0.0;210.02100210021004;0.0;0.0;0.0;0.0
2030-06-10 19:00:00;466.3532064475842;1075.0844963913657;0.0;210.02100210021004;0.0;0.0;0.0;0.0
2030-06-10 20:00:00;466.3857612330074;1075.0844963913657;0.0;210.02100210021004;0.0;0.0;0.0;0.0
2030-06-10 21:00:00;466.368585088551;1075.0844963913657;0.0;210.02100210021004;0.0;0.0;0.0;0.0
2030-06-10 22:00:00;466.3550402642756;1075.0844963913657;0.0;210.02100210021004;0.0;0.0;0.0;0.0
2030-06-10 23:00:00;466.3679314509184;1075.0844963913657;0.0;210.02100210021004;0.0;0.0;0.0;0.0
2030-06-11 00:00:00;466.556578534325;1075.0844963913657;0.0;210.02100210021004;0.0;0.0;0.0;0.0
2030-06-11 01:00:00;466.5173239631674;1075.0844963913657;0.0;210.02100210021004;0.0;0.0;0.0;0.0
2030-06-11 02:00:00;466.6657178623669;1075.0844963913657;0.0;210.02100210021004;0.0;0.0;0.0;0.0
2030-06-11 03:00:00;466.8522043102656;1075.0844963913657;0.0;210.02100210021004;0.0;0.0;0.0;0.0
2030-06-11 04:00:00;467.2564065596202;1075.0844963913657;0.0;210.02100210021004;0.0;0.0;0.0;0.0
2030-06-11 05:00:00;468.0010632325508;1075.0844963913657;0.0;210.02100210021004;0.0;0.0;0.0;0.0
2030-06-11 06:00:00;468.3640681544512;1075.0844963913657;0.0;210.02100210021004;0.0;0.0;0.0;0.0
2030-06-11 07:00:00;468.895221357336;1075.0844963913657;0.0;210.02100210021004;0.0;0.0;0.0;0.0
2030-06-11 08:00:00;469.5179889235808;1075.0844963913657;0.0;210.02100210021004;0.0;0.0;0.0;0.0
2030-06-11 09:00:00;469.6101751820899;1075.0844963913657;0.0;210.02100210021004;0.0;0.0;0.0;0.0
2030-06-11 10:00:00;469.1317695779183;1075.0844963913657;0.0;210.02100210021004;0.0;0.0;0.0;0.0
2030-06-11 11:00:00;468.8096314198598;1075.0844963913657;0.0;210.02100210021004;0.0;0.0;0.0;0.0
2030-06-11 12:00:00;468.7103432353051;1075.0844963913657;0.0;210.02100210021004;0.0;0.0;0.0;0.0
2030-06-11 13:00:00;468.7494584287357;1075.0844963913657;0.0;210.02100210021004;0.0;0.0;0.0;0.0
2030-06-11 14:00:00;468.7880402680722;1075.0844963913657;0.0;210.02100210021004;0.0;0.0;0.0;0.0
2030-06-11 15:00:00;468.6431650429504;1075.0844963913657;0.0;210.02100210021004;0.0;0.0;0.0;0.0
2030-06-11 16:00:00;532.5828823908483;1075.0844963913657;0.0;210.02100210021004;0.0;0.0;0.0;0.0
2030-06-11 17:00:00;532.6917100207806;1075.0844963913657;0.0;210.02100210021004;0.0;0.0;0.0;0.0
2030-06-11 18:00:00;532.8997548084315;1075.0844963913657;0.0;210.02100210021004;0.0;0.0;0.0;0.0
2030-06-11 19:00:00;533.0241750359309;1075.0844963913657;0.0;210.02100210021004;0.0;0.0;0.0;0.0
2030-06-11 20:00:00;533.119304917839;1075.0844963913657;0.0;210.02100210021004;0.0;0.0;0.0;0.0
2030-06-11 21:00:00;532.7579197925311;1075.0844963913657;0.0;210.02100210021004;0.0;0.0;0.0;0.0
2030-06-11 22:00:00;532.8788340788859;1075.0844963913657;0.0;210.02100210021004;0.0;0.0;0.0;0.0
2030-06-11 23:00:00;532.5859316836774;1075.0844963913657;0.0;210.02100210021004;0.0;0.0;0.0;0.0
2030-06-12 00:00:00;532.3684915404946;1075.0844963913657;0.0;210.02100210021004;0.0;0.0;0.0;0.0
2030-06-12 01:00:00;532.4470413588178;1075.0844963913657;0.0;210.02100210021004;0.0;0.0;0.0;0.0
2030-06-12 02:00:00;532.448815442544;1075.0844963913657;0.0;210.02100210021004;0.0;0.0;0.0;0.0
2030-06-12 03:00:00;532.2540077694576;1075.0844963913657;0.0;210.02100210021004;0.0;0.0;0.0;0.0
2030-06-12 04:00:00;532.5300364448904;1075.0844963913657;0.0;210.02100210021004;0.0;0.0;0.0;0.0
2030-06-12 05:00:00;532.6302371803982;1075.0844963913657;0.0;210.02100210021004;0.0;0.0;0.0;0.0
2030-06-12 06:00:00;532.7036095830669;1075.0844963913657;0.0;210.02100210021004;0.0;0.0;0.0;0.0
2030-06-12 07:00:00;532.9340374358079;1075.0844963913657;0.0;210.02100210021004;0.0;0.0;0.0;0.0
2030-06-12 08:00:00;532.9844395256148;1075.0844963913657;0.0;210.02100210021004;0.0;0.0;0.0;0.0
2030-06-12 09:00:00;533.1646965692598;1075.0844963913657;0.0;210.02100210021004;0.0;0.0;0.0;0.0
2030-06-12 10:00:00;505.4237591675333;1075.0844963913657;0.0;210.02100210021004;0.0;0.0;0.0;0.0
2030-06-12 11:00:00;469.6319335999075;1075.0844963913657;0.0;210.02100210021004;0.0;0.0;0.0;0.0
2030-06-12 12:00:00;470.6414673940332;1075.0844963913657;0.0;210.02100210021004;0.0;0.0;0.0;0.0
2030-06-12 13:00:00;470.4464284402362;1075.0844963913657;0.0;210.02100210021004;0.0;0.0;0.0;0.0
2030-06-12 14:00:00;469.5162831743945;1075.0844963913657;0.0;210.02100210021004;0.0;0.0;0.0;0.0
2030-06-12 15:00:00;469.4907865130331;1075.0844963913657;0.0;210.02100210021004;0.0;0.0;0.0;0.0
2030-06-12 16:00:00;469.4083546373312;1075.0844963913657;0.0;210.02100210021004;0.0;0.0;0.0;0.0
2030-06-12 17:00:00;532.9316800248439;1075.0844963913657;0.0;210.02100210021004;0.0;0.0;0.0;0.0
2030-06-12 18:00:00;532.8855763746905;1075.0844963913657;0.0;210.02100210021004;0.0;0.0;0.0;0.0
2030-06-12 19:00:00;532.7908869447639;1075.0844963913657;0.0;210.02100210021004;0.0;0.0;0.0;0.0
2030-06-12 20:00:00;532.9381306570295;1075.0844963913657;0.0;210.02100210021004;0.0;0.0;0.0;0.0
2030-06-12 21:00:00;532.762177998449;1075.0844963913657;0.0;210.02100210021004;0.0;0.0;0.0;0.0
2030-06-12 22:00:00;532.7751637154352;1075.0844963913657;0.0;210.02100210021004;0.0;0.0;0.0;0.0
2030-06-12 23:00:00;532.0126177207677;1075.0844963913657;0.0;210.02100210021004;0.0;0.0;0.0;0.0
2030-06-13 00:00:00;531.8191476322648;1075.0844963913657;0.0;210.02100210021004;0.0;0.0;0.0;0.0
2030-06-13 01:00:00;530.8147107217126;1075.0844963913657;0.0;210.02100210021004;0.0;0.0;0.0;0.0
2030-06-13 02:00:00;530.5176949884146;1075.0844963913657;0.0;210.02100210021004;0.0;0.0;0.0;0.0
2030-06-13 03:00:00;530.4267226634755;1075.0844963913657;0.0;210.02100210021004;0.0;0.0;0.0;0.0
2030-06-13 04:00:00;530.7890068493472;1075.0844963913657;0.0;210.02100210021004;0.0;0.0;0.0;0.0
2030-06-13 05:00:00;531.1976200529772;1075.0844963913657;0.0;210.02100210021004;0.0;0.0;0.0;0.0
2030-06-13 06:00:00;531.4933826866117;1075.0844963913657;0.0;210.02100210021004;0.0;0.0;0.0;0.0
2030-06-13 07:00:00;531.8619908257464;1075.0844963913657;0.0;210.02100210021004;0.0;0.0;0.0;0.0
2030-06-13 08:00:00;531.7300721171353;1075.0844963913657;0.0;210.02100210021004;0.0;0.0;0.0;0.0
2030-06-13 09:00:00;467.5863846244739;1075.0844963913657;0.0;210.02100210021004;0.0;0.0;0.0;0.0
2030-06-13 10:00:00;467.3948143283217;1075.0844963913657;0.0;210.02100210021004;0.0;0.0;0.0;0.0
2030-06-13 11:00:00;467.1187068983542;1075.0844963913657;0.0;210.02100210021004;0.0;0.0;0.0;0.0
2030-06-13 12:00:00;466.4812831103704;1075.0844963913657;0.0;210.02100210021004;0.0;0.0;0.0;0.0
2030-06-13 13:00:00;466.4901435316123;1075.0844963913657;0.0;210.02100210021004;0.0;0.0;0.0;0.0
2030-06-13 14:00:00;466.6883954568976;1075.0844963913657;0.0;210.02100210021004;0.0;0.0;0.0;0.0
2030-06-13 15:00:00;466.9619428061374;1075.0844963913657;0.0;210.02100210021004;0.0;0.0;0.0;0.0
2030-06-13 16:00:00;467.2999460885911;1075.0844963913657;0.0;210.02100210021004;0.0;0.0;0.0;0.0
2030-06-13 17:00:00;467.4810218694201;1075.0844963913657;0.0;210.02100210021004;0.0;0.0;0.0;0.0
2030-06-13 18:00:00;468.0444211955127;1075.0844963913657;0.0;210.02100210021004;0.0;0.0;0.0;0.0
2030-06-13 19:00:00;468.200676902904;1075.0844963913657;0.0;210.02100210021004;0.0;0.0;0.0;0.0
2030-06-13 20:00:00;468.1703916925941;1075.0844963913657;0.0;210.02100210021004;0.0;0.0;0.0;0.0
2030-06-13 21:00:00;467.9302343324191;1075.0844963913657;0.0;210.02100210021004;0.0;0.0;0.0;0.0
2030-06-13 22:00:00;531.6346122658343;1075.0844963913657;0.0;210.02100210021004;0.0;0.0;0.0;0.0
2030-06-13 23:00:00;531.1988348791717;1075.0844963913657;0.0;210.02100210021004;0.0;0.0;0.0;0.0
2030-06-14 00:00:00;531.4868033829315;1075.0844963913657;0.0;210.02100210021004;0.0;0.0;0.0;0.0
2030-06-14 01:00:00;531.3515034518315;1075.0844963913657;0.0;210.02100210021004;0.0;0.0;0.0;0.0
2030-06-14 02:00:00;531.2643306919226;1075.0844963913657;0.0;210.02100210021004;0.0;0.0;0.0;0.0
2030-06-14 03:00:00;531.0559117159992;1075.0844963913657;0.0;210.02100210021004;0.0;0.0;0.0;0.0
2030-06-14 04:00:00;531.1948884860458;1075.0844963913657;0.0;210.02100210021004;0.0;0.0;0.0;0.0
2030-06-14 05:00:00;531.468306360364;1075.0844963913657;0.0;210.02100210021004;0.0;0.0;0.0;0.0
2030-06-14 06:00:00;531.9374731946398;1075.0844963913657;0.0;210.02100210021004;0.0;0.0;0.0;0.0
2030-06-14 07:00:00;532.2739690555312;1075.0844963913657;0.0;210.02100210021004;0.0;0.0;0.0;0.0
2030-06-14 08:00:00;532.3703721862754;1075.0844963913657;0.0;210.02100210021004;0.0;0.0;0.0;0.0
2030-06-14 09:00:00;468.590247293803;1075.0844963913657;0.0;210.02100210021004;0.0;0.0;0.0;0.0
2030-06-14 10:00:00;468.5616920745842;1075.0844963913657;0.0;210.02100210021004;0.0;0.0;0.0;0.0
2030-06-14 11:00:00;468.1167207803178;1075.0844963913657;0.0;210.02100210021004;0.0;0.0;0.0;0.0
2030-06-14 12:00:00;467.8458969212138;1075.0844963913657;0.0;210.02100210021004;0.0;0.0;0.0;0.0
2030-06-14 13:00:00;473.0337493212684;1075.0844963913657;0.0;210.02100210021004;0.0;0.0;0.0;0.0
2030-06-14 14:00:00;467.5534667070324;1075.0844963913657;0.0;210.02100210021004;0.0;0.0;0.0;0.0
2030-06-14 15:00:00;467.6778575798349;1075.0844963913657;0.0;210.02100210021004;0.0;0.0;0.0;0.0
2030-06-14 16:00:00;531.5257041361258;1075.0844963913657;0.0;210.02100210021004;0.0;0.0;0.0;0.0
2030-06-14 17:00:00;531.6755989155467;1075.0844963913657;0.0;210.02100210021004;0.0;0.0;0.0;0.0
2030-06-14 18:00:00;531.8697387764748;1075.0844963913657;0.0;210.02100210021004;0.0;0.0;0.0;0.0
2030-06-14 19:00:00;532.0341036532558;1075.0844963913657;0.0;210.02100210021004;0.0;0.0;0.0;0.0
2030-06-14 20:00:00;532.0970127345988;1075.0844963913657;0.0;210.02100210021004;0.0;0.0;0.0;0.0
2030-06-14 21:00:00;531.9053589561296;1075.0844963913657;0.0;210.02100210021004;0.0;0.0;0.0;0.0
2030-06-14 22:00:00;531.5013398086109;1075.0844963913657;0.0;210.02100210021004;0.0;0.0;0.0;0.0
2030-06-14 23:00:00;530.3697010039477;1075.0844963913657;0.0;210.02100210021004;0.0;0.0;0.0;0.0
2030-06-15 00:00:00;529.4745886376837;1075.0844963913657;0.0;210.02100210021004;0.0;0.0;0.0;0.0
2030-06-15 01:00:00;528.7297471347696;1075.0844963913657;0.0;210.02100210021004;0.0;0.0;0.0;0.0
2030-06-15 02:00:00;528.619962021632;1075.0844963913657;0.0;210.02100210021004;0.0;0.0;0.0;0.0
2030-06-15 03:00:00;528.6661260546938;1075.0844963913657;0.0;210.02100210021004;0.0;0.0;0.0;0.0
2030-06-15 04:00:00;528.7213554738946;1075.0844963913657;0.0;210.02100210021004;0.0;0.0;0.0;0.0
2030-06-15 05:00:00;528.6269999338945;1075.0844963913657;0.0;210.02100210021004;0.0;0.0;0.0;0.0
2030-06-15 06:00:00;529.1902488011523;1075.0844963913657;0.0;210.02100210021004;0.0;0.0;0.0;0.0
2030-06-15 07:00:00;529.5280400203196;1075.0844963913657;0.0;210.02100210021004;0.0;0.0;0.0;0.0
2030-06-15 08:00:00;529.7737545709415;1075.0844963913657;0.0;210.02100210021004;0.0;0.0;0.0;0.0
2030-06-15 09:00:00;466.0911885399192;1075.0844963913657;0.0;210.02100210021004;0.0;0.0;0.0;0.0
2030-06-15 10:00:00;465.8305142207213;1075.0844963913657;0.0;210.02100210021004;0.0;0.0;0.0;0.0
2030-06-15 11:00:00;465.5531902984932;1075.0844963913657;0.0;210.02100210021004;0.0;0.0;0.0;0.0
2030-06-15 12:00:00;465.5883777910477;1075.0844963913657;0.0;210.02100210021004;0.0;0.0;0.0;0.0
2030-06-15 13:00:00;465.5369401406829;1075.0844963913657;0.0;210.02100210021004;0.0;0.0;0.0;0.0
2030-06-15 14:00:00;464.8601346853356;1075.0844963913657;0.0;210.02100210021004;0.0;0.0;0.0;0.0
2030-06-15 15:00:00;464.8437029615162;1075.0844963913657;0.0;210.02100210021004;0.0;0.0;0.0;0.0
2030-06-15 16:00:00;464.5459891764715;1075.0844963913657;0.0;210.02100210021004;0.0;0.0;0.0;0.0
2030-06-15 17:00:00;465.3168639811093;1075.0844963913657;0.0;210.02100210021004;0.0;0.0;0.0;0.0
2030-06-15 18:00:00;465.7148203597526;1075.0844963913657;0.0;210.02100210021004;0.0;0.0;0.0;0.0
2030-06-15 19:00:00;529.7599723703023;1075.0844963913657;0.0;210.02100210021004;0.0;0.0;0.0;0.0
2030-06-15 20:00:00;529.7189837603231;1075.0844963913657;0.0;210.02100210021004;0.0;0.0;0.0;0.0
2030-06-15 21:00:00;529.8667081906109;1075.0844963913657;0.0;210.02100210021004;0.0;0.0;0.0;0.0
2030-06-15 22:00:00;529.6264686323683;1075.0844963913657;0.0;210.02100210021004;0.0;0.0;0.0;0.0
2030-06-15 23:00:00;529.2365797791774;1075.0844963913657;0.0;210.02100210021004;0.0;0.0;0.0;0.0
2030-06-16 00:00:00;528.4192530372038;1075.0844963913657;0.0;210.02100210021004;0.0;0.0;0.0;0.0
2030-06-16 01:00:00;496.5587587191989;1075.0844963913657;0.0;210.02100210021004;0.0;0.0;0.0;0.0
2030-06-16 02:00:00;464.0688155480782;1075.0844963913657;0.0;210.02100210021004;0.0;0.0;0.0;0.0
2030-06-16 03:00:00;463.9354734710295;1075.0844963913657;0.0;210.02100210021004;0.0;0.0;0.0;0.0
2030-06-16 04:00:00;463.9986947553818;1075.0844963913657;0.0;210.02100210021004;0.0;0.0;0.0;0.0
2030-06-16 05:00:00;464.0637135432238;1075.0844963913657;0.0;210.02100210021004;0.0;0.0;0.0;0.0
2030-06-16 06:00:00;464.0833226722016;1075.0844963913657;0.0;210.02100210021004;0.0;0.0;0.0;0.0
2030-06-16 07:00:00;464.2882017568174;1075.0844963913657;0.0;210.02100210021004;0.0;0.0;0.0;0.0
2030-06-16 08:00:00;464.4229782053378;1075.0844963913657;0.0;210.02100210021004;0.0;0.0;0.0;0.0
2030-06-16 09:00:00;464.5595521573478;1075.0844963913657;0.0;210.02100210021004;0.0;0.0;0.0;0.0
2030-06-16 10:00:00;464.9304552006419;1075.0844963913657;0.0;210.02100210021004;0.0;0.0;0.0;0.0
2030-06-16 11:00:00;464.8107124176713;1075.0844963913657;0.0;210.02100210021004;0.0;0.0;0.0;0.0
2030-06-16 12:00:00;464.5611317816265;1075.0844963913657;0.0;210.02100210021004;0.0;0.0;0.0;0.0
2030-06-16 13:00:00;464.5725522835959;1075.0844963913657;0.0;210.02100210021004;0.0;0.0;0.0;0.0
2030-06-16 14:00:00;464.432528577414;1075.0844963913657;0.0;210.02100210021004;0.0;0.0;0.0;0.0
2030-06-16 15:00:00;464.291342848774;1075.0844963913657;0.0;210.02100210021004;0.0;0.0;0.0;0.0
2030-06-16 16:00:00;464.4117755825792;1075.0844963913657;0.0;210.02100210021004;0.0;0.0;0.0;0.0
2030-06-16 17:00:00;464.6738479600468;1075.0844963913657;0.0;210.02100210021004;0.0;0.0;0.0;0.0
2030-06-16 18:00:00;465.0289002907507;1075.0844963913657;0.0;210.02100210021004;0.0;0.0;0.0;0.0
2030-06-16 19:00:00;465.0617455817884;1075.0844963913657;0.0;210.02100210021004;0.0;0.0;0.0;0.0
2030-06-16 20:00:00;465.1070099878455;1075.0844963913657;0.0;210.02100210021004;0.0;0.0;0.0;0.0
2030-06-16 21:00:00;465.2193993474495;1075.0844963913657;0.0;210.02100210021004;0.0;0.0;0.0;0.0
2030-06-16 22:00:00;465.2616497577562;1075.0844963913657;0.0;210.02100210021004;0.0;0.0;0.0;0.0
2030-06-16 23:00:00;465.1019442961929;1075.0844963913657;0.0;210.02100210021004;0.0;0.0;0.0;0.0
2030-06-17 00:00:00;464.5361119855789;1075.0844963913657;0.0;210.02100210021004;0.0;0.0;0.0;0.0
2030-06-17 01:00:00;464.8845553135533;1075.0844963913657;0.0;210.02100210021004;0.0;0.0;0.0;0.0
2030-06-17 02:00:00;465.5186382869703;1075.0844963913657;0.0;210.02100210021004;0.0;0.0;0.0;0.0
2030-06-17 03:00:00;465.4085003458786;1075.0844963913657;0.0;210.02100210021004;0.0;0.0;0.0;0.0
2030-06-17 04:00:00;465.263610670654;1075.0844963913657;0.0;210.02100210021004;0.0;0.0;0.0;0.0
2030-06-17 05:00:00;465.6536689279035;1075.0844963913657;0.0;210.02100210021004;0.0;0.0;0.0;0.0
2030-06-17 06:00:00;466.2679975195354;1075.0844963913657;0.0;210.02100210021004;0.0;0.0;0.0;0.0
2030-06-17 07:00:00;466.5987744748288;1075.0844963913657;0.0;210.02100210021004;0.0;0.0;0.0;0.0
2030-06-17 08:00:00;466.3534243267951;1075.0844963913657;0.0;210.02100210021004;0.0;0.0;0.0;0.0
2030-06-17 09:00:00;466.0797135681471;1075.0844963913657;0.0;210.02100210021004;0.0;0.0;0.0;0.0
2030-06-17 10:00:00;465.8771040586445;1075.0844963913657;0.0;210.02100210021004;0.0;0.0;0.0;0.0
2030-06-17 11:00:00;465.8360338273965;1075.0844963913657;0.0;210.02100210021004;0.0;0.0;0.0;0.0
2030-06-17 12:00:00;465.8090894316531;1075.0844963913657;0.0;210.02100210021004;0.0;0.0;0.0;0.0
2030-06-17 13:00:00;465.8201104884025;1075.0844963913657;0.0;210.02100210021004;0.0;0.0;0.0;0.0
2030-06-17 14:00:00;466.0059251420678;1075.0844963913657;0.0;210.02100210021004;0.0;0.0;0.0;0.0
2030-06-17 15:00:00;466.0328876944122;1075.0844963913657;0.0;210.02100210021004;0.0;0.0;0.0;0.0
2030-06-17 16:00:00;466.1562981107658;1075.0844963913657;0.0;210.02100210021004;0.0;0.0;0.0;0.0
2030-06-17 17:00:00;466.2746246788659;1075.0844963913657;0.0;210.02100210021004;0.0;0.0;0.0;0.0
2030-06-17 18:00:00;466.5033433804704;1075.0844963913657;0.0;210.02100210021004;0.0;0.0;0.0;0.0
2030-06-17 19:00:00;466.5510044578469;1075.0844963913657;0.0;210.02100210021004;0.0;0.0;0.0;0.0
2030-06-17 20:00:00;466.700778258715;1075.0844963913657;0.0;210.02100210021004;0.0;0.0;0.0;0.0
2030-06-17 21:00:00;466.6075259564652;1075.0844963913657;0.0;210.02100210021004;0.0;0.0;0.0;0.0
2030-06-17 22:00:00;466.2396005957195;1075.0844963913657;0.0;210.02100210021004;0.0;0.0;0.0;0.0
2030-06-17 23:00:00;466.0873574971283;1075.0844963913657;0.0;210.02100210021004;0.0;0.0;0.0;0.0
2030-06-18 00:00:00;465.9955214097491;1075.0844963913657;0.0;210.02100210021004;0.0;0.0;0.0;0.0
2030-06-18 01:00:00;465.9662711256906;1075.0844963913657;0.0;210.02100210021004;0.0;0.0;0.0;0.0
2030-06-18 02:00:00;466.0787331116981;1075.0844963913657;0.0;210.02100210021004;0.0;0.0;0.0;0.0
2030-06-18 03:00:00;466.2964489131541;1075.0844963913657;0.0;210.02100210021004;0.0;0.0;0.0;0.0
2030-06-18 04:00:00;466.2285795389699;1075.0844963913657;0.0;210.02100210021004;0.0;0.0;0.0;0.0
2030-06-18 05:00:00;466.28072529677;1075.0844963913657;0.0;210.02100210021004;0.0;0.0;0.0;0.0
2030-06-18 06:00:00;466.5712309112554;1075.0844963913657;0.0;210.02100210021004;0.0;0.0;0.0;0.0
2030-06-18 07:00:00;466.7109277986212;1075.0844963913657;0.0;210.02100210021004;0.0;0.0;0.0;0.0
2030-06-18 08:00:00;466.8593580110224;1075.0844963913657;0.0;210.02100210021004;0.0;0.0;0.0;0.0
2030-06-18 09:00:00;466.6996162362572;1075.0844963913657;0.0;210.02100210021004;0.0;0.0;0.0;0.0
2030-06-18 10:00:00;466.5058126781935;1075.0844963913657;0.0;210.02100210021004;0.0;0.0;0.0;0.0
2030-06-18 11:00:00;466.7593332966348;1075.0844963913657;0.0;210.02100210021004;0.0;0.0;0.0;0.0
2030-06-18 12:00:00;466.6761760644883;1075.0844963913657;0.0;210.02100210021004;0.0;0.0;0.0;0.0
2030-06-18 13:00:00;466.6877418192651;1075.0844963913657;0.0;210.02100210021004;0.0;0.0;0.0;0.0
2030-06-18 14:00:00;466.8484458938782;1075.0844963913657;0.0;210.02100210021004;0.0;0.0;0.0;0.0
2030-06-18 15:00:00;466.8286915120932;1075.0844963913657;0.0;210.02100210021004;0.0;0.0;0.0;0.0
2030-06-18 16:00:00;466.7279768468712;1075.0844963913657;0.0;210.02100210021004;0.0;0.0;0.0;0.0
2030-06-18 17:00:00;466.8126592334937;1075.0844963913657;0.0;210.02100210021004;0.0;0.0;0.0;0.0
2030-06-18 18:00:00;530.8953886628615;1075.0844963913657;0.0;210.02100210021004;0.0;0.0;0.0;0.0
2030-06-18 19:00:00;531.662737884911;1075.0844963913657;0.0;210.02100210021004;0.0;0.0;0.0;0.0
2030-06-18 20:00:00;531.7294043049769;1075.0844963913657;0.0;210.02100210021004;0.0;0.0;0.0;0.0
2030-06-18 21:00:00;531.6243821854861;1075.0844963913657;0.0;210.02100210021004;0.0;0.0;0.0;0.0
2030-06-18 22:00:00;531.3492304934825;1075.0844963913657;0.0;210.02100210021004;0.0;0.0;0.0;0.0
2030-06-18 23:00:00;530.6834578326878;1075.0844963913657;0.0;210.02100210021004;0.0;0.0;0.0;0.0
2030-06-19 00:00:00;530.5997124744141;1075.0844963913657;0.0;210.02100210021004;0.0;0.0;0.0;0.0
2030-06-19 01:00:00;530.6093572349522;1075.0844963913657;0.0;210.02100210021004;0.0;0.0;0.0;0.0
2030-06-19 02:00:00;530.6593026764434;1075.0844963913657;0.0;210.02100210021004;0.0;0.0;0.0;0.0
2030-06-19 03:00:00;530.6806216639683;1075.0844963913657;0.0;210.02100210021004;0.0;0.0;0.0;0.0
2030-06-19 04:00:00;530.3778653369509;1075.0844963913657;0.0;210.02100210021004;0.0;0.0;0.0;0.0
2030-06-19 05:00:00;529.9788124412439;1075.0844963913657;0.0;210.02100210021004;0.0;0.0;0.0;0.0
2030-06-19 06:00:00;530.2876634010806;1075.0844963913657;0.0;210.02100210021004;0.0;0.0;0.0;0.0
2030-06-19 07:00:00;530.546365661261;1075.0844963913657;0.0;210.02100210021004;0.0;0.0;0.0;0.0
2030-06-19 08:00:00;530.8961811613702;1075.0844963913657;0.0;210.02100210021004;0.0;0.0;0.0;0.0
2030-06-19 09:00:00;530.8827147263619;1075.0844963913657;0.0;210.02100210021004;0.0;0.0;0.0;0.0
2030-06-19 10:00:00;530.7408374518486;1075.0844963913657;0.0;210.02100210021004;0.0;0.0;0.0;0.0
2030-06-19 11:00:00;530.8700830161699;1075.0844963913657;0.0;210.02100210021004;0.0;0.0;0.0;0.0
2030-06-19 12:00:00;467.2017915040969;1075.0844963913657;0.0;210.02100210021004;0.0;0.0;0.0;0.0
2030-06-19 13:00:00;467.3121110111977;1075.0844963913657;0.0;210.02100210021004;0.0;0.0;0.0;0.0
2030-06-19 14:00:00;467.4774994888446;1075.0844963913657;0.0;210.02100210021004;0.0;0.0;0.0;0.0
2030-06-19 15:00:00;467.6844121127617;1075.0844963913657;0.0;210.02100210021004;0.0;0.0;0.0;0.0
2030-06-19 16:00:00;467.3316656703729;1075.0844963913657;0.0;210.02100210021004;0.0;0.0;0.0;0.0
2030-06-19 17:00:00;531.4084445792779;1075.0844963913657;0.0;210.02100210021004;0.0;0.0;0.0;0.0
2030-06-19 18:00:00;531.591644353697;1075.0844963913657;0.0;210.02100210021004;0.0;0.0;0.0;0.0
2030-06-19 19:00:00;531.6613782231929;1075.0844963913657;0.0;210.02100210021004;0.0;0.0;0.0;0.0
2030-06-19 20:00:00;531.7954692412039;1075.0844963913657;0.0;210.02100210021004;0.0;0.0;0.0;0.0
2030-06-19 21:00:00;531.4997910924897;1075.0844963913657;0.0;210.02100210021004;0.0;0.0;0.0;0.0
2030-06-19 22:00:00;531.3772495505044;1075.0844963913657;0.0;210.02100210021004;0.0;0.0;0.0;0.0
2030-06-19 23:00:00;531.3255501421547;1075.0844963913657;0.0;210.02100210021004;0.0;0.0;0.0;0.0
2030-06-20 00:00:00;531.0915942711345;1075.0844963913657;0.0;210.02100210021004;0.0;0.0;0.0;0.0
2030-06-20 01:00:00;531.0714660400977;1075.0844963913657;0.0;210.02100210021004;0.0;0.0;0.0;0.0
2030-06-20 02:00:00;531.0482482501911;1075.0844963913657;0.0;210.02100210021004;0.0;0.0;0.0;0.0
2030-06-20 03:00:00;530.8743814558234;1075.0844963913657;0.0;210.02100210021004;0.0;0.0;0.0;0.0
2030-06-20 04:00:00;530.7532177644623;1075.0844963913657;0.0;210.02100210021004;0.0;0.0;0.0;0.0
2030-06-20 05:00:00;530.8383670033336;1075.0844963913657;0.0;210.02100210021004;0.0;0.0;0.0;0.0
2030-06-20 06:00:00;531.1706670337876;1075.0844963913657;0.0;210.02100210021004;0.0;0.0;0.0;0.0
2030-06-20 07:00:00;531.6448040727139;1075.0844963913657;0.0;210.02100210021004;0.0;0.0;0.0;0.0
2030-06-20 08:00:00;531.9781018524138;1075.0844963913657;0.0;210.02100210021004;0.0;0.0;0.0;0.0
2030-06-20 09:00:00;532.1577131933402;1075.0844963913657;0.0;210.02100210021004;0.0;0.0;0.0;0.0
2030-06-20 10:00:00;531.7811459396341;1075.0844963913657;0.0;210.02100210021004;0.0;0.0;0.0;0.0
2030-06-20 11:00:00;531.7637733775407;1075.0844963913657;0.0;210.02100210021004;0.0;0.0;0.0;0.0
2030-06-20 12:00:00;531.7086706372623;1075.0844963913657;0.0;210.02100210021004;0.0;0.0;0.0;0.0
2030-06-20 13:00:00;531.4300753795949;1075.0844963913657;0.0;210.02100210021004;0.0;0.0;0.0;0.0
2030-06-20 14:00:00;531.4906893931488;1075.0844963913657;0.0;210.02100210021004;0.0;0.0;0.0;0.0
2030-06-20 15:00:00;531.5701986872497;1075.0844963913657;0.0;210.02100210021004;0.0;0.0;0.0;0.0
2030-06-20 16:00:00;531.6931364623368;1075.0844963913657;0.0;210.02100210021004;0.0;0.0;0.0;0.0
2030-06-20 17:00:00;531.9016620003151;1075.0844963913657;0.0;210.02100210021004;0.0;0.0;0.0;0.0
2030-06-20 18:00:00;531.1920685136605;1075.0844963913657;0.0;210.02100210021004;0.0;0.0;0.0;0.0
2030-06-20 19:00:00;531.3389120076804;1075.0844963913657;0.0;210.02100210021004;0.0;0.0;0.0;0.0
2030-06-20 20:00:00;531.3989849203039;1075.0844963913657;0.0;210.02100210021004;0.0;0.0;0.0;0.0
2030-06-20 21:00:00;531.477575004668;1075.0844963913657;0.0;210.02100210021004;0.0;0.0;0.0;0.0
2030-06-20 22:00:00;531.0797550917567;1075.0844963913657;0.0;210.02100210021004;0.0;0.0;0.0;0.0
2030-06-20 23:00:00;531.7597847258018;1075.0844963913657;0.0;210.02100210021004;0.0;0.0;0.0;0.0
2030-06-21 00:00:00;531.8323224036541;1075.0844963913657;0.0;210.02100210021004;0.0;0.0;0.0;0.0
2030-06-21 01:00:00;531.8024448102913;1075.0844963913657;0.0;210.02100210021004;0.0;0.0;0.0;0.0
2030-06-21 02:00:00;531.7452743624011;1075.0844963913657;0.0;210.02100210021004;0.0;0.0;0.0;0.0
2030-06-21 03:00:00;531.8491077179762;1075.0844963913657;0.0;210.02100210021004;0.0;0.0;0.0;0.0
2030-06-21 04:00:00;531.9565354201496;1075.0844963913657;0.0;210.02100210021004;0.0;0.0;0.0;0.0
2030-06-21 05:00:00;531.8478344691399;1075.0844963913657;0.0;210.02100210021004;0.0;0.0;0.0;0.0
2030-06-21 06:00:00;531.9645730419251;1075.0844963913657;0.0;210.02100210021004;0.0;0.0;0.0;0.0
2030-06-21 07:00:00;532.1509890541364;1075.0844963913657;0.0;210.02100210021004;0.0;0.0;0.0;0.0
2030-06-21 08:00:00;532.1882787157292;1075.0844963913657;0.0;210.02100210021004;0.0;0.0;0.0;0.0
2030-06-21 09:00:00;532.2805886252521;1075.0844963913657;0.0;210.02100210021004;0.0;0.0;0.0;0.0
2030-06-21 10:00:00;468.0938434631771;1075.0844963913657;0.0;210.02100210021004;0.0;0.0;0.0;0.0
2030-06-21 11:00:00;468.0724913005125;1075.0844963913657;0.0;210.02100210021004;0.0;0.0;0.0;0.0
2030-06-21 12:00:00;467.981653826183;1075.0844963913657;0.0;210.02100210021004;0.0;0.0;0.0;0.0
2030-06-21 13:00:00;467.7960570517287;1075.0844963913657;0.0;210.02100210021004;0.0;0.0;0.0;0.0
2030-06-21 14:00:00;467.8106912720583;1075.0844963913657;0.0;210.02100210021004;0.0;0.0;0.0;0.0
2030-06-21 15:00:00;467.9497345217914;1075.0844963913657;0.0;210.02100210021004;0.0;0.0;0.0;0.0
2030-06-21 16:00:00;467.9166895081437;1075.0844963913657;0.0;210.02100210021004;0.0;0.0;0.0;0.0
2030-06-21 17:00:00;532.0626255377396;1075.0844963913657;0.0;210.02100210021004;0.0;0.0;0.0;0.0
2030-06-21 18:00:00;532.0069173607834;1075.0844963913657;0.0;210.02100210021004;0.0;0.0;0.0;0.0
2030-06-21 19:00:00;531.7094229020357;1075.0844963913657;0.0;210.02100210021004;0.0;0.0;0.0;0.0
2030-06-21 20:00:00;532.0884099098812;1075.0844963913657;0.0;210.02100210021004;0.0;0.0;0.0;0.0
2030-06-21 21:00:00;531.9648868149839;1075.0844963913657;0.0;210.02100210021004;0.0;0.0;0.0;0.0
2030-06-21 22:00:00;531.9418158531728;1075.0844963913657;0.0;210.02100210021004;0.0;0.0;0.0;0.0
2030-06-21 23:00:00;532.0338522556774;1075.0844963913657;0.0;210.02100210021004;0.0;0.0;0.0;0.0
2030-06-22 00:00:00;531.6566614086927;1075.0844963913657;0.0;210.02100210021004;0.0;0.0;0.0;0.0
2030-06-22 01:00:00;531.3065502921255;1075.0844963913657;0.0;210.02100210021004;0.0;0.0;0.0;0.0
2030-06-22 02:00:00;482.0441418719392;1075.0844963913657;0.0;210.02100210021004;0.0;0.0;0.0;0.0
2030-06-22 03:00:00;468.6920453529624;1075.0844963913657;0.0;210.02100210021004;0.0;0.0;0.0;0.0
2030-06-22 04:00:00;466.9826958009722;1075.0844963913657;0.0;210.02100210021004;0.0;0.0;0.0;0.0
2030-06-22 05:00:00;466.9971666118937;1075.0844963913657;0.0;210.02100210021004;0.0;0.0;0.0;0.0
2030-06-22 06:00:00;467.3380931070933;1075.0844963913657;0.0;210.02100210021004;0.0;0.0;0.0;0.0
2030-06-22 07:00:00;467.7116288575189;1075.0844963913657;0.0;210.02100210021004;0.0;0.0;0.0;0.0
2030-06-22 08:00:00;467.7398623719267;1075.0844963913657;0.0;210.02100210021004;0.0;0.0;0.0;0.0
2030-06-22 09:00:00;467.711774110326;1075.0844963913657;0.0;210.02100210021004;0.0;0.0;0.0;0.0
2030-06-22 10:00:00;467.6444312775683;1075.0844963913657;0.0;210.02100210021004;0.0;0.0;0.0;0.0
2030-06-22 11:00:00;467.4894646888411;1075.0844963913657;0.0;210.02100210021004;0.0;0.0;0.0;0.0
2030-06-22 12:00:00;467.36309474654;1075.0844963913657;0.0;210.02100210021004;0.0;0.0;0.0;0.0
2030-06-22 13:00:00;466.7927595989015;1075.0844963913657;0.0;210.02100210021004;0.0;0.0;0.0;0.0
2030-06-22 14:00:00;466.705589757955;1075.0844963913657;0.0;210.02100210021004;0.0;0.0;0.0;0.0
2030-06-22 15:00:00;466.9275723606236;1075.0844963913657;0.0;210.02100210021004;0.0;0.0;0.0;0.0
2030-06-22 16:00:00;466.9462191897534;1075.0844963913657;0.0;210.02100210021004;0.0;0.0;0.0;0.0
2030-06-22 17:00:00;467.138116304722;1075.0844963913657;0.0;210.02100210021004;0.0;0.0;0.0;0.0
2030-06-22 18:00:00;467.1773164060765;1075.0844963913657;0.0;210.02100210021004;0.0;0.0;0.0;0.0
2030-06-22 19:00:00;467.0492215866893;1075.0844963913657;0.0;210.02100210021004;0.0;0.0;0.0;0.0
2030-06-22 20:00:00;467.109900946915;1075.0844963913657;0.0;210.02100210021004;0.0;0.0;0.0;0.0
2030-06-22 21:00:00;467.2540825147044;1075.0844963913657;0.0;210.02100210021004;0.0;0.0;0.0;0.0
2030-06-22 22:00:00;467.0673600309938;1075.0844963913657;0.0;210.02100210021004;0.0;0.0;0.0;0.0
2030-06-22 23:00:00;466.7754926714405;1075.0844963913657;0.0;210.02100210021004;0.0;0.0;0.0;0.0
2030-06-23 00:00:00;466.3481407559316;1075.0844963913657;0.0;210.02100210021004;0.0;0.0;0.0;0.0
2030-06-23 01:00:00;465.3267048588;1075.0844963913657;0.0;210.02100210021004;0.0;0.0;0.0;0.0
2030-06-23 02:00:00;464.6718144207455;1075.0844963913657;0.0;210.02100210021004;0.0;0.0;0.0;0.0
2030-06-23 03:00:00;464.5592616517333;1075.0844963913657;0.0;210.02100210021004;0.0;0.0;0.0;0.0
2030-06-23 04:00:00;464.0474996986153;1075.0844963913657;0.0;210.02100210021004;0.0;0.0;0.0;0.0
2030-06-23 05:00:00;463.7150523360386;1075.0844963913657;0.0;210.02100210021004;0.0;0.0;0.0;0.0
2030-06-23 06:00:00;463.740852865925;1075.0844963913657;0.0;210.02100210021004;0.0;0.0;0.0;0.0
2030-06-23 07:00:00;463.9131953217186;1075.0844963913657;0.0;210.02100210021004;0.0;0.0;0.0;0.0
2030-06-23 08:00:00;464.10876007007;1075.0844963913657;0.0;210.02100210021004;0.0;0.0;0.0;0.0
2030-06-23 09:00:00;464.1351052979837;1075.0844963913657;0.0;210.02100210021004;0.0;0.0;0.0;0.0
2030-06-23 10:00:00;463.6799374698877;1075.0844963913657;0.0;210.02100210021004;0.0;0.0;0.0;0.0
2030-06-23 11:00:00;463.6361255919032;1075.0844963913657;0.0;210.02100210021004;0.0;0.0;0.0;0.0
2030-06-23 12:00:00;463.6498156689856;1075.0844963913657;0.0;210.02100210021004;0.0;0.0;0.0;0.0
2030-06-23 13:00:00;463.8440549854711;1075.0844963913657;0.0;210.02100210021004;0.0;0.0;0.0;0.0
2030-06-23 14:00:00;463.596634984934;1075.0844963913657;0.0;210.02100210021004;0.0;0.0;0.0;0.0
2030-06-23 15:00:00;464.1855080220969;1075.0844963913657;0.0;210.02100210021004;0.0;0.0;0.0;0.0
2030-06-23 16:00:00;464.9249537505676;1075.0844963913657;0.0;210.02100210021004;0.0;0.0;0.0;0.0
2030-06-23 17:00:00;465.3518699076548;1075.0844963913657;0.0;210.02100210021004;0.0;0.0;0.0;0.0
2030-06-23 18:00:00;466.0315622625461;1075.0844963913657;0.0;210.02100210021004;0.0;0.0;0.0;0.0
2030-06-23 19:00:00;466.5031981276632;1075.0844963913657;0.0;210.02100210021004;0.0;0.0;0.0;0.0
2030-06-23 20:00:00;466.6718911066747;1075.0844963913657;0.0;210.02100210021004;0.0;0.0;0.0;0.0
2030-06-23 21:00:00;466.5313590156673;1075.0844963913657;0.0;210.02100210021004;0.0;0.0;0.0;0.0
2030-06-23 22:00:00;466.414031060617;1075.0844963913657;0.0;210.02100210021004;0.0;0.0;0.0;0.0
2030-06-23 23:00:00;466.0449255208125;1075.0844963913657;0.0;210.02100210021004;0.0;0.0;0.0;0.0
2030-06-24 00:00:00;465.4924927816667;1075.0844963913657;0.0;210.02100210021004;0.0;0.0;0.0;0.0
2030-06-24 01:00:00;465.4714311246165;1075.0844963913657;0.0;210.02100210021004;0.0;0.0;0.0;0.0
2030-06-24 02:00:00;465.2146423180124;1075.0844963913657;0.0;210.02100210021004;0.0;0.0;0.0;0.0
2030-06-24 03:00:00;465.3566632502938;1075.0844963913657;0.0;210.02100210021004;0.0;0.0;0.0;0.0
2030-06-24 04:00:00;465.8470730407469;1075.0844963913657;0.0;210.02100210021004;0.0;0.0;0.0;0.0
2030-06-24 05:00:00;466.3666241756533;1075.0844963913657;0.0;210.02100210021004;0.0;0.0;0.0;0.0
2030-06-24 06:00:00;467.1532044400742;1075.0844963913657;0.0;210.02100210021004;0.0;0.0;0.0;0.0
2030-06-24 07:00:00;467.9753171724669;1075.0844963913657;0.0;210.02100210021004;0.0;0.0;0.0;0.0
2030-06-24 08:00:00;468.0561140464957;1075.0844963913657;0.0;210.02100210021004;0.0;0.0;0.0;0.0
2030-06-24 09:00:00;467.6111139149069;1075.0844963913657;0.0;210.02100210021004;0.0;0.0;0.0;0.0
2030-06-24 10:00:00;467.4761195871757;1075.0844963913657;0.0;210.02100210021004;0.0;0.0;0.0;0.0
2030-06-24 11:00:00;467.2810813802506;1075.0844963913657;0.0;210.02100210021004;0.0;0.0;0.0;0.0
2030-06-24 12:00:00;467.0727343848617;1075.0844963913657;0.0;210.02100210021004;0.0;0.0;0.0;0.0
2030-06-24 13:00:00;467.0188274367739;1075.0844963913657;0.0;210.02100210021004;0.0;0.0;0.0;0.0
2030-06-24 14:00:00;466.9562779466549;1075.0844963913657;0.0;210.02100210021004;0.0;0.0;0.0;0.0
2030-06-24 15:00:00;466.9065470167753;1075.0844963913657;0.0;210.02100210021004;0.0;0.0;0.0;0.0
2030-06-24 16:00:00;467.1905888813383;1075.0844963913657;0.0;210.02100210021004;0.0;0.0;0.0;0.0
2030-06-24 17:00:00;467.7042391209504;1075.0844963913657;0.0;210.02100210021004;0.0;0.0;0.0;0.0
2030-06-24 18:00:00;467.8179175992187;1075.0844963913657;0.0;210.02100210021004;0.0;0.0;0.0;0.0
2030-06-24 19:00:00;467.9260401576099;1075.0844963913657;0.0;210.02100210021004;0.0;0.0;0.0;0.0
2030-06-24 20:00:00;467.6450667585999;1075.0844963913657;0.0;210.02100210021004;0.0;0.0;0.0;0.0
2030-06-24 21:00:00;467.6854833522152;1075.0844963913657;0.0;210.02100210021004;0.0;0.0;0.0;0.0
2030-06-24 22:00:00;467.6738994408375;1075.0844963913657;0.0;210.02100210021004;0.0;0.0;0.0;0.0
2030-06-24 23:00:00;467.3779105328788;1075.0844963913657;0.0;210.02100210021004;0.0;0.0;0.0;0.0
2030-06-25 00:00:00;467.2302247411147;1075.0844963913657;0.0;210.02100210021004;0.0;0.0;0.0;0.0
2030-06-25 01:00:00;466.8149651218087;1075.0844963913657;0.0;210.02100210021004;0.0;0.0;0.0;0.0
2030-06-25 02:00:00;466.9657375357267;1075.0844963913657;0.0;210.02100210021004;0.0;0.0;0.0;0.0
2030-06-25 03:00:00;467.2526299866319;1075.0844963913657;0.0;210.02100210021004;0.0;0.0;0.0;0.0
2030-06-25 04:00:00;467.449974081872;1075.0844963913657;0.0;210.02100210021004;0.0;0.0;0.0;0.0
2030-06-25 05:00:00;467.6131292976073;1075.0844963913657;0.0;210.02100210021004;0.0;0.0;0.0;0.0
2030-06-25 06:00:00;468.4102767037552;1075.0844963913657;0.0;210.02100210021004;0.0;0.0;0.0;0.0
2030-06-25 07:00:00;468.6790851801588;1075.0844963913657;0.0;210.02100210021004;0.0;0.0;0.0;0.0
2030-06-25 08:00:00;468.6989121883475;1075.0844963913657;0.0;210.02100210021004;0.0;0.0;0.0;0.0
2030-06-25 09:00:00;468.7039597233992;1075.0844963913657;0.0;210.02100210021004;0.0;0.0;0.0;0.0
2030-06-25 10:00:00;468.2865031553835;1075.0844963913657;0.0;210.02100210021004;0.0;0.0;0.0;0.0
2030-06-25 11:00:00;468.19417683978;1075.0844963913657;0.0;210.02100210021004;0.0;0.0;0.0;0.0
2030-06-25 12:00:00;468.1608231639169;1075.0844963913657;0.0;210.02100210021004;0.0;0.0;0.0;0.0
2030-06-25 13:00:00;467.9050148137615;1075.0844963913657;0.0;210.02100210021004;0.0;0.0;0.0;0.0
2030-06-25 14:00:00;467.9830881976545;1075.0844963913657;0.0;210.02100210021004;0.0;0.0;0.0;0.0
2030-06-25 15:00:00;468.0471628422494;1075.0844963913657;0.0;210.02100210021004;0.0;0.0;0.0;0.0
2030-06-25 16:00:00;467.9614455293754;1075.0844963913657;0.0;210.02100210021004;0.0;0.0;0.0;0.0
2030-06-25 17:00:00;468.0937163669708;1075.0844963913657;0.0;210.02100210021004;0.0;0.0;0.0;0.0
2030-06-25 18:00:00;468.3815892743249;1075.0844963913657;0.0;210.02100210021004;0.0;0.0;0.0;0.0
2030-06-25 19:00:00;469.0969593499952;1075.0844963913657;0.0;210.02100210021004;0.0;0.0;0.0;0.0
2030-06-25 20:00:00;469.2885746837494;1075.0844963913657;0.0;210.02100210021004;0.0;0.0;0.0;0.0
2030-06-25 21:00:00;469.2574142339749;1075.0844963913657;0.0;210.02100210021004;0.0;0.0;0.0;0.0
2030-06-25 22:00:00;468.9517275285706;1075.0844963913657;0.0;210.02100210021004;0.0;0.0;0.0;0.0
2030-06-25 23:00:00;468.4984088445497;1075.0844963913657;0.0;210.02100210021004;0.0;0.0;0.0;0.0
2030-06-26 00:00:00;468.7045481781296;1075.0844963913657;0.0;210.02100210021004;0.0;0.0;0.0;0.0
2030-06-26 01:00:00;468.0130647457493;1075.0844963913657;0.0;210.02100210021004;0.0;0.0;0.0;0.0
2030-06-26 02:00:00;468.1292851481443;1075.0844963913657;0.0;210.02100210021004;0.0;0.0;0.0;0.0
2030-06-26 03:00:00;468.1558845684706;1075.0844963913657;0.0;210.02100210021004;0.0;0.0;0.0;0.0
2030-06-26 04:00:00;468.0596001138695;1075.0844963913657;0.0;210.02100210021004;0.0;0.0;0.0;0.0
2030-06-26 05:00:00;468.0095968349763;1075.0844963913657;0.0;210.02100210021004;0.0;0.0;0.0;0.0
2030-06-26 06:00:00;468.0210718067485;1075.0844963913657;0.0;210.02100210021004;0.0;0.0;0.0;0.0
2030-06-26 07:00:00;468.4303579043567;1075.0844963913657;0.0;210.02100210021004;0.0;0.0;0.0;0.0
2030-06-26 08:00:00;468.3945530873713;1075.0844963913657;0.0;210.02100210021004;0.0;0.0;0.0;0.0
2030-06-26 09:00:00;468.2892992719231;1075.0844963913657;0.0;210.02100210021004;0.0;0.0;0.0;0.0
2030-06-26 10:00:00;468.206450701992;1075.0844963913657;0.0;210.02100210021004;0.0;0.0;0.0;0.0
2030-06-26 11:00:00;467.9938369053905;1075.0844963913657;0.0;210.02100210021004;0.0;0.0;0.0;0.0
2030-06-26 12:00:00;467.9234437636805;1075.0844963913657;0.0;210.02100210021004;0.0;0.0;0.0;0.0
2030-06-26 13:00:00;467.7239208763318;1075.0844963913657;0.0;210.02100210021004;0.0;0.0;0.0;0.0
2030-06-26 14:00:00;467.5221102572689;1075.0844963913657;0.0;210.02100210021004;0.0;0.0;0.0;0.0
2030-06-26 15:00:00;467.5088196254062;1075.0844963913657;0.0;210.02100210021004;0.0;0.0;0.0;0.0
2030-06-26 16:00:00;467.2900507410979;1075.0844963913657;0.0;210.02100210021004;0.0;0.0;0.0;0.0
2030-06-26 17:00:00;467.4617758724605;1075.0844963913657;0.0;210.02100210021004;0.0;0.0;0.0;0.0
2030-06-26 18:00:00;467.4151678779365;1075.0844963913657;0.0;210.02100210021004;0.0;0.0;0.0;0.0
2030-06-26 19:00:00;467.4831280351252;1075.0844963913657;0.0;210.02100210021004;0.0;0.0;0.0;0.0
2030-06-26 20:00:00;531.5531820922172;1075.0844963913657;0.0;210.02100210021004;0.0;0.0;0.0;0.0
2030-06-26 21:00:00;531.7299292418786;1075.0844963913657;0.0;210.02100210021004;0.0;0.0;0.0;0.0
2030-06-26 22:00:00;532.3694932425794;1075.0844963913657;0.0;210.02100210021004;0.0;0.0;0.0;0.0
2030-06-26 23:00:00;531.841216891991;1075.0844963913657;0.0;210.02100210021004;0.0;0.0;0.0;0.0
2030-06-27 00:00:00;532.2416878720576;1075.0844963913657;0.0;210.02100210021004;0.0;0.0;0.0;0.0
2030-06-27 01:00:00;531.3519237869452;1075.0844963913657;0.0;210.02100210021004;0.0;0.0;0.0;0.0
2030-06-27 02:00:00;531.1920665210883;1075.0844963913657;0.0;210.02100210021004;0.0;0.0;0.0;0.0
2030-06-27 03:00:00;531.0146756612804;1075.0844963913657;0.0;210.02100210021004;0.0;0.0;0.0;0.0
2030-06-27 04:00:00;531.6036907440789;1075.0844963913657;0.0;210.02100210021004;0.0;0.0;0.0;0.0
2030-06-27 05:00:00;531.8053673918924;1075.0844963913657;0.0;210.02100210021004;0.0;0.0;0.0;0.0
2030-06-27 06:00:00;532.0336833181422;1075.0844963913657;0.0;210.02100210021004;0.0;0.0;0.0;0.0
2030-06-27 07:00:00;498.9993160545138;1075.0844963913657;0.0;210.02100210021004;0.0;0.0;0.0;0.0
2030-06-27 08:00:00;485.8123806195444;1075.0844963913657;0.0;210.02100210021004;0.0;0.0;0.0;0.0
2030-06-27 09:00:00;468.1734783147479;1075.0844963913657;0.0;210.02100210021004;0.0;0.0;0.0;0.0
2030-06-27 10:00:00;468.3075466558329;1075.0844963913657;0.0;210.02100210021004;0.0;0.0;0.0;0.0
2030-06-27 11:00:00;468.5747210381548;1075.0844963913657;0.0;210.02100210021004;0.0;0.0;0.0;0.0
2030-06-27 12:00:00;468.2668758698049;1075.0844963913657;0.0;210.02100210021004;0.0;0.0;0.0;0.0
2030-06-27 13:00:00;468.2327414601029;1075.0844963913657;0.0;210.02100210021004;0.0;0.0;0.0;0.0
2030-06-27 14:00:00;468.3870544111974;1075.0844963913657;0.0;210.02100210021004;0.0;0.0;0.0;0.0
2030-06-27 15:00:00;468.1815761587517;1075.0844963913657;0.0;210.02100210021004;0.0;0.0;0.0;0.0
2030-06-27 16:00:00;468.2074130018401;1075.0844963913657;0.0;210.02100210021004;0.0;0.0;0.0;0.0
2030-06-27 17:00:00;532.5057123834159;1075.0844963913657;0.0;210.02100210021004;0.0;0.0;0.0;0.0
2030-06-27 18:00:00;532.7575839100324;1075.0844963913657;0.0;210.02100210021004;0.0;0.0;0.0;0.0
2030-06-27 19:00:00;532.788400862305;1075.0844963913657;0.0;210.02100210021004;0.0;0.0;0.0;0.0
2030-06-27 20:00:00;532.210993678174;1075.0844963913657;0.0;210.02100210021004;0.0;0.0;0.0;0.0
2030-06-27 21:00:00;531.9415624630225;1075.0844963913657;0.0;210.02100210021004;0.0;0.0;0.0;0.0
2030-06-27 22:00:00;532.0665719308655;1075.0844963913657;0.0;210.02100210021004;0.0;0.0;0.0;0.0
2030-06-27 23:00:00;532.562213058881;1075.0844963913657;0.0;210.02100210021004;0.0;0.0;0.0;0.0
2030-06-28 00:00:00;532.4448911588578;1075.0844963913657;0.0;210.02100210021004;0.0;0.0;0.0;0.0
2030-06-28 01:00:00;532.1958376120546;1075.0844963913657;0.0;210.02100210021004;0.0;0.0;0.0;0.0
2030-06-28 02:00:00;532.2826744894649;1075.0844963913657;0.0;210.02100210021004;0.0;0.0;0.0;0.0
2030-06-28 03:00:00;532.2972492209182;1075.0844963913657;0.0;210.02100210021004;0.0;0.0;0.0;0.0
2030-06-28 04:00:00;532.5954959444394;1075.0844963913657;0.0;210.02100210021004;0.0;0.0;0.0;0.0
2030-06-28 05:00:00;532.8811311069416;1075.0844963913657;0.0;210.02100210021004;0.0;0.0;0.0;0.0
2030-06-28 06:00:00;533.33208862943;1075.0844963913657;0.0;210.02100210021004;0.0;0.0;0.0;0.0
2030-06-28 07:00:00;533.5210491144367;1075.0844963913657;0.0;210.02100210021004;0.0;0.0;0.0;0.0
2030-06-28 08:00:00;533.7741757655936;1075.0844963913657;0.0;210.02100210021004;0.0;0.0;0.0;0.0
2030-06-28 09:00:00;533.7416431522365;1075.0844963913657;0.0;210.02100210021004;0.0;0.0;0.0;0.0
2030-06-28 10:00:00;533.3106851892903;1075.0844963913657;0.0;210.02100210021004;0.0;0.0;0.0;0.0
2030-06-28 11:00:00;533.1667623166048;1075.0844963913657;0.0;210.02100210021004;0.0;0.0;0.0;0.0
2030-06-28 12:00:00;533.2904322395976;1075.0844963913657;0.0;210.02100210021004;0.0;0.0;0.0;0.0
2030-06-28 13:00:00;533.0628445084147;1075.0844963913657;0.0;210.02100210021004;0.0;0.0;0.0;0.0
2030-06-28 14:00:00;532.9023837661468;1075.0844963913657;0.0;210.02100210021004;0.0;0.0;0.0;0.0
2030-06-28 15:00:00;532.8960156263096;1075.0844963913657;0.0;210.02100210021004;0.0;0.0;0.0;0.0
2030-06-28 16:00:00;532.574740167285;1075.0844963913657;0.0;210.02100210021004;0.0;0.0;0.0;0.0
2030-06-28 17:00:00;532.6830207508758;1075.0844963913657;0.0;210.02100210021004;0.0;0.0;0.0;0.0
2030-06-28 18:00:00;533.2687592129734;1075.0844963913657;0.0;210.02100210021004;0.0;0.0;0.0;0.0
2030-06-28 19:00:00;533.3942493988385;1075.0844963913657;0.0;210.02100210021004;0.0;0.0;0.0;0.0
2030-06-28 20:00:00;533.3548075447136;1075.0844963913657;0.0;210.02100210021004;0.0;0.0;0.0;0.0
2030-06-28 21:00:00;533.2117999289261;1075.0844963913657;0.0;210.02100210021004;0.0;0.0;0.0;0.0
2030-06-28 22:00:00;533.3952088746161;1075.0844963913657;0.0;210.02100210021004;0.0;0.0;0.0;0.0
2030-06-28 23:00:00;532.7758737539011;1075.0844963913657;0.0;210.02100210021004;0.0;0.0;0.0;0.0
2030-06-29 00:00:00;531.7006752417946;1075.0844963913657;0.0;210.02100210021004;0.0;0.0;0.0;0.0
2030-06-29 01:00:00;531.8060553209185;1075.0844963913657;0.0;210.02100210021004;0.0;0.0;0.0;0.0
2030-06-29 02:00:00;532.5799195432064;1075.0844963913657;0.0;210.02100210021004;0.0;0.0;0.0;0.0
2030-06-29 03:00:00;532.4878811804349;1075.0844963913657;0.0;210.02100210021004;0.0;0.0;0.0;0.0
2030-06-29 04:00:00;532.0568829514478;1075.0844963913657;0.0;210.02100210021004;0.0;0.0;0.0;0.0
2030-06-29 05:00:00;532.0648381131803;1075.0844963913657;0.0;210.02100210021004;0.0;0.0;0.0;0.0
2030-06-29 06:00:00;533.0537005827664;1075.0844963913657;0.0;210.02100210021004;0.0;0.0;0.0;0.0
2030-06-29 07:00:00;533.2093801424813;1075.0844963913657;0.0;210.02100210021004;0.0;0.0;0.0;0.0
2030-06-29 08:00:00;533.1181563876585;1075.0844963913657;0.0;210.02100210021004;0.0;0.0;0.0;0.0
2030-06-29 09:00:00;468.9123575099494;1075.0844963913657;0.0;210.02100210021004;0.0;0.0;0.0;0.0
2030-06-29 10:00:00;468.6018551924703;1075.0844963913657;0.0;210.02100210021004;0.0;0.0;0.0;0.0
2030-06-29 11:00:00;468.2393504628325;1075.0844963913657;0.0;210.02100210021004;0.0;0.0;0.0;0.0
2030-06-29 12:00:00;468.2082300488806;1075.0844963913657;0.0;210.02100210021004;0.0;0.0;0.0;0.0
2030-06-29 13:00:00;467.9277831912968;1075.0844963913657;0.0;210.02100210021004;0.0;0.0;0.0;0.0
2030-06-29 14:00:00;467.798671602259;1075.0844963913657;0.0;210.02100210021004;0.0;0.0;0.0;0.0
2030-06-29 15:00:00;467.924133714515;1075.0844963913657;0.0;210.02100210021004;0.0;0.0;0.0;0.0
2030-06-29 16:00:00;467.982616126031;1075.0844963913657;0.0;210.02100210021004;0.0;0.0;0.0;0.0
2030-06-29 17:00:00;468.1278689332737;1075.0844963913657;0.0;210.02100210021004;0.0;0.0;0.0;0.0
2030-06-29 18:00:00;468.4349333677847;1075.0844963913657;0.0;210.02100210021004;0.0;0.0;0.0;0.0
2030-06-29 19:00:00;468.6984401167239;1075.0844963913657;0.0;210.02100210021004;0.0;0.0;0.0;0.0
2030-06-29 20:00:00;468.6819357665011;1075.0844963913657;0.0;210.02100210021004;0.0;0.0;0.0;0.0
2030-06-29 21:00:00;468.746754831733;1075.0844963913657;0.0;210.02100210021004;0.0;0.0;0.0;0.0
2030-06-29 22:00:00;468.7273272687643;1075.0844963913657;0.0;210.02100210021004;0.0;0.0;0.0;0.0
2030-06-29 23:00:00;468.4922719134439;1075.0844963913657;0.0;210.02100210021004;0.0;0.0;0.0;0.0
2030-06-30 00:00:00;467.9170526401618;1075.0844963913657;0.0;210.02100210021004;0.0;0.0;0.0;0.0
2030-06-30 01:00:00;466.404280965931;1075.0844963913657;0.0;210.02100210021004;0.0;0.0;0.0;0.0
2030-06-30 02:00:00;464.190482930745;1075.0844963913657;0.0;210.02100210021004;0.0;0.0;0.0;0.0
2030-06-30 03:00:00;463.8132613903356;1075.0844963913657;0.0;210.02100210021004;0.0;0.0;0.0;0.0
2030-06-30 04:00:00;463.1480761595677;1075.0844963913657;0.0;210.02100210021004;0.0;0.0;0.0;0.0
2030-06-30 05:00:00;463.0666074913054;1075.0844963913657;0.0;210.02100210021004;0.0;0.0;0.0;0.0
2030-06-30 06:00:00;463.0898116272625;1075.0844963913657;0.0;210.02100210021004;0.0;0.0;0.0;0.0
2030-06-30 07:00:00;463.2230629213068;1075.0844963913657;0.0;210.02100210021004;0.0;0.0;0.0;0.0
2030-06-30 08:00:00;463.9235627408356;1075.0844963913657;0.0;210.02100210021004;0.0;0.0;0.0;0.0
2030-06-30 09:00:00;464.0383850849609;1075.0844963913657;0.0;210.02100210021004;0.0;0.0;0.0;0.0
2030-06-30 10:00:00;464.203138081576;1075.0844963913657;0.0;210.02100210021004;0.0;0.0;0.0;0.0
2030-06-30 11:00:00;464.3156363807855;1075.0844963913657;0.0;210.02100210021004;0.0;0.0;0.0;0.0
2030-06-30 12:00:00;464.3421087049054;1075.0844963913657;0.0;210.02100210021004;0.0;0.0;0.0;0.0
2030-06-30 13:00:00;463.9711148786066;1075.0844963913657;0.0;210.02100210021004;0.0;0.0;0.0;0.0
2030-06-30 14:00:00;464.3653128408624;1075.0844963913657;0.0;210.02100210021004;0.0;0.0;0.0;0.0
2030-06-30 15:00:00;464.8100587800386;1075.0844963913657;0.0;210.02100210021004;0.0;0.0;0.0;0.0
2030-06-30 16:00:00;464.5859155418624;1075.0844963913657;0.0;210.02100210021004;0.0;0.0;0.0;0.0
2030-06-30 17:00:00;465.3678840296533;1075.0844963913657;0.0;210.02100210021004;0.0;0.0;0.0;0.0
2030-06-30 18:00:00;466.7634185318385;1075.0844963913657;0.0;210.02100210021004;0.0;0.0;0.0;0.0
2030-06-30 19:00:00;467.4790246433206;1075.0844963913657;0.0;210.02100210021004;0.0;0.0;0.0;0.0
2030-06-30 20:00:00;467.288670839429;1075.0844963913657;0.0;210.02100210021004;0.0;0.0;0.0;0.0
2030-06-30 21:00:00;467.3510750767407;1075.0844963913657;0.0;210.02100210021004;0.0;0.0;0.0;0.0
2030-06-30 22:00:00;467.3338263058805;1075.0844963913657;0.0;210.02100210021004;0.0;0.0;0.0;0.0
2030-06-30 23:00:00;467.3750781031374;1075.0844963913657;0.0;210.02100210021004;0.0;0.0;0.0;0.0
2030-07-01 00:00:00;467.1817647732984;1075.0844963913657;0.0;210.02100210021004;0.0;0.0;0.0;0.0
2030-07-01 01:00:00;466.6776830623635;1075.0844963913657;0.0;210.02100210021004;0.0;0.0;0.0;0.0
2030-07-01 02:00:00;466.1701697538575;1075.0844963913657;0.0;210.02100210021004;0.0;0.0;0.0;0.0
2030-07-01 03:00:00;466.2173042898078;1075.0844963913657;0.0;210.02100210021004;0.0;0.0;0.0;0.0
2030-07-01 04:00:00;466.4638527735013;1075.0844963913657;0.0;210.02100210021004;0.0;0.0;0.0;0.0
2030-07-01 05:00:00;466.8415463855341;1075.0844963913657;0.0;210.02100210021004;0.0;0.0;0.0;0.0
2030-07-01 06:00:00;467.2815171386722;1075.0844963913657;0.0;210.02100210021004;0.0;0.0;0.0;0.0
2030-07-01 07:00:00;467.4857970554581;1075.0844963913657;0.0;210.02100210021004;0.0;0.0;0.0;0.0
2030-07-01 08:00:00;467.5612922020227;1075.0844963913657;0.0;210.02100210021004;0.0;0.0;0.0;0.0
2030-07-01 09:00:00;467.3025787957225;1075.0844963913657;0.0;210.02100210021004;0.0;0.0;0.0;0.0
2030-07-01 10:00:00;467.2693340594648;1075.0844963913657;0.0;210.02100210021004;0.0;0.0;0.0;0.0
2030-07-01 11:00:00;467.0893113614884;1075.0844963913657;0.0;210.02100210021004;0.0;0.0;0.0;0.0
2030-07-01 12:00:00;467.09054601035;1075.0844963913657;0.0;210.02100210021004;0.0;0.0;0.0;0.0
2030-07-01 13:00:00;466.9274089512154;1075.0844963913657;0.0;210.02100210021004;0.0;0.0;0.0;0.0
2030-07-01 14:00:00;466.8359359958544;1075.0844963913657;0.0;210.02100210021004;0.0;0.0;0.0;0.0
2030-07-01 15:00:00;466.974870305982;1075.0844963913657;0.0;210.02100210021004;0.0;0.0;0.0;0.0
2030-07-01 16:00:00;466.9005916516784;1075.0844963913657;0.0;210.02100210021004;0.0;0.0;0.0;0.0
2030-07-01 17:00:00;466.8766067818823;1075.0844963913657;0.0;210.02100210021004;0.0;0.0;0.0;0.0
2030-07-01 18:00:00;466.9541354677482;1075.0844963913657;0.0;210.02100210021004;0.0;0.0;0.0;0.0
2030-07-01 19:00:00;467.5070584351184;1075.0844963913657;0.0;210.02100210021004;0.0;0.0;0.0;0.0
2030-07-01 20:00:00;467.5087833122043;1075.0844963913657;0.0;210.02100210021004;0.0;0.0;0.0;0.0
2030-07-01 21:00:00;467.5250697832165;1075.0844963913657;0.0;210.02100210021004;0.0;0.0;0.0;0.0
2030-07-01 22:00:00;467.549508568035;1075.0844963913657;0.0;210.02100210021004;0.0;0.0;0.0;0.0
2030-07-01 23:00:00;467.4031845213389;1075.0844963913657;0.0;210.02100210021004;0.0;0.0;0.0;0.0
2030-07-02 00:00:00;467.4840903349731;1075.0844963913657;0.0;210.02100210021004;0.0;0.0;0.0;0.0
2030-07-02 01:00:00;467.4863417534854;1075.0844963913657;0.0;210.02100210021004;0.0;0.0;0.0;0.0
2030-07-02 02:00:00;466.9266100607757;1075.0844963913657;0.0;210.02100210021004;0.0;0.0;0.0;0.0
2030-07-02 03:00:00;466.8562350756666;1075.0844963913657;0.0;210.02100210021004;0.0;0.0;0.0;0.0
2030-07-02 04:00:00;466.9626327569719;1075.0844963913657;0.0;210.02100210021004;0.0;0.0;0.0;0.0
2030-07-02 05:00:00;467.2678633747914;1075.0844963913657;0.0;210.02100210021004;0.0;0.0;0.0;0.0
2030-07-02 06:00:00;467.9516591214874;1075.0844963913657;0.0;210.02100210021004;0.0;0.0;0.0;0.0
2030-07-02 07:00:00;468.1494934449519;1075.0844963913657;0.0;210.02100210021004;0.0;0.0;0.0;0.0
2030-07-02 08:00:00;468.1273605484483;1075.0844963913657;0.0;210.02100210021004;0.0;0.0;0.0;0.0
2030-07-02 09:00:00;467.9698701921955;1075.0844963913657;0.0;210.02100210021004;0.0;0.0;0.0;0.0
2030-07-02 10:00:00;467.9472107542656;1075.0844963913657;0.0;210.02100210021004;0.0;0.0;0.0;0.0
2030-07-02 11:00:00;468.2538575869558;1075.0844963913657;0.0;210.02100210021004;0.0;0.0;0.0;0.0
2030-07-02 12:00:00;468.3858923887395;1075.0844963913657;0.0;210.02100210021004;0.0;0.0;0.0;0.0
2030-07-02 13:00:00;468.4208438454822;1075.0844963913657;0.0;210.02100210021004;0.0;0.0;0.0;0.0
2030-07-02 14:00:00;468.3452397593124;1075.0844963913657;0.0;210.02100210021004;0.0;0.0;0.0;0.0
2030-07-02 15:00:00;467.8208408119644;1075.0844963913657;0.0;210.02100210021004;0.0;0.0;0.0;0.0
2030-07-02 16:00:00;467.8211857873817;1075.0844963913657;0.0;210.02100210021004;0.0;0.0;0.0;0.0
2030-07-02 17:00:00;467.8282850183356;1075.0844963913657;0.0;210.02100210021004;0.0;0.0;0.0;0.0
2030-07-02 18:00:00;468.0852190777471;1075.0844963913657;0.0;210.02100210021004;0.0;0.0;0.0;0.0
2030-07-02 19:00:00;468.1992243748316;1075.0844963913657;0.0;210.02100210021004;0.0;0.0;0.0;0.0
2030-07-02 20:00:00;468.1811585569308;1075.0844963913657;0.0;210.02100210021004;0.0;0.0;0.0;0.0
2030-07-02 21:00:00;468.1274331748519;1075.0844963913657;0.0;210.02100210021004;0.0;0.0;0.0;0.0
2030-07-02 22:00:00;468.0646658055223;1075.0844963913657;0.0;210.02100210021004;0.0;0.0;0.0;0.0
2030-07-02 23:00:00;467.9577052695889;1075.0844963913657;0.0;210.02100210021004;0.0;0.0;0.0;0.0
2030-07-03 00:00:00;467.4977622554549;1075.0844963913657;0.0;210.02100210021004;0.0;0.0;0.0;0.0
2030-07-03 01:00:00;467.4378999422699;1075.0844963913657;0.0;210.02100210021004;0.0;0.0;0.0;0.0
2030-07-03 02:00:00;531.5624728459612;1075.0844963913657;0.0;210.02100210021004;0.0;0.0;0.0;0.0
2030-07-03 03:00:00;531.5011266845012;1075.0844963913657;0.0;210.02100210021004;0.0;0.0;0.0;0.0
2030-07-03 04:00:00;531.5609923861209;1075.0844963913657;0.0;210.02100210021004;0.0;0.0;0.0;0.0
2030-07-03 05:00:00;531.5940017646611;1075.0844963913657;0.0;210.02100210021004;0.0;0.0;0.0;0.0
2030-07-03 06:00:00;531.84750253948;1075.0844963913657;0.0;210.02100210021004;0.0;0.0;0.0;0.0
2030-07-03 07:00:00;468.2840119188733;1075.0844963913657;0.0;210.02100210021004;0.0;0.0;0.0;0.0
2030-07-03 08:00:00;467.4114639313519;1075.0844963913657;0.0;210.02100210021004;0.0;0.0;0.0;0.0
2030-07-03 09:00:00;467.4217224108634;1075.0844963913657;0.0;210.02100210021004;0.0;0.0;0.0;0.0
2030-07-03 10:00:00;467.5056785334496;1075.0844963913657;0.0;210.02100210021004;0.0;0.0;0.0;0.0
2030-07-03 11:00:00;467.3917821759704;1075.0844963913657;0.0;210.02100210021004;0.0;0.0;0.0;0.0
2030-07-03 12:00:00;467.1620467047151;1075.0844963913657;0.0;210.02100210021004;0.0;0.0;0.0;0.0
2030-07-03 13:00:00;467.3900028290818;1075.0844963913657;0.0;210.02100210021004;0.0;0.0;0.0;0.0
2030-07-03 14:00:00;467.06868546286;1075.0844963913657;0.0;210.02100210021004;0.0;0.0;0.0;0.0
2030-07-03 15:00:00;467.1230463259705;1075.0844963913657;0.0;210.02100210021004;0.0;0.0;0.0;0.0
2030-07-03 16:00:00;467.4525160059987;1075.0844963913657;0.0;210.02100210021004;0.0;0.0;0.0;0.0
2030-07-03 17:00:00;531.4634407575013;1075.0844963913657;0.0;210.02100210021004;0.0;0.0;0.0;0.0
2030-07-03 18:00:00;531.7521232202606;1075.0844963913657;0.0;210.02100210021004;0.0;0.0;0.0;0.0
2030-07-03 19:00:00;531.9811108792022;1075.0844963913657;0.0;210.02100210021004;0.0;0.0;0.0;0.0
2030-07-03 20:00:00;532.0994344813103;1075.0844963913657;0.0;210.02100210021004;0.0;0.0;0.0;0.0
2030-07-03 21:00:00;532.1431163847523;1075.0844963913657;0.0;210.02100210021004;0.0;0.0;0.0;0.0
2030-07-03 22:00:00;532.1616355167595;1075.0844963913657;0.0;210.02100210021004;0.0;0.0;0.0;0.0
2030-07-03 23:00:00;531.9502296234874;1075.0844963913657;0.0;210.02100210021004;0.0;0.0;0.0;0.0
2030-07-04 00:00:00;531.4917956647167;1075.0844963913657;0.0;210.02100210021004;0.0;0.0;0.0;0.0
2030-07-04 01:00:00;531.2052835510906;1075.0844963913657;0.0;210.02100210021004;0.0;0.0;0.0;0.0
2030-07-04 02:00:00;531.2961954931213;1075.0844963913657;0.0;210.02100210021004;0.0;0.0;0.0;0.0
2030-07-04 03:00:00;531.2696770128074;1075.0844963913657;0.0;210.02100210021004;0.0;0.0;0.0;0.0
2030-07-04 04:00:00;531.0735759740171;1075.0844963913657;0.0;210.02100210021004;0.0;0.0;0.0;0.0
2030-07-04 05:00:00;531.3921601321512;1075.0844963913657;0.0;210.02100210021004;0.0;0.0;0.0;0.0
2030-07-04 06:00:00;531.9506882320698;1075.0844963913657;0.0;210.02100210021004;0.0;0.0;0.0;0.0
2030-07-04 07:00:00;532.0999775748129;1075.0844963913657;0.0;210.02100210021004;0.0;0.0;0.0;0.0
2030-07-04 08:00:00;532.0870743178696;1075.0844963913657;0.0;210.02100210021004;0.0;0.0;0.0;0.0
2030-07-04 09:00:00;487.8110107346877;1075.0844963913657;0.0;210.02100210021004;0.0;0.0;0.0;0.0
2030-07-04 10:00:00;468.1932508531339;1075.0844963913657;0.0;210.02100210021004;0.0;0.0;0.0;0.0
2030-07-04 11:00:00;468.0690778595422;1075.0844963913657;0.0;210.02100210021004;0.0;0.0;0.0;0.0
2030-07-04 12:00:00;468.027099798249;1075.0844963913657;0.0;210.02100210021004;0.0;0.0;0.0;0.0
2030-07-04 13:00:00;468.0565679615184;1075.0844963913657;0.0;210.02100210021004;0.0;0.0;0.0;0.0
2030-07-04 14:00:00;468.1411958783382;1075.0844963913657;0.0;210.02100210021004;0.0;0.0;0.0;0.0
2030-07-04 15:00:00;468.1151956258418;1075.0844963913657;0.0;210.02100210021004;0.0;0.0;0.0;0.0
2030-07-04 16:00:00;468.2133865235378;1075.0844963913657;0.0;210.02100210021004;0.0;0.0;0.0;0.0
2030-07-04 17:00:00;532.1067660497638;1075.0844963913657;0.0;210.02100210021004;0.0;0.0;0.0;0.0
2030-07-04 18:00:00;532.2358647859896;1075.0844963913657;0.0;210.02100210021004;0.0;0.0;0.0;0.0
2030-07-04 19:00:00;532.1211094682014;1075.0844963913657;0.0;210.02100210021004;0.0;0.0;0.0;0.0
2030-07-04 20:00:00;532.0210133344815;1075.0844963913657;0.0;210.02100210021004;0.0;0.0;0.0;0.0
2030-07-04 21:00:00;532.1208379214501;1075.0844963913657;0.0;210.02100210021004;0.0;0.0;0.0;0.0
2030-07-04 22:00:00;531.9767662604024;1075.0844963913657;0.0;210.02100210021004;0.0;0.0;0.0;0.0
2030-07-04 23:00:00;531.8380006541986;1075.0844963913657;0.0;210.02100210021004;0.0;0.0;0.0;0.0
2030-07-05 00:00:00;531.8131536483949;1075.0844963913657;0.0;210.02100210021004;0.0;0.0;0.0;0.0
2030-07-05 01:00:00;531.8761290257519;1075.0844963913657;0.0;210.02100210021004;0.0;0.0;0.0;0.0
2030-07-05 02:00:00;531.7197595444388;1075.0844963913657;0.0;210.02100210021004;0.0;0.0;0.0;0.0
2030-07-05 03:00:00;531.4453601172087;1075.0844963913657;0.0;210.02100210021004;0.0;0.0;0.0;0.0
2030-07-05 04:00:00;531.679712253636;1075.0844963913657;0.0;210.02100210021004;0.0;0.0;0.0;0.0
2030-07-05 05:00:00;531.8655831797729;1075.0844963913657;0.0;210.02100210021004;0.0;0.0;0.0;0.0
2030-07-05 06:00:00;531.4064794808821;1075.0844963913657;0.0;210.02100210021004;0.0;0.0;0.0;0.0
2030-07-05 07:00:00;531.5799077835352;1075.0844963913657;0.0;210.02100210021004;0.0;0.0;0.0;0.0
2030-07-05 08:00:00;531.7532314844003;1075.0844963913657;0.0;210.02100210021004;0.0;0.0;0.0;0.0
2030-07-05 09:00:00;531.8151791296992;1075.0844963913657;0.0;210.02100210021004;0.0;0.0;0.0;0.0
2030-07-05 10:00:00;467.5966794171871;1075.0844963913657;0.0;210.02100210021004;0.0;0.0;0.0;0.0
2030-07-05 11:00:00;467.538596450891;1075.0844963913657;0.0;210.02100210021004;0.0;0.0;0.0;0.0
2030-07-05 12:00:00;507.5756060561269;1075.0844963913657;0.0;210.02100210021004;0.0;0.0;0.0;0.0
2030-07-05 13:00:00;467.5080752047691;1075.0844963913657;0.0;210.02100210021004;0.0;0.0;0.0;0.0
2030-07-05 14:00:00;467.2238880873988;1075.0844963913657;0.0;210.02100210021004;0.0;0.0;0.0;0.0
2030-07-05 15:00:00;467.8315532064985;1075.0844963913657;0.0;210.02100210021004;0.0;0.0;0.0;0.0
2030-07-05 16:00:00;468.0018439663898;1075.0844963913657;0.0;210.02100210021004;0.0;0.0;0.0;0.0
2030-07-05 17:00:00;532.3103414999592;1075.0844963913657;0.0;210.02100210021004;0.0;0.0;0.0;0.0
2030-07-05 18:00:00;532.4681934013794;1075.0844963913657;0.0;210.02100210021004;0.0;0.0;0.0;0.0
2030-07-05 19:00:00;532.6475272824487;1075.0844963913657;0.0;210.02100210021004;0.0;0.0;0.0;0.0
2030-07-05 20:00:00;532.531643583653;1075.0844963913657;0.0;210.02100210021004;0.0;0.0;0.0;0.0
2030-07-05 21:00:00;531.6709645933947;1075.0844963913657;0.0;210.02100210021004;0.0;0.0;0.0;0.0
2030-07-05 22:00:00;532.036442907619;1075.0844963913657;0.0;210.02100210021004;0.0;0.0;0.0;0.0
2030-07-05 23:00:00;531.4673026980122;1075.0844963913657;0.0;210.02100210021004;0.0;0.0;0.0;0.0
2030-07-06 00:00:00;531.0599808675141;1075.0844963913657;0.0;210.02100210021004;0.0;0.0;0.0;0.0
2030-07-06 01:00:00;531.0260743886769;1075.0844963913657;0.0;210.02100210021004;0.0;0.0;0.0;0.0
2030-07-06 02:00:00;530.8405353598947;1075.0844963913657;0.0;210.02100210021004;0.0;0.0;0.0;0.0
2030-07-06 03:00:00;530.6842523237686;1075.0844963913657;0.0;210.02100210021004;0.0;0.0;0.0;0.0
2030-07-06 04:00:00;530.7872509222221;1075.0844963913657;0.0;210.02100210021004;0.0;0.0;0.0;0.0
2030-07-06 05:00:00;530.549931985314;1075.0844963913657;0.0;210.02100210021004;0.0;0.0;0.0;0.0
2030-07-06 06:00:00;530.5308717523761;1075.0844963913657;0.0;210.02100210021004;0.0;0.0;0.0;0.0
2030-07-06 07:00:00;530.8750311113808;1075.0844963913657;0.0;210.02100210021004;0.0;0.0;0.0;0.0
2030-07-06 08:00:00;530.9272072849138;1075.0844963913657;0.0;210.02100210021004;0.0;0.0;0.0;0.0
2030-07-06 09:00:00;493.113984923404;1075.0844963913657;0.0;210.02100210021004;0.0;0.0;0.0;0.0
2030-07-06 10:00:00;466.813766786149;1075.0844963913657;0.0;210.02100210021004;0.0;0.0;0.0;0.0
2030-07-06 11:00:00;466.8209568001075;1075.0844963913657;0.0;210.02100210021004;0.0;0.0;0.0;0.0
2030-07-06 12:00:00;466.8602113712648;1075.0844963913657;0.0;210.02100210021004;0.0;0.0;0.0;0.0
2030-07-06 13:00:00;466.9611257590967;1075.0844963913657;0.0;210.02100210021004;0.0;0.0;0.0;0.0
2030-07-06 14:00:00;466.9030972626032;1075.0844963913657;0.0;210.02100210021004;0.0;0.0;0.0;0.0
2030-07-06 15:00:00;467.0616588583095;1075.0844963913657;0.0;210.02100210021004;0.0;0.0;0.0;0.0
2030-07-06 16:00:00;531.0757281665493;1075.0844963913657;0.0;210.02100210021004;0.0;0.0;0.0;0.0
2030-07-06 17:00:00;531.7005284136989;1075.0844963913657;0.0;210.02100210021004;0.0;0.0;0.0;0.0
2030-07-06 18:00:00;531.8085394431104;1075.0844963913657;0.0;210.02100210021004;0.0;0.0;0.0;0.0
2030-07-06 19:00:00;531.8259964901243;1075.0844963913657;0.0;210.02100210021004;0.0;0.0;0.0;0.0
2030-07-06 20:00:00;531.4862843914407;1075.0844963913657;0.0;210.02100210021004;0.0;0.0;0.0;0.0
2030-07-06 21:00:00;531.3661002604194;1075.0844963913657;0.0;210.02100210021004;0.0;0.0;0.0;0.0
2030-07-06 22:00:00;531.608994838656;1075.0844963913657;0.0;210.02100210021004;0.0;0.0;0.0;0.0
2030-07-06 23:00:00;531.5939998043943;1075.0844963913657;0.0;210.02100210021004;0.0;0.0;0.0;0.0
2030-07-07 00:00:00;529.8806573362134;1075.0844963913657;0.0;210.02100210021004;0.0;0.0;0.0;0.0
2030-07-07 01:00:00;529.2803260183667;1075.0844963913657;0.0;210.02100210021004;0.0;0.0;0.0;0.0
2030-07-07 02:00:00;528.8655498933313;1075.0844963913657;0.0;210.02100210021004;0.0;0.0;0.0;0.0
2030-07-07 03:00:00;528.3162039925297;1075.0844963913657;0.0;210.02100210021004;0.0;0.0;0.0;0.0
2030-07-07 04:00:00;528.2628994379893;1075.0844963913657;0.0;210.02100210021004;0.0;0.0;0.0;0.0
2030-07-07 05:00:00;528.3060161384889;1075.0844963913657;0.0;210.02100210021004;0.0;0.0;0.0;0.0
2030-07-07 06:00:00;528.367340190509;1075.0844963913657;0.0;210.02100210021004;0.0;0.0;0.0;0.0
2030-07-07 07:00:00;514.7667458195082;1075.0844963913657;0.0;210.02100210021004;0.0;0.0;0.0;0.0
2030-07-07 08:00:00;488.7587443643084;1075.0844963913657;0.0;210.02100210021004;0.0;0.0;0.0;0.0
2030-07-07 09:00:00;465.0662121056112;1075.0844963913657;0.0;210.02100210021004;0.0;0.0;0.0;0.0
2030-07-07 10:00:00;465.2488130409161;1075.0844963913657;0.0;210.02100210021004;0.0;0.0;0.0;0.0
2030-07-07 11:00:00;465.2706372752044;1075.0844963913657;0.0;210.02100210021004;0.0;0.0;0.0;0.0
2030-07-07 12:00:00;465.2196535398621;1075.0844963913657;0.0;210.02100210021004;0.0;0.0;0.0;0.0
2030-07-07 13:00:00;465.2255544351564;1075.0844963913657;0.0;210.02100210021004;0.0;0.0;0.0;0.0
2030-07-07 14:00:00;465.0466392898351;1075.0844963913657;0.0;210.02100210021004;0.0;0.0;0.0;0.0
2030-07-07 15:00:00;465.1438134178807;1075.0844963913657;0.0;210.02100210021004;0.0;0.0;0.0;0.0
2030-07-07 16:00:00;465.8003742632185;1075.0844963913657;0.0;210.02100210021004;0.0;0.0;0.0;0.0
2030-07-07 17:00:00;529.9741540493852;1075.0844963913657;0.0;210.02100210021004;0.0;0.0;0.0;0.0
2030-07-07 18:00:00;530.1728035138096;1075.0844963913657;0.0;210.02100210021004;0.0;0.0;0.0;0.0
2030-07-07 19:00:00;530.7954152552253;1075.0844963913657;0.0;210.02100210021004;0.0;0.0;0.0;0.0
2030-07-07 20:00:00;531.0014566710116;1075.0844963913657;0.0;210.02100210021004;0.0;0.0;0.0;0.0
2030-07-07 21:00:00;529.7842984243487;1075.0844963913657;0.0;210.02100210021004;0.0;0.0;0.0;0.0
2030-07-07 22:00:00;529.8017736279634;1075.0844963913657;0.0;210.02100210021004;0.0;0.0;0.0;0.0
2030-07-07 23:00:00;529.7190259866305;1075.0844963913657;0.0;210.02100210021004;0.0;0.0;0.0;0.0
2030-07-08 00:00:00;530.1446798549997;1075.0844963913657;0.0;210.02100210021004;0.0;0.0;0.0;0.0
2030-07-08 01:00:00;530.2605213274879;1075.0844963913657;0.0;210.02100210021004;0.0;0.0;0.0;0.0
2030-07-08 02:00:00;530.2850344433651;1075.0844963913657;0.0;210.02100210021004;0.0;0.0;0.0;0.0
2030-07-08 03:00:00;530.4165951923432;1075.0844963913657;0.0;210.02100210021004;0.0;0.0;0.0;0.0
2030-07-08 04:00:00;530.5687045074715;1075.0844963913657;0.0;210.02100210021004;0.0;0.0;0.0;0.0
2030-07-08 05:00:00;531.0710918841304;1075.0844963913657;0.0;210.02100210021004;0.0;0.0;0.0;0.0
2030-07-08 06:00:00;531.6789599888625;1075.0844963913657;0.0;210.02100210021004;0.0;0.0;0.0;0.0
2030-07-08 07:00:00;531.9339431837886;1075.0844963913657;0.0;210.02100210021004;0.0;0.0;0.0;0.0
2030-07-08 08:00:00;532.4518225090656;1075.0844963913657;0.0;210.02100210021004;0.0;0.0;0.0;0.0
2030-07-08 09:00:00;468.2965255990834;1075.0844963913657;0.0;210.02100210021004;0.0;0.0;0.0;0.0
2030-07-08 10:00:00;468.0956409666667;1075.0844963913657;0.0;210.02100210021004;0.0;0.0;0.0;0.0
2030-07-08 11:00:00;468.1757297332601;1075.0844963913657;0.0;210.02100210021004;0.0;0.0;0.0;0.0
2030-07-08 12:00:00;468.4122557732541;1075.0844963913657;0.0;210.02100210021004;0.0;0.0;0.0;0.0
2030-07-08 13:00:00;468.4219332415365;1075.0844963913657;0.0;210.02100210021004;0.0;0.0;0.0;0.0
2030-07-08 14:00:00;468.2007132161059;1075.0844963913657;0.0;210.02100210021004;0.0;0.0;0.0;0.0
2030-07-08 15:00:00;468.199169905029;1075.0844963913657;0.0;210.02100210021004;0.0;0.0;0.0;0.0
2030-07-08 16:00:00;468.2565992336925;1075.0844963913657;0.0;210.02100210021004;0.0;0.0;0.0;0.0
2030-07-08 17:00:00;532.4614672696036;1075.0844963913657;0.0;210.02100210021004;0.0;0.0;0.0;0.0
2030-07-08 18:00:00;532.3634388758009;1075.0844963913657;0.0;210.02100210021004;0.0;0.0;0.0;0.0
2030-07-08 19:00:00;532.469110618544;1075.0844963913657;0.0;210.02100210021004;0.0;0.0;0.0;0.0
2030-07-08 20:00:00;532.2617115336117;1075.0844963913657;0.0;210.02100210021004;0.0;0.0;0.0;0.0
2030-07-08 21:00:00;532.3797051663269;1075.0844963913657;0.0;210.02100210021004;0.0;0.0;0.0;0.0
2030-07-08 22:00:00;532.0656929871697;1075.0844963913657;0.0;210.02100210021004;0.0;0.0;0.0;0.0
2030-07-08 23:00:00;532.0683681240314;1075.0844963913657;0.0;210.02100210021004;0.0;0.0;0.0;0.0
2030-07-09 00:00:00;532.0355860733629;1075.0844963913657;0.0;210.02100210021004;0.0;0.0;0.0;0.0
2030-07-09 01:00:00;532.2209743212107;1075.0844963913657;0.0;210.02100210021004;0.0;0.0;0.0;0.0
2030-07-09 02:00:00;532.1719318931218;1075.0844963913657;0.0;210.02100210021004;0.0;0.0;0.0;0.0
2030-07-09 03:00:00;532.2596659031343;1075.0844963913657;0.0;210.02100210021004;0.0;0.0;0.0;0.0
2030-07-09 04:00:00;532.3852788150832;1075.0844963913657;0.0;210.02100210021004;0.0;0.0;0.0;0.0
2030-07-09 05:00:00;532.4711140227139;1075.0844963913657;0.0;210.02100210021004;0.0;0.0;0.0;0.0
2030-07-09 06:00:00;532.6905374208935;1075.0844963913657;0.0;210.02100210021004;0.0;0.0;0.0;0.0
2030-07-09 07:00:00;532.880294389553;1075.0844963913657;0.0;210.02100210021004;0.0;0.0;0.0;0.0
2030-07-09 08:00:00;532.9009858309602;1075.0844963913657;0.0;210.02100210021004;0.0;0.0;0.0;0.0
2030-07-09 09:00:00;532.754870499702;1075.0844963913657;0.0;210.02100210021004;0.0;0.0;0.0;0.0
2030-07-09 10:00:00;532.7631816608007;1075.0844963913657;0.0;210.02100210021004;0.0;0.0;0.0;0.0
2030-07-09 11:00:00;532.770740557126;1075.0844963913657;0.0;210.02100210021004;0.0;0.0;0.0;0.0
2030-07-09 12:00:00;533.627619982354;1075.0844963913657;0.0;210.02100210021004;0.0;0.0;0.0;0.0
2030-07-09 13:00:00;469.5686262928906;1075.0844963913657;0.0;210.02100210021004;0.0;0.0;0.0;0.0
2030-07-09 14:00:00;468.2440711790679;1075.0844963913657;0.0;210.02100210021004;0.0;0.0;0.0;0.0
2030-07-09 15:00:00;468.5145500627546;1075.0844963913657;0.0;210.02100210021004;0.0;0.0;0.0;0.0
2030-07-09 16:00:00;469.4298238405538;1075.0844963913657;0.0;210.02100210021004;0.0;0.0;0.0;0.0
2030-07-09 17:00:00;469.3759064765892;1075.0844963913657;0.0;210.02100210021004;0.0;0.0;0.0;0.0
2030-07-09 18:00:00;469.6089048644041;1075.0844963913657;0.0;210.02100210021004;0.0;0.0;0.0;0.0
2030-07-09 19:00:00;469.2688367663541;1075.0844963913657;0.0;210.02100210021004;0.0;0.0;0.0;0.0
2030-07-09 20:00:00;469.2609640969698;1075.0844963913657;0.0;210.02100210021004;0.0;0.0;0.0;0.0
2030-07-09 21:00:00;469.0827787460809;1075.0844963913657;0.0;210.02100210021004;0.0;0.0;0.0;0.0
2030-07-09 22:00:00;469.1348302009581;1075.0844963913657;0.0;210.02100210021004;0.0;0.0;0.0;0.0
2030-07-09 23:00:00;469.188973465459;1075.0844963913657;0.0;210.02100210021004;0.0;0.0;0.0;0.0
2030-07-10 00:00:00;468.2069227736155;1075.0844963913657;0.0;210.02100210021004;0.0;0.0;0.0;0.0
2030-07-10 01:00:00;468.3345818345809;1075.0844963913657;0.0;210.02100210021004;0.0;0.0;0.0;0.0
2030-07-10 02:00:00;468.3892876731087;1075.0844963913657;0.0;210.02100210021004;0.0;0.0;0.0;0.0
2030-07-10 03:00:00;468.4429948985867;1075.0844963913657;0.0;210.02100210021004;0.0;0.0;0.0;0.0
2030-07-10 04:00:00;468.6606199170381;1075.0844963913657;0.0;210.02100210021004;0.0;0.0;0.0;0.0
2030-07-10 05:00:00;469.4540407117807;1075.0844963913657;0.0;210.02100210021004;0.0;0.0;0.0;0.0
2030-07-10 06:00:00;469.6461505641308;1075.0844963913657;0.0;210.02100210021004;0.0;0.0;0.0;0.0
2030-07-10 07:00:00;470.0762534283795;1075.0844963913657;0.0;210.02100210021004;0.0;0.0;0.0;0.0
2030-07-10 08:00:00;470.1222323598772;1075.0844963913657;0.0;210.02100210021004;0.0;0.0;0.0;0.0
2030-07-10 09:00:00;470.1040230480897;1075.0844963913657;0.0;210.02100210021004;0.0;0.0;0.0;0.0
2030-07-10 10:00:00;469.9646298957685;1075.0844963913657;0.0;210.02100210021004;0.0;0.0;0.0;0.0
2030-07-10 11:00:00;469.9907118769399;1075.0844963913657;0.0;210.02100210021004;0.0;0.0;0.0;0.0
2030-07-10 12:00:00;470.0812658593377;1075.0844963913657;0.0;210.02100210021004;0.0;0.0;0.0;0.0
2030-07-10 13:00:00;470.2181527800273;1075.0844963913657;0.0;210.02100210021004;0.0;0.0;0.0;0.0
2030-07-10 14:00:00;470.1395185090889;1075.0844963913657;0.0;210.02100210021004;0.0;0.0;0.0;0.0
2030-07-10 15:00:00;470.1974372689135;1075.0844963913657;0.0;210.02100210021004;0.0;0.0;0.0;0.0
2030-07-10 16:00:00;470.2983740728607;1075.0844963913657;0.0;210.02100210021004;0.0;0.0;0.0;0.0
2030-07-10 17:00:00;470.2199067468856;1075.0844963913657;0.0;210.02100210021004;0.0;0.0;0.0;0.0
2030-07-10 18:00:00;470.5209474128185;1075.0844963913657;0.0;210.02100210021004;0.0;0.0;0.0;0.0
2030-07-10 19:00:00;534.9924182066898;1075.0844963913657;0.0;210.02100210021004;0.0;0.0;0.0;0.0
2030-07-10 20:00:00;535.117886283115;1075.0844963913657;0.0;210.02100210021004;0.0;0.0;0.0;0.0
2030-07-10 21:00:00;470.5106991758694;1075.0844963913657;0.0;210.02100210021004;0.0;0.0;0.0;0.0
2030-07-10 22:00:00;534.3932776130258;1075.0844963913657;0.0;210.02100210021004;0.0;0.0;0.0;0.0
2030-07-10 23:00:00;533.9730947841971;1075.0844963913657;0.0;210.02100210021004;0.0;0.0;0.0;0.0
2030-07-11 00:00:00;533.9024598615655;1075.0844963913657;0.0;210.02100210021004;0.0;0.0;0.0;0.0
2030-07-11 01:00:00;533.7032874528115;1075.0844963913657;0.0;210.02100210021004;0.0;0.0;0.0;0.0
2030-07-11 02:00:00;533.4549237953012;1075.0844963913657;0.0;210.02100210021004;0.0;0.0;0.0;0.0
2030-07-11 03:00:00;533.2833137952537;1075.0844963913657;0.0;210.02100210021004;0.0;0.0;0.0;0.0
2030-07-11 04:00:00;533.4664492339255;1075.0844963913657;0.0;210.02100210021004;0.0;0.0;0.0;0.0
2030-07-11 05:00:00;533.433357363037;1075.0844963913657;0.0;210.02100210021004;0.0;0.0;0.0;0.0
2030-07-11 06:00:00;532.971809807995;1075.0844963913657;0.0;210.02100210021004;0.0;0.0;0.0;0.0
2030-07-11 07:00:00;533.2175425152177;1075.0844963913657;0.0;210.02100210021004;0.0;0.0;0.0;0.0
2030-07-11 08:00:00;468.8562953261989;1075.0844963913657;0.0;210.02100210021004;0.0;0.0;0.0;0.0
2030-07-11 09:00:00;468.7932816430678;1075.0844963913657;0.0;210.02100210021004;0.0;0.0;0.0;0.0
2030-07-11 10:00:00;468.8188386873376;1075.0844963913657;0.0;210.02100210021004;0.0;0.0;0.0;0.0
2030-07-11 11:00:00;468.5955091620727;1075.0844963913657;0.0;210.02100210021004;0.0;0.0;0.0;0.0
2030-07-11 12:00:00;468.6520333689545;1075.0844963913657;0.0;210.02100210021004;0.0;0.0;0.0;0.0
2030-07-11 13:00:00;468.6309844738988;1075.0844963913657;0.0;210.02100210021004;0.0;0.0;0.0;0.0
2030-07-11 14:00:00;469.1678857586448;1075.0844963913657;0.0;210.02100210021004;0.0;0.0;0.0;0.0
2030-07-11 15:00:00;469.1273778666875;1075.0844963913657;0.0;210.02100210021004;0.0;0.0;0.0;0.0
2030-07-11 16:00:00;468.9729936329433;1075.0844963913657;0.0;210.02100210021004;0.0;0.0;0.0;0.0
2030-07-11 17:00:00;469.0933849426632;1075.0844963913657;0.0;210.02100210021004;0.0;0.0;0.0;0.0
2030-07-11 18:00:00;469.3723381922692;1075.0844963913657;0.0;210.02100210021004;0.0;0.0;0.0;0.0
2030-07-11 19:00:00;533.3690242842287;1075.0844963913657;0.0;210.02100210021004;0.0;0.0;0.0;0.0
2030-07-11 20:00:00;533.5244524463652;1075.0844963913657;0.0;210.02100210021004;0.0;0.0;0.0;0.0
2030-07-11 21:00:00;512.6314415551122;1075.0844963913657;0.0;210.02100210021004;0.0;0.0;0.0;0.0
2030-07-11 22:00:00;469.1249963860168;1075.0844963913657;0.0;210.02100210021004;0.0;0.0;0.0;0.0
2030-07-11 23:00:00;468.9409638470481;1075.0844963913657;0.0;210.02100210021004;0.0;0.0;0.0;0.0
2030-07-12 00:00:00;468.5441878625292;1075.0844963913657;0.0;210.02100210021004;0.0;0.0;0.0;0.0
2030-07-12 01:00:00;468.9044489686844;1075.0844963913657;0.0;210.02100210021004;0.0;0.0;0.0;0.0
2030-07-12 02:00:00;468.8342059172998;1075.0844963913657;0.0;210.02100210021004;0.0;0.0;0.0;0.0
2030-07-12 03:00:00;468.8946087993165;1075.0844963913657;0.0;210.02100210021004;0.0;0.0;0.0;0.0
2030-07-12 04:00:00;469.1076056350172;1075.0844963913657;0.0;210.02100210021004;0.0;0.0;0.0;0.0
2030-07-12 05:00:00;469.3043926102614;1075.0844963913657;0.0;210.02100210021004;0.0;0.0;0.0;0.0
2030-07-12 06:00:00;470.1910509724753;1075.0844963913657;0.0;210.02100210021004;0.0;0.0;0.0;0.0
2030-07-12 07:00:00;470.5872014034485;1075.0844963913657;0.0;210.02100210021004;0.0;0.0;0.0;0.0
2030-07-12 08:00:00;470.7102437803238;1075.0844963913657;0.0;210.02100210021004;0.0;0.0;0.0;0.0
2030-07-12 09:00:00;470.4609407962091;1075.0844963913657;0.0;210.02100210021004;0.0;0.0;0.0;0.0
2030-07-12 10:00:00;470.3100241978355;1075.0844963913657;0.0;210.02100210021004;0.0;0.0;0.0;0.0
2030-07-12 11:00:00;470.3150125590871;1075.0844963913657;0.0;210.02100210021004;0.0;0.0;0.0;0.0
2030-07-12 12:00:00;470.5965122740602;1075.0844963913657;0.0;210.02100210021004;0.0;0.0;0.0;0.0
2030-07-12 13:00:00;470.700158535499;1075.0844963913657;0.0;210.02100210021004;0.0;0.0;0.0;0.0
2030-07-12 14:00:00;470.5835265247687;1075.0844963913657;0.0;210.02100210021004;0.0;0.0;0.0;0.0
2030-07-12 15:00:00;470.196499902576;1075.0844963913657;0.0;210.02100210021004;0.0;0.0;0.0;0.0
2030-07-12 16:00:00;469.8546577207999;1075.0844963913657;0.0;210.02100210021004;0.0;0.0;0.0;0.0
2030-07-12 17:00:00;469.868522381482;1075.0844963913657;0.0;210.02100210021004;0.0;0.0;0.0;0.0
2030-07-12 18:00:00;470.0920188840155;1075.0844963913657;0.0;210.02100210021004;0.0;0.0;0.0;0.0
2030-07-12 19:00:00;469.9410580990676;1075.0844963913657;0.0;210.02100210021004;0.0;0.0;0.0;0.0
2030-07-12 20:00:00;470.0152431494182;1075.0844963913657;0.0;210.02100210021004;0.0;0.0;0.0;0.0
2030-07-12 21:00:00;469.8075322516939;1075.0844963913657;0.0;210.02100210021004;0.0;0.0;0.0;0.0
2030-07-12 22:00:00;469.5648910636076;1075.0844963913657;0.0;210.02100210021004;0.0;0.0;0.0;0.0
2030-07-12 23:00:00;469.2777955904382;1075.0844963913657;0.0;210.02100210021004;0.0;0.0;0.0;0.0
2030-07-13 00:00:00;468.074670092621;1075.0844963913657;0.0;210.02100210021004;0.0;0.0;0.0;0.0
2030-07-13 01:00:00;468.1888024859119;1075.0844963913657;0.0;210.02100210021004;0.0;0.0;0.0;0.0
2030-07-13 02:00:00;468.0770486073396;1075.0844963913657;0.0;210.02100210021004;0.0;0.0;0.0;0.0
2030-07-13 03:00:00;468.0489966589409;1075.0844963913657;0.0;210.02100210021004;0.0;0.0;0.0;0.0
2030-07-13 04:00:00;468.1648176161161;1075.0844963913657;0.0;210.02100210021004;0.0;0.0;0.0;0.0
2030-07-13 05:00:00;468.1521624652851;1075.0844963913657;0.0;210.02100210021004;0.0;0.0;0.0;0.0
2030-07-13 06:00:00;468.7093703904689;1075.0844963913657;0.0;210.02100210021004;0.0;0.0;0.0;0.0
2030-07-13 07:00:00;468.8356677063665;1075.0844963913657;0.0;210.02100210021004;0.0;0.0;0.0;0.0
2030-07-13 08:00:00;469.1906186050861;1075.0844963913657;0.0;210.02100210021004;0.0;0.0;0.0;0.0
2030-07-13 09:00:00;469.0654446492747;1075.0844963913657;0.0;210.02100210021004;0.0;0.0;0.0;0.0
2030-07-13 10:00:00;468.6153998765089;1075.0844963913657;0.0;210.02100210021004;0.0;0.0;0.0;0.0
2030-07-13 11:00:00;468.6195494143911;1075.0844963913657;0.0;210.02100210021004;0.0;0.0;0.0;0.0
2030-07-13 12:00:00;468.5451849689969;1075.0844963913657;0.0;210.02100210021004;0.0;0.0;0.0;0.0
2030-07-13 13:00:00;468.4354780658119;1075.0844963913657;0.0;210.02100210021004;0.0;0.0;0.0;0.0
2030-07-13 14:00:00;468.2301450661735;1075.0844963913657;0.0;210.02100210021004;0.0;0.0;0.0;0.0
2030-07-13 15:00:00;468.1771277915299;1075.0844963913657;0.0;210.02100210021004;0.0;0.0;0.0;0.0
2030-07-13 16:00:00;468.3708405665889;1075.0844963913657;0.0;210.02100210021004;0.0;0.0;0.0;0.0
2030-07-13 17:00:00;468.4277615104272;1075.0844963913657;0.0;210.02100210021004;0.0;0.0;0.0;0.0
2030-07-13 18:00:00;468.4332992737033;1075.0844963913657;0.0;210.02100210021004;0.0;0.0;0.0;0.0
2030-07-13 19:00:00;468.4728988202778;1075.0844963913657;0.0;210.02100210021004;0.0;0.0;0.0;0.0
2030-07-13 20:00:00;532.4976546124676;1075.0844963913657;0.0;210.02100210021004;0.0;0.0;0.0;0.0
2030-07-13 21:00:00;532.018477764958;1075.0844963913657;0.0;210.02100210021004;0.0;0.0;0.0;0.0
2030-07-13 22:00:00;532.121254303725;1075.0844963913657;0.0;210.02100210021004;0.0;0.0;0.0;0.0
2030-07-13 23:00:00;531.9205863302204;1075.0844963913657;0.0;210.02100210021004;0.0;0.0;0.0;0.0
2030-07-14 00:00:00;467.39318023424;1075.0844963913657;0.0;210.02100210021004;0.0;0.0;0.0;0.0
2030-07-14 01:00:00;466.458732612046;1075.0844963913657;0.0;210.02100210021004;0.0;0.0;0.0;0.0
2030-07-14 02:00:00;465.9849542680221;1075.0844963913657;0.0;210.02100210021004;0.0;0.0;0.0;0.0
2030-07-14 03:00:00;465.81985629599;1075.0844963913657;0.0;210.02100210021004;0.0;0.0;0.0;0.0
2030-07-14 04:00:00;465.9496396792613;1075.0844963913657;0.0;210.02100210021004;0.0;0.0;0.0;0.0
2030-07-14 05:00:00;466.1170616962095;1075.0844963913657;0.0;210.02100210021004;0.0;0.0;0.0;0.0
2030-07-14 06:00:00;466.5677630004826;1075.0844963913657;0.0;210.02100210021004;0.0;0.0;0.0;0.0
2030-07-14 07:00:00;466.8831431582083;1075.0844963913657;0.0;210.02100210021004;0.0;0.0;0.0;0.0
2030-07-14 08:00:00;486.7149529097385;1075.0844963913657;0.0;210.02100210021004;0.0;0.0;0.0;0.0
2030-07-14 09:00:00;467.0372745432937;1075.0844963913657;0.0;210.02100210021004;0.0;0.0;0.0;0.0
2030-07-14 10:00:00;467.0609144376724;1075.0844963913657;0.0;210.02100210021004;0.0;0.0;0.0;0.0
2030-07-14 11:00:00;467.0846088018539;1075.0844963913657;0.0;210.02100210021004;0.0;0.0;0.0;0.0
2030-07-14 12:00:00;466.942442616765;1075.0844963913657;0.0;210.02100210021004;0.0;0.0;0.0;0.0
2030-07-14 13:00:00;466.7647258071036;1075.0844963913657;0.0;210.02100210021004;0.0;0.0;0.0;0.0
2030-07-14 14:00:00;466.6970743121303;1075.0844963913657;0.0;210.02100210021004;0.0;0.0;0.0;0.0
2030-07-14 15:00:00;466.7251262605291;1075.0844963913657;0.0;210.02100210021004;0.0;0.0;0.0;0.0
2030-07-14 16:00:00;466.5250223619514;1075.0844963913657;0.0;210.02100210021004;0.0;0.0;0.0;0.0
2030-07-14 17:00:00;466.6272258684476;1075.0844963913657;0.0;210.02100210021004;0.0;0.0;0.0;0.0
2030-07-14 18:00:00;466.4948279346458;1075.0844963913657;0.0;210.02100210021004;0.0;0.0;0.0;0.0
2030-07-14 19:00:00;530.2266330052516;1075.0844963913657;0.0;210.02100210021004;0.0;0.0;0.0;0.0
2030-07-14 20:00:00;530.2659280312811;1075.0844963913657;0.0;210.02100210021004;0.0;0.0;0.0;0.0
2030-07-14 21:00:00;530.3728951323002;1075.0844963913657;0.0;210.02100210021004;0.0;0.0;0.0;0.0
2030-07-14 22:00:00;530.183015437557;1075.0844963913657;0.0;210.02100210021004;0.0;0.0;0.0;0.0
2030-07-14 23:00:00;530.0141610741474;1075.0844963913657;0.0;210.02100210021004;0.0;0.0;0.0;0.0
2030-07-15 00:00:00;525.404826265311;1075.0844963913657;0.0;210.02100210021004;0.0;0.0;0.0;0.0
2030-07-15 01:00:00;491.8187356010425;1075.0844963913657;0.0;210.02100210021004;0.0;0.0;0.0;0.0
2030-07-15 02:00:00;509.342137572771;1075.0844963913657;0.0;210.02100210021004;0.0;0.0;0.0;0.0
2030-07-15 03:00:00;467.3160328369933;1075.0844963913657;0.0;210.02100210021004;0.0;0.0;0.0;0.0
2030-07-15 04:00:00;468.1312279044412;1075.0844963913657;0.0;210.02100210021004;0.0;0.0;0.0;0.0
2030-07-15 05:00:00;468.6379604791082;1075.0844963913657;0.0;210.02100210021004;0.0;0.0;0.0;0.0
2030-07-15 06:00:00;469.2120863689058;1075.0844963913657;0.0;210.02100210021004;0.0;0.0;0.0;0.0
2030-07-15 07:00:00;469.7910736721249;1075.0844963913657;0.0;210.02100210021004;0.0;0.0;0.0;0.0
2030-07-15 08:00:00;469.0682283518573;1075.0844963913657;0.0;210.02100210021004;0.0;0.0;0.0;0.0
2030-07-15 09:00:00;469.1218646008396;1075.0844963913657;0.0;210.02100210021004;0.0;0.0;0.0;0.0
2030-07-15 10:00:00;469.1904558855659;1075.0844963913657;0.0;210.02100210021004;0.0;0.0;0.0;0.0
2030-07-15 11:00:00;469.1382757591942;1075.0844963913657;0.0;210.02100210021004;0.0;0.0;0.0;0.0
2030-07-15 12:00:00;469.1617650635469;1075.0844963913657;0.0;210.02100210021004;0.0;0.0;0.0;0.0
2030-07-15 13:00:00;469.1444366880277;1075.0844963913657;0.0;210.02100210021004;0.0;0.0;0.0;0.0
2030-07-15 14:00:00;468.8940475492129;1075.0844963913657;0.0;210.02100210021004;0.0;0.0;0.0;0.0
2030-07-15 15:00:00;468.8828962988612;1075.0844963913657;0.0;210.02100210021004;0.0;0.0;0.0;0.0
2030-07-15 16:00:00;469.215510102374;1075.0844963913657;0.0;210.02100210021004;0.0;0.0;0.0;0.0
2030-07-15 17:00:00;469.269526655647;1075.0844963913657;0.0;210.02100210021004;0.0;0.0;0.0;0.0
2030-07-15 18:00:00;469.55517997475;1075.0844963913657;0.0;210.02100210021004;0.0;0.0;0.0;0.0
2030-07-15 19:00:00;533.7142899148009;1075.0844963913657;0.0;210.02100210021004;0.0;0.0;0.0;0.0
2030-07-15 20:00:00;533.7098868733596;1075.0844963913657;0.0;210.02100210021004;0.0;0.0;0.0;0.0
2030-07-15 21:00:00;510.7988324524426;1075.0844963913657;0.0;210.02100210021004;0.0;0.0;0.0;0.0
2030-07-15 22:00:00;468.9453487318888;1075.0844963913657;0.0;210.02100210021004;0.0;0.0;0.0;0.0
2030-07-15 23:00:00;499.294865473617;1075.0844963913657;0.0;210.02100210021004;0.0;0.0;0.0;0.0
2030-07-16 00:00:00;467.6109323488978;1075.0844963913657;0.0;210.02100210021004;0.0;0.0;0.0;0.0
2030-07-16 01:00:00;467.1173451532862;1075.0844963913657;0.0;210.02100210021004;0.0;0.0;0.0;0.0
2030-07-16 02:00:00;523.7776110095995;1075.0844963913657;0.0;210.02100210021004;0.0;0.0;0.0;0.0
2030-07-16 03:00:00;531.7046839780957;1075.0844963913657;0.0;210.02100210021004;0.0;0.0;0.0;0.0
2030-07-16 04:00:00;531.4437087595664;1075.0844963913657;0.0;210.02100210021004;0.0;0.0;0.0;0.0
2030-07-16 05:00:00;497.0783815381978;1075.0844963913657;0.0;210.02100210021004;0.0;0.0;0.0;0.0
2030-07-16 06:00:00;525.9196285571628;1075.0844963913657;0.0;210.02100210021004;0.0;0.0;0.0;0.0
2030-07-16 07:00:00;469.597190403682;1075.0844963913657;0.0;210.02100210021004;0.0;0.0;0.0;0.0
2030-07-16 08:00:00;469.4296736248558;1075.0844963913657;0.0;210.02100210021004;0.0;0.0;0.0;0.0
2030-07-16 09:00:00;469.5956878667073;1075.0844963913657;0.0;210.02100210021004;0.0;0.0;0.0;0.0
2030-07-16 10:00:00;469.3250236687602;1075.0844963913657;0.0;210.02100210021004;0.0;0.0;0.0;0.0
2030-07-16 11:00:00;469.2345099524032;1075.0844963913657;0.0;210.02100210021004;0.0;0.0;0.0;0.0
2030-07-16 12:00:00;469.4977600895483;1075.0844963913657;0.0;210.02100210021004;0.0;0.0;0.0;0.0
2030-07-16 13:00:00;469.2437383306666;1075.0844963913657;0.0;210.02100210021004;0.0;0.0;0.0;0.0
2030-07-16 14:00:00;469.3073815201822;1075.0844963913657;0.0;210.02100210021004;0.0;0.0;0.0;0.0
2030-07-16 15:00:00;469.7403630041659;1075.0844963913657;0.0;210.02100210021004;0.0;0.0;0.0;0.0
2030-07-16 16:00:00;469.8874176620287;1075.0844963913657;0.0;210.02100210021004;0.0;0.0;0.0;0.0
2030-07-16 17:00:00;469.8199989771892;1075.0844963913657;0.0;210.02100210021004;0.0;0.0;0.0;0.0
2030-07-16 18:00:00;469.9886642861958;1075.0844963913657;0.0;210.02100210021004;0.0;0.0;0.0;0.0
2030-07-16 19:00:00;470.076295654687;1075.0844963913657;0.0;210.02100210021004;0.0;0.0;0.0;0.0
2030-07-16 20:00:00;470.0261007758841;1075.0844963913657;0.0;210.02100210021004;0.0;0.0;0.0;0.0
2030-07-16 21:00:00;470.0710558958571;1075.0844963913657;0.0;210.02100210021004;0.0;0.0;0.0;0.0
2030-07-16 22:00:00;469.9395152960522;1075.0844963913657;0.0;210.02100210021004;0.0;0.0;0.0;0.0
2030-07-16 23:00:00;469.7627239275111;1075.0844963913657;0.0;210.02100210021004;0.0;0.0;0.0;0.0
2030-07-17 00:00:00;468.5444353072687;1075.0844963913657;0.0;210.02100210021004;0.0;0.0;0.0;0.0
2030-07-17 01:00:00;468.5303463055422;1075.0844963913657;0.0;210.02100210021004;0.0;0.0;0.0;0.0
2030-07-17 02:00:00;468.3725109738722;1075.0844963913657;0.0;210.02100210021004;0.0;0.0;0.0;0.0
2030-07-17 03:00:00;468.2231366182239;1075.0844963913657;0.0;210.02100210021004;0.0;0.0;0.0;0.0
2030-07-17 04:00:00;468.4969018466747;1075.0844963913657;0.0;210.02100210021004;0.0;0.0;0.0;0.0
2030-07-17 05:00:00;468.6283919504311;1075.0844963913657;0.0;210.02100210021004;0.0;0.0;0.0;0.0
2030-07-17 06:00:00;469.2458720719071;1075.0844963913657;0.0;210.02100210021004;0.0;0.0;0.0;0.0
2030-07-17 07:00:00;469.5335987464329;1075.0844963913657;0.0;210.02100210021004;0.0;0.0;0.0;0.0
2030-07-17 08:00:00;469.5500005988286;1075.0844963913657;0.0;210.02100210021004;0.0;0.0;0.0;0.0
2030-07-17 09:00:00;469.5299145940992;1075.0844963913657;0.0;210.02100210021004;0.0;0.0;0.0;0.0
2030-07-17 10:00:00;469.291718673762;1075.0844963913657;0.0;210.02100210021004;0.0;0.0;0.0;0.0
2030-07-17 11:00:00;469.2276610945437;1075.0844963913657;0.0;210.02100210021004;0.0;0.0;0.0;0.0
2030-07-17 12:00:00;468.9879827540994;1075.0844963913657;0.0;210.02100210021004;0.0;0.0;0.0;0.0
2030-07-17 13:00:00;468.9211292398973;1075.0844963913657;0.0;210.02100210021004;0.0;0.0;0.0;0.0
2030-07-17 14:00:00;468.9729936329433;1075.0844963913657;0.0;210.02100210021004;0.0;0.0;0.0;0.0
2030-07-17 15:00:00;469.1528926846498;1075.0844963913657;0.0;210.02100210021004;0.0;0.0;0.0;0.0
2030-07-17 16:00:00;468.7942411188452;1075.0844963913657;0.0;210.02100210021004;0.0;0.0;0.0;0.0
2030-07-17 17:00:00;469.5467883138751;1075.0844963913657;0.0;210.02100210021004;0.0;0.0;0.0;0.0
2030-07-17 18:00:00;469.8226701612123;1075.0844963913657;0.0;210.02100210021004;0.0;0.0;0.0;0.0
2030-07-17 19:00:00;469.0147727811646;1075.0844963913657;0.0;210.02100210021004;0.0;0.0;0.0;0.0
2030-07-17 20:00:00;468.9948758308385;1075.0844963913657;0.0;210.02100210021004;0.0;0.0;0.0;0.0
2030-07-17 21:00:00;469.3334615087815;1075.0844963913657;0.0;210.02100210021004;0.0;0.0;0.0;0.0
2030-07-17 22:00:00;469.169740342147;1075.0844963913657;0.0;210.02100210021004;0.0;0.0;0.0;0.0
2030-07-17 23:00:00;469.367536925154;1075.0844963913657;0.0;210.02100210021004;0.0;0.0;0.0;0.0
2030-07-18 00:00:00;469.3880393121581;1075.0844963913657;0.0;210.02100210021004;0.0;0.0;0.0;0.0
2030-07-18 01:00:00;468.6909488642008;1075.0844963913657;0.0;210.02100210021004;0.0;0.0;0.0;0.0
2030-07-18 02:00:00;468.7374910060688;1075.0844963913657;0.0;210.02100210021004;0.0;0.0;0.0;0.0
2030-07-18 03:00:00;468.5872201104138;1075.0844963913657;0.0;210.02100210021004;0.0;0.0;0.0;0.0
2030-07-18 04:00:00;468.4882229914419;1075.0844963913657;0.0;210.02100210021004;0.0;0.0;0.0;0.0
2030-07-18 05:00:00;468.5636636682036;1075.0844963913657;0.0;210.02100210021004;0.0;0.0;0.0;0.0
2030-07-18 06:00:00;468.8445982522535;1075.0844963913657;0.0;210.02100210021004;0.0;0.0;0.0;0.0
2030-07-18 07:00:00;469.1625816640675;1075.0844963913657;0.0;210.02100210021004;0.0;0.0;0.0;0.0
2030-07-18 08:00:00;469.4114461564677;1075.0844963913657;0.0;210.02100210021004;0.0;0.0;0.0;0.0
2030-07-18 09:00:00;469.1785322212679;1075.0844963913657;0.0;210.02100210021004;0.0;0.0;0.0;0.0
2030-07-18 10:00:00;468.6319660591158;1075.0844963913657;0.0;210.02100210021004;0.0;0.0;0.0;0.0
2030-07-18 11:00:00;468.5945496862953;1075.0844963913657;0.0;210.02100210021004;0.0;0.0;0.0;0.0
2030-07-18 12:00:00;468.7297911352891;1075.0844963913657;0.0;210.02100210021004;0.0;0.0;0.0;0.0
2030-07-18 13:00:00;468.8819770891246;1075.0844963913657;0.0;210.02100210021004;0.0;0.0;0.0;0.0
2030-07-18 14:00:00;468.7937623610899;1075.0844963913657;0.0;210.02100210021004;0.0;0.0;0.0;0.0
2030-07-18 15:00:00;468.6928918854622;1075.0844963913657;0.0;210.02100210021004;0.0;0.0;0.0;0.0
2030-07-18 16:00:00;468.7286166345997;1075.0844963913657;0.0;210.02100210021004;0.0;0.0;0.0;0.0
2030-07-18 17:00:00;468.9064077126535;1075.0844963913657;0.0;210.02100210021004;0.0;0.0;0.0;0.0
2030-07-18 18:00:00;469.1005053472741;1075.0844963913657;0.0;210.02100210021004;0.0;0.0;0.0;0.0
2030-07-18 19:00:00;469.2437383306666;1075.0844963913657;0.0;210.02100210021004;0.0;0.0;0.0;0.0
2030-07-18 20:00:00;469.0970598213432;1075.0844963913657;0.0;210.02100210021004;0.0;0.0;0.0;0.0
2030-07-18 21:00:00;469.0932179977;1075.0844963913657;0.0;210.02100210021004;0.0;0.0;0.0;0.0
2030-07-18 22:00:00;468.913276719686;1075.0844963913657;0.0;210.02100210021004;0.0;0.0;0.0;0.0
2030-07-18 23:00:00;468.6491697159795;1075.0844963913657;0.0;210.02100210021004;0.0;0.0;0.0;0.0
2030-07-19 00:00:00;468.8030329979661;1075.0844963913657;0.0;210.02100210021004;0.0;0.0;0.0;0.0
2030-07-19 01:00:00;468.7039566906267;1075.0844963913657;0.0;210.02100210021004;0.0;0.0;0.0;0.0
2030-07-19 02:00:00;468.8557340760955;1075.0844963913657;0.0;210.02100210021004;0.0;0.0;0.0;0.0
2030-07-19 03:00:00;468.8231190026954;1075.0844963913657;0.0;210.02100210021004;0.0;0.0;0.0;0.0
2030-07-19 04:00:00;468.8268360753776;1075.0844963913657;0.0;210.02100210021004;0.0;0.0;0.0;0.0
2030-07-19 05:00:00;468.9997193242612;1075.0844963913657;0.0;210.02100210021004;0.0;0.0;0.0;0.0
2030-07-19 06:00:00;469.5250529440754;1075.0844963913657;0.0;210.02100210021004;0.0;0.0;0.0;0.0
2030-07-19 07:00:00;469.5929945732444;1075.0844963913657;0.0;210.02100210021004;0.0;0.0;0.0;0.0
2030-07-19 08:00:00;469.7311547427703;1075.0844963913657;0.0;210.02100210021004;0.0;0.0;0.0;0.0
2030-07-19 09:00:00;469.5770017897367;1075.0844963913657;0.0;210.02100210021004;0.0;0.0;0.0;0.0
2030-07-19 10:00:00;469.4704108049517;1075.0844963913657;0.0;210.02100210021004;0.0;0.0;0.0;0.0
2030-07-19 11:00:00;469.5204367785244;1075.0844963913657;0.0;210.02100210021004;0.0;0.0;0.0;0.0
2030-07-19 12:00:00;469.7657933695132;1075.0844963913657;0.0;210.02100210021004;0.0;0.0;0.0;0.0
2030-07-19 13:00:00;469.5159050655884;1075.0844963913657;0.0;210.02100210021004;0.0;0.0;0.0;0.0
2030-07-19 14:00:00;469.253053154117;1075.0844963913657;0.0;210.02100210021004;0.0;0.0;0.0;0.0
2030-07-19 15:00:00;469.1774882928754;1075.0844963913657;0.0;210.02100210021004;0.0;0.0;0.0;0.0
2030-07-19 16:00:00;469.2585845765659;1075.0844963913657;0.0;210.02100210021004;0.0;0.0;0.0;0.0
2030-07-19 17:00:00;469.2903870345895;1075.0844963913657;0.0;210.02100210021004;0.0;0.0;0.0;0.0
2030-07-19 18:00:00;469.6364874222834;1075.0844963913657;0.0;210.02100210021004;0.0;0.0;0.0;0.0
2030-07-19 19:00:00;469.3625023847559;1075.0844963913657;0.0;210.02100210021004;0.0;0.0;0.0;0.0
2030-07-19 20:00:00;469.2867926879909;1075.0844963913657;0.0;210.02100210021004;0.0;0.0;0.0;0.0
2030-07-19 21:00:00;469.2296443495406;1075.0844963913657;0.0;210.02100210021004;0.0;0.0;0.0;0.0
2030-07-19 22:00:00;469.0726713918164;1075.0844963913657;0.0;210.02100210021004;0.0;0.0;0.0;0.0
2030-07-19 23:00:00;468.9947913459183;1075.0844963913657;0.0;210.02100210021004;0.0;0.0;0.0;0.0
2030-07-20 00:00:00;468.9616533281885;1075.0844963913657;0.0;210.02100210021004;0.0;0.0;0.0;0.0
2030-07-20 01:00:00;468.0135912871755;1075.0844963913657;0.0;210.02100210021004;0.0;0.0;0.0;0.0
2030-07-20 02:00:00;467.7611963779904;1075.0844963913657;0.0;210.02100210021004;0.0;0.0;0.0;0.0
2030-07-20 03:00:00;467.9129310917564;1075.0844963913657;0.0;210.02100210021004;0.0;0.0;0.0;0.0
2030-07-20 04:00:00;467.6656926572283;1075.0844963913657;0.0;210.02100210021004;0.0;0.0;0.0;0.0
2030-07-20 05:00:00;467.3673252345509;1075.0844963913657;0.0;210.02100210021004;0.0;0.0;0.0;0.0
2030-07-20 06:00:00;467.9473015372701;1075.0844963913657;0.0;210.02100210021004;0.0;0.0;0.0;0.0
2030-07-20 07:00:00;467.961118710559;1075.0844963913657;0.0;210.02100210021004;0.0;0.0;0.0;0.0
2030-07-20 08:00:00;468.3763057034615;1075.0844963913657;0.0;210.02100210021004;0.0;0.0;0.0;0.0
2030-07-20 09:00:00;468.4021970163524;1075.0844963913657;0.0;210.02100210021004;0.0;0.0;0.0;0.0
2030-07-20 10:00:00;468.3486350436817;1075.0844963913657;0.0;210.02100210021004;0.0;0.0;0.0;0.0
2030-07-20 11:00:00;468.2890995493131;1075.0844963913657;0.0;210.02100210021004;0.0;0.0;0.0;0.0
2030-07-20 12:00:00;468.2278028646567;1075.0844963913657;0.0;210.02100210021004;0.0;0.0;0.0;0.0
2030-07-20 13:00:00;467.6208458529921;1075.0844963913657;0.0;210.02100210021004;0.0;0.0;0.0;0.0
2030-07-20 14:00:00;467.671121480899;1075.0844963913657;0.0;210.02100210021004;0.0;0.0;0.0;0.0
2030-07-20 15:00:00;468.4116384488233;1075.0844963913657;0.0;210.02100210021004;0.0;0.0;0.0;0.0
2030-07-20 16:00:00;468.5682754448335;1075.0844963913657;0.0;210.02100210021004;0.0;0.0;0.0;0.0
2030-07-20 17:00:00;468.3921745726526;1075.0844963913657;0.0;210.02100210021004;0.0;0.0;0.0;0.0
2030-07-20 18:00:00;468.3466378175821;1075.0844963913657;0.0;210.02100210021004;0.0;0.0;0.0;0.0
2030-07-20 19:00:00;468.2641342230683;1075.0844963913657;0.0;210.02100210021004;0.0;0.0;0.0;0.0
2030-07-20 20:00:00;468.2204675978909;1075.0844963913657;0.0;210.02100210021004;0.0;0.0;0.0;0.0
2030-07-20 21:00:00;468.1469333642243;1075.0844963913657;0.0;210.02100210021004;0.0;0.0;0.0;0.0
2030-07-20 22:00:00;468.1245825885098;1075.0844963913657;0.0;210.02100210021004;0.0;0.0;0.0;0.0
2030-07-20 23:00:00;468.0735080701631;1075.0844963913657;0.0;210.02100210021004;0.0;0.0;0.0;0.0
2030-07-21 00:00:00;468.1462434133899;1075.0844963913657;0.0;210.02100210021004;0.0;0.0;0.0;0.0
2030-07-21 01:00:00;467.5231451835205;1075.0844963913657;0.0;210.02100210021004;0.0;0.0;0.0;0.0
2030-07-21 02:00:00;467.364638057617;1075.0844963913657;0.0;210.02100210021004;0.0;0.0;0.0;0.0
2030-07-21 03:00:00;466.9599818932396;1075.0844963913657;0.0;210.02100210021004;0.0;0.0;0.0;0.0
2030-07-21 04:00:00;466.4820456876084;1075.0844963913657;0.0;210.02100210021004;0.0;0.0;0.0;0.0
2030-07-21 05:00:00;466.5215726077794;1075.0844963913657;0.0;210.02100210021004;0.0;0.0;0.0;0.0
2030-07-21 06:00:00;466.4634170150796;1075.0844963913657;0.0;210.02100210021004;0.0;0.0;0.0;0.0
2030-07-21 07:00:00;466.5796374174747;1075.0844963913657;0.0;210.02100210021004;0.0;0.0;0.0;0.0
2030-07-21 08:00:00;467.3070453195452;1075.0844963913657;0.0;210.02100210021004;0.0;0.0;0.0;0.0
2030-07-21 09:00:00;466.7480943606744;1075.0844963913657;0.0;210.02100210021004;0.0;0.0;0.0;0.0
2030-07-21 10:00:00;466.5487711959356;1075.0844963913657;0.0;210.02100210021004;0.0;0.0;0.0;0.0
2030-07-21 11:00:00;466.3770642211738;1075.0844963913657;0.0;210.02100210021004;0.0;0.0;0.0;0.0
2030-07-21 12:00:00;466.2645840785651;1075.0844963913657;0.0;210.02100210021004;0.0;0.0;0.0;0.0
2030-07-21 13:00:00;465.9748410413179;1075.0844963913657;0.0;210.02100210021004;0.0;0.0;0.0;0.0
2030-07-21 14:00:00;465.9918719329671;1075.0844963913657;0.0;210.02100210021004;0.0;0.0;0.0;0.0
2030-07-21 15:00:00;465.9051196938415;1075.0844963913657;0.0;210.02100210021004;0.0;0.0;0.0;0.0
2030-07-21 16:00:00;466.3237019711129;1075.0844963913657;0.0;210.02100210021004;0.0;0.0;0.0;0.0
2030-07-21 17:00:00;466.8332488189205;1075.0844963913657;0.0;210.02100210021004;0.0;0.0;0.0;0.0
2030-07-21 18:00:00;531.4819839592153;1075.0844963913657;0.0;210.02100210021004;0.0;0.0;0.0;0.0
2030-07-21 19:00:00;531.7108851729696;1075.0844963913657;0.0;210.02100210021004;0.0;0.0;0.0;0.0
2030-07-21 20:00:00;532.0663224935541;1075.0844963913657;0.0;210.02100210021004;0.0;0.0;0.0;0.0
2030-07-21 21:00:00;531.7703506886487;1075.0844963913657;0.0;210.02100210021004;0.0;0.0;0.0;0.0
2030-07-21 22:00:00;531.785991425629;1075.0844963913657;0.0;210.02100210021004;0.0;0.0;0.0;0.0
2030-07-21 23:00:00;531.6307483650567;1075.0844963913657;0.0;210.02100210021004;0.0;0.0;0.0;0.0
2030-07-22 00:00:00;531.6315629730052;1075.0844963913657;0.0;210.02100210021004;0.0;0.0;0.0;0.0
2030-07-22 01:00:00;532.2102434059725;1075.0844963913657;0.0;210.02100210021004;0.0;0.0;0.0;0.0
2030-07-22 02:00:00;532.2688942813976;1075.0844963913657;0.0;210.02100210021004;0.0;0.0;0.0;0.0
2030-07-22 03:00:00;531.5530774904291;1075.0844963913657;0.0;210.02100210021004;0.0;0.0;0.0;0.0
2030-07-22 04:00:00;531.4407218422178;1075.0844963913657;0.0;210.02100210021004;0.0;0.0;0.0;0.0
2030-07-22 05:00:00;531.6284955235753;1075.0844963913657;0.0;210.02100210021004;0.0;0.0;0.0;0.0
2030-07-22 06:00:00;532.1284169669484;1075.0844963913657;0.0;210.02100210021004;0.0;0.0;0.0;0.0
2030-07-22 07:00:00;532.1053238956977;1075.0844963913657;0.0;210.02100210021004;0.0;0.0;0.0;0.0
2030-07-22 08:00:00;531.9290373148852;1075.0844963913657;0.0;210.02100210021004;0.0;0.0;0.0;0.0
2030-07-22 09:00:00;495.0328082316549;1075.0844963913657;0.0;210.02100210021004;0.0;0.0;0.0;0.0
2030-07-22 10:00:00;467.966692787037;1075.0844963913657;0.0;210.02100210021004;0.0;0.0;0.0;0.0
2030-07-22 11:00:00;467.78505415158;1075.0844963913657;0.0;210.02100210021004;0.0;0.0;0.0;0.0
2030-07-22 12:00:00;467.7835834669067;1075.0844963913657;0.0;210.02100210021004;0.0;0.0;0.0;0.0
2030-07-22 13:00:00;467.5855131076303;1075.0844963913657;0.0;210.02100210021004;0.0;0.0;0.0;0.0
2030-07-22 14:00:00;467.579249080318;1075.0844963913657;0.0;210.02100210021004;0.0;0.0;0.0;0.0
2030-07-22 15:00:00;467.6562693813585;1075.0844963913657;0.0;210.02100210021004;0.0;0.0;0.0;0.0
2030-07-22 16:00:00;531.7645236497419;1075.0844963913657;0.0;210.02100210021004;0.0;0.0;0.0;0.0
2030-07-22 17:00:00;531.9466996126363;1075.0844963913657;0.0;210.02100210021004;0.0;0.0;0.0;0.0
2030-07-22 18:00:00;532.1916820476579;1075.0844963913657;0.0;210.02100210021004;0.0;0.0;0.0;0.0
2030-07-22 19:00:00;532.8071954615972;1075.0844963913657;0.0;210.02100210021004;0.0;0.0;0.0;0.0
2030-07-22 20:00:00;533.1060859275701;1075.0844963913657;0.0;210.02100210021004;0.0;0.0;0.0;0.0
2030-07-22 21:00:00;533.1269664233804;1075.0844963913657;0.0;210.02100210021004;0.0;0.0;0.0;0.0
2030-07-22 22:00:00;533.0465399121149;1075.0844963913657;0.0;210.02100210021004;0.0;0.0;0.0;0.0
2030-07-22 23:00:00;532.9872393811324;1075.0844963913657;0.0;210.02100210021004;0.0;0.0;0.0;0.0
2030-07-23 00:00:00;524.6611954804995;1075.0844963913657;0.0;210.02100210021004;0.0;0.0;0.0;0.0
2030-07-23 01:00:00;484.5989908446363;1075.0844963913657;0.0;210.02100210021004;0.0;0.0;0.0;0.0
2030-07-23 02:00:00;504.9257963967678;1075.0844963913657;0.0;210.02100210021004;0.0;0.0;0.0;0.0
2030-07-23 03:00:00;467.8766723597484;1075.0844963913657;0.0;210.02100210021004;0.0;0.0;0.0;0.0
2030-07-23 04:00:00;472.3335882626325;1075.0844963913657;0.0;210.02100210021004;0.0;0.0;0.0;0.0
2030-07-23 05:00:00;467.9909318492456;1075.0844963913657;0.0;210.02100210021004;0.0;0.0;0.0;0.0
2030-07-23 06:00:00;513.0818955110502;1075.0844963913657;0.0;210.02100210021004;0.0;0.0;0.0;0.0
2030-07-23 07:00:00;468.3354896646262;1075.0844963913657;0.0;210.02100210021004;0.0;0.0;0.0;0.0
2030-07-23 08:00:00;468.8512730711269;1075.0844963913657;0.0;210.02100210021004;0.0;0.0;0.0;0.0
2030-07-23 09:00:00;468.8032485413773;1075.0844963913657;0.0;210.02100210021004;0.0;0.0;0.0;0.0
2030-07-23 10:00:00;468.8435388973513;1075.0844963913657;0.0;210.02100210021004;0.0;0.0;0.0;0.0
2030-07-23 11:00:00;468.5023669835472;1075.0844963913657;0.0;210.02100210021004;0.0;0.0;0.0;0.0
2030-07-23 12:00:00;468.3433696294191;1075.0844963913657;0.0;210.02100210021004;0.0;0.0;0.0;0.0
2030-07-23 13:00:00;468.3462565289631;1075.0844963913657;0.0;210.02100210021004;0.0;0.0;0.0;0.0
2030-07-23 14:00:00;468.2673842546303;1075.0844963913657;0.0;210.02100210021004;0.0;0.0;0.0;0.0
2030-07-23 15:00:00;467.6066473910842;1075.0844963913657;0.0;210.02100210021004;0.0;0.0;0.0;0.0
2030-07-23 16:00:00;468.2251883141263;1075.0844963913657;0.0;210.02100210021004;0.0;0.0;0.0;0.0
2030-07-23 17:00:00;468.301754700144;1075.0844963913657;0.0;210.02100210021004;0.0;0.0;0.0;0.0
2030-07-23 18:00:00;468.3794104822163;1075.0844963913657;0.0;210.02100210021004;0.0;0.0;0.0;0.0
2030-07-23 19:00:00;468.1285407275072;1075.0844963913657;0.0;210.02100210021004;0.0;0.0;0.0;0.0
2030-07-23 20:00:00;468.1548133290173;1075.0844963913657;0.0;210.02100210021004;0.0;0.0;0.0;0.0
2030-07-23 21:00:00;468.0849830419353;1075.0844963913657;0.0;210.02100210021004;0.0;0.0;0.0;0.0
2030-07-23 22:00:00;468.1376371845607;1075.0844963913657;0.0;210.02100210021004;0.0;0.0;0.0;0.0
2030-07-23 23:00:00;467.8745843506443;1075.0844963913657;0.0;210.02100210021004;0.0;0.0;0.0;0.0
2030-07-24 00:00:00;467.8812659797775;1075.0844963913657;0.0;210.02100210021004;0.0;0.0;0.0;0.0
2030-07-24 01:00:00;467.9920938717035;1075.0844963913657;0.0;210.02100210021004;0.0;0.0;0.0;0.0
2030-07-24 02:00:00;468.1067346498199;1075.0844963913657;0.0;210.02100210021004;0.0;0.0;0.0;0.0
2030-07-24 03:00:00;468.5659513999177;1075.0844963913657;0.0;210.02100210021004;0.0;0.0;0.0;0.0
2030-07-24 04:00:00;468.4017431013298;1075.0844963913657;0.0;210.02100210021004;0.0;0.0;0.0;0.0
2030-07-24 05:00:00;468.4015796919216;1075.0844963913657;0.0;210.02100210021004;0.0;0.0;0.0;0.0
2030-07-24 06:00:00;468.2050526437223;1075.0844963913657;0.0;210.02100210021004;0.0;0.0;0.0;0.0
2030-07-24 07:00:00;468.0488514061337;1075.0844963913657;0.0;210.02100210021004;0.0;0.0;0.0;0.0
2030-07-24 08:00:00;467.8275769109002;1075.0844963913657;0.0;210.02100210021004;0.0;0.0;0.0;0.0
2030-07-24 09:00:00;467.6994276217105;1075.0844963913657;0.0;210.02100210021004;0.0;0.0;0.0;0.0
2030-07-24 10:00:00;467.7244292611571;1075.0844963913657;0.0;210.02100210021004;0.0;0.0;0.0;0.0
2030-07-24 11:00:00;467.9792389982626;1075.0844963913657;0.0;210.02100210021004;0.0;0.0;0.0;0.0
2030-07-24 12:00:00;467.6180134232509;1075.0844963913657;0.0;210.02100210021004;0.0;0.0;0.0;0.0
2030-07-24 13:00:00;467.7316919015192;1075.0844963913657;0.0;210.02100210021004;0.0;0.0;0.0;0.0
2030-07-24 14:00:00;467.5337486384493;1075.0844963913657;0.0;210.02100210021004;0.0;0.0;0.0;0.0
2030-07-24 15:00:00;466.7854969585395;1075.0844963913657;0.0;210.02100210021004;0.0;0.0;0.0;0.0
2030-07-24 16:00:00;466.4820456876084;1075.0844963913657;0.0;210.02100210021004;0.0;0.0;0.0;0.0
2030-07-24 17:00:00;466.6988355024181;1075.0844963913657;0.0;210.02100210021004;0.0;0.0;0.0;0.0
2030-07-24 18:00:00;530.6568990863329;1075.0844963913657;0.0;210.02100210021004;0.0;0.0;0.0;0.0
2030-07-24 19:00:00;530.7411311080398;1075.0844963913657;0.0;210.02100210021004;0.0;0.0;0.0;0.0
2030-07-24 20:00:00;530.8668868952452;1075.0844963913657;0.0;210.02100210021004;0.0;0.0;0.0;0.0
2030-07-24 21:00:00;531.0323580758993;1075.0844963913657;0.0;210.02100210021004;0.0;0.0;0.0;0.0
2030-07-24 22:00:00;531.230673650397;1075.0844963913657;0.0;210.02100210021004;0.0;0.0;0.0;0.0
2030-07-24 23:00:00;531.2441843042849;1075.0844963913657;0.0;210.02100210021004;0.0;0.0;0.0;0.0
2030-07-25 00:00:00;531.4736949075564;1075.0844963913657;0.0;210.02100210021004;0.0;0.0;0.0;0.0
2030-07-25 01:00:00;531.4533776221164;1075.0844963913657;0.0;210.02100210021004;0.0;0.0;0.0;0.0
2030-07-25 02:00:00;531.5545378010963;1075.0844963913657;0.0;210.02100210021004;0.0;0.0;0.0;0.0
2030-07-25 03:00:00;531.5718902786275;1075.0844963913657;0.0;210.02100210021004;0.0;0.0;0.0;0.0
2030-07-25 04:00:00;531.5478136618926;1075.0844963913657;0.0;210.02100210021004;0.0;0.0;0.0;0.0
2030-07-25 05:00:00;532.1071824320387;1075.0844963913657;0.0;210.02100210021004;0.0;0.0;0.0;0.0
2030-07-25 06:00:00;532.1875888264362;1075.0844963913657;0.0;210.02100210021004;0.0;0.0;0.0;0.0
2030-07-25 07:00:00;532.1512988743564;1075.0844963913657;0.0;210.02100210021004;0.0;0.0;0.0;0.0
2030-07-25 08:00:00;531.9601037044694;1075.0844963913657;0.0;210.02100210021004;0.0;0.0;0.0;0.0
2030-07-25 09:00:00;531.8316565840679;1075.0844963913657;0.0;210.02100210021004;0.0;0.0;0.0;0.0
2030-07-25 10:00:00;467.9194856246831;1075.0844963913657;0.0;210.02100210021004;0.0;0.0;0.0;0.0
2030-07-25 11:00:00;467.542609059691;1075.0844963913657;0.0;210.02100210021004;0.0;0.0;0.0;0.0
2030-07-25 12:00:00;468.1197347760682;1075.0844963913657;0.0;210.02100210021004;0.0;0.0;0.0;0.0
2030-07-25 13:00:00;467.9108249260513;1075.0844963913657;0.0;210.02100210021004;0.0;0.0;0.0;0.0
2030-07-25 14:00:00;467.0608962810715;1075.0844963913657;0.0;210.02100210021004;0.0;0.0;0.0;0.0
2030-07-25 15:00:00;467.2423351939186;1075.0844963913657;0.0;210.02100210021004;0.0;0.0;0.0;0.0
2030-07-25 16:00:00;467.3321922117991;1075.0844963913657;0.0;210.02100210021004;0.0;0.0;0.0;0.0
2030-07-25 17:00:00;531.4012397220522;1075.0844963913657;0.0;210.02100210021004;0.0;0.0;0.0;0.0
2030-07-25 18:00:00;531.6770832959206;1075.0844963913657;0.0;210.02100210021004;0.0;0.0;0.0;0.0
2030-07-25 19:00:00;531.4670311512608;1075.0844963913657;0.0;210.02100210021004;0.0;0.0;0.0;0.0
2030-07-25 20:00:00;531.3431520569974;1075.0844963913657;0.0;210.02100210021004;0.0;0.0;0.0;0.0
2030-07-25 21:00:00;531.9159229264044;1075.0844963913657;0.0;210.02100210021004;0.0;0.0;0.0;0.0
2030-07-25 22:00:00;531.3422750735682;1075.0844963913657;0.0;210.02100210021004;0.0;0.0;0.0;0.0
2030-07-25 23:00:00;531.1576370979217;1075.0844963913657;0.0;210.02100210021004;0.0;0.0;0.0;0.0
2030-07-26 00:00:00;532.1800117735102;1075.0844963913657;0.0;210.02100210021004;0.0;0.0;0.0;0.0
2030-07-26 01:00:00;532.1079729702808;1075.0844963913657;0.0;210.02100210021004;0.0;0.0;0.0;0.0
2030-07-26 02:00:00;532.3855302449668;1075.0844963913657;0.0;210.02100210021004;0.0;0.0;0.0;0.0
2030-07-26 03:00:00;532.5579126266555;1075.0844963913657;0.0;210.02100210021004;0.0;0.0;0.0;0.0
2030-07-26 04:00:00;532.4224639071932;1075.0844963913657;0.0;210.02100210021004;0.0;0.0;0.0;0.0
2030-07-26 05:00:00;532.583196163907;1075.0844963913657;0.0;210.02100210021004;0.0;0.0;0.0;0.0
2030-07-26 06:00:00;532.5214154635715;1075.0844963913657;0.0;210.02100210021004;0.0;0.0;0.0;0.0
2030-07-26 07:00:00;531.9885853229125;1075.0844963913657;0.0;210.02100210021004;0.0;0.0;0.0;0.0
2030-07-26 08:00:00;531.1427908520222;1075.0844963913657;0.0;210.02100210021004;0.0;0.0;0.0;0.0
2030-07-26 09:00:00;531.2564197490699;1075.0844963913657;0.0;210.02100210021004;0.0;0.0;0.0;0.0
2030-07-26 10:00:00;467.6766955573769;1075.0844963913657;0.0;210.02100210021004;0.0;0.0;0.0;0.0
2030-07-26 11:00:00;467.4024037875;1075.0844963913657;0.0;210.02100210021004;0.0;0.0;0.0;0.0
2030-07-26 12:00:00;466.4384880020365;1075.0844963913657;0.0;210.02100210021004;0.0;0.0;0.0;0.0
2030-07-26 13:00:00;466.4909605786531;1075.0844963913657;0.0;210.02100210021004;0.0;0.0;0.0;0.0
2030-07-26 14:00:00;466.5039425483004;1075.0844963913657;0.0;210.02100210021004;0.0;0.0;0.0;0.0
2030-07-26 15:00:00;466.7031386168327;1075.0844963913657;0.0;210.02100210021004;0.0;0.0;0.0;0.0
2030-07-26 16:00:00;466.9186393129783;1075.0844963913657;0.0;210.02100210021004;0.0;0.0;0.0;0.0
2030-07-26 17:00:00;531.1655077747338;1075.0844963913657;0.0;210.02100210021004;0.0;0.0;0.0;0.0
2030-07-26 18:00:00;531.0372880145092;1075.0844963913657;0.0;210.02100210021004;0.0;0.0;0.0;0.0
2030-07-26 19:00:00;530.8084029647835;1075.0844963913657;0.0;210.02100210021004;0.0;0.0;0.0;0.0
2030-07-26 20:00:00;531.2885300347411;1075.0844963913657;0.0;210.02100210021004;0.0;0.0;0.0;0.0
2030-07-26 21:00:00;531.5393576652705;1075.0844963913657;0.0;210.02100210021004;0.0;0.0;0.0;0.0
2030-07-26 22:00:00;531.6956225447955;1075.0844963913657;0.0;210.02100210021004;0.0;0.0;0.0;0.0
2030-07-26 23:00:00;531.9254670702986;1075.0844963913657;0.0;210.02100210021004;0.0;0.0;0.0;0.0
2030-07-27 00:00:00;532.7169734088592;1075.0844963913657;0.0;210.02100210021004;0.0;0.0;0.0;0.0
2030-07-27 01:00:00;532.4823899917213;1075.0844963913657;0.0;210.02100210021004;0.0;0.0;0.0;0.0
2030-07-27 02:00:00;532.8196783834268;1075.0844963913657;0.0;210.02100210021004;0.0;0.0;0.0;0.0
2030-07-27 03:00:00;532.8190326807082;1075.0844963913657;0.0;210.02100210021004;0.0;0.0;0.0;0.0
2030-07-27 04:00:00;532.7606312425946;1075.0844963913657;0.0;210.02100210021004;0.0;0.0;0.0;0.0
2030-07-27 05:00:00;532.7518634331803;1075.0844963913657;0.0;210.02100210021004;0.0;0.0;0.0;0.0
2030-07-27 06:00:00;532.9844434784537;1075.0844963913657;0.0;210.02100210021004;0.0;0.0;0.0;0.0
2030-07-27 07:00:00;533.3517160255769;1075.0844963913657;0.0;210.02100210021004;0.0;0.0;0.0;0.0
2030-07-27 08:00:00;533.2476936155989;1075.0844963913657;0.0;210.02100210021004;0.0;0.0;0.0;0.0
2030-07-27 09:00:00;469.015124827692;1075.0844963913657;0.0;210.02100210021004;0.0;0.0;0.0;0.0
2030-07-27 10:00:00;468.8659018132685;1075.0844963913657;0.0;210.02100210021004;0.0;0.0;0.0;0.0
2030-07-27 11:00:00;468.7765547513876;1075.0844963913657;0.0;210.02100210021004;0.0;0.0;0.0;0.0
2030-07-27 12:00:00;468.7007625622742;1075.0844963913657;0.0;210.02100210021004;0.0;0.0;0.0;0.0
2030-07-27 13:00:00;468.5144048099474;1075.0844963913657;0.0;210.02100210021004;0.0;0.0;0.0;0.0
2030-07-27 14:00:00;468.4218787717338;1075.0844963913657;0.0;210.02100210021004;0.0;0.0;0.0;0.0
2030-07-27 15:00:00;468.6900336105048;1075.0844963913657;0.0;210.02100210021004;0.0;0.0;0.0;0.0
2030-07-27 16:00:00;468.1353494528466;1075.0844963913657;0.0;210.02100210021004;0.0;0.0;0.0;0.0
2030-07-27 17:00:00;532.5714414371442;1075.0844963913657;0.0;210.02100210021004;0.0;0.0;0.0;0.0
2030-07-27 18:00:00;532.982542715805;1075.0844963913657;0.0;210.02100210021004;0.0;0.0;0.0;0.0
2030-07-27 19:00:00;532.9451464598524;1075.0844963913657;0.0;210.02100210021004;0.0;0.0;0.0;0.0
2030-07-27 20:00:00;532.93777661793;1075.0844963913657;0.0;210.02100210021004;0.0;0.0;0.0;0.0
2030-07-27 21:00:00;532.986487116359;1075.0844963913657;0.0;210.02100210021004;0.0;0.0;0.0;0.0
2030-07-27 22:00:00;533.1621702207602;1075.0844963913657;0.0;210.02100210021004;0.0;0.0;0.0;0.0
2030-07-27 23:00:00;532.9932092952959;1075.0844963913657;0.0;210.02100210021004;0.0;0.0;0.0;0.0
2030-07-28 00:00:00;531.7288632040463;1075.0844963913657;0.0;210.02100210021004;0.0;0.0;0.0;0.0
2030-07-28 01:00:00;531.0718421563319;1075.0844963913657;0.0;210.02100210021004;0.0;0.0;0.0;0.0
2030-07-28 02:00:00;531.0551393343582;1075.0844963913657;0.0;210.02100210021004;0.0;0.0;0.0;0.0
2030-07-28 03:00:00;530.9551256929864;1075.0844963913657;0.0;210.02100210021004;0.0;0.0;0.0;0.0
2030-07-28 04:00:00;530.9980131053476;1075.0844963913657;0.0;210.02100210021004;0.0;0.0;0.0;0.0
2030-07-28 05:00:00;530.973624708126;1075.0844963913657;0.0;210.02100210021004;0.0;0.0;0.0;0.0
2030-07-28 06:00:00;531.1038115593185;1075.0844963913657;0.0;210.02100210021004;0.0;0.0;0.0;0.0
2030-07-28 07:00:00;531.3531528169019;1075.0844963913657;0.0;210.02100210021004;0.0;0.0;0.0;0.0
2030-07-28 08:00:00;531.3408751458095;1075.0844963913657;0.0;210.02100210021004;0.0;0.0;0.0;0.0
2030-07-28 09:00:00;531.4605382927679;1075.0844963913657;0.0;210.02100210021004;0.0;0.0;0.0;0.0
2030-07-28 10:00:00;467.2990201019451;1075.0844963913657;0.0;210.02100210021004;0.0;0.0;0.0;0.0
2030-07-28 11:00:00;467.9775141211766;1075.0844963913657;0.0;210.02100210021004;0.0;0.0;0.0;0.0
2030-07-28 12:00:00;467.8305364368479;1075.0844963913657;0.0;210.02100210021004;0.0;0.0;0.0;0.0
2030-07-28 13:00:00;467.7991618304835;1075.0844963913657;0.0;210.02100210021004;0.0;0.0;0.0;0.0
2030-07-28 14:00:00;468.0826771536204;1075.0844963913657;0.0;210.02100210021004;0.0;0.0;0.0;0.0
2030-07-28 15:00:00;468.4694309095049;1075.0844963913657;0.0;210.02100210021004;0.0;0.0;0.0;0.0
2030-07-28 16:00:00;468.9336951946543;1075.0844963913657;0.0;210.02100210021004;0.0;0.0;0.0;0.0
2030-07-28 17:00:00;533.3511528152067;1075.0844963913657;0.0;210.02100210021004;0.0;0.0;0.0;0.0
2030-07-28 18:00:00;533.2064536080413;1075.0844963913657;0.0;210.02100210021004;0.0;0.0;0.0;0.0
2030-07-28 19:00:00;533.1862247280554;1075.0844963913657;0.0;210.02100210021004;0.0;0.0;0.0;0.0
2030-07-28 20:00:00;533.0300865274527;1075.0844963913657;0.0;210.02100210021004;0.0;0.0;0.0;0.0
2030-07-28 21:00:00;533.0803820552048;1075.0844963913657;0.0;210.02100210021004;0.0;0.0;0.0;0.0
2030-07-28 22:00:00;533.0475195047601;1075.0844963913657;0.0;210.02100210021004;0.0;0.0;0.0;0.0
2030-07-28 23:00:00;533.0867300781744;1075.0844963913657;0.0;210.02100210021004;0.0;0.0;0.0;0.0
2030-07-29 00:00:00;532.8012014777271;1075.0844963913657;0.0;210.02100210021004;0.0;0.0;0.0;0.0
2030-07-29 01:00:00;533.5122391110202;1075.0844963913657;0.0;210.02100210021004;0.0;0.0;0.0;0.0
2030-07-29 02:00:00;533.6922407719426;1075.0844963913657;0.0;210.02100210021004;0.0;0.0;0.0;0.0
2030-07-29 03:00:00;533.5675892960378;1075.0844963913657;0.0;210.02100210021004;0.0;0.0;0.0;0.0
2030-07-29 04:00:00;533.6243212522133;1075.0844963913657;0.0;210.02100210021004;0.0;0.0;0.0;0.0
2030-07-29 05:00:00;533.7664057054254;1075.0844963913657;0.0;210.02100210021004;0.0;0.0;0.0;0.0
2030-07-29 06:00:00;533.2996846875676;1075.0844963913657;0.0;210.02100210021004;0.0;0.0;0.0;0.0
2030-07-29 07:00:00;533.5602616804231;1075.0844963913657;0.0;210.02100210021004;0.0;0.0;0.0;0.0
2030-07-29 08:00:00;533.5333066686613;1075.0844963913657;0.0;210.02100210021004;0.0;0.0;0.0;0.0
2030-07-29 09:00:00;533.492527262258;1075.0844963913657;0.0;210.02100210021004;0.0;0.0;0.0;0.0
2030-07-29 10:00:00;533.6138377817147;1075.0844963913657;0.0;210.02100210021004;0.0;0.0;0.0;0.0
2030-07-29 11:00:00;469.4731463247218;1075.0844963913657;0.0;210.02100210021004;0.0;0.0;0.0;0.0
2030-07-29 12:00:00;469.2385629075839;1075.0844963913657;0.0;210.02100210021004;0.0;0.0;0.0;0.0
2030-07-29 13:00:00;469.1771544029488;1075.0844963913657;0.0;210.02100210021004;0.0;0.0;0.0;0.0
2030-07-29 14:00:00;468.9979231310955;1075.0844963913657;0.0;210.02100210021004;0.0;0.0;0.0;0.0
2030-07-29 15:00:00;468.9270971937939;1075.0844963913657;0.0;210.02100210021004;0.0;0.0;0.0;0.0
2030-07-29 16:00:00;533.2155793770887;1075.0844963913657;0.0;210.02100210021004;0.0;0.0;0.0;0.0
2030-07-29 17:00:00;533.3481015621109;1075.0844963913657;0.0;210.02100210021004;0.0;0.0;0.0;0.0
2030-07-29 18:00:00;533.3445332454856;1075.0844963913657;0.0;210.02100210021004;0.0;0.0;0.0;0.0
2030-07-29 19:00:00;533.151163805932;1075.0844963913657;0.0;210.02100210021004;0.0;0.0;0.0;0.0
2030-07-29 20:00:00;533.2073747780448;1075.0844963913657;0.0;210.02100210021004;0.0;0.0;0.0;0.0
2030-07-29 21:00:00;533.1040624065325;1075.0844963913657;0.0;210.02100210021004;0.0;0.0;0.0;0.0
2030-07-29 22:00:00;532.9959045490253;1075.0844963913657;0.0;210.02100210021004;0.0;0.0;0.0;0.0
2030-07-29 23:00:00;533.2123631392963;1075.0844963913657;0.0;210.02100210021004;0.0;0.0;0.0;0.0
2030-07-30 00:00:00;533.0772723794673;1075.0844963913657;0.0;210.02100210021004;0.0;0.0;0.0;0.0
2030-07-30 01:00:00;532.9805152419286;1075.0844963913657;0.0;210.02100210021004;0.0;0.0;0.0;0.0
2030-07-30 02:00:00;532.9403029664295;1075.0844963913657;0.0;210.02100210021004;0.0;0.0;0.0;0.0
2030-07-30 03:00:00;533.0049679748976;1075.0844963913657;0.0;210.02100210021004;0.0;0.0;0.0;0.0
2030-07-30 04:00:00;509.7068260320712;1075.0844963913657;0.0;210.02100210021004;0.0;0.0;0.0;0.0
2030-07-30 05:00:00;499.0321173532695;1075.0844963913657;0.0;210.02100210021004;0.0;0.0;0.0;0.0
2030-07-30 06:00:00;516.9573265219935;1075.0844963913657;0.0;210.02100210021004;0.0;0.0;0.0;0.0
2030-07-30 07:00:00;468.89335765992;1075.0844963913657;0.0;210.02100210021004;0.0;0.0;0.0;0.0
2030-07-30 08:00:00;468.8093790283637;1075.0844963913657;0.0;210.02100210021004;0.0;0.0;0.0;0.0
2030-07-30 09:00:00;468.6491697159795;1075.0844963913657;0.0;210.02100210021004;0.0;0.0;0.0;0.0
2030-07-30 10:00:00;468.4396903972219;1075.0844963913657;0.0;210.02100210021004;0.0;0.0;0.0;0.0
2030-07-30 11:00:00;468.1263256221967;1075.0844963913657;0.0;210.02100210021004;0.0;0.0;0.0;0.0
2030-07-30 12:00:00;467.8916333988944;1075.0844963913657;0.0;210.02100210021004;0.0;0.0;0.0;0.0
2030-07-30 13:00:00;467.7652816131941;1075.0844963913657;0.0;210.02100210021004;0.0;0.0;0.0;0.0
2030-07-30 14:00:00;467.8666680726495;1075.0844963913657;0.0;210.02100210021004;0.0;0.0;0.0;0.0
2030-07-30 15:00:00;468.1207515457188;1075.0844963913657;0.0;210.02100210021004;0.0;0.0;0.0;0.0
2030-07-30 16:00:00;467.9073207020766;1075.0844963913657;0.0;210.02100210021004;0.0;0.0;0.0;0.0
2030-07-30 17:00:00;468.1856069241526;1075.0844963913657;0.0;210.02100210021004;0.0;0.0;0.0;0.0
2030-07-30 18:00:00;468.2784416245817;1075.0844963913657;0.0;210.02100210021004;0.0;0.0;0.0;0.0
2030-07-30 19:00:00;468.2627724780004;1075.0844963913657;0.0;210.02100210021004;0.0;0.0;0.0;0.0
2030-07-30 20:00:00;468.2727041386955;1075.0844963913657;0.0;210.02100210021004;0.0;0.0;0.0;0.0
2030-07-30 21:00:00;468.4931071170856;1075.0844963913657;0.0;210.02100210021004;0.0;0.0;0.0;0.0
2030-07-30 22:00:00;468.4666892627682;1075.0844963913657;0.0;210.02100210021004;0.0;0.0;0.0;0.0
2030-07-30 23:00:00;468.4219695547383;1075.0844963913657;0.0;210.02100210021004;0.0;0.0;0.0;0.0
2030-07-31 00:00:00;468.4017794145317;1075.0844963913657;0.0;210.02100210021004;0.0;0.0;0.0;0.0
2030-07-31 01:00:00;468.4642744348478;1075.0844963913657;0.0;210.02100210021004;0.0;0.0;0.0;0.0
2030-07-31 02:00:00;468.4388733501813;1075.0844963913657;0.0;210.02100210021004;0.0;0.0;0.0;0.0
2030-07-31 03:00:00;468.354717504985;1075.0844963913657;0.0;210.02100210021004;0.0;0.0;0.0;0.0
2030-07-31 04:00:00;468.3370148191023;1075.0844963913657;0.0;210.02100210021004;0.0;0.0;0.0;0.0
2030-07-31 05:00:00;468.3944986175687;1075.0844963913657;0.0;210.02100210021004;0.0;0.0;0.0;0.0
2030-07-31 06:00:00;467.7471794820915;1075.0844963913657;0.0;210.02100210021004;0.0;0.0;0.0;0.0
2030-07-31 07:00:00;467.975698461086;1075.0844963913657;0.0;210.02100210021004;0.0;0.0;0.0;0.0
2030-07-31 08:00:00;467.7805331579546;1075.0844963913657;0.0;210.02100210021004;0.0;0.0;0.0;0.0
2030-07-31 09:00:00;467.8529416823651;1075.0844963913657;0.0;210.02100210021004;0.0;0.0;0.0;0.0
2030-07-31 10:00:00;467.7727621327671;1075.0844963913657;0.0;210.02100210021004;0.0;0.0;0.0;0.0
2030-07-31 11:00:00;467.9644776817265;1075.0844963913657;0.0;210.02100210021004;0.0;0.0;0.0;0.0
2030-07-31 12:00:00;468.1004524659067;1075.0844963913657;0.0;210.02100210021004;0.0;0.0;0.0;0.0
2030-07-31 13:00:00;467.6504229558669;1075.0844963913657;0.0;210.02100210021004;0.0;0.0;0.0;0.0
2030-07-31 14:00:00;467.8971348489686;1075.0844963913657;0.0;210.02100210021004;0.0;0.0;0.0;0.0
2030-07-31 15:00:00;467.9006390729434;1075.0844963913657;0.0;210.02100210021004;0.0;0.0;0.0;0.0
2030-07-31 16:00:00;468.0464002650115;1075.0844963913657;0.0;210.02100210021004;0.0;0.0;0.0;0.0
2030-07-31 17:00:00;467.6655292478202;1075.0844963913657;0.0;210.02100210021004;0.0;0.0;0.0;0.0
2030-07-31 18:00:00;468.0090521369492;1075.0844963913657;0.0;210.02100210021004;0.0;0.0;0.0;0.0
2030-07-31 19:00:00;467.9330667621604;1075.0844963913657;0.0;210.02100210021004;0.0;0.0;0.0;0.0
2030-07-31 20:00:00;531.9083660226511;1075.0844963913657;0.0;210.02100210021004;0.0;0.0;0.0;0.0
2030-07-31 21:00:00;531.5077745817242;1075.0844963913657;0.0;210.02100210021004;0.0;0.0;0.0;0.0
2030-07-31 22:00:00;531.8566867311692;1075.0844963913657;0.0;210.02100210021004;0.0;0.0;0.0;0.0
2030-07-31 23:00:00;531.8206702861074;1075.0844963913657;0.0;210.02100210021004;0.0;0.0;0.0;0.0
2030-08-01 00:00:00;531.7182348980243;1075.0844963913657;0.0;210.02100210021004;0.0;0.0;0.0;0.0
2030-08-01 01:00:00;531.6723826777544;1075.0844963913657;0.0;210.02100210021004;0.0;0.0;0.0;0.0
2030-08-01 02:00:00;531.703181441121;1075.0844963913657;0.0;210.02100210021004;0.0;0.0;0.0;0.0
2030-08-01 03:00:00;531.859070204412;1075.0844963913657;0.0;210.02100210021004;0.0;0.0;0.0;0.0
2030-08-01 04:00:00;531.8516360267423;1075.0844963913657;0.0;210.02100210021004;0.0;0.0;0.0;0.0
2030-08-01 05:00:00;532.2339016478605;1075.0844963913657;0.0;210.02100210021004;0.0;0.0;0.0;0.0
2030-08-01 06:00:00;532.6761115101078;1075.0844963913657;0.0;210.02100210021004;0.0;0.0;0.0;0.0
2030-08-01 07:00:00;533.0708620133224;1075.0844963913657;0.0;210.02100210021004;0.0;0.0;0.0;0.0
2030-08-01 08:00:00;533.2600940450803;1075.0844963913657;0.0;210.02100210021004;0.0;0.0;0.0;0.0
2030-08-01 09:00:00;526.3147327166718;1075.0844963913657;0.0;210.02100210021004;0.0;0.0;0.0;0.0
2030-08-01 10:00:00;510.7623603807473;1075.0844963913657;0.0;210.02100210021004;0.0;0.0;0.0;0.0
2030-08-01 11:00:00;468.8366698903188;1075.0844963913657;0.0;210.02100210021004;0.0;0.0;0.0;0.0
2030-08-01 12:00:00;518.1354569104494;1075.0844963913657;0.0;210.02100210021004;0.0;0.0;0.0;0.0
2030-08-01 13:00:00;468.8435388973513;1075.0844963913657;0.0;210.02100210021004;0.0;0.0;0.0;0.0
2030-08-01 14:00:00;468.9207310142233;1075.0844963913657;0.0;210.02100210021004;0.0;0.0;0.0;0.0
2030-08-01 15:00:00;468.7566799105012;1075.0844963913657;0.0;210.02100210021004;0.0;0.0;0.0;0.0
2030-08-01 16:00:00;468.7275727062072;1075.0844963913657;0.0;210.02100210021004;0.0;0.0;0.0;0.0
2030-08-01 17:00:00;532.9932333650025;1075.0844963913657;0.0;210.02100210021004;0.0;0.0;0.0;0.0
2030-08-01 18:00:00;532.9512632021112;1075.0844963913657;0.0;210.02100210021004;0.0;0.0;0.0;0.0
2030-08-01 19:00:00;532.8306646813874;1075.0844963913657;0.0;210.02100210021004;0.0;0.0;0.0;0.0
2030-08-01 20:00:00;532.7389159896628;1075.0844963913657;0.0;210.02100210021004;0.0;0.0;0.0;0.0
2030-08-01 21:00:00;532.8034582720474;1075.0844963913657;0.0;210.02100210021004;0.0;0.0;0.0;0.0
2030-08-01 22:00:00;532.7689846300009;1075.0844963913657;0.0;210.02100210021004;0.0;0.0;0.0;0.0
2030-08-01 23:00:00;532.9500523287556;1075.0844963913657;0.0;210.02100210021004;0.0;0.0;0.0;0.0
2030-08-02 00:00:00;532.5757659390764;1075.0844963913657;0.0;210.02100210021004;0.0;0.0;0.0;0.0
2030-08-02 01:00:00;532.1565627028929;1075.0844963913657;0.0;210.02100210021004;0.0;0.0;0.0;0.0
2030-08-02 02:00:00;532.1231128723712;1075.0844963913657;0.0;210.02100210021004;0.0;0.0;0.0;0.0
2030-08-02 03:00:00;532.2138156431312;1075.0844963913657;0.0;210.02100210021004;0.0;0.0;0.0;0.0
2030-08-02 04:00:00;532.1308809399675;1075.0844963913657;0.0;210.02100210021004;0.0;0.0;0.0;0.0
2030-08-02 05:00:00;532.2512722496873;1075.0844963913657;0.0;210.02100210021004;0.0;0.0;0.0;0.0
2030-08-02 06:00:00;532.2093020867961;1075.0844963913657;0.0;210.02100210021004;0.0;0.0;0.0;0.0
2030-08-02 07:00:00;532.3115101470074;1075.0844963913657;0.0;210.02100210021004;0.0;0.0;0.0;0.0
2030-08-02 08:00:00;532.4832026394031;1075.0844963913657;0.0;210.02100210021004;0.0;0.0;0.0;0.0
2030-08-02 09:00:00;468.4582645999481;1075.0844963913657;0.0;210.02100210021004;0.0;0.0;0.0;0.0
2030-08-02 10:00:00;468.5236283632073;1075.0844963913657;0.0;210.02100210021004;0.0;0.0;0.0;0.0
2030-08-02 11:00:00;468.5401145568293;1075.0844963913657;0.0;210.02100210021004;0.0;0.0;0.0;0.0
2030-08-02 12:00:00;468.4631487255917;1075.0844963913657;0.0;210.02100210021004;0.0;0.0;0.0;0.0
2030-08-02 13:00:00;468.2393504628325;1075.0844963913657;0.0;210.02100210021004;0.0;0.0;0.0;0.0
2030-08-02 14:00:00;468.2319062564613;1075.0844963913657;0.0;210.02100210021004;0.0;0.0;0.0;0.0
2030-08-02 15:00:00;468.2062146661801;1075.0844963913657;0.0;210.02100210021004;0.0;0.0;0.0;0.0
2030-08-02 16:00:00;468.3185495559815;1075.0844963913657;0.0;210.02100210021004;0.0;0.0;0.0;0.0
2030-08-02 17:00:00;468.3365790606805;1075.0844963913657;0.0;210.02100210021004;0.0;0.0;0.0;0.0
2030-08-02 18:00:00;532.4496521599324;1075.0844963913657;0.0;210.02100210021004;0.0;0.0;0.0;0.0
2030-08-02 19:00:00;532.2554076972164;1075.0844963913657;0.0;210.02100210021004;0.0;0.0;0.0;0.0
2030-08-02 20:00:00;532.2338373121132;1075.0844963913657;0.0;210.02100210021004;0.0;0.0;0.0;0.0
2030-08-02 21:00:00;532.1497560713409;1075.0844963913657;0.0;210.02100210021004;0.0;0.0;0.0;0.0
2030-08-02 22:00:00;531.7811901585138;1075.0844963913657;0.0;210.02100210021004;0.0;0.0;0.0;0.0
2030-08-02 23:00:00;531.6412097261154;1075.0844963913657;0.0;210.02100210021004;0.0;0.0;0.0;0.0
2030-08-03 00:00:00;531.3219396315275;1075.0844963913657;0.0;210.02100210021004;0.0;0.0;0.0;0.0
2030-08-03 01:00:00;531.0559942083474;1075.0844963913657;0.0;210.02100210021004;0.0;0.0;0.0;0.0
2030-08-03 02:00:00;531.4691612343534;1075.0844963913657;0.0;210.02100210021004;0.0;0.0;0.0;0.0
2030-08-03 03:00:00;531.539691555197;1075.0844963913657;0.0;210.02100210021004;0.0;0.0;0.0;0.0
2030-08-03 04:00:00;531.1464455815292;1075.0844963913657;0.0;210.02100210021004;0.0;0.0;0.0;0.0
2030-08-03 05:00:00;531.2873412708253;1075.0844963913657;0.0;210.02100210021004;0.0;0.0;0.0;0.0
2030-08-03 06:00:00;531.978564413835;1075.0844963913657;0.0;210.02100210021004;0.0;0.0;0.0;0.0
2030-08-03 07:00:00;532.1967347123515;1075.0844963913657;0.0;210.02100210021004;0.0;0.0;0.0;0.0
2030-08-03 08:00:00;468.6527198436983;1075.0844963913657;0.0;210.02100210021004;0.0;0.0;0.0;0.0
2030-08-03 09:00:00;468.3100159535561;1075.0844963913657;0.0;210.02100210021004;0.0;0.0;0.0;0.0
2030-08-03 10:00:00;468.404012676443;1075.0844963913657;0.0;210.02100210021004;0.0;0.0;0.0;0.0
2030-08-03 11:00:00;468.2177077945533;1075.0844963913657;0.0;210.02100210021004;0.0;0.0;0.0;0.0
2030-08-03 12:00:00;468.3907946709839;1075.0844963913657;0.0;210.02100210021004;0.0;0.0;0.0;0.0
2030-08-03 13:00:00;468.3514311602211;1075.0844963913657;0.0;210.02100210021004;0.0;0.0;0.0;0.0
2030-08-03 14:00:00;468.0870892076403;1075.0844963913657;0.0;210.02100210021004;0.0;0.0;0.0;0.0
2030-08-03 15:00:00;468.1821027001779;1075.0844963913657;0.0;210.02100210021004;0.0;0.0;0.0;0.0
2030-08-03 16:00:00;468.4786726193657;1075.0844963913657;0.0;210.02100210021004;0.0;0.0;0.0;0.0
2030-08-03 17:00:00;468.660819639648;1075.0844963913657;0.0;210.02100210021004;0.0;0.0;0.0;0.0
2030-08-03 18:00:00;533.1010131137035;1075.0844963913657;0.0;210.02100210021004;0.0;0.0;0.0;0.0
2030-08-03 19:00:00;532.966465447377;1075.0844963913657;0.0;210.02100210021004;0.0;0.0;0.0;0.0
2030-08-03 20:00:00;532.8559683355066;1075.0844963913657;0.0;210.02100210021004;0.0;0.0;0.0;0.0
2030-08-03 21:00:00;532.5995670562212;1075.0844963913657;0.0;210.02100210021004;0.0;0.0;0.0;0.0
2030-08-03 22:00:00;532.5692087448359;1075.0844963913657;0.0;210.02100210021004;0.0;0.0;0.0;0.0
2030-08-03 23:00:00;532.4506538620172;1075.0844963913657;0.0;210.02100210021004;0.0;0.0;0.0;0.0
2030-08-04 00:00:00;532.1587571217326;1075.0844963913657;0.0;210.02100210021004;0.0;0.0;0.0;0.0
2030-08-04 01:00:00;531.3644508953491;1075.0844963913657;0.0;210.02100210021004;0.0;0.0;0.0;0.0
2030-08-04 02:00:00;530.807169981988;1075.0844963913657;0.0;210.02100210021004;0.0;0.0;0.0;0.0
2030-08-04 03:00:00;530.7473323029138;1075.0844963913657;0.0;210.02100210021004;0.0;0.0;0.0;0.0
2030-08-04 04:00:00;530.7905295354949;1075.0844963913657;0.0;210.02100210021004;0.0;0.0;0.0;0.0
2030-08-04 05:00:00;530.7702363197617;1075.0844963913657;0.0;210.02100210021004;0.0;0.0;0.0;0.0
2030-08-04 06:00:00;530.9084990985034;1075.0844963913657;0.0;210.02100210021004;0.0;0.0;0.0;0.0
2030-08-04 07:00:00;467.1238452164103;1075.0844963913657;0.0;210.02100210021004;0.0;0.0;0.0;0.0
2030-08-04 08:00:00;467.2074200503776;1075.0844963913657;0.0;210.02100210021004;0.0;0.0;0.0;0.0
2030-08-04 09:00:00;467.071735771812;1075.0844963913657;0.0;210.02100210021004;0.0;0.0;0.0;0.0
2030-08-04 10:00:00;466.68142332215;1075.0844963913657;0.0;210.02100210021004;0.0;0.0;0.0;0.0
2030-08-04 11:00:00;466.3351224730824;1075.0844963913657;0.0;210.02100210021004;0.0;0.0;0.0;0.0
2030-08-04 12:00:00;466.4700804876118;1075.0844963913657;0.0;210.02100210021004;0.0;0.0;0.0;0.0
2030-08-04 13:00:00;466.1629978964999;1075.0844963913657;0.0;210.02100210021004;0.0;0.0;0.0;0.0
2030-08-04 14:00:00;466.239128524096;1075.0844963913657;0.0;210.02100210021004;0.0;0.0;0.0;0.0
2030-08-04 15:00:00;466.4106720894496;1075.0844963913657;0.0;210.02100210021004;0.0;0.0;0.0;0.0
2030-08-04 16:00:00;466.7301737955808;1075.0844963913657;0.0;210.02100210021004;0.0;0.0;0.0;0.0
2030-08-04 17:00:00;531.5190222232297;1075.0844963913657;0.0;210.02100210021004;0.0;0.0;0.0;0.0
2030-08-04 18:00:00;531.8391511446459;1075.0844963913657;0.0;210.02100210021004;0.0;0.0;0.0;0.0
2030-08-04 19:00:00;531.9842647738193;1075.0844963913657;0.0;210.02100210021004;0.0;0.0;0.0;0.0
2030-08-04 20:00:00;532.1779018072854;1075.0844963913657;0.0;210.02100210021004;0.0;0.0;0.0;0.0
2030-08-04 21:00:00;532.2389945785949;1075.0844963913657;0.0;210.02100210021004;0.0;0.0;0.0;0.0
2030-08-04 22:00:00;532.1398579206525;1075.0844963913657;0.0;210.02100210021004;0.0;0.0;0.0;0.0
2030-08-04 23:00:00;532.2102635228403;1075.0844963913657;0.0;210.02100210021004;0.0;0.0;0.0;0.0
2030-08-05 00:00:00;532.1671910089152;1075.0844963913657;0.0;210.02100210021004;0.0;0.0;0.0;0.0
2030-08-05 01:00:00;531.957474746754;1075.0844963913657;0.0;210.02100210021004;0.0;0.0;0.0;0.0
2030-08-05 02:00:00;531.9634466211843;1075.0844963913657;0.0;210.02100210021004;0.0;0.0;0.0;0.0
2030-08-05 03:00:00;531.997292717113;1075.0844963913657;0.0;210.02100210021004;0.0;0.0;0.0;0.0
2030-08-05 04:00:00;531.8660015546197;1075.0844963913657;0.0;210.02100210021004;0.0;0.0;0.0;0.0
2030-08-05 05:00:00;532.0456089427072;1075.0844963913657;0.0;210.02100210021004;0.0;0.0;0.0;0.0
2030-08-05 06:00:00;531.6175333276266;1075.0844963913657;0.0;210.02100210021004;0.0;0.0;0.0;0.0
2030-08-05 07:00:00;532.1446832574743;1075.0844963913657;0.0;210.02100210021004;0.0;0.0;0.0;0.0
2030-08-05 08:00:00;468.3376139869322;1075.0844963913657;0.0;210.02100210021004;0.0;0.0;0.0;0.0
2030-08-05 09:00:00;468.2546564773957;1075.0844963913657;0.0;210.02100210021004;0.0;0.0;0.0;0.0
2030-08-05 10:00:00;468.5663145319357;1075.0844963913657;0.0;210.02100210021004;0.0;0.0;0.0;0.0
2030-08-05 11:00:00;467.9751537630589;1075.0844963913657;0.0;210.02100210021004;0.0;0.0;0.0;0.0
2030-08-05 12:00:00;468.0063649600152;1075.0844963913657;0.0;210.02100210021004;0.0;0.0;0.0;0.0
2030-08-05 13:00:00;467.9265122292335;1075.0844963913657;0.0;210.02100210021004;0.0;0.0;0.0;0.0
2030-08-05 14:00:00;468.3171696543127;1075.0844963913657;0.0;210.02100210021004;0.0;0.0;0.0;0.0
2030-08-05 15:00:00;468.4043576518602;1075.0844963913657;0.0;210.02100210021004;0.0;0.0;0.0;0.0
2030-08-05 16:00:00;468.7205367000257;1075.0844963913657;0.0;210.02100210021004;0.0;0.0;0.0;0.0
2030-08-05 17:00:00;532.9431833217232;1075.0844963913657;0.0;210.02100210021004;0.0;0.0;0.0;0.0
2030-08-05 18:00:00;532.9960312602533;1075.0844963913657;0.0;210.02100210021004;0.0;0.0;0.0;0.0
2030-08-05 19:00:00;533.4025163410577;1075.0844963913657;0.0;210.02100210021004;0.0;0.0;0.0;0.0
2030-08-05 20:00:00;533.0486660423685;1075.0844963913657;0.0;210.02100210021004;0.0;0.0;0.0;0.0
2030-08-05 21:00:00;533.1162335155701;1075.0844963913657;0.0;210.02100210021004;0.0;0.0;0.0;0.0
2030-08-05 22:00:00;532.9065815891564;1075.0844963913657;0.0;210.02100210021004;0.0;0.0;0.0;0.0
2030-08-05 23:00:00;532.8691450994681;1075.0844963913657;0.0;210.02100210021004;0.0;0.0;0.0;0.0
2030-08-06 00:00:00;532.8171741443673;1075.0844963913657;0.0;210.02100210021004;0.0;0.0;0.0;0.0
2030-08-06 01:00:00;532.9618895478666;1075.0844963913657;0.0;210.02100210021004;0.0;0.0;0.0;0.0
2030-08-06 02:00:00;533.1647589124349;1075.0844963913657;0.0;210.02100210021004;0.0;0.0;0.0;0.0
2030-08-06 03:00:00;533.1775374507225;1075.0844963913657;0.0;210.02100210021004;0.0;0.0;0.0;0.0
2030-08-06 04:00:00;532.3456056802477;1075.0844963913657;0.0;210.02100210021004;0.0;0.0;0.0;0.0
2030-08-06 05:00:00;532.522582150353;1075.0844963913657;0.0;210.02100210021004;0.0;0.0;0.0;0.0
2030-08-06 06:00:00;533.208648026881;1075.0844963913657;0.0;210.02100210021004;0.0;0.0;0.0;0.0
2030-08-06 07:00:00;533.5635383011238;1075.0844963913657;0.0;210.02100210021004;0.0;0.0;0.0;0.0
2030-08-06 08:00:00;533.7310349630822;1075.0844963913657;0.0;210.02100210021004;0.0;0.0;0.0;0.0
2030-08-06 09:00:00;533.2740633075506;1075.0844963913657;0.0;210.02100210021004;0.0;0.0;0.0;0.0
2030-08-06 10:00:00;469.0751776234482;1075.0844963913657;0.0;210.02100210021004;0.0;0.0;0.0;0.0
2030-08-06 11:00:00;469.1582571621356;1075.0844963913657;0.0;210.02100210021004;0.0;0.0;0.0;0.0
2030-08-06 12:00:00;469.4434116066155;1075.0844963913657;0.0;210.02100210021004;0.0;0.0;0.0;0.0
2030-08-06 13:00:00;469.4671744502915;1075.0844963913657;0.0;210.02100210021004;0.0;0.0;0.0;0.0
2030-08-06 14:00:00;469.5550552560943;1075.0844963913657;0.0;210.02100210021004;0.0;0.0;0.0;0.0
2030-08-06 15:00:00;469.4938559227301;1075.0844963913657;0.0;210.02100210021004;0.0;0.0;0.0;0.0
2030-08-06 16:00:00;533.6118142606772;1075.0844963913657;0.0;210.02100210021004;0.0;0.0;0.0;0.0
2030-08-06 17:00:00;533.6863533501272;1075.0844963913657;0.0;210.02100210021004;0.0;0.0;0.0;0.0
2030-08-06 18:00:00;533.7803126247203;1075.0844963913657;0.0;210.02100210021004;0.0;0.0;0.0;0.0
2030-08-06 19:00:00;533.8190424801126;1075.0844963913657;0.0;210.02100210021004;0.0;0.0;0.0;0.0
2030-08-06 20:00:00;533.8527658176524;1075.0844963913657;0.0;210.02100210021004;0.0;0.0;0.0;0.0
2030-08-06 21:00:00;533.7612484389438;1075.0844963913657;0.0;210.02100210021004;0.0;0.0;0.0;0.0
2030-08-06 22:00:00;533.3527599539694;1075.0844963913657;0.0;210.02100210021004;0.0;0.0;0.0;0.0
2030-08-06 23:00:00;533.2172709684664;1075.0844963913657;0.0;210.02100210021004;0.0;0.0;0.0;0.0
2030-08-07 00:00:00;533.2531828117403;1075.0844963913657;0.0;210.02100210021004;0.0;0.0;0.0;0.0
2030-08-07 01:00:00;532.7530119633609;1075.0844963913657;0.0;210.02100210021004;0.0;0.0;0.0;0.0
2030-08-07 02:00:00;532.8970816641419;1075.0844963913657;0.0;210.02100210021004;0.0;0.0;0.0;0.0
2030-08-07 03:00:00;532.897854045783;1075.0844963913657;0.0;210.02100210021004;0.0;0.0;0.0;0.0
2030-08-07 04:00:00;532.7990291683271;1075.0844963913657;0.0;210.02100210021004;0.0;0.0;0.0;0.0
2030-08-07 05:00:00;532.813145258893;1075.0844963913657;0.0;210.02100210021004;0.0;0.0;0.0;0.0
2030-08-07 06:00:00;532.2114341301553;1075.0844963913657;0.0;210.02100210021004;0.0;0.0;0.0;0.0
2030-08-07 07:00:00;532.6540442106485;1075.0844963913657;0.0;210.02100210021004;0.0;0.0;0.0;0.0
2030-08-07 08:00:00;468.9654951195265;1075.0844963913657;0.0;210.02100210021004;0.0;0.0;0.0;0.0
2030-08-07 09:00:00;468.6870446973823;1075.0844963913657;0.0;210.02100210021004;0.0;0.0;0.0;0.0
2030-08-07 10:00:00;468.9341572154963;1075.0844963913657;0.0;210.02100210021004;0.0;0.0;0.0;0.0
2030-08-07 11:00:00;468.6324246676983;1075.0844963913657;0.0;210.02100210021004;0.0;0.0;0.0;0.0
2030-08-07 12:00:00;468.5217945465159;1075.0844963913657;0.0;210.02100210021004;0.0;0.0;0.0;0.0
2030-08-07 13:00:00;468.5003697574476;1075.0844963913657;0.0;210.02100210021004;0.0;0.0;0.0;0.0
2030-08-07 14:00:00;469.0057273836514;1075.0844963913657;0.0;210.02100210021004;0.0;0.0;0.0;0.0
2030-08-07 15:00:00;468.5666533876624;1075.0844963913657;0.0;210.02100210021004;0.0;0.0;0.0;0.0
2030-08-07 16:00:00;468.76392005753;1075.0844963913657;0.0;210.02100210021004;0.0;0.0;0.0;0.0
2030-08-07 17:00:00;469.5572457220951;1075.0844963913657;0.0;210.02100210021004;0.0;0.0;0.0;0.0
2030-08-07 18:00:00;469.5121256174257;1075.0844963913657;0.0;210.02100210021004;0.0;0.0;0.0;0.0
2030-08-07 19:00:00;469.634564550195;1075.0844963913657;0.0;210.02100210021004;0.0;0.0;0.0;0.0
2030-08-07 20:00:00;469.1066643158407;1075.0844963913657;0.0;210.02100210021004;0.0;0.0;0.0;0.0
2030-08-07 21:00:00;468.5408469060811;1075.0844963913657;0.0;210.02100210021004;0.0;0.0;0.0;0.0
2030-08-07 22:00:00;468.502385140148;1075.0844963913657;0.0;210.02100210021004;0.0;0.0;0.0;0.0
2030-08-07 23:00:00;468.3609633756964;1075.0844963913657;0.0;210.02100210021004;0.0;0.0;0.0;0.0
2030-08-08 00:00:00;468.2900436925602;1075.0844963913657;0.0;210.02100210021004;0.0;0.0;0.0;0.0
2030-08-08 01:00:00;468.8832198441375;1075.0844963913657;0.0;210.02100210021004;0.0;0.0;0.0;0.0
2030-08-08 02:00:00;468.8003349610046;1075.0844963913657;0.0;210.02100210021004;0.0;0.0;0.0;0.0
2030-08-08 03:00:00;468.7914770049293;1075.0844963913657;0.0;210.02100210021004;0.0;0.0;0.0;0.0
2030-08-08 04:00:00;468.1925245890976;1075.0844963913657;0.0;210.02100210021004;0.0;0.0;0.0;0.0
2030-08-08 05:00:00;467.980491803725;1075.0844963913657;0.0;210.02100210021004;0.0;0.0;0.0;0.0
2030-08-08 06:00:00;468.0525008829157;1075.0844963913657;0.0;210.02100210021004;0.0;0.0;0.0;0.0
2030-08-08 07:00:00;468.3521211110555;1075.0844963913657;0.0;210.02100210021004;0.0;0.0;0.0;0.0
2030-08-08 08:00:00;468.5585616633492;1075.0844963913657;0.0;210.02100210021004;0.0;0.0;0.0;0.0
2030-08-08 09:00:00;468.3312410200143;1075.0844963913657;0.0;210.02100210021004;0.0;0.0;0.0;0.0
2030-08-08 10:00:00;468.2222287881787;1075.0844963913657;0.0;210.02100210021004;0.0;0.0;0.0;0.0
2030-08-08 11:00:00;468.2032369836318;1075.0844963913657;0.0;210.02100210021004;0.0;0.0;0.0;0.0
2030-08-08 12:00:00;468.1100936209874;1075.0844963913657;0.0;210.02100210021004;0.0;0.0;0.0;0.0
2030-08-08 13:00:00;467.6307048872837;1075.0844963913657;0.0;210.02100210021004;0.0;0.0;0.0;0.0
2030-08-08 14:00:00;468.0715108440635;1075.0844963913657;0.0;210.02100210021004;0.0;0.0;0.0;0.0
2030-08-08 15:00:00;468.5858691911108;1075.0844963913657;0.0;210.02100210021004;0.0;0.0;0.0;0.0
2030-08-08 16:00:00;468.5583800973402;1075.0844963913657;0.0;210.02100210021004;0.0;0.0;0.0;0.0
2030-08-08 17:00:00;468.6304618029342;1075.0844963913657;0.0;210.02100210021004;0.0;0.0;0.0;0.0
2030-08-08 18:00:00;532.9541455499772;1075.0844963913657;0.0;210.02100210021004;0.0;0.0;0.0;0.0
2030-08-08 19:00:00;532.7977358026233;1075.0844963913657;0.0;210.02100210021004;0.0;0.0;0.0;0.0
2030-08-08 20:00:00;532.8392232872256;1075.0844963913657;0.0;210.02100210021004;0.0;0.0;0.0;0.0
2030-08-08 21:00:00;533.0189976202763;1075.0844963913657;0.0;210.02100210021004;0.0;0.0;0.0;0.0
2030-08-08 22:00:00;532.8590598546433;1075.0844963913657;0.0;210.02100210021004;0.0;0.0;0.0;0.0
2030-08-08 23:00:00;532.7710744470527;1075.0844963913657;0.0;210.02100210021004;0.0;0.0;0.0;0.0
2030-08-09 00:00:00;532.5435269819105;1075.0844963913657;0.0;210.02100210021004;0.0;0.0;0.0;0.0
2030-08-09 01:00:00;532.5602700376195;1075.0844963913657;0.0;210.02100210021004;0.0;0.0;0.0;0.0
2030-08-09 02:00:00;532.6718734533628;1075.0844963913657;0.0;210.02100210021004;0.0;0.0;0.0;0.0
2030-08-09 03:00:00;532.5853262469996;1075.0844963913657;0.0;210.02100210021004;0.0;0.0;0.0;0.0
2030-08-09 04:00:00;532.6523727361384;1075.0844963913657;0.0;210.02100210021004;0.0;0.0;0.0;0.0
2030-08-09 05:00:00;532.8284722228144;1075.0844963913657;0.0;210.02100210021004;0.0;0.0;0.0;0.0
2030-08-09 06:00:00;533.0238008799637;1075.0844963913657;0.0;210.02100210021004;0.0;0.0;0.0;0.0
2030-08-09 07:00:00;533.2722288409161;1075.0844963913657;0.0;210.02100210021004;0.0;0.0;0.0;0.0
2030-08-09 08:00:00;533.6448035223498;1075.0844963913657;0.0;210.02100210021004;0.0;0.0;0.0;0.0
2030-08-09 09:00:00;533.50582871257;1075.0844963913657;0.0;210.02100210021004;0.0;0.0;0.0;0.0
2030-08-09 10:00:00;533.2721001694214;1075.0844963913657;0.0;210.02100210021004;0.0;0.0;0.0;0.0
2030-08-09 11:00:00;533.3226711967635;1075.0844963913657;0.0;210.02100210021004;0.0;0.0;0.0;0.0
2030-08-09 12:00:00;533.6143184997368;1075.0844963913657;0.0;210.02100210021004;0.0;0.0;0.0;0.0
2030-08-09 13:00:00;533.4156709955794;1075.0844963913657;0.0;210.02100210021004;0.0;0.0;0.0;0.0
2030-08-09 14:00:00;533.2203624876031;1075.0844963913657;0.0;210.02100210021004;0.0;0.0;0.0;0.0
2030-08-09 15:00:00;532.7176834473252;1075.0844963913657;0.0;210.02100210021004;0.0;0.0;0.0;0.0
2030-08-09 16:00:00;533.1786839883309;1075.0844963913657;0.0;210.02100210021004;0.0;0.0;0.0;0.0
2030-08-09 17:00:00;533.6161569192102;1075.0844963913657;0.0;210.02100210021004;0.0;0.0;0.0;0.0
2030-08-09 18:00:00;533.4473428218413;1075.0844963913657;0.0;210.02100210021004;0.0;0.0;0.0;0.0
2030-08-09 19:00:00;533.1863273372713;1075.0844963913657;0.0;210.02100210021004;0.0;0.0;0.0;0.0
2030-08-09 20:00:00;533.0136532919636;1075.0844963913657;0.0;210.02100210021004;0.0;0.0;0.0;0.0
2030-08-09 21:00:00;532.7027527488107;1075.0844963913657;0.0;210.02100210021004;0.0;0.0;0.0;0.0
2030-08-09 22:00:00;532.190867407404;1075.0844963913657;0.0;210.02100210021004;0.0;0.0;0.0;0.0
2030-08-09 23:00:00;531.1823574248031;1075.0844963913657;0.0;210.02100210021004;0.0;0.0;0.0;0.0
2030-08-10 00:00:00;529.7645865755867;1075.0844963913657;0.0;210.02100210021004;0.0;0.0;0.0;0.0
2030-08-10 01:00:00;527.9344392386064;1075.0844963913657;0.0;210.02100210021004;0.0;0.0;0.0;0.0
2030-08-10 02:00:00;526.9176421646134;1075.0844963913657;0.0;210.02100210021004;0.0;0.0;0.0;0.0
2030-08-10 03:00:00;526.7843254885104;1075.0844963913657;0.0;210.02100210021004;0.0;0.0;0.0;0.0
2030-08-10 04:00:00;526.4630500294857;1075.0844963913657;0.0;210.02100210021004;0.0;0.0;0.0;0.0
2030-08-10 05:00:00;526.3584644091372;1075.0844963913657;0.0;210.02100210021004;0.0;0.0;0.0;0.0
2030-08-10 06:00:00;526.6244279889182;1075.0844963913657;0.0;210.02100210021004;0.0;0.0;0.0;0.0
2030-08-10 07:00:00;526.685170673967;1075.0844963913657;0.0;210.02100210021004;0.0;0.0;0.0;0.0
2030-08-10 08:00:00;527.1299471507543;1075.0844963913657;0.0;210.02100210021004;0.0;0.0;0.0;0.0
2030-08-10 09:00:00;527.2921819444429;1075.0844963913657;0.0;210.02100210021004;0.0;0.0;0.0;0.0
2030-08-10 10:00:00;527.4641057175493;1075.0844963913657;0.0;210.02100210021004;0.0;0.0;0.0;0.0
2030-08-10 11:00:00;527.151577918766;1075.0844963913657;0.0;210.02100210021004;0.0;0.0;0.0;0.0
2030-08-10 12:00:00;463.5705076362312;1075.0844963913657;0.0;210.02100210021004;0.0;0.0;0.0;0.0
2030-08-10 13:00:00;463.6319132604931;1075.0844963913657;0.0;210.02100210021004;0.0;0.0;0.0;0.0
2030-08-10 14:00:00;463.565369318175;1075.0844963913657;0.0;210.02100210021004;0.0;0.0;0.0;0.0
2030-08-10 15:00:00;463.4149055664726;1075.0844963913657;0.0;210.02100210021004;0.0;0.0;0.0;0.0
2030-08-10 16:00:00;527.0501844665032;1075.0844963913657;0.0;210.02100210021004;0.0;0.0;0.0;0.0
2030-08-10 17:00:00;527.4643772643007;1075.0844963913657;0.0;210.02100210021004;0.0;0.0;0.0;0.0
2030-08-10 18:00:00;527.5116475689301;1075.0844963913657;0.0;210.02100210021004;0.0;0.0;0.0;0.0
2030-08-10 19:00:00;527.8147157087396;1075.0844963913657;0.0;210.02100210021004;0.0;0.0;0.0;0.0
2030-08-10 20:00:00;527.8896329069959;1075.0844963913657;0.0;210.02100210021004;0.0;0.0;0.0;0.0
2030-08-10 21:00:00;527.6522938209148;1075.0844963913657;0.0;210.02100210021004;0.0;0.0;0.0;0.0
2030-08-10 22:00:00;527.5834933649176;1075.0844963913657;0.0;210.02100210021004;0.0;0.0;0.0;0.0
2030-08-10 23:00:00;527.6534443113621;1075.0844963913657;0.0;210.02100210021004;0.0;0.0;0.0;0.0
2030-08-11 00:00:00;526.9002494533468;1075.0844963913657;0.0;210.02100210021004;0.0;0.0;0.0;0.0
2030-08-11 01:00:00;526.1206024110318;1075.0844963913657;0.0;210.02100210021004;0.0;0.0;0.0;0.0
2030-08-11 02:00:00;526.1727805448314;1075.0844963913657;0.0;210.02100210021004;0.0;0.0;0.0;0.0
2030-08-11 03:00:00;526.2103638626153;1075.0844963913657;0.0;210.02100210021004;0.0;0.0;0.0;0.0
2030-08-11 04:00:00;526.1493938496949;1075.0844963913657;0.0;210.02100210021004;0.0;0.0;0.0;0.0
2030-08-11 05:00:00;526.1052351810695;1075.0844963913657;0.0;210.02100210021004;0.0;0.0;0.0;0.0
2030-08-11 06:00:00;526.1765801421672;1075.0844963913657;0.0;210.02100210021004;0.0;0.0;0.0;0.0
2030-08-11 07:00:00;526.3364354154518;1075.0844963913657;0.0;210.02100210021004;0.0;0.0;0.0;0.0
2030-08-11 08:00:00;526.5594069810836;1075.0844963913657;0.0;210.02100210021004;0.0;0.0;0.0;0.0
2030-08-11 09:00:00;526.4228357937196;1075.0844963913657;0.0;210.02100210021004;0.0;0.0;0.0;0.0
2030-08-11 10:00:00;463.2406748241849;1075.0844963913657;0.0;210.02100210021004;0.0;0.0;0.0;0.0
2030-08-11 11:00:00;463.7173037545509;1075.0844963913657;0.0;210.02100210021004;0.0;0.0;0.0;0.0
2030-08-11 12:00:00;463.8977985241509;1075.0844963913657;0.0;210.02100210021004;0.0;0.0;0.0;0.0
2030-08-11 13:00:00;463.5616835281912;1075.0844963913657;0.0;210.02100210021004;0.0;0.0;0.0;0.0
2030-08-11 14:00:00;463.7671980938387;1075.0844963913657;0.0;210.02100210021004;0.0;0.0;0.0;0.0
2030-08-11 15:00:00;463.866514700791;1075.0844963913657;0.0;210.02100210021004;0.0;0.0;0.0;0.0
2030-08-11 16:00:00;464.0752429847986;1075.0844963913657;0.0;210.02100210021004;0.0;0.0;0.0;0.0
2030-08-11 17:00:00;528.5749666356182;1075.0844963913657;0.0;210.02100210021004;0.0;0.0;0.0;0.0
2030-08-11 18:00:00;529.7275262021325;1075.0844963913657;0.0;210.02100210021004;0.0;0.0;0.0;0.0
2030-08-11 19:00:00;529.6985034827588;1075.0844963913657;0.0;210.02100210021004;0.0;0.0;0.0;0.0
2030-08-11 20:00:00;529.6282206066546;1075.0844963913657;0.0;210.02100210021004;0.0;0.0;0.0;0.0
2030-08-11 21:00:00;530.3357704554039;1075.0844963913657;0.0;210.02100210021004;0.0;0.0;0.0;0.0
2030-08-11 22:00:00;530.396800851233;1075.0844963913657;0.0;210.02100210021004;0.0;0.0;0.0;0.0
2030-08-11 23:00:00;530.2383052396661;1075.0844963913657;0.0;210.02100210021004;0.0;0.0;0.0;0.0
2030-08-12 00:00:00;530.3284850660967;1075.0844963913657;0.0;210.02100210021004;0.0;0.0;0.0;0.0
2030-08-12 01:00:00;530.4911362420601;1075.0844963913657;0.0;210.02100210021004;0.0;0.0;0.0;0.0
2030-08-12 02:00:00;530.2878706120846;1075.0844963913657;0.0;210.02100210021004;0.0;0.0;0.0;0.0
2030-08-12 03:00:00;530.0221987282281;1075.0844963913657;0.0;210.02100210021004;0.0;0.0;0.0;0.0
2030-08-12 04:00:00;530.3037607863765;1075.0844963913657;0.0;210.02100210021004;0.0;0.0;0.0;0.0
2030-08-12 05:00:00;531.4171077869042;1075.0844963913657;0.0;210.02100210021004;0.0;0.0;0.0;0.0
2030-08-12 06:00:00;532.2332741017428;1075.0844963913657;0.0;210.02100210021004;0.0;0.0;0.0;0.0
2030-08-12 07:00:00;532.7604220713239;1075.0844963913657;0.0;210.02100210021004;0.0;0.0;0.0;0.0
2030-08-12 08:00:00;532.8166109339968;1075.0844963913657;0.0;210.02100210021004;0.0;0.0;0.0;0.0
2030-08-12 09:00:00;468.7497043414139;1075.0844963913657;0.0;210.02100210021004;0.0;0.0;0.0;0.0
2030-08-12 10:00:00;468.4601891996441;1075.0844963913657;0.0;210.02100210021004;0.0;0.0;0.0;0.0
2030-08-12 11:00:00;468.4539977987354;1075.0844963913657;0.0;210.02100210021004;0.0;0.0;0.0;0.0
2030-08-12 12:00:00;468.7292881816621;1075.0844963913657;0.0;210.02100210021004;0.0;0.0;0.0;0.0
2030-08-12 13:00:00;468.7771174360227;1075.0844963913657;0.0;210.02100210021004;0.0;0.0;0.0;0.0
2030-08-12 14:00:00;468.9049876680272;1075.0844963913657;0.0;210.02100210021004;0.0;0.0;0.0;0.0
2030-08-12 15:00:00;468.9024613195276;1075.0844963913657;0.0;210.02100210021004;0.0;0.0;0.0;0.0
2030-08-12 16:00:00;469.1057893249836;1075.0844963913657;0.0;210.02100210021004;0.0;0.0;0.0;0.0
2030-08-12 17:00:00;469.6169243618838;1075.0844963913657;0.0;210.02100210021004;0.0;0.0;0.0;0.0
2030-08-12 18:00:00;533.7992702484422;1075.0844963913657;0.0;210.02100210021004;0.0;0.0;0.0;0.0
2030-08-12 19:00:00;533.2593638897466;1075.0844963913657;0.0;210.02100210021004;0.0;0.0;0.0;0.0
2030-08-12 20:00:00;533.495075687892;1075.0844963913657;0.0;210.02100210021004;0.0;0.0;0.0;0.0
2030-08-12 21:00:00;533.4328123092675;1075.0844963913657;0.0;210.02100210021004;0.0;0.0;0.0;0.0
2030-08-12 22:00:00;533.118325325194;1075.0844963913657;0.0;210.02100210021004;0.0;0.0;0.0;0.0
2030-08-12 23:00:00;533.1395799769714;1075.0844963913657;0.0;210.02100210021004;0.0;0.0;0.0;0.0
2030-08-13 00:00:00;533.0718435662344;1075.0844963913657;0.0;210.02100210021004;0.0;0.0;0.0;0.0
2030-08-13 01:00:00;533.1508942517528;1075.0844963913657;0.0;210.02100210021004;0.0;0.0;0.0;0.0
2030-08-13 02:00:00;505.057693083212;1075.0844963913657;0.0;210.02100210021004;0.0;0.0;0.0;0.0
2030-08-13 03:00:00;468.6141530127358;1075.0844963913657;0.0;210.02100210021004;0.0;0.0;0.0;0.0
2030-08-13 04:00:00;468.4612241258956;1075.0844963913657;0.0;210.02100210021004;0.0;0.0;0.0;0.0
2030-08-13 05:00:00;468.4514740312096;1075.0844963913657;0.0;210.02100210021004;0.0;0.0;0.0;0.0
2030-08-13 06:00:00;468.8890846223372;1075.0844963913657;0.0;210.02100210021004;0.0;0.0;0.0;0.0
2030-08-13 07:00:00;469.1353853742069;1075.0844963913657;0.0;210.02100210021004;0.0;0.0;0.0;0.0
2030-08-13 08:00:00;469.1861755702082;1075.0844963913657;0.0;210.02100210021004;0.0;0.0;0.0;0.0
2030-08-13 09:00:00;469.03880517902;1075.0844963913657;0.0;210.02100210021004;0.0;0.0;0.0;0.0
2030-08-13 10:00:00;468.7513114801767;1075.0844963913657;0.0;210.02100210021004;0.0;0.0;0.0;0.0
2030-08-13 11:00:00;468.7906507250856;1075.0844963913657;0.0;210.02100210021004;0.0;0.0;0.0;0.0
2030-08-13 12:00:00;468.9579602929077;1075.0844963913657;0.0;210.02100210021004;0.0;0.0;0.0;0.0
2030-08-13 13:00:00;468.3657930315373;1075.0844963913657;0.0;210.02100210021004;0.0;0.0;0.0;0.0
2030-08-13 14:00:00;468.6852947376685;1075.0844963913657;0.0;210.02100210021004;0.0;0.0;0.0;0.0
2030-08-13 15:00:00;468.662181384716;1075.0844963913657;0.0;210.02100210021004;0.0;0.0;0.0;0.0
2030-08-13 16:00:00;468.7044762694741;1075.0844963913657;0.0;210.02100210021004;0.0;0.0;0.0;0.0
2030-08-13 17:00:00;468.7424592181474;1075.0844963913657;0.0;210.02100210021004;0.0;0.0;0.0;0.0
2030-08-13 18:00:00;468.6053007507064;1075.0844963913657;0.0;210.02100210021004;0.0;0.0;0.0;0.0
2030-08-13 19:00:00;469.1693646536344;1075.0844963913657;0.0;210.02100210021004;0.0;0.0;0.0;0.0
2030-08-13 20:00:00;469.1498011655132;1075.0844963913657;0.0;210.02100210021004;0.0;0.0;0.0;0.0
2030-08-13 21:00:00;469.0941372074367;1075.0844963913657;0.0;210.02100210021004;0.0;0.0;0.0;0.0
2030-08-13 22:00:00;468.778290561645;1075.0844963913657;0.0;210.02100210021004;0.0;0.0;0.0;0.0
2030-08-13 23:00:00;468.6662928730667;1075.0844963913657;0.0;210.02100210021004;0.0;0.0;0.0;0.0
2030-08-14 00:00:00;468.5411184205272;1075.0844963913657;0.0;210.02100210021004;0.0;0.0;0.0;0.0
2030-08-14 01:00:00;468.193414262542;1075.0844963913657;0.0;210.02100210021004;0.0;0.0;0.0;0.0
2030-08-14 02:00:00;467.8744390978371;1075.0844963913657;0.0;210.02100210021004;0.0;0.0;0.0;0.0
2030-08-14 03:00:00;468.0334727651668;1075.0844963913657;0.0;210.02100210021004;0.0;0.0;0.0;0.0
2030-08-14 04:00:00;468.4123283996576;1075.0844963913657;0.0;210.02100210021004;0.0;0.0;0.0;0.0
2030-08-14 05:00:00;468.9434271327396;1075.0844963913657;0.0;210.02100210021004;0.0;0.0;0.0;0.0
2030-08-14 06:00:00;469.6423234696014;1075.0844963913657;0.0;210.02100210021004;0.0;0.0;0.0;0.0
2030-08-14 07:00:00;469.9692918634662;1075.0844963913657;0.0;210.02100210021004;0.0;0.0;0.0;0.0
2030-08-14 08:00:00;469.8780002293621;1075.0844963913657;0.0;210.02100210021004;0.0;0.0;0.0;0.0
2030-08-14 09:00:00;469.8826566286488;1075.0844963913657;0.0;210.02100210021004;0.0;0.0;0.0;0.0
2030-08-14 10:00:00;469.5239667893756;1075.0844963913657;0.0;210.02100210021004;0.0;0.0;0.0;0.0
2030-08-14 11:00:00;469.124493558555;1075.0844963913657;0.0;210.02100210021004;0.0;0.0;0.0;0.0
2030-08-14 12:00:00;468.7411658524434;1075.0844963913657;0.0;210.02100210021004;0.0;0.0;0.0;0.0
2030-08-14 13:00:00;468.5409274058572;1075.0844963913657;0.0;210.02100210021004;0.0;0.0;0.0;0.0
2030-08-14 14:00:00;468.6746188931094;1075.0844963913657;0.0;210.02100210021004;0.0;0.0;0.0;0.0
2030-08-14 15:00:00;469.1929399754527;1075.0844963913657;0.0;210.02100210021004;0.0;0.0;0.0;0.0
2030-08-14 16:00:00;469.8368466346865;1075.0844963913657;0.0;210.02100210021004;0.0;0.0;0.0;0.0
2030-08-14 17:00:00;469.9322279464781;1075.0844963913657;0.0;210.02100210021004;0.0;0.0;0.0;0.0
2030-08-14 18:00:00;470.2250861228071;1075.0844963913657;0.0;210.02100210021004;0.0;0.0;0.0;0.0
2030-08-14 19:00:00;534.5208517028369;1075.0844963913657;0.0;210.02100210021004;0.0;0.0;0.0;0.0
2030-08-14 20:00:00;534.3772023371698;1075.0844963913657;0.0;210.02100210021004;0.0;0.0;0.0;0.0
2030-08-14 21:00:00;534.3802697865997;1075.0844963913657;0.0;210.02100210021004;0.0;0.0;0.0;0.0
2030-08-14 22:00:00;533.7295324261073;1075.0844963913657;0.0;210.02100210021004;0.0;0.0;0.0;0.0
2030-08-14 23:00:00;533.4417671805129;1075.0844963913657;0.0;210.02100210021004;0.0;0.0;0.0;0.0
2030-08-15 00:00:00;532.679263412153;1075.0844963913657;0.0;210.02100210021004;0.0;0.0;0.0;0.0
2030-08-15 01:00:00;531.5176444049107;1075.0844963913657;0.0;210.02100210021004;0.0;0.0;0.0;0.0
2030-08-15 02:00:00;530.4406496996381;1075.0844963913657;0.0;210.02100210021004;0.0;0.0;0.0;0.0
2030-08-15 03:00:00;529.4462558076029;1075.0844963913657;0.0;210.02100210021004;0.0;0.0;0.0;0.0
2030-08-15 04:00:00;529.1122621931993;1075.0844963913657;0.0;210.02100210021004;0.0;0.0;0.0;0.0
2030-08-15 05:00:00;529.2302538656476;1075.0844963913657;0.0;210.02100210021004;0.0;0.0;0.0;0.0
2030-08-15 06:00:00;531.1316194524975;1075.0844963913657;0.0;210.02100210021004;0.0;0.0;0.0;0.0
2030-08-15 07:00:00;532.0015931493385;1075.0844963913657;0.0;210.02100210021004;0.0;0.0;0.0;0.0
2030-08-15 08:00:00;468.4014889089171;1075.0844963913657;0.0;210.02100210021004;0.0;0.0;0.0;0.0
2030-08-15 09:00:00;468.7437350522439;1075.0844963913657;0.0;210.02100210021004;0.0;0.0;0.0;0.0
2030-08-15 10:00:00;468.519652067609;1075.0844963913657;0.0;210.02100210021004;0.0;0.0;0.0;0.0
2030-08-15 11:00:00;468.2196505508502;1075.0844963913657;0.0;210.02100210021004;0.0;0.0;0.0;0.0
2030-08-15 12:00:00;468.0896129751662;1075.0844963913657;0.0;210.02100210021004;0.0;0.0;0.0;0.0
2030-08-15 13:00:00;468.0171681375538;1075.0844963913657;0.0;210.02100210021004;0.0;0.0;0.0;0.0
2030-08-15 14:00:00;467.6254576296221;1075.0844963913657;0.0;210.02100210021004;0.0;0.0;0.0;0.0
2030-08-15 15:00:00;467.7262086080459;1075.0844963913657;0.0;210.02100210021004;0.0;0.0;0.0;0.0
2030-08-15 16:00:00;468.268201301671;1075.0844963913657;0.0;210.02100210021004;0.0;0.0;0.0;0.0
2030-08-15 17:00:00;532.1051127318548;1075.0844963913657;0.0;210.02100210021004;0.0;0.0;0.0;0.0
2030-08-15 18:00:00;532.2448397741026;1075.0844963913657;0.0;210.02100210021004;0.0;0.0;0.0;0.0
2030-08-15 19:00:00;532.1743114135259;1075.0844963913657;0.0;210.02100210021004;0.0;0.0;0.0;0.0
2030-08-15 20:00:00;531.9512956613197;1075.0844963913657;0.0;210.02100210021004;0.0;0.0;0.0;0.0
2030-08-15 21:00:00;531.6796297612877;1075.0844963913657;0.0;210.02100210021004;0.0;0.0;0.0;0.0
2030-08-15 22:00:00;531.7470302895263;1075.0844963913657;0.0;210.02100210021004;0.0;0.0;0.0;0.0
2030-08-15 23:00:00;531.497976742723;1075.0844963913657;0.0;210.02100210021004;0.0;0.0;0.0;0.0
2030-08-16 00:00:00;531.4049145684268;1075.0844963913657;0.0;210.02100210021004;0.0;0.0;0.0;0.0
2030-08-16 01:00:00;531.5804911107732;1075.0844963913657;0.0;210.02100210021004;0.0;0.0;0.0;0.0
2030-08-16 02:00:00;531.3473680043026;1075.0844963913657;0.0;210.02100210021004;0.0;0.0;0.0;0.0
2030-08-16 03:00:00;531.2851267351178;1075.0844963913657;0.0;210.02100210021004;0.0;0.0;0.0;0.0
2030-08-16 04:00:00;485.5601959773066;1075.0844963913657;0.0;210.02100210021004;0.0;0.0;0.0;0.0
2030-08-16 05:00:00;467.9235890164878;1075.0844963913657;0.0;210.02100210021004;0.0;0.0;0.0;0.0
2030-08-16 06:00:00;468.442377574156;1075.0844963913657;0.0;210.02100210021004;0.0;0.0;0.0;0.0
2030-08-16 07:00:00;468.6273570241796;1075.0844963913657;0.0;210.02100210021004;0.0;0.0;0.0;0.0
2030-08-16 08:00:00;468.6780502539071;1075.0844963913657;0.0;210.02100210021004;0.0;0.0;0.0;0.0
2030-08-16 09:00:00;468.5898817999109;1075.0844963913657;0.0;210.02100210021004;0.0;0.0;0.0;0.0
2030-08-16 10:00:00;468.6295721294899;1075.0844963913657;0.0;210.02100210021004;0.0;0.0;0.0;0.0
2030-08-16 11:00:00;468.5628466211629;1075.0844963913657;0.0;210.02100210021004;0.0;0.0;0.0;0.0
2030-08-16 12:00:00;468.3386852263856;1075.0844963913657;0.0;210.02100210021004;0.0;0.0;0.0;0.0
2030-08-16 13:00:00;468.3027896263957;1075.0844963913657;0.0;210.02100210021004;0.0;0.0;0.0;0.0
2030-08-16 14:00:00;468.3204015292738;1075.0844963913657;0.0;210.02100210021004;0.0;0.0;0.0;0.0
2030-08-16 15:00:00;468.3051862977153;1075.0844963913657;0.0;210.02100210021004;0.0;0.0;0.0;0.0
2030-08-16 16:00:00;468.1389081466242;1075.0844963913657;0.0;210.02100210021004;0.0;0.0;0.0;0.0
2030-08-16 17:00:00;467.9187593606469;1075.0844963913657;0.0;210.02100210021004;0.0;0.0;0.0;0.0
2030-08-16 18:00:00;468.4868249331723;1075.0844963913657;0.0;210.02100210021004;0.0;0.0;0.0;0.0
2030-08-16 19:00:00;468.7669994417424;1075.0844963913657;0.0;210.02100210021004;0.0;0.0;0.0;0.0
2030-08-16 20:00:00;468.6074029197845;1075.0844963913657;0.0;210.02100210021004;0.0;0.0;0.0;0.0
2030-08-16 21:00:00;468.243090722619;1075.0844963913657;0.0;210.02100210021004;0.0;0.0;0.0;0.0
2030-08-16 22:00:00;467.9393307894727;1075.0844963913657;0.0;210.02100210021004;0.0;0.0;0.0;0.0
2030-08-16 23:00:00;467.5911961237138;1075.0844963913657;0.0;210.02100210021004;0.0;0.0;0.0;0.0
2030-08-17 00:00:00;530.0543773024856;1075.0844963913657;0.0;210.02100210021004;0.0;0.0;0.0;0.0
2030-08-17 01:00:00;527.6672004497226;1075.0844963913657;0.0;210.02100210021004;0.0;0.0;0.0;0.0
2030-08-17 02:00:00;526.9340312135283;1075.0844963913657;0.0;210.02100210021004;0.0;0.0;0.0;0.0
2030-08-17 03:00:00;526.3885733155162;1075.0844963913657;0.0;210.02100210021004;0.0;0.0;0.0;0.0
2030-08-17 04:00:00;526.2218671917999;1075.0844963913657;0.0;210.02100210021004;0.0;0.0;0.0;0.0
2030-08-17 05:00:00;526.2402856748579;1075.0844963913657;0.0;210.02100210021004;0.0;0.0;0.0;0.0
2030-08-17 06:00:00;526.790570902264;1075.0844963913657;0.0;210.02100210021004;0.0;0.0;0.0;0.0
2030-08-17 07:00:00;463.5977243809883;1075.0844963913657;0.0;210.02100210021004;0.0;0.0;0.0;0.0
2030-08-17 08:00:00;464.4271179103441;1075.0844963913657;0.0;210.02100210021004;0.0;0.0;0.0;0.0
2030-08-17 09:00:00;465.3429187034085;1075.0844963913657;0.0;210.02100210021004;0.0;0.0;0.0;0.0
2030-08-17 10:00:00;465.5396999440206;1075.0844963913657;0.0;210.02100210021004;0.0;0.0;0.0;0.0
2030-08-17 11:00:00;465.4500063355482;1075.0844963913657;0.0;210.02100210021004;0.0;0.0;0.0;0.0
2030-08-17 12:00:00;465.2203979604994;1075.0844963913657;0.0;210.02100210021004;0.0;0.0;0.0;0.0
2030-08-17 13:00:00;465.2290223459293;1075.0844963913657;0.0;210.02100210021004;0.0;0.0;0.0;0.0
2030-08-17 14:00:00;465.3545207713869;1075.0844963913657;0.0;210.02100210021004;0.0;0.0;0.0;0.0
2030-08-17 15:00:00;466.007613705952;1075.0844963913657;0.0;210.02100210021004;0.0;0.0;0.0;0.0
2030-08-17 16:00:00;465.8775942868689;1075.0844963913657;0.0;210.02100210021004;0.0;0.0;0.0;0.0
2030-08-17 17:00:00;529.7946954496603;1075.0844963913657;0.0;210.02100210021004;0.0;0.0;0.0;0.0
2030-08-17 18:00:00;529.6467215820609;1075.0844963913657;0.0;210.02100210021004;0.0;0.0;0.0;0.0
2030-08-17 19:00:00;529.823508997763;1075.0844963913657;0.0;210.02100210021004;0.0;0.0;0.0;0.0
2030-08-17 20:00:00;529.6522328876421;1075.0844963913657;0.0;210.02100210021004;0.0;0.0;0.0;0.0
2030-08-17 21:00:00;529.250030050157;1075.0844963913657;0.0;210.02100210021004;0.0;0.0;0.0;0.0
2030-08-17 22:00:00;529.0505016420367;1075.0844963913657;0.0;210.02100210021004;0.0;0.0;0.0;0.0
2030-08-17 23:00:00;528.9711352231926;1075.0844963913657;0.0;210.02100210021004;0.0;0.0;0.0;0.0
2030-08-18 00:00:00;529.1833395603844;1075.0844963913657;0.0;210.02100210021004;0.0;0.0;0.0;0.0
2030-08-18 01:00:00;529.2296906552773;1075.0844963913657;0.0;210.02100210021004;0.0;0.0;0.0;0.0
2030-08-18 02:00:00;528.9421768395663;1075.0844963913657;0.0;210.02100210021004;0.0;0.0;0.0;0.0
2030-08-18 03:00:00;529.2217797124244;1075.0844963913657;0.0;210.02100210021004;0.0;0.0;0.0;0.0
2030-08-18 04:00:00;529.0418565910114;1075.0844963913657;0.0;210.02100210021004;0.0;0.0;0.0;0.0
2030-08-18 05:00:00;529.3153589179446;1075.0844963913657;0.0;210.02100210021004;0.0;0.0;0.0;0.0
2030-08-18 06:00:00;529.5191455319829;1075.0844963913657;0.0;210.02100210021004;0.0;0.0;0.0;0.0
2030-08-18 07:00:00;529.7472984338028;1075.0844963913657;0.0;210.02100210021004;0.0;0.0;0.0;0.0
2030-08-18 08:00:00;466.1496891080363;1075.0844963913657;0.0;210.02100210021004;0.0;0.0;0.0;0.0
2030-08-18 09:00:00;466.245065732592;1075.0844963913657;0.0;210.02100210021004;0.0;0.0;0.0;0.0
2030-08-18 10:00:00;466.2912198120935;1075.0844963913657;0.0;210.02100210021004;0.0;0.0;0.0;0.0
2030-08-18 11:00:00;466.1753988549182;1075.0844963913657;0.0;210.02100210021004;0.0;0.0;0.0;0.0
2030-08-18 12:00:00;465.9439203499761;1075.0844963913657;0.0;210.02100210021004;0.0;0.0;0.0;0.0
2030-08-18 13:00:00;466.060939642811;1075.0844963913657;0.0;210.02100210021004;0.0;0.0;0.0;0.0
2030-08-18 14:00:00;465.9380739244846;1075.0844963913657;0.0;210.02100210021004;0.0;0.0;0.0;0.0
2030-08-18 15:00:00;465.7112616659751;1075.0844963913657;0.0;210.02100210021004;0.0;0.0;0.0;0.0
2030-08-18 16:00:00;464.8694127083982;1075.0844963913657;0.0;210.02100210021004;0.0;0.0;0.0;0.0
2030-08-18 17:00:00;465.6222761649379;1075.0844963913657;0.0;210.02100210021004;0.0;0.0;0.0;0.0
2030-08-18 18:00:00;466.4053703619853;1075.0844963913657;0.0;210.02100210021004;0.0;0.0;0.0;0.0
2030-08-18 19:00:00;466.5388940050431;1075.0844963913657;0.0;210.02100210021004;0.0;0.0;0.0;0.0
2030-08-18 20:00:00;483.9020462547101;1075.0844963913657;0.0;210.02100210021004;0.0;0.0;0.0;0.0
2030-08-18 21:00:00;485.0156892505854;1075.0844963913657;0.0;210.02100210021004;0.0;0.0;0.0;0.0
2030-08-18 22:00:00;466.6170944851425;1075.0844963913657;0.0;210.02100210021004;0.0;0.0;0.0;0.0
2030-08-18 23:00:00;503.2650277302256;1075.0844963913657;0.0;210.02100210021004;0.0;0.0;0.0;0.0
2030-08-19 00:00:00;474.332607273932;1075.0844963913657;0.0;210.02100210021004;0.0;0.0;0.0;0.0
2030-08-19 01:00:00;466.1546095468817;1075.0844963913657;0.0;210.02100210021004;0.0;0.0;0.0;0.0
2030-08-19 02:00:00;509.1719778946568;1075.0844963913657;0.0;210.02100210021004;0.0;0.0;0.0;0.0
2030-08-19 03:00:00;522.6921358205882;1075.0844963913657;0.0;210.02100210021004;0.0;0.0;0.0;0.0
2030-08-19 04:00:00;528.3475286722822;1075.0844963913657;0.0;210.02100210021004;0.0;0.0;0.0;0.0
2030-08-19 05:00:00;467.1365548370441;1075.0844963913657;0.0;210.02100210021004;0.0;0.0;0.0;0.0
2030-08-19 06:00:00;469.0222449372697;1075.0844963913657;0.0;210.02100210021004;0.0;0.0;0.0;0.0
2030-08-19 07:00:00;469.4412991296591;1075.0844963913657;0.0;210.02100210021004;0.0;0.0;0.0;0.0
2030-08-19 08:00:00;469.7114037359752;1075.0844963913657;0.0;210.02100210021004;0.0;0.0;0.0;0.0
2030-08-19 09:00:00;469.8120015891494;1075.0844963913657;0.0;210.02100210021004;0.0;0.0;0.0;0.0
2030-08-19 10:00:00;470.1821766010062;1075.0844963913657;0.0;210.02100210021004;0.0;0.0;0.0;0.0
2030-08-19 11:00:00;470.1828041471238;1075.0844963913657;0.0;210.02100210021004;0.0;0.0;0.0;0.0
2030-08-19 12:00:00;470.0550812689502;1075.0844963913657;0.0;210.02100210021004;0.0;0.0;0.0;0.0
2030-08-19 13:00:00;470.0114637012555;1075.0844963913657;0.0;210.02100210021004;0.0;0.0;0.0;0.0
2030-08-19 14:00:00;468.7311429830992;1075.0844963913657;0.0;210.02100210021004;0.0;0.0;0.0;0.0
2030-08-19 15:00:00;469.0974580470171;1075.0844963913657;0.0;210.02100210021004;0.0;0.0;0.0;0.0
2030-08-19 16:00:00;469.1275850776915;1075.0844963913657;0.0;210.02100210021004;0.0;0.0;0.0;0.0
2030-08-19 17:00:00;533.309413933026;1075.0844963913657;0.0;210.02100210021004;0.0;0.0;0.0;0.0
2030-08-19 18:00:00;533.3852080824062;1075.0844963913657;0.0;210.02100210021004;0.0;0.0;0.0;0.0
2030-08-19 19:00:00;533.4943857985992;1075.0844963913657;0.0;210.02100210021004;0.0;0.0;0.0;0.0
2030-08-19 20:00:00;534.4534531671707;1075.0844963913657;0.0;210.02100210021004;0.0;0.0;0.0;0.0
2030-08-19 21:00:00;534.3777012117928;1075.0844963913657;0.0;210.02100210021004;0.0;0.0;0.0;0.0
2030-08-19 22:00:00;533.8713070590995;1075.0844963913657;0.0;210.02100210021004;0.0;0.0;0.0;0.0
2030-08-19 23:00:00;533.8233026462974;1075.0844963913657;0.0;210.02100210021004;0.0;0.0;0.0;0.0
2030-08-20 00:00:00;533.672176876653;1075.0844963913657;0.0;210.02100210021004;0.0;0.0;0.0;0.0
2030-08-20 01:00:00;533.6799228348094;1075.0844963913657;0.0;210.02100210021004;0.0;0.0;0.0;0.0
2030-08-20 02:00:00;533.9390395169976;1075.0844963913657;0.0;210.02100210021004;0.0;0.0;0.0;0.0
2030-08-20 03:00:00;533.9436959485895;1075.0844963913657;0.0;210.02100210021004;0.0;0.0;0.0;0.0
2030-08-20 04:00:00;534.0194056453546;1075.0844963913657;0.0;210.02100210021004;0.0;0.0;0.0;0.0
2030-08-20 05:00:00;534.286163683911;1075.0844963913657;0.0;210.02100210021004;0.0;0.0;0.0;0.0
2030-08-20 06:00:00;534.5914866254686;1075.0844963913657;0.0;210.02100210021004;0.0;0.0;0.0;0.0
2030-08-20 07:00:00;535.0521773462544;1075.0844963913657;0.0;210.02100210021004;0.0;0.0;0.0;0.0
2030-08-20 08:00:00;535.3578562871785;1075.0844963913657;0.0;210.02100210021004;0.0;0.0;0.0;0.0
2030-08-20 09:00:00;535.1785184532703;1075.0844963913657;0.0;210.02100210021004;0.0;0.0;0.0;0.0
2030-08-20 10:00:00;470.7922411171502;1075.0844963913657;0.0;210.02100210021004;0.0;0.0;0.0;0.0
2030-08-20 11:00:00;470.788001067833;1075.0844963913657;0.0;210.02100210021004;0.0;0.0;0.0;0.0
2030-08-20 12:00:00;470.9653335373046;1075.0844963913657;0.0;210.02100210021004;0.0;0.0;0.0;0.0
2030-08-20 13:00:00;470.8699964443926;1075.0844963913657;0.0;210.02100210021004;0.0;0.0;0.0;0.0
2030-08-20 14:00:00;470.9328009239476;1075.0844963913657;0.0;210.02100210021004;0.0;0.0;0.0;0.0
2030-08-20 15:00:00;470.9962771684998;1075.0844963913657;0.0;210.02100210021004;0.0;0.0;0.0;0.0
2030-08-20 16:00:00;534.964668703847;1075.0844963913657;0.0;210.02100210021004;0.0;0.0;0.0;0.0
2030-08-20 17:00:00;535.118972437815;1075.0844963913657;0.0;210.02100210021004;0.0;0.0;0.0;0.0
2030-08-20 18:00:00;535.0302529220518;1075.0844963913657;0.0;210.02100210021004;0.0;0.0;0.0;0.0
2030-08-20 19:00:00;534.8529224451523;1075.0844963913657;0.0;210.02100210021004;0.0;0.0;0.0;0.0
2030-08-20 20:00:00;534.8885003984996;1075.0844963913657;0.0;210.02100210021004;0.0;0.0;0.0;0.0
2030-08-20 21:00:00;534.7461021399234;1075.0844963913657;0.0;210.02100210021004;0.0;0.0;0.0;0.0
2030-08-20 22:00:00;534.5975007585117;1075.0844963913657;0.0;210.02100210021004;0.0;0.0;0.0;0.0
2030-08-20 23:00:00;534.308257045649;1075.0844963913657;0.0;210.02100210021004;0.0;0.0;0.0;0.0
2030-08-21 00:00:00;533.3556403092631;1075.0844963913657;0.0;210.02100210021004;0.0;0.0;0.0;0.0
2030-08-21 01:00:00;533.3656430617398;1075.0844963913657;0.0;210.02100210021004;0.0;0.0;0.0;0.0
2030-08-21 02:00:00;533.532848060079;1075.0844963913657;0.0;210.02100210021004;0.0;0.0;0.0;0.0
2030-08-21 03:00:00;533.6231486523262;1075.0844963913657;0.0;210.02100210021004;0.0;0.0;0.0;0.0
2030-08-21 04:00:00;533.6077009225879;1075.0844963913657;0.0;210.02100210021004;0.0;0.0;0.0;0.0
2030-08-21 05:00:00;533.5984926611923;1075.0844963913657;0.0;210.02100210021004;0.0;0.0;0.0;0.0
2030-08-21 06:00:00;534.1478807883016;1075.0844963913657;0.0;210.02100210021004;0.0;0.0;0.0;0.0
2030-08-21 07:00:00;534.225843326548;1075.0844963913657;0.0;210.02100210021004;0.0;0.0;0.0;0.0
2030-08-21 08:00:00;534.4541391036247;1075.0844963913657;0.0;210.02100210021004;0.0;0.0;0.0;0.0
2030-08-21 09:00:00;534.4141340391293;1075.0844963913657;0.0;210.02100210021004;0.0;0.0;0.0;0.0
2030-08-21 10:00:00;518.5819945034715;1075.0844963913657;0.0;210.02100210021004;0.0;0.0;0.0;0.0
2030-08-21 11:00:00;470.0097117269693;1075.0844963913657;0.0;210.02100210021004;0.0;0.0;0.0;0.0
2030-08-21 12:00:00;470.592189732395;1075.0844963913657;0.0;210.02100210021004;0.0;0.0;0.0;0.0
2030-08-21 13:00:00;470.051448648883;1075.0844963913657;0.0;210.02100210021004;0.0;0.0;0.0;0.0
2030-08-21 14:00:00;469.8056294964732;1075.0844963913657;0.0;210.02100210021004;0.0;0.0;0.0;0.0
2030-08-21 15:00:00;469.7298191507588;1075.0844963913657;0.0;210.02100210021004;0.0;0.0;0.0;0.0
2030-08-21 16:00:00;533.9016030273093;1075.0844963913657;0.0;210.02100210021004;0.0;0.0;0.0;0.0
2030-08-21 17:00:00;534.0339803445027;1075.0844963913657;0.0;210.02100210021004;0.0;0.0;0.0;0.0
2030-08-21 18:00:00;534.8216046579898;1075.0844963913657;0.0;210.02100210021004;0.0;0.0;0.0;0.0
2030-08-21 19:00:00;534.9617480825125;1075.0844963913657;0.0;210.02100210021004;0.0;0.0;0.0;0.0
2030-08-21 20:00:00;534.9172555239609;1075.0844963913657;0.0;210.02100210021004;0.0;0.0;0.0;0.0
2030-08-21 21:00:00;534.754453567063;1075.0844963913657;0.0;210.02100210021004;0.0;0.0;0.0;0.0
2030-08-21 22:00:00;534.4907025627227;1075.0844963913657;0.0;210.02100210021004;0.0;0.0;0.0;0.0
2030-08-21 23:00:00;534.3869094731884;1075.0844963913657;0.0;210.02100210021004;0.0;0.0;0.0;0.0
2030-08-22 00:00:00;534.3446898729856;1075.0844963913657;0.0;210.02100210021004;0.0;0.0;0.0;0.0
2030-08-22 01:00:00;534.4242855799682;1075.0844963913657;0.0;210.02100210021004;0.0;0.0;0.0;0.0
2030-08-22 02:00:00;534.3974312171557;1075.0844963913657;0.0;210.02100210021004;0.0;0.0;0.0;0.0
2030-08-22 03:00:00;534.352646994985;1075.0844963913657;0.0;210.02100210021004;0.0;0.0;0.0;0.0
2030-08-22 04:00:00;534.3354413455494;1075.0844963913657;0.0;210.02100210021004;0.0;0.0;0.0;0.0
2030-08-22 05:00:00;534.4121105180917;1075.0844963913657;0.0;210.02100210021004;0.0;0.0;0.0;0.0
2030-08-22 06:00:00;534.7937908193999;1075.0844963913657;0.0;210.02100210021004;0.0;0.0;0.0;0.0
2030-08-22 07:00:00;534.7518226167755;1075.0844963913657;0.0;210.02100210021004;0.0;0.0;0.0;0.0
2030-08-22 08:00:00;534.8743037758524;1075.0844963913657;0.0;210.02100210021004;0.0;0.0;0.0;0.0
2030-08-22 09:00:00;534.8291836711829;1075.0844963913657;0.0;210.02100210021004;0.0;0.0;0.0;0.0
2030-08-22 10:00:00;534.7822231867733;1075.0844963913657;0.0;210.02100210021004;0.0;0.0;0.0;0.0
2030-08-22 11:00:00;534.7466452334261;1075.0844963913657;0.0;210.02100210021004;0.0;0.0;0.0;0.0
2030-08-22 12:00:00;534.6343961472696;1075.0844963913657;0.0;210.02100210021004;0.0;0.0;0.0;0.0
2030-08-22 13:00:00;534.1616168097944;1075.0844963913657;0.0;210.02100210021004;0.0;0.0;0.0;0.0
2030-08-22 14:00:00;534.1114621647268;1075.0844963913657;0.0;210.02100210021004;0.0;0.0;0.0;0.0
2030-08-22 15:00:00;500.923199782296;1075.0844963913657;0.0;210.02100210021004;0.0;0.0;0.0;0.0
2030-08-22 16:00:00;534.246639337438;1075.0844963913657;0.0;210.02100210021004;0.0;0.0;0.0;0.0
2030-08-22 17:00:00;534.356778489675;1075.0844963913657;0.0;210.02100210021004;0.0;0.0;0.0;0.0
2030-08-22 18:00:00;534.5055046220477;1075.0844963913657;0.0;210.02100210021004;0.0;0.0;0.0;0.0
2030-08-22 19:00:00;534.7064309976599;1075.0844963913657;0.0;210.02100210021004;0.0;0.0;0.0;0.0
2030-08-22 20:00:00;534.698536218836;1075.0844963913657;0.0;210.02100210021004;0.0;0.0;0.0;0.0
2030-08-22 21:00:00;534.5851626722056;1075.0844963913657;0.0;210.02100210021004;0.0;0.0;0.0;0.0
2030-08-22 22:00:00;534.3310142344013;1075.0844963913657;0.0;210.02100210021004;0.0;0.0;0.0;0.0
2030-08-22 23:00:00;534.3326837163393;1075.0844963913657;0.0;210.02100210021004;0.0;0.0;0.0;0.0
2030-08-23 00:00:00;534.1924155731608;1075.0844963913657;0.0;210.02100210021004;0.0;0.0;0.0;0.0
2030-08-23 01:00:00;469.8783984550361;1075.0844963913657;0.0;210.02100210021004;0.0;0.0;0.0;0.0
2030-08-23 02:00:00;469.9507249690455;1075.0844963913657;0.0;210.02100210021004;0.0;0.0;0.0;0.0
2030-08-23 03:00:00;470.000962074156;1075.0844963913657;0.0;210.02100210021004;0.0;0.0;0.0;0.0
2030-08-23 04:00:00;470.0367290819062;1075.0844963913657;0.0;210.02100210021004;0.0;0.0;0.0;0.0
2030-08-23 05:00:00;470.2109700322413;1075.0844963913657;0.0;210.02100210021004;0.0;0.0;0.0;0.0
2030-08-23 06:00:00;470.0997246084364;1075.0844963913657;0.0;210.02100210021004;0.0;0.0;0.0;0.0
2030-08-23 07:00:00;470.3278112142423;1075.0844963913657;0.0;210.02100210021004;0.0;0.0;0.0;0.0
2030-08-23 08:00:00;470.5733588199009;1075.0844963913657;0.0;210.02100210021004;0.0;0.0;0.0;0.0
2030-08-23 09:00:00;470.7184282301947;1075.0844963913657;0.0;210.02100210021004;0.0;0.0;0.0;0.0
2030-08-23 10:00:00;470.4127713987106;1075.0844963913657;0.0;210.02100210021004;0.0;0.0;0.0;0.0
2030-08-23 11:00:00;470.1092628069198;1075.0844963913657;0.0;210.02100210021004;0.0;0.0;0.0;0.0
2030-08-23 12:00:00;470.0211727975409;1075.0844963913657;0.0;210.02100210021004;0.0;0.0;0.0;0.0
2030-08-23 13:00:00;469.9831107543071;1075.0844963913657;0.0;210.02100210021004;0.0;0.0;0.0;0.0
2030-08-23 14:00:00;470.0857351967932;1075.0844963913657;0.0;210.02100210021004;0.0;0.0;0.0;0.0
2030-08-23 15:00:00;470.1379757060734;1075.0844963913657;0.0;210.02100210021004;0.0;0.0;0.0;0.0
2030-08-23 16:00:00;470.2599721942893;1075.0844963913657;0.0;210.02100210021004;0.0;0.0;0.0;0.0
2030-08-23 17:00:00;470.1942873271353;1075.0844963913657;0.0;210.02100210021004;0.0;0.0;0.0;0.0
2030-08-23 18:00:00;470.2732113014259;1075.0844963913657;0.0;210.02100210021004;0.0;0.0;0.0;0.0
2030-08-23 19:00:00;470.4038125746265;1075.0844963913657;0.0;210.02100210021004;0.0;0.0;0.0;0.0
2030-08-23 20:00:00;470.0542485044006;1075.0844963913657;0.0;210.02100210021004;0.0;0.0;0.0;0.0
2030-08-23 21:00:00;469.9620230474928;1075.0844963913657;0.0;210.02100210021004;0.0;0.0;0.0;0.0
2030-08-23 22:00:00;469.6668236242286;1075.0844963913657;0.0;210.02100210021004;0.0;0.0;0.0;0.0
2030-08-23 23:00:00;469.5829073681529;1075.0844963913657;0.0;210.02100210021004;0.0;0.0;0.0;0.0
2030-08-24 00:00:00;469.1619943839906;1075.0844963913657;0.0;210.02100210021004;0.0;0.0;0.0;0.0
2030-08-24 01:00:00;468.6761890634885;1075.0844963913657;0.0;210.02100210021004;0.0;0.0;0.0;0.0
2030-08-24 02:00:00;468.6322758793359;1075.0844963913657;0.0;210.02100210021004;0.0;0.0;0.0;0.0
2030-08-24 03:00:00;468.6599227406573;1075.0844963913657;0.0;210.02100210021004;0.0;0.0;0.0;0.0
2030-08-24 04:00:00;468.7194928581245;1075.0844963913657;0.0;210.02100210021004;0.0;0.0;0.0;0.0
2030-08-24 05:00:00;468.6491697159795;1075.0844963913657;0.0;210.02100210021004;0.0;0.0;0.0;0.0
2030-08-24 06:00:00;468.8567961610888;1075.0844963913657;0.0;210.02100210021004;0.0;0.0;0.0;0.0
2030-08-24 07:00:00;469.0082799226717;1075.0844963913657;0.0;210.02100210021004;0.0;0.0;0.0;0.0
2030-08-24 08:00:00;469.0726713918164;1075.0844963913657;0.0;210.02100210021004;0.0;0.0;0.0;0.0
2030-08-24 09:00:00;469.043815617406;1075.0844963913657;0.0;210.02100210021004;0.0;0.0;0.0;0.0
2030-08-24 10:00:00;468.2928579657005;1075.0844963913657;0.0;210.02100210021004;0.0;0.0;0.0;0.0
2030-08-24 11:00:00;468.1083687439014;1075.0844963913657;0.0;210.02100210021004;0.0;0.0;0.0;0.0
2030-08-24 12:00:00;467.7584365746528;1075.0844963913657;0.0;210.02100210021004;0.0;0.0;0.0;0.0
2030-08-24 13:00:00;467.7961296781323;1075.0844963913657;0.0;210.02100210021004;0.0;0.0;0.0;0.0
2030-08-24 14:00:00;467.7921896957359;1075.0844963913657;0.0;210.02100210021004;0.0;0.0;0.0;0.0
2030-08-24 15:00:00;467.6424885212713;1075.0844963913657;0.0;210.02100210021004;0.0;0.0;0.0;0.0
2030-08-24 16:00:00;467.8653789539853;1075.0844963913657;0.0;210.02100210021004;0.0;0.0;0.0;0.0
2030-08-24 17:00:00;532.6161873858466;1075.0844963913657;0.0;210.02100210021004;0.0;0.0;0.0;0.0
2030-08-24 18:00:00;532.8107657384891;1075.0844963913657;0.0;210.02100210021004;0.0;0.0;0.0;0.0
2030-08-24 19:00:00;532.8607715951941;1075.0844963913657;0.0;210.02100210021004;0.0;0.0;0.0;0.0
2030-08-24 20:00:00;532.5458441268339;1075.0844963913657;0.0;210.02100210021004;0.0;0.0;0.0;0.0
2030-08-24 21:00:00;532.5603967488474;1075.0844963913657;0.0;210.02100210021004;0.0;0.0;0.0;0.0
2030-08-24 22:00:00;532.5703572427112;1075.0844963913657;0.0;210.02100210021004;0.0;0.0;0.0;0.0
2030-08-24 23:00:00;532.1016932358973;1075.0844963913657;0.0;210.02100210021004;0.0;0.0;0.0;0.0
2030-08-25 00:00:00;531.3963137362811;1075.0844963913657;0.0;210.02100210021004;0.0;0.0;0.0;0.0
2030-08-25 01:00:00;530.9376485291049;1075.0844963913657;0.0;210.02100210021004;0.0;0.0;0.0;0.0
2030-08-25 02:00:00;530.8851163239003;1075.0844963913657;0.0;210.02100210021004;0.0;0.0;0.0;0.0
2030-08-25 03:00:00;530.7916579165025;1075.0844963913657;0.0;210.02100210021004;0.0;0.0;0.0;0.0
2030-08-25 04:00:00;530.8168167350982;1075.0844963913657;0.0;210.02100210021004;0.0;0.0;0.0;0.0
2030-08-25 05:00:00;530.7603381690731;1075.0844963913657;0.0;210.02100210021004;0.0;0.0;0.0;0.0
2030-08-25 06:00:00;530.677717238968;1075.0844963913657;0.0;210.02100210021004;0.0;0.0;0.0;0.0
2030-08-25 07:00:00;530.9962772950902;1075.0844963913657;0.0;210.02100210021004;0.0;0.0;0.0;0.0
2030-08-25 08:00:00;530.9232628520546;1075.0844963913657;0.0;210.02100210021004;0.0;0.0;0.0;0.0
2030-08-25 09:00:00;530.4546793450169;1075.0844963913657;0.0;210.02100210021004;0.0;0.0;0.0;0.0
2030-08-25 10:00:00;530.4633646620829;1075.0844963913657;0.0;210.02100210021004;0.0;0.0;0.0;0.0
2030-08-25 11:00:00;484.8911047546089;1075.0844963913657;0.0;210.02100210021004;0.0;0.0;0.0;0.0
2030-08-25 12:00:00;466.6546035988178;1075.0844963913657;0.0;210.02100210021004;0.0;0.0;0.0;0.0
2030-08-25 13:00:00;466.0678936209577;1075.0844963913657;0.0;210.02100210021004;0.0;0.0;0.0;0.0
2030-08-25 14:00:00;530.2285337679002;1075.0844963913657;0.0;210.02100210021004;0.0;0.0;0.0;0.0
2030-08-25 15:00:00;530.6312394328473;1075.0844963913657;0.0;210.02100210021004;0.0;0.0;0.0;0.0
2030-08-25 16:00:00;531.5679640023692;1075.0844963913657;0.0;210.02100210021004;0.0;0.0;0.0;0.0
2030-08-25 17:00:00;531.8235104076656;1075.0844963913657;0.0;210.02100210021004;0.0;0.0;0.0;0.0
2030-08-25 18:00:00;532.0159365677761;1075.0844963913657;0.0;210.02100210021004;0.0;0.0;0.0;0.0
2030-08-25 19:00:00;532.0402626218224;1075.0844963913657;0.0;210.02100210021004;0.0;0.0;0.0;0.0
2030-08-25 20:00:00;532.131987211535;1075.0844963913657;0.0;210.02100210021004;0.0;0.0;0.0;0.0
2030-08-25 21:00:00;532.485374948803;1075.0844963913657;0.0;210.02100210021004;0.0;0.0;0.0;0.0
2030-08-25 22:00:00;532.4669181922765;1075.0844963913657;0.0;210.02100210021004;0.0;0.0;0.0;0.0
2030-08-25 23:00:00;532.5555733722923;1075.0844963913657;0.0;210.02100210021004;0.0;0.0;0.0;0.0
2030-08-26 00:00:00;532.8534439795794;1075.0844963913657;0.0;210.02100210021004;0.0;0.0;0.0;0.0
2030-08-26 01:00:00;532.9280675216445;1075.0844963913657;0.0;210.02100210021004;0.0;0.0;0.0;0.0
2030-08-26 02:00:00;533.1261940417394;1075.0844963913657;0.0;210.02100210021004;0.0;0.0;0.0;0.0
2030-08-26 03:00:00;533.2213420802481;1075.0844963913657;0.0;210.02100210021004;0.0;0.0;0.0;0.0
2030-08-26 04:00:00;533.1135422146795;1075.0844963913657;0.0;210.02100210021004;0.0;0.0;0.0;0.0
2030-08-26 05:00:00;533.2576944078086;1075.0844963913657;0.0;210.02100210021004;0.0;0.0;0.0;0.0
2030-08-26 06:00:00;469.4045751891685;1075.0844963913657;0.0;210.02100210021004;0.0;0.0;0.0;0.0
2030-08-26 07:00:00;469.9361301207245;1075.0844963913657;0.0;210.02100210021004;0.0;0.0;0.0;0.0
2030-08-26 08:00:00;469.8791487272374;1075.0844963913657;0.0;210.02100210021004;0.0;0.0;0.0;0.0
2030-08-26 09:00:00;469.9182788008756;1075.0844963913657;0.0;210.02100210021004;0.0;0.0;0.0;0.0
2030-08-26 10:00:00;469.7415517680818;1075.0844963913657;0.0;210.02100210021004;0.0;0.0;0.0;0.0
2030-08-26 11:00:00;469.6330418640472;1075.0844963913657;0.0;210.02100210021004;0.0;0.0;0.0;0.0
2030-08-26 12:00:00;469.4794300119442;1075.0844963913657;0.0;210.02100210021004;0.0;0.0;0.0;0.0
2030-08-26 13:00:00;469.316360461134;1075.0844963913657;0.0;210.02100210021004;0.0;0.0;0.0;0.0
2030-08-26 14:00:00;469.972963166307;1075.0844963913657;0.0;210.02100210021004;0.0;0.0;0.0;0.0
2030-08-26 15:00:00;469.9754030696193;1075.0844963913657;0.0;210.02100210021004;0.0;0.0;0.0;0.0
2030-08-26 16:00:00;469.6436038740553;1075.0844963913657;0.0;210.02100210021004;0.0;0.0;0.0;0.0
2030-08-26 17:00:00;469.3113058038683;1075.0844963913657;0.0;210.02100210021004;0.0;0.0;0.0;0.0
2030-08-26 18:00:00;469.7604067825877;1075.0844963913657;0.0;210.02100210021004;0.0;0.0;0.0;0.0
2030-08-26 19:00:00;469.8186633851779;1075.0844963913657;0.0;210.02100210021004;0.0;0.0;0.0;0.0
2030-08-26 20:00:00;469.7000844326525;1075.0844963913657;0.0;210.02100210021004;0.0;0.0;0.0;0.0
2030-08-26 21:00:00;469.8817796775248;1075.0844963913657;0.0;210.02100210021004;0.0;0.0;0.0;0.0
2030-08-26 22:00:00;469.395137607329;1075.0844963913657;0.0;210.02100210021004;0.0;0.0;0.0;0.0
2030-08-26 23:00:00;468.6706536882007;1075.0844963913657;0.0;210.02100210021004;0.0;0.0;0.0;0.0
2030-08-27 00:00:00;468.8252893195233;1075.0844963913657;0.0;210.02100210021004;0.0;0.0;0.0;0.0
2030-08-27 01:00:00;468.9425307197702;1075.0844963913657;0.0;210.02100210021004;0.0;0.0;0.0;0.0
2030-08-27 02:00:00;469.2919077281651;1075.0844963913657;0.0;210.02100210021004;0.0;0.0;0.0;0.0
2030-08-27 03:00:00;469.2750580780958;1075.0844963913657;0.0;210.02100210021004;0.0;0.0;0.0;0.0
2030-08-27 04:00:00;469.0136866264646;1075.0844963913657;0.0;210.02100210021004;0.0;0.0;0.0;0.0
2030-08-27 05:00:00;469.0362587136527;1075.0844963913657;0.0;210.02100210021004;0.0;0.0;0.0;0.0
2030-08-27 06:00:00;469.1713897072173;1075.0844963913657;0.0;210.02100210021004;0.0;0.0;0.0;0.0
2030-08-27 07:00:00;469.9404526623898;1075.0844963913657;0.0;210.02100210021004;0.0;0.0;0.0;0.0
2030-08-27 08:00:00;469.9775532695795;1075.0844963913657;0.0;210.02100210021004;0.0;0.0;0.0;0.0
2030-08-27 09:00:00;469.9511875304667;1075.0844963913657;0.0;210.02100210021004;0.0;0.0;0.0;0.0
2030-08-27 10:00:00;469.8097045610938;1075.0844963913657;0.0;210.02100210021004;0.0;0.0;0.0;0.0
2030-08-27 11:00:00;469.6336453404584;1075.0844963913657;0.0;210.02100210021004;0.0;0.0;0.0;0.0
2030-08-27 12:00:00;469.2598175593615;1075.0844963913657;0.0;210.02100210021004;0.0;0.0;0.0;0.0
2030-08-27 13:00:00;469.1767581375417;1075.0844963913657;0.0;210.02100210021004;0.0;0.0;0.0;0.0
2030-08-27 14:00:00;469.0583058639391;1075.0844963913657;0.0;210.02100210021004;0.0;0.0;0.0;0.0
2030-08-27 15:00:00;468.9884030892131;1075.0844963913657;0.0;210.02100210021004;0.0;0.0;0.0;0.0
2030-08-27 16:00:00;469.2089730250012;1075.0844963913657;0.0;210.02100210021004;0.0;0.0;0.0;0.0
2030-08-27 17:00:00;469.3667645435129;1075.0844963913657;0.0;210.02100210021004;0.0;0.0;0.0;0.0
2030-08-27 18:00:00;469.3732352925663;1075.0844963913657;0.0;210.02100210021004;0.0;0.0;0.0;0.0
2030-08-27 19:00:00;469.5857494499779;1075.0844963913657;0.0;210.02100210021004;0.0;0.0;0.0;0.0
2030-08-27 20:00:00;469.3095940956227;1075.0844963913657;0.0;210.02100210021004;0.0;0.0;0.0;0.0
2030-08-27 21:00:00;495.1983549246408;1075.0844963913657;0.0;210.02100210021004;0.0;0.0;0.0;0.0
2030-08-27 22:00:00;533.2423472947142;1075.0844963913657;0.0;210.02100210021004;0.0;0.0;0.0;0.0
2030-08-27 23:00:00;532.9426824868334;1075.0844963913657;0.0;210.02100210021004;0.0;0.0;0.0;0.0
2030-08-28 00:00:00;533.0663342532251;1075.0844963913657;0.0;210.02100210021004;0.0;0.0;0.0;0.0
2030-08-28 01:00:00;532.9463995595154;1075.0844963913657;0.0;210.02100210021004;0.0;0.0;0.0;0.0
2030-08-28 02:00:00;533.1108891872575;1075.0844963913657;0.0;210.02100210021004;0.0;0.0;0.0;0.0
2030-08-28 03:00:00;533.2465431251517;1075.0844963913657;0.0;210.02100210021004;0.0;0.0;0.0;0.0
2030-08-28 04:00:00;533.1338977735879;1075.0844963913657;0.0;210.02100210021004;0.0;0.0;0.0;0.0
2030-08-28 05:00:00;533.2361883261475;1075.0844963913657;0.0;210.02100210021004;0.0;0.0;0.0;0.0
2030-08-28 06:00:00;533.8760057169987;1075.0844963913657;0.0;210.02100210021004;0.0;0.0;0.0;0.0
2030-08-28 07:00:00;534.0812104153966;1075.0844963913657;0.0;210.02100210021004;0.0;0.0;0.0;0.0
2030-08-28 08:00:00;534.1311337474483;1075.0844963913657;0.0;210.02100210021004;0.0;0.0;0.0;0.0
2030-08-28 09:00:00;470.1710253506544;1075.0844963913657;0.0;210.02100210021004;0.0;0.0;0.0;0.0
2030-08-28 10:00:00;470.161881425006;1075.0844963913657;0.0;210.02100210021004;0.0;0.0;0.0;0.0
2030-08-28 11:00:00;470.049759017772;1075.0844963913657;0.0;210.02100210021004;0.0;0.0;0.0;0.0
2030-08-28 12:00:00;470.1756837425131;1075.0844963913657;0.0;210.02100210021004;0.0;0.0;0.0;0.0
2030-08-28 13:00:00;470.1828444131646;1075.0844963913657;0.0;210.02100210021004;0.0;0.0;0.0;0.0
2030-08-28 14:00:00;469.9130994249542;1075.0844963913657;0.0;210.02100210021004;0.0;0.0;0.0;0.0
2030-08-28 15:00:00;469.7065994005855;1075.0844963913657;0.0;210.02100210021004;0.0;0.0;0.0;0.0
2030-08-28 16:00:00;469.6987709177756;1075.0844963913657;0.0;210.02100210021004;0.0;0.0;0.0;0.0
2030-08-28 17:00:00;469.8771453553729;1075.0844963913657;0.0;210.02100210021004;0.0;0.0;0.0;0.0
2030-08-28 18:00:00;469.9531889420645;1075.0844963913657;0.0;210.02100210021004;0.0;0.0;0.0;0.0
2030-08-28 19:00:00;479.8587272993107;1075.0844963913657;0.0;210.02100210021004;0.0;0.0;0.0;0.0
2030-08-28 20:00:00;470.2179013824489;1075.0844963913657;0.0;210.02100210021004;0.0;0.0;0.0;0.0
2030-08-28 21:00:00;470.2483039127136;1075.0844963913657;0.0;210.02100210021004;0.0;0.0;0.0;0.0
2030-08-28 22:00:00;469.9899998782072;1075.0844963913657;0.0;210.02100210021004;0.0;0.0;0.0;0.0
2030-08-28 23:00:00;469.7169360429886;1075.0844963913657;0.0;210.02100210021004;0.0;0.0;0.0;0.0
2030-08-29 00:00:00;469.8971910940614;1075.0844963913657;0.0;210.02100210021004;0.0;0.0;0.0;0.0
2030-08-29 01:00:00;469.9972027751663;1075.0844963913657;0.0;210.02100210021004;0.0;0.0;0.0;0.0
2030-08-29 02:00:00;469.9768673331255;1075.0844963913657;0.0;210.02100210021004;0.0;0.0;0.0;0.0
2030-08-29 03:00:00;469.9219315378105;1075.0844963913657;0.0;210.02100210021004;0.0;0.0;0.0;0.0
2030-08-29 04:00:00;470.0761709360312;1075.0844963913657;0.0;210.02100210021004;0.0;0.0;0.0;0.0
2030-08-29 05:00:00;469.894956409181;1075.0844963913657;0.0;210.02100210021004;0.0;0.0;0.0;0.0
2030-08-29 06:00:00;470.5177130184254;1075.0844963913657;0.0;210.02100210021004;0.0;0.0;0.0;0.0
2030-08-29 07:00:00;470.888785130579;1075.0844963913657;0.0;210.02100210021004;0.0;0.0;0.0;0.0
2030-08-29 08:00:00;470.7706505828741;1075.0844963913657;0.0;210.02100210021004;0.0;0.0;0.0;0.0
2030-08-29 09:00:00;470.5162909812267;1075.0844963913657;0.0;210.02100210021004;0.0;0.0;0.0;0.0
2030-08-29 10:00:00;470.2810618613702;1075.0844963913657;0.0;210.02100210021004;0.0;0.0;0.0;0.0
2030-08-29 11:00:00;470.7094733589495;1075.0844963913657;0.0;210.02100210021004;0.0;0.0;0.0;0.0
2030-08-29 12:00:00;470.6370402828852;1075.0844963913657;0.0;210.02100210021004;0.0;0.0;0.0;0.0
2030-08-29 13:00:00;470.6511323037444;1075.0844963913657;0.0;210.02100210021004;0.0;0.0;0.0;0.0
2030-08-29 14:00:00;470.7134600181161;1075.0844963913657;0.0;210.02100210021004;0.0;0.0;0.0;0.0
2030-08-29 15:00:00;471.0114936175276;1075.0844963913657;0.0;210.02100210021004;0.0;0.0;0.0;0.0
2030-08-29 16:00:00;471.0361776312071;1075.0844963913657;0.0;210.02100210021004;0.0;0.0;0.0;0.0
2030-08-29 17:00:00;470.6987163814327;1075.0844963913657;0.0;210.02100210021004;0.0;0.0;0.0;0.0
2030-08-29 18:00:00;534.9638963222059;1075.0844963913657;0.0;210.02100210021004;0.0;0.0;0.0;0.0
2030-08-29 19:00:00;534.9205100352218;1075.0844963913657;0.0;210.02100210021004;0.0;0.0;0.0;0.0
2030-08-29 20:00:00;534.8081342701427;1075.0844963913657;0.0;210.02100210021004;0.0;0.0;0.0;0.0
2030-08-29 21:00:00;534.7752697271259;1075.0844963913657;0.0;210.02100210021004;0.0;0.0;0.0;0.0
2030-08-29 22:00:00;534.4587974954832;1075.0844963913657;0.0;210.02100210021004;0.0;0.0;0.0;0.0
2030-08-29 23:00:00;534.3701423154673;1075.0844963913657;0.0;210.02100210021004;0.0;0.0;0.0;0.0
2030-08-30 00:00:00;534.7867750165772;1075.0844963913657;0.0;210.02100210021004;0.0;0.0;0.0;0.0
2030-08-30 01:00:00;534.5050680905999;1075.0844963913657;0.0;210.02100210021004;0.0;0.0;0.0;0.0
2030-08-30 02:00:00;470.1705465928991;1075.0844963913657;0.0;210.02100210021004;0.0;0.0;0.0;0.0
2030-08-30 03:00:00;534.4447256237971;1075.0844963913657;0.0;210.02100210021004;0.0;0.0;0.0;0.0
2030-08-30 04:00:00;534.5028535548926;1075.0844963913657;0.0;210.02100210021004;0.0;0.0;0.0;0.0
2030-08-30 05:00:00;534.5516283890689;1075.0844963913657;0.0;210.02100210021004;0.0;0.0;0.0;0.0
2030-08-30 06:00:00;534.7039871415088;1075.0844963913657;0.0;210.02100210021004;0.0;0.0;0.0;0.0
2030-08-30 07:00:00;534.9990598535451;1075.0844963913657;0.0;210.02100210021004;0.0;0.0;0.0;0.0
2030-08-30 08:00:00;470.9493589103978;1075.0844963913657;0.0;210.02100210021004;0.0;0.0;0.0;0.0
2030-08-30 09:00:00;471.5035684214901;1075.0844963913657;0.0;210.02100210021004;0.0;0.0;0.0;0.0
2030-08-30 10:00:00;470.386900581382;1075.0844963913657;0.0;210.02100210021004;0.0;0.0;0.0;0.0
2030-08-30 11:00:00;470.475245941178;1075.0844963913657;0.0;210.02100210021004;0.0;0.0;0.0;0.0
2030-08-30 12:00:00;470.4271550831888;1075.0844963913657;0.0;210.02100210021004;0.0;0.0;0.0;0.0
2030-08-30 13:00:00;470.1007886536967;1075.0844963913657;0.0;210.02100210021004;0.0;0.0;0.0;0.0
2030-08-30 14:00:00;470.1701724369318;1075.0844963913657;0.0;210.02100210021004;0.0;0.0;0.0;0.0
2030-08-30 15:00:00;470.2832965462507;1075.0844963913657;0.0;210.02100210021004;0.0;0.0;0.0;0.0
2030-08-30 16:00:00;470.1435071285223;1075.0844963913657;0.0;210.02100210021004;0.0;0.0;0.0;0.0
2030-08-30 17:00:00;470.4106815816589;1075.0844963913657;0.0;210.02100210021004;0.0;0.0;0.0;0.0
2030-08-30 18:00:00;470.4810911366857;1075.0844963913657;0.0;210.02100210021004;0.0;0.0;0.0;0.0
2030-08-30 19:00:00;470.4948090015776;1075.0844963913657;0.0;210.02100210021004;0.0;0.0;0.0;0.0
2030-08-30 20:00:00;470.7696891468298;1075.0844963913657;0.0;210.02100210021004;0.0;0.0;0.0;0.0
2030-08-30 21:00:00;470.8813126794408;1075.0844963913657;0.0;210.02100210021004;0.0;0.0;0.0;0.0
2030-08-30 22:00:00;470.5980791467821;1075.0844963913657;0.0;210.02100210021004;0.0;0.0;0.0;0.0
2030-08-30 23:00:00;470.1417531939692;1075.0844963913657;0.0;210.02100210021004;0.0;0.0;0.0;0.0
2030-08-31 00:00:00;469.7978653817158;1075.0844963913657;0.0;210.02100210021004;0.0;0.0;0.0;0.0
2030-08-31 01:00:00;469.7792175782139;1075.0844963913657;0.0;210.02100210021004;0.0;0.0;0.0;0.0
2030-08-31 02:00:00;469.5938695641016;1075.0844963913657;0.0;210.02100210021004;0.0;0.0;0.0;0.0
2030-08-31 03:00:00;469.4387772844636;1075.0844963913657;0.0;210.02100210021004;0.0;0.0;0.0;0.0
2030-08-31 04:00:00;469.3410385617078;1075.0844963913657;0.0;210.02100210021004;0.0;0.0;0.0;0.0
2030-08-31 05:00:00;469.4292331405693;1075.0844963913657;0.0;210.02100210021004;0.0;0.0;0.0;0.0
2030-08-31 06:00:00;469.6232703922814;1075.0844963913657;0.0;210.02100210021004;0.0;0.0;0.0;0.0
2030-08-31 07:00:00;469.7897855013277;1075.0844963913657;0.0;210.02100210021004;0.0;0.0;0.0;0.0
2030-08-31 08:00:00;470.1114773426271;1075.0844963913657;0.0;210.02100210021004;0.0;0.0;0.0;0.0
2030-08-31 09:00:00;470.0644765921768;1075.0844963913657;0.0;210.02100210021004;0.0;0.0;0.0;0.0
2030-08-31 10:00:00;468.9304199936412;1075.0844963913657;0.0;210.02100210021004;0.0;0.0;0.0;0.0
2030-08-31 11:00:00;468.4525452706629;1075.0844963913657;0.0;210.02100210021004;0.0;0.0;0.0;0.0
2030-08-31 12:00:00;468.9429257563183;1075.0844963913657;0.0;210.02100210021004;0.0;0.0;0.0;0.0
2030-08-31 13:00:00;467.9562527415165;1075.0844963913657;0.0;210.02100210021004;0.0;0.0;0.0;0.0
2030-08-31 14:00:00;468.3225984779835;1075.0844963913657;0.0;210.02100210021004;0.0;0.0;0.0;0.0
2030-08-31 15:00:00;468.172098413079;1075.0844963913657;0.0;210.02100210021004;0.0;0.0;0.0;0.0
2030-08-31 16:00:00;468.5244817234499;1075.0844963913657;0.0;210.02100210021004;0.0;0.0;0.0;0.0
2030-08-31 17:00:00;469.5011816446377;1075.0844963913657;0.0;210.02100210021004;0.0;0.0;0.0;0.0
2030-08-31 18:00:00;469.8309884704307;1075.0844963913657;0.0;210.02100210021004;0.0;0.0;0.0;0.0
2030-08-31 19:00:00;469.9618742591305;1075.0844963913657;0.0;210.02100210021004;0.0;0.0;0.0;0.0
2030-08-31 20:00:00;469.7170204956037;1075.0844963913657;0.0;210.02100210021004;0.0;0.0;0.0;0.0
2030-08-31 21:00:00;469.5919506448521;1075.0844963913657;0.0;210.02100210021004;0.0;0.0;0.0;0.0
2030-08-31 22:00:00;469.6422078991354;1075.0844963913657;0.0;210.02100210021004;0.0;0.0;0.0;0.0
2030-08-31 23:00:00;469.3162337822114;1075.0844963913657;0.0;210.02100210021004;0.0;0.0;0.0;0.0
2030-09-01 00:00:00;468.1622030655857;1075.0844963913657;0.0;210.02100210021004;0.0;0.0;0.0;0.0
2030-09-01 01:00:00;467.0978994337166;1075.0844963913657;0.0;210.02100210021004;0.0;0.0;0.0;0.0
2030-09-01 02:00:00;466.4385606284401;1075.0844963913657;0.0;210.02100210021004;0.0;0.0;0.0;0.0
2030-09-01 03:00:00;466.3003525823488;1075.0844963913657;0.0;210.02100210021004;0.0;0.0;0.0;0.0
2030-09-01 04:00:00;466.3174742570024;1075.0844963913657;0.0;210.02100210021004;0.0;0.0;0.0;0.0
2030-09-01 05:00:00;466.4919955049046;1075.0844963913657;0.0;210.02100210021004;0.0;0.0;0.0;0.0
2030-09-01 06:00:00;466.8374066805277;1075.0844963913657;0.0;210.02100210021004;0.0;0.0;0.0;0.0
2030-09-01 07:00:00;466.7512899224337;1075.0844963913657;0.0;210.02100210021004;0.0;0.0;0.0;0.0
2030-09-01 08:00:00;466.9016447345309;1075.0844963913657;0.0;210.02100210021004;0.0;0.0;0.0;0.0
2030-09-01 09:00:00;467.1632087271731;1075.0844963913657;0.0;210.02100210021004;0.0;0.0;0.0;0.0
2030-09-01 10:00:00;467.0607328716634;1075.0844963913657;0.0;210.02100210021004;0.0;0.0;0.0;0.0
2030-09-01 11:00:00;467.029140386088;1075.0844963913657;0.0;210.02100210021004;0.0;0.0;0.0;0.0
2030-09-01 12:00:00;466.9697864577286;1075.0844963913657;0.0;210.02100210021004;0.0;0.0;0.0;0.0
2030-09-01 13:00:00;466.6694218089516;1075.0844963913657;0.0;210.02100210021004;0.0;0.0;0.0;0.0
2030-09-01 14:00:00;466.2204816949662;1075.0844963913657;0.0;210.02100210021004;0.0;0.0;0.0;0.0
2030-09-01 15:00:00;466.2003097113604;1075.0844963913657;0.0;210.02100210021004;0.0;0.0;0.0;0.0
2030-09-01 16:00:00;466.8548551739978;1075.0844963913657;0.0;210.02100210021004;0.0;0.0;0.0;0.0
2030-09-01 17:00:00;467.9943634468167;1075.0844963913657;0.0;210.02100210021004;0.0;0.0;0.0;0.0
2030-09-01 18:00:00;469.0335746562346;1075.0844963913657;0.0;210.02100210021004;0.0;0.0;0.0;0.0
2030-09-01 19:00:00;469.4026330934748;1075.0844963913657;0.0;210.02100210021004;0.0;0.0;0.0;0.0
2030-09-01 20:00:00;469.496059644565;1075.0844963913657;0.0;210.02100210021004;0.0;0.0;0.0;0.0
2030-09-01 21:00:00;482.7509103791958;1075.0844963913657;0.0;210.02100210021004;0.0;0.0;0.0;0.0
2030-09-01 22:00:00;533.582833767611;1075.0844963913657;0.0;210.02100210021004;0.0;0.0;0.0;0.0
2030-09-01 23:00:00;533.6785450164904;1075.0844963913657;0.0;210.02100210021004;0.0;0.0;0.0;0.0
2030-09-02 00:00:00;533.350338207258;1075.0844963913657;0.0;210.02100210021004;0.0;0.0;0.0;0.0
2030-09-02 01:00:00;533.1346701552292;1075.0844963913657;0.0;210.02100210021004;0.0;0.0;0.0;0.0
2030-09-02 02:00:00;533.1546535507425;1075.0844963913657;0.0;210.02100210021004;0.0;0.0;0.0;0.0
2030-09-02 03:00:00;533.1994397654854;1075.0844963913657;0.0;210.02100210021004;0.0;0.0;0.0;0.0
2030-09-02 04:00:00;533.7542124869481;1075.0844963913657;0.0;210.02100210021004;0.0;0.0;0.0;0.0
2030-09-02 05:00:00;534.2785444046773;1075.0844963913657;0.0;210.02100210021004;0.0;0.0;0.0;0.0
2030-09-02 06:00:00;535.1274706607448;1075.0844963913657;0.0;210.02100210021004;0.0;0.0;0.0;0.0
2030-09-02 07:00:00;534.9418069133068;1075.0844963913657;0.0;210.02100210021004;0.0;0.0;0.0;0.0
2030-09-02 08:00:00;498.5231964864007;1075.0844963913657;0.0;210.02100210021004;0.0;0.0;0.0;0.0
2030-09-02 09:00:00;470.6511342640111;1075.0844963913657;0.0;210.02100210021004;0.0;0.0;0.0;0.0
2030-09-02 10:00:00;470.5037658330896;1075.0844963913657;0.0;210.02100210021004;0.0;0.0;0.0;0.0
2030-09-02 11:00:00;470.4696683395826;1075.0844963913657;0.0;210.02100210021004;0.0;0.0;0.0;0.0
2030-09-02 12:00:00;470.3090205354837;1075.0844963913657;0.0;210.02100210021004;0.0;0.0;0.0;0.0
2030-09-02 13:00:00;470.3287544936856;1075.0844963913657;0.0;210.02100210021004;0.0;0.0;0.0;0.0
2030-09-02 14:00:00;470.1484994426128;1075.0844963913657;0.0;210.02100210021004;0.0;0.0;0.0;0.0
2030-09-02 15:00:00;470.345392979912;1075.0844963913657;0.0;210.02100210021004;0.0;0.0;0.0;0.0
2030-09-02 16:00:00;470.4494978822382;1075.0844963913657;0.0;210.02100210021004;0.0;0.0;0.0;0.0
2030-09-02 17:00:00;470.5087360377403;1075.0844963913657;0.0;210.02100210021004;0.0;0.0;0.0;0.0
2030-09-02 18:00:00;470.6554165396357;1075.0844963913657;0.0;210.02100210021004;0.0;0.0;0.0;0.0
2030-09-02 19:00:00;470.6454118268923;1075.0844963913657;0.0;210.02100210021004;0.0;0.0;0.0;0.0
2030-09-02 20:00:00;470.8186309259695;1075.0844963913657;0.0;210.02100210021004;0.0;0.0;0.0;0.0
2030-09-02 21:00:00;470.8053495925253;1075.0844963913657;0.0;210.02100210021004;0.0;0.0;0.0;0.0
2030-09-02 22:00:00;470.5152288962333;1075.0844963913657;0.0;210.02100210021004;0.0;0.0;0.0;0.0
2030-09-02 23:00:00;470.1886714520713;1075.0844963913657;0.0;210.02100210021004;0.0;0.0;0.0;0.0
2030-09-03 00:00:00;470.4938254560936;1075.0844963913657;0.0;210.02100210021004;0.0;0.0;0.0;0.0
2030-09-03 01:00:00;470.4891086415934;1075.0844963913657;0.0;210.02100210021004;0.0;0.0;0.0;0.0
2030-09-03 02:00:00;470.3752101903665;1075.0844963913657;0.0;210.02100210021004;0.0;0.0;0.0;0.0
2030-09-03 03:00:00;470.0284581868482;1075.0844963913657;0.0;210.02100210021004;0.0;0.0;0.0;0.0
2030-09-03 04:00:00;470.0224278897763;1075.0844963913657;0.0;210.02100210021004;0.0;0.0;0.0;0.0
2030-09-03 05:00:00;534.6450867964669;1075.0844963913657;0.0;210.02100210021004;0.0;0.0;0.0;0.0
2030-09-03 06:00:00;535.2575730593223;1075.0844963913657;0.0;210.02100210021004;0.0;0.0;0.0;0.0
2030-09-03 07:00:00;535.3533245742424;1075.0844963913657;0.0;210.02100210021004;0.0;0.0;0.0;0.0
2030-09-03 08:00:00;534.9367542486132;1075.0844963913657;0.0;210.02100210021004;0.0;0.0;0.0;0.0
2030-09-03 09:00:00;470.8560895250976;1075.0844963913657;0.0;210.02100210021004;0.0;0.0;0.0;0.0
2030-09-03 10:00:00;471.0831361553499;1075.0844963913657;0.0;210.02100210021004;0.0;0.0;0.0;0.0
2030-09-03 11:00:00;471.1259371225239;1075.0844963913657;0.0;210.02100210021004;0.0;0.0;0.0;0.0
2030-09-03 12:00:00;470.9794255581638;1075.0844963913657;0.0;210.02100210021004;0.0;0.0;0.0;0.0
2030-09-03 13:00:00;471.0820298837822;1075.0844963913657;0.0;210.02100210021004;0.0;0.0;0.0;0.0
2030-09-03 14:00:00;471.0977692771397;1075.0844963913657;0.0;210.02100210021004;0.0;0.0;0.0;0.0
2030-09-03 15:00:00;471.184797201525;1075.0844963913657;0.0;210.02100210021004;0.0;0.0;0.0;0.0
2030-09-03 16:00:00;535.360861361128;1075.0844963913657;0.0;210.02100210021004;0.0;0.0;0.0;0.0
2030-09-03 17:00:00;535.6997588518628;1075.0844963913657;0.0;210.02100210021004;0.0;0.0;0.0;0.0
2030-09-03 18:00:00;535.4354466297244;1075.0844963913657;0.0;210.02100210021004;0.0;0.0;0.0;0.0
2030-09-03 19:00:00;534.9271919481179;1075.0844963913657;0.0;210.02100210021004;0.0;0.0;0.0;0.0
2030-09-03 20:00:00;534.6912508295288;1075.0844963913657;0.0;210.02100210021004;0.0;0.0;0.0;0.0
2030-09-03 21:00:00;534.7128835901125;1075.0844963913657;0.0;210.02100210021004;0.0;0.0;0.0;0.0
2030-09-03 22:00:00;534.4179557135996;1075.0844963913657;0.0;210.02100210021004;0.0;0.0;0.0;0.0
2030-09-03 23:00:00;534.549248868665;1075.0844963913657;0.0;210.02100210021004;0.0;0.0;0.0;0.0
2030-09-04 00:00:00;534.7048238588973;1075.0844963913657;0.0;210.02100210021004;0.0;0.0;0.0;0.0
2030-09-04 01:00:00;534.8205808464651;1075.0844963913657;0.0;210.02100210021004;0.0;0.0;0.0;0.0
2030-09-04 02:00:00;534.7800125715995;1075.0844963913657;0.0;210.02100210021004;0.0;0.0;0.0;0.0
2030-09-04 03:00:00;534.7715747315782;1075.0844963913657;0.0;210.02100210021004;0.0;0.0;0.0;0.0
2030-09-04 04:00:00;534.831645683935;1075.0844963913657;0.0;210.02100210021004;0.0;0.0;0.0;0.0
2030-09-04 05:00:00;534.7852322135617;1075.0844963913657;0.0;210.02100210021004;0.0;0.0;0.0;0.0
2030-09-04 06:00:00;535.2733365546916;1075.0844963913657;0.0;210.02100210021004;0.0;0.0;0.0;0.0
2030-09-04 07:00:00;535.2059964093615;1075.0844963913657;0.0;210.02100210021004;0.0;0.0;0.0;0.0
2030-09-04 08:00:00;535.2298215962128;1075.0844963913657;0.0;210.02100210021004;0.0;0.0;0.0;0.0
2030-09-04 09:00:00;535.0108145803081;1075.0844963913657;0.0;210.02100210021004;0.0;0.0;0.0;0.0
2030-09-04 10:00:00;534.7366645903894;1075.0844963913657;0.0;210.02100210021004;0.0;0.0;0.0;0.0
2030-09-04 11:00:00;534.4654774481127;1075.0844963913657;0.0;210.02100210021004;0.0;0.0;0.0;0.0
2030-09-04 12:00:00;534.0715857717263;1075.0844963913657;0.0;210.02100210021004;0.0;0.0;0.0;0.0
2030-09-04 13:00:00;534.7025690571492;1075.0844963913657;0.0;210.02100210021004;0.0;0.0;0.0;0.0
2030-09-04 14:00:00;534.9557339494695;1075.0844963913657;0.0;210.02100210021004;0.0;0.0;0.0;0.0
2030-09-04 15:00:00;535.1202034280385;1075.0844963913657;0.0;210.02100210021004;0.0;0.0;0.0;0.0
2030-09-04 16:00:00;534.9212401905554;1075.0844963913657;0.0;210.02100210021004;0.0;0.0;0.0;0.0
2030-09-04 17:00:00;534.9425591780802;1075.0844963913657;0.0;210.02100210021004;0.0;0.0;0.0;0.0
2030-09-04 18:00:00;534.3032023883833;1075.0844963913657;0.0;210.02100210021004;0.0;0.0;0.0;0.0
2030-09-04 19:00:00;534.8522948990347;1075.0844963913657;0.0;210.02100210021004;0.0;0.0;0.0;0.0
2030-09-04 20:00:00;534.7467056163345;1075.0844963913657;0.0;210.02100210021004;0.0;0.0;0.0;0.0
2030-09-04 21:00:00;534.5130433692001;1075.0844963913657;0.0;210.02100210021004;0.0;0.0;0.0;0.0
2030-09-04 22:00:00;534.3723166174394;1075.0844963913657;0.0;210.02100210021004;0.0;0.0;0.0;0.0
2030-09-04 23:00:00;534.1180414684071;1075.0844963913657;0.0;210.02100210021004;0.0;0.0;0.0;0.0
2030-09-05 00:00:00;533.7157320688672;1075.0844963913657;0.0;210.02100210021004;0.0;0.0;0.0;0.0
2030-09-05 01:00:00;534.0151877054773;1075.0844963913657;0.0;210.02100210021004;0.0;0.0;0.0;0.0
2030-09-05 02:00:00;533.9298533650417;1075.0844963913657;0.0;210.02100210021004;0.0;0.0;0.0;0.0
2030-09-05 03:00:00;533.6343622781585;1075.0844963913657;0.0;210.02100210021004;0.0;0.0;0.0;0.0
2030-09-05 04:00:00;533.6503369050653;1075.0844963913657;0.0;210.02100210021004;0.0;0.0;0.0;0.0
2030-09-05 05:00:00;533.8204424078714;1075.0844963913657;0.0;210.02100210021004;0.0;0.0;0.0;0.0
2030-09-05 06:00:00;534.885286120974;1075.0844963913657;0.0;210.02100210021004;0.0;0.0;0.0;0.0
2030-09-05 07:00:00;535.0988422142061;1075.0844963913657;0.0;210.02100210021004;0.0;0.0;0.0;0.0
2030-09-05 08:00:00;535.2880138630557;1075.0844963913657;0.0;210.02100210021004;0.0;0.0;0.0;0.0
2030-09-05 09:00:00;470.8357943490975;1075.0844963913657;0.0;210.02100210021004;0.0;0.0;0.0;0.0
2030-09-05 10:00:00;470.7111629900604;1075.0844963913657;0.0;210.02100210021004;0.0;0.0;0.0;0.0
2030-09-05 11:00:00;470.6829327691956;1075.0844963913657;0.0;210.02100210021004;0.0;0.0;0.0;0.0
2030-09-05 12:00:00;470.4053794473484;1075.0844963913657;0.0;210.02100210021004;0.0;0.0;0.0;0.0
2030-09-05 13:00:00;470.5449616540728;1075.0844963913657;0.0;210.02100210021004;0.0;0.0;0.0;0.0
2030-09-05 14:00:00;470.031529589117;1075.0844963913657;0.0;210.02100210021004;0.0;0.0;0.0;0.0
2030-09-05 15:00:00;470.913945941747;1075.0844963913657;0.0;210.02100210021004;0.0;0.0;0.0;0.0
2030-09-05 16:00:00;470.7304363471079;1075.0844963913657;0.0;210.02100210021004;0.0;0.0;0.0;0.0
2030-09-05 17:00:00;470.8617073927336;1075.0844963913657;0.0;210.02100210021004;0.0;0.0;0.0;0.0
2030-09-05 18:00:00;535.0226739088588;1075.0844963913657;0.0;210.02100210021004;0.0;0.0;0.0;0.0
2030-09-05 19:00:00;535.0491079365576;1075.0844963913657;0.0;210.02100210021004;0.0;0.0;0.0;0.0
2030-09-05 20:00:00;535.2259355859952;1075.0844963913657;0.0;210.02100210021004;0.0;0.0;0.0;0.0
2030-09-05 21:00:00;534.9439772624397;1075.0844963913657;0.0;210.02100210021004;0.0;0.0;0.0;0.0
2030-09-05 22:00:00;534.7082492679604;1075.0844963913657;0.0;210.02100210021004;0.0;0.0;0.0;0.0
2030-09-05 23:00:00;534.6634610929507;1075.0844963913657;0.0;210.02100210021004;0.0;0.0;0.0;0.0
2030-09-06 00:00:00;534.2183065396624;1075.0844963913657;0.0;210.02100210021004;0.0;0.0;0.0;0.0
2030-09-06 01:00:00;534.1606352245772;1075.0844963913657;0.0;210.02100210021004;0.0;0.0;0.0;0.0
2030-09-06 02:00:00;534.1070812327254;1075.0844963913657;0.0;210.02100210021004;0.0;0.0;0.0;0.0
2030-09-06 03:00:00;534.0993332819969;1075.0844963913657;0.0;210.02100210021004;0.0;0.0;0.0;0.0
2030-09-06 04:00:00;533.9606079418338;1075.0844963913657;0.0;210.02100210021004;0.0;0.0;0.0;0.0
2030-09-06 05:00:00;534.1548121385093;1075.0844963913657;0.0;210.02100210021004;0.0;0.0;0.0;0.0
2030-09-06 06:00:00;534.9545029592462;1075.0844963913657;0.0;210.02100210021004;0.0;0.0;0.0;0.0
2030-09-06 07:00:00;535.3345741615244;1075.0844963913657;0.0;210.02100210021004;0.0;0.0;0.0;0.0
2030-09-06 08:00:00;535.363995106572;1075.0844963913657;0.0;210.02100210021004;0.0;0.0;0.0;0.0
2030-09-06 09:00:00;471.2443893961266;1075.0844963913657;0.0;210.02100210021004;0.0;0.0;0.0;0.0
2030-09-06 10:00:00;471.0446537770024;1075.0844963913657;0.0;210.02100210021004;0.0;0.0;0.0;0.0
2030-09-06 11:00:00;470.5439378425481;1075.0844963913657;0.0;210.02100210021004;0.0;0.0;0.0;0.0
2030-09-06 12:00:00;470.2668028955479;1075.0844963913657;0.0;210.02100210021004;0.0;0.0;0.0;0.0
2030-09-06 13:00:00;470.1472443503775;1075.0844963913657;0.0;210.02100210021004;0.0;0.0;0.0;0.0
2030-09-06 14:00:00;470.4682924815305;1075.0844963913657;0.0;210.02100210021004;0.0;0.0;0.0;0.0
2030-09-06 15:00:00;470.8661747699225;1075.0844963913657;0.0;210.02100210021004;0.0;0.0;0.0;0.0
2030-09-06 16:00:00;471.2046759952502;1075.0844963913657;0.0;210.02100210021004;0.0;0.0;0.0;0.0
2030-09-06 17:00:00;471.354987156946;1075.0844963913657;0.0;210.02100210021004;0.0;0.0;0.0;0.0
2030-09-06 18:00:00;535.3959404398521;1075.0844963913657;0.0;210.02100210021004;0.0;0.0;0.0;0.0
2030-09-06 19:00:00;535.2146836866943;1075.0844963913657;0.0;210.02100210021004;0.0;0.0;0.0;0.0
2030-09-06 20:00:00;535.3337615138428;1075.0844963913657;0.0;210.02100210021004;0.0;0.0;0.0;0.0
2030-09-06 21:00:00;535.1209316231052;1075.0844963913657;0.0;210.02100210021004;0.0;0.0;0.0;0.0
2030-09-06 22:00:00;534.9362533814179;1075.0844963913657;0.0;210.02100210021004;0.0;0.0;0.0;0.0
2030-09-06 23:00:00;534.7653735367041;1075.0844963913657;0.0;210.02100210021004;0.0;0.0;0.0;0.0
2030-09-07 00:00:00;534.1000452807297;1075.0844963913657;0.0;210.02100210021004;0.0;0.0;0.0;0.0
2030-09-07 01:00:00;533.8448931805735;1075.0844963913657;0.0;210.02100210021004;0.0;0.0;0.0;0.0
2030-09-07 02:00:00;533.9734306666957;1075.0844963913657;0.0;210.02100210021004;0.0;0.0;0.0;0.0
2030-09-07 03:00:00;534.0330812839389;1075.0844963913657;0.0;210.02100210021004;0.0;0.0;0.0;0.0
2030-09-07 04:00:00;534.0305146693987;1075.0844963913657;0.0;210.02100210021004;0.0;0.0;0.0;0.0
2030-09-07 05:00:00;534.1011495920305;1075.0844963913657;0.0;210.02100210021004;0.0;0.0;0.0;0.0
2030-09-07 06:00:00;534.330949898654;1075.0844963913657;0.0;210.02100210021004;0.0;0.0;0.0;0.0
2030-09-07 07:00:00;534.4543281580278;1075.0844963913657;0.0;210.02100210021004;0.0;0.0;0.0;0.0
2030-09-07 08:00:00;502.2258264631165;1075.0844963913657;0.0;210.02100210021004;0.0;0.0;0.0;0.0
2030-09-07 09:00:00;470.2112838053001;1075.0844963913657;0.0;210.02100210021004;0.0;0.0;0.0;0.0
2030-09-07 10:00:00;470.4880445963332;1075.0844963913657;0.0;210.02100210021004;0.0;0.0;0.0;0.0
2030-09-07 11:00:00;469.7064545327568;1075.0844963913657;0.0;210.02100210021004;0.0;0.0;0.0;0.0
2030-09-07 12:00:00;469.8822623558137;1075.0844963913657;0.0;210.02100210021004;0.0;0.0;0.0;0.0
2030-09-07 13:00:00;469.9589315283563;1075.0844963913657;0.0;210.02100210021004;0.0;0.0;0.0;0.0
2030-09-07 14:00:00;469.8473703712257;1075.0844963913657;0.0;210.02100210021004;0.0;0.0;0.0;0.0
2030-09-07 15:00:00;469.7606380632982;1075.0844963913657;0.0;210.02100210021004;0.0;0.0;0.0;0.0
2030-09-07 16:00:00;469.9416232697047;1075.0844963913657;0.0;210.02100210021004;0.0;0.0;0.0;0.0
2030-09-07 17:00:00;470.1318771204153;1075.0844963913657;0.0;210.02100210021004;0.0;0.0;0.0;0.0
2030-09-07 18:00:00;470.3052209704534;1075.0844963913657;0.0;210.02100210021004;0.0;0.0;0.0;0.0
2030-09-07 19:00:00;470.5559641160623;1075.0844963913657;0.0;210.02100210021004;0.0;0.0;0.0;0.0
2030-09-07 20:00:00;470.6100008185084;1075.0844963913657;0.0;210.02100210021004;0.0;0.0;0.0;0.0
2030-09-07 21:00:00;470.3149703327795;1075.0844963913657;0.0;210.02100210021004;0.0;0.0;0.0;0.0
2030-09-07 22:00:00;470.2224753216925;1075.0844963913657;0.0;210.02100210021004;0.0;0.0;0.0;0.0
2030-09-07 23:00:00;470.2179436087565;1075.0844963913657;0.0;210.02100210021004;0.0;0.0;0.0;0.0
2030-09-08 00:00:00;470.0410496309994;1075.0844963913657;0.0;210.02100210021004;0.0;0.0;0.0;0.0
2030-09-08 01:00:00;470.0511167192233;1075.0844963913657;0.0;210.02100210021004;0.0;0.0;0.0;0.0
2030-09-08 02:00:00;470.0451428522209;1075.0844963913657;0.0;210.02100210021004;0.0;0.0;0.0;0.0
2030-09-08 03:00:00;469.9805200700604;1075.0844963913657;0.0;210.02100210021004;0.0;0.0;0.0;0.0
2030-09-08 04:00:00;469.955109853886;1075.0844963913657;0.0;210.02100210021004;0.0;0.0;0.0;0.0
2030-09-08 05:00:00;469.8173479100341;1075.0844963913657;0.0;210.02100210021004;0.0;0.0;0.0;0.0
2030-09-08 06:00:00;468.8515362853911;1075.0844963913657;0.0;210.02100210021004;0.0;0.0;0.0;0.0
2030-09-08 07:00:00;468.8558146081768;1075.0844963913657;0.0;210.02100210021004;0.0;0.0;0.0;0.0
2030-09-08 08:00:00;469.358161718795;1075.0844963913657;0.0;210.02100210021004;0.0;0.0;0.0;0.0
2030-09-08 09:00:00;469.3320193547152;1075.0844963913657;0.0;210.02100210021004;0.0;0.0;0.0;0.0
2030-09-08 10:00:00;469.440424689267;1075.0844963913657;0.0;210.02100210021004;0.0;0.0;0.0;0.0
2030-09-08 11:00:00;469.6784114060281;1075.0844963913657;0.0;210.02100210021004;0.0;0.0;0.0;0.0
2030-09-08 12:00:00;469.6343774560588;1075.0844963913657;0.0;210.02100210021004;0.0;0.0;0.0;0.0
2030-09-08 13:00:00;469.683655117697;1075.0844963913657;0.0;210.02100210021004;0.0;0.0;0.0;0.0
2030-09-08 14:00:00;469.8784809473843;1075.0844963913657;0.0;210.02100210021004;0.0;0.0;0.0;0.0
2030-09-08 15:00:00;470.0022755890329;1075.0844963913657;0.0;210.02100210021004;0.0;0.0;0.0;0.0
2030-09-08 16:00:00;469.958072701528;1075.0844963913657;0.0;210.02100210021004;0.0;0.0;0.0;0.0
2030-09-08 17:00:00;534.3315131090242;1075.0844963913657;0.0;210.02100210021004;0.0;0.0;0.0;0.0
2030-09-08 18:00:00;534.3754041837371;1075.0844963913657;0.0;210.02100210021004;0.0;0.0;0.0;0.0
2030-09-08 19:00:00;534.6150825241814;1075.0844963913657;0.0;210.02100210021004;0.0;0.0;0.0;0.0
2030-09-08 20:00:00;534.6991637649536;1075.0844963913657;0.0;210.02100210021004;0.0;0.0;0.0;0.0
2030-09-08 21:00:00;534.5449243667329;1075.0844963913657;0.0;210.02100210021004;0.0;0.0;0.0;0.0
2030-09-08 22:00:00;534.1112127274154;1075.0844963913657;0.0;210.02100210021004;0.0;0.0;0.0;0.0
2030-09-08 23:00:00;533.7782468773753;1075.0844963913657;0.0;210.02100210021004;0.0;0.0;0.0;0.0
2030-09-09 00:00:00;533.1095958215536;1075.0844963913657;0.0;210.02100210021004;0.0;0.0;0.0;0.0
2030-09-09 01:00:00;533.7382619297478;1075.0844963913657;0.0;210.02100210021004;0.0;0.0;0.0;0.0
2030-09-09 02:00:00;533.7032874528115;1075.0844963913657;0.0;210.02100210021004;0.0;0.0;0.0;0.0
2030-09-09 03:00:00;533.8112341464756;1075.0844963913657;0.0;210.02100210021004;0.0;0.0;0.0;0.0
2030-09-09 04:00:00;534.2715688678952;1075.0844963913657;0.0;210.02100210021004;0.0;0.0;0.0;0.0
2030-09-09 05:00:00;534.6031407032823;1075.0844963913657;0.0;210.02100210021004;0.0;0.0;0.0;0.0
2030-09-09 06:00:00;535.4133130342509;1075.0844963913657;0.0;210.02100210021004;0.0;0.0;0.0;0.0
2030-09-09 07:00:00;535.8955903041688;1075.0844963913657;0.0;210.02100210021004;0.0;0.0;0.0;0.0
2030-09-09 08:00:00;536.1090658976248;1075.0844963913657;0.0;210.02100210021004;0.0;0.0;0.0;0.0
2030-09-09 09:00:00;535.7159426823457;1075.0844963913657;0.0;210.02100210021004;0.0;0.0;0.0;0.0
2030-09-09 10:00:00;471.0165281579256;1075.0844963913657;0.0;210.02100210021004;0.0;0.0;0.0;0.0
2030-09-09 11:00:00;470.9296067955951;1075.0844963913657;0.0;210.02100210021004;0.0;0.0;0.0;0.0
2030-09-09 12:00:00;471.0025166368426;1075.0844963913657;0.0;210.02100210021004;0.0;0.0;0.0;0.0
2030-09-09 13:00:00;471.1735835756928;1075.0844963913657;0.0;210.02100210021004;0.0;0.0;0.0;0.0
2030-09-09 14:00:00;471.1161857999309;1075.0844963913657;0.0;210.02100210021004;0.0;0.0;0.0;0.0
2030-09-09 15:00:00;471.0895042951872;1075.0844963913657;0.0;210.02100210021004;0.0;0.0;0.0;0.0
2030-09-09 16:00:00;535.3424890572161;1075.0844963913657;0.0;210.02100210021004;0.0;0.0;0.0;0.0
2030-09-09 17:00:00;534.8920505262184;1075.0844963913657;0.0;210.02100210021004;0.0;0.0;0.0;0.0
2030-09-09 18:00:00;534.9543561311505;1075.0844963913657;0.0;210.02100210021004;0.0;0.0;0.0;0.0
2030-09-09 19:00:00;534.9966803331413;1075.0844963913657;0.0;210.02100210021004;0.0;0.0;0.0;0.0
2030-09-09 20:00:00;535.0442221845221;1075.0844963913657;0.0;210.02100210021004;0.0;0.0;0.0;0.0
2030-09-09 21:00:00;535.0128602107853;1075.0844963913657;0.0;210.02100210021004;0.0;0.0;0.0;0.0
2030-09-09 22:00:00;534.679600704554;1075.0844963913657;0.0;210.02100210021004;0.0;0.0;0.0;0.0
2030-09-09 23:00:00;534.3214117001706;1075.0844963913657;0.0;210.02100210021004;0.0;0.0;0.0;0.0
2030-09-10 00:00:00;534.3261486315387;1075.0844963913657;0.0;210.02100210021004;0.0;0.0;0.0;0.0
2030-09-10 01:00:00;533.9854750968108;1075.0844963913657;0.0;210.02100210021004;0.0;0.0;0.0;0.0
2030-09-10 02:00:00;534.1551219587292;1075.0844963913657;0.0;210.02100210021004;0.0;0.0;0.0;0.0
2030-09-10 03:00:00;534.2184312583182;1075.0844963913657;0.0;210.02100210021004;0.0;0.0;0.0;0.0
2030-09-10 04:00:00;534.4318626328945;1075.0844963913657;0.0;210.02100210021004;0.0;0.0;0.0;0.0
2030-09-10 05:00:00;534.7308817380567;1075.0844963913657;0.0;210.02100210021004;0.0;0.0;0.0;0.0
2030-09-10 06:00:00;535.5629382271875;1075.0844963913657;0.0;210.02100210021004;0.0;0.0;0.0;0.0
2030-09-10 07:00:00;535.7600610849305;1075.0844963913657;0.0;210.02100210021004;0.0;0.0;0.0;0.0
2030-09-10 08:00:00;535.8666299602756;1075.0844963913657;0.0;210.02100210021004;0.0;0.0;0.0;0.0
2030-09-10 09:00:00;471.6724006754598;1075.0844963913657;0.0;210.02100210021004;0.0;0.0;0.0;0.0
2030-09-10 10:00:00;470.5787011879468;1075.0844963913657;0.0;210.02100210021004;0.0;0.0;0.0;0.0
2030-09-10 11:00:00;471.0376178250066;1075.0844963913657;0.0;210.02100210021004;0.0;0.0;0.0;0.0
2030-09-10 12:00:00;470.7821136460178;1075.0844963913657;0.0;210.02100210021004;0.0;0.0;0.0;0.0
2030-09-10 13:00:00;470.7164449751978;1075.0844963913657;0.0;210.02100210021004;0.0;0.0;0.0;0.0
2030-09-10 14:00:00;470.750938734112;1075.0844963913657;0.0;210.02100210021004;0.0;0.0;0.0;0.0
2030-09-10 15:00:00;470.7272402261832;1075.0844963913657;0.0;210.02100210021004;0.0;0.0;0.0;0.0
2030-09-10 16:00:00;470.8695157263704;1075.0844963913657;0.0;210.02100210021004;0.0;0.0;0.0;0.0
2030-09-10 17:00:00;471.2694657223743;1075.0844963913657;0.0;210.02100210021004;0.0;0.0;0.0;0.0
2030-09-10 18:00:00;471.4145169760671;1075.0844963913657;0.0;210.02100210021004;0.0;0.0;0.0;0.0
2030-09-10 19:00:00;494.748918015307;1075.0844963913657;0.0;210.02100210021004;0.0;0.0;0.0;0.0
2030-09-10 20:00:00;471.3943062526821;1075.0844963913657;0.0;210.02100210021004;0.0;0.0;0.0;0.0
2030-09-10 21:00:00;471.3885214400827;1075.0844963913657;0.0;210.02100210021004;0.0;0.0;0.0;0.0
2030-09-10 22:00:00;470.787313138807;1075.0844963913657;0.0;210.02100210021004;0.0;0.0;0.0;0.0
2030-09-10 23:00:00;470.4569119107349;1075.0844963913657;0.0;210.02100210021004;0.0;0.0;0.0;0.0
2030-09-11 00:00:00;470.2248749589642;1075.0844963913657;0.0;210.02100210021004;0.0;0.0;0.0;0.0
2030-09-11 01:00:00;469.9289252634986;1075.0844963913657;0.0;210.02100210021004;0.0;0.0;0.0;0.0
2030-09-11 02:00:00;469.7248911724158;1075.0844963913657;0.0;210.02100210021004;0.0;0.0;0.0;0.0
2030-09-11 03:00:00;469.3288634998312;1075.0844963913657;0.0;210.02100210021004;0.0;0.0;0.0;0.0
2030-09-11 04:00:00;469.3225375863015;1075.0844963913657;0.0;210.02100210021004;0.0;0.0;0.0;0.0
2030-09-11 05:00:00;469.7066617437608;1075.0844963913657;0.0;210.02100210021004;0.0;0.0;0.0;0.0
2030-09-11 06:00:00;470.348442272741;1075.0844963913657;0.0;210.02100210021004;0.0;0.0;0.0;0.0
2030-09-11 07:00:00;470.54368644497;1075.0844963913657;0.0;210.02100210021004;0.0;0.0;0.0;0.0
2030-09-11 08:00:00;470.3684438248552;1075.0844963913657;0.0;210.02100210021004;0.0;0.0;0.0;0.0
2030-09-11 09:00:00;470.2699950636336;1075.0844963913657;0.0;210.02100210021004;0.0;0.0;0.0;0.0
2030-09-11 10:00:00;469.7552092500653;1075.0844963913657;0.0;210.02100210021004;0.0;0.0;0.0;0.0
2030-09-11 11:00:00;469.399983093324;1075.0844963913657;0.0;210.02100210021004;0.0;0.0;0.0;0.0
2030-09-11 12:00:00;469.8204777026393;1075.0844963913657;0.0;210.02100210021004;0.0;0.0;0.0;0.0
2030-09-11 13:00:00;470.1108517890816;1075.0844963913657;0.0;210.02100210021004;0.0;0.0;0.0;0.0
2030-09-11 14:00:00;469.8198924151344;1075.0844963913657;0.0;210.02100210021004;0.0;0.0;0.0;0.0
2030-09-11 15:00:00;469.9887487388108;1075.0844963913657;0.0;210.02100210021004;0.0;0.0;0.0;0.0
2030-09-11 16:00:00;470.2115754689191;1075.0844963913657;0.0;210.02100210021004;0.0;0.0;0.0;0.0
2030-09-11 17:00:00;470.5744631312018;1075.0844963913657;0.0;210.02100210021004;0.0;0.0;0.0;0.0
2030-09-11 18:00:00;470.6534092149323;1075.0844963913657;0.0;210.02100210021004;0.0;0.0;0.0;0.0
2030-09-11 19:00:00;470.4499805605271;1075.0844963913657;0.0;210.02100210021004;0.0;0.0;0.0;0.0
2030-09-11 20:00:00;470.4152756377703;1075.0844963913657;0.0;210.02100210021004;0.0;0.0;0.0;0.0
2030-09-11 21:00:00;470.1888806233422;1075.0844963913657;0.0;210.02100210021004;0.0;0.0;0.0;0.0
2030-09-11 22:00:00;469.9121620586166;1075.0844963913657;0.0;210.02100210021004;0.0;0.0;0.0;0.0
2030-09-11 23:00:00;469.3561563543584;1075.0844963913657;0.0;210.02100210021004;0.0;0.0;0.0;0.0
2030-09-12 00:00:00;469.189556792697;1075.0844963913657;0.0;210.02100210021004;0.0;0.0;0.0;0.0
2030-09-12 01:00:00;468.8492593742031;1075.0844963913657;0.0;210.02100210021004;0.0;0.0;0.0;0.0
2030-09-12 02:00:00;468.7987747920482;1075.0844963913657;0.0;210.02100210021004;0.0;0.0;0.0;0.0
2030-09-12 03:00:00;468.8853602718801;1075.0844963913657;0.0;210.02100210021004;0.0;0.0;0.0;0.0
2030-09-12 04:00:00;469.3573873445819;1075.0844963913657;0.0;210.02100210021004;0.0;0.0;0.0;0.0
2030-09-12 05:00:00;469.7178110338457;1075.0844963913657;0.0;210.02100210021004;0.0;0.0;0.0;0.0
2030-09-12 06:00:00;470.5423508529584;1075.0844963913657;0.0;210.02100210021004;0.0;0.0;0.0;0.0
2030-09-12 07:00:00;470.728179585093;1075.0844963913657;0.0;210.02100210021004;0.0;0.0;0.0;0.0
2030-09-12 08:00:00;470.711496879987;1075.0844963913657;0.0;210.02100210021004;0.0;0.0;0.0;0.0
2030-09-12 09:00:00;470.689596525491;1075.0844963913657;0.0;210.02100210021004;0.0;0.0;0.0;0.0
2030-09-12 10:00:00;470.5500565773793;1075.0844963913657;0.0;210.02100210021004;0.0;0.0;0.0;0.0
2030-09-12 11:00:00;470.4168002841848;1075.0844963913657;0.0;210.02100210021004;0.0;0.0;0.0;0.0
2030-09-12 12:00:00;470.2806032527881;1075.0844963913657;0.0;210.02100210021004;0.0;0.0;0.0;0.0
2030-09-12 13:00:00;470.3245768198492;1075.0844963913657;0.0;210.02100210021004;0.0;0.0;0.0;0.0
2030-09-12 14:00:00;470.3222154560461;1075.0844963913657;0.0;210.02100210021004;0.0;0.0;0.0;0.0
2030-09-12 15:00:00;470.2477166326366;1075.0844963913657;0.0;210.02100210021004;0.0;0.0;0.0;0.0
2030-09-12 16:00:00;470.3593200160748;1075.0844963913657;0.0;210.02100210021004;0.0;0.0;0.0;0.0
2030-09-12 17:00:00;470.1541978100249;1075.0844963913657;0.0;210.02100210021004;0.0;0.0;0.0;0.0
2030-09-12 18:00:00;470.2712280464291;1075.0844963913657;0.0;210.02100210021004;0.0;0.0;0.0;0.0
2030-09-12 19:00:00;470.2656342484997;1075.0844963913657;0.0;210.02100210021004;0.0;0.0;0.0;0.0
2030-09-12 20:00:00;470.3671283497115;1075.0844963913657;0.0;210.02100210021004;0.0;0.0;0.0;0.0
2030-09-12 21:00:00;470.1832004125308;1075.0844963913657;0.0;210.02100210021004;0.0;0.0;0.0;0.0
2030-09-12 22:00:00;469.7470026907546;1075.0844963913657;0.0;210.02100210021004;0.0;0.0;0.0;0.0
2030-09-12 23:00:00;469.2474151696134;1075.0844963913657;0.0;210.02100210021004;0.0;0.0;0.0;0.0
2030-09-13 00:00:00;469.2443658767842;1075.0844963913657;0.0;210.02100210021004;0.0;0.0;0.0;0.0
2030-09-13 01:00:00;469.2073658862384;1075.0844963913657;0.0;210.02100210021004;0.0;0.0;0.0;0.0
2030-09-13 02:00:00;469.0907319152412;1075.0844963913657;0.0;210.02100210021004;0.0;0.0;0.0;0.0
2030-09-13 03:00:00;469.0439423286339;1075.0844963913657;0.0;210.02100210021004;0.0;0.0;0.0;0.0
2030-09-13 04:00:00;469.1529147940896;1075.0844963913657;0.0;210.02100210021004;0.0;0.0;0.0;0.0
2030-09-13 05:00:00;469.7472118620254;1075.0844963913657;0.0;210.02100210021004;0.0;0.0;0.0;0.0
2030-09-13 06:00:00;470.7448843673334;1075.0844963913657;0.0;210.02100210021004;0.0;0.0;0.0;0.0
2030-09-13 07:00:00;470.858010436919;1075.0844963913657;0.0;210.02100210021004;0.0;0.0;0.0;0.0
2030-09-13 08:00:00;471.1440619816961;1075.0844963913657;0.0;210.02100210021004;0.0;0.0;0.0;0.0
2030-09-13 09:00:00;470.8927354765438;1075.0844963913657;0.0;210.02100210021004;0.0;0.0;0.0;0.0
2030-09-13 10:00:00;470.5143096864967;1075.0844963913657;0.0;210.02100210021004;0.0;0.0;0.0;0.0
2030-09-13 11:00:00;470.4811515195941;1075.0844963913657;0.0;210.02100210021004;0.0;0.0;0.0;0.0
2030-09-13 12:00:00;470.5420169630319;1075.0844963913657;0.0;210.02100210021004;0.0;0.0;0.0;0.0
2030-09-13 13:00:00;470.2942567819326;1075.0844963913657;0.0;210.02100210021004;0.0;0.0;0.0;0.0
2030-09-13 14:00:00;470.3238466645154;1075.0844963913657;0.0;210.02100210021004;0.0;0.0;0.0;0.0
2030-09-13 15:00:00;470.3551241856372;1075.0844963913657;0.0;210.02100210021004;0.0;0.0;0.0;0.0
2030-09-13 16:00:00;470.5321207726101;1075.0844963913657;0.0;210.02100210021004;0.0;0.0;0.0;0.0
2030-09-13 17:00:00;470.8230379202498;1075.0844963913657;0.0;210.02100210021004;0.0;0.0;0.0;0.0
2030-09-13 18:00:00;471.0655745065479;1075.0844963913657;0.0;210.02100210021004;0.0;0.0;0.0;0.0
2030-09-13 19:00:00;471.129070867968;1075.0844963913657;0.0;210.02100210021004;0.0;0.0;0.0;0.0
2030-09-13 20:00:00;471.3109733238443;1075.0844963913657;0.0;210.02100210021004;0.0;0.0;0.0;0.0
2030-09-13 21:00:00;471.0919884173791;1075.0844963913657;0.0;210.02100210021004;0.0;0.0;0.0;0.0
2030-09-13 22:00:00;470.6128831663742;1075.0844963913657;0.0;210.02100210021004;0.0;0.0;0.0;0.0
2030-09-13 23:00:00;470.243814426085;1075.0844963913657;0.0;210.02100210021004;0.0;0.0;0.0;0.0
2030-09-14 00:00:00;468.5961347156183;1075.0844963913657;0.0;210.02100210021004;0.0;0.0;0.0;0.0
2030-09-14 01:00:00;468.4810692906852;1075.0844963913657;0.0;210.02100210021004;0.0;0.0;0.0;0.0
2030-09-14 02:00:00;468.4705384621602;1075.0844963913657;0.0;210.02100210021004;0.0;0.0;0.0;0.0
2030-09-14 03:00:00;468.4329906114879;1075.0844963913657;0.0;210.02100210021004;0.0;0.0;0.0;0.0
2030-09-14 04:00:00;468.2390236440162;1075.0844963913657;0.0;210.02100210021004;0.0;0.0;0.0;0.0
2030-09-14 05:00:00;468.5747391947559;1075.0844963913657;0.0;210.02100210021004;0.0;0.0;0.0;0.0
2030-09-14 06:00:00;468.9937753870502;1075.0844963913657;0.0;210.02100210021004;0.0;0.0;0.0;0.0
2030-09-14 07:00:00;469.3411179755449;1075.0844963913657;0.0;210.02100210021004;0.0;0.0;0.0;0.0
2030-09-14 08:00:00;469.3106802503227;1075.0844963913657;0.0;210.02100210021004;0.0;0.0;0.0;0.0
2030-09-14 09:00:00;469.1124712378798;1075.0844963913657;0.0;210.02100210021004;0.0;0.0;0.0;0.0
2030-09-14 10:00:00;468.6875877908849;1075.0844963913657;0.0;210.02100210021004;0.0;0.0;0.0;0.0
2030-09-14 11:00:00;468.3831870552046;1075.0844963913657;0.0;210.02100210021004;0.0;0.0;0.0;0.0
2030-09-14 12:00:00;468.0533179299563;1075.0844963913657;0.0;210.02100210021004;0.0;0.0;0.0;0.0
2030-09-14 13:00:00;467.7221052162412;1075.0844963913657;0.0;210.02100210021004;0.0;0.0;0.0;0.0
2030-09-14 14:00:00;467.5062050748759;1075.0844963913657;0.0;210.02100210021004;0.0;0.0;0.0;0.0
2030-09-14 15:00:00;467.5647056429929;1075.0844963913657;0.0;210.02100210021004;0.0;0.0;0.0;0.0
2030-09-14 16:00:00;467.8661415312232;1075.0844963913657;0.0;210.02100210021004;0.0;0.0;0.0;0.0
2030-09-14 17:00:00;468.4942872961444;1075.0844963913657;0.0;210.02100210021004;0.0;0.0;0.0;0.0
2030-09-14 18:00:00;468.5826191595488;1075.0844963913657;0.0;210.02100210021004;0.0;0.0;0.0;0.0
2030-09-14 19:00:00;468.6076571121972;1075.0844963913657;0.0;210.02100210021004;0.0;0.0;0.0;0.0
2030-09-14 20:00:00;468.4976644239127;1075.0844963913657;0.0;210.02100210021004;0.0;0.0;0.0;0.0
2030-09-14 21:00:00;468.3959874588428;1075.0844963913657;0.0;210.02100210021004;0.0;0.0;0.0;0.0
2030-09-14 22:00:00;468.1322991438946;1075.0844963913657;0.0;210.02100210021004;0.0;0.0;0.0;0.0
2030-09-14 23:00:00;467.788122617133;1075.0844963913657;0.0;210.02100210021004;0.0;0.0;0.0;0.0
2030-09-15 00:00:00;466.2443939383585;1075.0844963913657;0.0;210.02100210021004;0.0;0.0;0.0;0.0
2030-09-15 01:00:00;464.6846874507873;1075.0844963913657;0.0;210.02100210021004;0.0;0.0;0.0;0.0
2030-09-15 02:00:00;463.5353564568786;1075.0844963913657;0.0;210.02100210021004;0.0;0.0;0.0;0.0
2030-09-15 03:00:00;463.4482592423356;1075.0844963913657;0.0;210.02100210021004;0.0;0.0;0.0;0.0
2030-09-15 04:00:00;463.4724619913424;1075.0844963913657;0.0;210.02100210021004;0.0;0.0;0.0;0.0
2030-09-15 05:00:00;463.476765105757;1075.0844963913657;0.0;210.02100210021004;0.0;0.0;0.0;0.0
2030-09-15 06:00:00;464.0394200112125;1075.0844963913657;0.0;210.02100210021004;0.0;0.0;0.0;0.0
2030-09-15 07:00:00;464.3276742071856;1075.0844963913657;0.0;210.02100210021004;0.0;0.0;0.0;0.0
2030-09-15 08:00:00;464.0878073526252;1075.0844963913657;0.0;210.02100210021004;0.0;0.0;0.0;0.0
2030-09-15 09:00:00;464.5332613992368;1075.0844963913657;0.0;210.02100210021004;0.0;0.0;0.0;0.0
2030-09-15 10:00:00;464.9723606355315;1075.0844963913657;0.0;210.02100210021004;0.0;0.0;0.0;0.0
2030-09-15 11:00:00;465.0389590476522;1075.0844963913657;0.0;210.02100210021004;0.0;0.0;0.0;0.0
2030-09-15 12:00:00;465.1473721116581;1075.0844963913657;0.0;210.02100210021004;0.0;0.0;0.0;0.0
2030-09-15 13:00:00;465.2822756563846;1075.0844963913657;0.0;210.02100210021004;0.0;0.0;0.0;0.0
2030-09-15 14:00:00;465.4113146190189;1075.0844963913657;0.0;210.02100210021004;0.0;0.0;0.0;0.0
2030-09-15 15:00:00;465.839792243784;1075.0844963913657;0.0;210.02100210021004;0.0;0.0;0.0;0.0
2030-09-15 16:00:00;466.0319435511652;1075.0844963913657;0.0;210.02100210021004;0.0;0.0;0.0;0.0
2030-09-15 17:00:00;466.6306029962159;1075.0844963913657;0.0;210.02100210021004;0.0;0.0;0.0;0.0
2030-09-15 18:00:00;467.2394119811729;1075.0844963913657;0.0;210.02100210021004;0.0;0.0;0.0;0.0
2030-09-15 19:00:00;467.4715804369494;1075.0844963913657;0.0;210.02100210021004;0.0;0.0;0.0;0.0
2030-09-15 20:00:00;467.8767631427528;1075.0844963913657;0.0;210.02100210021004;0.0;0.0;0.0;0.0
2030-09-15 21:00:00;467.7968377855675;1075.0844963913657;0.0;210.02100210021004;0.0;0.0;0.0;0.0
2030-09-15 22:00:00;467.8897995822029;1075.0844963913657;0.0;210.02100210021004;0.0;0.0;0.0;0.0
2030-09-15 23:00:00;467.6182676156636;1075.0844963913657;0.0;210.02100210021004;0.0;0.0;0.0;0.0
2030-09-16 00:00:00;467.531297497327;1075.0844963913657;0.0;210.02100210021004;0.0;0.0;0.0;0.0
2030-09-16 01:00:00;467.4639546645692;1075.0844963913657;0.0;210.02100210021004;0.0;0.0;0.0;0.0
2030-09-16 02:00:00;467.7161135379425;1075.0844963913657;0.0;210.02100210021004;0.0;0.0;0.0;0.0
2030-09-16 03:00:00;468.0212533727575;1075.0844963913657;0.0;210.02100210021004;0.0;0.0;0.0;0.0
2030-09-16 04:00:00;468.2490097745141;1075.0844963913657;0.0;210.02100210021004;0.0;0.0;0.0;0.0
2030-09-16 05:00:00;469.0581405372595;1075.0844963913657;0.0;210.02100210021004;0.0;0.0;0.0;0.0
2030-09-16 06:00:00;470.4213740446835;1075.0844963913657;0.0;210.02100210021004;0.0;0.0;0.0;0.0
2030-09-16 07:00:00;471.0117889194599;1075.0844963913657;0.0;210.02100210021004;0.0;0.0;0.0;0.0
2030-09-16 08:00:00;471.1520798766771;1075.0844963913657;0.0;210.02100210021004;0.0;0.0;0.0;0.0
2030-09-16 09:00:00;470.9008710320346;1075.0844963913657;0.0;210.02100210021004;0.0;0.0;0.0;0.0
2030-09-16 10:00:00;470.9436367621882;1075.0844963913657;0.0;210.02100210021004;0.0;0.0;0.0;0.0
2030-09-16 11:00:00;470.7863207644872;1075.0844963913657;0.0;210.02100210021004;0.0;0.0;0.0;0.0
2030-09-16 12:00:00;470.7862402970163;1075.0844963913657;0.0;210.02100210021004;0.0;0.0;0.0;0.0
2030-09-16 13:00:00;470.7783941920069;1075.0844963913657;0.0;210.02100210021004;0.0;0.0;0.0;0.0
2030-09-16 14:00:00;470.7657849800114;1075.0844963913657;0.0;210.02100210021004;0.0;0.0;0.0;0.0
2030-09-16 15:00:00;470.2926496431699;1075.0844963913657;0.0;210.02100210021004;0.0;0.0;0.0;0.0
2030-09-16 16:00:00;469.5587522119087;1075.0844963913657;0.0;210.02100210021004;0.0;0.0;0.0;0.0
2030-09-16 17:00:00;470.4071555236466;1075.0844963913657;0.0;210.02100210021004;0.0;0.0;0.0;0.0
2030-09-16 18:00:00;470.9674596675582;1075.0844963913657;0.0;210.02100210021004;0.0;0.0;0.0;0.0
2030-09-16 19:00:00;471.1654192426895;1075.0844963913657;0.0;210.02100210021004;0.0;0.0;0.0;0.0
2030-09-16 20:00:00;471.1452507456121;1075.0844963913657;0.0;210.02100210021004;0.0;0.0;0.0;0.0
2030-09-16 21:00:00;470.6660006590835;1075.0844963913657;0.0;210.02100210021004;0.0;0.0;0.0;0.0
2030-09-16 22:00:00;470.4831991103383;1075.0844963913657;0.0;210.02100210021004;0.0;0.0;0.0;0.0
2030-09-16 23:00:00;470.3876528461554;1075.0844963913657;0.0;210.02100210021004;0.0;0.0;0.0;0.0
2030-09-17 00:00:00;469.8600462679922;1075.0844963913657;0.0;210.02100210021004;0.0;0.0;0.0;0.0
2030-09-17 01:00:00;469.2304589574892;1075.0844963913657;0.0;210.02100210021004;0.0;0.0;0.0;0.0
2030-09-17 02:00:00;468.9351790344489;1075.0844963913657;0.0;210.02100210021004;0.0;0.0;0.0;0.0
2030-09-17 03:00:00;468.8055794633333;1075.0844963913657;0.0;210.02100210021004;0.0;0.0;0.0;0.0
2030-09-17 04:00:00;469.0695415992112;1075.0844963913657;0.0;210.02100210021004;0.0;0.0;0.0;0.0
2030-09-17 05:00:00;469.418210561712;1075.0844963913657;0.0;210.02100210021004;0.0;0.0;0.0;0.0
2030-09-17 06:00:00;469.6042263556777;1075.0844963913657;0.0;210.02100210021004;0.0;0.0;0.0;0.0
2030-09-17 07:00:00;469.7045959964156;1075.0844963913657;0.0;210.02100210021004;0.0;0.0;0.0;0.0
2030-09-17 08:00:00;469.7214254973118;1075.0844963913657;0.0;210.02100210021004;0.0;0.0;0.0;0.0
2030-09-17 09:00:00;469.4850017004338;1075.0844963913657;0.0;210.02100210021004;0.0;0.0;0.0;0.0
2030-09-17 10:00:00;468.718533382347;1075.0844963913657;0.0;210.02100210021004;0.0;0.0;0.0;0.0
2030-09-17 11:00:00;468.5651910844231;1075.0844963913657;0.0;210.02100210021004;0.0;0.0;0.0;0.0
2030-09-17 12:00:00;467.8715885114949;1075.0844963913657;0.0;210.02100210021004;0.0;0.0;0.0;0.0
2030-09-17 13:00:00;467.7639924945298;1075.0844963913657;0.0;210.02100210021004;0.0;0.0;0.0;0.0
2030-09-17 14:00:00;467.5017748642549;1075.0844963913657;0.0;210.02100210021004;0.0;0.0;0.0;0.0
2030-09-17 15:00:00;467.4832732879323;1075.0844963913657;0.0;210.02100210021004;0.0;0.0;0.0;0.0
2030-09-17 16:00:00;467.766824924271;1075.0844963913657;0.0;210.02100210021004;0.0;0.0;0.0;0.0
2030-09-17 17:00:00;468.6121962624235;1075.0844963913657;0.0;210.02100210021004;0.0;0.0;0.0;0.0
2030-09-17 18:00:00;469.348997599628;1075.0844963913657;0.0;210.02100210021004;0.0;0.0;0.0;0.0
2030-09-17 19:00:00;469.4643078354499;1075.0844963913657;0.0;210.02100210021004;0.0;0.0;0.0;0.0
2030-09-17 20:00:00;469.6009261788097;1075.0844963913657;0.0;210.02100210021004;0.0;0.0;0.0;0.0
2030-09-17 21:00:00;469.1593173793485;1075.0844963913657;0.0;210.02100210021004;0.0;0.0;0.0;0.0
2030-09-17 22:00:00;468.8926472433032;1075.0844963913657;0.0;210.02100210021004;0.0;0.0;0.0;0.0
2030-09-17 23:00:00;468.4630397859862;1075.0844963913657;0.0;210.02100210021004;0.0;0.0;0.0;0.0
2030-09-18 00:00:00;468.1455353059546;1075.0844963913657;0.0;210.02100210021004;0.0;0.0;0.0;0.0
2030-09-18 01:00:00;467.7999788775242;1075.0844963913657;0.0;210.02100210021004;0.0;0.0;0.0;0.0
2030-09-18 02:00:00;467.457854046665;1075.0844963913657;0.0;210.02100210021004;0.0;0.0;0.0;0.0
2030-09-18 03:00:00;467.417183260637;1075.0844963913657;0.0;210.02100210021004;0.0;0.0;0.0;0.0
2030-09-18 04:00:00;468.1235113490565;1075.0844963913657;0.0;210.02100210021004;0.0;0.0;0.0;0.0
2030-09-18 05:00:00;468.7756782969752;1075.0844963913657;0.0;210.02100210021004;0.0;0.0;0.0;0.0
2030-09-18 06:00:00;470.2042284656318;1075.0844963913657;0.0;210.02100210021004;0.0;0.0;0.0;0.0
2030-09-18 07:00:00;470.9938885381306;1075.0844963913657;0.0;210.02100210021004;0.0;0.0;0.0;0.0
2030-09-18 08:00:00;470.4321511214325;1075.0844963913657;0.0;210.02100210021004;0.0;0.0;0.0;0.0
2030-09-18 09:00:00;470.4018434200129;1075.0844963913657;0.0;210.02100210021004;0.0;0.0;0.0;0.0
2030-09-18 10:00:00;469.8431524313486;1075.0844963913657;0.0;210.02100210021004;0.0;0.0;0.0;0.0
2030-09-18 11:00:00;469.5211266678174;1075.0844963913657;0.0;210.02100210021004;0.0;0.0;0.0;0.0
2030-09-18 12:00:00;469.0963497828774;1075.0844963913657;0.0;210.02100210021004;0.0;0.0;0.0;0.0
2030-09-18 13:00:00;468.9316308669968;1075.0844963913657;0.0;210.02100210021004;0.0;0.0;0.0;0.0
2030-09-18 14:00:00;468.8591555646249;1075.0844963913657;0.0;210.02100210021004;0.0;0.0;0.0;0.0
2030-09-18 15:00:00;469.4882218910651;1075.0844963913657;0.0;210.02100210021004;0.0;0.0;0.0;0.0
2030-09-18 16:00:00;469.8409619653478;1075.0844963913657;0.0;210.02100210021004;0.0;0.0;0.0;0.0
2030-09-18 17:00:00;469.962710976519;1075.0844963913657;0.0;210.02100210021004;0.0;0.0;0.0;0.0
2030-09-18 18:00:00;470.7399784984301;1075.0844963913657;0.0;210.02100210021004;0.0;0.0;0.0;0.0
2030-09-18 19:00:00;470.9661039586789;1075.0844963913657;0.0;210.02100210021004;0.0;0.0;0.0;0.0
2030-09-18 20:00:00;471.1172940640707;1075.0844963913657;0.0;210.02100210021004;0.0;0.0;0.0;0.0
2030-09-18 21:00:00;470.893025179896;1075.0844963913657;0.0;210.02100210021004;0.0;0.0;0.0;0.0
2030-09-18 22:00:00;470.7056315676115;1075.0844963913657;0.0;210.02100210021004;0.0;0.0;0.0;0.0
2030-09-18 23:00:00;470.506499392593;1075.0844963913657;0.0;210.02100210021004;0.0;0.0;0.0;0.0
2030-09-19 00:00:00;470.59977073816;1075.0844963913657;0.0;210.02100210021004;0.0;0.0;0.0;0.0
2030-09-19 01:00:00;470.6770232379407;1075.0844963913657;0.0;210.02100210021004;0.0;0.0;0.0;0.0
2030-09-19 02:00:00;470.7508965078044;1075.0844963913657;0.0;210.02100210021004;0.0;0.0;0.0;0.0
2030-09-19 03:00:00;471.0063181944449;1075.0844963913657;0.0;210.02100210021004;0.0;0.0;0.0;0.0
2030-09-19 04:00:00;471.0751991502185;1075.0844963913657;0.0;210.02100210021004;0.0;0.0;0.0;0.0
2030-09-19 05:00:00;470.6521781924035;1075.0844963913657;0.0;210.02100210021004;0.0;0.0;0.0;0.0
2030-09-19 06:00:00;470.8244982309169;1075.0844963913657;0.0;210.02100210021004;0.0;0.0;0.0;0.0
2030-09-19 07:00:00;470.7668510178436;1075.0844963913657;0.0;210.02100210021004;0.0;0.0;0.0;0.0
2030-09-19 08:00:00;470.7806714919514;1075.0844963913657;0.0;210.02100210021004;0.0;0.0;0.0;0.0
2030-09-19 09:00:00;470.0400921477942;1075.0844963913657;0.0;210.02100210021004;0.0;0.0;0.0;0.0
2030-09-19 10:00:00;470.2272765888079;1075.0844963913657;0.0;210.02100210021004;0.0;0.0;0.0;0.0
2030-09-19 11:00:00;470.5663410245062;1075.0844963913657;0.0;210.02100210021004;0.0;0.0;0.0;0.0
2030-09-19 12:00:00;470.0595727158455;1075.0844963913657;0.0;210.02100210021004;0.0;0.0;0.0;0.0
2030-09-19 13:00:00;470.2330392919674;1075.0844963913657;0.0;210.02100210021004;0.0;0.0;0.0;0.0
2030-09-19 14:00:00;469.9882036850414;1075.0844963913657;0.0;210.02100210021004;0.0;0.0;0.0;0.0
2030-09-19 15:00:00;469.8488969779072;1075.0844963913657;0.0;210.02100210021004;0.0;0.0;0.0;0.0
2030-09-19 16:00:00;470.1336310872736;1075.0844963913657;0.0;210.02100210021004;0.0;0.0;0.0;0.0
2030-09-19 17:00:00;470.1970449563453;1075.0844963913657;0.0;210.02100210021004;0.0;0.0;0.0;0.0
2030-09-19 18:00:00;470.0713878255168;1075.0844963913657;0.0;210.02100210021004;0.0;0.0;0.0;0.0
2030-09-19 19:00:00;471.3732809213484;1075.0844963913657;0.0;210.02100210021004;0.0;0.0;0.0;0.0
2030-09-19 20:00:00;471.6331660323388;1075.0844963913657;0.0;210.02100210021004;0.0;0.0;0.0;0.0
2030-09-19 21:00:00;471.0744911043247;1075.0844963913657;0.0;210.02100210021004;0.0;0.0;0.0;0.0
2030-09-19 22:00:00;471.3030805375923;1075.0844963913657;0.0;210.02100210021004;0.0;0.0;0.0;0.0
2030-09-19 23:00:00;471.1212404571966;1075.0844963913657;0.0;210.02100210021004;0.0;0.0;0.0;0.0
2030-09-20 00:00:00;470.2303681079445;1075.0844963913657;0.0;210.02100210021004;0.0;0.0;0.0;0.0
2030-09-20 01:00:00;470.3083728724984;1075.0844963913657;0.0;210.02100210021004;0.0;0.0;0.0;0.0
2030-09-20 02:00:00;470.377609827638;1075.0844963913657;0.0;210.02100210021004;0.0;0.0;0.0;0.0
2030-09-20 03:00:00;470.3774006563672;1075.0844963913657;0.0;210.02100210021004;0.0;0.0;0.0;0.0
2030-09-20 04:00:00;470.5002157053707;1075.0844963913657;0.0;210.02100210021004;0.0;0.0;0.0;0.0
2030-09-20 05:00:00;470.7356579493369;1075.0844963913657;0.0;210.02100210021004;0.0;0.0;0.0;0.0
2030-09-20 06:00:00;471.397665365731;1075.0844963913657;0.0;210.02100210021004;0.0;0.0;0.0;0.0
2030-09-20 07:00:00;471.1910627321464;1075.0844963913657;0.0;210.02100210021004;0.0;0.0;0.0;0.0
2030-09-20 08:00:00;471.3011998918115;1075.0844963913657;0.0;210.02100210021004;0.0;0.0;0.0;0.0
2030-09-20 09:00:00;471.2239051657234;1075.0844963913657;0.0;210.02100210021004;0.0;0.0;0.0;0.0
2030-09-20 10:00:00;470.7632566712451;1075.0844963913657;0.0;210.02100210021004;0.0;0.0;0.0;0.0
2030-09-20 11:00:00;471.0480551163588;1075.0844963913657;0.0;210.02100210021004;0.0;0.0;0.0;0.0
2030-09-20 12:00:00;470.9453079154837;1075.0844963913657;0.0;210.02100210021004;0.0;0.0;0.0;0.0
2030-09-20 13:00:00;470.8928582349328;1075.0844963913657;0.0;210.02100210021004;0.0;0.0;0.0;0.0
2030-09-20 14:00:00;470.1226487421519;1075.0844963913657;0.0;210.02100210021004;0.0;0.0;0.0;0.0
2030-09-20 15:00:00;470.7234406611529;1075.0844963913657;0.0;210.02100210021004;0.0;0.0;0.0;0.0
2030-09-20 16:00:00;470.6748509285407;1075.0844963913657;0.0;210.02100210021004;0.0;0.0;0.0;0.0
2030-09-20 17:00:00;470.6912439302944;1075.0844963913657;0.0;210.02100210021004;0.0;0.0;0.0;0.0
2030-09-20 18:00:00;470.4924697472144;1075.0844963913657;0.0;210.02100210021004;0.0;0.0;0.0;0.0
2030-09-20 19:00:00;470.9038626571889;1075.0844963913657;0.0;210.02100210021004;0.0;0.0;0.0;0.0
2030-09-20 20:00:00;470.8394490786045;1075.0844963913657;0.0;210.02100210021004;0.0;0.0;0.0;0.0
2030-09-20 21:00:00;471.013229427785;1075.0844963913657;0.0;210.02100210021004;0.0;0.0;0.0;0.0
2030-09-20 22:00:00;470.5697865827423;1075.0844963913657;0.0;210.02100210021004;0.0;0.0;0.0;0.0
2030-09-20 23:00:00;470.1758727969161;1075.0844963913657;0.0;210.02100210021004;0.0;0.0;0.0;0.0
2030-09-21 00:00:00;469.842902994037;1075.0844963913657;0.0;210.02100210021004;0.0;0.0;0.0;0.0
2030-09-21 01:00:00;469.7508867084001;1075.0844963913657;0.0;210.02100210021004;0.0;0.0;0.0;0.0
2030-09-21 02:00:00;468.7814846899976;1075.0844963913657;0.0;210.02100210021004;0.0;0.0;0.0;0.0
2030-09-21 03:00:00;496.4760982924086;1075.0844963913657;0.0;210.02100210021004;0.0;0.0;0.0;0.0
2030-09-21 04:00:00;468.7530875241695;1075.0844963913657;0.0;210.02100210021004;0.0;0.0;0.0;0.0
2030-09-21 05:00:00;468.7894599685977;1075.0844963913657;0.0;210.02100210021004;0.0;0.0;0.0;0.0
2030-09-21 06:00:00;533.96098605064;1075.0844963913657;0.0;210.02100210021004;0.0;0.0;0.0;0.0
2030-09-21 07:00:00;534.2876259871504;1075.0844963913657;0.0;210.02100210021004;0.0;0.0;0.0;0.0
2030-09-21 08:00:00;469.4728546611029;1075.0844963913657;0.0;210.02100210021004;0.0;0.0;0.0;0.0
2030-09-21 09:00:00;469.3918811358013;1075.0844963913657;0.0;210.02100210021004;0.0;0.0;0.0;0.0
2030-09-21 10:00:00;469.1597174728027;1075.0844963913657;0.0;210.02100210021004;0.0;0.0;0.0;0.0
2030-09-21 11:00:00;469.6006138524782;1075.0844963913657;0.0;210.02100210021004;0.0;0.0;0.0;0.0
2030-09-21 12:00:00;469.3214533918683;1075.0844963913657;0.0;210.02100210021004;0.0;0.0;0.0;0.0
2030-09-21 13:00:00;468.880748059168;1075.0844963913657;0.0;210.02100210021004;0.0;0.0;0.0;0.0
2030-09-21 14:00:00;468.8823753147984;1075.0844963913657;0.0;210.02100210021004;0.0;0.0;0.0;0.0
2030-09-21 15:00:00;468.7517519321581;1075.0844963913657;0.0;210.02100210021004;0.0;0.0;0.0;0.0
2030-09-21 16:00:00;469.0344404110471;1075.0844963913657;0.0;210.02100210021004;0.0;0.0;0.0;0.0
2030-09-21 17:00:00;469.4019241220132;1075.0844963913657;0.0;210.02100210021004;0.0;0.0;0.0;0.0
2030-09-21 18:00:00;469.9222855769099;1075.0844963913657;0.0;210.02100210021004;0.0;0.0;0.0;0.0
2030-09-21 19:00:00;470.0168100221402;1075.0844963913657;0.0;210.02100210021004;0.0;0.0;0.0;0.0
2030-09-21 20:00:00;469.8322324294022;1075.0844963913657;0.0;210.02100210021004;0.0;0.0;0.0;0.0
2030-09-21 21:00:00;469.4522879383514;1075.0844963913657;0.0;210.02100210021004;0.0;0.0;0.0;0.0
2030-09-21 22:00:00;469.2007483090896;1075.0844963913657;0.0;210.02100210021004;0.0;0.0;0.0;0.0
2030-09-21 23:00:00;468.4488050108764;1075.0844963913657;0.0;210.02100210021004;0.0;0.0;0.0;0.0
2030-09-22 00:00:00;467.5777783956447;1075.0844963913657;0.0;210.02100210021004;0.0;0.0;0.0;0.0
2030-09-22 01:00:00;467.3317746099782;1075.0844963913657;0.0;210.02100210021004;0.0;0.0;0.0;0.0
2030-09-22 02:00:00;466.6561311770888;1075.0844963913657;0.0;210.02100210021004;0.0;0.0;0.0;0.0
2030-09-22 03:00:00;466.684292065093;1075.0844963913657;0.0;210.02100210021004;0.0;0.0;0.0;0.0
2030-09-22 04:00:00;466.8172891667246;1075.0844963913657;0.0;210.02100210021004;0.0;0.0;0.0;0.0
2030-09-22 05:00:00;466.8037443424492;1075.0844963913657;0.0;210.02100210021004;0.0;0.0;0.0;0.0
2030-09-22 06:00:00;467.2257400606911;1075.0844963913657;0.0;210.02100210021004;0.0;0.0;0.0;0.0
2030-09-22 07:00:00;467.3960489771831;1075.0844963913657;0.0;210.02100210021004;0.0;0.0;0.0;0.0
2030-09-22 08:00:00;467.4956560897498;1075.0844963913657;0.0;210.02100210021004;0.0;0.0;0.0;0.0
2030-09-22 09:00:00;467.7412967433982;1075.0844963913657;0.0;210.02100210021004;0.0;0.0;0.0;0.0
2030-09-22 10:00:00;467.6318305965399;1075.0844963913657;0.0;210.02100210021004;0.0;0.0;0.0;0.0
2030-09-22 11:00:00;467.344484230612;1075.0844963913657;0.0;210.02100210021004;0.0;0.0;0.0;0.0
2030-09-22 12:00:00;467.1828178561509;1075.0844963913657;0.0;210.02100210021004;0.0;0.0;0.0;0.0
2030-09-22 13:00:00;467.0415776577083;1075.0844963913657;0.0;210.02100210021004;0.0;0.0;0.0;0.0
2030-09-22 14:00:00;466.9574036559112;1075.0844963913657;0.0;210.02100210021004;0.0;0.0;0.0;0.0
2030-09-22 15:00:00;466.9125205384731;1075.0844963913657;0.0;210.02100210021004;0.0;0.0;0.0;0.0
2030-09-22 16:00:00;467.7497032496173;1075.0844963913657;0.0;210.02100210021004;0.0;0.0;0.0;0.0
2030-09-22 17:00:00;468.4741334691394;1075.0844963913657;0.0;210.02100210021004;0.0;0.0;0.0;0.0
2030-09-22 18:00:00;468.7520565591973;1075.0844963913657;0.0;210.02100210021004;0.0;0.0;0.0;0.0
2030-09-22 19:00:00;469.4977907090393;1075.0844963913657;0.0;210.02100210021004;0.0;0.0;0.0;0.0
2030-09-22 20:00:00;469.1959311719828;1075.0844963913657;0.0;210.02100210021004;0.0;0.0;0.0;0.0
2030-09-22 21:00:00;469.1410970884025;1075.0844963913657;0.0;210.02100210021004;0.0;0.0;0.0;0.0
2030-09-22 22:00:00;469.2340360872946;1075.0844963913657;0.0;210.02100210021004;0.0;0.0;0.0;0.0
2030-09-22 23:00:00;469.3419776101653;1075.0844963913657;0.0;210.02100210021004;0.0;0.0;0.0;0.0
2030-09-23 00:00:00;469.3891705938155;1075.0844963913657;0.0;210.02100210021004;0.0;0.0;0.0;0.0
2030-09-23 01:00:00;469.2361007978017;1075.0844963913657;0.0;210.02100210021004;0.0;0.0;0.0;0.0
2030-09-23 02:00:00;469.5064214705697;1075.0844963913657;0.0;210.02100210021004;0.0;0.0;0.0;0.0
2030-09-23 03:00:00;469.6679453964892;1075.0844963913657;0.0;210.02100210021004;0.0;0.0;0.0;0.0
2030-09-23 04:00:00;469.8130581034899;1075.0844963913657;0.0;210.02100210021004;0.0;0.0;0.0;0.0
2030-09-23 05:00:00;470.6969356385131;1075.0844963913657;0.0;210.02100210021004;0.0;0.0;0.0;0.0
2030-09-23 06:00:00;471.0039706882541;1075.0844963913657;0.0;210.02100210021004;0.0;0.0;0.0;0.0
2030-09-23 07:00:00;471.2277907061411;1075.0844963913657;0.0;210.02100210021004;0.0;0.0;0.0;0.0
2030-09-23 08:00:00;471.5467605674604;1075.0844963913657;0.0;210.02100210021004;0.0;0.0;0.0;0.0
2030-09-23 09:00:00;471.4070003383545;1075.0844963913657;0.0;210.02100210021004;0.0;0.0;0.0;0.0
2030-09-23 10:00:00;470.8982025632454;1075.0844963913657;0.0;210.02100210021004;0.0;0.0;0.0;0.0
2030-09-23 11:00:00;470.3390228475025;1075.0844963913657;0.0;210.02100210021004;0.0;0.0;0.0;0.0
2030-09-23 12:00:00;469.7034455059684;1075.0844963913657;0.0;210.02100210021004;0.0;0.0;0.0;0.0
2030-09-23 13:00:00;469.8496914689881;1075.0844963913657;0.0;210.02100210021004;0.0;0.0;0.0;0.0
2030-09-23 14:00:00;470.0686120397058;1075.0844963913657;0.0;210.02100210021004;0.0;0.0;0.0;0.0
2030-09-23 15:00:00;470.1700457580093;1075.0844963913657;0.0;210.02100210021004;0.0;0.0;0.0;0.0
2030-09-23 16:00:00;470.4028953574618;1075.0844963913657;0.0;210.02100210021004;0.0;0.0;0.0;0.0
2030-09-23 17:00:00;470.8700990536084;1075.0844963913657;0.0;210.02100210021004;0.0;0.0;0.0;0.0
2030-09-23 18:00:00;535.1278025904046;1075.0844963913657;0.0;210.02100210021004;0.0;0.0;0.0;0.0
2030-09-23 19:00:00;535.3471857225435;1075.0844963913657;0.0;210.02100210021004;0.0;0.0;0.0;0.0
2030-09-23 20:00:00;535.4028315240191;1075.0844963913657;0.0;210.02100210021004;0.0;0.0;0.0;0.0
2030-09-23 21:00:00;535.2878449578257;1075.0844963913657;0.0;210.02100210021004;0.0;0.0;0.0;0.0
2030-09-23 22:00:00;535.1778526336839;1075.0844963913657;0.0;210.02100210021004;0.0;0.0;0.0;0.0
2030-09-23 23:00:00;534.9465699069534;1075.0844963913657;0.0;210.02100210021004;0.0;0.0;0.0;0.0
2030-09-24 00:00:00;535.0507774184957;1075.0844963913657;0.0;210.02100210021004;0.0;0.0;0.0;0.0
2030-09-24 01:00:00;535.0217969254296;1075.0844963913657;0.0;210.02100210021004;0.0;0.0;0.0;0.0
2030-09-24 02:00:00;534.4620137332756;1075.0844963913657;0.0;210.02100210021004;0.0;0.0;0.0;0.0
2030-09-24 03:00:00;534.1448918783808;1075.0844963913657;0.0;210.02100210021004;0.0;0.0;0.0;0.0
2030-09-24 04:00:00;534.1362065613149;1075.0844963913657;0.0;210.02100210021004;0.0;0.0;0.0;0.0
2030-09-24 05:00:00;534.2969388180287;1075.0844963913657;0.0;210.02100210021004;0.0;0.0;0.0;0.0
2030-09-24 06:00:00;534.4699467855683;1075.0844963913657;0.0;210.02100210021004;0.0;0.0;0.0;0.0
2030-09-24 07:00:00;534.9237262730142;1075.0844963913657;0.0;210.02100210021004;0.0;0.0;0.0;0.0
2030-09-24 08:00:00;535.1180110017708;1075.0844963913657;0.0;210.02100210021004;0.0;0.0;0.0;0.0
2030-09-24 09:00:00;534.9806835967945;1075.0844963913657;0.0;210.02100210021004;0.0;0.0;0.0;0.0
2030-09-24 10:00:00;470.7061324025014;1075.0844963913657;0.0;210.02100210021004;0.0;0.0;0.0;0.0
2030-09-24 11:00:00;470.5836733528643;1075.0844963913657;0.0;210.02100210021004;0.0;0.0;0.0;0.0
2030-09-24 12:00:00;470.3605711554711;1075.0844963913657;0.0;210.02100210021004;0.0;0.0;0.0;0.0
2030-09-24 13:00:00;470.6824520511735;1075.0844963913657;0.0;210.02100210021004;0.0;0.0;0.0;0.0
2030-09-24 14:00:00;470.7610440958046;1075.0844963913657;0.0;210.02100210021004;0.0;0.0;0.0;0.0
2030-09-24 15:00:00;470.6788636176808;1075.0844963913657;0.0;210.02100210021004;0.0;0.0;0.0;0.0
2030-09-24 16:00:00;470.8225149759202;1075.0844963913657;0.0;210.02100210021004;0.0;0.0;0.0;0.0
2030-09-24 17:00:00;471.208560045201;1075.0844963913657;0.0;210.02100210021004;0.0;0.0;0.0;0.0
2030-09-24 18:00:00;471.2932246132114;1075.0844963913657;0.0;210.02100210021004;0.0;0.0;0.0;0.0
2030-09-24 19:00:00;471.1545012333152;1075.0844963913657;0.0;210.02100210021004;0.0;0.0;0.0;0.0
2030-09-24 20:00:00;470.9508614473726;1075.0844963913657;0.0;210.02100210021004;0.0;0.0;0.0;0.0
2030-09-24 21:00:00;470.6506535459891;1075.0844963913657;0.0;210.02100210021004;0.0;0.0;0.0;0.0
2030-09-24 22:00:00;470.4721966483489;1075.0844963913657;0.0;210.02100210021004;0.0;0.0;0.0;0.0
2030-09-24 23:00:00;470.3003131412832;1075.0844963913657;0.0;210.02100210021004;0.0;0.0;0.0;0.0
2030-09-25 00:00:00;470.0837700983973;1075.0844963913657;0.0;210.02100210021004;0.0;0.0;0.0;0.0
2030-09-25 01:00:00;469.537141560765;1075.0844963913657;0.0;210.02100210021004;0.0;0.0;0.0;0.0
2030-09-25 02:00:00;469.4240557572199;1075.0844963913657;0.0;210.02100210021004;0.0;0.0;0.0;0.0
2030-09-25 03:00:00;469.7529524880503;1075.0844963913657;0.0;210.02100210021004;0.0;0.0;0.0;0.0
2030-09-25 04:00:00;469.7742513264022;1075.0844963913657;0.0;210.02100210021004;0.0;0.0;0.0;0.0
2030-09-25 05:00:00;470.0618879005021;1075.0844963913657;0.0;210.02100210021004;0.0;0.0;0.0;0.0
2030-09-25 06:00:00;470.3900967023066;1075.0844963913657;0.0;210.02100210021004;0.0;0.0;0.0;0.0
2030-09-25 07:00:00;470.383249804714;1075.0844963913657;0.0;210.02100210021004;0.0;0.0;0.0;0.0
2030-09-25 08:00:00;470.2875365632626;1075.0844963913657;0.0;210.02100210021004;0.0;0.0;0.0;0.0
2030-09-25 09:00:00;470.1261365266955;1075.0844963913657;0.0;210.02100210021004;0.0;0.0;0.0;0.0
2030-09-25 10:00:00;470.5028868893936;1075.0844963913657;0.0;210.02100210021004;0.0;0.0;0.0;0.0
2030-09-25 11:00:00;470.6674850394574;1075.0844963913657;0.0;210.02100210021004;0.0;0.0;0.0;0.0
2030-09-25 12:00:00;470.6360808071078;1075.0844963913657;0.0;210.02100210021004;0.0;0.0;0.0;0.0
2030-09-25 13:00:00;470.6561447347024;1075.0844963913657;0.0;210.02100210021004;0.0;0.0;0.0;0.0
2030-09-25 14:00:00;470.4039392858542;1075.0844963913657;0.0;210.02100210021004;0.0;0.0;0.0;0.0
2030-09-25 15:00:00;470.6998246455724;1075.0844963913657;0.0;210.02100210021004;0.0;0.0;0.0;0.0
2030-09-25 16:00:00;470.6731230239612;1075.0844963913657;0.0;210.02100210021004;0.0;0.0;0.0;0.0
2030-09-25 17:00:00;470.9347841789444;1075.0844963913657;0.0;210.02100210021004;0.0;0.0;0.0;0.0
2030-09-25 18:00:00;470.9619282451092;1075.0844963913657;0.0;210.02100210021004;0.0;0.0;0.0;0.0
2030-09-25 19:00:00;470.6657070028924;1075.0844963913657;0.0;210.02100210021004;0.0;0.0;0.0;0.0
2030-09-25 20:00:00;470.8760306943033;1075.0844963913657;0.0;210.02100210021004;0.0;0.0;0.0;0.0
2030-09-25 21:00:00;470.6368090021745;1075.0844963913657;0.0;210.02100210021004;0.0;0.0;0.0;0.0
2030-09-25 22:00:00;470.3406761654117;1075.0844963913657;0.0;210.02100210021004;0.0;0.0;0.0;0.0
2030-09-25 23:00:00;469.9973496032618;1075.0844963913657;0.0;210.02100210021004;0.0;0.0;0.0;0.0
2030-09-26 00:00:00;469.8052774499457;1075.0844963913657;0.0;210.02100210021004;0.0;0.0;0.0;0.0
2030-09-26 01:00:00;468.5116631632108;1075.0844963913657;0.0;210.02100210021004;0.0;0.0;0.0;0.0
2030-09-26 02:00:00;468.5867043947525;1075.0844963913657;0.0;210.02100210021004;0.0;0.0;0.0;0.0
2030-09-26 03:00:00;468.9837108400062;1075.0844963913657;0.0;210.02100210021004;0.0;0.0;0.0;0.0
2030-09-26 04:00:00;468.7747846205004;1075.0844963913657;0.0;210.02100210021004;0.0;0.0;0.0;0.0
2030-09-26 05:00:00;469.1014667833183;1075.0844963913657;0.0;210.02100210021004;0.0;0.0;0.0;0.0
2030-09-26 06:00:00;469.6432076086482;1075.0844963913657;0.0;210.02100210021004;0.0;0.0;0.0;0.0
2030-09-26 07:00:00;469.8595233236625;1075.0844963913657;0.0;210.02100210021004;0.0;0.0;0.0;0.0
2030-09-26 08:00:00;469.9732327204863;1075.0844963913657;0.0;210.02100210021004;0.0;0.0;0.0;0.0
2030-09-26 09:00:00;469.935086192332;1075.0844963913657;0.0;210.02100210021004;0.0;0.0;0.0;0.0
2030-09-26 10:00:00;469.9943003104327;1075.0844963913657;0.0;210.02100210021004;0.0;0.0;0.0;0.0
2030-09-26 11:00:00;470.1757240085537;1075.0844963913657;0.0;210.02100210021004;0.0;0.0;0.0;0.0
2030-09-26 12:00:00;469.9740070946995;1075.0844963913657;0.0;210.02100210021004;0.0;0.0;0.0;0.0
2030-09-26 13:00:00;470.3309429994197;1075.0844963913657;0.0;210.02100210021004;0.0;0.0;0.0;0.0
2030-09-26 14:00:00;470.2878302194536;1075.0844963913657;0.0;210.02100210021004;0.0;0.0;0.0;0.0
2030-09-26 15:00:00;470.3651249455417;1075.0844963913657;0.0;210.02100210021004;0.0;0.0;0.0;0.0
2030-09-26 16:00:00;470.4779392346406;1075.0844963913657;0.0;210.02100210021004;0.0;0.0;0.0;0.0
2030-09-26 17:00:00;470.5631891224611;1075.0844963913657;0.0;210.02100210021004;0.0;0.0;0.0;0.0
2030-09-26 18:00:00;469.4877794465116;1075.0844963913657;0.0;210.02100210021004;0.0;0.0;0.0;0.0
2030-09-26 19:00:00;469.5386642469126;1075.0844963913657;0.0;210.02100210021004;0.0;0.0;0.0;0.0
2030-09-26 20:00:00;469.5620489817824;1075.0844963913657;0.0;210.02100210021004;0.0;0.0;0.0;0.0
2030-09-26 21:00:00;469.7438487961376;1075.0844963913657;0.0;210.02100210021004;0.0;0.0;0.0;0.0
2030-09-26 22:00:00;469.5777299524983;1075.0844963913657;0.0;210.02100210021004;0.0;0.0;0.0;0.0
2030-09-26 23:00:00;469.6139776782705;1075.0844963913657;0.0;210.02100210021004;0.0;0.0;0.0;0.0
2030-09-27 00:00:00;469.5483330771573;1075.0844963913657;0.0;210.02100210021004;0.0;0.0;0.0;0.0
2030-09-27 01:00:00;469.5051117748697;1075.0844963913657;0.0;210.02100210021004;0.0;0.0;0.0;0.0
2030-09-27 02:00:00;469.0653860348144;1075.0844963913657;0.0;210.02100210021004;0.0;0.0;0.0;0.0
2030-09-27 03:00:00;468.2282749362802;1075.0844963913657;0.0;210.02100210021004;0.0;0.0;0.0;0.0
2030-09-27 04:00:00;468.129739063167;1075.0844963913657;0.0;210.02100210021004;0.0;0.0;0.0;0.0
2030-09-27 05:00:00;469.2982182557668;1075.0844963913657;0.0;210.02100210021004;0.0;0.0;0.0;0.0
2030-09-27 06:00:00;470.1202454222507;1075.0844963913657;0.0;210.02100210021004;0.0;0.0;0.0;0.0
2030-09-27 07:00:00;470.500195588503;1075.0844963913657;0.0;210.02100210021004;0.0;0.0;0.0;0.0
2030-09-27 08:00:00;470.5371110941285;1075.0844963913657;0.0;210.02100210021004;0.0;0.0;0.0;0.0
2030-09-27 09:00:00;470.4714424233086;1075.0844963913657;0.0;210.02100210021004;0.0;0.0;0.0;0.0
2030-09-27 10:00:00;470.2897069123957;1075.0844963913657;0.0;210.02100210021004;0.0;0.0;0.0;0.0
2030-09-27 11:00:00;470.1979219397745;1075.0844963913657;0.0;210.02100210021004;0.0;0.0;0.0;0.0
2030-09-27 12:00:00;469.0780800881816;1075.0844963913657;0.0;210.02100210021004;0.0;0.0;0.0;0.0
2030-09-27 13:00:00;469.726852350278;1075.0844963913657;0.0;210.02100210021004;0.0;0.0;0.0;0.0
2030-09-27 14:00:00;469.4908287393407;1075.0844963913657;0.0;210.02100210021004;0.0;0.0;0.0;0.0
2030-09-27 15:00:00;469.5849127325895;1075.0844963913657;0.0;210.02100210021004;0.0;0.0;0.0;0.0
2030-09-27 16:00:00;470.0352265449315;1075.0844963913657;0.0;210.02100210021004;0.0;0.0;0.0;0.0
2030-09-27 17:00:00;470.614761819583;1075.0844963913657;0.0;210.02100210021004;0.0;0.0;0.0;0.0
2030-09-27 18:00:00;470.7414569656982;1075.0844963913657;0.0;210.02100210021004;0.0;0.0;0.0;0.0
2030-09-27 19:00:00;470.5317004374965;1075.0844963913657;0.0;210.02100210021004;0.0;0.0;0.0;0.0
2030-09-27 20:00:00;470.2905617863848;1075.0844963913657;0.0;210.02100210021004;0.0;0.0;0.0;0.0
2030-09-27 21:00:00;469.9512056870676;1075.0844963913657;0.0;210.02100210021004;0.0;0.0;0.0;0.0
2030-09-27 22:00:00;469.5970637247594;1075.0844963913657;0.0;210.02100210021004;0.0;0.0;0.0;0.0
2030-09-27 23:00:00;469.4716437877471;1075.0844963913657;0.0;210.02100210021004;0.0;0.0;0.0;0.0
2030-09-28 00:00:00;466.9337092917296;1075.0844963913657;0.0;210.02100210021004;0.0;0.0;0.0;0.0
2030-09-28 01:00:00;464.3474649021725;1075.0844963913657;0.0;210.02100210021004;0.0;0.0;0.0;0.0
2030-09-28 02:00:00;463.7717735572669;1075.0844963913657;0.0;210.02100210021004;0.0;0.0;0.0;0.0
2030-09-28 03:00:00;464.2822645483214;1075.0844963913657;0.0;210.02100210021004;0.0;0.0;0.0;0.0
2030-09-28 04:00:00;464.5314638957472;1075.0844963913657;0.0;210.02100210021004;0.0;0.0;0.0;0.0
2030-09-28 05:00:00;528.1007029177692;1075.0844963913657;0.0;210.02100210021004;0.0;0.0;0.0;0.0
2030-09-28 06:00:00;527.6541725064288;1075.0844963913657;0.0;210.02100210021004;0.0;0.0;0.0;0.0
2030-09-28 07:00:00;528.1435701809573;1075.0844963913657;0.0;210.02100210021004;0.0;0.0;0.0;0.0
2030-09-28 08:00:00;528.6330945667137;1075.0844963913657;0.0;210.02100210021004;0.0;0.0;0.0;0.0
2030-09-28 09:00:00;528.6596955393759;1075.0844963913657;0.0;210.02100210021004;0.0;0.0;0.0;0.0
2030-09-28 10:00:00;491.925201310851;1075.0844963913657;0.0;210.02100210021004;0.0;0.0;0.0;0.0
2030-09-28 11:00:00;464.7783573548579;1075.0844963913657;0.0;210.02100210021004;0.0;0.0;0.0;0.0
2030-09-28 12:00:00;465.4411096011045;1075.0844963913657;0.0;210.02100210021004;0.0;0.0;0.0;0.0
2030-09-28 13:00:00;465.6404146092424;1075.0844963913657;0.0;210.02100210021004;0.0;0.0;0.0;0.0
2030-09-28 14:00:00;465.4981213279474;1075.0844963913657;0.0;210.02100210021004;0.0;0.0;0.0;0.0
2030-09-28 15:00:00;465.701693137298;1075.0844963913657;0.0;210.02100210021004;0.0;0.0;0.0;0.0
2030-09-28 16:00:00;466.0364463881896;1075.0844963913657;0.0;210.02100210021004;0.0;0.0;0.0;0.0
2030-09-28 17:00:00;466.604511960715;1075.0844963913657;0.0;210.02100210021004;0.0;0.0;0.0;0.0
2030-09-28 18:00:00;466.639045815637;1075.0844963913657;0.0;210.02100210021004;0.0;0.0;0.0;0.0
2030-09-28 19:00:00;466.7558835424628;1075.0844963913657;0.0;210.02100210021004;0.0;0.0;0.0;0.0
2030-09-28 20:00:00;466.5584305076172;1075.0844963913657;0.0;210.02100210021004;0.0;0.0;0.0;0.0
2030-09-28 21:00:00;466.434566176241;1075.0844963913657;0.0;210.02100210021004;0.0;0.0;0.0;0.0
2030-09-28 22:00:00;465.8050949794538;1075.0844963913657;0.0;210.02100210021004;0.0;0.0;0.0;0.0
2030-09-28 23:00:00;465.3323152484797;1075.0844963913657;0.0;210.02100210021004;0.0;0.0;0.0;0.0
2030-09-29 00:00:00;465.2931877735288;1075.0844963913657;0.0;210.02100210021004;0.0;0.0;0.0;0.0
2030-09-29 01:00:00;464.8582463988415;1075.0844963913657;0.0;210.02100210021004;0.0;0.0;0.0;0.0
2030-09-29 02:00:00;464.6091559910211;1075.0844963913657;0.0;210.02100210021004;0.0;0.0;0.0;0.0
2030-09-29 03:00:00;464.2139775723164;1075.0844963913657;0.0;210.02100210021004;0.0;0.0;0.0;0.0
2030-09-29 04:00:00;464.0740083359372;1075.0844963913657;0.0;210.02100210021004;0.0;0.0;0.0;0.0
2030-09-29 05:00:00;463.9805926242792;1075.0844963913657;0.0;210.02100210021004;0.0;0.0;0.0;0.0
2030-09-29 06:00:00;464.4256109124691;1075.0844963913657;0.0;210.02100210021004;0.0;0.0;0.0;0.0
2030-09-29 07:00:00;464.8057011958214;1075.0844963913657;0.0;210.02100210021004;0.0;0.0;0.0;0.0
2030-09-29 08:00:00;465.2642824648875;1075.0844963913657;0.0;210.02100210021004;0.0;0.0;0.0;0.0
2030-09-29 09:00:00;466.0696729678464;1075.0844963913657;0.0;210.02100210021004;0.0;0.0;0.0;0.0
2030-09-29 10:00:00;466.7789605822135;1075.0844963913657;0.0;210.02100210021004;0.0;0.0;0.0;0.0
2030-09-29 11:00:00;466.866112266559;1075.0844963913657;0.0;210.02100210021004;0.0;0.0;0.0;0.0
2030-09-29 12:00:00;466.7852790793285;1075.0844963913657;0.0;210.02100210021004;0.0;0.0;0.0;0.0
2030-09-29 13:00:00;466.7259433075698;1075.0844963913657;0.0;210.02100210021004;0.0;0.0;0.0;0.0
2030-09-29 14:00:00;466.6318739582793;1075.0844963913657;0.0;210.02100210021004;0.0;0.0;0.0;0.0
2030-09-29 15:00:00;466.5509318314434;1075.0844963913657;0.0;210.02100210021004;0.0;0.0;0.0;0.0
2030-09-29 16:00:00;466.6872152778387;1075.0844963913657;0.0;210.02100210021004;0.0;0.0;0.0;0.0
2030-09-29 17:00:00;466.972201285649;1075.0844963913657;0.0;210.02100210021004;0.0;0.0;0.0;0.0
2030-09-29 18:00:00;467.2126673080392;1075.0844963913657;0.0;210.02100210021004;0.0;0.0;0.0;0.0
2030-09-29 19:00:00;467.2253950852739;1075.0844963913657;0.0;210.02100210021004;0.0;0.0;0.0;0.0
2030-09-29 20:00:00;467.111625824001;1075.0844963913657;0.0;210.02100210021004;0.0;0.0;0.0;0.0
2030-09-29 21:00:00;467.1052347004824;1075.0844963913657;0.0;210.02100210021004;0.0;0.0;0.0;0.0
2030-09-29 22:00:00;466.8652952195183;1075.0844963913657;0.0;210.02100210021004;0.0;0.0;0.0;0.0
2030-09-29 23:00:00;466.8970329579009;1075.0844963913657;0.0;210.02100210021004;0.0;0.0;0.0;0.0
2030-09-30 00:00:00;466.2897491274201;1075.0844963913657;0.0;210.02100210021004;0.0;0.0;0.0;0.0
2030-09-30 01:00:00;465.9600978813827;1075.0844963913657;0.0;210.02100210021004;0.0;0.0;0.0;0.0
2030-09-30 02:00:00;466.3424940530501;1075.0844963913657;0.0;210.02100210021004;0.0;0.0;0.0;0.0
2030-09-30 03:00:00;466.7400328298723;1075.0844963913657;0.0;210.02100210021004;0.0;0.0;0.0;0.0
2030-09-30 04:00:00;466.926174302354;1075.0844963913657;0.0;210.02100210021004;0.0;0.0;0.0;0.0
2030-09-30 05:00:00;467.306700344128;1075.0844963913657;0.0;210.02100210021004;0.0;0.0;0.0;0.0
2030-09-30 06:00:00;468.506996916778;1075.0844963913657;0.0;210.02100210021004;0.0;0.0;0.0;0.0
2030-09-30 07:00:00;469.4170549587366;1075.0844963913657;0.0;210.02100210021004;0.0;0.0;0.0;0.0
2030-09-30 08:00:00;470.2361929337919;1075.0844963913657;0.0;210.02100210021004;0.0;0.0;0.0;0.0
2030-09-30 09:00:00;470.4123852380064;1075.0844963913657;0.0;210.02100210021004;0.0;0.0;0.0;0.0
2030-09-30 10:00:00;469.7220047235626;1075.0844963913657;0.0;210.02100210021004;0.0;0.0;0.0;0.0
2030-09-30 11:00:00;469.2810117059335;1075.0844963913657;0.0;210.02100210021004;0.0;0.0;0.0;0.0
2030-09-30 12:00:00;468.6791851308873;1075.0844963913657;0.0;210.02100210021004;0.0;0.0;0.0;0.0
2030-09-30 13:00:00;468.7579125586413;1075.0844963913657;0.0;210.02100210021004;0.0;0.0;0.0;0.0
2030-09-30 14:00:00;469.0716569373973;1075.0844963913657;0.0;210.02100210021004;0.0;0.0;0.0;0.0
2030-09-30 15:00:00;469.2865679784885;1075.0844963913657;0.0;210.02100210021004;0.0;0.0;0.0;0.0
2030-09-30 16:00:00;469.6014634534376;1075.0844963913657;0.0;210.02100210021004;0.0;0.0;0.0;0.0
2030-09-30 17:00:00;470.3287737495986;1075.0844963913657;0.0;210.02100210021004;0.0;0.0;0.0;0.0
2030-09-30 18:00:00;470.3202793859576;1075.0844963913657;0.0;210.02100210021004;0.0;0.0;0.0;0.0
2030-09-30 19:00:00;470.2976941523849;1075.0844963913657;0.0;210.02100210021004;0.0;0.0;0.0;0.0
2030-09-30 20:00:00;470.3636025076069;1075.0844963913657;0.0;210.02100210021004;0.0;0.0;0.0;0.0
2030-09-30 21:00:00;470.1191989076991;1075.0844963913657;0.0;210.02100210021004;0.0;0.0;0.0;0.0
2030-09-30 22:00:00;469.9169854351716;1075.0844963913657;0.0;210.02100210021004;0.0;0.0;0.0;0.0
2030-09-30 23:00:00;469.6124108055486;1075.0844963913657;0.0;210.02100210021004;0.0;0.0;0.0;0.0
2030-10-01 00:00:00;469.8145701639563;1075.0844963913657;0.0;210.02100210021004;0.0;0.0;0.0;0.0
2030-10-01 01:00:00;469.8734503598251;1075.0844963913657;0.0;210.02100210021004;0.0;0.0;0.0;0.0
2030-10-01 02:00:00;469.734537925526;1075.0844963913657;0.0;210.02100210021004;0.0;0.0;0.0;0.0
2030-10-01 03:00:00;469.9931517802523;1075.0844963913657;0.0;210.02100210021004;0.0;0.0;0.0;0.0
2030-10-01 04:00:00;469.3300139902785;1075.0844963913657;0.0;210.02100210021004;0.0;0.0;0.0;0.0
2030-10-01 05:00:00;469.5859787704218;1075.0844963913657;0.0;210.02100210021004;0.0;0.0;0.0;0.0
2030-10-01 06:00:00;469.9487839403562;1075.0844963913657;0.0;210.02100210021004;0.0;0.0;0.0;0.0
2030-10-01 07:00:00;470.5369441491652;1075.0844963913657;0.0;210.02100210021004;0.0;0.0;0.0;0.0
2030-10-01 08:00:00;470.4828833770126;1075.0844963913657;0.0;210.02100210021004;0.0;0.0;0.0;0.0
2030-10-01 09:00:00;470.4439040843089;1075.0844963913657;0.0;210.02100210021004;0.0;0.0;0.0;0.0
2030-10-01 10:00:00;470.362827917486;1075.0844963913657;0.0;210.02100210021004;0.0;0.0;0.0;0.0
2030-10-01 11:00:00;470.337395591872;1075.0844963913657;0.0;210.02100210021004;0.0;0.0;0.0;0.0
2030-10-01 12:00:00;470.1529466706286;1075.0844963913657;0.0;210.02100210021004;0.0;0.0;0.0;0.0
2030-10-01 13:00:00;470.2091517296356;1075.0844963913657;0.0;210.02100210021004;0.0;0.0;0.0;0.0
2030-10-01 14:00:00;470.100557372986;1075.0844963913657;0.0;210.02100210021004;0.0;0.0;0.0;0.0
2030-10-01 15:00:00;470.1330256505958;1075.0844963913657;0.0;210.02100210021004;0.0;0.0;0.0;0.0
2030-10-01 16:00:00;470.3733295445856;1075.0844963913657;0.0;210.02100210021004;0.0;0.0;0.0;0.0
2030-10-01 17:00:00;470.3960685767369;1075.0844963913657;0.0;210.02100210021004;0.0;0.0;0.0;0.0
2030-10-01 18:00:00;470.3629325192741;1075.0844963913657;0.0;210.02100210021004;0.0;0.0;0.0;0.0
2030-10-01 19:00:00;470.5588646205289;1075.0844963913657;0.0;210.02100210021004;0.0;0.0;0.0;0.0
2030-10-01 20:00:00;470.6710533237771;1075.0844963913657;0.0;210.02100210021004;0.0;0.0;0.0;0.0
2030-10-01 21:00:00;470.6465824342072;1075.0844963913657;0.0;210.02100210021004;0.0;0.0;0.0;0.0
2030-10-01 22:00:00;470.4929705821042;1075.0844963913657;0.0;210.02100210021004;0.0;0.0;0.0;0.0
2030-10-01 23:00:00;470.2978069096515;1075.0844963913657;0.0;210.02100210021004;0.0;0.0;0.0;0.0
2030-10-02 00:00:00;469.3535033269365;1075.0844963913657;0.0;210.02100210021004;0.0;0.0;0.0;0.0
2030-10-02 01:00:00;468.9907001172687;1075.0844963913657;0.0;210.02100210021004;0.0;0.0;0.0;0.0
2030-10-02 02:00:00;469.019282384661;1075.0844963913657;0.0;210.02100210021004;0.0;0.0;0.0;0.0
2030-10-02 03:00:00;468.8694922070281;1075.0844963913657;0.0;210.02100210021004;0.0;0.0;0.0;0.0
2030-10-02 04:00:00;468.9945178389;1075.0844963913657;0.0;210.02100210021004;0.0;0.0;0.0;0.0
2030-10-02 05:00:00;469.5977354574514;1075.0844963913657;0.0;210.02100210021004;0.0;0.0;0.0;0.0
2030-10-02 06:00:00;470.6637478176021;1075.0844963913657;0.0;210.02100210021004;0.0;0.0;0.0;0.0
2030-10-02 07:00:00;471.0888566322018;1075.0844963913657;0.0;210.02100210021004;0.0;0.0;0.0;0.0
2030-10-02 08:00:00;471.0441529098072;1075.0844963913657;0.0;210.02100210021004;0.0;0.0;0.0;0.0
2030-10-02 09:00:00;470.8479674184018;1075.0844963913657;0.0;210.02100210021004;0.0;0.0;0.0;0.0
2030-10-02 10:00:00;470.3128402496872;1075.0844963913657;0.0;210.02100210021004;0.0;0.0;0.0;0.0
2030-10-02 11:00:00;470.2302836553294;1075.0844963913657;0.0;210.02100210021004;0.0;0.0;0.0;0.0
2030-10-02 12:00:00;470.208214363298;1075.0844963913657;0.0;210.02100210021004;0.0;0.0;0.0;0.0
2030-10-02 13:00:00;469.854154893338;1075.0844963913657;0.0;210.02100210021004;0.0;0.0;0.0;0.0
2030-10-02 14:00:00;469.808700898742;1075.0844963913657;0.0;210.02100210021004;0.0;0.0;0.0;0.0
2030-10-02 15:00:00;470.2193214270754;1075.0844963913657;0.0;210.02100210021004;0.0;0.0;0.0;0.0
2030-10-02 16:00:00;470.6396913500403;1075.0844963913657;0.0;210.02100210021004;0.0;0.0;0.0;0.0
2030-10-02 17:00:00;470.8212216102162;1075.0844963913657;0.0;210.02100210021004;0.0;0.0;0.0;0.0
2030-10-02 18:00:00;470.7902980958887;1075.0844963913657;0.0;210.02100210021004;0.0;0.0;0.0;0.0
2030-10-02 19:00:00;471.1349362126486;1075.0844963913657;0.0;210.02100210021004;0.0;0.0;0.0;0.0
2030-10-02 20:00:00;471.051377916206;1075.0844963913657;0.0;210.02100210021004;0.0;0.0;0.0;0.0
2030-10-02 21:00:00;470.6925372959984;1075.0844963913657;0.0;210.02100210021004;0.0;0.0;0.0;0.0
2030-10-02 22:00:00;470.2452747367522;1075.0844963913657;0.0;210.02100210021004;0.0;0.0;0.0;0.0
2030-10-02 23:00:00;468.9891111351068;1075.0844963913657;0.0;210.02100210021004;0.0;0.0;0.0;0.0
2030-10-03 00:00:00;469.4439949338537;1075.0844963913657;0.0;210.02100210021004;0.0;0.0;0.0;0.0
2030-10-03 01:00:00;469.7816211683245;1075.0844963913657;0.0;210.02100210021004;0.0;0.0;0.0;0.0
2030-10-03 02:00:00;469.7163929494859;1075.0844963913657;0.0;210.02100210021004;0.0;0.0;0.0;0.0
2030-10-03 03:00:00;469.1776351209709;1075.0844963913657;0.0;210.02100210021004;0.0;0.0;0.0;0.0
2030-10-03 04:00:00;469.415664096345;1075.0844963913657;0.0;210.02100210021004;0.0;0.0;0.0;0.0
2030-10-03 05:00:00;469.3816912891884;1075.0844963913657;0.0;210.02100210021004;0.0;0.0;0.0;0.0
2030-10-03 06:00:00;470.4904884524843;1075.0844963913657;0.0;210.02100210021004;0.0;0.0;0.0;0.0
2030-10-03 07:00:00;471.1912075676699;1075.0844963913657;0.0;210.02100210021004;0.0;0.0;0.0;0.0
2030-10-03 08:00:00;471.2847082336807;1075.0844963913657;0.0;210.02100210021004;0.0;0.0;0.0;0.0
2030-10-03 09:00:00;470.907410824641;1075.0844963913657;0.0;210.02100210021004;0.0;0.0;0.0;0.0
2030-10-03 10:00:00;470.3567293318279;1075.0844963913657;0.0;210.02100210021004;0.0;0.0;0.0;0.0
2030-10-03 11:00:00;470.2544407718403;1075.0844963913657;0.0;210.02100210021004;0.0;0.0;0.0;0.0
2030-10-03 12:00:00;470.5770739323164;1075.0844963913657;0.0;210.02100210021004;0.0;0.0;0.0;0.0
2030-10-03 13:00:00;470.4345892608583;1075.0844963913657;0.0;210.02100210021004;0.0;0.0;0.0;0.0
2030-10-03 14:00:00;470.1847854418538;1075.0844963913657;0.0;210.02100210021004;0.0;0.0;0.0;0.0
2030-10-03 15:00:00;470.4296833919551;1075.0844963913657;0.0;210.02100210021004;0.0;0.0;0.0;0.0
2030-10-03 16:00:00;470.4982746766813;1075.0844963913657;0.0;210.02100210021004;0.0;0.0;0.0;0.0
2030-10-03 17:00:00;470.7202023139208;1075.0844963913657;0.0;210.02100210021004;0.0;0.0;0.0;0.0
2030-10-03 18:00:00;471.1553782167443;1075.0844963913657;0.0;210.02100210021004;0.0;0.0;0.0;0.0
2030-10-03 19:00:00;471.1927543235243;1075.0844963913657;0.0;210.02100210021004;0.0;0.0;0.0;0.0
2030-10-03 20:00:00;471.2154692859689;1075.0844963913657;0.0;210.02100210021004;0.0;0.0;0.0;0.0
2030-10-03 21:00:00;470.9948551313012;1075.0844963913657;0.0;210.02100210021004;0.0;0.0;0.0;0.0
2030-10-03 22:00:00;470.5334985909291;1075.0844963913657;0.0;210.02100210021004;0.0;0.0;0.0;0.0
2030-10-03 23:00:00;470.2216587211719;1075.0844963913657;0.0;210.02100210021004;0.0;0.0;0.0;0.0
2030-10-04 00:00:00;470.0362483638842;1075.0844963913657;0.0;210.02100210021004;0.0;0.0;0.0;0.0
2030-10-04 01:00:00;470.0953598404637;1075.0844963913657;0.0;210.02100210021004;0.0;0.0;0.0;0.0
2030-10-04 02:00:00;469.9922144139147;1075.0844963913657;0.0;210.02100210021004;0.0;0.0;0.0;0.0
2030-10-04 03:00:00;469.9470923489784;1075.0844963913657;0.0;210.02100210021004;0.0;0.0;0.0;0.0
2030-10-04 04:00:00;468.7053968844264;1075.0844963913657;0.0;210.02100210021004;0.0;0.0;0.0;0.0
2030-10-04 05:00:00;470.0474398802766;1075.0844963913657;0.0;210.02100210021004;0.0;0.0;0.0;0.0
2030-10-04 06:00:00;470.3417603598448;1075.0844963913657;0.0;210.02100210021004;0.0;0.0;0.0;0.0
2030-10-04 07:00:00;470.5878269569941;1075.0844963913657;0.0;210.02100210021004;0.0;0.0;0.0;0.0
2030-10-04 08:00:00;470.6034878108422;1075.0844963913657;0.0;210.02100210021004;0.0;0.0;0.0;0.0
2030-10-04 09:00:00;470.7653224185902;1075.0844963913657;0.0;210.02100210021004;0.0;0.0;0.0;0.0
2030-10-04 10:00:00;470.5695371454307;1075.0844963913657;0.0;210.02100210021004;0.0;0.0;0.0;0.0
2030-10-04 11:00:00;470.5117008779544;1075.0844963913657;0.0;210.02100210021004;0.0;0.0;0.0;0.0
2030-10-04 12:00:00;470.4221264882019;1075.0844963913657;0.0;210.02100210021004;0.0;0.0;0.0;0.0
2030-10-04 13:00:00;470.2526666881144;1075.0844963913657;0.0;210.02100210021004;0.0;0.0;0.0;0.0
2030-10-04 14:00:00;470.1641563436219;1075.0844963913657;0.0;210.02100210021004;0.0;0.0;0.0;0.0
2030-10-04 15:00:00;470.1957697472423;1075.0844963913657;0.0;210.02100210021004;0.0;0.0;0.0;0.0
2030-10-04 16:00:00;470.3545791318678;1075.0844963913657;0.0;210.02100210021004;0.0;0.0;0.0;0.0
2030-10-04 17:00:00;470.4311879215018;1075.0844963913657;0.0;210.02100210021004;0.0;0.0;0.0;0.0
2030-10-04 18:00:00;470.3385441220526;1075.0844963913657;0.0;210.02100210021004;0.0;0.0;0.0;0.0
2030-10-04 19:00:00;470.5490749921621;1075.0844963913657;0.0;210.02100210021004;0.0;0.0;0.0;0.0
2030-10-04 20:00:00;469.7195026252235;1075.0844963913657;0.0;210.02100210021004;0.0;0.0;0.0;0.0
2030-10-04 21:00:00;469.6915660605498;1075.0844963913657;0.0;210.02100210021004;0.0;0.0;0.0;0.0
2030-10-04 22:00:00;470.1195793324551;1075.0844963913657;0.0;210.02100210021004;0.0;0.0;0.0;0.0
2030-10-04 23:00:00;469.3237926785367;1075.0844963913657;0.0;210.02100210021004;0.0;0.0;0.0;0.0
2030-10-05 00:00:00;468.7077582482292;1075.0844963913657;0.0;210.02100210021004;0.0;0.0;0.0;0.0
2030-10-05 01:00:00;468.1302292913913;1075.0844963913657;0.0;210.02100210021004;0.0;0.0;0.0;0.0
2030-10-05 02:00:00;467.4006425972123;1075.0844963913657;0.0;210.02100210021004;0.0;0.0;0.0;0.0
2030-10-05 03:00:00;467.1440716698189;1075.0844963913657;0.0;210.02100210021004;0.0;0.0;0.0;0.0
2030-10-05 04:00:00;467.4284766664001;1075.0844963913657;0.0;210.02100210021004;0.0;0.0;0.0;0.0
2030-10-05 05:00:00;467.3681967513944;1075.0844963913657;0.0;210.02100210021004;0.0;0.0;0.0;0.0
2030-10-05 06:00:00;467.588073188358;1075.0844963913657;0.0;210.02100210021004;0.0;0.0;0.0;0.0
2030-10-05 07:00:00;468.3353625684198;1075.0844963913657;0.0;210.02100210021004;0.0;0.0;0.0;0.0
2030-10-05 08:00:00;469.1064370956677;1075.0844963913657;0.0;210.02100210021004;0.0;0.0;0.0;0.0
2030-10-05 09:00:00;469.2994526056667;1075.0844963913657;0.0;210.02100210021004;0.0;0.0;0.0;0.0
2030-10-05 10:00:00;469.1082525734307;1075.0844963913657;0.0;210.02100210021004;0.0;0.0;0.0;0.0
2030-10-05 11:00:00;469.0301792009772;1075.0844963913657;0.0;210.02100210021004;0.0;0.0;0.0;0.0
2030-10-05 12:00:00;469.2736885553532;1075.0844963913657;0.0;210.02100210021004;0.0;0.0;0.0;0.0
2030-10-05 13:00:00;468.9024717946801;1075.0844963913657;0.0;210.02100210021004;0.0;0.0;0.0;0.0
2030-10-05 14:00:00;468.8064759637626;1075.0844963913657;0.0;210.02100210021004;0.0;0.0;0.0;0.0
2030-10-05 15:00:00;468.6831536169601;1075.0844963913657;0.0;210.02100210021004;0.0;0.0;0.0;0.0
2030-10-05 16:00:00;468.6343910034282;1075.0844963913657;0.0;210.02100210021004;0.0;0.0;0.0;0.0
2030-10-05 17:00:00;468.3149908622042;1075.0844963913657;0.0;210.02100210021004;0.0;0.0;0.0;0.0
2030-10-05 18:00:00;468.1794336798447;1075.0844963913657;0.0;210.02100210021004;0.0;0.0;0.0;0.0
2030-10-05 19:00:00;468.0888322413272;1075.0844963913657;0.0;210.02100210021004;0.0;0.0;0.0;0.0
2030-10-05 20:00:00;468.2786050339898;1075.0844963913657;0.0;210.02100210021004;0.0;0.0;0.0;0.0
2030-10-05 21:00:00;468.7815610356686;1075.0844963913657;0.0;210.02100210021004;0.0;0.0;0.0;0.0
2030-10-05 22:00:00;468.9626368164975;1075.0844963913657;0.0;210.02100210021004;0.0;0.0;0.0;0.0
2030-10-05 23:00:00;468.4025783049715;1075.0844963913657;0.0;210.02100210021004;0.0;0.0;0.0;0.0
2030-10-06 00:00:00;467.1111537523776;1075.0844963913657;0.0;210.02100210021004;0.0;0.0;0.0;0.0
2030-10-06 01:00:00;465.5761220854366;1075.0844963913657;0.0;210.02100210021004;0.0;0.0;0.0;0.0
2030-10-06 02:00:00;464.9784612534357;1075.0844963913657;0.0;210.02100210021004;0.0;0.0;0.0;0.0
2030-10-06 03:00:00;464.9317443193062;1075.0844963913657;0.0;210.02100210021004;0.0;0.0;0.0;0.0
2030-10-06 04:00:00;464.8394724735053;1075.0844963913657;0.0;210.02100210021004;0.0;0.0;0.0;0.0
2030-10-06 05:00:00;464.8674154822987;1075.0844963913657;0.0;210.02100210021004;0.0;0.0;0.0;0.0
2030-10-06 06:00:00;465.4720666056481;1075.0844963913657;0.0;210.02100210021004;0.0;0.0;0.0;0.0
2030-10-06 07:00:00;466.2990816202854;1075.0844963913657;0.0;210.02100210021004;0.0;0.0;0.0;0.0
2030-10-06 08:00:00;466.8888624874935;1075.0844963913657;0.0;210.02100210021004;0.0;0.0;0.0;0.0
2030-10-06 09:00:00;467.7764660793518;1075.0844963913657;0.0;210.02100210021004;0.0;0.0;0.0;0.0
2030-10-06 10:00:00;468.1857158637581;1075.0844963913657;0.0;210.02100210021004;0.0;0.0;0.0;0.0
2030-10-06 11:00:00;468.0926814407192;1075.0844963913657;0.0;210.02100210021004;0.0;0.0;0.0;0.0
2030-10-06 12:00:00;467.8528690559614;1075.0844963913657;0.0;210.02100210021004;0.0;0.0;0.0;0.0
2030-10-06 13:00:00;468.1806138589037;1075.0844963913657;0.0;210.02100210021004;0.0;0.0;0.0;0.0
2030-10-06 14:00:00;468.2027285988064;1075.0844963913657;0.0;210.02100210021004;0.0;0.0;0.0;0.0
2030-10-06 15:00:00;468.0424058128122;1075.0844963913657;0.0;210.02100210021004;0.0;0.0;0.0;0.0
2030-10-06 16:00:00;467.546258536473;1075.0844963913657;0.0;210.02100210021004;0.0;0.0;0.0;0.0
2030-10-06 17:00:00;468.1779993083734;1075.0844963913657;0.0;210.02100210021004;0.0;0.0;0.0;0.0
2030-10-06 18:00:00;468.4182474515527;1075.0844963913657;0.0;210.02100210021004;0.0;0.0;0.0;0.0
2030-10-06 19:00:00;468.519652067609;1075.0844963913657;0.0;210.02100210021004;0.0;0.0;0.0;0.0
2030-10-06 20:00:00;468.3782303031575;1075.0844963913657;0.0;210.02100210021004;0.0;0.0;0.0;0.0
2030-10-06 21:00:00;468.5842169404284;1075.0844963913657;0.0;210.02100210021004;0.0;0.0;0.0;0.0
2030-10-06 22:00:00;468.6093819892832;1075.0844963913657;0.0;210.02100210021004;0.0;0.0;0.0;0.0
2030-10-06 23:00:00;468.5792601883812;1075.0844963913657;0.0;210.02100210021004;0.0;0.0;0.0;0.0
2030-10-07 00:00:00;470.710966278731;1075.0844963913657;0.0;210.02100210021004;0.0;0.0;0.0;0.0
2030-10-07 01:00:00;467.4904996150927;1075.0844963913657;0.0;210.02100210021004;0.0;0.0;0.0;0.0
2030-10-07 02:00:00;467.1578706865069;1075.0844963913657;0.0;210.02100210021004;0.0;0.0;0.0;0.0
2030-10-07 03:00:00;467.1274220667887;1075.0844963913657;0.0;210.02100210021004;0.0;0.0;0.0;0.0
2030-10-07 04:00:00;467.8096381892058;1075.0844963913657;0.0;210.02100210021004;0.0;0.0;0.0;0.0
2030-10-07 05:00:00;469.9812133087603;1075.0844963913657;0.0;210.02100210021004;0.0;0.0;0.0;0.0
2030-10-07 06:00:00;470.7787782886289;1075.0844963913657;0.0;210.02100210021004;0.0;0.0;0.0;0.0
2030-10-07 07:00:00;470.5976857274269;1075.0844963913657;0.0;210.02100210021004;0.0;0.0;0.0;0.0
2030-10-07 08:00:00;471.6333612610645;1075.0844963913657;0.0;210.02100210021004;0.0;0.0;0.0;0.0
2030-10-07 09:00:00;471.8761763264046;1075.0844963913657;0.0;210.02100210021004;0.0;0.0;0.0;0.0
2030-10-07 10:00:00;471.698913393468;1075.0844963913657;0.0;210.02100210021004;0.0;0.0;0.0;0.0
2030-10-07 11:00:00;471.7482280498816;1075.0844963913657;0.0;210.02100210021004;0.0;0.0;0.0;0.0
2030-10-07 12:00:00;470.9640985942423;1075.0844963913657;0.0;210.02100210021004;0.0;0.0;0.0;0.0
2030-10-07 13:00:00;470.826167712855;1075.0844963913657;0.0;210.02100210021004;0.0;0.0;0.0;0.0
2030-10-07 14:00:00;470.595049970821;1075.0844963913657;0.0;210.02100210021004;0.0;0.0;0.0;0.0
2030-10-07 15:00:00;470.9131111846253;1075.0844963913657;0.0;210.02100210021004;0.0;0.0;0.0;0.0
2030-10-07 16:00:00;470.918560114726;1075.0844963913657;0.0;210.02100210021004;0.0;0.0;0.0;0.0
2030-10-07 17:00:00;470.828549225831;1075.0844963913657;0.0;210.02100210021004;0.0;0.0;0.0;0.0
2030-10-07 18:00:00;471.1439976459487;1075.0844963913657;0.0;210.02100210021004;0.0;0.0;0.0;0.0
2030-10-07 19:00:00;470.9274364464619;1075.0844963913657;0.0;210.02100210021004;0.0;0.0;0.0;0.0
2030-10-07 20:00:00;471.2007074926846;1075.0844963913657;0.0;210.02100210021004;0.0;0.0;0.0;0.0
2030-10-07 21:00:00;470.9280197736999;1075.0844963913657;0.0;210.02100210021004;0.0;0.0;0.0;0.0
2030-10-07 22:00:00;470.7768920437888;1075.0844963913657;0.0;210.02100210021004;0.0;0.0;0.0;0.0
2030-10-07 23:00:00;470.30031510155;1075.0844963913657;0.0;210.02100210021004;0.0;0.0;0.0;0.0
2030-10-08 00:00:00;469.0568254364041;1075.0844963913657;0.0;210.02100210021004;0.0;0.0;0.0;0.0
2030-10-08 01:00:00;467.093015308073;1075.0844963913657;0.0;210.02100210021004;0.0;0.0;0.0;0.0
2030-10-08 02:00:00;466.1268481040973;1075.0844963913657;0.0;210.02100210021004;0.0;0.0;0.0;0.0
2030-10-08 03:00:00;465.7252240920713;1075.0844963913657;0.0;210.02100210021004;0.0;0.0;0.0;0.0
2030-10-08 04:00:00;466.044816581207;1075.0844963913657;0.0;210.02100210021004;0.0;0.0;0.0;0.0
2030-10-08 05:00:00;468.9425574917078;1075.0844963913657;0.0;210.02100210021004;0.0;0.0;0.0;0.0
2030-10-08 06:00:00;533.550405756042;1075.0844963913657;0.0;210.02100210021004;0.0;0.0;0.0;0.0
2030-10-08 07:00:00;534.1765428093515;1075.0844963913657;0.0;210.02100210021004;0.0;0.0;0.0;0.0
2030-10-08 08:00:00;470.5394685050926;1075.0844963913657;0.0;210.02100210021004;0.0;0.0;0.0;0.0
2030-10-08 09:00:00;470.3711351257459;1075.0844963913657;0.0;210.02100210021004;0.0;0.0;0.0;0.0
2030-10-08 10:00:00;470.1595019046021;1075.0844963913657;0.0;210.02100210021004;0.0;0.0;0.0;0.0
2030-10-08 11:00:00;471.043275926378;1075.0844963913657;0.0;210.02100210021004;0.0;0.0;0.0;0.0
2030-10-08 12:00:00;471.3213099662474;1075.0844963913657;0.0;210.02100210021004;0.0;0.0;0.0;0.0
2030-10-08 13:00:00;470.9484195514881;1075.0844963913657;0.0;210.02100210021004;0.0;0.0;0.0;0.0
2030-10-08 14:00:00;470.7876671779065;1075.0844963913657;0.0;210.02100210021004;0.0;0.0;0.0;0.0
2030-10-08 15:00:00;470.8490516128351;1075.0844963913657;0.0;210.02100210021004;0.0;0.0;0.0;0.0
2030-10-08 16:00:00;535.1071332584373;1075.0844963913657;0.0;210.02100210021004;0.0;0.0;0.0;0.0
2030-10-08 17:00:00;534.5181382925065;1075.0844963913657;0.0;210.02100210021004;0.0;0.0;0.0;0.0
2030-10-08 18:00:00;534.6262337745331;1075.0844963913657;0.0;210.02100210021004;0.0;0.0;0.0;0.0
2030-10-08 19:00:00;534.8393715252237;1075.0844963913657;0.0;210.02100210021004;0.0;0.0;0.0;0.0
2030-10-08 20:00:00;534.723385217212;1075.0844963913657;0.0;210.02100210021004;0.0;0.0;0.0;0.0
2030-10-08 21:00:00;534.3091521856791;1075.0844963913657;0.0;210.02100210021004;0.0;0.0;0.0;0.0
2030-10-08 22:00:00;533.6303756189918;1075.0844963913657;0.0;210.02100210021004;0.0;0.0;0.0;0.0
2030-10-08 23:00:00;532.9852138998281;1075.0844963913657;0.0;210.02100210021004;0.0;0.0;0.0;0.0
2030-10-09 00:00:00;531.042734984343;1075.0844963913657;0.0;210.02100210021004;0.0;0.0;0.0;0.0
2030-10-09 01:00:00;529.8381239629518;1075.0844963913657;0.0;210.02100210021004;0.0;0.0;0.0;0.0
2030-10-09 02:00:00;529.5527200811603;1075.0844963913657;0.0;210.02100210021004;0.0;0.0;0.0;0.0
2030-10-09 03:00:00;529.3898155150464;1075.0844963913657;0.0;210.02100210021004;0.0;0.0;0.0;0.0
2030-10-09 04:00:00;529.8113982716338;1075.0844963913657;0.0;210.02100210021004;0.0;0.0;0.0;0.0
2030-10-09 05:00:00;531.7419977417003;1075.0844963913657;0.0;210.02100210021004;0.0;0.0;0.0;0.0
2030-10-09 06:00:00;533.8253924633491;1075.0844963913657;0.0;210.02100210021004;0.0;0.0;0.0;0.0
2030-10-09 07:00:00;534.9252288099888;1075.0844963913657;0.0;210.02100210021004;0.0;0.0;0.0;0.0
2030-10-09 08:00:00;534.7419465755266;1075.0844963913657;0.0;210.02100210021004;0.0;0.0;0.0;0.0
2030-10-09 09:00:00;534.3566356144182;1075.0844963913657;0.0;210.02100210021004;0.0;0.0;0.0;0.0
2030-10-09 10:00:00;470.0806181963523;1075.0844963913657;0.0;210.02100210021004;0.0;0.0;0.0;0.0
2030-10-09 11:00:00;470.2266308860893;1075.0844963913657;0.0;210.02100210021004;0.0;0.0;0.0;0.0
2030-10-09 12:00:00;513.8448459099649;1075.0844963913657;0.0;210.02100210021004;0.0;0.0;0.0;0.0
2030-10-09 13:00:00;516.7034960411889;1075.0844963913657;0.0;210.02100210021004;0.0;0.0;0.0;0.0
2030-10-09 14:00:00;534.8225842506349;1075.0844963913657;0.0;210.02100210021004;0.0;0.0;0.0;0.0
2030-10-09 15:00:00;534.9732734888315;1075.0844963913657;0.0;210.02100210021004;0.0;0.0;0.0;0.0
2030-10-09 16:00:00;535.5055586080265;1075.0844963913657;0.0;210.02100210021004;0.0;0.0;0.0;0.0
2030-10-09 17:00:00;535.1938031908842;1075.0844963913657;0.0;210.02100210021004;0.0;0.0;0.0;0.0
2030-10-09 18:00:00;535.4186171288281;1075.0844963913657;0.0;210.02100210021004;0.0;0.0;0.0;0.0
2030-10-09 19:00:00;535.7184267722325;1075.0844963913657;0.0;210.02100210021004;0.0;0.0;0.0;0.0
2030-10-09 20:00:00;535.1224381129189;1075.0844963913657;0.0;210.02100210021004;0.0;0.0;0.0;0.0
2030-10-09 21:00:00;535.0587767668026;1075.0844963913657;0.0;210.02100210021004;0.0;0.0;0.0;0.0
2030-10-09 22:00:00;534.9029081526843;1075.0844963913657;0.0;210.02100210021004;0.0;0.0;0.0;0.0
2030-10-09 23:00:00;534.1107359622322;1075.0844963913657;0.0;210.02100210021004;0.0;0.0;0.0;0.0
2030-10-10 00:00:00;532.9495735710003;1075.0844963913657;0.0;210.02100210021004;0.0;0.0;0.0;0.0
2030-10-10 01:00:00;531.8580444326204;1075.0844963913657;0.0;210.02100210021004;0.0;0.0;0.0;0.0
2030-10-10 02:00:00;530.9622441373303;1075.0844963913657;0.0;210.02100210021004;0.0;0.0;0.0;0.0
2030-10-10 03:00:00;530.5379278212395;1075.0844963913657;0.0;210.02100210021004;0.0;0.0;0.0;0.0
2030-10-10 04:00:00;530.7238188965493;1075.0844963913657;0.0;210.02100210021004;0.0;0.0;0.0;0.0
2030-10-10 05:00:00;531.796448833849;1075.0844963913657;0.0;210.02100210021004;0.0;0.0;0.0;0.0
2030-10-10 06:00:00;534.3435433353773;1075.0844963913657;0.0;210.02100210021004;0.0;0.0;0.0;0.0
2030-10-10 07:00:00;535.3480204796651;1075.0844963913657;0.0;210.02100210021004;0.0;0.0;0.0;0.0
2030-10-10 08:00:00;535.2191289544434;1075.0844963913657;0.0;210.02100210021004;0.0;0.0;0.0;0.0
2030-10-10 09:00:00;534.8152345255804;1075.0844963913657;0.0;210.02100210021004;0.0;0.0;0.0;0.0
2030-10-10 10:00:00;535.1465731199901;1075.0844963913657;0.0;210.02100210021004;0.0;0.0;0.0;0.0
2030-10-10 11:00:00;530.9515775616665;1075.0844963913657;0.0;210.02100210021004;0.0;0.0;0.0;0.0
2030-10-10 12:00:00;504.0322045163364;1075.0844963913657;0.0;210.02100210021004;0.0;0.0;0.0;0.0
2030-10-10 13:00:00;534.8631726423683;1075.0844963913657;0.0;210.02100210021004;0.0;0.0;0.0;0.0
2030-10-10 14:00:00;534.7806160480105;1075.0844963913657;0.0;210.02100210021004;0.0;0.0;0.0;0.0
2030-10-10 15:00:00;534.9113842661743;1075.0844963913657;0.0;210.02100210021004;0.0;0.0;0.0;0.0
2030-10-10 16:00:00;534.4213408889271;1075.0844963913657;0.0;210.02100210021004;0.0;0.0;0.0;0.0
2030-10-10 17:00:00;534.7521363898343;1075.0844963913657;0.0;210.02100210021004;0.0;0.0;0.0;0.0
2030-10-10 18:00:00;535.0472091341759;1075.0844963913657;0.0;210.02100210021004;0.0;0.0;0.0;0.0
2030-10-10 19:00:00;535.2156451227386;1075.0844963913657;0.0;210.02100210021004;0.0;0.0;0.0;0.0
2030-10-10 20:00:00;535.1166311908798;1075.0844963913657;0.0;210.02100210021004;0.0;0.0;0.0;0.0
2030-10-10 21:00:00;534.6152273597047;1075.0844963913657;0.0;210.02100210021004;0.0;0.0;0.0;0.0
2030-10-10 22:00:00;533.9630296885452;1075.0844963913657;0.0;210.02100210021004;0.0;0.0;0.0;0.0
2030-10-10 23:00:00;533.100180349154;1075.0844963913657;0.0;210.02100210021004;0.0;0.0;0.0;0.0
2030-10-11 00:00:00;532.6620376458496;1075.0844963913657;0.0;210.02100210021004;0.0;0.0;0.0;0.0
2030-10-11 01:00:00;531.2585498321623;1075.0844963913657;0.0;210.02100210021004;0.0;0.0;0.0;0.0
2030-10-11 02:00:00;530.3751720434882;1075.0844963913657;0.0;210.02100210021004;0.0;0.0;0.0;0.0
2030-10-11 03:00:00;529.7812692483874;1075.0844963913657;0.0;210.02100210021004;0.0;0.0;0.0;0.0
2030-10-11 04:00:00;529.8524069984809;1075.0844963913657;0.0;210.02100210021004;0.0;0.0;0.0;0.0
2030-10-11 05:00:00;531.232051468716;1075.0844963913657;0.0;210.02100210021004;0.0;0.0;0.0;0.0
2030-10-11 06:00:00;533.6004759161891;1075.0844963913657;0.0;210.02100210021004;0.0;0.0;0.0;0.0
2030-10-11 07:00:00;534.5202462661591;1075.0844963913657;0.0;210.02100210021004;0.0;0.0;0.0;0.0
2030-10-11 08:00:00;534.2398548153258;1075.0844963913657;0.0;210.02100210021004;0.0;0.0;0.0;0.0
2030-10-11 09:00:00;534.0001342485739;1075.0844963913657;0.0;210.02100210021004;0.0;0.0;0.0;0.0
2030-10-11 10:00:00;533.2632277905244;1075.0844963913657;0.0;210.02100210021004;0.0;0.0;0.0;0.0
2030-10-11 11:00:00;533.7377591022857;1075.0844963913657;0.0;210.02100210021004;0.0;0.0;0.0;0.0
2030-10-11 12:00:00;534.5960404478444;1075.0844963913657;0.0;210.02100210021004;0.0;0.0;0.0;0.0
2030-10-11 13:00:00;534.7980711347577;1075.0844963913657;0.0;210.02100210021004;0.0;0.0;0.0;0.0
2030-10-11 14:00:00;535.0908468187383;1075.0844963913657;0.0;210.02100210021004;0.0;0.0;0.0;0.0
2030-10-11 15:00:00;535.1233995489632;1075.0844963913657;0.0;210.02100210021004;0.0;0.0;0.0;0.0
2030-10-11 16:00:00;534.6133909328036;1075.0844963913657;0.0;210.02100210021004;0.0;0.0;0.0;0.0
2030-10-11 17:00:00;535.0709699852798;1075.0844963913657;0.0;210.02100210021004;0.0;0.0;0.0;0.0
2030-10-11 18:00:00;535.1450926924551;1075.0844963913657;0.0;210.02100210021004;0.0;0.0;0.0;0.0
2030-10-11 19:00:00;535.213432547298;1075.0844963913657;0.0;210.02100210021004;0.0;0.0;0.0;0.0
2030-10-11 20:00:00;534.9318262702699;1075.0844963913657;0.0;210.02100210021004;0.0;0.0;0.0;0.0
2030-10-11 21:00:00;534.1106072907377;1075.0844963913657;0.0;210.02100210021004;0.0;0.0;0.0;0.0
2030-10-11 22:00:00;533.7228284037714;1075.0844963913657;0.0;210.02100210021004;0.0;0.0;0.0;0.0
2030-10-11 23:00:00;533.1386568143959;1075.0844963913657;0.0;210.02100210021004;0.0;0.0;0.0;0.0
2030-10-12 00:00:00;531.6921549094249;1075.0844963913657;0.0;210.02100210021004;0.0;0.0;0.0;0.0
2030-10-12 01:00:00;530.6142228378149;1075.0844963913657;0.0;210.02100210021004;0.0;0.0;0.0;0.0
2030-10-12 02:00:00;530.2909641237933;1075.0844963913657;0.0;210.02100210021004;0.0;0.0;0.0;0.0
2030-10-12 03:00:00;530.4087667418385;1075.0844963913657;0.0;210.02100210021004;0.0;0.0;0.0;0.0
2030-10-12 04:00:00;530.3665893679433;1075.0844963913657;0.0;210.02100210021004;0.0;0.0;0.0;0.0
2030-10-12 05:00:00;531.1505166933109;1075.0844963913657;0.0;210.02100210021004;0.0;0.0;0.0;0.0
2030-10-12 06:00:00;532.1968815404468;1075.0844963913657;0.0;210.02100210021004;0.0;0.0;0.0;0.0
2030-10-12 07:00:00;533.0452848198796;1075.0844963913657;0.0;210.02100210021004;0.0;0.0;0.0;0.0
2030-10-12 08:00:00;533.4440460519675;1075.0844963913657;0.0;210.02100210021004;0.0;0.0;0.0;0.0
2030-10-12 09:00:00;533.9275985632937;1075.0844963913657;0.0;210.02100210021004;0.0;0.0;0.0;0.0
2030-10-12 10:00:00;469.9863269920994;1075.0844963913657;0.0;210.02100210021004;0.0;0.0;0.0;0.0
2030-10-12 11:00:00;470.0817848508285;1075.0844963913657;0.0;210.02100210021004;0.0;0.0;0.0;0.0
2030-10-12 12:00:00;470.0748535006206;1075.0844963913657;0.0;210.02100210021004;0.0;0.0;0.0;0.0
2030-10-12 13:00:00;469.9424158005189;1075.0844963913657;0.0;210.02100210021004;0.0;0.0;0.0;0.0
2030-10-12 14:00:00;469.8838272682689;1075.0844963913657;0.0;210.02100210021004;0.0;0.0;0.0;0.0
2030-10-12 15:00:00;469.7330756545919;1075.0844963913657;0.0;210.02100210021004;0.0;0.0;0.0;0.0
2030-10-12 16:00:00;469.8486435877568;1075.0844963913657;0.0;210.02100210021004;0.0;0.0;0.0;0.0
2030-10-12 17:00:00;469.7204861707074;1075.0844963913657;0.0;210.02100210021004;0.0;0.0;0.0;0.0
2030-10-12 18:00:00;469.6472183375215;1075.0844963913657;0.0;210.02100210021004;0.0;0.0;0.0;0.0
2030-10-12 19:00:00;469.8181384482762;1075.0844963913657;0.0;210.02100210021004;0.0;0.0;0.0;0.0
2030-10-12 20:00:00;469.6876216276907;1075.0844963913657;0.0;210.02100210021004;0.0;0.0;0.0;0.0
2030-10-12 21:00:00;469.2638263279679;1075.0844963913657;0.0;210.02100210021004;0.0;0.0;0.0;0.0
2030-10-12 22:00:00;468.7575971276657;1075.0844963913657;0.0;210.02100210021004;0.0;0.0;0.0;0.0
2030-10-12 23:00:00;468.6484395606458;1075.0844963913657;0.0;210.02100210021004;0.0;0.0;0.0;0.0
2030-10-13 00:00:00;467.7197630147244;1075.0844963913657;0.0;210.02100210021004;0.0;0.0;0.0;0.0
2030-10-13 01:00:00;466.9637039964252;1075.0844963913657;0.0;210.02100210021004;0.0;0.0;0.0;0.0
2030-10-13 02:00:00;466.649395078153;1075.0844963913657;0.0;210.02100210021004;0.0;0.0;0.0;0.0
2030-10-13 03:00:00;466.437634641794;1075.0844963913657;0.0;210.02100210021004;0.0;0.0;0.0;0.0
2030-10-13 04:00:00;466.8319415436551;1075.0844963913657;0.0;210.02100210021004;0.0;0.0;0.0;0.0
2030-10-13 05:00:00;467.0201891818418;1075.0844963913657;0.0;210.02100210021004;0.0;0.0;0.0;0.0
2030-10-13 06:00:00;467.0953030397873;1075.0844963913657;0.0;210.02100210021004;0.0;0.0;0.0;0.0
2030-10-13 07:00:00;467.6124938165757;1075.0844963913657;0.0;210.02100210021004;0.0;0.0;0.0;0.0
2030-10-13 08:00:00;467.6279995537488;1075.0844963913657;0.0;210.02100210021004;0.0;0.0;0.0;0.0
2030-10-13 09:00:00;467.7138439628293;1075.0844963913657;0.0;210.02100210021004;0.0;0.0;0.0;0.0
2030-10-13 10:00:00;467.6586297394762;1075.0844963913657;0.0;210.02100210021004;0.0;0.0;0.0;0.0
2030-10-13 11:00:00;467.3164685954151;1075.0844963913657;0.0;210.02100210021004;0.0;0.0;0.0;0.0
2030-10-13 12:00:00;467.2191310579615;1075.0844963913657;0.0;210.02100210021004;0.0;0.0;0.0;0.0
2030-10-13 13:00:00;466.9068919921925;1075.0844963913657;0.0;210.02100210021004;0.0;0.0;0.0;0.0
2030-10-13 14:00:00;466.8319597002561;1075.0844963913657;0.0;210.02100210021004;0.0;0.0;0.0;0.0
2030-10-13 15:00:00;467.1908249171502;1075.0844963913657;0.0;210.02100210021004;0.0;0.0;0.0;0.0
2030-10-13 16:00:00;466.8898066307405;1075.0844963913657;0.0;210.02100210021004;0.0;0.0;0.0;0.0
2030-10-13 17:00:00;467.2560797408038;1075.0844963913657;0.0;210.02100210021004;0.0;0.0;0.0;0.0
2030-10-13 18:00:00;467.4495383234503;1075.0844963913657;0.0;210.02100210021004;0.0;0.0;0.0;0.0
2030-10-13 19:00:00;468.0833671044548;1075.0844963913657;0.0;210.02100210021004;0.0;0.0;0.0;0.0
2030-10-13 20:00:00;467.9785853606299;1075.0844963913657;0.0;210.02100210021004;0.0;0.0;0.0;0.0
2030-10-13 21:00:00;467.6577582226327;1075.0844963913657;0.0;210.02100210021004;0.0;0.0;0.0;0.0
2030-10-13 22:00:00;467.3283066992054;1075.0844963913657;0.0;210.02100210021004;0.0;0.0;0.0;0.0
2030-10-13 23:00:00;467.2438785049956;1075.0844963913657;0.0;210.02100210021004;0.0;0.0;0.0;0.0
2030-10-14 00:00:00;468.0646658055223;1075.0844963913657;0.0;210.02100210021004;0.0;0.0;0.0;0.0
2030-10-14 01:00:00;467.3703573869021;1075.0844963913657;0.0;210.02100210021004;0.0;0.0;0.0;0.0
2030-10-14 02:00:00;466.9868899757814;1075.0844963913657;0.0;210.02100210021004;0.0;0.0;0.0;0.0
2030-10-14 03:00:00;466.8972871503135;1075.0844963913657;0.0;210.02100210021004;0.0;0.0;0.0;0.0
2030-10-14 04:00:00;467.2816805480804;1075.0844963913657;0.0;210.02100210021004;0.0;0.0;0.0;0.0
2030-10-14 05:00:00;469.2368338178463;1075.0844963913657;0.0;210.02100210021004;0.0;0.0;0.0;0.0
2030-10-14 06:00:00;469.449493605056;1075.0844963913657;0.0;210.02100210021004;0.0;0.0;0.0;0.0
2030-10-14 07:00:00;469.615791805248;1075.0844963913657;0.0;210.02100210021004;0.0;0.0;0.0;0.0
2030-10-14 08:00:00;469.7661227185865;1075.0844963913657;0.0;210.02100210021004;0.0;0.0;0.0;0.0
2030-10-14 09:00:00;470.0612925438448;1075.0844963913657;0.0;210.02100210021004;0.0;0.0;0.0;0.0
2030-10-14 10:00:00;469.759099360755;1075.0844963913657;0.0;210.02100210021004;0.0;0.0;0.0;0.0
2030-10-14 11:00:00;469.63117262918;1075.0844963913657;0.0;210.02100210021004;0.0;0.0;0.0;0.0
2030-10-14 12:00:00;469.7196441408399;1075.0844963913657;0.0;210.02100210021004;0.0;0.0;0.0;0.0
2030-10-14 13:00:00;469.6811830027098;1075.0844963913657;0.0;210.02100210021004;0.0;0.0;0.0;0.0
2030-10-14 14:00:00;533.9232740613616;1075.0844963913657;0.0;210.02100210021004;0.0;0.0;0.0;0.0
2030-10-14 15:00:00;533.6066348847556;1075.0844963913657;0.0;210.02100210021004;0.0;0.0;0.0;0.0
2030-10-14 16:00:00;533.7940928327876;1075.0844963913657;0.0;210.02100210021004;0.0;0.0;0.0;0.0
2030-10-14 17:00:00;533.893919412328;1075.0844963913657;0.0;210.02100210021004;0.0;0.0;0.0;0.0
2030-10-14 18:00:00;533.5992871522732;1075.0844963913657;0.0;210.02100210021004;0.0;0.0;0.0;0.0
2030-10-14 19:00:00;526.7602575480425;1075.0844963913657;0.0;210.02100210021004;0.0;0.0;0.0;0.0
2030-10-14 20:00:00;531.8080118180342;1075.0844963913657;0.0;210.02100210021004;0.0;0.0;0.0;0.0
2030-10-14 21:00:00;494.6610437603009;1075.0844963913657;0.0;210.02100210021004;0.0;0.0;0.0;0.0
2030-10-14 22:00:00;469.3809410169871;1075.0844963913657;0.0;210.02100210021004;0.0;0.0;0.0;0.0
2030-10-14 23:00:00;469.3007398733267;1075.0844963913657;0.0;210.02100210021004;0.0;0.0;0.0;0.0
2030-10-15 00:00:00;468.7895002346385;1075.0844963913657;0.0;210.02100210021004;0.0;0.0;0.0;0.0
2030-10-15 01:00:00;468.3472006722102;1075.0844963913657;0.0;210.02100210021004;0.0;0.0;0.0;0.0
2030-10-15 02:00:00;467.9378419481984;1075.0844963913657;0.0;210.02100210021004;0.0;0.0;0.0;0.0
2030-10-15 03:00:00;468.304060588459;1075.0844963913657;0.0;210.02100210021004;0.0;0.0;0.0;0.0
2030-10-15 04:00:00;468.8858343946679;1075.0844963913657;0.0;210.02100210021004;0.0;0.0;0.0;0.0
2030-10-15 05:00:00;469.7209613746872;1075.0844963913657;0.0;210.02100210021004;0.0;0.0;0.0;0.0
2030-10-15 06:00:00;469.8947693473501;1075.0844963913657;0.0;210.02100210021004;0.0;0.0;0.0;0.0
2030-10-15 07:00:00;470.4545927732394;1075.0844963913657;0.0;210.02100210021004;0.0;0.0;0.0;0.0
2030-10-15 08:00:00;470.7433597209188;1075.0844963913657;0.0;210.02100210021004;0.0;0.0;0.0;0.0
2030-10-15 09:00:00;470.8254999330019;1075.0844963913657;0.0;210.02100210021004;0.0;0.0;0.0;0.0
2030-10-15 10:00:00;470.6804084132683;1075.0844963913657;0.0;210.02100210021004;0.0;0.0;0.0;0.0
2030-10-15 11:00:00;470.7515019444823;1075.0844963913657;0.0;210.02100210021004;0.0;0.0;0.0;0.0
2030-10-15 12:00:00;470.785348040411;1075.0844963913657;0.0;210.02100210021004;0.0;0.0;0.0;0.0
2030-10-15 13:00:00;470.5447725996699;1075.0844963913657;0.0;210.02100210021004;0.0;0.0;0.0;0.0
2030-10-15 14:00:00;470.4019559985522;1075.0844963913657;0.0;210.02100210021004;0.0;0.0;0.0;0.0
2030-10-15 15:00:00;470.5737550853081;1075.0844963913657;0.0;210.02100210021004;0.0;0.0;0.0;0.0
2030-10-15 16:00:00;470.9023581599475;1075.0844963913657;0.0;210.02100210021004;0.0;0.0;0.0;0.0
2030-10-15 17:00:00;471.3065260958285;1075.0844963913657;0.0;210.02100210021004;0.0;0.0;0.0;0.0
2030-10-15 18:00:00;471.468177562279;1075.0844963913657;0.0;210.02100210021004;0.0;0.0;0.0;0.0
2030-10-15 19:00:00;471.3330224667027;1075.0844963913657;0.0;210.02100210021004;0.0;0.0;0.0;0.0
2030-10-15 20:00:00;471.1670303342913;1075.0844963913657;0.0;210.02100210021004;0.0;0.0;0.0;0.0
2030-10-15 21:00:00;471.5231535913294;1075.0844963913657;0.0;210.02100210021004;0.0;0.0;0.0;0.0
2030-10-15 22:00:00;470.2427704976926;1075.0844963913657;0.0;210.02100210021004;0.0;0.0;0.0;0.0
2030-10-15 23:00:00;469.9075237836256;1075.0844963913657;0.0;210.02100210021004;0.0;0.0;0.0;0.0
2030-10-16 00:00:00;469.7192330710442;1075.0844963913657;0.0;210.02100210021004;0.0;0.0;0.0;0.0
2030-10-16 01:00:00;469.66818132568;1075.0844963913657;0.0;210.02100210021004;0.0;0.0;0.0;0.0
2030-10-16 02:00:00;469.7067461963757;1075.0844963913657;0.0;210.02100210021004;0.0;0.0;0.0;0.0
2030-10-16 03:00:00;469.1956131520477;1075.0844963913657;0.0;210.02100210021004;0.0;0.0;0.0;0.0
2030-10-16 04:00:00;469.4795125042924;1075.0844963913657;0.0;210.02100210021004;0.0;0.0;0.0;0.0
2030-10-16 05:00:00;470.0826014513491;1075.0844963913657;0.0;210.02100210021004;0.0;0.0;0.0;0.0
2030-10-16 06:00:00;471.8325898709763;1075.0844963913657;0.0;210.02100210021004;0.0;0.0;0.0;0.0
2030-10-16 07:00:00;472.0971574435321;1075.0844963913657;0.0;210.02100210021004;0.0;0.0;0.0;0.0
2030-10-16 08:00:00;472.0199432172202;1075.0844963913657;0.0;210.02100210021004;0.0;0.0;0.0;0.0
2030-10-16 09:00:00;471.9755532678842;1075.0844963913657;0.0;210.02100210021004;0.0;0.0;0.0;0.0
2030-10-16 10:00:00;471.6532117710274;1075.0844963913657;0.0;210.02100210021004;0.0;0.0;0.0;0.0
2030-10-16 11:00:00;471.705494506615;1075.0844963913657;0.0;210.02100210021004;0.0;0.0;0.0;0.0
2030-10-16 12:00:00;471.5463693886641;1075.0844963913657;0.0;210.02100210021004;0.0;0.0;0.0;0.0
2030-10-16 13:00:00;471.7528714056048;1075.0844963913657;0.0;210.02100210021004;0.0;0.0;0.0;0.0
2030-10-16 14:00:00;472.1424444931648;1075.0844963913657;0.0;210.02100210021004;0.0;0.0;0.0;0.0
2030-10-16 15:00:00;472.1099560986872;1075.0844963913657;0.0;210.02100210021004;0.0;0.0;0.0;0.0
2030-10-16 16:00:00;471.9807930267141;1075.0844963913657;0.0;210.02100210021004;0.0;0.0;0.0;0.0
2030-10-16 17:00:00;472.3237856989375;1075.0844963913657;0.0;210.02100210021004;0.0;0.0;0.0;0.0
2030-10-16 18:00:00;472.2557173908459;1075.0844963913657;0.0;210.02100210021004;0.0;0.0;0.0;0.0
2030-10-16 19:00:00;471.9014708267497;1075.0844963913657;0.0;210.02100210021004;0.0;0.0;0.0;0.0
2030-10-16 20:00:00;471.5610486896001;1075.0844963913657;0.0;210.02100210021004;0.0;0.0;0.0;0.0
2030-10-16 21:00:00;471.3330224667027;1075.0844963913657;0.0;210.02100210021004;0.0;0.0;0.0;0.0
2030-10-16 22:00:00;471.0405183294733;1075.0844963913657;0.0;210.02100210021004;0.0;0.0;0.0;0.0
2030-10-16 23:00:00;470.5210318654337;1075.0844963913657;0.0;210.02100210021004;0.0;0.0;0.0;0.0
2030-10-17 00:00:00;470.4640504719466;1075.0844963913657;0.0;210.02100210021004;0.0;0.0;0.0;0.0
2030-10-17 01:00:00;470.2398036972118;1075.0844963913657;0.0;210.02100210021004;0.0;0.0;0.0;0.0
2030-10-17 02:00:00;470.1900693872581;1075.0844963913657;0.0;210.02100210021004;0.0;0.0;0.0;0.0
2030-10-17 03:00:00;470.5153334980214;1075.0844963913657;0.0;210.02100210021004;0.0;0.0;0.0;0.0
2030-10-17 04:00:00;470.6926217486134;1075.0844963913657;0.0;210.02100210021004;0.0;0.0;0.0;0.0
2030-10-17 05:00:00;470.9788824646612;1075.0844963913657;0.0;210.02100210021004;0.0;0.0;0.0;0.0
2030-10-17 06:00:00;471.5425938933403;1075.0844963913657;0.0;210.02100210021004;0.0;0.0;0.0;0.0
2030-10-17 07:00:00;472.0314263972315;1075.0844963913657;0.0;210.02100210021004;0.0;0.0;0.0;0.0
2030-10-17 08:00:00;471.868899939924;1075.0844963913657;0.0;210.02100210021004;0.0;0.0;0.0;0.0
2030-10-17 09:00:00;471.7196105971809;1075.0844963913657;0.0;210.02100210021004;0.0;0.0;0.0;0.0
2030-10-17 10:00:00;471.8339897987351;1075.0844963913657;0.0;210.02100210021004;0.0;0.0;0.0;0.0
2030-10-17 11:00:00;471.6630475785406;1075.0844963913657;0.0;210.02100210021004;0.0;0.0;0.0;0.0
2030-10-17 12:00:00;471.4078974386514;1075.0844963913657;0.0;210.02100210021004;0.0;0.0;0.0;0.0
2030-10-17 13:00:00;471.3782491334269;1075.0844963913657;0.0;210.02100210021004;0.0;0.0;0.0;0.0
2030-10-17 14:00:00;471.1727709280108;1075.0844963913657;0.0;210.02100210021004;0.0;0.0;0.0;0.0
2030-10-17 15:00:00;471.4050995434006;1075.0844963913657;0.0;210.02100210021004;0.0;0.0;0.0;0.0
2030-10-17 16:00:00;471.5708020047653;1075.0844963913657;0.0;210.02100210021004;0.0;0.0;0.0;0.0
2030-10-17 17:00:00;471.6722558399363;1075.0844963913657;0.0;210.02100210021004;0.0;0.0;0.0;0.0
2030-10-17 18:00:00;471.8465169071389;1075.0844963913657;0.0;210.02100210021004;0.0;0.0;0.0;0.0
2030-10-17 19:00:00;471.9495798413397;1075.0844963913657;0.0;210.02100210021004;0.0;0.0;0.0;0.0
2030-10-17 20:00:00;471.7806410253151;1075.0844963913657;0.0;210.02100210021004;0.0;0.0;0.0;0.0
2030-10-17 21:00:00;471.2023165917141;1075.0844963913657;0.0;210.02100210021004;0.0;0.0;0.0;0.0
2030-10-17 22:00:00;470.8437696276976;1075.0844963913657;0.0;210.02100210021004;0.0;0.0;0.0;0.0
2030-10-17 23:00:00;470.2221193223263;1075.0844963913657;0.0;210.02100210021004;0.0;0.0;0.0;0.0
2030-10-18 00:00:00;470.4230235884987;1075.0844963913657;0.0;210.02100210021004;0.0;0.0;0.0;0.0
2030-10-18 01:00:00;470.453257181228;1075.0844963913657;0.0;210.02100210021004;0.0;0.0;0.0;0.0
2030-10-18 02:00:00;470.0961945975853;1075.0844963913657;0.0;210.02100210021004;0.0;0.0;0.0;0.0
2030-10-18 03:00:00;469.986262656352;1075.0844963913657;0.0;210.02100210021004;0.0;0.0;0.0;0.0
2030-10-18 04:00:00;469.9285289980916;1075.0844963913657;0.0;210.02100210021004;0.0;0.0;0.0;0.0
2030-10-18 05:00:00;470.4379302173066;1075.0844963913657;0.0;210.02100210021004;0.0;0.0;0.0;0.0
2030-10-18 06:00:00;471.1207376297347;1075.0844963913657;0.0;210.02100210021004;0.0;0.0;0.0;0.0
2030-10-18 07:00:00;471.4027381795976;1075.0844963913657;0.0;210.02100210021004;0.0;0.0;0.0;0.0
2030-10-18 08:00:00;471.7444355258502;1075.0844963913657;0.0;210.02100210021004;0.0;0.0;0.0;0.0
2030-10-18 09:00:00;471.7507211733394;1075.0844963913657;0.0;210.02100210021004;0.0;0.0;0.0;0.0
2030-10-18 10:00:00;471.0681008550474;1075.0844963913657;0.0;210.02100210021004;0.0;0.0;0.0;0.0
2030-10-18 11:00:00;470.7906521349882;1075.0844963913657;0.0;210.02100210021004;0.0;0.0;0.0;0.0
2030-10-18 12:00:00;469.9996667481852;1075.0844963913657;0.0;210.02100210021004;0.0;0.0;0.0;0.0
2030-10-18 13:00:00;469.8139225009709;1075.0844963913657;0.0;210.02100210021004;0.0;0.0;0.0;0.0
2030-10-18 14:00:00;469.518409304648;1075.0844963913657;0.0;210.02100210021004;0.0;0.0;0.0;0.0
2030-10-18 15:00:00;469.7875306995795;1075.0844963913657;0.0;210.02100210021004;0.0;0.0;0.0;0.0
2030-10-18 16:00:00;470.4446342396425;1075.0844963913657;0.0;210.02100210021004;0.0;0.0;0.0;0.0
2030-10-18 17:00:00;471.1848394278325;1075.0844963913657;0.0;210.02100210021004;0.0;0.0;0.0;0.0
2030-10-18 18:00:00;470.9065137243441;1075.0844963913657;0.0;210.02100210021004;0.0;0.0;0.0;0.0
2030-10-18 19:00:00;470.4225247138757;1075.0844963913657;0.0;210.02100210021004;0.0;0.0;0.0;0.0
2030-10-18 20:00:00;470.4527985726456;1075.0844963913657;0.0;210.02100210021004;0.0;0.0;0.0;0.0
2030-10-18 21:00:00;469.5066364212842;1075.0844963913657;0.0;210.02100210021004;0.0;0.0;0.0;0.0
2030-10-18 22:00:00;468.5466096092406;1075.0844963913657;0.0;210.02100210021004;0.0;0.0;0.0;0.0
2030-10-18 23:00:00;467.8229288210686;1075.0844963913657;0.0;210.02100210021004;0.0;0.0;0.0;0.0
2030-10-19 00:00:00;467.4468874597181;1075.0844963913657;0.0;210.02100210021004;0.0;0.0;0.0;0.0
2030-10-19 01:00:00;466.6833842350478;1075.0844963913657;0.0;210.02100210021004;0.0;0.0;0.0;0.0
2030-10-19 02:00:00;466.1228536518983;1075.0844963913657;0.0;210.02100210021004;0.0;0.0;0.0;0.0
2030-10-19 03:00:00;465.9974278528441;1075.0844963913657;0.0;210.02100210021004;0.0;0.0;0.0;0.0
2030-10-19 04:00:00;465.9899836464729;1075.0844963913657;0.0;210.02100210021004;0.0;0.0;0.0;0.0
2030-10-19 05:00:00;466.0574717320381;1075.0844963913657;0.0;210.02100210021004;0.0;0.0;0.0;0.0
2030-10-19 06:00:00;467.5564625461819;1075.0844963913657;0.0;210.02100210021004;0.0;0.0;0.0;0.0
2030-10-19 07:00:00;468.4025964615724;1075.0844963913657;0.0;210.02100210021004;0.0;0.0;0.0;0.0
2030-10-19 08:00:00;469.2853187157638;1075.0844963913657;0.0;210.02100210021004;0.0;0.0;0.0;0.0
2030-10-19 09:00:00;469.6631926144418;1075.0844963913657;0.0;210.02100210021004;0.0;0.0;0.0;0.0
2030-10-19 10:00:00;469.7040641084978;1075.0844963913657;0.0;210.02100210021004;0.0;0.0;0.0;0.0
2030-10-19 11:00:00;469.5584945943399;1075.0844963913657;0.0;210.02100210021004;0.0;0.0;0.0;0.0
2030-10-19 12:00:00;468.9032848246555;1075.0844963913657;0.0;210.02100210021004;0.0;0.0;0.0;0.0
2030-10-19 13:00:00;468.5806898594402;1075.0844963913657;0.0;210.02100210021004;0.0;0.0;0.0;0.0
2030-10-19 14:00:00;469.5284991584662;1075.0844963913657;0.0;210.02100210021004;0.0;0.0;0.0;0.0
2030-10-19 15:00:00;469.6448650822909;1075.0844963913657;0.0;210.02100210021004;0.0;0.0;0.0;0.0
2030-10-19 16:00:00;534.1924980655091;1075.0844963913657;0.0;210.02100210021004;0.0;0.0;0.0;0.0
2030-10-19 17:00:00;534.3547952346782;1075.0844963913657;0.0;210.02100210021004;0.0;0.0;0.0;0.0
2030-10-19 18:00:00;534.3858454279282;1075.0844963913657;0.0;210.02100210021004;0.0;0.0;0.0;0.0
2030-10-19 19:00:00;534.6383425403955;1075.0844963913657;0.0;210.02100210021004;0.0;0.0;0.0;0.0
2030-10-19 20:00:00;534.4403608558242;1075.0844963913657;0.0;210.02100210021004;0.0;0.0;0.0;0.0
2030-10-19 21:00:00;533.5379409908134;1075.0844963913657;0.0;210.02100210021004;0.0;0.0;0.0;0.0
2030-10-19 22:00:00;534.048846739575;1075.0844963913657;0.0;210.02100210021004;0.0;0.0;0.0;0.0
2030-10-19 23:00:00;533.3046730488193;1075.0844963913657;0.0;210.02100210021004;0.0;0.0;0.0;0.0
2030-10-20 00:00:00;532.2516282490536;1075.0844963913657;0.0;210.02100210021004;0.0;0.0;0.0;0.0
2030-10-20 01:00:00;531.394851465347;1075.0844963913657;0.0;210.02100210021004;0.0;0.0;0.0;0.0
2030-10-20 02:00:00;530.8827348432296;1075.0844963913657;0.0;210.02100210021004;0.0;0.0;0.0;0.0
2030-10-20 03:00:00;530.8767428196264;1075.0844963913657;0.0;210.02100210021004;0.0;0.0;0.0;0.0
2030-10-20 04:00:00;531.2009408925576;1075.0844963913657;0.0;210.02100210021004;0.0;0.0;0.0;0.0
2030-10-20 05:00:00;531.5567926028446;1075.0844963913657;0.0;210.02100210021004;0.0;0.0;0.0;0.0
2030-10-20 06:00:00;532.5730706853469;1075.0844963913657;0.0;210.02100210021004;0.0;0.0;0.0;0.0
2030-10-20 07:00:00;533.565585891868;1075.0844963913657;0.0;210.02100210021004;0.0;0.0;0.0;0.0
2030-10-20 08:00:00;534.2430912022911;1075.0844963913657;0.0;210.02100210021004;0.0;0.0;0.0;0.0
2030-10-20 09:00:00;534.6800391962686;1075.0844963913657;0.0;210.02100210021004;0.0;0.0;0.0;0.0
2030-10-20 10:00:00;534.7560405566527;1075.0844963913657;0.0;210.02100210021004;0.0;0.0;0.0;0.0
2030-10-20 11:00:00;534.8577659385752;1075.0844963913657;0.0;210.02100210021004;0.0;0.0;0.0;0.0
2030-10-20 12:00:00;534.8291615617431;1075.0844963913657;0.0;210.02100210021004;0.0;0.0;0.0;0.0
2030-10-20 13:00:00;522.5844385202332;1075.0844963913657;0.0;210.02100210021004;0.0;0.0;0.0;0.0
2030-10-20 14:00:00;534.7131752537314;1075.0844963913657;0.0;210.02100210021004;0.0;0.0;0.0;0.0
2030-10-20 15:00:00;534.9737522465869;1075.0844963913657;0.0;210.02100210021004;0.0;0.0;0.0;0.0
2030-10-20 16:00:00;535.0417380946354;1075.0844963913657;0.0;210.02100210021004;0.0;0.0;0.0;0.0
2030-10-20 17:00:00;535.1519214334469;1075.0844963913657;0.0;210.02100210021004;0.0;0.0;0.0;0.0
2030-10-20 18:00:00;535.2149331240059;1075.0844963913657;0.0;210.02100210021004;0.0;0.0;0.0;0.0
2030-10-20 19:00:00;535.3592341054974;1075.0844963913657;0.0;210.02100210021004;0.0;0.0;0.0;0.0
2030-10-20 20:00:00;535.0999686349468;1075.0844963913657;0.0;210.02100210021004;0.0;0.0;0.0;0.0
2030-10-20 21:00:00;535.0101688775894;1075.0844963913657;0.0;210.02100210021004;0.0;0.0;0.0;0.0
2030-10-20 22:00:00;534.7585246788447;1075.0844963913657;0.0;210.02100210021004;0.0;0.0;0.0;0.0
2030-10-20 23:00:00;534.5617538676291;1075.0844963913657;0.0;210.02100210021004;0.0;0.0;0.0;0.0
2030-10-21 00:00:00;533.6270989982912;1075.0844963913657;0.0;210.02100210021004;0.0;0.0;0.0;0.0
2030-10-21 01:00:00;533.4069012258983;1075.0844963913657;0.0;210.02100210021004;0.0;0.0;0.0;0.0
2030-10-21 02:00:00;533.3901561776171;1075.0844963913657;0.0;210.02100210021004;0.0;0.0;0.0;0.0
2030-10-21 03:00:00;533.1420419897235;1075.0844963913657;0.0;210.02100210021004;0.0;0.0;0.0;0.0
2030-10-21 04:00:00;533.6174080586065;1075.0844963913657;0.0;210.02100210021004;0.0;0.0;0.0;0.0
2030-10-21 05:00:00;534.0049777419968;1075.0844963913657;0.0;210.02100210021004;0.0;0.0;0.0;0.0
2030-10-21 06:00:00;535.2398022392496;1075.0844963913657;0.0;210.02100210021004;0.0;0.0;0.0;0.0
2030-10-21 07:00:00;535.420787445656;1075.0844963913657;0.0;210.02100210021004;0.0;0.0;0.0;0.0
2030-10-21 08:00:00;535.5366289181443;1075.0844963913657;0.0;210.02100210021004;0.0;0.0;0.0;0.0
2030-10-21 09:00:00;535.611982615543;1075.0844963913657;0.0;210.02100210021004;0.0;0.0;0.0;0.0
2030-10-21 10:00:00;535.9271413646139;1075.0844963913657;0.0;210.02100210021004;0.0;0.0;0.0;0.0
2030-10-21 11:00:00;535.6905948093469;1075.0844963913657;0.0;210.02100210021004;0.0;0.0;0.0;0.0
2030-10-21 12:00:00;535.7226668215495;1075.0844963913657;0.0;210.02100210021004;0.0;0.0;0.0;0.0
2030-10-21 13:00:00;535.8509529100935;1075.0844963913657;0.0;210.02100210021004;0.0;0.0;0.0;0.0
2030-10-21 14:00:00;535.8788432956208;1075.0844963913657;0.0;210.02100210021004;0.0;0.0;0.0;0.0
2030-10-21 15:00:00;535.7627966047006;1075.0844963913657;0.0;210.02100210021004;0.0;0.0;0.0;0.0
2030-10-21 16:00:00;536.0627933422412;1075.0844963913657;0.0;210.02100210021004;0.0;0.0;0.0;0.0
2030-10-21 17:00:00;536.0107237307632;1075.0844963913657;0.0;210.02100210021004;0.0;0.0;0.0;0.0
2030-10-21 18:00:00;535.9445119664407;1075.0844963913657;0.0;210.02100210021004;0.0;0.0;0.0;0.0
2030-10-21 19:00:00;536.0687873261113;1075.0844963913657;0.0;210.02100210021004;0.0;0.0;0.0;0.0
2030-10-21 20:00:00;535.6174556476557;1075.0844963913657;0.0;210.02100210021004;0.0;0.0;0.0;0.0
2030-10-21 21:00:00;535.6440124014381;1075.0844963913657;0.0;210.02100210021004;0.0;0.0;0.0;0.0
2030-10-21 22:00:00;535.6758330160625;1075.0844963913657;0.0;210.02100210021004;0.0;0.0;0.0;0.0
2030-10-21 23:00:00;535.2183163067616;1075.0844963913657;0.0;210.02100210021004;0.0;0.0;0.0;0.0
2030-10-22 00:00:00;535.1165929174111;1075.0844963913657;0.0;210.02100210021004;0.0;0.0;0.0;0.0
2030-10-22 01:00:00;535.1609808741748;1075.0844963913657;0.0;210.02100210021004;0.0;0.0;0.0;0.0
2030-10-22 02:00:00;535.3315892044429;1075.0844963913657;0.0;210.02100210021004;0.0;0.0;0.0;0.0
2030-10-22 03:00:00;535.2553162973073;1075.0844963913657;0.0;210.02100210021004;0.0;0.0;0.0;0.0
2030-10-22 04:00:00;535.3751424363901;1075.0844963913657;0.0;210.02100210021004;0.0;0.0;0.0;0.0
2030-10-22 05:00:00;535.3361832605541;1075.0844963913657;0.0;210.02100210021004;0.0;0.0;0.0;0.0
2030-10-22 06:00:00;536.0933004419886;1075.0844963913657;0.0;210.02100210021004;0.0;0.0;0.0;0.0
2030-10-22 07:00:00;535.9663116719875;1075.0844963913657;0.0;210.02100210021004;0.0;0.0;0.0;0.0
2030-10-22 08:00:00;535.9433232025247;1075.0844963913657;0.0;210.02100210021004;0.0;0.0;0.0;0.0
2030-10-22 09:00:00;535.7661999043239;1075.0844963913657;0.0;210.02100210021004;0.0;0.0;0.0;0.0
2030-10-22 10:00:00;535.685646714136;1075.0844963913657;0.0;210.02100210021004;0.0;0.0;0.0;0.0
2030-10-22 11:00:00;535.9336985588543;1075.0844963913657;0.0;210.02100210021004;0.0;0.0;0.0;0.0
2030-10-22 12:00:00;535.6895287715146;1075.0844963913657;0.0;210.02100210021004;0.0;0.0;0.0;0.0
2030-10-22 13:00:00;535.5061861541441;1075.0844963913657;0.0;210.02100210021004;0.0;0.0;0.0;0.0
2030-10-22 14:00:00;535.4531933800905;1075.0844963913657;0.0;210.02100210021004;0.0;0.0;0.0;0.0
2030-10-22 15:00:00;471.3963297737196;1075.0844963913657;0.0;210.02100210021004;0.0;0.0;0.0;0.0
2030-10-22 16:00:00;535.4611062832101;1075.0844963913657;0.0;210.02100210021004;0.0;0.0;0.0;0.0
2030-10-22 17:00:00;535.467912914762;1075.0844963913657;0.0;210.02100210021004;0.0;0.0;0.0;0.0
2030-10-22 18:00:00;535.6004149829164;1075.0844963913657;0.0;210.02100210021004;0.0;0.0;0.0;0.0
2030-10-22 19:00:00;536.1063706438952;1075.0844963913657;0.0;210.02100210021004;0.0;0.0;0.0;0.0
2030-10-22 20:00:00;536.0462152389233;1075.0844963913657;0.0;210.02100210021004;0.0;0.0;0.0;0.0
2030-10-22 21:00:00;536.0585150194555;1075.0844963913657;0.0;210.02100210021004;0.0;0.0;0.0;0.0
2030-10-22 22:00:00;536.0130811417272;1075.0844963913657;0.0;210.02100210021004;0.0;0.0;0.0;0.0
2030-10-22 23:00:00;535.549280745204;1075.0844963913657;0.0;210.02100210021004;0.0;0.0;0.0;0.0
2030-10-23 00:00:00;535.2388226466045;1075.0844963913657;0.0;210.02100210021004;0.0;0.0;0.0;0.0
2030-10-23 01:00:00;535.3656243547746;1075.0844963913657;0.0;210.02100210021004;0.0;0.0;0.0;0.0
2030-10-23 02:00:00;535.3628043823893;1075.0844963913657;0.0;210.02100210021004;0.0;0.0;0.0;0.0
2030-10-23 03:00:00;535.6322778238483;1075.0844963913657;0.0;210.02100210021004;0.0;0.0;0.0;0.0
2030-10-23 04:00:00;535.6794455192619;1075.0844963913657;0.0;210.02100210021004;0.0;0.0;0.0;0.0
2030-10-23 05:00:00;536.0566383265135;1075.0844963913657;0.0;210.02100210021004;0.0;0.0;0.0;0.0
2030-10-23 06:00:00;535.9497556781095;1075.0844963913657;0.0;210.02100210021004;0.0;0.0;0.0;0.0
2030-10-23 07:00:00;535.5485505898703;1075.0844963913657;0.0;210.02100210021004;0.0;0.0;0.0;0.0
2030-10-23 08:00:00;535.5914158927916;1075.0844963913657;0.0;210.02100210021004;0.0;0.0;0.0;0.0
2030-10-23 09:00:00;535.764321251115;1075.0844963913657;0.0;210.02100210021004;0.0;0.0;0.0;0.0
2030-10-23 10:00:00;535.8587612437303;1075.0844963913657;0.0;210.02100210021004;0.0;0.0;0.0;0.0
2030-10-23 11:00:00;535.7440683014225;1075.0844963913657;0.0;210.02100210021004;0.0;0.0;0.0;0.0
2030-10-23 12:00:00;535.9238205250335;1075.0844963913657;0.0;210.02100210021004;0.0;0.0;0.0;0.0
2030-10-23 13:00:00;535.5074372612353;1075.0844963913657;0.0;210.02100210021004;0.0;0.0;0.0;0.0
2030-10-23 14:00:00;535.6018752935837;1075.0844963913657;0.0;210.02100210021004;0.0;0.0;0.0;0.0
2030-10-23 15:00:00;535.798666221667;1075.0844963913657;0.0;210.02100210021004;0.0;0.0;0.0;0.0
2030-10-23 16:00:00;535.9790077179267;1075.0844963913657;0.0;210.02100210021004;0.0;0.0;0.0;0.0
2030-10-23 17:00:00;536.2600890580532;1075.0844963913657;0.0;210.02100210021004;0.0;0.0;0.0;0.0
2030-10-23 18:00:00;536.3845072929804;1075.0844963913657;0.0;210.02100210021004;0.0;0.0;0.0;0.0
2030-10-23 19:00:00;536.6038099253433;1075.0844963913657;0.0;210.02100210021004;0.0;0.0;0.0;0.0
2030-10-23 20:00:00;536.3901070040156;1075.0844963913657;0.0;210.02100210021004;0.0;0.0;0.0;0.0
2030-10-23 21:00:00;536.1979081717769;1075.0844963913657;0.0;210.02100210021004;0.0;0.0;0.0;0.0
2030-10-23 22:00:00;535.8677804507229;1075.0844963913657;0.0;210.02100210021004;0.0;0.0;0.0;0.0
2030-10-23 23:00:00;535.2986824351184;1075.0844963913657;0.0;210.02100210021004;0.0;0.0;0.0;0.0
2030-10-24 00:00:00;535.0542853199071;1075.0844963913657;0.0;210.02100210021004;0.0;0.0;0.0;0.0
2030-10-24 01:00:00;534.2255918966644;1075.0844963913657;0.0;210.02100210021004;0.0;0.0;0.0;0.0
2030-10-24 02:00:00;534.1862143782868;1075.0844963913657;0.0;210.02100210021004;0.0;0.0;0.0;0.0
2030-10-24 03:00:00;534.6597219108287;1075.0844963913657;0.0;210.02100210021004;0.0;0.0;0.0;0.0
2030-10-24 04:00:00;534.4882204331029;1075.0844963913657;0.0;210.02100210021004;0.0;0.0;0.0;0.0
2030-10-24 05:00:00;534.5572462567051;1075.0844963913657;0.0;210.02100210021004;0.0;0.0;0.0;0.0
2030-10-24 06:00:00;534.9159803148577;1075.0844963913657;0.0;210.02100210021004;0.0;0.0;0.0;0.0
2030-10-24 07:00:00;535.4833002938973;1075.0844963913657;0.0;210.02100210021004;0.0;0.0;0.0;0.0
2030-10-24 08:00:00;535.6336978684749;1075.0844963913657;0.0;210.02100210021004;0.0;0.0;0.0;0.0
2030-10-24 09:00:00;535.5460021642364;1075.0844963913657;0.0;210.02100210021004;0.0;0.0;0.0;0.0
2030-10-24 10:00:00;535.6004572092239;1075.0844963913657;0.0;210.02100210021004;0.0;0.0;0.0;0.0
2030-10-24 11:00:00;535.584673596987;1075.0844963913657;0.0;210.02100210021004;0.0;0.0;0.0;0.0
2030-10-24 12:00:00;535.1591444472735;1075.0844963913657;0.0;210.02100210021004;0.0;0.0;0.0;0.0
2030-10-24 13:00:00;535.0299612584328;1075.0844963913657;0.0;210.02100210021004;0.0;0.0;0.0;0.0
2030-10-24 14:00:00;534.7812214846883;1075.0844963913657;0.0;210.02100210021004;0.0;0.0;0.0;0.0
2030-10-24 15:00:00;534.6950101608238;1075.0844963913657;0.0;210.02100210021004;0.0;0.0;0.0;0.0
2030-10-24 16:00:00;535.0387953638613;1075.0844963913657;0.0;210.02100210021004;0.0;0.0;0.0;0.0
2030-10-24 17:00:00;535.2002356664689;1075.0844963913657;0.0;210.02100210021004;0.0;0.0;0.0;0.0
2030-10-24 18:00:00;535.1989221838973;1075.0844963913657;0.0;210.02100210021004;0.0;0.0;0.0;0.0
2030-10-24 19:00:00;535.0382925363994;1075.0844963913657;0.0;210.02100210021004;0.0;0.0;0.0;0.0
2030-10-24 20:00:00;534.9807278156741;1075.0844963913657;0.0;210.02100210021004;0.0;0.0;0.0;0.0
2030-10-24 21:00:00;534.3437303972082;1075.0844963913657;0.0;210.02100210021004;0.0;0.0;0.0;0.0
2030-10-24 22:00:00;532.7876505901037;1075.0844963913657;0.0;210.02100210021004;0.0;0.0;0.0;0.0
2030-10-24 23:00:00;532.2902333857902;1075.0844963913657;0.0;210.02100210021004;0.0;0.0;0.0;0.0
2030-10-25 00:00:00;531.6888984055918;1075.0844963913657;0.0;210.02100210021004;0.0;0.0;0.0;0.0
2030-10-25 01:00:00;531.2469198240552;1075.0844963913657;0.0;210.02100210021004;0.0;0.0;0.0;0.0
2030-10-25 02:00:00;531.0301032741512;1075.0844963913657;0.0;210.02100210021004;0.0;0.0;0.0;0.0
2030-10-25 03:00:00;530.683711222838;1075.0844963913657;0.0;210.02100210021004;0.0;0.0;0.0;0.0
2030-10-25 04:00:00;531.1794991466438;1075.0844963913657;0.0;210.02100210021004;0.0;0.0;0.0;0.0
2030-10-25 05:00:00;532.7578756059565;1075.0844963913657;0.0;210.02100210021004;0.0;0.0;0.0;0.0
2030-10-25 06:00:00;533.4876636196622;1075.0844963913657;0.0;210.02100210021004;0.0;0.0;0.0;0.0
2030-10-25 07:00:00;534.2544918899544;1075.0844963913657;0.0;210.02100210021004;0.0;0.0;0.0;0.0
2030-10-25 08:00:00;533.9835561452559;1075.0844963913657;0.0;210.02100210021004;0.0;0.0;0.0;0.0
2030-10-25 09:00:00;534.655443588043;1075.0844963913657;0.0;210.02100210021004;0.0;0.0;0.0;0.0
2030-10-25 10:00:00;534.4966543202853;1075.0844963913657;0.0;210.02100210021004;0.0;0.0;0.0;0.0
2030-10-25 11:00:00;534.3749656920226;1075.0844963913657;0.0;210.02100210021004;0.0;0.0;0.0;0.0
2030-10-25 12:00:00;534.1915366294648;1075.0844963913657;0.0;210.02100210021004;0.0;0.0;0.0;0.0
2030-10-25 13:00:00;533.980108626753;1075.0844963913657;0.0;210.02100210021004;0.0;0.0;0.0;0.0
2030-10-25 14:00:00;533.9490000431666;1075.0844963913657;0.0;210.02100210021004;0.0;0.0;0.0;0.0
2030-10-25 15:00:00;534.2762051503141;1075.0844963913657;0.0;210.02100210021004;0.0;0.0;0.0;0.0
2030-10-25 16:00:00;534.487822207429;1075.0844963913657;0.0;210.02100210021004;0.0;0.0;0.0;0.0
2030-10-25 17:00:00;534.4732273591079;1075.0844963913657;0.0;210.02100210021004;0.0;0.0;0.0;0.0
2030-10-25 18:00:00;534.4797383742019;1075.0844963913657;0.0;210.02100210021004;0.0;0.0;0.0;0.0
2030-10-25 19:00:00;534.0438362688836;1075.0844963913657;0.0;210.02100210021004;0.0;0.0;0.0;0.0
2030-10-25 20:00:00;532.9242880734818;1075.0844963913657;0.0;210.02100210021004;0.0;0.0;0.0;0.0
2030-10-25 21:00:00;531.8458934404505;1075.0844963913657;0.0;210.02100210021004;0.0;0.0;0.0;0.0
2030-10-25 22:00:00;531.2958817200625;1075.0844963913657;0.0;210.02100210021004;0.0;0.0;0.0;0.0
2030-10-25 23:00:00;530.6216751720854;1075.0844963913657;0.0;210.02100210021004;0.0;0.0;0.0;0.0
2030-10-26 00:00:00;529.8306294023738;1075.0844963913657;0.0;210.02100210021004;0.0;0.0;0.0;0.0
2030-10-26 01:00:00;529.2051353130925;1075.0844963913657;0.0;210.02100210021004;0.0;0.0;0.0;0.0
2030-10-26 02:00:00;528.6481922424967;1075.0844963913657;0.0;210.02100210021004;0.0;0.0;0.0;0.0
2030-10-26 03:00:00;528.8946551050531;1075.0844963913657;0.0;210.02100210021004;0.0;0.0;0.0;0.0
2030-10-26 04:00:00;528.6145533575719;1075.0844963913657;0.0;210.02100210021004;0.0;0.0;0.0;0.0
2030-10-26 05:00:00;528.7687927557928;1075.0844963913657;0.0;210.02100210021004;0.0;0.0;0.0;0.0
2030-10-26 06:00:00;465.4587396605837;1075.0844963913657;0.0;210.02100210021004;0.0;0.0;0.0;0.0
2030-10-26 07:00:00;466.0753559839298;1075.0844963913657;0.0;210.02100210021004;0.0;0.0;0.0;0.0
2030-10-26 08:00:00;466.5352989980639;1075.0844963913657;0.0;210.02100210021004;0.0;0.0;0.0;0.0
2030-10-26 09:00:00;466.4980053398043;1075.0844963913657;0.0;210.02100210021004;0.0;0.0;0.0;0.0
2030-10-26 10:00:00;466.3512092214846;1075.0844963913657;0.0;210.02100210021004;0.0;0.0;0.0;0.0
2030-10-26 11:00:00;466.2484065471586;1075.0844963913657;0.0;210.02100210021004;0.0;0.0;0.0;0.0
2030-10-26 12:00:00;465.9776734710591;1075.0844963913657;0.0;210.02100210021004;0.0;0.0;0.0;0.0
2030-10-26 13:00:00;466.0640444215658;1075.0844963913657;0.0;210.02100210021004;0.0;0.0;0.0;0.0
2030-10-26 14:00:00;465.9572836082424;1075.0844963913657;0.0;210.02100210021004;0.0;0.0;0.0;0.0
2030-10-26 15:00:00;466.0782247268729;1075.0844963913657;0.0;210.02100210021004;0.0;0.0;0.0;0.0
2030-10-26 16:00:00;466.2950871680862;1075.0844963913657;0.0;210.02100210021004;0.0;0.0;0.0;0.0
2030-10-26 17:00:00;466.3239743201265;1075.0844963913657;0.0;210.02100210021004;0.0;0.0;0.0;0.0
2030-10-26 18:00:00;466.5720479582963;1075.0844963913657;0.0;210.02100210021004;0.0;0.0;0.0;0.0
2030-10-26 19:00:00;466.5034341634749;1075.0844963913657;0.0;210.02100210021004;0.0;0.0;0.0;0.0
2030-10-26 20:00:00;466.5995915218696;1075.0844963913657;0.0;210.02100210021004;0.0;0.0;0.0;0.0
2030-10-26 21:00:00;466.6215610089652;1075.0844963913657;0.0;210.02100210021004;0.0;0.0;0.0;0.0
2030-10-26 22:00:00;466.6281518550937;1075.0844963913657;0.0;210.02100210021004;0.0;0.0;0.0;0.0
2030-10-26 23:00:00;466.4716601118906;1075.0844963913657;0.0;210.02100210021004;0.0;0.0;0.0;0.0
2030-10-27 00:00:00;466.8401120140626;1075.0844963913657;0.0;210.02100210021004;0.0;0.0;0.0;0.0
2030-10-27 01:00:00;466.33828172164;1075.0844963913657;0.0;210.02100210021004;0.0;0.0;0.0;0.0
2030-10-27 02:00:00;465.7224279755319;1075.0844963913657;0.0;210.02100210021004;0.0;0.0;0.0;0.0
2030-10-27 03:00:00;465.7656588422874;1075.0844963913657;0.0;210.02100210021004;0.0;0.0;0.0;0.0
2030-10-27 04:00:00;465.2352319034389;1075.0844963913657;0.0;210.02100210021004;0.0;0.0;0.0;0.0
2030-10-27 05:00:00;465.0106710634418;1075.0844963913657;0.0;210.02100210021004;0.0;0.0;0.0;0.0
2030-10-27 06:00:00;465.0342928012196;1075.0844963913657;0.0;210.02100210021004;0.0;0.0;0.0;0.0
2030-10-27 07:00:00;464.9041644425311;1075.0844963913657;0.0;210.02100210021004;0.0;0.0;0.0;0.0
2030-10-27 08:00:00;465.9507109187146;1075.0844963913657;0.0;210.02100210021004;0.0;0.0;0.0;0.0
2030-10-27 09:00:00;466.2957952755215;1075.0844963913657;0.0;210.02100210021004;0.0;0.0;0.0;0.0
2030-10-27 10:00:00;467.1920595660117;1075.0844963913657;0.0;210.02100210021004;0.0;0.0;0.0;0.0
2030-10-27 11:00:00;467.7015882572182;1075.0844963913657;0.0;210.02100210021004;0.0;0.0;0.0;0.0
2030-10-27 12:00:00;468.2320515092685;1075.0844963913657;0.0;210.02100210021004;0.0;0.0;0.0;0.0
2030-10-27 13:00:00;468.3362522418642;1075.0844963913657;0.0;210.02100210021004;0.0;0.0;0.0;0.0
2030-10-27 14:00:00;468.2887727304969;1075.0844963913657;0.0;210.02100210021004;0.0;0.0;0.0;0.0
2030-10-27 15:00:00;468.380990106495;1075.0844963913657;0.0;210.02100210021004;0.0;0.0;0.0;0.0
2030-10-27 16:00:00;468.8284050660043;1075.0844963913657;0.0;210.02100210021004;0.0;0.0;0.0;0.0
2030-10-27 17:00:00;469.557272581417;1075.0844963913657;0.0;210.02100210021004;0.0;0.0;0.0;0.0
2030-10-27 18:00:00;470.0677020801107;1075.0844963913657;0.0;210.02100210021004;0.0;0.0;0.0;0.0
2030-10-27 19:00:00;470.2332366861052;1075.0844963913657;0.0;210.02100210021004;0.0;0.0;0.0;0.0
2030-10-27 20:00:00;470.0493630482252;1075.0844963913657;0.0;210.02100210021004;0.0;0.0;0.0;0.0
2030-10-27 21:00:00;469.6847349153609;1075.0844963913657;0.0;210.02100210021004;0.0;0.0;0.0;0.0
2030-10-27 22:00:00;469.4389052119977;1075.0844963913657;0.0;210.02100210021004;0.0;0.0;0.0;0.0
2030-10-27 23:00:00;469.1555642980202;1075.0844963913657;0.0;210.02100210021004;0.0;0.0;0.0;0.0
2030-10-28 00:00:00;468.9942194636435;1075.0844963913657;0.0;210.02100210021004;0.0;0.0;0.0;0.0
2030-10-28 01:00:00;468.7101641437623;1075.0844963913657;0.0;210.02100210021004;0.0;0.0;0.0;0.0
2030-10-28 02:00:00;469.0622690763098;1075.0844963913657;0.0;210.02100210021004;0.0;0.0;0.0;0.0
2030-10-28 03:00:00;469.253166072021;1075.0844963913657;0.0;210.02100210021004;0.0;0.0;0.0;0.0
2030-10-28 04:00:00;469.2856342473067;1075.0844963913657;0.0;210.02100210021004;0.0;0.0;0.0;0.0
2030-10-28 05:00:00;469.3112159623016;1075.0844963913657;0.0;210.02100210021004;0.0;0.0;0.0;0.0
2030-10-28 06:00:00;469.8120075916354;1075.0844963913657;0.0;210.02100210021004;0.0;0.0;0.0;0.0
2030-10-28 07:00:00;470.474838344382;1075.0844963913657;0.0;210.02100210021004;0.0;0.0;0.0;0.0
2030-10-28 08:00:00;470.7517497910697;1075.0844963913657;0.0;210.02100210021004;0.0;0.0;0.0;0.0
2030-10-28 09:00:00;471.1782841938589;1075.0844963913657;0.0;210.02100210021004;0.0;0.0;0.0;0.0
2030-10-28 10:00:00;471.1270655035313;1075.0844963913657;0.0;210.02100210021004;0.0;0.0;0.0;0.0
2030-10-28 11:00:00;471.012436896971;1075.0844963913657;0.0;210.02100210021004;0.0;0.0;0.0;0.0
2030-10-28 12:00:00;471.0034358465792;1075.0844963913657;0.0;210.02100210021004;0.0;0.0;0.0;0.0
2030-10-28 13:00:00;470.3344327442301;1075.0844963913657;0.0;210.02100210021004;0.0;0.0;0.0;0.0
2030-10-28 14:00:00;470.3300478593895;1075.0844963913657;0.0;210.02100210021004;0.0;0.0;0.0;0.0
2030-10-28 15:00:00;470.4663475000023;1075.0844963913657;0.0;210.02100210021004;0.0;0.0;0.0;0.0
2030-10-28 16:00:00;470.5554451245715;1075.0844963913657;0.0;210.02100210021004;0.0;0.0;0.0;0.0
2030-10-28 17:00:00;470.463801034635;1075.0844963913657;0.0;210.02100210021004;0.0;0.0;0.0;0.0
2030-10-28 18:00:00;470.617726659797;1075.0844963913657;0.0;210.02100210021004;0.0;0.0;0.0;0.0
2030-10-28 19:00:00;471.6460088740683;1075.0844963913657;0.0;210.02100210021004;0.0;0.0;0.0;0.0
2030-10-28 20:00:00;471.6095740864649;1075.0844963913657;0.0;210.02100210021004;0.0;0.0;0.0;0.0
2030-10-28 21:00:00;471.1654010860887;1075.0844963913657;0.0;210.02100210021004;0.0;0.0;0.0;0.0
2030-10-28 22:00:00;471.1047246970539;1075.0844963913657;0.0;210.02100210021004;0.0;0.0;0.0;0.0
2030-10-28 23:00:00;492.704429548427;1075.0844963913657;0.0;210.02100210021004;0.0;0.0;0.0;0.0
2030-10-29 00:00:00;470.6499233906554;1075.0844963913657;0.0;210.02100210021004;0.0;0.0;0.0;0.0
2030-10-29 01:00:00;469.8504397809226;1075.0844963913657;0.0;210.02100210021004;0.0;0.0;0.0;0.0
2030-10-29 02:00:00;469.740258402378;1075.0844963913657;0.0;210.02100210021004;0.0;0.0;0.0;0.0
2030-10-29 03:00:00;469.7623055849695;1075.0844963913657;0.0;210.02100210021004;0.0;0.0;0.0;0.0
2030-10-29 04:00:00;533.9738470489705;1075.0844963913657;0.0;210.02100210021004;0.0;0.0;0.0;0.0
2030-10-29 05:00:00;534.1271029017073;1075.0844963913657;0.0;210.02100210021004;0.0;0.0;0.0;0.0
2030-10-29 06:00:00;534.0474890381237;1075.0844963913657;0.0;210.02100210021004;0.0;0.0;0.0;0.0
2030-10-29 07:00:00;535.0724302959469;1075.0844963913657;0.0;210.02100210021004;0.0;0.0;0.0;0.0
2030-10-29 08:00:00;535.2315131875906;1075.0844963913657;0.0;210.02100210021004;0.0;0.0;0.0;0.0
2030-10-29 09:00:00;505.9680174750559;1075.0844963913657;0.0;210.02100210021004;0.0;0.0;0.0;0.0
2030-10-29 10:00:00;471.0020177622195;1075.0844963913657;0.0;210.02100210021004;0.0;0.0;0.0;0.0
2030-10-29 11:00:00;470.6529083477373;1075.0844963913657;0.0;210.02100210021004;0.0;0.0;0.0;0.0
2030-10-29 12:00:00;469.9704147083678;1075.0844963913657;0.0;210.02100210021004;0.0;0.0;0.0;0.0
2030-10-29 13:00:00;470.1420267009875;1075.0844963913657;0.0;210.02100210021004;0.0;0.0;0.0;0.0
2030-10-29 14:00:00;470.1587496398287;1075.0844963913657;0.0;210.02100210021004;0.0;0.0;0.0;0.0
2030-10-29 15:00:00;469.9786212676785;1075.0844963913657;0.0;210.02100210021004;0.0;0.0;0.0;0.0
2030-10-29 16:00:00;470.2161051892832;1075.0844963913657;0.0;210.02100210021004;0.0;0.0;0.0;0.0
2030-10-29 17:00:00;470.3484844990485;1075.0844963913657;0.0;210.02100210021004;0.0;0.0;0.0;0.0
2030-10-29 18:00:00;470.4285992298271;1075.0844963913657;0.0;210.02100210021004;0.0;0.0;0.0;0.0
2030-10-29 19:00:00;470.6843125800868;1075.0844963913657;0.0;210.02100210021004;0.0;0.0;0.0;0.0
2030-10-29 20:00:00;470.7512706637717;1075.0844963913657;0.0;210.02100210021004;0.0;0.0;0.0;0.0
2030-10-29 21:00:00;470.5613084766802;1075.0844963913657;0.0;210.02100210021004;0.0;0.0;0.0;0.0
2030-10-29 22:00:00;470.2667827786802;1075.0844963913657;0.0;210.02100210021004;0.0;0.0;0.0;0.0
2030-10-29 23:00:00;470.242142951575;1075.0844963913657;0.0;210.02100210021004;0.0;0.0;0.0;0.0
2030-10-30 00:00:00;470.2868466739696;1075.0844963913657;0.0;210.02100210021004;0.0;0.0;0.0;0.0
2030-10-30 01:00:00;470.3587990320117;1075.0844963913657;0.0;210.02100210021004;0.0;0.0;0.0;0.0
2030-10-30 02:00:00;470.4722609840962;1075.0844963913657;0.0;210.02100210021004;0.0;0.0;0.0;0.0
2030-10-30 03:00:00;470.7879809509654;1075.0844963913657;0.0;210.02100210021004;0.0;0.0;0.0;0.0
2030-10-30 04:00:00;470.7431102836074;1075.0844963913657;0.0;210.02100210021004;0.0;0.0;0.0;0.0
2030-10-30 05:00:00;470.8943808887752;1075.0844963913657;0.0;210.02100210021004;0.0;0.0;0.0;0.0
2030-10-30 06:00:00;470.9144246671971;1075.0844963913657;0.0;210.02100210021004;0.0;0.0;0.0;0.0
2030-10-30 07:00:00;471.3564916541876;1075.0844963913657;0.0;210.02100210021004;0.0;0.0;0.0;0.0
2030-10-30 08:00:00;471.6144819156352;1075.0844963913657;0.0;210.02100210021004;0.0;0.0;0.0;0.0
2030-10-30 09:00:00;471.7415149045158;1075.0844963913657;0.0;210.02100210021004;0.0;0.0;0.0;0.0
2030-10-30 10:00:00;471.4603048928948;1075.0844963913657;0.0;210.02100210021004;0.0;0.0;0.0;0.0
2030-10-30 11:00:00;471.3251517898906;1075.0844963913657;0.0;210.02100210021004;0.0;0.0;0.0;0.0
2030-10-30 12:00:00;471.2794645220119;1075.0844963913657;0.0;210.02100210021004;0.0;0.0;0.0;0.0
2030-10-30 13:00:00;470.9218166185591;1075.0844963913657;0.0;210.02100210021004;0.0;0.0;0.0;0.0
2030-10-30 14:00:00;471.2106036831063;1075.0844963913657;0.0;210.02100210021004;0.0;0.0;0.0;0.0
2030-10-30 15:00:00;471.2213567077841;1075.0844963913657;0.0;210.02100210021004;0.0;0.0;0.0;0.0
2030-10-30 16:00:00;471.3499344599472;1075.0844963913657;0.0;210.02100210021004;0.0;0.0;0.0;0.0
2030-10-30 17:00:00;471.5196879162256;1075.0844963913657;0.0;210.02100210021004;0.0;0.0;0.0;0.0
2030-10-30 18:00:00;471.5943959109059;1075.0844963913657;0.0;210.02100210021004;0.0;0.0;0.0;0.0
2030-10-30 19:00:00;535.8206549816169;1075.0844963913657;0.0;210.02100210021004;0.0;0.0;0.0;0.0
2030-10-30 20:00:00;535.7657412957417;1075.0844963913657;0.0;210.02100210021004;0.0;0.0;0.0;0.0
2030-10-30 21:00:00;535.6073060670834;1075.0844963913657;0.0;210.02100210021004;0.0;0.0;0.0;0.0
2030-10-30 22:00:00;535.4689769923275;1075.0844963913657;0.0;210.02100210021004;0.0;0.0;0.0;0.0
2030-10-30 23:00:00;535.2498874840744;1075.0844963913657;0.0;210.02100210021004;0.0;0.0;0.0;0.0
2030-10-31 00:00:00;534.9859695347709;1075.0844963913657;0.0;210.02100210021004;0.0;0.0;0.0;0.0
2030-10-31 01:00:00;470.994877240741;1075.0844963913657;0.0;210.02100210021004;0.0;0.0;0.0;0.0
2030-10-31 02:00:00;535.1121859231308;1075.0844963913657;0.0;210.02100210021004;0.0;0.0;0.0;0.0
2030-10-31 03:00:00;535.2980568815728;1075.0844963913657;0.0;210.02100210021004;0.0;0.0;0.0;0.0
2030-10-31 04:00:00;535.4407045451553;1075.0844963913657;0.0;210.02100210021004;0.0;0.0;0.0;0.0
2030-10-31 05:00:00;535.4091977035897;1075.0844963913657;0.0;210.02100210021004;0.0;0.0;0.0;0.0
2030-10-31 06:00:00;535.5128641142014;1075.0844963913657;0.0;210.02100210021004;0.0;0.0;0.0;0.0
2030-10-31 07:00:00;535.5166676320707;1075.0844963913657;0.0;210.02100210021004;0.0;0.0;0.0;0.0
2030-10-31 08:00:00;536.0210564203272;1075.0844963913657;0.0;210.02100210021004;0.0;0.0;0.0;0.0
2030-10-31 09:00:00;535.2047030436577;1075.0844963913657;0.0;210.02100210021004;0.0;0.0;0.0;0.0
2030-10-31 10:00:00;534.9352718285061;1075.0844963913657;0.0;210.02100210021004;0.0;0.0;0.0;0.0
2030-10-31 11:00:00;534.5804237805708;1075.0844963913657;0.0;210.02100210021004;0.0;0.0;0.0;0.0
2030-10-31 12:00:00;480.5072485149916;1075.0844963913657;0.0;210.02100210021004;0.0;0.0;0.0;0.0
2030-10-31 13:00:00;471.5918454926998;1075.0844963913657;0.0;210.02100210021004;0.0;0.0;0.0;0.0
2030-10-31 14:00:00;471.6029122904365;1075.0844963913657;0.0;210.02100210021004;0.0;0.0;0.0;0.0
2030-10-31 15:00:00;471.7376067848585;1075.0844963913657;0.0;210.02100210021004;0.0;0.0;0.0;0.0
2030-10-31 16:00:00;471.9883519230395;1075.0844963913657;0.0;210.02100210021004;0.0;0.0;0.0;0.0
2030-10-31 17:00:00;478.3378301154835;1075.0844963913657;0.0;210.02100210021004;0.0;0.0;0.0;0.0
2030-10-31 18:00:00;472.0075609443397;1075.0844963913657;0.0;210.02100210021004;0.0;0.0;0.0;0.0
2030-10-31 19:00:00;472.044725919582;1075.0844963913657;0.0;210.02100210021004;0.0;0.0;0.0;0.0
2030-10-31 20:00:00;472.033763691328;1075.0844963913657;0.0;210.02100210021004;0.0;0.0;0.0;0.0
2030-10-31 21:00:00;471.8931194319155;1075.0844963913657;0.0;210.02100210021004;0.0;0.0;0.0;0.0
2030-10-31 22:00:00;471.6424184803088;1075.0844963913657;0.0;210.02100210021004;0.0;0.0;0.0;0.0
2030-10-31 23:00:00;471.4019657979566;1075.0844963913657;0.0;210.02100210021004;0.0;0.0;0.0;0.0
2030-11-01 00:00:00;471.4930044512153;1075.0844963913657;0.0;210.02100210021004;0.0;0.0;0.0;0.0
2030-11-01 01:00:00;471.0374287706036;1075.0844963913657;0.0;210.02100210021004;0.0;0.0;0.0;0.0
2030-11-01 02:00:00;470.7456346395347;1075.0844963913657;0.0;210.02100210021004;0.0;0.0;0.0;0.0
2030-11-01 03:00:00;470.6005008934936;1075.0844963913657;0.0;210.02100210021004;0.0;0.0;0.0;0.0
2030-11-01 04:00:00;471.208831559647;1075.0844963913657;0.0;210.02100210021004;0.0;0.0;0.0;0.0
2030-11-01 05:00:00;471.4333076548257;1075.0844963913657;0.0;210.02100210021004;0.0;0.0;0.0;0.0
2030-11-01 06:00:00;471.5335506166411;1075.0844963913657;0.0;210.02100210021004;0.0;0.0;0.0;0.0
2030-11-01 07:00:00;471.2805747464184;1075.0844963913657;0.0;210.02100210021004;0.0;0.0;0.0;0.0
2030-11-01 08:00:00;471.400422994941;1075.0844963913657;0.0;210.02100210021004;0.0;0.0;0.0;0.0
2030-11-01 09:00:00;471.5417350665119;1075.0844963913657;0.0;210.02100210021004;0.0;0.0;0.0;0.0
2030-11-01 10:00:00;471.5051333339453;1075.0844963913657;0.0;210.02100210021004;0.0;0.0;0.0;0.0
2030-11-01 11:00:00;471.4983468192611;1075.0844963913657;0.0;210.02100210021004;0.0;0.0;0.0;0.0
2030-11-01 12:00:00;470.6677344767688;1075.0844963913657;0.0;210.02100210021004;0.0;0.0;0.0;0.0
2030-11-01 13:00:00;470.9081812460154;1075.0844963913657;0.0;210.02100210021004;0.0;0.0;0.0;0.0
2030-11-01 14:00:00;470.3974665442288;1075.0844963913657;0.0;210.02100210021004;0.0;0.0;0.0;0.0
2030-11-01 15:00:00;470.3421546326798;1075.0844963913657;0.0;210.02100210021004;0.0;0.0;0.0;0.0
2030-11-01 16:00:00;470.2063357100893;1075.0844963913657;0.0;210.02100210021004;0.0;0.0;0.0;0.0
2030-11-01 17:00:00;470.3161409400945;1075.0844963913657;0.0;210.02100210021004;0.0;0.0;0.0;0.0
2030-11-01 18:00:00;470.7539256837658;1075.0844963913657;0.0;210.02100210021004;0.0;0.0;0.0;0.0
2030-11-01 19:00:00;470.4535287279794;1075.0844963913657;0.0;210.02100210021004;0.0;0.0;0.0;0.0
2030-11-01 20:00:00;470.2147092143632;1075.0844963913657;0.0;210.02100210021004;0.0;0.0;0.0;0.0
2030-11-01 21:00:00;469.6832770088909;1075.0844963913657;0.0;210.02100210021004;0.0;0.0;0.0;0.0
2030-11-01 22:00:00;468.9149260847564;1075.0844963913657;0.0;210.02100210021004;0.0;0.0;0.0;0.0
2030-11-01 23:00:00;467.8458061382093;1075.0844963913657;0.0;210.02100210021004;0.0;0.0;0.0;0.0
2030-11-02 00:00:00;467.4455983410538;1075.0844963913657;0.0;210.02100210021004;0.0;0.0;0.0;0.0
2030-11-02 01:00:00;466.4652508317711;1075.0844963913657;0.0;210.02100210021004;0.0;0.0;0.0;0.0
2030-11-02 02:00:00;465.5136270651205;1075.0844963913657;0.0;210.02100210021004;0.0;0.0;0.0;0.0
2030-11-02 03:00:00;464.5909993901157;1075.0844963913657;0.0;210.02100210021004;0.0;0.0;0.0;0.0
2030-11-02 04:00:00;464.367310066962;1075.0844963913657;0.0;210.02100210021004;0.0;0.0;0.0;0.0
2030-11-02 05:00:00;464.2161382078242;1075.0844963913657;0.0;210.02100210021004;0.0;0.0;0.0;0.0
2030-11-02 06:00:00;464.3941273664992;1075.0844963913657;0.0;210.02100210021004;0.0;0.0;0.0;0.0
2030-11-02 07:00:00;465.0040802173131;1075.0844963913657;0.0;210.02100210021004;0.0;0.0;0.0;0.0
2030-11-02 08:00:00;465.8767409266263;1075.0844963913657;0.0;210.02100210021004;0.0;0.0;0.0;0.0
2030-11-02 09:00:00;466.1887076433819;1075.0844963913657;0.0;210.02100210021004;0.0;0.0;0.0;0.0
2030-11-02 10:00:00;466.6555138526581;1075.0844963913657;0.0;210.02100210021004;0.0;0.0;0.0;0.0
2030-11-02 11:00:00;466.9937713275245;1075.0844963913657;0.0;210.02100210021004;0.0;0.0;0.0;0.0
2030-11-02 12:00:00;466.8671108796089;1075.0844963913657;0.0;210.02100210021004;0.0;0.0;0.0;0.0
2030-11-02 13:00:00;466.0678573077559;1075.0844963913657;0.0;210.02100210021004;0.0;0.0;0.0;0.0
2030-11-02 14:00:00;465.8823694729069;1075.0844963913657;0.0;210.02100210021004;0.0;0.0;0.0;0.0
2030-11-02 15:00:00;465.8319667487938;1075.0844963913657;0.0;210.02100210021004;0.0;0.0;0.0;0.0
2030-11-02 16:00:00;466.1107613556952;1075.0844963913657;0.0;210.02100210021004;0.0;0.0;0.0;0.0
2030-11-02 17:00:00;466.2636217787173;1075.0844963913657;0.0;210.02100210021004;0.0;0.0;0.0;0.0
2030-11-02 18:00:00;466.2397458485268;1075.0844963913657;0.0;210.02100210021004;0.0;0.0;0.0;0.0
2030-11-02 19:00:00;466.1606738515841;1075.0844963913657;0.0;210.02100210021004;0.0;0.0;0.0;0.0
2030-11-02 20:00:00;466.2035778995233;1075.0844963913657;0.0;210.02100210021004;0.0;0.0;0.0;0.0
2030-11-02 21:00:00;466.1421722752615;1075.0844963913657;0.0;210.02100210021004;0.0;0.0;0.0;0.0
2030-11-02 22:00:00;466.0943841016785;1075.0844963913657;0.0;210.02100210021004;0.0;0.0;0.0;0.0
2030-11-02 23:00:00;465.847272763357;1075.0844963913657;0.0;210.02100210021004;0.0;0.0;0.0;0.0
2030-11-03 00:00:00;465.845348163661;1075.0844963913657;0.0;210.02100210021004;0.0;0.0;0.0;0.0
2030-11-03 01:00:00;465.2888846591142;1075.0844963913657;0.0;210.02100210021004;0.0;0.0;0.0;0.0
2030-11-03 02:00:00;465.0064587320316;1075.0844963913657;0.0;210.02100210021004;0.0;0.0;0.0;0.0
2030-11-03 03:00:00;465.4562340496587;1075.0844963913657;0.0;210.02100210021004;0.0;0.0;0.0;0.0
2030-11-03 04:00:00;465.5334903865109;1075.0844963913657;0.0;210.02100210021004;0.0;0.0;0.0;0.0
2030-11-03 05:00:00;464.6927489815892;1075.0844963913657;0.0;210.02100210021004;0.0;0.0;0.0;0.0
2030-11-03 06:00:00;464.9686022191441;1075.0844963913657;0.0;210.02100210021004;0.0;0.0;0.0;0.0
2030-11-03 07:00:00;465.1600454190899;1075.0844963913657;0.0;210.02100210021004;0.0;0.0;0.0;0.0
2030-11-03 08:00:00;465.4445775118775;1075.0844963913657;0.0;210.02100210021004;0.0;0.0;0.0;0.0
2030-11-03 09:00:00;465.8525018644177;1075.0844963913657;0.0;210.02100210021004;0.0;0.0;0.0;0.0
2030-11-03 10:00:00;468.1692115135352;1075.0844963913657;0.0;210.02100210021004;0.0;0.0;0.0;0.0
2030-11-03 11:00:00;468.851681828365;1075.0844963913657;0.0;210.02100210021004;0.0;0.0;0.0;0.0
2030-11-03 12:00:00;469.2074004892997;1075.0844963913657;0.0;210.02100210021004;0.0;0.0;0.0;0.0
2030-11-03 13:00:00;469.182317226076;1075.0844963913657;0.0;210.02100210021004;0.0;0.0;0.0;0.0
2030-11-03 14:00:00;469.1638996869863;1075.0844963913657;0.0;210.02100210021004;0.0;0.0;0.0;0.0
2030-11-03 15:00:00;469.1869216108483;1075.0844963913657;0.0;210.02100210021004;0.0;0.0;0.0;0.0
2030-11-03 16:00:00;469.0659618070349;1075.0844963913657;0.0;210.02100210021004;0.0;0.0;0.0;0.0
2030-11-03 17:00:00;469.5809812038407;1075.0844963913657;0.0;210.02100210021004;0.0;0.0;0.0;0.0
2030-11-03 18:00:00;468.7757746665021;1075.0844963913657;0.0;210.02100210021004;0.0;0.0;0.0;0.0
2030-11-03 19:00:00;468.8199711687301;1075.0844963913657;0.0;210.02100210021004;0.0;0.0;0.0;0.0
2030-11-03 20:00:00;468.6714635634864;1075.0844963913657;0.0;210.02100210021004;0.0;0.0;0.0;0.0
2030-11-03 21:00:00;468.4925079492556;1075.0844963913657;0.0;210.02100210021004;0.0;0.0;0.0;0.0
2030-11-03 22:00:00;469.3233719972461;1075.0844963913657;0.0;210.02100210021004;0.0;0.0;0.0;0.0
2030-11-03 23:00:00;469.4554955224591;1075.0844963913657;0.0;210.02100210021004;0.0;0.0;0.0;0.0
2030-11-04 00:00:00;469.2161136288306;1075.0844963913657;0.0;210.02100210021004;0.0;0.0;0.0;0.0
2030-11-04 01:00:00;467.9701243846081;1075.0844963913657;0.0;210.02100210021004;0.0;0.0;0.0;0.0
2030-11-04 02:00:00;465.7825626377303;1075.0844963913657;0.0;210.02100210021004;0.0;0.0;0.0;0.0
2030-11-04 03:00:00;465.5624864781568;1075.0844963913657;0.0;210.02100210021004;0.0;0.0;0.0;0.0
2030-11-04 04:00:00;465.5403172684514;1075.0844963913657;0.0;210.02100210021004;0.0;0.0;0.0;0.0
2030-11-04 05:00:00;466.0116081581512;1075.0844963913657;0.0;210.02100210021004;0.0;0.0;0.0;0.0
2030-11-04 06:00:00;467.1508440819566;1075.0844963913657;0.0;210.02100210021004;0.0;0.0;0.0;0.0
2030-11-04 07:00:00;469.1465450270676;1075.0844963913657;0.0;210.02100210021004;0.0;0.0;0.0;0.0
2030-11-04 08:00:00;470.4405921965289;1075.0844963913657;0.0;210.02100210021004;0.0;0.0;0.0;0.0
2030-11-04 09:00:00;470.3453439431922;1075.0844963913657;0.0;210.02100210021004;0.0;0.0;0.0;0.0
2030-11-04 10:00:00;470.0736950429553;1075.0844963913657;0.0;210.02100210021004;0.0;0.0;0.0;0.0
2030-11-04 11:00:00;469.9516827670205;1075.0844963913657;0.0;210.02100210021004;0.0;0.0;0.0;0.0
2030-11-04 12:00:00;470.2871370385035;1075.0844963913657;0.0;210.02100210021004;0.0;0.0;0.0;0.0
2030-11-04 13:00:00;470.3031316840007;1075.0844963913657;0.0;210.02100210021004;0.0;0.0;0.0;0.0
2030-11-04 14:00:00;470.3926777449165;1075.0844963913657;0.0;210.02100210021004;0.0;0.0;0.0;0.0
2030-11-04 15:00:00;470.1691918727133;1075.0844963913657;0.0;210.02100210021004;0.0;0.0;0.0;0.0
2030-11-04 16:00:00;470.1813789670794;1075.0844963913657;0.0;210.02100210021004;0.0;0.0;0.0;0.0
2030-11-04 17:00:00;470.3280254569563;1075.0844963913657;0.0;210.02100210021004;0.0;0.0;0.0;0.0
2030-11-04 18:00:00;470.7146286651644;1075.0844963913657;0.0;210.02100210021004;0.0;0.0;0.0;0.0
2030-11-04 19:00:00;470.938668228895;1075.0844963913657;0.0;210.02100210021004;0.0;0.0;0.0;0.0
2030-11-04 20:00:00;470.7189089482168;1075.0844963913657;0.0;210.02100210021004;0.0;0.0;0.0;0.0
2030-11-04 21:00:00;470.4044622301839;1075.0844963913657;0.0;210.02100210021004;0.0;0.0;0.0;0.0
2030-11-04 22:00:00;470.1698385470053;1075.0844963913657;0.0;210.02100210021004;0.0;0.0;0.0;0.0
2030-11-04 23:00:00;470.5193201571881;1075.0844963913657;0.0;210.02100210021004;0.0;0.0;0.0;0.0
2030-11-05 00:00:00;470.3272077378313;1075.0844963913657;0.0;210.02100210021004;0.0;0.0;0.0;0.0
2030-11-05 01:00:00;468.9996549885139;1075.0844963913657;0.0;210.02100210021004;0.0;0.0;0.0;0.0
2030-11-05 02:00:00;467.3887681802201;1075.0844963913657;0.0;210.02100210021004;0.0;0.0;0.0;0.0
2030-11-05 03:00:00;466.9602905554551;1075.0844963913657;0.0;210.02100210021004;0.0;0.0;0.0;0.0
2030-11-05 04:00:00;466.9588924971854;1075.0844963913657;0.0;210.02100210021004;0.0;0.0;0.0;0.0
2030-11-05 05:00:00;531.4222027102105;1075.0844963913657;0.0;210.02100210021004;0.0;0.0;0.0;0.0
2030-11-05 06:00:00;533.1306815357957;1075.0844963913657;0.0;210.02100210021004;0.0;0.0;0.0;0.0
2030-11-05 07:00:00;534.4169982303943;1075.0844963913657;0.0;210.02100210021004;0.0;0.0;0.0;0.0
2030-11-05 08:00:00;534.7419686849665;1075.0844963913657;0.0;210.02100210021004;0.0;0.0;0.0;0.0
2030-11-05 09:00:00;535.1485161412515;1075.0844963913657;0.0;210.02100210021004;0.0;0.0;0.0;0.0
2030-11-05 10:00:00;470.7572263741732;1075.0844963913657;0.0;210.02100210021004;0.0;0.0;0.0;0.0
2030-11-05 11:00:00;470.7087009773083;1075.0844963913657;0.0;210.02100210021004;0.0;0.0;0.0;0.0
2030-11-05 12:00:00;470.6385227029921;1075.0844963913657;0.0;210.02100210021004;0.0;0.0;0.0;0.0
2030-11-05 13:00:00;471.0148586436823;1075.0844963913657;0.0;210.02100210021004;0.0;0.0;0.0;0.0
2030-11-05 14:00:00;471.2337409409315;1075.0844963913657;0.0;210.02100210021004;0.0;0.0;0.0;0.0
2030-11-05 15:00:00;471.611140959187;1075.0844963913657;0.0;210.02100210021004;0.0;0.0;0.0;0.0
2030-11-05 16:00:00;471.8521327822029;1075.0844963913657;0.0;210.02100210021004;0.0;0.0;0.0;0.0
2030-11-05 17:00:00;495.7737815544978;1075.0844963913657;0.0;210.02100210021004;0.0;0.0;0.0;0.0
2030-11-05 18:00:00;508.212446195992;1075.0844963913657;0.0;210.02100210021004;0.0;0.0;0.0;0.0
2030-11-05 19:00:00;471.8533456481308;1075.0844963913657;0.0;210.02100210021004;0.0;0.0;0.0;0.0
2030-11-05 20:00:00;471.7628721655092;1075.0844963913657;0.0;210.02100210021004;0.0;0.0;0.0;0.0
2030-11-05 21:00:00;470.7380134000342;1075.0844963913657;0.0;210.02100210021004;0.0;0.0;0.0;0.0
2030-11-05 22:00:00;470.6433883058547;1075.0844963913657;0.0;210.02100210021004;0.0;0.0;0.0;0.0
2030-11-05 23:00:00;470.5461725274286;1075.0844963913657;0.0;210.02100210021004;0.0;0.0;0.0;0.0
2030-11-06 00:00:00;470.4949337202333;1075.0844963913657;0.0;210.02100210021004;0.0;0.0;0.0;0.0
2030-11-06 01:00:00;470.8868018755822;1075.0844963913657;0.0;210.02100210021004;0.0;0.0;0.0;0.0
2030-11-06 02:00:00;470.9127149192183;1075.0844963913657;0.0;210.02100210021004;0.0;0.0;0.0;0.0
2030-11-06 03:00:00;470.9438878708572;1075.0844963913657;0.0;210.02100210021004;0.0;0.0;0.0;0.0
2030-11-06 04:00:00;471.0292443207326;1075.0844963913657;0.0;210.02100210021004;0.0;0.0;0.0;0.0
2030-11-06 05:00:00;471.0868090414577;1075.0844963913657;0.0;210.02100210021004;0.0;0.0;0.0;0.0
2030-11-06 06:00:00;535.2549804148086;1075.0844963913657;0.0;210.02100210021004;0.0;0.0;0.0;0.0
2030-11-06 07:00:00;534.8761200858858;1075.0844963913657;0.0;210.02100210021004;0.0;0.0;0.0;0.0
2030-11-06 08:00:00;534.9819809153374;1075.0844963913657;0.0;210.02100210021004;0.0;0.0;0.0;0.0
2030-11-06 09:00:00;470.9533053035237;1075.0844963913657;0.0;210.02100210021004;0.0;0.0;0.0;0.0
2030-11-06 10:00:00;470.746803286583;1075.0844963913657;0.0;210.02100210021004;0.0;0.0;0.0;0.0
2030-11-06 11:00:00;470.7735088610333;1075.0844963913657;0.0;210.02100210021004;0.0;0.0;0.0;0.0
2030-11-06 12:00:00;470.6658960572954;1075.0844963913657;0.0;210.02100210021004;0.0;0.0;0.0;0.0
2030-11-06 13:00:00;470.0470013885621;1075.0844963913657;0.0;210.02100210021004;0.0;0.0;0.0;0.0
2030-11-06 14:00:00;469.7446231703507;1075.0844963913657;0.0;210.02100210021004;0.0;0.0;0.0;0.0
2030-11-06 15:00:00;469.8153607021983;1075.0844963913657;0.0;210.02100210021004;0.0;0.0;0.0;0.0
2030-11-06 16:00:00;469.956006954183;1075.0844963913657;0.0;210.02100210021004;0.0;0.0;0.0;0.0
2030-11-06 17:00:00;504.2271654211385;1075.0844963913657;0.0;210.02100210021004;0.0;0.0;0.0;0.0
2030-11-06 18:00:00;477.2625677794443;1075.0844963913657;0.0;210.02100210021004;0.0;0.0;0.0;0.0
2030-11-06 19:00:00;527.5521569828132;1075.0844963913657;0.0;210.02100210021004;0.0;0.0;0.0;0.0
2030-11-06 20:00:00;470.5000708698473;1075.0844963913657;0.0;210.02100210021004;0.0;0.0;0.0;0.0
2030-11-06 21:00:00;534.6325174617555;1075.0844963913657;0.0;210.02100210021004;0.0;0.0;0.0;0.0
2030-11-06 22:00:00;534.5827389652272;1075.0844963913657;0.0;210.02100210021004;0.0;0.0;0.0;0.0
2030-11-06 23:00:00;535.0049674245333;1075.0844963913657;0.0;210.02100210021004;0.0;0.0;0.0;0.0
2030-11-07 00:00:00;470.7720264409262;1075.0844963913657;0.0;210.02100210021004;0.0;0.0;0.0;0.0
2030-11-07 01:00:00;470.8178806537682;1075.0844963913657;0.0;210.02100210021004;0.0;0.0;0.0;0.0
2030-11-07 02:00:00;470.6738070001483;1075.0844963913657;0.0;210.02100210021004;0.0;0.0;0.0;0.0
2030-11-07 03:00:00;470.4872923315597;1075.0844963913657;0.0;210.02100210021004;0.0;0.0;0.0;0.0
2030-11-07 04:00:00;470.3083547158975;1075.0844963913657;0.0;210.02100210021004;0.0;0.0;0.0;0.0
2030-11-07 05:00:00;470.678467384579;1075.0844963913657;0.0;210.02100210021004;0.0;0.0;0.0;0.0
2030-11-07 06:00:00;471.0929056345438;1075.0844963913657;0.0;210.02100210021004;0.0;0.0;0.0;0.0
2030-11-07 07:00:00;470.982056476146;1075.0844963913657;0.0;210.02100210021004;0.0;0.0;0.0;0.0
2030-11-07 08:00:00;471.0318330124073;1075.0844963913657;0.0;210.02100210021004;0.0;0.0;0.0;0.0
2030-11-07 09:00:00;471.1867161207745;1075.0844963913657;0.0;210.02100210021004;0.0;0.0;0.0;0.0
2030-11-07 10:00:00;470.9278548213089;1075.0844963913657;0.0;210.02100210021004;0.0;0.0;0.0;0.0
2030-11-07 11:00:00;470.915804478088;1075.0844963913657;0.0;210.02100210021004;0.0;0.0;0.0;0.0
2030-11-07 12:00:00;471.1034112144823;1075.0844963913657;0.0;210.02100210021004;0.0;0.0;0.0;0.0
2030-11-07 13:00:00;471.1276287139016;1075.0844963913657;0.0;210.02100210021004;0.0;0.0;0.0;0.0
2030-11-07 14:00:00;471.2030045207402;1075.0844963913657;0.0;210.02100210021004;0.0;0.0;0.0;0.0
2030-11-07 15:00:00;470.8593460289306;1075.0844963913657;0.0;210.02100210021004;0.0;0.0;0.0;0.0
2030-11-07 16:00:00;471.0423164829059;1075.0844963913657;0.0;210.02100210021004;0.0;0.0;0.0;0.0
2030-11-07 17:00:00;471.2510894656237;1075.0844963913657;0.0;210.02100210021004;0.0;0.0;0.0;0.0
2030-11-07 18:00:00;471.2086444978161;1075.0844963913657;0.0;210.02100210021004;0.0;0.0;0.0;0.0
2030-11-07 19:00:00;471.034922571277;1075.0844963913657;0.0;210.02100210021004;0.0;0.0;0.0;0.0
2030-11-07 20:00:00;470.8874294216998;1075.0844963913657;0.0;210.02100210021004;0.0;0.0;0.0;0.0
2030-11-07 21:00:00;470.3270629023077;1075.0844963913657;0.0;210.02100210021004;0.0;0.0;0.0;0.0
2030-11-07 22:00:00;469.7246820011449;1075.0844963913657;0.0;210.02100210021004;0.0;0.0;0.0;0.0
2030-11-07 23:00:00;469.5504631602497;1075.0844963913657;0.0;210.02100210021004;0.0;0.0;0.0;0.0
2030-11-08 00:00:00;470.0458347340859;1075.0844963913657;0.0;210.02100210021004;0.0;0.0;0.0;0.0
2030-11-08 01:00:00;469.5398770805351;1075.0844963913657;0.0;210.02100210021004;0.0;0.0;0.0;0.0
2030-11-08 02:00:00;469.389624341481;1075.0844963913657;0.0;210.02100210021004;0.0;0.0;0.0;0.0
2030-11-08 03:00:00;468.8604508905957;1075.0844963913657;0.0;210.02100210021004;0.0;0.0;0.0;0.0
2030-11-08 04:00:00;469.3201379490299;1075.0844963913657;0.0;210.02100210021004;0.0;0.0;0.0;0.0
2030-11-08 05:00:00;469.7716827515952;1075.0844963913657;0.0;210.02100210021004;0.0;0.0;0.0;0.0
2030-11-08 06:00:00;470.1262794019522;1075.0844963913657;0.0;210.02100210021004;0.0;0.0;0.0;0.0
2030-11-08 07:00:00;470.6803863038286;1075.0844963913657;0.0;210.02100210021004;0.0;0.0;0.0;0.0
2030-11-08 08:00:00;471.1327035203403;1075.0844963913657;0.0;210.02100210021004;0.0;0.0;0.0;0.0
2030-11-08 09:00:00;471.0257584964557;1075.0844963913657;0.0;210.02100210021004;0.0;0.0;0.0;0.0
2030-11-08 10:00:00;470.9685035959506;1075.0844963913657;0.0;210.02100210021004;0.0;0.0;0.0;0.0
2030-11-08 11:00:00;470.7207051413826;1075.0844963913657;0.0;210.02100210021004;0.0;0.0;0.0;0.0
2030-11-08 12:00:00;470.5713956817717;1075.0844963913657;0.0;210.02100210021004;0.0;0.0;0.0;0.0
2030-11-08 13:00:00;470.6087678357129;1075.0844963913657;0.0;210.02100210021004;0.0;0.0;0.0;0.0
2030-11-08 14:00:00;470.4093479499142;1075.0844963913657;0.0;210.02100210021004;0.0;0.0;0.0;0.0
2030-11-08 15:00:00;471.0606062944695;1075.0844963913657;0.0;210.02100210021004;0.0;0.0;0.0;0.0
2030-11-08 16:00:00;471.1927965498317;1075.0844963913657;0.0;210.02100210021004;0.0;0.0;0.0;0.0
2030-11-08 17:00:00;471.971335328007;1075.0844963913657;0.0;210.02100210021004;0.0;0.0;0.0;0.0
2030-11-08 18:00:00;472.4641182101686;1075.0844963913657;0.0;210.02100210021004;0.0;0.0;0.0;0.0
2030-11-08 19:00:00;472.3061415900927;1075.0844963913657;0.0;210.02100210021004;0.0;0.0;0.0;0.0
2030-11-08 20:00:00;472.1110604099882;1075.0844963913657;0.0;210.02100210021004;0.0;0.0;0.0;0.0
2030-11-08 21:00:00;471.4023419141905;1075.0844963913657;0.0;210.02100210021004;0.0;0.0;0.0;0.0
2030-11-08 22:00:00;470.7314581660605;1075.0844963913657;0.0;210.02100210021004;0.0;0.0;0.0;0.0
2030-11-08 23:00:00;470.6339708731884;1075.0844963913657;0.0;210.02100210021004;0.0;0.0;0.0;0.0
2030-11-09 00:00:00;470.2060641633379;1075.0844963913657;0.0;210.02100210021004;0.0;0.0;0.0;0.0
2030-11-09 01:00:00;469.456880034196;1075.0844963913657;0.0;210.02100210021004;0.0;0.0;0.0;0.0
2030-11-09 02:00:00;469.223485380974;1075.0844963913657;0.0;210.02100210021004;0.0;0.0;0.0;0.0
2030-11-09 03:00:00;469.2629051256591;1075.0844963913657;0.0;210.02100210021004;0.0;0.0;0.0;0.0
2030-11-09 04:00:00;469.2830996850154;1075.0844963913657;0.0;210.02100210021004;0.0;0.0;0.0;0.0
2030-11-09 05:00:00;469.1674050406227;1075.0844963913657;0.0;210.02100210021004;0.0;0.0;0.0;0.0
2030-11-09 06:00:00;468.877968320518;1075.0844963913657;0.0;210.02100210021004;0.0;0.0;0.0;0.0
2030-11-09 07:00:00;469.5224200335212;1075.0844963913657;0.0;210.02100210021004;0.0;0.0;0.0;0.0
2030-11-09 08:00:00;469.6137041712526;1075.0844963913657;0.0;210.02100210021004;0.0;0.0;0.0;0.0
2030-11-09 09:00:00;469.6051656822821;1075.0844963913657;0.0;210.02100210021004;0.0;0.0;0.0;0.0
2030-11-09 10:00:00;469.69321542562;1075.0844963913657;0.0;210.02100210021004;0.0;0.0;0.0;0.0
2030-11-09 11:00:00;469.8849939227453;1075.0844963913657;0.0;210.02100210021004;0.0;0.0;0.0;0.0
2030-11-09 12:00:00;469.6846769366497;1075.0844963913657;0.0;210.02100210021004;0.0;0.0;0.0;0.0
2030-11-09 13:00:00;469.6201165299696;1075.0844963913657;0.0;210.02100210021004;0.0;0.0;0.0;0.0
2030-11-09 14:00:00;469.6369681403055;1075.0844963913657;0.0;210.02100210021004;0.0;0.0;0.0;0.0
2030-11-09 15:00:00;469.4591731094127;1075.0844963913657;0.0;210.02100210021004;0.0;0.0;0.0;0.0
2030-11-09 16:00:00;469.5808838471153;1075.0844963913657;0.0;210.02100210021004;0.0;0.0;0.0;0.0
2030-11-09 17:00:00;469.7475659011249;1075.0844963913657;0.0;210.02100210021004;0.0;0.0;0.0;0.0
2030-11-09 18:00:00;469.8058426205828;1075.0844963913657;0.0;210.02100210021004;0.0;0.0;0.0;0.0
2030-11-09 19:00:00;469.768550966418;1075.0844963913657;0.0;210.02100210021004;0.0;0.0;0.0;0.0
2030-11-09 20:00:00;469.7570034506592;1075.0844963913657;0.0;210.02100210021004;0.0;0.0;0.0;0.0
2030-11-09 21:00:00;469.6298437828559;1075.0844963913657;0.0;210.02100210021004;0.0;0.0;0.0;0.0
2030-11-09 22:00:00;469.6466531668843;1075.0844963913657;0.0;210.02100210021004;0.0;0.0;0.0;0.0
2030-11-09 23:00:00;469.547788023388;1075.0844963913657;0.0;210.02100210021004;0.0;0.0;0.0;0.0
2030-11-10 00:00:00;469.4626830033962;1075.0844963913657;0.0;210.02100210021004;0.0;0.0;0.0;0.0
2030-11-10 01:00:00;468.8757980036902;1075.0844963913657;0.0;210.02100210021004;0.0;0.0;0.0;0.0
2030-11-10 02:00:00;468.792384542771;1075.0844963913657;0.0;210.02100210021004;0.0;0.0;0.0;0.0
2030-11-10 03:00:00;468.5111547783854;1075.0844963913657;0.0;210.02100210021004;0.0;0.0;0.0;0.0
2030-11-10 04:00:00;467.9832152938609;1075.0844963913657;0.0;210.02100210021004;0.0;0.0;0.0;0.0
2030-11-10 05:00:00;467.9747180046372;1075.0844963913657;0.0;210.02100210021004;0.0;0.0;0.0;0.0
2030-11-10 06:00:00;467.941564051384;1075.0844963913657;0.0;210.02100210021004;0.0;0.0;0.0;0.0
2030-11-10 07:00:00;468.0689507633358;1075.0844963913657;0.0;210.02100210021004;0.0;0.0;0.0;0.0
2030-11-10 08:00:00;468.2481019444689;1075.0844963913657;0.0;210.02100210021004;0.0;0.0;0.0;0.0
2030-11-10 09:00:00;468.2788955396042;1075.0844963913657;0.0;210.02100210021004;0.0;0.0;0.0;0.0
2030-11-10 10:00:00;468.3874356998165;1075.0844963913657;0.0;210.02100210021004;0.0;0.0;0.0;0.0
2030-11-10 11:00:00;468.3495973435296;1075.0844963913657;0.0;210.02100210021004;0.0;0.0;0.0;0.0
2030-11-10 12:00:00;468.8490854344356;1075.0844963913657;0.0;210.02100210021004;0.0;0.0;0.0;0.0
2030-11-10 13:00:00;468.6476924171936;1075.0844963913657;0.0;210.02100210021004;0.0;0.0;0.0;0.0
2030-11-10 14:00:00;468.6434437725817;1075.0844963913657;0.0;210.02100210021004;0.0;0.0;0.0;0.0
2030-11-10 15:00:00;468.7960863163927;1075.0844963913657;0.0;210.02100210021004;0.0;0.0;0.0;0.0
2030-11-10 16:00:00;469.0104779680579;1075.0844963913657;0.0;210.02100210021004;0.0;0.0;0.0;0.0
2030-11-10 17:00:00;469.4395592672983;1075.0844963913657;0.0;210.02100210021004;0.0;0.0;0.0;0.0
2030-11-10 18:00:00;470.0583142190234;1075.0844963913657;0.0;210.02100210021004;0.0;0.0;0.0;0.0
2030-11-10 19:00:00;470.1357199168523;1075.0844963913657;0.0;210.02100210021004;0.0;0.0;0.0;0.0
2030-11-10 20:00:00;470.3216743551155;1075.0844963913657;0.0;210.02100210021004;0.0;0.0;0.0;0.0
2030-11-10 21:00:00;470.4319180768355;1075.0844963913657;0.0;210.02100210021004;0.0;0.0;0.0;0.0
2030-11-10 22:00:00;469.8810937087656;1075.0844963913657;0.0;210.02100210021004;0.0;0.0;0.0;0.0
2030-11-10 23:00:00;469.6850088663095;1075.0844963913657;0.0;210.02100210021004;0.0;0.0;0.0;0.0
2030-11-11 00:00:00;469.7182313689593;1075.0844963913657;0.0;210.02100210021004;0.0;0.0;0.0;0.0
2030-11-11 01:00:00;469.2111674438408;1075.0844963913657;0.0;210.02100210021004;0.0;0.0;0.0;0.0
2030-11-11 02:00:00;469.0635898416485;1075.0844963913657;0.0;210.02100210021004;0.0;0.0;0.0;0.0
2030-11-11 03:00:00;469.1664013782708;1075.0844963913657;0.0;210.02100210021004;0.0;0.0;0.0;0.0
2030-11-11 04:00:00;469.0389721239832;1075.0844963913657;0.0;210.02100210021004;0.0;0.0;0.0;0.0
2030-11-11 05:00:00;468.9304803765496;1075.0844963913657;0.0;210.02100210021004;0.0;0.0;0.0;0.0
2030-11-11 06:00:00;469.3475535296406;1075.0844963913657;0.0;210.02100210021004;0.0;0.0;0.0;0.0
2030-11-11 07:00:00;470.0367914573868;1075.0844963913657;0.0;210.02100210021004;0.0;0.0;0.0;0.0
2030-11-11 08:00:00;534.5265942891289;1075.0844963913657;0.0;210.02100210021004;0.0;0.0;0.0;0.0
2030-11-11 09:00:00;534.7674835029288;1075.0844963913657;0.0;210.02100210021004;0.0;0.0;0.0;0.0
2030-11-11 10:00:00;534.4530770186313;1075.0844963913657;0.0;210.02100210021004;0.0;0.0;0.0;0.0
2030-11-11 11:00:00;534.5148616718059;1075.0844963913657;0.0;210.02100210021004;0.0;0.0;0.0;0.0
2030-11-11 12:00:00;470.043266159279;1075.0844963913657;0.0;210.02100210021004;0.0;0.0;0.0;0.0
2030-11-11 13:00:00;469.9177558565459;1075.0844963913657;0.0;210.02100210021004;0.0;0.0;0.0;0.0
2030-11-11 14:00:00;534.1492767632215;1075.0844963913657;0.0;210.02100210021004;0.0;0.0;0.0;0.0
2030-11-11 15:00:00;534.2723834758438;1075.0844963913657;0.0;210.02100210021004;0.0;0.0;0.0;0.0
2030-11-11 16:00:00;534.2469089239223;1075.0844963913657;0.0;210.02100210021004;0.0;0.0;0.0;0.0
2030-11-11 17:00:00;534.4324680695723;1075.0844963913657;0.0;210.02100210021004;0.0;0.0;0.0;0.0
2030-11-11 18:00:00;534.7600493252592;1075.0844963913657;0.0;210.02100210021004;0.0;0.0;0.0;0.0
2030-11-11 19:00:00;534.6662791050692;1075.0844963913657;0.0;210.02100210021004;0.0;0.0;0.0;0.0
2030-11-11 20:00:00;534.6276096325853;1075.0844963913657;0.0;210.02100210021004;0.0;0.0;0.0;0.0
2030-11-11 21:00:00;534.4554364221675;1075.0844963913657;0.0;210.02100210021004;0.0;0.0;0.0;0.0
2030-11-11 22:00:00;532.89133907785;1075.0844963913657;0.0;210.02100210021004;0.0;0.0;0.0;0.0
2030-11-11 23:00:00;531.7794342313887;1075.0844963913657;0.0;210.02100210021004;0.0;0.0;0.0;0.0
2030-11-12 00:00:00;531.4733167987501;1075.0844963913657;0.0;210.02100210021004;0.0;0.0;0.0;0.0
2030-11-12 01:00:00;531.835999242601;1075.0844963913657;0.0;210.02100210021004;0.0;0.0;0.0;0.0
2030-11-12 02:00:00;531.2550821644863;1075.0844963913657;0.0;210.02100210021004;0.0;0.0;0.0;0.0
2030-11-12 03:00:00;531.083952882461;1075.0844963913657;0.0;210.02100210021004;0.0;0.0;0.0;0.0
2030-11-12 04:00:00;485.6600682578633;1075.0844963913657;0.0;210.02100210021004;0.0;0.0;0.0;0.0
2030-11-12 05:00:00;529.9707949363362;1075.0844963913657;0.0;210.02100210021004;0.0;0.0;0.0;0.0
2030-11-12 06:00:00;530.7904048168391;1075.0844963913657;0.0;210.02100210021004;0.0;0.0;0.0;0.0
2030-11-12 07:00:00;532.2208093365142;1075.0844963913657;0.0;210.02100210021004;0.0;0.0;0.0;0.0
2030-11-12 08:00:00;532.9189638620369;1075.0844963913657;0.0;210.02100210021004;0.0;0.0;0.0;0.0
2030-11-12 09:00:00;532.9195894155824;1075.0844963913657;0.0;210.02100210021004;0.0;0.0;0.0;0.0
2030-11-12 10:00:00;533.1246693953246;1075.0844963913657;0.0;210.02100210021004;0.0;0.0;0.0;0.0
2030-11-12 11:00:00;533.214452956348;1075.0844963913657;0.0;210.02100210021004;0.0;0.0;0.0;0.0
2030-11-12 12:00:00;533.2558338788955;1075.0844963913657;0.0;210.02100210021004;0.0;0.0;0.0;0.0
2030-11-12 13:00:00;533.3304574209607;1075.0844963913657;0.0;210.02100210021004;0.0;0.0;0.0;0.0
2030-11-12 14:00:00;533.7005116670006;1075.0844963913657;0.0;210.02100210021004;0.0;0.0;0.0;0.0
2030-11-12 15:00:00;533.8912865017738;1075.0844963913657;0.0;210.02100210021004;0.0;0.0;0.0;0.0
2030-11-12 16:00:00;534.0900827942937;1075.0844963913657;0.0;210.02100210021004;0.0;0.0;0.0;0.0
2030-11-12 17:00:00;533.6690229820359;1075.0844963913657;0.0;210.02100210021004;0.0;0.0;0.0;0.0
2030-11-12 18:00:00;533.8270418284193;1075.0844963913657;0.0;210.02100210021004;0.0;0.0;0.0;0.0
2030-11-12 19:00:00;534.0429372083199;1075.0844963913657;0.0;210.02100210021004;0.0;0.0;0.0;0.0
2030-11-12 20:00:00;533.926387689938;1075.0844963913657;0.0;210.02100210021004;0.0;0.0;0.0;0.0
2030-11-12 21:00:00;533.4765123693105;1075.0844963913657;0.0;210.02100210021004;0.0;0.0;0.0;0.0
2030-11-12 22:00:00;532.7439083037532;1075.0844963913657;0.0;210.02100210021004;0.0;0.0;0.0;0.0
2030-11-12 23:00:00;532.4659567562321;1075.0844963913657;0.0;210.02100210021004;0.0;0.0;0.0;0.0
2030-11-13 00:00:00;532.0547347117545;1075.0844963913657;0.0;210.02100210021004;0.0;0.0;0.0;0.0
2030-11-13 01:00:00;532.0427064779736;1075.0844963913657;0.0;210.02100210021004;0.0;0.0;0.0;0.0
2030-11-13 02:00:00;532.0141021011416;1075.0844963913657;0.0;210.02100210021004;0.0;0.0;0.0;0.0
2030-11-13 03:00:00;531.9659307433762;1075.0844963913657;0.0;210.02100210021004;0.0;0.0;0.0;0.0
2030-11-13 04:00:00;531.920915240495;1075.0844963913657;0.0;210.02100210021004;0.0;0.0;0.0;0.0
2030-11-13 05:00:00;532.4345967427622;1075.0844963913657;0.0;210.02100210021004;0.0;0.0;0.0;0.0
2030-11-13 06:00:00;532.8920913426234;1075.0844963913657;0.0;210.02100210021004;0.0;0.0;0.0;0.0
2030-11-13 07:00:00;533.3371010603882;1075.0844963913657;0.0;210.02100210021004;0.0;0.0;0.0;0.0
2030-11-13 08:00:00;533.0147374540915;1075.0844963913657;0.0;210.02100210021004;0.0;0.0;0.0;0.0
2030-11-13 09:00:00;533.2555240586756;1075.0844963913657;0.0;210.02100210021004;0.0;0.0;0.0;0.0
2030-11-13 10:00:00;533.210798226841;1075.0844963913657;0.0;210.02100210021004;0.0;0.0;0.0;0.0
2030-11-13 11:00:00;532.9587798721291;1075.0844963913657;0.0;210.02100210021004;0.0;0.0;0.0;0.0
2030-11-13 12:00:00;468.631066966247;1075.0844963913657;0.0;210.02100210021004;0.0;0.0;0.0;0.0
2030-11-13 13:00:00;468.8075627183301;1075.0844963913657;0.0;210.02100210021004;0.0;0.0;0.0;0.0
2030-11-13 14:00:00;468.4118018582313;1075.0844963913657;0.0;210.02100210021004;0.0;0.0;0.0;0.0
2030-11-13 15:00:00;532.6121766569731;1075.0844963913657;0.0;210.02100210021004;0.0;0.0;0.0;0.0
2030-11-13 16:00:00;533.7011995960266;1075.0844963913657;0.0;210.02100210021004;0.0;0.0;0.0;0.0
2030-11-13 17:00:00;533.6010612359993;1075.0844963913657;0.0;210.02100210021004;0.0;0.0;0.0;0.0
2030-11-13 18:00:00;533.7611256805549;1075.0844963913657;0.0;210.02100210021004;0.0;0.0;0.0;0.0
2030-11-13 19:00:00;534.2457623863139;1075.0844963913657;0.0;210.02100210021004;0.0;0.0;0.0;0.0
2030-11-13 20:00:00;533.897487696648;1075.0844963913657;0.0;210.02100210021004;0.0;0.0;0.0;0.0
2030-11-13 21:00:00;534.1055988126183;1075.0844963913657;0.0;210.02100210021004;0.0;0.0;0.0;0.0
2030-11-13 22:00:00;534.0524371333346;1075.0844963913657;0.0;210.02100210021004;0.0;0.0;0.0;0.0
2030-11-13 23:00:00;533.6430092894506;1075.0844963913657;0.0;210.02100210021004;0.0;0.0;0.0;0.0
2030-11-14 00:00:00;533.5433275777388;1075.0844963913657;0.0;210.02100210021004;0.0;0.0;0.0;0.0
2030-11-14 01:00:00;522.3770543736066;1075.0844963913657;0.0;210.02100210021004;0.0;0.0;0.0;0.0
2030-11-14 02:00:00;522.2199388007876;1075.0844963913657;0.0;210.02100210021004;0.0;0.0;0.0;0.0
2030-11-14 03:00:00;534.152368282358;1075.0844963913657;0.0;210.02100210021004;0.0;0.0;0.0;0.0
2030-11-14 04:00:00;534.1670475832941;1075.0844963913657;0.0;210.02100210021004;0.0;0.0;0.0;0.0
2030-11-14 05:00:00;534.1280442208838;1075.0844963913657;0.0;210.02100210021004;0.0;0.0;0.0;0.0
2030-11-14 06:00:00;534.2698571273444;1075.0844963913657;0.0;210.02100210021004;0.0;0.0;0.0;0.0
2030-11-14 07:00:00;533.4072130386902;1075.0844963913657;0.0;210.02100210021004;0.0;0.0;0.0;0.0
2030-11-14 08:00:00;533.6628841626423;1075.0844963913657;0.0;210.02100210021004;0.0;0.0;0.0;0.0
2030-11-14 09:00:00;533.871745550814;1075.0844963913657;0.0;210.02100210021004;0.0;0.0;0.0;0.0
2030-11-14 10:00:00;533.8480048165777;1075.0844963913657;0.0;210.02100210021004;0.0;0.0;0.0;0.0
2030-11-14 11:00:00;533.7132680958482;1075.0844963913657;0.0;210.02100210021004;0.0;0.0;0.0;0.0
2030-11-14 12:00:00;469.7099604739013;1075.0844963913657;0.0;210.02100210021004;0.0;0.0;0.0;0.0
2030-11-14 13:00:00;476.1934174158242;1075.0844963913657;0.0;210.02100210021004;0.0;0.0;0.0;0.0
2030-11-14 14:00:00;533.8647498648589;1075.0844963913657;0.0;210.02100210021004;0.0;0.0;0.0;0.0
2030-11-14 15:00:00;533.8925415940091;1075.0844963913657;0.0;210.02100210021004;0.0;0.0;0.0;0.0
2030-11-14 16:00:00;533.9929293913481;1075.0844963913657;0.0;210.02100210021004;0.0;0.0;0.0;0.0
2030-11-14 17:00:00;534.1433250056589;1075.0844963913657;0.0;210.02100210021004;0.0;0.0;0.0;0.0
2030-11-14 18:00:00;534.249290404593;1075.0844963913657;0.0;210.02100210021004;0.0;0.0;0.0;0.0
2030-11-14 19:00:00;534.1871095183168;1075.0844963913657;0.0;210.02100210021004;0.0;0.0;0.0;0.0
2030-11-14 20:00:00;534.0358369205769;1075.0844963913657;0.0;210.02100210021004;0.0;0.0;0.0;0.0
2030-11-14 21:00:00;533.5809330049625;1075.0844963913657;0.0;210.02100210021004;0.0;0.0;0.0;0.0
2030-11-14 22:00:00;533.1219539924222;1075.0844963913657;0.0;210.02100210021004;0.0;0.0;0.0;0.0
2030-11-14 23:00:00;532.5144178173497;1075.0844963913657;0.0;210.02100210021004;0.0;0.0;0.0;0.0
2030-11-15 00:00:00;532.0042039504531;1075.0844963913657;0.0;210.02100210021004;0.0;0.0;0.0;0.0
2030-11-15 01:00:00;531.9555116086248;1075.0844963913657;0.0;210.02100210021004;0.0;0.0;0.0;0.0
2030-11-15 02:00:00;530.578705267376;1075.0844963913657;0.0;210.02100210021004;0.0;0.0;0.0;0.0
2030-11-15 03:00:00;530.877869240367;1075.0844963913657;0.0;210.02100210021004;0.0;0.0;0.0;0.0
2030-11-15 04:00:00;530.7431968553848;1075.0844963913657;0.0;210.02100210021004;0.0;0.0;0.0;0.0
2030-11-15 05:00:00;531.2430539307054;1075.0844963913657;0.0;210.02100210021004;0.0;0.0;0.0;0.0
2030-11-15 06:00:00;531.6805489710245;1075.0844963913657;0.0;210.02100210021004;0.0;0.0;0.0;0.0
2030-11-15 07:00:00;532.4243224435343;1075.0844963913657;0.0;210.02100210021004;0.0;0.0;0.0;0.0
2030-11-15 08:00:00;533.7369444943372;1075.0844963913657;0.0;210.02100210021004;0.0;0.0;0.0;0.0
2030-11-15 09:00:00;534.0460287274566;1075.0844963913657;0.0;210.02100210021004;0.0;0.0;0.0;0.0
2030-11-15 10:00:00;533.8930826949397;1075.0844963913657;0.0;210.02100210021004;0.0;0.0;0.0;0.0
2030-11-15 11:00:00;533.9394598521113;1075.0844963913657;0.0;210.02100210021004;0.0;0.0;0.0;0.0
2030-11-15 12:00:00;533.6968991638012;1075.0844963913657;0.0;210.02100210021004;0.0;0.0;0.0;0.0
2030-11-15 13:00:00;533.6194978756583;1075.0844963913657;0.0;210.02100210021004;0.0;0.0;0.0;0.0
2030-11-15 14:00:00;533.8687605937323;1075.0844963913657;0.0;210.02100210021004;0.0;0.0;0.0;0.0
2030-11-15 15:00:00;533.8592788253185;1075.0844963913657;0.0;210.02100210021004;0.0;0.0;0.0;0.0
2030-11-15 16:00:00;533.2120533190764;1075.0844963913657;0.0;210.02100210021004;0.0;0.0;0.0;0.0
2030-11-15 17:00:00;533.3856023875464;1075.0844963913657;0.0;210.02100210021004;0.0;0.0;0.0;0.0
2030-11-15 18:00:00;533.4363604767195;1075.0844963913657;0.0;210.02100210021004;0.0;0.0;0.0;0.0
2030-11-15 19:00:00;533.4564464814489;1075.0844963913657;0.0;210.02100210021004;0.0;0.0;0.0;0.0
2030-11-15 20:00:00;533.4720651089895;1075.0844963913657;0.0;210.02100210021004;0.0;0.0;0.0;0.0
2030-11-15 21:00:00;533.5585278627377;1075.0844963913657;0.0;210.02100210021004;0.0;0.0;0.0;0.0
2030-11-15 22:00:00;533.3284560093629;1075.0844963913657;0.0;210.02100210021004;0.0;0.0;0.0;0.0
2030-11-15 23:00:00;532.2708574195268;1075.0844963913657;0.0;210.02100210021004;0.0;0.0;0.0;0.0
2030-11-16 00:00:00;532.8754489035582;1075.0844963913657;0.0;210.02100210021004;0.0;0.0;0.0;0.0
2030-11-16 01:00:00;532.7804678100124;1075.0844963913657;0.0;210.02100210021004;0.0;0.0;0.0;0.0
2030-11-16 02:00:00;532.85997906438;1075.0844963913657;0.0;210.02100210021004;0.0;0.0;0.0;0.0
2030-11-16 03:00:00;532.4297109907266;1075.0844963913657;0.0;210.02100210021004;0.0;0.0;0.0;0.0
2030-11-16 04:00:00;531.8892816877016;1075.0844963913657;0.0;210.02100210021004;0.0;0.0;0.0;0.0
2030-11-16 05:00:00;531.4373627291687;1075.0844963913657;0.0;210.02100210021004;0.0;0.0;0.0;0.0
2030-11-16 06:00:00;531.4942596700407;1075.0844963913657;0.0;210.02100210021004;0.0;0.0;0.0;0.0
2030-11-16 07:00:00;532.552459743716;1075.0844963913657;0.0;210.02100210021004;0.0;0.0;0.0;0.0
2030-11-16 08:00:00;532.8677230622696;1075.0844963913657;0.0;210.02100210021004;0.0;0.0;0.0;0.0
2030-11-16 09:00:00;532.7577950738752;1075.0844963913657;0.0;210.02100210021004;0.0;0.0;0.0;0.0
2030-11-16 10:00:00;532.8741133115467;1075.0844963913657;0.0;210.02100210021004;0.0;0.0;0.0;0.0
2030-11-16 11:00:00;532.0498450391852;1075.0844963913657;0.0;210.02100210021004;0.0;0.0;0.0;0.0
2030-11-16 12:00:00;532.073525390513;1075.0844963913657;0.0;210.02100210021004;0.0;0.0;0.0;0.0
2030-11-16 13:00:00;532.6060196809788;1075.0844963913657;0.0;210.02100210021004;0.0;0.0;0.0;0.0
2030-11-16 14:00:00;532.5084277540132;1075.0844963913657;0.0;210.02100210021004;0.0;0.0;0.0;0.0
2030-11-16 15:00:00;532.4502998229178;1075.0844963913657;0.0;210.02100210021004;0.0;0.0;0.0;0.0
2030-11-16 16:00:00;532.5047750170784;1075.0844963913657;0.0;210.02100210021004;0.0;0.0;0.0;0.0
2030-11-16 17:00:00;532.5979358477518;1075.0844963913657;0.0;210.02100210021004;0.0;0.0;0.0;0.0
2030-11-16 18:00:00;532.6694114406107;1075.0844963913657;0.0;210.02100210021004;0.0;0.0;0.0;0.0
2030-11-16 19:00:00;532.3877648975421;1075.0844963913657;0.0;210.02100210021004;0.0;0.0;0.0;0.0
2030-11-16 20:00:00;532.411734952222;1075.0844963913657;0.0;210.02100210021004;0.0;0.0;0.0;0.0
2030-11-16 21:00:00;532.1761036538528;1075.0844963913657;0.0;210.02100210021004;0.0;0.0;0.0;0.0
2030-11-16 22:00:00;531.2743113349594;1075.0844963913657;0.0;210.02100210021004;0.0;0.0;0.0;0.0
2030-11-16 23:00:00;530.6897434801767;1075.0844963913657;0.0;210.02100210021004;0.0;0.0;0.0;0.0
2030-11-17 00:00:00;529.8741845945881;1075.0844963913657;0.0;210.02100210021004;0.0;0.0;0.0;0.0
2030-11-17 01:00:00;529.7711638866949;1075.0844963913657;0.0;210.02100210021004;0.0;0.0;0.0;0.0
2030-11-17 02:00:00;529.4895797191066;1075.0844963913657;0.0;210.02100210021004;0.0;0.0;0.0;0.0
2030-11-17 03:00:00;529.4536879927006;1075.0844963913657;0.0;210.02100210021004;0.0;0.0;0.0;0.0
2030-11-17 04:00:00;529.5560006546999;1075.0844963913657;0.0;210.02100210021004;0.0;0.0;0.0;0.0
2030-11-17 05:00:00;530.3290261670272;1075.0844963913657;0.0;210.02100210021004;0.0;0.0;0.0;0.0
2030-11-17 06:00:00;530.6197763697037;1075.0844963913657;0.0;210.02100210021004;0.0;0.0;0.0;0.0
2030-11-17 07:00:00;531.0563703568869;1075.0844963913657;0.0;210.02100210021004;0.0;0.0;0.0;0.0
2030-11-17 08:00:00;531.3097464130501;1075.0844963913657;0.0;210.02100210021004;0.0;0.0;0.0;0.0
2030-11-17 09:00:00;531.8570648399754;1075.0844963913657;0.0;210.02100210021004;0.0;0.0;0.0;0.0
2030-11-17 10:00:00;532.7329883018067;1075.0844963913657;0.0;210.02100210021004;0.0;0.0;0.0;0.0
2030-11-17 11:00:00;532.7474162051645;1075.0844963913657;0.0;210.02100210021004;0.0;0.0;0.0;0.0
2030-11-17 12:00:00;532.3638974843832;1075.0844963913657;0.0;210.02100210021004;0.0;0.0;0.0;0.0
2030-11-17 13:00:00;531.5094176964269;1075.0844963913657;0.0;210.02100210021004;0.0;0.0;0.0;0.0
2030-11-17 14:00:00;531.5211301968823;1075.0844963913657;0.0;210.02100210021004;0.0;0.0;0.0;0.0
2030-11-17 15:00:00;532.5637799316031;1075.0844963913657;0.0;210.02100210021004;0.0;0.0;0.0;0.0
2030-11-17 16:00:00;532.4361415060445;1075.0844963913657;0.0;210.02100210021004;0.0;0.0;0.0;0.0
2030-11-17 17:00:00;532.4831221396271;1075.0844963913657;0.0;210.02100210021004;0.0;0.0;0.0;0.0
2030-11-17 18:00:00;532.6165856115203;1075.0844963913657;0.0;210.02100210021004;0.0;0.0;0.0;0.0
2030-11-17 19:00:00;532.6639806671109;1075.0844963913657;0.0;210.02100210021004;0.0;0.0;0.0;0.0
2030-11-17 20:00:00;532.5984406354804;1075.0844963913657;0.0;210.02100210021004;0.0;0.0;0.0;0.0
2030-11-17 21:00:00;532.6164790494655;1075.0844963913657;0.0;210.02100210021004;0.0;0.0;0.0;0.0
2030-11-17 22:00:00;532.0111976761413;1075.0844963913657;0.0;210.02100210021004;0.0;0.0;0.0;0.0
2030-11-17 23:00:00;531.6521699617973;1075.0844963913657;0.0;210.02100210021004;0.0;0.0;0.0;0.0
2030-11-18 00:00:00;531.3386203440613;1075.0844963913657;0.0;210.02100210021004;0.0;0.0;0.0;0.0
2030-11-18 01:00:00;530.4510889512572;1075.0844963913657;0.0;210.02100210021004;0.0;0.0;0.0;0.0
2030-11-18 02:00:00;530.150671878603;1075.0844963913657;0.0;210.02100210021004;0.0;0.0;0.0;0.0
2030-11-18 03:00:00;530.7021881285378;1075.0844963913657;0.0;210.02100210021004;0.0;0.0;0.0;0.0
2030-11-18 04:00:00;530.5685596396428;1075.0844963913657;0.0;210.02100210021004;0.0;0.0;0.0;0.0
2030-11-18 05:00:00;531.1370703751703;1075.0844963913657;0.0;210.02100210021004;0.0;0.0;0.0;0.0
2030-11-18 06:00:00;532.6921686293629;1075.0844963913657;0.0;210.02100210021004;0.0;0.0;0.0;0.0
2030-11-18 07:00:00;534.0270268848551;1075.0844963913657;0.0;210.02100210021004;0.0;0.0;0.0;0.0
2030-11-18 08:00:00;533.7901685491014;1075.0844963913657;0.0;210.02100210021004;0.0;0.0;0.0;0.0
2030-11-18 09:00:00;534.0086123546359;1075.0844963913657;0.0;210.02100210021004;0.0;0.0;0.0;0.0
2030-11-18 10:00:00;533.5963203517923;1075.0844963913657;0.0;210.02100210021004;0.0;0.0;0.0;0.0
2030-11-18 11:00:00;533.6554740546793;1075.0844963913657;0.0;210.02100210021004;0.0;0.0;0.0;0.0
2030-11-18 12:00:00;491.1348746301423;1075.0844963913657;0.0;210.02100210021004;0.0;0.0;0.0;0.0
2030-11-18 13:00:00;508.889967069366;1075.0844963913657;0.0;210.02100210021004;0.0;0.0;0.0;0.0
2030-11-18 14:00:00;533.6909695156784;1075.0844963913657;0.0;210.02100210021004;0.0;0.0;0.0;0.0
2030-11-18 15:00:00;533.7379884227296;1075.0844963913657;0.0;210.02100210021004;0.0;0.0;0.0;0.0
2030-11-18 16:00:00;533.8085005869723;1075.0844963913657;0.0;210.02100210021004;0.0;0.0;0.0;0.0
2030-11-18 17:00:00;534.0106358756735;1075.0844963913657;0.0;210.02100210021004;0.0;0.0;0.0;0.0
2030-11-18 18:00:00;535.21224179081;1075.0844963913657;0.0;210.02100210021004;0.0;0.0;0.0;0.0
2030-11-18 19:00:00;535.2452109356148;1075.0844963913657;0.0;210.02100210021004;0.0;0.0;0.0;0.0
2030-11-18 20:00:00;535.0757290260876;1075.0844963913657;0.0;210.02100210021004;0.0;0.0;0.0;0.0
2030-11-18 21:00:00;534.755915837997;1075.0844963913657;0.0;210.02100210021004;0.0;0.0;0.0;0.0
2030-11-18 22:00:00;533.7019719776678;1075.0844963913657;0.0;210.02100210021004;0.0;0.0;0.0;0.0
2030-11-18 23:00:00;532.7903458438333;1075.0844963913657;0.0;210.02100210021004;0.0;0.0;0.0;0.0
2030-11-19 00:00:00;531.9726347657123;1075.0844963913657;0.0;210.02100210021004;0.0;0.0;0.0;0.0
2030-11-19 01:00:00;531.6905276537943;1075.0844963913657;0.0;210.02100210021004;0.0;0.0;0.0;0.0
2030-11-19 02:00:00;531.6232336876109;1075.0844963913657;0.0;210.02100210021004;0.0;0.0;0.0;0.0
2030-11-19 03:00:00;531.6264278159633;1075.0844963913657;0.0;210.02100210021004;0.0;0.0;0.0;0.0
2030-11-19 04:00:00;531.6442590189445;1075.0844963913657;0.0;210.02100210021004;0.0;0.0;0.0;0.0
2030-11-19 05:00:00;531.9622981233091;1075.0844963913657;0.0;210.02100210021004;0.0;0.0;0.0;0.0
2030-11-19 06:00:00;532.6733136148571;1075.0844963913657;0.0;210.02100210021004;0.0;0.0;0.0;0.0
2030-11-19 07:00:00;534.60299191492;1075.0844963913657;0.0;210.02100210021004;0.0;0.0;0.0;0.0
2030-11-19 08:00:00;534.9100909004704;1075.0844963913657;0.0;210.02100210021004;0.0;0.0;0.0;0.0
2030-11-19 09:00:00;534.7064933408353;1075.0844963913657;0.0;210.02100210021004;0.0;0.0;0.0;0.0
2030-11-19 10:00:00;535.8172094233806;1075.0844963913657;0.0;210.02100210021004;0.0;0.0;0.0;0.0
2030-11-19 11:00:00;535.8107568309283;1075.0844963913657;0.0;210.02100210021004;0.0;0.0;0.0;0.0
2030-11-19 12:00:00;535.9251782264848;1075.0844963913657;0.0;210.02100210021004;0.0;0.0;0.0;0.0
2030-11-19 13:00:00;535.5936687342729;1075.0844963913657;0.0;210.02100210021004;0.0;0.0;0.0;0.0
2030-11-19 14:00:00;535.7986058387585;1075.0844963913657;0.0;210.02100210021004;0.0;0.0;0.0;0.0
2030-11-19 15:00:00;536.3868686567835;1075.0844963913657;0.0;210.02100210021004;0.0;0.0;0.0;0.0
2030-11-19 16:00:00;536.6405565257386;1075.0844963913657;0.0;210.02100210021004;0.0;0.0;0.0;0.0
2030-11-19 17:00:00;537.1929718362372;1075.0844963913657;0.0;210.02100210021004;0.0;0.0;0.0;0.0
2030-11-19 18:00:00;537.3023405670999;1075.0844963913657;0.0;210.02100210021004;0.0;0.0;0.0;0.0
2030-11-19 19:00:00;536.6746761286856;1075.0844963913657;0.0;210.02100210021004;0.0;0.0;0.0;0.0
2030-11-19 20:00:00;537.1587073654616;1075.0844963913657;0.0;210.02100210021004;0.0;0.0;0.0;0.0
2030-11-19 21:00:00;536.913956243456;1075.0844963913657;0.0;210.02100210021004;0.0;0.0;0.0;0.0
2030-11-19 22:00:00;536.5931816193211;1075.0844963913657;0.0;210.02100210021004;0.0;0.0;0.0;0.0
2030-11-19 23:00:00;536.3097609925264;1075.0844963913657;0.0;210.02100210021004;0.0;0.0;0.0;0.0
2030-11-20 00:00:00;536.0636943953771;1075.0844963913657;0.0;210.02100210021004;0.0;0.0;0.0;0.0
2030-11-20 01:00:00;536.2287250917442;1075.0844963913657;0.0;210.02100210021004;0.0;0.0;0.0;0.0
2030-11-20 02:00:00;536.004520543317;1075.0844963913657;0.0;210.02100210021004;0.0;0.0;0.0;0.0
2030-11-20 03:00:00;536.2170970762093;1075.0844963913657;0.0;210.02100210021004;0.0;0.0;0.0;0.0
2030-11-20 04:00:00;485.5440060470369;1075.0844963913657;0.0;210.02100210021004;0.0;0.0;0.0;0.0
2030-11-20 05:00:00;486.5172658647164;1075.0844963913657;0.0;210.02100210021004;0.0;0.0;0.0;0.0
2030-11-20 06:00:00;497.5432470021552;1075.0844963913657;0.0;210.02100210021004;0.0;0.0;0.0;0.0
2030-11-20 07:00:00;537.3506528398551;1075.0844963913657;0.0;210.02100210021004;0.0;0.0;0.0;0.0
2030-11-20 08:00:00;536.7811605514157;1075.0844963913657;0.0;210.02100210021004;0.0;0.0;0.0;0.0
2030-11-20 09:00:00;510.6679647590612;1075.0844963913657;0.0;210.02100210021004;0.0;0.0;0.0;0.0
2030-11-20 10:00:00;488.3946687097159;1075.0844963913657;0.0;210.02100210021004;0.0;0.0;0.0;0.0
2030-11-20 11:00:00;472.0664210233408;1075.0844963913657;0.0;210.02100210021004;0.0;0.0;0.0;0.0
2030-11-20 12:00:00;472.6050561257722;1075.0844963913657;0.0;210.02100210021004;0.0;0.0;0.0;0.0
2030-11-20 13:00:00;472.6146807694426;1075.0844963913657;0.0;210.02100210021004;0.0;0.0;0.0;0.0
2030-11-20 14:00:00;472.4768726464441;1075.0844963913657;0.0;210.02100210021004;0.0;0.0;0.0;0.0
2030-11-20 15:00:00;472.4422541688742;1075.0844963913657;0.0;210.02100210021004;0.0;0.0;0.0;0.0
2030-11-20 16:00:00;472.5410588971571;1075.0844963913657;0.0;210.02100210021004;0.0;0.0;0.0;0.0
2030-11-20 17:00:00;472.650510120368;1075.0844963913657;0.0;210.02100210021004;0.0;0.0;0.0;0.0
2030-11-20 18:00:00;472.7987353855459;1075.0844963913657;0.0;210.02100210021004;0.0;0.0;0.0;0.0
2030-11-20 19:00:00;472.6280445952349;1075.0844963913657;0.0;210.02100210021004;0.0;0.0;0.0;0.0
2030-11-20 20:00:00;472.4953333558097;1075.0844963913657;0.0;210.02100210021004;0.0;0.0;0.0;0.0
2030-11-20 21:00:00;472.2761996609823;1075.0844963913657;0.0;210.02100210021004;0.0;0.0;0.0;0.0
2030-11-20 22:00:00;472.0738552010103;1075.0844963913657;0.0;210.02100210021004;0.0;0.0;0.0;0.0
2030-11-20 23:00:00;471.7522016331796;1075.0844963913657;0.0;210.02100210021004;0.0;0.0;0.0;0.0
2030-11-21 00:00:00;471.3310593285736;1075.0844963913657;0.0;210.02100210021004;0.0;0.0;0.0;0.0
2030-11-21 01:00:00;471.1246196871133;1075.0844963913657;0.0;210.02100210021004;0.0;0.0;0.0;0.0
2030-11-21 02:00:00;471.2670439756629;1075.0844963913657;0.0;210.02100210021004;0.0;0.0;0.0;0.0
2030-11-21 03:00:00;471.1441263174435;1075.0844963913657;0.0;210.02100210021004;0.0;0.0;0.0;0.0
2030-11-21 04:00:00;471.2425912426939;1075.0844963913657;0.0;210.02100210021004;0.0;0.0;0.0;0.0
2030-11-21 05:00:00;471.5695891388374;1075.0844963913657;0.0;210.02100210021004;0.0;0.0;0.0;0.0
2030-11-21 06:00:00;471.8732647078969;1075.0844963913657;0.0;210.02100210021004;0.0;0.0;0.0;0.0
2030-11-21 07:00:00;471.8263665666624;1075.0844963913657;0.0;210.02100210021004;0.0;0.0;0.0;0.0
2030-11-21 08:00:00;472.0278762695127;1075.0844963913657;0.0;210.02100210021004;0.0;0.0;0.0;0.0
2030-11-21 09:00:00;472.1488146255742;1075.0844963913657;0.0;210.02100210021004;0.0;0.0;0.0;0.0
2030-11-21 10:00:00;472.1998825349672;1075.0844963913657;0.0;210.02100210021004;0.0;0.0;0.0;0.0
2030-11-21 11:00:00;472.3578370456034;1075.0844963913657;0.0;210.02100210021004;0.0;0.0;0.0;0.0
2030-11-21 12:00:00;472.3435358534734;1075.0844963913657;0.0;210.02100210021004;0.0;0.0;0.0;0.0
2030-11-21 13:00:00;472.3058278170338;1075.0844963913657;0.0;210.02100210021004;0.0;0.0;0.0;0.0
2030-11-21 14:00:00;472.3066625741554;1075.0844963913657;0.0;210.02100210021004;0.0;0.0;0.0;0.0
2030-11-21 15:00:00;472.0597813367521;1075.0844963913657;0.0;210.02100210021004;0.0;0.0;0.0;0.0
2030-11-21 16:00:00;472.5164431720638;1075.0844963913657;0.0;210.02100210021004;0.0;0.0;0.0;0.0
2030-11-21 17:00:00;473.3839710201814;1075.0844963913657;0.0;210.02100210021004;0.0;0.0;0.0;0.0
2030-11-21 18:00:00;473.348622387278;1075.0844963913657;0.0;210.02100210021004;0.0;0.0;0.0;0.0
2030-11-21 19:00:00;472.7478525777168;1075.0844963913657;0.0;210.02100210021004;0.0;0.0;0.0;0.0
2030-11-21 20:00:00;472.8787656637094;1075.0844963913657;0.0;210.02100210021004;0.0;0.0;0.0;0.0
2030-11-21 21:00:00;471.6696248896488;1075.0844963913657;0.0;210.02100210021004;0.0;0.0;0.0;0.0
2030-11-21 22:00:00;471.3064637203481;1075.0844963913657;0.0;210.02100210021004;0.0;0.0;0.0;0.0
2030-11-21 23:00:00;471.3285550895141;1075.0844963913657;0.0;210.02100210021004;0.0;0.0;0.0;0.0
2030-11-22 00:00:00;471.0907775440236;1075.0844963913657;0.0;210.02100210021004;0.0;0.0;0.0;0.0
2030-11-22 01:00:00;470.5428737972881;1075.0844963913657;0.0;210.02100210021004;0.0;0.0;0.0;0.0
2030-11-22 02:00:00;470.1744910257582;1075.0844963913657;0.0;210.02100210021004;0.0;0.0;0.0;0.0
2030-11-22 03:00:00;470.1803602909727;1075.0844963913657;0.0;210.02100210021004;0.0;0.0;0.0;0.0
2030-11-22 04:00:00;470.2634619390998;1075.0844963913657;0.0;210.02100210021004;0.0;0.0;0.0;0.0
2030-11-22 05:00:00;470.579747076606;1075.0844963913657;0.0;210.02100210021004;0.0;0.0;0.0;0.0
2030-11-22 06:00:00;470.5360249394286;1075.0844963913657;0.0;210.02100210021004;0.0;0.0;0.0;0.0
2030-11-22 07:00:00;535.7743441204594;1075.0844963913657;0.0;210.02100210021004;0.0;0.0;0.0;0.0
2030-11-22 08:00:00;535.6092269789051;1075.0844963913657;0.0;210.02100210021004;0.0;0.0;0.0;0.0
2030-11-22 09:00:00;471.027116197907;1075.0844963913657;0.0;210.02100210021004;0.0;0.0;0.0;0.0
2030-11-22 10:00:00;471.5101015460239;1075.0844963913657;0.0;210.02100210021004;0.0;0.0;0.0;0.0
2030-11-22 11:00:00;471.6576831010551;1075.0844963913657;0.0;210.02100210021004;0.0;0.0;0.0;0.0
2030-11-22 12:00:00;470.8636243517163;1075.0844963913657;0.0;210.02100210021004;0.0;0.0;0.0;0.0
2030-11-22 13:00:00;472.200801744704;1075.0844963913657;0.0;210.02100210021004;0.0;0.0;0.0;0.0
2030-11-22 14:00:00;472.6562949329675;1075.0844963913657;0.0;210.02100210021004;0.0;0.0;0.0;0.0
2030-11-22 15:00:00;472.8124110241302;1075.0844963913657;0.0;210.02100210021004;0.0;0.0;0.0;0.0
2030-11-22 16:00:00;472.608708862707;1075.0844963913657;0.0;210.02100210021004;0.0;0.0;0.0;0.0
2030-11-22 17:00:00;473.0052555590875;1075.0844963913657;0.0;210.02100210021004;0.0;0.0;0.0;0.0
2030-11-22 18:00:00;472.8427693355153;1075.0844963913657;0.0;210.02100210021004;0.0;0.0;0.0;0.0
2030-11-22 19:00:00;472.3077266194156;1075.0844963913657;0.0;210.02100210021004;0.0;0.0;0.0;0.0
2030-11-22 20:00:00;471.9459673381403;1075.0844963913657;0.0;210.02100210021004;0.0;0.0;0.0;0.0
2030-11-22 21:00:00;471.3762015426828;1075.0844963913657;0.0;210.02100210021004;0.0;0.0;0.0;0.0
2030-11-22 22:00:00;469.7902018836024;1075.0844963913657;0.0;210.02100210021004;0.0;0.0;0.0;0.0
2030-11-22 23:00:00;468.4379473635351;1075.0844963913657;0.0;210.02100210021004;0.0;0.0;0.0;0.0
2030-11-23 00:00:00;467.3098051228827;1075.0844963913657;0.0;210.02100210021004;0.0;0.0;0.0;0.0
2030-11-23 01:00:00;467.9102257582214;1075.0844963913657;0.0;210.02100210021004;0.0;0.0;0.0;0.0
2030-11-23 02:00:00;466.43474774225;1075.0844963913657;0.0;210.02100210021004;0.0;0.0;0.0;0.0
2030-11-23 03:00:00;466.6725265877063;1075.0844963913657;0.0;210.02100210021004;0.0;0.0;0.0;0.0
2030-11-23 04:00:00;466.665318417147;1075.0844963913657;0.0;210.02100210021004;0.0;0.0;0.0;0.0
2030-11-23 05:00:00;466.511876982896;1075.0844963913657;0.0;210.02100210021004;0.0;0.0;0.0;0.0
2030-11-23 06:00:00;466.529888330994;1075.0844963913657;0.0;210.02100210021004;0.0;0.0;0.0;0.0
2030-11-23 07:00:00;467.2661203411045;1075.0844963913657;0.0;210.02100210021004;0.0;0.0;0.0;0.0
2030-11-23 08:00:00;468.1518901162714;1075.0844963913657;0.0;210.02100210021004;0.0;0.0;0.0;0.0
2030-11-23 09:00:00;468.3657930315373;1075.0844963913657;0.0;210.02100210021004;0.0;0.0;0.0;0.0
2030-11-23 10:00:00;468.2992309326182;1075.0844963913657;0.0;210.02100210021004;0.0;0.0;0.0;0.0
2030-11-23 11:00:00;468.8519360207777;1075.0844963913657;0.0;210.02100210021004;0.0;0.0;0.0;0.0
2030-11-23 12:00:00;468.8644640754024;1075.0844963913657;0.0;210.02100210021004;0.0;0.0;0.0;0.0
2030-11-23 13:00:00;468.8733692387655;1075.0844963913657;0.0;210.02100210021004;0.0;0.0;0.0;0.0
2030-11-23 14:00:00;469.2033730635025;1075.0844963913657;0.0;210.02100210021004;0.0;0.0;0.0;0.0
2030-11-23 15:00:00;469.2100019250466;1075.0844963913657;0.0;210.02100210021004;0.0;0.0;0.0;0.0
2030-11-23 16:00:00;469.0447268780657;1075.0844963913657;0.0;210.02100210021004;0.0;0.0;0.0;0.0
2030-11-23 17:00:00;469.4391426938768;1075.0844963913657;0.0;210.02100210021004;0.0;0.0;0.0;0.0
2030-11-23 18:00:00;469.5791559354793;1075.0844963913657;0.0;210.02100210021004;0.0;0.0;0.0;0.0
2030-11-23 19:00:00;469.3845863259108;1075.0844963913657;0.0;210.02100210021004;0.0;0.0;0.0;0.0
2030-11-23 20:00:00;468.7930994997349;1075.0844963913657;0.0;210.02100210021004;0.0;0.0;0.0;0.0
2030-11-23 21:00:00;468.7434271924228;1075.0844963913657;0.0;210.02100210021004;0.0;0.0;0.0;0.0
2030-11-23 22:00:00;468.6682698339206;1075.0844963913657;0.0;210.02100210021004;0.0;0.0;0.0;0.0
2030-11-23 23:00:00;468.8213013564658;1075.0844963913657;0.0;210.02100210021004;0.0;0.0;0.0;0.0
2030-11-24 00:00:00;468.5358393019116;1075.0844963913657;0.0;210.02100210021004;0.0;0.0;0.0;0.0
2030-11-24 01:00:00;467.6665641740718;1075.0844963913657;0.0;210.02100210021004;0.0;0.0;0.0;0.0
2030-11-24 02:00:00;467.3213708776595;1075.0844963913657;0.0;210.02100210021004;0.0;0.0;0.0;0.0
2030-11-24 03:00:00;467.2642865244133;1075.0844963913657;0.0;210.02100210021004;0.0;0.0;0.0;0.0
2030-11-24 04:00:00;467.1845245766359;1075.0844963913657;0.0;210.02100210021004;0.0;0.0;0.0;0.0
2030-11-24 05:00:00;467.2712586591608;1075.0844963913657;0.0;210.02100210021004;0.0;0.0;0.0;0.0
2030-11-24 06:00:00;467.2990745717478;1075.0844963913657;0.0;210.02100210021004;0.0;0.0;0.0;0.0
2030-11-24 07:00:00;467.5049341128125;1075.0844963913657;0.0;210.02100210021004;0.0;0.0;0.0;0.0
2030-11-24 08:00:00;467.6391113935028;1075.0844963913657;0.0;210.02100210021004;0.0;0.0;0.0;0.0
2030-11-24 09:00:00;467.8400504957223;1075.0844963913657;0.0;210.02100210021004;0.0;0.0;0.0;0.0
2030-11-24 10:00:00;467.9268572046507;1075.0844963913657;0.0;210.02100210021004;0.0;0.0;0.0;0.0
2030-11-24 11:00:00;467.6889149497862;1075.0844963913657;0.0;210.02100210021004;0.0;0.0;0.0;0.0
2030-11-24 12:00:00;467.7598527895234;1075.0844963913657;0.0;210.02100210021004;0.0;0.0;0.0;0.0
2030-11-24 13:00:00;467.5607475039955;1075.0844963913657;0.0;210.02100210021004;0.0;0.0;0.0;0.0
2030-11-24 14:00:00;467.6152536199133;1075.0844963913657;0.0;210.02100210021004;0.0;0.0;0.0;0.0
2030-11-24 15:00:00;531.622523649145;1075.0844963913657;0.0;210.02100210021004;0.0;0.0;0.0;0.0
2030-11-24 16:00:00;532.035272300304;1075.0844963913657;0.0;210.02100210021004;0.0;0.0;0.0;0.0
2030-11-24 17:00:00;532.2350702949087;1075.0844963913657;0.0;210.02100210021004;0.0;0.0;0.0;0.0
2030-11-24 18:00:00;532.5171130710792;1075.0844963913657;0.0;210.02100210021004;0.0;0.0;0.0;0.0
2030-11-24 19:00:00;532.4806984003435;1075.0844963913657;0.0;210.02100210021004;0.0;0.0;0.0;0.0
2030-11-24 20:00:00;532.4727231217435;1075.0844963913657;0.0;210.02100210021004;0.0;0.0;0.0;0.0
2030-11-24 21:00:00;532.5952887334354;1075.0844963913657;0.0;210.02100210021004;0.0;0.0;0.0;0.0
2030-11-24 22:00:00;532.3471725529697;1075.0844963913657;0.0;210.02100210021004;0.0;0.0;0.0;0.0
2030-11-24 23:00:00;532.3052264597852;1075.0844963913657;0.0;210.02100210021004;0.0;0.0;0.0;0.0
2030-11-25 00:00:00;532.061706328003;1075.0844963913657;0.0;210.02100210021004;0.0;0.0;0.0;0.0
2030-11-25 01:00:00;532.1367079788741;1075.0844963913657;0.0;210.02100210021004;0.0;0.0;0.0;0.0
2030-11-25 02:00:00;532.0745472094657;1075.0844963913657;0.0;210.02100210021004;0.0;0.0;0.0;0.0
2030-11-25 03:00:00;531.9386418416881;1075.0844963913657;0.0;210.02100210021004;0.0;0.0;0.0;0.0
2030-11-25 04:00:00;532.0638786374029;1075.0844963913657;0.0;210.02100210021004;0.0;0.0;0.0;0.0
2030-11-25 05:00:00;532.3598464894693;1075.0844963913657;0.0;210.02100210021004;0.0;0.0;0.0;0.0
2030-11-25 06:00:00;533.3847897398647;1075.0844963913657;0.0;210.02100210021004;0.0;0.0;0.0;0.0
2030-11-25 07:00:00;534.4826629483752;1075.0844963913657;0.0;210.02100210021004;0.0;0.0;0.0;0.0
2030-11-25 08:00:00;535.0748923086992;1075.0844963913657;0.0;210.02100210021004;0.0;0.0;0.0;0.0
2030-11-25 09:00:00;535.453841043076;1075.0844963913657;0.0;210.02100210021004;0.0;0.0;0.0;0.0
2030-11-25 10:00:00;535.3383958359947;1075.0844963913657;0.0;210.02100210021004;0.0;0.0;0.0;0.0
2030-11-25 11:00:00;535.2276271773732;1075.0844963913657;0.0;210.02100210021004;0.0;0.0;0.0;0.0
2030-11-25 12:00:00;534.9115733205774;1075.0844963913657;0.0;210.02100210021004;0.0;0.0;0.0;0.0
2030-11-25 13:00:00;535.0337185971557;1075.0844963913657;0.0;210.02100210021004;0.0;0.0;0.0;0.0
2030-11-25 14:00:00;535.1604157035378;1075.0844963913657;0.0;210.02100210021004;0.0;0.0;0.0;0.0
2030-11-25 15:00:00;535.9124821805456;1075.0844963913657;0.0;210.02100210021004;0.0;0.0;0.0;0.0
2030-11-25 16:00:00;536.0193044460412;1075.0844963913657;0.0;210.02100210021004;0.0;0.0;0.0;0.0
2030-11-25 17:00:00;536.1270841947421;1075.0844963913657;0.0;210.02100210021004;0.0;0.0;0.0;0.0
2030-11-25 18:00:00;536.0426489148701;1075.0844963913657;0.0;210.02100210021004;0.0;0.0;0.0;0.0
2030-11-25 19:00:00;471.7870312745923;1075.0844963913657;0.0;210.02100210021004;0.0;0.0;0.0;0.0
2030-11-25 20:00:00;471.733119290802;1075.0844963913657;0.0;210.02100210021004;0.0;0.0;0.0;0.0
2030-11-25 21:00:00;471.4789728132644;1075.0844963913657;0.0;210.02100210021004;0.0;0.0;0.0;0.0
2030-11-25 22:00:00;471.3273240992905;1075.0844963913657;0.0;210.02100210021004;0.0;0.0;0.0;0.0
2030-11-25 23:00:00;471.0503099181069;1075.0844963913657;0.0;210.02100210021004;0.0;0.0;0.0;0.0
2030-11-26 00:00:00;471.0295379446185;1075.0844963913657;0.0;210.02100210021004;0.0;0.0;0.0;0.0
2030-11-26 01:00:00;471.0745313703653;1075.0844963913657;0.0;210.02100210021004;0.0;0.0;0.0;0.0
2030-11-26 02:00:00;470.7101612879756;1075.0844963913657;0.0;210.02100210021004;0.0;0.0;0.0;0.0
2030-11-26 03:00:00;470.3491503186348;1075.0844963913657;0.0;210.02100210021004;0.0;0.0;0.0;0.0
2030-11-26 04:00:00;470.3661487570665;1075.0844963913657;0.0;210.02100210021004;0.0;0.0;0.0;0.0
2030-11-26 05:00:00;470.3725168969037;1075.0844963913657;0.0;210.02100210021004;0.0;0.0;0.0;0.0
2030-11-26 06:00:00;470.9577525315395;1075.0844963913657;0.0;210.02100210021004;0.0;0.0;0.0;0.0
2030-11-26 07:00:00;471.1541030076413;1075.0844963913657;0.0;210.02100210021004;0.0;0.0;0.0;0.0
2030-11-26 08:00:00;471.513132682252;1075.0844963913657;0.0;210.02100210021004;0.0;0.0;0.0;0.0
2030-11-26 09:00:00;471.4964480168792;1075.0844963913657;0.0;210.02100210021004;0.0;0.0;0.0;0.0
2030-11-26 10:00:00;471.8526557265326;1075.0844963913657;0.0;210.02100210021004;0.0;0.0;0.0;0.0
2030-11-26 11:00:00;471.8532189369029;1075.0844963913657;0.0;210.02100210021004;0.0;0.0;0.0;0.0
2030-11-26 12:00:00;471.8090160817032;1075.0844963913657;0.0;210.02100210021004;0.0;0.0;0.0;0.0
2030-11-26 13:00:00;471.725916393843;1075.0844963913657;0.0;210.02100210021004;0.0;0.0;0.0;0.0
2030-11-26 14:00:00;471.8526557265326;1075.0844963913657;0.0;210.02100210021004;0.0;0.0;0.0;0.0
2030-11-26 15:00:00;471.9701264472233;1075.0844963913657;0.0;210.02100210021004;0.0;0.0;0.0;0.0
2030-11-26 16:00:00;472.2513325060055;1075.0844963913657;0.0;210.02100210021004;0.0;0.0;0.0;0.0
2030-11-26 17:00:00;472.5540888330228;1075.0844963913657;0.0;210.02100210021004;0.0;0.0;0.0;0.0
2030-11-26 18:00:00;472.2136043526981;1075.0844963913657;0.0;210.02100210021004;0.0;0.0;0.0;0.0
2030-11-26 19:00:00;471.8045265950748;1075.0844963913657;0.0;210.02100210021004;0.0;0.0;0.0;0.0
2030-11-26 20:00:00;471.822754063463;1075.0844963913657;0.0;210.02100210021004;0.0;0.0;0.0;0.0
2030-11-26 21:00:00;471.3128117433177;1075.0844963913657;0.0;210.02100210021004;0.0;0.0;0.0;0.0
2030-11-26 22:00:00;471.3781646808119;1075.0844963913657;0.0;210.02100210021004;0.0;0.0;0.0;0.0
2030-11-26 23:00:00;470.9751432825393;1075.0844963913657;0.0;210.02100210021004;0.0;0.0;0.0;0.0
2030-11-27 00:00:00;469.703865841082;1075.0844963913657;0.0;210.02100210021004;0.0;0.0;0.0;0.0
2030-11-27 01:00:00;468.1606960677105;1075.0844963913657;0.0;210.02100210021004;0.0;0.0;0.0;0.0
2030-11-27 02:00:00;467.5568256781999;1075.0844963913657;0.0;210.02100210021004;0.0;0.0;0.0;0.0
2030-11-27 03:00:00;466.8637337518405;1075.0844963913657;0.0;210.02100210021004;0.0;0.0;0.0;0.0
2030-11-27 04:00:00;466.8129678957092;1075.0844963913657;0.0;210.02100210021004;0.0;0.0;0.0;0.0
2030-11-27 05:00:00;466.8009300693089;1075.0844963913657;0.0;210.02100210021004;0.0;0.0;0.0;0.0
2030-11-27 06:00:00;467.4240101425773;1075.0844963913657;0.0;210.02100210021004;0.0;0.0;0.0;0.0
2030-11-27 07:00:00;533.255566284983;1075.0844963913657;0.0;210.02100210021004;0.0;0.0;0.0;0.0
2030-11-27 08:00:00;533.6827830732353;1075.0844963913657;0.0;210.02100210021004;0.0;0.0;0.0;0.0
2030-11-27 09:00:00;534.1544158731022;1075.0844963913657;0.0;210.02100210021004;0.0;0.0;0.0;0.0
2030-11-27 10:00:00;534.509032640327;1075.0844963913657;0.0;210.02100210021004;0.0;0.0;0.0;0.0
2030-11-27 11:00:00;534.661644782917;1075.0844963913657;0.0;210.02100210021004;0.0;0.0;0.0;0.0
2030-11-27 12:00:00;534.9341252908978;1075.0844963913657;0.0;210.02100210021004;0.0;0.0;0.0;0.0
2030-11-27 13:00:00;535.526982165034;1075.0844963913657;0.0;210.02100210021004;0.0;0.0;0.0;0.0
2030-11-27 14:00:00;535.6370368646561;1075.0844963913657;0.0;210.02100210021004;0.0;0.0;0.0;0.0
2030-11-27 15:00:00;536.0786432504923;1075.0844963913657;0.0;210.02100210021004;0.0;0.0;0.0;0.0
2030-11-27 16:00:00;535.2522689647451;1075.0844963913657;0.0;210.02100210021004;0.0;0.0;0.0;0.0
2030-11-27 17:00:00;536.1653574018188;1075.0844963913657;0.0;210.02100210021004;0.0;0.0;0.0;0.0
2030-11-27 18:00:00;535.8140575213358;1075.0844963913657;0.0;210.02100210021004;0.0;0.0;0.0;0.0
2030-11-27 19:00:00;535.3290005127681;1075.0844963913657;0.0;210.02100210021004;0.0;0.0;0.0;0.0
2030-11-27 20:00:00;535.6396073997299;1075.0844963913657;0.0;210.02100210021004;0.0;0.0;0.0;0.0
2030-11-27 21:00:00;533.6795044922677;1075.0844963913657;0.0;210.02100210021004;0.0;0.0;0.0;0.0
2030-11-27 22:00:00;532.2995884752813;1075.0844963913657;0.0;210.02100210021004;0.0;0.0;0.0;0.0
2030-11-27 23:00:00;531.3774567615084;1075.0844963913657;0.0;210.02100210021004;0.0;0.0;0.0;0.0
2030-11-28 00:00:00;530.2852215375015;1075.0844963913657;0.0;210.02100210021004;0.0;0.0;0.0;0.0
2030-11-28 01:00:00;529.4916032401442;1075.0844963913657;0.0;210.02100210021004;0.0;0.0;0.0;0.0
2030-11-28 02:00:00;529.9318116907936;1075.0844963913657;0.0;210.02100210021004;0.0;0.0;0.0;0.0
2030-11-28 03:00:00;529.0037945154722;1075.0844963913657;0.0;210.02100210021004;0.0;0.0;0.0;0.0
2030-11-28 04:00:00;528.8966805863575;1075.0844963913657;0.0;210.02100210021004;0.0;0.0;0.0;0.0
2030-11-28 05:00:00;529.7648782392056;1075.0844963913657;0.0;210.02100210021004;0.0;0.0;0.0;0.0
2030-11-28 06:00:00;530.5052925986665;1075.0844963913657;0.0;210.02100210021004;0.0;0.0;0.0;0.0
2030-11-28 07:00:00;531.1537329311031;1075.0844963913657;0.0;210.02100210021004;0.0;0.0;0.0;0.0
2030-11-28 08:00:00;533.1136669333353;1075.0844963913657;0.0;210.02100210021004;0.0;0.0;0.0;0.0
2030-11-28 09:00:00;534.4599882519714;1075.0844963913657;0.0;210.02100210021004;0.0;0.0;0.0;0.0
2030-11-28 10:00:00;535.2552116955193;1075.0844963913657;0.0;210.02100210021004;0.0;0.0;0.0;0.0
2030-11-28 11:00:00;534.8279305715197;1075.0844963913657;0.0;210.02100210021004;0.0;0.0;0.0;0.0
2030-11-28 12:00:00;535.3165357475394;1075.0844963913657;0.0;210.02100210021004;0.0;0.0;0.0;0.0
2030-11-28 13:00:00;535.6945412024728;1075.0844963913657;0.0;210.02100210021004;0.0;0.0;0.0;0.0
2030-11-28 14:00:00;535.5836699346352;1075.0844963913657;0.0;210.02100210021004;0.0;0.0;0.0;0.0
2030-11-28 15:00:00;535.815310620999;1075.0844963913657;0.0;210.02100210021004;0.0;0.0;0.0;0.0
2030-11-28 16:00:00;535.6534077569702;1075.0844963913657;0.0;210.02100210021004;0.0;0.0;0.0;0.0
2030-11-28 17:00:00;535.6064914591349;1075.0844963913657;0.0;210.02100210021004;0.0;0.0;0.0;0.0
2030-11-28 18:00:00;535.7607087479157;1075.0844963913657;0.0;210.02100210021004;0.0;0.0;0.0;0.0
2030-11-28 19:00:00;535.6244876468124;1075.0844963913657;0.0;210.02100210021004;0.0;0.0;0.0;0.0
2030-11-28 20:00:00;535.4590808019059;1075.0844963913657;0.0;210.02100210021004;0.0;0.0;0.0;0.0
2030-11-28 21:00:00;534.6266722662477;1075.0844963913657;0.0;210.02100210021004;0.0;0.0;0.0;0.0
2030-11-28 22:00:00;533.3093515575456;1075.0844963913657;0.0;210.02100210021004;0.0;0.0;0.0;0.0
2030-11-28 23:00:00;532.4378330974223;1075.0844963913657;0.0;210.02100210021004;0.0;0.0;0.0;0.0
2030-11-29 00:00:00;532.2844927920705;1075.0844963913657;0.0;210.02100210021004;0.0;0.0;0.0;0.0
2030-11-29 01:00:00;532.4382072533896;1075.0844963913657;0.0;210.02100210021004;0.0;0.0;0.0;0.0
2030-11-29 02:00:00;532.5148582693312;1075.0844963913657;0.0;210.02100210021004;0.0;0.0;0.0;0.0
2030-11-29 03:00:00;532.3184032237466;1075.0844963913657;0.0;210.02100210021004;0.0;0.0;0.0;0.0
2030-11-29 04:00:00;532.4394603530527;1075.0844963913657;0.0;210.02100210021004;0.0;0.0;0.0;0.0
2030-11-29 05:00:00;532.5768903672449;1075.0844963913657;0.0;210.02100210021004;0.0;0.0;0.0;0.0
2030-11-29 06:00:00;533.4064003910084;1075.0844963913657;0.0;210.02100210021004;0.0;0.0;0.0;0.0
2030-11-29 07:00:00;534.1435562863694;1075.0844963913657;0.0;210.02100210021004;0.0;0.0;0.0;0.0
2030-11-29 08:00:00;534.9411170240138;1075.0844963913657;0.0;210.02100210021004;0.0;0.0;0.0;0.0
2030-11-29 09:00:00;534.7819113739813;1075.0844963913657;0.0;210.02100210021004;0.0;0.0;0.0;0.0
2030-11-29 10:00:00;534.7394001101596;1075.0844963913657;0.0;210.02100210021004;0.0;0.0;0.0;0.0
2030-11-29 11:00:00;534.733532805212;1075.0844963913657;0.0;210.02100210021004;0.0;0.0;0.0;0.0
2030-11-29 12:00:00;535.6419869201338;1075.0844963913657;0.0;210.02100210021004;0.0;0.0;0.0;0.0
2030-11-29 13:00:00;536.1181494403645;1075.0844963913657;0.0;210.02100210021004;0.0;0.0;0.0;0.0
2030-11-29 14:00:00;536.205090919563;1075.0844963913657;0.0;210.02100210021004;0.0;0.0;0.0;0.0
2030-11-29 15:00:00;536.2424228397684;1075.0844963913657;0.0;210.02100210021004;0.0;0.0;0.0;0.0
2030-11-29 16:00:00;536.8530264642709;1075.0844963913657;0.0;210.02100210021004;0.0;0.0;0.0;0.0
2030-11-29 17:00:00;537.2797664873399;1075.0844963913657;0.0;210.02100210021004;0.0;0.0;0.0;0.0
2030-11-29 18:00:00;508.1552943861608;1075.0844963913657;0.0;210.02100210021004;0.0;0.0;0.0;0.0
2030-11-29 19:00:00;503.2934869170437;1075.0844963913657;0.0;210.02100210021004;0.0;0.0;0.0;0.0
2030-11-29 20:00:00;536.6546082805572;1075.0844963913657;0.0;210.02100210021004;0.0;0.0;0.0;0.0
2030-11-29 21:00:00;535.974954762746;1075.0844963913657;0.0;210.02100210021004;0.0;0.0;0.0;0.0
2030-11-29 22:00:00;471.0954138264423;1075.0844963913657;0.0;210.02100210021004;0.0;0.0;0.0;0.0
2030-11-29 23:00:00;534.4845435941562;1075.0844963913657;0.0;210.02100210021004;0.0;0.0;0.0;0.0
2030-11-30 00:00:00;533.6012502904024;1075.0844963913657;0.0;210.02100210021004;0.0;0.0;0.0;0.0
2030-11-30 01:00:00;533.5196712961176;1075.0844963913657;0.0;210.02100210021004;0.0;0.0;0.0;0.0
2030-11-30 02:00:00;533.4254606239462;1075.0844963913657;0.0;210.02100210021004;0.0;0.0;0.0;0.0
2030-11-30 03:00:00;533.176097256923;1075.0844963913657;0.0;210.02100210021004;0.0;0.0;0.0;0.0
2030-11-30 04:00:00;532.8334807009338;1075.0844963913657;0.0;210.02100210021004;0.0;0.0;0.0;0.0
2030-11-30 05:00:00;532.095029479602;1075.0844963913657;0.0;210.02100210021004;0.0;0.0;0.0;0.0
2030-11-30 06:00:00;532.3348526555698;1075.0844963913657;0.0;210.02100210021004;0.0;0.0;0.0;0.0
2030-11-30 07:00:00;533.3425298736212;1075.0844963913657;0.0;210.02100210021004;0.0;0.0;0.0;0.0
2030-11-30 08:00:00;534.0915008786535;1075.0844963913657;0.0;210.02100210021004;0.0;0.0;0.0;0.0
2030-11-30 09:00:00;506.7593837990501;1075.0844963913657;0.0;210.02100210021004;0.0;0.0;0.0;0.0
2030-11-30 10:00:00;469.8589178869847;1075.0844963913657;0.0;210.02100210021004;0.0;0.0;0.0;0.0
2030-11-30 11:00:00;469.9237920667236;1075.0844963913657;0.0;210.02100210021004;0.0;0.0;0.0;0.0
2030-11-30 12:00:00;533.9263655804981;1075.0844963913657;0.0;210.02100210021004;0.0;0.0;0.0;0.0
2030-11-30 13:00:00;533.8059521613383;1075.0844963913657;0.0;210.02100210021004;0.0;0.0;0.0;0.0
2030-11-30 14:00:00;533.7534401053068;1075.0844963913657;0.0;210.02100210021004;0.0;0.0;0.0;0.0
2030-11-30 15:00:00;533.8376480573071;1075.0844963913657;0.0;210.02100210021004;0.0;0.0;0.0;0.0
2030-11-30 16:00:00;533.7883944653754;1075.0844963913657;0.0;210.02100210021004;0.0;0.0;0.0;0.0
2030-11-30 17:00:00;533.7192399702785;1075.0844963913657;0.0;210.02100210021004;0.0;0.0;0.0;0.0
2030-11-30 18:00:00;533.8709510597331;1075.0844963913657;0.0;210.02100210021004;0.0;0.0;0.0;0.0
2030-11-30 19:00:00;534.0320996987216;1075.0844963913657;0.0;210.02100210021004;0.0;0.0;0.0;0.0
2030-11-30 20:00:00;534.0331235102465;1075.0844963913657;0.0;210.02100210021004;0.0;0.0;0.0;0.0
2030-11-30 21:00:00;534.2822615096647;1075.0844963913657;0.0;210.02100210021004;0.0;0.0;0.0;0.0
2030-11-30 22:00:00;534.2683545903698;1075.0844963913657;0.0;210.02100210021004;0.0;0.0;0.0;0.0
2030-11-30 23:00:00;534.0774913501425;1075.0844963913657;0.0;210.02100210021004;0.0;0.0;0.0;0.0
2030-12-01 00:00:00;534.0486576851719;1075.0844963913657;0.0;210.02100210021004;0.0;0.0;0.0;0.0
2030-12-01 01:00:00;533.2856933156575;1075.0844963913657;0.0;210.02100210021004;0.0;0.0;0.0;0.0
2030-12-01 02:00:00;532.7727419687237;1075.0844963913657;0.0;210.02100210021004;0.0;0.0;0.0;0.0
2030-12-01 03:00:00;532.5690196904328;1075.0844963913657;0.0;210.02100210021004;0.0;0.0;0.0;0.0
2030-12-01 04:00:00;532.1969419233553;1075.0844963913657;0.0;210.02100210021004;0.0;0.0;0.0;0.0
2030-12-01 05:00:00;532.2247537693733;1075.0844963913657;0.0;210.02100210021004;0.0;0.0;0.0;0.0
2030-12-01 06:00:00;532.5415638437813;1075.0844963913657;0.0;210.02100210021004;0.0;0.0;0.0;0.0
2030-12-01 07:00:00;533.1238788570827;1075.0844963913657;0.0;210.02100210021004;0.0;0.0;0.0;0.0
2030-12-01 08:00:00;533.5570675520705;1075.0844963913657;0.0;210.02100210021004;0.0;0.0;0.0;0.0
2030-12-01 09:00:00;534.1291082661438;1075.0844963913657;0.0;210.02100210021004;0.0;0.0;0.0;0.0
2030-12-01 10:00:00;534.5976917731816;1075.0844963913657;0.0;210.02100210021004;0.0;0.0;0.0;0.0
2030-12-01 11:00:00;535.1387245526179;1075.0844963913657;0.0;210.02100210021004;0.0;0.0;0.0;0.0
2030-12-01 12:00:00;535.2766131753923;1075.0844963913657;0.0;210.02100210021004;0.0;0.0;0.0;0.0
2030-12-01 13:00:00;535.1521306047177;1075.0844963913657;0.0;210.02100210021004;0.0;0.0;0.0;0.0
2030-12-01 14:00:00;535.2450641075192;1075.0844963913657;0.0;210.02100210021004;0.0;0.0;0.0;0.0
2030-12-01 15:00:00;535.3790284466077;1075.0844963913657;0.0;210.02100210021004;0.0;0.0;0.0;0.0
2030-12-01 16:00:00;535.4136268073098;1075.0844963913657;0.0;210.02100210021004;0.0;0.0;0.0;0.0
2030-12-01 17:00:00;535.525604346715;1075.0844963913657;0.0;210.02100210021004;0.0;0.0;0.0;0.0
2030-12-01 18:00:00;535.6614895976251;1075.0844963913657;0.0;210.02100210021004;0.0;0.0;0.0;0.0
2030-12-01 19:00:00;535.5137430578974;1075.0844963913657;0.0;210.02100210021004;0.0;0.0;0.0;0.0
2030-12-01 20:00:00;535.5475690369584;1075.0844963913657;0.0;210.02100210021004;0.0;0.0;0.0;0.0
2030-12-01 21:00:00;535.6702573747341;1075.0844963913657;0.0;210.02100210021004;0.0;0.0;0.0;0.0
2030-12-01 22:00:00;535.1937629248436;1075.0844963913657;0.0;210.02100210021004;0.0;0.0;0.0;0.0
2030-12-01 23:00:00;534.680686859254;1075.0844963913657;0.0;210.02100210021004;0.0;0.0;0.0;0.0
2030-12-02 00:00:00;534.3157516062271;1075.0844963913657;0.0;210.02100210021004;0.0;0.0;0.0;0.0
2030-12-02 01:00:00;533.5733519991973;1075.0844963913657;0.0;210.02100210021004;0.0;0.0;0.0;0.0
2030-12-02 02:00:00;533.8145972123637;1075.0844963913657;0.0;210.02100210021004;0.0;0.0;0.0;0.0
2030-12-02 03:00:00;533.3121273433566;1075.0844963913657;0.0;210.02100210021004;0.0;0.0;0.0;0.0
2030-12-02 04:00:00;533.0666239565775;1075.0844963913657;0.0;210.02100210021004;0.0;0.0;0.0;0.0
2030-12-02 05:00:00;533.7130589245775;1075.0844963913657;0.0;210.02100210021004;0.0;0.0;0.0;0.0
2030-12-02 06:00:00;534.6364618946145;1075.0844963913657;0.0;210.02100210021004;0.0;0.0;0.0;0.0
2030-12-02 07:00:00;535.6077023324905;1075.0844963913657;0.0;210.02100210021004;0.0;0.0;0.0;0.0
2030-12-02 08:00:00;535.7694785175969;1075.0844963913657;0.0;210.02100210021004;0.0;0.0;0.0;0.0
2030-12-02 09:00:00;535.2382353665274;1075.0844963913657;0.0;210.02100210021004;0.0;0.0;0.0;0.0
2030-12-02 10:00:00;534.9336425803036;1075.0844963913657;0.0;210.02100210021004;0.0;0.0;0.0;0.0
2030-12-02 11:00:00;534.8596244749162;1075.0844963913657;0.0;210.02100210021004;0.0;0.0;0.0;0.0
2030-12-02 12:00:00;535.3480204796651;1075.0844963913657;0.0;210.02100210021004;0.0;0.0;0.0;0.0
2030-12-02 13:00:00;535.6291571632491;1075.0844963913657;0.0;210.02100210021004;0.0;0.0;0.0;0.0
2030-12-02 14:00:00;535.1010587424856;1075.0844963913657;0.0;210.02100210021004;0.0;0.0;0.0;0.0
2030-12-02 15:00:00;534.9512867214536;1075.0844963913657;0.0;210.02100210021004;0.0;0.0;0.0;0.0
2030-12-02 16:00:00;535.3813436312643;1075.0844963913657;0.0;210.02100210021004;0.0;0.0;0.0;0.0
2030-12-02 17:00:00;535.2402829572716;1075.0844963913657;0.0;210.02100210021004;0.0;0.0;0.0;0.0
2030-12-02 18:00:00;536.3206186189922;1075.0844963913657;0.0;210.02100210021004;0.0;0.0;0.0;0.0
2030-12-02 19:00:00;535.6649753895966;1075.0844963913657;0.0;210.02100210021004;0.0;0.0;0.0;0.0
2030-12-02 20:00:00;535.148558367559;1075.0844963913657;0.0;210.02100210021004;0.0;0.0;0.0;0.0
2030-12-02 21:00:00;535.1755978319358;1075.0844963913657;0.0;210.02100210021004;0.0;0.0;0.0;0.0
2030-12-02 22:00:00;535.4342539129697;1075.0844963913657;0.0;210.02100210021004;0.0;0.0;0.0;0.0
2030-12-02 23:00:00;536.0181760650337;1075.0844963913657;0.0;210.02100210021004;0.0;0.0;0.0;0.0
2030-12-03 00:00:00;471.8752057365861;1075.0844963913657;0.0;210.02100210021004;0.0;0.0;0.0;0.0
2030-12-03 01:00:00;472.0499254123711;1075.0844963913657;0.0;210.02100210021004;0.0;0.0;0.0;0.0
2030-12-03 02:00:00;471.8937268288601;1075.0844963913657;0.0;210.02100210021004;0.0;0.0;0.0;0.0
2030-12-03 03:00:00;471.3722551495568;1075.0844963913657;0.0;210.02100210021004;0.0;0.0;0.0;0.0
2030-12-03 04:00:00;471.6756994056004;1075.0844963913657;0.0;210.02100210021004;0.0;0.0;0.0;0.0
2030-12-03 05:00:00;535.9914523339826;1075.0844963913657;0.0;210.02100210021004;0.0;0.0;0.0;0.0
2030-12-03 06:00:00;536.7168937686214;1075.0844963913657;0.0;210.02100210021004;0.0;0.0;0.0;0.0
2030-12-03 07:00:00;536.3490157848204;1075.0844963913657;0.0;210.02100210021004;0.0;0.0;0.0;0.0
2030-12-03 08:00:00;535.5567149228734;1075.0844963913657;0.0;210.02100210021004;0.0;0.0;0.0;0.0
2030-12-03 09:00:00;535.5074814801148;1075.0844963913657;0.0;210.02100210021004;0.0;0.0;0.0;0.0
2030-12-03 10:00:00;535.4794383533863;1075.0844963913657;0.0;210.02100210021004;0.0;0.0;0.0;0.0
2030-12-03 11:00:00;470.9202094797963;1075.0844963913657;0.0;210.02100210021004;0.0;0.0;0.0;0.0
2030-12-03 12:00:00;470.652135966096;1075.0844963913657;0.0;210.02100210021004;0.0;0.0;0.0;0.0
2030-12-03 13:00:00;534.887770243166;1075.0844963913657;0.0;210.02100210021004;0.0;0.0;0.0;0.0
2030-12-03 14:00:00;535.6071572787212;1075.0844963913657;0.0;210.02100210021004;0.0;0.0;0.0;0.0
2030-12-03 15:00:00;535.701118513581;1075.0844963913657;0.0;210.02100210021004;0.0;0.0;0.0;0.0
2030-12-03 16:00:00;535.3546199002132;1075.0844963913657;0.0;210.02100210021004;0.0;0.0;0.0;0.0
2030-12-03 17:00:00;535.3069714867775;1075.0844963913657;0.0;210.02100210021004;0.0;0.0;0.0;0.0
2030-12-03 18:00:00;534.988431547523;1075.0844963913657;0.0;210.02100210021004;0.0;0.0;0.0;0.0
2030-12-03 19:00:00;534.4758784262631;1075.0844963913657;0.0;210.02100210021004;0.0;0.0;0.0;0.0
2030-12-03 20:00:00;534.5792934069913;1075.0844963913657;0.0;210.02100210021004;0.0;0.0;0.0;0.0
2030-12-03 21:00:00;534.5655554252315;1075.0844963913657;0.0;210.02100210021004;0.0;0.0;0.0;0.0
2030-12-03 22:00:00;534.3263155765018;1075.0844963913657;0.0;210.02100210021004;0.0;0.0;0.0;0.0
2030-12-03 23:00:00;534.6563406883399;1075.0844963913657;0.0;210.02100210021004;0.0;0.0;0.0;0.0
2030-12-04 00:00:00;534.4470226518526;1075.0844963913657;0.0;210.02100210021004;0.0;0.0;0.0;0.0
2030-12-04 01:00:00;534.005959327214;1075.0844963913657;0.0;210.02100210021004;0.0;0.0;0.0;0.0
2030-12-04 02:00:00;533.5825199945524;1075.0844963913657;0.0;210.02100210021004;0.0;0.0;0.0;0.0
2030-12-04 03:00:00;533.6513989900587;1075.0844963913657;0.0;210.02100210021004;0.0;0.0;0.0;0.0
2030-12-04 04:00:00;470.2326211279694;1075.0844963913657;0.0;210.02100210021004;0.0;0.0;0.0;0.0
2030-12-04 05:00:00;493.5258107566961;1075.0844963913657;0.0;210.02100210021004;0.0;0.0;0.0;0.0
2030-12-04 06:00:00;535.0946684932085;1075.0844963913657;0.0;210.02100210021004;0.0;0.0;0.0;0.0
2030-12-04 07:00:00;534.6134130099382;1075.0844963913657;0.0;210.02100210021004;0.0;0.0;0.0;0.0
2030-12-04 08:00:00;534.923330007607;1075.0844963913657;0.0;210.02100210021004;0.0;0.0;0.0;0.0
2030-12-04 09:00:00;470.96904864972;1075.0844963913657;0.0;210.02100210021004;0.0;0.0;0.0;0.0
2030-12-04 10:00:00;470.6342826536751;1075.0844963913657;0.0;210.02100210021004;0.0;0.0;0.0;0.0
2030-12-04 11:00:00;470.5186101187223;1075.0844963913657;0.0;210.02100210021004;0.0;0.0;0.0;0.0
2030-12-04 12:00:00;470.509757856693;1075.0844963913657;0.0;210.02100210021004;0.0;0.0;0.0;0.0
2030-12-04 13:00:00;470.5138711947822;1075.0844963913657;0.0;210.02100210021004;0.0;0.0;0.0;0.0
2030-12-04 14:00:00;470.237317614753;1075.0844963913657;0.0;210.02100210021004;0.0;0.0;0.0;0.0
2030-12-04 15:00:00;470.7749510150995;1075.0844963913657;0.0;210.02100210021004;0.0;0.0;0.0;0.0
2030-12-04 16:00:00;471.498745044935;1075.0844963913657;0.0;210.02100210021004;0.0;0.0;0.0;0.0
2030-12-04 17:00:00;471.568358148614;1075.0844963913657;0.0;210.02100210021004;0.0;0.0;0.0;0.0
2030-12-04 18:00:00;472.0485495543189;1075.0844963913657;0.0;210.02100210021004;0.0;0.0;0.0;0.0
2030-12-04 19:00:00;471.3118321506725;1075.0844963913657;0.0;210.02100210021004;0.0;0.0;0.0;0.0
2030-12-04 20:00:00;471.1739194581913;1075.0844963913657;0.0;210.02100210021004;0.0;0.0;0.0;0.0
2030-12-04 21:00:00;470.9329880180838;1075.0844963913657;0.0;210.02100210021004;0.0;0.0;0.0;0.0
2030-12-04 22:00:00;470.6349745355401;1075.0844963913657;0.0;210.02100210021004;0.0;0.0;0.0;0.0
2030-12-04 23:00:00;470.4884408617401;1075.0844963913657;0.0;210.02100210021004;0.0;0.0;0.0;0.0
2030-12-05 00:00:00;470.1180546860405;1075.0844963913657;0.0;210.02100210021004;0.0;0.0;0.0;0.0
2030-12-05 01:00:00;470.5149372326144;1075.0844963913657;0.0;210.02100210021004;0.0;0.0;0.0;0.0
2030-12-05 02:00:00;470.4045447225322;1075.0844963913657;0.0;210.02100210021004;0.0;0.0;0.0;0.0
2030-12-05 03:00:00;470.1854974405865;1075.0844963913657;0.0;210.02100210021004;0.0;0.0;0.0;0.0
2030-12-05 04:00:00;470.5901239850498;1075.0844963913657;0.0;210.02100210021004;0.0;0.0;0.0;0.0
2030-12-05 05:00:00;470.8673213075306;1075.0844963913657;0.0;210.02100210021004;0.0;0.0;0.0;0.0
2030-12-05 06:00:00;471.7052853353442;1075.0844963913657;0.0;210.02100210021004;0.0;0.0;0.0;0.0
2030-12-05 07:00:00;471.5462486228471;1075.0844963913657;0.0;210.02100210021004;0.0;0.0;0.0;0.0
2030-12-05 08:00:00;471.8847257784684;1075.0844963913657;0.0;210.02100210021004;0.0;0.0;0.0;0.0
2030-12-05 09:00:00;471.746127117228;1075.0844963913657;0.0;210.02100210021004;0.0;0.0;0.0;0.0
2030-12-05 10:00:00;471.6644877723402;1075.0844963913657;0.0;210.02100210021004;0.0;0.0;0.0;0.0
2030-12-05 11:00:00;471.5454742486339;1075.0844963913657;0.0;210.02100210021004;0.0;0.0;0.0;0.0
2030-12-05 12:00:00;471.0283874541711;1075.0844963913657;0.0;210.02100210021004;0.0;0.0;0.0;0.0
2030-12-05 13:00:00;471.0230229766856;1075.0844963913657;0.0;210.02100210021004;0.0;0.0;0.0;0.0
2030-12-05 14:00:00;471.1739214184581;1075.0844963913657;0.0;210.02100210021004;0.0;0.0;0.0;0.0
2030-12-05 15:00:00;471.5742254535615;1075.0844963913657;0.0;210.02100210021004;0.0;0.0;0.0;0.0
2030-12-05 16:00:00;534.8973968471032;1075.0844963913657;0.0;210.02100210021004;0.0;0.0;0.0;0.0
2030-12-05 17:00:00;534.4552071017237;1075.0844963913657;0.0;210.02100210021004;0.0;0.0;0.0;0.0
2030-12-05 18:00:00;470.2645702032395;1075.0844963913657;0.0;210.02100210021004;0.0;0.0;0.0;0.0
2030-12-05 19:00:00;534.5455538731173;1075.0844963913657;0.0;210.02100210021004;0.0;0.0;0.0;0.0
2030-12-05 20:00:00;533.037663580379;1075.0844963913657;0.0;210.02100210021004;0.0;0.0;0.0;0.0
2030-12-05 21:00:00;531.9669746717688;1075.0844963913657;0.0;210.02100210021004;0.0;0.0;0.0;0.0
2030-12-05 22:00:00;531.2237201907496;1075.0844963913657;0.0;210.02100210021004;0.0;0.0;0.0;0.0
2030-12-05 23:00:00;530.9487776700169;1075.0844963913657;0.0;210.02100210021004;0.0;0.0;0.0;0.0
2030-12-06 00:00:00;529.7898298467976;1075.0844963913657;0.0;210.02100210021004;0.0;0.0;0.0;0.0
2030-12-06 01:00:00;530.9255579198433;1075.0844963913657;0.0;210.02100210021004;0.0;0.0;0.0;0.0
2030-12-06 02:00:00;529.5057212909767;1075.0844963913657;0.0;210.02100210021004;0.0;0.0;0.0;0.0
2030-12-06 03:00:00;529.2971093401167;1075.0844963913657;0.0;210.02100210021004;0.0;0.0;0.0;0.0
2030-12-06 04:00:00;528.3767576231753;1075.0844963913657;0.0;210.02100210021004;0.0;0.0;0.0;0.0
2030-12-06 05:00:00;528.4257396683557;1075.0844963913657;0.0;210.02100210021004;0.0;0.0;0.0;0.0
2030-12-06 06:00:00;529.3755766660917;1075.0844963913657;0.0;210.02100210021004;0.0;0.0;0.0;0.0
2030-12-06 07:00:00;530.9584666494345;1075.0844963913657;0.0;210.02100210021004;0.0;0.0;0.0;0.0
2030-12-06 08:00:00;532.5810660808147;1075.0844963913657;0.0;210.02100210021004;0.0;0.0;0.0;0.0
2030-12-06 09:00:00;532.6840666718401;1075.0844963913657;0.0;210.02100210021004;0.0;0.0;0.0;0.0
2030-12-06 10:00:00;532.5789379579891;1075.0844963913657;0.0;210.02100210021004;0.0;0.0;0.0;0.0
2030-12-06 11:00:00;532.3514749454621;1075.0844963913657;0.0;210.02100210021004;0.0;0.0;0.0;0.0
2030-12-06 12:00:00;468.7032687616007;1075.0844963913657;0.0;210.02100210021004;0.0;0.0;0.0;0.0
2030-12-06 13:00:00;469.609719504658;1075.0844963913657;0.0;210.02100210021004;0.0;0.0;0.0;0.0
2030-12-06 14:00:00;469.5026055755433;1075.0844963913657;0.0;210.02100210021004;0.0;0.0;0.0;0.0
2030-12-06 15:00:00;469.5191213033806;1075.0844963913657;0.0;210.02100210021004;0.0;0.0;0.0;0.0
2030-12-06 16:00:00;469.4726656066998;1075.0844963913657;0.0;210.02100210021004;0.0;0.0;0.0;0.0
2030-12-06 17:00:00;469.2460152418545;1075.0844963913657;0.0;210.02100210021004;0.0;0.0;0.0;0.0
2030-12-06 18:00:00;468.999071661276;1075.0844963913657;0.0;210.02100210021004;0.0;0.0;0.0;0.0
2030-12-06 19:00:00;533.3357836249777;1075.0844963913657;0.0;210.02100210021004;0.0;0.0;0.0;0.0
2030-12-06 20:00:00;532.3570505867906;1075.0844963913657;0.0;210.02100210021004;0.0;0.0;0.0;0.0
2030-12-06 21:00:00;531.6261562692121;1075.0844963913657;0.0;210.02100210021004;0.0;0.0;0.0;0.0
2030-12-06 22:00:00;530.7322366197029;1075.0844963913657;0.0;210.02100210021004;0.0;0.0;0.0;0.0
2030-12-06 23:00:00;516.3780988426305;1075.0844963913657;0.0;210.02100210021004;0.0;0.0;0.0;0.0
2030-12-07 00:00:00;497.7736528058275;1075.0844963913657;0.0;210.02100210021004;0.0;0.0;0.0;0.0
2030-12-07 01:00:00;502.8503290157977;1075.0844963913657;0.0;210.02100210021004;0.0;0.0;0.0;0.0
2030-12-07 02:00:00;529.0306449254459;1075.0844963913657;0.0;210.02100210021004;0.0;0.0;0.0;0.0
2030-12-07 03:00:00;528.1318999391149;1075.0844963913657;0.0;210.02100210021004;0.0;0.0;0.0;0.0
2030-12-07 04:00:00;527.9416018695248;1075.0844963913657;0.0;210.02100210021004;0.0;0.0;0.0;0.0
2030-12-07 05:00:00;527.8784393980314;1075.0844963913657;0.0;210.02100210021004;0.0;0.0;0.0;0.0
2030-12-07 06:00:00;528.4897570138385;1075.0844963913657;0.0;210.02100210021004;0.0;0.0;0.0;0.0
2030-12-07 07:00:00;530.4872944507222;1075.0844963913657;0.0;210.02100210021004;0.0;0.0;0.0;0.0
2030-12-07 08:00:00;530.742967534941;1075.0844963913657;0.0;210.02100210021004;0.0;0.0;0.0;0.0
2030-12-07 09:00:00;531.0175761657473;1075.0844963913657;0.0;210.02100210021004;0.0;0.0;0.0;0.0
2030-12-07 10:00:00;530.4773329713039;1075.0844963913657;0.0;210.02100210021004;0.0;0.0;0.0;0.0
2030-12-07 11:00:00;467.757637684213;1075.0844963913657;0.0;210.02100210021004;0.0;0.0;0.0;0.0
2030-12-07 12:00:00;468.187858342665;1075.0844963913657;0.0;210.02100210021004;0.0;0.0;0.0;0.0
2030-12-07 13:00:00;468.2153474364356;1075.0844963913657;0.0;210.02100210021004;0.0;0.0;0.0;0.0
2030-12-07 14:00:00;468.1192082346417;1075.0844963913657;0.0;210.02100210021004;0.0;0.0;0.0;0.0
2030-12-07 15:00:00;467.9694707469755;1075.0844963913657;0.0;210.02100210021004;0.0;0.0;0.0;0.0
2030-12-07 16:00:00;468.091356008853;1075.0844963913657;0.0;210.02100210021004;0.0;0.0;0.0;0.0
2030-12-07 17:00:00;479.0766854977687;1075.0844963913657;0.0;210.02100210021004;0.0;0.0;0.0;0.0
2030-12-07 18:00:00;467.9751537630589;1075.0844963913657;0.0;210.02100210021004;0.0;0.0;0.0;0.0
2030-12-07 19:00:00;467.9276742516914;1075.0844963913657;0.0;210.02100210021004;0.0;0.0;0.0;0.0
2030-12-07 20:00:00;467.7111023160926;1075.0844963913657;0.0;210.02100210021004;0.0;0.0;0.0;0.0
2030-12-07 21:00:00;467.2585490385271;1075.0844963913657;0.0;210.02100210021004;0.0;0.0;0.0;0.0
2030-12-07 22:00:00;466.6679148110764;1075.0844963913657;0.0;210.02100210021004;0.0;0.0;0.0;0.0
2030-12-07 23:00:00;466.1424990940778;1075.0844963913657;0.0;210.02100210021004;0.0;0.0;0.0;0.0
2030-12-08 00:00:00;464.8086425651681;1075.0844963913657;0.0;210.02100210021004;0.0;0.0;0.0;0.0
2030-12-08 01:00:00;464.3093178836704;1075.0844963913657;0.0;210.02100210021004;0.0;0.0;0.0;0.0
2030-12-08 02:00:00;463.6991834668474;1075.0844963913657;0.0;210.02100210021004;0.0;0.0;0.0;0.0
2030-12-08 03:00:00;463.6676636076758;1075.0844963913657;0.0;210.02100210021004;0.0;0.0;0.0;0.0
2030-12-08 04:00:00;463.5976517545848;1075.0844963913657;0.0;210.02100210021004;0.0;0.0;0.0;0.0
2030-12-08 05:00:00;463.4739508326167;1075.0844963913657;0.0;210.02100210021004;0.0;0.0;0.0;0.0
2030-12-08 06:00:00;463.4996242662968;1075.0844963913657;0.0;210.02100210021004;0.0;0.0;0.0;0.0
2030-12-08 07:00:00;463.6126309503316;1075.0844963913657;0.0;210.02100210021004;0.0;0.0;0.0;0.0
2030-12-08 08:00:00;463.8296204877512;1075.0844963913657;0.0;210.02100210021004;0.0;0.0;0.0;0.0
2030-12-08 09:00:00;464.33277621204;1075.0844963913657;0.0;210.02100210021004;0.0;0.0;0.0;0.0
2030-12-08 10:00:00;464.9634275878861;1075.0844963913657;0.0;210.02100210021004;0.0;0.0;0.0;0.0
2030-12-08 11:00:00;465.1175589729714;1075.0844963913657;0.0;210.02100210021004;0.0;0.0;0.0;0.0
2030-12-08 12:00:00;465.2217233923654;1075.0844963913657;0.0;210.02100210021004;0.0;0.0;0.0;0.0
2030-12-08 13:00:00;465.1892957031485;1075.0844963913657;0.0;210.02100210021004;0.0;0.0;0.0;0.0
2030-12-08 14:00:00;464.8942872516384;1075.0844963913657;0.0;210.02100210021004;0.0;0.0;0.0;0.0
2030-12-08 15:00:00;528.6093558250495;1075.0844963913657;0.0;210.02100210021004;0.0;0.0;0.0;0.0
2030-12-08 16:00:00;528.9710949571519;1075.0844963913657;0.0;210.02100210021004;0.0;0.0;0.0;0.0
2030-12-08 17:00:00;529.0306449254459;1075.0844963913657;0.0;210.02100210021004;0.0;0.0;0.0;0.0
2030-12-08 18:00:00;529.5432844918929;1075.0844963913657;0.0;210.02100210021004;0.0;0.0;0.0;0.0
2030-12-08 19:00:00;529.5754792624846;1075.0844963913657;0.0;210.02100210021004;0.0;0.0;0.0;0.0
2030-12-08 20:00:00;529.5041544182548;1075.0844963913657;0.0;210.02100210021004;0.0;0.0;0.0;0.0
2030-12-08 21:00:00;528.8843606889575;1075.0844963913657;0.0;210.02100210021004;0.0;0.0;0.0;0.0
2030-12-08 22:00:00;528.2809800782819;1075.0844963913657;0.0;210.02100210021004;0.0;0.0;0.0;0.0
2030-12-08 23:00:00;528.2073803154362;1075.0844963913657;0.0;210.02100210021004;0.0;0.0;0.0;0.0
2030-12-09 00:00:00;527.8424028361018;1075.0844963913657;0.0;210.02100210021004;0.0;0.0;0.0;0.0
2030-12-09 01:00:00;528.4878361020169;1075.0844963913657;0.0;210.02100210021004;0.0;0.0;0.0;0.0
2030-12-09 02:00:00;528.4525699614617;1075.0844963913657;0.0;210.02100210021004;0.0;0.0;0.0;0.0
2030-12-09 03:00:00;528.6600093124348;1075.0844963913657;0.0;210.02100210021004;0.0;0.0;0.0;0.0
2030-12-09 04:00:00;528.183432370196;1075.0844963913657;0.0;210.02100210021004;0.0;0.0;0.0;0.0
2030-12-09 05:00:00;528.4820915554583;1075.0844963913657;0.0;210.02100210021004;0.0;0.0;0.0;0.0
2030-12-09 06:00:00;529.340163697441;1075.0844963913657;0.0;210.02100210021004;0.0;0.0;0.0;0.0
2030-12-09 07:00:00;530.628795576696;1075.0844963913657;0.0;210.02100210021004;0.0;0.0;0.0;0.0
2030-12-09 08:00:00;532.5430442713163;1075.0844963913657;0.0;210.02100210021004;0.0;0.0;0.0;0.0
2030-12-09 09:00:00;533.649292976673;1075.0844963913657;0.0;210.02100210021004;0.0;0.0;0.0;0.0
2030-12-09 10:00:00;533.6501277337945;1075.0844963913657;0.0;210.02100210021004;0.0;0.0;0.0;0.0
2030-12-09 11:00:00;533.5707009320421;1075.0844963913657;0.0;210.02100210021004;0.0;0.0;0.0;0.0
2030-12-09 12:00:00;534.0356277493061;1075.0844963913657;0.0;210.02100210021004;0.0;0.0;0.0;0.0
2030-12-09 13:00:00;483.8165899332549;1075.0844963913657;0.0;210.02100210021004;0.0;0.0;0.0;0.0
2030-12-09 14:00:00;473.5487178137911;1075.0844963913657;0.0;210.02100210021004;0.0;0.0;0.0;0.0
2030-12-09 15:00:00;535.4166741075669;1075.0844963913657;0.0;210.02100210021004;0.0;0.0;0.0;0.0
2030-12-09 16:00:00;535.6046329227937;1075.0844963913657;0.0;210.02100210021004;0.0;0.0;0.0;0.0
2030-12-09 17:00:00;535.6947906397844;1075.0844963913657;0.0;210.02100210021004;0.0;0.0;0.0;0.0
2030-12-09 18:00:00;535.6541158028639;1075.0844963913657;0.0;210.02100210021004;0.0;0.0;0.0;0.0
2030-12-09 19:00:00;534.3171274642792;1075.0844963913657;0.0;210.02100210021004;0.0;0.0;0.0;0.0
2030-12-09 20:00:00;534.3169403701429;1075.0844963913657;0.0;210.02100210021004;0.0;0.0;0.0;0.0
2030-12-09 21:00:00;469.7791350858657;1075.0844963913657;0.0;210.02100210021004;0.0;0.0;0.0;0.0
2030-12-09 22:00:00;469.1360631837535;1075.0844963913657;0.0;210.02100210021004;0.0;0.0;0.0;0.0
2030-12-09 23:00:00;468.5276097592114;1075.0844963913657;0.0;210.02100210021004;0.0;0.0;0.0;0.0
2030-12-10 00:00:00;467.9364438899286;1075.0844963913657;0.0;210.02100210021004;0.0;0.0;0.0;0.0
2030-12-10 01:00:00;468.0286249527251;1075.0844963913657;0.0;210.02100210021004;0.0;0.0;0.0;0.0
2030-12-10 02:00:00;468.4650551686867;1075.0844963913657;0.0;210.02100210021004;0.0;0.0;0.0;0.0
2030-12-10 03:00:00;468.3150453320069;1075.0844963913657;0.0;210.02100210021004;0.0;0.0;0.0;0.0
2030-12-10 04:00:00;468.8672965051435;1075.0844963913657;0.0;210.02100210021004;0.0;0.0;0.0;0.0
2030-12-10 05:00:00;469.1386705321632;1075.0844963913657;0.0;210.02100210021004;0.0;0.0;0.0;0.0
2030-12-10 06:00:00;469.9626879908004;1075.0844963913657;0.0;210.02100210021004;0.0;0.0;0.0;0.0
2030-12-10 07:00:00;470.1581220937111;1075.0844963913657;0.0;210.02100210021004;0.0;0.0;0.0;0.0
2030-12-10 08:00:00;470.7986917493357;1075.0844963913657;0.0;210.02100210021004;0.0;0.0;0.0;0.0
2030-12-10 09:00:00;471.0501248165428;1075.0844963913657;0.0;210.02100210021004;0.0;0.0;0.0;0.0
2030-12-10 10:00:00;471.3428361647761;1075.0844963913657;0.0;210.02100210021004;0.0;0.0;0.0;0.0
2030-12-10 11:00:00;471.4997467470199;1075.0844963913657;0.0;210.02100210021004;0.0;0.0;0.0;0.0
2030-12-10 12:00:00;471.3497675149838;1075.0844963913657;0.0;210.02100210021004;0.0;0.0;0.0;0.0
2030-12-10 13:00:00;471.5738935239017;1075.0844963913657;0.0;210.02100210021004;0.0;0.0;0.0;0.0
2030-12-10 14:00:00;471.7541446221356;1075.0844963913657;0.0;210.02100210021004;0.0;0.0;0.0;0.0
2030-12-10 15:00:00;472.0409062053786;1075.0844963913657;0.0;210.02100210021004;0.0;0.0;0.0;0.0
2030-12-10 16:00:00;471.9246483506156;1075.0844963913657;0.0;210.02100210021004;0.0;0.0;0.0;0.0
2030-12-10 17:00:00;471.8914298008045;1075.0844963913657;0.0;210.02100210021004;0.0;0.0;0.0;0.0
2030-12-10 18:00:00;472.6865064162569;1075.0844963913657;0.0;210.02100210021004;0.0;0.0;0.0;0.0
2030-12-10 19:00:00;470.8788869798905;1075.0844963913657;0.0;210.02100210021004;0.0;0.0;0.0;0.0
2030-12-10 20:00:00;470.5447303733623;1075.0844963913657;0.0;210.02100210021004;0.0;0.0;0.0;0.0
2030-12-10 21:00:00;469.6624186225204;1075.0844963913657;0.0;210.02100210021004;0.0;0.0;0.0;0.0
2030-12-10 22:00:00;469.1343313263351;1075.0844963913657;0.0;210.02100210021004;0.0;0.0;0.0;0.0
2030-12-10 23:00:00;468.1175196707576;1075.0844963913657;0.0;210.02100210021004;0.0;0.0;0.0;0.0
2030-12-11 00:00:00;467.0701016777305;1075.0844963913657;0.0;210.02100210021004;0.0;0.0;0.0;0.0
2030-12-11 01:00:00;466.5583215680119;1075.0844963913657;0.0;210.02100210021004;0.0;0.0;0.0;0.0
2030-12-11 02:00:00;465.6559021898148;1075.0844963913657;0.0;210.02100210021004;0.0;0.0;0.0;0.0
2030-12-11 03:00:00;465.7971605448582;1075.0844963913657;0.0;210.02100210021004;0.0;0.0;0.0;0.0
2030-12-11 04:00:00;466.2779291802306;1075.0844963913657;0.0;210.02100210021004;0.0;0.0;0.0;0.0
2030-12-11 05:00:00;466.4599854175086;1075.0844963913657;0.0;210.02100210021004;0.0;0.0;0.0;0.0
2030-12-11 06:00:00;467.6609174711902;1075.0844963913657;0.0;210.02100210021004;0.0;0.0;0.0;0.0
2030-12-11 07:00:00;469.7755291938147;1075.0844963913657;0.0;210.02100210021004;0.0;0.0;0.0;0.0
2030-12-11 08:00:00;470.1552015871203;1075.0844963913657;0.0;210.02100210021004;0.0;0.0;0.0;0.0
2030-12-11 09:00:00;470.7432733981856;1075.0844963913657;0.0;210.02100210021004;0.0;0.0;0.0;0.0
2030-12-11 10:00:00;471.1570424445347;1075.0844963913657;0.0;210.02100210021004;0.0;0.0;0.0;0.0
2030-12-11 11:00:00;471.6980380526225;1075.0844963913657;0.0;210.02100210021004;0.0;0.0;0.0;0.0
2030-12-11 12:00:00;472.0049160879553;1075.0844963913657;0.0;210.02100210021004;0.0;0.0;0.0;0.0
2030-12-11 13:00:00;472.0361150476843;1075.0844963913657;0.0;210.02100210021004;0.0;0.0;0.0;0.0
2030-12-11 14:00:00;471.5633678270956;1075.0844963913657;0.0;210.02100210021004;0.0;0.0;0.0;0.0
2030-12-11 15:00:00;472.4386657353814;1075.0844963913657;0.0;210.02100210021004;0.0;0.0;0.0;0.0
2030-12-11 16:00:00;472.5443777764706;1075.0844963913657;0.0;210.02100210021004;0.0;0.0;0.0;0.0
2030-12-11 17:00:00;472.650321065965;1075.0844963913657;0.0;210.02100210021004;0.0;0.0;0.0;0.0
2030-12-11 18:00:00;471.5801732582852;1075.0844963913657;0.0;210.02100210021004;0.0;0.0;0.0;0.0
2030-12-11 19:00:00;471.9275508153491;1075.0844963913657;0.0;210.02100210021004;0.0;0.0;0.0;0.0
2030-12-11 20:00:00;472.5232075773083;1075.0844963913657;0.0;210.02100210021004;0.0;0.0;0.0;0.0
2030-12-11 21:00:00;482.31690591646;1075.0844963913657;0.0;210.02100210021004;0.0;0.0;0.0;0.0
2030-12-11 22:00:00;470.8869285545048;1075.0844963913657;0.0;210.02100210021004;0.0;0.0;0.0;0.0
2030-12-11 23:00:00;470.572648781435;1075.0844963913657;0.0;210.02100210021004;0.0;0.0;0.0;0.0
2030-12-12 00:00:00;469.9909392048116;1075.0844963913657;0.0;210.02100210021004;0.0;0.0;0.0;0.0
2030-12-12 01:00:00;470.6983844517729;1075.0844963913657;0.0;210.02100210021004;0.0;0.0;0.0;0.0
2030-12-12 02:00:00;470.8189024727208;1075.0844963913657;0.0;210.02100210021004;0.0;0.0;0.0;0.0
2030-12-12 03:00:00;471.0653049523687;1075.0844963913657;0.0;210.02100210021004;0.0;0.0;0.0;0.0
2030-12-12 04:00:00;535.1302886728632;1075.0844963913657;0.0;210.02100210021004;0.0;0.0;0.0;0.0
2030-12-12 05:00:00;535.0965250692828;1075.0844963913657;0.0;210.02100210021004;0.0;0.0;0.0;0.0
2030-12-12 06:00:00;535.2849022270512;1075.0844963913657;0.0;210.02100210021004;0.0;0.0;0.0;0.0
2030-12-12 07:00:00;534.4070578533982;1075.0844963913657;0.0;210.02100210021004;0.0;0.0;0.0;0.0
2030-12-12 08:00:00;534.5539676434321;1075.0844963913657;0.0;210.02100210021004;0.0;0.0;0.0;0.0
2030-12-12 09:00:00;534.9596602257277;1075.0844963913657;0.0;210.02100210021004;0.0;0.0;0.0;0.0
2030-12-12 10:00:00;535.477684386528;1075.0844963913657;0.0;210.02100210021004;0.0;0.0;0.0;0.0
2030-12-12 11:00:00;535.988859689469;1075.0844963913657;0.0;210.02100210021004;0.0;0.0;0.0;0.0
2030-12-12 12:00:00;536.228266483162;1075.0844963913657;0.0;210.02100210021004;0.0;0.0;0.0;0.0
2030-12-12 13:00:00;536.0146057881418;1075.0844963913657;0.0;210.02100210021004;0.0;0.0;0.0;0.0
2030-12-12 14:00:00;536.176192918845;1075.0844963913657;0.0;210.02100210021004;0.0;0.0;0.0;0.0
2030-12-12 15:00:00;536.2344254517286;1075.0844963913657;0.0;210.02100210021004;0.0;0.0;0.0;0.0
2030-12-12 16:00:00;536.1591743635456;1075.0844963913657;0.0;210.02100210021004;0.0;0.0;0.0;0.0
2030-12-12 17:00:00;536.0094686385278;1075.0844963913657;0.0;210.02100210021004;0.0;0.0;0.0;0.0
2030-12-12 18:00:00;536.0471987844073;1075.0844963913657;0.0;210.02100210021004;0.0;0.0;0.0;0.0
2030-12-12 19:00:00;535.9412353457398;1075.0844963913657;0.0;210.02100210021004;0.0;0.0;0.0;0.0
2030-12-12 20:00:00;535.5784483324063;1075.0844963913657;0.0;210.02100210021004;0.0;0.0;0.0;0.0
2030-12-12 21:00:00;534.2906109442321;1075.0844963913657;0.0;210.02100210021004;0.0;0.0;0.0;0.0
2030-12-12 22:00:00;532.8487875479875;1075.0844963913657;0.0;210.02100210021004;0.0;0.0;0.0;0.0
2030-12-12 23:00:00;531.7770326015449;1075.0844963913657;0.0;210.02100210021004;0.0;0.0;0.0;0.0
2030-12-13 00:00:00;531.16953865278;1075.0844963913657;0.0;210.02100210021004;0.0;0.0;0.0;0.0
2030-12-13 01:00:00;530.0110916644506;1075.0844963913657;0.0;210.02100210021004;0.0;0.0;0.0;0.0
2030-12-13 02:00:00;528.7611935934267;1075.0844963913657;0.0;210.02100210021004;0.0;0.0;0.0;0.0
2030-12-13 03:00:00;529.0427536913082;1075.0844963913657;0.0;210.02100210021004;0.0;0.0;0.0;0.0
2030-12-13 04:00:00;528.7059681270647;1075.0844963913657;0.0;210.02100210021004;0.0;0.0;0.0;0.0
2030-12-13 05:00:00;528.7790429530087;1075.0844963913657;0.0;210.02100210021004;0.0;0.0;0.0;0.0
2030-12-13 06:00:00;529.9631938137035;1075.0844963913657;0.0;210.02100210021004;0.0;0.0;0.0;0.0
2030-12-13 07:00:00;531.7842777248115;1075.0844963913657;0.0;210.02100210021004;0.0;0.0;0.0;0.0
2030-12-13 08:00:00;533.5226562531993;1075.0844963913657;0.0;210.02100210021004;0.0;0.0;0.0;0.0
2030-12-13 09:00:00;534.524192659285;1075.0844963913657;0.0;210.02100210021004;0.0;0.0;0.0;0.0
2030-12-13 10:00:00;534.8551369808598;1075.0844963913657;0.0;210.02100210021004;0.0;0.0;0.0;0.0
2030-12-13 11:00:00;535.3320095395565;1075.0844963913657;0.0;210.02100210021004;0.0;0.0;0.0;0.0
2030-12-13 12:00:00;535.3893007532635;1075.0844963913657;0.0;210.02100210021004;0.0;0.0;0.0;0.0
2030-12-13 13:00:00;536.0264852335603;1075.0844963913657;0.0;210.02100210021004;0.0;0.0;0.0;0.0
2030-12-13 14:00:00;536.1254348296718;1075.0844963913657;0.0;210.02100210021004;0.0;0.0;0.0;0.0
2030-12-13 15:00:00;536.1487974551018;1075.0844963913657;0.0;210.02100210021004;0.0;0.0;0.0;0.0
2030-12-13 16:00:00;536.2266392275315;1075.0844963913657;0.0;210.02100210021004;0.0;0.0;0.0;0.0
2030-12-13 17:00:00;536.0446100927326;1075.0844963913657;0.0;210.02100210021004;0.0;0.0;0.0;0.0
2030-12-13 18:00:00;536.2440923217065;1075.0844963913657;0.0;210.02100210021004;0.0;0.0;0.0;0.0
2030-12-13 19:00:00;536.0345670742154;1075.0844963913657;0.0;210.02100210021004;0.0;0.0;0.0;0.0
2030-12-13 20:00:00;535.4822985918123;1075.0844963913657;0.0;210.02100210021004;0.0;0.0;0.0;0.0
2030-12-13 21:00:00;533.6815741924518;1075.0844963913657;0.0;210.02100210021004;0.0;0.0;0.0;0.0
2030-12-13 22:00:00;532.4149894634829;1075.0844963913657;0.0;210.02100210021004;0.0;0.0;0.0;0.0
2030-12-13 23:00:00;532.125786016661;1075.0844963913657;0.0;210.02100210021004;0.0;0.0;0.0;0.0
2030-12-14 00:00:00;531.2795972729357;1075.0844963913657;0.0;210.02100210021004;0.0;0.0;0.0;0.0
2030-12-14 01:00:00;529.9805241494894;1075.0844963913657;0.0;210.02100210021004;0.0;0.0;0.0;0.0
2030-12-14 02:00:00;529.2022328483589;1075.0844963913657;0.0;210.02100210021004;0.0;0.0;0.0;0.0
2030-12-14 03:00:00;529.0678943533034;1075.0844963913657;0.0;210.02100210021004;0.0;0.0;0.0;0.0
2030-12-14 04:00:00;528.6277703552687;1075.0844963913657;0.0;210.02100210021004;0.0;0.0;0.0;0.0
2030-12-14 05:00:00;528.3197561128205;1075.0844963913657;0.0;210.02100210021004;0.0;0.0;0.0;0.0
2030-12-14 06:00:00;528.3391723451247;1075.0844963913657;0.0;210.02100210021004;0.0;0.0;0.0;0.0
2030-12-14 07:00:00;528.304032883492;1075.0844963913657;0.0;210.02100210021004;0.0;0.0;0.0;0.0
2030-12-14 08:00:00;528.5062928908488;1075.0844963913657;0.0;210.02100210021004;0.0;0.0;0.0;0.0
2030-12-14 09:00:00;529.2792378710948;1075.0844963913657;0.0;210.02100210021004;0.0;0.0;0.0;0.0
2030-12-14 10:00:00;529.6602705094174;1075.0844963913657;0.0;210.02100210021004;0.0;0.0;0.0;0.0
2030-12-14 11:00:00;529.8911368538731;1075.0844963913657;0.0;210.02100210021004;0.0;0.0;0.0;0.0
2030-12-14 12:00:00;529.7043265688268;1075.0844963913657;0.0;210.02100210021004;0.0;0.0;0.0;0.0
2030-12-14 13:00:00;529.9194736367928;1075.0844963913657;0.0;210.02100210021004;0.0;0.0;0.0;0.0
2030-12-14 14:00:00;529.9119972328157;1075.0844963913657;0.0;210.02100210021004;0.0;0.0;0.0;0.0
2030-12-14 15:00:00;529.9627553219889;1075.0844963913657;0.0;210.02100210021004;0.0;0.0;0.0;0.0
2030-12-14 16:00:00;529.8678164547507;1075.0844963913657;0.0;210.02100210021004;0.0;0.0;0.0;0.0
2030-12-14 17:00:00;529.9222474300317;1075.0844963913657;0.0;210.02100210021004;0.0;0.0;0.0;0.0
2030-12-14 18:00:00;530.0085874253909;1075.0844963913657;0.0;210.02100210021004;0.0;0.0;0.0;0.0
2030-12-14 19:00:00;529.7060000036035;1075.0844963913657;0.0;210.02100210021004;0.0;0.0;0.0;0.0
2030-12-14 20:00:00;529.5357437521685;1075.0844963913657;0.0;210.02100210021004;0.0;0.0;0.0;0.0
2030-12-14 21:00:00;529.5996162298225;1075.0844963913657;0.0;210.02100210021004;0.0;0.0;0.0;0.0
2030-12-14 22:00:00;529.4865928017581;1075.0844963913657;0.0;210.02100210021004;0.0;0.0;0.0;0.0
2030-12-14 23:00:00;529.3733660832232;1075.0844963913657;0.0;210.02100210021004;0.0;0.0;0.0;0.0
2030-12-15 00:00:00;529.3349038217433;1075.0844963913657;0.0;210.02100210021004;0.0;0.0;0.0;0.0
2030-12-15 01:00:00;529.1902890671929;1075.0844963913657;0.0;210.02100210021004;0.0;0.0;0.0;0.0
2030-12-15 02:00:00;528.860851235432;1075.0844963913657;0.0;210.02100210021004;0.0;0.0;0.0;0.0
2030-12-15 03:00:00;479.9383802042862;1075.0844963913657;0.0;210.02100210021004;0.0;0.0;0.0;0.0
2030-12-15 04:00:00;464.3604287152189;1075.0844963913657;0.0;210.02100210021004;0.0;0.0;0.0;0.0
2030-12-15 05:00:00;464.4919732887781;1075.0844963913657;0.0;210.02100210021004;0.0;0.0;0.0;0.0
2030-12-15 06:00:00;464.4218161828798;1075.0844963913657;0.0;210.02100210021004;0.0;0.0;0.0;0.0
2030-12-15 07:00:00;464.1654994478992;1075.0844963913657;0.0;210.02100210021004;0.0;0.0;0.0;0.0
2030-12-15 08:00:00;464.5976447060471;1075.0844963913657;0.0;210.02100210021004;0.0;0.0;0.0;0.0
2030-12-15 09:00:00;464.8087515047735;1075.0844963913657;0.0;210.02100210021004;0.0;0.0;0.0;0.0
2030-12-15 10:00:00;465.2589444242213;1075.0844963913657;0.0;210.02100210021004;0.0;0.0;0.0;0.0
2030-12-15 11:00:00;465.3131055647219;1075.0844963913657;0.0;210.02100210021004;0.0;0.0;0.0;0.0
2030-12-15 12:00:00;465.11552543367;1075.0844963913657;0.0;210.02100210021004;0.0;0.0;0.0;0.0
2030-12-15 13:00:00;465.2890662251232;1075.0844963913657;0.0;210.02100210021004;0.0;0.0;0.0;0.0
2030-12-15 14:00:00;466.0005689448007;1075.0844963913657;0.0;210.02100210021004;0.0;0.0;0.0;0.0
2030-12-15 15:00:00;465.9510558941319;1075.0844963913657;0.0;210.02100210021004;0.0;0.0;0.0;0.0
2030-12-15 16:00:00;465.9744234394971;1075.0844963913657;0.0;210.02100210021004;0.0;0.0;0.0;0.0
2030-12-15 17:00:00;465.8237599651846;1075.0844963913657;0.0;210.02100210021004;0.0;0.0;0.0;0.0
2030-12-15 18:00:00;466.0585792846933;1075.0844963913657;0.0;210.02100210021004;0.0;0.0;0.0;0.0
2030-12-15 19:00:00;466.4127964117555;1075.0844963913657;0.0;210.02100210021004;0.0;0.0;0.0;0.0
2030-12-15 20:00:00;466.3129895765788;1075.0844963913657;0.0;210.02100210021004;0.0;0.0;0.0;0.0
2030-12-15 21:00:00;466.1936462388281;1075.0844963913657;0.0;210.02100210021004;0.0;0.0;0.0;0.0
2030-12-15 22:00:00;466.1581319274572;1075.0844963913657;0.0;210.02100210021004;0.0;0.0;0.0;0.0
2030-12-15 23:00:00;465.9467527797174;1075.0844963913657;0.0;210.02100210021004;0.0;0.0;0.0;0.0
2030-12-16 00:00:00;466.1730021835987;1075.0844963913657;0.0;210.02100210021004;0.0;0.0;0.0;0.0
2030-12-16 01:00:00;466.5902590290044;1075.0844963913657;0.0;210.02100210021004;0.0;0.0;0.0;0.0
2030-12-16 02:00:00;466.5433605288657;1075.0844963913657;0.0;210.02100210021004;0.0;0.0;0.0;0.0
2030-12-16 03:00:00;466.5506957956316;1075.0844963913657;0.0;210.02100210021004;0.0;0.0;0.0;0.0
2030-12-16 04:00:00;466.4840792269098;1075.0844963913657;0.0;210.02100210021004;0.0;0.0;0.0;0.0
2030-12-16 05:00:00;467.2050233790581;1075.0844963913657;0.0;210.02100210021004;0.0;0.0;0.0;0.0
2030-12-16 06:00:00;468.1271608258383;1075.0844963913657;0.0;210.02100210021004;0.0;0.0;0.0;0.0
2030-12-16 07:00:00;468.8396440019647;1075.0844963913657;0.0;210.02100210021004;0.0;0.0;0.0;0.0
2030-12-16 08:00:00;469.5959998647174;1075.0844963913657;0.0;210.02100210021004;0.0;0.0;0.0;0.0
2030-12-16 09:00:00;469.4347978681179;1075.0844963913657;0.0;210.02100210021004;0.0;0.0;0.0;0.0
2030-12-16 10:00:00;469.3739688614264;1075.0844963913657;0.0;210.02100210021004;0.0;0.0;0.0;0.0
2030-12-16 11:00:00;469.6329174300705;1075.0844963913657;0.0;210.02100210021004;0.0;0.0;0.0;0.0
2030-12-16 12:00:00;470.2385937502499;1075.0844963913657;0.0;210.02100210021004;0.0;0.0;0.0;0.0
2030-12-16 13:00:00;471.1264397713458;1075.0844963913657;0.0;210.02100210021004;0.0;0.0;0.0;0.0
2030-12-16 14:00:00;471.0924824336494;1075.0844963913657;0.0;210.02100210021004;0.0;0.0;0.0;0.0
2030-12-16 15:00:00;471.1962964957727;1075.0844963913657;0.0;210.02100210021004;0.0;0.0;0.0;0.0
2030-12-16 16:00:00;471.0105391991951;1075.0844963913657;0.0;210.02100210021004;0.0;0.0;0.0;0.0
2030-12-16 17:00:00;471.8189817134619;1075.0844963913657;0.0;210.02100210021004;0.0;0.0;0.0;0.0
2030-12-16 18:00:00;471.7237863107507;1075.0844963913657;0.0;210.02100210021004;0.0;0.0;0.0;0.0
2030-12-16 19:00:00;471.8022094501515;1075.0844963913657;0.0;210.02100210021004;0.0;0.0;0.0;0.0
2030-12-16 20:00:00;471.567563657533;1075.0844963913657;0.0;210.02100210021004;0.0;0.0;0.0;0.0
2030-12-16 21:00:00;470.9732665895972;1075.0844963913657;0.0;210.02100210021004;0.0;0.0;0.0;0.0
2030-12-16 22:00:00;470.9575836263093;1075.0844963913657;0.0;210.02100210021004;0.0;0.0;0.0;0.0
2030-12-16 23:00:00;470.6662942829693;1075.0844963913657;0.0;210.02100210021004;0.0;0.0;0.0;0.0
2030-12-17 00:00:00;470.4923229191189;1075.0844963913657;0.0;210.02100210021004;0.0;0.0;0.0;0.0
2030-12-17 01:00:00;469.6718360551869;1075.0844963913657;0.0;210.02100210021004;0.0;0.0;0.0;0.0
2030-12-17 02:00:00;469.1756498734021;1075.0844963913657;0.0;210.02100210021004;0.0;0.0;0.0;0.0
2030-12-17 03:00:00;469.0059004022677;1075.0844963913657;0.0;210.02100210021004;0.0;0.0;0.0;0.0
2030-12-17 04:00:00;468.8532882596774;1075.0844963913657;0.0;210.02100210021004;0.0;0.0;0.0;0.0
2030-12-17 05:00:00;533.2742322450858;1075.0844963913657;0.0;210.02100210021004;0.0;0.0;0.0;0.0
2030-12-17 06:00:00;533.859029388007;1075.0844963913657;0.0;210.02100210021004;0.0;0.0;0.0;0.0
2030-12-17 07:00:00;535.408175884637;1075.0844963913657;0.0;210.02100210021004;0.0;0.0;0.0;0.0
2030-12-17 08:00:00;535.7610205607077;1075.0844963913657;0.0;210.02100210021004;0.0;0.0;0.0;0.0
2030-12-17 09:00:00;536.5168262198375;1075.0844963913657;0.0;210.02100210021004;0.0;0.0;0.0;0.0
2030-12-17 10:00:00;536.7714916888658;1075.0844963913657;0.0;210.02100210021004;0.0;0.0;0.0;0.0
2030-12-17 11:00:00;537.3190413965016;1075.0844963913657;0.0;210.02100210021004;0.0;0.0;0.0;0.0
2030-12-17 12:00:00;536.9336459827782;1075.0844963913657;0.0;210.02100210021004;0.0;0.0;0.0;0.0
2030-12-17 13:00:00;537.1182215829442;1075.0844963913657;0.0;210.02100210021004;0.0;0.0;0.0;0.0
2030-12-17 14:00:00;536.4028614402912;1075.0844963913657;0.0;210.02100210021004;0.0;0.0;0.0;0.0
2030-12-17 15:00:00;537.1155263292146;1075.0844963913657;0.0;210.02100210021004;0.0;0.0;0.0;0.0
2030-12-17 16:00:00;537.17967035362;1075.0844963913657;0.0;210.02100210021004;0.0;0.0;0.0;0.0
2030-12-17 17:00:00;537.2835056694619;1075.0844963913657;0.0;210.02100210021004;0.0;0.0;0.0;0.0
2030-12-17 18:00:00;537.4686445123035;1075.0844963913657;0.0;210.02100210021004;0.0;0.0;0.0;0.0
2030-12-17 19:00:00;536.7642465655994;1075.0844963913657;0.0;210.02100210021004;0.0;0.0;0.0;0.0
2030-12-17 20:00:00;536.2365334253811;1075.0844963913657;0.0;210.02100210021004;0.0;0.0;0.0;0.0
2030-12-17 21:00:00;535.4861826094577;1075.0844963913657;0.0;210.02100210021004;0.0;0.0;0.0;0.0
2030-12-17 22:00:00;534.7088728612392;1075.0844963913657;0.0;210.02100210021004;0.0;0.0;0.0;0.0
2030-12-17 23:00:00;533.9316696750753;1075.0844963913657;0.0;210.02100210021004;0.0;0.0;0.0;0.0
2030-12-18 00:00:00;533.618433830398;1075.0844963913657;0.0;210.02100210021004;0.0;0.0;0.0;0.0
2030-12-18 01:00:00;534.2469752199365;1075.0844963913657;0.0;210.02100210021004;0.0;0.0;0.0;0.0
2030-12-18 02:00:00;533.7670131346753;1075.0844963913657;0.0;210.02100210021004;0.0;0.0;0.0;0.0
2030-12-18 03:00:00;533.5057020336474;1075.0844963913657;0.0;210.02100210021004;0.0;0.0;0.0;0.0
2030-12-18 04:00:00;532.8692899349917;1075.0844963913657;0.0;210.02100210021004;0.0;0.0;0.0;0.0
2030-12-18 05:00:00;532.6837951250889;1075.0844963913657;0.0;210.02100210021004;0.0;0.0;0.0;0.0
2030-12-18 06:00:00;533.7630647489772;1075.0844963913657;0.0;210.02100210021004;0.0;0.0;0.0;0.0
2030-12-18 07:00:00;533.8781136906513;1075.0844963913657;0.0;210.02100210021004;0.0;0.0;0.0;0.0
2030-12-18 08:00:00;534.6531445674152;1075.0844963913657;0.0;210.02100210021004;0.0;0.0;0.0;0.0
2030-12-18 09:00:00;535.4293279271985;1075.0844963913657;0.0;210.02100210021004;0.0;0.0;0.0;0.0
2030-12-18 10:00:00;535.8473364540552;1075.0844963913657;0.0;210.02100210021004;0.0;0.0;0.0;0.0
2030-12-18 11:00:00;536.0619183513842;1075.0844963913657;0.0;210.02100210021004;0.0;0.0;0.0;0.0
2030-12-18 12:00:00;535.8247683197061;1075.0844963913657;0.0;210.02100210021004;0.0;0.0;0.0;0.0
2030-12-18 13:00:00;535.8283164871582;1075.0844963913657;0.0;210.02100210021004;0.0;0.0;0.0;0.0
2030-12-18 14:00:00;535.8745227465275;1075.0844963913657;0.0;210.02100210021004;0.0;0.0;0.0;0.0
2030-12-18 15:00:00;535.7547167243124;1075.0844963913657;0.0;210.02100210021004;0.0;0.0;0.0;0.0
2030-12-18 16:00:00;536.5639477361046;1075.0844963913657;0.0;210.02100210021004;0.0;0.0;0.0;0.0
2030-12-18 17:00:00;536.5553469039589;1075.0844963913657;0.0;210.02100210021004;0.0;0.0;0.0;0.0
2030-12-18 18:00:00;537.5422481956829;1075.0844963913657;0.0;210.02100210021004;0.0;0.0;0.0;0.0
2030-12-18 19:00:00;537.3132384273015;1075.0844963913657;0.0;210.02100210021004;0.0;0.0;0.0;0.0
2030-12-18 20:00:00;536.8805466466697;1075.0844963913657;0.0;210.02100210021004;0.0;0.0;0.0;0.0
2030-12-18 21:00:00;536.2587937320824;1075.0844963913657;0.0;210.02100210021004;0.0;0.0;0.0;0.0
2030-12-18 22:00:00;535.0036116833488;1075.0844963913657;0.0;210.02100210021004;0.0;0.0;0.0;0.0
2030-12-18 23:00:00;533.599305308874;1075.0844963913657;0.0;210.02100210021004;0.0;0.0;0.0;0.0
2030-12-19 00:00:00;532.9506376485657;1075.0844963913657;0.0;210.02100210021004;0.0;0.0;0.0;0.0
2030-12-19 01:00:00;530.6285240299449;1075.0844963913657;0.0;210.02100210021004;0.0;0.0;0.0;0.0
2030-12-19 02:00:00;528.5660721472814;1075.0844963913657;0.0;210.02100210021004;0.0;0.0;0.0;0.0
2030-12-19 03:00:00;528.138101133989;1075.0844963913657;0.0;210.02100210021004;0.0;0.0;0.0;0.0
2030-12-19 04:00:00;527.8192675385434;1075.0844963913657;0.0;210.02100210021004;0.0;0.0;0.0;0.0
2030-12-19 05:00:00;527.7337038776641;1075.0844963913657;0.0;210.02100210021004;0.0;0.0;0.0;0.0
2030-12-19 06:00:00;528.0591771596984;1075.0844963913657;0.0;210.02100210021004;0.0;0.0;0.0;0.0
2030-12-19 07:00:00;529.5480636495683;1075.0844963913657;0.0;210.02100210021004;0.0;0.0;0.0;0.0
2030-12-19 08:00:00;531.4090902819964;1075.0844963913657;0.0;210.02100210021004;0.0;0.0;0.0;0.0
2030-12-19 09:00:00;532.2305606914125;1075.0844963913657;0.0;210.02100210021004;0.0;0.0;0.0;0.0
2030-12-19 10:00:00;532.0643151688505;1075.0844963913657;0.0;210.02100210021004;0.0;0.0;0.0;0.0
2030-12-19 11:00:00;532.6431625144759;1075.0844963913657;0.0;210.02100210021004;0.0;0.0;0.0;0.0
2030-12-19 12:00:00;532.791450155134;1075.0844963913657;0.0;210.02100210021004;0.0;0.0;0.0;0.0
2030-12-19 13:00:00;532.6685526137825;1075.0844963913657;0.0;210.02100210021004;0.0;0.0;0.0;0.0
2030-12-19 14:00:00;532.5957031554433;1075.0844963913657;0.0;210.02100210021004;0.0;0.0;0.0;0.0
2030-12-19 15:00:00;532.5743016755703;1075.0844963913657;0.0;210.02100210021004;0.0;0.0;0.0;0.0
2030-12-19 16:00:00;532.6875946901192;1075.0844963913657;0.0;210.02100210021004;0.0;0.0;0.0;0.0
2030-12-19 17:00:00;532.5496879107438;1075.0844963913657;0.0;210.02100210021004;0.0;0.0;0.0;0.0
2030-12-19 18:00:00;532.0429760321529;1075.0844963913657;0.0;210.02100210021004;0.0;0.0;0.0;0.0
2030-12-19 19:00:00;532.3426830986465;1075.0844963913657;0.0;210.02100210021004;0.0;0.0;0.0;0.0
2030-12-19 20:00:00;531.7662152411198;1075.0844963913657;0.0;210.02100210021004;0.0;0.0;0.0;0.0
2030-12-19 21:00:00;530.9908927007368;1075.0844963913657;0.0;210.02100210021004;0.0;0.0;0.0;0.0
2030-12-19 22:00:00;529.8050502486642;1075.0844963913657;0.0;210.02100210021004;0.0;0.0;0.0;0.0
2030-12-19 23:00:00;529.1581144457743;1075.0844963913657;0.0;210.02100210021004;0.0;0.0;0.0;0.0
2030-12-20 00:00:00;528.7832206268453;1075.0844963913657;0.0;210.02100210021004;0.0;0.0;0.0;0.0
2030-12-20 01:00:00;528.3330958689063;1075.0844963913657;0.0;210.02100210021004;0.0;0.0;0.0;0.0
2030-12-20 02:00:00;528.1179949800867;1075.0844963913657;0.0;210.02100210021004;0.0;0.0;0.0;0.0
2030-12-20 03:00:00;527.9571178878492;1075.0844963913657;0.0;210.02100210021004;0.0;0.0;0.0;0.0
2030-12-20 04:00:00;527.9270512400833;1075.0844963913657;0.0;210.02100210021004;0.0;0.0;0.0;0.0
2030-12-20 05:00:00;528.3172700303619;1075.0844963913657;0.0;210.02100210021004;0.0;0.0;0.0;0.0
2030-12-20 06:00:00;527.7265412467457;1075.0844963913657;0.0;210.02100210021004;0.0;0.0;0.0;0.0
2030-12-20 07:00:00;528.3796360182023;1075.0844963913657;0.0;210.02100210021004;0.0;0.0;0.0;0.0
2030-12-20 08:00:00;529.4416194928789;1075.0844963913657;0.0;210.02100210021004;0.0;0.0;0.0;0.0
2030-12-20 09:00:00;530.2672454666916;1075.0844963913657;0.0;210.02100210021004;0.0;0.0;0.0;0.0
2030-12-20 10:00:00;530.7438626749711;1075.0844963913657;0.0;210.02100210021004;0.0;0.0;0.0;0.0
2030-12-20 11:00:00;530.9777380462152;1075.0844963913657;0.0;210.02100210021004;0.0;0.0;0.0;0.0
2030-12-20 12:00:00;530.9482547256872;1075.0844963913657;0.0;210.02100210021004;0.0;0.0;0.0;0.0
2030-12-20 13:00:00;530.8791223400303;1075.0844963913657;0.0;210.02100210021004;0.0;0.0;0.0;0.0
2030-12-20 14:00:00;531.093808806842;1075.0844963913657;0.0;210.02100210021004;0.0;0.0;0.0;0.0
2030-12-20 15:00:00;530.9742723711113;1075.0844963913657;0.0;210.02100210021004;0.0;0.0;0.0;0.0
2030-12-20 16:00:00;530.9095469797347;1075.0844963913657;0.0;210.02100210021004;0.0;0.0;0.0;0.0
2030-12-20 17:00:00;531.0756216044945;1075.0844963913657;0.0;210.02100210021004;0.0;0.0;0.0;0.0
2030-12-20 18:00:00;531.0252798975961;1075.0844963913657;0.0;210.02100210021004;0.0;0.0;0.0;0.0
2030-12-20 19:00:00;530.7370359265514;1075.0844963913657;0.0;210.02100210021004;0.0;0.0;0.0;0.0
2030-12-20 20:00:00;530.7055290849859;1075.0844963913657;0.0;210.02100210021004;0.0;0.0;0.0;0.0
2030-12-20 21:00:00;480.6946389240143;1075.0844963913657;0.0;210.02100210021004;0.0;0.0;0.0;0.0
2030-12-20 22:00:00;465.5108854183837;1075.0844963913657;0.0;210.02100210021004;0.0;0.0;0.0;0.0
2030-12-20 23:00:00;465.0060956000136;1075.0844963913657;0.0;210.02100210021004;0.0;0.0;0.0;0.0
2030-12-21 00:00:00;464.5657617148574;1075.0844963913657;0.0;210.02100210021004;0.0;0.0;0.0;0.0
2030-12-21 01:00:00;464.3941818363019;1075.0844963913657;0.0;210.02100210021004;0.0;0.0;0.0;0.0
2030-12-21 02:00:00;464.3741006357006;1075.0844963913657;0.0;210.02100210021004;0.0;0.0;0.0;0.0
2030-12-21 03:00:00;464.1808962454669;1075.0844963913657;0.0;210.02100210021004;0.0;0.0;0.0;0.0
2030-12-21 04:00:00;464.560078698774;1075.0844963913657;0.0;210.02100210021004;0.0;0.0;0.0;0.0
2030-12-21 05:00:00;464.7206012073781;1075.0844963913657;0.0;210.02100210021004;0.0;0.0;0.0;0.0
2030-12-21 06:00:00;465.1990639544355;1075.0844963913657;0.0;210.02100210021004;0.0;0.0;0.0;0.0
2030-12-21 07:00:00;465.7410566480607;1075.0844963913657;0.0;210.02100210021004;0.0;0.0;0.0;0.0
2030-12-21 08:00:00;466.1339473350513;1075.0844963913657;0.0;210.02100210021004;0.0;0.0;0.0;0.0
2030-12-21 09:00:00;466.1266846946892;1075.0844963913657;0.0;210.02100210021004;0.0;0.0;0.0;0.0
2030-12-21 10:00:00;466.0905530588875;1075.0844963913657;0.0;210.02100210021004;0.0;0.0;0.0;0.0
2030-12-21 11:00:00;466.394294835433;1075.0844963913657;0.0;210.02100210021004;0.0;0.0;0.0;0.0
2030-12-21 12:00:00;466.3192354472904;1075.0844963913657;0.0;210.02100210021004;0.0;0.0;0.0;0.0
2030-12-21 13:00:00;466.3686940281564;1075.0844963913657;0.0;210.02100210021004;0.0;0.0;0.0;0.0
2030-12-21 14:00:00;466.4286834375476;1075.0844963913657;0.0;210.02100210021004;0.0;0.0;0.0;0.0
2030-12-21 15:00:00;466.5847031091272;1075.0844963913657;0.0;210.02100210021004;0.0;0.0;0.0;0.0
2030-12-21 16:00:00;466.6892306605392;1075.0844963913657;0.0;210.02100210021004;0.0;0.0;0.0;0.0
2030-12-21 17:00:00;466.4618192342;1075.0844963913657;0.0;210.02100210021004;0.0;0.0;0.0;0.0
2030-12-21 18:00:00;466.5592657112588;1075.0844963913657;0.0;210.02100210021004;0.0;0.0;0.0;0.0
2030-12-21 19:00:00;466.2697768664241;1075.0844963913657;0.0;210.02100210021004;0.0;0.0;0.0;0.0
2030-12-21 20:00:00;466.293235194794;1075.0844963913657;0.0;210.02100210021004;0.0;0.0;0.0;0.0
2030-12-21 21:00:00;466.1761614321563;1075.0844963913657;0.0;210.02100210021004;0.0;0.0;0.0;0.0
2030-12-21 22:00:00;466.072814059803;1075.0844963913657;0.0;210.02100210021004;0.0;0.0;0.0;0.0
2030-12-21 23:00:00;465.4824703379669;1075.0844963913657;0.0;210.02100210021004;0.0;0.0;0.0;0.0
2030-12-22 00:00:00;465.469034453297;1075.0844963913657;0.0;210.02100210021004;0.0;0.0;0.0;0.0
2030-12-22 01:00:00;464.8795077785016;1075.0844963913657;0.0;210.02100210021004;0.0;0.0;0.0;0.0
2030-12-22 02:00:00;464.921050081373;1075.0844963913657;0.0;210.02100210021004;0.0;0.0;0.0;0.0
2030-12-22 03:00:00;464.8453733687995;1075.0844963913657;0.0;210.02100210021004;0.0;0.0;0.0;0.0
2030-12-22 04:00:00;464.8470800892846;1075.0844963913657;0.0;210.02100210021004;0.0;0.0;0.0;0.0
2030-12-22 05:00:00;464.8072445068983;1075.0844963913657;0.0;210.02100210021004;0.0;0.0;0.0;0.0
2030-12-22 06:00:00;464.9696553019966;1075.0844963913657;0.0;210.02100210021004;0.0;0.0;0.0;0.0
2030-12-22 07:00:00;465.2556943926593;1075.0844963913657;0.0;210.02100210021004;0.0;0.0;0.0;0.0
2030-12-22 08:00:00;465.4520580314505;1075.0844963913657;0.0;210.02100210021004;0.0;0.0;0.0;0.0
2030-12-22 09:00:00;465.8665006037157;1075.0844963913657;0.0;210.02100210021004;0.0;0.0;0.0;0.0
2030-12-22 10:00:00;466.1988208700861;1075.0844963913657;0.0;210.02100210021004;0.0;0.0;0.0;0.0
2030-12-22 11:00:00;466.5853385901589;1075.0844963913657;0.0;210.02100210021004;0.0;0.0;0.0;0.0
2030-12-22 12:00:00;466.7339322119682;1075.0844963913657;0.0;210.02100210021004;0.0;0.0;0.0;0.0
2030-12-22 13:00:00;466.9232692462091;1075.0844963913657;0.0;210.02100210021004;0.0;0.0;0.0;0.0
2030-12-22 14:00:00;466.7419574295683;1075.0844963913657;0.0;210.02100210021004;0.0;0.0;0.0;0.0
2030-12-22 15:00:00;466.6272258684476;1075.0844963913657;0.0;210.02100210021004;0.0;0.0;0.0;0.0
2030-12-22 16:00:00;466.9082718938612;1075.0844963913657;0.0;210.02100210021004;0.0;0.0;0.0;0.0
2030-12-22 17:00:00;466.6999975248761;1075.0844963913657;0.0;210.02100210021004;0.0;0.0;0.0;0.0
2030-12-22 18:00:00;466.7687928857064;1075.0844963913657;0.0;210.02100210021004;0.0;0.0;0.0;0.0
2030-12-22 19:00:00;467.1869030913547;1075.0844963913657;0.0;210.02100210021004;0.0;0.0;0.0;0.0
2030-12-22 20:00:00;467.0005074264604;1075.0844963913657;0.0;210.02100210021004;0.0;0.0;0.0;0.0
2030-12-22 21:00:00;466.685072798932;1075.0844963913657;0.0;210.02100210021004;0.0;0.0;0.0;0.0
2030-12-22 22:00:00;466.244884166583;1075.0844963913657;0.0;210.02100210021004;0.0;0.0;0.0;0.0
2030-12-22 23:00:00;465.935314121147;1075.0844963913657;0.0;210.02100210021004;0.0;0.0;0.0;0.0
2030-12-23 00:00:00;464.6788773384977;1075.0844963913657;0.0;210.02100210021004;0.0;0.0;0.0;0.0
2030-12-23 01:00:00;465.3539760733599;1075.0844963913657;0.0;210.02100210021004;0.0;0.0;0.0;0.0
2030-12-23 02:00:00;465.7236807809942;1075.0844963913657;0.0;210.02100210021004;0.0;0.0;0.0;0.0
2030-12-23 03:00:00;465.6367288192586;1075.0844963913657;0.0;210.02100210021004;0.0;0.0;0.0;0.0
2030-12-23 04:00:00;465.6428657503646;1075.0844963913657;0.0;210.02100210021004;0.0;0.0;0.0;0.0
2030-12-23 05:00:00;464.7740360838425;1075.0844963913657;0.0;210.02100210021004;0.0;0.0;0.0;0.0
2030-12-23 06:00:00;465.1338272873826;1075.0844963913657;0.0;210.02100210021004;0.0;0.0;0.0;0.0
2030-12-23 07:00:00;465.9617501320651;1075.0844963913657;0.0;210.02100210021004;0.0;0.0;0.0;0.0
2030-12-23 08:00:00;466.710600979805;1075.0844963913657;0.0;210.02100210021004;0.0;0.0;0.0;0.0
2030-12-23 09:00:00;467.5623997546779;1075.0844963913657;0.0;210.02100210021004;0.0;0.0;0.0;0.0
2030-12-23 10:00:00;467.5813734026239;1075.0844963913657;0.0;210.02100210021004;0.0;0.0;0.0;0.0
2030-12-23 11:00:00;467.40721528674;1075.0844963913657;0.0;210.02100210021004;0.0;0.0;0.0;0.0
2030-12-23 12:00:00;467.1995582421857;1075.0844963913657;0.0;210.02100210021004;0.0;0.0;0.0;0.0
2030-12-23 13:00:00;467.2869822755448;1075.0844963913657;0.0;210.02100210021004;0.0;0.0;0.0;0.0
2030-12-23 14:00:00;467.2012831192716;1075.0844963913657;0.0;210.02100210021004;0.0;0.0;0.0;0.0
2030-12-23 15:00:00;467.3660724290884;1075.0844963913657;0.0;210.02100210021004;0.0;0.0;0.0;0.0
2030-12-23 16:00:00;467.2659750882974;1075.0844963913657;0.0;210.02100210021004;0.0;0.0;0.0;0.0
2030-12-23 17:00:00;467.3443026646029;1075.0844963913657;0.0;210.02100210021004;0.0;0.0;0.0;0.0
2030-12-23 18:00:00;467.5031910791255;1075.0844963913657;0.0;210.02100210021004;0.0;0.0;0.0;0.0
2030-12-23 19:00:00;467.3866257013132;1075.0844963913657;0.0;210.02100210021004;0.0;0.0;0.0;0.0
2030-12-23 20:00:00;467.3235133565663;1075.0844963913657;0.0;210.02100210021004;0.0;0.0;0.0;0.0
2030-12-23 21:00:00;467.1500633481176;1075.0844963913657;0.0;210.02100210021004;0.0;0.0;0.0;0.0
2030-12-23 22:00:00;466.8460492225586;1075.0844963913657;0.0;210.02100210021004;0.0;0.0;0.0;0.0
2030-12-23 23:00:00;466.7231471910304;1075.0844963913657;0.0;210.02100210021004;0.0;0.0;0.0;0.0
2030-12-24 00:00:00;466.3586715844568;1075.0844963913657;0.0;210.02100210021004;0.0;0.0;0.0;0.0
2030-12-24 01:00:00;465.6284494092459;1075.0844963913657;0.0;210.02100210021004;0.0;0.0;0.0;0.0
2030-12-24 02:00:00;465.775118431359;1075.0844963913657;0.0;210.02100210021004;0.0;0.0;0.0;0.0
2030-12-24 03:00:00;465.8019357308963;1075.0844963913657;0.0;210.02100210021004;0.0;0.0;0.0;0.0
2030-12-24 04:00:00;465.204910379927;1075.0844963913657;0.0;210.02100210021004;0.0;0.0;0.0;0.0
2030-12-24 05:00:00;465.1710846324404;1075.0844963913657;0.0;210.02100210021004;0.0;0.0;0.0;0.0
2030-12-24 06:00:00;464.7656658908252;1075.0844963913657;0.0;210.02100210021004;0.0;0.0;0.0;0.0
2030-12-24 07:00:00;465.3093471483346;1075.0844963913657;0.0;210.02100210021004;0.0;0.0;0.0;0.0
2030-12-24 08:00:00;465.9195360349602;1075.0844963913657;0.0;210.02100210021004;0.0;0.0;0.0;0.0
2030-12-24 09:00:00;466.9904668261598;1075.0844963913657;0.0;210.02100210021004;0.0;0.0;0.0;0.0
2030-12-24 10:00:00;467.1168912382636;1075.0844963913657;0.0;210.02100210021004;0.0;0.0;0.0;0.0
2030-12-24 11:00:00;467.0581727909358;1075.0844963913657;0.0;210.02100210021004;0.0;0.0;0.0;0.0
2030-12-24 12:00:00;467.0072072121944;1075.0844963913657;0.0;210.02100210021004;0.0;0.0;0.0;0.0
2030-12-24 13:00:00;466.6696578447633;1075.0844963913657;0.0;210.02100210021004;0.0;0.0;0.0;0.0
2030-12-24 14:00:00;466.5811262587489;1075.0844963913657;0.0;210.02100210021004;0.0;0.0;0.0;0.0
2030-12-24 15:00:00;466.1736558212313;1075.0844963913657;0.0;210.02100210021004;0.0;0.0;0.0;0.0
2030-12-24 16:00:00;466.8399304480536;1075.0844963913657;0.0;210.02100210021004;0.0;0.0;0.0;0.0
2030-12-24 17:00:00;466.8839783618499;1075.0844963913657;0.0;210.02100210021004;0.0;0.0;0.0;0.0
2030-12-24 18:00:00;466.8225364243863;1075.0844963913657;0.0;210.02100210021004;0.0;0.0;0.0;0.0
2030-12-24 19:00:00;466.9374495515162;1075.0844963913657;0.0;210.02100210021004;0.0;0.0;0.0;0.0
2030-12-24 20:00:00;466.5906584742242;1075.0844963913657;0.0;210.02100210021004;0.0;0.0;0.0;0.0
2030-12-24 21:00:00;465.9988622243156;1075.0844963913657;0.0;210.02100210021004;0.0;0.0;0.0;0.0
2030-12-24 22:00:00;466.2979559110293;1075.0844963913657;0.0;210.02100210021004;0.0;0.0;0.0;0.0
2030-12-24 23:00:00;466.1556263165322;1075.0844963913657;0.0;210.02100210021004;0.0;0.0;0.0;0.0
2030-12-25 00:00:00;465.8340729144987;1075.0844963913657;0.0;210.02100210021004;0.0;0.0;0.0;0.0
2030-12-25 01:00:00;465.2556217662557;1075.0844963913657;0.0;210.02100210021004;0.0;0.0;0.0;0.0
2030-12-25 02:00:00;464.953840902608;1075.0844963913657;0.0;210.02100210021004;0.0;0.0;0.0;0.0
2030-12-25 03:00:00;464.5331887728331;1075.0844963913657;0.0;210.02100210021004;0.0;0.0;0.0;0.0
2030-12-25 04:00:00;464.9299831290184;1075.0844963913657;0.0;210.02100210021004;0.0;0.0;0.0;0.0
2030-12-25 05:00:00;464.890928280471;1075.0844963913657;0.0;210.02100210021004;0.0;0.0;0.0;0.0
2030-12-25 06:00:00;465.0599480782989;1075.0844963913657;0.0;210.02100210021004;0.0;0.0;0.0;0.0
2030-12-25 07:00:00;464.2850788214618;1075.0844963913657;0.0;210.02100210021004;0.0;0.0;0.0;0.0
2030-12-25 08:00:00;464.7785207642661;1075.0844963913657;0.0;210.02100210021004;0.0;0.0;0.0;0.0
2030-12-25 09:00:00;465.9413421126475;1075.0844963913657;0.0;210.02100210021004;0.0;0.0;0.0;0.0
2030-12-25 10:00:00;466.5742449070057;1075.0844963913657;0.0;210.02100210021004;0.0;0.0;0.0;0.0
2030-12-25 11:00:00;466.9373769251125;1075.0844963913657;0.0;210.02100210021004;0.0;0.0;0.0;0.0
2030-12-25 12:00:00;466.5900956195961;1075.0844963913657;0.0;210.02100210021004;0.0;0.0;0.0;0.0
2030-12-25 13:00:00;466.7682118744775;1075.0844963913657;0.0;210.02100210021004;0.0;0.0;0.0;0.0
2030-12-25 14:00:00;466.7558653858619;1075.0844963913657;0.0;210.02100210021004;0.0;0.0;0.0;0.0
2030-12-25 15:00:00;467.3635668181635;1075.0844963913657;0.0;210.02100210021004;0.0;0.0;0.0;0.0
2030-12-25 16:00:00;467.5113433929321;1075.0844963913657;0.0;210.02100210021004;0.0;0.0;0.0;0.0
2030-12-25 17:00:00;467.4928418166095;1075.0844963913657;0.0;210.02100210021004;0.0;0.0;0.0;0.0
2030-12-25 18:00:00;467.4888110512085;1075.0844963913657;0.0;210.02100210021004;0.0;0.0;0.0;0.0
2030-12-25 19:00:00;467.1921685056172;1075.0844963913657;0.0;210.02100210021004;0.0;0.0;0.0;0.0
2030-12-25 20:00:00;467.3108037359326;1075.0844963913657;0.0;210.02100210021004;0.0;0.0;0.0;0.0
2030-12-25 21:00:00;467.1878472346017;1075.0844963913657;0.0;210.02100210021004;0.0;0.0;0.0;0.0
2030-12-25 22:00:00;467.1165099496445;1075.0844963913657;0.0;210.02100210021004;0.0;0.0;0.0;0.0
2030-12-25 23:00:00;466.8717771260415;1075.0844963913657;0.0;210.02100210021004;0.0;0.0;0.0;0.0
2030-12-26 00:00:00;466.5798734532864;1075.0844963913657;0.0;210.02100210021004;0.0;0.0;0.0;0.0
2030-12-26 01:00:00;466.7532871485334;1075.0844963913657;0.0;210.02100210021004;0.0;0.0;0.0;0.0
2030-12-26 02:00:00;466.8201034398649;1075.0844963913657;0.0;210.02100210021004;0.0;0.0;0.0;0.0
2030-12-26 03:00:00;466.836026778859;1075.0844963913657;0.0;210.02100210021004;0.0;0.0;0.0;0.0
2030-12-26 04:00:00;466.8274568632316;1075.0844963913657;0.0;210.02100210021004;0.0;0.0;0.0;0.0
2030-12-26 05:00:00;467.0344602701534;1075.0844963913657;0.0;210.02100210021004;0.0;0.0;0.0;0.0
2030-12-26 06:00:00;466.6606158575125;1075.0844963913657;0.0;210.02100210021004;0.0;0.0;0.0;0.0
2030-12-26 07:00:00;466.6916454884598;1075.0844963913657;0.0;210.02100210021004;0.0;0.0;0.0;0.0
2030-12-26 08:00:00;466.8740103879528;1075.0844963913657;0.0;210.02100210021004;0.0;0.0;0.0;0.0
2030-12-26 09:00:00;467.3173945820613;1075.0844963913657;0.0;210.02100210021004;0.0;0.0;0.0;0.0
2030-12-26 10:00:00;468.1370924865336;1075.0844963913657;0.0;210.02100210021004;0.0;0.0;0.0;0.0
2030-12-26 11:00:00;469.1775746580149;1075.0844963913657;0.0;210.02100210021004;0.0;0.0;0.0;0.0
2030-12-26 12:00:00;469.8132000340189;1075.0844963913657;0.0;210.02100210021004;0.0;0.0;0.0;0.0
2030-12-26 13:00:00;470.0344208748495;1075.0844963913657;0.0;210.02100210021004;0.0;0.0;0.0;0.0
2030-12-26 14:00:00;470.1347212977903;1075.0844963913657;0.0;210.02100210021004;0.0;0.0;0.0;0.0
2030-12-26 15:00:00;470.1728846034384;1075.0844963913657;0.0;210.02100210021004;0.0;0.0;0.0;0.0
2030-12-26 16:00:00;469.8316547341221;1075.0844963913657;0.0;210.02100210021004;0.0;0.0;0.0;0.0
2030-12-26 17:00:00;469.7801551981817;1075.0844963913657;0.0;210.02100210021004;0.0;0.0;0.0;0.0
2030-12-26 18:00:00;469.9206635204101;1075.0844963913657;0.0;210.02100210021004;0.0;0.0;0.0;0.0
2030-12-26 19:00:00;469.7692197843473;1075.0844963913657;0.0;210.02100210021004;0.0;0.0;0.0;0.0
2030-12-26 20:00:00;469.5012798111694;1075.0844963913657;0.0;210.02100210021004;0.0;0.0;0.0;0.0
2030-12-26 21:00:00;469.5096937073396;1075.0844963913657;0.0;210.02100210021004;0.0;0.0;0.0;0.0
2030-12-26 22:00:00;469.4161610037502;1075.0844963913657;0.0;210.02100210021004;0.0;0.0;0.0;0.0
2030-12-26 23:00:00;468.2626272251931;1075.0844963913657;0.0;210.02100210021004;0.0;0.0;0.0;0.0
2030-12-27 00:00:00;467.2032440321693;1075.0844963913657;0.0;210.02100210021004;0.0;0.0;0.0;0.0
2030-12-27 01:00:00;467.5137037510498;1075.0844963913657;0.0;210.02100210021004;0.0;0.0;0.0;0.0
2030-12-27 02:00:00;467.6314856211226;1075.0844963913657;0.0;210.02100210021004;0.0;0.0;0.0;0.0
2030-12-27 03:00:00;467.6202648417632;1075.0844963913657;0.0;210.02100210021004;0.0;0.0;0.0;0.0
2030-12-27 04:00:00;467.4870498609208;1075.0844963913657;0.0;210.02100210021004;0.0;0.0;0.0;0.0
2030-12-27 05:00:00;467.611477046925;1075.0844963913657;0.0;210.02100210021004;0.0;0.0;0.0;0.0
2030-12-27 06:00:00;467.8693189363816;1075.0844963913657;0.0;210.02100210021004;0.0;0.0;0.0;0.0
2030-12-27 07:00:00;468.935474541543;1075.0844963913657;0.0;210.02100210021004;0.0;0.0;0.0;0.0
2030-12-27 08:00:00;469.9545560315293;1075.0844963913657;0.0;210.02100210021004;0.0;0.0;0.0;0.0
2030-12-27 09:00:00;470.0230266935912;1075.0844963913657;0.0;210.02100210021004;0.0;0.0;0.0;0.0
2030-12-27 10:00:00;470.2934680675656;1075.0844963913657;0.0;210.02100210021004;0.0;0.0;0.0;0.0
2030-12-27 11:00:00;470.3802934024068;1075.0844963913657;0.0;210.02100210021004;0.0;0.0;0.0;0.0
2030-12-27 12:00:00;470.2980523354702;1075.0844963913657;0.0;210.02100210021004;0.0;0.0;0.0;0.0
2030-12-27 13:00:00;470.4376671602523;1075.0844963913657;0.0;210.02100210021004;0.0;0.0;0.0;0.0
2030-12-27 14:00:00;471.22596853945;1075.0844963913657;0.0;210.02100210021004;0.0;0.0;0.0;0.0
2030-12-27 15:00:00;471.3320188043509;1075.0844963913657;0.0;210.02100210021004;0.0;0.0;0.0;0.0
2030-12-27 16:00:00;471.6144175798879;1075.0844963913657;0.0;210.02100210021004;0.0;0.0;0.0;0.0
2030-12-27 17:00:00;471.6533807085627;1075.0844963913657;0.0;210.02100210021004;0.0;0.0;0.0;0.0
2030-12-27 18:00:00;471.7285031252509;1075.0844963913657;0.0;210.02100210021004;0.0;0.0;0.0;0.0
2030-12-27 19:00:00;471.6623375400748;1075.0844963913657;0.0;210.02100210021004;0.0;0.0;0.0;0.0
2030-12-27 20:00:00;471.646551967571;1075.0844963913657;0.0;210.02100210021004;0.0;0.0;0.0;0.0
2030-12-27 21:00:00;471.4683223978025;1075.0844963913657;0.0;210.02100210021004;0.0;0.0;0.0;0.0
2030-12-27 22:00:00;471.1868226828293;1075.0844963913657;0.0;210.02100210021004;0.0;0.0;0.0;0.0
2030-12-27 23:00:00;470.2708538904619;1075.0844963913657;0.0;210.02100210021004;0.0;0.0;0.0;0.0
2030-12-28 00:00:00;469.6304310629328;1075.0844963913657;0.0;210.02100210021004;0.0;0.0;0.0;0.0
2030-12-28 01:00:00;468.8537066345243;1075.0844963913657;0.0;210.02100210021004;0.0;0.0;0.0;0.0
2030-12-28 02:00:00;467.8042456787369;1075.0844963913657;0.0;210.02100210021004;0.0;0.0;0.0;0.0
2030-12-28 03:00:00;467.6415443780242;1075.0844963913657;0.0;210.02100210021004;0.0;0.0;0.0;0.0
2030-12-28 04:00:00;467.109120213076;1075.0844963913657;0.0;210.02100210021004;0.0;0.0;0.0;0.0
2030-12-28 05:00:00;467.1012039350813;1075.0844963913657;0.0;210.02100210021004;0.0;0.0;0.0;0.0
2030-12-28 06:00:00;467.234001314103;1075.0844963913657;0.0;210.02100210021004;0.0;0.0;0.0;0.0
2030-12-28 07:00:00;467.9028541782538;1075.0844963913657;0.0;210.02100210021004;0.0;0.0;0.0;0.0
2030-12-28 08:00:00;468.5382262703352;1075.0844963913657;0.0;210.02100210021004;0.0;0.0;0.0;0.0
2030-12-28 09:00:00;468.9402315709804;1075.0844963913657;0.0;210.02100210021004;0.0;0.0;0.0;0.0
2030-12-28 10:00:00;469.2910535160908;1075.0844963913657;0.0;210.02100210021004;0.0;0.0;0.0;0.0
2030-12-28 11:00:00;469.3865121786109;1075.0844963913657;0.0;210.02100210021004;0.0;0.0;0.0;0.0
2030-12-28 12:00:00;533.7189684558326;1075.0844963913657;0.0;210.02100210021004;0.0;0.0;0.0;0.0
2030-12-28 13:00:00;533.7001556676342;1075.0844963913657;0.0;210.02100210021004;0.0;0.0;0.0;0.0
2030-12-28 14:00:00;533.7487414474075;1075.0844963913657;0.0;210.02100210021004;0.0;0.0;0.0;0.0
2030-12-28 15:00:00;533.5133856486285;1075.0844963913657;0.0;210.02100210021004;0.0;0.0;0.0;0.0
2030-12-28 16:00:00;469.2847450972468;1075.0844963913657;0.0;210.02100210021004;0.0;0.0;0.0;0.0
2030-12-28 17:00:00;469.2587957404088;1075.0844963913657;0.0;210.02100210021004;0.0;0.0;0.0;0.0
2030-12-28 18:00:00;469.352063133137;1075.0844963913657;0.0;210.02100210021004;0.0;0.0;0.0;0.0
2030-12-28 19:00:00;469.0949498551186;1075.0844963913657;0.0;210.02100210021004;0.0;0.0;0.0;0.0
2030-12-28 20:00:00;469.0950564171735;1075.0844963913657;0.0;210.02100210021004;0.0;0.0;0.0;0.0
2030-12-28 21:00:00;469.2993217889669;1075.0844963913657;0.0;210.02100210021004;0.0;0.0;0.0;0.0
2030-12-28 22:00:00;533.0903023153331;1075.0844963913657;0.0;210.02100210021004;0.0;0.0;0.0;0.0
2030-12-28 23:00:00;531.6030631979613;1075.0844963913657;0.0;210.02100210021004;0.0;0.0;0.0;0.0
2030-12-29 00:00:00;530.7795069243325;1075.0844963913657;0.0;210.02100210021004;0.0;0.0;0.0;0.0
2030-12-29 01:00:00;529.4517450037445;1075.0844963913657;0.0;210.02100210021004;0.0;0.0;0.0;0.0
2030-12-29 02:00:00;528.8850707274235;1075.0844963913657;0.0;210.02100210021004;0.0;0.0;0.0;0.0
2030-12-29 03:00:00;528.6190448044673;1075.0844963913657;0.0;210.02100210021004;0.0;0.0;0.0;0.0
2030-12-29 04:00:00;528.4471612650964;1075.0844963913657;0.0;210.02100210021004;0.0;0.0;0.0;0.0
2030-12-29 05:00:00;528.4284128449507;1075.0844963913657;0.0;210.02100210021004;0.0;0.0;0.0;0.0
2030-12-29 06:00:00;464.7661379624487;1075.0844963913657;0.0;210.02100210021004;0.0;0.0;0.0;0.0
2030-12-29 07:00:00;464.823803326924;1075.0844963913657;0.0;210.02100210021004;0.0;0.0;0.0;0.0
2030-12-29 08:00:00;464.8514013603001;1075.0844963913657;0.0;210.02100210021004;0.0;0.0;0.0;0.0
2030-12-29 09:00:00;465.5847464708667;1075.0844963913657;0.0;210.02100210021004;0.0;0.0;0.0;0.0
2030-12-29 10:00:00;466.2497864488274;1075.0844963913657;0.0;210.02100210021004;0.0;0.0;0.0;0.0
2030-12-29 11:00:00;466.7480398908716;1075.0844963913657;0.0;210.02100210021004;0.0;0.0;0.0;0.0
2030-12-29 12:00:00;466.8954533336221;1075.0844963913657;0.0;210.02100210021004;0.0;0.0;0.0;0.0
2030-12-29 13:00:00;466.7783432577826;1075.0844963913657;0.0;210.02100210021004;0.0;0.0;0.0;0.0
2030-12-29 14:00:00;466.7062433955875;1075.0844963913657;0.0;210.02100210021004;0.0;0.0;0.0;0.0
2030-12-29 15:00:00;467.4625384496985;1075.0844963913657;0.0;210.02100210021004;0.0;0.0;0.0;0.0
2030-12-29 16:00:00;467.5329679046104;1075.0844963913657;0.0;210.02100210021004;0.0;0.0;0.0;0.0
2030-12-29 17:00:00;467.5358003343516;1075.0844963913657;0.0;210.02100210021004;0.0;0.0;0.0;0.0
2030-12-29 18:00:00;467.9103528544279;1075.0844963913657;0.0;210.02100210021004;0.0;0.0;0.0;0.0
2030-12-29 19:00:00;467.8760731919185;1075.0844963913657;0.0;210.02100210021004;0.0;0.0;0.0;0.0
2030-12-29 20:00:00;467.8857688168019;1075.0844963913657;0.0;210.02100210021004;0.0;0.0;0.0;0.0
2030-12-29 21:00:00;467.8062973746393;1075.0844963913657;0.0;210.02100210021004;0.0;0.0;0.0;0.0
2030-12-29 22:00:00;467.6480262845475;1075.0844963913657;0.0;210.02100210021004;0.0;0.0;0.0;0.0
2030-12-29 23:00:00;467.4801321959758;1075.0844963913657;0.0;210.02100210021004;0.0;0.0;0.0;0.0
2030-12-30 00:00:00;467.1319067472123;1075.0844963913657;0.0;210.02100210021004;0.0;0.0;0.0;0.0
2030-12-30 01:00:00;466.8000948656672;1075.0844963913657;0.0;210.02100210021004;0.0;0.0;0.0;0.0
2030-12-30 02:00:00;466.7633822186367;1075.0844963913657;0.0;210.02100210021004;0.0;0.0;0.0;0.0
2030-12-30 03:00:00;466.4265046454391;1075.0844963913657;0.0;210.02100210021004;0.0;0.0;0.0;0.0
2030-12-30 04:00:00;466.266363425454;1075.0844963913657;0.0;210.02100210021004;0.0;0.0;0.0;0.0
2030-12-30 05:00:00;466.2786554442669;1075.0844963913657;0.0;210.02100210021004;0.0;0.0;0.0;0.0
2030-12-30 06:00:00;466.6686410751126;1075.0844963913657;0.0;210.02100210021004;0.0;0.0;0.0;0.0
2030-12-30 07:00:00;467.5104174062859;1075.0844963913657;0.0;210.02100210021004;0.0;0.0;0.0;0.0
2030-12-30 08:00:00;468.0518109320813;1075.0844963913657;0.0;210.02100210021004;0.0;0.0;0.0;0.0
2030-12-30 09:00:00;468.9875476729396;1075.0844963913657;0.0;210.02100210021004;0.0;0.0;0.0;0.0
2030-12-30 10:00:00;469.8687998717168;1075.0844963913657;0.0;210.02100210021004;0.0;0.0;0.0;0.0
2030-12-30 11:00:00;469.8085543030562;1075.0844963913657;0.0;210.02100210021004;0.0;0.0;0.0;0.0
2030-12-30 12:00:00;469.781523659386;1075.0844963913657;0.0;210.02100210021004;0.0;0.0;0.0;0.0
2030-12-30 13:00:00;469.3183197876036;1075.0844963913657;0.0;210.02100210021004;0.0;0.0;0.0;0.0
2030-12-30 14:00:00;469.3045267501542;1075.0844963913657;0.0;210.02100210021004;0.0;0.0;0.0;0.0
2030-12-30 15:00:00;469.1109914561062;1075.0844963913657;0.0;210.02100210021004;0.0;0.0;0.0;0.0
2030-12-30 16:00:00;469.1296263602069;1075.0844963913657;0.0;210.02100210021004;0.0;0.0;0.0;0.0
2030-12-30 17:00:00;469.703886977222;1075.0844963913657;0.0;210.02100210021004;0.0;0.0;0.0;0.0
2030-12-30 18:00:00;469.9369962321247;1075.0844963913657;0.0;210.02100210021004;0.0;0.0;0.0;0.0
2030-12-30 19:00:00;469.7142669598275;1075.0844963913657;0.0;210.02100210021004;0.0;0.0;0.0;0.0
2030-12-30 20:00:00;470.0623028219638;1075.0844963913657;0.0;210.02100210021004;0.0;0.0;0.0;0.0
2030-12-30 21:00:00;469.8631489444906;1075.0844963913657;0.0;210.02100210021004;0.0;0.0;0.0;0.0
2030-12-30 22:00:00;469.683187362614;1075.0844963913657;0.0;210.02100210021004;0.0;0.0;0.0;0.0
2030-12-30 23:00:00;469.4142169944492;1075.0844963913657;0.0;210.02100210021004;0.0;0.0;0.0;0.0
2030-12-31 00:00:00;469.2674762672306;1075.0844963913657;0.0;210.02100210021004;0.0;0.0;0.0;0.0
2030-12-31 01:00:00;469.0918011207765;1075.0844963913657;0.0;210.02100210021004;0.0;0.0;0.0;0.0
2030-12-31 02:00:00;469.2058865355568;1075.0844963913657;0.0;210.02100210021004;0.0;0.0;0.0;0.0
2030-12-31 03:00:00;469.4968428723837;1075.0844963913657;0.0;210.02100210021004;0.0;0.0;0.0;0.0
2030-12-31 04:00:00;469.2658518092724;1075.0844963913657;0.0;210.02100210021004;0.0;0.0;0.0;0.0
2030-12-31 05:00:00;469.5643901964124;1075.0844963913657;0.0;210.02100210021004;0.0;0.0;0.0;0.0
2030-12-31 06:00:00;469.7892001815176;1075.0844963913657;0.0;210.02100210021004;0.0;0.0;0.0;0.0
2030-12-31 07:00:00;470.0881127569303;1075.0844963913657;0.0;210.02100210021004;0.0;0.0;0.0;0.0
2030-12-31 08:00:00;469.9362970656877;1075.0844963913657;0.0;210.02100210021004;0.0;0.0;0.0;0.0
2030-12-31 09:00:00;470.1940359295569;1075.0844963913657;0.0;210.02100210021004;0.0;0.0;0.0;0.0
2030-12-31 10:00:00;469.8724908840478;1075.0844963913657;0.0;210.02100210021004;0.0;0.0;0.0;0.0
2030-12-31 11:00:00;470.7184503396346;1075.0844963913657;0.0;210.02100210021004;0.0;0.0;0.0;0.0
2030-12-31 12:00:00;469.8745124448185;1075.0844963913657;0.0;210.02100210021004;0.0;0.0;0.0;0.0
2030-12-31 13:00:00;470.5989359810384;1075.0844963913657;0.0;210.02100210021004;0.0;0.0;0.0;0.0
2030-12-31 14:00:00;470.9589432880274;1075.0844963913657;0.0;210.02100210021004;0.0;0.0;0.0;0.0
2030-12-31 15:00:00;471.0197846294533;1075.0844963913657;0.0;210.02100210021004;0.0;0.0;0.0;0.0
2030-12-31 16:00:00;471.0675376446771;1075.0844963913657;0.0;210.02100210021004;0.0;0.0;0.0;0.0
2030-12-31 17:00:00;470.9938735783893;1075.0844963913657;0.0;210.02100210021004;0.0;0.0;0.0;0.0
2030-12-31 18:00:00;471.1922313791945;1075.0844963913657;0.0;210.02100210021004;0.0;0.0;0.0;0.0
2030-12-31 19:00:00;471.1855052474189;1075.0844963913657;0.0;210.02100210021004;0.0;0.0;0.0;0.0
2030-12-31 20:00:00;470.9722850043801;1075.0844963913657;0.0;210.02100210021004;0.0;0.0;0.0;0.0
2030-12-31 21:00:00;470.714648782032;1075.0844963913657;0.0;210.02100210021004;0.0;0.0;0.0;0.0
2030-12-31 22:00:00;470.6635990292399;1075.0844963913657;0.0;210.02100210021004;0.0;0.0;0.0;0.0
2030-12-31 23:00:00;470.5415784713173;1075.0844963913657;0.0;210.02100210021004;0.0;0.0;0.0;0.0
