timestep;Demand;Import limit;Export limit;Import price;Export price;Import emission factor;Export emission factor;Generic production
2030-01-01 00:00:00;439.4683760155374;1040.4688132120662;0.0;210.02100210021004;0.0;0.0;0.0;0.0
2030-01-01 01:00:00;439.3478825640308;1040.4688132120662;0.0;210.02100210021004;0.0;0.0;0.0;0.0
2030-01-01 02:00:00;437.8172824940775;1040.4688132120662;0.0;210.02100210021004;0.0;0.0;0.0;0.0
2030-01-01 03:00:00;437.4055588851505;1040.4688132120662;0.0;210.02100210021004;0.0;0.0;0.0;0.0
2030-01-01 04:00:00;437.3923480706912;1040.4688132120662;0.0;210.02100210021004;0.0;0.0;0.0;0.0
2030-01-01 05:00:00;437.3770765622927;1040.4688132120662;0.0;210.02100210021004;0.0;0.0;0.0;0.0
2030-01-01 06:00:00;437.3735674948991;1040.4688132120662;0.0;210.02100210021004;0.0;0.0;0.0;0.0
2030-01-01 07:00:00;437.257760028135;1040.4688132120662;0.0;210.02100210021004;0.0;0.0;0.0;0.0
2030-01-01 08:00:00;437.256378774426;1040.4688132120662;0.0;210.02100210021004;0.0;0.0;0.0;0.0
2030-01-01 09:00:00;437.2760213090544;1040.4688132120662;0.0;210.02100210021004;0.0;0.0;0.0;0.0
2030-01-01 10:00:00;437.313099669487;1040.4688132120662;0.0;210.02100210021004;0.0;0.0;0.0;0.0
2030-01-01 11:00:00;437.3526143589255;1040.4688132120662;0.0;210.02100210021004;0.0;0.0;0.0;0.0
2030-01-01 12:00:00;437.3687219202935;1040.4688132120662;0.0;210.02100210021004;0.0;0.0;0.0;0.0
2030-01-01 13:00:00;437.3796671489591;1040.4688132120662;0.0;210.02100210021004;0.0;0.0;0.0;0.0
2030-01-01 14:00:00;437.3800003926076;1040.4688132120662;0.0;210.02100210021004;0.0;0.0;0.0;0.0
2030-01-01 15:00:00;437.3698370500995;1040.4688132120662;0.0;210.02100210021004;0.0;0.0;0.0;0.0
2030-01-01 16:00:00;437.3754586231656;1040.4688132120662;0.0;210.02100210021004;0.0;0.0;0.0;0.0
2030-01-01 17:00:00;437.370352812354;1040.4688132120662;0.0;210.02100210021004;0.0;0.0;0.0;0.0
2030-01-01 18:00:00;437.3847870902434;1040.4688132120662;0.0;210.02100210021004;0.0;0.0;0.0;0.0
2030-01-01 19:00:00;437.3734897772991;1040.4688132120662;0.0;210.02100210021004;0.0;0.0;0.0;0.0
2030-01-01 20:00:00;437.365655607712;1040.4688132120662;0.0;210.02100210021004;0.0;0.0;0.0;0.0
2030-01-01 21:00:00;437.3635737180638;1040.4688132120662;0.0;210.02100210021004;0.0;0.0;0.0;0.0
2030-01-01 22:00:00;437.3233689905405;1040.4688132120662;0.0;210.02100210021004;0.0;0.0;0.0;0.0
2030-01-01 23:00:00;437.2960559643009;1040.4688132120662;0.0;210.02100210021004;0.0;0.0;0.0;0.0
2030-01-02 00:00:00;437.2649583264495;1040.4688132120662;0.0;210.02100210021004;0.0;0.0;0.0;0.0
2030-01-02 01:00:00;437.2749532808242;1040.4688132120662;0.0;210.02100210021004;0.0;0.0;0.0;0.0
2030-01-02 02:00:00;437.2765076328241;1040.4688132120662;0.0;210.02100210021004;0.0;0.0;0.0;0.0
2030-01-02 03:00:00;437.2706010952246;1040.4688132120662;0.0;210.02100210021004;0.0;0.0;0.0;0.0
2030-01-02 04:00:00;437.2685133178794;1040.4688132120662;0.0;210.02100210021004;0.0;0.0;0.0;0.0
2030-01-02 05:00:00;437.2569063120745;1040.4688132120662;0.0;210.02100210021004;0.0;0.0;0.0;0.0
2030-01-02 06:00:00;437.2485881737965;1040.4688132120662;0.0;210.02100210021004;0.0;0.0;0.0;0.0
2030-01-02 07:00:00;437.3047356071727;1040.4688132120662;0.0;210.02100210021004;0.0;0.0;0.0;0.0
2030-01-02 08:00:00;437.3903674494308;1040.4688132120662;0.0;210.02100210021004;0.0;0.0;0.0;0.0
2030-01-02 09:00:00;438.4332995688375;1040.4688132120662;0.0;210.02100210021004;0.0;0.0;0.0;0.0
2030-01-02 10:00:00;441.7400028901038;1040.4688132120662;0.0;210.02100210021004;0.0;0.0;0.0;0.0
2030-01-02 11:00:00;442.7711277755565;1040.4688132120662;0.0;210.02100210021004;0.0;0.0;0.0;0.0
2030-01-02 12:00:00;443.7892617183076;1040.4688132120662;0.0;210.02100210021004;0.0;0.0;0.0;0.0
2030-01-02 13:00:00;442.909684878106;1040.4688132120662;0.0;210.02100210021004;0.0;0.0;0.0;0.0
2030-01-02 14:00:00;442.9754988247318;1040.4688132120662;0.0;210.02100210021004;0.0;0.0;0.0;0.0
2030-01-02 15:00:00;441.670317742654;1040.4688132120662;0.0;210.02100210021004;0.0;0.0;0.0;0.0
2030-01-02 16:00:00;441.664034684853;1040.4688132120662;0.0;210.02100210021004;0.0;0.0;0.0;0.0
2030-01-02 17:00:00;441.0919991451702;1040.4688132120662;0.0;210.02100210021004;0.0;0.0;0.0;0.0
2030-01-02 18:00:00;442.0122276168065;1040.4688132120662;0.0;210.02100210021004;0.0;0.0;0.0;0.0
2030-01-02 19:00:00;441.3154701335998;1040.4688132120662;0.0;210.02100210021004;0.0;0.0;0.0;0.0
2030-01-02 20:00:00;443.435662653573;1040.4688132120662;0.0;210.02100210021004;0.0;0.0;0.0;0.0
2030-01-02 21:00:00;442.199500919379;1040.4688132120662;0.0;210.02100210021004;0.0;0.0;0.0;0.0
2030-01-02 22:00:00;441.5953064197067;1040.4688132120662;0.0;210.02100210021004;0.0;0.0;0.0;0.0
2030-01-02 23:00:00;441.5521127922186;1040.4688132120662;0.0;210.02100210021004;0.0;0.0;0.0;0.0
2030-01-03 00:00:00;441.1795089562413;1040.4688132120662;0.0;210.02100210021004;0.0;0.0;0.0;0.0
2030-01-03 01:00:00;440.0295283480535;1040.4688132120662;0.0;210.02100210021004;0.0;0.0;0.0;0.0
2030-01-03 02:00:00;439.2173333259765;1040.4688132120662;0.0;210.02100210021004;0.0;0.0;0.0;0.0
2030-01-03 03:00:00;438.4793222442767;1040.4688132120662;0.0;210.02100210021004;0.0;0.0;0.0;0.0
2030-01-03 04:00:00;437.9045887238046;1040.4688132120662;0.0;210.02100210021004;0.0;0.0;0.0;0.0
2030-01-03 05:00:00;437.864203541684;1040.4688132120662;0.0;210.02100210021004;0.0;0.0;0.0;0.0
2030-01-03 06:00:00;438.9427042202905;1040.4688132120662;0.0;210.02100210021004;0.0;0.0;0.0;0.0
2030-01-03 07:00:00;441.2528754237187;1040.4688132120662;0.0;210.02100210021004;0.0;0.0;0.0;0.0
2030-01-03 08:00:00;441.7570011561472;1040.4688132120662;0.0;210.02100210021004;0.0;0.0;0.0;0.0
2030-01-03 09:00:00;441.9573432569711;1040.4688132120662;0.0;210.02100210021004;0.0;0.0;0.0;0.0
2030-01-03 10:00:00;443.2078007800829;1040.4688132120662;0.0;210.02100210021004;0.0;0.0;0.0;0.0
2030-01-03 11:00:00;443.1757372919379;1040.4688132120662;0.0;210.02100210021004;0.0;0.0;0.0;0.0
2030-01-03 12:00:00;442.3534839356872;1040.4688132120662;0.0;210.02100210021004;0.0;0.0;0.0;0.0
2030-01-03 13:00:00;441.9650014860048;1040.4688132120662;0.0;210.02100210021004;0.0;0.0;0.0;0.0
2030-01-03 14:00:00;442.3258638387091;1040.4688132120662;0.0;210.02100210021004;0.0;0.0;0.0;0.0
2030-01-03 15:00:00;442.5163025983093;1040.4688132120662;0.0;210.02100210021004;0.0;0.0;0.0;0.0
2030-01-03 16:00:00;443.4796214404016;1040.4688132120662;0.0;210.02100210021004;0.0;0.0;0.0;0.0
2030-01-03 17:00:00;445.145825483506;1040.4688132120662;0.0;210.02100210021004;0.0;0.0;0.0;0.0
2030-01-03 18:00:00;444.6882126510037;1040.4688132120662;0.0;210.02100210021004;0.0;0.0;0.0;0.0
2030-01-03 19:00:00;444.5649134943028;1040.4688132120662;0.0;210.02100210021004;0.0;0.0;0.0;0.0
2030-01-03 20:00:00;443.8918452991591;1040.4688132120662;0.0;210.02100210021004;0.0;0.0;0.0;0.0
2030-01-03 21:00:00;443.2529342440187;1040.4688132120662;0.0;210.02100210021004;0.0;0.0;0.0;0.0
2030-01-03 22:00:00;443.5459945138739;1040.4688132120662;0.0;210.02100210021004;0.0;0.0;0.0;0.0
2030-01-03 23:00:00;441.1430545830358;1040.4688132120662;0.0;210.02100210021004;0.0;0.0;0.0;0.0
2030-01-04 00:00:00;441.4052769853261;1040.4688132120662;0.0;210.02100210021004;0.0;0.0;0.0;0.0
2030-01-04 01:00:00;440.4518614844575;1040.4688132120662;0.0;210.02100210021004;0.0;0.0;0.0;0.0
2030-01-04 02:00:00;439.3079067071297;1040.4688132120662;0.0;210.02100210021004;0.0;0.0;0.0;0.0
2030-01-04 03:00:00;439.0909715841858;1040.4688132120662;0.0;210.02100210021004;0.0;0.0;0.0;0.0
2030-01-04 04:00:00;438.4344964111621;1040.4688132120662;0.0;210.02100210021004;0.0;0.0;0.0;0.0
2030-01-04 05:00:00;438.5712229404082;1040.4688132120662;0.0;210.02100210021004;0.0;0.0;0.0;0.0
2030-01-04 06:00:00;438.2893956818339;1040.4688132120662;0.0;210.02100210021004;0.0;0.0;0.0;0.0
2030-01-04 07:00:00;441.7792602572939;1040.4688132120662;0.0;210.02100210021004;0.0;0.0;0.0;0.0
2030-01-04 08:00:00;443.0266030743038;1040.4688132120662;0.0;210.02100210021004;0.0;0.0;0.0;0.0
2030-01-04 09:00:00;443.8548822614144;1040.4688132120662;0.0;210.02100210021004;0.0;0.0;0.0;0.0
2030-01-04 10:00:00;443.8014778544286;1040.4688132120662;0.0;210.02100210021004;0.0;0.0;0.0;0.0
2030-01-04 11:00:00;444.3052438350238;1040.4688132120662;0.0;210.02100210021004;0.0;0.0;0.0;0.0
2030-01-04 12:00:00;444.3628856967538;1040.4688132120662;0.0;210.02100210021004;0.0;0.0;0.0;0.0
2030-01-04 13:00:00;444.0704381409149;1040.4688132120662;0.0;210.02100210021004;0.0;0.0;0.0;0.0
2030-01-04 14:00:00;444.0747782750498;1040.4688132120662;0.0;210.02100210021004;0.0;0.0;0.0;0.0
2030-01-04 15:00:00;444.0667628418087;1040.4688132120662;0.0;210.02100210021004;0.0;0.0;0.0;0.0
2030-01-04 16:00:00;444.2288643558429;1040.4688132120662;0.0;210.02100210021004;0.0;0.0;0.0;0.0
2030-01-04 17:00:00;444.2541885897053;1040.4688132120662;0.0;210.02100210021004;0.0;0.0;0.0;0.0
2030-01-04 18:00:00;443.6360059319363;1040.4688132120662;0.0;210.02100210021004;0.0;0.0;0.0;0.0
2030-01-04 19:00:00;442.7449284536006;1040.4688132120662;0.0;210.02100210021004;0.0;0.0;0.0;0.0
2030-01-04 20:00:00;441.4291200887995;1040.4688132120662;0.0;210.02100210021004;0.0;0.0;0.0;0.0
2030-01-04 21:00:00;440.5797053416294;1040.4688132120662;0.0;210.02100210021004;0.0;0.0;0.0;0.0
2030-01-04 22:00:00;440.2225196581178;1040.4688132120662;0.0;210.02100210021004;0.0;0.0;0.0;0.0
2030-01-04 23:00:00;438.56080720948;1040.4688132120662;0.0;210.02100210021004;0.0;0.0;0.0;0.0
2030-01-05 00:00:00;437.6085663857186;1040.4688132120662;0.0;210.02100210021004;0.0;0.0;0.0;0.0
2030-01-05 01:00:00;437.4319652060569;1040.4688132120662;0.0;210.02100210021004;0.0;0.0;0.0;0.0
2030-01-05 02:00:00;437.419455027537;1040.4688132120662;0.0;210.02100210021004;0.0;0.0;0.0;0.0
2030-01-05 03:00:00;437.3434377944294;1040.4688132120662;0.0;210.02100210021004;0.0;0.0;0.0;0.0
2030-01-05 04:00:00;437.4078291811018;1040.4688132120662;0.0;210.02100210021004;0.0;0.0;0.0;0.0
2030-01-05 05:00:00;437.398172180533;1040.4688132120662;0.0;210.02100210021004;0.0;0.0;0.0;0.0
2030-01-05 06:00:00;437.3773108926321;1040.4688132120662;0.0;210.02100210021004;0.0;0.0;0.0;0.0
2030-01-05 07:00:00;437.3753020104263;1040.4688132120662;0.0;210.02100210021004;0.0;0.0;0.0;0.0
2030-01-05 08:00:00;437.4333323292931;1040.4688132120662;0.0;210.02100210021004;0.0;0.0;0.0;0.0
2030-01-05 09:00:00;437.6642596659797;1040.4688132120662;0.0;210.02100210021004;0.0;0.0;0.0;0.0
2030-01-05 10:00:00;440.3867047534021;1040.4688132120662;0.0;210.02100210021004;0.0;0.0;0.0;0.0
2030-01-05 11:00:00;440.2806795778686;1040.4688132120662;0.0;210.02100210021004;0.0;0.0;0.0;0.0
2030-01-05 12:00:00;440.7761200424322;1040.4688132120662;0.0;210.02100210021004;0.0;0.0;0.0;0.0
2030-01-05 13:00:00;440.5375786654554;1040.4688132120662;0.0;210.02100210021004;0.0;0.0;0.0;0.0
2030-01-05 14:00:00;440.7444107346947;1040.4688132120662;0.0;210.02100210021004;0.0;0.0;0.0;0.0
2030-01-05 15:00:00;440.738029862159;1040.4688132120662;0.0;210.02100210021004;0.0;0.0;0.0;0.0
2030-01-05 16:00:00;440.5627043643764;1040.4688132120662;0.0;210.02100210021004;0.0;0.0;0.0;0.0
2030-01-05 17:00:00;440.5225237485919;1040.4688132120662;0.0;210.02100210021004;0.0;0.0;0.0;0.0
2030-01-05 18:00:00;440.6784977373677;1040.4688132120662;0.0;210.02100210021004;0.0;0.0;0.0;0.0
2030-01-05 19:00:00;440.6278506397293;1040.4688132120662;0.0;210.02100210021004;0.0;0.0;0.0;0.0
2030-01-05 20:00:00;440.5287010397837;1040.4688132120662;0.0;210.02100210021004;0.0;0.0;0.0;0.0
2030-01-05 21:00:00;439.9826594214592;1040.4688132120662;0.0;210.02100210021004;0.0;0.0;0.0;0.0
2030-01-05 22:00:00;439.545061755453;1040.4688132120662;0.0;210.02100210021004;0.0;0.0;0.0;0.0
2030-01-05 23:00:00;439.3230707198729;1040.4688132120662;0.0;210.02100210021004;0.0;0.0;0.0;0.0
2030-01-06 00:00:00;437.7991575906429;1040.4688132120662;0.0;210.02100210021004;0.0;0.0;0.0;0.0
2030-01-06 01:00:00;438.3301370831697;1040.4688132120662;0.0;210.02100210021004;0.0;0.0;0.0;0.0
2030-01-06 02:00:00;437.522283565314;1040.4688132120662;0.0;210.02100210021004;0.0;0.0;0.0;0.0
2030-01-06 03:00:00;437.4163816497191;1040.4688132120662;0.0;210.02100210021004;0.0;0.0;0.0;0.0
2030-01-06 04:00:00;437.4201168046762;1040.4688132120662;0.0;210.02100210021004;0.0;0.0;0.0;0.0
2030-01-06 05:00:00;437.3548481511556;1040.4688132120662;0.0;210.02100210021004;0.0;0.0;0.0;0.0
2030-01-06 06:00:00;437.3522057527558;1040.4688132120662;0.0;210.02100210021004;0.0;0.0;0.0;0.0
2030-01-06 07:00:00;437.4185871810037;1040.4688132120662;0.0;210.02100210021004;0.0;0.0;0.0;0.0
2030-01-06 08:00:00;437.4559775893757;1040.4688132120662;0.0;210.02100210021004;0.0;0.0;0.0;0.0
2030-01-06 09:00:00;438.0342276132797;1040.4688132120662;0.0;210.02100210021004;0.0;0.0;0.0;0.0
2030-01-06 10:00:00;440.7345022784957;1040.4688132120662;0.0;210.02100210021004;0.0;0.0;0.0;0.0
2030-01-06 11:00:00;441.2691161089076;1040.4688132120662;0.0;210.02100210021004;0.0;0.0;0.0;0.0
2030-01-06 12:00:00;441.1853168830548;1040.4688132120662;0.0;210.02100210021004;0.0;0.0;0.0;0.0
2030-01-06 13:00:00;441.6575946763061;1040.4688132120662;0.0;210.02100210021004;0.0;0.0;0.0;0.0
2030-01-06 14:00:00;441.0915911900371;1040.4688132120662;0.0;210.02100210021004;0.0;0.0;0.0;0.0
2030-01-06 15:00:00;441.2828448749112;1040.4688132120662;0.0;210.02100210021004;0.0;0.0;0.0;0.0
2030-01-06 16:00:00;441.2995928899811;1040.4688132120662;0.0;210.02100210021004;0.0;0.0;0.0;0.0
2030-01-06 17:00:00;441.6651512109413;1040.4688132120662;0.0;210.02100210021004;0.0;0.0;0.0;0.0
2030-01-06 18:00:00;441.6579518805135;1040.4688132120662;0.0;210.02100210021004;0.0;0.0;0.0;0.0
2030-01-06 19:00:00;441.3215457303932;1040.4688132120662;0.0;210.02100210021004;0.0;0.0;0.0;0.0
2030-01-06 20:00:00;441.1005257905764;1040.4688132120662;0.0;210.02100210021004;0.0;0.0;0.0;0.0
2030-01-06 21:00:00;441.0442112438249;1040.4688132120662;0.0;210.02100210021004;0.0;0.0;0.0;0.0
2030-01-06 22:00:00;440.853977243108;1040.4688132120662;0.0;210.02100210021004;0.0;0.0;0.0;0.0
2030-01-06 23:00:00;439.5991795858614;1040.4688132120662;0.0;210.02100210021004;0.0;0.0;0.0;0.0
2030-01-07 00:00:00;437.4137180556103;1040.4688132120662;0.0;210.02100210021004;0.0;0.0;0.0;0.0
2030-01-07 01:00:00;437.4442233911466;1040.4688132120662;0.0;210.02100210021004;0.0;0.0;0.0;0.0
2030-01-07 02:00:00;437.4422569003589;1040.4688132120662;0.0;210.02100210021004;0.0;0.0;0.0;0.0
2030-01-07 03:00:00;437.4498696925399;1040.4688132120662;0.0;210.02100210021004;0.0;0.0;0.0;0.0
2030-01-07 04:00:00;437.9101650261974;1040.4688132120662;0.0;210.02100210021004;0.0;0.0;0.0;0.0
2030-01-07 05:00:00;437.4213885472216;1040.4688132120662;0.0;210.02100210021004;0.0;0.0;0.0;0.0
2030-01-07 06:00:00;437.4500922474854;1040.4688132120662;0.0;210.02100210021004;0.0;0.0;0.0;0.0
2030-01-07 07:00:00;442.1521644269899;1040.4688132120662;0.0;210.02100210021004;0.0;0.0;0.0;0.0
2030-01-07 08:00:00;443.9864004327003;1040.4688132120662;0.0;210.02100210021004;0.0;0.0;0.0;0.0
2030-01-07 09:00:00;444.5401004726056;1040.4688132120662;0.0;210.02100210021004;0.0;0.0;0.0;0.0
2030-01-07 10:00:00;444.8176407030495;1040.4688132120662;0.0;210.02100210021004;0.0;0.0;0.0;0.0
2030-01-07 11:00:00;444.8975416659262;1040.4688132120662;0.0;210.02100210021004;0.0;0.0;0.0;0.0
2030-01-07 12:00:00;445.0193608697775;1040.4688132120662;0.0;210.02100210021004;0.0;0.0;0.0;0.0
2030-01-07 13:00:00;445.2924580941489;1040.4688132120662;0.0;210.02100210021004;0.0;0.0;0.0;0.0
2030-01-07 14:00:00;444.8118701894514;1040.4688132120662;0.0;210.02100210021004;0.0;0.0;0.0;0.0
2030-01-07 15:00:00;444.3556354228532;1040.4688132120662;0.0;210.02100210021004;0.0;0.0;0.0;0.0
2030-01-07 16:00:00;444.3565557676908;1040.4688132120662;0.0;210.02100210021004;0.0;0.0;0.0;0.0
2030-01-07 17:00:00;444.4676010514141;1040.4688132120662;0.0;210.02100210021004;0.0;0.0;0.0;0.0
2030-01-07 18:00:00;443.9923741425482;1040.4688132120662;0.0;210.02100210021004;0.0;0.0;0.0;0.0
2030-01-07 19:00:00;442.2700589414891;1040.4688132120662;0.0;210.02100210021004;0.0;0.0;0.0;0.0
2030-01-07 20:00:00;439.785738287472;1040.4688132120662;0.0;210.02100210021004;0.0;0.0;0.0;0.0
2030-01-07 21:00:00;438.5428870649287;1040.4688132120662;0.0;210.02100210021004;0.0;0.0;0.0;0.0
2030-01-07 22:00:00;437.9883709222103;1040.4688132120662;0.0;210.02100210021004;0.0;0.0;0.0;0.0
2030-01-07 23:00:00;437.393908310388;1040.4688132120662;0.0;210.02100210021004;0.0;0.0;0.0;0.0
2030-01-08 00:00:00;437.3436662370718;1040.4688132120662;0.0;210.02100210021004;0.0;0.0;0.0;0.0
2030-01-08 01:00:00;437.3135436018385;1040.4688132120662;0.0;210.02100210021004;0.0;0.0;0.0;0.0
2030-01-08 02:00:00;437.2957403837434;1040.4688132120662;0.0;210.02100210021004;0.0;0.0;0.0;0.0
2030-01-08 03:00:00;437.2658638542433;1040.4688132120662;0.0;210.02100210021004;0.0;0.0;0.0;0.0
2030-01-08 04:00:00;437.2640021644617;1040.4688132120662;0.0;210.02100210021004;0.0;0.0;0.0;0.0
2030-01-08 05:00:00;437.2879003264593;1040.4688132120662;0.0;210.02100210021004;0.0;0.0;0.0;0.0
2030-01-08 06:00:00;437.3177120912926;1040.4688132120662;0.0;210.02100210021004;0.0;0.0;0.0;0.0
2030-01-08 07:00:00;437.4073075311503;1040.4688132120662;0.0;210.02100210021004;0.0;0.0;0.0;0.0
2030-01-08 08:00:00;438.1662717282827;1040.4688132120662;0.0;210.02100210021004;0.0;0.0;0.0;0.0
2030-01-08 09:00:00;441.5646174512614;1040.4688132120662;0.0;210.02100210021004;0.0;0.0;0.0;0.0
2030-01-08 10:00:00;440.2060019990723;1040.4688132120662;0.0;210.02100210021004;0.0;0.0;0.0;0.0
2030-01-08 11:00:00;438.8760652965834;1040.4688132120662;0.0;210.02100210021004;0.0;0.0;0.0;0.0
2030-01-08 12:00:00;437.9044388697245;1040.4688132120662;0.0;210.02100210021004;0.0;0.0;0.0;0.0
2030-01-08 13:00:00;438.3520971575571;1040.4688132120662;0.0;210.02100210021004;0.0;0.0;0.0;0.0
2030-01-08 14:00:00;438.1410541863305;1040.4688132120662;0.0;210.02100210021004;0.0;0.0;0.0;0.0
2030-01-08 15:00:00;438.1601056848964;1040.4688132120662;0.0;210.02100210021004;0.0;0.0;0.0;0.0
2030-01-08 16:00:00;438.2685063732042;1040.4688132120662;0.0;210.02100210021004;0.0;0.0;0.0;0.0
2030-01-08 17:00:00;510.7489635686958;1040.4688132120662;0.0;210.02100210021004;0.0;0.0;0.0;0.0
2030-01-08 18:00:00;510.485633312632;1040.4688132120662;0.0;210.02100210021004;0.0;0.0;0.0;0.0
2030-01-08 19:00:00;509.7981010033855;1040.4688132120662;0.0;210.02100210021004;0.0;0.0;0.0;0.0
2030-01-08 20:00:00;508.8690903765341;1040.4688132120662;0.0;210.02100210021004;0.0;0.0;0.0;0.0
2030-01-08 21:00:00;507.9408452941174;1040.4688132120662;0.0;210.02100210021004;0.0;0.0;0.0;0.0
2030-01-08 22:00:00;506.9081403668492;1040.4688132120662;0.0;210.02100210021004;0.0;0.0;0.0;0.0
2030-01-08 23:00:00;505.3549735649281;1040.4688132120662;0.0;210.02100210021004;0.0;0.0;0.0;0.0
2030-01-09 00:00:00;504.0865449537922;1040.4688132120662;0.0;210.02100210021004;0.0;0.0;0.0;0.0
2030-01-09 01:00:00;437.258342910135;1040.4688132120662;0.0;210.02100210021004;0.0;0.0;0.0;0.0
2030-01-09 02:00:00;437.2626056027406;1040.4688132120662;0.0;210.02100210021004;0.0;0.0;0.0;0.0
2030-01-09 03:00:00;437.2656318789827;1040.4688132120662;0.0;210.02100210021004;0.0;0.0;0.0;0.0
2030-01-09 04:00:00;437.2855216968837;1040.4688132120662;0.0;210.02100210021004;0.0;0.0;0.0;0.0
2030-01-09 05:00:00;437.2779654265936;1040.4688132120662;0.0;210.02100210021004;0.0;0.0;0.0;0.0
2030-01-09 06:00:00;437.335545925412;1040.4688132120662;0.0;210.02100210021004;0.0;0.0;0.0;0.0
2030-01-09 07:00:00;511.0497330110574;1040.4688132120662;0.0;210.02100210021004;0.0;0.0;0.0;0.0
2030-01-09 08:00:00;513.2309046251266;1040.4688132120662;0.0;210.02100210021004;0.0;0.0;0.0;0.0
2030-01-09 09:00:00;442.3869266672757;1040.4688132120662;0.0;210.02100210021004;0.0;0.0;0.0;0.0
2030-01-09 10:00:00;442.942412728218;1040.4688132120662;0.0;210.02100210021004;0.0;0.0;0.0;0.0
2030-01-09 11:00:00;441.6909852868823;1040.4688132120662;0.0;210.02100210021004;0.0;0.0;0.0;0.0
2030-01-09 12:00:00;441.4563829815702;1040.4688132120662;0.0;210.02100210021004;0.0;0.0;0.0;0.0
2030-01-09 13:00:00;441.4897240187602;1040.4688132120662;0.0;210.02100210021004;0.0;0.0;0.0;0.0
2030-01-09 14:00:00;441.7169210572217;1040.4688132120662;0.0;210.02100210021004;0.0;0.0;0.0;0.0
2030-01-09 15:00:00;442.052152722782;1040.4688132120662;0.0;210.02100210021004;0.0;0.0;0.0;0.0
2030-01-09 16:00:00;442.1504872049066;1040.4688132120662;0.0;210.02100210021004;0.0;0.0;0.0;0.0
2030-01-09 17:00:00;442.394635839782;1040.4688132120662;0.0;210.02100210021004;0.0;0.0;0.0;0.0
2030-01-09 18:00:00;443.1565917193539;1040.4688132120662;0.0;210.02100210021004;0.0;0.0;0.0;0.0
2030-01-09 19:00:00;443.1067607245287;1040.4688132120662;0.0;210.02100210021004;0.0;0.0;0.0;0.0
2030-01-09 20:00:00;444.4516728643227;1040.4688132120662;0.0;210.02100210021004;0.0;0.0;0.0;0.0
2030-01-09 21:00:00;443.7584368648118;1040.4688132120662;0.0;210.02100210021004;0.0;0.0;0.0;0.0
2030-01-09 22:00:00;505.8796886586371;1040.4688132120662;0.0;210.02100210021004;0.0;0.0;0.0;0.0
2030-01-09 23:00:00;440.5624488545674;1040.4688132120662;0.0;210.02100210021004;0.0;0.0;0.0;0.0
2030-01-10 00:00:00;438.7808074651396;1040.4688132120662;0.0;210.02100210021004;0.0;0.0;0.0;0.0
2030-01-10 01:00:00;440.1392474943379;1040.4688132120662;0.0;210.02100210021004;0.0;0.0;0.0;0.0
2030-01-10 02:00:00;439.9014809095376;1040.4688132120662;0.0;210.02100210021004;0.0;0.0;0.0;0.0
2030-01-10 03:00:00;440.2173634211697;1040.4688132120662;0.0;210.02100210021004;0.0;0.0;0.0;0.0
2030-01-10 04:00:00;440.2277777820115;1040.4688132120662;0.0;210.02100210021004;0.0;0.0;0.0;0.0
2030-01-10 05:00:00;512.6786665781431;1040.4688132120662;0.0;210.02100210021004;0.0;0.0;0.0;0.0
2030-01-10 06:00:00;513.6695051929015;1040.4688132120662;0.0;210.02100210021004;0.0;0.0;0.0;0.0
2030-01-10 07:00:00;516.9366145584333;1040.4688132120662;0.0;210.02100210021004;0.0;0.0;0.0;0.0
2030-01-10 08:00:00;517.1541114519209;1040.4688132120662;0.0;210.02100210021004;0.0;0.0;0.0;0.0
2030-01-10 09:00:00;517.0894228976344;1040.4688132120662;0.0;210.02100210021004;0.0;0.0;0.0;0.0
2030-01-10 10:00:00;452.0509895012801;1040.4688132120662;0.0;210.02100210021004;0.0;0.0;0.0;0.0
2030-01-10 11:00:00;445.3060900330304;1040.4688132120662;0.0;210.02100210021004;0.0;0.0;0.0;0.0
2030-01-10 12:00:00;445.3603109279236;1040.4688132120662;0.0;210.02100210021004;0.0;0.0;0.0;0.0
2030-01-10 13:00:00;445.3834394304351;1040.4688132120662;0.0;210.02100210021004;0.0;0.0;0.0;0.0
2030-01-10 14:00:00;445.153943981232;1040.4688132120662;0.0;210.02100210021004;0.0;0.0;0.0;0.0
2030-01-10 15:00:00;443.7111599830844;1040.4688132120662;0.0;210.02100210021004;0.0;0.0;0.0;0.0
2030-01-10 16:00:00;444.9356817358567;1040.4688132120662;0.0;210.02100210021004;0.0;0.0;0.0;0.0
2030-01-10 17:00:00;444.7443238089584;1040.4688132120662;0.0;210.02100210021004;0.0;0.0;0.0;0.0
2030-01-10 18:00:00;444.4890959782126;1040.4688132120662;0.0;210.02100210021004;0.0;0.0;0.0;0.0
2030-01-10 19:00:00;490.0256113391898;1040.4688132120662;0.0;210.02100210021004;0.0;0.0;0.0;0.0
2030-01-10 20:00:00;445.2828088926476;1040.4688132120662;0.0;210.02100210021004;0.0;0.0;0.0;0.0
2030-01-10 21:00:00;444.8700230707993;1040.4688132120662;0.0;210.02100210021004;0.0;0.0;0.0;0.0
2030-01-10 22:00:00;444.1179705324513;1040.4688132120662;0.0;210.02100210021004;0.0;0.0;0.0;0.0
2030-01-10 23:00:00;443.2619197880306;1040.4688132120662;0.0;210.02100210021004;0.0;0.0;0.0;0.0
2030-01-11 00:00:00;440.5659195873374;1040.4688132120662;0.0;210.02100210021004;0.0;0.0;0.0;0.0
2030-01-11 01:00:00;440.3474537606182;1040.4688132120662;0.0;210.02100210021004;0.0;0.0;0.0;0.0
2030-01-11 02:00:00;439.7651623354246;1040.4688132120662;0.0;210.02100210021004;0.0;0.0;0.0;0.0
2030-01-11 03:00:00;438.8555010550483;1040.4688132120662;0.0;210.02100210021004;0.0;0.0;0.0;0.0
2030-01-11 04:00:00;439.2041614632402;1040.4688132120662;0.0;210.02100210021004;0.0;0.0;0.0;0.0
2030-01-11 05:00:00;438.6522997579314;1040.4688132120662;0.0;210.02100210021004;0.0;0.0;0.0;0.0
2030-01-11 06:00:00;439.3030046099041;1040.4688132120662;0.0;210.02100210021004;0.0;0.0;0.0;0.0
2030-01-11 07:00:00;441.5945931888312;1040.4688132120662;0.0;210.02100210021004;0.0;0.0;0.0;0.0
2030-01-11 08:00:00;516.3638706403424;1040.4688132120662;0.0;210.02100210021004;0.0;0.0;0.0;0.0
2030-01-11 09:00:00;515.9778378691863;1040.4688132120662;0.0;210.02100210021004;0.0;0.0;0.0;0.0
2030-01-11 10:00:00;467.7210324091503;1040.4688132120662;0.0;210.02100210021004;0.0;0.0;0.0;0.0
2030-01-11 11:00:00;515.5675032884978;1040.4688132120662;0.0;210.02100210021004;0.0;0.0;0.0;0.0
2030-01-11 12:00:00;515.7193938304872;1040.4688132120662;0.0;210.02100210021004;0.0;0.0;0.0;0.0
2030-01-11 13:00:00;515.2852667047039;1040.4688132120662;0.0;210.02100210021004;0.0;0.0;0.0;0.0
2030-01-11 14:00:00;514.5636961998;1040.4688132120662;0.0;210.02100210021004;0.0;0.0;0.0;0.0
2030-01-11 15:00:00;514.688170033608;1040.4688132120662;0.0;210.02100210021004;0.0;0.0;0.0;0.0
2030-01-11 16:00:00;454.086154177407;1040.4688132120662;0.0;210.02100210021004;0.0;0.0;0.0;0.0
2030-01-11 17:00:00;443.0600965568178;1040.4688132120662;0.0;210.02100210021004;0.0;0.0;0.0;0.0
2030-01-11 18:00:00;443.379501729685;1040.4688132120662;0.0;210.02100210021004;0.0;0.0;0.0;0.0
2030-01-11 19:00:00;442.7631054780473;1040.4688132120662;0.0;210.02100210021004;0.0;0.0;0.0;0.0
2030-01-11 20:00:00;441.4697100298035;1040.4688132120662;0.0;210.02100210021004;0.0;0.0;0.0;0.0
2030-01-11 21:00:00;438.4788633456708;1040.4688132120662;0.0;210.02100210021004;0.0;0.0;0.0;0.0
2030-01-11 22:00:00;438.1910102562364;1040.4688132120662;0.0;210.02100210021004;0.0;0.0;0.0;0.0
2030-01-11 23:00:00;437.7686275464462;1040.4688132120662;0.0;210.02100210021004;0.0;0.0;0.0;0.0
2030-01-12 00:00:00;437.4251295898758;1040.4688132120662;0.0;210.02100210021004;0.0;0.0;0.0;0.0
2030-01-12 01:00:00;437.3534763177618;1040.4688132120662;0.0;210.02100210021004;0.0;0.0;0.0;0.0
2030-01-12 02:00:00;437.2702784494307;1040.4688132120662;0.0;210.02100210021004;0.0;0.0;0.0;0.0
2030-01-12 03:00:00;437.2486976849602;1040.4688132120662;0.0;210.02100210021004;0.0;0.0;0.0;0.0
2030-01-12 04:00:00;437.242549751785;1040.4688132120662;0.0;210.02100210021004;0.0;0.0;0.0;0.0
2030-01-12 05:00:00;437.2447599932273;1040.4688132120662;0.0;210.02100210021004;0.0;0.0;0.0;0.0
2030-01-12 06:00:00;437.2516003195659;1040.4688132120662;0.0;210.02100210021004;0.0;0.0;0.0;0.0
2030-01-12 07:00:00;437.3344979153516;1040.4688132120662;0.0;210.02100210021004;0.0;0.0;0.0;0.0
2030-01-12 08:00:00;437.3814240377347;1040.4688132120662;0.0;210.02100210021004;0.0;0.0;0.0;0.0
2030-01-12 09:00:00;437.4184482313552;1040.4688132120662;0.0;210.02100210021004;0.0;0.0;0.0;0.0
2030-01-12 10:00:00;437.4308347682388;1040.4688132120662;0.0;210.02100210021004;0.0;0.0;0.0;0.0
2030-01-12 11:00:00;437.4356862305414;1040.4688132120662;0.0;210.02100210021004;0.0;0.0;0.0;0.0
2030-01-12 12:00:00;437.433511315281;1040.4688132120662;0.0;210.02100210021004;0.0;0.0;0.0;0.0
2030-01-12 13:00:00;437.4309796055843;1040.4688132120662;0.0;210.02100210021004;0.0;0.0;0.0;0.0
2030-01-12 14:00:00;437.430183588954;1040.4688132120662;0.0;210.02100210021004;0.0;0.0;0.0;0.0
2030-01-12 15:00:00;437.4339858636567;1040.4688132120662;0.0;210.02100210021004;0.0;0.0;0.0;0.0
2030-01-12 16:00:00;437.4379800772805;1040.4688132120662;0.0;210.02100210021004;0.0;0.0;0.0;0.0
2030-01-12 17:00:00;437.4380165810018;1040.4688132120662;0.0;210.02100210021004;0.0;0.0;0.0;0.0
2030-01-12 18:00:00;437.4446108016072;1040.4688132120662;0.0;210.02100210021004;0.0;0.0;0.0;0.0
2030-01-12 19:00:00;437.4252296807242;1040.4688132120662;0.0;210.02100210021004;0.0;0.0;0.0;0.0
2030-01-12 20:00:00;437.4146483117314;1040.4688132120662;0.0;210.02100210021004;0.0;0.0;0.0;0.0
2030-01-12 21:00:00;437.3703575225116;1040.4688132120662;0.0;210.02100210021004;0.0;0.0;0.0;0.0
2030-01-12 22:00:00;437.2977987226037;1040.4688132120662;0.0;210.02100210021004;0.0;0.0;0.0;0.0
2030-01-12 23:00:00;437.2711651365943;1040.4688132120662;0.0;210.02100210021004;0.0;0.0;0.0;0.0
2030-01-13 00:00:00;437.270386783055;1040.4688132120662;0.0;210.02100210021004;0.0;0.0;0.0;0.0
2030-01-13 01:00:00;437.2250986179686;1040.4688132120662;0.0;210.02100210021004;0.0;0.0;0.0;0.0
2030-01-13 02:00:00;437.2116004838972;1040.4688132120662;0.0;210.02100210021004;0.0;0.0;0.0;0.0
2030-01-13 03:00:00;437.2118171511457;1040.4688132120662;0.0;210.02100210021004;0.0;0.0;0.0;0.0
2030-01-13 04:00:00;437.1808702383367;1040.4688132120662;0.0;210.02100210021004;0.0;0.0;0.0;0.0
2030-01-13 05:00:00;437.1729312677435;1040.4688132120662;0.0;210.02100210021004;0.0;0.0;0.0;0.0
2030-01-13 06:00:00;437.1727016475618;1040.4688132120662;0.0;210.02100210021004;0.0;0.0;0.0;0.0
2030-01-13 07:00:00;437.2310816956286;1040.4688132120662;0.0;210.02100210021004;0.0;0.0;0.0;0.0
2030-01-13 08:00:00;437.229635677253;1040.4688132120662;0.0;210.02100210021004;0.0;0.0;0.0;0.0
2030-01-13 09:00:00;437.247079745833;1040.4688132120662;0.0;210.02100210021004;0.0;0.0;0.0;0.0
2030-01-13 10:00:00;437.2898515092348;1040.4688132120662;0.0;210.02100210021004;0.0;0.0;0.0;0.0
2030-01-13 11:00:00;437.292555139683;1040.4688132120662;0.0;210.02100210021004;0.0;0.0;0.0;0.0
2030-01-13 12:00:00;437.2974325078522;1040.4688132120662;0.0;210.02100210021004;0.0;0.0;0.0;0.0
2030-01-13 13:00:00;437.2984204634037;1040.4688132120662;0.0;210.02100210021004;0.0;0.0;0.0;0.0
2030-01-13 14:00:00;437.308447211342;1040.4688132120662;0.0;210.02100210021004;0.0;0.0;0.0;0.0
2030-01-13 15:00:00;437.3188307537167;1040.4688132120662;0.0;210.02100210021004;0.0;0.0;0.0;0.0
2030-01-13 16:00:00;505.6975062553145;1040.4688132120662;0.0;210.02100210021004;0.0;0.0;0.0;0.0
2030-01-13 17:00:00;499.4764222390791;1040.4688132120662;0.0;210.02100210021004;0.0;0.0;0.0;0.0
2030-01-13 18:00:00;463.0523238417525;1040.4688132120662;0.0;210.02100210021004;0.0;0.0;0.0;0.0
2030-01-13 19:00:00;457.5032236770613;1040.4688132120662;0.0;210.02100210021004;0.0;0.0;0.0;0.0
2030-01-13 20:00:00;505.5795682869921;1040.4688132120662;0.0;210.02100210021004;0.0;0.0;0.0;0.0
2030-01-13 21:00:00;505.4319657581254;1040.4688132120662;0.0;210.02100210021004;0.0;0.0;0.0;0.0
2030-01-13 22:00:00;505.5963658754483;1040.4688132120662;0.0;210.02100210021004;0.0;0.0;0.0;0.0
2030-01-13 23:00:00;504.9941621556964;1040.4688132120662;0.0;210.02100210021004;0.0;0.0;0.0;0.0
2030-01-14 00:00:00;437.2887505099016;1040.4688132120662;0.0;210.02100210021004;0.0;0.0;0.0;0.0
2030-01-14 01:00:00;499.4087140022604;1040.4688132120662;0.0;210.02100210021004;0.0;0.0;0.0;0.0
2030-01-14 02:00:00;505.9739225595769;1040.4688132120662;0.0;210.02100210021004;0.0;0.0;0.0;0.0
2030-01-14 03:00:00;504.4884052026337;1040.4688132120662;0.0;210.02100210021004;0.0;0.0;0.0;0.0
2030-01-14 04:00:00;505.3588548004571;1040.4688132120662;0.0;210.02100210021004;0.0;0.0;0.0;0.0
2030-01-14 05:00:00;505.8046726585877;1040.4688132120662;0.0;210.02100210021004;0.0;0.0;0.0;0.0
2030-01-14 06:00:00;507.8793235669449;1040.4688132120662;0.0;210.02100210021004;0.0;0.0;0.0;0.0
2030-01-14 07:00:00;509.7113057932763;1040.4688132120662;0.0;210.02100210021004;0.0;0.0;0.0;0.0
2030-01-14 08:00:00;511.8401264605071;1040.4688132120662;0.0;210.02100210021004;0.0;0.0;0.0;0.0
2030-01-14 09:00:00;515.4022349473495;1040.4688132120662;0.0;210.02100210021004;0.0;0.0;0.0;0.0
2030-01-14 10:00:00;516.0017828596052;1040.4688132120662;0.0;210.02100210021004;0.0;0.0;0.0;0.0
2030-01-14 11:00:00;515.9618070027041;1040.4688132120662;0.0;210.02100210021004;0.0;0.0;0.0;0.0
2030-01-14 12:00:00;515.3976926019573;1040.4688132120662;0.0;210.02100210021004;0.0;0.0;0.0;0.0
2030-01-14 13:00:00;514.6956756247705;1040.4688132120662;0.0;210.02100210021004;0.0;0.0;0.0;0.0
2030-01-14 14:00:00;514.7328953498636;1040.4688132120662;0.0;210.02100210021004;0.0;0.0;0.0;0.0
2030-01-14 15:00:00;515.3051282483364;1040.4688132120662;0.0;210.02100210021004;0.0;0.0;0.0;0.0
2030-01-14 16:00:00;516.1230414704523;1040.4688132120662;0.0;210.02100210021004;0.0;0.0;0.0;0.0
2030-01-14 17:00:00;516.4539330018777;1040.4688132120662;0.0;210.02100210021004;0.0;0.0;0.0;0.0
2030-01-14 18:00:00;517.920101204893;1040.4688132120662;0.0;210.02100210021004;0.0;0.0;0.0;0.0
2030-01-14 19:00:00;516.1445861631842;1040.4688132120662;0.0;210.02100210021004;0.0;0.0;0.0;0.0
2030-01-14 20:00:00;516.1784356723663;1040.4688132120662;0.0;210.02100210021004;0.0;0.0;0.0;0.0
2030-01-14 21:00:00;514.4136426223204;1040.4688132120662;0.0;210.02100210021004;0.0;0.0;0.0;0.0
2030-01-14 22:00:00;513.3692965360913;1040.4688132120662;0.0;210.02100210021004;0.0;0.0;0.0;0.0
2030-01-14 23:00:00;512.6799429496486;1040.4688132120662;0.0;210.02100210021004;0.0;0.0;0.0;0.0
2030-01-15 00:00:00;512.291408378954;1040.4688132120662;0.0;210.02100210021004;0.0;0.0;0.0;0.0
2030-01-15 01:00:00;511.1648119756338;1040.4688132120662;0.0;210.02100210021004;0.0;0.0;0.0;0.0
2030-01-15 02:00:00;510.885945800298;1040.4688132120662;0.0;210.02100210021004;0.0;0.0;0.0;0.0
2030-01-15 03:00:00;510.406737331591;1040.4688132120662;0.0;210.02100210021004;0.0;0.0;0.0;0.0
2030-01-15 04:00:00;509.8079547712229;1040.4688132120662;0.0;210.02100210021004;0.0;0.0;0.0;0.0
2030-01-15 05:00:00;510.173157065515;1040.4688132120662;0.0;210.02100210021004;0.0;0.0;0.0;0.0
2030-01-15 06:00:00;511.0809788337555;1040.4688132120662;0.0;210.02100210021004;0.0;0.0;0.0;0.0
2030-01-15 07:00:00;512.1865913298952;1040.4688132120662;0.0;210.02100210021004;0.0;0.0;0.0;0.0
2030-01-15 08:00:00;514.3621780517824;1040.4688132120662;0.0;210.02100210021004;0.0;0.0;0.0;0.0
2030-01-15 09:00:00;515.0258525552339;1040.4688132120662;0.0;210.02100210021004;0.0;0.0;0.0;0.0
2030-01-15 10:00:00;514.5916746785249;1040.4688132120662;0.0;210.02100210021004;0.0;0.0;0.0;0.0
2030-01-15 11:00:00;514.0322564385808;1040.4688132120662;0.0;210.02100210021004;0.0;0.0;0.0;0.0
2030-01-15 12:00:00;514.2096238523038;1040.4688132120662;0.0;210.02100210021004;0.0;0.0;0.0;0.0
2030-01-15 13:00:00;514.8065161496106;1040.4688132120662;0.0;210.02100210021004;0.0;0.0;0.0;0.0
2030-01-15 14:00:00;513.7309761691483;1040.4688132120662;0.0;210.02100210021004;0.0;0.0;0.0;0.0
2030-01-15 15:00:00;513.7382276205883;1040.4688132120662;0.0;210.02100210021004;0.0;0.0;0.0;0.0
2030-01-15 16:00:00;513.6919181094588;1040.4688132120662;0.0;210.02100210021004;0.0;0.0;0.0;0.0
2030-01-15 17:00:00;513.3110431378843;1040.4688132120662;0.0;210.02100210021004;0.0;0.0;0.0;0.0
2030-01-15 18:00:00;513.372514114131;1040.4688132120662;0.0;210.02100210021004;0.0;0.0;0.0;0.0
2030-01-15 19:00:00;513.0656183240503;1040.4688132120662;0.0;210.02100210021004;0.0;0.0;0.0;0.0
2030-01-15 20:00:00;511.3586197736057;1040.4688132120662;0.0;210.02100210021004;0.0;0.0;0.0;0.0
2030-01-15 21:00:00;510.2130821714906;1040.4688132120662;0.0;210.02100210021004;0.0;0.0;0.0;0.0
2030-01-15 22:00:00;509.7429101902684;1040.4688132120662;0.0;210.02100210021004;0.0;0.0;0.0;0.0
2030-01-15 23:00:00;509.0761729091799;1040.4688132120662;0.0;210.02100210021004;0.0;0.0;0.0;0.0
2030-01-16 00:00:00;507.25302241145;1040.4688132120662;0.0;210.02100210021004;0.0;0.0;0.0;0.0
2030-01-16 01:00:00;504.7607358975781;1040.4688132120662;0.0;210.02100210021004;0.0;0.0;0.0;0.0
2030-01-16 02:00:00;503.8617456653919;1040.4688132120662;0.0;210.02100210021004;0.0;0.0;0.0;0.0
2030-01-16 03:00:00;504.9917620505564;1040.4688132120662;0.0;210.02100210021004;0.0;0.0;0.0;0.0
2030-01-16 04:00:00;504.6161463804149;1040.4688132120662;0.0;210.02100210021004;0.0;0.0;0.0;0.0
2030-01-16 05:00:00;504.3510138383589;1040.4688132120662;0.0;210.02100210021004;0.0;0.0;0.0;0.0
2030-01-16 06:00:00;504.6224265435446;1040.4688132120662;0.0;210.02100210021004;0.0;0.0;0.0;0.0
2030-01-16 07:00:00;509.723712304125;1040.4688132120662;0.0;210.02100210021004;0.0;0.0;0.0;0.0
2030-01-16 08:00:00;512.0025865488352;1040.4688132120662;0.0;210.02100210021004;0.0;0.0;0.0;0.0
2030-01-16 09:00:00;513.6513295385412;1040.4688132120662;0.0;210.02100210021004;0.0;0.0;0.0;0.0
2030-01-16 10:00:00;513.4658945705651;1040.4688132120662;0.0;210.02100210021004;0.0;0.0;0.0;0.0
2030-01-16 11:00:00;513.2093903683137;1040.4688132120662;0.0;210.02100210021004;0.0;0.0;0.0;0.0
2030-01-16 12:00:00;513.6350415996166;1040.4688132120662;0.0;210.02100210021004;0.0;0.0;0.0;0.0
2030-01-16 13:00:00;513.8001574954408;1040.4688132120662;0.0;210.02100210021004;0.0;0.0;0.0;0.0
2030-01-16 14:00:00;513.8055173137329;1040.4688132120662;0.0;210.02100210021004;0.0;0.0;0.0;0.0
2030-01-16 15:00:00;514.2353052903736;1040.4688132120662;0.0;210.02100210021004;0.0;0.0;0.0;0.0
2030-01-16 16:00:00;513.9557754575486;1040.4688132120662;0.0;210.02100210021004;0.0;0.0;0.0;0.0
2030-01-16 17:00:00;514.675047744258;1040.4688132120662;0.0;210.02100210021004;0.0;0.0;0.0;0.0
2030-01-16 18:00:00;514.8762592464468;1040.4688132120662;0.0;210.02100210021004;0.0;0.0;0.0;0.0
2030-01-16 19:00:00;513.9539880664249;1040.4688132120662;0.0;210.02100210021004;0.0;0.0;0.0;0.0
2030-01-16 20:00:00;512.2629708090761;1040.4688132120662;0.0;210.02100210021004;0.0;0.0;0.0;0.0
2030-01-16 21:00:00;510.7272650605533;1040.4688132120662;0.0;210.02100210021004;0.0;0.0;0.0;0.0
2030-01-16 22:00:00;510.5218670470932;1040.4688132120662;0.0;210.02100210021004;0.0;0.0;0.0;0.0
2030-01-16 23:00:00;511.2740212798397;1040.4688132120662;0.0;210.02100210021004;0.0;0.0;0.0;0.0
2030-01-17 00:00:00;510.944762146588;1040.4688132120662;0.0;210.02100210021004;0.0;0.0;0.0;0.0
2030-01-17 01:00:00;509.4009380928862;1040.4688132120662;0.0;210.02100210021004;0.0;0.0;0.0;0.0
2030-01-17 02:00:00;508.6620599649004;1040.4688132120662;0.0;210.02100210021004;0.0;0.0;0.0;0.0
2030-01-17 03:00:00;508.5784811552916;1040.4688132120662;0.0;210.02100210021004;0.0;0.0;0.0;0.0
2030-01-17 04:00:00;508.9292849812752;1040.4688132120662;0.0;210.02100210021004;0.0;0.0;0.0;0.0
2030-01-17 05:00:00;509.1765481297055;1040.4688132120662;0.0;210.02100210021004;0.0;0.0;0.0;0.0
2030-01-17 06:00:00;510.3778904364937;1040.4688132120662;0.0;210.02100210021004;0.0;0.0;0.0;0.0
2030-01-17 07:00:00;511.8815326968714;1040.4688132120662;0.0;210.02100210021004;0.0;0.0;0.0;0.0
2030-01-17 08:00:00;515.0897238291677;1040.4688132120662;0.0;210.02100210021004;0.0;0.0;0.0;0.0
2030-01-17 09:00:00;515.836210612801;1040.4688132120662;0.0;210.02100210021004;0.0;0.0;0.0;0.0
2030-01-17 10:00:00;516.2514970566483;1040.4688132120662;0.0;210.02100210021004;0.0;0.0;0.0;0.0
2030-01-17 11:00:00;516.2675800441427;1040.4688132120662;0.0;210.02100210021004;0.0;0.0;0.0;0.0
2030-01-17 12:00:00;516.0045911124255;1040.4688132120662;0.0;210.02100210021004;0.0;0.0;0.0;0.0
2030-01-17 13:00:00;516.0999127753937;1040.4688132120662;0.0;210.02100210021004;0.0;0.0;0.0;0.0
2030-01-17 14:00:00;516.2265821480055;1040.4688132120662;0.0;210.02100210021004;0.0;0.0;0.0;0.0
2030-01-17 15:00:00;516.1039466487939;1040.4688132120662;0.0;210.02100210021004;0.0;0.0;0.0;0.0
2030-01-17 16:00:00;516.5362861909064;1040.4688132120662;0.0;210.02100210021004;0.0;0.0;0.0;0.0
2030-01-17 17:00:00;516.5493575367836;1040.4688132120662;0.0;210.02100210021004;0.0;0.0;0.0;0.0
2030-01-17 18:00:00;516.4303454082133;1040.4688132120662;0.0;210.02100210021004;0.0;0.0;0.0;0.0
2030-01-17 19:00:00;515.4984248341432;1040.4688132120662;0.0;210.02100210021004;0.0;0.0;0.0;0.0
2030-01-17 20:00:00;515.6136576141301;1040.4688132120662;0.0;210.02100210021004;0.0;0.0;0.0;0.0
2030-01-17 21:00:00;513.985489398932;1040.4688132120662;0.0;210.02100210021004;0.0;0.0;0.0;0.0
2030-01-17 22:00:00;511.8927137796873;1040.4688132120662;0.0;210.02100210021004;0.0;0.0;0.0;0.0
2030-01-17 23:00:00;510.0538396612021;1040.4688132120662;0.0;210.02100210021004;0.0;0.0;0.0;0.0
2030-01-18 00:00:00;509.9663798086116;1040.4688132120662;0.0;210.02100210021004;0.0;0.0;0.0;0.0
2030-01-18 01:00:00;509.1734843670763;1040.4688132120662;0.0;210.02100210021004;0.0;0.0;0.0;0.0
2030-01-18 02:00:00;509.5261263351092;1040.4688132120662;0.0;210.02100210021004;0.0;0.0;0.0;0.0
2030-01-18 03:00:00;509.5727918729066;1040.4688132120662;0.0;210.02100210021004;0.0;0.0;0.0;0.0
2030-01-18 04:00:00;510.3710483102732;1040.4688132120662;0.0;210.02100210021004;0.0;0.0;0.0;0.0
2030-01-18 05:00:00;438.7262803095117;1040.4688132120662;0.0;210.02100210021004;0.0;0.0;0.0;0.0
2030-01-18 06:00:00;440.1703406791649;1040.4688132120662;0.0;210.02100210021004;0.0;0.0;0.0;0.0
2030-01-18 07:00:00;443.6491270437469;1040.4688132120662;0.0;210.02100210021004;0.0;0.0;0.0;0.0
2030-01-18 08:00:00;444.71103607032;1040.4688132120662;0.0;210.02100210021004;0.0;0.0;0.0;0.0
2030-01-18 09:00:00;445.203008254083;1040.4688132120662;0.0;210.02100210021004;0.0;0.0;0.0;0.0
2030-01-18 10:00:00;443.9150247451435;1040.4688132120662;0.0;210.02100210021004;0.0;0.0;0.0;0.0
2030-01-18 11:00:00;443.5738193697354;1040.4688132120662;0.0;210.02100210021004;0.0;0.0;0.0;0.0
2030-01-18 12:00:00;443.6042998405459;1040.4688132120662;0.0;210.02100210021004;0.0;0.0;0.0;0.0
2030-01-18 13:00:00;442.5674085945535;1040.4688132120662;0.0;210.02100210021004;0.0;0.0;0.0;0.0
2030-01-18 14:00:00;442.9956127614146;1040.4688132120662;0.0;210.02100210021004;0.0;0.0;0.0;0.0
2030-01-18 15:00:00;443.7573131311773;1040.4688132120662;0.0;210.02100210021004;0.0;0.0;0.0;0.0
2030-01-18 16:00:00;444.4694901369362;1040.4688132120662;0.0;210.02100210021004;0.0;0.0;0.0;0.0
2030-01-18 17:00:00;444.5937096384747;1040.4688132120662;0.0;210.02100210021004;0.0;0.0;0.0;0.0
2030-01-18 18:00:00;445.1186135342081;1040.4688132120662;0.0;210.02100210021004;0.0;0.0;0.0;0.0
2030-01-18 19:00:00;444.8124830960149;1040.4688132120662;0.0;210.02100210021004;0.0;0.0;0.0;0.0
2030-01-18 20:00:00;444.8125845978663;1040.4688132120662;0.0;210.02100210021004;0.0;0.0;0.0;0.0
2030-01-18 21:00:00;444.5946795566985;1040.4688132120662;0.0;210.02100210021004;0.0;0.0;0.0;0.0
2030-01-18 22:00:00;444.5163092975971;1040.4688132120662;0.0;210.02100210021004;0.0;0.0;0.0;0.0
2030-01-18 23:00:00;443.515564793989;1040.4688132120662;0.0;210.02100210021004;0.0;0.0;0.0;0.0
2030-01-19 00:00:00;441.7531706715439;1040.4688132120662;0.0;210.02100210021004;0.0;0.0;0.0;0.0
2030-01-19 01:00:00;441.4324393612377;1040.4688132120662;0.0;210.02100210021004;0.0;0.0;0.0;0.0
2030-01-19 02:00:00;441.6123073969597;1040.4688132120662;0.0;210.02100210021004;0.0;0.0;0.0;0.0
2030-01-19 03:00:00;441.2775358075448;1040.4688132120662;0.0;210.02100210021004;0.0;0.0;0.0;0.0
2030-01-19 04:00:00;441.5160691143192;1040.4688132120662;0.0;210.02100210021004;0.0;0.0;0.0;0.0
2030-01-19 05:00:00;441.1265632553142;1040.4688132120662;0.0;210.02100210021004;0.0;0.0;0.0;0.0
2030-01-19 06:00:00;441.0128625491889;1040.4688132120662;0.0;210.02100210021004;0.0;0.0;0.0;0.0
2030-01-19 07:00:00;441.6180777180108;1040.4688132120662;0.0;210.02100210021004;0.0;0.0;0.0;0.0
2030-01-19 08:00:00;442.5546956304231;1040.4688132120662;0.0;210.02100210021004;0.0;0.0;0.0;0.0
2030-01-19 09:00:00;444.0809059928553;1040.4688132120662;0.0;210.02100210021004;0.0;0.0;0.0;0.0
2030-01-19 10:00:00;443.1075781974286;1040.4688132120662;0.0;210.02100210021004;0.0;0.0;0.0;0.0
2030-01-19 11:00:00;442.9179569107281;1040.4688132120662;0.0;210.02100210021004;0.0;0.0;0.0;0.0
2030-01-19 12:00:00;442.4940917004624;1040.4688132120662;0.0;210.02100210021004;0.0;0.0;0.0;0.0
2030-01-19 13:00:00;442.4577403917418;1040.4688132120662;0.0;210.02100210021004;0.0;0.0;0.0;0.0
2030-01-19 14:00:00;442.0174347972273;1040.4688132120662;0.0;210.02100210021004;0.0;0.0;0.0;0.0
2030-01-19 15:00:00;442.6325039264337;1040.4688132120662;0.0;210.02100210021004;0.0;0.0;0.0;0.0
2030-01-19 16:00:00;444.0115212777659;1040.4688132120662;0.0;210.02100210021004;0.0;0.0;0.0;0.0
2030-01-19 17:00:00;444.3965825680647;1040.4688132120662;0.0;210.02100210021004;0.0;0.0;0.0;0.0
2030-01-19 18:00:00;444.4974178647355;1040.4688132120662;0.0;210.02100210021004;0.0;0.0;0.0;0.0
2030-01-19 19:00:00;444.8194269166337;1040.4688132120662;0.0;210.02100210021004;0.0;0.0;0.0;0.0
2030-01-19 20:00:00;444.8736476189799;1040.4688132120662;0.0;210.02100210021004;0.0;0.0;0.0;0.0
2030-01-19 21:00:00;445.0696507632084;1040.4688132120662;0.0;210.02100210021004;0.0;0.0;0.0;0.0
2030-01-19 22:00:00;445.2362971702608;1040.4688132120662;0.0;210.02100210021004;0.0;0.0;0.0;0.0
2030-01-19 23:00:00;444.19205277843;1040.4688132120662;0.0;210.02100210021004;0.0;0.0;0.0;0.0
2030-01-20 00:00:00;444.2794607025556;1040.4688132120662;0.0;210.02100210021004;0.0;0.0;0.0;0.0
2030-01-20 01:00:00;443.8767322298887;1040.4688132120662;0.0;210.02100210021004;0.0;0.0;0.0;0.0
2030-01-20 02:00:00;442.4961347939421;1040.4688132120662;0.0;210.02100210021004;0.0;0.0;0.0;0.0
2030-01-20 03:00:00;442.2967612412556;1040.4688132120662;0.0;210.02100210021004;0.0;0.0;0.0;0.0
2030-01-20 04:00:00;441.9563733387473;1040.4688132120662;0.0;210.02100210021004;0.0;0.0;0.0;0.0
2030-01-20 05:00:00;441.2707967458093;1040.4688132120662;0.0;210.02100210021004;0.0;0.0;0.0;0.0
2030-01-20 06:00:00;441.5139752699139;1040.4688132120662;0.0;210.02100210021004;0.0;0.0;0.0;0.0
2030-01-20 07:00:00;440.8110900689017;1040.4688132120662;0.0;210.02100210021004;0.0;0.0;0.0;0.0
2030-01-20 08:00:00;441.9549939027568;1040.4688132120662;0.0;210.02100210021004;0.0;0.0;0.0;0.0
2030-01-20 09:00:00;442.4525839622466;1040.4688132120662;0.0;210.02100210021004;0.0;0.0;0.0;0.0
2030-01-20 10:00:00;442.5723616352518;1040.4688132120662;0.0;210.02100210021004;0.0;0.0;0.0;0.0
2030-01-20 11:00:00;441.6346707401308;1040.4688132120662;0.0;210.02100210021004;0.0;0.0;0.0;0.0
2030-01-20 12:00:00;442.3939710047534;1040.4688132120662;0.0;210.02100210021004;0.0;0.0;0.0;0.0
2030-01-20 13:00:00;442.8591415494304;1040.4688132120662;0.0;210.02100210021004;0.0;0.0;0.0;0.0
2030-01-20 14:00:00;442.967379757873;1040.4688132120662;0.0;210.02100210021004;0.0;0.0;0.0;0.0
2030-01-20 15:00:00;443.0154231690273;1040.4688132120662;0.0;210.02100210021004;0.0;0.0;0.0;0.0
2030-01-20 16:00:00;443.0028120918424;1040.4688132120662;0.0;210.02100210021004;0.0;0.0;0.0;0.0
2030-01-20 17:00:00;443.0178730401008;1040.4688132120662;0.0;210.02100210021004;0.0;0.0;0.0;0.0
2030-01-20 18:00:00;441.9051133345454;1040.4688132120662;0.0;210.02100210021004;0.0;0.0;0.0;0.0
2030-01-20 19:00:00;442.066653078036;1040.4688132120662;0.0;210.02100210021004;0.0;0.0;0.0;0.0
2030-01-20 20:00:00;442.0272899351512;1040.4688132120662;0.0;210.02100210021004;0.0;0.0;0.0;0.0
2030-01-20 21:00:00;441.8688637202233;1040.4688132120662;0.0;210.02100210021004;0.0;0.0;0.0;0.0
2030-01-20 22:00:00;441.8688115992111;1040.4688132120662;0.0;210.02100210021004;0.0;0.0;0.0;0.0
2030-01-20 23:00:00;441.6234884797756;1040.4688132120662;0.0;210.02100210021004;0.0;0.0;0.0;0.0
2030-01-21 00:00:00;440.3290224039018;1040.4688132120662;0.0;210.02100210021004;0.0;0.0;0.0;0.0
2030-01-21 01:00:00;439.379539082035;1040.4688132120662;0.0;210.02100210021004;0.0;0.0;0.0;0.0
2030-01-21 02:00:00;439.0910732785842;1040.4688132120662;0.0;210.02100210021004;0.0;0.0;0.0;0.0
2030-01-21 03:00:00;439.146059332818;1040.4688132120662;0.0;210.02100210021004;0.0;0.0;0.0;0.0
2030-01-21 04:00:00;439.3125023510736;1040.4688132120662;0.0;210.02100210021004;0.0;0.0;0.0;0.0
2030-01-21 05:00:00;439.7203860756963;1040.4688132120662;0.0;210.02100210021004;0.0;0.0;0.0;0.0
2030-01-21 06:00:00;440.3609828275619;1040.4688132120662;0.0;210.02100210021004;0.0;0.0;0.0;0.0
2030-01-21 07:00:00;442.9259215930434;1040.4688132120662;0.0;210.02100210021004;0.0;0.0;0.0;0.0
2030-01-21 08:00:00;443.8735170069276;1040.4688132120662;0.0;210.02100210021004;0.0;0.0;0.0;0.0
2030-01-21 09:00:00;445.5290511793813;1040.4688132120662;0.0;210.02100210021004;0.0;0.0;0.0;0.0
2030-01-21 10:00:00;444.7900688093712;1040.4688132120662;0.0;210.02100210021004;0.0;0.0;0.0;0.0
2030-01-21 11:00:00;444.1654025996758;1040.4688132120662;0.0;210.02100210021004;0.0;0.0;0.0;0.0
2030-01-21 12:00:00;445.084253005408;1040.4688132120662;0.0;210.02100210021004;0.0;0.0;0.0;0.0
2030-01-21 13:00:00;444.456470719524;1040.4688132120662;0.0;210.02100210021004;0.0;0.0;0.0;0.0
2030-01-21 14:00:00;444.6457857454898;1040.4688132120662;0.0;210.02100210021004;0.0;0.0;0.0;0.0
2030-01-21 15:00:00;445.0235993095139;1040.4688132120662;0.0;210.02100210021004;0.0;0.0;0.0;0.0
2030-01-21 16:00:00;445.5890917761648;1040.4688132120662;0.0;210.02100210021004;0.0;0.0;0.0;0.0
2030-01-21 17:00:00;445.7029464902478;1040.4688132120662;0.0;210.02100210021004;0.0;0.0;0.0;0.0
2030-01-21 18:00:00;445.2247577056982;1040.4688132120662;0.0;210.02100210021004;0.0;0.0;0.0;0.0
2030-01-21 19:00:00;445.1137112444354;1040.4688132120662;0.0;210.02100210021004;0.0;0.0;0.0;0.0
2030-01-21 20:00:00;445.5186342709138;1040.4688132120662;0.0;210.02100210021004;0.0;0.0;0.0;0.0
2030-01-21 21:00:00;444.934864262957;1040.4688132120662;0.0;210.02100210021004;0.0;0.0;0.0;0.0
2030-01-21 22:00:00;443.5279713048377;1040.4688132120662;0.0;210.02100210021004;0.0;0.0;0.0;0.0
2030-01-21 23:00:00;442.4232781685433;1040.4688132120662;0.0;210.02100210021004;0.0;0.0;0.0;0.0
2030-01-22 00:00:00;441.4498994296438;1040.4688132120662;0.0;210.02100210021004;0.0;0.0;0.0;0.0
2030-01-22 01:00:00;440.9968312976125;1040.4688132120662;0.0;210.02100210021004;0.0;0.0;0.0;0.0
2030-01-22 02:00:00;441.1204380851346;1040.4688132120662;0.0;210.02100210021004;0.0;0.0;0.0;0.0
2030-01-22 03:00:00;441.0847998147424;1040.4688132120662;0.0;210.02100210021004;0.0;0.0;0.0;0.0
2030-01-22 04:00:00;441.2360268917897;1040.4688132120662;0.0;210.02100210021004;0.0;0.0;0.0;0.0
2030-01-22 05:00:00;442.1188830004617;1040.4688132120662;0.0;210.02100210021004;0.0;0.0;0.0;0.0
2030-01-22 06:00:00;442.850665847497;1040.4688132120662;0.0;210.02100210021004;0.0;0.0;0.0;0.0
2030-01-22 07:00:00;443.3779698483704;1040.4688132120662;0.0;210.02100210021004;0.0;0.0;0.0;0.0
2030-01-22 08:00:00;444.1934322144206;1040.4688132120662;0.0;210.02100210021004;0.0;0.0;0.0;0.0
2030-01-22 09:00:00;445.2991462124115;1040.4688132120662;0.0;210.02100210021004;0.0;0.0;0.0;0.0
2030-01-22 10:00:00;445.3321274977682;1040.4688132120662;0.0;210.02100210021004;0.0;0.0;0.0;0.0
2030-01-22 11:00:00;445.4329120435134;1040.4688132120662;0.0;210.02100210021004;0.0;0.0;0.0;0.0
2030-01-22 12:00:00;445.4430213211598;1040.4688132120662;0.0;210.02100210021004;0.0;0.0;0.0;0.0
2030-01-22 13:00:00;445.5795952125348;1040.4688132120662;0.0;210.02100210021004;0.0;0.0;0.0;0.0
2030-01-22 14:00:00;446.5744181273071;1040.4688132120662;0.0;210.02100210021004;0.0;0.0;0.0;0.0
2030-01-22 15:00:00;446.6766824333548;1040.4688132120662;0.0;210.02100210021004;0.0;0.0;0.0;0.0
2030-01-22 16:00:00;446.1313042799725;1040.4688132120662;0.0;210.02100210021004;0.0;0.0;0.0;0.0
2030-01-22 17:00:00;445.6087995043868;1040.4688132120662;0.0;210.02100210021004;0.0;0.0;0.0;0.0
2030-01-22 18:00:00;446.0367493389783;1040.4688132120662;0.0;210.02100210021004;0.0;0.0;0.0;0.0
2030-01-22 19:00:00;444.3208159954472;1040.4688132120662;0.0;210.02100210021004;0.0;0.0;0.0;0.0
2030-01-22 20:00:00;443.9191095620163;1040.4688132120662;0.0;210.02100210021004;0.0;0.0;0.0;0.0
2030-01-22 21:00:00;442.9264833635872;1040.4688132120662;0.0;210.02100210021004;0.0;0.0;0.0;0.0
2030-01-22 22:00:00;442.1082129372638;1040.4688132120662;0.0;210.02100210021004;0.0;0.0;0.0;0.0
2030-01-22 23:00:00;442.8948293932089;1040.4688132120662;0.0;210.02100210021004;0.0;0.0;0.0;0.0
2030-01-23 00:00:00;442.8105349976458;1040.4688132120662;0.0;210.02100210021004;0.0;0.0;0.0;0.0
2030-01-23 01:00:00;442.4853616662593;1040.4688132120662;0.0;210.02100210021004;0.0;0.0;0.0;0.0
2030-01-23 02:00:00;442.5636302309623;1040.4688132120662;0.0;210.02100210021004;0.0;0.0;0.0;0.0
2030-01-23 03:00:00;442.8948293932089;1040.4688132120662;0.0;210.02100210021004;0.0;0.0;0.0;0.0
2030-01-23 04:00:00;443.5929141913938;1040.4688132120662;0.0;210.02100210021004;0.0;0.0;0.0;0.0
2030-01-23 05:00:00;443.6446838451272;1040.4688132120662;0.0;210.02100210021004;0.0;0.0;0.0;0.0
2030-01-23 06:00:00;444.1997112000108;1040.4688132120662;0.0;210.02100210021004;0.0;0.0;0.0;0.0
2030-01-23 07:00:00;445.8214464216609;1040.4688132120662;0.0;210.02100210021004;0.0;0.0;0.0;0.0
2030-01-23 08:00:00;518.6957909102916;1040.4688132120662;0.0;210.02100210021004;0.0;0.0;0.0;0.0
2030-01-23 09:00:00;519.3837168574439;1040.4688132120662;0.0;210.02100210021004;0.0;0.0;0.0;0.0
2030-01-23 10:00:00;446.6208267852091;1040.4688132120662;0.0;210.02100210021004;0.0;0.0;0.0;0.0
2030-01-23 11:00:00;446.8156045014048;1040.4688132120662;0.0;210.02100210021004;0.0;0.0;0.0;0.0
2030-01-23 12:00:00;448.1074173174081;1040.4688132120662;0.0;210.02100210021004;0.0;0.0;0.0;0.0
2030-01-23 13:00:00;448.1890049620023;1040.4688132120662;0.0;210.02100210021004;0.0;0.0;0.0;0.0
2030-01-23 14:00:00;447.7137770681441;1040.4688132120662;0.0;210.02100210021004;0.0;0.0;0.0;0.0
2030-01-23 15:00:00;448.0601390655943;1040.4688132120662;0.0;210.02100210021004;0.0;0.0;0.0;0.0
2030-01-23 16:00:00;447.7295539874507;1040.4688132120662;0.0;210.02100210021004;0.0;0.0;0.0;0.0
2030-01-23 17:00:00;447.6364276707392;1040.4688132120662;0.0;210.02100210021004;0.0;0.0;0.0;0.0
2030-01-23 18:00:00;502.7750797364748;1040.4688132120662;0.0;210.02100210021004;0.0;0.0;0.0;0.0
2030-01-23 19:00:00;519.9434923015954;1040.4688132120662;0.0;210.02100210021004;0.0;0.0;0.0;0.0
2030-01-23 20:00:00;519.3827455691336;1040.4688132120662;0.0;210.02100210021004;0.0;0.0;0.0;0.0
2030-01-23 21:00:00;518.7453663953077;1040.4688132120662;0.0;210.02100210021004;0.0;0.0;0.0;0.0
2030-01-23 22:00:00;518.6020532496502;1040.4688132120662;0.0;210.02100210021004;0.0;0.0;0.0;0.0
2030-01-23 23:00:00;517.7606031847955;1040.4688132120662;0.0;210.02100210021004;0.0;0.0;0.0;0.0
2030-01-24 00:00:00;516.6610155345236;1040.4688132120662;0.0;210.02100210021004;0.0;0.0;0.0;0.0
2030-01-24 01:00:00;516.091999036551;1040.4688132120662;0.0;210.02100210021004;0.0;0.0;0.0;0.0
2030-01-24 02:00:00;516.6469245044891;1040.4688132120662;0.0;210.02100210021004;0.0;0.0;0.0;0.0
2030-01-24 03:00:00;516.6966016839035;1040.4688132120662;0.0;210.02100210021004;0.0;0.0;0.0;0.0
2030-01-24 04:00:00;517.1703472698335;1040.4688132120662;0.0;210.02100210021004;0.0;0.0;0.0;0.0
2030-01-24 05:00:00;517.5011371068604;1040.4688132120662;0.0;210.02100210021004;0.0;0.0;0.0;0.0
2030-01-24 06:00:00;518.4053355044597;1040.4688132120662;0.0;210.02100210021004;0.0;0.0;0.0;0.0
2030-01-24 07:00:00;518.6713350928018;1040.4688132120662;0.0;210.02100210021004;0.0;0.0;0.0;0.0
2030-01-24 08:00:00;519.346957208496;1040.4688132120662;0.0;210.02100210021004;0.0;0.0;0.0;0.0
2030-01-24 09:00:00;519.636953715722;1040.4688132120662;0.0;210.02100210021004;0.0;0.0;0.0;0.0
2030-01-24 10:00:00;519.835151221215;1040.4688132120662;0.0;210.02100210021004;0.0;0.0;0.0;0.0
2030-01-24 11:00:00;519.8754347089373;1040.4688132120662;0.0;210.02100210021004;0.0;0.0;0.0;0.0
2030-01-24 12:00:00;520.122544041957;1040.4688132120662;0.0;210.02100210021004;0.0;0.0;0.0;0.0
2030-01-24 13:00:00;519.1370664230299;1040.4688132120662;0.0;210.02100210021004;0.0;0.0;0.0;0.0
2030-01-24 14:00:00;518.8066847336833;1040.4688132120662;0.0;210.02100210021004;0.0;0.0;0.0;0.0
2030-01-24 15:00:00;519.373302304055;1040.4688132120662;0.0;210.02100210021004;0.0;0.0;0.0;0.0
2030-01-24 16:00:00;519.7246159721172;1040.4688132120662;0.0;210.02100210021004;0.0;0.0;0.0;0.0
2030-01-24 17:00:00;519.9524778456073;1040.4688132120662;0.0;210.02100210021004;0.0;0.0;0.0;0.0
2030-01-24 18:00:00;519.7699032514636;1040.4688132120662;0.0;210.02100210021004;0.0;0.0;0.0;0.0
2030-01-24 19:00:00;519.8338252763231;1040.4688132120662;0.0;210.02100210021004;0.0;0.0;0.0;0.0
2030-01-24 20:00:00;519.563177923025;1040.4688132120662;0.0;210.02100210021004;0.0;0.0;0.0;0.0
2030-01-24 21:00:00;519.3171402026276;1040.4688132120662;0.0;210.02100210021004;0.0;0.0;0.0;0.0
2030-01-24 22:00:00;518.4969299398566;1040.4688132120662;0.0;210.02100210021004;0.0;0.0;0.0;0.0
2030-01-24 23:00:00;517.6989785856853;1040.4688132120662;0.0;210.02100210021004;0.0;0.0;0.0;0.0
2030-01-25 00:00:00;518.5027486567544;1040.4688132120662;0.0;210.02100210021004;0.0;0.0;0.0;0.0
2030-01-25 01:00:00;518.1016039938672;1040.4688132120662;0.0;210.02100210021004;0.0;0.0;0.0;0.0
2030-01-25 02:00:00;516.6595355816739;1040.4688132120662;0.0;210.02100210021004;0.0;0.0;0.0;0.0
2030-01-25 03:00:00;516.7731843593343;1040.4688132120662;0.0;210.02100210021004;0.0;0.0;0.0;0.0
2030-01-25 04:00:00;516.9195626377075;1040.4688132120662;0.0;210.02100210021004;0.0;0.0;0.0;0.0
2030-01-25 05:00:00;517.1974067738073;1040.4688132120662;0.0;210.02100210021004;0.0;0.0;0.0;0.0
2030-01-25 06:00:00;517.683203036465;1040.4688132120662;0.0;210.02100210021004;0.0;0.0;0.0;0.0
2030-01-25 07:00:00;517.74074183371;1040.4688132120662;0.0;210.02100210021004;0.0;0.0;0.0;0.0
2030-01-25 08:00:00;518.6180347352931;1040.4688132120662;0.0;210.02100210021004;0.0;0.0;0.0;0.0
2030-01-25 09:00:00;496.9452092254946;1040.4688132120662;0.0;210.02100210021004;0.0;0.0;0.0;0.0
2030-01-25 10:00:00;457.860560429205;1040.4688132120662;0.0;210.02100210021004;0.0;0.0;0.0;0.0
2030-01-25 11:00:00;445.7259213698959;1040.4688132120662;0.0;210.02100210021004;0.0;0.0;0.0;0.0
2030-01-25 12:00:00;445.399113285257;1040.4688132120662;0.0;210.02100210021004;0.0;0.0;0.0;0.0
2030-01-25 13:00:00;445.357912000323;1040.4688132120662;0.0;210.02100210021004;0.0;0.0;0.0;0.0
2030-01-25 14:00:00;445.084149940923;1040.4688132120662;0.0;210.02100210021004;0.0;0.0;0.0;0.0
2030-01-25 15:00:00;445.9699669402864;1040.4688132120662;0.0;210.02100210021004;0.0;0.0;0.0;0.0
2030-01-25 16:00:00;444.1159301791446;1040.4688132120662;0.0;210.02100210021004;0.0;0.0;0.0;0.0
2030-01-25 17:00:00;444.1971688615989;1040.4688132120662;0.0;210.02100210021004;0.0;0.0;0.0;0.0
2030-01-25 18:00:00;442.9697277420008;1040.4688132120662;0.0;210.02100210021004;0.0;0.0;0.0;0.0
2030-01-25 19:00:00;443.9907405668351;1040.4688132120662;0.0;210.02100210021004;0.0;0.0;0.0;0.0
2030-01-25 20:00:00;443.4012511813002;1040.4688132120662;0.0;210.02100210021004;0.0;0.0;0.0;0.0
2030-01-25 21:00:00;441.260328893869;1040.4688132120662;0.0;210.02100210021004;0.0;0.0;0.0;0.0
2030-01-25 22:00:00;439.2952954373977;1040.4688132120662;0.0;210.02100210021004;0.0;0.0;0.0;0.0
2030-01-25 23:00:00;437.4241569423365;1040.4688132120662;0.0;210.02100210021004;0.0;0.0;0.0;0.0
2030-01-26 00:00:00;437.379735446244;1040.4688132120662;0.0;210.02100210021004;0.0;0.0;0.0;0.0
2030-01-26 01:00:00;437.3393293594844;1040.4688132120662;0.0;210.02100210021004;0.0;0.0;0.0;0.0
2030-01-26 02:00:00;437.3062028212574;1040.4688132120662;0.0;210.02100210021004;0.0;0.0;0.0;0.0
2030-01-26 03:00:00;437.2784446851269;1040.4688132120662;0.0;210.02100210021004;0.0;0.0;0.0;0.0
2030-01-26 04:00:00;437.2727618800123;1040.4688132120662;0.0;210.02100210021004;0.0;0.0;0.0;0.0
2030-01-26 05:00:00;437.2633486300981;1040.4688132120662;0.0;210.02100210021004;0.0;0.0;0.0;0.0
2030-01-26 06:00:00;437.2481430639057;1040.4688132120662;0.0;210.02100210021004;0.0;0.0;0.0;0.0
2030-01-26 07:00:00;437.2568344821715;1040.4688132120662;0.0;210.02100210021004;0.0;0.0;0.0;0.0
2030-01-26 08:00:00;437.3325302470245;1040.4688132120662;0.0;210.02100210021004;0.0;0.0;0.0;0.0
2030-01-26 09:00:00;454.9440124482421;1040.4688132120662;0.0;210.02100210021004;0.0;0.0;0.0;0.0
2030-01-26 10:00:00;438.7045510585649;1040.4688132120662;0.0;210.02100210021004;0.0;0.0;0.0;0.0
2030-01-26 11:00:00;439.0885340038864;1040.4688132120662;0.0;210.02100210021004;0.0;0.0;0.0;0.0
2030-01-26 12:00:00;438.397383118615;1040.4688132120662;0.0;210.02100210021004;0.0;0.0;0.0;0.0
2030-01-26 13:00:00;438.4484239524438;1040.4688132120662;0.0;210.02100210021004;0.0;0.0;0.0;0.0
2030-01-26 14:00:00;438.4478137637963;1040.4688132120662;0.0;210.02100210021004;0.0;0.0;0.0;0.0
2030-01-26 15:00:00;437.962509237163;1040.4688132120662;0.0;210.02100210021004;0.0;0.0;0.0;0.0
2030-01-26 16:00:00;438.1677454071536;1040.4688132120662;0.0;210.02100210021004;0.0;0.0;0.0;0.0
2030-01-26 17:00:00;437.4876486866323;1040.4688132120662;0.0;210.02100210021004;0.0;0.0;0.0;0.0
2030-01-26 18:00:00;437.8788794321006;1040.4688132120662;0.0;210.02100210021004;0.0;0.0;0.0;0.0
2030-01-26 19:00:00;437.4215145439367;1040.4688132120662;0.0;210.02100210021004;0.0;0.0;0.0;0.0
2030-01-26 20:00:00;437.4032756362658;1040.4688132120662;0.0;210.02100210021004;0.0;0.0;0.0;0.0
2030-01-26 21:00:00;437.3409437659933;1040.4688132120662;0.0;210.02100210021004;0.0;0.0;0.0;0.0
2030-01-26 22:00:00;437.2742691304364;1040.4688132120662;0.0;210.02100210021004;0.0;0.0;0.0;0.0
2030-01-26 23:00:00;438.4737693752123;1040.4688132120662;0.0;210.02100210021004;0.0;0.0;0.0;0.0
2030-01-27 00:00:00;437.1882581204935;1040.4688132120662;0.0;210.02100210021004;0.0;0.0;0.0;0.0
2030-01-27 01:00:00;437.2173680718482;1040.4688132120662;0.0;210.02100210021004;0.0;0.0;0.0;0.0
2030-01-27 02:00:00;437.2111012071942;1040.4688132120662;0.0;210.02100210021004;0.0;0.0;0.0;0.0
2030-01-27 03:00:00;437.1869592945421;1040.4688132120662;0.0;210.02100210021004;0.0;0.0;0.0;0.0
2030-01-27 04:00:00;437.1687027237803;1040.4688132120662;0.0;210.02100210021004;0.0;0.0;0.0;0.0
2030-01-27 05:00:00;437.1682211101682;1040.4688132120662;0.0;210.02100210021004;0.0;0.0;0.0;0.0
2030-01-27 06:00:00;440.5415023281755;1040.4688132120662;0.0;210.02100210021004;0.0;0.0;0.0;0.0
2030-01-27 07:00:00;456.0907753313615;1040.4688132120662;0.0;210.02100210021004;0.0;0.0;0.0;0.0
2030-01-27 08:00:00;437.1613501678053;1040.4688132120662;0.0;210.02100210021004;0.0;0.0;0.0;0.0
2030-01-27 09:00:00;437.1878236084572;1040.4688132120662;0.0;210.02100210021004;0.0;0.0;0.0;0.0
2030-01-27 10:00:00;437.2732917727395;1040.4688132120662;0.0;210.02100210021004;0.0;0.0;0.0;0.0
2030-01-27 11:00:00;437.3337384024426;1040.4688132120662;0.0;210.02100210021004;0.0;0.0;0.0;0.0
2030-01-27 12:00:00;437.333688945788;1040.4688132120662;0.0;210.02100210021004;0.0;0.0;0.0;0.0
2030-01-27 13:00:00;437.3239718907101;1040.4688132120662;0.0;210.02100210021004;0.0;0.0;0.0;0.0
2030-01-27 14:00:00;437.299752260458;1040.4688132120662;0.0;210.02100210021004;0.0;0.0;0.0;0.0
2030-01-27 15:00:00;504.5770373772527;1040.4688132120662;0.0;210.02100210021004;0.0;0.0;0.0;0.0
2030-01-27 16:00:00;505.1708161459969;1040.4688132120662;0.0;210.02100210021004;0.0;0.0;0.0;0.0
2030-01-27 17:00:00;506.9679268239101;1040.4688132120662;0.0;210.02100210021004;0.0;0.0;0.0;0.0
2030-01-27 18:00:00;507.8210180477259;1040.4688132120662;0.0;210.02100210021004;0.0;0.0;0.0;0.0
2030-01-27 19:00:00;507.6540651873918;1040.4688132120662;0.0;210.02100210021004;0.0;0.0;0.0;0.0
2030-01-27 20:00:00;507.5122331721232;1040.4688132120662;0.0;210.02100210021004;0.0;0.0;0.0;0.0
2030-01-27 21:00:00;507.0297561819037;1040.4688132120662;0.0;210.02100210021004;0.0;0.0;0.0;0.0
2030-01-27 22:00:00;505.2878351395681;1040.4688132120662;0.0;210.02100210021004;0.0;0.0;0.0;0.0
2030-01-27 23:00:00;504.6158908706059;1040.4688132120662;0.0;210.02100210021004;0.0;0.0;0.0;0.0
2030-01-28 00:00:00;504.8872512622323;1040.4688132120662;0.0;210.02100210021004;0.0;0.0;0.0;0.0
2030-01-28 01:00:00;505.3525225163152;1040.4688132120662;0.0;210.02100210021004;0.0;0.0;0.0;0.0
2030-01-28 02:00:00;503.4084729670245;1040.4688132120662;0.0;210.02100210021004;0.0;0.0;0.0;0.0
2030-01-28 03:00:00;502.2199455113123;1040.4688132120662;0.0;210.02100210021004;0.0;0.0;0.0;0.0
2030-01-28 04:00:00;501.8183927007449;1040.4688132120662;0.0;210.02100210021004;0.0;0.0;0.0;0.0
2030-01-28 05:00:00;502.9605105135628;1040.4688132120662;0.0;210.02100210021004;0.0;0.0;0.0;0.0
2030-01-28 06:00:00;506.7237783815818;1040.4688132120662;0.0;210.02100210021004;0.0;0.0;0.0;0.0
2030-01-28 07:00:00;512.7550968082497;1040.4688132120662;0.0;210.02100210021004;0.0;0.0;0.0;0.0
2030-01-28 08:00:00;515.7117356014535;1040.4688132120662;0.0;210.02100210021004;0.0;0.0;0.0;0.0
2030-01-28 09:00:00;516.1743001045677;1040.4688132120662;0.0;210.02100210021004;0.0;0.0;0.0;0.0
2030-01-28 10:00:00;516.5724329332908;1040.4688132120662;0.0;210.02100210021004;0.0;0.0;0.0;0.0
2030-01-28 11:00:00;515.6987683050535;1040.4688132120662;0.0;210.02100210021004;0.0;0.0;0.0;0.0
2030-01-28 12:00:00;515.280415550951;1040.4688132120662;0.0;210.02100210021004;0.0;0.0;0.0;0.0
2030-01-28 13:00:00;514.9449295531213;1040.4688132120662;0.0;210.02100210021004;0.0;0.0;0.0;0.0
2030-01-28 14:00:00;514.8450134237486;1040.4688132120662;0.0;210.02100210021004;0.0;0.0;0.0;0.0
2030-01-28 15:00:00;514.6136796399492;1040.4688132120662;0.0;210.02100210021004;0.0;0.0;0.0;0.0
2030-01-28 16:00:00;514.8123881650599;1040.4688132120662;0.0;210.02100210021004;0.0;0.0;0.0;0.0
2030-01-28 17:00:00;515.328001433586;1040.4688132120662;0.0;210.02100210021004;0.0;0.0;0.0;0.0
2030-01-28 18:00:00;515.8693443434818;1040.4688132120662;0.0;210.02100210021004;0.0;0.0;0.0;0.0
2030-01-28 19:00:00;516.6333431239862;1040.4688132120662;0.0;210.02100210021004;0.0;0.0;0.0;0.0
2030-01-28 20:00:00;516.7484730320355;1040.4688132120662;0.0;210.02100210021004;0.0;0.0;0.0;0.0
2030-01-28 21:00:00;514.1348271979102;1040.4688132120662;0.0;210.02100210021004;0.0;0.0;0.0;0.0
2030-01-28 22:00:00;512.7640835298012;1040.4688132120662;0.0;210.02100210021004;0.0;0.0;0.0;0.0
2030-01-28 23:00:00;510.5515809884768;1040.4688132120662;0.0;210.02100210021004;0.0;0.0;0.0;0.0
2030-01-29 00:00:00;508.8694475807415;1040.4688132120662;0.0;210.02100210021004;0.0;0.0;0.0;0.0
2030-01-29 01:00:00;508.9785018919974;1040.4688132120662;0.0;210.02100210021004;0.0;0.0;0.0;0.0
2030-01-29 02:00:00;509.7853880392551;1040.4688132120662;0.0;210.02100210021004;0.0;0.0;0.0;0.0
2030-01-29 03:00:00;509.3022995125586;1040.4688132120662;0.0;210.02100210021004;0.0;0.0;0.0;0.0
2030-01-29 04:00:00;509.3305325161003;1040.4688132120662;0.0;210.02100210021004;0.0;0.0;0.0;0.0
2030-01-29 05:00:00;509.4834439197862;1040.4688132120662;0.0;210.02100210021004;0.0;0.0;0.0;0.0
2030-01-29 06:00:00;512.4072538729574;1040.4688132120662;0.0;210.02100210021004;0.0;0.0;0.0;0.0
2030-01-29 07:00:00;516.3249663960636;1040.4688132120662;0.0;210.02100210021004;0.0;0.0;0.0;0.0
2030-01-29 08:00:00;517.106069218306;1040.4688132120662;0.0;210.02100210021004;0.0;0.0;0.0;0.0
2030-01-29 09:00:00;517.5916583670014;1040.4688132120662;0.0;210.02100210021004;0.0;0.0;0.0;0.0
2030-01-29 10:00:00;517.6380174515172;1040.4688132120662;0.0;210.02100210021004;0.0;0.0;0.0;0.0
2030-01-29 11:00:00;517.233502572719;1040.4688132120662;0.0;210.02100210021004;0.0;0.0;0.0;0.0
2030-01-29 12:00:00;516.5366943385866;1040.4688132120662;0.0;210.02100210021004;0.0;0.0;0.0;0.0
2030-01-29 13:00:00;515.9575176194949;1040.4688132120662;0.0;210.02100210021004;0.0;0.0;0.0;0.0
2030-01-29 14:00:00;516.1184965774341;1040.4688132120662;0.0;210.02100210021004;0.0;0.0;0.0;0.0
2030-01-29 15:00:00;516.7676707256317;1040.4688132120662;0.0;210.02100210021004;0.0;0.0;0.0;0.0
2030-01-29 16:00:00;517.8324898919705;1040.4688132120662;0.0;210.02100210021004;0.0;0.0;0.0;0.0
2030-01-29 17:00:00;518.2259761332768;1040.4688132120662;0.0;210.02100210021004;0.0;0.0;0.0;0.0
2030-01-29 18:00:00;517.918416685707;1040.4688132120662;0.0;210.02100210021004;0.0;0.0;0.0;0.0
2030-01-29 19:00:00;517.8456617547067;1040.4688132120662;0.0;210.02100210021004;0.0;0.0;0.0;0.0
2030-01-29 20:00:00;517.7084242058424;1040.4688132120662;0.0;210.02100210021004;0.0;0.0;0.0;0.0
2030-01-29 21:00:00;517.1897497223131;1040.4688132120662;0.0;210.02100210021004;0.0;0.0;0.0;0.0
2030-01-29 22:00:00;516.3506478341335;1040.4688132120662;0.0;210.02100210021004;0.0;0.0;0.0;0.0
2030-01-29 23:00:00;515.376758075616;1040.4688132120662;0.0;210.02100210021004;0.0;0.0;0.0;0.0
2030-01-30 00:00:00;513.6279974546858;1040.4688132120662;0.0;210.02100210021004;0.0;0.0;0.0;0.0
2030-01-30 01:00:00;514.1313552876009;1040.4688132120662;0.0;210.02100210021004;0.0;0.0;0.0;0.0
2030-01-30 02:00:00;514.4876751023658;1040.4688132120662;0.0;210.02100210021004;0.0;0.0;0.0;0.0
2030-01-30 03:00:00;513.7187742246358;1040.4688132120662;0.0;210.02100210021004;0.0;0.0;0.0;0.0
2030-01-30 04:00:00;512.9639655544797;1040.4688132120662;0.0;210.02100210021004;0.0;0.0;0.0;0.0
2030-01-30 05:00:00;512.9656512512049;1040.4688132120662;0.0;210.02100210021004;0.0;0.0;0.0;0.0
2030-01-30 06:00:00;514.5807479279787;1040.4688132120662;0.0;210.02100210021004;0.0;0.0;0.0;0.0
2030-01-30 07:00:00;517.1324650647907;1040.4688132120662;0.0;210.02100210021004;0.0;0.0;0.0;0.0
2030-01-30 08:00:00;517.8059414076145;1040.4688132120662;0.0;210.02100210021004;0.0;0.0;0.0;0.0
2030-01-30 09:00:00;517.8925816247737;1040.4688132120662;0.0;210.02100210021004;0.0;0.0;0.0;0.0
2030-01-30 10:00:00;518.1550085934002;1040.4688132120662;0.0;210.02100210021004;0.0;0.0;0.0;0.0
2030-01-30 11:00:00;510.5603594359471;1040.4688132120662;0.0;210.02100210021004;0.0;0.0;0.0;0.0
2030-01-30 12:00:00;469.9645354968713;1040.4688132120662;0.0;210.02100210021004;0.0;0.0;0.0;0.0
2030-01-30 13:00:00;444.814728208205;1040.4688132120662;0.0;210.02100210021004;0.0;0.0;0.0;0.0
2030-01-30 14:00:00;444.8807438849228;1040.4688132120662;0.0;210.02100210021004;0.0;0.0;0.0;0.0
2030-01-30 15:00:00;444.7725579900394;1040.4688132120662;0.0;210.02100210021004;0.0;0.0;0.0;0.0
2030-01-30 16:00:00;445.116520867342;1040.4688132120662;0.0;210.02100210021004;0.0;0.0;0.0;0.0
2030-01-30 17:00:00;445.5292036247055;1040.4688132120662;0.0;210.02100210021004;0.0;0.0;0.0;0.0
2030-01-30 18:00:00;451.0973712192072;1040.4688132120662;0.0;210.02100210021004;0.0;0.0;0.0;0.0
2030-01-30 19:00:00;446.0915318118681;1040.4688132120662;0.0;210.02100210021004;0.0;0.0;0.0;0.0
2030-01-30 20:00:00;459.7232694062963;1040.4688132120662;0.0;210.02100210021004;0.0;0.0;0.0;0.0
2030-01-30 21:00:00;449.916078324839;1040.4688132120662;0.0;210.02100210021004;0.0;0.0;0.0;0.0
2030-01-30 22:00:00;444.9727476455392;1040.4688132120662;0.0;210.02100210021004;0.0;0.0;0.0;0.0
2030-01-30 23:00:00;444.185059384425;1040.4688132120662;0.0;210.02100210021004;0.0;0.0;0.0;0.0
2030-01-31 00:00:00;443.3630105945105;1040.4688132120662;0.0;210.02100210021004;0.0;0.0;0.0;0.0
2030-01-31 01:00:00;442.6402652199523;1040.4688132120662;0.0;210.02100210021004;0.0;0.0;0.0;0.0
2030-01-31 02:00:00;442.8296309968437;1040.4688132120662;0.0;210.02100210021004;0.0;0.0;0.0;0.0
2030-01-31 03:00:00;442.5136467908131;1040.4688132120662;0.0;210.02100210021004;0.0;0.0;0.0;0.0
2030-01-31 04:00:00;442.4392582840998;1040.4688132120662;0.0;210.02100210021004;0.0;0.0;0.0;0.0
2030-01-31 05:00:00;442.7426833414105;1040.4688132120662;0.0;210.02100210021004;0.0;0.0;0.0;0.0
2030-01-31 06:00:00;443.016699540533;1040.4688132120662;0.0;210.02100210021004;0.0;0.0;0.0;0.0
2030-01-31 07:00:00;444.8072745455077;1040.4688132120662;0.0;210.02100210021004;0.0;0.0;0.0;0.0
2030-01-31 08:00:00;445.9270301926939;1040.4688132120662;0.0;210.02100210021004;0.0;0.0;0.0;0.0
2030-01-31 09:00:00;447.7260818845942;1040.4688132120662;0.0;210.02100210021004;0.0;0.0;0.0;0.0
2030-01-31 10:00:00;447.4244951618799;1040.4688132120662;0.0;210.02100210021004;0.0;0.0;0.0;0.0
2030-01-31 11:00:00;446.7156374285593;1040.4688132120662;0.0;210.02100210021004;0.0;0.0;0.0;0.0
2030-01-31 12:00:00;446.9521783927797;1040.4688132120662;0.0;210.02100210021004;0.0;0.0;0.0;0.0
2030-01-31 13:00:00;446.727021900172;1040.4688132120662;0.0;210.02100210021004;0.0;0.0;0.0;0.0
2030-01-31 14:00:00;446.7649064602937;1040.4688132120662;0.0;210.02100210021004;0.0;0.0;0.0;0.0
2030-01-31 15:00:00;446.9451328777625;1040.4688132120662;0.0;210.02100210021004;0.0;0.0;0.0;0.0
2030-01-31 16:00:00;446.3231212980238;1040.4688132120662;0.0;210.02100210021004;0.0;0.0;0.0;0.0
2030-01-31 17:00:00;444.4715318603294;1040.4688132120662;0.0;210.02100210021004;0.0;0.0;0.0;0.0
2030-01-31 18:00:00;444.7867518920117;1040.4688132120662;0.0;210.02100210021004;0.0;0.0;0.0;0.0
2030-01-31 19:00:00;446.5604783650574;1040.4688132120662;0.0;210.02100210021004;0.0;0.0;0.0;0.0
2030-01-31 20:00:00;445.7629884571177;1040.4688132120662;0.0;210.02100210021004;0.0;0.0;0.0;0.0
2030-01-31 21:00:00;445.6027239075934;1040.4688132120662;0.0;210.02100210021004;0.0;0.0;0.0;0.0
2030-01-31 22:00:00;444.8832979980205;1040.4688132120662;0.0;210.02100210021004;0.0;0.0;0.0;0.0
2030-01-31 23:00:00;443.6340139744765;1040.4688132120662;0.0;210.02100210021004;0.0;0.0;0.0;0.0
2030-02-01 00:00:00;440.7560530711952;1040.4688132120662;0.0;210.02100210021004;0.0;0.0;0.0;0.0
2030-02-01 01:00:00;439.6347147917686;1040.4688132120662;0.0;210.02100210021004;0.0;0.0;0.0;0.0
2030-02-01 02:00:00;438.3886990971901;1040.4688132120662;0.0;210.02100210021004;0.0;0.0;0.0;0.0
2030-02-01 03:00:00;438.5566206982087;1040.4688132120662;0.0;210.02100210021004;0.0;0.0;0.0;0.0
2030-02-01 04:00:00;438.2806658401779;1040.4688132120662;0.0;210.02100210021004;0.0;0.0;0.0;0.0
2030-02-01 05:00:00;438.3464757730201;1040.4688132120662;0.0;210.02100210021004;0.0;0.0;0.0;0.0
2030-02-01 06:00:00;439.7604649970823;1040.4688132120662;0.0;210.02100210021004;0.0;0.0;0.0;0.0
2030-02-01 07:00:00;442.708221118212;1040.4688132120662;0.0;210.02100210021004;0.0;0.0;0.0;0.0
2030-02-01 08:00:00;445.4781483793869;1040.4688132120662;0.0;210.02100210021004;0.0;0.0;0.0;0.0
2030-02-01 09:00:00;444.2421914040763;1040.4688132120662;0.0;210.02100210021004;0.0;0.0;0.0;0.0
2030-02-01 10:00:00;444.5151855639627;1040.4688132120662;0.0;210.02100210021004;0.0;0.0;0.0;0.0
2030-02-01 11:00:00;444.772556619953;1040.4688132120662;0.0;210.02100210021004;0.0;0.0;0.0;0.0
2030-02-01 12:00:00;444.801760911805;1040.4688132120662;0.0;210.02100210021004;0.0;0.0;0.0;0.0
2030-02-01 13:00:00;444.657579542322;1040.4688132120662;0.0;210.02100210021004;0.0;0.0;0.0;0.0
2030-02-01 14:00:00;445.0414675256001;1040.4688132120662;0.0;210.02100210021004;0.0;0.0;0.0;0.0
2030-02-01 15:00:00;444.9394587293615;1040.4688132120662;0.0;210.02100210021004;0.0;0.0;0.0;0.0
2030-02-01 16:00:00;444.6487985646463;1040.4688132120662;0.0;210.02100210021004;0.0;0.0;0.0;0.0
2030-02-01 17:00:00;444.7475402094588;1040.4688132120662;0.0;210.02100210021004;0.0;0.0;0.0;0.0
2030-02-01 18:00:00;444.7565255609237;1040.4688132120662;0.0;210.02100210021004;0.0;0.0;0.0;0.0
2030-02-01 19:00:00;445.1357162058596;1040.4688132120662;0.0;210.02100210021004;0.0;0.0;0.0;0.0
2030-02-01 20:00:00;445.1634914883348;1040.4688132120662;0.0;210.02100210021004;0.0;0.0;0.0;0.0
2030-02-01 21:00:00;444.8073774174454;1040.4688132120662;0.0;210.02100210021004;0.0;0.0;0.0;0.0
2030-02-01 22:00:00;444.4510589727669;1040.4688132120662;0.0;210.02100210021004;0.0;0.0;0.0;0.0
2030-02-01 23:00:00;443.9103795278133;1040.4688132120662;0.0;210.02100210021004;0.0;0.0;0.0;0.0
2030-02-02 00:00:00;441.6742893928244;1040.4688132120662;0.0;210.02100210021004;0.0;0.0;0.0;0.0
2030-02-02 01:00:00;440.8276842685611;1040.4688132120662;0.0;210.02100210021004;0.0;0.0;0.0;0.0
2030-02-02 02:00:00;440.5601516213651;1040.4688132120662;0.0;210.02100210021004;0.0;0.0;0.0;0.0
2030-02-02 03:00:00;438.4674775039716;1040.4688132120662;0.0;210.02100210021004;0.0;0.0;0.0;0.0
2030-02-02 04:00:00;438.5182264885555;1040.4688132120662;0.0;210.02100210021004;0.0;0.0;0.0;0.0
2030-02-02 05:00:00;438.7192855454201;1040.4688132120662;0.0;210.02100210021004;0.0;0.0;0.0;0.0
2030-02-02 06:00:00;438.5479416074784;1040.4688132120662;0.0;210.02100210021004;0.0;0.0;0.0;0.0
2030-02-02 07:00:00;512.3814707404892;1040.4688132120662;0.0;210.02100210021004;0.0;0.0;0.0;0.0
2030-02-02 08:00:00;513.4403669479059;1040.4688132120662;0.0;210.02100210021004;0.0;0.0;0.0;0.0
2030-02-02 09:00:00;515.0403531030349;1040.4688132120662;0.0;210.02100210021004;0.0;0.0;0.0;0.0
2030-02-02 10:00:00;442.8202870710849;1040.4688132120662;0.0;210.02100210021004;0.0;0.0;0.0;0.0
2030-02-02 11:00:00;442.9440984249431;1040.4688132120662;0.0;210.02100210021004;0.0;0.0;0.0;0.0
2030-02-02 12:00:00;443.5093875027973;1040.4688132120662;0.0;210.02100210021004;0.0;0.0;0.0;0.0
2030-02-02 13:00:00;443.4427081685902;1040.4688132120662;0.0;210.02100210021004;0.0;0.0;0.0;0.0
2030-02-02 14:00:00;441.7020646752997;1040.4688132120662;0.0;210.02100210021004;0.0;0.0;0.0;0.0
2030-02-02 15:00:00;440.9901939302756;1040.4688132120662;0.0;210.02100210021004;0.0;0.0;0.0;0.0
2030-02-02 16:00:00;514.4310009963281;1040.4688132120662;0.0;210.02100210021004;0.0;0.0;0.0;0.0
2030-02-02 17:00:00;514.2223368164342;1040.4688132120662;0.0;210.02100210021004;0.0;0.0;0.0;0.0
2030-02-02 18:00:00;514.272066116861;1040.4688132120662;0.0;210.02100210021004;0.0;0.0;0.0;0.0
2030-02-02 19:00:00;514.2346416328844;1040.4688132120662;0.0;210.02100210021004;0.0;0.0;0.0;0.0
2030-02-02 20:00:00;514.4298286742996;1040.4688132120662;0.0;210.02100210021004;0.0;0.0;0.0;0.0
2030-02-02 21:00:00;514.2515411082862;1040.4688132120662;0.0;210.02100210021004;0.0;0.0;0.0;0.0
2030-02-02 22:00:00;514.2040085242028;1040.4688132120662;0.0;210.02100210021004;0.0;0.0;0.0;0.0
2030-02-02 23:00:00;513.8584628221129;1040.4688132120662;0.0;210.02100210021004;0.0;0.0;0.0;0.0
2030-02-03 00:00:00;512.5204958730242;1040.4688132120662;0.0;210.02100210021004;0.0;0.0;0.0;0.0
2030-02-03 01:00:00;511.0774040515083;1040.4688132120662;0.0;210.02100210021004;0.0;0.0;0.0;0.0
2030-02-03 02:00:00;508.6256565351676;1040.4688132120662;0.0;210.02100210021004;0.0;0.0;0.0;0.0
2030-02-03 03:00:00;506.8342133063676;1040.4688132120662;0.0;210.02100210021004;0.0;0.0;0.0;0.0
2030-02-03 04:00:00;506.0383557966016;1040.4688132120662;0.0;210.02100210021004;0.0;0.0;0.0;0.0
2030-02-03 05:00:00;505.3222975553138;1040.4688132120662;0.0;210.02100210021004;0.0;0.0;0.0;0.0
2030-02-03 06:00:00;504.6598496574344;1040.4688132120662;0.0;210.02100210021004;0.0;0.0;0.0;0.0
2030-02-03 07:00:00;504.3959934868842;1040.4688132120662;0.0;210.02100210021004;0.0;0.0;0.0;0.0
2030-02-03 08:00:00;505.9863292629727;1040.4688132120662;0.0;210.02100210021004;0.0;0.0;0.0;0.0
2030-02-03 09:00:00;508.0859967743712;1040.4688132120662;0.0;210.02100210021004;0.0;0.0;0.0;0.0
2030-02-03 10:00:00;509.7779839499439;1040.4688132120662;0.0;210.02100210021004;0.0;0.0;0.0;0.0
2030-02-03 11:00:00;509.7848260761643;1040.4688132120662;0.0;210.02100210021004;0.0;0.0;0.0;0.0
2030-02-03 12:00:00;509.8393544093317;1040.4688132120662;0.0;210.02100210021004;0.0;0.0;0.0;0.0
2030-02-03 13:00:00;509.5861175510535;1040.4688132120662;0.0;210.02100210021004;0.0;0.0;0.0;0.0
2030-02-03 14:00:00;510.7189419964911;1040.4688132120662;0.0;210.02100210021004;0.0;0.0;0.0;0.0
2030-02-03 15:00:00;510.9070325794163;1040.4688132120662;0.0;210.02100210021004;0.0;0.0;0.0;0.0
2030-02-03 16:00:00;510.4157228756031;1040.4688132120662;0.0;210.02100210021004;0.0;0.0;0.0;0.0
2030-02-03 17:00:00;510.7112837674574;1040.4688132120662;0.0;210.02100210021004;0.0;0.0;0.0;0.0
2030-02-03 18:00:00;511.4484773762575;1040.4688132120662;0.0;210.02100210021004;0.0;0.0;0.0;0.0
2030-02-03 19:00:00;511.8741807285725;1040.4688132120662;0.0;210.02100210021004;0.0;0.0;0.0;0.0
2030-02-03 20:00:00;511.6181877384862;1040.4688132120662;0.0;210.02100210021004;0.0;0.0;0.0;0.0
2030-02-03 21:00:00;510.6274508181261;1040.4688132120662;0.0;210.02100210021004;0.0;0.0;0.0;0.0
2030-02-03 22:00:00;509.6754145607011;1040.4688132120662;0.0;210.02100210021004;0.0;0.0;0.0;0.0
2030-02-03 23:00:00;508.486428013836;1040.4688132120662;0.0;210.02100210021004;0.0;0.0;0.0;0.0
2030-02-04 00:00:00;507.7476504027092;1040.4688132120662;0.0;210.02100210021004;0.0;0.0;0.0;0.0
2030-02-04 01:00:00;508.53635952552;1040.4688132120662;0.0;210.02100210021004;0.0;0.0;0.0;0.0
2030-02-04 02:00:00;508.6050296396475;1040.4688132120662;0.0;210.02100210021004;0.0;0.0;0.0;0.0
2030-02-04 03:00:00;508.4175531408252;1040.4688132120662;0.0;210.02100210021004;0.0;0.0;0.0;0.0
2030-02-04 04:00:00;508.3683348600165;1040.4688132120662;0.0;210.02100210021004;0.0;0.0;0.0;0.0
2030-02-04 05:00:00;508.9494006646303;1040.4688132120662;0.0;210.02100210021004;0.0;0.0;0.0;0.0
2030-02-04 06:00:00;511.0337019520281;1040.4688132120662;0.0;210.02100210021004;0.0;0.0;0.0;0.0
2030-02-04 07:00:00;513.2759682006695;1040.4688132120662;0.0;210.02100210021004;0.0;0.0;0.0;0.0
2030-02-04 08:00:00;513.7293424008882;1040.4688132120662;0.0;210.02100210021004;0.0;0.0;0.0;0.0
2030-02-04 09:00:00;514.3211292121725;1040.4688132120662;0.0;210.02100210021004;0.0;0.0;0.0;0.0
2030-02-04 10:00:00;514.4896660748334;1040.4688132120662;0.0;210.02100210021004;0.0;0.0;0.0;0.0
2030-02-04 11:00:00;441.986547356276;1040.4688132120662;0.0;210.02100210021004;0.0;0.0;0.0;0.0
2030-02-04 12:00:00;440.9383225821437;1040.4688132120662;0.0;210.02100210021004;0.0;0.0;0.0;0.0
2030-02-04 13:00:00;441.0691769033933;1040.4688132120662;0.0;210.02100210021004;0.0;0.0;0.0;0.0
2030-02-04 14:00:00;460.4317837416016;1040.4688132120662;0.0;210.02100210021004;0.0;0.0;0.0;0.0
2030-02-04 15:00:00;514.7428508120994;1040.4688132120662;0.0;210.02100210021004;0.0;0.0;0.0;0.0
2030-02-04 16:00:00;514.4529561918189;1040.4688132120662;0.0;210.02100210021004;0.0;0.0;0.0;0.0
2030-02-04 17:00:00;514.2052341447827;1040.4688132120662;0.0;210.02100210021004;0.0;0.0;0.0;0.0
2030-02-04 18:00:00;514.4017471310897;1040.4688132120662;0.0;210.02100210021004;0.0;0.0;0.0;0.0
2030-02-04 19:00:00;514.656362055272;1040.4688132120662;0.0;210.02100210021004;0.0;0.0;0.0;0.0
2030-02-04 20:00:00;514.2541955456959;1040.4688132120662;0.0;210.02100210021004;0.0;0.0;0.0;0.0
2030-02-04 21:00:00;513.1955548480882;1040.4688132120662;0.0;210.02100210021004;0.0;0.0;0.0;0.0
2030-02-04 22:00:00;510.6939763369226;1040.4688132120662;0.0;210.02100210021004;0.0;0.0;0.0;0.0
2030-02-04 23:00:00;509.5502251409387;1040.4688132120662;0.0;210.02100210021004;0.0;0.0;0.0;0.0
2030-02-05 00:00:00;508.530029596457;1040.4688132120662;0.0;210.02100210021004;0.0;0.0;0.0;0.0
2030-02-05 01:00:00;508.5583133509244;1040.4688132120662;0.0;210.02100210021004;0.0;0.0;0.0;0.0
2030-02-05 02:00:00;509.559415251287;1040.4688132120662;0.0;210.02100210021004;0.0;0.0;0.0;0.0
2030-02-05 03:00:00;510.4713216438533;1040.4688132120662;0.0;210.02100210021004;0.0;0.0;0.0;0.0
2030-02-05 04:00:00;511.057594821435;1040.4688132120662;0.0;210.02100210021004;0.0;0.0;0.0;0.0
2030-02-05 05:00:00;511.3540253072012;1040.4688132120662;0.0;210.02100210021004;0.0;0.0;0.0;0.0
2030-02-05 06:00:00;513.7612520736225;1040.4688132120662;0.0;210.02100210021004;0.0;0.0;0.0;0.0
2030-02-05 07:00:00;443.799945973114;1040.4688132120662;0.0;210.02100210021004;0.0;0.0;0.0;0.0
2030-02-05 08:00:00;516.5078981944148;1040.4688132120662;0.0;210.02100210021004;0.0;0.0;0.0;0.0
2030-02-05 09:00:00;516.6035784316769;1040.4688132120662;0.0;210.02100210021004;0.0;0.0;0.0;0.0
2030-02-05 10:00:00;444.2655234879317;1040.4688132120662;0.0;210.02100210021004;0.0;0.0;0.0;0.0
2030-02-05 11:00:00;444.2514820312836;1040.4688132120662;0.0;210.02100210021004;0.0;0.0;0.0;0.0
2030-02-05 12:00:00;444.6508402880395;1040.4688132120662;0.0;210.02100210021004;0.0;0.0;0.0;0.0
2030-02-05 13:00:00;444.4802121285991;1040.4688132120662;0.0;210.02100210021004;0.0;0.0;0.0;0.0
2030-02-05 14:00:00;444.387801782936;1040.4688132120662;0.0;210.02100210021004;0.0;0.0;0.0;0.0
2030-02-05 15:00:00;445.9237628487207;1040.4688132120662;0.0;210.02100210021004;0.0;0.0;0.0;0.0
2030-02-05 16:00:00;518.3118521760879;1040.4688132120662;0.0;210.02100210021004;0.0;0.0;0.0;0.0
2030-02-05 17:00:00;516.9141495208639;1040.4688132120662;0.0;210.02100210021004;0.0;0.0;0.0;0.0
2030-02-05 18:00:00;516.9971661748348;1040.4688132120662;0.0;210.02100210021004;0.0;0.0;0.0;0.0
2030-02-05 19:00:00;518.4841660322534;1040.4688132120662;0.0;210.02100210021004;0.0;0.0;0.0;0.0
2030-02-05 20:00:00;518.0396741190148;1040.4688132120662;0.0;210.02100210021004;0.0;0.0;0.0;0.0
2030-02-05 21:00:00;518.5214367008193;1040.4688132120662;0.0;210.02100210021004;0.0;0.0;0.0;0.0
2030-02-05 22:00:00;518.2755006748203;1040.4688132120662;0.0;210.02100210021004;0.0;0.0;0.0;0.0
2030-02-05 23:00:00;517.2760834861906;1040.4688132120662;0.0;210.02100210021004;0.0;0.0;0.0;0.0
2030-02-06 00:00:00;515.9335728216231;1040.4688132120662;0.0;210.02100210021004;0.0;0.0;0.0;0.0
2030-02-06 01:00:00;513.753849354398;1040.4688132120662;0.0;210.02100210021004;0.0;0.0;0.0;0.0
2030-02-06 02:00:00;513.4653847284865;1040.4688132120662;0.0;210.02100210021004;0.0;0.0;0.0;0.0
2030-02-06 03:00:00;512.918832090544;1040.4688132120662;0.0;210.02100210021004;0.0;0.0;0.0;0.0
2030-02-06 04:00:00;513.1139160674744;1040.4688132120662;0.0;210.02100210021004;0.0;0.0;0.0;0.0
2030-02-06 05:00:00;513.2758651361845;1040.4688132120662;0.0;210.02100210021004;0.0;0.0;0.0;0.0
2030-02-06 06:00:00;514.3784150472343;1040.4688132120662;0.0;210.02100210021004;0.0;0.0;0.0;0.0
2030-02-06 07:00:00;517.4081150321732;1040.4688132120662;0.0;210.02100210021004;0.0;0.0;0.0;0.0
2030-02-06 08:00:00;518.2490031339371;1040.4688132120662;0.0;210.02100210021004;0.0;0.0;0.0;0.0
2030-02-06 09:00:00;518.7586413225288;1040.4688132120662;0.0;210.02100210021004;0.0;0.0;0.0;0.0
2030-02-06 10:00:00;518.9671528645515;1040.4688132120662;0.0;210.02100210021004;0.0;0.0;0.0;0.0
2030-02-06 11:00:00;519.6496666798525;1040.4688132120662;0.0;210.02100210021004;0.0;0.0;0.0;0.0
2030-02-06 12:00:00;518.9329955320012;1040.4688132120662;0.0;210.02100210021004;0.0;0.0;0.0;0.0
2030-02-06 13:00:00;519.0421031418085;1040.4688132120662;0.0;210.02100210021004;0.0;0.0;0.0;0.0
2030-02-06 14:00:00;519.0664560873606;1040.4688132120662;0.0;210.02100210021004;0.0;0.0;0.0;0.0
2030-02-06 15:00:00;519.0895836048799;1040.4688132120662;0.0;210.02100210021004;0.0;0.0;0.0;0.0
2030-02-06 16:00:00;518.8002519326824;1040.4688132120662;0.0;210.02100210021004;0.0;0.0;0.0;0.0
2030-02-06 17:00:00;518.4115637391243;1040.4688132120662;0.0;210.02100210021004;0.0;0.0;0.0;0.0
2030-02-06 18:00:00;518.7485839733474;1040.4688132120662;0.0;210.02100210021004;0.0;0.0;0.0;0.0
2030-02-06 19:00:00;518.5270532064596;1040.4688132120662;0.0;210.02100210021004;0.0;0.0;0.0;0.0
2030-02-06 20:00:00;519.0216811977187;1040.4688132120662;0.0;210.02100210021004;0.0;0.0;0.0;0.0
2030-02-06 21:00:00;518.6731746049375;1040.4688132120662;0.0;210.02100210021004;0.0;0.0;0.0;0.0
2030-02-06 22:00:00;517.7071987778097;1040.4688132120662;0.0;210.02100210021004;0.0;0.0;0.0;0.0
2030-02-06 23:00:00;515.4878057144181;1040.4688132120662;0.0;210.02100210021004;0.0;0.0;0.0;0.0
2030-02-07 00:00:00;514.3503854324895;1040.4688132120662;0.0;210.02100210021004;0.0;0.0;0.0;0.0
2030-02-07 01:00:00;512.5129405159282;1040.4688132120662;0.0;210.02100210021004;0.0;0.0;0.0;0.0
2030-02-07 02:00:00;509.8834658340314;1040.4688132120662;0.0;210.02100210021004;0.0;0.0;0.0;0.0
2030-02-07 03:00:00;509.136571095265;1040.4688132120662;0.0;210.02100210021004;0.0;0.0;0.0;0.0
2030-02-07 04:00:00;508.2744433839645;1040.4688132120662;0.0;210.02100210021004;0.0;0.0;0.0;0.0
2030-02-07 05:00:00;507.6390551826062;1040.4688132120662;0.0;210.02100210021004;0.0;0.0;0.0;0.0
2030-02-07 06:00:00;509.1300873507914;1040.4688132120662;0.0;210.02100210021004;0.0;0.0;0.0;0.0
2030-02-07 07:00:00;510.6682948988527;1040.4688132120662;0.0;210.02100210021004;0.0;0.0;0.0;0.0
2030-02-07 08:00:00;511.8850046071809;1040.4688132120662;0.0;210.02100210021004;0.0;0.0;0.0;0.0
2030-02-07 09:00:00;511.5318006760572;1040.4688132120662;0.0;210.02100210021004;0.0;0.0;0.0;0.0
2030-02-07 10:00:00;511.3424868276309;1040.4688132120662;0.0;210.02100210021004;0.0;0.0;0.0;0.0
2030-02-07 11:00:00;438.4966817958236;1040.4688132120662;0.0;210.02100210021004;0.0;0.0;0.0;0.0
2030-02-07 12:00:00;438.0888490146737;1040.4688132120662;0.0;210.02100210021004;0.0;0.0;0.0;0.0
2030-02-07 13:00:00;439.1564243128205;1040.4688132120662;0.0;210.02100210021004;0.0;0.0;0.0;0.0
2030-02-07 14:00:00;439.371624165653;1040.4688132120662;0.0;210.02100210021004;0.0;0.0;0.0;0.0
2030-02-07 15:00:00;439.7552576241144;1040.4688132120662;0.0;210.02100210021004;0.0;0.0;0.0;0.0
2030-02-07 16:00:00;512.2836484555219;1040.4688132120662;0.0;210.02100210021004;0.0;0.0;0.0;0.0
2030-02-07 17:00:00;512.6930131179865;1040.4688132120662;0.0;210.02100210021004;0.0;0.0;0.0;0.0
2030-02-07 18:00:00;512.9209271124888;1040.4688132120662;0.0;210.02100210021004;0.0;0.0;0.0;0.0
2030-02-07 19:00:00;513.3156897253009;1040.4688132120662;0.0;210.02100210021004;0.0;0.0;0.0;0.0
2030-02-07 20:00:00;513.2505930233342;1040.4688132120662;0.0;210.02100210021004;0.0;0.0;0.0;0.0
2030-02-07 21:00:00;511.9975827572112;1040.4688132120662;0.0;210.02100210021004;0.0;0.0;0.0;0.0
2030-02-07 22:00:00;510.2208420949226;1040.4688132120662;0.0;210.02100210021004;0.0;0.0;0.0;0.0
2030-02-07 23:00:00;508.5226764506187;1040.4688132120662;0.0;210.02100210021004;0.0;0.0;0.0;0.0
2030-02-08 00:00:00;437.3248150089162;1040.4688132120662;0.0;210.02100210021004;0.0;0.0;0.0;0.0
2030-02-08 01:00:00;437.3128288354264;1040.4688132120662;0.0;210.02100210021004;0.0;0.0;0.0;0.0
2030-02-08 02:00:00;464.6014966135865;1040.4688132120662;0.0;210.02100210021004;0.0;0.0;0.0;0.0
2030-02-08 03:00:00;504.7691097125659;1040.4688132120662;0.0;210.02100210021004;0.0;0.0;0.0;0.0
2030-02-08 04:00:00;504.6657204953445;1040.4688132120662;0.0;210.02100210021004;0.0;0.0;0.0;0.0
2030-02-08 05:00:00;505.9994503747833;1040.4688132120662;0.0;210.02100210021004;0.0;0.0;0.0;0.0
2030-02-08 06:00:00;508.5754683361351;1040.4688132120662;0.0;210.02100210021004;0.0;0.0;0.0;0.0
2030-02-08 07:00:00;512.3005477383766;1040.4688132120662;0.0;210.02100210021004;0.0;0.0;0.0;0.0
2030-02-08 08:00:00;514.9902156549282;1040.4688132120662;0.0;210.02100210021004;0.0;0.0;0.0;0.0
2030-02-08 09:00:00;515.1469065997447;1040.4688132120662;0.0;210.02100210021004;0.0;0.0;0.0;0.0
2030-02-08 10:00:00;515.5105758351829;1040.4688132120662;0.0;210.02100210021004;0.0;0.0;0.0;0.0
2030-02-08 11:00:00;442.5605678384196;1040.4688132120662;0.0;210.02100210021004;0.0;0.0;0.0;0.0
2030-02-08 12:00:00;442.4438539280436;1040.4688132120662;0.0;210.02100210021004;0.0;0.0;0.0;0.0
2030-02-08 13:00:00;442.6393448751147;1040.4688132120662;0.0;210.02100210021004;0.0;0.0;0.0;0.0
2030-02-08 14:00:00;442.4644287025516;1040.4688132120662;0.0;210.02100210021004;0.0;0.0;0.0;0.0
2030-02-08 15:00:00;441.6213450619839;1040.4688132120662;0.0;210.02100210021004;0.0;0.0;0.0;0.0
2030-02-08 16:00:00;513.3159948084963;1040.4688132120662;0.0;210.02100210021004;0.0;0.0;0.0;0.0
2030-02-08 17:00:00;512.3197963754457;1040.4688132120662;0.0;210.02100210021004;0.0;0.0;0.0;0.0
2030-02-08 18:00:00;512.6522186106463;1040.4688132120662;0.0;210.02100210021004;0.0;0.0;0.0;0.0
2030-02-08 19:00:00;512.2894685425063;1040.4688132120662;0.0;210.02100210021004;0.0;0.0;0.0;0.0
2030-02-08 20:00:00;511.398903261328;1040.4688132120662;0.0;210.02100210021004;0.0;0.0;0.0;0.0
2030-02-08 21:00:00;509.3708667547482;1040.4688132120662;0.0;210.02100210021004;0.0;0.0;0.0;0.0
2030-02-08 22:00:00;508.6570040522642;1040.4688132120662;0.0;210.02100210021004;0.0;0.0;0.0;0.0
2030-02-08 23:00:00;506.5585621614456;1040.4688132120662;0.0;210.02100210021004;0.0;0.0;0.0;0.0
2030-02-09 00:00:00;504.5045379560614;1040.4688132120662;0.0;210.02100210021004;0.0;0.0;0.0;0.0
2030-02-09 01:00:00;503.2116015989706;1040.4688132120662;0.0;210.02100210021004;0.0;0.0;0.0;0.0
2030-02-09 02:00:00;503.028465041736;1040.4688132120662;0.0;210.02100210021004;0.0;0.0;0.0;0.0
2030-02-09 03:00:00;502.5011610408626;1040.4688132120662;0.0;210.02100210021004;0.0;0.0;0.0;0.0
2030-02-09 04:00:00;501.3413785933024;1040.4688132120662;0.0;210.02100210021004;0.0;0.0;0.0;0.0
2030-02-09 05:00:00;501.0273344162667;1040.4688132120662;0.0;210.02100210021004;0.0;0.0;0.0;0.0
2030-02-09 06:00:00;500.8729928256645;1040.4688132120662;0.0;210.02100210021004;0.0;0.0;0.0;0.0
2030-02-09 07:00:00;502.7420423317649;1040.4688132120662;0.0;210.02100210021004;0.0;0.0;0.0;0.0
2030-02-09 08:00:00;504.8018354881136;1040.4688132120662;0.0;210.02100210021004;0.0;0.0;0.0;0.0
2030-02-09 09:00:00;506.2740792879222;1040.4688132120662;0.0;210.02100210021004;0.0;0.0;0.0;0.0
2030-02-09 10:00:00;506.9967229680819;1040.4688132120662;0.0;210.02100210021004;0.0;0.0;0.0;0.0
2030-02-09 11:00:00;506.7614570052807;1040.4688132120662;0.0;210.02100210021004;0.0;0.0;0.0;0.0
2030-02-09 12:00:00;506.6675655292287;1040.4688132120662;0.0;210.02100210021004;0.0;0.0;0.0;0.0
2030-02-09 13:00:00;506.7656954450172;1040.4688132120662;0.0;210.02100210021004;0.0;0.0;0.0;0.0
2030-02-09 14:00:00;506.3937031455168;1040.4688132120662;0.0;210.02100210021004;0.0;0.0;0.0;0.0
2030-02-09 15:00:00;505.6941881604156;1040.4688132120662;0.0;210.02100210021004;0.0;0.0;0.0;0.0
2030-02-09 16:00:00;504.7378117688557;1040.4688132120662;0.0;210.02100210021004;0.0;0.0;0.0;0.0
2030-02-09 17:00:00;506.4094289288037;1040.4688132120662;0.0;210.02100210021004;0.0;0.0;0.0;0.0
2030-02-09 18:00:00;506.4318916112944;1040.4688132120662;0.0;210.02100210021004;0.0;0.0;0.0;0.0
2030-02-09 19:00:00;506.5718370886668;1040.4688132120662;0.0;210.02100210021004;0.0;0.0;0.0;0.0
2030-02-09 20:00:00;506.4173428601934;1040.4688132120662;0.0;210.02100210021004;0.0;0.0;0.0;0.0
2030-02-09 21:00:00;505.4292094337703;1040.4688132120662;0.0;210.02100210021004;0.0;0.0;0.0;0.0
2030-02-09 22:00:00;504.6158399271332;1040.4688132120662;0.0;210.02100210021004;0.0;0.0;0.0;0.0
2030-02-09 23:00:00;504.8040819703901;1040.4688132120662;0.0;210.02100210021004;0.0;0.0;0.0;0.0
2030-02-10 00:00:00;504.9368788682605;1040.4688132120662;0.0;210.02100210021004;0.0;0.0;0.0;0.0
2030-02-10 01:00:00;503.8082407415471;1040.4688132120662;0.0;210.02100210021004;0.0;0.0;0.0;0.0
2030-02-10 02:00:00;503.6387858891275;1040.4688132120662;0.0;210.02100210021004;0.0;0.0;0.0;0.0
2030-02-10 03:00:00;503.2856329014765;1040.4688132120662;0.0;210.02100210021004;0.0;0.0;0.0;0.0
2030-02-10 04:00:00;502.887398378355;1040.4688132120662;0.0;210.02100210021004;0.0;0.0;0.0;0.0
2030-02-10 05:00:00;502.7809973269694;1040.4688132120662;0.0;210.02100210021004;0.0;0.0;0.0;0.0
2030-02-10 06:00:00;502.8402739419518;1040.4688132120662;0.0;210.02100210021004;0.0;0.0;0.0;0.0
2030-02-10 07:00:00;504.1413785627019;1040.4688132120662;0.0;210.02100210021004;0.0;0.0;0.0;0.0
2030-02-10 08:00:00;504.5144947883837;1040.4688132120662;0.0;210.02100210021004;0.0;0.0;0.0;0.0
2030-02-10 09:00:00;504.8588658133665;1040.4688132120662;0.0;210.02100210021004;0.0;0.0;0.0;0.0
2030-02-10 10:00:00;505.8542988945294;1040.4688132120662;0.0;210.02100210021004;0.0;0.0;0.0;0.0
2030-02-10 11:00:00;506.1871837535011;1040.4688132120662;0.0;210.02100210021004;0.0;0.0;0.0;0.0
2030-02-10 12:00:00;505.9312922652662;1040.4688132120662;0.0;210.02100210021004;0.0;0.0;0.0;0.0
2030-02-10 13:00:00;506.0206897917728;1040.4688132120662;0.0;210.02100210021004;0.0;0.0;0.0;0.0
2030-02-10 14:00:00;505.5918729108952;1040.4688132120662;0.0;210.02100210021004;0.0;0.0;0.0;0.0
2030-02-10 15:00:00;505.6599293260139;1040.4688132120662;0.0;210.02100210021004;0.0;0.0;0.0;0.0
2030-02-10 16:00:00;504.6659760051535;1040.4688132120662;0.0;210.02100210021004;0.0;0.0;0.0;0.0
2030-02-10 17:00:00;504.8785225981157;1040.4688132120662;0.0;210.02100210021004;0.0;0.0;0.0;0.0
2030-02-10 18:00:00;505.0172399072823;1040.4688132120662;0.0;210.02100210021004;0.0;0.0;0.0;0.0
2030-02-10 19:00:00;505.3799404020359;1040.4688132120662;0.0;210.02100210021004;0.0;0.0;0.0;0.0
2030-02-10 20:00:00;505.1874079905775;1040.4688132120662;0.0;210.02100210021004;0.0;0.0;0.0;0.0
2030-02-10 21:00:00;505.0123887535295;1040.4688132120662;0.0;210.02100210021004;0.0;0.0;0.0;0.0
2030-02-10 22:00:00;504.2133669642752;1040.4688132120662;0.0;210.02100210021004;0.0;0.0;0.0;0.0
2030-02-10 23:00:00;503.3605312502685;1040.4688132120662;0.0;210.02100210021004;0.0;0.0;0.0;0.0
2030-02-11 00:00:00;502.6566773085719;1040.4688132120662;0.0;210.02100210021004;0.0;0.0;0.0;0.0
2030-02-11 01:00:00;505.5905446109246;1040.4688132120662;0.0;210.02100210021004;0.0;0.0;0.0;0.0
2030-02-11 02:00:00;506.1484321470934;1040.4688132120662;0.0;210.02100210021004;0.0;0.0;0.0;0.0
2030-02-11 03:00:00;506.1766649580881;1040.4688132120662;0.0;210.02100210021004;0.0;0.0;0.0;0.0
2030-02-11 04:00:00;506.9279002160833;1040.4688132120662;0.0;210.02100210021004;0.0;0.0;0.0;0.0
2030-02-11 05:00:00;507.7656214907332;1040.4688132120662;0.0;210.02100210021004;0.0;0.0;0.0;0.0
2030-02-11 06:00:00;510.0042122477211;1040.4688132120662;0.0;210.02100210021004;0.0;0.0;0.0;0.0
2030-02-11 07:00:00;512.7828720907248;1040.4688132120662;0.0;210.02100210021004;0.0;0.0;0.0;0.0
2030-02-11 08:00:00;514.9934841764407;1040.4688132120662;0.0;210.02100210021004;0.0;0.0;0.0;0.0
2030-02-11 09:00:00;515.9869772286088;1040.4688132120662;0.0;210.02100210021004;0.0;0.0;0.0;0.0
2030-02-11 10:00:00;516.4616929253098;1040.4688132120662;0.0;210.02100210021004;0.0;0.0;0.0;0.0
2030-02-11 11:00:00;517.0871777854443;1040.4688132120662;0.0;210.02100210021004;0.0;0.0;0.0;0.0
2030-02-11 12:00:00;517.2818016862293;1040.4688132120662;0.0;210.02100210021004;0.0;0.0;0.0;0.0
2030-02-11 13:00:00;516.7351992823536;1040.4688132120662;0.0;210.02100210021004;0.0;0.0;0.0;0.0
2030-02-11 14:00:00;516.1701645367691;1040.4688132120662;0.0;210.02100210021004;0.0;0.0;0.0;0.0
2030-02-11 15:00:00;516.4748140371203;1040.4688132120662;0.0;210.02100210021004;0.0;0.0;0.0;0.0
2030-02-11 16:00:00;516.425341424042;1040.4688132120662;0.0;210.02100210021004;0.0;0.0;0.0;0.0
2030-02-11 17:00:00;516.5890259554108;1040.4688132120662;0.0;210.02100210021004;0.0;0.0;0.0;0.0
2030-02-11 18:00:00;517.3534340611347;1040.4688132120662;0.0;210.02100210021004;0.0;0.0;0.0;0.0
2030-02-11 19:00:00;518.5921473608005;1040.4688132120662;0.0;210.02100210021004;0.0;0.0;0.0;0.0
2030-02-11 20:00:00;518.4439842389296;1040.4688132120662;0.0;210.02100210021004;0.0;0.0;0.0;0.0
2030-02-11 21:00:00;517.5294741598793;1040.4688132120662;0.0;210.02100210021004;0.0;0.0;0.0;0.0
2030-02-11 22:00:00;517.0167722086584;1040.4688132120662;0.0;210.02100210021004;0.0;0.0;0.0;0.0
2030-02-11 23:00:00;516.1278902691263;1040.4688132120662;0.0;210.02100210021004;0.0;0.0;0.0;0.0
2030-02-12 00:00:00;514.4985499244469;1040.4688132120662;0.0;210.02100210021004;0.0;0.0;0.0;0.0
2030-02-12 01:00:00;516.1205394783667;1040.4688132120662;0.0;210.02100210021004;0.0;0.0;0.0;0.0
2030-02-12 02:00:00;515.3689981521838;1040.4688132120662;0.0;210.02100210021004;0.0;0.0;0.0;0.0
2030-02-12 03:00:00;515.494646663099;1040.4688132120662;0.0;210.02100210021004;0.0;0.0;0.0;0.0
2030-02-12 04:00:00;515.4063716926875;1040.4688132120662;0.0;210.02100210021004;0.0;0.0;0.0;0.0
2030-02-12 05:00:00;515.7623317556191;1040.4688132120662;0.0;210.02100210021004;0.0;0.0;0.0;0.0
2030-02-12 06:00:00;516.5742203244143;1040.4688132120662;0.0;210.02100210021004;0.0;0.0;0.0;0.0
2030-02-12 07:00:00;517.273837003914;1040.4688132120662;0.0;210.02100210021004;0.0;0.0;0.0;0.0
2030-02-12 08:00:00;517.6588996642993;1040.4688132120662;0.0;210.02100210021004;0.0;0.0;0.0;0.0
2030-02-12 09:00:00;518.7990251345632;1040.4688132120662;0.0;210.02100210021004;0.0;0.0;0.0;0.0
2030-02-12 10:00:00;518.5343530537466;1040.4688132120662;0.0;210.02100210021004;0.0;0.0;0.0;0.0
2030-02-12 11:00:00;518.2781043613043;1040.4688132120662;0.0;210.02100210021004;0.0;0.0;0.0;0.0
2030-02-12 12:00:00;516.9782761120597;1040.4688132120662;0.0;210.02100210021004;0.0;0.0;0.0;0.0
2030-02-12 13:00:00;516.1988589865425;1040.4688132120662;0.0;210.02100210021004;0.0;0.0;0.0;0.0
2030-02-12 14:00:00;515.8128264079335;1040.4688132120662;0.0;210.02100210021004;0.0;0.0;0.0;0.0
2030-02-12 15:00:00;514.6079104964374;1040.4688132120662;0.0;210.02100210021004;0.0;0.0;0.0;0.0
2030-02-12 16:00:00;516.8574268264322;1040.4688132120662;0.0;210.02100210021004;0.0;0.0;0.0;0.0
2030-02-12 17:00:00;517.4556474237095;1040.4688132120662;0.0;210.02100210021004;0.0;0.0;0.0;0.0
2030-02-12 18:00:00;517.3616530757197;1040.4688132120662;0.0;210.02100210021004;0.0;0.0;0.0;0.0
2030-02-12 19:00:00;517.9962251742647;1040.4688132120662;0.0;210.02100210021004;0.0;0.0;0.0;0.0
2030-02-12 20:00:00;517.6205573831111;1040.4688132120662;0.0;210.02100210021004;0.0;0.0;0.0;0.0
2030-02-12 21:00:00;516.4000185602662;1040.4688132120662;0.0;210.02100210021004;0.0;0.0;0.0;0.0
2030-02-12 22:00:00;515.984118224863;1040.4688132120662;0.0;210.02100210021004;0.0;0.0;0.0;0.0
2030-02-12 23:00:00;516.070146712998;1040.4688132120662;0.0;210.02100210021004;0.0;0.0;0.0;0.0
2030-02-13 00:00:00;514.3436463707541;1040.4688132120662;0.0;210.02100210021004;0.0;0.0;0.0;0.0
2030-02-13 01:00:00;511.3812384340386;1040.4688132120662;0.0;210.02100210021004;0.0;0.0;0.0;0.0
2030-02-13 02:00:00;509.9680145618639;1040.4688132120662;0.0;210.02100210021004;0.0;0.0;0.0;0.0
2030-02-13 03:00:00;508.4340952194725;1040.4688132120662;0.0;210.02100210021004;0.0;0.0;0.0;0.0
2030-02-13 04:00:00;508.0547507591261;1040.4688132120662;0.0;210.02100210021004;0.0;0.0;0.0;0.0
2030-02-13 05:00:00;508.9496561744392;1040.4688132120662;0.0;210.02100210021004;0.0;0.0;0.0;0.0
2030-02-13 06:00:00;510.525899742954;1040.4688132120662;0.0;210.02100210021004;0.0;0.0;0.0;0.0
2030-02-13 07:00:00;513.9263156558876;1040.4688132120662;0.0;210.02100210021004;0.0;0.0;0.0;0.0
2030-02-13 08:00:00;516.5357751712884;1040.4688132120662;0.0;210.02100210021004;0.0;0.0;0.0;0.0
2030-02-13 09:00:00;517.3816161212036;1040.4688132120662;0.0;210.02100210021004;0.0;0.0;0.0;0.0
2030-02-13 10:00:00;517.3219834795532;1040.4688132120662;0.0;210.02100210021004;0.0;0.0;0.0;0.0
2030-02-13 11:00:00;516.8032568750117;1040.4688132120662;0.0;210.02100210021004;0.0;0.0;0.0;0.0
2030-02-13 12:00:00;517.0878923864063;1040.4688132120662;0.0;210.02100210021004;0.0;0.0;0.0;0.0
2030-02-13 13:00:00;517.6332182262295;1040.4688132120662;0.0;210.02100210021004;0.0;0.0;0.0;0.0
2030-02-13 14:00:00;516.9022538370862;1040.4688132120662;0.0;210.02100210021004;0.0;0.0;0.0;0.0
2030-02-13 15:00:00;516.3842418335065;1040.4688132120662;0.0;210.02100210021004;0.0;0.0;0.0;0.0
2030-02-13 16:00:00;516.4306530390343;1040.4688132120662;0.0;210.02100210021004;0.0;0.0;0.0;0.0
2030-02-13 17:00:00;516.6919550964869;1040.4688132120662;0.0;210.02100210021004;0.0;0.0;0.0;0.0
2030-02-13 18:00:00;516.4706275258491;1040.4688132120662;0.0;210.02100210021004;0.0;0.0;0.0;0.0
2030-02-13 19:00:00;517.0840123284167;1040.4688132120662;0.0;210.02100210021004;0.0;0.0;0.0;0.0
2030-02-13 20:00:00;517.0434223874126;1040.4688132120662;0.0;210.02100210021004;0.0;0.0;0.0;0.0
2030-02-13 21:00:00;516.7500049133499;1040.4688132120662;0.0;210.02100210021004;0.0;0.0;0.0;0.0
2030-02-13 22:00:00;507.3947585014364;1040.4688132120662;0.0;210.02100210021004;0.0;0.0;0.0;0.0
2030-02-13 23:00:00;459.4479238630607;1040.4688132120662;0.0;210.02100210021004;0.0;0.0;0.0;0.0
2030-02-14 00:00:00;439.5313267520866;1040.4688132120662;0.0;210.02100210021004;0.0;0.0;0.0;0.0
2030-02-14 01:00:00;440.3888076834234;1040.4688132120662;0.0;210.02100210021004;0.0;0.0;0.0;0.0
2030-02-14 02:00:00;440.6067140946776;1040.4688132120662;0.0;210.02100210021004;0.0;0.0;0.0;0.0
2030-02-14 03:00:00;440.5022033063534;1040.4688132120662;0.0;210.02100210021004;0.0;0.0;0.0;0.0
2030-02-14 04:00:00;440.6047231222101;1040.4688132120662;0.0;210.02100210021004;0.0;0.0;0.0;0.0
2030-02-14 05:00:00;440.8382005163484;1040.4688132120662;0.0;210.02100210021004;0.0;0.0;0.0;0.0
2030-02-14 06:00:00;442.5425953803091;1040.4688132120662;0.0;210.02100210021004;0.0;0.0;0.0;0.0
2030-02-14 07:00:00;453.1518809288912;1040.4688132120662;0.0;210.02100210021004;0.0;0.0;0.0;0.0
2030-02-14 08:00:00;473.1616823093837;1040.4688132120662;0.0;210.02100210021004;0.0;0.0;0.0;0.0
2030-02-14 09:00:00;445.278162305231;1040.4688132120662;0.0;210.02100210021004;0.0;0.0;0.0;0.0
2030-02-14 10:00:00;444.7688813208467;1040.4688132120662;0.0;210.02100210021004;0.0;0.0;0.0;0.0
2030-02-14 11:00:00;444.3211731996547;1040.4688132120662;0.0;210.02100210021004;0.0;0.0;0.0;0.0
2030-02-14 12:00:00;444.0426640359791;1040.4688132120662;0.0;210.02100210021004;0.0;0.0;0.0;0.0
2030-02-14 13:00:00;443.3584149505667;1040.4688132120662;0.0;210.02100210021004;0.0;0.0;0.0;0.0
2030-02-14 14:00:00;443.0582582222214;1040.4688132120662;0.0;210.02100210021004;0.0;0.0;0.0;0.0
2030-02-14 15:00:00;443.2198500867241;1040.4688132120662;0.0;210.02100210021004;0.0;0.0;0.0;0.0
2030-02-14 16:00:00;443.7216760383246;1040.4688132120662;0.0;210.02100210021004;0.0;0.0;0.0;0.0
2030-02-14 17:00:00;443.8982781001599;1040.4688132120662;0.0;210.02100210021004;0.0;0.0;0.0;0.0
2030-02-14 18:00:00;444.7399315538114;1040.4688132120662;0.0;210.02100210021004;0.0;0.0;0.0;0.0
2030-02-14 19:00:00;445.3132893634581;1040.4688132120662;0.0;210.02100210021004;0.0;0.0;0.0;0.0
2030-02-14 20:00:00;443.8235843177042;1040.4688132120662;0.0;210.02100210021004;0.0;0.0;0.0;0.0
2030-02-14 21:00:00;443.6565807064443;1040.4688132120662;0.0;210.02100210021004;0.0;0.0;0.0;0.0
2030-02-14 22:00:00;443.5860213142478;1040.4688132120662;0.0;210.02100210021004;0.0;0.0;0.0;0.0
2030-02-14 23:00:00;441.1967666208428;1040.4688132120662;0.0;210.02100210021004;0.0;0.0;0.0;0.0
2030-02-15 00:00:00;439.3675914697922;1040.4688132120662;0.0;210.02100210021004;0.0;0.0;0.0;0.0
2030-02-15 01:00:00;440.0787464363151;1040.4688132120662;0.0;210.02100210021004;0.0;0.0;0.0;0.0
2030-02-15 02:00:00;440.7043329908481;1040.4688132120662;0.0;210.02100210021004;0.0;0.0;0.0;0.0
2030-02-15 03:00:00;442.5100720085659;1040.4688132120662;0.0;210.02100210021004;0.0;0.0;0.0;0.0
2030-02-15 04:00:00;442.5504571906866;1040.4688132120662;0.0;210.02100210021004;0.0;0.0;0.0;0.0
2030-02-15 05:00:00;443.0882786168867;1040.4688132120662;0.0;210.02100210021004;0.0;0.0;0.0;0.0
2030-02-15 06:00:00;444.5730319920289;1040.4688132120662;0.0;210.02100210021004;0.0;0.0;0.0;0.0
2030-02-15 07:00:00;446.746884621344;1040.4688132120662;0.0;210.02100210021004;0.0;0.0;0.0;0.0
2030-02-15 08:00:00;447.1086634011735;1040.4688132120662;0.0;210.02100210021004;0.0;0.0;0.0;0.0
2030-02-15 09:00:00;446.9368619347124;1040.4688132120662;0.0;210.02100210021004;0.0;0.0;0.0;0.0
2030-02-15 10:00:00;446.6940927358274;1040.4688132120662;0.0;210.02100210021004;0.0;0.0;0.0;0.0
2030-02-15 11:00:00;446.2435749917287;1040.4688132120662;0.0;210.02100210021004;0.0;0.0;0.0;0.0
2030-02-15 12:00:00;445.7518061967626;1040.4688132120662;0.0;210.02100210021004;0.0;0.0;0.0;0.0
2030-02-15 13:00:00;445.0396813120159;1040.4688132120662;0.0;210.02100210021004;0.0;0.0;0.0;0.0
2030-02-15 14:00:00;444.6548220404275;1040.4688132120662;0.0;210.02100210021004;0.0;0.0;0.0;0.0
2030-02-15 15:00:00;444.8091648085691;1040.4688132120662;0.0;210.02100210021004;0.0;0.0;0.0;0.0
2030-02-15 16:00:00;444.7947661477134;1040.4688132120662;0.0;210.02100210021004;0.0;0.0;0.0;0.0
2030-02-15 17:00:00;445.343819600202;1040.4688132120662;0.0;210.02100210021004;0.0;0.0;0.0;0.0
2030-02-15 18:00:00;445.6309569111351;1040.4688132120662;0.0;210.02100210021004;0.0;0.0;0.0;0.0
2030-02-15 19:00:00;445.773404188046;1040.4688132120662;0.0;210.02100210021004;0.0;0.0;0.0;0.0
2030-02-15 20:00:00;445.8781195427064;1040.4688132120662;0.0;210.02100210021004;0.0;0.0;0.0;0.0
2030-02-15 21:00:00;444.4165458060957;1040.4688132120662;0.0;210.02100210021004;0.0;0.0;0.0;0.0
2030-02-15 22:00:00;442.529065135826;1040.4688132120662;0.0;210.02100210021004;0.0;0.0;0.0;0.0
2030-02-15 23:00:00;439.9792892055483;1040.4688132120662;0.0;210.02100210021004;0.0;0.0;0.0;0.0
2030-02-16 00:00:00;438.822469018766;1040.4688132120662;0.0;210.02100210021004;0.0;0.0;0.0;0.0
2030-02-16 01:00:00;438.2734143887379;1040.4688132120662;0.0;210.02100210021004;0.0;0.0;0.0;0.0
2030-02-16 02:00:00;437.4090173183502;1040.4688132120662;0.0;210.02100210021004;0.0;0.0;0.0;0.0
2030-02-16 03:00:00;437.3889025904249;1040.4688132120662;0.0;210.02100210021004;0.0;0.0;0.0;0.0
2030-02-16 04:00:00;437.3675726418452;1040.4688132120662;0.0;210.02100210021004;0.0;0.0;0.0;0.0
2030-02-16 05:00:00;437.3618415576154;1040.4688132120662;0.0;210.02100210021004;0.0;0.0;0.0;0.0
2030-02-16 06:00:00;507.7931424409387;1040.4688132120662;0.0;210.02100210021004;0.0;0.0;0.0;0.0
2030-02-16 07:00:00;510.8335632400011;1040.4688132120662;0.0;210.02100210021004;0.0;0.0;0.0;0.0
2030-02-16 08:00:00;511.6612261804772;1040.4688132120662;0.0;210.02100210021004;0.0;0.0;0.0;0.0
2030-02-16 09:00:00;512.0869816538043;1040.4688132120662;0.0;210.02100210021004;0.0;0.0;0.0;0.0
2030-02-16 10:00:00;511.2790238939243;1040.4688132120662;0.0;210.02100210021004;0.0;0.0;0.0;0.0
2030-02-16 11:00:00;438.2669320143509;1040.4688132120662;0.0;210.02100210021004;0.0;0.0;0.0;0.0
2030-02-16 12:00:00;437.3944452683515;1040.4688132120662;0.0;210.02100210021004;0.0;0.0;0.0;0.0
2030-02-16 13:00:00;437.3690033522087;1040.4688132120662;0.0;210.02100210021004;0.0;0.0;0.0;0.0
2030-02-16 14:00:00;437.4051950254778;1040.4688132120662;0.0;210.02100210021004;0.0;0.0;0.0;0.0
2030-02-16 15:00:00;437.4042282656354;1040.4688132120662;0.0;210.02100210021004;0.0;0.0;0.0;0.0
2030-02-16 16:00:00;437.4228934425669;1040.4688132120662;0.0;210.02100210021004;0.0;0.0;0.0;0.0
2030-02-16 17:00:00;437.4331922021053;1040.4688132120662;0.0;210.02100210021004;0.0;0.0;0.0;0.0
2030-02-16 18:00:00;437.4236929918153;1040.4688132120662;0.0;210.02100210021004;0.0;0.0;0.0;0.0
2030-02-16 19:00:00;437.4347983658384;1040.4688132120662;0.0;210.02100210021004;0.0;0.0;0.0;0.0
2030-02-16 20:00:00;437.4519668902004;1040.4688132120662;0.0;210.02100210021004;0.0;0.0;0.0;0.0
2030-02-16 21:00:00;437.4213744167489;1040.4688132120662;0.0;210.02100210021004;0.0;0.0;0.0;0.0
2030-02-16 22:00:00;437.4269677288695;1040.4688132120662;0.0;210.02100210021004;0.0;0.0;0.0;0.0
2030-02-16 23:00:00;437.4201862795005;1040.4688132120662;0.0;210.02100210021004;0.0;0.0;0.0;0.0
2030-02-17 00:00:00;437.3552602899434;1040.4688132120662;0.0;210.02100210021004;0.0;0.0;0.0;0.0
2030-02-17 01:00:00;437.2937550523253;1040.4688132120662;0.0;210.02100210021004;0.0;0.0;0.0;0.0
2030-02-17 02:00:00;437.2217261451447;1040.4688132120662;0.0;210.02100210021004;0.0;0.0;0.0;0.0
2030-02-17 03:00:00;437.2047719329524;1040.4688132120662;0.0;210.02100210021004;0.0;0.0;0.0;0.0
2030-02-17 04:00:00;437.2007353279105;1040.4688132120662;0.0;210.02100210021004;0.0;0.0;0.0;0.0
2030-02-17 05:00:00;501.1327146059557;1040.4688132120662;0.0;210.02100210021004;0.0;0.0;0.0;0.0
2030-02-17 06:00:00;501.3909540783185;1040.4688132120662;0.0;210.02100210021004;0.0;0.0;0.0;0.0
2030-02-17 07:00:00;502.8693763468582;1040.4688132120662;0.0;210.02100210021004;0.0;0.0;0.0;0.0
2030-02-17 08:00:00;503.2072116989024;1040.4688132120662;0.0;210.02100210021004;0.0;0.0;0.0;0.0
2030-02-17 09:00:00;437.2693788093338;1040.4688132120662;0.0;210.02100210021004;0.0;0.0;0.0;0.0
2030-02-17 10:00:00;437.2579472568987;1040.4688132120662;0.0;210.02100210021004;0.0;0.0;0.0;0.0
2030-02-17 11:00:00;437.2304199184892;1040.4688132120662;0.0;210.02100210021004;0.0;0.0;0.0;0.0
2030-02-17 12:00:00;501.7259811775425;1040.4688132120662;0.0;210.02100210021004;0.0;0.0;0.0;0.0
2030-02-17 13:00:00;501.2601493304551;1040.4688132120662;0.0;210.02100210021004;0.0;0.0;0.0;0.0
2030-02-17 14:00:00;500.7477729014693;1040.4688132120662;0.0;210.02100210021004;0.0;0.0;0.0;0.0
2030-02-17 15:00:00;437.1802131713549;1040.4688132120662;0.0;210.02100210021004;0.0;0.0;0.0;0.0
2030-02-17 16:00:00;437.1933580436082;1040.4688132120662;0.0;210.02100210021004;0.0;0.0;0.0;0.0
2030-02-17 17:00:00;502.3234352453928;1040.4688132120662;0.0;210.02100210021004;0.0;0.0;0.0;0.0
2030-02-17 18:00:00;494.0410758086058;1040.4688132120662;0.0;210.02100210021004;0.0;0.0;0.0;0.0
2030-02-17 19:00:00;469.6985505329805;1040.4688132120662;0.0;210.02100210021004;0.0;0.0;0.0;0.0
2030-02-17 20:00:00;487.1343359359076;1040.4688132120662;0.0;210.02100210021004;0.0;0.0;0.0;0.0
2030-02-17 21:00:00;437.2553013258807;1040.4688132120662;0.0;210.02100210021004;0.0;0.0;0.0;0.0
2030-02-17 22:00:00;437.2617825027043;1040.4688132120662;0.0;210.02100210021004;0.0;0.0;0.0;0.0
2030-02-17 23:00:00;437.253101682293;1040.4688132120662;0.0;210.02100210021004;0.0;0.0;0.0;0.0
2030-02-18 00:00:00;437.2498410757116;1040.4688132120662;0.0;210.02100210021004;0.0;0.0;0.0;0.0
2030-02-18 01:00:00;437.285390990011;1040.4688132120662;0.0;210.02100210021004;0.0;0.0;0.0;0.0
2030-02-18 02:00:00;437.300379888955;1040.4688132120662;0.0;210.02100210021004;0.0;0.0;0.0;0.0
2030-02-18 03:00:00;437.3035616003971;1040.4688132120662;0.0;210.02100210021004;0.0;0.0;0.0;0.0
2030-02-18 04:00:00;437.3120186883235;1040.4688132120662;0.0;210.02100210021004;0.0;0.0;0.0;0.0
2030-02-18 05:00:00;437.3755799097232;1040.4688132120662;0.0;210.02100210021004;0.0;0.0;0.0;0.0
2030-02-18 06:00:00;437.7399062225213;1040.4688132120662;0.0;210.02100210021004;0.0;0.0;0.0;0.0
2030-02-18 07:00:00;441.4269266470665;1040.4688132120662;0.0;210.02100210021004;0.0;0.0;0.0;0.0
2030-02-18 08:00:00;442.8550254205422;1040.4688132120662;0.0;210.02100210021004;0.0;0.0;0.0;0.0
2030-02-18 09:00:00;442.6968066307793;1040.4688132120662;0.0;210.02100210021004;0.0;0.0;0.0;0.0
2030-02-18 10:00:00;441.9352565524804;1040.4688132120662;0.0;210.02100210021004;0.0;0.0;0.0;0.0
2030-02-18 11:00:00;441.3089506360895;1040.4688132120662;0.0;210.02100210021004;0.0;0.0;0.0;0.0
2030-02-18 12:00:00;440.6133171838072;1040.4688132120662;0.0;210.02100210021004;0.0;0.0;0.0;0.0
2030-02-18 13:00:00;440.5340036076837;1040.4688132120662;0.0;210.02100210021004;0.0;0.0;0.0;0.0
2030-02-18 14:00:00;439.8542113927165;1040.4688132120662;0.0;210.02100210021004;0.0;0.0;0.0;0.0
2030-02-18 15:00:00;440.1685611190532;1040.4688132120662;0.0;210.02100210021004;0.0;0.0;0.0;0.0
2030-02-18 16:00:00;441.4071475986034;1040.4688132120662;0.0;210.02100210021004;0.0;0.0;0.0;0.0
2030-02-18 17:00:00;441.6876162485107;1040.4688132120662;0.0;210.02100210021004;0.0;0.0;0.0;0.0
2030-02-18 18:00:00;442.0008431451938;1040.4688132120662;0.0;210.02100210021004;0.0;0.0;0.0;0.0
2030-02-18 19:00:00;442.1028519414324;1040.4688132120662;0.0;210.02100210021004;0.0;0.0;0.0;0.0
2030-02-18 20:00:00;442.1043826452076;1040.4688132120662;0.0;210.02100210021004;0.0;0.0;0.0;0.0
2030-02-18 21:00:00;442.1466569128504;1040.4688132120662;0.0;210.02100210021004;0.0;0.0;0.0;0.0
2030-02-18 22:00:00;440.8855804625606;1040.4688132120662;0.0;210.02100210021004;0.0;0.0;0.0;0.0
2030-02-18 23:00:00;438.8562168335496;1040.4688132120662;0.0;210.02100210021004;0.0;0.0;0.0;0.0
2030-02-19 00:00:00;437.4705113639548;1040.4688132120662;0.0;210.02100210021004;0.0;0.0;0.0;0.0
2030-02-19 01:00:00;437.3943934566182;1040.4688132120662;0.0;210.02100210021004;0.0;0.0;0.0;0.0
2030-02-19 02:00:00;437.3622336782336;1040.4688132120662;0.0;210.02100210021004;0.0;0.0;0.0;0.0
2030-02-19 03:00:00;437.3702079750086;1040.4688132120662;0.0;210.02100210021004;0.0;0.0;0.0;0.0
2030-02-19 04:00:00;437.3587199006824;1040.4688132120662;0.0;210.02100210021004;0.0;0.0;0.0;0.0
2030-02-19 05:00:00;437.3636891169244;1040.4688132120662;0.0;210.02100210021004;0.0;0.0;0.0;0.0
2030-02-19 06:00:00;437.3970346774786;1040.4688132120662;0.0;210.02100210021004;0.0;0.0;0.0;0.0
2030-02-19 07:00:00;437.4518161651579;1040.4688132120662;0.0;210.02100210021004;0.0;0.0;0.0;0.0
2030-02-19 08:00:00;438.260312724988;1040.4688132120662;0.0;210.02100210021004;0.0;0.0;0.0;0.0
2030-02-19 09:00:00;439.6602831421043;1040.4688132120662;0.0;210.02100210021004;0.0;0.0;0.0;0.0
2030-02-19 10:00:00;438.9933284395222;1040.4688132120662;0.0;210.02100210021004;0.0;0.0;0.0;0.0
2030-02-19 11:00:00;438.5060894900163;1040.4688132120662;0.0;210.02100210021004;0.0;0.0;0.0;0.0
2030-02-19 12:00:00;437.7053151840632;1040.4688132120662;0.0;210.02100210021004;0.0;0.0;0.0;0.0
2030-02-19 13:00:00;437.4246303131728;1040.4688132120662;0.0;210.02100210021004;0.0;0.0;0.0;0.0
2030-02-19 14:00:00;437.4213461558035;1040.4688132120662;0.0;210.02100210021004;0.0;0.0;0.0;0.0
2030-02-19 15:00:00;437.4176946061432;1040.4688132120662;0.0;210.02100210021004;0.0;0.0;0.0;0.0
2030-02-19 16:00:00;437.433583145184;1040.4688132120662;0.0;210.02100210021004;0.0;0.0;0.0;0.0
2030-02-19 17:00:00;437.4779704926341;1040.4688132120662;0.0;210.02100210021004;0.0;0.0;0.0;0.0
2030-02-19 18:00:00;439.3982634379233;1040.4688132120662;0.0;210.02100210021004;0.0;0.0;0.0;0.0
2030-02-19 19:00:00;439.3581088110402;1040.4688132120662;0.0;210.02100210021004;0.0;0.0;0.0;0.0
2030-02-19 20:00:00;439.2051350297127;1040.4688132120662;0.0;210.02100210021004;0.0;0.0;0.0;0.0
2030-02-19 21:00:00;438.5318129106333;1040.4688132120662;0.0;210.02100210021004;0.0;0.0;0.0;0.0
2030-02-19 22:00:00;437.7953760643041;1040.4688132120662;0.0;210.02100210021004;0.0;0.0;0.0;0.0
2030-02-19 23:00:00;437.3575341185128;1040.4688132120662;0.0;210.02100210021004;0.0;0.0;0.0;0.0
2030-02-20 00:00:00;437.2881311241804;1040.4688132120662;0.0;210.02100210021004;0.0;0.0;0.0;0.0
2030-02-20 01:00:00;437.2985994493915;1040.4688132120662;0.0;210.02100210021004;0.0;0.0;0.0;0.0
2030-02-20 02:00:00;437.2831501325446;1040.4688132120662;0.0;210.02100210021004;0.0;0.0;0.0;0.0
2030-02-20 03:00:00;437.2696331578429;1040.4688132120662;0.0;210.02100210021004;0.0;0.0;0.0;0.0
2030-02-20 04:00:00;437.2953988973191;1040.4688132120662;0.0;210.02100210021004;0.0;0.0;0.0;0.0
2030-02-20 05:00:00;437.3257782361403;1040.4688132120662;0.0;210.02100210021004;0.0;0.0;0.0;0.0
2030-02-20 06:00:00;437.4019968284841;1040.4688132120662;0.0;210.02100210021004;0.0;0.0;0.0;0.0
2030-02-20 07:00:00;438.7375121797044;1040.4688132120662;0.0;210.02100210021004;0.0;0.0;0.0;0.0
2030-02-20 08:00:00;441.8070914975685;1040.4688132120662;0.0;210.02100210021004;0.0;0.0;0.0;0.0
2030-02-20 09:00:00;441.7521782853763;1040.4688132120662;0.0;210.02100210021004;0.0;0.0;0.0;0.0
2030-02-20 10:00:00;441.2706953861807;1040.4688132120662;0.0;210.02100210021004;0.0;0.0;0.0;0.0
2030-02-20 11:00:00;440.4511245138297;1040.4688132120662;0.0;210.02100210021004;0.0;0.0;0.0;0.0
2030-02-20 12:00:00;439.5081260857452;1040.4688132120662;0.0;210.02100210021004;0.0;0.0;0.0;0.0
2030-02-20 13:00:00;440.6026702040018;1040.4688132120662;0.0;210.02100210021004;0.0;0.0;0.0;0.0
2030-02-20 14:00:00;440.5352770909831;1040.4688132120662;0.0;210.02100210021004;0.0;0.0;0.0;0.0
2030-02-20 15:00:00;441.3004434379383;1040.4688132120662;0.0;210.02100210021004;0.0;0.0;0.0;0.0
2030-02-20 16:00:00;441.5355315166165;1040.4688132120662;0.0;210.02100210021004;0.0;0.0;0.0;0.0
2030-02-20 17:00:00;442.0314371395703;1040.4688132120662;0.0;210.02100210021004;0.0;0.0;0.0;0.0
2030-02-20 18:00:00;442.0793660421664;1040.4688132120662;0.0;210.02100210021004;0.0;0.0;0.0;0.0
2030-02-20 19:00:00;442.3337254565396;1040.4688132120662;0.0;210.02100210021004;0.0;0.0;0.0;0.0
2030-02-20 20:00:00;440.4595197134911;1040.4688132120662;0.0;210.02100210021004;0.0;0.0;0.0;0.0
2030-02-20 21:00:00;440.2141965940556;1040.4688132120662;0.0;210.02100210021004;0.0;0.0;0.0;0.0
2030-02-20 22:00:00;439.8288796014007;1040.4688132120662;0.0;210.02100210021004;0.0;0.0;0.0;0.0
2030-02-20 23:00:00;438.1536380858192;1040.4688132120662;0.0;210.02100210021004;0.0;0.0;0.0;0.0
2030-02-21 00:00:00;437.4335784350264;1040.4688132120662;0.0;210.02100210021004;0.0;0.0;0.0;0.0
2030-02-21 01:00:00;437.4143515718041;1040.4688132120662;0.0;210.02100210021004;0.0;0.0;0.0;0.0
2030-02-21 02:00:00;437.3363442971211;1040.4688132120662;0.0;210.02100210021004;0.0;0.0;0.0;0.0
2030-02-21 03:00:00;437.3583831244158;1040.4688132120662;0.0;210.02100210021004;0.0;0.0;0.0;0.0
2030-02-21 04:00:00;437.3602848505368;1040.4688132120662;0.0;210.02100210021004;0.0;0.0;0.0;0.0
2030-02-21 05:00:00;437.3839981388496;1040.4688132120662;0.0;210.02100210021004;0.0;0.0;0.0;0.0
2030-02-21 06:00:00;437.381110812256;1040.4688132120662;0.0;210.02100210021004;0.0;0.0;0.0;0.0
2030-02-21 07:00:00;437.7309918394252;1040.4688132120662;0.0;210.02100210021004;0.0;0.0;0.0;0.0
2030-02-21 08:00:00;441.2073764776887;1040.4688132120662;0.0;210.02100210021004;0.0;0.0;0.0;0.0
2030-02-21 09:00:00;441.6415882420281;1040.4688132120662;0.0;210.02100210021004;0.0;0.0;0.0;0.0
2030-02-21 10:00:00;442.2784384588337;1040.4688132120662;0.0;210.02100210021004;0.0;0.0;0.0;0.0
2030-02-21 11:00:00;442.1178504581215;1040.4688132120662;0.0;210.02100210021004;0.0;0.0;0.0;0.0
2030-02-21 12:00:00;441.71074376603;1040.4688132120662;0.0;210.02100210021004;0.0;0.0;0.0;0.0
2030-02-21 13:00:00;440.9212681137921;1040.4688132120662;0.0;210.02100210021004;0.0;0.0;0.0;0.0
2030-02-21 14:00:00;441.2906569193554;1040.4688132120662;0.0;210.02100210021004;0.0;0.0;0.0;0.0
2030-02-21 15:00:00;441.6933855845695;1040.4688132120662;0.0;210.02100210021004;0.0;0.0;0.0;0.0
2030-02-21 16:00:00;440.1419019317476;1040.4688132120662;0.0;210.02100210021004;0.0;0.0;0.0;0.0
2030-02-21 17:00:00;439.9699985783409;1040.4688132120662;0.0;210.02100210021004;0.0;0.0;0.0;0.0
2030-02-21 18:00:00;441.4591912343905;1040.4688132120662;0.0;210.02100210021004;0.0;0.0;0.0;0.0
2030-02-21 19:00:00;441.2426135082011;1040.4688132120662;0.0;210.02100210021004;0.0;0.0;0.0;0.0
2030-02-21 20:00:00;441.0587613650122;1040.4688132120662;0.0;210.02100210021004;0.0;0.0;0.0;0.0
2030-02-21 21:00:00;441.1042012822297;1040.4688132120662;0.0;210.02100210021004;0.0;0.0;0.0;0.0
2030-02-21 22:00:00;440.6461293585745;1040.4688132120662;0.0;210.02100210021004;0.0;0.0;0.0;0.0
2030-02-21 23:00:00;439.1707201017383;1040.4688132120662;0.0;210.02100210021004;0.0;0.0;0.0;0.0
2030-02-22 00:00:00;437.4197988690399;1040.4688132120662;0.0;210.02100210021004;0.0;0.0;0.0;0.0
2030-02-22 01:00:00;437.4483824602855;1040.4688132120662;0.0;210.02100210021004;0.0;0.0;0.0;0.0
2030-02-22 02:00:00;437.4447768346617;1040.4688132120662;0.0;210.02100210021004;0.0;0.0;0.0;0.0
2030-02-22 03:00:00;437.5239659428604;1040.4688132120662;0.0;210.02100210021004;0.0;0.0;0.0;0.0
2030-02-22 04:00:00;437.9824584304978;1040.4688132120662;0.0;210.02100210021004;0.0;0.0;0.0;0.0
2030-02-22 05:00:00;439.4794019128561;1040.4688132120662;0.0;210.02100210021004;0.0;0.0;0.0;0.0
2030-02-22 06:00:00;441.7997852658685;1040.4688132120662;0.0;210.02100210021004;0.0;0.0;0.0;0.0
2030-02-22 07:00:00;444.7957872019571;1040.4688132120662;0.0;210.02100210021004;0.0;0.0;0.0;0.0
2030-02-22 08:00:00;446.1042968970107;1040.4688132120662;0.0;210.02100210021004;0.0;0.0;0.0;0.0
2030-02-22 09:00:00;446.3468105860866;1040.4688132120662;0.0;210.02100210021004;0.0;0.0;0.0;0.0
2030-02-22 10:00:00;446.2795704663283;1040.4688132120662;0.0;210.02100210021004;0.0;0.0;0.0;0.0
2030-02-22 11:00:00;446.9763279495349;1040.4688132120662;0.0;210.02100210021004;0.0;0.0;0.0;0.0
2030-02-22 12:00:00;447.0121684311846;1040.4688132120662;0.0;210.02100210021004;0.0;0.0;0.0;0.0
2030-02-22 13:00:00;446.3665702427737;1040.4688132120662;0.0;210.02100210021004;0.0;0.0;0.0;0.0
2030-02-22 14:00:00;446.1243606519007;1040.4688132120662;0.0;210.02100210021004;0.0;0.0;0.0;0.0
2030-02-22 15:00:00;446.4640341459942;1040.4688132120662;0.0;210.02100210021004;0.0;0.0;0.0;0.0
2030-02-22 16:00:00;446.4162474221882;1040.4688132120662;0.0;210.02100210021004;0.0;0.0;0.0;0.0
2030-02-22 17:00:00;446.1935927291189;1040.4688132120662;0.0;210.02100210021004;0.0;0.0;0.0;0.0
2030-02-22 18:00:00;446.3516096188273;1040.4688132120662;0.0;210.02100210021004;0.0;0.0;0.0;0.0
2030-02-22 19:00:00;446.2196301938568;1040.4688132120662;0.0;210.02100210021004;0.0;0.0;0.0;0.0
2030-02-22 20:00:00;444.1973120798631;1040.4688132120662;0.0;210.02100210021004;0.0;0.0;0.0;0.0
2030-02-22 21:00:00;442.3544540464582;1040.4688132120662;0.0;210.02100210021004;0.0;0.0;0.0;0.0
2030-02-22 22:00:00;440.5280871482279;1040.4688132120662;0.0;210.02100210021004;0.0;0.0;0.0;0.0
2030-02-22 23:00:00;438.4840705260916;1040.4688132120662;0.0;210.02100210021004;0.0;0.0;0.0;0.0
2030-02-23 00:00:00;437.3678246352755;1040.4688132120662;0.0;210.02100210021004;0.0;0.0;0.0;0.0
2030-02-23 01:00:00;437.3238305859829;1040.4688132120662;0.0;210.02100210021004;0.0;0.0;0.0;0.0
2030-02-23 02:00:00;437.2517628200023;1040.4688132120662;0.0;210.02100210021004;0.0;0.0;0.0;0.0
2030-02-23 03:00:00;437.234775636707;1040.4688132120662;0.0;210.02100210021004;0.0;0.0;0.0;0.0
2030-02-23 04:00:00;437.2356623238705;1040.4688132120662;0.0;210.02100210021004;0.0;0.0;0.0;0.0
2030-02-23 05:00:00;437.2439898824637;1040.4688132120662;0.0;210.02100210021004;0.0;0.0;0.0;0.0
2030-02-23 06:00:00;437.2515072939539;1040.4688132120662;0.0;210.02100210021004;0.0;0.0;0.0;0.0
2030-02-23 07:00:00;437.2960017974888;1040.4688132120662;0.0;210.02100210021004;0.0;0.0;0.0;0.0
2030-02-23 08:00:00;437.3014090583852;1040.4688132120662;0.0;210.02100210021004;0.0;0.0;0.0;0.0
2030-02-23 09:00:00;437.2759694973211;1040.4688132120662;0.0;210.02100210021004;0.0;0.0;0.0;0.0
2030-02-23 10:00:00;437.2736238388486;1040.4688132120662;0.0;210.02100210021004;0.0;0.0;0.0;0.0
2030-02-23 11:00:00;437.2644920208495;1040.4688132120662;0.0;210.02100210021004;0.0;0.0;0.0;0.0
2030-02-23 12:00:00;437.2559878313473;1040.4688132120662;0.0;210.02100210021004;0.0;0.0;0.0;0.0
2030-02-23 13:00:00;437.2452098132757;1040.4688132120662;0.0;210.02100210021004;0.0;0.0;0.0;0.0
2030-02-23 14:00:00;437.2570641023533;1040.4688132120662;0.0;210.02100210021004;0.0;0.0;0.0;0.0
2030-02-23 15:00:00;437.2513177101114;1040.4688132120662;0.0;210.02100210021004;0.0;0.0;0.0;0.0
2030-02-23 16:00:00;437.2632320536981;1040.4688132120662;0.0;210.02100210021004;0.0;0.0;0.0;0.0
2030-02-23 17:00:00;437.3005953786641;1040.4688132120662;0.0;210.02100210021004;0.0;0.0;0.0;0.0
2030-02-23 18:00:00;437.3132951410264;1040.4688132120662;0.0;210.02100210021004;0.0;0.0;0.0;0.0
2030-02-23 19:00:00;437.322338643571;1040.4688132120662;0.0;210.02100210021004;0.0;0.0;0.0;0.0
2030-02-23 20:00:00;437.312423761875;1040.4688132120662;0.0;210.02100210021004;0.0;0.0;0.0;0.0
2030-02-23 21:00:00;437.3010663944216;1040.4688132120662;0.0;210.02100210021004;0.0;0.0;0.0;0.0
2030-02-23 22:00:00;437.2938033314405;1040.4688132120662;0.0;210.02100210021004;0.0;0.0;0.0;0.0
2030-02-23 23:00:00;437.2949066858525;1040.4688132120662;0.0;210.02100210021004;0.0;0.0;0.0;0.0
2030-02-24 00:00:00;437.2917320396467;1040.4688132120662;0.0;210.02100210021004;0.0;0.0;0.0;0.0
2030-02-24 01:00:00;437.2560102045958;1040.4688132120662;0.0;210.02100210021004;0.0;0.0;0.0;0.0
2030-02-24 02:00:00;437.2386061723552;1040.4688132120662;0.0;210.02100210021004;0.0;0.0;0.0;0.0
2030-02-24 03:00:00;437.1738897848101;1040.4688132120662;0.0;210.02100210021004;0.0;0.0;0.0;0.0
2030-02-24 04:00:00;437.1685755495258;1040.4688132120662;0.0;210.02100210021004;0.0;0.0;0.0;0.0
2030-02-24 05:00:00;437.1810468692457;1040.4688132120662;0.0;210.02100210021004;0.0;0.0;0.0;0.0
2030-02-24 06:00:00;437.1832406251365;1040.4688132120662;0.0;210.02100210021004;0.0;0.0;0.0;0.0
2030-02-24 07:00:00;437.2169052988664;1040.4688132120662;0.0;210.02100210021004;0.0;0.0;0.0;0.0
2030-02-24 08:00:00;437.2179992329633;1040.4688132120662;0.0;210.02100210021004;0.0;0.0;0.0;0.0
2030-02-24 09:00:00;437.2240788688536;1040.4688132120662;0.0;210.02100210021004;0.0;0.0;0.0;0.0
2030-02-24 10:00:00;437.2111200478246;1040.4688132120662;0.0;210.02100210021004;0.0;0.0;0.0;0.0
2030-02-24 11:00:00;437.1927516108203;1040.4688132120662;0.0;210.02100210021004;0.0;0.0;0.0;0.0
2030-02-24 12:00:00;437.1768512963856;1040.4688132120662;0.0;210.02100210021004;0.0;0.0;0.0;0.0
2030-02-24 13:00:00;437.1762613491493;1040.4688132120662;0.0;210.02100210021004;0.0;0.0;0.0;0.0
2030-02-24 14:00:00;437.1722059034769;1040.4688132120662;0.0;210.02100210021004;0.0;0.0;0.0;0.0
2030-02-24 15:00:00;437.188391182445;1040.4688132120662;0.0;210.02100210021004;0.0;0.0;0.0;0.0
2030-02-24 16:00:00;437.2409742040761;1040.4688132120662;0.0;210.02100210021004;0.0;0.0;0.0;0.0
2030-02-24 17:00:00;437.3338691093153;1040.4688132120662;0.0;210.02100210021004;0.0;0.0;0.0;0.0
2030-02-24 18:00:00;437.384292523698;1040.4688132120662;0.0;210.02100210021004;0.0;0.0;0.0;0.0
2030-02-24 19:00:00;437.4189863668582;1040.4688132120662;0.0;210.02100210021004;0.0;0.0;0.0;0.0
2030-02-24 20:00:00;437.4150981317798;1040.4688132120662;0.0;210.02100210021004;0.0;0.0;0.0;0.0
2030-02-24 21:00:00;437.4198165321309;1040.4688132120662;0.0;210.02100210021004;0.0;0.0;0.0;0.0
2030-02-24 22:00:00;437.3866169864615;1040.4688132120662;0.0;210.02100210021004;0.0;0.0;0.0;0.0
2030-02-24 23:00:00;437.3786120736623;1040.4688132120662;0.0;210.02100210021004;0.0;0.0;0.0;0.0
2030-02-25 00:00:00;437.382701667977;1040.4688132120662;0.0;210.02100210021004;0.0;0.0;0.0;0.0
2030-02-25 01:00:00;437.373946662584;1040.4688132120662;0.0;210.02100210021004;0.0;0.0;0.0;0.0
2030-02-25 02:00:00;437.3667153931665;1040.4688132120662;0.0;210.02100210021004;0.0;0.0;0.0;0.0
2030-02-25 03:00:00;437.3699889526813;1040.4688132120662;0.0;210.02100210021004;0.0;0.0;0.0;0.0
2030-02-25 04:00:00;437.3899706186551;1040.4688132120662;0.0;210.02100210021004;0.0;0.0;0.0;0.0
2030-02-25 05:00:00;437.4295818663238;1040.4688132120662;0.0;210.02100210021004;0.0;0.0;0.0;0.0
2030-02-25 06:00:00;439.0038767256074;1040.4688132120662;0.0;210.02100210021004;0.0;0.0;0.0;0.0
2030-02-25 07:00:00;444.2576533504897;1040.4688132120662;0.0;210.02100210021004;0.0;0.0;0.0;0.0
2030-02-25 08:00:00;446.0287298490765;1040.4688132120662;0.0;210.02100210021004;0.0;0.0;0.0;0.0
2030-02-25 09:00:00;446.1478790190411;1040.4688132120662;0.0;210.02100210021004;0.0;0.0;0.0;0.0
2030-02-25 10:00:00;445.9472269179126;1040.4688132120662;0.0;210.02100210021004;0.0;0.0;0.0;0.0
2030-02-25 11:00:00;445.4397079639171;1040.4688132120662;0.0;210.02100210021004;0.0;0.0;0.0;0.0
2030-02-25 12:00:00;445.1134049837007;1040.4688132120662;0.0;210.02100210021004;0.0;0.0;0.0;0.0
2030-02-25 13:00:00;443.5252139954903;1040.4688132120662;0.0;210.02100210021004;0.0;0.0;0.0;0.0
2030-02-25 14:00:00;442.9354689075992;1040.4688132120662;0.0;210.02100210021004;0.0;0.0;0.0;0.0
2030-02-25 15:00:00;443.1508733267679;1040.4688132120662;0.0;210.02100210021004;0.0;0.0;0.0;0.0
2030-02-25 16:00:00;443.809187026935;1040.4688132120662;0.0;210.02100210021004;0.0;0.0;0.0;0.0
2030-02-25 17:00:00;444.4137883042011;1040.4688132120662;0.0;210.02100210021004;0.0;0.0;0.0;0.0
2030-02-25 18:00:00;444.7067976305835;1040.4688132120662;0.0;210.02100210021004;0.0;0.0;0.0;0.0
2030-02-25 19:00:00;444.9089273150782;1040.4688132120662;0.0;210.02100210021004;0.0;0.0;0.0;0.0
2030-02-25 20:00:00;445.0539247873744;1040.4688132120662;0.0;210.02100210021004;0.0;0.0;0.0;0.0
2030-02-25 21:00:00;517.3553740901295;1040.4688132120662;0.0;210.02100210021004;0.0;0.0;0.0;0.0
2030-02-25 22:00:00;516.3191451315398;1040.4688132120662;0.0;210.02100210021004;0.0;0.0;0.0;0.0
2030-02-25 23:00:00;514.9702537869837;1040.4688132120662;0.0;210.02100210021004;0.0;0.0;0.0;0.0
2030-02-26 00:00:00;512.2732327245938;1040.4688132120662;0.0;210.02100210021004;0.0;0.0;0.0;0.0
2030-02-26 01:00:00;512.2002234613237;1040.4688132120662;0.0;210.02100210021004;0.0;0.0;0.0;0.0
2030-02-26 02:00:00;512.2593960268289;1040.4688132120662;0.0;210.02100210021004;0.0;0.0;0.0;0.0
2030-02-26 03:00:00;513.2594768729479;1040.4688132120662;0.0;210.02100210021004;0.0;0.0;0.0;0.0
2030-02-26 04:00:00;513.268615054831;1040.4688132120662;0.0;210.02100210021004;0.0;0.0;0.0;0.0
2030-02-26 05:00:00;513.2999129985412;1040.4688132120662;0.0;210.02100210021004;0.0;0.0;0.0;0.0
2030-02-26 06:00:00;515.0853848725723;1040.4688132120662;0.0;210.02100210021004;0.0;0.0;0.0;0.0
2030-02-26 07:00:00;517.5658764120726;1040.4688132120662;0.0;210.02100210021004;0.0;0.0;0.0;0.0
2030-02-26 08:00:00;518.170937958031;1040.4688132120662;0.0;210.02100210021004;0.0;0.0;0.0;0.0
2030-02-26 09:00:00;518.0726046534458;1040.4688132120662;0.0;210.02100210021004;0.0;0.0;0.0;0.0
2030-02-26 10:00:00;517.2144091211469;1040.4688132120662;0.0;210.02100210021004;0.0;0.0;0.0;0.0
2030-02-26 11:00:00;515.968647758838;1040.4688132120662;0.0;210.02100210021004;0.0;0.0;0.0;0.0
2030-02-26 12:00:00;514.3165359233074;1040.4688132120662;0.0;210.02100210021004;0.0;0.0;0.0;0.0
2030-02-26 13:00:00;514.3286349958821;1040.4688132120662;0.0;210.02100210021004;0.0;0.0;0.0;0.0
2030-02-26 14:00:00;514.9280290927272;1040.4688132120662;0.0;210.02100210021004;0.0;0.0;0.0;0.0
2030-02-26 15:00:00;514.4685791031679;1040.4688132120662;0.0;210.02100210021004;0.0;0.0;0.0;0.0
2030-02-26 16:00:00;515.8920637133208;1040.4688132120662;0.0;210.02100210021004;0.0;0.0;0.0;0.0
2030-02-26 17:00:00;516.0181201793691;1040.4688132120662;0.0;210.02100210021004;0.0;0.0;0.0;0.0
2030-02-26 18:00:00;516.4616433519234;1040.4688132120662;0.0;210.02100210021004;0.0;0.0;0.0;0.0
2030-02-26 19:00:00;517.0164150044509;1040.4688132120662;0.0;210.02100210021004;0.0;0.0;0.0;0.0
2030-02-26 20:00:00;517.1609014571291;1040.4688132120662;0.0;210.02100210021004;0.0;0.0;0.0;0.0
2030-02-26 21:00:00;517.4616213261045;1040.4688132120662;0.0;210.02100210021004;0.0;0.0;0.0;0.0
2030-02-26 22:00:00;516.8470618464296;1040.4688132120662;0.0;210.02100210021004;0.0;0.0;0.0;0.0
2030-02-26 23:00:00;516.3761233357804;1040.4688132120662;0.0;210.02100210021004;0.0;0.0;0.0;0.0
2030-02-27 00:00:00;515.9915209440876;1040.4688132120662;0.0;210.02100210021004;0.0;0.0;0.0;0.0
2030-02-27 01:00:00;515.3818128107126;1040.4688132120662;0.0;210.02100210021004;0.0;0.0;0.0;0.0
2030-02-27 02:00:00;515.5865471666835;1040.4688132120662;0.0;210.02100210021004;0.0;0.0;0.0;0.0
2030-02-27 03:00:00;515.0001215437777;1040.4688132120662;0.0;210.02100210021004;0.0;0.0;0.0;0.0
2030-02-27 04:00:00;515.1795306808939;1040.4688132120662;0.0;210.02100210021004;0.0;0.0;0.0;0.0
2030-02-27 05:00:00;515.4240870783553;1040.4688132120662;0.0;210.02100210021004;0.0;0.0;0.0;0.0
2030-02-27 06:00:00;516.2756973643293;1040.4688132120662;0.0;210.02100210021004;0.0;0.0;0.0;0.0
2030-02-27 07:00:00;517.3092705154229;1040.4688132120662;0.0;210.02100210021004;0.0;0.0;0.0;0.0
2030-02-27 08:00:00;517.6229067373255;1040.4688132120662;0.0;210.02100210021004;0.0;0.0;0.0;0.0
2030-02-27 09:00:00;517.3562918873413;1040.4688132120662;0.0;210.02100210021004;0.0;0.0;0.0;0.0
2030-02-27 10:00:00;516.7211591957919;1040.4688132120662;0.0;210.02100210021004;0.0;0.0;0.0;0.0
2030-02-27 11:00:00;516.4416801138925;1040.4688132120662;0.0;210.02100210021004;0.0;0.0;0.0;0.0
2030-02-27 12:00:00;515.876389858499;1040.4688132120662;0.0;210.02100210021004;0.0;0.0;0.0;0.0
2030-02-27 13:00:00;515.3982531949614;1040.4688132120662;0.0;210.02100210021004;0.0;0.0;0.0;0.0
2030-02-27 14:00:00;514.8038107687281;1040.4688132120662;0.0;210.02100210021004;0.0;0.0;0.0;0.0
2030-02-27 15:00:00;514.9413547708741;1040.4688132120662;0.0;210.02100210021004;0.0;0.0;0.0;0.0
2030-02-27 16:00:00;515.694477744305;1040.4688132120662;0.0;210.02100210021004;0.0;0.0;0.0;0.0
2030-02-27 17:00:00;516.0177629751618;1040.4688132120662;0.0;210.02100210021004;0.0;0.0;0.0;0.0
2030-02-27 18:00:00;516.2533861421705;1040.4688132120662;0.0;210.02100210021004;0.0;0.0;0.0;0.0
2030-02-27 19:00:00;516.3232818768778;1040.4688132120662;0.0;210.02100210021004;0.0;0.0;0.0;0.0
2030-02-27 20:00:00;516.4386163512632;1040.4688132120662;0.0;210.02100210021004;0.0;0.0;0.0;0.0
2030-02-27 21:00:00;514.2517456746225;1040.4688132120662;0.0;210.02100210021004;0.0;0.0;0.0;0.0
2030-02-27 22:00:00;513.3359071030544;1040.4688132120662;0.0;210.02100210021004;0.0;0.0;0.0;0.0
2030-02-27 23:00:00;509.7030867786913;1040.4688132120662;0.0;210.02100210021004;0.0;0.0;0.0;0.0
2030-02-28 00:00:00;508.3074258468606;1040.4688132120662;0.0;210.02100210021004;0.0;0.0;0.0;0.0
2030-02-28 01:00:00;508.1224002041039;1040.4688132120662;0.0;210.02100210021004;0.0;0.0;0.0;0.0
2030-02-28 02:00:00;506.6999873991205;1040.4688132120662;0.0;210.02100210021004;0.0;0.0;0.0;0.0
2030-02-28 03:00:00;437.3492630818107;1040.4688132120662;0.0;210.02100210021004;0.0;0.0;0.0;0.0
2030-02-28 04:00:00;437.3494232271682;1040.4688132120662;0.0;210.02100210021004;0.0;0.0;0.0;0.0
2030-02-28 05:00:00;506.6905913523495;1040.4688132120662;0.0;210.02100210021004;0.0;0.0;0.0;0.0
2030-02-28 06:00:00;507.5788096343923;1040.4688132120662;0.0;210.02100210021004;0.0;0.0;0.0;0.0
2030-02-28 07:00:00;510.2019520321475;1040.4688132120662;0.0;210.02100210021004;0.0;0.0;0.0;0.0
2030-02-28 08:00:00;510.3399561104385;1040.4688132120662;0.0;210.02100210021004;0.0;0.0;0.0;0.0
2030-02-28 09:00:00;510.2803222912489;1040.4688132120662;0.0;210.02100210021004;0.0;0.0;0.0;0.0
2030-02-28 10:00:00;510.4637155358319;1040.4688132120662;0.0;210.02100210021004;0.0;0.0;0.0;0.0
2030-02-28 11:00:00;509.9221157460407;1040.4688132120662;0.0;210.02100210021004;0.0;0.0;0.0;0.0
2030-02-28 12:00:00;509.3360969007285;1040.4688132120662;0.0;210.02100210021004;0.0;0.0;0.0;0.0
2030-02-28 13:00:00;508.3957008172721;1040.4688132120662;0.0;210.02100210021004;0.0;0.0;0.0;0.0
2030-02-28 14:00:00;508.0107398512853;1040.4688132120662;0.0;210.02100210021004;0.0;0.0;0.0;0.0
2030-02-28 15:00:00;508.6491422418866;1040.4688132120662;0.0;210.02100210021004;0.0;0.0;0.0;0.0
2030-02-28 16:00:00;509.7081403362487;1040.4688132120662;0.0;210.02100210021004;0.0;0.0;0.0;0.0
2030-02-28 17:00:00;509.5941329842945;1040.4688132120662;0.0;210.02100210021004;0.0;0.0;0.0;0.0
2030-02-28 18:00:00;510.0409730742083;1040.4688132120662;0.0;210.02100210021004;0.0;0.0;0.0;0.0
2030-02-28 19:00:00;509.561304336809;1040.4688132120662;0.0;210.02100210021004;0.0;0.0;0.0;0.0
2030-02-28 20:00:00;507.887798091339;1040.4688132120662;0.0;210.02100210021004;0.0;0.0;0.0;0.0
2030-02-28 21:00:00;507.7775691029759;1040.4688132120662;0.0;210.02100210021004;0.0;0.0;0.0;0.0
2030-02-28 22:00:00;507.6273121366996;1040.4688132120662;0.0;210.02100210021004;0.0;0.0;0.0;0.0
2030-02-28 23:00:00;506.7877004064413;1040.4688132120662;0.0;210.02100210021004;0.0;0.0;0.0;0.0
2030-03-01 00:00:00;506.7186728955594;1040.4688132120662;0.0;210.02100210021004;0.0;0.0;0.0;0.0
2030-03-01 01:00:00;507.3688171545278;1040.4688132120662;0.0;210.02100210021004;0.0;0.0;0.0;0.0
2030-03-01 02:00:00;508.1861684135529;1040.4688132120662;0.0;210.02100210021004;0.0;0.0;0.0;0.0
2030-03-01 03:00:00;508.603905906013;1040.4688132120662;0.0;210.02100210021004;0.0;0.0;0.0;0.0
2030-03-01 04:00:00;508.7482920343794;1040.4688132120662;0.0;210.02100210021004;0.0;0.0;0.0;0.0
2030-03-01 05:00:00;509.8693238605242;1040.4688132120662;0.0;210.02100210021004;0.0;0.0;0.0;0.0
2030-03-01 06:00:00;512.6462968292635;1040.4688132120662;0.0;210.02100210021004;0.0;0.0;0.0;0.0
2030-03-01 07:00:00;514.8928534461061;1040.4688132120662;0.0;210.02100210021004;0.0;0.0;0.0;0.0
2030-03-01 08:00:00;515.0757344935317;1040.4688132120662;0.0;210.02100210021004;0.0;0.0;0.0;0.0
2030-03-01 09:00:00;515.989989062773;1040.4688132120662;0.0;210.02100210021004;0.0;0.0;0.0;0.0
2030-03-01 10:00:00;516.2524669748723;1040.4688132120662;0.0;210.02100210021004;0.0;0.0;0.0;0.0
2030-03-01 11:00:00;516.6992051778404;1040.4688132120662;0.0;210.02100210021004;0.0;0.0;0.0;0.0
2030-03-01 12:00:00;517.9688592170091;1040.4688132120662;0.0;210.02100210021004;0.0;0.0;0.0;0.0
2030-03-01 13:00:00;517.6050361661605;1040.4688132120662;0.0;210.02100210021004;0.0;0.0;0.0;0.0
2030-03-01 14:00:00;516.2884610793853;1040.4688132120662;0.0;210.02100210021004;0.0;0.0;0.0;0.0
2030-03-01 15:00:00;517.2195146071693;1040.4688132120662;0.0;210.02100210021004;0.0;0.0;0.0;0.0
2030-03-01 16:00:00;517.5279422785648;1040.4688132120662;0.0;210.02100210021004;0.0;0.0;0.0;0.0
2030-03-01 17:00:00;517.5501518063252;1040.4688132120662;0.0;210.02100210021004;0.0;0.0;0.0;0.0
2030-03-01 18:00:00;517.6269899915649;1040.4688132120662;0.0;210.02100210021004;0.0;0.0;0.0;0.0
2030-03-01 19:00:00;516.9609165605127;1040.4688132120662;0.0;210.02100210021004;0.0;0.0;0.0;0.0
2030-03-01 20:00:00;517.2364648334968;1040.4688132120662;0.0;210.02100210021004;0.0;0.0;0.0;0.0
2030-03-01 21:00:00;516.5408310839246;1040.4688132120662;0.0;210.02100210021004;0.0;0.0;0.0;0.0
2030-03-01 22:00:00;515.9036541213561;1040.4688132120662;0.0;210.02100210021004;0.0;0.0;0.0;0.0
2030-03-01 23:00:00;515.5408009887315;1040.4688132120662;0.0;210.02100210021004;0.0;0.0;0.0;0.0
2030-03-02 00:00:00;514.9337994137782;1040.4688132120662;0.0;210.02100210021004;0.0;0.0;0.0;0.0
2030-03-02 01:00:00;511.327016554153;1040.4688132120662;0.0;210.02100210021004;0.0;0.0;0.0;0.0
2030-03-02 02:00:00;508.9949943972584;1040.4688132120662;0.0;210.02100210021004;0.0;0.0;0.0;0.0
2030-03-02 03:00:00;508.4596228421317;1040.4688132120662;0.0;210.02100210021004;0.0;0.0;0.0;0.0
2030-03-02 04:00:00;508.595686891428;1040.4688132120662;0.0;210.02100210021004;0.0;0.0;0.0;0.0
2030-03-02 05:00:00;508.6811028580938;1040.4688132120662;0.0;210.02100210021004;0.0;0.0;0.0;0.0
2030-03-02 06:00:00;508.5351339049401;1040.4688132120662;0.0;210.02100210021004;0.0;0.0;0.0;0.0
2030-03-02 07:00:00;508.2478427785965;1040.4688132120662;0.0;210.02100210021004;0.0;0.0;0.0;0.0
2030-03-02 08:00:00;508.7128087569371;1040.4688132120662;0.0;210.02100210021004;0.0;0.0;0.0;0.0
2030-03-02 09:00:00;508.9389849337021;1040.4688132120662;0.0;210.02100210021004;0.0;0.0;0.0;0.0
2030-03-02 10:00:00;508.9265274793806;1040.4688132120662;0.0;210.02100210021004;0.0;0.0;0.0;0.0
2030-03-02 11:00:00;508.493165898032;1040.4688132120662;0.0;210.02100210021004;0.0;0.0;0.0;0.0
2030-03-02 12:00:00;508.110300146537;1040.4688132120662;0.0;210.02100210021004;0.0;0.0;0.0;0.0
2030-03-02 13:00:00;507.5554775505368;1040.4688132120662;0.0;210.02100210021004;0.0;0.0;0.0;0.0
2030-03-02 14:00:00;507.331801995771;1040.4688132120662;0.0;210.02100210021004;0.0;0.0;0.0;0.0
2030-03-02 15:00:00;506.739453413943;1040.4688132120662;0.0;210.02100210021004;0.0;0.0;0.0;0.0
2030-03-02 16:00:00;507.4258461096942;1040.4688132120662;0.0;210.02100210021004;0.0;0.0;0.0;0.0
2030-03-02 17:00:00;507.701445133604;1040.4688132120662;0.0;210.02100210021004;0.0;0.0;0.0;0.0
2030-03-02 18:00:00;507.7751180543631;1040.4688132120662;0.0;210.02100210021004;0.0;0.0;0.0;0.0
2030-03-02 19:00:00;508.1203573031714;1040.4688132120662;0.0;210.02100210021004;0.0;0.0;0.0;0.0
2030-03-02 20:00:00;508.3621068178991;1040.4688132120662;0.0;210.02100210021004;0.0;0.0;0.0;0.0
2030-03-02 21:00:00;507.5911642167759;1040.4688132120662;0.0;210.02100210021004;0.0;0.0;0.0;0.0
2030-03-02 22:00:00;507.0328189595406;1040.4688132120662;0.0;210.02100210021004;0.0;0.0;0.0;0.0
2030-03-02 23:00:00;504.7283152052257;1040.4688132120662;0.0;210.02100210021004;0.0;0.0;0.0;0.0
2030-03-03 00:00:00;504.3108827959608;1040.4688132120662;0.0;210.02100210021004;0.0;0.0;0.0;0.0
2030-03-03 01:00:00;503.7179215001164;1040.4688132120662;0.0;210.02100210021004;0.0;0.0;0.0;0.0
2030-03-03 02:00:00;503.3266307976137;1040.4688132120662;0.0;210.02100210021004;0.0;0.0;0.0;0.0
2030-03-03 03:00:00;502.5603347839071;1040.4688132120662;0.0;210.02100210021004;0.0;0.0;0.0;0.0
2030-03-03 04:00:00;501.9380153808002;1040.4688132120662;0.0;210.02100210021004;0.0;0.0;0.0;0.0
2030-03-03 05:00:00;502.1265648623312;1040.4688132120662;0.0;210.02100210021004;0.0;0.0;0.0;0.0
2030-03-03 06:00:00;502.0186854207296;1040.4688132120662;0.0;210.02100210021004;0.0;0.0;0.0;0.0
2030-03-03 07:00:00;502.6516746944873;1040.4688132120662;0.0;210.02100210021004;0.0;0.0;0.0;0.0
2030-03-03 08:00:00;502.8642187398236;1040.4688132120662;0.0;210.02100210021004;0.0;0.0;0.0;0.0
2030-03-03 09:00:00;504.3653603782025;1040.4688132120662;0.0;210.02100210021004;0.0;0.0;0.0;0.0
2030-03-03 10:00:00;505.5060480041041;1040.4688132120662;0.0;210.02100210021004;0.0;0.0;0.0;0.0
2030-03-03 11:00:00;506.3212049018648;1040.4688132120662;0.0;210.02100210021004;0.0;0.0;0.0;0.0
2030-03-03 12:00:00;506.3536763451429;1040.4688132120662;0.0;210.02100210021004;0.0;0.0;0.0;0.0
2030-03-03 13:00:00;506.3660309275265;1040.4688132120662;0.0;210.02100210021004;0.0;0.0;0.0;0.0
2030-03-03 14:00:00;506.1232603585551;1040.4688132120662;0.0;210.02100210021004;0.0;0.0;0.0;0.0
2030-03-03 15:00:00;505.4381442268566;1040.4688132120662;0.0;210.02100210021004;0.0;0.0;0.0;0.0
2030-03-03 16:00:00;505.4824080968804;1040.4688132120662;0.0;210.02100210021004;0.0;0.0;0.0;0.0
2030-03-03 17:00:00;505.0408784444196;1040.4688132120662;0.0;210.02100210021004;0.0;0.0;0.0;0.0
2030-03-03 18:00:00;505.5462793708143;1040.4688132120662;0.0;210.02100210021004;0.0;0.0;0.0;0.0
2030-03-03 19:00:00;505.4928251978951;1040.4688132120662;0.0;210.02100210021004;0.0;0.0;0.0;0.0
2030-03-03 20:00:00;505.695004455776;1040.4688132120662;0.0;210.02100210021004;0.0;0.0;0.0;0.0
2030-03-03 21:00:00;505.7416202276401;1040.4688132120662;0.0;210.02100210021004;0.0;0.0;0.0;0.0
2030-03-03 22:00:00;505.5322900351782;1040.4688132120662;0.0;210.02100210021004;0.0;0.0;0.0;0.0
2030-03-03 23:00:00;504.3595912346908;1040.4688132120662;0.0;210.02100210021004;0.0;0.0;0.0;0.0
2030-03-04 00:00:00;503.7989475667139;1040.4688132120662;0.0;210.02100210021004;0.0;0.0;0.0;0.0
2030-03-04 01:00:00;501.7844414971644;1040.4688132120662;0.0;210.02100210021004;0.0;0.0;0.0;0.0
2030-03-04 02:00:00;500.9200153751223;1040.4688132120662;0.0;210.02100210021004;0.0;0.0;0.0;0.0
2030-03-04 03:00:00;501.4880619548709;1040.4688132120662;0.0;210.02100210021004;0.0;0.0;0.0;0.0
2030-03-04 04:00:00;501.2278303325012;1040.4688132120662;0.0;210.02100210021004;0.0;0.0;0.0;0.0
2030-03-04 05:00:00;501.2016899958255;1040.4688132120662;0.0;210.02100210021004;0.0;0.0;0.0;0.0
2030-03-04 06:00:00;503.2630659769616;1040.4688132120662;0.0;210.02100210021004;0.0;0.0;0.0;0.0
2030-03-04 07:00:00;508.0658301475434;1040.4688132120662;0.0;210.02100210021004;0.0;0.0;0.0;0.0
2030-03-04 08:00:00;510.5730761078223;1040.4688132120662;0.0;210.02100210021004;0.0;0.0;0.0;0.0
2030-03-04 09:00:00;512.1015825259174;1040.4688132120662;0.0;210.02100210021004;0.0;0.0;0.0;0.0
2030-03-04 10:00:00;513.176612664301;1040.4688132120662;0.0;210.02100210021004;0.0;0.0;0.0;0.0
2030-03-04 11:00:00;513.1483796607594;1040.4688132120662;0.0;210.02100210021004;0.0;0.0;0.0;0.0
2030-03-04 12:00:00;512.444575292449;1040.4688132120662;0.0;210.02100210021004;0.0;0.0;0.0;0.0
2030-03-04 13:00:00;511.9509174119608;1040.4688132120662;0.0;210.02100210021004;0.0;0.0;0.0;0.0
2030-03-04 14:00:00;512.0968354216418;1040.4688132120662;0.0;210.02100210021004;0.0;0.0;0.0;0.0
2030-03-04 15:00:00;510.9950508624795;1040.4688132120662;0.0;210.02100210021004;0.0;0.0;0.0;0.0
2030-03-04 16:00:00;439.1660746918611;1040.4688132120662;0.0;210.02100210021004;0.0;0.0;0.0;0.0
2030-03-04 17:00:00;511.3084315745731;1040.4688132120662;0.0;210.02100210021004;0.0;0.0;0.0;0.0
2030-03-04 18:00:00;511.7519545545803;1040.4688132120662;0.0;210.02100210021004;0.0;0.0;0.0;0.0
2030-03-04 19:00:00;511.9464753908805;1040.4688132120662;0.0;210.02100210021004;0.0;0.0;0.0;0.0
2030-03-04 20:00:00;512.5805885908197;1040.4688132120662;0.0;210.02100210021004;0.0;0.0;0.0;0.0
2030-03-04 21:00:00;512.4520810761586;1040.4688132120662;0.0;210.02100210021004;0.0;0.0;0.0;0.0
2030-03-04 22:00:00;511.4646622506974;1040.4688132120662;0.0;210.02100210021004;0.0;0.0;0.0;0.0
2030-03-04 23:00:00;510.5519903136964;1040.4688132120662;0.0;210.02100210021004;0.0;0.0;0.0;0.0
2030-03-05 00:00:00;509.829092493814;1040.4688132120662;0.0;210.02100210021004;0.0;0.0;0.0;0.0
2030-03-05 01:00:00;509.2381715512764;1040.4688132120662;0.0;210.02100210021004;0.0;0.0;0.0;0.0
2030-03-05 02:00:00;508.6022723303001;1040.4688132120662;0.0;210.02100210021004;0.0;0.0;0.0;0.0
2030-03-05 03:00:00;509.0479387280989;1040.4688132120662;0.0;210.02100210021004;0.0;0.0;0.0;0.0
2030-03-05 04:00:00;508.4805559983865;1040.4688132120662;0.0;210.02100210021004;0.0;0.0;0.0;0.0
2030-03-05 05:00:00;509.1678676688888;1040.4688132120662;0.0;210.02100210021004;0.0;0.0;0.0;0.0
2030-03-05 06:00:00;510.6052920412914;1040.4688132120662;0.0;210.02100210021004;0.0;0.0;0.0;0.0
2030-03-05 07:00:00;513.25105192194;1040.4688132120662;0.0;210.02100210021004;0.0;0.0;0.0;0.0
2030-03-05 08:00:00;515.985292709423;1040.4688132120662;0.0;210.02100210021004;0.0;0.0;0.0;0.0
2030-03-05 09:00:00;519.3695737063972;1040.4688132120662;0.0;210.02100210021004;0.0;0.0;0.0;0.0
2030-03-05 10:00:00;517.7088831044484;1040.4688132120662;0.0;210.02100210021004;0.0;0.0;0.0;0.0
2030-03-05 11:00:00;516.8283242289785;1040.4688132120662;0.0;210.02100210021004;0.0;0.0;0.0;0.0
2030-03-05 12:00:00;517.0027816954829;1040.4688132120662;0.0;210.02100210021004;0.0;0.0;0.0;0.0
2030-03-05 13:00:00;516.3098545043325;1040.4688132120662;0.0;210.02100210021004;0.0;0.0;0.0;0.0
2030-03-05 14:00:00;515.7300141277517;1040.4688132120662;0.0;210.02100210021004;0.0;0.0;0.0;0.0
2030-03-05 15:00:00;514.5422532014666;1040.4688132120662;0.0;210.02100210021004;0.0;0.0;0.0;0.0
2030-03-05 16:00:00;513.8282378611113;1040.4688132120662;0.0;210.02100210021004;0.0;0.0;0.0;0.0
2030-03-05 17:00:00;514.9543753658256;1040.4688132120662;0.0;210.02100210021004;0.0;0.0;0.0;0.0
2030-03-05 18:00:00;515.511239492672;1040.4688132120662;0.0;210.02100210021004;0.0;0.0;0.0;0.0
2030-03-05 19:00:00;516.0095949040494;1040.4688132120662;0.0;210.02100210021004;0.0;0.0;0.0;0.0
2030-03-05 20:00:00;516.9335507958042;1040.4688132120662;0.0;210.02100210021004;0.0;0.0;0.0;0.0
2030-03-05 21:00:00;516.4420373180999;1040.4688132120662;0.0;210.02100210021004;0.0;0.0;0.0;0.0
2030-03-05 22:00:00;515.0169191322341;1040.4688132120662;0.0;210.02100210021004;0.0;0.0;0.0;0.0
2030-03-05 23:00:00;440.1529824977043;1040.4688132120662;0.0;210.02100210021004;0.0;0.0;0.0;0.0
2030-03-06 00:00:00;437.4198424379975;1040.4688132120662;0.0;210.02100210021004;0.0;0.0;0.0;0.0
2030-03-06 01:00:00;437.3833457820255;1040.4688132120662;0.0;210.02100210021004;0.0;0.0;0.0;0.0
2030-03-06 02:00:00;437.3760674110322;1040.4688132120662;0.0;210.02100210021004;0.0;0.0;0.0;0.0
2030-03-06 03:00:00;437.3667412990332;1040.4688132120662;0.0;210.02100210021004;0.0;0.0;0.0;0.0
2030-03-06 04:00:00;437.366160772112;1040.4688132120662;0.0;210.02100210021004;0.0;0.0;0.0;0.0
2030-03-06 05:00:00;437.3699665794328;1040.4688132120662;0.0;210.02100210021004;0.0;0.0;0.0;0.0
2030-03-06 06:00:00;437.3994156621329;1040.4688132120662;0.0;210.02100210021004;0.0;0.0;0.0;0.0
2030-03-06 07:00:00;437.4600848467813;1040.4688132120662;0.0;210.02100210021004;0.0;0.0;0.0;0.0
2030-03-06 08:00:00;438.1936065273207;1040.4688132120662;0.0;210.02100210021004;0.0;0.0;0.0;0.0
2030-03-06 09:00:00;440.6186648716333;1040.4688132120662;0.0;210.02100210021004;0.0;0.0;0.0;0.0
2030-03-06 10:00:00;440.8141722886384;1040.4688132120662;0.0;210.02100210021004;0.0;0.0;0.0;0.0
2030-03-06 11:00:00;440.3627950527587;1040.4688132120662;0.0;210.02100210021004;0.0;0.0;0.0;0.0
2030-03-06 12:00:00;440.0055529016466;1040.4688132120662;0.0;210.02100210021004;0.0;0.0;0.0;0.0
2030-03-06 13:00:00;440.4284024954665;1040.4688132120662;0.0;210.02100210021004;0.0;0.0;0.0;0.0
2030-03-06 14:00:00;441.0496220055896;1040.4688132120662;0.0;210.02100210021004;0.0;0.0;0.0;0.0
2030-03-06 15:00:00;440.8744513082099;1040.4688132120662;0.0;210.02100210021004;0.0;0.0;0.0;0.0
2030-03-06 16:00:00;440.9079933791179;1040.4688132120662;0.0;210.02100210021004;0.0;0.0;0.0;0.0
2030-03-06 17:00:00;440.0733854404837;1040.4688132120662;0.0;210.02100210021004;0.0;0.0;0.0;0.0
2030-03-06 18:00:00;438.6901843180531;1040.4688132120662;0.0;210.02100210021004;0.0;0.0;0.0;0.0
2030-03-06 19:00:00;511.6199737595234;1040.4688132120662;0.0;210.02100210021004;0.0;0.0;0.0;0.0
2030-03-06 20:00:00;511.6454008653236;1040.4688132120662;0.0;210.02100210021004;0.0;0.0;0.0;0.0
2030-03-06 21:00:00;512.2486228991462;1040.4688132120662;0.0;210.02100210021004;0.0;0.0;0.0;0.0
2030-03-06 22:00:00;510.9935722797164;1040.4688132120662;0.0;210.02100210021004;0.0;0.0;0.0;0.0
2030-03-06 23:00:00;510.5655716941993;1040.4688132120662;0.0;210.02100210021004;0.0;0.0;0.0;0.0
2030-03-07 00:00:00;509.8449709149721;1040.4688132120662;0.0;210.02100210021004;0.0;0.0;0.0;0.0
2030-03-07 01:00:00;510.4333367594197;1040.4688132120662;0.0;210.02100210021004;0.0;0.0;0.0;0.0
2030-03-07 02:00:00;509.991244951321;1040.4688132120662;0.0;210.02100210021004;0.0;0.0;0.0;0.0
2030-03-07 03:00:00;509.8146430820327;1040.4688132120662;0.0;210.02100210021004;0.0;0.0;0.0;0.0
2030-03-07 04:00:00;510.2942606834121;1040.4688132120662;0.0;210.02100210021004;0.0;0.0;0.0;0.0
2030-03-07 05:00:00;510.9841266595592;1040.4688132120662;0.0;210.02100210021004;0.0;0.0;0.0;0.0
2030-03-07 06:00:00;511.6227312614179;1040.4688132120662;0.0;210.02100210021004;0.0;0.0;0.0;0.0
2030-03-07 07:00:00;512.7357464767822;1040.4688132120662;0.0;210.02100210021004;0.0;0.0;0.0;0.0
2030-03-07 08:00:00;512.8072759797496;1040.4688132120662;0.0;210.02100210021004;0.0;0.0;0.0;0.0
2030-03-07 09:00:00;513.0836922840122;1040.4688132120662;0.0;210.02100210021004;0.0;0.0;0.0;0.0
2030-03-07 10:00:00;512.5811505539104;1040.4688132120662;0.0;210.02100210021004;0.0;0.0;0.0;0.0
2030-03-07 11:00:00;512.3790196918765;1040.4688132120662;0.0;210.02100210021004;0.0;0.0;0.0;0.0
2030-03-07 12:00:00;512.4366627311457;1040.4688132120662;0.0;210.02100210021004;0.0;0.0;0.0;0.0
2030-03-07 13:00:00;511.7484814667316;1040.4688132120662;0.0;210.02100210021004;0.0;0.0;0.0;0.0
2030-03-07 14:00:00;512.5660882355658;1040.4688132120662;0.0;210.02100210021004;0.0;0.0;0.0;0.0
2030-03-07 15:00:00;512.1329312205532;1040.4688132120662;0.0;210.02100210021004;0.0;0.0;0.0;0.0
2030-03-07 16:00:00;511.5230706418542;1040.4688132120662;0.0;210.02100210021004;0.0;0.0;0.0;0.0
2030-03-07 17:00:00;513.4091211252078;1040.4688132120662;0.0;210.02100210021004;0.0;0.0;0.0;0.0
2030-03-07 18:00:00;513.4195876070615;1040.4688132120662;0.0;210.02100210021004;0.0;0.0;0.0;0.0
2030-03-07 19:00:00;510.5459658529228;1040.4688132120662;0.0;210.02100210021004;0.0;0.0;0.0;0.0
2030-03-07 20:00:00;511.4490393393482;1040.4688132120662;0.0;210.02100210021004;0.0;0.0;0.0;0.0
2030-03-07 21:00:00;511.7021223822159;1040.4688132120662;0.0;210.02100210021004;0.0;0.0;0.0;0.0
2030-03-07 22:00:00;510.4150070971018;1040.4688132120662;0.0;210.02100210021004;0.0;0.0;0.0;0.0
2030-03-07 23:00:00;508.0673112779323;1040.4688132120662;0.0;210.02100210021004;0.0;0.0;0.0;0.0
2030-03-08 00:00:00;505.7627046516796;1040.4688132120662;0.0;210.02100210021004;0.0;0.0;0.0;0.0
2030-03-08 01:00:00;437.3170832852563;1040.4688132120662;0.0;210.02100210021004;0.0;0.0;0.0;0.0
2030-03-08 02:00:00;437.3209597449408;1040.4688132120662;0.0;210.02100210021004;0.0;0.0;0.0;0.0
2030-03-08 03:00:00;437.3271948160311;1040.4688132120662;0.0;210.02100210021004;0.0;0.0;0.0;0.0
2030-03-08 04:00:00;437.3355200195454;1040.4688132120662;0.0;210.02100210021004;0.0;0.0;0.0;0.0
2030-03-08 05:00:00;437.354538458295;1040.4688132120662;0.0;210.02100210021004;0.0;0.0;0.0;0.0
2030-03-08 06:00:00;437.4135390696224;1040.4688132120662;0.0;210.02100210021004;0.0;0.0;0.0;0.0
2030-03-08 07:00:00;439.0232834806529;1040.4688132120662;0.0;210.02100210021004;0.0;0.0;0.0;0.0
2030-03-08 08:00:00;443.0029548420582;1040.4688132120662;0.0;210.02100210021004;0.0;0.0;0.0;0.0
2030-03-08 09:00:00;444.6462227197521;1040.4688132120662;0.0;210.02100210021004;0.0;0.0;0.0;0.0
2030-03-08 10:00:00;444.0503210121071;1040.4688132120662;0.0;210.02100210021004;0.0;0.0;0.0;0.0
2030-03-08 11:00:00;443.145666146347;1040.4688132120662;0.0;210.02100210021004;0.0;0.0;0.0;0.0
2030-03-08 12:00:00;442.7965468395493;1040.4688132120662;0.0;210.02100210021004;0.0;0.0;0.0;0.0
2030-03-08 13:00:00;443.0590235741091;1040.4688132120662;0.0;210.02100210021004;0.0;0.0;0.0;0.0
2030-03-08 14:00:00;442.389632048158;1040.4688132120662;0.0;210.02100210021004;0.0;0.0;0.0;0.0
2030-03-08 15:00:00;442.8741505692236;1040.4688132120662;0.0;210.02100210021004;0.0;0.0;0.0;0.0
2030-03-08 16:00:00;443.4973370186166;1040.4688132120662;0.0;210.02100210021004;0.0;0.0;0.0;0.0
2030-03-08 17:00:00;444.8713503857776;1040.4688132120662;0.0;210.02100210021004;0.0;0.0;0.0;0.0
2030-03-08 18:00:00;445.1769188608801;1040.4688132120662;0.0;210.02100210021004;0.0;0.0;0.0;0.0
2030-03-08 19:00:00;445.2161803093663;1040.4688132120662;0.0;210.02100210021004;0.0;0.0;0.0;0.0
2030-03-08 20:00:00;444.7983399449683;1040.4688132120662;0.0;210.02100210021004;0.0;0.0;0.0;0.0
2030-03-08 21:00:00;441.430244014981;1040.4688132120662;0.0;210.02100210021004;0.0;0.0;0.0;0.0
2030-03-08 22:00:00;438.4819271083;1040.4688132120662;0.0;210.02100210021004;0.0;0.0;0.0;0.0
2030-03-08 23:00:00;437.3617391116882;1040.4688132120662;0.0;210.02100210021004;0.0;0.0;0.0;0.0
2030-03-09 00:00:00;437.3267567713766;1040.4688132120662;0.0;210.02100210021004;0.0;0.0;0.0;0.0
2030-03-09 01:00:00;437.2872691653442;1040.4688132120662;0.0;210.02100210021004;0.0;0.0;0.0;0.0
2030-03-09 02:00:00;437.2546089327171;1040.4688132120662;0.0;210.02100210021004;0.0;0.0;0.0;0.0
2030-03-09 03:00:00;437.2229566738113;1040.4688132120662;0.0;210.02100210021004;0.0;0.0;0.0;0.0
2030-03-09 04:00:00;437.1957390282624;1040.4688132120662;0.0;210.02100210021004;0.0;0.0;0.0;0.0
2030-03-09 05:00:00;437.1855321167968;1040.4688132120662;0.0;210.02100210021004;0.0;0.0;0.0;0.0
2030-03-09 06:00:00;437.190687384263;1040.4688132120662;0.0;210.02100210021004;0.0;0.0;0.0;0.0
2030-03-09 07:00:00;437.1995554334378;1040.4688132120662;0.0;210.02100210021004;0.0;0.0;0.0;0.0
2030-03-09 08:00:00;437.2060436754978;1040.4688132120662;0.0;210.02100210021004;0.0;0.0;0.0;0.0
2030-03-09 09:00:00;437.2116169694488;1040.4688132120662;0.0;210.02100210021004;0.0;0.0;0.0;0.0
2030-03-09 10:00:00;437.2632414740133;1040.4688132120662;0.0;210.02100210021004;0.0;0.0;0.0;0.0
2030-03-09 11:00:00;437.2549186255777;1040.4688132120662;0.0;210.02100210021004;0.0;0.0;0.0;0.0
2030-03-09 12:00:00;437.2314302472892;1040.4688132120662;0.0;210.02100210021004;0.0;0.0;0.0;0.0
2030-03-09 13:00:00;437.2387922235794;1040.4688132120662;0.0;210.02100210021004;0.0;0.0;0.0;0.0
2030-03-09 14:00:00;437.2476167037967;1040.4688132120662;0.0;210.02100210021004;0.0;0.0;0.0;0.0
2030-03-09 15:00:00;437.2506264944873;1040.4688132120662;0.0;210.02100210021004;0.0;0.0;0.0;0.0
2030-03-09 16:00:00;437.2720741970063;1040.4688132120662;0.0;210.02100210021004;0.0;0.0;0.0;0.0
2030-03-09 17:00:00;504.0377350132108;1040.4688132120662;0.0;210.02100210021004;0.0;0.0;0.0;0.0
2030-03-09 18:00:00;505.4417178315644;1040.4688132120662;0.0;210.02100210021004;0.0;0.0;0.0;0.0
2030-03-09 19:00:00;505.1197087796662;1040.4688132120662;0.0;210.02100210021004;0.0;0.0;0.0;0.0
2030-03-09 20:00:00;505.7591310469718;1040.4688132120662;0.0;210.02100210021004;0.0;0.0;0.0;0.0
2030-03-09 21:00:00;505.1018903295134;1040.4688132120662;0.0;210.02100210021004;0.0;0.0;0.0;0.0
2030-03-09 22:00:00;504.7676795256498;1040.4688132120662;0.0;210.02100210021004;0.0;0.0;0.0;0.0
2030-03-09 23:00:00;504.2694767521434;1040.4688132120662;0.0;210.02100210021004;0.0;0.0;0.0;0.0
2030-03-10 00:00:00;437.2896972515742;1040.4688132120662;0.0;210.02100210021004;0.0;0.0;0.0;0.0
2030-03-10 01:00:00;437.308142228639;1040.4688132120662;0.0;210.02100210021004;0.0;0.0;0.0;0.0
2030-03-10 02:00:00;437.3213777714256;1040.4688132120662;0.0;210.02100210021004;0.0;0.0;0.0;0.0
2030-03-10 03:00:00;437.2883654545199;1040.4688132120662;0.0;210.02100210021004;0.0;0.0;0.0;0.0
2030-03-10 04:00:00;437.2974066019856;1040.4688132120662;0.0;210.02100210021004;0.0;0.0;0.0;0.0
2030-03-10 05:00:00;437.2849140865566;1040.4688132120662;0.0;210.02100210021004;0.0;0.0;0.0;0.0
2030-03-10 06:00:00;437.2817194221811;1040.4688132120662;0.0;210.02100210021004;0.0;0.0;0.0;0.0
2030-03-10 07:00:00;437.2800143451389;1040.4688132120662;0.0;210.02100210021004;0.0;0.0;0.0;0.0
2030-03-10 08:00:00;437.2461035656756;1040.4688132120662;0.0;210.02100210021004;0.0;0.0;0.0;0.0
2030-03-10 09:00:00;437.2617354011286;1040.4688132120662;0.0;210.02100210021004;0.0;0.0;0.0;0.0
2030-03-10 10:00:00;437.2724757379396;1040.4688132120662;0.0;210.02100210021004;0.0;0.0;0.0;0.0
2030-03-10 11:00:00;437.270769483358;1040.4688132120662;0.0;210.02100210021004;0.0;0.0;0.0;0.0
2030-03-10 12:00:00;437.269071471552;1040.4688132120662;0.0;210.02100210021004;0.0;0.0;0.0;0.0
2030-03-10 13:00:00;437.2707600630428;1040.4688132120662;0.0;210.02100210021004;0.0;0.0;0.0;0.0
2030-03-10 14:00:00;437.2505004977721;1040.4688132120662;0.0;210.02100210021004;0.0;0.0;0.0;0.0
2030-03-10 15:00:00;437.2497833762812;1040.4688132120662;0.0;210.02100210021004;0.0;0.0;0.0;0.0
2030-03-10 16:00:00;437.2564176332261;1040.4688132120662;0.0;210.02100210021004;0.0;0.0;0.0;0.0
2030-03-10 17:00:00;437.2536928070688;1040.4688132120662;0.0;210.02100210021004;0.0;0.0;0.0;0.0
2030-03-10 18:00:00;437.2555957107292;1040.4688132120662;0.0;210.02100210021004;0.0;0.0;0.0;0.0
2030-03-10 19:00:00;437.2696402230793;1040.4688132120662;0.0;210.02100210021004;0.0;0.0;0.0;0.0
2030-03-10 20:00:00;437.2811129893933;1040.4688132120662;0.0;210.02100210021004;0.0;0.0;0.0;0.0
2030-03-10 21:00:00;437.259823077153;1040.4688132120662;0.0;210.02100210021004;0.0;0.0;0.0;0.0
2030-03-10 22:00:00;437.2533265923173;1040.4688132120662;0.0;210.02100210021004;0.0;0.0;0.0;0.0
2030-03-10 23:00:00;437.2467276615543;1040.4688132120662;0.0;210.02100210021004;0.0;0.0;0.0;0.0
2030-03-11 00:00:00;437.2200775899934;1040.4688132120662;0.0;210.02100210021004;0.0;0.0;0.0;0.0
2030-03-11 01:00:00;437.2165096456301;1040.4688132120662;0.0;210.02100210021004;0.0;0.0;0.0;0.0
2030-03-11 02:00:00;437.2208076644175;1040.4688132120662;0.0;210.02100210021004;0.0;0.0;0.0;0.0
2030-03-11 03:00:00;437.2198644553631;1040.4688132120662;0.0;210.02100210021004;0.0;0.0;0.0;0.0
2030-03-11 04:00:00;437.2230968009991;1040.4688132120662;0.0;210.02100210021004;0.0;0.0;0.0;0.0
2030-03-11 05:00:00;437.2193027690722;1040.4688132120662;0.0;210.02100210021004;0.0;0.0;0.0;0.0
2030-03-11 06:00:00;437.2567756052018;1040.4688132120662;0.0;210.02100210021004;0.0;0.0;0.0;0.0
2030-03-11 07:00:00;437.3430409636537;1040.4688132120662;0.0;210.02100210021004;0.0;0.0;0.0;0.0
2030-03-11 08:00:00;437.3976752589089;1040.4688132120662;0.0;210.02100210021004;0.0;0.0;0.0;0.0
2030-03-11 09:00:00;437.4091079888834;1040.4688132120662;0.0;210.02100210021004;0.0;0.0;0.0;0.0
2030-03-11 10:00:00;437.39778948023;1040.4688132120662;0.0;210.02100210021004;0.0;0.0;0.0;0.0
2030-03-11 11:00:00;437.3861742316494;1040.4688132120662;0.0;210.02100210021004;0.0;0.0;0.0;0.0
2030-03-11 12:00:00;437.3771966713109;1040.4688132120662;0.0;210.02100210021004;0.0;0.0;0.0;0.0
2030-03-11 13:00:00;437.3703386818813;1040.4688132120662;0.0;210.02100210021004;0.0;0.0;0.0;0.0
2030-03-11 14:00:00;437.3721426722326;1040.4688132120662;0.0;210.02100210021004;0.0;0.0;0.0;0.0
2030-03-11 15:00:00;437.3736145964749;1040.4688132120662;0.0;210.02100210021004;0.0;0.0;0.0;0.0
2030-03-11 16:00:00;437.379552927638;1040.4688132120662;0.0;210.02100210021004;0.0;0.0;0.0;0.0
2030-03-11 17:00:00;508.6474057942358;1040.4688132120662;0.0;210.02100210021004;0.0;0.0;0.0;0.0
2030-03-11 18:00:00;509.0142406792486;1040.4688132120662;0.0;210.02100210021004;0.0;0.0;0.0;0.0
2030-03-11 19:00:00;509.0621835735439;1040.4688132120662;0.0;210.02100210021004;0.0;0.0;0.0;0.0
2030-03-11 20:00:00;509.2813651787644;1040.4688132120662;0.0;210.02100210021004;0.0;0.0;0.0;0.0
2030-03-11 21:00:00;508.9055956932123;1040.4688132120662;0.0;210.02100210021004;0.0;0.0;0.0;0.0
2030-03-11 22:00:00;508.7332830145861;1040.4688132120662;0.0;210.02100210021004;0.0;0.0;0.0;0.0
2030-03-11 23:00:00;508.631017530999;1040.4688132120662;0.0;210.02100210021004;0.0;0.0;0.0;0.0
2030-03-12 00:00:00;507.9415089516065;1040.4688132120662;0.0;210.02100210021004;0.0;0.0;0.0;0.0
2030-03-12 01:00:00;437.3589330353127;1040.4688132120662;0.0;210.02100210021004;0.0;0.0;0.0;0.0
2030-03-12 02:00:00;437.3540556671435;1040.4688132120662;0.0;210.02100210021004;0.0;0.0;0.0;0.0
2030-03-12 03:00:00;437.9686142257386;1040.4688132120662;0.0;210.02100210021004;0.0;0.0;0.0;0.0
2030-03-12 04:00:00;462.2989839198906;1040.4688132120662;0.0;210.02100210021004;0.0;0.0;0.0;0.0
2030-03-12 05:00:00;506.1050848967419;1040.4688132120662;0.0;210.02100210021004;0.0;0.0;0.0;0.0
2030-03-12 06:00:00;507.5683431525384;1040.4688132120662;0.0;210.02100210021004;0.0;0.0;0.0;0.0
2030-03-12 07:00:00;509.8364952130387;1040.4688132120662;0.0;210.02100210021004;0.0;0.0;0.0;0.0
2030-03-12 08:00:00;510.0764052156306;1040.4688132120662;0.0;210.02100210021004;0.0;0.0;0.0;0.0
2030-03-12 09:00:00;510.5752716466261;1040.4688132120662;0.0;210.02100210021004;0.0;0.0;0.0;0.0
2030-03-12 10:00:00;510.3789111056432;1040.4688132120662;0.0;210.02100210021004;0.0;0.0;0.0;0.0
2030-03-12 11:00:00;510.8932975760499;1040.4688132120662;0.0;210.02100210021004;0.0;0.0;0.0;0.0
2030-03-12 12:00:00;438.7104526392793;1040.4688132120662;0.0;210.02100210021004;0.0;0.0;0.0;0.0
2030-03-12 13:00:00;439.6446195030788;1040.4688132120662;0.0;210.02100210021004;0.0;0.0;0.0;0.0
2030-03-12 14:00:00;511.6384051162397;1040.4688132120662;0.0;210.02100210021004;0.0;0.0;0.0;0.0
2030-03-12 15:00:00;511.9715441149339;1040.4688132120662;0.0;210.02100210021004;0.0;0.0;0.0;0.0
2030-03-12 16:00:00;512.1687219362697;1040.4688132120662;0.0;210.02100210021004;0.0;0.0;0.0;0.0
2030-03-12 17:00:00;512.3196935035078;1040.4688132120662;0.0;210.02100210021004;0.0;0.0;0.0;0.0
2030-03-12 18:00:00;512.3231144703445;1040.4688132120662;0.0;210.02100210021004;0.0;0.0;0.0;0.0
2030-03-12 19:00:00;512.0958641333314;1040.4688132120662;0.0;210.02100210021004;0.0;0.0;0.0;0.0
2030-03-12 20:00:00;512.8845744336818;1040.4688132120662;0.0;210.02100210021004;0.0;0.0;0.0;0.0
2030-03-12 21:00:00;512.9045884226384;1040.4688132120662;0.0;210.02100210021004;0.0;0.0;0.0;0.0
2030-03-12 22:00:00;511.7403120255328;1040.4688132120662;0.0;210.02100210021004;0.0;0.0;0.0;0.0
2030-03-12 23:00:00;510.2568871429085;1040.4688132120662;0.0;210.02100210021004;0.0;0.0;0.0;0.0
2030-03-13 00:00:00;508.4022874336836;1040.4688132120662;0.0;210.02100210021004;0.0;0.0;0.0;0.0
2030-03-13 01:00:00;506.8038331598689;1040.4688132120662;0.0;210.02100210021004;0.0;0.0;0.0;0.0
2030-03-13 02:00:00;506.2279759057626;1040.4688132120662;0.0;210.02100210021004;0.0;0.0;0.0;0.0
2030-03-13 03:00:00;505.5027794825916;1040.4688132120662;0.0;210.02100210021004;0.0;0.0;0.0;0.0
2030-03-13 04:00:00;505.9712173712416;1040.4688132120662;0.0;210.02100210021004;0.0;0.0;0.0;0.0
2030-03-13 05:00:00;506.0642406234683;1040.4688132120662;0.0;210.02100210021004;0.0;0.0;0.0;0.0
2030-03-13 06:00:00;506.401871216629;1040.4688132120662;0.0;210.02100210021004;0.0;0.0;0.0;0.0
2030-03-13 07:00:00;509.3386000703535;1040.4688132120662;0.0;210.02100210021004;0.0;0.0;0.0;0.0
2030-03-13 08:00:00;511.8418109796928;1040.4688132120662;0.0;210.02100210021004;0.0;0.0;0.0;0.0
2030-03-13 09:00:00;513.327431401121;1040.4688132120662;0.0;210.02100210021004;0.0;0.0;0.0;0.0
2030-03-13 10:00:00;513.7366943691871;1040.4688132120662;0.0;210.02100210021004;0.0;0.0;0.0;0.0
2030-03-13 11:00:00;514.4404987374975;1040.4688132120662;0.0;210.02100210021004;0.0;0.0;0.0;0.0
2030-03-13 12:00:00;512.9518157309794;1040.4688132120662;0.0;210.02100210021004;0.0;0.0;0.0;0.0
2030-03-13 13:00:00;514.586671079448;1040.4688132120662;0.0;210.02100210021004;0.0;0.0;0.0;0.0
2030-03-13 14:00:00;514.1082787135545;1040.4688132120662;0.0;210.02100210021004;0.0;0.0;0.0;0.0
2030-03-13 15:00:00;513.3901291754871;1040.4688132120662;0.0;210.02100210021004;0.0;0.0;0.0;0.0
2030-03-13 16:00:00;512.8358164215654;1040.4688132120662;0.0;210.02100210021004;0.0;0.0;0.0;0.0
2030-03-13 17:00:00;513.2809198712812;1040.4688132120662;0.0;210.02100210021004;0.0;0.0;0.0;0.0
2030-03-13 18:00:00;514.0516069625954;1040.4688132120662;0.0;210.02100210021004;0.0;0.0;0.0;0.0
2030-03-13 19:00:00;512.4278298250049;1040.4688132120662;0.0;210.02100210021004;0.0;0.0;0.0;0.0
2030-03-13 20:00:00;512.8161596368162;1040.4688132120662;0.0;210.02100210021004;0.0;0.0;0.0;0.0
2030-03-13 21:00:00;512.7827182753143;1040.4688132120662;0.0;210.02100210021004;0.0;0.0;0.0;0.0
2030-03-13 22:00:00;511.9978892104929;1040.4688132120662;0.0;210.02100210021004;0.0;0.0;0.0;0.0
2030-03-13 23:00:00;510.0163632487607;1040.4688132120662;0.0;210.02100210021004;0.0;0.0;0.0;0.0
2030-03-14 00:00:00;508.7927097198138;1040.4688132120662;0.0;210.02100210021004;0.0;0.0;0.0;0.0
2030-03-14 01:00:00;507.8778945575682;1040.4688132120662;0.0;210.02100210021004;0.0;0.0;0.0;0.0
2030-03-14 02:00:00;506.5280307471623;1040.4688132120662;0.0;210.02100210021004;0.0;0.0;0.0;0.0
2030-03-14 03:00:00;506.7650827310007;1040.4688132120662;0.0;210.02100210021004;0.0;0.0;0.0;0.0
2030-03-14 04:00:00;505.58191627112;1040.4688132120662;0.0;210.02100210021004;0.0;0.0;0.0;0.0
2030-03-14 05:00:00;505.0425120201326;1040.4688132120662;0.0;210.02100210021004;0.0;0.0;0.0;0.0
2030-03-14 06:00:00;506.044839348528;1040.4688132120662;0.0;210.02100210021004;0.0;0.0;0.0;0.0
2030-03-14 07:00:00;507.4698570175349;1040.4688132120662;0.0;210.02100210021004;0.0;0.0;0.0;0.0
2030-03-14 08:00:00;510.1282269903762;1040.4688132120662;0.0;210.02100210021004;0.0;0.0;0.0;0.0
2030-03-14 09:00:00;511.4355610233303;1040.4688132120662;0.0;210.02100210021004;0.0;0.0;0.0;0.0
2030-03-14 10:00:00;511.757723698092;1040.4688132120662;0.0;210.02100210021004;0.0;0.0;0.0;0.0
2030-03-14 11:00:00;511.8840854398827;1040.4688132120662;0.0;210.02100210021004;0.0;0.0;0.0;0.0
2030-03-14 12:00:00;511.6304925549365;1040.4688132120662;0.0;210.02100210021004;0.0;0.0;0.0;0.0
2030-03-14 13:00:00;511.0324751539088;1040.4688132120662;0.0;210.02100210021004;0.0;0.0;0.0;0.0
2030-03-14 14:00:00;510.5692469933055;1040.4688132120662;0.0;210.02100210021004;0.0;0.0;0.0;0.0
2030-03-14 15:00:00;509.9487149813222;1040.4688132120662;0.0;210.02100210021004;0.0;0.0;0.0;0.0
2030-03-14 16:00:00;510.0917230437844;1040.4688132120662;0.0;210.02100210021004;0.0;0.0;0.0;0.0
2030-03-14 17:00:00;510.5813979943451;1040.4688132120662;0.0;210.02100210021004;0.0;0.0;0.0;0.0
2030-03-14 18:00:00;511.1286652332496;1040.4688132120662;0.0;210.02100210021004;0.0;0.0;0.0;0.0
2030-03-14 19:00:00;510.7976708298864;1040.4688132120662;0.0;210.02100210021004;0.0;0.0;0.0;0.0
2030-03-14 20:00:00;511.4020177748828;1040.4688132120662;0.0;210.02100210021004;0.0;0.0;0.0;0.0
2030-03-14 21:00:00;511.5151567104645;1040.4688132120662;0.0;210.02100210021004;0.0;0.0;0.0;0.0
2030-03-14 22:00:00;510.1155153963322;1040.4688132120662;0.0;210.02100210021004;0.0;0.0;0.0;0.0
2030-03-14 23:00:00;508.5148655837139;1040.4688132120662;0.0;210.02100210021004;0.0;0.0;0.0;0.0
2030-03-15 00:00:00;508.0056355428023;1040.4688132120662;0.0;210.02100210021004;0.0;0.0;0.0;0.0
2030-03-15 01:00:00;506.326105821551;1040.4688132120662;0.0;210.02100210021004;0.0;0.0;0.0;0.0
2030-03-15 02:00:00;505.9050998075783;1040.4688132120662;0.0;210.02100210021004;0.0;0.0;0.0;0.0
2030-03-15 03:00:00;505.7549954791731;1040.4688132120662;0.0;210.02100210021004;0.0;0.0;0.0;0.0
2030-03-15 04:00:00;505.7296712453108;1040.4688132120662;0.0;210.02100210021004;0.0;0.0;0.0;0.0
2030-03-15 05:00:00;506.167679606623;1040.4688132120662;0.0;210.02100210021004;0.0;0.0;0.0;0.0
2030-03-15 06:00:00;507.7282491277689;1040.4688132120662;0.0;210.02100210021004;0.0;0.0;0.0;0.0
2030-03-15 07:00:00;507.3944464715855;1040.4688132120662;0.0;210.02100210021004;0.0;0.0;0.0;0.0
2030-03-15 08:00:00;507.8706442836676;1040.4688132120662;0.0;210.02100210021004;0.0;0.0;0.0;0.0
2030-03-15 09:00:00;507.8553787690731;1040.4688132120662;0.0;210.02100210021004;0.0;0.0;0.0;0.0
2030-03-15 10:00:00;507.7173235547621;1040.4688132120662;0.0;210.02100210021004;0.0;0.0;0.0;0.0
2030-03-15 11:00:00;507.1331939875191;1040.4688132120662;0.0;210.02100210021004;0.0;0.0;0.0;0.0
2030-03-15 12:00:00;507.0071894499359;1040.4688132120662;0.0;210.02100210021004;0.0;0.0;0.0;0.0
2030-03-15 13:00:00;506.6564353898856;1040.4688132120662;0.0;210.02100210021004;0.0;0.0;0.0;0.0
2030-03-15 14:00:00;506.3588835255638;1040.4688132120662;0.0;210.02100210021004;0.0;0.0;0.0;0.0
2030-03-15 15:00:00;507.194461574969;1040.4688132120662;0.0;210.02100210021004;0.0;0.0;0.0;0.0
2030-03-15 16:00:00;507.6422206396338;1040.4688132120662;0.0;210.02100210021004;0.0;0.0;0.0;0.0
2030-03-15 17:00:00;507.0153067701224;1040.4688132120662;0.0;210.02100210021004;0.0;0.0;0.0;0.0
2030-03-15 18:00:00;507.0955661147458;1040.4688132120662;0.0;210.02100210021004;0.0;0.0;0.0;0.0
2030-03-15 19:00:00;506.6578146333291;1040.4688132120662;0.0;210.02100210021004;0.0;0.0;0.0;0.0
2030-03-15 20:00:00;506.9304527665474;1040.4688132120662;0.0;210.02100210021004;0.0;0.0;0.0;0.0
2030-03-15 21:00:00;506.8977767569332;1040.4688132120662;0.0;210.02100210021004;0.0;0.0;0.0;0.0
2030-03-15 22:00:00;506.5241495116334;1040.4688132120662;0.0;210.02100210021004;0.0;0.0;0.0;0.0
2030-03-15 23:00:00;506.0247732385592;1040.4688132120662;0.0;210.02100210021004;0.0;0.0;0.0;0.0
2030-03-16 00:00:00;505.1881745200045;1040.4688132120662;0.0;210.02100210021004;0.0;0.0;0.0;0.0
2030-03-16 01:00:00;503.3959126407653;1040.4688132120662;0.0;210.02100210021004;0.0;0.0;0.0;0.0
2030-03-16 02:00:00;502.1382062138393;1040.4688132120662;0.0;210.02100210021004;0.0;0.0;0.0;0.0
2030-03-16 03:00:00;502.1995741256013;1040.4688132120662;0.0;210.02100210021004;0.0;0.0;0.0;0.0
2030-03-16 04:00:00;502.3893480501728;1040.4688132120662;0.0;210.02100210021004;0.0;0.0;0.0;0.0
2030-03-16 05:00:00;502.5506855824059;1040.4688132120662;0.0;210.02100210021004;0.0;0.0;0.0;0.0
2030-03-16 06:00:00;502.2827447875297;1040.4688132120662;0.0;210.02100210021004;0.0;0.0;0.0;0.0
2030-03-16 07:00:00;502.3806689594425;1040.4688132120662;0.0;210.02100210021004;0.0;0.0;0.0;0.0
2030-03-16 08:00:00;501.4674364294373;1040.4688132120662;0.0;210.02100210021004;0.0;0.0;0.0;0.0
2030-03-16 09:00:00;501.2556056149763;1040.4688132120662;0.0;210.02100210021004;0.0;0.0;0.0;0.0
2030-03-16 10:00:00;501.3182500907909;1040.4688132120662;0.0;210.02100210021004;0.0;0.0;0.0;0.0
2030-03-16 11:00:00;437.2120043799093;1040.4688132120662;0.0;210.02100210021004;0.0;0.0;0.0;0.0
2030-03-16 12:00:00;473.2873113472876;1040.4688132120662;0.0;210.02100210021004;0.0;0.0;0.0;0.0
2030-03-16 13:00:00;438.9197933870007;1040.4688132120662;0.0;210.02100210021004;0.0;0.0;0.0;0.0
2030-03-16 14:00:00;437.1904789597903;1040.4688132120662;0.0;210.02100210021004;0.0;0.0;0.0;0.0
2030-03-16 15:00:00;437.2046565340919;1040.4688132120662;0.0;210.02100210021004;0.0;0.0;0.0;0.0
2030-03-16 16:00:00;501.4157151715507;1040.4688132120662;0.0;210.02100210021004;0.0;0.0;0.0;0.0
2030-03-16 17:00:00;501.2999204284729;1040.4688132120662;0.0;210.02100210021004;0.0;0.0;0.0;0.0
2030-03-16 18:00:00;501.3928433563876;1040.4688132120662;0.0;210.02100210021004;0.0;0.0;0.0;0.0
2030-03-16 19:00:00;501.4335857427158;1040.4688132120662;0.0;210.02100210021004;0.0;0.0;0.0;0.0
2030-03-16 20:00:00;501.5350325758636;1040.4688132120662;0.0;210.02100210021004;0.0;0.0;0.0;0.0
2030-03-16 21:00:00;501.2542275490723;1040.4688132120662;0.0;210.02100210021004;0.0;0.0;0.0;0.0
2030-03-16 22:00:00;500.6244533057285;1040.4688132120662;0.0;210.02100210021004;0.0;0.0;0.0;0.0
2030-03-16 23:00:00;500.1894072051942;1040.4688132120662;0.0;210.02100210021004;0.0;0.0;0.0;0.0
2030-03-17 00:00:00;500.7195194588879;1040.4688132120662;0.0;210.02100210021004;0.0;0.0;0.0;0.0
2030-03-17 01:00:00;500.4755248319699;1040.4688132120662;0.0;210.02100210021004;0.0;0.0;0.0;0.0
2030-03-17 02:00:00;499.8168541201425;1040.4688132120662;0.0;210.02100210021004;0.0;0.0;0.0;0.0
2030-03-17 03:00:00;499.6534241135905;1040.4688132120662;0.0;210.02100210021004;0.0;0.0;0.0;0.0
2030-03-17 04:00:00;499.9805384589641;1040.4688132120662;0.0;210.02100210021004;0.0;0.0;0.0;0.0
2030-03-17 05:00:00;500.7607730573811;1040.4688132120662;0.0;210.02100210021004;0.0;0.0;0.0;0.0
2030-03-17 06:00:00;501.8101725086205;1040.4688132120662;0.0;210.02100210021004;0.0;0.0;0.0;0.0
2030-03-17 07:00:00;502.8440001845307;1040.4688132120662;0.0;210.02100210021004;0.0;0.0;0.0;0.0
2030-03-17 08:00:00;502.865290544993;1040.4688132120662;0.0;210.02100210021004;0.0;0.0;0.0;0.0
2030-03-17 09:00:00;503.7265498399209;1040.4688132120662;0.0;210.02100210021004;0.0;0.0;0.0;0.0
2030-03-17 10:00:00;437.2850259527989;1040.4688132120662;0.0;210.02100210021004;0.0;0.0;0.0;0.0
2030-03-17 11:00:00;437.2630153864496;1040.4688132120662;0.0;210.02100210021004;0.0;0.0;0.0;0.0
2030-03-17 12:00:00;437.2492028493601;1040.4688132120662;0.0;210.02100210021004;0.0;0.0;0.0;0.0
2030-03-17 13:00:00;437.2467311941725;1040.4688132120662;0.0;210.02100210021004;0.0;0.0;0.0;0.0
2030-03-17 14:00:00;437.2313360441377;1040.4688132120662;0.0;210.02100210021004;0.0;0.0;0.0;0.0
2030-03-17 15:00:00;437.2335710139072;1040.4688132120662;0.0;210.02100210021004;0.0;0.0;0.0;0.0
2030-03-17 16:00:00;437.251283561469;1040.4688132120662;0.0;210.02100210021004;0.0;0.0;0.0;0.0
2030-03-17 17:00:00;503.9218893266603;1040.4688132120662;0.0;210.02100210021004;0.0;0.0;0.0;0.0
2030-03-17 18:00:00;503.8833934226087;1040.4688132120662;0.0;210.02100210021004;0.0;0.0;0.0;0.0
2030-03-17 19:00:00;504.6160444934694;1040.4688132120662;0.0;210.02100210021004;0.0;0.0;0.0;0.0
2030-03-17 20:00:00;504.8652476708946;1040.4688132120662;0.0;210.02100210021004;0.0;0.0;0.0;0.0
2030-03-17 21:00:00;504.2386898280512;1040.4688132120662;0.0;210.02100210021004;0.0;0.0;0.0;0.0
2030-03-17 22:00:00;504.3756732371928;1040.4688132120662;0.0;210.02100210021004;0.0;0.0;0.0;0.0
2030-03-17 23:00:00;504.1539884623474;1040.4688132120662;0.0;210.02100210021004;0.0;0.0;0.0;0.0
2030-03-18 00:00:00;503.912699216312;1040.4688132120662;0.0;210.02100210021004;0.0;0.0;0.0;0.0
2030-03-18 01:00:00;503.896361704001;1040.4688132120662;0.0;210.02100210021004;0.0;0.0;0.0;0.0
2030-03-18 02:00:00;496.6092914846944;1040.4688132120662;0.0;210.02100210021004;0.0;0.0;0.0;0.0
2030-03-18 03:00:00;504.6801179786607;1040.4688132120662;0.0;210.02100210021004;0.0;0.0;0.0;0.0
2030-03-18 04:00:00;505.0380206182131;1040.4688132120662;0.0;210.02100210021004;0.0;0.0;0.0;0.0
2030-03-18 05:00:00;505.7258930742667;1040.4688132120662;0.0;210.02100210021004;0.0;0.0;0.0;0.0
2030-03-18 06:00:00;507.1914497408048;1040.4688132120662;0.0;210.02100210021004;0.0;0.0;0.0;0.0
2030-03-18 07:00:00;509.8060147422282;1040.4688132120662;0.0;210.02100210021004;0.0;0.0;0.0;0.0
2030-03-18 08:00:00;511.4558305220959;1040.4688132120662;0.0;210.02100210021004;0.0;0.0;0.0;0.0
2030-03-18 09:00:00;512.3121367763256;1040.4688132120662;0.0;210.02100210021004;0.0;0.0;0.0;0.0
2030-03-18 10:00:00;439.4546408196239;1040.4688132120662;0.0;210.02100210021004;0.0;0.0;0.0;0.0
2030-03-18 11:00:00;439.3238870152333;1040.4688132120662;0.0;210.02100210021004;0.0;0.0;0.0;0.0
2030-03-18 12:00:00;439.3272558610578;1040.4688132120662;0.0;210.02100210021004;0.0;0.0;0.0;0.0
2030-03-18 13:00:00;437.4527957857397;1040.4688132120662;0.0;210.02100210021004;0.0;0.0;0.0;0.0
2030-03-18 14:00:00;437.4762478286735;1040.4688132120662;0.0;210.02100210021004;0.0;0.0;0.0;0.0
2030-03-18 15:00:00;510.2197693047609;1040.4688132120662;0.0;210.02100210021004;0.0;0.0;0.0;0.0
2030-03-18 16:00:00;511.8771416192639;1040.4688132120662;0.0;210.02100210021004;0.0;0.0;0.0;0.0
2030-03-18 17:00:00;511.4506219715886;1040.4688132120662;0.0;210.02100210021004;0.0;0.0;0.0;0.0
2030-03-18 18:00:00;512.0694187134604;1040.4688132120662;0.0;210.02100210021004;0.0;0.0;0.0;0.0
2030-03-18 19:00:00;512.8108493919106;1040.4688132120662;0.0;210.02100210021004;0.0;0.0;0.0;0.0
2030-03-18 20:00:00;513.2862808671127;1040.4688132120662;0.0;210.02100210021004;0.0;0.0;0.0;0.0
2030-03-18 21:00:00;513.022731149844;1040.4688132120662;0.0;210.02100210021004;0.0;0.0;0.0;0.0
2030-03-18 22:00:00;512.8522556282749;1040.4688132120662;0.0;210.02100210021004;0.0;0.0;0.0;0.0
2030-03-18 23:00:00;512.6121918102723;1040.4688132120662;0.0;210.02100210021004;0.0;0.0;0.0;0.0
2030-03-19 00:00:00;512.6394560731296;1040.4688132120662;0.0;210.02100210021004;0.0;0.0;0.0;0.0
2030-03-19 01:00:00;511.9015974367538;1040.4688132120662;0.0;210.02100210021004;0.0;0.0;0.0;0.0
2030-03-19 02:00:00;512.2515342164513;1040.4688132120662;0.0;210.02100210021004;0.0;0.0;0.0;0.0
2030-03-19 03:00:00;512.6119884214754;1040.4688132120662;0.0;210.02100210021004;0.0;0.0;0.0;0.0
2030-03-19 04:00:00;514.2353562338465;1040.4688132120662;0.0;210.02100210021004;0.0;0.0;0.0;0.0
2030-03-19 05:00:00;515.2120019316249;1040.4688132120662;0.0;210.02100210021004;0.0;0.0;0.0;0.0
2030-03-19 06:00:00;516.8574268264322;1040.4688132120662;0.0;210.02100210021004;0.0;0.0;0.0;0.0
2030-03-19 07:00:00;517.9485401448571;1040.4688132120662;0.0;210.02100210021004;0.0;0.0;0.0;0.0
2030-03-19 08:00:00;518.3916526221055;1040.4688132120662;0.0;210.02100210021004;0.0;0.0;0.0;0.0
2030-03-19 09:00:00;444.8338751508756;1040.4688132120662;0.0;210.02100210021004;0.0;0.0;0.0;0.0
2030-03-19 10:00:00;464.8851643979223;1040.4688132120662;0.0;210.02100210021004;0.0;0.0;0.0;0.0
2030-03-19 11:00:00;443.5562054859188;1040.4688132120662;0.0;210.02100210021004;0.0;0.0;0.0;0.0
2030-03-19 12:00:00;444.5975896964642;1040.4688132120662;0.0;210.02100210021004;0.0;0.0;0.0;0.0
2030-03-19 13:00:00;444.1607052613334;1040.4688132120662;0.0;210.02100210021004;0.0;0.0;0.0;0.0
2030-03-19 14:00:00;444.4161872318018;1040.4688132120662;0.0;210.02100210021004;0.0;0.0;0.0;0.0
2030-03-19 15:00:00;444.8930996448458;1040.4688132120662;0.0;210.02100210021004;0.0;0.0;0.0;0.0
2030-03-19 16:00:00;444.8920280322235;1040.4688132120662;0.0;210.02100210021004;0.0;0.0;0.0;0.0
2030-03-19 17:00:00;517.0269833732503;1040.4688132120662;0.0;210.02100210021004;0.0;0.0;0.0;0.0
2030-03-19 18:00:00;517.1573292225078;1040.4688132120662;0.0;210.02100210021004;0.0;0.0;0.0;0.0
2030-03-19 19:00:00;517.4933260474086;1040.4688132120662;0.0;210.02100210021004;0.0;0.0;0.0;0.0
2030-03-19 20:00:00;517.86485964085;1040.4688132120662;0.0;210.02100210021004;0.0;0.0;0.0;0.0
2030-03-19 21:00:00;517.7870501673;1040.4688132120662;0.0;210.02100210021004;0.0;0.0;0.0;0.0
2030-03-19 22:00:00;517.5202826794446;1040.4688132120662;0.0;210.02100210021004;0.0;0.0;0.0;0.0
2030-03-19 23:00:00;517.2903283316355;1040.4688132120662;0.0;210.02100210021004;0.0;0.0;0.0;0.0
2030-03-20 00:00:00;517.7387001103168;1040.4688132120662;0.0;210.02100210021004;0.0;0.0;0.0;0.0
2030-03-20 01:00:00;516.155767246;1040.4688132120662;0.0;210.02100210021004;0.0;0.0;0.0;0.0
2030-03-20 02:00:00;514.6626931618744;1040.4688132120662;0.0;210.02100210021004;0.0;0.0;0.0;0.0
2030-03-20 03:00:00;513.605583168042;1040.4688132120662;0.0;210.02100210021004;0.0;0.0;0.0;0.0
2030-03-20 04:00:00;513.4572154798349;1040.4688132120662;0.0;210.02100210021004;0.0;0.0;0.0;0.0
2030-03-20 05:00:00;514.1378402096138;1040.4688132120662;0.0;210.02100210021004;0.0;0.0;0.0;0.0
2030-03-20 06:00:00;514.8206593006571;1040.4688132120662;0.0;210.02100210021004;0.0;0.0;0.0;0.0
2030-03-20 07:00:00;517.0592500576449;1040.4688132120662;0.0;210.02100210021004;0.0;0.0;0.0;0.0
2030-03-20 08:00:00;516.8060143769062;1040.4688132120662;0.0;210.02100210021004;0.0;0.0;0.0;0.0
2030-03-20 09:00:00;470.6086645809551;1040.4688132120662;0.0;210.02100210021004;0.0;0.0;0.0;0.0
2030-03-20 10:00:00;444.4810791748851;1040.4688132120662;0.0;210.02100210021004;0.0;0.0;0.0;0.0
2030-03-20 11:00:00;444.5588888409822;1040.4688132120662;0.0;210.02100210021004;0.0;0.0;0.0;0.0
2030-03-20 12:00:00;443.9294222284596;1040.4688132120662;0.0;210.02100210021004;0.0;0.0;0.0;0.0
2030-03-20 13:00:00;443.7939211272463;1040.4688132120662;0.0;210.02100210021004;0.0;0.0;0.0;0.0
2030-03-20 14:00:00;442.5640904996546;1040.4688132120662;0.0;210.02100210021004;0.0;0.0;0.0;0.0
2030-03-20 15:00:00;442.7329300904321;1040.4688132120662;0.0;210.02100210021004;0.0;0.0;0.0;0.0
2030-03-20 16:00:00;443.9133911694304;1040.4688132120662;0.0;210.02100210021004;0.0;0.0;0.0;0.0
2030-03-20 17:00:00;444.8290251746622;1040.4688132120662;0.0;210.02100210021004;0.0;0.0;0.0;0.0
2030-03-20 18:00:00;445.7264833329866;1040.4688132120662;0.0;210.02100210021004;0.0;0.0;0.0;0.0
2030-03-20 19:00:00;472.2727261725574;1040.4688132120662;0.0;210.02100210021004;0.0;0.0;0.0;0.0
2030-03-20 20:00:00;455.8267212883111;1040.4688132120662;0.0;210.02100210021004;0.0;0.0;0.0;0.0
2030-03-20 21:00:00;445.4836620130895;1040.4688132120662;0.0;210.02100210021004;0.0;0.0;0.0;0.0
2030-03-20 22:00:00;517.393562555907;1040.4688132120662;0.0;210.02100210021004;0.0;0.0;0.0;0.0
2030-03-20 23:00:00;516.146781701988;1040.4688132120662;0.0;210.02100210021004;0.0;0.0;0.0;0.0
2030-03-21 00:00:00;443.711058288686;1040.4688132120662;0.0;210.02100210021004;0.0;0.0;0.0;0.0
2030-03-21 01:00:00;444.5111516905625;1040.4688132120662;0.0;210.02100210021004;0.0;0.0;0.0;0.0
2030-03-21 02:00:00;444.0238756676024;1040.4688132120662;0.0;210.02100210021004;0.0;0.0;0.0;0.0
2030-03-21 03:00:00;443.7979538231071;1040.4688132120662;0.0;210.02100210021004;0.0;0.0;0.0;0.0
2030-03-21 04:00:00;443.4425034097069;1040.4688132120662;0.0;210.02100210021004;0.0;0.0;0.0;0.0
2030-03-21 05:00:00;516.5009034303232;1040.4688132120662;0.0;210.02100210021004;0.0;0.0;0.0;0.0
2030-03-21 06:00:00;517.4812259898416;1040.4688132120662;0.0;210.02100210021004;0.0;0.0;0.0;0.0
2030-03-21 07:00:00;516.2089161431768;1040.4688132120662;0.0;210.02100210021004;0.0;0.0;0.0;0.0
2030-03-21 08:00:00;515.6029368000067;1040.4688132120662;0.0;210.02100210021004;0.0;0.0;0.0;0.0
2030-03-21 09:00:00;442.8673109906291;1040.4688132120662;0.0;210.02100210021004;0.0;0.0;0.0;0.0
2030-03-21 10:00:00;442.9624776606473;1040.4688132120662;0.0;210.02100210021004;0.0;0.0;0.0;0.0
2030-03-21 11:00:00;442.7449284536006;1040.4688132120662;0.0;210.02100210021004;0.0;0.0;0.0;0.0
2030-03-21 12:00:00;442.5906378064711;1040.4688132120662;0.0;210.02100210021004;0.0;0.0;0.0;0.0
2030-03-21 13:00:00;441.9244129150871;1040.4688132120662;0.0;210.02100210021004;0.0;0.0;0.0;0.0
2030-03-21 14:00:00;443.0531019852733;1040.4688132120662;0.0;210.02100210021004;0.0;0.0;0.0;0.0
2030-03-21 15:00:00;443.1654755689674;1040.4688132120662;0.0;210.02100210021004;0.0;0.0;0.0;0.0
2030-03-21 16:00:00;443.4501108878149;1040.4688132120662;0.0;210.02100210021004;0.0;0.0;0.0;0.0
2030-03-21 17:00:00;516.3437028359753;1040.4688132120662;0.0;210.02100210021004;0.0;0.0;0.0;0.0
2030-03-21 18:00:00;516.6930788301213;1040.4688132120662;0.0;210.02100210021004;0.0;0.0;0.0;0.0
2030-03-21 19:00:00;516.4713433043503;1040.4688132120662;0.0;210.02100210021004;0.0;0.0;0.0;0.0
2030-03-21 20:00:00;516.7128882527418;1040.4688132120662;0.0;210.02100210021004;0.0;0.0;0.0;0.0
2030-03-21 21:00:00;517.0396453939079;1040.4688132120662;0.0;210.02100210021004;0.0;0.0;0.0;0.0
2030-03-21 22:00:00;517.2510147621372;1040.4688132120662;0.0;210.02100210021004;0.0;0.0;0.0;0.0
2030-03-21 23:00:00;516.4245760721544;1040.4688132120662;0.0;210.02100210021004;0.0;0.0;0.0;0.0
2030-03-22 00:00:00;516.1542872931504;1040.4688132120662;0.0;210.02100210021004;0.0;0.0;0.0;0.0
2030-03-22 01:00:00;515.7082648686835;1040.4688132120662;0.0;210.02100210021004;0.0;0.0;0.0;0.0
2030-03-22 02:00:00;514.6133733792144;1040.4688132120662;0.0;210.02100210021004;0.0;0.0;0.0;0.0
2030-03-22 03:00:00;514.6780605634144;1040.4688132120662;0.0;210.02100210021004;0.0;0.0;0.0;0.0
2030-03-22 04:00:00;514.7148709632879;1040.4688132120662;0.0;210.02100210021004;0.0;0.0;0.0;0.0
2030-03-22 05:00:00;515.5991584364156;1040.4688132120662;0.0;210.02100210021004;0.0;0.0;0.0;0.0
2030-03-22 06:00:00;517.1213858689204;1040.4688132120662;0.0;210.02100210021004;0.0;0.0;0.0;0.0
2030-03-22 07:00:00;517.6318401603253;1040.4688132120662;0.0;210.02100210021004;0.0;0.0;0.0;0.0
2030-03-22 08:00:00;517.6523144179744;1040.4688132120662;0.0;210.02100210021004;0.0;0.0;0.0;0.0
2030-03-22 09:00:00;517.857252162742;1040.4688132120662;0.0;210.02100210021004;0.0;0.0;0.0;0.0
2030-03-22 10:00:00;517.4338969871021;1040.4688132120662;0.0;210.02100210021004;0.0;0.0;0.0;0.0
2030-03-22 11:00:00;444.5337184225304;1040.4688132120662;0.0;210.02100210021004;0.0;0.0;0.0;0.0
2030-03-22 12:00:00;443.0907296654995;1040.4688132120662;0.0;210.02100210021004;0.0;0.0;0.0;0.0
2030-03-22 13:00:00;442.4424758621396;1040.4688132120662;0.0;210.02100210021004;0.0;0.0;0.0;0.0
2030-03-22 14:00:00;441.4431106019749;1040.4688132120662;0.0;210.02100210021004;0.0;0.0;0.0;0.0
2030-03-22 15:00:00;441.723610545571;1040.4688132120662;0.0;210.02100210021004;0.0;0.0;0.0;0.0
2030-03-22 16:00:00;514.6483973729567;1040.4688132120662;0.0;210.02100210021004;0.0;0.0;0.0;0.0
2030-03-22 17:00:00;515.2264503584139;1040.4688132120662;0.0;210.02100210021004;0.0;0.0;0.0;0.0
2030-03-22 18:00:00;516.1394818547011;1040.4688132120662;0.0;210.02100210021004;0.0;0.0;0.0;0.0
2030-03-22 19:00:00;516.6521316849098;1040.4688132120662;0.0;210.02100210021004;0.0;0.0;0.0;0.0
2030-03-22 20:00:00;517.0298423769962;1040.4688132120662;0.0;210.02100210021004;0.0;0.0;0.0;0.0
2030-03-22 21:00:00;517.1803027320693;1040.4688132120662;0.0;210.02100210021004;0.0;0.0;0.0;0.0
2030-03-22 22:00:00;516.0737203177059;1040.4688132120662;0.0;210.02100210021004;0.0;0.0;0.0;0.0
2030-03-22 23:00:00;514.5954518645767;1040.4688132120662;0.0;210.02100210021004;0.0;0.0;0.0;0.0
2030-03-23 00:00:00;512.073554088712;1040.4688132120662;0.0;210.02100210021004;0.0;0.0;0.0;0.0
2030-03-23 01:00:00;511.8289455702384;1040.4688132120662;0.0;210.02100210021004;0.0;0.0;0.0;0.0
2030-03-23 02:00:00;509.8985789033018;1040.4688132120662;0.0;210.02100210021004;0.0;0.0;0.0;0.0
2030-03-23 03:00:00;508.0036943362682;1040.4688132120662;0.0;210.02100210021004;0.0;0.0;0.0;0.0
2030-03-23 04:00:00;507.2576689988666;1040.4688132120662;0.0;210.02100210021004;0.0;0.0;0.0;0.0
2030-03-23 05:00:00;507.6551877434867;1040.4688132120662;0.0;210.02100210021004;0.0;0.0;0.0;0.0
2030-03-23 06:00:00;508.074969506966;1040.4688132120662;0.0;210.02100210021004;0.0;0.0;0.0;0.0
2030-03-23 07:00:00;506.8206321184117;1040.4688132120662;0.0;210.02100210021004;0.0;0.0;0.0;0.0
2030-03-23 08:00:00;506.9297893016054;1040.4688132120662;0.0;210.02100210021004;0.0;0.0;0.0;0.0
2030-03-23 09:00:00;507.3589631941433;1040.4688132120662;0.0;210.02100210021004;0.0;0.0;0.0;0.0
2030-03-23 10:00:00;437.4118669636832;1040.4688132120662;0.0;210.02100210021004;0.0;0.0;0.0;0.0
2030-03-23 11:00:00;437.4102007454409;1040.4688132120662;0.0;210.02100210021004;0.0;0.0;0.0;0.0
2030-03-23 12:00:00;437.3792326369228;1040.4688132120662;0.0;210.02100210021004;0.0;0.0;0.0;0.0
2030-03-23 13:00:00;437.3706801683055;1040.4688132120662;0.0;210.02100210021004;0.0;0.0;0.0;0.0
2030-03-23 14:00:00;437.315994061317;1040.4688132120662;0.0;210.02100210021004;0.0;0.0;0.0;0.0
2030-03-23 15:00:00;437.2978917482159;1040.4688132120662;0.0;210.02100210021004;0.0;0.0;0.0;0.0
2030-03-23 16:00:00;437.3180759509653;1040.4688132120662;0.0;210.02100210021004;0.0;0.0;0.0;0.0
2030-03-23 17:00:00;506.3974813165609;1040.4688132120662;0.0;210.02100210021004;0.0;0.0;0.0;0.0
2030-03-23 18:00:00;507.9507500054276;1040.4688132120662;0.0;210.02100210021004;0.0;0.0;0.0;0.0
2030-03-23 19:00:00;507.9299197211105;1040.4688132120662;0.0;210.02100210021004;0.0;0.0;0.0;0.0
2030-03-23 20:00:00;507.9859787580531;1040.4688132120662;0.0;210.02100210021004;0.0;0.0;0.0;0.0
2030-03-23 21:00:00;508.2859320976015;1040.4688132120662;0.0;210.02100210021004;0.0;0.0;0.0;0.0
2030-03-23 22:00:00;508.4640139197393;1040.4688132120662;0.0;210.02100210021004;0.0;0.0;0.0;0.0
2030-03-23 23:00:00;508.1823914200482;1040.4688132120662;0.0;210.02100210021004;0.0;0.0;0.0;0.0
2030-03-24 00:00:00;508.0573035021372;1040.4688132120662;0.0;210.02100210021004;0.0;0.0;0.0;0.0
2030-03-24 01:00:00;507.0078519298856;1040.4688132120662;0.0;210.02100210021004;0.0;0.0;0.0;0.0
2030-03-24 02:00:00;503.8825250062362;1040.4688132120662;0.0;210.02100210021004;0.0;0.0;0.0;0.0
2030-03-24 03:00:00;502.7230490119578;1040.4688132120662;0.0;210.02100210021004;0.0;0.0;0.0;0.0
2030-03-24 04:00:00;502.2752391963673;1040.4688132120662;0.0;210.02100210021004;0.0;0.0;0.0;0.0
2030-03-24 05:00:00;502.2817227482937;1040.4688132120662;0.0;210.02100210021004;0.0;0.0;0.0;0.0
2030-03-24 06:00:00;502.8322063876985;1040.4688132120662;0.0;210.02100210021004;0.0;0.0;0.0;0.0
2030-03-24 07:00:00;503.3478690370638;1040.4688132120662;0.0;210.02100210021004;0.0;0.0;0.0;0.0
2030-03-24 08:00:00;503.6849402147598;1040.4688132120662;0.0;210.02100210021004;0.0;0.0;0.0;0.0
2030-03-24 09:00:00;503.6673253459508;1040.4688132120662;0.0;210.02100210021004;0.0;0.0;0.0;0.0
2030-03-24 10:00:00;503.3606341222064;1040.4688132120662;0.0;210.02100210021004;0.0;0.0;0.0;0.0
2030-03-24 11:00:00;437.2679068850916;1040.4688132120662;0.0;210.02100210021004;0.0;0.0;0.0;0.0
2030-03-24 12:00:00;437.2604071366923;1040.4688132120662;0.0;210.02100210021004;0.0;0.0;0.0;0.0
2030-03-24 13:00:00;437.2435730335183;1040.4688132120662;0.0;210.02100210021004;0.0;0.0;0.0;0.0
2030-03-24 14:00:00;437.2204591127569;1040.4688132120662;0.0;210.02100210021004;0.0;0.0;0.0;0.0
2030-03-24 15:00:00;437.2184514080905;1040.4688132120662;0.0;210.02100210021004;0.0;0.0;0.0;0.0
2030-03-24 16:00:00;501.9344417760923;1040.4688132120662;0.0;210.02100210021004;0.0;0.0;0.0;0.0
2030-03-24 17:00:00;502.5496635431699;1040.4688132120662;0.0;210.02100210021004;0.0;0.0;0.0;0.0
2030-03-24 18:00:00;503.4162838339294;1040.4688132120662;0.0;210.02100210021004;0.0;0.0;0.0;0.0
2030-03-24 19:00:00;504.2151034119261;1040.4688132120662;0.0;210.02100210021004;0.0;0.0;0.0;0.0
2030-03-24 20:00:00;504.6620959471639;1040.4688132120662;0.0;210.02100210021004;0.0;0.0;0.0;0.0
2030-03-24 21:00:00;504.6093042541945;1040.4688132120662;0.0;210.02100210021004;0.0;0.0;0.0;0.0
2030-03-24 22:00:00;503.559649100599;1040.4688132120662;0.0;210.02100210021004;0.0;0.0;0.0;0.0
2030-03-24 23:00:00;502.7724718591027;1040.4688132120662;0.0;210.02100210021004;0.0;0.0;0.0;0.0
2030-03-25 00:00:00;502.4126815041147;1040.4688132120662;0.0;210.02100210021004;0.0;0.0;0.0;0.0
2030-03-25 01:00:00;501.4351671974166;1040.4688132120662;0.0;210.02100210021004;0.0;0.0;0.0;0.0
2030-03-25 02:00:00;501.0791561910122;1040.4688132120662;0.0;210.02100210021004;0.0;0.0;0.0;0.0
2030-03-25 03:00:00;501.5000095671137;1040.4688132120662;0.0;210.02100210021004;0.0;0.0;0.0;0.0
2030-03-25 04:00:00;502.2769756440181;1040.4688132120662;0.0;210.02100210021004;0.0;0.0;0.0;0.0
2030-03-25 05:00:00;502.2744738444797;1040.4688132120662;0.0;210.02100210021004;0.0;0.0;0.0;0.0
2030-03-25 06:00:00;503.4475310267139;1040.4688132120662;0.0;210.02100210021004;0.0;0.0;0.0;0.0
2030-03-25 07:00:00;505.8567499431422;1040.4688132120662;0.0;210.02100210021004;0.0;0.0;0.0;0.0
2030-03-25 08:00:00;507.5512391108005;1040.4688132120662;0.0;210.02100210021004;0.0;0.0;0.0;0.0
2030-03-25 09:00:00;508.1014670478492;1040.4688132120662;0.0;210.02100210021004;0.0;0.0;0.0;0.0
2030-03-25 10:00:00;507.5972396210222;1040.4688132120662;0.0;210.02100210021004;0.0;0.0;0.0;0.0
2030-03-25 11:00:00;437.3732283635537;1040.4688132120662;0.0;210.02100210021004;0.0;0.0;0.0;0.0
2030-03-25 12:00:00;437.3857197014433;1040.4688132120662;0.0;210.02100210021004;0.0;0.0;0.0;0.0
2030-03-25 13:00:00;437.3930863878911;1040.4688132120662;0.0;210.02100210021004;0.0;0.0;0.0;0.0
2030-03-25 14:00:00;437.3683121365845;1040.4688132120662;0.0;210.02100210021004;0.0;0.0;0.0;0.0
2030-03-25 15:00:00;507.7835937562966;1040.4688132120662;0.0;210.02100210021004;0.0;0.0;0.0;0.0
2030-03-25 16:00:00;508.1904056757499;1040.4688132120662;0.0;210.02100210021004;0.0;0.0;0.0;0.0
2030-03-25 17:00:00;509.1056822842272;1040.4688132120662;0.0;210.02100210021004;0.0;0.0;0.0;0.0
2030-03-25 18:00:00;509.4834439197862;1040.4688132120662;0.0;210.02100210021004;0.0;0.0;0.0;0.0
2030-03-25 19:00:00;510.7968024135139;1040.4688132120662;0.0;210.02100210021004;0.0;0.0;0.0;0.0
2030-03-25 20:00:00;510.9588024256967;1040.4688132120662;0.0;210.02100210021004;0.0;0.0;0.0;0.0
2030-03-25 21:00:00;511.044983551703;1040.4688132120662;0.0;210.02100210021004;0.0;0.0;0.0;0.0
2030-03-25 22:00:00;509.5086650891637;1040.4688132120662;0.0;210.02100210021004;0.0;0.0;0.0;0.0
2030-03-25 23:00:00;507.928132329987;1040.4688132120662;0.0;210.02100210021004;0.0;0.0;0.0;0.0
2030-03-26 00:00:00;507.6425778438413;1040.4688132120662;0.0;210.02100210021004;0.0;0.0;0.0;0.0
2030-03-26 01:00:00;507.5620627968617;1040.4688132120662;0.0;210.02100210021004;0.0;0.0;0.0;0.0
2030-03-26 02:00:00;507.6206238258898;1040.4688132120662;0.0;210.02100210021004;0.0;0.0;0.0;0.0
2030-03-26 03:00:00;507.5415899092993;1040.4688132120662;0.0;210.02100210021004;0.0;0.0;0.0;0.0
2030-03-26 04:00:00;508.3241217409184;1040.4688132120662;0.0;210.02100210021004;0.0;0.0;0.0;0.0
2030-03-26 05:00:00;508.7559006900267;1040.4688132120662;0.0;210.02100210021004;0.0;0.0;0.0;0.0
2030-03-26 06:00:00;510.027597630128;1040.4688132120662;0.0;210.02100210021004;0.0;0.0;0.0;0.0
2030-03-26 07:00:00;512.1182274765024;1040.4688132120662;0.0;210.02100210021004;0.0;0.0;0.0;0.0
2030-03-26 08:00:00;513.8121051076836;1040.4688132120662;0.0;210.02100210021004;0.0;0.0;0.0;0.0
2030-03-26 09:00:00;513.5933812235296;1040.4688132120662;0.0;210.02100210021004;0.0;0.0;0.0;0.0
2030-03-26 10:00:00;512.7595895802557;1040.4688132120662;0.0;210.02100210021004;0.0;0.0;0.0;0.0
2030-03-26 11:00:00;440.2572883345981;1040.4688132120662;0.0;210.02100210021004;0.0;0.0;0.0;0.0
2030-03-26 12:00:00;440.3316260903858;1040.4688132120662;0.0;210.02100210021004;0.0;0.0;0.0;0.0
2030-03-26 13:00:00;439.3064776977529;1040.4688132120662;0.0;210.02100210021004;0.0;0.0;0.0;0.0
2030-03-26 14:00:00;440.2238469730962;1040.4688132120662;0.0;210.02100210021004;0.0;0.0;0.0;0.0
2030-03-26 15:00:00;440.0308047195591;1040.4688132120662;0.0;210.02100210021004;0.0;0.0;0.0;0.0
2030-03-26 16:00:00;513.6477049903606;1040.4688132120662;0.0;210.02100210021004;0.0;0.0;0.0;0.0
2030-03-26 17:00:00;513.9538861794795;1040.4688132120662;0.0;210.02100210021004;0.0;0.0;0.0;0.0
2030-03-26 18:00:00;514.3658049550418;1040.4688132120662;0.0;210.02100210021004;0.0;0.0;0.0;0.0
2030-03-26 19:00:00;514.3118374074257;1040.4688132120662;0.0;210.02100210021004;0.0;0.0;0.0;0.0
2030-03-26 20:00:00;514.1097598439433;1040.4688132120662;0.0;210.02100210021004;0.0;0.0;0.0;0.0
2030-03-26 21:00:00;513.9512826855425;1040.4688132120662;0.0;210.02100210021004;0.0;0.0;0.0;0.0
2030-03-26 22:00:00;514.1909891067905;1040.4688132120662;0.0;210.02100210021004;0.0;0.0;0.0;0.0
2030-03-26 23:00:00;514.0285292110095;1040.4688132120662;0.0;210.02100210021004;0.0;0.0;0.0;0.0
2030-03-27 00:00:00;513.9721637207851;1040.4688132120662;0.0;210.02100210021004;0.0;0.0;0.0;0.0
2030-03-27 01:00:00;513.3151787056829;1040.4688132120662;0.0;210.02100210021004;0.0;0.0;0.0;0.0
2030-03-27 02:00:00;513.0130311974173;1040.4688132120662;0.0;210.02100210021004;0.0;0.0;0.0;0.0
2030-03-27 03:00:00;512.7616313036489;1040.4688132120662;0.0;210.02100210021004;0.0;0.0;0.0;0.0
2030-03-27 04:00:00;512.6830562856642;1040.4688132120662;0.0;210.02100210021004;0.0;0.0;0.0;0.0
2030-03-27 05:00:00;513.2683097790887;1040.4688132120662;0.0;210.02100210021004;0.0;0.0;0.0;0.0
2030-03-27 06:00:00;515.3263157368609;1040.4688132120662;0.0;210.02100210021004;0.0;0.0;0.0;0.0
2030-03-27 07:00:00;516.4901318652742;1040.4688132120662;0.0;210.02100210021004;0.0;0.0;0.0;0.0
2030-03-27 08:00:00;517.630001825729;1040.4688132120662;0.0;210.02100210021004;0.0;0.0;0.0;0.0
2030-03-27 09:00:00;517.1594726402994;1040.4688132120662;0.0;210.02100210021004;0.0;0.0;0.0;0.0
2030-03-27 10:00:00;516.0921007309494;1040.4688132120662;0.0;210.02100210021004;0.0;0.0;0.0;0.0
2030-03-27 11:00:00;443.6932384684467;1040.4688132120662;0.0;210.02100210021004;0.0;0.0;0.0;0.0
2030-03-27 12:00:00;443.775234453268;1040.4688132120662;0.0;210.02100210021004;0.0;0.0;0.0;0.0
2030-03-27 13:00:00;443.8912847061548;1040.4688132120662;0.0;210.02100210021004;0.0;0.0;0.0;0.0
2030-03-27 14:00:00;443.896185625841;1040.4688132120662;0.0;210.02100210021004;0.0;0.0;0.0;0.0
2030-03-27 15:00:00;442.7645864158891;1040.4688132120662;0.0;210.02100210021004;0.0;0.0;0.0;0.0
2030-03-27 16:00:00;515.7006573905755;1040.4688132120662;0.0;210.02100210021004;0.0;0.0;0.0;0.0
2030-03-27 17:00:00;517.289459915263;1040.4688132120662;0.0;210.02100210021004;0.0;0.0;0.0;0.0
2030-03-27 18:00:00;517.7116913572686;1040.4688132120662;0.0;210.02100210021004;0.0;0.0;0.0;0.0
2030-03-27 19:00:00;517.8573031062149;1040.4688132120662;0.0;210.02100210021004;0.0;0.0;0.0;0.0
2030-03-27 20:00:00;518.3978818417622;1040.4688132120662;0.0;210.02100210021004;0.0;0.0;0.0;0.0
2030-03-27 21:00:00;518.2743769411858;1040.4688132120662;0.0;210.02100210021004;0.0;0.0;0.0;0.0
2030-03-27 22:00:00;517.6480250347652;1040.4688132120662;0.0;210.02100210021004;0.0;0.0;0.0;0.0
2030-03-27 23:00:00;517.381361788934;1040.4688132120662;0.0;210.02100210021004;0.0;0.0;0.0;0.0
2030-03-28 00:00:00;517.1584008351301;1040.4688132120662;0.0;210.02100210021004;0.0;0.0;0.0;0.0
2030-03-28 01:00:00;516.679343826755;1040.4688132120662;0.0;210.02100210021004;0.0;0.0;0.0;0.0
2030-03-28 02:00:00;516.0745885415313;1040.4688132120662;0.0;210.02100210021004;0.0;0.0;0.0;0.0
2030-03-28 03:00:00;514.9421720512267;1040.4688132120662;0.0;210.02100210021004;0.0;0.0;0.0;0.0
2030-03-28 04:00:00;515.2065901848678;1040.4688132120662;0.0;210.02100210021004;0.0;0.0;0.0;0.0
2030-03-28 05:00:00;514.68296266064;1040.4688132120662;0.0;210.02100210021004;0.0;0.0;0.0;0.0
2030-03-28 06:00:00;515.5119043277006;1040.4688132120662;0.0;210.02100210021004;0.0;0.0;0.0;0.0
2030-03-28 07:00:00;516.8345026977098;1040.4688132120662;0.0;210.02100210021004;0.0;0.0;0.0;0.0
2030-03-28 08:00:00;517.3987201629416;1040.4688132120662;0.0;210.02100210021004;0.0;0.0;0.0;0.0
2030-03-28 09:00:00;516.7162075251799;1040.4688132120662;0.0;210.02100210021004;0.0;0.0;0.0;0.0
2030-03-28 10:00:00;516.6699501350628;1040.4688132120662;0.0;210.02100210021004;0.0;0.0;0.0;0.0
2030-03-28 11:00:00;443.8347642229806;1040.4688132120662;0.0;210.02100210021004;0.0;0.0;0.0;0.0
2030-03-28 12:00:00;444.256076497688;1040.4688132120662;0.0;210.02100210021004;0.0;0.0;0.0;0.0
2030-03-28 13:00:00;443.5877056408865;1040.4688132120662;0.0;210.02100210021004;0.0;0.0;0.0;0.0
2030-03-28 14:00:00;443.0088365526159;1040.4688132120662;0.0;210.02100210021004;0.0;0.0;0.0;0.0
2030-03-28 15:00:00;443.6919113460154;1040.4688132120662;0.0;210.02100210021004;0.0;0.0;0.0;0.0
2030-03-28 16:00:00;444.4652019312664;1040.4688132120662;0.0;210.02100210021004;0.0;0.0;0.0;0.0
2030-03-28 17:00:00;518.1102323336719;1040.4688132120662;0.0;210.02100210021004;0.0;0.0;0.0;0.0
2030-03-28 18:00:00;517.681058248587;1040.4688132120662;0.0;210.02100210021004;0.0;0.0;0.0;0.0
2030-03-28 19:00:00;517.863582091805;1040.4688132120662;0.0;210.02100210021004;0.0;0.0;0.0;0.0
2030-03-28 20:00:00;518.1149296720141;1040.4688132120662;0.0;210.02100210021004;0.0;0.0;0.0;0.0
2030-03-28 21:00:00;518.1003797433739;1040.4688132120662;0.0;210.02100210021004;0.0;0.0;0.0;0.0
2030-03-28 22:00:00;517.7130200423335;1040.4688132120662;0.0;210.02100210021004;0.0;0.0;0.0;0.0
2030-03-28 23:00:00;517.4867903744698;1040.4688132120662;0.0;210.02100210021004;0.0;0.0;0.0;0.0
2030-03-29 00:00:00;516.9593339282724;1040.4688132120662;0.0;210.02100210021004;0.0;0.0;0.0;0.0
2030-03-29 01:00:00;516.3545786430486;1040.4688132120662;0.0;210.02100210021004;0.0;0.0;0.0;0.0
2030-03-29 02:00:00;515.5914480863698;1040.4688132120662;0.0;210.02100210021004;0.0;0.0;0.0;0.0
2030-03-29 03:00:00;514.5282638658305;1040.4688132120662;0.0;210.02100210021004;0.0;0.0;0.0;0.0
2030-03-29 04:00:00;515.0619994901654;1040.4688132120662;0.0;210.02100210021004;0.0;0.0;0.0;0.0
2030-03-29 05:00:00;515.3706826713695;1040.4688132120662;0.0;210.02100210021004;0.0;0.0;0.0;0.0
2030-03-29 06:00:00;515.8166045789775;1040.4688132120662;0.0;210.02100210021004;0.0;0.0;0.0;0.0
2030-03-29 07:00:00;516.9414135911741;1040.4688132120662;0.0;210.02100210021004;0.0;0.0;0.0;0.0
2030-03-29 08:00:00;517.5900247912884;1040.4688132120662;0.0;210.02100210021004;0.0;0.0;0.0;0.0
2030-03-29 09:00:00;516.7539878432774;1040.4688132120662;0.0;210.02100210021004;0.0;0.0;0.0;0.0
2030-03-29 10:00:00;443.4552673173101;1040.4688132120662;0.0;210.02100210021004;0.0;0.0;0.0;0.0
2030-03-29 11:00:00;442.9156075565137;1040.4688132120662;0.0;210.02100210021004;0.0;0.0;0.0;0.0
2030-03-29 12:00:00;441.5038659922674;1040.4688132120662;0.0;210.02100210021004;0.0;0.0;0.0;0.0
2030-03-29 13:00:00;440.8230365036051;1040.4688132120662;0.0;210.02100210021004;0.0;0.0;0.0;0.0
2030-03-29 14:00:00;440.4714165748082;1040.4688132120662;0.0;210.02100210021004;0.0;0.0;0.0;0.0
2030-03-29 15:00:00;440.6477629342876;1040.4688132120662;0.0;210.02100210021004;0.0;0.0;0.0;0.0
2030-03-29 16:00:00;441.5595676324555;1040.4688132120662;0.0;210.02100210021004;0.0;0.0;0.0;0.0
2030-03-29 17:00:00;441.8909194325731;1040.4688132120662;0.0;210.02100210021004;0.0;0.0;0.0;0.0
2030-03-29 18:00:00;515.3146236344271;1040.4688132120662;0.0;210.02100210021004;0.0;0.0;0.0;0.0
2030-03-29 19:00:00;515.4411403691677;1040.4688132120662;0.0;210.02100210021004;0.0;0.0;0.0;0.0
2030-03-29 20:00:00;514.9743879846958;1040.4688132120662;0.0;210.02100210021004;0.0;0.0;0.0;0.0
2030-03-29 21:00:00;515.0667997004454;1040.4688132120662;0.0;210.02100210021004;0.0;0.0;0.0;0.0
2030-03-29 22:00:00;515.3361173836861;1040.4688132120662;0.0;210.02100210021004;0.0;0.0;0.0;0.0
2030-03-29 23:00:00;513.1351568545502;1040.4688132120662;0.0;210.02100210021004;0.0;0.0;0.0;0.0
2030-03-30 00:00:00;512.6818320351708;1040.4688132120662;0.0;210.02100210021004;0.0;0.0;0.0;0.0
2030-03-30 01:00:00;510.2200755654956;1040.4688132120662;0.0;210.02100210021004;0.0;0.0;0.0;0.0
2030-03-30 02:00:00;508.2247152610773;1040.4688132120662;0.0;210.02100210021004;0.0;0.0;0.0;0.0
2030-03-30 03:00:00;507.0025949835314;1040.4688132120662;0.0;210.02100210021004;0.0;0.0;0.0;0.0
2030-03-30 04:00:00;482.3321279247927;1040.4688132120662;0.0;210.02100210021004;0.0;0.0;0.0;0.0
2030-03-30 05:00:00;437.3570254214948;1040.4688132120662;0.0;210.02100210021004;0.0;0.0;0.0;0.0
2030-03-30 06:00:00;437.3644721806213;1040.4688132120662;0.0;210.02100210021004;0.0;0.0;0.0;0.0
2030-03-30 07:00:00;437.3705647694449;1040.4688132120662;0.0;210.02100210021004;0.0;0.0;0.0;0.0
2030-03-30 08:00:00;437.3720508241599;1040.4688132120662;0.0;210.02100210021004;0.0;0.0;0.0;0.0
2030-03-30 09:00:00;437.370137322645;1040.4688132120662;0.0;210.02100210021004;0.0;0.0;0.0;0.0
2030-03-30 10:00:00;437.3449638854838;1040.4688132120662;0.0;210.02100210021004;0.0;0.0;0.0;0.0
2030-03-30 11:00:00;437.321223513765;1040.4688132120662;0.0;210.02100210021004;0.0;0.0;0.0;0.0
2030-03-30 12:00:00;437.3120222209417;1040.4688132120662;0.0;210.02100210021004;0.0;0.0;0.0;0.0
2030-03-30 13:00:00;437.3095906020934;1040.4688132120662;0.0;210.02100210021004;0.0;0.0;0.0;0.0
2030-03-30 14:00:00;437.2978128530764;1040.4688132120662;0.0;210.02100210021004;0.0;0.0;0.0;0.0
2030-03-30 15:00:00;437.3044153164576;1040.4688132120662;0.0;210.02100210021004;0.0;0.0;0.0;0.0
2030-03-30 16:00:00;437.3066455760695;1040.4688132120662;0.0;210.02100210021004;0.0;0.0;0.0;0.0
2030-03-30 17:00:00;437.3329812446123;1040.4688132120662;0.0;210.02100210021004;0.0;0.0;0.0;0.0
2030-03-30 18:00:00;437.3612080414216;1040.4688132120662;0.0;210.02100210021004;0.0;0.0;0.0;0.0
2030-03-30 19:00:00;437.3657250825363;1040.4688132120662;0.0;210.02100210021004;0.0;0.0;0.0;0.0
2030-03-30 20:00:00;437.375815417602;1040.4688132120662;0.0;210.02100210021004;0.0;0.0;0.0;0.0
2030-03-30 21:00:00;437.3708509115176;1040.4688132120662;0.0;210.02100210021004;0.0;0.0;0.0;0.0
2030-03-30 22:00:00;437.3560068499191;1040.4688132120662;0.0;210.02100210021004;0.0;0.0;0.0;0.0
2030-03-30 23:00:00;437.3632098583911;1040.4688132120662;0.0;210.02100210021004;0.0;0.0;0.0;0.0
2030-03-31 00:00:00;437.3563094775433;1040.4688132120662;0.0;210.02100210021004;0.0;0.0;0.0;0.0
2030-03-31 01:00:00;437.3056576205181;1040.4688132120662;0.0;210.02100210021004;0.0;0.0;0.0;0.0
2030-03-31 02:00:00;437.2415347128276;1040.4688132120662;0.0;210.02100210021004;0.0;0.0;0.0;0.0
2030-03-31 03:00:00;437.1954281578625;1040.4688132120662;0.0;210.02100210021004;0.0;0.0;0.0;0.0
2030-03-31 04:00:00;437.1973828732562;1040.4688132120662;0.0;210.02100210021004;0.0;0.0;0.0;0.0
2030-03-31 05:00:00;437.1948700041899;1040.4688132120662;0.0;210.02100210021004;0.0;0.0;0.0;0.0
2030-03-31 06:00:00;437.2014559820195;1040.4688132120662;0.0;210.02100210021004;0.0;0.0;0.0;0.0
2030-03-31 07:00:00;437.2053241989282;1040.4688132120662;0.0;210.02100210021004;0.0;0.0;0.0;0.0
2030-03-31 08:00:00;437.2132042925516;1040.4688132120662;0.0;210.02100210021004;0.0;0.0;0.0;0.0
2030-03-31 09:00:00;437.2171090131815;1040.4688132120662;0.0;210.02100210021004;0.0;0.0;0.0;0.0
2030-03-31 10:00:00;437.2086107113763;1040.4688132120662;0.0;210.02100210021004;0.0;0.0;0.0;0.0
2030-03-31 11:00:00;437.1916105751477;1040.4688132120662;0.0;210.02100210021004;0.0;0.0;0.0;0.0
2030-03-31 12:00:00;437.1670341504592;1040.4688132120662;0.0;210.02100210021004;0.0;0.0;0.0;0.0
2030-03-31 13:00:00;437.1541483368727;1040.4688132120662;0.0;210.02100210021004;0.0;0.0;0.0;0.0
2030-03-31 14:00:00;437.1409186817831;1040.4688132120662;0.0;210.02100210021004;0.0;0.0;0.0;0.0
2030-03-31 15:00:00;437.1149551156888;1040.4688132120662;0.0;210.02100210021004;0.0;0.0;0.0;0.0
2030-03-31 16:00:00;437.1261723559543;1040.4688132120662;0.0;210.02100210021004;0.0;0.0;0.0;0.0
2030-03-31 17:00:00;437.1291079616631;1040.4688132120662;0.0;210.02100210021004;0.0;0.0;0.0;0.0
2030-03-31 18:00:00;437.1564928178058;1040.4688132120662;0.0;210.02100210021004;0.0;0.0;0.0;0.0
2030-03-31 19:00:00;437.1895169101055;1040.4688132120662;0.0;210.02100210021004;0.0;0.0;0.0;0.0
2030-03-31 20:00:00;437.1936618487717;1040.4688132120662;0.0;210.02100210021004;0.0;0.0;0.0;0.0
2030-03-31 21:00:00;437.1972721845532;1040.4688132120662;0.0;210.02100210021004;0.0;0.0;0.0;0.0
2030-03-31 22:00:00;437.1961252611836;1040.4688132120662;0.0;210.02100210021004;0.0;0.0;0.0;0.0
2030-03-31 23:00:00;437.2025098797769;1040.4688132120662;0.0;210.02100210021004;0.0;0.0;0.0;0.0
2030-04-01 00:00:00;501.3215681856897;1040.4688132120662;0.0;210.02100210021004;0.0;0.0;0.0;0.0
2030-04-01 01:00:00;437.1855391820332;1040.4688132120662;0.0;210.02100210021004;0.0;0.0;0.0;0.0
2030-04-01 02:00:00;437.2006211065892;1040.4688132120662;0.0;210.02100210021004;0.0;0.0;0.0;0.0
2030-04-01 03:00:00;437.2423660556396;1040.4688132120662;0.0;210.02100210021004;0.0;0.0;0.0;0.0
2030-04-01 04:00:00;437.2646027095525;1040.4688132120662;0.0;210.02100210021004;0.0;0.0;0.0;0.0
2030-04-01 05:00:00;437.3491194220046;1040.4688132120662;0.0;210.02100210021004;0.0;0.0;0.0;0.0
2030-04-01 06:00:00;437.4662115842474;1040.4688132120662;0.0;210.02100210021004;0.0;0.0;0.0;0.0
2030-04-01 07:00:00;438.9653620124421;1040.4688132120662;0.0;210.02100210021004;0.0;0.0;0.0;0.0
2030-04-01 08:00:00;439.2728350033643;1040.4688132120662;0.0;210.02100210021004;0.0;0.0;0.0;0.0
2030-04-01 09:00:00;438.4086922155329;1040.4688132120662;0.0;210.02100210021004;0.0;0.0;0.0;0.0
2030-04-01 10:00:00;437.4341836902748;1040.4688132120662;0.0;210.02100210021004;0.0;0.0;0.0;0.0
2030-04-01 11:00:00;437.4248834841425;1040.4688132120662;0.0;210.02100210021004;0.0;0.0;0.0;0.0
2030-04-01 12:00:00;437.3927048651275;1040.4688132120662;0.0;210.02100210021004;0.0;0.0;0.0;0.0
2030-04-01 13:00:00;437.3580216198219;1040.4688132120662;0.0;210.02100210021004;0.0;0.0;0.0;0.0
2030-04-01 14:00:00;437.346575936914;1040.4688132120662;0.0;210.02100210021004;0.0;0.0;0.0;0.0
2030-04-01 15:00:00;437.3505760382347;1040.4688132120662;0.0;210.02100210021004;0.0;0.0;0.0;0.0
2030-04-01 16:00:00;437.3474897074836;1040.4688132120662;0.0;210.02100210021004;0.0;0.0;0.0;0.0
2030-04-01 17:00:00;437.3652104978212;1040.4688132120662;0.0;210.02100210021004;0.0;0.0;0.0;0.0
2030-04-01 18:00:00;437.3822518479286;1040.4688132120662;0.0;210.02100210021004;0.0;0.0;0.0;0.0
2030-04-01 19:00:00;437.3842418895041;1040.4688132120662;0.0;210.02100210021004;0.0;0.0;0.0;0.0
2030-04-01 20:00:00;437.3879511385946;1040.4688132120662;0.0;210.02100210021004;0.0;0.0;0.0;0.0
2030-04-01 21:00:00;437.3894925376612;1040.4688132120662;0.0;210.02100210021004;0.0;0.0;0.0;0.0
2030-04-01 22:00:00;437.3806492168136;1040.4688132120662;0.0;210.02100210021004;0.0;0.0;0.0;0.0
2030-04-01 23:00:00;437.376951743117;1040.4688132120662;0.0;210.02100210021004;0.0;0.0;0.0;0.0
2030-04-02 00:00:00;437.3331672958366;1040.4688132120662;0.0;210.02100210021004;0.0;0.0;0.0;0.0
2030-04-02 01:00:00;437.306318220118;1040.4688132120662;0.0;210.02100210021004;0.0;0.0;0.0;0.0
2030-04-02 02:00:00;437.3057270953423;1040.4688132120662;0.0;210.02100210021004;0.0;0.0;0.0;0.0
2030-04-02 03:00:00;437.2914388323377;1040.4688132120662;0.0;210.02100210021004;0.0;0.0;0.0;0.0
2030-04-02 04:00:00;466.760768627047;1040.4688132120662;0.0;210.02100210021004;0.0;0.0;0.0;0.0
2030-04-02 05:00:00;464.6658092573572;1040.4688132120662;0.0;210.02100210021004;0.0;0.0;0.0;0.0
2030-04-02 06:00:00;474.6183861758058;1040.4688132120662;0.0;210.02100210021004;0.0;0.0;0.0;0.0
2030-04-02 07:00:00;438.8685725934726;1040.4688132120662;0.0;210.02100210021004;0.0;0.0;0.0;0.0
2030-04-02 08:00:00;438.6839041549234;1040.4688132120662;0.0;210.02100210021004;0.0;0.0;0.0;0.0
2030-04-02 09:00:00;438.4400100448647;1040.4688132120662;0.0;210.02100210021004;0.0;0.0;0.0;0.0
2030-04-02 10:00:00;437.5320344612136;1040.4688132120662;0.0;210.02100210021004;0.0;0.0;0.0;0.0
2030-04-02 11:00:00;437.4297973560329;1040.4688132120662;0.0;210.02100210021004;0.0;0.0;0.0;0.0
2030-04-02 12:00:00;437.4262400095241;1040.4688132120662;0.0;210.02100210021004;0.0;0.0;0.0;0.0
2030-04-02 13:00:00;437.421688819767;1040.4688132120662;0.0;210.02100210021004;0.0;0.0;0.0;0.0
2030-04-02 14:00:00;437.4210541260338;1040.4688132120662;0.0;210.02100210021004;0.0;0.0;0.0;0.0
2030-04-02 15:00:00;437.4089101622653;1040.4688132120662;0.0;210.02100210021004;0.0;0.0;0.0;0.0
2030-04-02 16:00:00;437.4109967620711;1040.4688132120662;0.0;210.02100210021004;0.0;0.0;0.0;0.0
2030-04-02 17:00:00;437.4333688330144;1040.4688132120662;0.0;210.02100210021004;0.0;0.0;0.0;0.0
2030-04-02 18:00:00;437.4568301278969;1040.4688132120662;0.0;210.02100210021004;0.0;0.0;0.0;0.0
2030-04-02 19:00:00;437.4530490489033;1040.4688132120662;0.0;210.02100210021004;0.0;0.0;0.0;0.0
2030-04-02 20:00:00;437.5374290735133;1040.4688132120662;0.0;210.02100210021004;0.0;0.0;0.0;0.0
2030-04-02 21:00:00;437.849273725434;1040.4688132120662;0.0;210.02100210021004;0.0;0.0;0.0;0.0
2030-04-02 22:00:00;437.3718494649236;1040.4688132120662;0.0;210.02100210021004;0.0;0.0;0.0;0.0
2030-04-02 23:00:00;437.3358250022484;1040.4688132120662;0.0;210.02100210021004;0.0;0.0;0.0;0.0
2030-04-03 00:00:00;437.3123177833295;1040.4688132120662;0.0;210.02100210021004;0.0;0.0;0.0;0.0
2030-04-03 01:00:00;505.570071723362;1040.4688132120662;0.0;210.02100210021004;0.0;0.0;0.0;0.0
2030-04-03 02:00:00;505.5997856647456;1040.4688132120662;0.0;210.02100210021004;0.0;0.0;0.0;0.0
2030-04-03 03:00:00;505.8855956607003;1040.4688132120662;0.0;210.02100210021004;0.0;0.0;0.0;0.0
2030-04-03 04:00:00;506.6723659320558;1040.4688132120662;0.0;210.02100210021004;0.0;0.0;0.0;0.0
2030-04-03 05:00:00;508.8141540882336;1040.4688132120662;0.0;210.02100210021004;0.0;0.0;0.0;0.0
2030-04-03 06:00:00;511.7577225205526;1040.4688132120662;0.0;210.02100210021004;0.0;0.0;0.0;0.0
2030-04-03 07:00:00;512.7208900948601;1040.4688132120662;0.0;210.02100210021004;0.0;0.0;0.0;0.0
2030-04-03 08:00:00;512.8621105736516;1040.4688132120662;0.0;210.02100210021004;0.0;0.0;0.0;0.0
2030-04-03 09:00:00;512.8143722456927;1040.4688132120662;0.0;210.02100210021004;0.0;0.0;0.0;0.0
2030-04-03 10:00:00;512.5412752138684;1040.4688132120662;0.0;210.02100210021004;0.0;0.0;0.0;0.0
2030-04-03 11:00:00;511.9971734319917;1040.4688132120662;0.0;210.02100210021004;0.0;0.0;0.0;0.0
2030-04-03 12:00:00;512.3513474738861;1040.4688132120662;0.0;210.02100210021004;0.0;0.0;0.0;0.0
2030-04-03 13:00:00;512.4987973648816;1040.4688132120662;0.0;210.02100210021004;0.0;0.0;0.0;0.0
2030-04-03 14:00:00;512.2967693747855;1040.4688132120662;0.0;210.02100210021004;0.0;0.0;0.0;0.0
2030-04-03 15:00:00;511.7690064753062;1040.4688132120662;0.0;210.02100210021004;0.0;0.0;0.0;0.0
2030-04-03 16:00:00;511.8180199972315;1040.4688132120662;0.0;210.02100210021004;0.0;0.0;0.0;0.0
2030-04-03 17:00:00;512.2254955741741;1040.4688132120662;0.0;210.02100210021004;0.0;0.0;0.0;0.0
2030-04-03 18:00:00;512.1576934913251;1040.4688132120662;0.0;210.02100210021004;0.0;0.0;0.0;0.0
2030-04-03 19:00:00;512.828362758868;1040.4688132120662;0.0;210.02100210021004;0.0;0.0;0.0;0.0
2030-04-03 20:00:00;513.1226982226895;1040.4688132120662;0.0;210.02100210021004;0.0;0.0;0.0;0.0
2030-04-03 21:00:00;513.044275842576;1040.4688132120662;0.0;210.02100210021004;0.0;0.0;0.0;0.0
2030-04-03 22:00:00;512.5480650265295;1040.4688132120662;0.0;210.02100210021004;0.0;0.0;0.0;0.0
2030-04-03 23:00:00;511.5450754107313;1040.4688132120662;0.0;210.02100210021004;0.0;0.0;0.0;0.0
2030-04-04 00:00:00;511.8244527982324;1040.4688132120662;0.0;210.02100210021004;0.0;0.0;0.0;0.0
2030-04-04 01:00:00;511.546862801855;1040.4688132120662;0.0;210.02100210021004;0.0;0.0;0.0;0.0
2030-04-04 02:00:00;510.9562496826855;1040.4688132120662;0.0;210.02100210021004;0.0;0.0;0.0;0.0
2030-04-04 03:00:00;510.5853797467332;1040.4688132120662;0.0;210.02100210021004;0.0;0.0;0.0;0.0
2030-04-04 04:00:00;511.413504133441;1040.4688132120662;0.0;210.02100210021004;0.0;0.0;0.0;0.0
2030-04-04 05:00:00;512.2039001305166;1040.4688132120662;0.0;210.02100210021004;0.0;0.0;0.0;0.0
2030-04-04 06:00:00;511.7650742963045;1040.4688132120662;0.0;210.02100210021004;0.0;0.0;0.0;0.0
2030-04-04 07:00:00;512.2850774648987;1040.4688132120662;0.0;210.02100210021004;0.0;0.0;0.0;0.0
2030-04-04 08:00:00;511.9539811745901;1040.4688132120662;0.0;210.02100210021004;0.0;0.0;0.0;0.0
2030-04-04 09:00:00;439.3629448823756;1040.4688132120662;0.0;210.02100210021004;0.0;0.0;0.0;0.0
2030-04-04 10:00:00;439.0120903054664;1040.4688132120662;0.0;210.02100210021004;0.0;0.0;0.0;0.0
2030-04-04 11:00:00;438.9391306155827;1040.4688132120662;0.0;210.02100210021004;0.0;0.0;0.0;0.0
2030-04-04 12:00:00;437.8246344623765;1040.4688132120662;0.0;210.02100210021004;0.0;0.0;0.0;0.0
2030-04-04 13:00:00;437.6539046085377;1040.4688132120662;0.0;210.02100210021004;0.0;0.0;0.0;0.0
2030-04-04 14:00:00;438.1380659253958;1040.4688132120662;0.0;210.02100210021004;0.0;0.0;0.0;0.0
2030-04-04 15:00:00;438.007159290587;1040.4688132120662;0.0;210.02100210021004;0.0;0.0;0.0;0.0
2030-04-04 16:00:00;438.5605007561983;1040.4688132120662;0.0;210.02100210021004;0.0;0.0;0.0;0.0
2030-04-04 17:00:00;438.9415309132698;1040.4688132120662;0.0;210.02100210021004;0.0;0.0;0.0;0.0
2030-04-04 18:00:00;439.1424857281102;1040.4688132120662;0.0;210.02100210021004;0.0;0.0;0.0;0.0
2030-04-04 19:00:00;438.4744722680632;1040.4688132120662;0.0;210.02100210021004;0.0;0.0;0.0;0.0
2030-04-04 20:00:00;439.2466900631526;1040.4688132120662;0.0;210.02100210021004;0.0;0.0;0.0;0.0
2030-04-04 21:00:00;439.1350322579599;1040.4688132120662;0.0;210.02100210021004;0.0;0.0;0.0;0.0
2030-04-04 22:00:00;438.4541518258248;1040.4688132120662;0.0;210.02100210021004;0.0;0.0;0.0;0.0
2030-04-04 23:00:00;438.3171188432969;1040.4688132120662;0.0;210.02100210021004;0.0;0.0;0.0;0.0
2030-04-05 00:00:00;437.9103578673163;1040.4688132120662;0.0;210.02100210021004;0.0;0.0;0.0;0.0
2030-04-05 01:00:00;437.4340082369052;1040.4688132120662;0.0;210.02100210021004;0.0;0.0;0.0;0.0
2030-04-05 02:00:00;437.433289937875;1040.4688132120662;0.0;210.02100210021004;0.0;0.0;0.0;0.0
2030-04-05 03:00:00;437.4420143272438;1040.4688132120662;0.0;210.02100210021004;0.0;0.0;0.0;0.0
2030-04-05 04:00:00;438.5701526368383;1040.4688132120662;0.0;210.02100210021004;0.0;0.0;0.0;0.0
2030-04-05 05:00:00;438.3809901172307;1040.4688132120662;0.0;210.02100210021004;0.0;0.0;0.0;0.0
2030-04-05 06:00:00;440.3893187030414;1040.4688132120662;0.0;210.02100210021004;0.0;0.0;0.0;0.0
2030-04-05 07:00:00;441.0383899793011;1040.4688132120662;0.0;210.02100210021004;0.0;0.0;0.0;0.0
2030-04-05 08:00:00;441.385772838448;1040.4688132120662;0.0;210.02100210021004;0.0;0.0;0.0;0.0
2030-04-05 09:00:00;440.9223920399735;1040.4688132120662;0.0;210.02100210021004;0.0;0.0;0.0;0.0
2030-04-05 10:00:00;440.4557934709121;1040.4688132120662;0.0;210.02100210021004;0.0;0.0;0.0;0.0
2030-04-05 11:00:00;439.9349730219652;1040.4688132120662;0.0;210.02100210021004;0.0;0.0;0.0;0.0
2030-04-05 12:00:00;440.2292079689276;1040.4688132120662;0.0;210.02100210021004;0.0;0.0;0.0;0.0
2030-04-05 13:00:00;440.8095072441143;1040.4688132120662;0.0;210.02100210021004;0.0;0.0;0.0;0.0
2030-04-05 14:00:00;440.8257951830391;1040.4688132120662;0.0;210.02100210021004;0.0;0.0;0.0;0.0
2030-04-05 15:00:00;440.7297589191089;1040.4688132120662;0.0;210.02100210021004;0.0;0.0;0.0;0.0
2030-04-05 16:00:00;440.6998911623148;1040.4688132120662;0.0;210.02100210021004;0.0;0.0;0.0;0.0
2030-04-05 17:00:00;440.6255026556014;1040.4688132120662;0.0;210.02100210021004;0.0;0.0;0.0;0.0
2030-04-05 18:00:00;440.4985268297078;1040.4688132120662;0.0;210.02100210021004;0.0;0.0;0.0;0.0
2030-04-05 19:00:00;441.3062798307045;1040.4688132120662;0.0;210.02100210021004;0.0;0.0;0.0;0.0
2030-04-05 20:00:00;441.6547864234858;1040.4688132120662;0.0;210.02100210021004;0.0;0.0;0.0;0.0
2030-04-05 21:00:00;441.4288645789905;1040.4688132120662;0.0;210.02100210021004;0.0;0.0;0.0;0.0
2030-04-05 22:00:00;440.2848081072643;1040.4688132120662;0.0;210.02100210021004;0.0;0.0;0.0;0.0
2030-04-05 23:00:00;439.6476323222353;1040.4688132120662;0.0;210.02100210021004;0.0;0.0;0.0;0.0
2030-04-06 00:00:00;437.4310208194631;1040.4688132120662;0.0;210.02100210021004;0.0;0.0;0.0;0.0
2030-04-06 01:00:00;437.355797247907;1040.4688132120662;0.0;210.02100210021004;0.0;0.0;0.0;0.0
2030-04-06 02:00:00;437.3355741863575;1040.4688132120662;0.0;210.02100210021004;0.0;0.0;0.0;0.0
2030-04-06 03:00:00;437.32853721094;1040.4688132120662;0.0;210.02100210021004;0.0;0.0;0.0;0.0
2030-04-06 04:00:00;437.3391656815087;1040.4688132120662;0.0;210.02100210021004;0.0;0.0;0.0;0.0
2030-04-06 05:00:00;437.3043234683849;1040.4688132120662;0.0;210.02100210021004;0.0;0.0;0.0;0.0
2030-04-06 06:00:00;437.2931721703254;1040.4688132120662;0.0;210.02100210021004;0.0;0.0;0.0;0.0
2030-04-06 07:00:00;504.86958662749;1040.4688132120662;0.0;210.02100210021004;0.0;0.0;0.0;0.0
2030-04-06 08:00:00;504.7868979088543;1040.4688132120662;0.0;210.02100210021004;0.0;0.0;0.0;0.0
2030-04-06 09:00:00;437.3113121646873;1040.4688132120662;0.0;210.02100210021004;0.0;0.0;0.0;0.0
2030-04-06 10:00:00;437.3082729355118;1040.4688132120662;0.0;210.02100210021004;0.0;0.0;0.0;0.0
2030-04-06 11:00:00;437.2833691548718;1040.4688132120662;0.0;210.02100210021004;0.0;0.0;0.0;0.0
2030-04-06 12:00:00;437.2485858187177;1040.4688132120662;0.0;210.02100210021004;0.0;0.0;0.0;0.0
2030-04-06 13:00:00;437.2435282870213;1040.4688132120662;0.0;210.02100210021004;0.0;0.0;0.0;0.0
2030-04-06 14:00:00;437.2214776843326;1040.4688132120662;0.0;210.02100210021004;0.0;0.0;0.0;0.0
2030-04-06 15:00:00;437.2207440772902;1040.4688132120662;0.0;210.02100210021004;0.0;0.0;0.0;0.0
2030-04-06 16:00:00;437.2249679110959;1040.4688132120662;0.0;210.02100210021004;0.0;0.0;0.0;0.0
2030-04-06 17:00:00;503.0726793383735;1040.4688132120662;0.0;210.02100210021004;0.0;0.0;0.0;0.0
2030-04-06 18:00:00;503.453146354815;1040.4688132120662;0.0;210.02100210021004;0.0;0.0;0.0;0.0
2030-04-06 19:00:00;503.5922222382754;1040.4688132120662;0.0;210.02100210021004;0.0;0.0;0.0;0.0
2030-04-06 20:00:00;503.7370672652476;1040.4688132120662;0.0;210.02100210021004;0.0;0.0;0.0;0.0
2030-04-06 21:00:00;503.5117593123081;1040.4688132120662;0.0;210.02100210021004;0.0;0.0;0.0;0.0
2030-04-06 22:00:00;503.6250001348353;1040.4688132120662;0.0;210.02100210021004;0.0;0.0;0.0;0.0
2030-04-06 23:00:00;503.2939038445266;1040.4688132120662;0.0;210.02100210021004;0.0;0.0;0.0;0.0
2030-04-07 00:00:00;501.2834814143105;1040.4688132120662;0.0;210.02100210021004;0.0;0.0;0.0;0.0
2030-04-07 01:00:00;498.2955446773965;1040.4688132120662;0.0;210.02100210021004;0.0;0.0;0.0;0.0
2030-04-07 02:00:00;496.8805345916376;1040.4688132120662;0.0;210.02100210021004;0.0;0.0;0.0;0.0
2030-04-07 03:00:00;497.1014538220484;1040.4688132120662;0.0;210.02100210021004;0.0;0.0;0.0;0.0
2030-04-07 04:00:00;497.3855781212779;1040.4688132120662;0.0;210.02100210021004;0.0;0.0;0.0;0.0
2030-04-07 05:00:00;498.0038638435317;1040.4688132120662;0.0;210.02100210021004;0.0;0.0;0.0;0.0
2030-04-07 06:00:00;498.2686401663726;1040.4688132120662;0.0;210.02100210021004;0.0;0.0;0.0;0.0
2030-04-07 07:00:00;498.4259426476661;1040.4688132120662;0.0;210.02100210021004;0.0;0.0;0.0;0.0
2030-04-07 08:00:00;498.4774072182042;1040.4688132120662;0.0;210.02100210021004;0.0;0.0;0.0;0.0
2030-04-07 09:00:00;437.1374955747652;1040.4688132120662;0.0;210.02100210021004;0.0;0.0;0.0;0.0
2030-04-07 10:00:00;437.1220686311668;1040.4688132120662;0.0;210.02100210021004;0.0;0.0;0.0;0.0
2030-04-07 11:00:00;437.0921650182607;1040.4688132120662;0.0;210.02100210021004;0.0;0.0;0.0;0.0
2030-04-07 12:00:00;437.0813822900315;1040.4688132120662;0.0;210.02100210021004;0.0;0.0;0.0;0.0
2030-04-07 13:00:00;437.0773409748319;1040.4688132120662;0.0;210.02100210021004;0.0;0.0;0.0;0.0
2030-04-07 14:00:00;437.0818615485648;1040.4688132120662;0.0;210.02100210021004;0.0;0.0;0.0;0.0
2030-04-07 15:00:00;437.0814341017648;1040.4688132120662;0.0;210.02100210021004;0.0;0.0;0.0;0.0
2030-04-07 16:00:00;437.1471749485825;1040.4688132120662;0.0;210.02100210021004;0.0;0.0;0.0;0.0
2030-04-07 17:00:00;500.0384879515151;1040.4688132120662;0.0;210.02100210021004;0.0;0.0;0.0;0.0
2030-04-07 18:00:00;500.8618626863215;1040.4688132120662;0.0;210.02100210021004;0.0;0.0;0.0;0.0
2030-04-07 19:00:00;500.9031270699927;1040.4688132120662;0.0;210.02100210021004;0.0;0.0;0.0;0.0
2030-04-07 20:00:00;500.8734530943569;1040.4688132120662;0.0;210.02100210021004;0.0;0.0;0.0;0.0
2030-04-07 21:00:00;500.5118763332376;1040.4688132120662;0.0;210.02100210021004;0.0;0.0;0.0;0.0
2030-04-07 22:00:00;437.1900632883842;1040.4688132120662;0.0;210.02100210021004;0.0;0.0;0.0;0.0
2030-04-07 23:00:00;437.1878813078875;1040.4688132120662;0.0;210.02100210021004;0.0;0.0;0.0;0.0
2030-04-08 00:00:00;437.1819123607002;1040.4688132120662;0.0;210.02100210021004;0.0;0.0;0.0;0.0
2030-04-08 01:00:00;437.1886090272329;1040.4688132120662;0.0;210.02100210021004;0.0;0.0;0.0;0.0
2030-04-08 02:00:00;437.2024356947951;1040.4688132120662;0.0;210.02100210021004;0.0;0.0;0.0;0.0
2030-04-08 03:00:00;437.2178072940421;1040.4688132120662;0.0;210.02100210021004;0.0;0.0;0.0;0.0
2030-04-08 04:00:00;437.2339101452526;1040.4688132120662;0.0;210.02100210021004;0.0;0.0;0.0;0.0
2030-04-08 05:00:00;503.3509849207052;1040.4688132120662;0.0;210.02100210021004;0.0;0.0;0.0;0.0
2030-04-08 06:00:00;497.2361248603693;1040.4688132120662;0.0;210.02100210021004;0.0;0.0;0.0;0.0
2030-04-08 07:00:00;485.4244053576796;1040.4688132120662;0.0;210.02100210021004;0.0;0.0;0.0;0.0
2030-04-08 08:00:00;437.352020879071;1040.4688132120662;0.0;210.02100210021004;0.0;0.0;0.0;0.0
2030-04-08 09:00:00;437.362662302573;1040.4688132120662;0.0;210.02100210021004;0.0;0.0;0.0;0.0
2030-04-08 10:00:00;437.3707861468509;1040.4688132120662;0.0;210.02100210021004;0.0;0.0;0.0;0.0
2030-04-08 11:00:00;437.3575152778826;1040.4688132120662;0.0;210.02100210021004;0.0;0.0;0.0;0.0
2030-04-08 12:00:00;437.3633959096153;1040.4688132120662;0.0;210.02100210021004;0.0;0.0;0.0;0.0
2030-04-08 13:00:00;437.358192363034;1040.4688132120662;0.0;210.02100210021004;0.0;0.0;0.0;0.0
2030-04-08 14:00:00;437.3732601571173;1040.4688132120662;0.0;210.02100210021004;0.0;0.0;0.0;0.0
2030-04-08 15:00:00;437.3753973911171;1040.4688132120662;0.0;210.02100210021004;0.0;0.0;0.0;0.0
2030-04-08 16:00:00;437.3780150611896;1040.4688132120662;0.0;210.02100210021004;0.0;0.0;0.0;0.0
2030-04-08 17:00:00;507.9701510878207;1040.4688132120662;0.0;210.02100210021004;0.0;0.0;0.0;0.0
2030-04-08 18:00:00;508.3988155233741;1040.4688132120662;0.0;210.02100210021004;0.0;0.0;0.0;0.0
2030-04-08 19:00:00;508.7869419463886;1040.4688132120662;0.0;210.02100210021004;0.0;0.0;0.0;0.0
2030-04-08 20:00:00;509.0545241669709;1040.4688132120662;0.0;210.02100210021004;0.0;0.0;0.0;0.0
2030-04-08 21:00:00;508.8023600988544;1040.4688132120662;0.0;210.02100210021004;0.0;0.0;0.0;0.0
2030-04-08 22:00:00;507.971122376131;1040.4688132120662;0.0;210.02100210021004;0.0;0.0;0.0;0.0
2030-04-08 23:00:00;507.262774484889;1040.4688132120662;0.0;210.02100210021004;0.0;0.0;0.0;0.0
2030-04-09 00:00:00;507.1480007960549;1040.4688132120662;0.0;210.02100210021004;0.0;0.0;0.0;0.0
2030-04-09 01:00:00;506.8785802408762;1040.4688132120662;0.0;210.02100210021004;0.0;0.0;0.0;0.0
2030-04-09 02:00:00;506.8001578607627;1040.4688132120662;0.0;210.02100210021004;0.0;0.0;0.0;0.0
2030-04-09 03:00:00;506.2340513100089;1040.4688132120662;0.0;210.02100210021004;0.0;0.0;0.0;0.0
2030-04-09 04:00:00;506.6388736270811;1040.4688132120662;0.0;210.02100210021004;0.0;0.0;0.0;0.0
2030-04-09 05:00:00;507.9244049098685;1040.4688132120662;0.0;210.02100210021004;0.0;0.0;0.0;0.0
2030-04-09 06:00:00;507.1820027505611;1040.4688132120662;0.0;210.02100210021004;0.0;0.0;0.0;0.0
2030-04-09 07:00:00;507.1022034820829;1040.4688132120662;0.0;210.02100210021004;0.0;0.0;0.0;0.0
2030-04-09 08:00:00;506.8004641214974;1040.4688132120662;0.0;210.02100210021004;0.0;0.0;0.0;0.0
2030-04-09 09:00:00;437.3328717334487;1040.4688132120662;0.0;210.02100210021004;0.0;0.0;0.0;0.0
2030-04-09 10:00:00;437.3194548495954;1040.4688132120662;0.0;210.02100210021004;0.0;0.0;0.0;0.0
2030-04-09 11:00:00;437.3237446256072;1040.4688132120662;0.0;210.02100210021004;0.0;0.0;0.0;0.0
2030-04-09 12:00:00;437.3271324064432;1040.4688132120662;0.0;210.02100210021004;0.0;0.0;0.0;0.0
2030-04-09 13:00:00;437.3019872302276;1040.4688132120662;0.0;210.02100210021004;0.0;0.0;0.0;0.0
2030-04-09 14:00:00;437.3056611531363;1040.4688132120662;0.0;210.02100210021004;0.0;0.0;0.0;0.0
2030-04-09 15:00:00;437.2999559747732;1040.4688132120662;0.0;210.02100210021004;0.0;0.0;0.0;0.0
2030-04-09 16:00:00;437.2984922933067;1040.4688132120662;0.0;210.02100210021004;0.0;0.0;0.0;0.0
2030-04-09 17:00:00;437.3120316412569;1040.4688132120662;0.0;210.02100210021004;0.0;0.0;0.0;0.0
2030-04-09 18:00:00;437.3175590111714;1040.4688132120662;0.0;210.02100210021004;0.0;0.0;0.0;0.0
2030-04-09 19:00:00;437.3161636269897;1040.4688132120662;0.0;210.02100210021004;0.0;0.0;0.0;0.0
2030-04-09 20:00:00;437.3173717824078;1040.4688132120662;0.0;210.02100210021004;0.0;0.0;0.0;0.0
2030-04-09 21:00:00;437.3143384409293;1040.4688132120662;0.0;210.02100210021004;0.0;0.0;0.0;0.0
2030-04-09 22:00:00;437.3100839910994;1040.4688132120662;0.0;210.02100210021004;0.0;0.0;0.0;0.0
2030-04-09 23:00:00;437.3101146071237;1040.4688132120662;0.0;210.02100210021004;0.0;0.0;0.0;0.0
2030-04-10 00:00:00;437.3174706957169;1040.4688132120662;0.0;210.02100210021004;0.0;0.0;0.0;0.0
2030-04-10 01:00:00;437.2870501430169;1040.4688132120662;0.0;210.02100210021004;0.0;0.0;0.0;0.0
2030-04-10 02:00:00;437.2495761293479;1040.4688132120662;0.0;210.02100210021004;0.0;0.0;0.0;0.0
2030-04-10 03:00:00;437.2579943584744;1040.4688132120662;0.0;210.02100210021004;0.0;0.0;0.0;0.0
2030-04-10 04:00:00;437.2787826389329;1040.4688132120662;0.0;210.02100210021004;0.0;0.0;0.0;0.0
2030-04-10 05:00:00;437.3225776840679;1040.4688132120662;0.0;210.02100210021004;0.0;0.0;0.0;0.0
2030-04-10 06:00:00;437.3746437659051;1040.4688132120662;0.0;210.02100210021004;0.0;0.0;0.0;0.0
2030-04-10 07:00:00;437.4048323433445;1040.4688132120662;0.0;210.02100210021004;0.0;0.0;0.0;0.0
2030-04-10 08:00:00;437.4131457714649;1040.4688132120662;0.0;210.02100210021004;0.0;0.0;0.0;0.0
2030-04-10 09:00:00;437.3582088485855;1040.4688132120662;0.0;210.02100210021004;0.0;0.0;0.0;0.0
2030-04-10 10:00:00;437.3572173604159;1040.4688132120662;0.0;210.02100210021004;0.0;0.0;0.0;0.0
2030-04-10 11:00:00;437.3582418196885;1040.4688132120662;0.0;210.02100210021004;0.0;0.0;0.0;0.0
2030-04-10 12:00:00;437.3601600313611;1040.4688132120662;0.0;210.02100210021004;0.0;0.0;0.0;0.0
2030-04-10 13:00:00;437.3691364141602;1040.4688132120662;0.0;210.02100210021004;0.0;0.0;0.0;0.0
2030-04-10 14:00:00;437.362728244779;1040.4688132120662;0.0;210.02100210021004;0.0;0.0;0.0;0.0
2030-04-10 15:00:00;437.3749934951051;1040.4688132120662;0.0;210.02100210021004;0.0;0.0;0.0;0.0
2030-04-10 16:00:00;437.3735674948991;1040.4688132120662;0.0;210.02100210021004;0.0;0.0;0.0;0.0
2030-04-10 17:00:00;437.4002222766177;1040.4688132120662;0.0;210.02100210021004;0.0;0.0;0.0;0.0
2030-04-10 18:00:00;437.4034134083749;1040.4688132120662;0.0;210.02100210021004;0.0;0.0;0.0;0.0
2030-04-10 19:00:00;437.4020368648236;1040.4688132120662;0.0;210.02100210021004;0.0;0.0;0.0;0.0
2030-04-10 20:00:00;437.4217465191973;1040.4688132120662;0.0;210.02100210021004;0.0;0.0;0.0;0.0
2030-04-10 21:00:00;437.4237848398881;1040.4688132120662;0.0;210.02100210021004;0.0;0.0;0.0;0.0
2030-04-10 22:00:00;437.4139735816588;1040.4688132120662;0.0;210.02100210021004;0.0;0.0;0.0;0.0
2030-04-10 23:00:00;437.3979625785209;1040.4688132120662;0.0;210.02100210021004;0.0;0.0;0.0;0.0
2030-04-11 00:00:00;437.3647300617485;1040.4688132120662;0.0;210.02100210021004;0.0;0.0;0.0;0.0
2030-04-11 01:00:00;437.320015358347;1040.4688132120662;0.0;210.02100210021004;0.0;0.0;0.0;0.0
2030-04-11 02:00:00;437.3189920766137;1040.4688132120662;0.0;210.02100210021004;0.0;0.0;0.0;0.0
2030-04-11 03:00:00;437.3207772263347;1040.4688132120662;0.0;210.02100210021004;0.0;0.0;0.0;0.0
2030-04-11 04:00:00;437.3363878660787;1040.4688132120662;0.0;210.02100210021004;0.0;0.0;0.0;0.0
2030-04-11 05:00:00;437.3120304637174;1040.4688132120662;0.0;210.02100210021004;0.0;0.0;0.0;0.0
2030-04-11 06:00:00;437.3439594443809;1040.4688132120662;0.0;210.02100210021004;0.0;0.0;0.0;0.0
2030-04-11 07:00:00;437.3472907033261;1040.4688132120662;0.0;210.02100210021004;0.0;0.0;0.0;0.0
2030-04-11 08:00:00;437.3418186777629;1040.4688132120662;0.0;210.02100210021004;0.0;0.0;0.0;0.0
2030-04-11 09:00:00;437.3288622118127;1040.4688132120662;0.0;210.02100210021004;0.0;0.0;0.0;0.0
2030-04-11 10:00:00;437.3161706922261;1040.4688132120662;0.0;210.02100210021004;0.0;0.0;0.0;0.0
2030-04-11 11:00:00;437.3092679562995;1040.4688132120662;0.0;210.02100210021004;0.0;0.0;0.0;0.0
2030-04-11 12:00:00;437.3092349851966;1040.4688132120662;0.0;210.02100210021004;0.0;0.0;0.0;0.0
2030-04-11 13:00:00;437.2946111234646;1040.4688132120662;0.0;210.02100210021004;0.0;0.0;0.0;0.0
2030-04-11 14:00:00;437.2813072833933;1040.4688132120662;0.0;210.02100210021004;0.0;0.0;0.0;0.0
2030-04-11 15:00:00;437.3117702275114;1040.4688132120662;0.0;210.02100210021004;0.0;0.0;0.0;0.0
2030-04-11 16:00:00;437.2889813076227;1040.4688132120662;0.0;210.02100210021004;0.0;0.0;0.0;0.0
2030-04-11 17:00:00;437.3297877577763;1040.4688132120662;0.0;210.02100210021004;0.0;0.0;0.0;0.0
2030-04-11 18:00:00;437.3319226366973;1040.4688132120662;0.0;210.02100210021004;0.0;0.0;0.0;0.0
2030-04-11 19:00:00;506.2330825693244;1040.4688132120662;0.0;210.02100210021004;0.0;0.0;0.0;0.0
2030-04-11 20:00:00;506.2438543269207;1040.4688132120662;0.0;210.02100210021004;0.0;0.0;0.0;0.0
2030-04-11 21:00:00;505.9791311100843;1040.4688132120662;0.0;210.02100210021004;0.0;0.0;0.0;0.0
2030-04-11 22:00:00;505.3552800182098;1040.4688132120662;0.0;210.02100210021004;0.0;0.0;0.0;0.0
2030-04-11 23:00:00;504.9217148555173;1040.4688132120662;0.0;210.02100210021004;0.0;0.0;0.0;0.0
2030-04-12 00:00:00;505.5029332980022;1040.4688132120662;0.0;210.02100210021004;0.0;0.0;0.0;0.0
2030-04-12 01:00:00;505.8456186262597;1040.4688132120662;0.0;210.02100210021004;0.0;0.0;0.0;0.0
2030-04-12 02:00:00;506.6576100669928;1040.4688132120662;0.0;210.02100210021004;0.0;0.0;0.0;0.0
2030-04-12 03:00:00;507.519788529219;1040.4688132120662;0.0;210.02100210021004;0.0;0.0;0.0;0.0
2030-04-12 04:00:00;509.0880685929577;1040.4688132120662;0.0;210.02100210021004;0.0;0.0;0.0;0.0
2030-04-12 05:00:00;510.351647035333;1040.4688132120662;0.0;210.02100210021004;0.0;0.0;0.0;0.0
2030-04-12 06:00:00;512.2078805128181;1040.4688132120662;0.0;210.02100210021004;0.0;0.0;0.0;0.0
2030-04-12 07:00:00;513.5481981862076;1040.4688132120662;0.0;210.02100210021004;0.0;0.0;0.0;0.0
2030-04-12 08:00:00;513.9648117524862;1040.4688132120662;0.0;210.02100210021004;0.0;0.0;0.0;0.0
2030-04-12 09:00:00;513.2225126576639;1040.4688132120662;0.0;210.02100210021004;0.0;0.0;0.0;0.0
2030-04-12 10:00:00;512.7716896378226;1040.4688132120662;0.0;210.02100210021004;0.0;0.0;0.0;0.0
2030-04-12 11:00:00;441.6558582286552;1040.4688132120662;0.0;210.02100210021004;0.0;0.0;0.0;0.0
2030-04-12 12:00:00;442.5886989550157;1040.4688132120662;0.0;210.02100210021004;0.0;0.0;0.0;0.0
2030-04-12 13:00:00;441.4223300835913;1040.4688132120662;0.0;210.02100210021004;0.0;0.0;0.0;0.0
2030-04-12 14:00:00;441.4034386507296;1040.4688132120662;0.0;210.02100210021004;0.0;0.0;0.0;0.0
2030-04-12 15:00:00;441.3352793636732;1040.4688132120662;0.0;210.02100210021004;0.0;0.0;0.0;0.0
2030-04-12 16:00:00;513.5883788019921;1040.4688132120662;0.0;210.02100210021004;0.0;0.0;0.0;0.0
2030-04-12 17:00:00;514.1041431457559;1040.4688132120662;0.0;210.02100210021004;0.0;0.0;0.0;0.0
2030-04-12 18:00:00;513.6723655667339;1040.4688132120662;0.0;210.02100210021004;0.0;0.0;0.0;0.0
2030-04-12 19:00:00;513.6934004173872;1040.4688132120662;0.0;210.02100210021004;0.0;0.0;0.0;0.0
2030-04-12 20:00:00;513.6116078213627;1040.4688132120662;0.0;210.02100210021004;0.0;0.0;0.0;0.0
2030-04-12 21:00:00;513.6070642984309;1040.4688132120662;0.0;210.02100210021004;0.0;0.0;0.0;0.0
2030-04-12 22:00:00;513.5283354650358;1040.4688132120662;0.0;210.02100210021004;0.0;0.0;0.0;0.0
2030-04-12 23:00:00;513.3354470269092;1040.4688132120662;0.0;210.02100210021004;0.0;0.0;0.0;0.0
2030-04-13 00:00:00;511.0173111411656;1040.4688132120662;0.0;210.02100210021004;0.0;0.0;0.0;0.0
2030-04-13 01:00:00;508.2529496347054;1040.4688132120662;0.0;210.02100210021004;0.0;0.0;0.0;0.0
2030-04-13 02:00:00;506.3355502641689;1040.4688132120662;0.0;210.02100210021004;0.0;0.0;0.0;0.0
2030-04-13 03:00:00;505.7919087509845;1040.4688132120662;0.0;210.02100210021004;0.0;0.0;0.0;0.0
2030-04-13 04:00:00;506.181361311438;1040.4688132120662;0.0;210.02100210021004;0.0;0.0;0.0;0.0
2030-04-13 05:00:00;506.5964467215672;1040.4688132120662;0.0;210.02100210021004;0.0;0.0;0.0;0.0
2030-04-13 06:00:00;506.652402886572;1040.4688132120662;0.0;210.02100210021004;0.0;0.0;0.0;0.0
2030-04-13 07:00:00;506.7428224523146;1040.4688132120662;0.0;210.02100210021004;0.0;0.0;0.0;0.0
2030-04-13 08:00:00;506.4917809402931;1040.4688132120662;0.0;210.02100210021004;0.0;0.0;0.0;0.0
2030-04-13 09:00:00;505.9909249069165;1040.4688132120662;0.0;210.02100210021004;0.0;0.0;0.0;0.0
2030-04-13 10:00:00;505.5241727149916;1040.4688132120662;0.0;210.02100210021004;0.0;0.0;0.0;0.0
2030-04-13 11:00:00;504.5130136579947;1040.4688132120662;0.0;210.02100210021004;0.0;0.0;0.0;0.0
2030-04-13 12:00:00;503.7128669575667;1040.4688132120662;0.0;210.02100210021004;0.0;0.0;0.0;0.0
2030-04-13 13:00:00;503.1016788713422;1040.4688132120662;0.0;210.02100210021004;0.0;0.0;0.0;0.0
2030-04-13 14:00:00;503.1282273556981;1040.4688132120662;0.0;210.02100210021004;0.0;0.0;0.0;0.0
2030-04-13 15:00:00;503.0769687215827;1040.4688132120662;0.0;210.02100210021004;0.0;0.0;0.0;0.0
2030-04-13 16:00:00;503.209610626503;1040.4688132120662;0.0;210.02100210021004;0.0;0.0;0.0;0.0
2030-04-13 17:00:00;503.9272505150388;1040.4688132120662;0.0;210.02100210021004;0.0;0.0;0.0;0.0
2030-04-13 18:00:00;504.3078204034181;1040.4688132120662;0.0;210.02100210021004;0.0;0.0;0.0;0.0
2030-04-13 19:00:00;504.7537411334865;1040.4688132120662;0.0;210.02100210021004;0.0;0.0;0.0;0.0
2030-04-13 20:00:00;504.5774962758586;1040.4688132120662;0.0;210.02100210021004;0.0;0.0;0.0;0.0
2030-04-13 21:00:00;504.0598428465728;1040.4688132120662;0.0;210.02100210021004;0.0;0.0;0.0;0.0
2030-04-13 22:00:00;503.8184505360526;1040.4688132120662;0.0;210.02100210021004;0.0;0.0;0.0;0.0
2030-04-13 23:00:00;503.8128847813377;1040.4688132120662;0.0;210.02100210021004;0.0;0.0;0.0;0.0
2030-04-14 00:00:00;502.5863746037238;1040.4688132120662;0.0;210.02100210021004;0.0;0.0;0.0;0.0
2030-04-14 01:00:00;501.2917523573607;1040.4688132120662;0.0;210.02100210021004;0.0;0.0;0.0;0.0
2030-04-14 02:00:00;500.8960186487853;1040.4688132120662;0.0;210.02100210021004;0.0;0.0;0.0;0.0
2030-04-14 03:00:00;500.8808558135815;1040.4688132120662;0.0;210.02100210021004;0.0;0.0;0.0;0.0
2030-04-14 04:00:00;501.312839329026;1040.4688132120662;0.0;210.02100210021004;0.0;0.0;0.0;0.0
2030-04-14 05:00:00;501.8273274938313;1040.4688132120662;0.0;210.02100210021004;0.0;0.0;0.0;0.0
2030-04-14 06:00:00;501.5244655771507;1040.4688132120662;0.0;210.02100210021004;0.0;0.0;0.0;0.0
2030-04-14 07:00:00;501.8446858678389;1040.4688132120662;0.0;210.02100210021004;0.0;0.0;0.0;0.0
2030-04-14 08:00:00;502.0579454991295;1040.4688132120662;0.0;210.02100210021004;0.0;0.0;0.0;0.0
2030-04-14 09:00:00;502.0841379568173;1040.4688132120662;0.0;210.02100210021004;0.0;0.0;0.0;0.0
2030-04-14 10:00:00;501.4289391552991;1040.4688132120662;0.0;210.02100210021004;0.0;0.0;0.0;0.0
2030-04-14 11:00:00;500.7368282595091;1040.4688132120662;0.0;210.02100210021004;0.0;0.0;0.0;0.0
2030-04-14 12:00:00;437.180838444773;1040.4688132120662;0.0;210.02100210021004;0.0;0.0;0.0;0.0
2030-04-14 13:00:00;437.1772716779492;1040.4688132120662;0.0;210.02100210021004;0.0;0.0;0.0;0.0
2030-04-14 14:00:00;437.187388831682;1040.4688132120662;0.0;210.02100210021004;0.0;0.0;0.0;0.0
2030-04-14 15:00:00;500.3714223838731;1040.4688132120662;0.0;210.02100210021004;0.0;0.0;0.0;0.0
2030-04-14 16:00:00;500.5914212694462;1040.4688132120662;0.0;210.02100210021004;0.0;0.0;0.0;0.0
2030-04-14 17:00:00;501.1552801603841;1040.4688132120662;0.0;210.02100210021004;0.0;0.0;0.0;0.0
2030-04-14 18:00:00;501.637399753849;1040.4688132120662;0.0;210.02100210021004;0.0;0.0;0.0;0.0
2030-04-14 19:00:00;502.438464636583;1040.4688132120662;0.0;210.02100210021004;0.0;0.0;0.0;0.0
2030-04-14 20:00:00;503.9577309858493;1040.4688132120662;0.0;210.02100210021004;0.0;0.0;0.0;0.0
2030-04-14 21:00:00;504.5043345672645;1040.4688132120662;0.0;210.02100210021004;0.0;0.0;0.0;0.0
2030-04-14 22:00:00;504.3914995373387;1040.4688132120662;0.0;210.02100210021004;0.0;0.0;0.0;0.0
2030-04-14 23:00:00;504.181609929412;1040.4688132120662;0.0;210.02100210021004;0.0;0.0;0.0;0.0
2030-04-15 00:00:00;504.2053513384871;1040.4688132120662;0.0;210.02100210021004;0.0;0.0;0.0;0.0
2030-04-15 01:00:00;504.0429943146439;1040.4688132120662;0.0;210.02100210021004;0.0;0.0;0.0;0.0
2030-04-15 02:00:00;504.4940714742075;1040.4688132120662;0.0;210.02100210021004;0.0;0.0;0.0;0.0
2030-04-15 03:00:00;504.6981423652363;1040.4688132120662;0.0;210.02100210021004;0.0;0.0;0.0;0.0
2030-04-15 04:00:00;505.2433155671882;1040.4688132120662;0.0;210.02100210021004;0.0;0.0;0.0;0.0
2030-04-15 05:00:00;507.6940424143794;1040.4688132120662;0.0;210.02100210021004;0.0;0.0;0.0;0.0
2030-04-15 06:00:00;509.5052452998665;1040.4688132120662;0.0;210.02100210021004;0.0;0.0;0.0;0.0
2030-04-15 07:00:00;509.6907819622411;1040.4688132120662;0.0;210.02100210021004;0.0;0.0;0.0;0.0
2030-04-15 08:00:00;508.3446455719537;1040.4688132120662;0.0;210.02100210021004;0.0;0.0;0.0;0.0
2030-04-15 09:00:00;437.3742928591657;1040.4688132120662;0.0;210.02100210021004;0.0;0.0;0.0;0.0
2030-04-15 10:00:00;437.3522257709255;1040.4688132120662;0.0;210.02100210021004;0.0;0.0;0.0;0.0
2030-04-15 11:00:00;437.3426406002598;1040.4688132120662;0.0;210.02100210021004;0.0;0.0;0.0;0.0
2030-04-15 12:00:00;437.3223080275467;1040.4688132120662;0.0;210.02100210021004;0.0;0.0;0.0;0.0
2030-04-15 13:00:00;437.3052325287969;1040.4688132120662;0.0;210.02100210021004;0.0;0.0;0.0;0.0
2030-04-15 14:00:00;437.3064218435846;1040.4688132120662;0.0;210.02100210021004;0.0;0.0;0.0;0.0
2030-04-15 15:00:00;437.2988643957551;1040.4688132120662;0.0;210.02100210021004;0.0;0.0;0.0;0.0
2030-04-15 16:00:00;437.3379163122118;1040.4688132120662;0.0;210.02100210021004;0.0;0.0;0.0;0.0
2030-04-15 17:00:00;437.3712336118206;1040.4688132120662;0.0;210.02100210021004;0.0;0.0;0.0;0.0
2030-04-15 18:00:00;437.3834706012012;1040.4688132120662;0.0;210.02100210021004;0.0;0.0;0.0;0.0
2030-04-15 19:00:00;437.3801464074924;1040.4688132120662;0.0;210.02100210021004;0.0;0.0;0.0;0.0
2030-04-15 20:00:00;437.379735446244;1040.4688132120662;0.0;210.02100210021004;0.0;0.0;0.0;0.0
2030-04-15 21:00:00;437.3804937816136;1040.4688132120662;0.0;210.02100210021004;0.0;0.0;0.0;0.0
2030-04-15 22:00:00;437.3764277380867;1040.4688132120662;0.0;210.02100210021004;0.0;0.0;0.0;0.0
2030-04-15 23:00:00;437.3442137928899;1040.4688132120662;0.0;210.02100210021004;0.0;0.0;0.0;0.0
2030-04-16 00:00:00;437.3235173605042;1040.4688132120662;0.0;210.02100210021004;0.0;0.0;0.0;0.0
2030-04-16 01:00:00;437.3437969439445;1040.4688132120662;0.0;210.02100210021004;0.0;0.0;0.0;0.0
2030-04-16 02:00:00;437.3593369313248;1040.4688132120662;0.0;210.02100210021004;0.0;0.0;0.0;0.0
2030-04-16 03:00:00;437.3735945783052;1040.4688132120662;0.0;210.02100210021004;0.0;0.0;0.0;0.0
2030-04-16 04:00:00;437.3812332763529;1040.4688132120662;0.0;210.02100210021004;0.0;0.0;0.0;0.0
2030-04-16 05:00:00;437.4078480217321;1040.4688132120662;0.0;210.02100210021004;0.0;0.0;0.0;0.0
2030-04-16 06:00:00;437.3776888827775;1040.4688132120662;0.0;210.02100210021004;0.0;0.0;0.0;0.0
2030-04-16 07:00:00;437.3973573232725;1040.4688132120662;0.0;210.02100210021004;0.0;0.0;0.0;0.0
2030-04-16 08:00:00;437.4068694864958;1040.4688132120662;0.0;210.02100210021004;0.0;0.0;0.0;0.0
2030-04-16 09:00:00;437.3972219062422;1040.4688132120662;0.0;210.02100210021004;0.0;0.0;0.0;0.0
2030-04-16 10:00:00;437.3820787496377;1040.4688132120662;0.0;210.02100210021004;0.0;0.0;0.0;0.0
2030-04-16 11:00:00;437.3627882992881;1040.4688132120662;0.0;210.02100210021004;0.0;0.0;0.0;0.0
2030-04-16 12:00:00;437.3618827714943;1040.4688132120662;0.0;210.02100210021004;0.0;0.0;0.0;0.0
2030-04-16 13:00:00;437.3599398314944;1040.4688132120662;0.0;210.02100210021004;0.0;0.0;0.0;0.0
2030-04-16 14:00:00;437.3568994247796;1040.4688132120662;0.0;210.02100210021004;0.0;0.0;0.0;0.0
2030-04-16 15:00:00;437.3989976356481;1040.4688132120662;0.0;210.02100210021004;0.0;0.0;0.0;0.0
2030-04-16 16:00:00;437.4207844695126;1040.4688132120662;0.0;210.02100210021004;0.0;0.0;0.0;0.0
2030-04-16 17:00:00;437.4709829738712;1040.4688132120662;0.0;210.02100210021004;0.0;0.0;0.0;0.0
2030-04-16 18:00:00;438.4576850620229;1040.4688132120662;0.0;210.02100210021004;0.0;0.0;0.0;0.0
2030-04-16 19:00:00;438.9021463287589;1040.4688132120662;0.0;210.02100210021004;0.0;0.0;0.0;0.0
2030-04-16 20:00:00;438.6566662024431;1040.4688132120662;0.0;210.02100210021004;0.0;0.0;0.0;0.0
2030-04-16 21:00:00;438.5321185937268;1040.4688132120662;0.0;210.02100210021004;0.0;0.0;0.0;0.0
2030-04-16 22:00:00;437.8846225746553;1040.4688132120662;0.0;210.02100210021004;0.0;0.0;0.0;0.0
2030-04-16 23:00:00;437.4342237266143;1040.4688132120662;0.0;210.02100210021004;0.0;0.0;0.0;0.0
2030-04-17 00:00:00;437.4014398523509;1040.4688132120662;0.0;210.02100210021004;0.0;0.0;0.0;0.0
2030-04-17 01:00:00;437.4044590633566;1040.4688132120662;0.0;210.02100210021004;0.0;0.0;0.0;0.0
2030-04-17 02:00:00;437.4003470957934;1040.4688132120662;0.0;210.02100210021004;0.0;0.0;0.0;0.0
2030-04-17 03:00:00;437.4078586195866;1040.4688132120662;0.0;210.02100210021004;0.0;0.0;0.0;0.0
2030-04-17 04:00:00;437.4272103019847;1040.4688132120662;0.0;210.02100210021004;0.0;0.0;0.0;0.0
2030-04-17 05:00:00;437.4613895604297;1040.4688132120662;0.0;210.02100210021004;0.0;0.0;0.0;0.0
2030-04-17 06:00:00;437.4360383148202;1040.4688132120662;0.0;210.02100210021004;0.0;0.0;0.0;0.0
2030-04-17 07:00:00;437.9181142813379;1040.4688132120662;0.0;210.02100210021004;0.0;0.0;0.0;0.0
2030-04-17 08:00:00;438.6759738107162;1040.4688132120662;0.0;210.02100210021004;0.0;0.0;0.0;0.0
2030-04-17 09:00:00;438.4768489475156;1040.4688132120662;0.0;210.02100210021004;0.0;0.0;0.0;0.0
2030-04-17 10:00:00;437.9787600145016;1040.4688132120662;0.0;210.02100210021004;0.0;0.0;0.0;0.0
2030-04-17 11:00:00;437.4066292684595;1040.4688132120662;0.0;210.02100210021004;0.0;0.0;0.0;0.0
2030-04-17 12:00:00;437.4330143936568;1040.4688132120662;0.0;210.02100210021004;0.0;0.0;0.0;0.0
2030-04-17 13:00:00;437.4512309280792;1040.4688132120662;0.0;210.02100210021004;0.0;0.0;0.0;0.0
2030-04-17 14:00:00;437.4381979220684;1040.4688132120662;0.0;210.02100210021004;0.0;0.0;0.0;0.0
2030-04-17 15:00:00;437.4537214238972;1040.4688132120662;0.0;210.02100210021004;0.0;0.0;0.0;0.0
2030-04-17 16:00:00;437.4332027999598;1040.4688132120662;0.0;210.02100210021004;0.0;0.0;0.0;0.0
2030-04-17 17:00:00;437.4385582491229;1040.4688132120662;0.0;210.02100210021004;0.0;0.0;0.0;0.0
2030-04-17 18:00:00;437.4344757200445;1040.4688132120662;0.0;210.02100210021004;0.0;0.0;0.0;0.0
2030-04-17 19:00:00;437.4337220948325;1040.4688132120662;0.0;210.02100210021004;0.0;0.0;0.0;0.0
2030-04-17 20:00:00;503.2527200766543;1040.4688132120662;0.0;210.02100210021004;0.0;0.0;0.0;0.0
2030-04-17 21:00:00;437.4416147029239;1040.4688132120662;0.0;210.02100210021004;0.0;0.0;0.0;0.0
2030-04-17 22:00:00;480.9869316487266;1040.4688132120662;0.0;210.02100210021004;0.0;0.0;0.0;0.0
2030-04-17 23:00:00;437.3670286186452;1040.4688132120662;0.0;210.02100210021004;0.0;0.0;0.0;0.0
2030-04-18 00:00:00;437.3385133246845;1040.4688132120662;0.0;210.02100210021004;0.0;0.0;0.0;0.0
2030-04-18 01:00:00;437.282968791478;1040.4688132120662;0.0;210.02100210021004;0.0;0.0;0.0;0.0
2030-04-18 02:00:00;437.2510445209721;1040.4688132120662;0.0;210.02100210021004;0.0;0.0;0.0;0.0
2030-04-18 03:00:00;437.2789957735632;1040.4688132120662;0.0;210.02100210021004;0.0;0.0;0.0;0.0
2030-04-18 04:00:00;437.2851178008717;1040.4688132120662;0.0;210.02100210021004;0.0;0.0;0.0;0.0
2030-04-18 05:00:00;437.2685851477824;1040.4688132120662;0.0;210.02100210021004;0.0;0.0;0.0;0.0
2030-04-18 06:00:00;437.3083953996087;1040.4688132120662;0.0;210.02100210021004;0.0;0.0;0.0;0.0
2030-04-18 07:00:00;437.3204051238863;1040.4688132120662;0.0;210.02100210021004;0.0;0.0;0.0;0.0
2030-04-18 08:00:00;437.3272419176068;1040.4688132120662;0.0;210.02100210021004;0.0;0.0;0.0;0.0
2030-04-18 09:00:00;437.3187436158016;1040.4688132120662;0.0;210.02100210021004;0.0;0.0;0.0;0.0
2030-04-18 10:00:00;437.3038760034152;1040.4688132120662;0.0;210.02100210021004;0.0;0.0;0.0;0.0
2030-04-18 11:00:00;437.2896913638773;1040.4688132120662;0.0;210.02100210021004;0.0;0.0;0.0;0.0
2030-04-18 12:00:00;437.2757587177696;1040.4688132120662;0.0;210.02100210021004;0.0;0.0;0.0;0.0
2030-04-18 13:00:00;437.2705893198307;1040.4688132120662;0.0;210.02100210021004;0.0;0.0;0.0;0.0
2030-04-18 14:00:00;437.2663030764372;1040.4688132120662;0.0;210.02100210021004;0.0;0.0;0.0;0.0
2030-04-18 15:00:00;437.2884255090289;1040.4688132120662;0.0;210.02100210021004;0.0;0.0;0.0;0.0
2030-04-18 16:00:00;437.2741607968122;1040.4688132120662;0.0;210.02100210021004;0.0;0.0;0.0;0.0
2030-04-18 17:00:00;437.2744704896727;1040.4688132120662;0.0;210.02100210021004;0.0;0.0;0.0;0.0
2030-04-18 18:00:00;437.2763627954786;1040.4688132120662;0.0;210.02100210021004;0.0;0.0;0.0;0.0
2030-04-18 19:00:00;437.2788238528117;1040.4688132120662;0.0;210.02100210021004;0.0;0.0;0.0;0.0
2030-04-18 20:00:00;437.29553313681;1040.4688132120662;0.0;210.02100210021004;0.0;0.0;0.0;0.0
2030-04-18 21:00:00;437.3098590810753;1040.4688132120662;0.0;210.02100210021004;0.0;0.0;0.0;0.0
2030-04-18 22:00:00;437.3014149460821;1040.4688132120662;0.0;210.02100210021004;0.0;0.0;0.0;0.0
2030-04-18 23:00:00;437.3066491086877;1040.4688132120662;0.0;210.02100210021004;0.0;0.0;0.0;0.0
2030-04-19 00:00:00;437.2931132933557;1040.4688132120662;0.0;210.02100210021004;0.0;0.0;0.0;0.0
2030-04-19 01:00:00;437.2488142613602;1040.4688132120662;0.0;210.02100210021004;0.0;0.0;0.0;0.0
2030-04-19 02:00:00;437.2345248208161;1040.4688132120662;0.0;210.02100210021004;0.0;0.0;0.0;0.0
2030-04-19 03:00:00;437.2405573551307;1040.4688132120662;0.0;210.02100210021004;0.0;0.0;0.0;0.0
2030-04-19 04:00:00;437.2276397479804;1040.4688132120662;0.0;210.02100210021004;0.0;0.0;0.0;0.0
2030-04-19 05:00:00;437.2504286678691;1040.4688132120662;0.0;210.02100210021004;0.0;0.0;0.0;0.0
2030-04-19 06:00:00;437.2901894630409;1040.4688132120662;0.0;210.02100210021004;0.0;0.0;0.0;0.0
2030-04-19 07:00:00;437.3235491540678;1040.4688132120662;0.0;210.02100210021004;0.0;0.0;0.0;0.0
2030-04-19 08:00:00;437.3176791201896;1040.4688132120662;0.0;210.02100210021004;0.0;0.0;0.0;0.0
2030-04-19 09:00:00;437.312423761875;1040.4688132120662;0.0;210.02100210021004;0.0;0.0;0.0;0.0
2030-04-19 10:00:00;437.2878520473441;1040.4688132120662;0.0;210.02100210021004;0.0;0.0;0.0;0.0
2030-04-19 11:00:00;437.2962066893433;1040.4688132120662;0.0;210.02100210021004;0.0;0.0;0.0;0.0
2030-04-19 12:00:00;437.279829471454;1040.4688132120662;0.0;210.02100210021004;0.0;0.0;0.0;0.0
2030-04-19 13:00:00;437.2719823489336;1040.4688132120662;0.0;210.02100210021004;0.0;0.0;0.0;0.0
2030-04-19 14:00:00;437.2831312919143;1040.4688132120662;0.0;210.02100210021004;0.0;0.0;0.0;0.0
2030-04-19 15:00:00;437.2606497098075;1040.4688132120662;0.0;210.02100210021004;0.0;0.0;0.0;0.0
2030-04-19 16:00:00;437.2452204111302;1040.4688132120662;0.0;210.02100210021004;0.0;0.0;0.0;0.0
2030-04-19 17:00:00;437.286311825817;1040.4688132120662;0.0;210.02100210021004;0.0;0.0;0.0;0.0
2030-04-19 18:00:00;437.2848881806899;1040.4688132120662;0.0;210.02100210021004;0.0;0.0;0.0;0.0
2030-04-19 19:00:00;437.2739582600364;1040.4688132120662;0.0;210.02100210021004;0.0;0.0;0.0;0.0
2030-04-19 20:00:00;437.2713464776609;1040.4688132120662;0.0;210.02100210021004;0.0;0.0;0.0;0.0
2030-04-19 21:00:00;437.2709826179882;1040.4688132120662;0.0;210.02100210021004;0.0;0.0;0.0;0.0
2030-04-19 22:00:00;437.26010097645;1040.4688132120662;0.0;210.02100210021004;0.0;0.0;0.0;0.0
2030-04-19 23:00:00;437.2496514918691;1040.4688132120662;0.0;210.02100210021004;0.0;0.0;0.0;0.0
2030-04-20 00:00:00;437.2222854763568;1040.4688132120662;0.0;210.02100210021004;0.0;0.0;0.0;0.0
2030-04-20 01:00:00;437.1977749938744;1040.4688132120662;0.0;210.02100210021004;0.0;0.0;0.0;0.0
2030-04-20 02:00:00;437.1958826880685;1040.4688132120662;0.0;210.02100210021004;0.0;0.0;0.0;0.0
2030-04-20 03:00:00;437.1939291502142;1040.4688132120662;0.0;210.02100210021004;0.0;0.0;0.0;0.0
2030-04-20 04:00:00;437.1921922796083;1040.4688132120662;0.0;210.02100210021004;0.0;0.0;0.0;0.0
2030-04-20 05:00:00;437.2165967835452;1040.4688132120662;0.0;210.02100210021004;0.0;0.0;0.0;0.0
2030-04-20 06:00:00;437.1977726387956;1040.4688132120662;0.0;210.02100210021004;0.0;0.0;0.0;0.0
2030-04-20 07:00:00;437.210699666261;1040.4688132120662;0.0;210.02100210021004;0.0;0.0;0.0;0.0
2030-04-20 08:00:00;437.2045729287949;1040.4688132120662;0.0;210.02100210021004;0.0;0.0;0.0;0.0
2030-04-20 09:00:00;437.2124165186972;1040.4688132120662;0.0;210.02100210021004;0.0;0.0;0.0;0.0
2030-04-20 10:00:00;437.1939797844081;1040.4688132120662;0.0;210.02100210021004;0.0;0.0;0.0;0.0
2030-04-20 11:00:00;437.1650535291989;1040.4688132120662;0.0;210.02100210021004;0.0;0.0;0.0;0.0
2030-04-20 12:00:00;437.1510125494669;1040.4688132120662;0.0;210.02100210021004;0.0;0.0;0.0;0.0
2030-04-20 13:00:00;437.1383481132864;1040.4688132120662;0.0;210.02100210021004;0.0;0.0;0.0;0.0
2030-04-20 14:00:00;437.1445725865221;1040.4688132120662;0.0;210.02100210021004;0.0;0.0;0.0;0.0
2030-04-20 15:00:00;437.1744444058646;1040.4688132120662;0.0;210.02100210021004;0.0;0.0;0.0;0.0
2030-04-20 16:00:00;437.1860101977907;1040.4688132120662;0.0;210.02100210021004;0.0;0.0;0.0;0.0
2030-04-20 17:00:00;437.1985568800319;1040.4688132120662;0.0;210.02100210021004;0.0;0.0;0.0;0.0
2030-04-20 18:00:00;437.2065723906856;1040.4688132120662;0.0;210.02100210021004;0.0;0.0;0.0;0.0
2030-04-20 19:00:00;501.1438956887715;1040.4688132120662;0.0;210.02100210021004;0.0;0.0;0.0;0.0
2030-04-20 20:00:00;501.0793100064228;1040.4688132120662;0.0;210.02100210021004;0.0;0.0;0.0;0.0
2030-04-20 21:00:00;500.9662208367745;1040.4688132120662;0.0;210.02100210021004;0.0;0.0;0.0;0.0
2030-04-20 22:00:00;500.9905228388537;1040.4688132120662;0.0;210.02100210021004;0.0;0.0;0.0;0.0
2030-04-20 23:00:00;501.0207999208674;1040.4688132120662;0.0;210.02100210021004;0.0;0.0;0.0;0.0
2030-04-21 00:00:00;500.6997609797401;1040.4688132120662;0.0;210.02100210021004;0.0;0.0;0.0;0.0
2030-04-21 01:00:00;499.8064891401399;1040.4688132120662;0.0;210.02100210021004;0.0;0.0;0.0;0.0
2030-04-21 02:00:00;499.8130745790119;1040.4688132120662;0.0;210.02100210021004;0.0;0.0;0.0;0.0
2030-04-21 03:00:00;499.9937116917868;1040.4688132120662;0.0;210.02100210021004;0.0;0.0;0.0;0.0
2030-04-21 04:00:00;500.2560357884755;1040.4688132120662;0.0;210.02100210021004;0.0;0.0;0.0;0.0
2030-04-21 05:00:00;500.161531598407;1040.4688132120662;0.0;210.02100210021004;0.0;0.0;0.0;0.0
2030-04-21 06:00:00;499.890272708632;1040.4688132120662;0.0;210.02100210021004;0.0;0.0;0.0;0.0
2030-04-21 07:00:00;499.7434355316529;1040.4688132120662;0.0;210.02100210021004;0.0;0.0;0.0;0.0
2030-04-21 08:00:00;499.5665793300951;1040.4688132120662;0.0;210.02100210021004;0.0;0.0;0.0;0.0
2030-04-21 09:00:00;437.1331692950324;1040.4688132120662;0.0;210.02100210021004;0.0;0.0;0.0;0.0
2030-04-21 10:00:00;437.1215599341487;1040.4688132120662;0.0;210.02100210021004;0.0;0.0;0.0;0.0
2030-04-21 11:00:00;437.1189552170096;1040.4688132120662;0.0;210.02100210021004;0.0;0.0;0.0;0.0
2030-04-21 12:00:00;437.1067429559562;1040.4688132120662;0.0;210.02100210021004;0.0;0.0;0.0;0.0
2030-04-21 13:00:00;437.0772267535107;1040.4688132120662;0.0;210.02100210021004;0.0;0.0;0.0;0.0
2030-04-21 14:00:00;437.0964347761027;1040.4688132120662;0.0;210.02100210021004;0.0;0.0;0.0;0.0
2030-04-21 15:00:00;437.1420938660982;1040.4688132120662;0.0;210.02100210021004;0.0;0.0;0.0;0.0
2030-04-21 16:00:00;437.1450577327524;1040.4688132120662;0.0;210.02100210021004;0.0;0.0;0.0;0.0
2030-04-21 17:00:00;500.9876650126473;1040.4688132120662;0.0;210.02100210021004;0.0;0.0;0.0;0.0
2030-04-21 18:00:00;501.9208605881365;1040.4688132120662;0.0;210.02100210021004;0.0;0.0;0.0;0.0
2030-04-21 19:00:00;501.7206213592503;1040.4688132120662;0.0;210.02100210021004;0.0;0.0;0.0;0.0
2030-04-21 20:00:00;501.9272436232039;1040.4688132120662;0.0;210.02100210021004;0.0;0.0;0.0;0.0
2030-04-21 21:00:00;501.8544886922035;1040.4688132120662;0.0;210.02100210021004;0.0;0.0;0.0;0.0
2030-04-21 22:00:00;501.7933241692386;1040.4688132120662;0.0;210.02100210021004;0.0;0.0;0.0;0.0
2030-04-21 23:00:00;501.6728320878185;1040.4688132120662;0.0;210.02100210021004;0.0;0.0;0.0;0.0
2030-04-22 00:00:00;499.929329398235;1040.4688132120662;0.0;210.02100210021004;0.0;0.0;0.0;0.0
2030-04-22 01:00:00;498.9117884837101;1040.4688132120662;0.0;210.02100210021004;0.0;0.0;0.0;0.0
2030-04-22 02:00:00;498.1253258431756;1040.4688132120662;0.0;210.02100210021004;0.0;0.0;0.0;0.0
2030-04-22 03:00:00;498.4851150206242;1040.4688132120662;0.0;210.02100210021004;0.0;0.0;0.0;0.0
2030-04-22 04:00:00;497.1061499828512;1040.4688132120662;0.0;210.02100210021004;0.0;0.0;0.0;0.0
2030-04-22 05:00:00;497.0638259492751;1040.4688132120662;0.0;210.02100210021004;0.0;0.0;0.0;0.0
2030-04-22 06:00:00;498.0073865047668;1040.4688132120662;0.0;210.02100210021004;0.0;0.0;0.0;0.0
2030-04-22 07:00:00;497.8048500426785;1040.4688132120662;0.0;210.02100210021004;0.0;0.0;0.0;0.0
2030-04-22 08:00:00;497.6447381310253;1040.4688132120662;0.0;210.02100210021004;0.0;0.0;0.0;0.0
2030-04-22 09:00:00;440.1127896803704;1040.4688132120662;0.0;210.02100210021004;0.0;0.0;0.0;0.0
2030-04-22 10:00:00;437.1770856267249;1040.4688132120662;0.0;210.02100210021004;0.0;0.0;0.0;0.0
2030-04-22 11:00:00;437.1901268755115;1040.4688132120662;0.0;210.02100210021004;0.0;0.0;0.0;0.0
2030-04-22 12:00:00;437.1719751057558;1040.4688132120662;0.0;210.02100210021004;0.0;0.0;0.0;0.0
2030-04-22 13:00:00;437.1089166936772;1040.4688132120662;0.0;210.02100210021004;0.0;0.0;0.0;0.0
2030-04-22 14:00:00;437.0953043382847;1040.4688132120662;0.0;210.02100210021004;0.0;0.0;0.0;0.0
2030-04-22 15:00:00;437.0962628553513;1040.4688132120662;0.0;210.02100210021004;0.0;0.0;0.0;0.0
2030-04-22 16:00:00;437.1034105194717;1040.4688132120662;0.0;210.02100210021004;0.0;0.0;0.0;0.0
2030-04-22 17:00:00;499.1560397979762;1040.4688132120662;0.0;210.02100210021004;0.0;0.0;0.0;0.0
2030-04-22 18:00:00;500.2656849899767;1040.4688132120662;0.0;210.02100210021004;0.0;0.0;0.0;0.0
2030-04-22 19:00:00;500.6949110035267;1040.4688132120662;0.0;210.02100210021004;0.0;0.0;0.0;0.0
2030-04-22 20:00:00;501.2609654332684;1040.4688132120662;0.0;210.02100210021004;0.0;0.0;0.0;0.0
2030-04-22 21:00:00;501.608043016673;1040.4688132120662;0.0;210.02100210021004;0.0;0.0;0.0;0.0
2030-04-22 22:00:00;500.9475339702491;1040.4688132120662;0.0;210.02100210021004;0.0;0.0;0.0;0.0
2030-04-22 23:00:00;501.0352495251958;1040.4688132120662;0.0;210.02100210021004;0.0;0.0;0.0;0.0
2030-04-23 00:00:00;437.1787023883127;1040.4688132120662;0.0;210.02100210021004;0.0;0.0;0.0;0.0
2030-04-23 01:00:00;477.7428187588685;1040.4688132120662;0.0;210.02100210021004;0.0;0.0;0.0;0.0
2030-04-23 02:00:00;498.4347478455416;1040.4688132120662;0.0;210.02100210021004;0.0;0.0;0.0;0.0
2030-04-23 03:00:00;500.6196542729879;1040.4688132120662;0.0;210.02100210021004;0.0;0.0;0.0;0.0
2030-04-23 04:00:00;500.9711736849257;1040.4688132120662;0.0;210.02100210021004;0.0;0.0;0.0;0.0
2030-04-23 05:00:00;501.5433037114607;1040.4688132120662;0.0;210.02100210021004;0.0;0.0;0.0;0.0
2030-04-23 06:00:00;504.506069837376;1040.4688132120662;0.0;210.02100210021004;0.0;0.0;0.0;0.0
2030-04-23 07:00:00;505.4535623793224;1040.4688132120662;0.0;210.02100210021004;0.0;0.0;0.0;0.0
2030-04-23 08:00:00;461.5416482063877;1040.4688132120662;0.0;210.02100210021004;0.0;0.0;0.0;0.0
2030-04-23 09:00:00;437.3243345728434;1040.4688132120662;0.0;210.02100210021004;0.0;0.0;0.0;0.0
2030-04-23 10:00:00;437.3384709332663;1040.4688132120662;0.0;210.02100210021004;0.0;0.0;0.0;0.0
2030-04-23 11:00:00;437.3262327663463;1040.4688132120662;0.0;210.02100210021004;0.0;0.0;0.0;0.0
2030-04-23 12:00:00;437.3215084782983;1040.4688132120662;0.0;210.02100210021004;0.0;0.0;0.0;0.0
2030-04-23 13:00:00;437.2962161096584;1040.4688132120662;0.0;210.02100210021004;0.0;0.0;0.0;0.0
2030-04-23 14:00:00;437.3018047116215;1040.4688132120662;0.0;210.02100210021004;0.0;0.0;0.0;0.0
2030-04-23 15:00:00;437.3210704336438;1040.4688132120662;0.0;210.02100210021004;0.0;0.0;0.0;0.0
2030-04-23 16:00:00;437.3322735434366;1040.4688132120662;0.0;210.02100210021004;0.0;0.0;0.0;0.0
2030-04-23 17:00:00;437.3443327243688;1040.4688132120662;0.0;210.02100210021004;0.0;0.0;0.0;0.0
2030-04-23 18:00:00;507.2223893027682;1040.4688132120662;0.0;210.02100210021004;0.0;0.0;0.0;0.0
2030-04-23 19:00:00;507.3531942431787;1040.4688132120662;0.0;210.02100210021004;0.0;0.0;0.0;0.0
2030-04-23 20:00:00;507.431991328173;1040.4688132120662;0.0;210.02100210021004;0.0;0.0;0.0;0.0
2030-04-23 21:00:00;507.5406199910754;1040.4688132120662;0.0;210.02100210021004;0.0;0.0;0.0;0.0
2030-04-23 22:00:00;507.1021527311572;1040.4688132120662;0.0;210.02100210021004;0.0;0.0;0.0;0.0
2030-04-23 23:00:00;506.0789455450585;1040.4688132120662;0.0;210.02100210021004;0.0;0.0;0.0;0.0
2030-04-24 00:00:00;505.3689119570913;1040.4688132120662;0.0;210.02100210021004;0.0;0.0;0.0;0.0
2030-04-24 01:00:00;505.1963947121289;1040.4688132120662;0.0;210.02100210021004;0.0;0.0;0.0;0.0
2030-04-24 02:00:00;505.2121204954158;1040.4688132120662;0.0;210.02100210021004;0.0;0.0;0.0;0.0
2030-04-24 03:00:00;505.2078313047537;1040.4688132120662;0.0;210.02100210021004;0.0;0.0;0.0;0.0
2030-04-24 04:00:00;504.9715444802559;1040.4688132120662;0.0;210.02100210021004;0.0;0.0;0.0;0.0
2030-04-24 05:00:00;505.2366274489256;1040.4688132120662;0.0;210.02100210021004;0.0;0.0;0.0;0.0
2030-04-24 06:00:00;505.2077791837415;1040.4688132120662;0.0;210.02100210021004;0.0;0.0;0.0;0.0
2030-04-24 07:00:00;505.7752128569267;1040.4688132120662;0.0;210.02100210021004;0.0;0.0;0.0;0.0
2030-04-24 08:00:00;437.3431080833992;1040.4688132120662;0.0;210.02100210021004;0.0;0.0;0.0;0.0
2030-04-24 09:00:00;437.336284242612;1040.4688132120662;0.0;210.02100210021004;0.0;0.0;0.0;0.0
2030-04-24 10:00:00;437.3465606289018;1040.4688132120662;0.0;210.02100210021004;0.0;0.0;0.0;0.0
2030-04-24 11:00:00;437.3210598357892;1040.4688132120662;0.0;210.02100210021004;0.0;0.0;0.0;0.0
2030-04-24 12:00:00;437.2923808638527;1040.4688132120662;0.0;210.02100210021004;0.0;0.0;0.0;0.0
2030-04-24 13:00:00;437.2868688019503;1040.4688132120662;0.0;210.02100210021004;0.0;0.0;0.0;0.0
2030-04-24 14:00:00;437.2774367114058;1040.4688132120662;0.0;210.02100210021004;0.0;0.0;0.0;0.0
2030-04-24 15:00:00;437.2864978770413;1040.4688132120662;0.0;210.02100210021004;0.0;0.0;0.0;0.0
2030-04-24 16:00:00;437.3287538781885;1040.4688132120662;0.0;210.02100210021004;0.0;0.0;0.0;0.0
2030-04-24 17:00:00;507.093829667095;1040.4688132120662;0.0;210.02100210021004;0.0;0.0;0.0;0.0
2030-04-24 18:00:00;507.2439339955002;1040.4688132120662;0.0;210.02100210021004;0.0;0.0;0.0;0.0
2030-04-24 19:00:00;507.3958257150289;1040.4688132120662;0.0;210.02100210021004;0.0;0.0;0.0;0.0
2030-04-24 20:00:00;507.2680326087827;1040.4688132120662;0.0;210.02100210021004;0.0;0.0;0.0;0.0
2030-04-24 21:00:00;506.8070507379088;1040.4688132120662;0.0;210.02100210021004;0.0;0.0;0.0;0.0
2030-04-24 22:00:00;505.7788895261194;1040.4688132120662;0.0;210.02100210021004;0.0;0.0;0.0;0.0
2030-04-24 23:00:00;505.6442554711921;1040.4688132120662;0.0;210.02100210021004;0.0;0.0;0.0;0.0
2030-04-25 00:00:00;503.7790364496951;1040.4688132120662;0.0;210.02100210021004;0.0;0.0;0.0;0.0
2030-04-25 01:00:00;502.760576367872;1040.4688132120662;0.0;210.02100210021004;0.0;0.0;0.0;0.0
2030-04-25 02:00:00;503.0980035722359;1040.4688132120662;0.0;210.02100210021004;0.0;0.0;0.0;0.0
2030-04-25 03:00:00;502.3499341563625;1040.4688132120662;0.0;210.02100210021004;0.0;0.0;0.0;0.0
2030-04-25 04:00:00;501.3483224139212;1040.4688132120662;0.0;210.02100210021004;0.0;0.0;0.0;0.0
2030-04-25 05:00:00;503.8671068537705;1040.4688132120662;0.0;210.02100210021004;0.0;0.0;0.0;0.0
2030-04-25 06:00:00;505.1212408535279;1040.4688132120662;0.0;210.02100210021004;0.0;0.0;0.0;0.0
2030-04-25 07:00:00;505.8082462632955;1040.4688132120662;0.0;210.02100210021004;0.0;0.0;0.0;0.0
2030-04-25 08:00:00;505.7703640582527;1040.4688132120662;0.0;210.02100210021004;0.0;0.0;0.0;0.0
2030-04-25 09:00:00;504.5989406442785;1040.4688132120662;0.0;210.02100210021004;0.0;0.0;0.0;0.0
2030-04-25 10:00:00;501.8460604807225;1040.4688132120662;0.0;210.02100210021004;0.0;0.0;0.0;0.0
2030-04-25 11:00:00;437.3085343492572;1040.4688132120662;0.0;210.02100210021004;0.0;0.0;0.0;0.0
2030-04-25 12:00:00;480.2682595560631;1040.4688132120662;0.0;210.02100210021004;0.0;0.0;0.0;0.0
2030-04-25 13:00:00;437.3206747804074;1040.4688132120662;0.0;210.02100210021004;0.0;0.0;0.0;0.0
2030-04-25 14:00:00;439.9032054380214;1040.4688132120662;0.0;210.02100210021004;0.0;0.0;0.0;0.0
2030-04-25 15:00:00;437.3952306871273;1040.4688132120662;0.0;210.02100210021004;0.0;0.0;0.0;0.0
2030-04-25 16:00:00;508.3073227823757;1040.4688132120662;0.0;210.02100210021004;0.0;0.0;0.0;0.0
2030-04-25 17:00:00;508.3439819144644;1040.4688132120662;0.0;210.02100210021004;0.0;0.0;0.0;0.0
2030-04-25 18:00:00;509.4409660707995;1040.4688132120662;0.0;210.02100210021004;0.0;0.0;0.0;0.0
2030-04-25 19:00:00;509.2598700594187;1040.4688132120662;0.0;210.02100210021004;0.0;0.0;0.0;0.0
2030-04-25 20:00:00;509.4790018987059;1040.4688132120662;0.0;210.02100210021004;0.0;0.0;0.0;0.0
2030-04-25 21:00:00;509.2308209530639;1040.4688132120662;0.0;210.02100210021004;0.0;0.0;0.0;0.0
2030-04-25 22:00:00;508.698563911492;1040.4688132120662;0.0;210.02100210021004;0.0;0.0;0.0;0.0
2030-04-25 23:00:00;506.3330484646304;1040.4688132120662;0.0;210.02100210021004;0.0;0.0;0.0;0.0
2030-04-26 00:00:00;504.9052744712684;1040.4688132120662;0.0;210.02100210021004;0.0;0.0;0.0;0.0
2030-04-26 01:00:00;504.7276515477365;1040.4688132120662;0.0;210.02100210021004;0.0;0.0;0.0;0.0
2030-04-26 02:00:00;504.9611808703397;1040.4688132120662;0.0;210.02100210021004;0.0;0.0;0.0;0.0
2030-04-26 03:00:00;505.3270965880544;1040.4688132120662;0.0;210.02100210021004;0.0;0.0;0.0;0.0
2030-04-26 04:00:00;505.7347259804076;1040.4688132120662;0.0;210.02100210021004;0.0;0.0;0.0;0.0
2030-04-26 05:00:00;506.6120175119042;1040.4688132120662;0.0;210.02100210021004;0.0;0.0;0.0;0.0
2030-04-26 06:00:00;507.9099566756266;1040.4688132120662;0.0;210.02100210021004;0.0;0.0;0.0;0.0
2030-04-26 07:00:00;437.4020097814175;1040.4688132120662;0.0;210.02100210021004;0.0;0.0;0.0;0.0
2030-04-26 08:00:00;437.4082342546532;1040.4688132120662;0.0;210.02100210021004;0.0;0.0;0.0;0.0
2030-04-26 09:00:00;437.4114112559378;1040.4688132120662;0.0;210.02100210021004;0.0;0.0;0.0;0.0
2030-04-26 10:00:00;437.4034004554416;1040.4688132120662;0.0;210.02100210021004;0.0;0.0;0.0;0.0
2030-04-26 11:00:00;437.4689599611926;1040.4688132120662;0.0;210.02100210021004;0.0;0.0;0.0;0.0
2030-04-26 12:00:00;437.7897378717955;1040.4688132120662;0.0;210.02100210021004;0.0;0.0;0.0;0.0
2030-04-26 13:00:00;438.5390466254852;1040.4688132120662;0.0;210.02100210021004;0.0;0.0;0.0;0.0
2030-04-26 14:00:00;438.3150634624827;1040.4688132120662;0.0;210.02100210021004;0.0;0.0;0.0;0.0
2030-04-26 15:00:00;437.8996494420808;1040.4688132120662;0.0;210.02100210021004;0.0;0.0;0.0;0.0
2030-04-26 16:00:00;437.5571815813051;1040.4688132120662;0.0;210.02100210021004;0.0;0.0;0.0;0.0
2030-04-26 17:00:00;437.4354566103596;1040.4688132120662;0.0;210.02100210021004;0.0;0.0;0.0;0.0
2030-04-26 18:00:00;437.5037686462987;1040.4688132120662;0.0;210.02100210021004;0.0;0.0;0.0;0.0
2030-04-26 19:00:00;437.6339274168699;1040.4688132120662;0.0;210.02100210021004;0.0;0.0;0.0;0.0
2030-04-26 20:00:00;438.2593866313267;1040.4688132120662;0.0;210.02100210021004;0.0;0.0;0.0;0.0
2030-04-26 21:00:00;437.6883527162258;1040.4688132120662;0.0;210.02100210021004;0.0;0.0;0.0;0.0
2030-04-26 22:00:00;437.3872116438554;1040.4688132120662;0.0;210.02100210021004;0.0;0.0;0.0;0.0
2030-04-26 23:00:00;437.3192899940803;1040.4688132120662;0.0;210.02100210021004;0.0;0.0;0.0;0.0
2030-04-27 00:00:00;437.1972203728199;1040.4688132120662;0.0;210.02100210021004;0.0;0.0;0.0;0.0
2030-04-27 01:00:00;437.1151953337251;1040.4688132120662;0.0;210.02100210021004;0.0;0.0;0.0;0.0
2030-04-27 02:00:00;437.0664145867967;1040.4688132120662;0.0;210.02100210021004;0.0;0.0;0.0;0.0
2030-04-27 03:00:00;437.0676957496571;1040.4688132120662;0.0;210.02100210021004;0.0;0.0;0.0;0.0
2030-04-27 04:00:00;437.0641937474999;1040.4688132120662;0.0;210.02100210021004;0.0;0.0;0.0;0.0
2030-04-27 05:00:00;437.0685694838874;1040.4688132120662;0.0;210.02100210021004;0.0;0.0;0.0;0.0
2030-04-27 06:00:00;437.0789895299833;1040.4688132120662;0.0;210.02100210021004;0.0;0.0;0.0;0.0
2030-04-27 07:00:00;437.0962133986967;1040.4688132120662;0.0;210.02100210021004;0.0;0.0;0.0;0.0
2030-04-27 08:00:00;437.0963276200179;1040.4688132120662;0.0;210.02100210021004;0.0;0.0;0.0;0.0
2030-04-27 09:00:00;437.0917882056547;1040.4688132120662;0.0;210.02100210021004;0.0;0.0;0.0;0.0
2030-04-27 10:00:00;437.0998790788296;1040.4688132120662;0.0;210.02100210021004;0.0;0.0;0.0;0.0
2030-04-27 11:00:00;437.1053110680534;1040.4688132120662;0.0;210.02100210021004;0.0;0.0;0.0;0.0
2030-04-27 12:00:00;437.105869221726;1040.4688132120662;0.0;210.02100210021004;0.0;0.0;0.0;0.0
2030-04-27 13:00:00;437.0857344756311;1040.4688132120662;0.0;210.02100210021004;0.0;0.0;0.0;0.0
2030-04-27 14:00:00;437.0895391054125;1040.4688132120662;0.0;210.02100210021004;0.0;0.0;0.0;0.0
2030-04-27 15:00:00;437.0973838728542;1040.4688132120662;0.0;210.02100210021004;0.0;0.0;0.0;0.0
2030-04-27 16:00:00;437.1071598049017;1040.4688132120662;0.0;210.02100210021004;0.0;0.0;0.0;0.0
2030-04-27 17:00:00;437.113161723192;1040.4688132120662;0.0;210.02100210021004;0.0;0.0;0.0;0.0
2030-04-27 18:00:00;437.1278833206935;1040.4688132120662;0.0;210.02100210021004;0.0;0.0;0.0;0.0
2030-04-27 19:00:00;437.1774801024219;1040.4688132120662;0.0;210.02100210021004;0.0;0.0;0.0;0.0
2030-04-27 20:00:00;437.1621120357931;1040.4688132120662;0.0;210.02100210021004;0.0;0.0;0.0;0.0
2030-04-27 21:00:00;437.1539246043878;1040.4688132120662;0.0;210.02100210021004;0.0;0.0;0.0;0.0
2030-04-27 22:00:00;437.1289172002813;1040.4688132120662;0.0;210.02100210021004;0.0;0.0;0.0;0.0
2030-04-27 23:00:00;437.1370716605835;1040.4688132120662;0.0;210.02100210021004;0.0;0.0;0.0;0.0
2030-04-28 00:00:00;437.1380678589107;1040.4688132120662;0.0;210.02100210021004;0.0;0.0;0.0;0.0
2030-04-28 01:00:00;437.126314838221;1040.4688132120662;0.0;210.02100210021004;0.0;0.0;0.0;0.0
2030-04-28 02:00:00;437.1182840195551;1040.4688132120662;0.0;210.02100210021004;0.0;0.0;0.0;0.0
2030-04-28 03:00:00;437.0939937369394;1040.4688132120662;0.0;210.02100210021004;0.0;0.0;0.0;0.0
2030-04-28 04:00:00;437.1141072873252;1040.4688132120662;0.0;210.02100210021004;0.0;0.0;0.0;0.0
2030-04-28 05:00:00;437.1147349158221;1040.4688132120662;0.0;210.02100210021004;0.0;0.0;0.0;0.0
2030-04-28 06:00:00;437.0969882196179;1040.4688132120662;0.0;210.02100210021004;0.0;0.0;0.0;0.0
2030-04-28 07:00:00;437.102320117993;1040.4688132120662;0.0;210.02100210021004;0.0;0.0;0.0;0.0
2030-04-28 08:00:00;437.0927408350243;1040.4688132120662;0.0;210.02100210021004;0.0;0.0;0.0;0.0
2030-04-28 09:00:00;437.1097468589498;1040.4688132120662;0.0;210.02100210021004;0.0;0.0;0.0;0.0
2030-04-28 10:00:00;437.1097916054468;1040.4688132120662;0.0;210.02100210021004;0.0;0.0;0.0;0.0
2030-04-28 11:00:00;437.1116580053861;1040.4688132120662;0.0;210.02100210021004;0.0;0.0;0.0;0.0
2030-04-28 12:00:00;437.1257531519301;1040.4688132120662;0.0;210.02100210021004;0.0;0.0;0.0;0.0
2030-04-28 13:00:00;437.1320306144386;1040.4688132120662;0.0;210.02100210021004;0.0;0.0;0.0;0.0
2030-04-28 14:00:00;437.1199773212034;1040.4688132120662;0.0;210.02100210021004;0.0;0.0;0.0;0.0
2030-04-28 15:00:00;437.116310463531;1040.4688132120662;0.0;210.02100210021004;0.0;0.0;0.0;0.0
2030-04-28 16:00:00;437.1335908541354;1040.4688132120662;0.0;210.02100210021004;0.0;0.0;0.0;0.0
2030-04-28 17:00:00;500.4608199103797;1040.4688132120662;0.0;210.02100210021004;0.0;0.0;0.0;0.0
2030-04-28 18:00:00;502.348351331575;1040.4688132120662;0.0;210.02100210021004;0.0;0.0;0.0;0.0
2030-04-28 19:00:00;504.6459631937362;1040.4688132120662;0.0;210.02100210021004;0.0;0.0;0.0;0.0
2030-04-28 20:00:00;504.7211668182706;1040.4688132120662;0.0;210.02100210021004;0.0;0.0;0.0;0.0
2030-04-28 21:00:00;505.3598742920672;1040.4688132120662;0.0;210.02100210021004;0.0;0.0;0.0;0.0
2030-04-28 22:00:00;505.393163208245;1040.4688132120662;0.0;210.02100210021004;0.0;0.0;0.0;0.0
2030-04-28 23:00:00;505.3465499840068;1040.4688132120662;0.0;210.02100210021004;0.0;0.0;0.0;0.0
2030-04-29 00:00:00;504.3961982457674;1040.4688132120662;0.0;210.02100210021004;0.0;0.0;0.0;0.0
2030-04-29 01:00:00;503.1292493949341;1040.4688132120662;0.0;210.02100210021004;0.0;0.0;0.0;0.0
2030-04-29 02:00:00;503.12307111875;1040.4688132120662;0.0;210.02100210021004;0.0;0.0;0.0;0.0
2030-04-29 03:00:00;494.0013675801769;1040.4688132120662;0.0;210.02100210021004;0.0;0.0;0.0;0.0
2030-04-29 04:00:00;437.3163685188443;1040.4688132120662;0.0;210.02100210021004;0.0;0.0;0.0;0.0
2030-04-29 05:00:00;437.3748474802202;1040.4688132120662;0.0;210.02100210021004;0.0;0.0;0.0;0.0
2030-04-29 06:00:00;437.4190287582764;1040.4688132120662;0.0;210.02100210021004;0.0;0.0;0.0;0.0
2030-04-29 07:00:00;437.4474451389281;1040.4688132120662;0.0;210.02100210021004;0.0;0.0;0.0;0.0
2030-04-29 08:00:00;437.4096461243864;1040.4688132120662;0.0;210.02100210021004;0.0;0.0;0.0;0.0
2030-04-29 09:00:00;437.3959478086181;1040.4688132120662;0.0;210.02100210021004;0.0;0.0;0.0;0.0
2030-04-29 10:00:00;437.4567724284665;1040.4688132120662;0.0;210.02100210021004;0.0;0.0;0.0;0.0
2030-04-29 11:00:00;437.4484778409765;1040.4688132120662;0.0;210.02100210021004;0.0;0.0;0.0;0.0
2030-04-29 12:00:00;437.4484743083583;1040.4688132120662;0.0;210.02100210021004;0.0;0.0;0.0;0.0
2030-04-29 13:00:00;437.7174408908601;1040.4688132120662;0.0;210.02100210021004;0.0;0.0;0.0;0.0
2030-04-29 14:00:00;437.4333935613416;1040.4688132120662;0.0;210.02100210021004;0.0;0.0;0.0;0.0
2030-04-29 15:00:00;437.4369285346019;1040.4688132120662;0.0;210.02100210021004;0.0;0.0;0.0;0.0
2030-04-29 16:00:00;437.437742214323;1040.4688132120662;0.0;210.02100210021004;0.0;0.0;0.0;0.0
2030-04-29 17:00:00;437.8392777280481;1040.4688132120662;0.0;210.02100210021004;0.0;0.0;0.0;0.0
2030-04-29 18:00:00;439.7475433011179;1040.4688132120662;0.0;210.02100210021004;0.0;0.0;0.0;0.0
2030-04-29 19:00:00;441.011717985446;1040.4688132120662;0.0;210.02100210021004;0.0;0.0;0.0;0.0
2030-04-29 20:00:00;440.4578385967344;1040.4688132120662;0.0;210.02100210021004;0.0;0.0;0.0;0.0
2030-04-29 21:00:00;440.4445616371706;1040.4688132120662;0.0;210.02100210021004;0.0;0.0;0.0;0.0
2030-04-29 22:00:00;439.7753225565438;1040.4688132120662;0.0;210.02100210021004;0.0;0.0;0.0;0.0
2030-04-29 23:00:00;438.1802894421129;1040.4688132120662;0.0;210.02100210021004;0.0;0.0;0.0;0.0
2030-04-30 00:00:00;437.4332675646265;1040.4688132120662;0.0;210.02100210021004;0.0;0.0;0.0;0.0
2030-04-30 01:00:00;437.4332864052568;1040.4688132120662;0.0;210.02100210021004;0.0;0.0;0.0;0.0
2030-04-30 02:00:00;437.5859935334586;1040.4688132120662;0.0;210.02100210021004;0.0;0.0;0.0;0.0
2030-04-30 03:00:00;437.7972645109577;1040.4688132120662;0.0;210.02100210021004;0.0;0.0;0.0;0.0
2030-04-30 04:00:00;437.9814271015915;1040.4688132120662;0.0;210.02100210021004;0.0;0.0;0.0;0.0
2030-04-30 05:00:00;438.8281350977927;1040.4688132120662;0.0;210.02100210021004;0.0;0.0;0.0;0.0
2030-04-30 06:00:00;441.52311325925;1040.4688132120662;0.0;210.02100210021004;0.0;0.0;0.0;0.0
2030-04-30 07:00:00;442.437318255105;1040.4688132120662;0.0;210.02100210021004;0.0;0.0;0.0;0.0
2030-04-30 08:00:00;442.7657077944448;1040.4688132120662;0.0;210.02100210021004;0.0;0.0;0.0;0.0
2030-04-30 09:00:00;442.4952156266439;1040.4688132120662;0.0;210.02100210021004;0.0;0.0;0.0;0.0
2030-04-30 10:00:00;442.9338874528983;1040.4688132120662;0.0;210.02100210021004;0.0;0.0;0.0;0.0
2030-04-30 11:00:00;442.9471100665602;1040.4688132120662;0.0;210.02100210021004;0.0;0.0;0.0;0.0
2030-04-30 12:00:00;442.5208970647137;1040.4688132120662;0.0;210.02100210021004;0.0;0.0;0.0;0.0
2030-04-30 13:00:00;442.5541857883445;1040.4688132120662;0.0;210.02100210021004;0.0;0.0;0.0;0.0
2030-04-30 14:00:00;442.1347625991591;1040.4688132120662;0.0;210.02100210021004;0.0;0.0;0.0;0.0
2030-04-30 15:00:00;441.7042080930913;1040.4688132120662;0.0;210.02100210021004;0.0;0.0;0.0;0.0
2030-04-30 16:00:00;442.0836044819028;1040.4688132120662;0.0;210.02100210021004;0.0;0.0;0.0;0.0
2030-04-30 17:00:00;442.9827471594131;1040.4688132120662;0.0;210.02100210021004;0.0;0.0;0.0;0.0
2030-04-30 18:00:00;443.0715839003683;1040.4688132120662;0.0;210.02100210021004;0.0;0.0;0.0;0.0
2030-04-30 19:00:00;443.1679773685059;1040.4688132120662;0.0;210.02100210021004;0.0;0.0;0.0;0.0
2030-04-30 20:00:00;515.4473176603594;1040.4688132120662;0.0;210.02100210021004;0.0;0.0;0.0;0.0
2030-04-30 21:00:00;514.6432411360086;1040.4688132120662;0.0;210.02100210021004;0.0;0.0;0.0;0.0
2030-04-30 22:00:00;514.1803699870655;1040.4688132120662;0.0;210.02100210021004;0.0;0.0;0.0;0.0
2030-04-30 23:00:00;513.4940270572476;1040.4688132120662;0.0;210.02100210021004;0.0;0.0;0.0;0.0
2030-05-01 00:00:00;510.5419827304484;1040.4688132120662;0.0;210.02100210021004;0.0;0.0;0.0;0.0
2030-05-01 01:00:00;505.0972437420968;1040.4688132120662;0.0;210.02100210021004;0.0;0.0;0.0;0.0
2030-05-01 02:00:00;503.4240451274479;1040.4688132120662;0.0;210.02100210021004;0.0;0.0;0.0;0.0
2030-05-01 03:00:00;502.3517722984117;1040.4688132120662;0.0;210.02100210021004;0.0;0.0;0.0;0.0
2030-05-01 04:00:00;502.6547361020377;1040.4688132120662;0.0;210.02100210021004;0.0;0.0;0.0;0.0
2030-05-01 05:00:00;502.0222578478981;1040.4688132120662;0.0;210.02100210021004;0.0;0.0;0.0;0.0
2030-05-01 06:00:00;503.0493981979908;1040.4688132120662;0.0;210.02100210021004;0.0;0.0;0.0;0.0
2030-05-01 07:00:00;505.0261733302822;1040.4688132120662;0.0;210.02100210021004;0.0;0.0;0.0;0.0
2030-05-01 08:00:00;504.9149234802226;1040.4688132120662;0.0;210.02100210021004;0.0;0.0;0.0;0.0
2030-05-01 09:00:00;437.2991787987733;1040.4688132120662;0.0;210.02100210021004;0.0;0.0;0.0;0.0
2030-05-01 10:00:00;437.2910573095741;1040.4688132120662;0.0;210.02100210021004;0.0;0.0;0.0;0.0
2030-05-01 11:00:00;437.2954236256464;1040.4688132120662;0.0;210.02100210021004;0.0;0.0;0.0;0.0
2030-05-01 12:00:00;437.3038913114274;1040.4688132120662;0.0;210.02100210021004;0.0;0.0;0.0;0.0
2030-05-01 13:00:00;437.3085461246511;1040.4688132120662;0.0;210.02100210021004;0.0;0.0;0.0;0.0
2030-05-01 14:00:00;437.3253649198131;1040.4688132120662;0.0;210.02100210021004;0.0;0.0;0.0;0.0
2030-05-01 15:00:00;437.3352303448545;1040.4688132120662;0.0;210.02100210021004;0.0;0.0;0.0;0.0
2030-05-01 16:00:00;437.3286490771824;1040.4688132120662;0.0;210.02100210021004;0.0;0.0;0.0;0.0
2030-05-01 17:00:00;437.3349971920545;1040.4688132120662;0.0;210.02100210021004;0.0;0.0;0.0;0.0
2030-05-01 18:00:00;437.3443221265142;1040.4688132120662;0.0;210.02100210021004;0.0;0.0;0.0;0.0
2030-05-01 19:00:00;437.3551790397253;1040.4688132120662;0.0;210.02100210021004;0.0;0.0;0.0;0.0
2030-05-01 20:00:00;437.3717423088387;1040.4688132120662;0.0;210.02100210021004;0.0;0.0;0.0;0.0
2030-05-01 21:00:00;437.398716203733;1040.4688132120662;0.0;210.02100210021004;0.0;0.0;0.0;0.0
2030-05-01 22:00:00;437.3955427350667;1040.4688132120662;0.0;210.02100210021004;0.0;0.0;0.0;0.0
2030-05-01 23:00:00;437.378393051335;1040.4688132120662;0.0;210.02100210021004;0.0;0.0;0.0;0.0
2030-05-02 00:00:00;437.3568063991675;1040.4688132120662;0.0;210.02100210021004;0.0;0.0;0.0;0.0
2030-05-02 01:00:00;437.3234160921163;1040.4688132120662;0.0;210.02100210021004;0.0;0.0;0.0;0.0
2030-05-02 02:00:00;437.324661928795;1040.4688132120662;0.0;210.02100210021004;0.0;0.0;0.0;0.0
2030-05-02 03:00:00;437.3267803221644;1040.4688132120662;0.0;210.02100210021004;0.0;0.0;0.0;0.0
2030-05-02 04:00:00;437.320918531062;1040.4688132120662;0.0;210.02100210021004;0.0;0.0;0.0;0.0
2030-05-02 05:00:00;437.3759155084504;1040.4688132120662;0.0;210.02100210021004;0.0;0.0;0.0;0.0
2030-05-02 06:00:00;437.6449036618598;1040.4688132120662;0.0;210.02100210021004;0.0;0.0;0.0;0.0
2030-05-02 07:00:00;440.5276117167667;1040.4688132120662;0.0;210.02100210021004;0.0;0.0;0.0;0.0
2030-05-02 08:00:00;441.2192969407935;1040.4688132120662;0.0;210.02100210021004;0.0;0.0;0.0;0.0
2030-05-02 09:00:00;441.2990177018618;1040.4688132120662;0.0;210.02100210021004;0.0;0.0;0.0;0.0
2030-05-02 10:00:00;440.689776932699;1040.4688132120662;0.0;210.02100210021004;0.0;0.0;0.0;0.0
2030-05-02 11:00:00;441.8205911270662;1040.4688132120662;0.0;210.02100210021004;0.0;0.0;0.0;0.0
2030-05-02 12:00:00;442.6281907853868;1040.4688132120662;0.0;210.02100210021004;0.0;0.0;0.0;0.0
2030-05-02 13:00:00;441.7480521523846;1040.4688132120662;0.0;210.02100210021004;0.0;0.0;0.0;0.0
2030-05-02 14:00:00;441.568234897457;1040.4688132120662;0.0;210.02100210021004;0.0;0.0;0.0;0.0
2030-05-02 15:00:00;440.8800369861899;1040.4688132120662;0.0;210.02100210021004;0.0;0.0;0.0;0.0
2030-05-02 16:00:00;439.2756226182962;1040.4688132120662;0.0;210.02100210021004;0.0;0.0;0.0;0.0
2030-05-02 17:00:00;512.1529961529827;1040.4688132120662;0.0;210.02100210021004;0.0;0.0;0.0;0.0
2030-05-02 18:00:00;512.5592474794317;1040.4688132120662;0.0;210.02100210021004;0.0;0.0;0.0;0.0
2030-05-02 19:00:00;512.9381835995509;1040.4688132120662;0.0;210.02100210021004;0.0;0.0;0.0;0.0
2030-05-02 20:00:00;513.6965646968754;1040.4688132120662;0.0;210.02100210021004;0.0;0.0;0.0;0.0
2030-05-02 21:00:00;513.5093944587877;1040.4688132120662;0.0;210.02100210021004;0.0;0.0;0.0;0.0
2030-05-02 22:00:00;512.7114952256286;1040.4688132120662;0.0;210.02100210021004;0.0;0.0;0.0;0.0
2030-05-02 23:00:00;511.5303207232078;1040.4688132120662;0.0;210.02100210021004;0.0;0.0;0.0;0.0
2030-05-03 00:00:00;510.9127509720023;1040.4688132120662;0.0;210.02100210021004;0.0;0.0;0.0;0.0
2030-05-03 01:00:00;510.6401635897095;1040.4688132120662;0.0;210.02100210021004;0.0;0.0;0.0;0.0
2030-05-03 02:00:00;510.8908465274371;1040.4688132120662;0.0;210.02100210021004;0.0;0.0;0.0;0.0
2030-05-03 03:00:00;510.7125601389631;1040.4688132120662;0.0;210.02100210021004;0.0;0.0;0.0;0.0
2030-05-03 04:00:00;510.8632264304589;1040.4688132120662;0.0;210.02100210021004;0.0;0.0;0.0;0.0
2030-05-03 05:00:00;512.3044277963661;1040.4688132120662;0.0;210.02100210021004;0.0;0.0;0.0;0.0
2030-05-03 06:00:00;514.1553522064848;1040.4688132120662;0.0;210.02100210021004;0.0;0.0;0.0;0.0
2030-05-03 07:00:00;514.491553982816;1040.4688132120662;0.0;210.02100210021004;0.0;0.0;0.0;0.0
2030-05-03 08:00:00;513.5608080858531;1040.4688132120662;0.0;210.02100210021004;0.0;0.0;0.0;0.0
2030-05-03 09:00:00;438.8597394947847;1040.4688132120662;0.0;210.02100210021004;0.0;0.0;0.0;0.0
2030-05-03 10:00:00;440.052656850565;1040.4688132120662;0.0;210.02100210021004;0.0;0.0;0.0;0.0
2030-05-03 11:00:00;440.3952404844242;1040.4688132120662;0.0;210.02100210021004;0.0;0.0;0.0;0.0
2030-05-03 12:00:00;439.3183733815307;1040.4688132120662;0.0;210.02100210021004;0.0;0.0;0.0;0.0
2030-05-03 13:00:00;440.493064139478;1040.4688132120662;0.0;210.02100210021004;0.0;0.0;0.0;0.0
2030-05-03 14:00:00;440.6334163944441;1040.4688132120662;0.0;210.02100210021004;0.0;0.0;0.0;0.0
2030-05-03 15:00:00;440.659453859182;1040.4688132120662;0.0;210.02100210021004;0.0;0.0;0.0;0.0
2030-05-03 16:00:00;440.758248609999;1040.4688132120662;0.0;210.02100210021004;0.0;0.0;0.0;0.0
2030-05-03 17:00:00;440.3543962111505;1040.4688132120662;0.0;210.02100210021004;0.0;0.0;0.0;0.0
2030-05-03 18:00:00;440.5821056393165;1040.4688132120662;0.0;210.02100210021004;0.0;0.0;0.0;0.0
2030-05-03 19:00:00;440.7451784416611;1040.4688132120662;0.0;210.02100210021004;0.0;0.0;0.0;0.0
2030-05-03 20:00:00;440.6604249549452;1040.4688132120662;0.0;210.02100210021004;0.0;0.0;0.0;0.0
2030-05-03 21:00:00;440.6800817396944;1040.4688132120662;0.0;210.02100210021004;0.0;0.0;0.0;0.0
2030-05-03 22:00:00;440.0958491079666;1040.4688132120662;0.0;210.02100210021004;0.0;0.0;0.0;0.0
2030-05-03 23:00:00;438.8595870494606;1040.4688132120662;0.0;210.02100210021004;0.0;0.0;0.0;0.0
2030-05-04 00:00:00;437.3453253900777;1040.4688132120662;0.0;210.02100210021004;0.0;0.0;0.0;0.0
2030-05-04 01:00:00;437.274994494703;1040.4688132120662;0.0;210.02100210021004;0.0;0.0;0.0;0.0
2030-05-04 02:00:00;437.2307025279438;1040.4688132120662;0.0;210.02100210021004;0.0;0.0;0.0;0.0
2030-05-04 03:00:00;437.2211326652902;1040.4688132120662;0.0;210.02100210021004;0.0;0.0;0.0;0.0
2030-05-04 04:00:00;437.2266470822715;1040.4688132120662;0.0;210.02100210021004;0.0;0.0;0.0;0.0
2030-05-04 05:00:00;437.2291940999803;1040.4688132120662;0.0;210.02100210021004;0.0;0.0;0.0;0.0
2030-05-04 06:00:00;451.8792088931036;1040.4688132120662;0.0;210.02100210021004;0.0;0.0;0.0;0.0
2030-05-04 07:00:00;437.2652185626555;1040.4688132120662;0.0;210.02100210021004;0.0;0.0;0.0;0.0
2030-05-04 08:00:00;437.2455147959787;1040.4688132120662;0.0;210.02100210021004;0.0;0.0;0.0;0.0
2030-05-04 09:00:00;502.6301288242161;1040.4688132120662;0.0;210.02100210021004;0.0;0.0;0.0;0.0
2030-05-04 10:00:00;502.6633223740325;1040.4688132120662;0.0;210.02100210021004;0.0;0.0;0.0;0.0
2030-05-04 11:00:00;502.846196900874;1040.4688132120662;0.0;210.02100210021004;0.0;0.0;0.0;0.0
2030-05-04 12:00:00;496.3405853016509;1040.4688132120662;0.0;210.02100210021004;0.0;0.0;0.0;0.0
2030-05-04 13:00:00;502.474050593416;1040.4688132120662;0.0;210.02100210021004;0.0;0.0;0.0;0.0
2030-05-04 14:00:00;502.4146213405625;1040.4688132120662;0.0;210.02100210021004;0.0;0.0;0.0;0.0
2030-05-04 15:00:00;503.5174255838819;1040.4688132120662;0.0;210.02100210021004;0.0;0.0;0.0;0.0
2030-05-04 16:00:00;503.941188907202;1040.4688132120662;0.0;210.02100210021004;0.0;0.0;0.0;0.0
2030-05-04 17:00:00;505.3076964906536;1040.4688132120662;0.0;210.02100210021004;0.0;0.0;0.0;0.0
2030-05-04 18:00:00;505.5875327767604;1040.4688132120662;0.0;210.02100210021004;0.0;0.0;0.0;0.0
2030-05-04 19:00:00;505.6612566409923;1040.4688132120662;0.0;210.02100210021004;0.0;0.0;0.0;0.0
2030-05-04 20:00:00;505.8537878749114;1040.4688132120662;0.0;210.02100210021004;0.0;0.0;0.0;0.0
2030-05-04 21:00:00;506.1838123600508;1040.4688132120662;0.0;210.02100210021004;0.0;0.0;0.0;0.0
2030-05-04 22:00:00;505.7422825150427;1040.4688132120662;0.0;210.02100210021004;0.0;0.0;0.0;0.0
2030-05-04 23:00:00;505.3055518953226;1040.4688132120662;0.0;210.02100210021004;0.0;0.0;0.0;0.0
2030-05-05 00:00:00;502.7295327564312;1040.4688132120662;0.0;210.02100210021004;0.0;0.0;0.0;0.0
2030-05-05 01:00:00;501.3387229783534;1040.4688132120662;0.0;210.02100210021004;0.0;0.0;0.0;0.0
2030-05-05 02:00:00;501.102693033751;1040.4688132120662;0.0;210.02100210021004;0.0;0.0;0.0;0.0
2030-05-05 03:00:00;501.5289583491567;1040.4688132120662;0.0;210.02100210021004;0.0;0.0;0.0;0.0
2030-05-05 04:00:00;500.4795573352837;1040.4688132120662;0.0;210.02100210021004;0.0;0.0;0.0;0.0
2030-05-05 05:00:00;500.4471382055649;1040.4688132120662;0.0;210.02100210021004;0.0;0.0;0.0;0.0
2030-05-05 06:00:00;499.9786493734421;1040.4688132120662;0.0;210.02100210021004;0.0;0.0;0.0;0.0
2030-05-05 07:00:00;500.4510690144801;1040.4688132120662;0.0;210.02100210021004;0.0;0.0;0.0;0.0
2030-05-05 08:00:00;500.3358871779658;1040.4688132120662;0.0;210.02100210021004;0.0;0.0;0.0;0.0
2030-05-05 09:00:00;500.1274263868688;1040.4688132120662;0.0;210.02100210021004;0.0;0.0;0.0;0.0
2030-05-05 10:00:00;437.1656952881685;1040.4688132120662;0.0;210.02100210021004;0.0;0.0;0.0;0.0
2030-05-05 11:00:00;437.1578352127148;1040.4688132120662;0.0;210.02100210021004;0.0;0.0;0.0;0.0
2030-05-05 12:00:00;437.1418607132982;1040.4688132120662;0.0;210.02100210021004;0.0;0.0;0.0;0.0
2030-05-05 13:00:00;437.1336250027778;1040.4688132120662;0.0;210.02100210021004;0.0;0.0;0.0;0.0
2030-05-05 14:00:00;437.1283790647783;1040.4688132120662;0.0;210.02100210021004;0.0;0.0;0.0;0.0
2030-05-05 15:00:00;437.1265173749967;1040.4688132120662;0.0;210.02100210021004;0.0;0.0;0.0;0.0
2030-05-05 16:00:00;437.1389510134561;1040.4688132120662;0.0;210.02100210021004;0.0;0.0;0.0;0.0
2030-05-05 17:00:00;501.5504509208764;1040.4688132120662;0.0;210.02100210021004;0.0;0.0;0.0;0.0
2030-05-05 18:00:00;502.3329329865622;1040.4688132120662;0.0;210.02100210021004;0.0;0.0;0.0;0.0
2030-05-05 19:00:00;502.8843853666515;1040.4688132120662;0.0;210.02100210021004;0.0;0.0;0.0;0.0
2030-05-05 20:00:00;503.9034593400303;1040.4688132120662;0.0;210.02100210021004;0.0;0.0;0.0;0.0
2030-05-05 21:00:00;502.6687266152131;1040.4688132120662;0.0;210.02100210021004;0.0;0.0;0.0;0.0
2030-05-05 22:00:00;503.0623145509181;1040.4688132120662;0.0;210.02100210021004;0.0;0.0;0.0;0.0
2030-05-05 23:00:00;503.4222079703909;1040.4688132120662;0.0;210.02100210021004;0.0;0.0;0.0;0.0
2030-05-06 00:00:00;503.6266337105483;1040.4688132120662;0.0;210.02100210021004;0.0;0.0;0.0;0.0
2030-05-06 01:00:00;492.1069367290241;1040.4688132120662;0.0;210.02100210021004;0.0;0.0;0.0;0.0
2030-05-06 02:00:00;478.4156396749233;1040.4688132120662;0.0;210.02100210021004;0.0;0.0;0.0;0.0
2030-05-06 03:00:00;505.1654551501654;1040.4688132120662;0.0;210.02100210021004;0.0;0.0;0.0;0.0
2030-05-06 04:00:00;437.3204522254621;1040.4688132120662;0.0;210.02100210021004;0.0;0.0;0.0;0.0
2030-05-06 05:00:00;508.1196936456822;1040.4688132120662;0.0;210.02100210021004;0.0;0.0;0.0;0.0
2030-05-06 06:00:00;512.0300034495635;1040.4688132120662;0.0;210.02100210021004;0.0;0.0;0.0;0.0
2030-05-06 07:00:00;513.6399436968421;1040.4688132120662;0.0;210.02100210021004;0.0;0.0;0.0;0.0
2030-05-06 08:00:00;512.3115240623091;1040.4688132120662;0.0;210.02100210021004;0.0;0.0;0.0;0.0
2030-05-06 09:00:00;439.5814628301069;1040.4688132120662;0.0;210.02100210021004;0.0;0.0;0.0;0.0
2030-05-06 10:00:00;439.016581899933;1040.4688132120662;0.0;210.02100210021004;0.0;0.0;0.0;0.0
2030-05-06 11:00:00;438.5478908565527;1040.4688132120662;0.0;210.02100210021004;0.0;0.0;0.0;0.0
2030-05-06 12:00:00;439.7932936445678;1040.4688132120662;0.0;210.02100210021004;0.0;0.0;0.0;0.0
2030-05-06 13:00:00;440.0572017435832;1040.4688132120662;0.0;210.02100210021004;0.0;0.0;0.0;0.0
2030-05-06 14:00:00;440.2428401003563;1040.4688132120662;0.0;210.02100210021004;0.0;0.0;0.0;0.0
2030-05-06 15:00:00;440.7535499015702;1040.4688132120662;0.0;210.02100210021004;0.0;0.0;0.0;0.0
2030-05-06 16:00:00;440.7812223121076;1040.4688132120662;0.0;210.02100210021004;0.0;0.0;0.0;0.0
2030-05-06 17:00:00;513.4549689975584;1040.4688132120662;0.0;210.02100210021004;0.0;0.0;0.0;0.0
2030-05-06 18:00:00;514.0983740022441;1040.4688132120662;0.0;210.02100210021004;0.0;0.0;0.0;0.0
2030-05-06 19:00:00;514.3224067612175;1040.4688132120662;0.0;210.02100210021004;0.0;0.0;0.0;0.0
2030-05-06 20:00:00;514.2875363903388;1040.4688132120662;0.0;210.02100210021004;0.0;0.0;0.0;0.0
2030-05-06 21:00:00;514.2801311234882;1040.4688132120662;0.0;210.02100210021004;0.0;0.0;0.0;0.0
2030-05-06 22:00:00;514.3229166032961;1040.4688132120662;0.0;210.02100210021004;0.0;0.0;0.0;0.0
2030-05-06 23:00:00;513.4579820092619;1040.4688132120662;0.0;210.02100210021004;0.0;0.0;0.0;0.0
2030-05-07 00:00:00;513.3557686466869;1040.4688132120662;0.0;210.02100210021004;0.0;0.0;0.0;0.0
2030-05-07 01:00:00;513.1255064755098;1040.4688132120662;0.0;210.02100210021004;0.0;0.0;0.0;0.0
2030-05-07 02:00:00;513.3156885477615;1040.4688132120662;0.0;210.02100210021004;0.0;0.0;0.0;0.0
2030-05-07 03:00:00;513.5285923449312;1040.4688132120662;0.0;210.02100210021004;0.0;0.0;0.0;0.0
2030-05-07 04:00:00;513.4737066150094;1040.4688132120662;0.0;210.02100210021004;0.0;0.0;0.0;0.0
2030-05-07 05:00:00;513.9469423588607;1040.4688132120662;0.0;210.02100210021004;0.0;0.0;0.0;0.0
2030-05-07 06:00:00;515.406626024957;1040.4688132120662;0.0;210.02100210021004;0.0;0.0;0.0;0.0
2030-05-07 07:00:00;515.1331727739177;1040.4688132120662;0.0;210.02100210021004;0.0;0.0;0.0;0.0
2030-05-07 08:00:00;515.3041569600261;1040.4688132120662;0.0;210.02100210021004;0.0;0.0;0.0;0.0
2030-05-07 09:00:00;514.8666609884183;1040.4688132120662;0.0;210.02100210021004;0.0;0.0;0.0;0.0
2030-05-07 10:00:00;514.5774807765526;1040.4688132120662;0.0;210.02100210021004;0.0;0.0;0.0;0.0
2030-05-07 11:00:00;514.8990295597586;1040.4688132120662;0.0;210.02100210021004;0.0;0.0;0.0;0.0
2030-05-07 12:00:00;514.8191274193425;1040.4688132120662;0.0;210.02100210021004;0.0;0.0;0.0;0.0
2030-05-07 13:00:00;514.9686697846569;1040.4688132120662;0.0;210.02100210021004;0.0;0.0;0.0;0.0
2030-05-07 14:00:00;514.4764928420107;1040.4688132120662;0.0;210.02100210021004;0.0;0.0;0.0;0.0
2030-05-07 15:00:00;513.9202402516412;1040.4688132120662;0.0;210.02100210021004;0.0;0.0;0.0;0.0
2030-05-07 16:00:00;514.0977612882277;1040.4688132120662;0.0;210.02100210021004;0.0;0.0;0.0;0.0
2030-05-07 17:00:00;514.4939019669439;1040.4688132120662;0.0;210.02100210021004;0.0;0.0;0.0;0.0
2030-05-07 18:00:00;514.5913684177901;1040.4688132120662;0.0;210.02100210021004;0.0;0.0;0.0;0.0
2030-05-07 19:00:00;514.6508993650422;1040.4688132120662;0.0;210.02100210021004;0.0;0.0;0.0;0.0
2030-05-07 20:00:00;516.3326248176443;1040.4688132120662;0.0;210.02100210021004;0.0;0.0;0.0;0.0
2030-05-07 21:00:00;515.3649656488701;1040.4688132120662;0.0;210.02100210021004;0.0;0.0;0.0;0.0
2030-05-07 22:00:00;513.6601115012094;1040.4688132120662;0.0;210.02100210021004;0.0;0.0;0.0;0.0
2030-05-07 23:00:00;513.0275303751318;1040.4688132120662;0.0;210.02100210021004;0.0;0.0;0.0;0.0
2030-05-08 00:00:00;511.0687261383174;1040.4688132120662;0.0;210.02100210021004;0.0;0.0;0.0;0.0
2030-05-08 01:00:00;510.0687481641364;1040.4688132120662;0.0;210.02100210021004;0.0;0.0;0.0;0.0
2030-05-08 02:00:00;509.0326730209572;1040.4688132120662;0.0;210.02100210021004;0.0;0.0;0.0;0.0
2030-05-08 03:00:00;510.2149700794731;1040.4688132120662;0.0;210.02100210021004;0.0;0.0;0.0;0.0
2030-05-08 04:00:00;508.8846117860318;1040.4688132120662;0.0;210.02100210021004;0.0;0.0;0.0;0.0
2030-05-08 05:00:00;509.6021497876221;1040.4688132120662;0.0;210.02100210021004;0.0;0.0;0.0;0.0
2030-05-08 06:00:00;512.4012292196369;1040.4688132120662;0.0;210.02100210021004;0.0;0.0;0.0;0.0
2030-05-08 07:00:00;512.6576305499505;1040.4688132120662;0.0;210.02100210021004;0.0;0.0;0.0;0.0
2030-05-08 08:00:00;512.4704105459294;1040.4688132120662;0.0;210.02100210021004;0.0;0.0;0.0;0.0
2030-05-08 09:00:00;512.4862382161618;1040.4688132120662;0.0;210.02100210021004;0.0;0.0;0.0;0.0
2030-05-08 10:00:00;439.4197196978195;1040.4688132120662;0.0;210.02100210021004;0.0;0.0;0.0;0.0
2030-05-08 11:00:00;439.6790817262773;1040.4688132120662;0.0;210.02100210021004;0.0;0.0;0.0;0.0
2030-05-08 12:00:00;439.6172535458232;1040.4688132120662;0.0;210.02100210021004;0.0;0.0;0.0;0.0
2030-05-08 13:00:00;439.0997523693145;1040.4688132120662;0.0;210.02100210021004;0.0;0.0;0.0;0.0
2030-05-08 14:00:00;439.2531240416928;1040.4688132120662;0.0;210.02100210021004;0.0;0.0;0.0;0.0
2030-05-08 15:00:00;438.9079355438103;1040.4688132120662;0.0;210.02100210021004;0.0;0.0;0.0;0.0
2030-05-08 16:00:00;439.1726091872604;1040.4688132120662;0.0;210.02100210021004;0.0;0.0;0.0;0.0
2030-05-08 17:00:00;438.4111122062944;1040.4688132120662;0.0;210.02100210021004;0.0;0.0;0.0;0.0
2030-05-08 18:00:00;438.9099772672034;1040.4688132120662;0.0;210.02100210021004;0.0;0.0;0.0;0.0
2030-05-08 19:00:00;511.1007373129032;1040.4688132120662;0.0;210.02100210021004;0.0;0.0;0.0;0.0
2030-05-08 20:00:00;510.9423110979752;1040.4688132120662;0.0;210.02100210021004;0.0;0.0;0.0;0.0
2030-05-08 21:00:00;437.9929653886147;1040.4688132120662;0.0;210.02100210021004;0.0;0.0;0.0;0.0
2030-05-08 22:00:00;437.7233921955649;1040.4688132120662;0.0;210.02100210021004;0.0;0.0;0.0;0.0
2030-05-08 23:00:00;437.4267934530392;1040.4688132120662;0.0;210.02100210021004;0.0;0.0;0.0;0.0
2030-05-09 00:00:00;437.371190042863;1040.4688132120662;0.0;210.02100210021004;0.0;0.0;0.0;0.0
2030-05-09 01:00:00;437.3195514078258;1040.4688132120662;0.0;210.02100210021004;0.0;0.0;0.0;0.0
2030-05-09 02:00:00;437.3188083804683;1040.4688132120662;0.0;210.02100210021004;0.0;0.0;0.0;0.0
2030-05-09 03:00:00;437.3068999245786;1040.4688132120662;0.0;210.02100210021004;0.0;0.0;0.0;0.0
2030-05-09 04:00:00;437.3264517886736;1040.4688132120662;0.0;210.02100210021004;0.0;0.0;0.0;0.0
2030-05-09 05:00:00;437.365129247603;1040.4688132120662;0.0;210.02100210021004;0.0;0.0;0.0;0.0
2030-05-09 06:00:00;437.4585622883451;1040.4688132120662;0.0;210.02100210021004;0.0;0.0;0.0;0.0
2030-05-09 07:00:00;498.9004818466018;1040.4688132120662;0.0;210.02100210021004;0.0;0.0;0.0;0.0
2030-05-09 08:00:00;440.4187785047023;1040.4688132120662;0.0;210.02100210021004;0.0;0.0;0.0;0.0
2030-05-09 09:00:00;440.0519424421502;1040.4688132120662;0.0;210.02100210021004;0.0;0.0;0.0;0.0
2030-05-09 10:00:00;440.7280732223837;1040.4688132120662;0.0;210.02100210021004;0.0;0.0;0.0;0.0
2030-05-09 11:00:00;440.2520799766379;1040.4688132120662;0.0;210.02100210021004;0.0;0.0;0.0;0.0
2030-05-09 12:00:00;438.9992247034648;1040.4688132120662;0.0;210.02100210021004;0.0;0.0;0.0;0.0
2030-05-09 13:00:00;439.6024988582996;1040.4688132120662;0.0;210.02100210021004;0.0;0.0;0.0;0.0
2030-05-09 14:00:00;441.7810464708781;1040.4688132120662;0.0;210.02100210021004;0.0;0.0;0.0;0.0
2030-05-09 15:00:00;441.7106930151043;1040.4688132120662;0.0;210.02100210021004;0.0;0.0;0.0;0.0
2030-05-09 16:00:00;441.7807413876828;1040.4688132120662;0.0;210.02100210021004;0.0;0.0;0.0;0.0
2030-05-09 17:00:00;514.0760108516203;1040.4688132120662;0.0;210.02100210021004;0.0;0.0;0.0;0.0
2030-05-09 18:00:00;514.7795087666489;1040.4688132120662;0.0;210.02100210021004;0.0;0.0;0.0;0.0
2030-05-09 19:00:00;515.1566065521715;1040.4688132120662;0.0;210.02100210021004;0.0;0.0;0.0;0.0
2030-05-09 20:00:00;514.823773814212;1040.4688132120662;0.0;210.02100210021004;0.0;0.0;0.0;0.0
2030-05-09 21:00:00;514.5873866654022;1040.4688132120662;0.0;210.02100210021004;0.0;0.0;0.0;0.0
2030-05-09 22:00:00;514.2401552665871;1040.4688132120662;0.0;210.02100210021004;0.0;0.0;0.0;0.0
2030-05-09 23:00:00;513.8599439525017;1040.4688132120662;0.0;210.02100210021004;0.0;0.0;0.0;0.0
2030-05-10 00:00:00;513.5916459534182;1040.4688132120662;0.0;210.02100210021004;0.0;0.0;0.0;0.0
2030-05-10 01:00:00;513.7100430128935;1040.4688132120662;0.0;210.02100210021004;0.0;0.0;0.0;0.0
2030-05-10 02:00:00;512.2924292406507;1040.4688132120662;0.0;210.02100210021004;0.0;0.0;0.0;0.0
2030-05-10 03:00:00;511.8611626812468;1040.4688132120662;0.0;210.02100210021004;0.0;0.0;0.0;0.0
2030-05-10 04:00:00;512.1251712971213;1040.4688132120662;0.0;210.02100210021004;0.0;0.0;0.0;0.0
2030-05-10 05:00:00;512.4572882565794;1040.4688132120662;0.0;210.02100210021004;0.0;0.0;0.0;0.0
2030-05-10 06:00:00;514.0078515645637;1040.4688132120662;0.0;210.02100210021004;0.0;0.0;0.0;0.0
2030-05-10 07:00:00;514.8621670388729;1040.4688132120662;0.0;210.02100210021004;0.0;0.0;0.0;0.0
2030-05-10 08:00:00;514.682655029819;1040.4688132120662;0.0;210.02100210021004;0.0;0.0;0.0;0.0
2030-05-10 09:00:00;515.1588020909753;1040.4688132120662;0.0;210.02100210021004;0.0;0.0;0.0;0.0
2030-05-10 10:00:00;443.2255161657509;1040.4688132120662;0.0;210.02100210021004;0.0;0.0;0.0;0.0
2030-05-10 11:00:00;443.0397761145794;1040.4688132120662;0.0;210.02100210021004;0.0;0.0;0.0;0.0
2030-05-10 12:00:00;442.6797810007082;1040.4688132120662;0.0;210.02100210021004;0.0;0.0;0.0;0.0
2030-05-10 13:00:00;442.3914194392817;1040.4688132120662;0.0;210.02100210021004;0.0;0.0;0.0;0.0
2030-05-10 14:00:00;442.3094234544603;1040.4688132120662;0.0;210.02100210021004;0.0;0.0;0.0;0.0
2030-05-10 15:00:00;441.8930628503648;1040.4688132120662;0.0;210.02100210021004;0.0;0.0;0.0;0.0
2030-05-10 16:00:00;441.9071550579386;1040.4688132120662;0.0;210.02100210021004;0.0;0.0;0.0;0.0
2030-05-10 17:00:00;514.4548962208137;1040.4688132120662;0.0;210.02100210021004;0.0;0.0;0.0;0.0
2030-05-10 18:00:00;514.9208818833115;1040.4688132120662;0.0;210.02100210021004;0.0;0.0;0.0;0.0
2030-05-10 19:00:00;514.9920539895245;1040.4688132120662;0.0;210.02100210021004;0.0;0.0;0.0;0.0
2030-05-10 20:00:00;513.8551956706867;1040.4688132120662;0.0;210.02100210021004;0.0;0.0;0.0;0.0
2030-05-10 21:00:00;513.4648737088685;1040.4688132120662;0.0;210.02100210021004;0.0;0.0;0.0;0.0
2030-05-10 22:00:00;514.0667188543264;1040.4688132120662;0.0;210.02100210021004;0.0;0.0;0.0;0.0
2030-05-10 23:00:00;512.7956867492537;1040.4688132120662;0.0;210.02100210021004;0.0;0.0;0.0;0.0
2030-05-11 00:00:00;500.0282601220963;1040.4688132120662;0.0;210.02100210021004;0.0;0.0;0.0;0.0
2030-05-11 01:00:00;437.3607617539914;1040.4688132120662;0.0;210.02100210021004;0.0;0.0;0.0;0.0
2030-05-11 02:00:00;437.3045766393545;1040.4688132120662;0.0;210.02100210021004;0.0;0.0;0.0;0.0
2030-05-11 03:00:00;437.2669954696007;1040.4688132120662;0.0;210.02100210021004;0.0;0.0;0.0;0.0
2030-05-11 04:00:00;437.272204903879;1040.4688132120662;0.0;210.02100210021004;0.0;0.0;0.0;0.0
2030-05-11 05:00:00;437.2760742983271;1040.4688132120662;0.0;210.02100210021004;0.0;0.0;0.0;0.0
2030-05-11 06:00:00;437.2809999456115;1040.4688132120662;0.0;210.02100210021004;0.0;0.0;0.0;0.0
2030-05-11 07:00:00;437.2881193487865;1040.4688132120662;0.0;210.02100210021004;0.0;0.0;0.0;0.0
2030-05-11 08:00:00;437.3087439512693;1040.4688132120662;0.0;210.02100210021004;0.0;0.0;0.0;0.0
2030-05-11 09:00:00;437.25940151805;1040.4688132120662;0.0;210.02100210021004;0.0;0.0;0.0;0.0
2030-05-11 10:00:00;437.2870101066775;1040.4688132120662;0.0;210.02100210021004;0.0;0.0;0.0;0.0
2030-05-11 11:00:00;437.2586137441955;1040.4688132120662;0.0;210.02100210021004;0.0;0.0;0.0;0.0
2030-05-11 12:00:00;437.2871914477442;1040.4688132120662;0.0;210.02100210021004;0.0;0.0;0.0;0.0
2030-05-11 13:00:00;437.2742973913819;1040.4688132120662;0.0;210.02100210021004;0.0;0.0;0.0;0.0
2030-05-11 14:00:00;437.1844499580939;1040.4688132120662;0.0;210.02100210021004;0.0;0.0;0.0;0.0
2030-05-11 15:00:00;437.1959486302745;1040.4688132120662;0.0;210.02100210021004;0.0;0.0;0.0;0.0
2030-05-11 16:00:00;437.1893602973661;1040.4688132120662;0.0;210.02100210021004;0.0;0.0;0.0;0.0
2030-05-11 17:00:00;437.2199021366237;1040.4688132120662;0.0;210.02100210021004;0.0;0.0;0.0;0.0
2030-05-11 18:00:00;437.2345648571555;1040.4688132120662;0.0;210.02100210021004;0.0;0.0;0.0;0.0
2030-05-11 19:00:00;437.241230907664;1040.4688132120662;0.0;210.02100210021004;0.0;0.0;0.0;0.0
2030-05-11 20:00:00;437.2643377631889;1040.4688132120662;0.0;210.02100210021004;0.0;0.0;0.0;0.0
2030-05-11 21:00:00;437.278071405139;1040.4688132120662;0.0;210.02100210021004;0.0;0.0;0.0;0.0
2030-05-11 22:00:00;437.2784753011511;1040.4688132120662;0.0;210.02100210021004;0.0;0.0;0.0;0.0
2030-05-11 23:00:00;437.2702831595883;1040.4688132120662;0.0;210.02100210021004;0.0;0.0;0.0;0.0
2030-05-12 00:00:00;437.2514908084023;1040.4688132120662;0.0;210.02100210021004;0.0;0.0;0.0;0.0
2030-05-12 01:00:00;437.2218827578841;1040.4688132120662;0.0;210.02100210021004;0.0;0.0;0.0;0.0
2030-05-12 02:00:00;437.1842862801182;1040.4688132120662;0.0;210.02100210021004;0.0;0.0;0.0;0.0
2030-05-12 03:00:00;437.1744550037191;1040.4688132120662;0.0;210.02100210021004;0.0;0.0;0.0;0.0
2030-05-12 04:00:00;437.1759940477069;1040.4688132120662;0.0;210.02100210021004;0.0;0.0;0.0;0.0
2030-05-12 05:00:00;437.1935617579232;1040.4688132120662;0.0;210.02100210021004;0.0;0.0;0.0;0.0
2030-05-12 06:00:00;437.1815214176215;1040.4688132120662;0.0;210.02100210021004;0.0;0.0;0.0;0.0
2030-05-12 07:00:00;437.1685001870046;1040.4688132120662;0.0;210.02100210021004;0.0;0.0;0.0;0.0
2030-05-12 08:00:00;437.1693645009196;1040.4688132120662;0.0;210.02100210021004;0.0;0.0;0.0;0.0
2030-05-12 09:00:00;437.1783138003127;1040.4688132120662;0.0;210.02100210021004;0.0;0.0;0.0;0.0
2030-05-12 10:00:00;437.1816827405185;1040.4688132120662;0.0;210.02100210021004;0.0;0.0;0.0;0.0
2030-05-12 11:00:00;437.1792499441308;1040.4688132120662;0.0;210.02100210021004;0.0;0.0;0.0;0.0
2030-05-12 12:00:00;437.1756313655736;1040.4688132120662;0.0;210.02100210021004;0.0;0.0;0.0;0.0
2030-05-12 13:00:00;437.1657365020473;1040.4688132120662;0.0;210.02100210021004;0.0;0.0;0.0;0.0
2030-05-12 14:00:00;437.1565458070785;1040.4688132120662;0.0;210.02100210021004;0.0;0.0;0.0;0.0
2030-05-12 15:00:00;437.1506722405821;1040.4688132120662;0.0;210.02100210021004;0.0;0.0;0.0;0.0
2030-05-12 16:00:00;437.1398165049105;1040.4688132120662;0.0;210.02100210021004;0.0;0.0;0.0;0.0
2030-05-12 17:00:00;437.1451578236009;1040.4688132120662;0.0;210.02100210021004;0.0;0.0;0.0;0.0
2030-05-12 18:00:00;437.1674451117077;1040.4688132120662;0.0;210.02100210021004;0.0;0.0;0.0;0.0
2030-05-12 19:00:00;437.1667809794896;1040.4688132120662;0.0;210.02100210021004;0.0;0.0;0.0;0.0
2030-05-12 20:00:00;437.1834961511849;1040.4688132120662;0.0;210.02100210021004;0.0;0.0;0.0;0.0
2030-05-12 21:00:00;437.1888621982025;1040.4688132120662;0.0;210.02100210021004;0.0;0.0;0.0;0.0
2030-05-12 22:00:00;437.1933886596324;1040.4688132120662;0.0;210.02100210021004;0.0;0.0;0.0;0.0
2030-05-12 23:00:00;437.1978951028925;1040.4688132120662;0.0;210.02100210021004;0.0;0.0;0.0;0.0
2030-05-13 00:00:00;437.223087380684;1040.4688132120662;0.0;210.02100210021004;0.0;0.0;0.0;0.0
2030-05-13 01:00:00;437.2684579735279;1040.4688132120662;0.0;210.02100210021004;0.0;0.0;0.0;0.0
2030-05-13 02:00:00;437.2636065112254;1040.4688132120662;0.0;210.02100210021004;0.0;0.0;0.0;0.0
2030-05-13 03:00:00;437.269349370849;1040.4688132120662;0.0;210.02100210021004;0.0;0.0;0.0;0.0
2030-05-13 04:00:00;437.26800697594;1040.4688132120662;0.0;210.02100210021004;0.0;0.0;0.0;0.0
2030-05-13 05:00:00;437.3140770271839;1040.4688132120662;0.0;210.02100210021004;0.0;0.0;0.0;0.0
2030-05-13 06:00:00;437.3574163645735;1040.4688132120662;0.0;210.02100210021004;0.0;0.0;0.0;0.0
2030-05-13 07:00:00;437.3850744098555;1040.4688132120662;0.0;210.02100210021004;0.0;0.0;0.0;0.0
2030-05-13 08:00:00;437.400534324557;1040.4688132120662;0.0;210.02100210021004;0.0;0.0;0.0;0.0
2030-05-13 09:00:00;437.3799014792985;1040.4688132120662;0.0;210.02100210021004;0.0;0.0;0.0;0.0
2030-05-13 10:00:00;437.328931686637;1040.4688132120662;0.0;210.02100210021004;0.0;0.0;0.0;0.0
2030-05-13 11:00:00;437.3051948475363;1040.4688132120662;0.0;210.02100210021004;0.0;0.0;0.0;0.0
2030-05-13 12:00:00;437.3046178532334;1040.4688132120662;0.0;210.02100210021004;0.0;0.0;0.0;0.0
2030-05-13 13:00:00;437.301638678567;1040.4688132120662;0.0;210.02100210021004;0.0;0.0;0.0;0.0
2030-05-13 14:00:00;437.3035309843729;1040.4688132120662;0.0;210.02100210021004;0.0;0.0;0.0;0.0
2030-05-13 15:00:00;437.3032012733426;1040.4688132120662;0.0;210.02100210021004;0.0;0.0;0.0;0.0
2030-05-13 16:00:00;437.3340575156183;1040.4688132120662;0.0;210.02100210021004;0.0;0.0;0.0;0.0
2030-05-13 17:00:00;437.3846893544738;1040.4688132120662;0.0;210.02100210021004;0.0;0.0;0.0;0.0
2030-05-13 18:00:00;437.426918272215;1040.4688132120662;0.0;210.02100210021004;0.0;0.0;0.0;0.0
2030-05-13 19:00:00;437.4471695947099;1040.4688132120662;0.0;210.02100210021004;0.0;0.0;0.0;0.0
2030-05-13 20:00:00;510.1227643001462;1040.4688132120662;0.0;210.02100210021004;0.0;0.0;0.0;0.0
2030-05-13 21:00:00;509.5021307863116;1040.4688132120662;0.0;210.02100210021004;0.0;0.0;0.0;0.0
2030-05-13 22:00:00;510.4321123163791;1040.4688132120662;0.0;210.02100210021004;0.0;0.0;0.0;0.0
2030-05-13 23:00:00;500.407773181318;1040.4688132120662;0.0;210.02100210021004;0.0;0.0;0.0;0.0
2030-05-14 00:00:00;437.3589224374582;1040.4688132120662;0.0;210.02100210021004;0.0;0.0;0.0;0.0
2030-05-14 01:00:00;462.6828225431051;1040.4688132120662;0.0;210.02100210021004;0.0;0.0;0.0;0.0
2030-05-14 02:00:00;507.7357549114785;1040.4688132120662;0.0;210.02100210021004;0.0;0.0;0.0;0.0
2030-05-14 03:00:00;509.1584741697437;1040.4688132120662;0.0;210.02100210021004;0.0;0.0;0.0;0.0
2030-05-14 04:00:00;509.701248444095;1040.4688132120662;0.0;210.02100210021004;0.0;0.0;0.0;0.0
2030-05-14 05:00:00;512.2129352479149;1040.4688132120662;0.0;210.02100210021004;0.0;0.0;0.0;0.0
2030-05-14 06:00:00;509.6866134558488;1040.4688132120662;0.0;210.02100210021004;0.0;0.0;0.0;0.0
2030-05-14 07:00:00;441.5029987534343;1040.4688132120662;0.0;210.02100210021004;0.0;0.0;0.0;0.0
2030-05-14 08:00:00;440.4402722539615;1040.4688132120662;0.0;210.02100210021004;0.0;0.0;0.0;0.0
2030-05-14 09:00:00;440.0733344970109;1040.4688132120662;0.0;210.02100210021004;0.0;0.0;0.0;0.0
2030-05-14 10:00:00;439.1252799919737;1040.4688132120662;0.0;210.02100210021004;0.0;0.0;0.0;0.0
2030-05-14 11:00:00;438.4062101090689;1040.4688132120662;0.0;210.02100210021004;0.0;0.0;0.0;0.0
2030-05-14 12:00:00;437.8848811881298;1040.4688132120662;0.0;210.02100210021004;0.0;0.0;0.0;0.0
2030-05-14 13:00:00;437.9166876038322;1040.4688132120662;0.0;210.02100210021004;0.0;0.0;0.0;0.0
2030-05-14 14:00:00;438.917483050913;1040.4688132120662;0.0;210.02100210021004;0.0;0.0;0.0;0.0
2030-05-14 15:00:00;439.228820669527;1040.4688132120662;0.0;210.02100210021004;0.0;0.0;0.0;0.0
2030-05-14 16:00:00;438.7479278741814;1040.4688132120662;0.0;210.02100210021004;0.0;0.0;0.0;0.0
2030-05-14 17:00:00;438.9992744693982;1040.4688132120662;0.0;210.02100210021004;0.0;0.0;0.0;0.0
2030-05-14 18:00:00;440.0962584331861;1040.4688132120662;0.0;210.02100210021004;0.0;0.0;0.0;0.0
2030-05-14 19:00:00;440.3234580192736;1040.4688132120662;0.0;210.02100210021004;0.0;0.0;0.0;0.0
2030-05-14 20:00:00;440.7287890008851;1040.4688132120662;0.0;210.02100210021004;0.0;0.0;0.0;0.0
2030-05-14 21:00:00;441.1050695060551;1040.4688132120662;0.0;210.02100210021004;0.0;0.0;0.0;0.0
2030-05-14 22:00:00;439.9165939788081;1040.4688132120662;0.0;210.02100210021004;0.0;0.0;0.0;0.0
2030-05-14 23:00:00;439.804220395114;1040.4688132120662;0.0;210.02100210021004;0.0;0.0;0.0;0.0
2030-05-15 00:00:00;439.1108317577318;1040.4688132120662;0.0;210.02100210021004;0.0;0.0;0.0;0.0
2030-05-15 01:00:00;438.5629010538854;1040.4688132120662;0.0;210.02100210021004;0.0;0.0;0.0;0.0
2030-05-15 02:00:00;438.0349333955228;1040.4688132120662;0.0;210.02100210021004;0.0;0.0;0.0;0.0
2030-05-15 03:00:00;438.7526252125236;1040.4688132120662;0.0;210.02100210021004;0.0;0.0;0.0;0.0
2030-05-15 04:00:00;438.9811495659635;1040.4688132120662;0.0;210.02100210021004;0.0;0.0;0.0;0.0
2030-05-15 05:00:00;439.8851433972266;1040.4688132120662;0.0;210.02100210021004;0.0;0.0;0.0;0.0
2030-05-15 06:00:00;441.1093065757051;1040.4688132120662;0.0;210.02100210021004;0.0;0.0;0.0;0.0
2030-05-15 07:00:00;441.1728206454314;1040.4688132120662;0.0;210.02100210021004;0.0;0.0;0.0;0.0
2030-05-15 08:00:00;441.2453186965364;1040.4688132120662;0.0;210.02100210021004;0.0;0.0;0.0;0.0
2030-05-15 09:00:00;441.232605924953;1040.4688132120662;0.0;210.02100210021004;0.0;0.0;0.0;0.0
2030-05-15 10:00:00;440.8070054445759;1040.4688132120662;0.0;210.02100210021004;0.0;0.0;0.0;0.0
2030-05-15 11:00:00;440.311203953749;1040.4688132120662;0.0;210.02100210021004;0.0;0.0;0.0;0.0
2030-05-15 12:00:00;440.0330002583629;1040.4688132120662;0.0;210.02100210021004;0.0;0.0;0.0;0.0
2030-05-15 13:00:00;437.9168935402549;1040.4688132120662;0.0;210.02100210021004;0.0;0.0;0.0;0.0
2030-05-15 14:00:00;437.4299009794995;1040.4688132120662;0.0;210.02100210021004;0.0;0.0;0.0;0.0
2030-05-15 15:00:00;437.4417211199348;1040.4688132120662;0.0;210.02100210021004;0.0;0.0;0.0;0.0
2030-05-15 16:00:00;437.4698019765736;1040.4688132120662;0.0;210.02100210021004;0.0;0.0;0.0;0.0
2030-05-15 17:00:00;438.8504158632663;1040.4688132120662;0.0;210.02100210021004;0.0;0.0;0.0;0.0
2030-05-15 18:00:00;439.2423003556315;1040.4688132120662;0.0;210.02100210021004;0.0;0.0;0.0;0.0
2030-05-15 19:00:00;511.4116148553719;1040.4688132120662;0.0;210.02100210021004;0.0;0.0;0.0;0.0
2030-05-15 20:00:00;512.1449805271945;1040.4688132120662;0.0;210.02100210021004;0.0;0.0;0.0;0.0
2030-05-15 21:00:00;511.1744623546745;1040.4688132120662;0.0;210.02100210021004;0.0;0.0;0.0;0.0
2030-05-15 22:00:00;511.0873087628185;1040.4688132120662;0.0;210.02100210021004;0.0;0.0;0.0;0.0
2030-05-15 23:00:00;509.487273034303;1040.4688132120662;0.0;210.02100210021004;0.0;0.0;0.0;0.0
2030-05-16 00:00:00;508.4925022405429;1040.4688132120662;0.0;210.02100210021004;0.0;0.0;0.0;0.0
2030-05-16 01:00:00;507.2395950389047;1040.4688132120662;0.0;210.02100210021004;0.0;0.0;0.0;0.0
2030-05-16 02:00:00;507.3233772373103;1040.4688132120662;0.0;210.02100210021004;0.0;0.0;0.0;0.0
2030-05-16 03:00:00;507.3191909185861;1040.4688132120662;0.0;210.02100210021004;0.0;0.0;0.0;0.0
2030-05-16 04:00:00;507.7349386161181;1040.4688132120662;0.0;210.02100210021004;0.0;0.0;0.0;0.0
2030-05-16 05:00:00;508.7511002871996;1040.4688132120662;0.0;210.02100210021004;0.0;0.0;0.0;0.0
2030-05-16 06:00:00;510.5088476296811;1040.4688132120662;0.0;210.02100210021004;0.0;0.0;0.0;0.0
2030-05-16 07:00:00;513.3933951493736;1040.4688132120662;0.0;210.02100210021004;0.0;0.0;0.0;0.0
2030-05-16 08:00:00;440.7522239566783;1040.4688132120662;0.0;210.02100210021004;0.0;0.0;0.0;0.0
2030-05-16 09:00:00;440.5612232339874;1040.4688132120662;0.0;210.02100210021004;0.0;0.0;0.0;0.0
2030-05-16 10:00:00;440.4946467717182;1040.4688132120662;0.0;210.02100210021004;0.0;0.0;0.0;0.0
2030-05-16 11:00:00;439.9591225787204;1040.4688132120662;0.0;210.02100210021004;0.0;0.0;0.0;0.0
2030-05-16 12:00:00;440.2769439418079;1040.4688132120662;0.0;210.02100210021004;0.0;0.0;0.0;0.0
2030-05-16 13:00:00;440.5453957563021;1040.4688132120662;0.0;210.02100210021004;0.0;0.0;0.0;0.0
2030-05-16 14:00:00;439.3888806527151;1040.4688132120662;0.0;210.02100210021004;0.0;0.0;0.0;0.0
2030-05-16 15:00:00;439.1478976674144;1040.4688132120662;0.0;210.02100210021004;0.0;0.0;0.0;0.0
2030-05-16 16:00:00;439.3894426158058;1040.4688132120662;0.0;210.02100210021004;0.0;0.0;0.0;0.0
2030-05-16 17:00:00;439.9247112989947;1040.4688132120662;0.0;210.02100210021004;0.0;0.0;0.0;0.0
2030-05-16 18:00:00;439.7532147231817;1040.4688132120662;0.0;210.02100210021004;0.0;0.0;0.0;0.0
2030-05-16 19:00:00;439.4720003711709;1040.4688132120662;0.0;210.02100210021004;0.0;0.0;0.0;0.0
2030-05-16 20:00:00;439.724318254698;1040.4688132120662;0.0;210.02100210021004;0.0;0.0;0.0;0.0
2030-05-16 21:00:00;439.6071454457161;1040.4688132120662;0.0;210.02100210021004;0.0;0.0;0.0;0.0
2030-05-16 22:00:00;439.5104964677696;1040.4688132120662;0.0;210.02100210021004;0.0;0.0;0.0;0.0
2030-05-16 23:00:00;438.6352974105919;1040.4688132120662;0.0;210.02100210021004;0.0;0.0;0.0;0.0
2030-05-17 00:00:00;438.5111821510777;1040.4688132120662;0.0;210.02100210021004;0.0;0.0;0.0;0.0
2030-05-17 01:00:00;439.579881375406;1040.4688132120662;0.0;210.02100210021004;0.0;0.0;0.0;0.0
2030-05-17 02:00:00;439.198494014127;1040.4688132120662;0.0;210.02100210021004;0.0;0.0;0.0;0.0
2030-05-17 03:00:00;438.9250917065604;1040.4688132120662;0.0;210.02100210021004;0.0;0.0;0.0;0.0
2030-05-17 04:00:00;439.9016842983344;1040.4688132120662;0.0;210.02100210021004;0.0;0.0;0.0;0.0
2030-05-17 05:00:00;440.6498567786929;1040.4688132120662;0.0;210.02100210021004;0.0;0.0;0.0;0.0
2030-05-17 06:00:00;439.7272791453894;1040.4688132120662;0.0;210.02100210021004;0.0;0.0;0.0;0.0
2030-05-17 07:00:00;440.4486462614965;1040.4688132120662;0.0;210.02100210021004;0.0;0.0;0.0;0.0
2030-05-17 08:00:00;440.7941398425743;1040.4688132120662;0.0;210.02100210021004;0.0;0.0;0.0;0.0
2030-05-17 09:00:00;441.0992494190708;1040.4688132120662;0.0;210.02100210021004;0.0;0.0;0.0;0.0
2030-05-17 10:00:00;441.0192442141699;1040.4688132120662;0.0;210.02100210021004;0.0;0.0;0.0;0.0
2030-05-17 11:00:00;440.9255574970011;1040.4688132120662;0.0;210.02100210021004;0.0;0.0;0.0;0.0
2030-05-17 12:00:00;440.5052660839904;1040.4688132120662;0.0;210.02100210021004;0.0;0.0;0.0;0.0
2030-05-17 13:00:00;441.5001893230747;1040.4688132120662;0.0;210.02100210021004;0.0;0.0;0.0;0.0
2030-05-17 14:00:00;441.7661403230227;1040.4688132120662;0.0;210.02100210021004;0.0;0.0;0.0;0.0
2030-05-17 15:00:00;441.8898997484159;1040.4688132120662;0.0;210.02100210021004;0.0;0.0;0.0;0.0
2030-05-17 16:00:00;442.8496947517338;1040.4688132120662;0.0;210.02100210021004;0.0;0.0;0.0;0.0
2030-05-17 17:00:00;443.3603040360887;1040.4688132120662;0.0;210.02100210021004;0.0;0.0;0.0;0.0
2030-05-17 18:00:00;443.6251301248628;1040.4688132120662;0.0;210.02100210021004;0.0;0.0;0.0;0.0
2030-05-17 19:00:00;516.1382562341212;1040.4688132120662;0.0;210.02100210021004;0.0;0.0;0.0;0.0
2030-05-17 20:00:00;515.8607681246893;1040.4688132120662;0.0;210.02100210021004;0.0;0.0;0.0;0.0
2030-05-17 21:00:00;515.1209189009402;1040.4688132120662;0.0;210.02100210021004;0.0;0.0;0.0;0.0
2030-05-17 22:00:00;513.029827608334;1040.4688132120662;0.0;210.02100210021004;0.0;0.0;0.0;0.0
2030-05-17 23:00:00;510.4233799270974;1040.4688132120662;0.0;210.02100210021004;0.0;0.0;0.0;0.0
2030-05-18 00:00:00;507.9381399132349;1040.4688132120662;0.0;210.02100210021004;0.0;0.0;0.0;0.0
2030-05-18 01:00:00;506.1241287749277;1040.4688132120662;0.0;210.02100210021004;0.0;0.0;0.0;0.0
2030-05-18 02:00:00;504.825781656072;1040.4688132120662;0.0;210.02100210021004;0.0;0.0;0.0;0.0
2030-05-18 03:00:00;504.8351751552171;1040.4688132120662;0.0;210.02100210021004;0.0;0.0;0.0;0.0
2030-05-18 04:00:00;505.0034553305297;1040.4688132120662;0.0;210.02100210021004;0.0;0.0;0.0;0.0
2030-05-18 05:00:00;505.0906573182324;1040.4688132120662;0.0;210.02100210021004;0.0;0.0;0.0;0.0
2030-05-18 06:00:00;505.0589014609087;1040.4688132120662;0.0;210.02100210021004;0.0;0.0;0.0;0.0
2030-05-18 07:00:00;505.7603564750046;1040.4688132120662;0.0;210.02100210021004;0.0;0.0;0.0;0.0
2030-05-18 08:00:00;506.9939147152617;1040.4688132120662;0.0;210.02100210021004;0.0;0.0;0.0;0.0
2030-05-18 09:00:00;437.3456680540413;1040.4688132120662;0.0;210.02100210021004;0.0;0.0;0.0;0.0
2030-05-18 10:00:00;437.3173235032926;1040.4688132120662;0.0;210.02100210021004;0.0;0.0;0.0;0.0
2030-05-18 11:00:00;437.3064665900816;1040.4688132120662;0.0;210.02100210021004;0.0;0.0;0.0;0.0
2030-05-18 12:00:00;437.2957910179373;1040.4688132120662;0.0;210.02100210021004;0.0;0.0;0.0;0.0
2030-05-18 13:00:00;437.293975252192;1040.4688132120662;0.0;210.02100210021004;0.0;0.0;0.0;0.0
2030-05-18 14:00:00;437.339145663339;1040.4688132120662;0.0;210.02100210021004;0.0;0.0;0.0;0.0
2030-05-18 15:00:00;437.3081269206269;1040.4688132120662;0.0;210.02100210021004;0.0;0.0;0.0;0.0
2030-05-18 16:00:00;437.2973418373189;1040.4688132120662;0.0;210.02100210021004;0.0;0.0;0.0;0.0
2030-05-18 17:00:00;437.2971628513311;1040.4688132120662;0.0;210.02100210021004;0.0;0.0;0.0;0.0
2030-05-18 18:00:00;505.2673608819192;1040.4688132120662;0.0;210.02100210021004;0.0;0.0;0.0;0.0
2030-05-18 19:00:00;505.5028316036037;1040.4688132120662;0.0;210.02100210021004;0.0;0.0;0.0;0.0
2030-05-18 20:00:00;505.6365972421585;1040.4688132120662;0.0;210.02100210021004;0.0;0.0;0.0;0.0
2030-05-18 21:00:00;505.5285626150598;1040.4688132120662;0.0;210.02100210021004;0.0;0.0;0.0;0.0
2030-05-18 22:00:00;505.2705277090333;1040.4688132120662;0.0;210.02100210021004;0.0;0.0;0.0;0.0
2030-05-18 23:00:00;505.2326445189981;1040.4688132120662;0.0;210.02100210021004;0.0;0.0;0.0;0.0
2030-05-19 00:00:00;505.5519975708531;1040.4688132120662;0.0;210.02100210021004;0.0;0.0;0.0;0.0
2030-05-19 01:00:00;503.5153329170159;1040.4688132120662;0.0;210.02100210021004;0.0;0.0;0.0;0.0
2030-05-19 02:00:00;503.8634823055899;1040.4688132120662;0.0;210.02100210021004;0.0;0.0;0.0;0.0
2030-05-19 03:00:00;503.1781600449216;1040.4688132120662;0.0;210.02100210021004;0.0;0.0;0.0;0.0
2030-05-19 04:00:00;502.9705169192714;1040.4688132120662;0.0;210.02100210021004;0.0;0.0;0.0;0.0
2030-05-19 05:00:00;437.2338359602708;1040.4688132120662;0.0;210.02100210021004;0.0;0.0;0.0;0.0
2030-05-19 06:00:00;437.1632083249688;1040.4688132120662;0.0;210.02100210021004;0.0;0.0;0.0;0.0
2030-05-19 07:00:00;437.1680904032955;1040.4688132120662;0.0;210.02100210021004;0.0;0.0;0.0;0.0
2030-05-19 08:00:00;437.1719185838649;1040.4688132120662;0.0;210.02100210021004;0.0;0.0;0.0;0.0
2030-05-19 09:00:00;437.1744255652343;1040.4688132120662;0.0;210.02100210021004;0.0;0.0;0.0;0.0
2030-05-19 10:00:00;437.1656811576958;1040.4688132120662;0.0;210.02100210021004;0.0;0.0;0.0;0.0
2030-05-19 11:00:00;437.1708870593559;1040.4688132120662;0.0;210.02100210021004;0.0;0.0;0.0;0.0
2030-05-19 12:00:00;437.1681304396349;1040.4688132120662;0.0;210.02100210021004;0.0;0.0;0.0;0.0
2030-05-19 13:00:00;437.1585735299147;1040.4688132120662;0.0;210.02100210021004;0.0;0.0;0.0;0.0
2030-05-19 14:00:00;437.1513787642184;1040.4688132120662;0.0;210.02100210021004;0.0;0.0;0.0;0.0
2030-05-19 15:00:00;437.1650158479383;1040.4688132120662;0.0;210.02100210021004;0.0;0.0;0.0;0.0
2030-05-19 16:00:00;437.2020423966376;1040.4688132120662;0.0;210.02100210021004;0.0;0.0;0.0;0.0
2030-05-19 17:00:00;437.2289597696409;1040.4688132120662;0.0;210.02100210021004;0.0;0.0;0.0;0.0
2030-05-19 18:00:00;437.251749867069;1040.4688132120662;0.0;210.02100210021004;0.0;0.0;0.0;0.0
2030-05-19 19:00:00;502.9397299951792;1040.4688132120662;0.0;210.02100210021004;0.0;0.0;0.0;0.0
2030-05-19 20:00:00;503.0604254653961;1040.4688132120662;0.0;210.02100210021004;0.0;0.0;0.0;0.0
2030-05-19 21:00:00;503.1310877295305;1040.4688132120662;0.0;210.02100210021004;0.0;0.0;0.0;0.0
2030-05-19 22:00:00;502.7714498198667;1040.4688132120662;0.0;210.02100210021004;0.0;0.0;0.0;0.0
2030-05-19 23:00:00;502.585301621015;1040.4688132120662;0.0;210.02100210021004;0.0;0.0;0.0;0.0
2030-05-20 00:00:00;502.689659771468;1040.4688132120662;0.0;210.02100210021004;0.0;0.0;0.0;0.0
2030-05-20 01:00:00;503.6946911106594;1040.4688132120662;0.0;210.02100210021004;0.0;0.0;0.0;0.0
2030-05-20 02:00:00;504.3110366113713;1040.4688132120662;0.0;210.02100210021004;0.0;0.0;0.0;0.0
2030-05-20 03:00:00;504.5489048905701;1040.4688132120662;0.0;210.02100210021004;0.0;0.0;0.0;0.0
2030-05-20 04:00:00;506.8639260702116;1040.4688132120662;0.0;210.02100210021004;0.0;0.0;0.0;0.0
2030-05-20 05:00:00;508.4500245841032;1040.4688132120662;0.0;210.02100210021004;0.0;0.0;0.0;0.0
2030-05-20 06:00:00;510.9265864922277;1040.4688132120662;0.0;210.02100210021004;0.0;0.0;0.0;0.0
2030-05-20 07:00:00;470.1206829649465;1040.4688132120662;0.0;210.02100210021004;0.0;0.0;0.0;0.0
2030-05-20 08:00:00;439.0706499644079;1040.4688132120662;0.0;210.02100210021004;0.0;0.0;0.0;0.0
2030-05-20 09:00:00;440.2646414804365;1040.4688132120662;0.0;210.02100210021004;0.0;0.0;0.0;0.0
2030-05-20 10:00:00;439.6214398645475;1040.4688132120662;0.0;210.02100210021004;0.0;0.0;0.0;0.0
2030-05-20 11:00:00;439.4377403592298;1040.4688132120662;0.0;210.02100210021004;0.0;0.0;0.0;0.0
2030-05-20 12:00:00;440.0253927802549;1040.4688132120662;0.0;210.02100210021004;0.0;0.0;0.0;0.0
2030-05-20 13:00:00;440.0469386505262;1040.4688132120662;0.0;210.02100210021004;0.0;0.0;0.0;0.0
2030-05-20 14:00:00;439.6428840404203;1040.4688132120662;0.0;210.02100210021004;0.0;0.0;0.0;0.0
2030-05-20 15:00:00;439.4388133419386;1040.4688132120662;0.0;210.02100210021004;0.0;0.0;0.0;0.0
2030-05-20 16:00:00;439.6235325314134;1040.4688132120662;0.0;210.02100210021004;0.0;0.0;0.0;0.0
2030-05-20 17:00:00;513.1780428512172;1040.4688132120662;0.0;210.02100210021004;0.0;0.0;0.0;0.0
2030-05-20 18:00:00;513.7342942640471;1040.4688132120662;0.0;210.02100210021004;0.0;0.0;0.0;0.0
2030-05-20 19:00:00;514.2062536363928;1040.4688132120662;0.0;210.02100210021004;0.0;0.0;0.0;0.0
2030-05-20 20:00:00;514.3405316646521;1040.4688132120662;0.0;210.02100210021004;0.0;0.0;0.0;0.0
2030-05-20 21:00:00;514.0097418276251;1040.4688132120662;0.0;210.02100210021004;0.0;0.0;0.0;0.0
2030-05-20 22:00:00;513.6365748510176;1040.4688132120662;0.0;210.02100210021004;0.0;0.0;0.0;0.0
2030-05-20 23:00:00;513.3850236894646;1040.4688132120662;0.0;210.02100210021004;0.0;0.0;0.0;0.0
2030-05-21 00:00:00;512.3386345097558;1040.4688132120662;0.0;210.02100210021004;0.0;0.0;0.0;0.0
2030-05-21 01:00:00;439.0473688240253;1040.4688132120662;0.0;210.02100210021004;0.0;0.0;0.0;0.0
2030-05-21 02:00:00;437.4283701782875;1040.4688132120662;0.0;210.02100210021004;0.0;0.0;0.0;0.0
2030-05-21 03:00:00;437.4245090266152;1040.4688132120662;0.0;210.02100210021004;0.0;0.0;0.0;0.0
2030-05-21 04:00:00;437.4312151134631;1040.4688132120662;0.0;210.02100210021004;0.0;0.0;0.0;0.0
2030-05-21 05:00:00;437.4435722118618;1040.4688132120662;0.0;210.02100210021004;0.0;0.0;0.0;0.0
2030-05-21 06:00:00;438.3354895953317;1040.4688132120662;0.0;210.02100210021004;0.0;0.0;0.0;0.0
2030-05-21 07:00:00;440.0928374663495;1040.4688132120662;0.0;210.02100210021004;0.0;0.0;0.0;0.0
2030-05-21 08:00:00;440.6732917344862;1040.4688132120662;0.0;210.02100210021004;0.0;0.0;0.0;0.0
2030-05-21 09:00:00;442.2358522280996;1040.4688132120662;0.0;210.02100210021004;0.0;0.0;0.0;0.0
2030-05-21 10:00:00;440.7763225699608;1040.4688132120662;0.0;210.02100210021004;0.0;0.0;0.0;0.0
2030-05-21 11:00:00;440.8173690544919;1040.4688132120662;0.0;210.02100210021004;0.0;0.0;0.0;0.0
2030-05-21 12:00:00;439.4773601894629;1040.4688132120662;0.0;210.02100210021004;0.0;0.0;0.0;0.0
2030-05-21 13:00:00;439.1506042258362;1040.4688132120662;0.0;210.02100210021004;0.0;0.0;0.0;0.0
2030-05-21 14:00:00;439.6730582504961;1040.4688132120662;0.0;210.02100210021004;0.0;0.0;0.0;0.0
2030-05-21 15:00:00;441.1943665157028;1040.4688132120662;0.0;210.02100210021004;0.0;0.0;0.0;0.0
2030-05-21 16:00:00;441.3958832936339;1040.4688132120662;0.0;210.02100210021004;0.0;0.0;0.0;0.0
2030-05-21 17:00:00;442.1397144623181;1040.4688132120662;0.0;210.02100210021004;0.0;0.0;0.0;0.0
2030-05-21 18:00:00;443.5589108668012;1040.4688132120662;0.0;210.02100210021004;0.0;0.0;0.0;0.0
2030-05-21 19:00:00;443.7795745874029;1040.4688132120662;0.0;210.02100210021004;0.0;0.0;0.0;0.0
2030-05-21 20:00:00;443.9248277620552;1040.4688132120662;0.0;210.02100210021004;0.0;0.0;0.0;0.0
2030-05-21 21:00:00;443.8628978872026;1040.4688132120662;0.0;210.02100210021004;0.0;0.0;0.0;0.0
2030-05-21 22:00:00;443.5976612956695;1040.4688132120662;0.0;210.02100210021004;0.0;0.0;0.0;0.0
2030-05-21 23:00:00;442.8311628781584;1040.4688132120662;0.0;210.02100210021004;0.0;0.0;0.0;0.0
2030-05-22 00:00:00;439.9010206408453;1040.4688132120662;0.0;210.02100210021004;0.0;0.0;0.0;0.0
2030-05-22 01:00:00;438.411266021705;1040.4688132120662;0.0;210.02100210021004;0.0;0.0;0.0;0.0
2030-05-22 02:00:00;437.4017895815508;1040.4688132120662;0.0;210.02100210021004;0.0;0.0;0.0;0.0
2030-05-22 03:00:00;437.384265440292;1040.4688132120662;0.0;210.02100210021004;0.0;0.0;0.0;0.0
2030-05-22 04:00:00;437.4256771456939;1040.4688132120662;0.0;210.02100210021004;0.0;0.0;0.0;0.0
2030-05-22 05:00:00;437.4761535493494;1040.4688132120662;0.0;210.02100210021004;0.0;0.0;0.0;0.0
2030-05-22 06:00:00;437.7720860603315;1040.4688132120662;0.0;210.02100210021004;0.0;0.0;0.0;0.0
2030-05-22 07:00:00;438.7265059577488;1040.4688132120662;0.0;210.02100210021004;0.0;0.0;0.0;0.0
2030-05-22 08:00:00;438.3019721954693;1040.4688132120662;0.0;210.02100210021004;0.0;0.0;0.0;0.0
2030-05-22 09:00:00;438.1891033966456;1040.4688132120662;0.0;210.02100210021004;0.0;0.0;0.0;0.0
2030-05-22 10:00:00;437.9028025102205;1040.4688132120662;0.0;210.02100210021004;0.0;0.0;0.0;0.0
2030-05-22 11:00:00;437.8510824298734;1040.4688132120662;0.0;210.02100210021004;0.0;0.0;0.0;0.0
2030-05-22 12:00:00;437.5308088406337;1040.4688132120662;0.0;210.02100210021004;0.0;0.0;0.0;0.0
2030-05-22 13:00:00;437.5048547013373;1040.4688132120662;0.0;210.02100210021004;0.0;0.0;0.0;0.0
2030-05-22 14:00:00;437.4319546082024;1040.4688132120662;0.0;210.02100210021004;0.0;0.0;0.0;0.0
2030-05-22 15:00:00;437.4240097499122;1040.4688132120662;0.0;210.02100210021004;0.0;0.0;0.0;0.0
2030-05-22 16:00:00;437.4244242437788;1040.4688132120662;0.0;210.02100210021004;0.0;0.0;0.0;0.0
2030-05-22 17:00:00;437.4574412708422;1040.4688132120662;0.0;210.02100210021004;0.0;0.0;0.0;0.0
2030-05-22 18:00:00;439.3245249557573;1040.4688132120662;0.0;210.02100210021004;0.0;0.0;0.0;0.0
2030-05-22 19:00:00;440.2688266216214;1040.4688132120662;0.0;210.02100210021004;0.0;0.0;0.0;0.0
2030-05-22 20:00:00;439.9175131461062;1040.4688132120662;0.0;210.02100210021004;0.0;0.0;0.0;0.0
2030-05-22 21:00:00;440.2279304198826;1040.4688132120662;0.0;210.02100210021004;0.0;0.0;0.0;0.0
2030-05-22 22:00:00;439.8932097739405;1040.4688132120662;0.0;210.02100210021004;0.0;0.0;0.0;0.0
2030-05-22 23:00:00;439.4980887793815;1040.4688132120662;0.0;210.02100210021004;0.0;0.0;0.0;0.0
2030-05-23 00:00:00;439.4776666427447;1040.4688132120662;0.0;210.02100210021004;0.0;0.0;0.0;0.0
2030-05-23 01:00:00;438.816853690665;1040.4688132120662;0.0;210.02100210021004;0.0;0.0;0.0;0.0
2030-05-23 02:00:00;438.1005918680331;1040.4688132120662;0.0;210.02100210021004;0.0;0.0;0.0;0.0
2030-05-23 03:00:00;438.81072479532;1040.4688132120662;0.0;210.02100210021004;0.0;0.0;0.0;0.0
2030-05-23 04:00:00;438.9905965562073;1040.4688132120662;0.0;210.02100210021004;0.0;0.0;0.0;0.0
2030-05-23 05:00:00;439.803709375496;1040.4688132120662;0.0;210.02100210021004;0.0;0.0;0.0;0.0
2030-05-23 06:00:00;442.9357753608809;1040.4688132120662;0.0;210.02100210021004;0.0;0.0;0.0;0.0
2030-05-23 07:00:00;442.5723602651653;1040.4688132120662;0.0;210.02100210021004;0.0;0.0;0.0;0.0
2030-05-23 08:00:00;441.4593450498011;1040.4688132120662;0.0;210.02100210021004;0.0;0.0;0.0;0.0
2030-05-23 09:00:00;441.5807041775071;1040.4688132120662;0.0;210.02100210021004;0.0;0.0;0.0;0.0
2030-05-23 10:00:00;441.1037931345495;1040.4688132120662;0.0;210.02100210021004;0.0;0.0;0.0;0.0
2030-05-23 11:00:00;441.6255835017204;1040.4688132120662;0.0;210.02100210021004;0.0;0.0;0.0;0.0
2030-05-23 12:00:00;442.4467638752623;1040.4688132120662;0.0;210.02100210021004;0.0;0.0;0.0;0.0
2030-05-23 13:00:00;441.3593260484905;1040.4688132120662;0.0;210.02100210021004;0.0;0.0;0.0;0.0
2030-05-23 14:00:00;441.1828270511401;1040.4688132120662;0.0;210.02100210021004;0.0;0.0;0.0;0.0
2030-05-23 15:00:00;442.215582729334;1040.4688132120662;0.0;210.02100210021004;0.0;0.0;0.0;0.0
2030-05-23 16:00:00;443.5741258230171;1040.4688132120662;0.0;210.02100210021004;0.0;0.0;0.0;0.0
2030-05-23 17:00:00;442.6973451185914;1040.4688132120662;0.0;210.02100210021004;0.0;0.0;0.0;0.0
2030-05-23 18:00:00;443.1934542402395;1040.4688132120662;0.0;210.02100210021004;0.0;0.0;0.0;0.0
2030-05-23 19:00:00;516.3777569114936;1040.4688132120662;0.0;210.02100210021004;0.0;0.0;0.0;0.0
2030-05-23 20:00:00;516.4076756117604;1040.4688132120662;0.0;210.02100210021004;0.0;0.0;0.0;0.0
2030-05-23 21:00:00;516.133455831294;1040.4688132120662;0.0;210.02100210021004;0.0;0.0;0.0;0.0
2030-05-23 22:00:00;516.0528392824631;1040.4688132120662;0.0;210.02100210021004;0.0;0.0;0.0;0.0
2030-05-23 23:00:00;515.69391832884;1040.4688132120662;0.0;210.02100210021004;0.0;0.0;0.0;0.0
2030-05-24 00:00:00;514.8881547376774;1040.4688132120662;0.0;210.02100210021004;0.0;0.0;0.0;0.0
2030-05-24 01:00:00;515.3767085022296;1040.4688132120662;0.0;210.02100210021004;0.0;0.0;0.0;0.0
2030-05-24 02:00:00;515.7195476458978;1040.4688132120662;0.0;210.02100210021004;0.0;0.0;0.0;0.0
2030-05-24 03:00:00;515.4646262684338;1040.4688132120662;0.0;210.02100210021004;0.0;0.0;0.0;0.0
2030-05-24 04:00:00;515.1336826159963;1040.4688132120662;0.0;210.02100210021004;0.0;0.0;0.0;0.0
2030-05-24 05:00:00;515.3316767326924;1040.4688132120662;0.0;210.02100210021004;0.0;0.0;0.0;0.0
2030-05-24 06:00:00;514.8244388417877;1040.4688132120662;0.0;210.02100210021004;0.0;0.0;0.0;0.0
2030-05-24 07:00:00;515.0352983679383;1040.4688132120662;0.0;210.02100210021004;0.0;0.0;0.0;0.0
2030-05-24 08:00:00;460.5874555949869;1040.4688132120662;0.0;210.02100210021004;0.0;0.0;0.0;0.0
2030-05-24 09:00:00;444.3087678663454;1040.4688132120662;0.0;210.02100210021004;0.0;0.0;0.0;0.0
2030-05-24 10:00:00;443.8482946600108;1040.4688132120662;0.0;210.02100210021004;0.0;0.0;0.0;0.0
2030-05-24 11:00:00;441.3697937078838;1040.4688132120662;0.0;210.02100210021004;0.0;0.0;0.0;0.0
2030-05-24 12:00:00;442.8792572327854;1040.4688132120662;0.0;210.02100210021004;0.0;0.0;0.0;0.0
2030-05-24 13:00:00;441.4222779625792;1040.4688132120662;0.0;210.02100210021004;0.0;0.0;0.0;0.0
2030-05-24 14:00:00;442.5653147501481;1040.4688132120662;0.0;210.02100210021004;0.0;0.0;0.0;0.0
2030-05-24 15:00:00;442.6603797257679;1040.4688132120662;0.0;210.02100210021004;0.0;0.0;0.0;0.0
2030-05-24 16:00:00;442.607333700529;1040.4688132120662;0.0;210.02100210021004;0.0;0.0;0.0;0.0
2030-05-24 17:00:00;441.9419237344189;1040.4688132120662;0.0;210.02100210021004;0.0;0.0;0.0;0.0
2030-05-24 18:00:00;513.8197621591779;1040.4688132120662;0.0;210.02100210021004;0.0;0.0;0.0;0.0
2030-05-24 19:00:00;513.9056889529145;1040.4688132120662;0.0;210.02100210021004;0.0;0.0;0.0;0.0
2030-05-24 20:00:00;513.579085627159;1040.4688132120662;0.0;210.02100210021004;0.0;0.0;0.0;0.0
2030-05-24 21:00:00;513.6573032483891;1040.4688132120662;0.0;210.02100210021004;0.0;0.0;0.0;0.0
2030-05-24 22:00:00;512.4264503890145;1040.4688132120662;0.0;210.02100210021004;0.0;0.0;0.0;0.0
2030-05-24 23:00:00;511.2601324610627;1040.4688132120662;0.0;210.02100210021004;0.0;0.0;0.0;0.0
2030-05-25 00:00:00;509.4321331646587;1040.4688132120662;0.0;210.02100210021004;0.0;0.0;0.0;0.0
2030-05-25 01:00:00;507.2520015497533;1040.4688132120662;0.0;210.02100210021004;0.0;0.0;0.0;0.0
2030-05-25 02:00:00;505.41103377941;1040.4688132120662;0.0;210.02100210021004;0.0;0.0;0.0;0.0
2030-05-25 03:00:00;437.294546358798;1040.4688132120662;0.0;210.02100210021004;0.0;0.0;0.0;0.0
2030-05-25 04:00:00;437.2862058472716;1040.4688132120662;0.0;210.02100210021004;0.0;0.0;0.0;0.0
2030-05-25 05:00:00;504.3729678563104;1040.4688132120662;0.0;210.02100210021004;0.0;0.0;0.0;0.0
2030-05-25 06:00:00;497.0202571511257;1040.4688132120662;0.0;210.02100210021004;0.0;0.0;0.0;0.0
2030-05-25 07:00:00;441.7259224200552;1040.4688132120662;0.0;210.02100210021004;0.0;0.0;0.0;0.0
2030-05-25 08:00:00;437.2996250862035;1040.4688132120662;0.0;210.02100210021004;0.0;0.0;0.0;0.0
2030-05-25 09:00:00;437.3068021888089;1040.4688132120662;0.0;210.02100210021004;0.0;0.0;0.0;0.0
2030-05-25 10:00:00;437.3112721283478;1040.4688132120662;0.0;210.02100210021004;0.0;0.0;0.0;0.0
2030-05-25 11:00:00;437.3088829009178;1040.4688132120662;0.0;210.02100210021004;0.0;0.0;0.0;0.0
2030-05-25 12:00:00;437.299497911949;1040.4688132120662;0.0;210.02100210021004;0.0;0.0;0.0;0.0
2030-05-25 13:00:00;437.3019672120579;1040.4688132120662;0.0;210.02100210021004;0.0;0.0;0.0;0.0
2030-05-25 14:00:00;437.307310885827;1040.4688132120662;0.0;210.02100210021004;0.0;0.0;0.0;0.0
2030-05-25 15:00:00;437.3026219239608;1040.4688132120662;0.0;210.02100210021004;0.0;0.0;0.0;0.0
2030-05-25 16:00:00;437.2976479975613;1040.4688132120662;0.0;210.02100210021004;0.0;0.0;0.0;0.0
2030-05-25 17:00:00;437.3083836242148;1040.4688132120662;0.0;210.02100210021004;0.0;0.0;0.0;0.0
2030-05-25 18:00:00;437.327795361122;1040.4688132120662;0.0;210.02100210021004;0.0;0.0;0.0;0.0
2030-05-25 19:00:00;437.3265401041281;1040.4688132120662;0.0;210.02100210021004;0.0;0.0;0.0;0.0
2030-05-25 20:00:00;437.3365456563574;1040.4688132120662;0.0;210.02100210021004;0.0;0.0;0.0;0.0
2030-05-25 21:00:00;505.8131991114467;1040.4688132120662;0.0;210.02100210021004;0.0;0.0;0.0;0.0
2030-05-25 22:00:00;500.6923827720721;1040.4688132120662;0.0;210.02100210021004;0.0;0.0;0.0;0.0
2030-05-25 23:00:00;437.3219995122255;1040.4688132120662;0.0;210.02100210021004;0.0;0.0;0.0;0.0
2030-05-26 00:00:00;437.2376723836159;1040.4688132120662;0.0;210.02100210021004;0.0;0.0;0.0;0.0
2030-05-26 01:00:00;437.1311427497356;1040.4688132120662;0.0;210.02100210021004;0.0;0.0;0.0;0.0
2030-05-26 02:00:00;437.0753544658746;1040.4688132120662;0.0;210.02100210021004;0.0;0.0;0.0;0.0
2030-05-26 03:00:00;437.0481321101682;1040.4688132120662;0.0;210.02100210021004;0.0;0.0;0.0;0.0
2030-05-26 04:00:00;437.0451140767018;1040.4688132120662;0.0;210.02100210021004;0.0;0.0;0.0;0.0
2030-05-26 05:00:00;437.0417698648234;1040.4688132120662;0.0;210.02100210021004;0.0;0.0;0.0;0.0
2030-05-26 06:00:00;437.0588606715853;1040.4688132120662;0.0;210.02100210021004;0.0;0.0;0.0;0.0
2030-05-26 07:00:00;437.0672789007117;1040.4688132120662;0.0;210.02100210021004;0.0;0.0;0.0;0.0
2030-05-26 08:00:00;437.0648343289301;1040.4688132120662;0.0;210.02100210021004;0.0;0.0;0.0;0.0
2030-05-26 09:00:00;437.0627783451486;1040.4688132120662;0.0;210.02100210021004;0.0;0.0;0.0;0.0
2030-05-26 10:00:00;437.0462504022169;1040.4688132120662;0.0;210.02100210021004;0.0;0.0;0.0;0.0
2030-05-26 11:00:00;437.0520132800102;1040.4688132120662;0.0;210.02100210021004;0.0;0.0;0.0;0.0
2030-05-26 12:00:00;437.06998253116;1040.4688132120662;0.0;210.02100210021004;0.0;0.0;0.0;0.0
2030-05-26 13:00:00;437.0591703644459;1040.4688132120662;0.0;210.02100210021004;0.0;0.0;0.0;0.0
2030-05-26 14:00:00;437.0912100338123;1040.4688132120662;0.0;210.02100210021004;0.0;0.0;0.0;0.0
2030-05-26 15:00:00;437.0553963506887;1040.4688132120662;0.0;210.02100210021004;0.0;0.0;0.0;0.0
2030-05-26 16:00:00;437.0592998937792;1040.4688132120662;0.0;210.02100210021004;0.0;0.0;0.0;0.0
2030-05-26 17:00:00;437.1306740890569;1040.4688132120662;0.0;210.02100210021004;0.0;0.0;0.0;0.0
2030-05-26 18:00:00;437.0999709269024;1040.4688132120662;0.0;210.02100210021004;0.0;0.0;0.0;0.0
2030-05-26 19:00:00;437.1182875521733;1040.4688132120662;0.0;210.02100210021004;0.0;0.0;0.0;0.0
2030-05-26 20:00:00;437.119799512755;1040.4688132120662;0.0;210.02100210021004;0.0;0.0;0.0;0.0
2030-05-26 21:00:00;437.118523060052;1040.4688132120662;0.0;210.02100210021004;0.0;0.0;0.0;0.0
2030-05-26 22:00:00;437.135763414317;1040.4688132120662;0.0;210.02100210021004;0.0;0.0;0.0;0.0
2030-05-26 23:00:00;437.1332634981839;1040.4688132120662;0.0;210.02100210021004;0.0;0.0;0.0;0.0
2030-05-27 00:00:00;437.1167803017491;1040.4688132120662;0.0;210.02100210021004;0.0;0.0;0.0;0.0
2030-05-27 01:00:00;437.1138458735797;1040.4688132120662;0.0;210.02100210021004;0.0;0.0;0.0;0.0
2030-05-27 02:00:00;437.1275053305481;1040.4688132120662;0.0;210.02100210021004;0.0;0.0;0.0;0.0
2030-05-27 03:00:00;437.1463895298068;1040.4688132120662;0.0;210.02100210021004;0.0;0.0;0.0;0.0
2030-05-27 04:00:00;437.2003549826862;1040.4688132120662;0.0;210.02100210021004;0.0;0.0;0.0;0.0
2030-05-27 05:00:00;437.2968555135493;1040.4688132120662;0.0;210.02100210021004;0.0;0.0;0.0;0.0
2030-05-27 06:00:00;501.3503637057685;1040.4688132120662;0.0;210.02100210021004;0.0;0.0;0.0;0.0
2030-05-27 07:00:00;463.4064624888176;1040.4688132120662;0.0;210.02100210021004;0.0;0.0;0.0;0.0
2030-05-27 08:00:00;438.5395168490178;1040.4688132120662;0.0;210.02100210021004;0.0;0.0;0.0;0.0
2030-05-27 09:00:00;438.4686510035394;1040.4688132120662;0.0;210.02100210021004;0.0;0.0;0.0;0.0
2030-05-27 10:00:00;438.944083656281;1040.4688132120662;0.0;210.02100210021004;0.0;0.0;0.0;0.0
2030-05-27 11:00:00;439.0144384821414;1040.4688132120662;0.0;210.02100210021004;0.0;0.0;0.0;0.0
2030-05-27 12:00:00;438.8798553706869;1040.4688132120662;0.0;210.02100210021004;0.0;0.0;0.0;0.0
2030-05-27 13:00:00;440.0597023655823;1040.4688132120662;0.0;210.02100210021004;0.0;0.0;0.0;0.0
2030-05-27 14:00:00;440.3361698058646;1040.4688132120662;0.0;210.02100210021004;0.0;0.0;0.0;0.0
2030-05-27 15:00:00;439.9965978136225;1040.4688132120662;0.0;210.02100210021004;0.0;0.0;0.0;0.0
2030-05-27 16:00:00;440.0436713065531;1040.4688132120662;0.0;210.02100210021004;0.0;0.0;0.0;0.0
2030-05-27 17:00:00;442.1094383652967;1040.4688132120662;0.0;210.02100210021004;0.0;0.0;0.0;0.0
2030-05-27 18:00:00;442.0607808700394;1040.4688132120662;0.0;210.02100210021004;0.0;0.0;0.0;0.0
2030-05-27 19:00:00;514.7282475849076;1040.4688132120662;0.0;210.02100210021004;0.0;0.0;0.0;0.0
2030-05-27 20:00:00;514.5557315174844;1040.4688132120662;0.0;210.02100210021004;0.0;0.0;0.0;0.0
2030-05-27 21:00:00;513.9081400015273;1040.4688132120662;0.0;210.02100210021004;0.0;0.0;0.0;0.0
2030-05-27 22:00:00;513.8785785054679;1040.4688132120662;0.0;210.02100210021004;0.0;0.0;0.0;0.0
2030-05-27 23:00:00;513.2556985093566;1040.4688132120662;0.0;210.02100210021004;0.0;0.0;0.0;0.0
2030-05-28 00:00:00;512.8239716812604;1040.4688132120662;0.0;210.02100210021004;0.0;0.0;0.0;0.0
2030-05-28 01:00:00;512.6726926757482;1040.4688132120662;0.0;210.02100210021004;0.0;0.0;0.0;0.0
2030-05-28 02:00:00;512.1235884723338;1040.4688132120662;0.0;210.02100210021004;0.0;0.0;0.0;0.0
2030-05-28 03:00:00;511.6476980985258;1040.4688132120662;0.0;210.02100210021004;0.0;0.0;0.0;0.0
2030-05-28 04:00:00;510.9577306205274;1040.4688132120662;0.0;210.02100210021004;0.0;0.0;0.0;0.0
2030-05-28 05:00:00;513.1451123167863;1040.4688132120662;0.0;210.02100210021004;0.0;0.0;0.0;0.0
2030-05-28 06:00:00;513.9863578153046;1040.4688132120662;0.0;210.02100210021004;0.0;0.0;0.0;0.0
2030-05-28 07:00:00;514.38556225665;1040.4688132120662;0.0;210.02100210021004;0.0;0.0;0.0;0.0
2030-05-28 08:00:00;513.9804348563824;1040.4688132120662;0.0;210.02100210021004;0.0;0.0;0.0;0.0
2030-05-28 09:00:00;441.6812853344554;1040.4688132120662;0.0;210.02100210021004;0.0;0.0;0.0;0.0
2030-05-28 10:00:00;441.3131729003976;1040.4688132120662;0.0;210.02100210021004;0.0;0.0;0.0;0.0
2030-05-28 11:00:00;441.7089563749063;1040.4688132120662;0.0;210.02100210021004;0.0;0.0;0.0;0.0
2030-05-28 12:00:00;441.7127866669625;1040.4688132120662;0.0;210.02100210021004;0.0;0.0;0.0;0.0
2030-05-28 13:00:00;440.9279054811291;1040.4688132120662;0.0;210.02100210021004;0.0;0.0;0.0;0.0
2030-05-28 14:00:00;440.9148862562639;1040.4688132120662;0.0;210.02100210021004;0.0;0.0;0.0;0.0
2030-05-28 15:00:00;440.8221706348585;1040.4688132120662;0.0;210.02100210021004;0.0;0.0;0.0;0.0
2030-05-28 16:00:00;441.3306848972687;1040.4688132120662;0.0;210.02100210021004;0.0;0.0;0.0;0.0
2030-05-28 17:00:00;513.9519970939575;1040.4688132120662;0.0;210.02100210021004;0.0;0.0;0.0;0.0
2030-05-28 18:00:00;513.6458159048386;1040.4688132120662;0.0;210.02100210021004;0.0;0.0;0.0;0.0
2030-05-28 19:00:00;513.2330300829904;1040.4688132120662;0.0;210.02100210021004;0.0;0.0;0.0;0.0
2030-05-28 20:00:00;513.6209009961958;1040.4688132120662;0.0;210.02100210021004;0.0;0.0;0.0;0.0
2030-05-28 21:00:00;513.3420334507734;1040.4688132120662;0.0;210.02100210021004;0.0;0.0;0.0;0.0
2030-05-28 22:00:00;511.9296791725108;1040.4688132120662;0.0;210.02100210021004;0.0;0.0;0.0;0.0
2030-05-28 23:00:00;511.6130299389046;1040.4688132120662;0.0;210.02100210021004;0.0;0.0;0.0;0.0
2030-05-29 00:00:00;510.9022335466756;1040.4688132120662;0.0;210.02100210021004;0.0;0.0;0.0;0.0
2030-05-29 01:00:00;511.0889944595437;1040.4688132120662;0.0;210.02100210021004;0.0;0.0;0.0;0.0
2030-05-29 02:00:00;511.1216197182324;1040.4688132120662;0.0;210.02100210021004;0.0;0.0;0.0;0.0
2030-05-29 03:00:00;511.3075631582007;1040.4688132120662;0.0;210.02100210021004;0.0;0.0;0.0;0.0
2030-05-29 04:00:00;511.7410266264947;1040.4688132120662;0.0;210.02100210021004;0.0;0.0;0.0;0.0
2030-05-29 05:00:00;511.4921310798908;1040.4688132120662;0.0;210.02100210021004;0.0;0.0;0.0;0.0
2030-05-29 06:00:00;512.4686739057315;1040.4688132120662;0.0;210.02100210021004;0.0;0.0;0.0;0.0
2030-05-29 07:00:00;512.8604758203993;1040.4688132120662;0.0;210.02100210021004;0.0;0.0;0.0;0.0
2030-05-29 08:00:00;512.7664824574017;1040.4688132120662;0.0;210.02100210021004;0.0;0.0;0.0;0.0
2030-05-29 09:00:00;440.1147914843009;1040.4688132120662;0.0;210.02100210021004;0.0;0.0;0.0;0.0
2030-05-29 10:00:00;440.1946949948034;1040.4688132120662;0.0;210.02100210021004;0.0;0.0;0.0;0.0
2030-05-29 11:00:00;440.0656762679772;1040.4688132120662;0.0;210.02100210021004;0.0;0.0;0.0;0.0
2030-05-29 12:00:00;439.8319943075027;1040.4688132120662;0.0;210.02100210021004;0.0;0.0;0.0;0.0
2030-05-29 13:00:00;439.5429667335083;1040.4688132120662;0.0;210.02100210021004;0.0;0.0;0.0;0.0
2030-05-29 14:00:00;439.5644616603067;1040.4688132120662;0.0;210.02100210021004;0.0;0.0;0.0;0.0
2030-05-29 15:00:00;439.5810546824267;1040.4688132120662;0.0;210.02100210021004;0.0;0.0;0.0;0.0
2030-05-29 16:00:00;439.0376179281257;1040.4688132120662;0.0;210.02100210021004;0.0;0.0;0.0;0.0
2030-05-29 17:00:00;440.2781197964545;1040.4688132120662;0.0;210.02100210021004;0.0;0.0;0.0;0.0
2030-05-29 18:00:00;513.8590755361292;1040.4688132120662;0.0;210.02100210021004;0.0;0.0;0.0;0.0
2030-05-29 19:00:00;514.9837307329152;1040.4688132120662;0.0;210.02100210021004;0.0;0.0;0.0;0.0
2030-05-29 20:00:00;515.2801090976693;1040.4688132120662;0.0;210.02100210021004;0.0;0.0;0.0;0.0
2030-05-29 21:00:00;514.5714051797593;1040.4688132120662;0.0;210.02100210021004;0.0;0.0;0.0;0.0
2030-05-29 22:00:00;513.7122906727094;1040.4688132120662;0.0;210.02100210021004;0.0;0.0;0.0;0.0
2030-05-29 23:00:00;512.6724371659391;1040.4688132120662;0.0;210.02100210021004;0.0;0.0;0.0;0.0
2030-05-30 00:00:00;509.8708557418388;1040.4688132120662;0.0;210.02100210021004;0.0;0.0;0.0;0.0
2030-05-30 01:00:00;505.1667810950573;1040.4688132120662;0.0;210.02100210021004;0.0;0.0;0.0;0.0
2030-05-30 02:00:00;502.6126664007312;1040.4688132120662;0.0;210.02100210021004;0.0;0.0;0.0;0.0
2030-05-30 03:00:00;501.8410103761855;1040.4688132120662;0.0;210.02100210021004;0.0;0.0;0.0;0.0
2030-05-30 04:00:00;501.4706007089254;1040.4688132120662;0.0;210.02100210021004;0.0;0.0;0.0;0.0
2030-05-30 05:00:00;501.2572901341621;1040.4688132120662;0.0;210.02100210021004;0.0;0.0;0.0;0.0
2030-05-30 06:00:00;499.7268934530057;1040.4688132120662;0.0;210.02100210021004;0.0;0.0;0.0;0.0
2030-05-30 07:00:00;500.989093829477;1040.4688132120662;0.0;210.02100210021004;0.0;0.0;0.0;0.0
2030-05-30 08:00:00;501.5452449179949;1040.4688132120662;0.0;210.02100210021004;0.0;0.0;0.0;0.0
2030-05-30 09:00:00;503.2503022619055;1040.4688132120662;0.0;210.02100210021004;0.0;0.0;0.0;0.0
2030-05-30 10:00:00;437.2534749622809;1040.4688132120662;0.0;210.02100210021004;0.0;0.0;0.0;0.0
2030-05-30 11:00:00;437.2558535918564;1040.4688132120662;0.0;210.02100210021004;0.0;0.0;0.0;0.0
2030-05-30 12:00:00;437.2557393705353;1040.4688132120662;0.0;210.02100210021004;0.0;0.0;0.0;0.0
2030-05-30 13:00:00;437.242277740185;1040.4688132120662;0.0;210.02100210021004;0.0;0.0;0.0;0.0
2030-05-30 14:00:00;437.1924960847718;1040.4688132120662;0.0;210.02100210021004;0.0;0.0;0.0;0.0
2030-05-30 15:00:00;437.1677206559259;1040.4688132120662;0.0;210.02100210021004;0.0;0.0;0.0;0.0
2030-05-30 16:00:00;437.1705773664953;1040.4688132120662;0.0;210.02100210021004;0.0;0.0;0.0;0.0
2030-05-30 17:00:00;502.0059724565992;1040.4688132120662;0.0;210.02100210021004;0.0;0.0;0.0;0.0
2030-05-30 18:00:00;502.4951871384677;1040.4688132120662;0.0;210.02100210021004;0.0;0.0;0.0;0.0
2030-05-30 19:00:00;502.620887770395;1040.4688132120662;0.0;210.02100210021004;0.0;0.0;0.0;0.0
2030-05-30 20:00:00;502.9519317471445;1040.4688132120662;0.0;210.02100210021004;0.0;0.0;0.0;0.0
2030-05-30 21:00:00;502.6515197015373;1040.4688132120662;0.0;210.02100210021004;0.0;0.0;0.0;0.0
2030-05-30 22:00:00;502.5265360256507;1040.4688132120662;0.0;210.02100210021004;0.0;0.0;0.0;0.0
2030-05-30 23:00:00;504.3985983509075;1040.4688132120662;0.0;210.02100210021004;0.0;0.0;0.0;0.0
2030-05-31 00:00:00;503.7393644984498;1040.4688132120662;0.0;210.02100210021004;0.0;0.0;0.0;0.0
2030-05-31 01:00:00;502.4367279963851;1040.4688132120662;0.0;210.02100210021004;0.0;0.0;0.0;0.0
2030-05-31 02:00:00;501.8450442495857;1040.4688132120662;0.0;210.02100210021004;0.0;0.0;0.0;0.0
2030-05-31 03:00:00;504.1314738513917;1040.4688132120662;0.0;210.02100210021004;0.0;0.0;0.0;0.0
2030-05-31 04:00:00;502.6070497025437;1040.4688132120662;0.0;210.02100210021004;0.0;0.0;0.0;0.0
2030-05-31 05:00:00;504.3884369522489;1040.4688132120662;0.0;210.02100210021004;0.0;0.0;0.0;0.0
2030-05-31 06:00:00;506.8295157754782;1040.4688132120662;0.0;210.02100210021004;0.0;0.0;0.0;0.0
2030-05-31 07:00:00;508.4982218106682;1040.4688132120662;0.0;210.02100210021004;0.0;0.0;0.0;0.0
2030-05-31 08:00:00;508.6101860691427;1040.4688132120662;0.0;210.02100210021004;0.0;0.0;0.0;0.0
2030-05-31 09:00:00;508.2880755153931;1040.4688132120662;0.0;210.02100210021004;0.0;0.0;0.0;0.0
2030-05-31 10:00:00;507.640536120448;1040.4688132120662;0.0;210.02100210021004;0.0;0.0;0.0;0.0
2030-05-31 11:00:00;437.3781292825108;1040.4688132120662;0.0;210.02100210021004;0.0;0.0;0.0;0.0
2030-05-31 12:00:00;507.4764424564068;1040.4688132120662;0.0;210.02100210021004;0.0;0.0;0.0;0.0
2030-05-31 13:00:00;502.7835022785048;1040.4688132120662;0.0;210.02100210021004;0.0;0.0;0.0;0.0
2030-05-31 14:00:00;437.3457669673504;1040.4688132120662;0.0;210.02100210021004;0.0;0.0;0.0;0.0
2030-05-31 15:00:00;437.3418033697508;1040.4688132120662;0.0;210.02100210021004;0.0;0.0;0.0;0.0
2030-05-31 16:00:00;508.0114035087745;1040.4688132120662;0.0;210.02100210021004;0.0;0.0;0.0;0.0
2030-05-31 17:00:00;509.715237779731;1040.4688132120662;0.0;210.02100210021004;0.0;0.0;0.0;0.0
2030-05-31 18:00:00;510.6311780456975;1040.4688132120662;0.0;210.02100210021004;0.0;0.0;0.0;0.0
2030-05-31 19:00:00;511.2060146306543;1040.4688132120662;0.0;210.02100210021004;0.0;0.0;0.0;0.0
2030-05-31 20:00:00;510.7381894560207;1040.4688132120662;0.0;210.02100210021004;0.0;0.0;0.0;0.0
2030-05-31 21:00:00;510.6773821372632;1040.4688132120662;0.0;210.02100210021004;0.0;0.0;0.0;0.0
2030-05-31 22:00:00;511.0296159576158;1040.4688132120662;0.0;210.02100210021004;0.0;0.0;0.0;0.0
2030-05-31 23:00:00;510.6218341199387;1040.4688132120662;0.0;210.02100210021004;0.0;0.0;0.0;0.0
2030-06-01 00:00:00;507.4022573384903;1040.4688132120662;0.0;210.02100210021004;0.0;0.0;0.0;0.0
2030-06-01 01:00:00;504.2936772523714;1040.4688132120662;0.0;210.02100210021004;0.0;0.0;0.0;0.0
2030-06-01 02:00:00;502.0184806618463;1040.4688132120662;0.0;210.02100210021004;0.0;0.0;0.0;0.0
2030-06-01 03:00:00;500.9584099698696;1040.4688132120662;0.0;210.02100210021004;0.0;0.0;0.0;0.0
2030-06-01 04:00:00;499.49065874952;1040.4688132120662;0.0;210.02100210021004;0.0;0.0;0.0;0.0
2030-06-01 05:00:00;500.0703974317024;1040.4688132120662;0.0;210.02100210021004;0.0;0.0;0.0;0.0
2030-06-01 06:00:00;500.3532453594264;1040.4688132120662;0.0;210.02100210021004;0.0;0.0;0.0;0.0
2030-06-01 07:00:00;500.9344128584385;1040.4688132120662;0.0;210.02100210021004;0.0;0.0;0.0;0.0
2030-06-01 08:00:00;501.8207918208926;1040.4688132120662;0.0;210.02100210021004;0.0;0.0;0.0;0.0
2030-06-01 09:00:00;502.1735876043361;1040.4688132120662;0.0;210.02100210021004;0.0;0.0;0.0;0.0
2030-06-01 10:00:00;498.6314021800476;1040.4688132120662;0.0;210.02100210021004;0.0;0.0;0.0;0.0
2030-06-01 11:00:00;452.1705366291892;1040.4688132120662;0.0;210.02100210021004;0.0;0.0;0.0;0.0
2030-06-01 12:00:00;437.225964109423;1040.4688132120662;0.0;210.02100210021004;0.0;0.0;0.0;0.0
2030-06-01 13:00:00;437.2105842674003;1040.4688132120662;0.0;210.02100210021004;0.0;0.0;0.0;0.0
2030-06-01 14:00:00;437.1916517890265;1040.4688132120662;0.0;210.02100210021004;0.0;0.0;0.0;0.0
2030-06-01 15:00:00;437.1972933802623;1040.4688132120662;0.0;210.02100210021004;0.0;0.0;0.0;0.0
2030-06-01 16:00:00;437.2275879362471;1040.4688132120662;0.0;210.02100210021004;0.0;0.0;0.0;0.0
2030-06-01 17:00:00;437.2775650631997;1040.4688132120662;0.0;210.02100210021004;0.0;0.0;0.0;0.0
2030-06-01 18:00:00;437.3310842286489;1040.4688132120662;0.0;210.02100210021004;0.0;0.0;0.0;0.0
2030-06-01 19:00:00;437.3442832677142;1040.4688132120662;0.0;210.02100210021004;0.0;0.0;0.0;0.0
2030-06-01 20:00:00;437.3566215254826;1040.4688132120662;0.0;210.02100210021004;0.0;0.0;0.0;0.0
2030-06-01 21:00:00;437.3454243033868;1040.4688132120662;0.0;210.02100210021004;0.0;0.0;0.0;0.0
2030-06-01 22:00:00;437.3479171542836;1040.4688132120662;0.0;210.02100210021004;0.0;0.0;0.0;0.0
2030-06-01 23:00:00;437.3505513099075;1040.4688132120662;0.0;210.02100210021004;0.0;0.0;0.0;0.0
2030-06-02 00:00:00;437.3339444718364;1040.4688132120662;0.0;210.02100210021004;0.0;0.0;0.0;0.0
2030-06-02 01:00:00;442.6197733876745;1040.4688132120662;0.0;210.02100210021004;0.0;0.0;0.0;0.0
2030-06-02 02:00:00;437.2129440563456;1040.4688132120662;0.0;210.02100210021004;0.0;0.0;0.0;0.0
2030-06-02 03:00:00;437.1377193072501;1040.4688132120662;0.0;210.02100210021004;0.0;0.0;0.0;0.0
2030-06-02 04:00:00;498.3376155562424;1040.4688132120662;0.0;210.02100210021004;0.0;0.0;0.0;0.0
2030-06-02 05:00:00;497.6414200361265;1040.4688132120662;0.0;210.02100210021004;0.0;0.0;0.0;0.0
2030-06-02 06:00:00;497.9098704805342;1040.4688132120662;0.0;210.02100210021004;0.0;0.0;0.0;0.0
2030-06-02 07:00:00;497.7091698054164;1040.4688132120662;0.0;210.02100210021004;0.0;0.0;0.0;0.0
2030-06-02 08:00:00;498.4071529092029;1040.4688132120662;0.0;210.02100210021004;0.0;0.0;0.0;0.0
2030-06-02 09:00:00;437.1392253801348;1040.4688132120662;0.0;210.02100210021004;0.0;0.0;0.0;0.0
2030-06-02 10:00:00;437.1185901797975;1040.4688132120662;0.0;210.02100210021004;0.0;0.0;0.0;0.0
2030-06-02 11:00:00;437.1190812137247;1040.4688132120662;0.0;210.02100210021004;0.0;0.0;0.0;0.0
2030-06-02 12:00:00;437.1089261139924;1040.4688132120662;0.0;210.02100210021004;0.0;0.0;0.0;0.0
2030-06-02 13:00:00;437.0914561395457;1040.4688132120662;0.0;210.02100210021004;0.0;0.0;0.0;0.0
2030-06-02 14:00:00;437.089722801558;1040.4688132120662;0.0;210.02100210021004;0.0;0.0;0.0;0.0
2030-06-02 15:00:00;437.0818615485648;1040.4688132120662;0.0;210.02100210021004;0.0;0.0;0.0;0.0
2030-06-02 16:00:00;437.0979361388298;1040.4688132120662;0.0;210.02100210021004;0.0;0.0;0.0;0.0
2030-06-02 17:00:00;437.1577127486178;1040.4688132120662;0.0;210.02100210021004;0.0;0.0;0.0;0.0
2030-06-02 18:00:00;500.5393437923446;1040.4688132120662;0.0;210.02100210021004;0.0;0.0;0.0;0.0
2030-06-02 19:00:00;500.6269552978142;1040.4688132120662;0.0;210.02100210021004;0.0;0.0;0.0;0.0
2030-06-02 20:00:00;500.9967520585107;1040.4688132120662;0.0;210.02100210021004;0.0;0.0;0.0;0.0
2030-06-02 21:00:00;501.0467356912069;1040.4688132120662;0.0;210.02100210021004;0.0;0.0;0.0;0.0
2030-06-02 22:00:00;501.199443706096;1040.4688132120662;0.0;210.02100210021004;0.0;0.0;0.0;0.0
2030-06-02 23:00:00;500.9114889222632;1040.4688132120662;0.0;210.02100210021004;0.0;0.0;0.0;0.0
2030-06-03 00:00:00;501.0359627560712;1040.4688132120662;0.0;210.02100210021004;0.0;0.0;0.0;0.0
2030-06-03 01:00:00;499.6981482523066;1040.4688132120662;0.0;210.02100210021004;0.0;0.0;0.0;0.0
2030-06-03 02:00:00;499.402638111378;1040.4688132120662;0.0;210.02100210021004;0.0;0.0;0.0;0.0
2030-06-03 03:00:00;499.6846203629023;1040.4688132120662;0.0;210.02100210021004;0.0;0.0;0.0;0.0
2030-06-03 04:00:00;499.9143192009024;1040.4688132120662;0.0;210.02100210021004;0.0;0.0;0.0;0.0
2030-06-03 05:00:00;503.0879450455152;1040.4688132120662;0.0;210.02100210021004;0.0;0.0;0.0;0.0
2030-06-03 06:00:00;507.2210100593249;1040.4688132120662;0.0;210.02100210021004;0.0;0.0;0.0;0.0
2030-06-03 07:00:00;509.3890414241162;1040.4688132120662;0.0;210.02100210021004;0.0;0.0;0.0;0.0
2030-06-03 08:00:00;439.8647041677384;1040.4688132120662;0.0;210.02100210021004;0.0;0.0;0.0;0.0
2030-06-03 09:00:00;437.4334206447477;1040.4688132120662;0.0;210.02100210021004;0.0;0.0;0.0;0.0
2030-06-03 10:00:00;437.6059195362636;1040.4688132120662;0.0;210.02100210021004;0.0;0.0;0.0;0.0
2030-06-03 11:00:00;438.5027778855157;1040.4688132120662;0.0;210.02100210021004;0.0;0.0;0.0;0.0
2030-06-03 12:00:00;438.8108278598049;1040.4688132120662;0.0;210.02100210021004;0.0;0.0;0.0;0.0
2030-06-03 13:00:00;438.7778973253739;1040.4688132120662;0.0;210.02100210021004;0.0;0.0;0.0;0.0
2030-06-03 14:00:00;438.1757966701069;1040.4688132120662;0.0;210.02100210021004;0.0;0.0;0.0;0.0
2030-06-03 15:00:00;438.202753302143;1040.4688132120662;0.0;210.02100210021004;0.0;0.0;0.0;0.0
2030-06-03 16:00:00;437.5543456833724;1040.4688132120662;0.0;210.02100210021004;0.0;0.0;0.0;0.0
2030-06-03 17:00:00;437.3972466345695;1040.4688132120662;0.0;210.02100210021004;0.0;0.0;0.0;0.0
2030-06-03 18:00:00;508.6793662178958;1040.4688132120662;0.0;210.02100210021004;0.0;0.0;0.0;0.0
2030-06-03 19:00:00;508.3844180400579;1040.4688132120662;0.0;210.02100210021004;0.0;0.0;0.0;0.0
2030-06-03 20:00:00;509.9336019120517;1040.4688132120662;0.0;210.02100210021004;0.0;0.0;0.0;0.0
2030-06-03 21:00:00;509.8963833644981;1040.4688132120662;0.0;210.02100210021004;0.0;0.0;0.0;0.0
2030-06-03 22:00:00;437.4296713593178;1040.4688132120662;0.0;210.02100210021004;0.0;0.0;0.0;0.0
2030-06-03 23:00:00;437.4302365782268;1040.4688132120662;0.0;210.02100210021004;0.0;0.0;0.0;0.0
2030-06-04 00:00:00;437.4333982714992;1040.4688132120662;0.0;210.02100210021004;0.0;0.0;0.0;0.0
2030-06-04 01:00:00;437.4530254981154;1040.4688132120662;0.0;210.02100210021004;0.0;0.0;0.0;0.0
2030-06-04 02:00:00;437.8140669055501;1040.4688132120662;0.0;210.02100210021004;0.0;0.0;0.0;0.0
2030-06-04 03:00:00;438.1597644335383;1040.4688132120662;0.0;210.02100210021004;0.0;0.0;0.0;0.0
2030-06-04 04:00:00;438.0405499011632;1040.4688132120662;0.0;210.02100210021004;0.0;0.0;0.0;0.0
2030-06-04 05:00:00;492.3027591312525;1040.4688132120662;0.0;210.02100210021004;0.0;0.0;0.0;0.0
2030-06-04 06:00:00;510.1955699820724;1040.4688132120662;0.0;210.02100210021004;0.0;0.0;0.0;0.0
2030-06-04 07:00:00;510.6005437594764;1040.4688132120662;0.0;210.02100210021004;0.0;0.0;0.0;0.0
2030-06-04 08:00:00;510.3108525279927;1040.4688132120662;0.0;210.02100210021004;0.0;0.0;0.0;0.0
2030-06-04 09:00:00;510.63791729998;1040.4688132120662;0.0;210.02100210021004;0.0;0.0;0.0;0.0
2030-06-04 10:00:00;510.260511691089;1040.4688132120662;0.0;210.02100210021004;0.0;0.0;0.0;0.0
2030-06-04 11:00:00;509.947439979903;1040.4688132120662;0.0;210.02100210021004;0.0;0.0;0.0;0.0
2030-06-04 12:00:00;510.3485832727038;1040.4688132120662;0.0;210.02100210021004;0.0;0.0;0.0;0.0
2030-06-04 13:00:00;438.1586926283689;1040.4688132120662;0.0;210.02100210021004;0.0;0.0;0.0;0.0
2030-06-04 14:00:00;437.814935687489;1040.4688132120662;0.0;210.02100210021004;0.0;0.0;0.0;0.0
2030-06-04 15:00:00;437.7548937206191;1040.4688132120662;0.0;210.02100210021004;0.0;0.0;0.0;0.0
2030-06-04 16:00:00;509.3256315964141;1040.4688132120662;0.0;210.02100210021004;0.0;0.0;0.0;0.0
2030-06-04 17:00:00;509.2452691873058;1040.4688132120662;0.0;210.02100210021004;0.0;0.0;0.0;0.0
2030-06-04 18:00:00;508.5444270797733;1040.4688132120662;0.0;210.02100210021004;0.0;0.0;0.0;0.0
2030-06-04 19:00:00;507.9569284741588;1040.4688132120662;0.0;210.02100210021004;0.0;0.0;0.0;0.0
2030-06-04 20:00:00;508.1132100937557;1040.4688132120662;0.0;210.02100210021004;0.0;0.0;0.0;0.0
2030-06-04 21:00:00;509.0655016684427;1040.4688132120662;0.0;210.02100210021004;0.0;0.0;0.0;0.0
2030-06-04 22:00:00;509.3238442052905;1040.4688132120662;0.0;210.02100210021004;0.0;0.0;0.0;0.0
2030-06-04 23:00:00;508.5886413764109;1040.4688132120662;0.0;210.02100210021004;0.0;0.0;0.0;0.0
2030-06-05 00:00:00;508.5409042259911;1040.4688132120662;0.0;210.02100210021004;0.0;0.0;0.0;0.0
2030-06-05 01:00:00;507.6248610880868;1040.4688132120662;0.0;210.02100210021004;0.0;0.0;0.0;0.0
2030-06-05 02:00:00;506.5413564253092;1040.4688132120662;0.0;210.02100210021004;0.0;0.0;0.0;0.0
2030-06-05 03:00:00;506.7508888290284;1040.4688132120662;0.0;210.02100210021004;0.0;0.0;0.0;0.0
2030-06-05 04:00:00;507.7953368022032;1040.4688132120662;0.0;210.02100210021004;0.0;0.0;0.0;0.0
2030-06-05 05:00:00;509.0195521016937;1040.4688132120662;0.0;210.02100210021004;0.0;0.0;0.0;0.0
2030-06-05 06:00:00;509.7521512440894;1040.4688132120662;0.0;210.02100210021004;0.0;0.0;0.0;0.0
2030-06-05 07:00:00;437.4252061299364;1040.4688132120662;0.0;210.02100210021004;0.0;0.0;0.0;0.0
2030-06-05 08:00:00;437.4253780506879;1040.4688132120662;0.0;210.02100210021004;0.0;0.0;0.0;0.0
2030-06-05 09:00:00;437.435762770602;1040.4688132120662;0.0;210.02100210021004;0.0;0.0;0.0;0.0
2030-06-05 10:00:00;437.436821378517;1040.4688132120662;0.0;210.02100210021004;0.0;0.0;0.0;0.0
2030-06-05 11:00:00;437.4440667784072;1040.4688132120662;0.0;210.02100210021004;0.0;0.0;0.0;0.0
2030-06-05 12:00:00;437.4347300685536;1040.4688132120662;0.0;210.02100210021004;0.0;0.0;0.0;0.0
2030-06-05 13:00:00;437.4433178633527;1040.4688132120662;0.0;210.02100210021004;0.0;0.0;0.0;0.0
2030-06-05 14:00:00;437.4646619424051;1040.4688132120662;0.0;210.02100210021004;0.0;0.0;0.0;0.0
2030-06-05 15:00:00;437.9724021738739;1040.4688132120662;0.0;210.02100210021004;0.0;0.0;0.0;0.0
2030-06-05 16:00:00;437.6412423953329;1040.4688132120662;0.0;210.02100210021004;0.0;0.0;0.0;0.0
2030-06-05 17:00:00;438.4594111272578;1040.4688132120662;0.0;210.02100210021004;0.0;0.0;0.0;0.0
2030-06-05 18:00:00;438.3910472738651;1040.4688132120662;0.0;210.02100210021004;0.0;0.0;0.0;0.0
2030-06-05 19:00:00;438.2855667598641;1040.4688132120662;0.0;210.02100210021004;0.0;0.0;0.0;0.0
2030-06-05 20:00:00;438.3255945452303;1040.4688132120662;0.0;210.02100210021004;0.0;0.0;0.0;0.0
2030-06-05 21:00:00;437.618064126888;1040.4688132120662;0.0;210.02100210021004;0.0;0.0;0.0;0.0
2030-06-05 22:00:00;437.8609946486699;1040.4688132120662;0.0;210.02100210021004;0.0;0.0;0.0;0.0
2030-06-05 23:00:00;502.1805579373503;1040.4688132120662;0.0;210.02100210021004;0.0;0.0;0.0;0.0
2030-06-06 00:00:00;437.3452877088171;1040.4688132120662;0.0;210.02100210021004;0.0;0.0;0.0;0.0
2030-06-06 01:00:00;437.2838213299991;1040.4688132120662;0.0;210.02100210021004;0.0;0.0;0.0;0.0
2030-06-06 02:00:00;437.2752252924242;1040.4688132120662;0.0;210.02100210021004;0.0;0.0;0.0;0.0
2030-06-06 03:00:00;437.2599314107772;1040.4688132120662;0.0;210.02100210021004;0.0;0.0;0.0;0.0
2030-06-06 04:00:00;437.2448801022454;1040.4688132120662;0.0;210.02100210021004;0.0;0.0;0.0;0.0
2030-06-06 05:00:00;505.7762870171748;1040.4688132120662;0.0;210.02100210021004;0.0;0.0;0.0;0.0
2030-06-06 06:00:00;502.0136263057342;1040.4688132120662;0.0;210.02100210021004;0.0;0.0;0.0;0.0
2030-06-06 07:00:00;456.8907154892667;1040.4688132120662;0.0;210.02100210021004;0.0;0.0;0.0;0.0
2030-06-06 08:00:00;437.5828353742625;1040.4688132120662;0.0;210.02100210021004;0.0;0.0;0.0;0.0
2030-06-06 09:00:00;437.6099712907078;1040.4688132120662;0.0;210.02100210021004;0.0;0.0;0.0;0.0
2030-06-06 10:00:00;438.5897586125442;1040.4688132120662;0.0;210.02100210021004;0.0;0.0;0.0;0.0
2030-06-06 11:00:00;438.7183142571098;1040.4688132120662;0.0;210.02100210021004;0.0;0.0;0.0;0.0
2030-06-06 12:00:00;438.7540021008883;1040.4688132120662;0.0;210.02100210021004;0.0;0.0;0.0;0.0
2030-06-06 13:00:00;438.8319644048566;1040.4688132120662;0.0;210.02100210021004;0.0;0.0;0.0;0.0
2030-06-06 14:00:00;439.0214838046115;1040.4688132120662;0.0;210.02100210021004;0.0;0.0;0.0;0.0
2030-06-06 15:00:00;439.1806755639742;1040.4688132120662;0.0;210.02100210021004;0.0;0.0;0.0;0.0
2030-06-06 16:00:00;438.7560959452936;1040.4688132120662;0.0;210.02100210021004;0.0;0.0;0.0;0.0
2030-06-06 17:00:00;438.5046972290647;1040.4688132120662;0.0;210.02100210021004;0.0;0.0;0.0;0.0
2030-06-06 18:00:00;438.7099427972007;1040.4688132120662;0.0;210.02100210021004;0.0;0.0;0.0;0.0
2030-06-06 19:00:00;511.5956196364319;1040.4688132120662;0.0;210.02100210021004;0.0;0.0;0.0;0.0
2030-06-06 20:00:00;511.8664703785267;1040.4688132120662;0.0;210.02100210021004;0.0;0.0;0.0;0.0
2030-06-06 21:00:00;439.1873129313112;1040.4688132120662;0.0;210.02100210021004;0.0;0.0;0.0;0.0
2030-06-06 22:00:00;511.9149752359128;1040.4688132120662;0.0;210.02100210021004;0.0;0.0;0.0;0.0
2030-06-06 23:00:00;511.2355761267137;1040.4688132120662;0.0;210.02100210021004;0.0;0.0;0.0;0.0
2030-06-07 00:00:00;438.006903780778;1040.4688132120662;0.0;210.02100210021004;0.0;0.0;0.0;0.0
2030-06-07 01:00:00;437.4363046505653;1040.4688132120662;0.0;210.02100210021004;0.0;0.0;0.0;0.0
2030-06-07 02:00:00;437.4366788962504;1040.4688132120662;0.0;210.02100210021004;0.0;0.0;0.0;0.0
2030-06-07 03:00:00;437.4390068916319;1040.4688132120662;0.0;210.02100210021004;0.0;0.0;0.0;0.0
2030-06-07 04:00:00;437.4377492795594;1040.4688132120662;0.0;210.02100210021004;0.0;0.0;0.0;0.0
2030-06-07 05:00:00;437.4421791827589;1040.4688132120662;0.0;210.02100210021004;0.0;0.0;0.0;0.0
2030-06-07 06:00:00;437.6042320566253;1040.4688132120662;0.0;210.02100210021004;0.0;0.0;0.0;0.0
2030-06-07 07:00:00;437.7220459719429;1040.4688132120662;0.0;210.02100210021004;0.0;0.0;0.0;0.0
2030-06-07 08:00:00;438.022629756612;1040.4688132120662;0.0;210.02100210021004;0.0;0.0;0.0;0.0
2030-06-07 09:00:00;438.6010906972023;1040.4688132120662;0.0;210.02100210021004;0.0;0.0;0.0;0.0
2030-06-07 10:00:00;438.2607026021469;1040.4688132120662;0.0;210.02100210021004;0.0;0.0;0.0;0.0
2030-06-07 11:00:00;437.9434927755365;1040.4688132120662;0.0;210.02100210021004;0.0;0.0;0.0;0.0
2030-06-07 12:00:00;437.4213861921428;1040.4688132120662;0.0;210.02100210021004;0.0;0.0;0.0;0.0
2030-06-07 13:00:00;437.3845645352981;1040.4688132120662;0.0;210.02100210021004;0.0;0.0;0.0;0.0
2030-06-07 14:00:00;437.37377945199;1040.4688132120662;0.0;210.02100210021004;0.0;0.0;0.0;0.0
2030-06-07 15:00:00;437.4058874186413;1040.4688132120662;0.0;210.02100210021004;0.0;0.0;0.0;0.0
2030-06-07 16:00:00;437.4196092851976;1040.4688132120662;0.0;210.02100210021004;0.0;0.0;0.0;0.0
2030-06-07 17:00:00;437.4344733649658;1040.4688132120662;0.0;210.02100210021004;0.0;0.0;0.0;0.0
2030-06-07 18:00:00;437.4137227657678;1040.4688132120662;0.0;210.02100210021004;0.0;0.0;0.0;0.0
2030-06-07 19:00:00;437.3891157250551;1040.4688132120662;0.0;210.02100210021004;0.0;0.0;0.0;0.0
2030-06-07 20:00:00;437.3898293139278;1040.4688132120662;0.0;210.02100210021004;0.0;0.0;0.0;0.0
2030-06-07 21:00:00;437.3778078142563;1040.4688132120662;0.0;210.02100210021004;0.0;0.0;0.0;0.0
2030-06-07 22:00:00;437.3402972968661;1040.4688132120662;0.0;210.02100210021004;0.0;0.0;0.0;0.0
2030-06-07 23:00:00;437.2666681136493;1040.4688132120662;0.0;210.02100210021004;0.0;0.0;0.0;0.0
2030-06-08 00:00:00;437.231920103677;1040.4688132120662;0.0;210.02100210021004;0.0;0.0;0.0;0.0
2030-06-08 01:00:00;437.1859795817664;1040.4688132120662;0.0;210.02100210021004;0.0;0.0;0.0;0.0
2030-06-08 02:00:00;499.151086949825;1040.4688132120662;0.0;210.02100210021004;0.0;0.0;0.0;0.0
2030-06-08 03:00:00;498.5003311543795;1040.4688132120662;0.0;210.02100210021004;0.0;0.0;0.0;0.0
2030-06-08 04:00:00;498.2936808058078;1040.4688132120662;0.0;210.02100210021004;0.0;0.0;0.0;0.0
2030-06-08 05:00:00;498.537397064062;1040.4688132120662;0.0;210.02100210021004;0.0;0.0;0.0;0.0
2030-06-08 06:00:00;499.2407399861406;1040.4688132120662;0.0;210.02100210021004;0.0;0.0;0.0;0.0
2030-06-08 07:00:00;499.7794296361661;1040.4688132120662;0.0;210.02100210021004;0.0;0.0;0.0;0.0
2030-06-08 08:00:00;462.4553867489229;1040.4688132120662;0.0;210.02100210021004;0.0;0.0;0.0;0.0
2030-06-08 09:00:00;437.2091394265641;1040.4688132120662;0.0;210.02100210021004;0.0;0.0;0.0;0.0
2030-06-08 10:00:00;437.2290386647803;1040.4688132120662;0.0;210.02100210021004;0.0;0.0;0.0;0.0
2030-06-08 11:00:00;437.2165331964179;1040.4688132120662;0.0;210.02100210021004;0.0;0.0;0.0;0.0
2030-06-08 12:00:00;437.1848668070393;1040.4688132120662;0.0;210.02100210021004;0.0;0.0;0.0;0.0
2030-06-08 13:00:00;437.1594896555631;1040.4688132120662;0.0;210.02100210021004;0.0;0.0;0.0;0.0
2030-06-08 14:00:00;437.1437742148131;1040.4688132120662;0.0;210.02100210021004;0.0;0.0;0.0;0.0
2030-06-08 15:00:00;437.1358010955776;1040.4688132120662;0.0;210.02100210021004;0.0;0.0;0.0;0.0
2030-06-08 16:00:00;437.139988425662;1040.4688132120662;0.0;210.02100210021004;0.0;0.0;0.0;0.0
2030-06-08 17:00:00;437.1717325326406;1040.4688132120662;0.0;210.02100210021004;0.0;0.0;0.0;0.0
2030-06-08 18:00:00;437.2050616076433;1040.4688132120662;0.0;210.02100210021004;0.0;0.0;0.0;0.0
2030-06-08 19:00:00;437.2454676944029;1040.4688132120662;0.0;210.02100210021004;0.0;0.0;0.0;0.0
2030-06-08 20:00:00;437.268850094146;1040.4688132120662;0.0;210.02100210021004;0.0;0.0;0.0;0.0
2030-06-08 21:00:00;437.2637066020739;1040.4688132120662;0.0;210.02100210021004;0.0;0.0;0.0;0.0
2030-06-08 22:00:00;437.260116284462;1040.4688132120662;0.0;210.02100210021004;0.0;0.0;0.0;0.0
2030-06-08 23:00:00;437.2555827577959;1040.4688132120662;0.0;210.02100210021004;0.0;0.0;0.0;0.0
2030-06-09 00:00:00;437.2236102081748;1040.4688132120662;0.0;210.02100210021004;0.0;0.0;0.0;0.0
2030-06-09 01:00:00;437.2009307994498;1040.4688132120662;0.0;210.02100210021004;0.0;0.0;0.0;0.0
2030-06-09 02:00:00;437.1664618663139;1040.4688132120662;0.0;210.02100210021004;0.0;0.0;0.0;0.0
2030-06-09 03:00:00;437.1611464534902;1040.4688132120662;0.0;210.02100210021004;0.0;0.0;0.0;0.0
2030-06-09 04:00:00;437.148632742352;1040.4688132120662;0.0;210.02100210021004;0.0;0.0;0.0;0.0
2030-06-09 05:00:00;437.1421468553709;1040.4688132120662;0.0;210.02100210021004;0.0;0.0;0.0;0.0
2030-06-09 06:00:00;437.1141685193737;1040.4688132120662;0.0;210.02100210021004;0.0;0.0;0.0;0.0
2030-06-09 07:00:00;437.1297791591176;1040.4688132120662;0.0;210.02100210021004;0.0;0.0;0.0;0.0
2030-06-09 08:00:00;437.1310709198326;1040.4688132120662;0.0;210.02100210021004;0.0;0.0;0.0;0.0
2030-06-09 09:00:00;437.1343538996625;1040.4688132120662;0.0;210.02100210021004;0.0;0.0;0.0;0.0
2030-06-09 10:00:00;437.1186207958217;1040.4688132120662;0.0;210.02100210021004;0.0;0.0;0.0;0.0
2030-06-09 11:00:00;437.1173631837491;1040.4688132120662;0.0;210.02100210021004;0.0;0.0;0.0;0.0
2030-06-09 12:00:00;437.1220132868153;1040.4688132120662;0.0;210.02100210021004;0.0;0.0;0.0;0.0
2030-06-09 13:00:00;437.1057985693624;1040.4688132120662;0.0;210.02100210021004;0.0;0.0;0.0;0.0
2030-06-09 14:00:00;437.1121090029739;1040.4688132120662;0.0;210.02100210021004;0.0;0.0;0.0;0.0
2030-06-09 15:00:00;437.1558875625574;1040.4688132120662;0.0;210.02100210021004;0.0;0.0;0.0;0.0
2030-06-09 16:00:00;437.2291611288773;1040.4688132120662;0.0;210.02100210021004;0.0;0.0;0.0;0.0
2030-06-09 17:00:00;437.2965458206887;1040.4688132120662;0.0;210.02100210021004;0.0;0.0;0.0;0.0
2030-06-09 18:00:00;437.3214696194983;1040.4688132120662;0.0;210.02100210021004;0.0;0.0;0.0;0.0
2030-06-09 19:00:00;437.3232983381769;1040.4688132120662;0.0;210.02100210021004;0.0;0.0;0.0;0.0
2030-06-09 20:00:00;437.3245535951708;1040.4688132120662;0.0;210.02100210021004;0.0;0.0;0.0;0.0
2030-06-09 21:00:00;437.3174777609532;1040.4688132120662;0.0;210.02100210021004;0.0;0.0;0.0;0.0
2030-06-09 22:00:00;437.3130678759234;1040.4688132120662;0.0;210.02100210021004;0.0;0.0;0.0;0.0
2030-06-09 23:00:00;437.3003987295853;1040.4688132120662;0.0;210.02100210021004;0.0;0.0;0.0;0.0
2030-06-10 00:00:00;437.2489013992753;1040.4688132120662;0.0;210.02100210021004;0.0;0.0;0.0;0.0
2030-06-10 01:00:00;437.207494404031;1040.4688132120662;0.0;210.02100210021004;0.0;0.0;0.0;0.0
2030-06-10 02:00:00;437.2077852562612;1040.4688132120662;0.0;210.02100210021004;0.0;0.0;0.0;0.0
2030-06-10 03:00:00;437.2061119727827;1040.4688132120662;0.0;210.02100210021004;0.0;0.0;0.0;0.0
2030-06-10 04:00:00;437.2035472919829;1040.4688132120662;0.0;210.02100210021004;0.0;0.0;0.0;0.0
2030-06-10 05:00:00;437.1946886631232;1040.4688132120662;0.0;210.02100210021004;0.0;0.0;0.0;0.0
2030-06-10 06:00:00;437.2178308448299;1040.4688132120662;0.0;210.02100210021004;0.0;0.0;0.0;0.0
2030-06-10 07:00:00;437.2255178219928;1040.4688132120662;0.0;210.02100210021004;0.0;0.0;0.0;0.0
2030-06-10 08:00:00;437.2241212602717;1040.4688132120662;0.0;210.02100210021004;0.0;0.0;0.0;0.0
2030-06-10 09:00:00;437.2164036670846;1040.4688132120662;0.0;210.02100210021004;0.0;0.0;0.0;0.0
2030-06-10 10:00:00;437.2113955920427;1040.4688132120662;0.0;210.02100210021004;0.0;0.0;0.0;0.0
2030-06-10 11:00:00;437.2146008542727;1040.4688132120662;0.0;210.02100210021004;0.0;0.0;0.0;0.0
2030-06-10 12:00:00;437.2284887538834;1040.4688132120662;0.0;210.02100210021004;0.0;0.0;0.0;0.0
2030-06-10 13:00:00;437.2167840123088;1040.4688132120662;0.0;210.02100210021004;0.0;0.0;0.0;0.0
2030-06-10 14:00:00;437.2099848998489;1040.4688132120662;0.0;210.02100210021004;0.0;0.0;0.0;0.0
2030-06-10 15:00:00;437.2226140098476;1040.4688132120662;0.0;210.02100210021004;0.0;0.0;0.0;0.0
2030-06-10 16:00:00;437.2428241184638;1040.4688132120662;0.0;210.02100210021004;0.0;0.0;0.0;0.0
2030-06-10 17:00:00;437.2817665237569;1040.4688132120662;0.0;210.02100210021004;0.0;0.0;0.0;0.0
2030-06-10 18:00:00;437.3007637667973;1040.4688132120662;0.0;210.02100210021004;0.0;0.0;0.0;0.0
2030-06-10 19:00:00;437.2940741655011;1040.4688132120662;0.0;210.02100210021004;0.0;0.0;0.0;0.0
2030-06-10 20:00:00;437.2961854936342;1040.4688132120662;0.0;210.02100210021004;0.0;0.0;0.0;0.0
2030-06-10 21:00:00;437.2950715413676;1040.4688132120662;0.0;210.02100210021004;0.0;0.0;0.0;0.0
2030-06-10 22:00:00;437.2941930969798;1040.4688132120662;0.0;210.02100210021004;0.0;0.0;0.0;0.0
2030-06-10 23:00:00;437.2950291499494;1040.4688132120662;0.0;210.02100210021004;0.0;0.0;0.0;0.0
2030-06-11 00:00:00;437.3072637842513;1040.4688132120662;0.0;210.02100210021004;0.0;0.0;0.0;0.0
2030-06-11 01:00:00;437.3047179440818;1040.4688132120662;0.0;210.02100210021004;0.0;0.0;0.0;0.0
2030-06-11 02:00:00;437.3143419735475;1040.4688132120662;0.0;210.02100210021004;0.0;0.0;0.0;0.0
2030-06-11 03:00:00;437.3264364806614;1040.4688132120662;0.0;210.02100210021004;0.0;0.0;0.0;0.0
2030-06-11 04:00:00;437.3526508626467;1040.4688132120662;0.0;210.02100210021004;0.0;0.0;0.0;0.0
2030-06-11 05:00:00;437.4009452858055;1040.4688132120662;0.0;210.02100210021004;0.0;0.0;0.0;0.0
2030-06-11 06:00:00;437.4244878309062;1040.4688132120662;0.0;210.02100210021004;0.0;0.0;0.0;0.0
2030-06-11 07:00:00;437.458935568333;1040.4688132120662;0.0;210.02100210021004;0.0;0.0;0.0;0.0
2030-06-11 08:00:00;438.74403547031;1040.4688132120662;0.0;210.02100210021004;0.0;0.0;0.0;0.0
2030-06-11 09:00:00;439.8419852465182;1040.4688132120662;0.0;210.02100210021004;0.0;0.0;0.0;0.0
2030-06-11 10:00:00;438.7837619552977;1040.4688132120662;0.0;210.02100210021004;0.0;0.0;0.0;0.0
2030-06-11 11:00:00;438.0712156085643;1040.4688132120662;0.0;210.02100210021004;0.0;0.0;0.0;0.0
2030-06-11 12:00:00;437.8516135107213;1040.4688132120662;0.0;210.02100210021004;0.0;0.0;0.0;0.0
2030-06-11 13:00:00;437.938110050771;1040.4688132120662;0.0;210.02100210021004;0.0;0.0;0.0;0.0
2030-06-11 14:00:00;438.0234841827589;1040.4688132120662;0.0;210.02100210021004;0.0;0.0;0.0;0.0
2030-06-11 15:00:00;437.7030219720928;1040.4688132120662;0.0;210.02100210021004;0.0;0.0;0.0;0.0
2030-06-11 16:00:00;509.784009780804;1040.4688132120662;0.0;210.02100210021004;0.0;0.0;0.0;0.0
2030-06-11 17:00:00;510.0133516071436;1040.4688132120662;0.0;210.02100210021004;0.0;0.0;0.0;0.0
2030-06-11 18:00:00;510.4517665535025;1040.4688132120662;0.0;210.02100210021004;0.0;0.0;0.0;0.0
2030-06-11 19:00:00;510.7138886314808;1040.4688132120662;0.0;210.02100210021004;0.0;0.0;0.0;0.0
2030-06-11 20:00:00;510.9143833701759;1040.4688132120662;0.0;210.02100210021004;0.0;0.0;0.0;0.0
2030-06-11 21:00:00;510.1528863892099;1040.4688132120662;0.0;210.02100210021004;0.0;0.0;0.0;0.0
2030-06-11 22:00:00;510.4076553213499;1040.4688132120662;0.0;210.02100210021004;0.0;0.0;0.0;0.0
2030-06-11 23:00:00;509.7904425818047;1040.4688132120662;0.0;210.02100210021004;0.0;0.0;0.0;0.0
2030-06-12 00:00:00;509.3322677862117;1040.4688132120662;0.0;210.02100210021004;0.0;0.0;0.0;0.0
2030-06-12 01:00:00;509.4977904596297;1040.4688132120662;0.0;210.02100210021004;0.0;0.0;0.0;0.0
2030-06-12 02:00:00;509.5015178797481;1040.4688132120662;0.0;210.02100210021004;0.0;0.0;0.0;0.0
2030-06-12 03:00:00;509.091029291102;1040.4688132120662;0.0;210.02100210021004;0.0;0.0;0.0;0.0
2030-06-12 04:00:00;509.6726570588065;1040.4688132120662;0.0;210.02100210021004;0.0;0.0;0.0;0.0
2030-06-12 05:00:00;509.8837734648525;1040.4688132120662;0.0;210.02100210021004;0.0;0.0;0.0;0.0
2030-06-12 06:00:00;510.0384201386499;1040.4688132120662;0.0;210.02100210021004;0.0;0.0;0.0;0.0
2030-06-12 07:00:00;510.5239608914986;1040.4688132120662;0.0;210.02100210021004;0.0;0.0;0.0;0.0
2030-06-12 08:00:00;510.6301571840009;1040.4688132120662;0.0;210.02100210021004;0.0;0.0;0.0;0.0
2030-06-12 09:00:00;511.0100114864259;1040.4688132120662;0.0;210.02100210021004;0.0;0.0;0.0;0.0
2030-06-12 10:00:00;479.7319511753993;1040.4688132120662;0.0;210.02100210021004;0.0;0.0;0.0;0.0
2030-06-12 11:00:00;439.7738414261548;1040.4688132120662;0.0;210.02100210021004;0.0;0.0;0.0;0.0
2030-06-12 12:00:00;441.901130404618;1040.4688132120662;0.0;210.02100210021004;0.0;0.0;0.0;0.0
2030-06-12 13:00:00;441.4901319738933;1040.4688132120662;0.0;210.02100210021004;0.0;0.0;0.0;0.0
2030-06-12 14:00:00;439.5301520749794;1040.4688132120662;0.0;210.02100210021004;0.0;0.0;0.0;0.0
2030-06-12 15:00:00;439.4763914487785;1040.4688132120662;0.0;210.02100210021004;0.0;0.0;0.0;0.0
2030-06-12 16:00:00;439.3026995267088;1040.4688132120662;0.0;210.02100210021004;0.0;0.0;0.0;0.0
2030-06-12 17:00:00;510.5190080433474;1040.4688132120662;0.0;210.02100210021004;0.0;0.0;0.0;0.0
2030-06-12 18:00:00;510.4218492233221;1040.4688132120662;0.0;210.02100210021004;0.0;0.0;0.0;0.0
2030-06-12 19:00:00;510.2223232253115;1040.4688132120662;0.0;210.02100210021004;0.0;0.0;0.0;0.0
2030-06-12 20:00:00;510.5325892313032;1040.4688132120662;0.0;210.02100210021004;0.0;0.0;0.0;0.0
2030-06-12 21:00:00;510.1618223598358;1040.4688132120662;0.0;210.02100210021004;0.0;0.0;0.0;0.0
2030-06-12 22:00:00;510.1891881245443;1040.4688132120662;0.0;210.02100210021004;0.0;0.0;0.0;0.0
2030-06-12 23:00:00;508.5823612132812;1040.4688132120662;0.0;210.02100210021004;0.0;0.0;0.0;0.0
2030-06-13 00:00:00;508.1746810700024;1040.4688132120662;0.0;210.02100210021004;0.0;0.0;0.0;0.0
2030-06-13 01:00:00;506.0581638491355;1040.4688132120662;0.0;210.02100210021004;0.0;0.0;0.0;0.0
2030-06-13 02:00:00;505.4322720188601;1040.4688132120662;0.0;210.02100210021004;0.0;0.0;0.0;0.0
2030-06-13 03:00:00;505.2405582578408;1040.4688132120662;0.0;210.02100210021004;0.0;0.0;0.0;0.0
2030-06-13 04:00:00;506.003993897715;1040.4688132120662;0.0;210.02100210021004;0.0;0.0;0.0;0.0
2030-06-13 05:00:00;506.8649988603734;1040.4688132120662;0.0;210.02100210021004;0.0;0.0;0.0;0.0
2030-06-13 06:00:00;507.4882362532392;1040.4688132120662;0.0;210.02100210021004;0.0;0.0;0.0;0.0
2030-06-13 07:00:00;508.2649479978738;1040.4688132120662;0.0;210.02100210021004;0.0;0.0;0.0;0.0
2030-06-13 08:00:00;507.9869500463634;1040.4688132120662;0.0;210.02100210021004;0.0;0.0;0.0;0.0
2030-06-13 09:00:00;437.37405146359;1040.4688132120662;0.0;210.02100210021004;0.0;0.0;0.0;0.0
2030-06-13 10:00:00;437.3616272454458;1040.4688132120662;0.0;210.02100210021004;0.0;0.0;0.0;0.0
2030-06-13 11:00:00;437.3437204038839;1040.4688132120662;0.0;210.02100210021004;0.0;0.0;0.0;0.0
2030-06-13 12:00:00;437.3023805283851;1040.4688132120662;0.0;210.02100210021004;0.0;0.0;0.0;0.0
2030-06-13 13:00:00;437.3029551676093;1040.4688132120662;0.0;210.02100210021004;0.0;0.0;0.0;0.0
2030-06-13 14:00:00;437.3158127202504;1040.4688132120662;0.0;210.02100210021004;0.0;0.0;0.0;0.0
2030-06-13 15:00:00;437.3335535287577;1040.4688132120662;0.0;210.02100210021004;0.0;0.0;0.0;0.0
2030-06-13 16:00:00;437.3554746021131;1040.4688132120662;0.0;210.02100210021004;0.0;0.0;0.0;0.0
2030-06-13 17:00:00;437.3672182024877;1040.4688132120662;0.0;210.02100210021004;0.0;0.0;0.0;0.0
2030-06-13 18:00:00;437.4037572498779;1040.4688132120662;0.0;210.02100210021004;0.0;0.0;0.0;0.0
2030-06-13 19:00:00;437.4138911539011;1040.4688132120662;0.0;210.02100210021004;0.0;0.0;0.0;0.0
2030-06-13 20:00:00;437.4119270181923;1040.4688132120662;0.0;210.02100210021004;0.0;0.0;0.0;0.0
2030-06-13 21:00:00;437.3963517046302;1040.4688132120662;0.0;210.02100210021004;0.0;0.0;0.0;0.0
2030-06-13 22:00:00;507.785840046026;1040.4688132120662;0.0;210.02100210021004;0.0;0.0;0.0;0.0
2030-06-13 23:00:00;506.8676013693179;1040.4688132120662;0.0;210.02100210021004;0.0;0.0;0.0;0.0
2030-06-14 00:00:00;507.4743497895409;1040.4688132120662;0.0;210.02100210021004;0.0;0.0;0.0;0.0
2030-06-14 01:00:00;507.1892542020011;1040.4688132120662;0.0;210.02100210021004;0.0;0.0;0.0;0.0
2030-06-14 02:00:00;507.0055558742228;1040.4688132120662;0.0;210.02100210021004;0.0;0.0;0.0;0.0
2030-06-14 03:00:00;506.5664237792761;1040.4688132120662;0.0;210.02100210021004;0.0;0.0;0.0;0.0
2030-06-14 04:00:00;506.8592794827951;1040.4688132120662;0.0;210.02100210021004;0.0;0.0;0.0;0.0
2030-06-14 05:00:00;507.4353936167969;1040.4688132120662;0.0;210.02100210021004;0.0;0.0;0.0;0.0
2030-06-14 06:00:00;508.4240366927517;1040.4688132120662;0.0;210.02100210021004;0.0;0.0;0.0;0.0
2030-06-14 07:00:00;509.1330989924086;1040.4688132120662;0.0;210.02100210021004;0.0;0.0;0.0;0.0
2030-06-14 08:00:00;509.3362495385997;1040.4688132120662;0.0;210.02100210021004;0.0;0.0;0.0;0.0
2030-06-14 09:00:00;437.5788015008624;1040.4688132120662;0.0;210.02100210021004;0.0;0.0;0.0;0.0
2030-06-14 10:00:00;437.4806529423727;1040.4688132120662;0.0;210.02100210021004;0.0;0.0;0.0;0.0
2030-06-14 11:00:00;437.4084462117441;1040.4688132120662;0.0;210.02100210021004;0.0;0.0;0.0;0.0
2030-06-14 12:00:00;437.3908820341459;1040.4688132120662;0.0;210.02100210021004;0.0;0.0;0.0;0.0
2030-06-14 13:00:00;440.4929230363985;1040.4688132120662;0.0;210.02100210021004;0.0;0.0;0.0;0.0
2030-06-14 14:00:00;437.371916584669;1040.4688132120662;0.0;210.02100210021004;0.0;0.0;0.0;0.0
2030-06-14 15:00:00;437.379983907056;1040.4688132120662;0.0;210.02100210021004;0.0;0.0;0.0;0.0
2030-06-14 16:00:00;507.5563445968229;1040.4688132120662;0.0;210.02100210021004;0.0;0.0;0.0;0.0
2030-06-14 17:00:00;507.8721763575293;1040.4688132120662;0.0;210.02100210021004;0.0;0.0;0.0;0.0
2030-06-14 18:00:00;508.2812855101849;1040.4688132120662;0.0;210.02100210021004;0.0;0.0;0.0;0.0
2030-06-14 19:00:00;508.6276473150881;1040.4688132120662;0.0;210.02100210021004;0.0;0.0;0.0;0.0
2030-06-14 20:00:00;508.7601887031494;1040.4688132120662;0.0;210.02100210021004;0.0;0.0;0.0;0.0
2030-06-14 21:00:00;508.3563376743875;1040.4688132120662;0.0;210.02100210021004;0.0;0.0;0.0;0.0
2030-06-14 22:00:00;507.5050326641559;1040.4688132120662;0.0;210.02100210021004;0.0;0.0;0.0;0.0
2030-06-14 23:00:00;505.1204233806282;1040.4688132120662;0.0;210.02100210021004;0.0;0.0;0.0;0.0
2030-06-15 00:00:00;503.2342204519505;1040.4688132120662;0.0;210.02100210021004;0.0;0.0;0.0;0.0
2030-06-15 01:00:00;501.6647147676319;1040.4688132120662;0.0;210.02100210021004;0.0;0.0;0.0;0.0
2030-06-15 02:00:00;501.4333809838325;1040.4688132120662;0.0;210.02100210021004;0.0;0.0;0.0;0.0
2030-06-15 03:00:00;501.5306426757954;1040.4688132120662;0.0;210.02100210021004;0.0;0.0;0.0;0.0
2030-06-15 04:00:00;501.6470489553503;1040.4688132120662;0.0;210.02100210021004;0.0;0.0;0.0;0.0
2030-06-15 05:00:00;501.4482373657544;1040.4688132120662;0.0;210.02100210021004;0.0;0.0;0.0;0.0
2030-06-15 06:00:00;502.6350804948279;1040.4688132120662;0.0;210.02100210021004;0.0;0.0;0.0;0.0
2030-06-15 07:00:00;503.3468495454537;1040.4688132120662;0.0;210.02100210021004;0.0;0.0;0.0;0.0
2030-06-15 08:00:00;503.8646558051576;1040.4688132120662;0.0;210.02100210021004;0.0;0.0;0.0;0.0
2030-06-15 09:00:00;437.2770810945088;1040.4688132120662;0.0;210.02100210021004;0.0;0.0;0.0;0.0
2030-06-15 10:00:00;437.2601751614317;1040.4688132120662;0.0;210.02100210021004;0.0;0.0;0.0;0.0
2030-06-15 11:00:00;437.2421894247306;1040.4688132120662;0.0;210.02100210021004;0.0;0.0;0.0;0.0
2030-06-15 12:00:00;437.2444714960757;1040.4688132120662;0.0;210.02100210021004;0.0;0.0;0.0;0.0
2030-06-15 13:00:00;437.241135526973;1040.4688132120662;0.0;210.02100210021004;0.0;0.0;0.0;0.0
2030-06-15 14:00:00;437.197241568529;1040.4688132120662;0.0;210.02100210021004;0.0;0.0;0.0;0.0
2030-06-15 15:00:00;437.1961758953776;1040.4688132120662;0.0;210.02100210021004;0.0;0.0;0.0;0.0
2030-06-15 16:00:00;437.1768677819371;1040.4688132120662;0.0;210.02100210021004;0.0;0.0;0.0;0.0
2030-06-15 17:00:00;437.2268625719805;1040.4688132120662;0.0;210.02100210021004;0.0;0.0;0.0;0.0
2030-06-15 18:00:00;437.2526718804143;1040.4688132120662;0.0;210.02100210021004;0.0;0.0;0.0;0.0
2030-06-15 19:00:00;503.8356053287162;1040.4688132120662;0.0;210.02100210021004;0.0;0.0;0.0;0.0
2030-06-15 20:00:00;503.7492194438266;1040.4688132120662;0.0;210.02100210021004;0.0;0.0;0.0;0.0
2030-06-15 21:00:00;504.0605063115149;1040.4688132120662;0.0;210.02100210021004;0.0;0.0;0.0;0.0
2030-06-15 22:00:00;503.5542881047675;1040.4688132120662;0.0;210.02100210021004;0.0;0.0;0.0;0.0
2030-06-15 23:00:00;502.7326993909983;1040.4688132120662;0.0;210.02100210021004;0.0;0.0;0.0;0.0
2030-06-16 00:00:00;494.8112308142987;1040.4688132120662;0.0;210.02100210021004;0.0;0.0;0.0;0.0
2030-06-16 01:00:00;464.7816594646021;1040.4688132120662;0.0;210.02100210021004;0.0;0.0;0.0;0.0
2030-06-16 02:00:00;437.1459208691281;1040.4688132120662;0.0;210.02100210021004;0.0;0.0;0.0;0.0
2030-06-16 03:00:00;437.1372730198199;1040.4688132120662;0.0;210.02100210021004;0.0;0.0;0.0;0.0
2030-06-16 04:00:00;437.1413732119892;1040.4688132120662;0.0;210.02100210021004;0.0;0.0;0.0;0.0
2030-06-16 05:00:00;437.1455899805584;1040.4688132120662;0.0;210.02100210021004;0.0;0.0;0.0;0.0
2030-06-16 06:00:00;437.1468617231037;1040.4688132120662;0.0;210.02100210021004;0.0;0.0;0.0;0.0
2030-06-16 07:00:00;437.1601490776236;1040.4688132120662;0.0;210.02100210021004;0.0;0.0;0.0;0.0
2030-06-16 08:00:00;437.168889952544;1040.4688132120662;0.0;210.02100210021004;0.0;0.0;0.0;0.0
2030-06-16 09:00:00;437.1777474038643;1040.4688132120662;0.0;210.02100210021004;0.0;0.0;0.0;0.0
2030-06-16 10:00:00;437.2018021786013;1040.4688132120662;0.0;210.02100210021004;0.0;0.0;0.0;0.0
2030-06-16 11:00:00;437.194036306299;1040.4688132120662;0.0;210.02100210021004;0.0;0.0;0.0;0.0
2030-06-16 12:00:00;437.1778498497915;1040.4688132120662;0.0;210.02100210021004;0.0;0.0;0.0;0.0
2030-06-16 13:00:00;437.1785905220702;1040.4688132120662;0.0;210.02100210021004;0.0;0.0;0.0;0.0
2030-06-16 14:00:00;437.1695093382651;1040.4688132120662;0.0;210.02100210021004;0.0;0.0;0.0;0.0
2030-06-16 15:00:00;437.1603527919387;1040.4688132120662;0.0;210.02100210021004;0.0;0.0;0.0;0.0
2030-06-16 16:00:00;437.168163410738;1040.4688132120662;0.0;210.02100210021004;0.0;0.0;0.0;0.0
2030-06-16 17:00:00;437.1851600143484;1040.4688132120662;0.0;210.02100210021004;0.0;0.0;0.0;0.0
2030-06-16 18:00:00;437.2081867971946;1040.4688132120662;0.0;210.02100210021004;0.0;0.0;0.0;0.0
2030-06-16 19:00:00;437.210316965958;1040.4688132120662;0.0;210.02100210021004;0.0;0.0;0.0;0.0
2030-06-16 20:00:00;437.2132525716668;1040.4688132120662;0.0;210.02100210021004;0.0;0.0;0.0;0.0
2030-06-16 21:00:00;437.2205415405145;1040.4688132120662;0.0;210.02100210021004;0.0;0.0;0.0;0.0
2030-06-16 22:00:00;437.2232816746839;1040.4688132120662;0.0;210.02100210021004;0.0;0.0;0.0;0.0
2030-06-16 23:00:00;437.2129240381759;1040.4688132120662;0.0;210.02100210021004;0.0;0.0;0.0;0.0
2030-06-17 00:00:00;437.1762272005068;1040.4688132120662;0.0;210.02100210021004;0.0;0.0;0.0;0.0
2030-06-17 01:00:00;437.1988253590137;1040.4688132120662;0.0;210.02100210021004;0.0;0.0;0.0;0.0
2030-06-17 02:00:00;437.239948567264;1040.4688132120662;0.0;210.02100210021004;0.0;0.0;0.0;0.0
2030-06-17 03:00:00;437.2328056133011;1040.4688132120662;0.0;210.02100210021004;0.0;0.0;0.0;0.0
2030-06-17 04:00:00;437.2234088489384;1040.4688132120662;0.0;210.02100210021004;0.0;0.0;0.0;0.0
2030-06-17 05:00:00;437.248705927736;1040.4688132120662;0.0;210.02100210021004;0.0;0.0;0.0;0.0
2030-06-17 06:00:00;437.2885479731259;1040.4688132120662;0.0;210.02100210021004;0.0;0.0;0.0;0.0
2030-06-17 07:00:00;437.3100003858025;1040.4688132120662;0.0;210.02100210021004;0.0;0.0;0.0;0.0
2030-06-17 08:00:00;437.2940882959738;1040.4688132120662;0.0;210.02100210021004;0.0;0.0;0.0;0.0
2030-06-17 09:00:00;437.2763368896119;1040.4688132120662;0.0;210.02100210021004;0.0;0.0;0.0;0.0
2030-06-17 10:00:00;437.2631967275163;1040.4688132120662;0.0;210.02100210021004;0.0;0.0;0.0;0.0
2030-06-17 11:00:00;437.2605331334075;1040.4688132120662;0.0;210.02100210021004;0.0;0.0;0.0;0.0
2030-06-17 12:00:00;437.258785664947;1040.4688132120662;0.0;210.02100210021004;0.0;0.0;0.0;0.0
2030-06-17 13:00:00;437.2595004313591;1040.4688132120662;0.0;210.02100210021004;0.0;0.0;0.0;0.0
2030-06-17 14:00:00;437.2715513695155;1040.4688132120662;0.0;210.02100210021004;0.0;0.0;0.0;0.0
2030-06-17 15:00:00;437.2733000155152;1040.4688132120662;0.0;210.02100210021004;0.0;0.0;0.0;0.0
2030-06-17 16:00:00;437.2813037507751;1040.4688132120662;0.0;210.02100210021004;0.0;0.0;0.0;0.0
2030-06-17 17:00:00;437.2889777750046;1040.4688132120662;0.0;210.02100210021004;0.0;0.0;0.0;0.0
2030-06-17 18:00:00;437.3038112387486;1040.4688132120662;0.0;210.02100210021004;0.0;0.0;0.0;0.0
2030-06-17 19:00:00;437.3069022796574;1040.4688132120662;0.0;210.02100210021004;0.0;0.0;0.0;0.0
2030-06-17 20:00:00;437.316615802117;1040.4688132120662;0.0;210.02100210021004;0.0;0.0;0.0;0.0
2030-06-17 21:00:00;437.3105679597903;1040.4688132120662;0.0;210.02100210021004;0.0;0.0;0.0;0.0
2030-06-17 22:00:00;437.286706301514;1040.4688132120662;0.0;210.02100210021004;0.0;0.0;0.0;0.0
2030-06-17 23:00:00;437.2768326336967;1040.4688132120662;0.0;210.02100210021004;0.0;0.0;0.0;0.0
2030-06-18 00:00:00;437.2708766394428;1040.4688132120662;0.0;210.02100210021004;0.0;0.0;0.0;0.0
2030-06-18 01:00:00;437.2689796234794;1040.4688132120662;0.0;210.02100210021004;0.0;0.0;0.0;0.0
2030-06-18 02:00:00;437.2762733024847;1040.4688132120662;0.0;210.02100210021004;0.0;0.0;0.0;0.0
2030-06-18 03:00:00;437.290393177356;1040.4688132120662;0.0;210.02100210021004;0.0;0.0;0.0;0.0
2030-06-18 04:00:00;437.2859915351019;1040.4688132120662;0.0;210.02100210021004;0.0;0.0;0.0;0.0
2030-06-18 05:00:00;437.2893734282409;1040.4688132120662;0.0;210.02100210021004;0.0;0.0;0.0;0.0
2030-06-18 06:00:00;437.308214058542;1040.4688132120662;0.0;210.02100210021004;0.0;0.0;0.0;0.0
2030-06-18 07:00:00;437.3172740466381;1040.4688132120662;0.0;210.02100210021004;0.0;0.0;0.0;0.0
2030-06-18 08:00:00;437.3269004311826;1040.4688132120662;0.0;210.02100210021004;0.0;0.0;0.0;0.0
2030-06-18 09:00:00;437.3165404395958;1040.4688132120662;0.0;210.02100210021004;0.0;0.0;0.0;0.0
2030-06-18 10:00:00;437.3039713841061;1040.4688132120662;0.0;210.02100210021004;0.0;0.0;0.0;0.0
2030-06-18 11:00:00;437.320413366662;1040.4688132120662;0.0;210.02100210021004;0.0;0.0;0.0;0.0
2030-06-18 12:00:00;437.3150202362384;1040.4688132120662;0.0;210.02100210021004;0.0;0.0;0.0;0.0
2030-06-18 13:00:00;437.3157703288322;1040.4688132120662;0.0;210.02100210021004;0.0;0.0;0.0;0.0
2030-06-18 14:00:00;437.3261927300069;1040.4688132120662;0.0;210.02100210021004;0.0;0.0;0.0;0.0
2030-06-18 15:00:00;437.3249115671464;1040.4688132120662;0.0;210.02100210021004;0.0;0.0;0.0;0.0
2030-06-18 16:00:00;437.3183797561289;1040.4688132120662;0.0;210.02100210021004;0.0;0.0;0.0;0.0
2030-06-18 17:00:00;437.3238717998617;1040.4688132120662;0.0;210.02100210021004;0.0;0.0;0.0;0.0
2030-06-18 18:00:00;506.2281297211732;1040.4688132120662;0.0;210.02100210021004;0.0;0.0;0.0;0.0
2030-06-18 19:00:00;507.845115483469;1040.4688132120662;0.0;210.02100210021004;0.0;0.0;0.0;0.0
2030-06-18 20:00:00;507.9855706103729;1040.4688132120662;0.0;210.02100210021004;0.0;0.0;0.0;0.0
2030-06-18 21:00:00;507.7642941757547;1040.4688132120662;0.0;210.02100210021004;0.0;0.0;0.0;0.0
2030-06-18 22:00:00;507.1845047426467;1040.4688132120662;0.0;210.02100210021004;0.0;0.0;0.0;0.0
2030-06-18 23:00:00;505.7815451410684;1040.4688132120662;0.0;210.02100210021004;0.0;0.0;0.0;0.0
2030-06-19 00:00:00;505.6050959096514;1040.4688132120662;0.0;210.02100210021004;0.0;0.0;0.0;0.0
2030-06-19 01:00:00;505.6254161593426;1040.4688132120662;0.0;210.02100210021004;0.0;0.0;0.0;0.0
2030-06-19 02:00:00;505.7306921070074;1040.4688132120662;0.0;210.02100210021004;0.0;0.0;0.0;0.0
2030-06-19 03:00:00;505.7756210046069;1040.4688132120662;0.0;210.02100210021004;0.0;0.0;0.0;0.0
2030-06-19 04:00:00;505.1376291167646;1040.4688132120662;0.0;210.02100210021004;0.0;0.0;0.0;0.0
2030-06-19 05:00:00;504.2967410150006;1040.4688132120662;0.0;210.02100210021004;0.0;0.0;0.0;0.0
2030-06-19 06:00:00;504.9475487389112;1040.4688132120662;0.0;210.02100210021004;0.0;0.0;0.0;0.0
2030-06-19 07:00:00;505.4927209558708;1040.4688132120662;0.0;210.02100210021004;0.0;0.0;0.0;0.0
2030-06-19 08:00:00;506.2298140478119;1040.4688132120662;0.0;210.02100210021004;0.0;0.0;0.0;0.0
2030-06-19 09:00:00;506.2014274214067;1040.4688132120662;0.0;210.02100210021004;0.0;0.0;0.0;0.0
2030-06-19 10:00:00;505.902494943555;1040.4688132120662;0.0;210.02100210021004;0.0;0.0;0.0;0.0
2030-06-19 11:00:00;506.1748268160387;1040.4688132120662;0.0;210.02100210021004;0.0;0.0;0.0;0.0
2030-06-19 12:00:00;437.3491088241501;1040.4688132120662;0.0;210.02100210021004;0.0;0.0;0.0;0.0
2030-06-19 13:00:00;437.3562635535069;1040.4688132120662;0.0;210.02100210021004;0.0;0.0;0.0;0.0
2030-06-19 14:00:00;437.3669897598453;1040.4688132120662;0.0;210.02100210021004;0.0;0.0;0.0;0.0
2030-06-19 15:00:00;437.3804089987772;1040.4688132120662;0.0;210.02100210021004;0.0;0.0;0.0;0.0
2030-06-19 16:00:00;437.3575317634341;1040.4688132120662;0.0;210.02100210021004;0.0;0.0;0.0;0.0
2030-06-19 17:00:00;507.3092848371894;1040.4688132120662;0.0;210.02100210021004;0.0;0.0;0.0;0.0
2030-06-19 18:00:00;507.6953176083456;1040.4688132120662;0.0;210.02100210021004;0.0;0.0;0.0;0.0
2030-06-19 19:00:00;507.8422067137897;1040.4688132120662;0.0;210.02100210021004;0.0;0.0;0.0;0.0
2030-06-19 20:00:00;508.1247991317046;1040.4688132120662;0.0;210.02100210021004;0.0;0.0;0.0;0.0
2030-06-19 21:00:00;507.5017157467965;1040.4688132120662;0.0;210.02100210021004;0.0;0.0;0.0;0.0
2030-06-19 22:00:00;507.24352584782;1040.4688132120662;0.0;210.02100210021004;0.0;0.0;0.0;0.0
2030-06-19 23:00:00;507.1345732309625;1040.4688132120662;0.0;210.02100210021004;0.0;0.0;0.0;0.0
2030-06-20 00:00:00;506.6415790079636;1040.4688132120662;0.0;210.02100210021004;0.0;0.0;0.0;0.0
2030-06-20 01:00:00;506.5991521024496;1040.4688132120662;0.0;210.02100210021004;0.0;0.0;0.0;0.0
2030-06-20 02:00:00;506.5502402749228;1040.4688132120662;0.0;210.02100210021004;0.0;0.0;0.0;0.0
2030-06-20 03:00:00;506.1838642885158;1040.4688132120662;0.0;210.02100210021004;0.0;0.0;0.0;0.0
2030-06-20 04:00:00;505.9285349559187;1040.4688132120662;0.0;210.02100210021004;0.0;0.0;0.0;0.0
2030-06-20 05:00:00;506.1079948439605;1040.4688132120662;0.0;210.02100210021004;0.0;0.0;0.0;0.0
2030-06-20 06:00:00;506.8082242374766;1040.4688132120662;0.0;210.02100210021004;0.0;0.0;0.0;0.0
2030-06-20 07:00:00;507.8073339878322;1040.4688132120662;0.0;210.02100210021004;0.0;0.0;0.0;0.0
2030-06-20 08:00:00;508.5096074598202;1040.4688132120662;0.0;210.02100210021004;0.0;0.0;0.0;0.0
2030-06-20 09:00:00;508.8881332697275;1040.4688132120662;0.0;210.02100210021004;0.0;0.0;0.0;0.0
2030-06-20 10:00:00;508.0946249216288;1040.4688132120662;0.0;210.02100210021004;0.0;0.0;0.0;0.0
2030-06-20 11:00:00;508.0579685297129;1040.4688132120662;0.0;210.02100210021004;0.0;0.0;0.0;0.0
2030-06-20 12:00:00;507.9418673333533;1040.4688132120662;0.0;210.02100210021004;0.0;0.0;0.0;0.0
2030-06-20 13:00:00;507.3548278188918;1040.4688132120662;0.0;210.02100210021004;0.0;0.0;0.0;0.0
2030-06-20 14:00:00;507.4825688041259;1040.4688132120662;0.0;210.02100210021004;0.0;0.0;0.0;0.0
2030-06-20 15:00:00;507.6500836275508;1040.4688132120662;0.0;210.02100210021004;0.0;0.0;0.0;0.0
2030-06-20 16:00:00;507.9091403802663;1040.4688132120662;0.0;210.02100210021004;0.0;0.0;0.0;0.0
2030-06-20 17:00:00;508.3485268074826;1040.4688132120662;0.0;210.02100210021004;0.0;0.0;0.0;0.0
2030-06-20 18:00:00;506.8533069504866;1040.4688132120662;0.0;210.02100210021004;0.0;0.0;0.0;0.0
2030-06-20 19:00:00;507.1627057176452;1040.4688132120662;0.0;210.02100210021004;0.0;0.0;0.0;0.0
2030-06-20 20:00:00;507.2893229692448;1040.4688132120662;0.0;210.02100210021004;0.0;0.0;0.0;0.0
2030-06-20 21:00:00;507.454897763675;1040.4688132120662;0.0;210.02100210021004;0.0;0.0;0.0;0.0
2030-06-20 22:00:00;506.616613348395;1040.4688132120662;0.0;210.02100210021004;0.0;0.0;0.0;0.0
2030-06-20 23:00:00;508.0495943296308;1040.4688132120662;0.0;210.02100210021004;0.0;0.0;0.0;0.0
2030-06-21 00:00:00;508.2024549823911;1040.4688132120662;0.0;210.02100210021004;0.0;0.0;0.0;0.0
2030-06-21 01:00:00;508.1395030683026;1040.4688132120662;0.0;210.02100210021004;0.0;0.0;0.0;0.0
2030-06-21 02:00:00;508.019012164422;1040.4688132120662;0.0;210.02100210021004;0.0;0.0;0.0;0.0
2030-06-21 03:00:00;508.2377867995016;1040.4688132120662;0.0;210.02100210021004;0.0;0.0;0.0;0.0
2030-06-21 04:00:00;508.4641677351498;1040.4688132120662;0.0;210.02100210021004;0.0;0.0;0.0;0.0
2030-06-21 05:00:00;508.2351309920055;1040.4688132120662;0.0;210.02100210021004;0.0;0.0;0.0;0.0
2030-06-21 06:00:00;508.4811177689302;1040.4688132120662;0.0;210.02100210021004;0.0;0.0;0.0;0.0
2030-06-21 07:00:00;508.8739405452946;1040.4688132120662;0.0;210.02100210021004;0.0;0.0;0.0;0.0
2030-06-21 08:00:00;508.9525153707322;1040.4688132120662;0.0;210.02100210021004;0.0;0.0;0.0;0.0
2030-06-21 09:00:00;509.1470375771189;1040.4688132120662;0.0;210.02100210021004;0.0;0.0;0.0;0.0
2030-06-21 10:00:00;437.4069625121079;1040.4688132120662;0.0;210.02100210021004;0.0;0.0;0.0;0.0
2030-06-21 11:00:00;437.4055777257807;1040.4688132120662;0.0;210.02100210021004;0.0;0.0;0.0;0.0
2030-06-21 12:00:00;437.3996864961935;1040.4688132120662;0.0;210.02100210021004;0.0;0.0;0.0;0.0
2030-06-21 13:00:00;437.3876496885098;1040.4688132120662;0.0;210.02100210021004;0.0;0.0;0.0;0.0
2030-06-21 14:00:00;437.3885987852613;1040.4688132120662;0.0;210.02100210021004;0.0;0.0;0.0;0.0
2030-06-21 15:00:00;437.3976163819391;1040.4688132120662;0.0;210.02100210021004;0.0;0.0;0.0;0.0
2030-06-21 16:00:00;437.3954732602424;1040.4688132120662;0.0;210.02100210021004;0.0;0.0;0.0;0.0
2030-06-21 17:00:00;508.6877402254308;1040.4688132120662;0.0;210.02100210021004;0.0;0.0;0.0;0.0
2030-06-21 18:00:00;508.5703626575656;1040.4688132120662;0.0;210.02100210021004;0.0;0.0;0.0;0.0
2030-06-21 19:00:00;507.9434501581407;1040.4688132120662;0.0;210.02100210021004;0.0;0.0;0.0;0.0
2030-06-21 20:00:00;508.7420637997148;1040.4688132120662;0.0;210.02100210021004;0.0;0.0;0.0;0.0
2030-06-21 21:00:00;508.4817814264193;1040.4688132120662;0.0;210.02100210021004;0.0;0.0;0.0;0.0
2030-06-21 22:00:00;508.4331760521742;1040.4688132120662;0.0;210.02100210021004;0.0;0.0;0.0;0.0
2030-06-21 23:00:00;508.6270867220838;1040.4688132120662;0.0;210.02100210021004;0.0;0.0;0.0;0.0
2030-06-22 00:00:00;507.8323008249401;1040.4688132120662;0.0;210.02100210021004;0.0;0.0;0.0;0.0
2030-06-22 01:00:00;507.0945452530493;1040.4688132120662;0.0;210.02100210021004;0.0;0.0;0.0;0.0
2030-06-22 02:00:00;451.1913577944136;1040.4688132120662;0.0;210.02100210021004;0.0;0.0;0.0;0.0
2030-06-22 03:00:00;438.2217267899277;1040.4688132120662;0.0;210.02100210021004;0.0;0.0;0.0;0.0
2030-06-22 04:00:00;437.3348994562848;1040.4688132120662;0.0;210.02100210021004;0.0;0.0;0.0;0.0
2030-06-22 05:00:00;437.3358379551817;1040.4688132120662;0.0;210.02100210021004;0.0;0.0;0.0;0.0
2030-06-22 06:00:00;437.3579486123795;1040.4688132120662;0.0;210.02100210021004;0.0;0.0;0.0;0.0
2030-06-22 07:00:00;437.3821741303286;1040.4688132120662;0.0;210.02100210021004;0.0;0.0;0.0;0.0
2030-06-22 08:00:00;437.384005204086;1040.4688132120662;0.0;210.02100210021004;0.0;0.0;0.0;0.0
2030-06-22 09:00:00;437.3821835506437;1040.4688132120662;0.0;210.02100210021004;0.0;0.0;0.0;0.0
2030-06-22 10:00:00;437.3778160570321;1040.4688132120662;0.0;210.02100210021004;0.0;0.0;0.0;0.0
2030-06-22 11:00:00;437.3677657583058;1040.4688132120662;0.0;210.02100210021004;0.0;0.0;0.0;0.0
2030-06-22 12:00:00;437.3595700841248;1040.4688132120662;0.0;210.02100210021004;0.0;0.0;0.0;0.0
2030-06-22 13:00:00;437.3225812166861;1040.4688132120662;0.0;210.02100210021004;0.0;0.0;0.0;0.0
2030-06-22 14:00:00;437.3169278500563;1040.4688132120662;0.0;210.02100210021004;0.0;0.0;0.0;0.0
2030-06-22 15:00:00;437.3313244466852;1040.4688132120662;0.0;210.02100210021004;0.0;0.0;0.0;0.0
2030-06-22 16:00:00;437.3325337796426;1040.4688132120662;0.0;210.02100210021004;0.0;0.0;0.0;0.0
2030-06-22 17:00:00;437.344979193496;1040.4688132120662;0.0;210.02100210021004;0.0;0.0;0.0;0.0
2030-06-22 18:00:00;437.3475215010472;1040.4688132120662;0.0;210.02100210021004;0.0;0.0;0.0;0.0
2030-06-22 19:00:00;437.3392139606238;1040.4688132120662;0.0;210.02100210021004;0.0;0.0;0.0;0.0
2030-06-22 20:00:00;437.3431492972779;1040.4688132120662;0.0;210.02100210021004;0.0;0.0;0.0;0.0
2030-06-22 21:00:00;437.3525001376043;1040.4688132120662;0.0;210.02100210021004;0.0;0.0;0.0;0.0
2030-06-22 22:00:00;437.3403903224782;1040.4688132120662;0.0;210.02100210021004;0.0;0.0;0.0;0.0
2030-06-22 23:00:00;437.3214613767226;1040.4688132120662;0.0;210.02100210021004;0.0;0.0;0.0;0.0
2030-06-23 00:00:00;437.2937456320102;1040.4688132120662;0.0;210.02100210021004;0.0;0.0;0.0;0.0
2030-06-23 01:00:00;437.227500798332;1040.4688132120662;0.0;210.02100210021004;0.0;0.0;0.0;0.0
2030-06-23 02:00:00;437.1850281299363;1040.4688132120662;0.0;210.02100210021004;0.0;0.0;0.0;0.0
2030-06-23 03:00:00;437.1777285632339;1040.4688132120662;0.0;210.02100210021004;0.0;0.0;0.0;0.0
2030-06-23 04:00:00;437.1445384378798;1040.4688132120662;0.0;210.02100210021004;0.0;0.0;0.0;0.0
2030-06-23 05:00:00;437.1229776915789;1040.4688132120662;0.0;210.02100210021004;0.0;0.0;0.0;0.0
2030-06-23 06:00:00;437.1246509750575;1040.4688132120662;0.0;210.02100210021004;0.0;0.0;0.0;0.0
2030-06-23 07:00:00;437.1358281789836;1040.4688132120662;0.0;210.02100210021004;0.0;0.0;0.0;0.0
2030-06-23 08:00:00;437.1485114557945;1040.4688132120662;0.0;210.02100210021004;0.0;0.0;0.0;0.0
2030-06-23 09:00:00;437.1502200654549;1040.4688132120662;0.0;210.02100210021004;0.0;0.0;0.0;0.0
2030-06-23 10:00:00;437.1207003303912;1040.4688132120662;0.0;210.02100210021004;0.0;0.0;0.0;0.0
2030-06-23 11:00:00;437.1178589278339;1040.4688132120662;0.0;210.02100210021004;0.0;0.0;0.0;0.0
2030-06-23 12:00:00;437.1187467925369;1040.4688132120662;0.0;210.02100210021004;0.0;0.0;0.0;0.0
2030-06-23 13:00:00;437.131344108972;1040.4688132120662;0.0;210.02100210021004;0.0;0.0;0.0;0.0
2030-06-23 14:00:00;437.1152977796523;1040.4688132120662;0.0;210.02100210021004;0.0;0.0;0.0;0.0
2030-06-23 15:00:00;437.1534889148122;1040.4688132120662;0.0;210.02100210021004;0.0;0.0;0.0;0.0
2030-06-23 16:00:00;437.2014453841649;1040.4688132120662;0.0;210.02100210021004;0.0;0.0;0.0;0.0
2030-06-23 17:00:00;437.2291328679319;1040.4688132120662;0.0;210.02100210021004;0.0;0.0;0.0;0.0
2030-06-23 18:00:00;437.2732140551395;1040.4688132120662;0.0;210.02100210021004;0.0;0.0;0.0;0.0
2030-06-23 19:00:00;437.3038018184334;1040.4688132120662;0.0;210.02100210021004;0.0;0.0;0.0;0.0
2030-06-23 20:00:00;437.3147423369414;1040.4688132120662;0.0;210.02100210021004;0.0;0.0;0.0;0.0
2030-06-23 21:00:00;437.3056281820333;1040.4688132120662;0.0;210.02100210021004;0.0;0.0;0.0;0.0
2030-06-23 22:00:00;437.2980189224704;1040.4688132120662;0.0;210.02100210021004;0.0;0.0;0.0;0.0
2030-06-23 23:00:00;437.2740807241333;1040.4688132120662;0.0;210.02100210021004;0.0;0.0;0.0;0.0
2030-06-24 00:00:00;437.238252910537;1040.4688132120662;0.0;210.02100210021004;0.0;0.0;0.0;0.0
2030-06-24 01:00:00;437.2368869648402;1040.4688132120662;0.0;210.02100210021004;0.0;0.0;0.0;0.0
2030-06-24 02:00:00;437.2202330251934;1040.4688132120662;0.0;210.02100210021004;0.0;0.0;0.0;0.0
2030-06-24 03:00:00;437.2294437383318;1040.4688132120662;0.0;210.02100210021004;0.0;0.0;0.0;0.0
2030-06-24 04:00:00;437.2612490773589;1040.4688132120662;0.0;210.02100210021004;0.0;0.0;0.0;0.0
2030-06-24 05:00:00;437.2949443671131;1040.4688132120662;0.0;210.02100210021004;0.0;0.0;0.0;0.0
2030-06-24 06:00:00;437.3459577287322;1040.4688132120662;0.0;210.02100210021004;0.0;0.0;0.0;0.0
2030-06-24 07:00:00;437.399275534945;1040.4688132120662;0.0;210.02100210021004;0.0;0.0;0.0;0.0
2030-06-24 08:00:00;437.4045155852475;1040.4688132120662;0.0;210.02100210021004;0.0;0.0;0.0;0.0
2030-06-24 09:00:00;437.3756552722444;1040.4688132120662;0.0;210.02100210021004;0.0;0.0;0.0;0.0
2030-06-24 10:00:00;437.3669002668513;1040.4688132120662;0.0;210.02100210021004;0.0;0.0;0.0;0.0
2030-06-24 11:00:00;437.3542511386829;1040.4688132120662;0.0;210.02100210021004;0.0;0.0;0.0;0.0
2030-06-24 12:00:00;437.3407388741388;1040.4688132120662;0.0;210.02100210021004;0.0;0.0;0.0;0.0
2030-06-24 13:00:00;437.3372427596786;1040.4688132120662;0.0;210.02100210021004;0.0;0.0;0.0;0.0
2030-06-24 14:00:00;437.3331861364668;1040.4688132120662;0.0;210.02100210021004;0.0;0.0;0.0;0.0
2030-06-24 15:00:00;437.3299608560671;1040.4688132120662;0.0;210.02100210021004;0.0;0.0;0.0;0.0
2030-06-24 16:00:00;437.3483822823441;1040.4688132120662;0.0;210.02100210021004;0.0;0.0;0.0;0.0
2030-06-24 17:00:00;437.3816948717953;1040.4688132120662;0.0;210.02100210021004;0.0;0.0;0.0;0.0
2030-06-24 18:00:00;437.38906744594;1040.4688132120662;0.0;210.02100210021004;0.0;0.0;0.0;0.0
2030-06-24 19:00:00;437.3960796930302;1040.4688132120662;0.0;210.02100210021004;0.0;0.0;0.0;0.0
2030-06-24 20:00:00;437.3778572709108;1040.4688132120662;0.0;210.02100210021004;0.0;0.0;0.0;0.0
2030-06-24 21:00:00;437.3804784736014;1040.4688132120662;0.0;210.02100210021004;0.0;0.0;0.0;0.0
2030-06-24 22:00:00;437.3797272034682;1040.4688132120662;0.0;210.02100210021004;0.0;0.0;0.0;0.0
2030-06-24 23:00:00;437.3605309562702;1040.4688132120662;0.0;210.02100210021004;0.0;0.0;0.0;0.0
2030-06-25 00:00:00;437.3509528508408;1040.4688132120662;0.0;210.02100210021004;0.0;0.0;0.0;0.0
2030-06-25 01:00:00;437.3240213473647;1040.4688132120662;0.0;210.02100210021004;0.0;0.0;0.0;0.0
2030-06-25 02:00:00;437.333799634491;1040.4688132120662;0.0;210.02100210021004;0.0;0.0;0.0;0.0
2030-06-25 03:00:00;437.3524059344528;1040.4688132120662;0.0;210.02100210021004;0.0;0.0;0.0;0.0
2030-06-25 04:00:00;437.3652046101242;1040.4688132120662;0.0;210.02100210021004;0.0;0.0;0.0;0.0
2030-06-25 05:00:00;437.3757859791171;1040.4688132120662;0.0;210.02100210021004;0.0;0.0;0.0;0.0
2030-06-25 06:00:00;437.4274846686634;1040.4688132120662;0.0;210.02100210021004;0.0;0.0;0.0;0.0
2030-06-25 07:00:00;437.444918139389;1040.4688132120662;0.0;210.02100210021004;0.0;0.0;0.0;0.0
2030-06-25 08:00:00;437.446204012407;1040.4688132120662;0.0;210.02100210021004;0.0;0.0;0.0;0.0
2030-06-25 09:00:00;437.4465313683585;1040.4688132120662;0.0;210.02100210021004;0.0;0.0;0.0;0.0
2030-06-25 10:00:00;437.4194573826157;1040.4688132120662;0.0;210.02100210021004;0.0;0.0;0.0;0.0
2030-06-25 11:00:00;437.4134695947981;1040.4688132120662;0.0;210.02100210021004;0.0;0.0;0.0;0.0
2030-06-25 12:00:00;437.4113064549317;1040.4688132120662;0.0;210.02100210021004;0.0;0.0;0.0;0.0
2030-06-25 13:00:00;437.3947161024122;1040.4688132120662;0.0;210.02100210021004;0.0;0.0;0.0;0.0
2030-06-25 14:00:00;437.3997795218056;1040.4688132120662;0.0;210.02100210021004;0.0;0.0;0.0;0.0
2030-06-25 15:00:00;437.4039350583264;1040.4688132120662;0.0;210.02100210021004;0.0;0.0;0.0;0.0
2030-06-25 16:00:00;437.3983758948482;1040.4688132120662;0.0;210.02100210021004;0.0;0.0;0.0;0.0
2030-06-25 17:00:00;437.4069542693321;1040.4688132120662;0.0;210.02100210021004;0.0;0.0;0.0;0.0
2030-06-25 18:00:00;437.4256241564212;1040.4688132120662;0.0;210.02100210021004;0.0;0.0;0.0;0.0
2030-06-25 19:00:00;437.4720192085377;1040.4688132120662;0.0;210.02100210021004;0.0;0.0;0.0;0.0
2030-06-25 20:00:00;438.6676457578149;1040.4688132120662;0.0;210.02100210021004;0.0;0.0;0.0;0.0
2030-06-25 21:00:00;439.061689352747;1040.4688132120662;0.0;210.02100210021004;0.0;0.0;0.0;0.0
2030-06-25 22:00:00;438.3855145839753;1040.4688132120662;0.0;210.02100210021004;0.0;0.0;0.0;0.0
2030-06-25 23:00:00;437.433200444881;1040.4688132120662;0.0;210.02100210021004;0.0;0.0;0.0;0.0
2030-06-26 00:00:00;437.6217081637765;1040.4688132120662;0.0;210.02100210021004;0.0;0.0;0.0;0.0
2030-06-26 01:00:00;437.4017236393448;1040.4688132120662;0.0;210.02100210021004;0.0;0.0;0.0;0.0
2030-06-26 02:00:00;437.4092610690046;1040.4688132120662;0.0;210.02100210021004;0.0;0.0;0.0;0.0
2030-06-26 03:00:00;437.4109861642166;1040.4688132120662;0.0;210.02100210021004;0.0;0.0;0.0;0.0
2030-06-26 04:00:00;437.4047416728112;1040.4688132120662;0.0;210.02100210021004;0.0;0.0;0.0;0.0
2030-06-26 05:00:00;437.4014987293206;1040.4688132120662;0.0;210.02100210021004;0.0;0.0;0.0;0.0
2030-06-26 06:00:00;437.4022429342175;1040.4688132120662;0.0;210.02100210021004;0.0;0.0;0.0;0.0
2030-06-26 07:00:00;437.428787027233;1040.4688132120662;0.0;210.02100210021004;0.0;0.0;0.0;0.0
2030-06-26 08:00:00;437.4264649195484;1040.4688132120662;0.0;210.02100210021004;0.0;0.0;0.0;0.0
2030-06-26 09:00:00;437.4196387236824;1040.4688132120662;0.0;210.02100210021004;0.0;0.0;0.0;0.0
2030-06-26 10:00:00;437.4142656114284;1040.4688132120662;0.0;210.02100210021004;0.0;0.0;0.0;0.0
2030-06-26 11:00:00;437.4004766251268;1040.4688132120662;0.0;210.02100210021004;0.0;0.0;0.0;0.0
2030-06-26 12:00:00;437.3959113048969;1040.4688132120662;0.0;210.02100210021004;0.0;0.0;0.0;0.0
2030-06-26 13:00:00;437.3829713244982;1040.4688132120662;0.0;210.02100210021004;0.0;0.0;0.0;0.0
2030-06-26 14:00:00;437.3698829741359;1040.4688132120662;0.0;210.02100210021004;0.0;0.0;0.0;0.0
2030-06-26 15:00:00;437.3690210152996;1040.4688132120662;0.0;210.02100210021004;0.0;0.0;0.0;0.0
2030-06-26 16:00:00;437.3548328431434;1040.4688132120662;0.0;210.02100210021004;0.0;0.0;0.0;0.0
2030-06-26 17:00:00;437.3659700107302;1040.4688132120662;0.0;210.02100210021004;0.0;0.0;0.0;0.0
2030-06-26 18:00:00;437.3629472671063;1040.4688132120662;0.0;210.02100210021004;0.0;0.0;0.0;0.0
2030-06-26 19:00:00;437.3673547970574;1040.4688132120662;0.0;210.02100210021004;0.0;0.0;0.0;0.0
2030-06-26 20:00:00;507.6142419683617;1040.4688132120662;0.0;210.02100210021004;0.0;0.0;0.0;0.0
2030-06-26 21:00:00;507.986693359015;1040.4688132120662;0.0;210.02100210021004;0.0;0.0;0.0;0.0
2030-06-26 22:00:00;509.3343616306171;1040.4688132120662;0.0;210.02100210021004;0.0;0.0;0.0;0.0
2030-06-26 23:00:00;508.2211925998422;1040.4688132120662;0.0;210.02100210021004;0.0;0.0;0.0;0.0
2030-06-27 00:00:00;509.0650427698369;1040.4688132120662;0.0;210.02100210021004;0.0;0.0;0.0;0.0
2030-06-27 01:00:00;507.1901721917599;1040.4688132120662;0.0;210.02100210021004;0.0;0.0;0.0;0.0
2030-06-27 02:00:00;506.8533067579395;1040.4688132120662;0.0;210.02100210021004;0.0;0.0;0.0;0.0
2030-06-27 03:00:00;506.4795270673156;1040.4688132120662;0.0;210.02100210021004;0.0;0.0;0.0;0.0
2030-06-27 04:00:00;507.7206925931337;1040.4688132120662;0.0;210.02100210021004;0.0;0.0;0.0;0.0
2030-06-27 05:00:00;508.1456801669473;1040.4688132120662;0.0;210.02100210021004;0.0;0.0;0.0;0.0
2030-06-27 06:00:00;508.6267293253293;1040.4688132120662;0.0;210.02100210021004;0.0;0.0;0.0;0.0
2030-06-27 07:00:00;471.0922906576307;1040.4688132120662;0.0;210.02100210021004;0.0;0.0;0.0;0.0
2030-06-27 08:00:00;456.5665738822795;1040.4688132120662;0.0;210.02100210021004;0.0;0.0;0.0;0.0
2030-06-27 09:00:00;437.4121271998892;1040.4688132120662;0.0;210.02100210021004;0.0;0.0;0.0;0.0
2030-06-27 10:00:00;437.4208221507732;1040.4688132120662;0.0;210.02100210021004;0.0;0.0;0.0;0.0
2030-06-27 11:00:00;437.4381496429532;1040.4688132120662;0.0;210.02100210021004;0.0;0.0;0.0;0.0
2030-06-27 12:00:00;437.418184462531;1040.4688132120662;0.0;210.02100210021004;0.0;0.0;0.0;0.0
2030-06-27 13:00:00;437.4159706884707;1040.4688132120662;0.0;210.02100210021004;0.0;0.0;0.0;0.0
2030-06-27 14:00:00;437.4259785957787;1040.4688132120662;0.0;210.02100210021004;0.0;0.0;0.0;0.0
2030-06-27 15:00:00;437.4126523824589;1040.4688132120662;0.0;210.02100210021004;0.0;0.0;0.0;0.0
2030-06-27 16:00:00;437.4143280210162;1040.4688132120662;0.0;210.02100210021004;0.0;0.0;0.0;0.0
2030-06-27 17:00:00;509.6213972471517;1040.4688132120662;0.0;210.02100210021004;0.0;0.0;0.0;0.0
2030-06-27 18:00:00;510.152171788248;1040.4688132120662;0.0;210.02100210021004;0.0;0.0;0.0;0.0
2030-06-27 19:00:00;510.2170651014179;1040.4688132120662;0.0;210.02100210021004;0.0;0.0;0.0;0.0
2030-06-27 20:00:00;509.0003553930898;1040.4688132120662;0.0;210.02100210021004;0.0;0.0;0.0;0.0
2030-06-27 21:00:00;508.4326152666229;1040.4688132120662;0.0;210.02100210021004;0.0;0.0;0.0;0.0
2030-06-27 22:00:00;508.6960621119537;1040.4688132120662;0.0;210.02100210021004;0.0;0.0;0.0;0.0
2030-06-27 23:00:00;509.7404591416556;1040.4688132120662;0.0;210.02100210021004;0.0;0.0;0.0;0.0
2030-06-28 00:00:00;509.493246936698;1040.4688132120662;0.0;210.02100210021004;0.0;0.0;0.0;0.0
2030-06-28 01:00:00;508.9684447353631;1040.4688132120662;0.0;210.02100210021004;0.0;0.0;0.0;0.0
2030-06-28 02:00:00;509.1514284621794;1040.4688132120662;0.0;210.02100210021004;0.0;0.0;0.0;0.0
2030-06-28 03:00:00;509.1821138844203;1040.4688132120662;0.0;210.02100210021004;0.0;0.0;0.0;0.0
2030-06-28 04:00:00;509.8106092086326;1040.4688132120662;0.0;210.02100210021004;0.0;0.0;0.0;0.0
2030-06-28 05:00:00;510.4125052975633;1040.4688132120662;0.0;210.02100210021004;0.0;0.0;0.0;0.0
2030-06-28 06:00:00;511.3627551488571;1040.4688132120662;0.0;210.02100210021004;0.0;0.0;0.0;0.0
2030-06-28 07:00:00;511.7609387285059;1040.4688132120662;0.0;210.02100210021004;0.0;0.0;0.0;0.0
2030-06-28 08:00:00;512.2943185187197;1040.4688132120662;0.0;210.02100210021004;0.0;0.0;0.0;0.0
2030-06-28 09:00:00;512.225751083983;1040.4688132120662;0.0;210.02100210021004;0.0;0.0;0.0;0.0
2030-06-28 10:00:00;511.3176228624608;1040.4688132120662;0.0;210.02100210021004;0.0;0.0;0.0;0.0
2030-06-28 11:00:00;511.0143516205607;1040.4688132120662;0.0;210.02100210021004;0.0;0.0;0.0;0.0
2030-06-28 12:00:00;511.2749404471379;1040.4688132120662;0.0;210.02100210021004;0.0;0.0;0.0;0.0
2030-06-28 13:00:00;510.7953735966841;1040.4688132120662;0.0;210.02100210021004;0.0;0.0;0.0;0.0
2030-06-28 14:00:00;510.4572813647445;1040.4688132120662;0.0;210.02100210021004;0.0;0.0;0.0;0.0
2030-06-28 15:00:00;510.4438539921993;1040.4688132120662;0.0;210.02100210021004;0.0;0.0;0.0;0.0
2030-06-28 16:00:00;509.7668549881403;1040.4688132120662;0.0;210.02100210021004;0.0;0.0;0.0;0.0
2030-06-28 17:00:00;509.9950231223651;1040.4688132120662;0.0;210.02100210021004;0.0;0.0;0.0;0.0
2030-06-28 18:00:00;511.229295771037;1040.4688132120662;0.0;210.02100210021004;0.0;0.0;0.0;0.0
2030-06-28 19:00:00;511.4937634780645;1040.4688132120662;0.0;210.02100210021004;0.0;0.0;0.0;0.0
2030-06-28 20:00:00;511.410644937148;1040.4688132120662;0.0;210.02100210021004;0.0;0.0;0.0;0.0
2030-06-28 21:00:00;511.1092639583093;1040.4688132120662;0.0;210.02100210021004;0.0;0.0;0.0;0.0
2030-06-28 22:00:00;511.4957556280714;1040.4688132120662;0.0;210.02100210021004;0.0;0.0;0.0;0.0
2030-06-28 23:00:00;510.1906692549332;1040.4688132120662;0.0;210.02100210021004;0.0;0.0;0.0;0.0
2030-06-29 00:00:00;507.9250189939714;1040.4688132120662;0.0;210.02100210021004;0.0;0.0;0.0;0.0
2030-06-29 01:00:00;508.1471103538635;1040.4688132120662;0.0;210.02100210021004;0.0;0.0;0.0;0.0
2030-06-29 02:00:00;509.7777805611471;1040.4688132120662;0.0;210.02100210021004;0.0;0.0;0.0;0.0
2030-06-29 03:00:00;509.5838203178512;1040.4688132120662;0.0;210.02100210021004;0.0;0.0;0.0;0.0
2030-06-29 04:00:00;508.6756399753168;1040.4688132120662;0.0;210.02100210021004;0.0;0.0;0.0;0.0
2030-06-29 05:00:00;508.6923868128474;1040.4688132120662;0.0;210.02100210021004;0.0;0.0;0.0;0.0
2030-06-29 06:00:00;510.7761249596151;1040.4688132120662;0.0;210.02100210021004;0.0;0.0;0.0;0.0
2030-06-29 07:00:00;511.1042080456731;1040.4688132120662;0.0;210.02100210021004;0.0;0.0;0.0;0.0
2030-06-29 08:00:00;510.9119830724888;1040.4688132120662;0.0;210.02100210021004;0.0;0.0;0.0;0.0
2030-06-29 09:00:00;438.2575371451193;1040.4688132120662;0.0;210.02100210021004;0.0;0.0;0.0;0.0
2030-06-29 10:00:00;437.6032573183522;1040.4688132120662;0.0;210.02100210021004;0.0;0.0;0.0;0.0
2030-06-29 11:00:00;437.41639931281;1040.4688132120662;0.0;210.02100210021004;0.0;0.0;0.0;0.0
2030-06-29 12:00:00;437.414381010289;1040.4688132120662;0.0;210.02100210021004;0.0;0.0;0.0;0.0
2030-06-29 13:00:00;437.3961927368121;1040.4688132120662;0.0;210.02100210021004;0.0;0.0;0.0;0.0
2030-06-29 14:00:00;437.3878192541825;1040.4688132120662;0.0;210.02100210021004;0.0;0.0;0.0;0.0
2030-06-29 15:00:00;437.3959560513939;1040.4688132120662;0.0;210.02100210021004;0.0;0.0;0.0;0.0
2030-06-29 16:00:00;437.3997489057814;1040.4688132120662;0.0;210.02100210021004;0.0;0.0;0.0;0.0
2030-06-29 17:00:00;437.4091692209319;1040.4688132120662;0.0;210.02100210021004;0.0;0.0;0.0;0.0
2030-06-29 18:00:00;437.4290837671603;1040.4688132120662;0.0;210.02100210021004;0.0;0.0;0.0;0.0
2030-06-29 19:00:00;437.4461733963827;1040.4688132120662;0.0;210.02100210021004;0.0;0.0;0.0;0.0
2030-06-29 20:00:00;437.4451030130738;1040.4688132120662;0.0;210.02100210021004;0.0;0.0;0.0;0.0
2030-06-29 21:00:00;437.4493068287097;1040.4688132120662;0.0;210.02100210021004;0.0;0.0;0.0;0.0
2030-06-29 22:00:00;437.4480468615583;1040.4688132120662;0.0;210.02100210021004;0.0;0.0;0.0;0.0
2030-06-29 23:00:00;437.4328024365659;1040.4688132120662;0.0;210.02100210021004;0.0;0.0;0.0;0.0
2030-06-30 00:00:00;437.3954968110303;1040.4688132120662;0.0;210.02100210021004;0.0;0.0;0.0;0.0
2030-06-30 01:00:00;437.2973865838159;1040.4688132120662;0.0;210.02100210021004;0.0;0.0;0.0;0.0
2030-06-30 02:00:00;437.1538115606061;1040.4688132120662;0.0;210.02100210021004;0.0;0.0;0.0;0.0
2030-06-30 03:00:00;437.12934700216;1040.4688132120662;0.0;210.02100210021004;0.0;0.0;0.0;0.0
2030-06-30 04:00:00;437.086206668928;1040.4688132120662;0.0;210.02100210021004;0.0;0.0;0.0;0.0
2030-06-30 05:00:00;437.0809230496679;1040.4688132120662;0.0;210.02100210021004;0.0;0.0;0.0;0.0
2030-06-30 06:00:00;437.0824279450133;1040.4688132120662;0.0;210.02100210021004;0.0;0.0;0.0;0.0
2030-06-30 07:00:00;437.0910699066245;1040.4688132120662;0.0;210.02100210021004;0.0;0.0;0.0;0.0
2030-06-30 08:00:00;437.1365005539775;1040.4688132120662;0.0;210.02100210021004;0.0;0.0;0.0;0.0
2030-06-30 09:00:00;437.143947313104;1040.4688132120662;0.0;210.02100210021004;0.0;0.0;0.0;0.0
2030-06-30 10:00:00;437.1546323055636;1040.4688132120662;0.0;210.02100210021004;0.0;0.0;0.0;0.0
2030-06-30 11:00:00;437.1619283396477;1040.4688132120662;0.0;210.02100210021004;0.0;0.0;0.0;0.0
2030-06-30 12:00:00;437.1636451920839;1040.4688132120662;0.0;210.02100210021004;0.0;0.0;0.0;0.0
2030-06-30 13:00:00;437.1395845296499;1040.4688132120662;0.0;210.02100210021004;0.0;0.0;0.0;0.0
2030-06-30 14:00:00;437.1651500874292;1040.4688132120662;0.0;210.02100210021004;0.0;0.0;0.0;0.0
2030-06-30 15:00:00;437.1939939148808;1040.4688132120662;0.0;210.02100210021004;0.0;0.0;0.0;0.0
2030-06-30 16:00:00;437.1794571910641;1040.4688132120662;0.0;210.02100210021004;0.0;0.0;0.0;0.0
2030-06-30 17:00:00;437.2301714576772;1040.4688132120662;0.0;210.02100210021004;0.0;0.0;0.0;0.0
2030-06-30 18:00:00;437.3206783130257;1040.4688132120662;0.0;210.02100210021004;0.0;0.0;0.0;0.0
2030-06-30 19:00:00;437.3670886731543;1040.4688132120662;0.0;210.02100210021004;0.0;0.0;0.0;0.0
2030-06-30 20:00:00;437.3547433501495;1040.4688132120662;0.0;210.02100210021004;0.0;0.0;0.0;0.0
2030-06-30 21:00:00;437.3587905530461;1040.4688132120662;0.0;210.02100210021004;0.0;0.0;0.0;0.0
2030-06-30 22:00:00;437.357671890622;1040.4688132120662;0.0;210.02100210021004;0.0;0.0;0.0;0.0
2030-06-30 23:00:00;437.3603472601247;1040.4688132120662;0.0;210.02100210021004;0.0;0.0;0.0;0.0
2030-07-01 00:00:00;437.3478099981987;1040.4688132120662;0.0;210.02100210021004;0.0;0.0;0.0;0.0
2030-07-01 01:00:00;437.315117972008;1040.4688132120662;0.0;210.02100210021004;0.0;0.0;0.0;0.0
2030-07-01 02:00:00;437.2822033908719;1040.4688132120662;0.0;210.02100210021004;0.0;0.0;0.0;0.0
2030-07-01 03:00:00;437.2852602831383;1040.4688132120662;0.0;210.02100210021004;0.0;0.0;0.0;0.0
2030-07-01 04:00:00;437.301250090567;1040.4688132120662;0.0;210.02100210021004;0.0;0.0;0.0;0.0
2030-07-01 05:00:00;437.3257452650373;1040.4688132120662;0.0;210.02100210021004;0.0;0.0;0.0;0.0
2030-07-01 06:00:00;437.3542793996284;1040.4688132120662;0.0;210.02100210021004;0.0;0.0;0.0;0.0
2030-07-01 07:00:00;437.3675278953482;1040.4688132120662;0.0;210.02100210021004;0.0;0.0;0.0;0.0
2030-07-01 08:00:00;437.3724241041477;1040.4688132120662;0.0;210.02100210021004;0.0;0.0;0.0;0.0
2030-07-01 09:00:00;437.3556453453252;1040.4688132120662;0.0;210.02100210021004;0.0;0.0;0.0;0.0
2030-07-01 10:00:00;437.3534892706951;1040.4688132120662;0.0;210.02100210021004;0.0;0.0;0.0;0.0
2030-07-01 11:00:00;437.3418139676054;1040.4688132120662;0.0;210.02100210021004;0.0;0.0;0.0;0.0
2030-07-01 12:00:00;437.3418940402842;1040.4688132120662;0.0;210.02100210021004;0.0;0.0;0.0;0.0
2030-07-01 13:00:00;437.3313138488306;1040.4688132120662;0.0;210.02100210021004;0.0;0.0;0.0;0.0
2030-07-01 14:00:00;437.3253814053646;1040.4688132120662;0.0;210.02100210021004;0.0;0.0;0.0;0.0
2030-07-01 15:00:00;437.3343919368061;1040.4688132120662;0.0;210.02100210021004;0.0;0.0;0.0;0.0
2030-07-01 16:00:00;437.329574623146;1040.4688132120662;0.0;210.02100210021004;0.0;0.0;0.0;0.0
2030-07-01 17:00:00;437.3280190936067;1040.4688132120662;0.0;210.02100210021004;0.0;0.0;0.0;0.0
2030-07-01 18:00:00;437.3330471868184;1040.4688132120662;0.0;210.02100210021004;0.0;0.0;0.0;0.0
2030-07-01 19:00:00;437.3689067939784;1040.4688132120662;0.0;210.02100210021004;0.0;0.0;0.0;0.0
2030-07-01 20:00:00;437.3690186602208;1040.4688132120662;0.0;210.02100210021004;0.0;0.0;0.0;0.0
2030-07-01 21:00:00;437.3700749130571;1040.4688132120662;0.0;210.02100210021004;0.0;0.0;0.0;0.0
2030-07-01 22:00:00;437.3716598810811;1040.4688132120662;0.0;210.02100210021004;0.0;0.0;0.0;0.0
2030-07-01 23:00:00;437.3621700911063;1040.4688132120662;0.0;210.02100210021004;0.0;0.0;0.0;0.0
2030-07-02 00:00:00;437.3674172066452;1040.4688132120662;0.0;210.02100210021004;0.0;0.0;0.0;0.0
2030-07-02 01:00:00;437.3675632215301;1040.4688132120662;0.0;210.02100210021004;0.0;0.0;0.0;0.0
2030-07-02 02:00:00;437.3312620370973;1040.4688132120662;0.0;210.02100210021004;0.0;0.0;0.0;0.0
2030-07-02 03:00:00;437.3266978944069;1040.4688132120662;0.0;210.02100210021004;0.0;0.0;0.0;0.0
2030-07-02 04:00:00;437.3335982752546;1040.4688132120662;0.0;210.02100210021004;0.0;0.0;0.0;0.0
2030-07-02 05:00:00;437.3533938900042;1040.4688132120662;0.0;210.02100210021004;0.0;0.0;0.0;0.0
2030-07-02 06:00:00;437.3977412011149;1040.4688132120662;0.0;210.02100210021004;0.0;0.0;0.0;0.0
2030-07-02 07:00:00;437.41057167035;1040.4688132120662;0.0;210.02100210021004;0.0;0.0;0.0;0.0
2030-07-02 08:00:00;437.4091362498289;1040.4688132120662;0.0;210.02100210021004;0.0;0.0;0.0;0.0
2030-07-02 09:00:00;437.3989222731269;1040.4688132120662;0.0;210.02100210021004;0.0;0.0;0.0;0.0
2030-07-02 10:00:00;437.3974527039634;1040.4688132120662;0.0;210.02100210021004;0.0;0.0;0.0;0.0
2030-07-02 11:00:00;437.4173401667857;1040.4688132120662;0.0;210.02100210021004;0.0;0.0;0.0;0.0
2030-07-02 12:00:00;437.4259032332575;1040.4688132120662;0.0;210.02100210021004;0.0;0.0;0.0;0.0
2030-07-02 13:00:00;437.4281699965906;1040.4688132120662;0.0;210.02100210021004;0.0;0.0;0.0;0.0
2030-07-02 14:00:00;437.4232667225548;1040.4688132120662;0.0;210.02100210021004;0.0;0.0;0.0;0.0
2030-07-02 15:00:00;437.3892570297824;1040.4688132120662;0.0;210.02100210021004;0.0;0.0;0.0;0.0
2030-07-02 16:00:00;437.3892794030309;1040.4688132120662;0.0;210.02100210021004;0.0;0.0;0.0;0.0
2030-07-02 17:00:00;437.3897398209339;1040.4688132120662;0.0;210.02100210021004;0.0;0.0;0.0;0.0
2030-07-02 18:00:00;437.4064031808958;1040.4688132120662;0.0;210.02100210021004;0.0;0.0;0.0;0.0
2030-07-02 19:00:00;437.4137969507497;1040.4688132120662;0.0;210.02100210021004;0.0;0.0;0.0;0.0
2030-07-02 20:00:00;437.4126252990528;1040.4688132120662;0.0;210.02100210021004;0.0;0.0;0.0;0.0
2030-07-02 21:00:00;437.4091409599865;1040.4688132120662;0.0;210.02100210021004;0.0;0.0;0.0;0.0
2030-07-02 22:00:00;437.4050702063021;1040.4688132120662;0.0;210.02100210021004;0.0;0.0;0.0;0.0
2030-07-02 23:00:00;437.398133321733;1040.4688132120662;0.0;210.02100210021004;0.0;0.0;0.0;0.0
2030-07-03 00:00:00;437.3683038938087;1040.4688132120662;0.0;210.02100210021004;0.0;0.0;0.0;0.0
2030-07-03 01:00:00;437.3644215464274;1040.4688132120662;0.0;210.02100210021004;0.0;0.0;0.0;0.0
2030-07-03 02:00:00;507.6337970587126;1040.4688132120662;0.0;210.02100210021004;0.0;0.0;0.0;0.0
2030-07-03 03:00:00;507.5045239996167;1040.4688132120662;0.0;210.02100210021004;0.0;0.0;0.0;0.0
2030-07-03 04:00:00;507.6307319259969;1040.4688132120662;0.0;210.02100210021004;0.0;0.0;0.0;0.0
2030-07-03 05:00:00;507.7002704564968;1040.4688132120662;0.0;210.02100210021004;0.0;0.0;0.0;0.0
2030-07-03 06:00:00;508.2344661569769;1040.4688132120662;0.0;210.02100210021004;0.0;0.0;0.0;0.0
2030-07-03 07:00:00;437.6386212341087;1040.4688132120662;0.0;210.02100210021004;0.0;0.0;0.0;0.0
2030-07-03 08:00:00;437.36270704907;1040.4688132120662;0.0;210.02100210021004;0.0;0.0;0.0;0.0
2030-07-03 09:00:00;437.3633723588274;1040.4688132120662;0.0;210.02100210021004;0.0;0.0;0.0;0.0
2030-07-03 10:00:00;437.3688173009845;1040.4688132120662;0.0;210.02100210021004;0.0;0.0;0.0;0.0
2030-07-03 11:00:00;437.361430596367;1040.4688132120662;0.0;210.02100210021004;0.0;0.0;0.0;0.0
2030-07-03 12:00:00;437.346531190417;1040.4688132120662;0.0;210.02100210021004;0.0;0.0;0.0;0.0
2030-07-03 13:00:00;437.3613151975064;1040.4688132120662;0.0;210.02100210021004;0.0;0.0;0.0;0.0
2030-07-03 14:00:00;437.340476282854;1040.4688132120662;0.0;210.02100210021004;0.0;0.0;0.0;0.0
2030-07-03 15:00:00;437.3440018357991;1040.4688132120662;0.0;210.02100210021004;0.0;0.0;0.0;0.0
2030-07-03 16:00:00;437.3653694656393;1040.4688132120662;0.0;210.02100210021004;0.0;0.0;0.0;0.0
2030-07-03 17:00:00;507.4251317012794;1040.4688132120662;0.0;210.02100210021004;0.0;0.0;0.0;0.0
2030-07-03 18:00:00;508.0334603986637;1040.4688132120662;0.0;210.02100210021004;0.0;0.0;0.0;0.0
2030-07-03 19:00:00;508.5159881398089;1040.4688132120662;0.0;210.02100210021004;0.0;0.0;0.0;0.0
2030-07-03 20:00:00;508.7652941891718;1040.4688132120662;0.0;210.02100210021004;0.0;0.0;0.0;0.0
2030-07-03 21:00:00;508.8573475231746;1040.4688132120662;0.0;210.02100210021004;0.0;0.0;0.0;0.0
2030-07-03 22:00:00;508.8963546393912;1040.4688132120662;0.0;210.02100210021004;0.0;0.0;0.0;0.0
2030-07-03 23:00:00;508.4508928079287;1040.4688132120662;0.0;210.02100210021004;0.0;0.0;0.0;0.0
2030-07-04 00:00:00;507.4849167882538;1040.4688132120662;0.0;210.02100210021004;0.0;0.0;0.0;0.0
2030-07-04 01:00:00;506.8811329838875;1040.4688132120662;0.0;210.02100210021004;0.0;0.0;0.0;0.0
2030-07-04 02:00:00;507.072743872969;1040.4688132120662;0.0;210.02100210021004;0.0;0.0;0.0;0.0
2030-07-04 03:00:00;507.0168386514371;1040.4688132120662;0.0;210.02100210021004;0.0;0.0;0.0;0.0
2030-07-04 04:00:00;506.6036435043691;1040.4688132120662;0.0;210.02100210021004;0.0;0.0;0.0;0.0
2030-07-04 05:00:00;507.274975251862;1040.4688132120662;0.0;210.02100210021004;0.0;0.0;0.0;0.0
2030-07-04 06:00:00;508.4518627261525;1040.4688132120662;0.0;210.02100210021004;0.0;0.0;0.0;0.0
2030-07-04 07:00:00;508.7664181153533;1040.4688132120662;0.0;210.02100210021004;0.0;0.0;0.0;0.0
2030-07-04 08:00:00;508.7392555468945;1040.4688132120662;0.0;210.02100210021004;0.0;0.0;0.0;0.0
2030-07-04 09:00:00;459.1165356972971;1040.4688132120662;0.0;210.02100210021004;0.0;0.0;0.0;0.0
2030-07-04 10:00:00;437.4134095402891;1040.4688132120662;0.0;210.02100210021004;0.0;0.0;0.0;0.0
2030-07-04 11:00:00;437.4053563483748;1040.4688132120662;0.0;210.02100210021004;0.0;0.0;0.0;0.0
2030-07-04 12:00:00;437.4026338772962;1040.4688132120662;0.0;210.02100210021004;0.0;0.0;0.0;0.0
2030-07-04 13:00:00;437.4045450237324;1040.4688132120662;0.0;210.02100210021004;0.0;0.0;0.0;0.0
2030-07-04 14:00:00;437.410033534847;1040.4688132120662;0.0;210.02100210021004;0.0;0.0;0.0;0.0
2030-07-04 15:00:00;437.408347298435;1040.4688132120662;0.0;210.02100210021004;0.0;0.0;0.0;0.0
2030-07-04 16:00:00;437.4147154314768;1040.4688132120662;0.0;210.02100210021004;0.0;0.0;0.0;0.0
2030-07-04 17:00:00;508.7807634776574;1040.4688132120662;0.0;210.02100210021004;0.0;0.0;0.0;0.0
2030-07-04 18:00:00;509.0527888968594;1040.4688132120662;0.0;210.02100210021004;0.0;0.0;0.0;0.0
2030-07-04 19:00:00;508.8109884386589;1040.4688132120662;0.0;210.02100210021004;0.0;0.0;0.0;0.0
2030-07-04 20:00:00;508.6000767914962;1040.4688132120662;0.0;210.02100210021004;0.0;0.0;0.0;0.0
2030-07-04 21:00:00;508.8104264755681;1040.4688132120662;0.0;210.02100210021004;0.0;0.0;0.0;0.0
2030-07-04 22:00:00;508.506799207;1040.4688132120662;0.0;210.02100210021004;0.0;0.0;0.0;0.0
2030-07-04 23:00:00;508.214402594634;1040.4688132120662;0.0;210.02100210021004;0.0;0.0;0.0;0.0
2030-07-05 00:00:00;508.1620202268842;1040.4688132120662;0.0;210.02100210021004;0.0;0.0;0.0;0.0
2030-07-05 01:00:00;508.2947638262029;1040.4688132120662;0.0;210.02100210021004;0.0;0.0;0.0;0.0
2030-07-05 02:00:00;507.9652503606816;1040.4688132120662;0.0;210.02100210021004;0.0;0.0;0.0;0.0
2030-07-05 03:00:00;507.3870437523608;1040.4688132120662;0.0;210.02100210021004;0.0;0.0;0.0;0.0
2030-07-05 04:00:00;507.8808554482596;1040.4688132120662;0.0;210.02100210021004;0.0;0.0;0.0;0.0
2030-07-05 05:00:00;508.2725541058954;1040.4688132120662;0.0;210.02100210021004;0.0;0.0;0.0;0.0
2030-07-05 06:00:00;507.3050996960045;1040.4688132120662;0.0;210.02100210021004;0.0;0.0;0.0;0.0
2030-07-05 07:00:00;507.6705565151133;1040.4688132120662;0.0;210.02100210021004;0.0;0.0;0.0;0.0
2030-07-05 08:00:00;508.0358085753388;1040.4688132120662;0.0;210.02100210021004;0.0;0.0;0.0;0.0
2030-07-05 09:00:00;508.1663082400069;1040.4688132120662;0.0;210.02100210021004;0.0;0.0;0.0;0.0
2030-07-05 10:00:00;437.3747191284263;1040.4688132120662;0.0;210.02100210021004;0.0;0.0;0.0;0.0
2030-07-05 11:00:00;437.3709521799054;1040.4688132120662;0.0;210.02100210021004;0.0;0.0;0.0;0.0
2030-07-05 12:00:00;477.4157348000465;1040.4688132120662;0.0;210.02100210021004;0.0;0.0;0.0;0.0
2030-07-05 13:00:00;437.3689727361844;1040.4688132120662;0.0;210.02100210021004;0.0;0.0;0.0;0.0
2030-07-05 14:00:00;437.3505418895924;1040.4688132120662;0.0;210.02100210021004;0.0;0.0;0.0;0.0
2030-07-05 15:00:00;437.3899517780247;1040.4688132120662;0.0;210.02100210021004;0.0;0.0;0.0;0.0
2030-07-05 16:00:00;437.4009959199994;1040.4688132120662;0.0;210.02100210021004;0.0;0.0;0.0;0.0
2030-07-05 17:00:00;509.2097339813985;1040.4688132120662;0.0;210.02100210021004;0.0;0.0;0.0;0.0
2030-07-05 18:00:00;509.5423621530218;1040.4688132120662;0.0;210.02100210021004;0.0;0.0;0.0;0.0
2030-07-05 19:00:00;509.9202266605186;1040.4688132120662;0.0;210.02100210021004;0.0;0.0;0.0;0.0
2030-07-05 20:00:00;509.6760272747175;1040.4688132120662;0.0;210.02100210021004;0.0;0.0;0.0;0.0
2030-07-05 21:00:00;507.8624242840903;1040.4688132120662;0.0;210.02100210021004;0.0;0.0;0.0;0.0
2030-07-05 22:00:00;508.6325989857;1040.4688132120662;0.0;210.02100210021004;0.0;0.0;0.0;0.0
2030-07-05 23:00:00;507.4332501990053;1040.4688132120662;0.0;210.02100210021004;0.0;0.0;0.0;0.0
2030-07-06 00:00:00;506.5749516022216;1040.4688132120662;0.0;210.02100210021004;0.0;0.0;0.0;0.0
2030-07-06 01:00:00;506.5035239861996;1040.4688132120662;0.0;210.02100210021004;0.0;0.0;0.0;0.0
2030-07-06 02:00:00;506.1125395444316;1040.4688132120662;0.0;210.02100210021004;0.0;0.0;0.0;0.0
2030-07-06 03:00:00;505.7832296602542;1040.4688132120662;0.0;210.02100210021004;0.0;0.0;0.0;0.0
2030-07-06 04:00:00;506.0002676551359;1040.4688132120662;0.0;210.02100210021004;0.0;0.0;0.0;0.0
2030-07-06 05:00:00;505.5001769736471;1040.4688132120662;0.0;210.02100210021004;0.0;0.0;0.0;0.0
2030-07-06 06:00:00;505.4600461237959;1040.4688132120662;0.0;210.02100210021004;0.0;0.0;0.0;0.0
2030-07-06 07:00:00;506.1852425469669;1040.4688132120662;0.0;210.02100210021004;0.0;0.0;0.0;0.0
2030-07-06 08:00:00;506.2951662595876;1040.4688132120662;0.0;210.02100210021004;0.0;0.0;0.0;0.0
2030-07-06 09:00:00;463.4126517235603;1040.4688132120662;0.0;210.02100210021004;0.0;0.0;0.0;0.0
2030-07-06 10:00:00;437.3239436297647;1040.4688132120662;0.0;210.02100210021004;0.0;0.0;0.0;0.0
2030-07-06 11:00:00;437.3244099353647;1040.4688132120662;0.0;210.02100210021004;0.0;0.0;0.0;0.0
2030-07-06 12:00:00;437.3269557755341;1040.4688132120662;0.0;210.02100210021004;0.0;0.0;0.0;0.0
2030-07-06 13:00:00;437.333500539485;1040.4688132120662;0.0;210.02100210021004;0.0;0.0;0.0;0.0
2030-07-06 14:00:00;437.3297371235823;1040.4688132120662;0.0;210.02100210021004;0.0;0.0;0.0;0.0
2030-07-06 15:00:00;437.3400205751086;1040.4688132120662;0.0;210.02100210021004;0.0;0.0;0.0;0.0
2030-07-06 16:00:00;506.6081872198479;1040.4688132120662;0.0;210.02100210021004;0.0;0.0;0.0;0.0
2030-07-06 17:00:00;507.9247125406897;1040.4688132120662;0.0;210.02100210021004;0.0;0.0;0.0;0.0
2030-07-06 18:00:00;508.1523189043708;1040.4688132120662;0.0;210.02100210021004;0.0;0.0;0.0;0.0
2030-07-06 19:00:00;508.1891293042443;1040.4688132120662;0.0;210.02100210021004;0.0;0.0;0.0;0.0
2030-07-06 20:00:00;507.4732769993793;1040.4688132120662;0.0;210.02100210021004;0.0;0.0;0.0;0.0
2030-07-06 21:00:00;507.220039948554;1040.4688132120662;0.0;210.02100210021004;0.0;0.0;0.0;0.0
2030-07-06 22:00:00;507.7318736759495;1040.4688132120662;0.0;210.02100210021004;0.0;0.0;0.0;0.0
2030-07-06 23:00:00;507.7002208831105;1040.4688132120662;0.0;210.02100210021004;0.0;0.0;0.0;0.0
2030-07-07 00:00:00;504.0899139921638;1040.4688132120662;0.0;210.02100210021004;0.0;0.0;0.0;0.0
2030-07-07 01:00:00;502.8249053628723;1040.4688132120662;0.0;210.02100210021004;0.0;0.0;0.0;0.0
2030-07-07 02:00:00;501.9508821603412;1040.4688132120662;0.0;210.02100210021004;0.0;0.0;0.0;0.0
2030-07-07 03:00:00;500.7932952515848;1040.4688132120662;0.0;210.02100210021004;0.0;0.0;0.0;0.0
2030-07-07 04:00:00;500.6809726113634;1040.4688132120662;0.0;210.02100210021004;0.0;0.0;0.0;0.0
2030-07-07 05:00:00;500.7718510757119;1040.4688132120662;0.0;210.02100210021004;0.0;0.0;0.0;0.0
2030-07-07 06:00:00;500.901073191335;1040.4688132120662;0.0;210.02100210021004;0.0;0.0;0.0;0.0
2030-07-07 07:00:00;485.5242905512989;1040.4688132120662;0.0;210.02100210021004;0.0;0.0;0.0;0.0
2030-07-07 08:00:00;456.2965876210739;1040.4688132120662;0.0;210.02100210021004;0.0;0.0;0.0;0.0
2030-07-07 09:00:00;437.2106066406488;1040.4688132120662;0.0;210.02100210021004;0.0;0.0;0.0;0.0
2030-07-07 10:00:00;437.2224491543325;1040.4688132120662;0.0;210.02100210021004;0.0;0.0;0.0;0.0
2030-07-07 11:00:00;437.2238645566839;1040.4688132120662;0.0;210.02100210021004;0.0;0.0;0.0;0.0
2030-07-07 12:00:00;437.220558026066;1040.4688132120662;0.0;210.02100210021004;0.0;0.0;0.0;0.0
2030-07-07 13:00:00;437.220940726369;1040.4688132120662;0.0;210.02100210021004;0.0;0.0;0.0;0.0
2030-07-07 14:00:00;437.2093372531823;1040.4688132120662;0.0;210.02100210021004;0.0;0.0;0.0;0.0
2030-07-07 15:00:00;437.2156394440181;1040.4688132120662;0.0;210.02100210021004;0.0;0.0;0.0;0.0
2030-07-07 16:00:00;437.258220446038;1040.4688132120662;0.0;210.02100210021004;0.0;0.0;0.0;0.0
2030-07-07 17:00:00;504.2868884247026;1040.4688132120662;0.0;210.02100210021004;0.0;0.0;0.0;0.0
2030-07-07 18:00:00;504.7054941409882;1040.4688132120662;0.0;210.02100210021004;0.0;0.0;0.0;0.0
2030-07-07 19:00:00;506.0174733912724;1040.4688132120662;0.0;210.02100210021004;0.0;0.0;0.0;0.0
2030-07-07 20:00:00;506.4516512679814;1040.4688132120662;0.0;210.02100210021004;0.0;0.0;0.0;0.0
2030-07-07 21:00:00;503.8868653329181;1040.4688132120662;0.0;210.02100210021004;0.0;0.0;0.0;0.0
2030-07-07 22:00:00;503.923676910331;1040.4688132120662;0.0;210.02100210021004;0.0;0.0;0.0;0.0
2030-07-07 23:00:00;503.7493211382251;1040.4688132120662;0.0;210.02100210021004;0.0;0.0;0.0;0.0
2030-07-08 00:00:00;504.6462682769316;1040.4688132120662;0.0;210.02100210021004;0.0;0.0;0.0;0.0
2030-07-08 01:00:00;504.8903659683342;1040.4688132120662;0.0;210.02100210021004;0.0;0.0;0.0;0.0
2030-07-08 02:00:00;504.9420339276692;1040.4688132120662;0.0;210.02100210021004;0.0;0.0;0.0;0.0
2030-07-08 03:00:00;505.2192169539057;1040.4688132120662;0.0;210.02100210021004;0.0;0.0;0.0;0.0
2030-07-08 04:00:00;505.5397448754151;1040.4688132120662;0.0;210.02100210021004;0.0;0.0;0.0;0.0
2030-07-08 05:00:00;506.5983855730227;1040.4688132120662;0.0;210.02100210021004;0.0;0.0;0.0;0.0
2030-07-08 06:00:00;507.8792726234722;1040.4688132120662;0.0;210.02100210021004;0.0;0.0;0.0;0.0
2030-07-08 07:00:00;508.4165830300543;1040.4688132120662;0.0;210.02100210021004;0.0;0.0;0.0;0.0
2030-07-08 08:00:00;509.5078489863504;1040.4688132120662;0.0;210.02100210021004;0.0;0.0;0.0;0.0
2030-07-08 09:00:00;437.4201073843611;1040.4688132120662;0.0;210.02100210021004;0.0;0.0;0.0;0.0
2030-07-08 10:00:00;437.4070790885079;1040.4688132120662;0.0;210.02100210021004;0.0;0.0;0.0;0.0
2030-07-08 11:00:00;437.412273214774;1040.4688132120662;0.0;210.02100210021004;0.0;0.0;0.0;0.0
2030-07-08 12:00:00;437.4276130204573;1040.4688132120662;0.0;210.02100210021004;0.0;0.0;0.0;0.0
2030-07-08 13:00:00;437.4282406489542;1040.4688132120662;0.0;210.02100210021004;0.0;0.0;0.0;0.0
2030-07-08 14:00:00;437.4138935089799;1040.4688132120662;0.0;210.02100210021004;0.0;0.0;0.0;0.0
2030-07-08 15:00:00;437.4137934181315;1040.4688132120662;0.0;210.02100210021004;0.0;0.0;0.0;0.0
2030-07-08 16:00:00;437.4175179752341;1040.4688132120662;0.0;210.02100210021004;0.0;0.0;0.0;0.0
2030-07-08 17:00:00;509.5281692360417;1040.4688132120662;0.0;210.02100210021004;0.0;0.0;0.0;0.0
2030-07-08 18:00:00;509.321597915561;1040.4688132120662;0.0;210.02100210021004;0.0;0.0;0.0;0.0
2030-07-08 19:00:00;509.5443019894694;1040.4688132120662;0.0;210.02100210021004;0.0;0.0;0.0;0.0
2030-07-08 20:00:00;509.1072155356283;1040.4688132120662;0.0;210.02100210021004;0.0;0.0;0.0;0.0
2030-07-08 21:00:00;509.355906323349;1040.4688132120662;0.0;210.02100210021004;0.0;0.0;0.0;0.0
2030-07-08 22:00:00;508.694174203971;1040.4688132120662;0.0;210.02100210021004;0.0;0.0;0.0;0.0
2030-07-08 23:00:00;508.6998404755448;1040.4688132120662;0.0;210.02100210021004;0.0;0.0;0.0;0.0
2030-07-09 00:00:00;508.6307620211901;1040.4688132120662;0.0;210.02100210021004;0.0;0.0;0.0;0.0
2030-07-09 01:00:00;509.021390243743;1040.4688132120662;0.0;210.02100210021004;0.0;0.0;0.0;0.0
2030-07-09 02:00:00;508.91810272092;1040.4688132120662;0.0;210.02100210021004;0.0;0.0;0.0;0.0
2030-07-09 03:00:00;509.1029261524191;1040.4688132120662;0.0;210.02100210021004;0.0;0.0;0.0;0.0
2030-07-09 04:00:00;509.3676491767084;1040.4688132120662;0.0;210.02100210021004;0.0;0.0;0.0;0.0
2030-07-09 05:00:00;509.5484896782802;1040.4688132120662;0.0;210.02100210021004;0.0;0.0;0.0;0.0
2030-07-09 06:00:00;510.0108507925975;1040.4688132120662;0.0;210.02100210021004;0.0;0.0;0.0;0.0
2030-07-09 07:00:00;510.4107190839791;1040.4688132120662;0.0;210.02100210021004;0.0;0.0;0.0;0.0
2030-07-09 08:00:00;510.4543206666002;1040.4688132120662;0.0;210.02100210021004;0.0;0.0;0.0;0.0
2030-07-09 09:00:00;510.1464535882092;1040.4688132120662;0.0;210.02100210021004;0.0;0.0;0.0;0.0
2030-07-09 10:00:00;510.1639657776273;1040.4688132120662;0.0;210.02100210021004;0.0;0.0;0.0;0.0
2030-07-09 11:00:00;510.1798951422582;1040.4688132120662;0.0;210.02100210021004;0.0;0.0;0.0;0.0
2030-07-09 12:00:00;511.9854826996443;1040.4688132120662;0.0;210.02100210021004;0.0;0.0;0.0;0.0
2030-07-09 13:00:00;439.6404329918075;1040.4688132120662;0.0;210.02100210021004;0.0;0.0;0.0;0.0
2030-07-09 14:00:00;437.4167054730524;1040.4688132120662;0.0;210.02100210021004;0.0;0.0;0.0;0.0
2030-07-09 15:00:00;437.4342472774022;1040.4688132120662;0.0;210.02100210021004;0.0;0.0;0.0;0.0
2030-07-09 16:00:00;438.4509317824574;1040.4688132120662;0.0;210.02100210021004;0.0;0.0;0.0;0.0
2030-07-09 17:00:00;439.234335480769;1040.4688132120662;0.0;210.02100210021004;0.0;0.0;0.0;0.0
2030-07-09 18:00:00;439.7253377463081;1040.4688132120662;0.0;210.02100210021004;0.0;0.0;0.0;0.0
2030-07-09 19:00:00;439.0087200895554;1040.4688132120662;0.0;210.02100210021004;0.0;0.0;0.0;0.0
2030-07-09 20:00:00;438.9921270674354;1040.4688132120662;0.0;210.02100210021004;0.0;0.0;0.0;0.0
2030-07-09 21:00:00;438.6166628576257;1040.4688132120662;0.0;210.02100210021004;0.0;0.0;0.0;0.0
2030-07-09 22:00:00;438.7263310604374;1040.4688132120662;0.0;210.02100210021004;0.0;0.0;0.0;0.0
2030-07-09 23:00:00;438.84044010679;1040.4688132120662;0.0;210.02100210021004;0.0;0.0;0.0;0.0
2030-07-10 00:00:00;437.4142962274526;1040.4688132120662;0.0;210.02100210021004;0.0;0.0;0.0;0.0
2030-07-10 01:00:00;437.4225755069306;1040.4688132120662;0.0;210.02100210021004;0.0;0.0;0.0;0.0
2030-07-10 02:00:00;437.4261234331242;1040.4688132120662;0.0;210.02100210021004;0.0;0.0;0.0;0.0
2030-07-10 03:00:00;437.4296065946511;1040.4688132120662;0.0;210.02100210021004;0.0;0.0;0.0;0.0
2030-07-10 04:00:00;437.4437205818255;1040.4688132120662;0.0;210.02100210021004;0.0;0.0;0.0;0.0
2030-07-10 05:00:00;438.1014381028249;1040.4688132120662;0.0;210.02100210021004;0.0;0.0;0.0;0.0
2030-07-10 06:00:00;439.8192530977064;1040.4688132120662;0.0;210.02100210021004;0.0;0.0;0.0;0.0
2030-07-10 07:00:00;440.7101021343597;1040.4688132120662;0.0;210.02100210021004;0.0;0.0;0.0;0.0
2030-07-10 08:00:00;440.8070054445759;1040.4688132120662;0.0;210.02100210021004;0.0;0.0;0.0;0.0
2030-07-10 09:00:00;440.768612219915;1040.4688132120662;0.0;210.02100210021004;0.0;0.0;0.0;0.0
2030-07-10 10:00:00;440.4748882925707;1040.4688132120662;0.0;210.02100210021004;0.0;0.0;0.0;0.0
2030-07-10 11:00:00;440.5298745393515;1040.4688132120662;0.0;210.02100210021004;0.0;0.0;0.0;0.0
2030-07-10 12:00:00;440.7206705031591;1040.4688132120662;0.0;210.02100210021004;0.0;0.0;0.0;0.0
2030-07-10 13:00:00;441.0091349365234;1040.4688132120662;0.0;210.02100210021004;0.0;0.0;0.0;0.0
2030-07-10 14:00:00;440.8434088743086;1040.4688132120662;0.0;210.02100210021004;0.0;0.0;0.0;0.0
2030-07-10 15:00:00;440.9654328370433;1040.4688132120662;0.0;210.02100210021004;0.0;0.0;0.0;0.0
2030-07-10 16:00:00;441.1781804637235;1040.4688132120662;0.0;210.02100210021004;0.0;0.0;0.0;0.0
2030-07-10 17:00:00;441.0128116057161;1040.4688132120662;0.0;210.02100210021004;0.0;0.0;0.0;0.0
2030-07-10 18:00:00;441.6471293719916;1040.4688132120662;0.0;210.02100210021004;0.0;0.0;0.0;0.0
2030-07-10 19:00:00;514.861352113599;1040.4688132120662;0.0;210.02100210021004;0.0;0.0;0.0;0.0
2030-07-10 20:00:00;515.1257688771536;1040.4688132120662;0.0;210.02100210021004;0.0;0.0;0.0;0.0
2030-07-10 21:00:00;441.6255823241809;1040.4688132120662;0.0;210.02100210021004;0.0;0.0;0.0;0.0
2030-07-10 22:00:00;513.5988948572322;1040.4688132120662;0.0;210.02100210021004;0.0;0.0;0.0;0.0
2030-07-10 23:00:00;512.713486005549;1040.4688132120662;0.0;210.02100210021004;0.0;0.0;0.0;0.0
2030-07-11 00:00:00;512.5646580486496;1040.4688132120662;0.0;210.02100210021004;0.0;0.0;0.0;0.0
2030-07-11 01:00:00;512.1449297762688;1040.4688132120662;0.0;210.02100210021004;0.0;0.0;0.0;0.0
2030-07-11 02:00:00;511.6216073352364;1040.4688132120662;0.0;210.02100210021004;0.0;0.0;0.0;0.0
2030-07-11 03:00:00;511.2599798231915;1040.4688132120662;0.0;210.02100210021004;0.0;0.0;0.0;0.0
2030-07-11 04:00:00;511.6458599564765;1040.4688132120662;0.0;210.02100210021004;0.0;0.0;0.0;0.0
2030-07-11 05:00:00;511.576167610566;1040.4688132120662;0.0;210.02100210021004;0.0;0.0;0.0;0.0
2030-07-11 06:00:00;510.60355677118;1040.4688132120662;0.0;210.02100210021004;0.0;0.0;0.0;0.0
2030-07-11 07:00:00;511.1213642084234;1040.4688132120662;0.0;210.02100210021004;0.0;0.0;0.0;0.0
2030-07-11 08:00:00;438.1393944179136;1040.4688132120662;0.0;210.02100210021004;0.0;0.0;0.0;0.0
2030-07-11 09:00:00;438.006648270969;1040.4688132120662;0.0;210.02100210021004;0.0;0.0;0.0;0.0
2030-07-11 10:00:00;438.0605117691077;1040.4688132120662;0.0;210.02100210021004;0.0;0.0;0.0;0.0
2030-07-11 11:00:00;437.5898808892798;1040.4688132120662;0.0;210.02100210021004;0.0;0.0;0.0;0.0
2030-07-11 12:00:00;437.6803422766013;1040.4688132120662;0.0;210.02100210021004;0.0;0.0;0.0;0.0
2030-07-11 13:00:00;437.6646761735868;1040.4688132120662;0.0;210.02100210021004;0.0;0.0;0.0;0.0
2030-07-11 14:00:00;438.7960210512691;1040.4688132120662;0.0;210.02100210021004;0.0;0.0;0.0;0.0
2030-07-11 15:00:00;438.7106560280762;1040.4688132120662;0.0;210.02100210021004;0.0;0.0;0.0;0.0
2030-07-11 16:00:00;438.3853290738262;1040.4688132120662;0.0;210.02100210021004;0.0;0.0;0.0;0.0
2030-07-11 17:00:00;438.6390248307102;1040.4688132120662;0.0;210.02100210021004;0.0;0.0;0.0;0.0
2030-07-11 18:00:00;439.2268298896065;1040.4688132120662;0.0;210.02100210021004;0.0;0.0;0.0;0.0
2030-07-11 19:00:00;511.4405648149543;1040.4688132120662;0.0;210.02100210021004;0.0;0.0;0.0;0.0
2030-07-11 20:00:00;511.768087308008;1040.4688132120662;0.0;210.02100210021004;0.0;0.0;0.0;0.0
2030-07-11 21:00:00;487.9001749630516;1040.4688132120662;0.0;210.02100210021004;0.0;0.0;0.0;0.0
2030-07-11 22:00:00;438.7056026630659;1040.4688132120662;0.0;210.02100210021004;0.0;0.0;0.0;0.0
2030-07-11 23:00:00;438.3178334442588;1040.4688132120662;0.0;210.02100210021004;0.0;0.0;0.0;0.0
2030-07-12 00:00:00;437.4817445677827;1040.4688132120662;0.0;210.02100210021004;0.0;0.0;0.0;0.0
2030-07-12 01:00:00;438.1215359824661;1040.4688132120662;0.0;210.02100210021004;0.0;0.0;0.0;0.0
2030-07-12 02:00:00;438.0928815179874;1040.4688132120662;0.0;210.02100210021004;0.0;0.0;0.0;0.0
2030-07-12 03:00:00;438.2201140312293;1040.4688132120662;0.0;210.02100210021004;0.0;0.0;0.0;0.0
2030-07-12 04:00:00;438.6689944744498;1040.4688132120662;0.0;210.02100210021004;0.0;0.0;0.0;0.0
2030-07-12 05:00:00;439.0836196158868;1040.4688132120662;0.0;210.02100210021004;0.0;0.0;0.0;0.0
2030-07-12 06:00:00;440.9520042869586;1040.4688132120662;0.0;210.02100210021004;0.0;0.0;0.0;0.0
2030-07-12 07:00:00;441.7867660410035;1040.4688132120662;0.0;210.02100210021004;0.0;0.0;0.0;0.0
2030-07-12 08:00:00;442.0460275526023;1040.4688132120662;0.0;210.02100210021004;0.0;0.0;0.0;0.0
2030-07-12 09:00:00;441.5207143316493;1040.4688132120662;0.0;210.02100210021004;0.0;0.0;0.0;0.0
2030-07-12 10:00:00;441.2027379756119;1040.4688132120662;0.0;210.02100210021004;0.0;0.0;0.0;0.0
2030-07-12 11:00:00;441.2132058275522;1040.4688132120662;0.0;210.02100210021004;0.0;0.0;0.0;0.0
2030-07-12 12:00:00;441.8063718822799;1040.4688132120662;0.0;210.02100210021004;0.0;0.0;0.0;0.0
2030-07-12 13:00:00;442.0247879430657;1040.4688132120662;0.0;210.02100210021004;0.0;0.0;0.0;0.0
2030-07-12 14:00:00;441.7790554984106;1040.4688132120662;0.0;210.02100210021004;0.0;0.0;0.0;0.0
2030-07-12 15:00:00;440.9634916305091;1040.4688132120662;0.0;210.02100210021004;0.0;0.0;0.0;0.0
2030-07-12 16:00:00;440.243146553638;1040.4688132120662;0.0;210.02100210021004;0.0;0.0;0.0;0.0
2030-07-12 17:00:00;440.2724002263292;1040.4688132120662;0.0;210.02100210021004;0.0;0.0;0.0;0.0
2030-07-12 18:00:00;440.7433389295254;1040.4688132120662;0.0;210.02100210021004;0.0;0.0;0.0;0.0
2030-07-12 19:00:00;440.4252113057032;1040.4688132120662;0.0;210.02100210021004;0.0;0.0;0.0;0.0
2030-07-12 20:00:00;440.5815436762258;1040.4688132120662;0.0;210.02100210021004;0.0;0.0;0.0;0.0
2030-07-12 21:00:00;440.1438431382817;1040.4688132120662;0.0;210.02100210021004;0.0;0.0;0.0;0.0
2030-07-12 22:00:00;439.6325701964376;1040.4688132120662;0.0;210.02100210021004;0.0;0.0;0.0;0.0
2030-07-12 23:00:00;439.0276103448776;1040.4688132120662;0.0;210.02100210021004;0.0;0.0;0.0;0.0
2030-07-13 00:00:00;437.4057190305081;1040.4688132120662;0.0;210.02100210021004;0.0;0.0;0.0;0.0
2030-07-13 01:00:00;437.4131210431376;1040.4688132120662;0.0;210.02100210021004;0.0;0.0;0.0;0.0
2030-07-13 02:00:00;437.4058732881687;1040.4688132120662;0.0;210.02100210021004;0.0;0.0;0.0;0.0
2030-07-13 03:00:00;437.4040539898052;1040.4688132120662;0.0;210.02100210021004;0.0;0.0;0.0;0.0
2030-07-13 04:00:00;437.4115655135984;1040.4688132120662;0.0;210.02100210021004;0.0;0.0;0.0;0.0
2030-07-13 05:00:00;437.4107447686408;1040.4688132120662;0.0;210.02100210021004;0.0;0.0;0.0;0.0
2030-07-13 06:00:00;437.4468822750978;1040.4688132120662;0.0;210.02100210021004;0.0;0.0;0.0;0.0
2030-07-13 07:00:00;437.4550732391212;1040.4688132120662;0.0;210.02100210021004;0.0;0.0;0.0;0.0
2030-07-13 08:00:00;438.1263338326274;1040.4688132120662;0.0;210.02100210021004;0.0;0.0;0.0;0.0
2030-07-13 09:00:00;438.6370552661555;1040.4688132120662;0.0;210.02100210021004;0.0;0.0;0.0;0.0
2030-07-13 10:00:00;437.6415890906264;1040.4688132120662;0.0;210.02100210021004;0.0;0.0;0.0;0.0
2030-07-13 11:00:00;437.6508079792765;1040.4688132120662;0.0;210.02100210021004;0.0;0.0;0.0;0.0
2030-07-13 12:00:00;437.4862737014815;1040.4688132120662;0.0;210.02100210021004;0.0;0.0;0.0;0.0
2030-07-13 13:00:00;437.429119093342;1040.4688132120662;0.0;210.02100210021004;0.0;0.0;0.0;0.0
2030-07-13 14:00:00;437.4158023003373;1040.4688132120662;0.0;210.02100210021004;0.0;0.0;0.0;0.0
2030-07-13 15:00:00;437.4123638853074;1040.4688132120662;0.0;210.02100210021004;0.0;0.0;0.0;0.0
2030-07-13 16:00:00;437.4249270531001;1040.4688132120662;0.0;210.02100210021004;0.0;0.0;0.0;0.0
2030-07-13 17:00:00;437.4286186390997;1040.4688132120662;0.0;210.02100210021004;0.0;0.0;0.0;0.0
2030-07-13 18:00:00;437.4289777886148;1040.4688132120662;0.0;210.02100210021004;0.0;0.0;0.0;0.0
2030-07-13 19:00:00;437.4315460020327;1040.4688132120662;0.0;210.02100210021004;0.0;0.0;0.0;0.0
2030-07-13 20:00:00;509.6044458432849;1040.4688132120662;0.0;210.02100210021004;0.0;0.0;0.0;0.0
2030-07-13 21:00:00;506.9973870676297;1040.4688132120662;0.0;210.02100210021004;0.0;0.0;0.0;0.0
2030-07-13 22:00:00;508.8112946993936;1040.4688132120662;0.0;210.02100210021004;0.0;0.0;0.0;0.0
2030-07-13 23:00:00;507.2867307353349;1040.4688132120662;0.0;210.02100210021004;0.0;0.0;0.0;0.0
2030-07-14 00:00:00;437.3615212669004;1040.4688132120662;0.0;210.02100210021004;0.0;0.0;0.0;0.0
2030-07-14 01:00:00;437.3009180244579;1040.4688132120662;0.0;210.02100210021004;0.0;0.0;0.0;0.0
2030-07-14 02:00:00;437.2701913115156;1040.4688132120662;0.0;210.02100210021004;0.0;0.0;0.0;0.0
2030-07-14 03:00:00;437.2594839458076;1040.4688132120662;0.0;210.02100210021004;0.0;0.0;0.0;0.0
2030-07-14 04:00:00;437.2679009973946;1040.4688132120662;0.0;210.02100210021004;0.0;0.0;0.0;0.0
2030-07-14 05:00:00;437.278759088145;1040.4688132120662;0.0;210.02100210021004;0.0;0.0;0.0;0.0
2030-07-14 06:00:00;437.3079891485179;1040.4688132120662;0.0;210.02100210021004;0.0;0.0;0.0;0.0
2030-07-14 07:00:00;437.3284430077885;1040.4688132120662;0.0;210.02100210021004;0.0;0.0;0.0;0.0
2030-07-14 08:00:00;453.7771134988757;1040.4688132120662;0.0;210.02100210021004;0.0;0.0;0.0;0.0
2030-07-14 09:00:00;437.3384391397027;1040.4688132120662;0.0;210.02100210021004;0.0;0.0;0.0;0.0
2030-07-14 10:00:00;437.3399722959934;1040.4688132120662;0.0;210.02100210021004;0.0;0.0;0.0;0.0
2030-07-14 11:00:00;437.3415089849024;1040.4688132120662;0.0;210.02100210021004;0.0;0.0;0.0;0.0
2030-07-14 12:00:00;437.3322888514488;1040.4688132120662;0.0;210.02100210021004;0.0;0.0;0.0;0.0
2030-07-14 13:00:00;437.320763095862;1040.4688132120662;0.0;210.02100210021004;0.0;0.0;0.0;0.0
2030-07-14 14:00:00;437.3163755840807;1040.4688132120662;0.0;210.02100210021004;0.0;0.0;0.0;0.0
2030-07-14 15:00:00;437.3181948824441;1040.4688132120662;0.0;210.02100210021004;0.0;0.0;0.0;0.0
2030-07-14 16:00:00;437.3052172207848;1040.4688132120662;0.0;210.02100210021004;0.0;0.0;0.0;0.0
2030-07-14 17:00:00;437.3118455900326;1040.4688132120662;0.0;210.02100210021004;0.0;0.0;0.0;0.0
2030-07-14 18:00:00;437.3032589727729;1040.4688132120662;0.0;210.02100210021004;0.0;0.0;0.0;0.0
2030-07-14 19:00:00;504.8189395298516;1040.4688132120662;0.0;210.02100210021004;0.0;0.0;0.0;0.0
2030-07-14 20:00:00;504.9017516174862;1040.4688132120662;0.0;210.02100210021004;0.0;0.0;0.0;0.0
2030-07-14 21:00:00;505.1271624423637;1040.4688132120662;0.0;210.02100210021004;0.0;0.0;0.0;0.0
2030-07-14 22:00:00;504.7270388337201;1040.4688132120662;0.0;210.02100210021004;0.0;0.0;0.0;0.0
2030-07-14 23:00:00;504.3712312161125;1040.4688132120662;0.0;210.02100210021004;0.0;0.0;0.0;0.0
2030-07-15 00:00:00;499.2076630446109;1040.4688132120662;0.0;210.02100210021004;0.0;0.0;0.0;0.0
2030-07-15 01:00:00;461.4331000619854;1040.4688132120662;0.0;210.02100210021004;0.0;0.0;0.0;0.0
2030-07-15 02:00:00;481.3577566573267;1040.4688132120662;0.0;210.02100210021004;0.0;0.0;0.0;0.0
2030-07-15 03:00:00;437.356517902016;1040.4688132120662;0.0;210.02100210021004;0.0;0.0;0.0;0.0
2030-07-15 04:00:00;437.4093870657198;1040.4688132120662;0.0;210.02100210021004;0.0;0.0;0.0;0.0
2030-07-15 05:00:00;437.4422510126619;1040.4688132120662;0.0;210.02100210021004;0.0;0.0;0.0;0.0
2030-07-15 06:00:00;437.5178560202786;1040.4688132120662;0.0;210.02100210021004;0.0;0.0;0.0;0.0
2030-07-15 07:00:00;440.0950824463032;1040.4688132120662;0.0;210.02100210021004;0.0;0.0;0.0;0.0
2030-07-15 08:00:00;438.58817148561;1040.4688132120662;0.0;210.02100210021004;0.0;0.0;0.0;0.0
2030-07-15 09:00:00;438.6990160466545;1040.4688132120662;0.0;210.02100210021004;0.0;0.0;0.0;0.0
2030-07-15 10:00:00;438.843554812892;1040.4688132120662;0.0;210.02100210021004;0.0;0.0;0.0;0.0
2030-07-15 11:00:00;438.7335813343379;1040.4688132120662;0.0;210.02100210021004;0.0;0.0;0.0;0.0
2030-07-15 12:00:00;438.7831045057948;1040.4688132120662;0.0;210.02100210021004;0.0;0.0;0.0;0.0
2030-07-15 13:00:00;438.7465993816636;1040.4688132120662;0.0;210.02100210021004;0.0;0.0;0.0;0.0
2030-07-15 14:00:00;438.2189889275085;1040.4688132120662;0.0;210.02100210021004;0.0;0.0;0.0;0.0
2030-07-15 15:00:00;438.1954534548561;1040.4688132120662;0.0;210.02100210021004;0.0;0.0;0.0;0.0
2030-07-15 16:00:00;438.8963465058613;1040.4688132120662;0.0;210.02100210021004;0.0;0.0;0.0;0.0
2030-07-15 17:00:00;439.0101998498579;1040.4688132120662;0.0;210.02100210021004;0.0;0.0;0.0;0.0
2030-07-15 18:00:00;439.612097116328;1040.4688132120662;0.0;210.02100210021004;0.0;0.0;0.0;0.0
2030-07-15 19:00:00;512.1681092222532;1040.4688132120662;0.0;210.02100210021004;0.0;0.0;0.0;0.0
2030-07-15 20:00:00;512.1588669908928;1040.4688132120662;0.0;210.02100210021004;0.0;0.0;0.0;0.0
2030-07-15 21:00:00;486.0600585077916;1040.4688132120662;0.0;210.02100210021004;0.0;0.0;0.0;0.0
2030-07-15 22:00:00;438.3270744980799;1040.4688132120662;0.0;210.02100210021004;0.0;0.0;0.0;0.0
2030-07-15 23:00:00;472.4055781270366;1040.4688132120662;0.0;210.02100210021004;0.0;0.0;0.0;0.0
2030-07-16 00:00:00;437.3756434968504;1040.4688132120662;0.0;210.02100210021004;0.0;0.0;0.0;0.0
2030-07-16 01:00:00;437.3436320884294;1040.4688132120662;0.0;210.02100210021004;0.0;0.0;0.0;0.0
2030-07-16 02:00:00;493.9424999006478;1040.4688132120662;0.0;210.02100210021004;0.0;0.0;0.0;0.0
2030-07-16 03:00:00;507.9334933258184;1040.4688132120662;0.0;210.02100210021004;0.0;0.0;0.0;0.0
2030-07-16 04:00:00;507.3835716495043;1040.4688132120662;0.0;210.02100210021004;0.0;0.0;0.0;0.0
2030-07-16 05:00:00;468.5602600445996;1040.4688132120662;0.0;210.02100210021004;0.0;0.0;0.0;0.0
2030-07-16 06:00:00;502.1167101396187;1040.4688132120662;0.0;210.02100210021004;0.0;0.0;0.0;0.0
2030-07-16 07:00:00;439.7006275965485;1040.4688132120662;0.0;210.02100210021004;0.0;0.0;0.0;0.0
2030-07-16 08:00:00;439.3476284243084;1040.4688132120662;0.0;210.02100210021004;0.0;0.0;0.0;0.0
2030-07-16 09:00:00;439.697462139521;1040.4688132120662;0.0;210.02100210021004;0.0;0.0;0.0;0.0
2030-07-16 10:00:00;439.1271183265701;1040.4688132120662;0.0;210.02100210021004;0.0;0.0;0.0;0.0
2030-07-16 11:00:00;438.9363744837747;1040.4688132120662;0.0;210.02100210021004;0.0;0.0;0.0;0.0
2030-07-16 12:00:00;439.4910951928293;1040.4688132120662;0.0;210.02100210021004;0.0;0.0;0.0;0.0
2030-07-16 13:00:00;438.9558265096405;1040.4688132120662;0.0;210.02100210021004;0.0;0.0;0.0;0.0
2030-07-16 14:00:00;439.0899495449498;1040.4688132120662;0.0;210.02100210021004;0.0;0.0;0.0;0.0
2030-07-16 15:00:00;440.0023162062084;1040.4688132120662;0.0;210.02100210021004;0.0;0.0;0.0;0.0
2030-07-16 16:00:00;440.3121740645199;1040.4688132120662;0.0;210.02100210021004;0.0;0.0;0.0;0.0
2030-07-16 17:00:00;440.1701361128286;1040.4688132120662;0.0;210.02100210021004;0.0;0.0;0.0;0.0
2030-07-16 18:00:00;440.525535582756;1040.4688132120662;0.0;210.02100210021004;0.0;0.0;0.0;0.0
2030-07-16 19:00:00;440.7102038287582;1040.4688132120662;0.0;210.02100210021004;0.0;0.0;0.0;0.0
2030-07-16 20:00:00;440.6044168614754;1040.4688132120662;0.0;210.02100210021004;0.0;0.0;0.0;0.0
2030-07-16 21:00:00;440.6991753838136;1040.4688132120662;0.0;210.02100210021004;0.0;0.0;0.0;0.0
2030-07-16 22:00:00;440.4219937276634;1040.4688132120662;0.0;210.02100210021004;0.0;0.0;0.0;0.0
2030-07-16 23:00:00;440.0494404500646;1040.4688132120662;0.0;210.02100210021004;0.0;0.0;0.0;0.0
2030-07-17 00:00:00;437.4822553948536;1040.4688132120662;0.0;210.02100210021004;0.0;0.0;0.0;0.0
2030-07-17 01:00:00;437.4352717366747;1040.4688132120662;0.0;210.02100210021004;0.0;0.0;0.0;0.0
2030-07-17 02:00:00;437.4250353867243;1040.4688132120662;0.0;210.02100210021004;0.0;0.0;0.0;0.0
2030-07-17 03:00:00;437.4153477701313;1040.4688132120662;0.0;210.02100210021004;0.0;0.0;0.0;0.0
2030-07-17 04:00:00;437.4331027091114;1040.4688132120662;0.0;210.02100210021004;0.0;0.0;0.0;0.0
2030-07-17 05:00:00;437.4416304494014;1040.4688132120662;0.0;210.02100210021004;0.0;0.0;0.0;0.0
2030-07-17 06:00:00;437.5721635307394;1040.4688132120662;0.0;210.02100210021004;0.0;0.0;0.0;0.0
2030-07-17 07:00:00;439.4931008204207;1040.4688132120662;0.0;210.02100210021004;0.0;0.0;0.0;0.0
2030-07-17 08:00:00;439.6011715433212;1040.4688132120662;0.0;210.02100210021004;0.0;0.0;0.0;0.0
2030-07-17 09:00:00;439.5588463322057;1040.4688132120662;0.0;210.02100210021004;0.0;0.0;0.0;0.0
2030-07-17 10:00:00;439.0569173161203;1040.4688132120662;0.0;210.02100210021004;0.0;0.0;0.0;0.0
2030-07-17 11:00:00;438.9219262495328;1040.4688132120662;0.0;210.02100210021004;0.0;0.0;0.0;0.0
2030-07-17 12:00:00;438.4168825273455;1040.4688132120662;0.0;210.02100210021004;0.0;0.0;0.0;0.0
2030-07-17 13:00:00;438.2760688261476;1040.4688132120662;0.0;210.02100210021004;0.0;0.0;0.0;0.0
2030-07-17 14:00:00;438.3853290738262;1040.4688132120662;0.0;210.02100210021004;0.0;0.0;0.0;0.0
2030-07-17 15:00:00;438.7644178318165;1040.4688132120662;0.0;210.02100210021004;0.0;0.0;0.0;0.0
2030-07-17 16:00:00;438.0086404209759;1040.4688132120662;0.0;210.02100210021004;0.0;0.0;0.0;0.0
2030-07-17 17:00:00;439.5944313040463;1040.4688132120662;0.0;210.02100210021004;0.0;0.0;0.0;0.0
2030-07-17 18:00:00;440.1757526184691;1040.4688132120662;0.0;210.02100210021004;0.0;0.0;0.0;0.0
2030-07-17 19:00:00;438.4733497119682;1040.4688132120662;0.0;210.02100210021004;0.0;0.0;0.0;0.0
2030-07-17 20:00:00;438.4314326485328;1040.4688132120662;0.0;210.02100210021004;0.0;0.0;0.0;0.0
2030-07-17 21:00:00;439.1449355991836;1040.4688132120662;0.0;210.02100210021004;0.0;0.0;0.0;0.0
2030-07-17 22:00:00;438.799902094251;1040.4688132120662;0.0;210.02100210021004;0.0;0.0;0.0;0.0
2030-07-17 23:00:00;439.2167206119601;1040.4688132120662;0.0;210.02100210021004;0.0;0.0;0.0;0.0
2030-07-18 00:00:00;439.259914046901;1040.4688132120662;0.0;210.02100210021004;0.0;0.0;0.0;0.0
2030-07-18 01:00:00;437.7909895195307;1040.4688132120662;0.0;210.02100210021004;0.0;0.0;0.0;0.0
2030-07-18 02:00:00;437.8890675068541;1040.4688132120662;0.0;210.02100210021004;0.0;0.0;0.0;0.0
2030-07-18 03:00:00;437.5724196433343;1040.4688132120662;0.0;210.02100210021004;0.0;0.0;0.0;0.0
2030-07-18 04:00:00;437.4325398452811;1040.4688132120662;0.0;210.02100210021004;0.0;0.0;0.0;0.0
2030-07-18 05:00:00;437.4374325214624;1040.4688132120662;0.0;210.02100210021004;0.0;0.0;0.0;0.0
2030-07-18 06:00:00;437.7703730519012;1040.4688132120662;0.0;210.02100210021004;0.0;0.0;0.0;0.0
2030-07-18 07:00:00;438.7848399684533;1040.4688132120662;0.0;210.02100210021004;0.0;0.0;0.0;0.0
2030-07-18 08:00:00;439.3092340221081;1040.4688132120662;0.0;210.02100210021004;0.0;0.0;0.0;0.0
2030-07-18 09:00:00;438.8184351453658;1040.4688132120662;0.0;210.02100210021004;0.0;0.0;0.0;0.0
2030-07-18 10:00:00;437.6667192670666;1040.4688132120662;0.0;210.02100210021004;0.0;0.0;0.0;0.0
2030-07-18 11:00:00;437.5878887392728;1040.4688132120662;0.0;210.02100210021004;0.0;0.0;0.0;0.0
2030-07-18 12:00:00;437.8424981499948;1040.4688132120662;0.0;210.02100210021004;0.0;0.0;0.0;0.0
2030-07-18 13:00:00;438.1935134258613;1040.4688132120662;0.0;210.02100210021004;0.0;0.0;0.0;0.0
2030-07-18 14:00:00;438.0076691326656;1040.4688132120662;0.0;210.02100210021004;0.0;0.0;0.0;0.0
2030-07-18 15:00:00;437.7950743364036;1040.4688132120662;0.0;210.02100210021004;0.0;0.0;0.0;0.0
2030-07-18 16:00:00;437.8703806403287;1040.4688132120662;0.0;210.02100210021004;0.0;0.0;0.0;0.0
2030-07-18 17:00:00;438.2450275697857;1040.4688132120662;0.0;210.02100210021004;0.0;0.0;0.0;0.0
2030-07-18 18:00:00;438.6540350280429;1040.4688132120662;0.0;210.02100210021004;0.0;0.0;0.0;0.0
2030-07-18 19:00:00;438.9558265096405;1040.4688132120662;0.0;210.02100210021004;0.0;0.0;0.0;0.0
2030-07-18 20:00:00;438.6467353733032;1040.4688132120662;0.0;210.02100210021004;0.0;0.0;0.0;0.0
2030-07-18 21:00:00;438.6386676265028;1040.4688132120662;0.0;210.02100210021004;0.0;0.0;0.0;0.0
2030-07-18 22:00:00;438.2594771741141;1040.4688132120662;0.0;210.02100210021004;0.0;0.0;0.0;0.0
2030-07-18 23:00:00;437.7029688813886;1040.4688132120662;0.0;210.02100210021004;0.0;0.0;0.0;0.0
2030-07-19 00:00:00;438.0271734720907;1040.4688132120662;0.0;210.02100210021004;0.0;0.0;0.0;0.0
2030-07-19 01:00:00;437.818406227712;1040.4688132120662;0.0;210.02100210021004;0.0;0.0;0.0;0.0
2030-07-19 02:00:00;438.1382693141927;1040.4688132120662;0.0;210.02100210021004;0.0;0.0;0.0;0.0
2030-07-19 03:00:00;438.0694986832062;1040.4688132120662;0.0;210.02100210021004;0.0;0.0;0.0;0.0
2030-07-19 04:00:00;438.0773603010367;1040.4688132120662;0.0;210.02100210021004;0.0;0.0;0.0;0.0
2030-07-19 05:00:00;438.4416436205777;1040.4688132120662;0.0;210.02100210021004;0.0;0.0;0.0;0.0
2030-07-19 06:00:00;439.5486341826214;1040.4688132120662;0.0;210.02100210021004;0.0;0.0;0.0;0.0
2030-07-19 07:00:00;439.6917946904078;1040.4688132120662;0.0;210.02100210021004;0.0;0.0;0.0;0.0
2030-07-19 08:00:00;439.9829149312683;1040.4688132120662;0.0;210.02100210021004;0.0;0.0;0.0;0.0
2030-07-19 09:00:00;439.6580978190968;1040.4688132120662;0.0;210.02100210021004;0.0;0.0;0.0;0.0
2030-07-19 10:00:00;439.4335030970328;1040.4688132120662;0.0;210.02100210021004;0.0;0.0;0.0;0.0
2030-07-19 11:00:00;439.5388832867218;1040.4688132120662;0.0;210.02100210021004;0.0;0.0;0.0;0.0
2030-07-19 12:00:00;440.0558746211519;1040.4688132120662;0.0;210.02100210021004;0.0;0.0;0.0;0.0
2030-07-19 13:00:00;439.529335779619;1040.4688132120662;0.0;210.02100210021004;0.0;0.0;0.0;0.0
2030-07-19 14:00:00;438.9754821168503;1040.4688132120662;0.0;210.02100210021004;0.0;0.0;0.0;0.0
2030-07-19 15:00:00;438.816239606562;1040.4688132120662;0.0;210.02100210021004;0.0;0.0;0.0;0.0
2030-07-19 16:00:00;438.9871232758114;1040.4688132120662;0.0;210.02100210021004;0.0;0.0;0.0;0.0
2030-07-19 17:00:00;439.0541588292335;1040.4688132120662;0.0;210.02100210021004;0.0;0.0;0.0;0.0
2030-07-19 18:00:00;439.7834398767303;1040.4688132120662;0.0;210.02100210021004;0.0;0.0;0.0;0.0
2030-07-19 19:00:00;439.2061012996879;1040.4688132120662;0.0;210.02100210021004;0.0;0.0;0.0;0.0
2030-07-19 20:00:00;439.0465525286649;1040.4688132120662;0.0;210.02100210021004;0.0;0.0;0.0;0.0
2030-07-19 21:00:00;438.926112568257;1040.4688132120662;0.0;210.02100210021004;0.0;0.0;0.0;0.0
2030-07-19 22:00:00;438.5953723046164;1040.4688132120662;0.0;210.02100210021004;0.0;0.0;0.0;0.0
2030-07-19 23:00:00;438.4312786405752;1040.4688132120662;0.0;210.02100210021004;0.0;0.0;0.0;0.0
2030-07-20 00:00:00;438.3613854534937;1040.4688132120662;0.0;210.02100210021004;0.0;0.0;0.0;0.0
2030-07-20 01:00:00;437.4017577879872;1040.4688132120662;0.0;210.02100210021004;0.0;0.0;0.0;0.0
2030-07-20 02:00:00;437.3853888128737;1040.4688132120662;0.0;210.02100210021004;0.0;0.0;0.0;0.0
2030-07-20 03:00:00;437.3952295095879;1040.4688132120662;0.0;210.02100210021004;0.0;0.0;0.0;0.0
2030-07-20 04:00:00;437.3791949556622;1040.4688132120662;0.0;210.02100210021004;0.0;0.0;0.0;0.0
2030-07-20 05:00:00;437.3598444508035;1040.4688132120662;0.0;210.02100210021004;0.0;0.0;0.0;0.0
2030-07-20 06:00:00;437.3974585916604;1040.4688132120662;0.0;210.02100210021004;0.0;0.0;0.0;0.0
2030-07-20 07:00:00;437.3983546991391;1040.4688132120662;0.0;210.02100210021004;0.0;0.0;0.0;0.0
2030-07-20 08:00:00;437.4252814924575;1040.4688132120662;0.0;210.02100210021004;0.0;0.0;0.0;0.0
2030-07-20 09:00:00;437.4269606636332;1040.4688132120662;0.0;210.02100210021004;0.0;0.0;0.0;0.0
2030-07-20 10:00:00;437.4234869224214;1040.4688132120662;0.0;210.02100210021004;0.0;0.0;0.0;0.0
2030-07-20 11:00:00;437.4196257707491;1040.4688132120662;0.0;210.02100210021004;0.0;0.0;0.0;0.0
2030-07-20 12:00:00;437.4156503977555;1040.4688132120662;0.0;210.02100210021004;0.0;0.0;0.0;0.0
2030-07-20 13:00:00;437.3762864333595;1040.4688132120662;0.0;210.02100210021004;0.0;0.0;0.0;0.0
2030-07-20 14:00:00;437.379547039941;1040.4688132120662;0.0;210.02100210021004;0.0;0.0;0.0;0.0
2030-07-20 15:00:00;437.4275729841179;1040.4688132120662;0.0;210.02100210021004;0.0;0.0;0.0;0.0
2030-07-20 16:00:00;437.4377316164685;1040.4688132120662;0.0;210.02100210021004;0.0;0.0;0.0;0.0
2030-07-20 17:00:00;437.4263106618878;1040.4688132120662;0.0;210.02100210021004;0.0;0.0;0.0;0.0
2030-07-20 18:00:00;437.4233573930881;1040.4688132120662;0.0;210.02100210021004;0.0;0.0;0.0;0.0
2030-07-20 19:00:00;437.4180066540825;1040.4688132120662;0.0;210.02100210021004;0.0;0.0;0.0;0.0
2030-07-20 20:00:00;437.4151746718404;1040.4688132120662;0.0;210.02100210021004;0.0;0.0;0.0;0.0
2030-07-20 21:00:00;437.4104056372954;1040.4688132120662;0.0;210.02100210021004;0.0;0.0;0.0;0.0
2030-07-20 22:00:00;437.4089560863017;1040.4688132120662;0.0;210.02100210021004;0.0;0.0;0.0;0.0
2030-07-20 23:00:00;437.4056436679869;1040.4688132120662;0.0;210.02100210021004;0.0;0.0;0.0;0.0
2030-07-21 00:00:00;437.4103608907985;1040.4688132120662;0.0;210.02100210021004;0.0;0.0;0.0;0.0
2030-07-21 01:00:00;437.3699500938814;1040.4688132120662;0.0;210.02100210021004;0.0;0.0;0.0;0.0
2030-07-21 02:00:00;437.3596701749733;1040.4688132120662;0.0;210.02100210021004;0.0;0.0;0.0;0.0
2030-07-21 03:00:00;437.3334263545032;1040.4688132120662;0.0;210.02100210021004;0.0;0.0;0.0;0.0
2030-07-21 04:00:00;437.3024299850396;1040.4688132120662;0.0;210.02100210021004;0.0;0.0;0.0;0.0
2030-07-21 05:00:00;437.3049934882999;1040.4688132120662;0.0;210.02100210021004;0.0;0.0;0.0;0.0
2030-07-21 06:00:00;437.3012218296216;1040.4688132120662;0.0;210.02100210021004;0.0;0.0;0.0;0.0
2030-07-21 07:00:00;437.3087592592814;1040.4688132120662;0.0;210.02100210021004;0.0;0.0;0.0;0.0
2030-07-21 08:00:00;437.3559350200161;1040.4688132120662;0.0;210.02100210021004;0.0;0.0;0.0;0.0
2030-07-21 09:00:00;437.3196844697773;1040.4688132120662;0.0;210.02100210021004;0.0;0.0;0.0;0.0
2030-07-21 10:00:00;437.3067574423119;1040.4688132120662;0.0;210.02100210021004;0.0;0.0;0.0;0.0
2030-07-21 11:00:00;437.2956214522645;1040.4688132120662;0.0;210.02100210021004;0.0;0.0;0.0;0.0
2030-07-21 12:00:00;437.2883265957198;1040.4688132120662;0.0;210.02100210021004;0.0;0.0;0.0;0.0
2030-07-21 13:00:00;437.2695354220732;1040.4688132120662;0.0;210.02100210021004;0.0;0.0;0.0;0.0
2030-07-21 14:00:00;437.2706399540247;1040.4688132120662;0.0;210.02100210021004;0.0;0.0;0.0;0.0
2030-07-21 15:00:00;437.265013670801;1040.4688132120662;0.0;210.02100210021004;0.0;0.0;0.0;0.0
2030-07-21 16:00:00;437.2921606639861;1040.4688132120662;0.0;210.02100210021004;0.0;0.0;0.0;0.0
2030-07-21 17:00:00;437.3252071295343;1040.4688132120662;0.0;210.02100210021004;0.0;0.0;0.0;0.0
2030-07-21 18:00:00;507.4642393343551;1040.4688132120662;0.0;210.02100210021004;0.0;0.0;0.0;0.0
2030-07-21 19:00:00;507.9465634941562;1040.4688132120662;0.0;210.02100210021004;0.0;0.0;0.0;0.0
2030-07-21 20:00:00;508.6955510923357;1040.4688132120662;0.0;210.02100210021004;0.0;0.0;0.0;0.0
2030-07-21 21:00:00;508.0718548008641;1040.4688132120662;0.0;210.02100210021004;0.0;0.0;0.0;0.0
2030-07-21 22:00:00;508.1048360862207;1040.4688132120662;0.0;210.02100210021004;0.0;0.0;0.0;0.0
2030-07-21 23:00:00;507.7776719749138;1040.4688132120662;0.0;210.02100210021004;0.0;0.0;0.0;0.0
2030-07-22 00:00:00;507.7794072450252;1040.4688132120662;0.0;210.02100210021004;0.0;0.0;0.0;0.0
2030-07-22 01:00:00;508.9987727608495;1040.4688132120662;0.0;210.02100210021004;0.0;0.0;0.0;0.0
2030-07-22 02:00:00;509.122378178285;1040.4688132120662;0.0;210.02100210021004;0.0;0.0;0.0;0.0
2030-07-22 03:00:00;507.6140372094785;1040.4688132120662;0.0;210.02100210021004;0.0;0.0;0.0;0.0
2030-07-22 04:00:00;507.3772419129885;1040.4688132120662;0.0;210.02100210021004;0.0;0.0;0.0;0.0
2030-07-22 05:00:00;507.7729732664851;1040.4688132120662;0.0;210.02100210021004;0.0;0.0;0.0;0.0
2030-07-22 06:00:00;508.8263572102855;1040.4688132120662;0.0;210.02100210021004;0.0;0.0;0.0;0.0
2030-07-22 07:00:00;508.7777008925676;1040.4688132120662;0.0;210.02100210021004;0.0;0.0;0.0;0.0
2030-07-22 08:00:00;508.4062689935245;1040.4688132120662;0.0;210.02100210021004;0.0;0.0;0.0;0.0
2030-07-22 09:00:00;466.7162899910959;1040.4688132120662;0.0;210.02100210021004;0.0;0.0;0.0;0.0
2030-07-22 10:00:00;437.398716203733;1040.4688132120662;0.0;210.02100210021004;0.0;0.0;0.0;0.0
2030-07-22 11:00:00;437.3869360996372;1040.4688132120662;0.0;210.02100210021004;0.0;0.0;0.0;0.0
2030-07-22 12:00:00;437.3868407189463;1040.4688132120662;0.0;210.02100210021004;0.0;0.0;0.0;0.0
2030-07-22 13:00:00;437.3739949416991;1040.4688132120662;0.0;210.02100210021004;0.0;0.0;0.0;0.0
2030-07-22 14:00:00;437.3735886906082;1040.4688132120662;0.0;210.02100210021004;0.0;0.0;0.0;0.0
2030-07-22 15:00:00;437.3785838127168;1040.4688132120662;0.0;210.02100210021004;0.0;0.0;0.0;0.0
2030-07-22 16:00:00;508.0595511619532;1040.4688132120662;0.0;210.02100210021004;0.0;0.0;0.0;0.0
2030-07-22 17:00:00;508.4434391452313;1040.4688132120662;0.0;210.02100210021004;0.0;0.0;0.0;0.0
2030-07-22 18:00:00;508.9596639502344;1040.4688132120662;0.0;210.02100210021004;0.0;0.0;0.0;0.0
2030-07-22 19:00:00;510.2567333274979;1040.4688132120662;0.0;210.02100210021004;0.0;0.0;0.0;0.0
2030-07-22 20:00:00;510.8865075708417;1040.4688132120662;0.0;210.02100210021004;0.0;0.0;0.0;0.0
2030-07-22 21:00:00;510.9305173011429;1040.4688132120662;0.0;210.02100210021004;0.0;0.0;0.0;0.0
2030-07-22 22:00:00;510.7610626412704;1040.4688132120662;0.0;210.02100210021004;0.0;0.0;0.0;0.0
2030-07-22 23:00:00;510.6360789653837;1040.4688132120662;0.0;210.02100210021004;0.0;0.0;0.0;0.0
2030-07-23 00:00:00;501.3200591268903;1040.4688132120662;0.0;210.02100210021004;0.0;0.0;0.0;0.0
2030-07-23 01:00:00;455.7673746910328;1040.4688132120662;0.0;210.02100210021004;0.0;0.0;0.0;0.0
2030-07-23 02:00:00;478.8209350499415;1040.4688132120662;0.0;210.02100210021004;0.0;0.0;0.0;0.0
2030-07-23 03:00:00;437.3928779634184;1040.4688132120662;0.0;210.02100210021004;0.0;0.0;0.0;0.0
2030-07-23 04:00:00;440.0055660012891;1040.4688132120662;0.0;210.02100210021004;0.0;0.0;0.0;0.0
2030-07-23 05:00:00;437.4002882188237;1040.4688132120662;0.0;210.02100210021004;0.0;0.0;0.0;0.0
2030-07-23 06:00:00;485.5586711024147;1040.4688132120662;0.0;210.02100210021004;0.0;0.0;0.0;0.0
2030-07-23 07:00:00;437.4226343839002;1040.4688132120662;0.0;210.02100210021004;0.0;0.0;0.0;0.0
2030-07-23 08:00:00;437.5912766455108;1040.4688132120662;0.0;210.02100210021004;0.0;0.0;0.0;0.0
2030-07-23 09:00:00;437.9830968362124;1040.4688132120662;0.0;210.02100210021004;0.0;0.0;0.0;0.0
2030-07-23 10:00:00;438.1125383027366;1040.4688132120662;0.0;210.02100210021004;0.0;0.0;0.0;0.0
2030-07-23 11:00:00;437.4334571484688;1040.4688132120662;0.0;210.02100210021004;0.0;0.0;0.0;0.0
2030-07-23 12:00:00;437.4231454359972;1040.4688132120662;0.0;210.02100210021004;0.0;0.0;0.0;0.0
2030-07-23 13:00:00;437.4233326647608;1040.4688132120662;0.0;210.02100210021004;0.0;0.0;0.0;0.0
2030-07-23 14:00:00;437.418217433634;1040.4688132120662;0.0;210.02100210021004;0.0;0.0;0.0;0.0
2030-07-23 15:00:00;437.3753655975535;1040.4688132120662;0.0;210.02100210021004;0.0;0.0;0.0;0.0
2030-07-23 16:00:00;437.4154808320828;1040.4688132120662;0.0;210.02100210021004;0.0;0.0;0.0;0.0
2030-07-23 17:00:00;437.4204465157065;1040.4688132120662;0.0;210.02100210021004;0.0;0.0;0.0;0.0
2030-07-23 18:00:00;437.4254828516939;1040.4688132120662;0.0;210.02100210021004;0.0;0.0;0.0;0.0
2030-07-23 19:00:00;437.4092127898895;1040.4688132120662;0.0;210.02100210021004;0.0;0.0;0.0;0.0
2030-07-23 20:00:00;437.4109166893924;1040.4688132120662;0.0;210.02100210021004;0.0;0.0;0.0;0.0
2030-07-23 21:00:00;437.4063878728837;1040.4688132120662;0.0;210.02100210021004;0.0;0.0;0.0;0.0
2030-07-23 22:00:00;437.4098027371258;1040.4688132120662;0.0;210.02100210021004;0.0;0.0;0.0;0.0
2030-07-23 23:00:00;437.3927425463881;1040.4688132120662;0.0;210.02100210021004;0.0;0.0;0.0;0.0
2030-07-24 00:00:00;437.3931758808851;1040.4688132120662;0.0;210.02100210021004;0.0;0.0;0.0;0.0
2030-07-24 01:00:00;437.4003635813449;1040.4688132120662;0.0;210.02100210021004;0.0;0.0;0.0;0.0
2030-07-24 02:00:00;437.4077985650775;1040.4688132120662;0.0;210.02100210021004;0.0;0.0;0.0;0.0
2030-07-24 03:00:00;437.437580891426;1040.4688132120662;0.0;210.02100210021004;0.0;0.0;0.0;0.0
2030-07-24 04:00:00;437.4269312251483;1040.4688132120662;0.0;210.02100210021004;0.0;0.0;0.0;0.0
2030-07-24 05:00:00;437.4269206272938;1040.4688132120662;0.0;210.02100210021004;0.0;0.0;0.0;0.0
2030-07-24 06:00:00;437.4141749408951;1040.4688132120662;0.0;210.02100210021004;0.0;0.0;0.0;0.0
2030-07-24 07:00:00;437.40404456949;1040.4688132120662;0.0;210.02100210021004;0.0;0.0;0.0;0.0
2030-07-24 08:00:00;437.3896938968975;1040.4688132120662;0.0;210.02100210021004;0.0;0.0;0.0;0.0
2030-07-24 09:00:00;437.3813828238559;1040.4688132120662;0.0;210.02100210021004;0.0;0.0;0.0;0.0
2030-07-24 10:00:00;437.3830042956012;1040.4688132120662;0.0;210.02100210021004;0.0;0.0;0.0;0.0
2030-07-24 11:00:00;437.3995298834541;1040.4688132120662;0.0;210.02100210021004;0.0;0.0;0.0;0.0
2030-07-24 12:00:00;437.3761027372141;1040.4688132120662;0.0;210.02100210021004;0.0;0.0;0.0;0.0
2030-07-24 13:00:00;437.3834753113588;1040.4688132120662;0.0;210.02100210021004;0.0;0.0;0.0;0.0
2030-07-24 14:00:00;437.3706377768873;1040.4688132120662;0.0;210.02100210021004;0.0;0.0;0.0;0.0
2030-07-24 15:00:00;437.3221102009286;1040.4688132120662;0.0;210.02100210021004;0.0;0.0;0.0;0.0
2030-07-24 16:00:00;437.3024299850396;1040.4688132120662;0.0;210.02100210021004;0.0;0.0;0.0;0.0
2030-07-24 17:00:00;437.3164898054018;1040.4688132120662;0.0;210.02100210021004;0.0;0.0;0.0;0.0
2030-07-24 18:00:00;505.7255877985244;1040.4688132120662;0.0;210.02100210021004;0.0;0.0;0.0;0.0
2030-07-24 19:00:00;505.9031078501184;1040.4688132120662;0.0;210.02100210021004;0.0;0.0;0.0;0.0
2030-07-24 20:00:00;506.1680875617561;1040.4688132120662;0.0;210.02100210021004;0.0;0.0;0.0;0.0
2030-07-24 21:00:00;506.5167479699481;1040.4688132120662;0.0;210.02100210021004;0.0;0.0;0.0;0.0
2030-07-24 22:00:00;506.9346392778188;1040.4688132120662;0.0;210.02100210021004;0.0;0.0;0.0;0.0
2030-07-24 23:00:00;506.9631277911695;1040.4688132120662;0.0;210.02100210021004;0.0;0.0;0.0;0.0
2030-07-25 00:00:00;507.4467780884096;1040.4688132120662;0.0;210.02100210021004;0.0;0.0;0.0;0.0
2030-07-25 01:00:00;507.4039430352155;1040.4688132120662;0.0;210.02100210021004;0.0;0.0;0.0;0.0
2030-07-25 02:00:00;507.6171009721077;1040.4688132120662;0.0;210.02100210021004;0.0;0.0;0.0;0.0
2030-07-25 03:00:00;507.6536572322587;1040.4688132120662;0.0;210.02100210021004;0.0;0.0;0.0;0.0
2030-07-25 04:00:00;507.6029082476747;1040.4688132120662;0.0;210.02100210021004;0.0;0.0;0.0;0.0
2030-07-25 05:00:00;508.7816317014829;1040.4688132120662;0.0;210.02100210021004;0.0;0.0;0.0;0.0
2030-07-25 06:00:00;508.9510356104298;1040.4688132120662;0.0;210.02100210021004;0.0;0.0;0.0;0.0
2030-07-25 07:00:00;508.8745544368504;1040.4688132120662;0.0;210.02100210021004;0.0;0.0;0.0;0.0
2030-07-25 08:00:00;508.4716733263123;1040.4688132120662;0.0;210.02100210021004;0.0;0.0;0.0;0.0
2030-07-25 09:00:00;508.2010757389477;1040.4688132120662;0.0;210.02100210021004;0.0;0.0;0.0;0.0
2030-07-25 10:00:00;437.395654601309;1040.4688132120662;0.0;210.02100210021004;0.0;0.0;0.0;0.0
2030-07-25 11:00:00;437.3712124161115;1040.4688132120662;0.0;210.02100210021004;0.0;0.0;0.0;0.0
2030-07-25 12:00:00;437.4086416832835;1040.4688132120662;0.0;210.02100210021004;0.0;0.0;0.0;0.0
2030-07-25 13:00:00;437.3950929150182;1040.4688132120662;0.0;210.02100210021004;0.0;0.0;0.0;0.0
2030-07-25 14:00:00;437.3399711184541;1040.4688132120662;0.0;210.02100210021004;0.0;0.0;0.0;0.0
2030-07-25 15:00:00;437.3517382696165;1040.4688132120662;0.0;210.02100210021004;0.0;0.0;0.0;0.0
2030-07-25 16:00:00;437.3575659120765;1040.4688132120662;0.0;210.02100210021004;0.0;0.0;0.0;0.0
2030-07-25 17:00:00;507.2940712510599;1040.4688132120662;0.0;210.02100210021004;0.0;0.0;0.0;0.0
2030-07-25 18:00:00;507.8753406370176;1040.4688132120662;0.0;210.02100210021004;0.0;0.0;0.0;0.0
2030-07-25 19:00:00;507.4326882359146;1040.4688132120662;0.0;210.02100210021004;0.0;0.0;0.0;0.0
2030-07-25 20:00:00;507.1716405107315;1040.4688132120662;0.0;210.02100210021004;0.0;0.0;0.0;0.0
2030-07-25 21:00:00;508.3785979530736;1040.4688132120662;0.0;210.02100210021004;0.0;0.0;0.0;0.0
2030-07-25 22:00:00;507.1698021761351;1040.4688132120662;0.0;210.02100210021004;0.0;0.0;0.0;0.0
2030-07-25 23:00:00;506.7807565858225;1040.4688132120662;0.0;210.02100210021004;0.0;0.0;0.0;0.0
2030-07-26 00:00:00;508.9351050682596;1040.4688132120662;0.0;210.02100210021004;0.0;0.0;0.0;0.0
2030-07-26 01:00:00;508.7832664547353;1040.4688132120662;0.0;210.02100210021004;0.0;0.0;0.0;0.0
2030-07-26 02:00:00;509.3681603888735;1040.4688132120662;0.0;210.02100210021004;0.0;0.0;0.0;0.0
2030-07-26 03:00:00;509.7314214766314;1040.4688132120662;0.0;210.02100210021004;0.0;0.0;0.0;0.0
2030-07-26 04:00:00;509.4459698624236;1040.4688132120662;0.0;210.02100210021004;0.0;0.0;0.0;0.0
2030-07-26 05:00:00;509.7846734382931;1040.4688132120662;0.0;210.02100210021004;0.0;0.0;0.0;0.0
2030-07-26 06:00:00;509.6545309778325;1040.4688132120662;0.0;210.02100210021004;0.0;0.0;0.0;0.0
2030-07-26 07:00:00;508.5317141156428;1040.4688132120662;0.0;210.02100210021004;0.0;0.0;0.0;0.0
2030-07-26 08:00:00;506.7494598196516;1040.4688132120662;0.0;210.02100210021004;0.0;0.0;0.0;0.0
2030-07-26 09:00:00;506.9889109236378;1040.4688132120662;0.0;210.02100210021004;0.0;0.0;0.0;0.0
2030-07-26 10:00:00;437.3799085445348;1040.4688132120662;0.0;210.02100210021004;0.0;0.0;0.0;0.0
2030-07-26 11:00:00;437.3621194569124;1040.4688132120662;0.0;210.02100210021004;0.0;0.0;0.0;0.0
2030-07-26 12:00:00;437.2996050680339;1040.4688132120662;0.0;210.02100210021004;0.0;0.0;0.0;0.0
2030-07-26 13:00:00;437.303008156882;1040.4688132120662;0.0;210.02100210021004;0.0;0.0;0.0;0.0
2030-07-26 14:00:00;437.3038500975485;1040.4688132120662;0.0;210.02100210021004;0.0;0.0;0.0;0.0
2030-07-26 15:00:00;437.3167688822382;1040.4688132120662;0.0;210.02100210021004;0.0;0.0;0.0;0.0
2030-07-26 16:00:00;437.3307450973034;1040.4688132120662;0.0;210.02100210021004;0.0;0.0;0.0;0.0
2030-07-26 17:00:00;506.7973494153954;1040.4688132120662;0.0;210.02100210021004;0.0;0.0;0.0;0.0
2030-07-26 18:00:00;506.5271625233369;1040.4688132120662;0.0;210.02100210021004;0.0;0.0;0.0;0.0
2030-07-26 19:00:00;506.044839348528;1040.4688132120662;0.0;210.02100210021004;0.0;0.0;0.0;0.0
2030-07-26 20:00:00;507.0565601760686;1040.4688132120662;0.0;210.02100210021004;0.0;0.0;0.0;0.0
2030-07-26 21:00:00;507.5850897975219;1040.4688132120662;0.0;210.02100210021004;0.0;0.0;0.0;0.0
2030-07-26 22:00:00;507.9143985041599;1040.4688132120662;0.0;210.02100210021004;0.0;0.0;0.0;0.0
2030-07-26 23:00:00;508.3987138289757;1040.4688132120662;0.0;210.02100210021004;0.0;0.0;0.0;0.0
2030-07-27 00:00:00;510.0666021987188;1040.4688132120662;0.0;210.02100210021004;0.0;0.0;0.0;0.0
2030-07-27 01:00:00;509.5722806607415;1040.4688132120662;0.0;210.02100210021004;0.0;0.0;0.0;0.0
2030-07-27 02:00:00;510.2829779061979;1040.4688132120662;0.0;210.02100210021004;0.0;0.0;0.0;0.0
2030-07-27 03:00:00;510.2816494136802;1040.4688132120662;0.0;210.02100210021004;0.0;0.0;0.0;0.0
2030-07-27 04:00:00;510.1585550158625;1040.4688132120662;0.0;210.02100210021004;0.0;0.0;0.0;0.0
2030-07-27 05:00:00;510.1401224816068;1040.4688132120662;0.0;210.02100210021004;0.0;0.0;0.0;0.0
2030-07-27 06:00:00;510.6302069499342;1040.4688132120662;0.0;210.02100210021004;0.0;0.0;0.0;0.0
2030-07-27 07:00:00;511.4041104417488;1040.4688132120662;0.0;210.02100210021004;0.0;0.0;0.0;0.0
2030-07-27 08:00:00;511.184927658989;1040.4688132120662;0.0;210.02100210021004;0.0;0.0;0.0;0.0
2030-07-27 09:00:00;438.4740652979224;1040.4688132120662;0.0;210.02100210021004;0.0;0.0;0.0;0.0
2030-07-27 10:00:00;438.1596627391399;1040.4688132120662;0.0;210.02100210021004;0.0;0.0;0.0;0.0
2030-07-27 11:00:00;437.9713697524101;1040.4688132120662;0.0;210.02100210021004;0.0;0.0;0.0;0.0
2030-07-27 12:00:00;437.8116671659765;1040.4688132120662;0.0;210.02100210021004;0.0;0.0;0.0;0.0
2030-07-27 13:00:00;437.4342378570869;1040.4688132120662;0.0;210.02100210021004;0.0;0.0;0.0;0.0
2030-07-27 14:00:00;437.428237116336;1040.4688132120662;0.0;210.02100210021004;0.0;0.0;0.0;0.0
2030-07-27 15:00:00;437.4456281956434;1040.4688132120662;0.0;210.02100210021004;0.0;0.0;0.0;0.0
2030-07-27 16:00:00;437.4096543671621;1040.4688132120662;0.0;210.02100210021004;0.0;0.0;0.0;0.0
2030-07-27 17:00:00;509.7599111675215;1040.4688132120662;0.0;210.02100210021004;0.0;0.0;0.0;0.0
2030-07-27 18:00:00;510.6261744466206;1040.4688132120662;0.0;210.02100210021004;0.0;0.0;0.0;0.0
2030-07-27 19:00:00;510.5473946697525;1040.4688132120662;0.0;210.02100210021004;0.0;0.0;0.0;0.0
2030-07-27 20:00:00;510.5318734528018;1040.4688132120662;0.0;210.02100210021004;0.0;0.0;0.0;0.0
2030-07-27 21:00:00;510.6344961405963;1040.4688132120662;0.0;210.02100210021004;0.0;0.0;0.0;0.0
2030-07-27 22:00:00;511.0047012415201;1040.4688132120662;0.0;210.02100210021004;0.0;0.0;0.0;0.0
2030-07-27 23:00:00;510.6486392916429;1040.4688132120662;0.0;210.02100210021004;0.0;0.0;0.0;0.0
2030-07-28 00:00:00;507.9844468767384;1040.4688132120662;0.0;210.02100210021004;0.0;0.0;0.0;0.0
2030-07-28 01:00:00;506.5999682052629;1040.4688132120662;0.0;210.02100210021004;0.0;0.0;0.0;0.0
2030-07-28 02:00:00;506.564790203563;1040.4688132120662;0.0;210.02100210021004;0.0;0.0;0.0;0.0
2030-07-28 03:00:00;506.3540323718109;1040.4688132120662;0.0;210.02100210021004;0.0;0.0;0.0;0.0
2030-07-28 04:00:00;506.4444011866279;1040.4688132120662;0.0;210.02100210021004;0.0;0.0;0.0;0.0
2030-07-28 05:00:00;506.3929887371019;1040.4688132120662;0.0;210.02100210021004;0.0;0.0;0.0;0.0
2030-07-28 06:00:00;506.6673609628925;1040.4688132120662;0.0;210.02100210021004;0.0;0.0;0.0;0.0
2030-07-28 07:00:00;507.1927261123104;1040.4688132120662;0.0;210.02100210021004;0.0;0.0;0.0;0.0
2030-07-28 08:00:00;507.1668412854438;1040.4688132120662;0.0;210.02100210021004;0.0;0.0;0.0;0.0
2030-07-28 09:00:00;507.4190053535603;1040.4688132120662;0.0;210.02100210021004;0.0;0.0;0.0;0.0
2030-07-28 10:00:00;437.355414547604;1040.4688132120662;0.0;210.02100210021004;0.0;0.0;0.0;0.0
2030-07-28 11:00:00;437.3994180172117;1040.4688132120662;0.0;210.02100210021004;0.0;0.0;0.0;0.0
2030-07-28 12:00:00;437.3898858358187;1040.4688132120662;0.0;210.02100210021004;0.0;0.0;0.0;0.0
2030-07-28 13:00:00;437.3878510477462;1040.4688132120662;0.0;210.02100210021004;0.0;0.0;0.0;0.0
2030-07-28 14:00:00;437.4062383253807;1040.4688132120662;0.0;210.02100210021004;0.0;0.0;0.0;0.0
2030-07-28 15:00:00;437.4313210920085;1040.4688132120662;0.0;210.02100210021004;0.0;0.0;0.0;0.0
2030-07-28 16:00:00;437.4614307743085;1040.4688132120662;0.0;210.02100210021004;0.0;0.0;0.0;0.0
2030-07-28 17:00:00;511.4029357646416;1040.4688132120662;0.0;210.02100210021004;0.0;0.0;0.0;0.0
2030-07-28 18:00:00;511.0979811810951;1040.4688132120662;0.0;210.02100210021004;0.0;0.0;0.0;0.0
2030-07-28 19:00:00;511.0553992826312;1040.4688132120662;0.0;210.02100210021004;0.0;0.0;0.0;0.0
2030-07-28 20:00:00;510.7263956591885;1040.4688132120662;0.0;210.02100210021004;0.0;0.0;0.0;0.0
2030-07-28 21:00:00;510.8323376194211;1040.4688132120662;0.0;210.02100210021004;0.0;0.0;0.0;0.0
2030-07-28 22:00:00;510.763105542203;1040.4688132120662;0.0;210.02100210021004;0.0;0.0;0.0;0.0
2030-07-28 23:00:00;510.8457142410408;1040.4688132120662;0.0;210.02100210021004;0.0;0.0;0.0;0.0
2030-07-29 00:00:00;510.2440724843797;1040.4688132120662;0.0;210.02100210021004;0.0;0.0;0.0;0.0
2030-07-29 01:00:00;511.7423551190125;1040.4688132120662;0.0;210.02100210021004;0.0;0.0;0.0;0.0
2030-07-29 02:00:00;512.121648443339;1040.4688132120662;0.0;210.02100210021004;0.0;0.0;0.0;0.0
2030-07-29 03:00:00;511.858967142443;1040.4688132120662;0.0;210.02100210021004;0.0;0.0;0.0;0.0
2030-07-29 04:00:00;511.9785388790255;1040.4688132120662;0.0;210.02100210021004;0.0;0.0;0.0;0.0
2030-07-29 05:00:00;512.2779300629361;1040.4688132120662;0.0;210.02100210021004;0.0;0.0;0.0;0.0
2030-07-29 06:00:00;511.2944929898628;1040.4688132120662;0.0;210.02100210021004;0.0;0.0;0.0;0.0
2030-07-29 07:00:00;511.8435476198908;1040.4688132120662;0.0;210.02100210021004;0.0;0.0;0.0;0.0
2030-07-29 08:00:00;511.786772804447;1040.4688132120662;0.0;210.02100210021004;0.0;0.0;0.0;0.0
2030-07-29 09:00:00;511.7007964373241;1040.4688132120662;0.0;210.02100210021004;0.0;0.0;0.0;0.0
2030-07-29 10:00:00;511.9564322232029;1040.4688132120662;0.0;210.02100210021004;0.0;0.0;0.0;0.0
2030-07-29 11:00:00;439.4392722405444;1040.4688132120662;0.0;210.02100210021004;0.0;0.0;0.0;0.0
2030-07-29 12:00:00;438.9449507025671;1040.4688132120662;0.0;210.02100210021004;0.0;0.0;0.0;0.0
2030-07-29 13:00:00;438.8155251981472;1040.4688132120662;0.0;210.02100210021004;0.0;0.0;0.0;0.0
2030-07-29 14:00:00;438.4378652569866;1040.4688132120662;0.0;210.02100210021004;0.0;0.0;0.0;0.0
2030-07-29 15:00:00;438.2885795790206;1040.4688132120662;0.0;210.02100210021004;0.0;0.0;0.0;0.0
2030-07-29 16:00:00;511.1172286406247;1040.4688132120662;0.0;210.02100210021004;0.0;0.0;0.0;0.0
2030-07-29 17:00:00;511.3964533902545;1040.4688132120662;0.0;210.02100210021004;0.0;0.0;0.0;0.0
2030-07-29 18:00:00;511.3889971799313;1040.4688132120662;0.0;210.02100210021004;0.0;0.0;0.0;0.0
2030-07-29 19:00:00;510.9814720296024;1040.4688132120662;0.0;210.02100210021004;0.0;0.0;0.0;0.0
2030-07-29 20:00:00;511.0999707834762;1040.4688132120662;0.0;210.02100210021004;0.0;0.0;0.0;0.0
2030-07-29 21:00:00;510.8822691311053;1040.4688132120662;0.0;210.02100210021004;0.0;0.0;0.0;0.0
2030-07-29 22:00:00;510.6543563141424;1040.4688132120662;0.0;210.02100210021004;0.0;0.0;0.0;0.0
2030-07-29 23:00:00;511.1104386354165;1040.4688132120662;0.0;210.02100210021004;0.0;0.0;0.0;0.0
2030-07-30 00:00:00;510.8258019464825;1040.4688132120662;0.0;210.02100210021004;0.0;0.0;0.0;0.0
2030-07-30 01:00:00;510.6218862409508;1040.4688132120662;0.0;210.02100210021004;0.0;0.0;0.0;0.0
2030-07-30 02:00:00;510.5371836977076;1040.4688132120662;0.0;210.02100210021004;0.0;0.0;0.0;0.0
2030-07-30 03:00:00;510.6734513283479;1040.4688132120662;0.0;210.02100210021004;0.0;0.0;0.0;0.0
2030-07-30 04:00:00;484.3084257871946;1040.4688132120662;0.0;210.02100210021004;0.0;0.0;0.0;0.0
2030-07-30 05:00:00;472.1651184404619;1040.4688132120662;0.0;210.02100210021004;0.0;0.0;0.0;0.0
2030-07-30 06:00:00;492.418243182947;1040.4688132120662;0.0;210.02100210021004;0.0;0.0;0.0;0.0
2030-07-30 07:00:00;438.217509167206;1040.4688132120662;0.0;210.02100210021004;0.0;0.0;0.0;0.0
2030-07-30 08:00:00;438.0405499011632;1040.4688132120662;0.0;210.02100210021004;0.0;0.0;0.0;0.0
2030-07-30 09:00:00;437.7029688813886;1040.4688132120662;0.0;210.02100210021004;0.0;0.0;0.0;0.0
2030-07-30 10:00:00;437.4293922824814;1040.4688132120662;0.0;210.02100210021004;0.0;0.0;0.0;0.0
2030-07-30 11:00:00;437.4090691300835;1040.4688132120662;0.0;210.02100210021004;0.0;0.0;0.0;0.0
2030-07-30 12:00:00;437.3938482558789;1040.4688132120662;0.0;210.02100210021004;0.0;0.0;0.0;0.0
2030-07-30 13:00:00;437.3856537592374;1040.4688132120662;0.0;210.02100210021004;0.0;0.0;0.0;0.0
2030-07-30 14:00:00;437.3922291392124;1040.4688132120662;0.0;210.02100210021004;0.0;0.0;0.0;0.0
2030-07-30 15:00:00;437.4087076254896;1040.4688132120662;0.0;210.02100210021004;0.0;0.0;0.0;0.0
2030-07-30 16:00:00;437.3948656499152;1040.4688132120662;0.0;210.02100210021004;0.0;0.0;0.0;0.0
2030-07-30 17:00:00;437.4129137962043;1040.4688132120662;0.0;210.02100210021004;0.0;0.0;0.0;0.0
2030-07-30 18:00:00;437.4189345551249;1040.4688132120662;0.0;210.02100210021004;0.0;0.0;0.0;0.0
2030-07-30 19:00:00;437.4179183386281;1040.4688132120662;0.0;210.02100210021004;0.0;0.0;0.0;0.0
2030-07-30 20:00:00;437.4185624526764;1040.4688132120662;0.0;210.02100210021004;0.0;0.0;0.0;0.0
2030-07-30 21:00:00;437.432856603378;1040.4688132120662;0.0;210.02100210021004;0.0;0.0;0.0;0.0
2030-07-30 22:00:00;437.43114328356;1040.4688132120662;0.0;210.02100210021004;0.0;0.0;0.0;0.0
2030-07-30 23:00:00;437.428243004033;1040.4688132120662;0.0;210.02100210021004;0.0;0.0;0.0;0.0
2030-07-31 00:00:00;437.4269335802271;1040.4688132120662;0.0;210.02100210021004;0.0;0.0;0.0;0.0
2030-07-31 01:00:00;437.4309866708206;1040.4688132120662;0.0;210.02100210021004;0.0;0.0;0.0;0.0
2030-07-31 02:00:00;437.4293392932087;1040.4688132120662;0.0;210.02100210021004;0.0;0.0;0.0;0.0
2030-07-31 03:00:00;437.4238813981183;1040.4688132120662;0.0;210.02100210021004;0.0;0.0;0.0;0.0
2030-07-31 04:00:00;437.4227332972093;1040.4688132120662;0.0;210.02100210021004;0.0;0.0;0.0;0.0
2030-07-31 05:00:00;437.4264613869302;1040.4688132120662;0.0;210.02100210021004;0.0;0.0;0.0;0.0
2030-07-31 06:00:00;437.3844797524617;1040.4688132120662;0.0;210.02100210021004;0.0;0.0;0.0;0.0
2030-07-31 07:00:00;437.3993002632723;1040.4688132120662;0.0;210.02100210021004;0.0;0.0;0.0;0.0
2030-07-31 08:00:00;437.3866428923282;1040.4688132120662;0.0;210.02100210021004;0.0;0.0;0.0;0.0
2030-07-31 09:00:00;437.3913389194307;1040.4688132120662;0.0;210.02100210021004;0.0;0.0;0.0;0.0
2030-07-31 10:00:00;437.3861389054675;1040.4688132120662;0.0;210.02100210021004;0.0;0.0;0.0;0.0
2030-07-31 11:00:00;437.3985725439269;1040.4688132120662;0.0;210.02100210021004;0.0;0.0;0.0;0.0
2030-07-31 12:00:00;437.4073911364472;1040.4688132120662;0.0;210.02100210021004;0.0;0.0;0.0;0.0
2030-07-31 13:00:00;437.378204645032;1040.4688132120662;0.0;210.02100210021004;0.0;0.0;0.0;0.0
2030-07-31 14:00:00;437.3942050503152;1040.4688132120662;0.0;210.02100210021004;0.0;0.0;0.0;0.0
2030-07-31 15:00:00;437.3944323154183;1040.4688132120662;0.0;210.02100210021004;0.0;0.0;0.0;0.0
2030-07-31 16:00:00;437.4038856016718;1040.4688132120662;0.0;210.02100210021004;0.0;0.0;0.0;0.0
2030-07-31 17:00:00;437.3791843578077;1040.4688132120662;0.0;210.02100210021004;0.0;0.0;0.0;0.0
2030-07-31 18:00:00;437.4014634031388;1040.4688132120662;0.0;210.02100210021004;0.0;0.0;0.0;0.0
2030-07-31 19:00:00;437.3965354007756;1040.4688132120662;0.0;210.02100210021004;0.0;0.0;0.0;0.0
2030-07-31 20:00:00;508.3626687809898;1040.4688132120662;0.0;210.02100210021004;0.0;0.0;0.0;0.0
2030-07-31 21:00:00;508.240852034675;1040.4688132120662;0.0;210.02100210021004;0.0;0.0;0.0;0.0
2030-07-31 22:00:00;508.253766915058;1040.4688132120662;0.0;210.02100210021004;0.0;0.0;0.0;0.0
2030-07-31 23:00:00;508.1778972779558;1040.4688132120662;0.0;210.02100210021004;0.0;0.0;0.0;0.0
2030-08-01 00:00:00;507.9620339601812;1040.4688132120662;0.0;210.02100210021004;0.0;0.0;0.0;0.0
2030-08-01 01:00:00;507.865386352321;1040.4688132120662;0.0;210.02100210021004;0.0;0.0;0.0;0.0
2030-08-01 02:00:00;507.9303278687908;1040.4688132120662;0.0;210.02100210021004;0.0;0.0;0.0;0.0
2030-08-01 03:00:00;508.2588204726155;1040.4688132120662;0.0;210.02100210021004;0.0;0.0;0.0;0.0
2030-08-01 04:00:00;508.2431466177936;1040.4688132120662;0.0;210.02100210021004;0.0;0.0;0.0;0.0
2030-08-01 05:00:00;509.0486533290608;1040.4688132120662;0.0;210.02100210021004;0.0;0.0;0.0;0.0
2030-08-01 06:00:00;509.9804720161853;1040.4688132120662;0.0;210.02100210021004;0.0;0.0;0.0;0.0
2030-08-01 07:00:00;510.8122728795389;1040.4688132120662;0.0;210.02100210021004;0.0;0.0;0.0;0.0
2030-08-01 08:00:00;511.2110184222784;1040.4688132120662;0.0;210.02100210021004;0.0;0.0;0.0;0.0
2030-08-01 09:00:00;503.2401373667519;1040.4688132120662;0.0;210.02100210021004;0.0;0.0;0.0;0.0
2030-08-01 10:00:00;485.4799923066124;1040.4688132120662;0.0;210.02100210021004;0.0;0.0;0.0;0.0
2030-08-01 11:00:00;438.0980886984082;1040.4688132120662;0.0;210.02100210021004;0.0;0.0;0.0;0.0
2030-08-01 12:00:00;493.8615799535862;1040.4688132120662;0.0;210.02100210021004;0.0;0.0;0.0;0.0
2030-08-01 13:00:00;438.1125383027366;1040.4688132120662;0.0;210.02100210021004;0.0;0.0;0.0;0.0
2030-08-01 14:00:00;438.2752017798616;1040.4688132120662;0.0;210.02100210021004;0.0;0.0;0.0;0.0
2030-08-01 15:00:00;437.9295036324476;1040.4688132120662;0.0;210.02100210021004;0.0;0.0;0.0;0.0
2030-08-01 16:00:00;437.8681851015249;1040.4688132120662;0.0;210.02100210021004;0.0;0.0;0.0;0.0
2030-08-01 17:00:00;510.6487398085019;1040.4688132120662;0.0;210.02100210021004;0.0;0.0;0.0;0.0
2030-08-01 18:00:00;510.5602614492935;1040.4688132120662;0.0;210.02100210021004;0.0;0.0;0.0;0.0
2030-08-01 19:00:00;510.3061563671898;1040.4688132120662;0.0;210.02100210021004;0.0;0.0;0.0;0.0
2030-08-01 20:00:00;510.1128086453634;1040.4688132120662;0.0;210.02100210021004;0.0;0.0;0.0;0.0
2030-08-01 21:00:00;510.2488209587417;1040.4688132120662;0.0;210.02100210021004;0.0;0.0;0.0;0.0
2030-08-01 22:00:00;510.1761688996792;1040.4688132120662;0.0;210.02100210021004;0.0;0.0;0.0;0.0
2030-08-01 23:00:00;510.5577087062823;1040.4688132120662;0.0;210.02100210021004;0.0;0.0;0.0;0.0
2030-08-02 00:00:00;509.7690493494047;1040.4688132120662;0.0;210.02100210021004;0.0;0.0;0.0;0.0
2030-08-02 01:00:00;508.885683398654;1040.4688132120662;0.0;210.02100210021004;0.0;0.0;0.0;0.0
2030-08-02 02:00:00;508.8151761274697;1040.4688132120662;0.0;210.02100210021004;0.0;0.0;0.0;0.0
2030-08-02 03:00:00;509.0063281179453;1040.4688132120662;0.0;210.02100210021004;0.0;0.0;0.0;0.0
2030-08-02 04:00:00;508.8315643907064;1040.4688132120662;0.0;210.02100210021004;0.0;0.0;0.0;0.0
2030-08-02 05:00:00;509.0852601475904;1040.4688132120662;0.0;210.02100210021004;0.0;0.0;0.0;0.0
2030-08-02 06:00:00;508.996781788382;1040.4688132120662;0.0;210.02100210021004;0.0;0.0;0.0;0.0
2030-08-02 07:00:00;509.2121850300113;1040.4688132120662;0.0;210.02100210021004;0.0;0.0;0.0;0.0
2030-08-02 08:00:00;509.5739663574668;1040.4688132120662;0.0;210.02100210021004;0.0;0.0;0.0;0.0
2030-08-02 09:00:00;437.4305969052813;1040.4688132120662;0.0;210.02100210021004;0.0;0.0;0.0;0.0
2030-08-02 10:00:00;437.4348360470991;1040.4688132120662;0.0;210.02100210021004;0.0;0.0;0.0;0.0
2030-08-02 11:00:00;437.4359052528686;1040.4688132120662;0.0;210.02100210021004;0.0;0.0;0.0;0.0
2030-08-02 12:00:00;437.4309136633782;1040.4688132120662;0.0;210.02100210021004;0.0;0.0;0.0;0.0
2030-08-02 13:00:00;437.41639931281;1040.4688132120662;0.0;210.02100210021004;0.0;0.0;0.0;0.0
2030-08-02 14:00:00;437.4159165216585;1040.4688132120662;0.0;210.02100210021004;0.0;0.0;0.0;0.0
2030-08-02 15:00:00;437.4142503034162;1040.4688132120662;0.0;210.02100210021004;0.0;0.0;0.0;0.0
2030-08-02 16:00:00;437.4215357396458;1040.4688132120662;0.0;210.02100210021004;0.0;0.0;0.0;0.0
2030-08-02 17:00:00;437.4227050362639;1040.4688132120662;0.0;210.02100210021004;0.0;0.0;0.0;0.0
2030-08-02 18:00:00;509.5033040933323;1040.4688132120662;0.0;210.02100210021004;0.0;0.0;0.0;0.0
2030-08-02 19:00:00;509.0939901817934;1040.4688132120662;0.0;210.02100210021004;0.0;0.0;0.0;0.0
2030-08-02 20:00:00;509.0485006911896;1040.4688132120662;0.0;210.02100210021004;0.0;0.0;0.0;0.0
2030-08-02 21:00:00;508.8713368588107;1040.4688132120662;0.0;210.02100210021004;0.0;0.0;0.0;0.0
2030-08-02 22:00:00;508.0947268085743;1040.4688132120662;0.0;210.02100210021004;0.0;0.0;0.0;0.0
2030-08-02 23:00:00;507.7997276872637;1040.4688132120662;0.0;210.02100210021004;0.0;0.0;0.0;0.0
2030-08-03 00:00:00;507.1269659454017;1040.4688132120662;0.0;210.02100210021004;0.0;0.0;0.0;0.0
2030-08-03 01:00:00;506.5665775946867;1040.4688132120662;0.0;210.02100210021004;0.0;0.0;0.0;0.0
2030-08-03 02:00:00;507.4371810079206;1040.4688132120662;0.0;210.02100210021004;0.0;0.0;0.0;0.0
2030-08-03 03:00:00;507.5858042059368;1040.4688132120662;0.0;210.02100210021004;0.0;0.0;0.0;0.0
2030-08-03 04:00:00;506.757168992158;1040.4688132120662;0.0;210.02100210021004;0.0;0.0;0.0;0.0
2030-08-03 05:00:00;507.0540583765301;1040.4688132120662;0.0;210.02100210021004;0.0;0.0;0.0;0.0
2030-08-03 06:00:00;508.5106271439774;1040.4688132120662;0.0;210.02100210021004;0.0;0.0;0.0;0.0
2030-08-03 07:00:00;508.9703338208851;1040.4688132120662;0.0;210.02100210021004;0.0;0.0;0.0;0.0
2030-08-03 08:00:00;437.7104732950118;1040.4688132120662;0.0;210.02100210021004;0.0;0.0;0.0;0.0
2030-08-03 09:00:00;437.4209822961308;1040.4688132120662;0.0;210.02100210021004;0.0;0.0;0.0;0.0
2030-08-03 10:00:00;437.4270784175725;1040.4688132120662;0.0;210.02100210021004;0.0;0.0;0.0;0.0
2030-08-03 11:00:00;437.4149956858525;1040.4688132120662;0.0;210.02100210021004;0.0;0.0;0.0;0.0
2030-08-03 12:00:00;437.4262211688938;1040.4688132120662;0.0;210.02100210021004;0.0;0.0;0.0;0.0
2030-08-03 13:00:00;437.423668263488;1040.4688132120662;0.0;210.02100210021004;0.0;0.0;0.0;0.0
2030-08-03 14:00:00;437.4065244674534;1040.4688132120662;0.0;210.02100210021004;0.0;0.0;0.0;0.0
2030-08-03 15:00:00;437.4126865311013;1040.4688132120662;0.0;210.02100210021004;0.0;0.0;0.0;0.0
2030-08-03 16:00:00;437.4319204595599;1040.4688132120662;0.0;210.02100210021004;0.0;0.0;0.0;0.0
2030-08-03 17:00:00;437.4437335347587;1040.4688132120662;0.0;210.02100210021004;0.0;0.0;0.0;0.0
2030-08-03 18:00:00;510.8758363301044;1040.4688132120662;0.0;210.02100210021004;0.0;0.0;0.0;0.0
2030-08-03 19:00:00;510.592323567352;1040.4688132120662;0.0;210.02100210021004;0.0;0.0;0.0;0.0
2030-08-03 20:00:00;510.3594590797773;1040.4688132120662;0.0;210.02100210021004;0.0;0.0;0.0;0.0
2030-08-03 21:00:00;509.8191866049644;1040.4688132120662;0.0;210.02100210021004;0.0;0.0;0.0;0.0
2030-08-03 22:00:00;509.7552138291792;1040.4688132120662;0.0;210.02100210021004;0.0;0.0;0.0;0.0
2030-08-03 23:00:00;509.5053979377377;1040.4688132120662;0.0;210.02100210021004;0.0;0.0;0.0;0.0
2030-08-04 00:00:00;508.8903288085313;1040.4688132120662;0.0;210.02100210021004;0.0;0.0;0.0;0.0
2030-08-04 01:00:00;507.2165680382445;1040.4688132120662;0.0;210.02100210021004;0.0;0.0;0.0;0.0
2030-08-04 02:00:00;506.0422356620441;1040.4688132120662;0.0;210.02100210021004;0.0;0.0;0.0;0.0
2030-08-04 03:00:00;505.9161780184563;1040.4688132120662;0.0;210.02100210021004;0.0;0.0;0.0;0.0
2030-08-04 04:00:00;506.0071607248291;1040.4688132120662;0.0;210.02100210021004;0.0;0.0;0.0;0.0
2030-08-04 05:00:00;505.964426188494;1040.4688132120662;0.0;210.02100210021004;0.0;0.0;0.0;0.0
2030-08-04 06:00:00;506.2557509956907;1040.4688132120662;0.0;210.02100210021004;0.0;0.0;0.0;0.0
2030-08-04 07:00:00;437.3440536475324;1040.4688132120662;0.0;210.02100210021004;0.0;0.0;0.0;0.0
2030-08-04 08:00:00;437.3494738613622;1040.4688132120662;0.0;210.02100210021004;0.0;0.0;0.0;0.0
2030-08-04 09:00:00;437.3406741094722;1040.4688132120662;0.0;210.02100210021004;0.0;0.0;0.0;0.0
2030-08-04 10:00:00;437.3153605451232;1040.4688132120662;0.0;210.02100210021004;0.0;0.0;0.0;0.0
2030-08-04 11:00:00;437.2929013362648;1040.4688132120662;0.0;210.02100210021004;0.0;0.0;0.0;0.0
2030-08-04 12:00:00;437.3016539865791;1040.4688132120662;0.0;210.02100210021004;0.0;0.0;0.0;0.0
2030-08-04 13:00:00;437.2817382628114;1040.4688132120662;0.0;210.02100210021004;0.0;0.0;0.0;0.0
2030-08-04 14:00:00;437.2866756854897;1040.4688132120662;0.0;210.02100210021004;0.0;0.0;0.0;0.0
2030-08-04 15:00:00;437.2978010776825;1040.4688132120662;0.0;210.02100210021004;0.0;0.0;0.0;0.0
2030-08-04 16:00:00;437.3185222383956;1040.4688132120662;0.0;210.02100210021004;0.0;0.0;0.0;0.0
2030-08-04 17:00:00;507.5422535667884;1040.4688132120662;0.0;210.02100210021004;0.0;0.0;0.0;0.0
2030-08-04 18:00:00;508.2168524657073;1040.4688132120662;0.0;210.02100210021004;0.0;0.0;0.0;0.0
2030-08-04 19:00:00;508.522625699693;1040.4688132120662;0.0;210.02100210021004;0.0;0.0;0.0;0.0
2030-08-04 20:00:00;508.9306630471792;1040.4688132120662;0.0;210.02100210021004;0.0;0.0;0.0;0.0
2030-08-04 21:00:00;509.0593753207237;1040.4688132120662;0.0;210.02100210021004;0.0;0.0;0.0;0.0
2030-08-04 22:00:00;508.850455823568;1040.4688132120662;0.0;210.02100210021004;0.0;0.0;0.0;0.0
2030-08-04 23:00:00;508.9988235117752;1040.4688132120662;0.0;210.02100210021004;0.0;0.0;0.0;0.0
2030-08-05 00:00:00;508.9080963152114;1040.4688132120662;0.0;210.02100210021004;0.0;0.0;0.0;0.0
2030-08-05 01:00:00;508.4661585150703;1040.4688132120662;0.0;210.02100210021004;0.0;0.0;0.0;0.0
2030-08-05 02:00:00;508.4787684147158;1040.4688132120662;0.0;210.02100210021004;0.0;0.0;0.0;0.0
2030-08-05 03:00:00;508.5500931588;1040.4688132120662;0.0;210.02100210021004;0.0;0.0;0.0;0.0
2030-08-05 04:00:00;508.2734225222679;1040.4688132120662;0.0;210.02100210021004;0.0;0.0;0.0;0.0
2030-08-05 05:00:00;508.6518985662418;1040.4688132120662;0.0;210.02100210021004;0.0;0.0;0.0;0.0
2030-08-05 06:00:00;507.7498459415129;1040.4688132120662;0.0;210.02100210021004;0.0;0.0;0.0;0.0
2030-08-05 07:00:00;508.8606656180735;1040.4688132120662;0.0;210.02100210021004;0.0;0.0;0.0;0.0
2030-08-05 08:00:00;437.4227721560094;1040.4688132120662;0.0;210.02100210021004;0.0;0.0;0.0;0.0
2030-08-05 09:00:00;437.417391978519;1040.4688132120662;0.0;210.02100210021004;0.0;0.0;0.0;0.0
2030-08-05 10:00:00;437.4376044422139;1040.4688132120662;0.0;210.02100210021004;0.0;0.0;0.0;0.0
2030-08-05 11:00:00;437.3992649370905;1040.4688132120662;0.0;210.02100210021004;0.0;0.0;0.0;0.0
2030-08-05 12:00:00;437.4012891273085;1040.4688132120662;0.0;210.02100210021004;0.0;0.0;0.0;0.0
2030-08-05 13:00:00;437.3961103090544;1040.4688132120662;0.0;210.02100210021004;0.0;0.0;0.0;0.0
2030-08-05 14:00:00;437.4214462466519;1040.4688132120662;0.0;210.02100210021004;0.0;0.0;0.0;0.0
2030-08-05 15:00:00;437.427100790821;1040.4688132120662;0.0;210.02100210021004;0.0;0.0;0.0;0.0
2030-08-05 16:00:00;437.447606461825;1040.4688132120662;0.0;210.02100210021004;0.0;0.0;0.0;0.0
2030-08-05 17:00:00;510.5432591019539;1040.4688132120662;0.0;210.02100210021004;0.0;0.0;0.0;0.0
2030-08-05 18:00:00;510.6546120164984;1040.4688132120662;0.0;210.02100210021004;0.0;0.0;0.0;0.0
2030-08-05 19:00:00;511.5111737805371;1040.4688132120662;0.0;210.02100210021004;0.0;0.0;0.0;0.0
2030-08-05 20:00:00;510.765505647343;1040.4688132120662;0.0;210.02100210021004;0.0;0.0;0.0;0.0
2030-08-05 21:00:00;510.9078996257023;1040.4688132120662;0.0;210.02100210021004;0.0;0.0;0.0;0.0
2030-08-05 22:00:00;510.4661144634324;1040.4688132120662;0.0;210.02100210021004;0.0;0.0;0.0;0.0
2030-08-05 23:00:00;510.3872331847131;1040.4688132120662;0.0;210.02100210021004;0.0;0.0;0.0;0.0
2030-08-06 00:00:00;510.2777186047649;1040.4688132120662;0.0;210.02100210021004;0.0;0.0;0.0;0.0
2030-08-06 01:00:00;510.5826247924645;1040.4688132120662;0.0;210.02100210021004;0.0;0.0;0.0;0.0
2030-08-06 02:00:00;511.01016393175;1040.4688132120662;0.0;210.02100210021004;0.0;0.0;0.0;0.0
2030-08-06 03:00:00;511.0370709903997;1040.4688132120662;0.0;210.02100210021004;0.0;0.0;0.0;0.0
2030-08-06 04:00:00;509.2840207937134;1040.4688132120662;0.0;210.02100210021004;0.0;0.0;0.0;0.0
2030-08-06 05:00:00;509.656932453059;1040.4688132120662;0.0;210.02100210021004;0.0;0.0;0.0;0.0
2030-08-06 06:00:00;511.1026265909723;1040.4688132120662;0.0;210.02100210021004;0.0;0.0;0.0;0.0
2030-08-06 07:00:00;511.8504404970369;1040.4688132120662;0.0;210.02100210021004;0.0;0.0;0.0;0.0
2030-08-06 08:00:00;512.2033889183515;1040.4688132120662;0.0;210.02100210021004;0.0;0.0;0.0;0.0
2030-08-06 09:00:00;511.2404768538528;1040.4688132120662;0.0;210.02100210021004;0.0;0.0;0.0;0.0
2030-08-06 10:00:00;438.6006317985965;1040.4688132120662;0.0;210.02100210021004;0.0;0.0;0.0;0.0
2030-08-06 11:00:00;438.7757017865702;1040.4688132120662;0.0;210.02100210021004;0.0;0.0;0.0;0.0
2030-08-06 12:00:00;439.3765770138042;1040.4688132120662;0.0;210.02100210021004;0.0;0.0;0.0;0.0
2030-08-06 13:00:00;439.4266623408989;1040.4688132120662;0.0;210.02100210021004;0.0;0.0;0.0;0.0
2030-08-06 14:00:00;439.611841606519;1040.4688132120662;0.0;210.02100210021004;0.0;0.0;0.0;0.0
2030-08-06 15:00:00;439.4828750007049;1040.4688132120662;0.0;210.02100210021004;0.0;0.0;0.0;0.0
2030-08-06 16:00:00;511.9521937834664;1040.4688132120662;0.0;210.02100210021004;0.0;0.0;0.0;0.0
2030-08-06 17:00:00;512.1092419324905;1040.4688132120662;0.0;210.02100210021004;0.0;0.0;0.0;0.0
2030-08-06 18:00:00;512.3072360491865;1040.4688132120662;0.0;210.02100210021004;0.0;0.0;0.0;0.0
2030-08-06 19:00:00;512.3888238863276;1040.4688132120662;0.0;210.02100210021004;0.0;0.0;0.0;0.0
2030-08-06 20:00:00;512.4599426939891;1040.4688132120662;0.0;210.02100210021004;0.0;0.0;0.0;0.0
2030-08-06 21:00:00;512.267055433402;1040.4688132120662;0.0;210.02100210021004;0.0;0.0;0.0;0.0
2030-08-06 22:00:00;511.4063059805526;1040.4688132120662;0.0;210.02100210021004;0.0;0.0;0.0;0.0
2030-08-06 23:00:00;511.1208022453326;1040.4688132120662;0.0;210.02100210021004;0.0;0.0;0.0;0.0
2030-08-07 00:00:00;511.1964671235516;1040.4688132120662;0.0;210.02100210021004;0.0;0.0;0.0;0.0
2030-08-07 01:00:00;510.1425227792939;1040.4688132120662;0.0;210.02100210021004;0.0;0.0;0.0;0.0
2030-08-07 02:00:00;510.4461004744758;1040.4688132120662;0.0;210.02100210021004;0.0;0.0;0.0;0.0
2030-08-07 03:00:00;510.4477340501888;1040.4688132120662;0.0;210.02100210021004;0.0;0.0;0.0;0.0
2030-08-07 04:00:00;510.2394780179752;1040.4688132120662;0.0;210.02100210021004;0.0;0.0;0.0;0.0
2030-08-07 05:00:00;510.2692429028315;1040.4688132120662;0.0;210.02100210021004;0.0;0.0;0.0;0.0
2030-08-07 06:00:00;509.0013241337742;1040.4688132120662;0.0;210.02100210021004;0.0;0.0;0.0;0.0
2030-08-07 07:00:00;509.9340100597319;1040.4688132120662;0.0;210.02100210021004;0.0;0.0;0.0;0.0
2030-08-07 08:00:00;438.3695025811332;1040.4688132120662;0.0;210.02100210021004;0.0;0.0;0.0;0.0
2030-08-07 09:00:00;437.7827693274063;1040.4688132120662;0.0;210.02100210021004;0.0;0.0;0.0;0.0
2030-08-07 10:00:00;438.3034869044154;1040.4688132120662;0.0;210.02100210021004;0.0;0.0;0.0;0.0
2030-08-07 11:00:00;437.6676891852904;1040.4688132120662;0.0;210.02100210021004;0.0;0.0;0.0;0.0
2030-08-07 12:00:00;437.4347171156203;1040.4688132120662;0.0;210.02100210021004;0.0;0.0;0.0;0.0
2030-08-07 13:00:00;437.4333276191355;1040.4688132120662;0.0;210.02100210021004;0.0;0.0;0.0;0.0
2030-08-07 14:00:00;438.0928714583614;1040.4688132120662;0.0;210.02100210021004;0.0;0.0;0.0;0.0
2030-08-07 15:00:00;437.5290735705222;1040.4688132120662;0.0;210.02100210021004;0.0;0.0;0.0;0.0
2030-08-07 16:00:00;437.8650991280418;1040.4688132120662;0.0;210.02100210021004;0.0;0.0;0.0;0.0
2030-08-07 17:00:00;439.6164372504628;1040.4688132120662;0.0;210.02100210021004;0.0;0.0;0.0;0.0
2030-08-07 18:00:00;439.5213710973036;1040.4688132120662;0.0;210.02100210021004;0.0;0.0;0.0;0.0
2030-08-07 19:00:00;439.7793564299439;1040.4688132120662;0.0;210.02100210021004;0.0;0.0;0.0;0.0
2030-08-07 20:00:00;438.6670035019823;1040.4688132120662;0.0;210.02100210021004;0.0;0.0;0.0;0.0
2030-08-07 21:00:00;437.4746990527655;1040.4688132120662;0.0;210.02100210021004;0.0;0.0;0.0;0.0
2030-08-07 22:00:00;437.4334583260082;1040.4688132120662;0.0;210.02100210021004;0.0;0.0;0.0;0.0
2030-08-07 23:00:00;437.4242864716698;1040.4688132120662;0.0;210.02100210021004;0.0;0.0;0.0;0.0
2030-08-08 00:00:00;437.4196870027976;1040.4688132120662;0.0;210.02100210021004;0.0;0.0;0.0;0.0
2030-08-08 01:00:00;437.4581572147937;1040.4688132120662;0.0;210.02100210021004;0.0;0.0;0.0;0.0
2030-08-08 02:00:00;437.4527817474609;1040.4688132120662;0.0;210.02100210021004;0.0;0.0;0.0;0.0
2030-08-08 03:00:00;437.5460791227744;1040.4688132120662;0.0;210.02100210021004;0.0;0.0;0.0;0.0
2030-08-08 04:00:00;437.4133624387133;1040.4688132120662;0.0;210.02100210021004;0.0;0.0;0.0;0.0
2030-08-08 05:00:00;437.3996111336723;1040.4688132120662;0.0;210.02100210021004;0.0;0.0;0.0;0.0
2030-08-08 06:00:00;437.4042812549081;1040.4688132120662;0.0;210.02100210021004;0.0;0.0;0.0;0.0
2030-08-08 07:00:00;437.423713009985;1040.4688132120662;0.0;210.02100210021004;0.0;0.0;0.0;0.0
2030-08-08 08:00:00;437.4371016328928;1040.4688132120662;0.0;210.02100210021004;0.0;0.0;0.0;0.0
2030-08-08 09:00:00;437.4223588396821;1040.4688132120662;0.0;210.02100210021004;0.0;0.0;0.0;0.0
2030-08-08 10:00:00;437.4152888931616;1040.4688132120662;0.0;210.02100210021004;0.0;0.0;0.0;0.0
2030-08-08 11:00:00;437.4140571869557;1040.4688132120662;0.0;210.02100210021004;0.0;0.0;0.0;0.0
2030-08-08 12:00:00;437.4080164098654;1040.4688132120662;0.0;210.02100210021004;0.0;0.0;0.0;0.0
2030-08-08 13:00:00;437.3769258372503;1040.4688132120662;0.0;210.02100210021004;0.0;0.0;0.0;0.0
2030-08-08 14:00:00;437.4055141386535;1040.4688132120662;0.0;210.02100210021004;0.0;0.0;0.0;0.0
2030-08-08 15:00:00;437.4388726521411;1040.4688132120662;0.0;210.02100210021004;0.0;0.0;0.0;0.0
2030-08-08 16:00:00;437.4370898574988;1040.4688132120662;0.0;210.02100210021004;0.0;0.0;0.0;0.0
2030-08-08 17:00:00;437.4417646888922;1040.4688132120662;0.0;210.02100210021004;0.0;0.0;0.0;0.0
2030-08-08 18:00:00;510.5663370460869;1040.4688132120662;0.0;210.02100210021004;0.0;0.0;0.0;0.0
2030-08-08 19:00:00;510.2367714595534;1040.4688132120662;0.0;210.02100210021004;0.0;0.0;0.0;0.0
2030-08-08 20:00:00;510.3241793836789;1040.4688132120662;0.0;210.02100210021004;0.0;0.0;0.0;0.0
2030-08-08 21:00:00;510.7030126318603;1040.4688132120662;0.0;210.02100210021004;0.0;0.0;0.0;0.0
2030-08-08 22:00:00;510.3659935751764;1040.4688132120662;0.0;210.02100210021004;0.0;0.0;0.0;0.0
2030-08-08 23:00:00;510.1806095506731;1040.4688132120662;0.0;210.02100210021004;0.0;0.0;0.0;0.0
2030-08-09 00:00:00;509.7010948212315;1040.4688132120662;0.0;210.02100210021004;0.0;0.0;0.0;0.0
2030-08-09 01:00:00;509.7363743247827;1040.4688132120662;0.0;210.02100210021004;0.0;0.0;0.0;0.0
2030-08-09 02:00:00;509.9715374156461;1040.4688132120662;0.0;210.02100210021004;0.0;0.0;0.0;0.0
2030-08-09 03:00:00;509.7891662102991;1040.4688132120662;0.0;210.02100210021004;0.0;0.0;0.0;0.0
2030-08-09 04:00:00;509.9304872059498;1040.4688132120662;0.0;210.02100210021004;0.0;0.0;0.0;0.0
2030-08-09 05:00:00;510.301560530699;1040.4688132120662;0.0;210.02100210021004;0.0;0.0;0.0;0.0
2030-08-09 06:00:00;510.7131221020538;1040.4688132120662;0.0;210.02100210021004;0.0;0.0;0.0;0.0
2030-08-09 07:00:00;511.2366465617966;1040.4688132120662;0.0;210.02100210021004;0.0;0.0;0.0;0.0
2030-08-09 08:00:00;512.0216815630407;1040.4688132120662;0.0;210.02100210021004;0.0;0.0;0.0;0.0
2030-08-09 09:00:00;511.728875432908;1040.4688132120662;0.0;210.02100210021004;0.0;0.0;0.0;0.0
2030-08-09 10:00:00;511.2363412860543;1040.4688132120662;0.0;210.02100210021004;0.0;0.0;0.0;0.0
2030-08-09 11:00:00;511.3428949753111;1040.4688132120662;0.0;210.02100210021004;0.0;0.0;0.0;0.0
2030-08-09 12:00:00;511.9574530848994;1040.4688132120662;0.0;210.02100210021004;0.0;0.0;0.0;0.0
2030-08-09 13:00:00;511.5388969420002;1040.4688132120662;0.0;210.02100210021004;0.0;0.0;0.0;0.0
2030-08-09 14:00:00;511.1273367407318;1040.4688132120662;0.0;210.02100210021004;0.0;0.0;0.0;0.0
2030-08-09 15:00:00;510.0680833291078;1040.4688132120662;0.0;210.02100210021004;0.0;0.0;0.0;0.0
2030-08-09 16:00:00;511.0394710955398;1040.4688132120662;0.0;210.02100210021004;0.0;0.0;0.0;0.0
2030-08-09 17:00:00;511.961333142889;1040.4688132120662;0.0;210.02100210021004;0.0;0.0;0.0;0.0
2030-08-09 18:00:00;511.6055776462936;1040.4688132120662;0.0;210.02100210021004;0.0;0.0;0.0;0.0
2030-08-09 19:00:00;511.0556038489675;1040.4688132120662;0.0;210.02100210021004;0.0;0.0;0.0;0.0
2030-08-09 20:00:00;510.6917300471932;1040.4688132120662;0.0;210.02100210021004;0.0;0.0;0.0;0.0
2030-08-09 21:00:00;510.03658317414;1040.4688132120662;0.0;210.02100210021004;0.0;0.0;0.0;0.0
2030-08-09 22:00:00;508.9579780609621;1040.4688132120662;0.0;210.02100210021004;0.0;0.0;0.0;0.0
2030-08-09 23:00:00;506.832833870377;1040.4688132120662;0.0;210.02100210021004;0.0;0.0;0.0;0.0
2030-08-10 00:00:00;503.8453066512296;1040.4688132120662;0.0;210.02100210021004;0.0;0.0;0.0;0.0
2030-08-10 01:00:00;499.9888107721006;1040.4688132120662;0.0;210.02100210021004;0.0;0.0;0.0;0.0
2030-08-10 02:00:00;497.8462549089564;1040.4688132120662;0.0;210.02100210021004;0.0;0.0;0.0;0.0
2030-08-10 03:00:00;497.5653456401409;1040.4688132120662;0.0;210.02100210021004;0.0;0.0;0.0;0.0
2030-08-10 04:00:00;496.8883466360818;1040.4688132120662;0.0;210.02100210021004;0.0;0.0;0.0;0.0
2030-08-10 05:00:00;496.6679891762149;1040.4688132120662;0.0;210.02100210021004;0.0;0.0;0.0;0.0
2030-08-10 06:00:00;497.2283787044692;1040.4688132120662;0.0;210.02100210021004;0.0;0.0;0.0;0.0
2030-08-10 07:00:00;497.3564249654457;1040.4688132120662;0.0;210.02100210021004;0.0;0.0;0.0;0.0
2030-08-10 08:00:00;498.2936060184881;1040.4688132120662;0.0;210.02100210021004;0.0;0.0;0.0;0.0
2030-08-10 09:00:00;498.6354750513854;1040.4688132120662;0.0;210.02100210021004;0.0;0.0;0.0;0.0
2030-08-10 10:00:00;498.9977662209195;1040.4688132120662;0.0;210.02100210021004;0.0;0.0;0.0;0.0
2030-08-10 11:00:00;498.3391983810297;1040.4688132120662;0.0;210.02100210021004;0.0;0.0;0.0;0.0
2030-08-10 12:00:00;437.1136033004647;1040.4688132120662;0.0;210.02100210021004;0.0;0.0;0.0;0.0
2030-08-10 13:00:00;437.1175857386945;1040.4688132120662;0.0;210.02100210021004;0.0;0.0;0.0;0.0
2030-08-10 14:00:00;437.1132700568162;1040.4688132120662;0.0;210.02100210021004;0.0;0.0;0.0;0.0
2030-08-10 15:00:00;437.1035117878596;1040.4688132120662;0.0;210.02100210021004;0.0;0.0;0.0;0.0
2030-08-10 16:00:00;498.1255304095119;1040.4688132120662;0.0;210.02100210021004;0.0;0.0;0.0;0.0
2030-08-10 17:00:00;498.9983281840102;1040.4688132120662;0.0;210.02100210021004;0.0;0.0;0.0;0.0
2030-08-10 18:00:00;499.0979378601011;1040.4688132120662;0.0;210.02100210021004;0.0;0.0;0.0;0.0
2030-08-10 19:00:00;499.7365438320463;1040.4688132120662;0.0;210.02100210021004;0.0;0.0;0.0;0.0
2030-08-10 20:00:00;499.8944082764306;1040.4688132120662;0.0;210.02100210021004;0.0;0.0;0.0;0.0
2030-08-10 21:00:00;499.3943162248552;1040.4688132120662;0.0;210.02100210021004;0.0;0.0;0.0;0.0
2030-08-10 22:00:00;499.2493185600118;1040.4688132120662;0.0;210.02100210021004;0.0;0.0;0.0;0.0
2030-08-10 23:00:00;499.3967660959286;1040.4688132120662;0.0;210.02100210021004;0.0;0.0;0.0;0.0
2030-08-11 00:00:00;497.8095971469541;1040.4688132120662;0.0;210.02100210021004;0.0;0.0;0.0;0.0
2030-08-11 01:00:00;496.1667251877051;1040.4688132120662;0.0;210.02100210021004;0.0;0.0;0.0;0.0
2030-08-11 02:00:00;496.2766984737121;1040.4688132120662;0.0;210.02100210021004;0.0;0.0;0.0;0.0
2030-08-11 03:00:00;496.3558862057133;1040.4688132120662;0.0;210.02100210021004;0.0;0.0;0.0;0.0
2030-08-11 04:00:00;496.2273798685915;1040.4688132120662;0.0;210.02100210021004;0.0;0.0;0.0;0.0
2030-08-11 05:00:00;496.1343554388255;1040.4688132120662;0.0;210.02100210021004;0.0;0.0;0.0;0.0
2030-08-11 06:00:00;496.284664526114;1040.4688132120662;0.0;210.02100210021004;0.0;0.0;0.0;0.0
2030-08-11 07:00:00;496.6215297673872;1040.4688132120662;0.0;210.02100210021004;0.0;0.0;0.0;0.0
2030-08-11 08:00:00;497.0913457219413;1040.4688132120662;0.0;210.02100210021004;0.0;0.0;0.0;0.0
2030-08-11 09:00:00;496.8035945194524;1040.4688132120662;0.0;210.02100210021004;0.0;0.0;0.0;0.0
2030-08-11 10:00:00;437.0922121198365;1040.4688132120662;0.0;210.02100210021004;0.0;0.0;0.0;0.0
2030-08-11 11:00:00;437.1231237064637;1040.4688132120662;0.0;210.02100210021004;0.0;0.0;0.0;0.0
2030-08-11 12:00:00;437.1348296255777;1040.4688132120662;0.0;210.02100210021004;0.0;0.0;0.0;0.0
2030-08-11 13:00:00;437.1130310163193;1040.4688132120662;0.0;210.02100210021004;0.0;0.0;0.0;0.0
2030-08-11 14:00:00;437.1263595847179;1040.4688132120662;0.0;210.02100210021004;0.0;0.0;0.0;0.0
2030-08-11 15:00:00;437.1328007252021;1040.4688132120662;0.0;210.02100210021004;0.0;0.0;0.0;0.0
2030-08-11 16:00:00;437.1463377180735;1040.4688132120662;0.0;210.02100210021004;0.0;0.0;0.0;0.0
2030-08-11 17:00:00;501.3385703404822;1040.4688132120662;0.0;210.02100210021004;0.0;0.0;0.0;0.0
2030-08-11 18:00:00;503.7672414753234;1040.4688132120662;0.0;210.02100210021004;0.0;0.0;0.0;0.0
2030-08-11 19:00:00;503.7060769523585;1040.4688132120662;0.0;210.02100210021004;0.0;0.0;0.0;0.0
2030-08-11 20:00:00;503.5579645814132;1040.4688132120662;0.0;210.02100210021004;0.0;0.0;0.0;0.0
2030-08-11 21:00:00;505.0488952477471;1040.4688132120662;0.0;210.02100210021004;0.0;0.0;0.0;0.0
2030-08-11 22:00:00;505.1775044568067;1040.4688132120662;0.0;210.02100210021004;0.0;0.0;0.0;0.0
2030-08-11 23:00:00;504.8435479852128;1040.4688132120662;0.0;210.02100210021004;0.0;0.0;0.0;0.0
2030-08-12 00:00:00;505.0335774195934;1040.4688132120662;0.0;210.02100210021004;0.0;0.0;0.0;0.0
2030-08-12 01:00:00;505.376314676316;1040.4688132120662;0.0;210.02100210021004;0.0;0.0;0.0;0.0
2030-08-12 02:00:00;504.9479580641308;1040.4688132120662;0.0;210.02100210021004;0.0;0.0;0.0;0.0
2030-08-12 03:00:00;504.3881318690536;1040.4688132120662;0.0;210.02100210021004;0.0;0.0;0.0;0.0
2030-08-12 04:00:00;504.9814503691055;1040.4688132120662;0.0;210.02100210021004;0.0;0.0;0.0;0.0
2030-08-12 05:00:00;507.3275126125618;1040.4688132120662;0.0;210.02100210021004;0.0;0.0;0.0;0.0
2030-08-12 06:00:00;509.0473260140825;1040.4688132120662;0.0;210.02100210021004;0.0;0.0;0.0;0.0
2030-08-12 07:00:00;510.1580961172567;1040.4688132120662;0.0;210.02100210021004;0.0;0.0;0.0;0.0
2030-08-12 08:00:00;510.2765439276578;1040.4688132120662;0.0;210.02100210021004;0.0;0.0;0.0;0.0
2030-08-12 09:00:00;437.9147996958495;1040.4688132120662;0.0;210.02100210021004;0.0;0.0;0.0;0.0
2030-08-12 10:00:00;437.430721724457;1040.4688132120662;0.0;210.02100210021004;0.0;0.0;0.0;0.0
2030-08-12 11:00:00;437.4303201835237;1040.4688132120662;0.0;210.02100210021004;0.0;0.0;0.0;0.0
2030-08-12 12:00:00;437.4481740358128;1040.4688132120662;0.0;210.02100210021004;0.0;0.0;0.0;0.0
2030-08-12 13:00:00;437.6543598725749;1040.4688132120662;0.0;210.02100210021004;0.0;0.0;0.0;0.0
2030-08-12 14:00:00;438.2420159281687;1040.4688132120662;0.0;210.02100210021004;0.0;0.0;0.0;0.0
2030-08-12 15:00:00;438.2367056832629;1040.4688132120662;0.0;210.02100210021004;0.0;0.0;0.0;0.0
2030-08-12 16:00:00;438.665165359933;1040.4688132120662;0.0;210.02100210021004;0.0;0.0;0.0;0.0
2030-08-12 17:00:00;439.7422372217098;1040.4688132120662;0.0;210.02100210021004;0.0;0.0;0.0;0.0
2030-08-12 18:00:00;512.3471623327014;1040.4688132120662;0.0;210.02100210021004;0.0;0.0;0.0;0.0
2030-08-12 19:00:00;511.2094865409637;1040.4688132120662;0.0;210.02100210021004;0.0;0.0;0.0;0.0
2030-08-12 20:00:00;511.7062070065418;1040.4688132120662;0.0;210.02100210021004;0.0;0.0;0.0;0.0
2030-08-12 21:00:00;511.5749941109982;1040.4688132120662;0.0;210.02100210021004;0.0;0.0;0.0;0.0
2030-08-12 22:00:00;510.9123404692433;1040.4688132120662;0.0;210.02100210021004;0.0;0.0;0.0;0.0
2030-08-12 23:00:00;510.9571167289716;1040.4688132120662;0.0;210.02100210021004;0.0;0.0;0.0;0.0
2030-08-13 00:00:00;510.8143653538577;1040.4688132120662;0.0;210.02100210021004;0.0;0.0;0.0;0.0
2030-08-13 01:00:00;510.9809102590588;1040.4688132120662;0.0;210.02100210021004;0.0;0.0;0.0;0.0
2030-08-13 02:00:00;479.1407565291976;1040.4688132120662;0.0;210.02100210021004;0.0;0.0;0.0;0.0
2030-08-13 03:00:00;437.6291435153054;1040.4688132120662;0.0;210.02100210021004;0.0;0.0;0.0;0.0
2030-08-13 04:00:00;437.4307888442025;1040.4688132120662;0.0;210.02100210021004;0.0;0.0;0.0;0.0
2030-08-13 05:00:00;437.430156505548;1040.4688132120662;0.0;210.02100210021004;0.0;0.0;0.0;0.0
2030-08-13 06:00:00;437.6246071064676;1040.4688132120662;0.0;210.02100210021004;0.0;0.0;0.0;0.0
2030-08-13 07:00:00;438.709492849563;1040.4688132120662;0.0;210.02100210021004;0.0;0.0;0.0;0.0
2030-08-13 08:00:00;438.8345678987935;1040.4688132120662;0.0;210.02100210021004;0.0;0.0;0.0;0.0
2030-08-13 09:00:00;438.5239968096065;1040.4688132120662;0.0;210.02100210021004;0.0;0.0;0.0;0.0
2030-08-13 10:00:00;437.9181699117605;1040.4688132120662;0.0;210.02100210021004;0.0;0.0;0.0;0.0
2030-08-13 11:00:00;438.0010838863407;1040.4688132120662;0.0;210.02100210021004;0.0;0.0;0.0;0.0
2030-08-13 12:00:00;438.3536737333614;1040.4688132120662;0.0;210.02100210021004;0.0;0.0;0.0;0.0
2030-08-13 13:00:00;437.4245996971486;1040.4688132120662;0.0;210.02100210021004;0.0;0.0;0.0;0.0
2030-08-13 14:00:00;437.4453208578616;1040.4688132120662;0.0;210.02100210021004;0.0;0.0;0.0;0.0
2030-08-13 15:00:00;437.4438218502133;1040.4688132120662;0.0;210.02100210021004;0.0;0.0;0.0;0.0
2030-08-13 16:00:00;437.6431662960443;1040.4688132120662;0.0;210.02100210021004;0.0;0.0;0.0;0.0
2030-08-13 17:00:00;437.899533988708;1040.4688132120662;0.0;210.02100210021004;0.0;0.0;0.0;0.0
2030-08-13 18:00:00;437.6105075922528;1040.4688132120662;0.0;210.02100210021004;0.0;0.0;0.0;0.0
2030-08-13 19:00:00;438.7877046426722;1040.4688132120662;0.0;210.02100210021004;0.0;0.0;0.0;0.0
2030-08-13 20:00:00;438.7578833364173;1040.4688132120662;0.0;210.02100210021004;0.0;0.0;0.0;0.0
2030-08-13 21:00:00;438.6406076554976;1040.4688132120662;0.0;210.02100210021004;0.0;0.0;0.0;0.0
2030-08-13 22:00:00;437.9750452440634;1040.4688132120662;0.0;210.02100210021004;0.0;0.0;0.0;0.0
2030-08-13 23:00:00;437.7390648728473;1040.4688132120662;0.0;210.02100210021004;0.0;0.0;0.0;0.0
2030-08-14 00:00:00;437.4753103966954;1040.4688132120662;0.0;210.02100210021004;0.0;0.0;0.0;0.0
2030-08-14 01:00:00;437.4134201381436;1040.4688132120662;0.0;210.02100210021004;0.0;0.0;0.0;0.0
2030-08-14 02:00:00;437.392733126073;1040.4688132120662;0.0;210.02100210021004;0.0;0.0;0.0;0.0
2030-08-14 03:00:00;437.4030471936235;1040.4688132120662;0.0;210.02100210021004;0.0;0.0;0.0;0.0
2030-08-14 04:00:00;437.4276177306149;1040.4688132120662;0.0;210.02100210021004;0.0;0.0;0.0;0.0
2030-08-14 05:00:00;437.4620619354235;1040.4688132120662;0.0;210.02100210021004;0.0;0.0;0.0;0.0
2030-08-14 06:00:00;439.1221054577864;1040.4688132120662;0.0;210.02100210021004;0.0;0.0;0.0;0.0
2030-08-14 07:00:00;440.5560590632497;1040.4688132120662;0.0;210.02100210021004;0.0;0.0;0.0;0.0
2030-08-14 08:00:00;440.2923138909739;1040.4688132120662;0.0;210.02100210021004;0.0;0.0;0.0;0.0
2030-08-14 09:00:00;440.3021662887248;1040.4688132120662;0.0;210.02100210021004;0.0;0.0;0.0;0.0
2030-08-14 10:00:00;439.5463369494192;1040.4688132120662;0.0;210.02100210021004;0.0;0.0;0.0;0.0
2030-08-14 11:00:00;438.7045308578965;1040.4688132120662;0.0;210.02100210021004;0.0;0.0;0.0;0.0
2030-08-14 12:00:00;437.8968274302861;1040.4688132120662;0.0;210.02100210021004;0.0;0.0;0.0;0.0
2030-08-14 13:00:00;437.4748526756289;1040.4688132120662;0.0;210.02100210021004;0.0;0.0;0.0;0.0
2030-08-14 14:00:00;437.6314320140344;1040.4688132120662;0.0;210.02100210021004;0.0;0.0;0.0;0.0
2030-08-14 15:00:00;438.8488127442385;1040.4688132120662;0.0;210.02100210021004;0.0;0.0;0.0;0.0
2030-08-14 16:00:00;440.2056203752632;1040.4688132120662;0.0;210.02100210021004;0.0;0.0;0.0;0.0
2030-08-14 17:00:00;440.4066263261233;1040.4688132120662;0.0;210.02100210021004;0.0;0.0;0.0;0.0
2030-08-14 18:00:00;441.023737178723;1040.4688132120662;0.0;210.02100210021004;0.0;0.0;0.0;0.0
2030-08-14 19:00:00;513.8677038759338;1040.4688132120662;0.0;210.02100210021004;0.0;0.0;0.0;0.0
2030-08-14 20:00:00;513.5650441705108;1040.4688132120662;0.0;210.02100210021004;0.0;0.0;0.0;0.0
2030-08-14 21:00:00;513.571478149051;1040.4688132120662;0.0;210.02100210021004;0.0;0.0;0.0;0.0
2030-08-14 22:00:00;512.2002234613237;1040.4688132120662;0.0;210.02100210021004;0.0;0.0;0.0;0.0
2030-08-14 23:00:00;511.593834600387;1040.4688132120662;0.0;210.02100210021004;0.0;0.0;0.0;0.0
2030-08-15 00:00:00;509.9871093835224;1040.4688132120662;0.0;210.02100210021004;0.0;0.0;0.0;0.0
2030-08-15 01:00:00;507.5393436195698;1040.4688132120662;0.0;210.02100210021004;0.0;0.0;0.0;0.0
2030-08-15 02:00:00;505.2699149950168;1040.4688132120662;0.0;210.02100210021004;0.0;0.0;0.0;0.0
2030-08-15 03:00:00;503.174535689288;1040.4688132120662;0.0;210.02100210021004;0.0;0.0;0.0;0.0
2030-08-15 04:00:00;502.4707324985171;1040.4688132120662;0.0;210.02100210021004;0.0;0.0;0.0;0.0
2030-08-15 05:00:00;502.7193737128516;1040.4688132120662;0.0;210.02100210021004;0.0;0.0;0.0;0.0
2030-08-15 06:00:00;506.7259229769129;1040.4688132120662;0.0;210.02100210021004;0.0;0.0;0.0;0.0
2030-08-15 07:00:00;508.5591308238241;1040.4688132120662;0.0;210.02100210021004;0.0;0.0;0.0;0.0
2030-08-15 08:00:00;437.4269147395968;1040.4688132120662;0.0;210.02100210021004;0.0;0.0;0.0;0.0
2030-08-15 09:00:00;437.4987932660374;1040.4688132120662;0.0;210.02100210021004;0.0;0.0;0.0;0.0
2030-08-15 10:00:00;437.4345781659718;1040.4688132120662;0.0;210.02100210021004;0.0;0.0;0.0;0.0
2030-08-15 11:00:00;437.4151216825677;1040.4688132120662;0.0;210.02100210021004;0.0;0.0;0.0;0.0
2030-08-15 12:00:00;437.4066881454291;1040.4688132120662;0.0;210.02100210021004;0.0;0.0;0.0;0.0
2030-08-15 13:00:00;437.4019897632478;1040.4688132120662;0.0;210.02100210021004;0.0;0.0;0.0;0.0
2030-08-15 14:00:00;437.3765855283655;1040.4688132120662;0.0;210.02100210021004;0.0;0.0;0.0;0.0
2030-08-15 15:00:00;437.3831196944618;1040.4688132120662;0.0;210.02100210021004;0.0;0.0;0.0;0.0
2030-08-15 16:00:00;437.4182704229067;1040.4688132120662;0.0;210.02100210021004;0.0;0.0;0.0;0.0
2030-08-15 17:00:00;508.7772418014147;1040.4688132120662;0.0;210.02100210021004;0.0;0.0;0.0;0.0
2030-08-15 18:00:00;509.0716801371739;1040.4688132120662;0.0;210.02100210021004;0.0;0.0;0.0;0.0
2030-08-15 19:00:00;508.9231065125439;1040.4688132120662;0.0;210.02100210021004;0.0;0.0;0.0;0.0
2030-08-15 20:00:00;508.4531392902052;1040.4688132120662;0.0;210.02100210021004;0.0;0.0;0.0;0.0
2030-08-15 21:00:00;507.880701632849;1040.4688132120662;0.0;210.02100210021004;0.0;0.0;0.0;0.0
2030-08-15 22:00:00;508.022738407001;1040.4688132120662;0.0;210.02100210021004;0.0;0.0;0.0;0.0
2030-08-15 23:00:00;507.497936205666;1040.4688132120662;0.0;210.02100210021004;0.0;0.0;0.0;0.0
2030-08-16 00:00:00;507.301831174492;1040.4688132120662;0.0;210.02100210021004;0.0;0.0;0.0;0.0
2030-08-16 01:00:00;507.6717819431462;1040.4688132120662;0.0;210.02100210021004;0.0;0.0;0.0;0.0
2030-08-16 02:00:00;507.180524167798;1040.4688132120662;0.0;210.02100210021004;0.0;0.0;0.0;0.0
2030-08-16 03:00:00;507.0493622157273;1040.4688132120662;0.0;210.02100210021004;0.0;0.0;0.0;0.0
2030-08-16 04:00:00;455.5625562207368;1040.4688132120662;0.0;210.02100210021004;0.0;0.0;0.0;0.0
2030-08-16 05:00:00;437.395920725212;1040.4688132120662;0.0;210.02100210021004;0.0;0.0;0.0;0.0
2030-08-16 06:00:00;437.4295665583117;1040.4688132120662;0.0;210.02100210021004;0.0;0.0;0.0;0.0
2030-08-16 07:00:00;437.4415633296559;1040.4688132120662;0.0;210.02100210021004;0.0;0.0;0.0;0.0
2030-08-16 08:00:00;437.4448510196435;1040.4688132120662;0.0;210.02100210021004;0.0;0.0;0.0;0.0
2030-08-16 09:00:00;437.4391328883471;1040.4688132120662;0.0;210.02100210021004;0.0;0.0;0.0;0.0
2030-08-16 10:00:00;437.441706989462;1040.4688132120662;0.0;210.02100210021004;0.0;0.0;0.0;0.0
2030-08-16 11:00:00;437.4373795321897;1040.4688132120662;0.0;210.02100210021004;0.0;0.0;0.0;0.0
2030-08-16 12:00:00;437.4228416308335;1040.4688132120662;0.0;210.02100210021004;0.0;0.0;0.0;0.0
2030-08-16 13:00:00;437.420513635452;1040.4688132120662;0.0;210.02100210021004;0.0;0.0;0.0;0.0
2030-08-16 14:00:00;437.421655848664;1040.4688132120662;0.0;210.02100210021004;0.0;0.0;0.0;0.0
2030-08-16 15:00:00;437.420669070652;1040.4688132120662;0.0;210.02100210021004;0.0;0.0;0.0;0.0
2030-08-16 16:00:00;437.4098851648833;1040.4688132120662;0.0;210.02100210021004;0.0;0.0;0.0;0.0
2030-08-16 17:00:00;437.3956074997333;1040.4688132120662;0.0;210.02100210021004;0.0;0.0;0.0;0.0
2030-08-16 18:00:00;437.4324491747478;1040.4688132120662;0.0;210.02100210021004;0.0;0.0;0.0;0.0
2030-08-16 19:00:00;437.4506197851338;1040.4688132120662;0.0;210.02100210021004;0.0;0.0;0.0;0.0
2030-08-16 20:00:00;437.4402692138622;1040.4688132120662;0.0;210.02100210021004;0.0;0.0;0.0;0.0
2030-08-16 21:00:00;437.4166418859251;1040.4688132120662;0.0;210.02100210021004;0.0;0.0;0.0;0.0
2030-08-16 22:00:00;437.3969416518665;1040.4688132120662;0.0;210.02100210021004;0.0;0.0;0.0;0.0
2030-08-16 23:00:00;437.3743635115294;1040.4688132120662;0.0;210.02100210021004;0.0;0.0;0.0;0.0
2030-08-17 00:00:00;504.455983525289;1040.4688132120662;0.0;210.02100210021004;0.0;0.0;0.0;0.0
2030-08-17 01:00:00;499.4257158629639;1040.4688132120662;0.0;210.02100210021004;0.0;0.0;0.0;0.0
2030-08-17 02:00:00;497.8807692531671;1040.4688132120662;0.0;210.02100210021004;0.0;0.0;0.0;0.0
2030-08-17 03:00:00;496.7314015515428;1040.4688132120662;0.0;210.02100210021004;0.0;0.0;0.0;0.0
2030-08-17 04:00:00;496.3800878834807;1040.4688132120662;0.0;210.02100210021004;0.0;0.0;0.0;0.0
2030-08-17 05:00:00;496.4189400067473;1040.4688132120662;0.0;210.02100210021004;0.0;0.0;0.0;0.0
2030-08-17 06:00:00;497.5785176954242;1040.4688132120662;0.0;210.02100210021004;0.0;0.0;0.0;0.0
2030-08-17 07:00:00;437.115368432016;1040.4688132120662;0.0;210.02100210021004;0.0;0.0;0.0;0.0
2030-08-17 08:00:00;437.1691584315257;1040.4688132120662;0.0;210.02100210021004;0.0;0.0;0.0;0.0
2030-08-17 09:00:00;437.2285523410106;1040.4688132120662;0.0;210.02100210021004;0.0;0.0;0.0;0.0
2030-08-17 10:00:00;437.2413145129609;1040.4688132120662;0.0;210.02100210021004;0.0;0.0;0.0;0.0
2030-08-17 11:00:00;437.2354974683554;1040.4688132120662;0.0;210.02100210021004;0.0;0.0;0.0;0.0
2030-08-17 12:00:00;437.2206063051811;1040.4688132120662;0.0;210.02100210021004;0.0;0.0;0.0;0.0
2030-08-17 13:00:00;437.2211656363933;1040.4688132120662;0.0;210.02100210021004;0.0;0.0;0.0;0.0
2030-08-17 14:00:00;437.2293047886833;1040.4688132120662;0.0;210.02100210021004;0.0;0.0;0.0;0.0
2030-08-17 15:00:00;437.2716608806791;1040.4688132120662;0.0;210.02100210021004;0.0;0.0;0.0;0.0
2030-08-17 16:00:00;437.2632285210799;1040.4688132120662;0.0;210.02100210021004;0.0;0.0;0.0;0.0
2030-08-17 17:00:00;503.9087684073968;1040.4688132120662;0.0;210.02100210021004;0.0;0.0;0.0;0.0
2030-08-17 18:00:00;503.5969705200905;1040.4688132120662;0.0;210.02100210021004;0.0;0.0;0.0;0.0
2030-08-17 19:00:00;503.9694740317559;1040.4688132120662;0.0;210.02100210021004;0.0;0.0;0.0;0.0
2030-08-17 20:00:00;503.6085609281259;1040.4688132120662;0.0;210.02100210021004;0.0;0.0;0.0;0.0
2030-08-17 21:00:00;502.7610850324112;1040.4688132120662;0.0;210.02100210021004;0.0;0.0;0.0;0.0
2030-08-17 22:00:00;502.3405914081429;1040.4688132120662;0.0;210.02100210021004;0.0;0.0;0.0;0.0
2030-08-17 23:00:00;502.1733332720664;1040.4688132120662;0.0;210.02100210021004;0.0;0.0;0.0;0.0
2030-08-18 00:00:00;502.6205293886482;1040.4688132120662;0.0;210.02100210021004;0.0;0.0;0.0;0.0
2030-08-18 01:00:00;502.7181990357443;1040.4688132120662;0.0;210.02100210021004;0.0;0.0;0.0;0.0
2030-08-18 02:00:00;502.1123213869727;1040.4688132120662;0.0;210.02100210021004;0.0;0.0;0.0;0.0
2030-08-18 03:00:00;502.7015540851593;1040.4688132120662;0.0;210.02100210021004;0.0;0.0;0.0;0.0
2030-08-18 04:00:00;502.3223648103099;1040.4688132120662;0.0;210.02100210021004;0.0;0.0;0.0;0.0
2030-08-18 05:00:00;502.8986823331086;1040.4688132120662;0.0;210.02100210021004;0.0;0.0;0.0;0.0
2030-08-18 06:00:00;503.3281119280026;1040.4688132120662;0.0;210.02100210021004;0.0;0.0;0.0;0.0
2030-08-18 07:00:00;503.8089030289498;1040.4688132120662;0.0;210.02100210021004;0.0;0.0;0.0;0.0
2030-08-18 08:00:00;437.2808751264357;1040.4688132120662;0.0;210.02100210021004;0.0;0.0;0.0;0.0
2030-08-18 09:00:00;437.2870607408714;1040.4688132120662;0.0;210.02100210021004;0.0;0.0;0.0;0.0
2030-08-18 10:00:00;437.2900540460106;1040.4688132120662;0.0;210.02100210021004;0.0;0.0;0.0;0.0
2030-08-18 11:00:00;437.2825425222173;1040.4688132120662;0.0;210.02100210021004;0.0;0.0;0.0;0.0
2030-08-18 12:00:00;437.2675300724856;1040.4688132120662;0.0;210.02100210021004;0.0;0.0;0.0;0.0
2030-08-18 13:00:00;437.2751193138787;1040.4688132120662;0.0;210.02100210021004;0.0;0.0;0.0;0.0
2030-08-18 14:00:00;437.2671509048007;1040.4688132120662;0.0;210.02100210021004;0.0;0.0;0.0;0.0
2030-08-18 15:00:00;437.2524410826932;1040.4688132120662;0.0;210.02100210021004;0.0;0.0;0.0;0.0
2030-08-18 16:00:00;437.1978432911592;1040.4688132120662;0.0;210.02100210021004;0.0;0.0;0.0;0.0
2030-08-18 17:00:00;437.246669962124;1040.4688132120662;0.0;210.02100210021004;0.0;0.0;0.0;0.0
2030-08-18 18:00:00;437.2974572361795;1040.4688132120662;0.0;210.02100210021004;0.0;0.0;0.0;0.0
2030-08-18 19:00:00;437.3061168608817;1040.4688132120662;0.0;210.02100210021004;0.0;0.0;0.0;0.0
2030-08-18 20:00:00;449.9678844739415;1040.4688132120662;0.0;210.02100210021004;0.0;0.0;0.0;0.0
2030-08-18 21:00:00;454.0968094705391;1040.4688132120662;0.0;210.02100210021004;0.0;0.0;0.0;0.0
2030-08-18 22:00:00;437.3111885230509;1040.4688132120662;0.0;210.02100210021004;0.0;0.0;0.0;0.0
2030-08-18 23:00:00;471.7068573552812;1040.4688132120662;0.0;210.02100210021004;0.0;0.0;0.0;0.0
2030-08-19 00:00:00;441.8688797708382;1040.4688132120662;0.0;210.02100210021004;0.0;0.0;0.0;0.0
2030-08-19 01:00:00;437.2811942396114;1040.4688132120662;0.0;210.02100210021004;0.0;0.0;0.0;0.0
2030-08-19 02:00:00;476.6632854918077;1040.4688132120662;0.0;210.02100210021004;0.0;0.0;0.0;0.0
2030-08-19 03:00:00;496.082994069713;1040.4688132120662;0.0;210.02100210021004;0.0;0.0;0.0;0.0
2030-08-19 04:00:00;502.8298387108724;1040.4688132120662;0.0;210.02100210021004;0.0;0.0;0.0;0.0
2030-08-19 05:00:00;437.3448779251081;1040.4688132120662;0.0;210.02100210021004;0.0;0.0;0.0;0.0
2030-08-19 06:00:00;437.4671736339321;1040.4688132120662;0.0;210.02100210021004;0.0;0.0;0.0;0.0
2030-08-19 07:00:00;438.8458656915979;1040.4688132120662;0.0;210.02100210021004;0.0;0.0;0.0;0.0
2030-08-19 08:00:00;439.9701425803156;1040.4688132120662;0.0;210.02100210021004;0.0;0.0;0.0;0.0
2030-08-19 09:00:00;440.1532875808996;1040.4688132120662;0.0;210.02100210021004;0.0;0.0;0.0;0.0
2030-08-19 10:00:00;440.9333174204332;1040.4688132120662;0.0;210.02100210021004;0.0;0.0;0.0;0.0
2030-08-19 11:00:00;440.9346447354116;1040.4688132120662;0.0;210.02100210021004;0.0;0.0;0.0;0.0
2030-08-19 12:00:00;440.665479690042;1040.4688132120662;0.0;210.02100210021004;0.0;0.0;0.0;0.0
2030-08-19 13:00:00;440.5735789939104;1040.4688132120662;0.0;210.02100210021004;0.0;0.0;0.0;0.0
2030-08-19 14:00:00;437.8756908852345;1040.4688132120662;0.0;210.02100210021004;0.0;0.0;0.0;0.0
2030-08-19 15:00:00;438.6476024195891;1040.4688132120662;0.0;210.02100210021004;0.0;0.0;0.0;0.0
2030-08-19 16:00:00;438.7110653532957;1040.4688132120662;0.0;210.02100210021004;0.0;0.0;0.0;0.0
2030-08-19 17:00:00;511.3149672475117;1040.4688132120662;0.0;210.02100210021004;0.0;0.0;0.0;0.0
2030-08-19 18:00:00;511.4747194073316;1040.4688132120662;0.0;210.02100210021004;0.0;0.0;0.0;0.0
2030-08-19 19:00:00;511.7047272462393;1040.4688132120662;0.0;210.02100210021004;0.0;0.0;0.0;0.0
2030-08-19 20:00:00;513.725667294329;1040.4688132120662;0.0;210.02100210021004;0.0;0.0;0.0;0.0
2030-08-19 21:00:00;513.5660662097469;1040.4688132120662;0.0;210.02100210021004;0.0;0.0;0.0;0.0
2030-08-19 22:00:00;512.4990007536785;1040.4688132120662;0.0;210.02100210021004;0.0;0.0;0.0;0.0
2030-08-19 23:00:00;512.3978094303396;1040.4688132120662;0.0;210.02100210021004;0.0;0.0;0.0;0.0
2030-08-20 00:00:00;512.0793741756963;1040.4688132120662;0.0;210.02100210021004;0.0;0.0;0.0;0.0
2030-08-20 01:00:00;512.0957114954603;1040.4688132120662;0.0;210.02100210021004;0.0;0.0;0.0;0.0
2030-08-20 02:00:00;512.641702362859;1040.4688132120662;0.0;210.02100210021004;0.0;0.0;0.0;0.0
2030-08-20 03:00:00;512.6515053797708;1040.4688132120662;0.0;210.02100210021004;0.0;0.0;0.0;0.0
2030-08-20 04:00:00;512.8110541507938;1040.4688132120662;0.0;210.02100210021004;0.0;0.0;0.0;0.0
2030-08-20 05:00:00;513.3731775790732;1040.4688132120662;0.0;210.02100210021004;0.0;0.0;0.0;0.0
2030-08-20 06:00:00;514.0165318328334;1040.4688132120662;0.0;210.02100210021004;0.0;0.0;0.0;0.0
2030-08-20 07:00:00;514.9873057077095;1040.4688132120662;0.0;210.02100210021004;0.0;0.0;0.0;0.0
2030-08-20 08:00:00;515.6314253133573;1040.4688132120662;0.0;210.02100210021004;0.0;0.0;0.0;0.0
2030-08-20 09:00:00;515.2535110399272;1040.4688132120662;0.0;210.02100210021004;0.0;0.0;0.0;0.0
2030-08-20 10:00:00;442.2188500733071;1040.4688132120662;0.0;210.02100210021004;0.0;0.0;0.0;0.0
2030-08-20 11:00:00;442.2099152802207;1040.4688132120662;0.0;210.02100210021004;0.0;0.0;0.0;0.0
2030-08-20 12:00:00;442.5835922914539;1040.4688132120662;0.0;210.02100210021004;0.0;0.0;0.0;0.0
2030-08-20 13:00:00;442.3826882275392;1040.4688132120662;0.0;210.02100210021004;0.0;0.0;0.0;0.0
2030-08-20 14:00:00;442.5150248567172;1040.4688132120662;0.0;210.02100210021004;0.0;0.0;0.0;0.0
2030-08-20 15:00:00;442.648790687819;1040.4688132120662;0.0;210.02100210021004;0.0;0.0;0.0;0.0
2030-08-20 16:00:00;514.8028927789694;1040.4688132120662;0.0;210.02100210021004;0.0;0.0;0.0;0.0
2030-08-20 17:00:00;515.1280661103558;1040.4688132120662;0.0;210.02100210021004;0.0;0.0;0.0;0.0
2030-08-20 18:00:00;514.9411004386045;1040.4688132120662;0.0;210.02100210021004;0.0;0.0;0.0;0.0
2030-08-20 19:00:00;514.5674236199184;1040.4688132120662;0.0;210.02100210021004;0.0;0.0;0.0;0.0
2030-08-20 20:00:00;514.6423740897226;1040.4688132120662;0.0;210.02100210021004;0.0;0.0;0.0;0.0
2030-08-20 21:00:00;514.3423686291619;1040.4688132120662;0.0;210.02100210021004;0.0;0.0;0.0;0.0
2030-08-20 22:00:00;514.0291940460381;1040.4688132120662;0.0;210.02100210021004;0.0;0.0;0.0;0.0
2030-08-20 23:00:00;513.4197402449327;1040.4688132120662;0.0;210.02100210021004;0.0;0.0;0.0;0.0
2030-08-21 00:00:00;511.4123813847989;1040.4688132120662;0.0;210.02100210021004;0.0;0.0;0.0;0.0
2030-08-21 01:00:00;511.4334671789248;1040.4688132120662;0.0;210.02100210021004;0.0;0.0;0.0;0.0
2030-08-21 02:00:00;511.7858028862231;1040.4688132120662;0.0;210.02100210021004;0.0;0.0;0.0;0.0
2030-08-21 03:00:00;511.9760380644793;1040.4688132120662;0.0;210.02100210021004;0.0;0.0;0.0;0.0
2030-08-21 04:00:00;511.9435146927362;1040.4688132120662;0.0;210.02100210021004;0.0;0.0;0.0;0.0
2030-08-21 05:00:00;511.924113417796;1040.4688132120662;0.0;210.02100210021004;0.0;0.0;0.0;0.0
2030-08-21 06:00:00;513.0818020209508;1040.4688132120662;0.0;210.02100210021004;0.0;0.0;0.0;0.0
2030-08-21 07:00:00;513.2460495004025;1040.4688132120662;0.0;210.02100210021004;0.0;0.0;0.0;0.0
2030-08-21 08:00:00;513.7270972886981;1040.4688132120662;0.0;210.02100210021004;0.0;0.0;0.0;0.0
2030-08-21 09:00:00;513.6428040706744;1040.4688132120662;0.0;210.02100210021004;0.0;0.0;0.0;0.0
2030-08-21 10:00:00;495.5935233098839;1040.4688132120662;0.0;210.02100210021004;0.0;0.0;0.0;0.0
2030-08-21 11:00:00;440.5699025172647;1040.4688132120662;0.0;210.02100210021004;0.0;0.0;0.0;0.0
2030-08-21 12:00:00;441.797283273783;1040.4688132120662;0.0;210.02100210021004;0.0;0.0;0.0;0.0
2030-08-21 13:00:00;440.6578214610083;1040.4688132120662;0.0;210.02100210021004;0.0;0.0;0.0;0.0
2030-08-21 14:00:00;440.139810442421;1040.4688132120662;0.0;210.02100210021004;0.0;0.0;0.0;0.0
2030-08-21 15:00:00;439.980106678448;1040.4688132120662;0.0;210.02100210021004;0.0;0.0;0.0;0.0
2030-08-21 16:00:00;512.5628210841396;1040.4688132120662;0.0;210.02100210021004;0.0;0.0;0.0;0.0
2030-08-21 17:00:00;512.8417889538739;1040.4688132120662;0.0;210.02100210021004;0.0;0.0;0.0;0.0
2030-08-21 18:00:00;514.5014586941262;1040.4688132120662;0.0;210.02100210021004;0.0;0.0;0.0;0.0
2030-08-21 19:00:00;514.7967652537109;1040.4688132120662;0.0;210.02100210021004;0.0;0.0;0.0;0.0
2030-08-21 20:00:00;514.7030264155301;1040.4688132120662;0.0;210.02100210021004;0.0;0.0;0.0;0.0
2030-08-21 21:00:00;514.3599329395922;1040.4688132120662;0.0;210.02100210021004;0.0;0.0;0.0;0.0
2030-08-21 22:00:00;513.8041899987545;1040.4688132120662;0.0;210.02100210021004;0.0;0.0;0.0;0.0
2030-08-21 23:00:00;513.585467484687;1040.4688132120662;0.0;210.02100210021004;0.0;0.0;0.0;0.0
2030-08-22 00:00:00;513.4964781058605;1040.4688132120662;0.0;210.02100210021004;0.0;0.0;0.0;0.0
2030-08-22 01:00:00;513.6642458914685;1040.4688132120662;0.0;210.02100210021004;0.0;0.0;0.0;0.0
2030-08-22 02:00:00;513.6076260689747;1040.4688132120662;0.0;210.02100210021004;0.0;0.0;0.0;0.0
2030-08-22 03:00:00;513.5132745167774;1040.4688132120662;0.0;210.02100210021004;0.0;0.0;0.0;0.0
2030-08-22 04:00:00;513.4770247099082;1040.4688132120662;0.0;210.02100210021004;0.0;0.0;0.0;0.0
2030-08-22 05:00:00;513.6385656309382;1040.4688132120662;0.0;210.02100210021004;0.0;0.0;0.0;0.0
2030-08-22 06:00:00;514.4428467216253;1040.4688132120662;0.0;210.02100210021004;0.0;0.0;0.0;0.0
2030-08-22 07:00:00;514.3544179358032;1040.4688132120662;0.0;210.02100210021004;0.0;0.0;0.0;0.0
2030-08-22 08:00:00;514.612504962842;1040.4688132120662;0.0;210.02100210021004;0.0;0.0;0.0;0.0
2030-08-22 09:00:00;514.5174388096827;1040.4688132120662;0.0;210.02100210021004;0.0;0.0;0.0;0.0
2030-08-22 10:00:00;514.4184430251476;1040.4688132120662;0.0;210.02100210021004;0.0;0.0;0.0;0.0
2030-08-22 11:00:00;514.3434925553435;1040.4688132120662;0.0;210.02100210021004;0.0;0.0;0.0;0.0
2030-08-22 12:00:00;514.1069515911231;1040.4688132120662;0.0;210.02100210021004;0.0;0.0;0.0;0.0
2030-08-22 13:00:00;513.1107010370604;1040.4688132120662;0.0;210.02100210021004;0.0;0.0;0.0;0.0
2030-08-22 14:00:00;513.0050155716291;1040.4688132120662;0.0;210.02100210021004;0.0;0.0;0.0;0.0
2030-08-22 15:00:00;475.4545764246963;1040.4688132120662;0.0;210.02100210021004;0.0;0.0;0.0;0.0
2030-08-22 16:00:00;513.2899052227461;1040.4688132120662;0.0;210.02100210021004;0.0;0.0;0.0;0.0
2030-08-22 17:00:00;513.521954785047;1040.4688132120662;0.0;210.02100210021004;0.0;0.0;0.0;0.0
2030-08-22 18:00:00;513.8353354971407;1040.4688132120662;0.0;210.02100210021004;0.0;0.0;0.0;0.0
2030-08-22 19:00:00;514.258740438714;1040.4688132120662;0.0;210.02100210021004;0.0;0.0;0.0;0.0
2030-08-22 20:00:00;514.2420964731213;1040.4688132120662;0.0;210.02100210021004;0.0;0.0;0.0;0.0
2030-08-22 21:00:00;514.0032557280729;1040.4688132120662;0.0;210.02100210021004;0.0;0.0;0.0;0.0
2030-08-22 22:00:00;513.4676819616886;1040.4688132120662;0.0;210.02100210021004;0.0;0.0;0.0;0.0
2030-08-22 23:00:00;513.4712046229238;1040.4688132120662;0.0;210.02100210021004;0.0;0.0;0.0;0.0
2030-08-23 00:00:00;513.17564255353;1040.4688132120662;0.0;210.02100210021004;0.0;0.0;0.0;0.0
2030-08-23 01:00:00;440.2931809372599;1040.4688132120662;0.0;210.02100210021004;0.0;0.0;0.0;0.0
2030-08-23 02:00:00;440.4455824988672;1040.4688132120662;0.0;210.02100210021004;0.0;0.0;0.0;0.0
2030-08-23 03:00:00;440.5514711605484;1040.4688132120662;0.0;210.02100210021004;0.0;0.0;0.0;0.0
2030-08-23 04:00:00;440.6268297780327;1040.4688132120662;0.0;210.02100210021004;0.0;0.0;0.0;0.0
2030-08-23 05:00:00;440.9939722938667;1040.4688132120662;0.0;210.02100210021004;0.0;0.0;0.0;0.0
2030-08-23 06:00:00;440.7595747474379;1040.4688132120662;0.0;210.02100210021004;0.0;0.0;0.0;0.0
2030-08-23 07:00:00;441.2401636371276;1040.4688132120662;0.0;210.02100210021004;0.0;0.0;0.0;0.0
2030-08-23 08:00:00;441.7576126926242;1040.4688132120662;0.0;210.02100210021004;0.0;0.0;0.0;0.0
2030-08-23 09:00:00;442.0632840396644;1040.4688132120662;0.0;210.02100210021004;0.0;0.0;0.0;0.0
2030-08-23 10:00:00;441.4192153774893;1040.4688132120662;0.0;210.02100210021004;0.0;0.0;0.0;0.0
2030-08-23 11:00:00;440.7796406648597;1040.4688132120662;0.0;210.02100210021004;0.0;0.0;0.0;0.0
2030-08-23 12:00:00;440.5940518814729;1040.4688132120662;0.0;210.02100210021004;0.0;0.0;0.0;0.0
2030-08-23 13:00:00;440.5138434803222;1040.4688132120662;0.0;210.02100210021004;0.0;0.0;0.0;0.0
2030-08-23 14:00:00;440.7301149457769;1040.4688132120662;0.0;210.02100210021004;0.0;0.0;0.0;0.0
2030-08-23 15:00:00;440.8401912962688;1040.4688132120662;0.0;210.02100210021004;0.0;0.0;0.0;0.0
2030-08-23 16:00:00;441.0972076956775;1040.4688132120662;0.0;210.02100210021004;0.0;0.0;0.0;0.0
2030-08-23 17:00:00;440.9588450430925;1040.4688132120662;0.0;210.02100210021004;0.0;0.0;0.0;0.0
2030-08-23 18:00:00;441.1251342459375;1040.4688132120662;0.0;210.02100210021004;0.0;0.0;0.0;0.0
2030-08-23 19:00:00;441.4003251221671;1040.4688132120662;0.0;210.02100210021004;0.0;0.0;0.0;0.0
2030-08-23 20:00:00;440.6637432423911;1040.4688132120662;0.0;210.02100210021004;0.0;0.0;0.0;0.0
2030-08-23 21:00:00;440.4694244248013;1040.4688132120662;0.0;210.02100210021004;0.0;0.0;0.0;0.0
2030-08-23 22:00:00;439.8473617090428;1040.4688132120662;0.0;210.02100210021004;0.0;0.0;0.0;0.0
2030-08-23 23:00:00;439.6705055074849;1040.4688132120662;0.0;210.02100210021004;0.0;0.0;0.0;0.0
2030-08-24 00:00:00;438.7835647744871;1040.4688132120662;0.0;210.02100210021004;0.0;0.0;0.0;0.0
2030-08-24 01:00:00;437.7598963347037;1040.4688132120662;0.0;210.02100210021004;0.0;0.0;0.0;0.0
2030-08-24 02:00:00;437.6673331586223;1040.4688132120662;0.0;210.02100210021004;0.0;0.0;0.0;0.0
2030-08-24 03:00:00;437.725637307755;1040.4688132120662;0.0;210.02100210021004;0.0;0.0;0.0;0.0
2030-08-24 04:00:00;437.8511333733461;1040.4688132120662;0.0;210.02100210021004;0.0;0.0;0.0;0.0
2030-08-24 05:00:00;437.7029688813886;1040.4688132120662;0.0;210.02100210021004;0.0;0.0;0.0;0.0
2030-08-24 06:00:00;438.1404660305359;1040.4688132120662;0.0;210.02100210021004;0.0;0.0;0.0;0.0
2030-08-24 07:00:00;438.4596668296139;1040.4688132120662;0.0;210.02100210021004;0.0;0.0;0.0;0.0
2030-08-24 08:00:00;438.5953723046164;1040.4688132120662;0.0;210.02100210021004;0.0;0.0;0.0;0.0
2030-08-24 09:00:00;438.5345649858588;1040.4688132120662;0.0;210.02100210021004;0.0;0.0;0.0;0.0
2030-08-24 10:00:00;437.4198695214036;1040.4688132120662;0.0;210.02100210021004;0.0;0.0;0.0;0.0
2030-08-24 11:00:00;437.407904543623;1040.4688132120662;0.0;210.02100210021004;0.0;0.0;0.0;0.0
2030-08-24 12:00:00;437.3852098268858;1040.4688132120662;0.0;210.02100210021004;0.0;0.0;0.0;0.0
2030-08-24 13:00:00;437.3876543986675;1040.4688132120662;0.0;210.02100210021004;0.0;0.0;0.0;0.0
2030-08-24 14:00:00;437.387398872619;1040.4688132120662;0.0;210.02100210021004;0.0;0.0;0.0;0.0
2030-08-24 15:00:00;437.3776900603169;1040.4688132120662;0.0;210.02100210021004;0.0;0.0;0.0;0.0
2030-08-24 16:00:00;437.3921455339155;1040.4688132120662;0.0;210.02100210021004;0.0;0.0;0.0;0.0
2030-08-24 17:00:00;509.8542107912538;1040.4688132120662;0.0;210.02100210021004;0.0;0.0;0.0;0.0
2030-08-24 18:00:00;510.2642391112074;1040.4688132120662;0.0;210.02100210021004;0.0;0.0;0.0;0.0
2030-08-24 19:00:00;510.3695685499707;1040.4688132120662;0.0;210.02100210021004;0.0;0.0;0.0;0.0
2030-08-24 20:00:00;509.7059955483706;1040.4688132120662;0.0;210.02100210021004;0.0;0.0;0.0;0.0
2030-08-24 21:00:00;509.7366300271387;1040.4688132120662;0.0;210.02100210021004;0.0;0.0;0.0;0.0
2030-08-24 22:00:00;509.7576635077055;1040.4688132120662;0.0;210.02100210021004;0.0;0.0;0.0;0.0
2030-08-24 23:00:00;508.7700922369202;1040.4688132120662;0.0;210.02100210021004;0.0;0.0;0.0;0.0
2030-08-25 00:00:00;507.2837064636045;1040.4688132120662;0.0;210.02100210021004;0.0;0.0;0.0;0.0
2030-08-25 01:00:00;506.3171712210118;1040.4688132120662;0.0;210.02100210021004;0.0;0.0;0.0;0.0
2030-08-25 02:00:00;506.2065315373427;1040.4688132120662;0.0;210.02100210021004;0.0;0.0;0.0;0.0
2030-08-25 03:00:00;506.0095596524297;1040.4688132120662;0.0;210.02100210021004;0.0;0.0;0.0;0.0
2030-08-25 04:00:00;506.0625561042825;1040.4688132120662;0.0;210.02100210021004;0.0;0.0;0.0;0.0
2030-08-25 05:00:00;505.9435451532513;1040.4688132120662;0.0;210.02100210021004;0.0;0.0;0.0;0.0
2030-08-25 06:00:00;505.7694450835015;1040.4688132120662;0.0;210.02100210021004;0.0;0.0;0.0;0.0
2030-08-25 07:00:00;506.4407256949746;1040.4688132120662;0.0;210.02100210021004;0.0;0.0;0.0;0.0
2030-08-25 08:00:00;506.286893946451;1040.4688132120662;0.0;210.02100210021004;0.0;0.0;0.0;0.0
2030-08-25 09:00:00;505.2994762985292;1040.4688132120662;0.0;210.02100210021004;0.0;0.0;0.0;0.0
2030-08-25 10:00:00;505.3177550173744;1040.4688132120662;0.0;210.02100210021004;0.0;0.0;0.0;0.0
2030-08-25 11:00:00;453.5545432284229;1040.4688132120662;0.0;210.02100210021004;0.0;0.0;0.0;0.0
2030-08-25 12:00:00;437.5915112310656;1040.4688132120662;0.0;210.02100210021004;0.0;0.0;0.0;0.0
2030-08-25 13:00:00;437.2755703114666;1040.4688132120662;0.0;210.02100210021004;0.0;0.0;0.0;0.0
2030-08-25 14:00:00;504.8229720331653;1040.4688132120662;0.0;210.02100210021004;0.0;0.0;0.0;0.0
2030-08-25 15:00:00;505.6715197340493;1040.4688132120662;0.0;210.02100210021004;0.0;0.0;0.0;0.0
2030-08-25 16:00:00;507.6453860966615;1040.4688132120662;0.0;210.02100210021004;0.0;0.0;0.0;0.0
2030-08-25 17:00:00;508.1838711803507;1040.4688132120662;0.0;210.02100210021004;0.0;0.0;0.0;0.0
2030-08-25 18:00:00;508.5893557848257;1040.4688132120662;0.0;210.02100210021004;0.0;0.0;0.0;0.0
2030-08-25 19:00:00;508.6406157890275;1040.4688132120662;0.0;210.02100210021004;0.0;0.0;0.0;0.0
2030-08-25 20:00:00;508.8339123748343;1040.4688132120662;0.0;210.02100210021004;0.0;0.0;0.0;0.0
2030-08-25 21:00:00;509.5785608238712;1040.4688132120662;0.0;210.02100210021004;0.0;0.0;0.0;0.0
2030-08-25 22:00:00;509.5396567721393;1040.4688132120662;0.0;210.02100210021004;0.0;0.0;0.0;0.0
2030-08-25 23:00:00;509.7264698060195;1040.4688132120662;0.0;210.02100210021004;0.0;0.0;0.0;0.0
2030-08-26 00:00:00;510.3541490274185;1040.4688132120662;0.0;210.02100210021004;0.0;0.0;0.0;0.0
2030-08-26 01:00:00;510.5114005652393;1040.4688132120662;0.0;210.02100210021004;0.0;0.0;0.0;0.0
2030-08-26 02:00:00;510.9288837254299;1040.4688132120662;0.0;210.02100210021004;0.0;0.0;0.0;0.0
2030-08-26 03:00:00;511.1293796416644;1040.4688132120662;0.0;210.02100210021004;0.0;0.0;0.0;0.0
2030-08-26 04:00:00;510.9022323691362;1040.4688132120662;0.0;210.02100210021004;0.0;0.0;0.0;0.0
2030-08-26 05:00:00;511.2059638797286;1040.4688132120662;0.0;210.02100210021004;0.0;0.0;0.0;0.0
2030-08-26 06:00:00;439.2947348443934;1040.4688132120662;0.0;210.02100210021004;0.0;0.0;0.0;0.0
2030-08-26 07:00:00;440.4148463257006;1040.4688132120662;0.0;210.02100210021004;0.0;0.0;0.0;0.0
2030-08-26 08:00:00;440.2947635695002;1040.4688132120662;0.0;210.02100210021004;0.0;0.0;0.0;0.0
2030-08-26 09:00:00;440.3772186454745;1040.4688132120662;0.0;210.02100210021004;0.0;0.0;0.0;0.0
2030-08-26 10:00:00;440.0048180057469;1040.4688132120662;0.0;210.02100210021004;0.0;0.0;0.0;0.0
2030-08-26 11:00:00;439.7761896028298;1040.4688132120662;0.0;210.02100210021004;0.0;0.0;0.0;0.0
2030-08-26 12:00:00;439.4524962242929;1040.4688132120662;0.0;210.02100210021004;0.0;0.0;0.0;0.0
2030-08-26 13:00:00;439.1088905511977;1040.4688132120662;0.0;210.02100210021004;0.0;0.0;0.0;0.0
2030-08-26 14:00:00;440.4924514254615;1040.4688132120662;0.0;210.02100210021004;0.0;0.0;0.0;0.0
2030-08-26 15:00:00;440.4975580890234;1040.4688132120662;0.0;210.02100210021004;0.0;0.0;0.0;0.0
2030-08-26 16:00:00;439.7984003081297;1040.4688132120662;0.0;210.02100210021004;0.0;0.0;0.0;0.0
2030-08-26 17:00:00;439.0982204879999;1040.4688132120662;0.0;210.02100210021004;0.0;0.0;0.0;0.0
2030-08-26 18:00:00;440.0445397229255;1040.4688132120662;0.0;210.02100210021004;0.0;0.0;0.0;0.0
2030-08-26 19:00:00;440.1673278600084;1040.4688132120662;0.0;210.02100210021004;0.0;0.0;0.0;0.0
2030-08-26 20:00:00;439.9174114517078;1040.4688132120662;0.0;210.02100210021004;0.0;0.0;0.0;0.0
2030-08-26 21:00:00;440.3002785732892;1040.4688132120662;0.0;210.02100210021004;0.0;0.0;0.0;0.0
2030-08-26 22:00:00;439.2748733007609;1040.4688132120662;0.0;210.02100210021004;0.0;0.0;0.0;0.0
2030-08-26 23:00:00;437.7482054098093;1040.4688132120662;0.0;210.02100210021004;0.0;0.0;0.0;0.0
2030-08-27 00:00:00;438.0740929570636;1040.4688132120662;0.0;210.02100210021004;0.0;0.0;0.0;0.0
2030-08-27 01:00:00;438.3211515391577;1040.4688132120662;0.0;210.02100210021004;0.0;0.0;0.0;0.0
2030-08-27 02:00:00;439.0573254638006;1040.4688132120662;0.0;210.02100210021004;0.0;0.0;0.0;0.0
2030-08-27 03:00:00;439.0218410088189;1040.4688132120662;0.0;210.02100210021004;0.0;0.0;0.0;0.0
2030-08-27 04:00:00;438.471052478766;1040.4688132120662;0.0;210.02100210021004;0.0;0.0;0.0;0.0
2030-08-27 05:00:00;438.5186358137751;1040.4688132120662;0.0;210.02100210021004;0.0;0.0;0.0;0.0
2030-08-27 06:00:00;438.8033740045604;1040.4688132120662;0.0;210.02100210021004;0.0;0.0;0.0;0.0
2030-08-27 07:00:00;440.4239349341976;1040.4688132120662;0.0;210.02100210021004;0.0;0.0;0.0;0.0
2030-08-27 08:00:00;440.502101611955;1040.4688132120662;0.0;210.02100210021004;0.0;0.0;0.0;0.0
2030-08-27 09:00:00;440.4466021830245;1040.4688132120662;0.0;210.02100210021004;0.0;0.0;0.0;0.0
2030-08-27 10:00:00;440.1484376046861;1040.4688132120662;0.0;210.02100210021004;0.0;0.0;0.0;0.0
2030-08-27 11:00:00;439.7774164009492;1040.4688132120662;0.0;210.02100210021004;0.0;0.0;0.0;0.0
2030-08-27 12:00:00;438.9897269622954;1040.4688132120662;0.0;210.02100210021004;0.0;0.0;0.0;0.0
2030-08-27 13:00:00;438.8147077252474;1040.4688132120662;0.0;210.02100210021004;0.0;0.0;0.0;0.0
2030-08-27 14:00:00;438.5650964001421;1040.4688132120662;0.0;210.02100210021004;0.0;0.0;0.0;0.0
2030-08-27 15:00:00;438.4178005171042;1040.4688132120662;0.0;210.02100210021004;0.0;0.0;0.0;0.0
2030-08-27 16:00:00;438.8825617365616;1040.4688132120662;0.0;210.02100210021004;0.0;0.0;0.0;0.0
2030-08-27 17:00:00;439.215087036247;1040.4688132120662;0.0;210.02100210021004;0.0;0.0;0.0;0.0
2030-08-27 18:00:00;439.2287189751286;1040.4688132120662;0.0;210.02100210021004;0.0;0.0;0.0;0.0
2030-08-27 19:00:00;439.6765289832662;1040.4688132120662;0.0;210.02100210021004;0.0;0.0;0.0;0.0
2030-08-27 20:00:00;439.0945961323664;1040.4688132120662;0.0;210.02100210021004;0.0;0.0;0.0;0.0
2030-08-27 21:00:00;468.2623150730103;1040.4688132120662;0.0;210.02100210021004;0.0;0.0;0.0;0.0
2030-08-27 22:00:00;511.1736448817747;1040.4688132120662;0.0;210.02100210021004;0.0;0.0;0.0;0.0
2030-08-27 23:00:00;510.5421874893316;1040.4688132120662;0.0;210.02100210021004;0.0;0.0;0.0;0.0
2030-08-28 00:00:00;510.8027751383694;1040.4688132120662;0.0;210.02100210021004;0.0;0.0;0.0;0.0
2030-08-28 01:00:00;510.5500491071621;1040.4688132120662;0.0;210.02100210021004;0.0;0.0;0.0;0.0
2030-08-28 02:00:00;510.8966170410351;1040.4688132120662;0.0;210.02100210021004;0.0;0.0;0.0;0.0
2030-08-28 03:00:00;511.1824777879156;1040.4688132120662;0.0;210.02100210021004;0.0;0.0;0.0;0.0
2030-08-28 04:00:00;510.9451193507954;1040.4688132120662;0.0;210.02100210021004;0.0;0.0;0.0;0.0
2030-08-28 05:00:00;511.1606764078353;1040.4688132120662;0.0;210.02100210021004;0.0;0.0;0.0;0.0
2030-08-28 06:00:00;512.5089054649887;1040.4688132120662;0.0;210.02100210021004;0.0;0.0;0.0;0.0
2030-08-28 07:00:00;512.9412971281135;1040.4688132120662;0.0;210.02100210021004;0.0;0.0;0.0;0.0
2030-08-28 08:00:00;513.0465221323054;1040.4688132120662;0.0;210.02100210021004;0.0;0.0;0.0;0.0
2030-08-28 09:00:00;440.9097819477809;1040.4688132120662;0.0;210.02100210021004;0.0;0.0;0.0;0.0
2030-08-28 10:00:00;440.8905333107119;1040.4688132120662;0.0;210.02100210021004;0.0;0.0;0.0;0.0
2030-08-28 11:00:00;440.6542974296868;1040.4688132120662;0.0;210.02100210021004;0.0;0.0;0.0;0.0
2030-08-28 12:00:00;440.919634538079;1040.4688132120662;0.0;210.02100210021004;0.0;0.0;0.0;0.0
2030-08-28 13:00:00;440.9346968564237;1040.4688132120662;0.0;210.02100210021004;0.0;0.0;0.0;0.0
2030-08-28 14:00:00;440.3662930724677;1040.4688132120662;0.0;210.02100210021004;0.0;0.0;0.0;0.0
2030-08-28 15:00:00;439.9311452775348;1040.4688132120662;0.0;210.02100210021004;0.0;0.0;0.0;0.0
2030-08-28 16:00:00;439.9147035231995;1040.4688132120662;0.0;210.02100210021004;0.0;0.0;0.0;0.0
2030-08-28 17:00:00;440.2905264998502;1040.4688132120662;0.0;210.02100210021004;0.0;0.0;0.0;0.0
2030-08-28 18:00:00;440.4507896792881;1040.4688132120662;0.0;210.02100210021004;0.0;0.0;0.0;0.0
2030-08-28 19:00:00;451.7008757054281;1040.4688132120662;0.0;210.02100210021004;0.0;0.0;0.0;0.0
2030-08-28 20:00:00;441.0085743435191;1040.4688132120662;0.0;210.02100210021004;0.0;0.0;0.0;0.0
2030-08-28 21:00:00;441.0726490062498;1040.4688132120662;0.0;210.02100210021004;0.0;0.0;0.0;0.0
2030-08-28 22:00:00;440.5283438355763;1040.4688132120662;0.0;210.02100210021004;0.0;0.0;0.0;0.0
2030-08-28 23:00:00;439.9529454800758;1040.4688132120662;0.0;210.02100210021004;0.0;0.0;0.0;0.0
2030-08-29 00:00:00;440.3327995899537;1040.4688132120662;0.0;210.02100210021004;0.0;0.0;0.0;0.0
2030-08-29 01:00:00;440.5435078483195;1040.4688132120662;0.0;210.02100210021004;0.0;0.0;0.0;0.0
2030-08-29 02:00:00;440.500671617586;1040.4688132120662;0.0;210.02100210021004;0.0;0.0;0.0;0.0
2030-08-29 03:00:00;440.3849276254339;1040.4688132120662;0.0;210.02100210021004;0.0;0.0;0.0;0.0
2030-08-29 04:00:00;440.7099483189492;1040.4688132120662;0.0;210.02100210021004;0.0;0.0;0.0;0.0
2030-08-29 05:00:00;440.3281020590642;1040.4688132120662;0.0;210.02100210021004;0.0;0.0;0.0;0.0
2030-08-29 06:00:00;441.6403381892439;1040.4688132120662;0.0;210.02100210021004;0.0;0.0;0.0;0.0
2030-08-29 07:00:00;442.4222571142996;1040.4688132120662;0.0;210.02100210021004;0.0;0.0;0.0;0.0
2030-08-29 08:00:00;442.1733592126169;1040.4688132120662;0.0;210.02100210021004;0.0;0.0;0.0;0.0
2030-08-29 09:00:00;441.6373263550798;1040.4688132120662;0.0;210.02100210021004;0.0;0.0;0.0;0.0
2030-08-29 10:00:00;441.1416763245848;1040.4688132120662;0.0;210.02100210021004;0.0;0.0;0.0;0.0
2030-08-29 11:00:00;442.0444435502756;1040.4688132120662;0.0;210.02100210021004;0.0;0.0;0.0;0.0
2030-08-29 12:00:00;441.8917876563985;1040.4688132120662;0.0;210.02100210021004;0.0;0.0;0.0;0.0
2030-08-29 13:00:00;441.9214520243958;1040.4688132120662;0.0;210.02100210021004;0.0;0.0;0.0;0.0
2030-08-29 14:00:00;442.0528175578105;1040.4688132120662;0.0;210.02100210021004;0.0;0.0;0.0;0.0
2030-08-29 15:00:00;442.6808042174836;1040.4688132120662;0.0;210.02100210021004;0.0;0.0;0.0;0.0
2030-08-29 16:00:00;442.7328791469593;1040.4688132120662;0.0;210.02100210021004;0.0;0.0;0.0;0.0
2030-08-29 17:00:00;442.0217253579758;1040.4688132120662;0.0;210.02100210021004;0.0;0.0;0.0;0.0
2030-08-29 18:00:00;514.8012592032562;1040.4688132120662;0.0;210.02100210021004;0.0;0.0;0.0;0.0
2030-08-29 19:00:00;514.7098683492034;1040.4688132120662;0.0;210.02100210021004;0.0;0.0;0.0;0.0
2030-08-29 20:00:00;514.4730223017876;1040.4688132120662;0.0;210.02100210021004;0.0;0.0;0.0;0.0
2030-08-29 21:00:00;514.4037900320225;1040.4688132120662;0.0;210.02100210021004;0.0;0.0;0.0;0.0
2030-08-29 22:00:00;513.736949878996;1040.4688132120662;0.0;210.02100210021004;0.0;0.0;0.0;0.0
2030-08-29 23:00:00;513.550136845116;1040.4688132120662;0.0;210.02100210021004;0.0;0.0;0.0;0.0
2030-08-30 00:00:00;514.4280412831761;1040.4688132120662;0.0;210.02100210021004;0.0;0.0;0.0;0.0
2030-08-30 01:00:00;513.8344659032286;1040.4688132120662;0.0;210.02100210021004;0.0;0.0;0.0;0.0
2030-08-30 02:00:00;440.9088106594705;1040.4688132120662;0.0;210.02100210021004;0.0;0.0;0.0;0.0
2030-08-30 03:00:00;513.7072868810853;1040.4688132120662;0.0;210.02100210021004;0.0;0.0;0.0;0.0
2030-08-30 04:00:00;513.8297697424259;1040.4688132120662;0.0;210.02100210021004;0.0;0.0;0.0;0.0
2030-08-30 05:00:00;513.9325450680915;1040.4688132120662;0.0;210.02100210021004;0.0;0.0;0.0;0.0
2030-08-30 06:00:00;514.2535840092189;1040.4688132120662;0.0;210.02100210021004;0.0;0.0;0.0;0.0
2030-08-30 07:00:00;514.8753910226213;1040.4688132120662;0.0;210.02100210021004;0.0;0.0;0.0;0.0
2030-08-30 08:00:00;442.5498965976824;1040.4688132120662;0.0;210.02100210021004;0.0;0.0;0.0;0.0
2030-08-30 09:00:00;443.7177452294093;1040.4688132120662;0.0;210.02100210021004;0.0;0.0;0.0;0.0
2030-08-30 10:00:00;441.3646882218614;1040.4688132120662;0.0;210.02100210021004;0.0;0.0;0.0;0.0
2030-08-30 11:00:00;441.5508873641858;1040.4688132120662;0.0;210.02100210021004;0.0;0.0;0.0;0.0
2030-08-30 12:00:00;441.4494924595029;1040.4688132120662;0.0;210.02100210021004;0.0;0.0;0.0;0.0
2030-08-30 13:00:00;440.7618210371674;1040.4688132120662;0.0;210.02100210021004;0.0;0.0;0.0;0.0
2030-08-30 14:00:00;440.9080441300435;1040.4688132120662;0.0;210.02100210021004;0.0;0.0;0.0;0.0
2030-08-30 15:00:00;441.1463738554741;1040.4688132120662;0.0;210.02100210021004;0.0;0.0;0.0;0.0
2030-08-30 16:00:00;440.8518324552298;1040.4688132120662;0.0;210.02100210021004;0.0;0.0;0.0;0.0
2030-08-30 17:00:00;441.4147747264955;1040.4688132120662;0.0;210.02100210021004;0.0;0.0;0.0;0.0
2030-08-30 18:00:00;441.563192180636;1040.4688132120662;0.0;210.02100210021004;0.0;0.0;0.0;0.0
2030-08-30 19:00:00;441.5920900192062;1040.4688132120662;0.0;210.02100210021004;0.0;0.0;0.0;0.0
2030-08-30 20:00:00;442.1713174892236;1040.4688132120662;0.0;210.02100210021004;0.0;0.0;0.0;0.0
2030-08-30 21:00:00;442.4065313310127;1040.4688132120662;0.0;210.02100210021004;0.0;0.0;0.0;0.0
2030-08-30 22:00:00;441.8096899771788;1040.4688132120662;0.0;210.02100210021004;0.0;0.0;0.0;0.0
2030-08-30 23:00:00;440.8481064051979;1040.4688132120662;0.0;210.02100210021004;0.0;0.0;0.0;0.0
2030-08-31 00:00:00;440.1234719451177;1040.4688132120662;0.0;210.02100210021004;0.0;0.0;0.0;0.0
2030-08-31 01:00:00;440.0841595531587;1040.4688132120662;0.0;210.02100210021004;0.0;0.0;0.0;0.0
2030-08-31 02:00:00;439.6936328324571;1040.4688132120662;0.0;210.02100210021004;0.0;0.0;0.0;0.0
2030-08-31 03:00:00;439.3668249403652;1040.4688132120662;0.0;210.02100210021004;0.0;0.0;0.0;0.0
2030-08-31 04:00:00;439.1608661413538;1040.4688132120662;0.0;210.02100210021004;0.0;0.0;0.0;0.0
2030-08-31 05:00:00;439.3467090644631;1040.4688132120662;0.0;210.02100210021004;0.0;0.0;0.0;0.0
2030-08-31 06:00:00;439.7556136507824;1040.4688132120662;0.0;210.02100210021004;0.0;0.0;0.0;0.0
2030-08-31 07:00:00;440.1064695977781;1040.4688132120662;0.0;210.02100210021004;0.0;0.0;0.0;0.0
2030-08-31 08:00:00;440.7843368256625;1040.4688132120662;0.0;210.02100210021004;0.0;0.0;0.0;0.0
2030-08-31 09:00:00;440.6852889201152;1040.4688132120662;0.0;210.02100210021004;0.0;0.0;0.0;0.0
2030-08-31 10:00:00;438.2956239164984;1040.4688132120662;0.0;210.02100210021004;0.0;0.0;0.0;0.0
2030-08-31 11:00:00;437.4302259803723;1040.4688132120662;0.0;210.02100210021004;0.0;0.0;0.0;0.0
2030-08-31 12:00:00;438.0222914920689;1040.4688132120662;0.0;210.02100210021004;0.0;0.0;0.0;0.0
2030-08-31 13:00:00;437.3980391185816;1040.4688132120662;0.0;210.02100210021004;0.0;0.0;0.0;0.0
2030-08-31 14:00:00;437.4217983309306;1040.4688132120662;0.0;210.02100210021004;0.0;0.0;0.0;0.0
2030-08-31 15:00:00;437.4120377068953;1040.4688132120662;0.0;210.02100210021004;0.0;0.0;0.0;0.0
2030-08-31 16:00:00;437.4348913914505;1040.4688132120662;0.0;210.02100210021004;0.0;0.0;0.0;0.0
2030-08-31 17:00:00;438.0762615989675;1040.4688132120662;0.0;210.02100210021004;0.0;0.0;0.0;0.0
2030-08-31 18:00:00;440.2555225437706;1040.4688132120662;0.0;210.02100210021004;0.0;0.0;0.0;0.0
2030-08-31 19:00:00;440.4690683981333;1040.4688132120662;0.0;210.02100210021004;0.0;0.0;0.0;0.0
2030-08-31 20:00:00;439.9531488688726;1040.4688132120662;0.0;210.02100210021004;0.0;0.0;0.0;0.0
2030-08-31 21:00:00;439.689599151604;1040.4688132120662;0.0;210.02100210021004;0.0;0.0;0.0;0.0
2030-08-31 22:00:00;439.7954891833716;1040.4688132120662;0.0;210.02100210021004;0.0;0.0;0.0;0.0
2030-08-31 23:00:00;439.1085854680024;1040.4688132120662;0.0;210.02100210021004;0.0;0.0;0.0;0.0
2030-09-01 00:00:00;437.4113959479257;1040.4688132120662;0.0;210.02100210021004;0.0;0.0;0.0;0.0
2030-09-01 01:00:00;437.3423709437386;1040.4688132120662;0.0;210.02100210021004;0.0;0.0;0.0;0.0
2030-09-01 02:00:00;437.2996097781914;1040.4688132120662;0.0;210.02100210021004;0.0;0.0;0.0;0.0
2030-09-01 03:00:00;437.2906463483257;1040.4688132120662;0.0;210.02100210021004;0.0;0.0;0.0;0.0
2030-09-01 04:00:00;437.291756767974;1040.4688132120662;0.0;210.02100210021004;0.0;0.0;0.0;0.0
2030-09-01 05:00:00;437.3030752766274;1040.4688132120662;0.0;210.02100210021004;0.0;0.0;0.0;0.0
2030-09-01 06:00:00;437.3254767860554;1040.4688132120662;0.0;210.02100210021004;0.0;0.0;0.0;0.0
2030-09-01 07:00:00;437.3198917167106;1040.4688132120662;0.0;210.02100210021004;0.0;0.0;0.0;0.0
2030-09-01 08:00:00;437.3296429204308;1040.4688132120662;0.0;210.02100210021004;0.0;0.0;0.0;0.0
2030-09-01 09:00:00;437.3466065529382;1040.4688132120662;0.0;210.02100210021004;0.0;0.0;0.0;0.0
2030-09-01 10:00:00;437.3399605205994;1040.4688132120662;0.0;210.02100210021004;0.0;0.0;0.0;0.0
2030-09-01 11:00:00;437.3379116020542;1040.4688132120662;0.0;210.02100210021004;0.0;0.0;0.0;0.0
2030-09-01 12:00:00;437.3340622257758;1040.4688132120662;0.0;210.02100210021004;0.0;0.0;0.0;0.0
2030-09-01 13:00:00;437.3145821915839;1040.4688132120662;0.0;210.02100210021004;0.0;0.0;0.0;0.0
2030-09-01 14:00:00;437.2854663525322;1040.4688132120662;0.0;210.02100210021004;0.0;0.0;0.0;0.0
2030-09-01 15:00:00;437.2841581062657;1040.4688132120662;0.0;210.02100210021004;0.0;0.0;0.0;0.0
2030-09-01 16:00:00;437.326608401413;1040.4688132120662;0.0;210.02100210021004;0.0;0.0;0.0;0.0
2030-09-01 17:00:00;437.4005107737692;1040.4688132120662;0.0;210.02100210021004;0.0;0.0;0.0;0.0
2030-09-01 18:00:00;437.4679084185139;1040.4688132120662;0.0;210.02100210021004;0.0;0.0;0.0;0.0
2030-09-01 19:00:00;438.7844675322106;1040.4688132120662;0.0;210.02100210021004;0.0;0.0;0.0;0.0
2030-09-01 20:00:00;439.5895286925971;1040.4688132120662;0.0;210.02100210021004;0.0;0.0;0.0;0.0
2030-09-01 21:00:00;454.6521118400705;1040.4688132120662;0.0;210.02100210021004;0.0;0.0;0.0;0.0
2030-09-01 22:00:00;511.8911309548999;1040.4688132120662;0.0;210.02100210021004;0.0;0.0;0.0;0.0
2030-09-01 23:00:00;512.0928015482416;1040.4688132120662;0.0;210.02100210021004;0.0;0.0;0.0;0.0
2030-09-02 00:00:00;511.4012004945301;1040.4688132120662;0.0;210.02100210021004;0.0;0.0;0.0;0.0
2030-09-02 01:00:00;510.9467529265085;1040.4688132120662;0.0;210.02100210021004;0.0;0.0;0.0;0.0
2030-09-02 02:00:00;510.9888735712877;1040.4688132120662;0.0;210.02100210021004;0.0;0.0;0.0;0.0
2030-09-02 03:00:00;511.083225316032;1040.4688132120662;0.0;210.02100210021004;0.0;0.0;0.0;0.0
2030-09-02 04:00:00;512.2522486248662;1040.4688132120662;0.0;210.02100210021004;0.0;0.0;0.0;0.0
2030-09-02 05:00:00;513.3571453425045;1040.4688132120662;0.0;210.02100210021004;0.0;0.0;0.0;0.0
2030-09-02 06:00:00;515.145986254907;1040.4688132120662;0.0;210.02100210021004;0.0;0.0;0.0;0.0
2030-09-02 07:00:00;514.7547463033301;1040.4688132120662;0.0;210.02100210021004;0.0;0.0;0.0;0.0
2030-09-02 08:00:00;473.63951519727;1040.4688132120662;0.0;210.02100210021004;0.0;0.0;0.0;0.0
2030-09-02 09:00:00;441.9215015977821;1040.4688132120662;0.0;210.02100210021004;0.0;0.0;0.0;0.0
2030-09-02 10:00:00;441.6109800819814;1040.4688132120662;0.0;210.02100210021004;0.0;0.0;0.0;0.0
2030-09-02 11:00:00;441.539094744893;1040.4688132120662;0.0;210.02100210021004;0.0;0.0;0.0;0.0
2030-09-02 12:00:00;441.2005945578202;1040.4688132120662;0.0;210.02100210021004;0.0;0.0;0.0;0.0
2030-09-02 13:00:00;441.2422041829815;1040.4688132120662;0.0;210.02100210021004;0.0;0.0;0.0;0.0
2030-09-02 14:00:00;440.8623500731036;1040.4688132120662;0.0;210.02100210021004;0.0;0.0;0.0;0.0
2030-09-02 15:00:00;441.2772295468102;1040.4688132120662;0.0;210.02100210021004;0.0;0.0;0.0;0.0
2030-09-02 16:00:00;441.4965661449806;1040.4688132120662;0.0;210.02100210021004;0.0;0.0;0.0;0.0
2030-09-02 17:00:00;441.6214467563823;1040.4688132120662;0.0;210.02100210021004;0.0;0.0;0.0;0.0
2030-09-02 18:00:00;441.9305380852668;1040.4688132120662;0.0;210.02100210021004;0.0;0.0;0.0;0.0
2030-09-02 19:00:00;441.9094027177546;1040.4688132120662;0.0;210.02100210021004;0.0;0.0;0.0;0.0
2030-09-02 20:00:00;442.2744500190967;1040.4688132120662;0.0;210.02100210021004;0.0;0.0;0.0;0.0
2030-09-02 21:00:00;442.2464217744383;1040.4688132120662;0.0;210.02100210021004;0.0;0.0;0.0;0.0
2030-09-02 22:00:00;441.6351296387367;1040.4688132120662;0.0;210.02100210021004;0.0;0.0;0.0;0.0
2030-09-02 23:00:00;440.9470004953346;1040.4688132120662;0.0;210.02100210021004;0.0;0.0;0.0;0.0
2030-09-03 00:00:00;441.5899973523403;1040.4688132120662;0.0;210.02100210021004;0.0;0.0;0.0;0.0
2030-09-03 01:00:00;441.5800914634907;1040.4688132120662;0.0;210.02100210021004;0.0;0.0;0.0;0.0
2030-09-03 02:00:00;441.3400785889609;1040.4688132120662;0.0;210.02100210021004;0.0;0.0;0.0;0.0
2030-09-03 03:00:00;440.6093697096267;1040.4688132120662;0.0;210.02100210021004;0.0;0.0;0.0;0.0
2030-09-03 04:00:00;440.5967065114296;1040.4688132120662;0.0;210.02100210021004;0.0;0.0;0.0;0.0
2030-09-03 05:00:00;514.1295169530044;1040.4688132120662;0.0;210.02100210021004;0.0;0.0;0.0;0.0
2030-09-03 06:00:00;515.4201550919008;1040.4688132120662;0.0;210.02100210021004;0.0;0.0;0.0;0.0
2030-09-03 07:00:00;515.6218778062546;1040.4688132120662;0.0;210.02100210021004;0.0;0.0;0.0;0.0
2030-09-03 08:00:00;514.7440764326793;1040.4688132120662;0.0;210.02100210021004;0.0;0.0;0.0;0.0
2030-09-03 09:00:00;442.3533822412888;1040.4688132120662;0.0;210.02100210021004;0.0;0.0;0.0;0.0
2030-09-03 10:00:00;442.8318253581081;1040.4688132120662;0.0;210.02100210021004;0.0;0.0;0.0;0.0
2030-09-03 11:00:00;442.9219905915811;1040.4688132120662;0.0;210.02100210021004;0.0;0.0;0.0;0.0
2030-09-03 12:00:00;442.6132566594512;1040.4688132120662;0.0;210.02100210021004;0.0;0.0;0.0;0.0
2030-09-03 13:00:00;442.8294773739802;1040.4688132120662;0.0;210.02100210021004;0.0;0.0;0.0;0.0
2030-09-03 14:00:00;442.8626134597397;1040.4688132120662;0.0;210.02100210021004;0.0;0.0;0.0;0.0
2030-09-03 15:00:00;443.0460055267833;1040.4688132120662;0.0;210.02100210021004;0.0;0.0;0.0;0.0
2030-09-03 16:00:00;515.6377562274126;1040.4688132120662;0.0;210.02100210021004;0.0;0.0;0.0;0.0
2030-09-03 17:00:00;516.3518732621662;1040.4688132120662;0.0;210.02100210021004;0.0;0.0;0.0;0.0
2030-09-03 18:00:00;515.7949558367684;1040.4688132120662;0.0;210.02100210021004;0.0;0.0;0.0;0.0
2030-09-03 19:00:00;514.7239593792378;1040.4688132120662;0.0;210.02100210021004;0.0;0.0;0.0;0.0
2030-09-03 20:00:00;514.2267786449675;1040.4688132120662;0.0;210.02100210021004;0.0;0.0;0.0;0.0
2030-09-03 21:00:00;514.2723712000561;1040.4688132120662;0.0;210.02100210021004;0.0;0.0;0.0;0.0
2030-09-03 22:00:00;513.6508704473883;1040.4688132120662;0.0;210.02100210021004;0.0;0.0;0.0;0.0
2030-09-03 23:00:00;513.9275412764675;1040.4688132120662;0.0;210.02100210021004;0.0;0.0;0.0;0.0
2030-09-04 00:00:00;514.2553702228031;1040.4688132120662;0.0;210.02100210021004;0.0;0.0;0.0;0.0
2030-09-04 01:00:00;514.4993139062481;1040.4688132120662;0.0;210.02100210021004;0.0;0.0;0.0;0.0
2030-09-04 02:00:00;514.4138460111174;1040.4688132120662;0.0;210.02100210021004;0.0;0.0;0.0;0.0
2030-09-04 03:00:00;514.3960287385039;1040.4688132120662;0.0;210.02100210021004;0.0;0.0;0.0;0.0
2030-09-04 04:00:00;514.5225964167173;1040.4688132120662;0.0;210.02100210021004;0.0;0.0;0.0;0.0
2030-09-04 05:00:00;514.4248237051363;1040.4688132120662;0.0;210.02100210021004;0.0;0.0;0.0;0.0
2030-09-04 06:00:00;515.4533423136802;1040.4688132120662;0.0;210.02100210021004;0.0;0.0;0.0;0.0
2030-09-04 07:00:00;515.3114084114661;1040.4688132120662;0.0;210.02100210021004;0.0;0.0;0.0;0.0
2030-09-04 08:00:00;515.3616461838849;1040.4688132120662;0.0;210.02100210021004;0.0;0.0;0.0;0.0
2030-09-04 09:00:00;514.900153293393;1040.4688132120662;0.0;210.02100210021004;0.0;0.0;0.0;0.0
2030-09-04 10:00:00;514.3224577046902;1040.4688132120662;0.0;210.02100210021004;0.0;0.0;0.0;0.0
2030-09-04 11:00:00;513.7509913356444;1040.4688132120662;0.0;210.02100210021004;0.0;0.0;0.0;0.0
2030-09-04 12:00:00;512.9210276293479;1040.4688132120662;0.0;210.02100210021004;0.0;0.0;0.0;0.0
2030-09-04 13:00:00;514.2506219409881;1040.4688132120662;0.0;210.02100210021004;0.0;0.0;0.0;0.0
2030-09-04 14:00:00;514.7841030405061;1040.4688132120662;0.0;210.02100210021004;0.0;0.0;0.0;0.0
2030-09-04 15:00:00;515.1306696042927;1040.4688132120662;0.0;210.02100210021004;0.0;0.0;0.0;0.0
2030-09-04 16:00:00;514.7114002305179;1040.4688132120662;0.0;210.02100210021004;0.0;0.0;0.0;0.0
2030-09-04 17:00:00;514.7563291281174;1040.4688132120662;0.0;210.02100210021004;0.0;0.0;0.0;0.0
2030-09-04 18:00:00;513.4090701817349;1040.4688132120662;0.0;210.02100210021004;0.0;0.0;0.0;0.0
2030-09-04 19:00:00;514.56609630494;1040.4688132120662;0.0;210.02100210021004;0.0;0.0;0.0;0.0
2030-09-04 20:00:00;514.3435954272813;1040.4688132120662;0.0;210.02100210021004;0.0;0.0;0.0;0.0
2030-09-04 21:00:00;513.851263491685;1040.4688132120662;0.0;210.02100210021004;0.0;0.0;0.0;0.0
2030-09-04 22:00:00;513.5547315040675;1040.4688132120662;0.0;210.02100210021004;0.0;0.0;0.0;0.0
2030-09-04 23:00:00;513.0189020353273;1040.4688132120662;0.0;210.02100210021004;0.0;0.0;0.0;0.0
2030-09-05 00:00:00;512.171171807343;1040.4688132120662;0.0;210.02100210021004;0.0;0.0;0.0;0.0
2030-09-05 01:00:00;512.8021703011802;1040.4688132120662;0.0;210.02100210021004;0.0;0.0;0.0;0.0
2030-09-05 02:00:00;512.6223520313915;1040.4688132120662;0.0;210.02100210021004;0.0;0.0;0.0;0.0
2030-09-05 03:00:00;511.9996766016166;1040.4688132120662;0.0;210.02100210021004;0.0;0.0;0.0;0.0
2030-09-05 04:00:00;512.0333722953881;1040.4688132120662;0.0;210.02100210021004;0.0;0.0;0.0;0.0
2030-09-05 05:00:00;512.391784777019;1040.4688132120662;0.0;210.02100210021004;0.0;0.0;0.0;0.0
2030-09-05 06:00:00;514.6356336579006;1040.4688132120662;0.0;210.02100210021004;0.0;0.0;0.0;0.0
2030-09-05 07:00:00;515.0856390122949;1040.4688132120662;0.0;210.02100210021004;0.0;0.0;0.0;0.0
2030-09-05 08:00:00;515.4842816830966;1040.4688132120662;0.0;210.02100210021004;0.0;0.0;0.0;0.0
2030-09-05 09:00:00;442.3105981315675;1040.4688132120662;0.0;210.02100210021004;0.0;0.0;0.0;0.0
2030-09-05 10:00:00;442.0479675815971;1040.4688132120662;0.0;210.02100210021004;0.0;0.0;0.0;0.0
2030-09-05 11:00:00;441.9884873852708;1040.4688132120662;0.0;210.02100210021004;0.0;0.0;0.0;0.0
2030-09-05 12:00:00;441.4036432170659;1040.4688132120662;0.0;210.02100210021004;0.0;0.0;0.0;0.0
2030-09-05 13:00:00;441.6977752920905;1040.4688132120662;0.0;210.02100210021004;0.0;0.0;0.0;0.0
2030-09-05 14:00:00;440.6158534541003;1040.4688132120662;0.0;210.02100210021004;0.0;0.0;0.0;0.0
2030-09-05 15:00:00;442.4752537586994;1040.4688132120662;0.0;210.02100210021004;0.0;0.0;0.0;0.0
2030-09-05 16:00:00;442.0886070959874;1040.4688132120662;0.0;210.02100210021004;0.0;0.0;0.0;0.0
2030-09-05 17:00:00;442.3652269815938;1040.4688132120662;0.0;210.02100210021004;0.0;0.0;0.0;0.0
2030-09-05 18:00:00;514.925120323048;1040.4688132120662;0.0;210.02100210021004;0.0;0.0;0.0;0.0
2030-09-05 19:00:00;514.980822155783;1040.4688132120662;0.0;210.02100210021004;0.0;0.0;0.0;0.0
2030-09-05 20:00:00;515.3534271692998;1040.4688132120662;0.0;210.02100210021004;0.0;0.0;0.0;0.0
2030-09-05 21:00:00;514.7592911963483;1040.4688132120662;0.0;210.02100210021004;0.0;0.0;0.0;0.0
2030-09-05 22:00:00;514.2626191266171;1040.4688132120662;0.0;210.02100210021004;0.0;0.0;0.0;0.0
2030-09-05 23:00:00;514.1682178084866;1040.4688132120662;0.0;210.02100210021004;0.0;0.0;0.0;0.0
2030-09-06 00:00:00;513.2301710792444;1040.4688132120662;0.0;210.02100210021004;0.0;0.0;0.0;0.0
2030-09-06 01:00:00;513.1086579435807;1040.4688132120662;0.0;210.02100210021004;0.0;0.0;0.0;0.0
2030-09-06 02:00:00;512.9958242837414;1040.4688132120662;0.0;210.02100210021004;0.0;0.0;0.0;0.0
2030-09-06 03:00:00;512.9794867714304;1040.4688132120662;0.0;210.02100210021004;0.0;0.0;0.0;0.0
2030-09-06 04:00:00;512.6871422800765;1040.4688132120662;0.0;210.02100210021004;0.0;0.0;0.0;0.0
2030-09-06 05:00:00;513.0964040706033;1040.4688132120662;0.0;210.02100210021004;0.0;0.0;0.0;0.0
2030-09-06 06:00:00;514.7814995465692;1040.4688132120662;0.0;210.02100210021004;0.0;0.0;0.0;0.0
2030-09-06 07:00:00;515.5823608479593;1040.4688132120662;0.0;210.02100210021004;0.0;0.0;0.0;0.0
2030-09-06 08:00:00;515.6443924172104;1040.4688132120662;0.0;210.02100210021004;0.0;0.0;0.0;0.0
2030-09-06 09:00:00;443.1716019166864;1040.4688132120662;0.0;210.02100210021004;0.0;0.0;0.0;0.0
2030-09-06 10:00:00;442.7506989671987;1040.4688132120662;0.0;210.02100210021004;0.0;0.0;0.0;0.0
2030-09-06 11:00:00;441.6956305042124;1040.4688132120662;0.0;210.02100210021004;0.0;0.0;0.0;0.0
2030-09-06 12:00:00;441.1116547523801;1040.4688132120662;0.0;210.02100210021004;0.0;0.0;0.0;0.0
2030-09-06 13:00:00;440.8596954431468;1040.4688132120662;0.0;210.02100210021004;0.0;0.0;0.0;0.0
2030-09-06 14:00:00;441.5362343710606;1040.4688132120662;0.0;210.02100210021004;0.0;0.0;0.0;0.0
2030-09-06 15:00:00;442.3746218508254;1040.4688132120662;0.0;210.02100210021004;0.0;0.0;0.0;0.0
2030-09-06 16:00:00;443.0879214126793;1040.4688132120662;0.0;210.02100210021004;0.0;0.0;0.0;0.0
2030-09-06 17:00:00;443.4046213972111;1040.4688132120662;0.0;210.02100210021004;0.0;0.0;0.0;0.0
2030-09-06 18:00:00;515.7116846579809;1040.4688132120662;0.0;210.02100210021004;0.0;0.0;0.0;0.0
2030-09-06 19:00:00;515.3297367036976;1040.4688132120662;0.0;210.02100210021004;0.0;0.0;0.0;0.0
2030-09-06 20:00:00;515.5806751512341;1040.4688132120662;0.0;210.02100210021004;0.0;0.0;0.0;0.0
2030-09-06 21:00:00;515.1321519122212;1040.4688132120662;0.0;210.02100210021004;0.0;0.0;0.0;0.0
2030-09-06 22:00:00;514.7430542008963;1040.4688132120662;0.0;210.02100210021004;0.0;0.0;0.0;0.0
2030-09-06 23:00:00;514.382958570166;1040.4688132120662;0.0;210.02100210021004;0.0;0.0;0.0;0.0
2030-09-07 00:00:00;512.9810174752056;1040.4688132120662;0.0;210.02100210021004;0.0;0.0;0.0;0.0
2030-09-07 01:00:00;512.4433002910298;1040.4688132120662;0.0;210.02100210021004;0.0;0.0;0.0;0.0
2030-09-07 02:00:00;512.714200606511;1040.4688132120662;0.0;210.02100210021004;0.0;0.0;0.0;0.0
2030-09-07 03:00:00;512.8398502949656;1040.4688132120662;0.0;210.02100210021004;0.0;0.0;0.0;0.0
2030-09-07 04:00:00;512.8344879290477;1040.4688132120662;0.0;210.02100210021004;0.0;0.0;0.0;0.0
2030-09-07 05:00:00;512.9833158859473;1040.4688132120662;0.0;210.02100210021004;0.0;0.0;0.0;0.0
2030-09-07 06:00:00;513.4675293238175;1040.4688132120662;0.0;210.02100210021004;0.0;0.0;0.0;0.0
2030-09-07 07:00:00;513.7275054363784;1040.4688132120662;0.0;210.02100210021004;0.0;0.0;0.0;0.0
2030-09-07 08:00:00;477.3262546963637;1040.4688132120662;0.0;210.02100210021004;0.0;0.0;0.0;0.0
2030-09-07 09:00:00;440.9946359513559;1040.4688132120662;0.0;210.02100210021004;0.0;0.0;0.0;0.0
2030-09-07 10:00:00;441.5778451737613;1040.4688132120662;0.0;210.02100210021004;0.0;0.0;0.0;0.0
2030-09-07 11:00:00;439.9308883976394;1040.4688132120662;0.0;210.02100210021004;0.0;0.0;0.0;0.0
2030-09-07 12:00:00;440.3013490083722;1040.4688132120662;0.0;210.02100210021004;0.0;0.0;0.0;0.0
2030-09-07 13:00:00;440.4628899294021;1040.4688132120662;0.0;210.02100210021004;0.0;0.0;0.0;0.0
2030-09-07 14:00:00;440.2277791520979;1040.4688132120662;0.0;210.02100210021004;0.0;0.0;0.0;0.0
2030-09-07 15:00:00;440.0450495650041;1040.4688132120662;0.0;210.02100210021004;0.0;0.0;0.0;0.0
2030-09-07 16:00:00;440.4264355561967;1040.4688132120662;0.0;210.02100210021004;0.0;0.0;0.0;0.0
2030-09-07 17:00:00;440.8273256942672;1040.4688132120662;0.0;210.02100210021004;0.0;0.0;0.0;0.0
2030-09-07 18:00:00;441.1925791245791;1040.4688132120662;0.0;210.02100210021004;0.0;0.0;0.0;0.0
2030-09-07 19:00:00;441.7209547380749;1040.4688132120662;0.0;210.02100210021004;0.0;0.0;0.0;0.0
2030-09-07 20:00:00;441.8348094521578;1040.4688132120662;0.0;210.02100210021004;0.0;0.0;0.0;0.0
2030-09-07 21:00:00;441.2131041331538;1040.4688132120662;0.0;210.02100210021004;0.0;0.0;0.0;0.0
2030-09-07 22:00:00;441.0182235450204;1040.4688132120662;0.0;210.02100210021004;0.0;0.0;0.0;0.0
2030-09-07 23:00:00;441.0086760379176;1040.4688132120662;0.0;210.02100210021004;0.0;0.0;0.0;0.0
2030-09-08 00:00:00;440.6359181939825;1040.4688132120662;0.0;210.02100210021004;0.0;0.0;0.0;0.0
2030-09-08 01:00:00;440.6571566259797;1040.4688132120662;0.0;210.02100210021004;0.0;0.0;0.0;0.0
2030-09-08 02:00:00;440.6445465337871;1040.4688132120662;0.0;210.02100210021004;0.0;0.0;0.0;0.0
2030-09-08 03:00:00;440.5083805975453;1040.4688132120662;0.0;210.02100210021004;0.0;0.0;0.0;0.0
2030-09-08 04:00:00;440.4548235526883;1040.4688132120662;0.0;210.02100210021004;0.0;0.0;0.0;0.0
2030-09-08 05:00:00;440.1645703581139;1040.4688132120662;0.0;210.02100210021004;0.0;0.0;0.0;0.0
2030-09-08 06:00:00;438.1293868346656;1040.4688132120662;0.0;210.02100210021004;0.0;0.0;0.0;0.0
2030-09-08 07:00:00;438.138373556217;1040.4688132120662;0.0;210.02100210021004;0.0;0.0;0.0;0.0
2030-09-08 08:00:00;439.1969621328124;1040.4688132120662;0.0;210.02100210021004;0.0;0.0;0.0;0.0
2030-09-08 09:00:00;439.1418730140937;1040.4688132120662;0.0;210.02100210021004;0.0;0.0;0.0;0.0
2030-09-08 10:00:00;439.3702472772883;1040.4688132120662;0.0;210.02100210021004;0.0;0.0;0.0;0.0
2030-09-08 11:00:00;439.871766775607;1040.4688132120662;0.0;210.02100210021004;0.0;0.0;0.0;0.0
2030-09-08 12:00:00;439.77899785565;1040.4688132120662;0.0;210.02100210021004;0.0;0.0;0.0;0.0
2030-09-08 13:00:00;439.882844986485;1040.4688132120662;0.0;210.02100210021004;0.0;0.0;0.0;0.0
2030-09-08 14:00:00;440.2933347526705;1040.4688132120662;0.0;210.02100210021004;0.0;0.0;0.0;0.0
2030-09-08 15:00:00;440.5541790890567;1040.4688132120662;0.0;210.02100210021004;0.0;0.0;0.0;0.0
2030-09-08 16:00:00;440.4610527723452;1040.4688132120662;0.0;210.02100210021004;0.0;0.0;0.0;0.0
2030-09-08 17:00:00;513.4687040009247;1040.4688132120662;0.0;210.02100210021004;0.0;0.0;0.0;0.0
2030-09-08 18:00:00;513.5612162335333;1040.4688132120662;0.0;210.02100210021004;0.0;0.0;0.0;0.0
2030-09-08 19:00:00;514.0662599557206;1040.4688132120662;0.0;210.02100210021004;0.0;0.0;0.0;0.0
2030-09-08 20:00:00;514.2434237880996;1040.4688132120662;0.0;210.02100210021004;0.0;0.0;0.0;0.0
2030-09-08 21:00:00;513.9184030945844;1040.4688132120662;0.0;210.02100210021004;0.0;0.0;0.0;0.0
2030-09-08 22:00:00;513.004504552011;1040.4688132120662;0.0;210.02100210021004;0.0;0.0;0.0;0.0
2030-09-08 23:00:00;512.3028959150516;1040.4688132120662;0.0;210.02100210021004;0.0;0.0;0.0;0.0
2030-09-09 00:00:00;510.8939104826134;1040.4688132120662;0.0;210.02100210021004;0.0;0.0;0.0;0.0
2030-09-09 01:00:00;512.2186534479537;1040.4688132120662;0.0;210.02100210021004;0.0;0.0;0.0;0.0
2030-09-09 02:00:00;512.1449297762688;1040.4688132120662;0.0;210.02100210021004;0.0;0.0;0.0;0.0
2030-09-09 03:00:00;512.3723835020788;1040.4688132120662;0.0;210.02100210021004;0.0;0.0;0.0;0.0
2030-09-09 04:00:00;513.3423920250674;1040.4688132120662;0.0;210.02100210021004;0.0;0.0;0.0;0.0
2030-09-09 05:00:00;514.0411391106551;1040.4688132120662;0.0;210.02100210021004;0.0;0.0;0.0;0.0
2030-09-09 06:00:00;515.7482916690574;1040.4688132120662;0.0;210.02100210021004;0.0;0.0;0.0;0.0
2030-09-09 07:00:00;516.7645560195297;1040.4688132120662;0.0;210.02100210021004;0.0;0.0;0.0;0.0
2030-09-09 08:00:00;517.2144077510604;1040.4688132120662;0.0;210.02100210021004;0.0;0.0;0.0;0.0
2030-09-09 09:00:00;516.3859784737044;1040.4688132120662;0.0;210.02100210021004;0.0;0.0;0.0;0.0
2030-09-09 10:00:00;442.6914235297557;1040.4688132120662;0.0;210.02100210021004;0.0;0.0;0.0;0.0
2030-09-09 11:00:00;442.5082857949817;1040.4688132120662;0.0;210.02100210021004;0.0;0.0;0.0;0.0
2030-09-09 12:00:00;442.661912784622;1040.4688132120662;0.0;210.02100210021004;0.0;0.0;0.0;0.0
2030-09-09 13:00:00;443.0223669896461;1040.4688132120662;0.0;210.02100210021004;0.0;0.0;0.0;0.0
2030-09-09 14:00:00;442.9014160096202;1040.4688132120662;0.0;210.02100210021004;0.0;0.0;0.0;0.0
2030-09-09 15:00:00;442.8452527306534;1040.4688132120662;0.0;210.02100210021004;0.0;0.0;0.0;0.0
2030-09-09 16:00:00;515.5990555644778;1040.4688132120662;0.0;210.02100210021004;0.0;0.0;0.0;0.0
2030-09-09 17:00:00;514.6498785033456;1040.4688132120662;0.0;210.02100210021004;0.0;0.0;0.0;0.0
2030-09-09 18:00:00;514.7811930932876;1040.4688132120662;0.0;210.02100210021004;0.0;0.0;0.0;0.0
2030-09-09 19:00:00;514.8703872309973;1040.4688132120662;0.0;210.02100210021004;0.0;0.0;0.0;0.0
2030-09-09 20:00:00;514.9705588701789;1040.4688132120662;0.0;210.02100210021004;0.0;0.0;0.0;0.0
2030-09-09 21:00:00;514.9044426766021;1040.4688132120662;0.0;210.02100210021004;0.0;0.0;0.0;0.0
2030-09-09 22:00:00;514.2022211330791;1040.4688132120662;0.0;210.02100210021004;0.0;0.0;0.0;0.0
2030-09-09 23:00:00;513.4474634063959;1040.4688132120662;0.0;210.02100210021004;0.0;0.0;0.0;0.0
2030-09-10 00:00:00;513.4574200461711;1040.4688132120662;0.0;210.02100210021004;0.0;0.0;0.0;0.0
2030-09-10 01:00:00;512.7395260179128;1040.4688132120662;0.0;210.02100210021004;0.0;0.0;0.0;0.0
2030-09-10 02:00:00;513.097017962159;1040.4688132120662;0.0;210.02100210021004;0.0;0.0;0.0;0.0
2030-09-10 03:00:00;513.2304265890534;1040.4688132120662;0.0;210.02100210021004;0.0;0.0;0.0;0.0
2030-09-10 04:00:00;513.6801764336387;1040.4688132120662;0.0;210.02100210021004;0.0;0.0;0.0;0.0
2030-09-10 05:00:00;514.3103053335641;1040.4688132120662;0.0;210.02100210021004;0.0;0.0;0.0;0.0
2030-09-10 06:00:00;516.0636110400594;1040.4688132120662;0.0;210.02100210021004;0.0;0.0;0.0;0.0
2030-09-10 07:00:00;516.4789507824582;1040.4688132120662;0.0;210.02100210021004;0.0;0.0;0.0;0.0
2030-09-10 08:00:00;516.7034945610496;1040.4688132120662;0.0;210.02100210021004;0.0;0.0;0.0;0.0
2030-09-10 09:00:00;444.0735019035441;1040.4688132120662;0.0;210.02100210021004;0.0;0.0;0.0;0.0
2030-09-10 10:00:00;441.7688457039051;1040.4688132120662;0.0;210.02100210021004;0.0;0.0;0.0;0.0
2030-09-10 11:00:00;442.7358921586629;1040.4688132120662;0.0;210.02100210021004;0.0;0.0;0.0;0.0
2030-09-10 12:00:00;442.1975087693721;1040.4688132120662;0.0;210.02100210021004;0.0;0.0;0.0;0.0
2030-09-10 13:00:00;442.0590977209401;1040.4688132120662;0.0;210.02100210021004;0.0;0.0;0.0;0.0
2030-09-10 14:00:00;442.1318005309283;1040.4688132120662;0.0;210.02100210021004;0.0;0.0;0.0;0.0
2030-09-10 15:00:00;442.0818678417048;1040.4688132120662;0.0;210.02100210021004;0.0;0.0;0.0;0.0
2030-09-10 16:00:00;442.3816673658426;1040.4688132120662;0.0;210.02100210021004;0.0;0.0;0.0;0.0
2030-09-10 17:00:00;443.2244445531286;1040.4688132120662;0.0;210.02100210021004;0.0;0.0;0.0;0.0
2030-09-10 18:00:00;443.5301147226294;1040.4688132120662;0.0;210.02100210021004;0.0;0.0;0.0;0.0
2030-09-10 19:00:00;469.8855793138468;1040.4688132120662;0.0;210.02100210021004;0.0;0.0;0.0;0.0
2030-09-10 20:00:00;443.4875340017048;1040.4688132120662;0.0;210.02100210021004;0.0;0.0;0.0;0.0
2030-09-10 21:00:00;443.4753320571924;1040.4688132120662;0.0;210.02100210021004;0.0;0.0;0.0;0.0
2030-09-10 22:00:00;442.2084850933045;1040.4688132120662;0.0;210.02100210021004;0.0;0.0;0.0;0.0
2030-09-10 23:00:00;441.512238629716;1040.4688132120662;0.0;210.02100210021004;0.0;0.0;0.0;0.0
2030-09-11 00:00:00;441.02327808757;1040.4688132120662;0.0;210.02100210021004;0.0;0.0;0.0;0.0
2030-09-11 01:00:00;440.3996327395712;1040.4688132120662;0.0;210.02100210021004;0.0;0.0;0.0;0.0
2030-09-11 02:00:00;439.9697416984454;1040.4688132120662;0.0;210.02100210021004;0.0;0.0;0.0;0.0
2030-09-11 03:00:00;439.1351858808233;1040.4688132120662;0.0;210.02100210021004;0.0;0.0;0.0;0.0
2030-09-11 04:00:00;439.1218602026765;1040.4688132120662;0.0;210.02100210021004;0.0;0.0;0.0;0.0
2030-09-11 05:00:00;439.931297722859;1040.4688132120662;0.0;210.02100210021004;0.0;0.0;0.0;0.0
2030-09-11 06:00:00;441.2836623478109;1040.4688132120662;0.0;210.02100210021004;0.0;0.0;0.0;0.0
2030-09-11 07:00:00;441.6950699112082;1040.4688132120662;0.0;210.02100210021004;0.0;0.0;0.0;0.0
2030-09-11 08:00:00;441.3257841701296;1040.4688132120662;0.0;210.02100210021004;0.0;0.0;0.0;0.0
2030-09-11 09:00:00;441.1183442407292;1040.4688132120662;0.0;210.02100210021004;0.0;0.0;0.0;0.0
2030-09-11 10:00:00;440.0336129723793;1040.4688132120662;0.0;210.02100210021004;0.0;0.0;0.0;0.0
2030-09-11 11:00:00;439.2850844653528;1040.4688132120662;0.0;210.02100210021004;0.0;0.0;0.0;0.0
2030-09-11 12:00:00;440.1711567819781;1040.4688132120662;0.0;210.02100210021004;0.0;0.0;0.0;0.0
2030-09-11 13:00:00;440.7830097032312;1040.4688132120662;0.0;210.02100210021004;0.0;0.0;0.0;0.0
2030-09-11 14:00:00;440.169881780559;1040.4688132120662;0.0;210.02100210021004;0.0;0.0;0.0;0.0
2030-09-11 15:00:00;440.5257389715529;1040.4688132120662;0.0;210.02100210021004;0.0;0.0;0.0;0.0
2030-09-11 16:00:00;440.9952486653723;1040.4688132120662;0.0;210.02100210021004;0.0;0.0;0.0;0.0
2030-09-11 17:00:00;441.7599111033658;1040.4688132120662;0.0;210.02100210021004;0.0;0.0;0.0;0.0
2030-09-11 18:00:00;441.9262512496836;1040.4688132120662;0.0;210.02100210021004;0.0;0.0;0.0;0.0
2030-09-11 19:00:00;441.4976365800635;1040.4688132120662;0.0;210.02100210021004;0.0;0.0;0.0;0.0
2030-09-11 20:00:00;441.4244746789224;1040.4688132120662;0.0;210.02100210021004;0.0;0.0;0.0;0.0
2030-09-11 21:00:00;440.9474593939404;1040.4688132120662;0.0;210.02100210021004;0.0;0.0;0.0;0.0
2030-09-11 22:00:00;440.3643518659335;1040.4688132120662;0.0;210.02100210021004;0.0;0.0;0.0;0.0
2030-09-11 23:00:00;439.1927248706154;1040.4688132120662;0.0;210.02100210021004;0.0;0.0;0.0;0.0
2030-09-12 00:00:00;438.8416655348228;1040.4688132120662;0.0;210.02100210021004;0.0;0.0;0.0;0.0
2030-09-12 01:00:00;438.1245876093778;1040.4688132120662;0.0;210.02100210021004;0.0;0.0;0.0;0.0
2030-09-12 02:00:00;438.018237501465;1040.4688132120662;0.0;210.02100210021004;0.0;0.0;0.0;0.0
2030-09-12 03:00:00;438.200660635277;1040.4688132120662;0.0;210.02100210021004;0.0;0.0;0.0;0.0
2030-09-12 04:00:00;439.1953283645523;1040.4688132120662;0.0;210.02100210021004;0.0;0.0;0.0;0.0
2030-09-12 05:00:00;439.954783622125;1040.4688132120662;0.0;210.02100210021004;0.0;0.0;0.0;0.0
2030-09-12 06:00:00;441.6922616583879;1040.4688132120662;0.0;210.02100210021004;0.0;0.0;0.0;0.0
2030-09-12 07:00:00;442.0838092407861;1040.4688132120662;0.0;210.02100210021004;0.0;0.0;0.0;0.0
2030-09-12 08:00:00;442.0486819900119;1040.4688132120662;0.0;210.02100210021004;0.0;0.0;0.0;0.0
2030-09-12 09:00:00;442.0025772377659;1040.4688132120662;0.0;210.02100210021004;0.0;0.0;0.0;0.0
2030-09-12 10:00:00;441.7084974763005;1040.4688132120662;0.0;210.02100210021004;0.0;0.0;0.0;0.0
2030-09-12 11:00:00;441.4276910794227;1040.4688132120662;0.0;210.02100210021004;0.0;0.0;0.0;0.0
2030-09-12 12:00:00;441.1407064063609;1040.4688132120662;0.0;210.02100210021004;0.0;0.0;0.0;0.0
2030-09-12 13:00:00;441.2333724543801;1040.4688132120662;0.0;210.02100210021004;0.0;0.0;0.0;0.0
2030-09-12 14:00:00;441.2283698402954;1040.4688132120662;0.0;210.02100210021004;0.0;0.0;0.0;0.0
2030-09-12 15:00:00;441.0713738122836;1040.4688132120662;0.0;210.02100210021004;0.0;0.0;0.0;0.0
2030-09-12 16:00:00;441.3065862839862;1040.4688132120662;0.0;210.02100210021004;0.0;0.0;0.0;0.0
2030-09-12 17:00:00;440.874348436272;1040.4688132120662;0.0;210.02100210021004;0.0;0.0;0.0;0.0
2030-09-12 18:00:00;441.1209479272133;1040.4688132120662;0.0;210.02100210021004;0.0;0.0;0.0;0.0
2030-09-12 19:00:00;441.1092037037673;1040.4688132120662;0.0;210.02100210021004;0.0;0.0;0.0;0.0
2030-09-12 20:00:00;441.3230266682351;1040.4688132120662;0.0;210.02100210021004;0.0;0.0;0.0;0.0
2030-09-12 21:00:00;440.9354622083114;1040.4688132120662;0.0;210.02100210021004;0.0;0.0;0.0;0.0
2030-09-12 22:00:00;440.0163055418444;1040.4688132120662;0.0;210.02100210021004;0.0;0.0;0.0;0.0
2030-09-12 23:00:00;438.9635866256197;1040.4688132120662;0.0;210.02100210021004;0.0;0.0;0.0;0.0
2030-09-13 00:00:00;438.9571538246189;1040.4688132120662;0.0;210.02100210021004;0.0;0.0;0.0;0.0
2030-09-13 01:00:00;438.8791915206506;1040.4688132120662;0.0;210.02100210021004;0.0;0.0;0.0;0.0
2030-09-13 02:00:00;438.6334095026092;1040.4688132120662;0.0;210.02100210021004;0.0;0.0;0.0;0.0
2030-09-13 03:00:00;438.5348206882149;1040.4688132120662;0.0;210.02100210021004;0.0;0.0;0.0;0.0
2030-09-13 04:00:00;438.7644687752892;1040.4688132120662;0.0;210.02100210021004;0.0;0.0;0.0;0.0
2030-09-13 05:00:00;440.0167644404503;1040.4688132120662;0.0;210.02100210021004;0.0;0.0;0.0;0.0
2030-09-13 06:00:00;442.1190368158723;1040.4688132120662;0.0;210.02100210021004;0.0;0.0;0.0;0.0
2030-09-13 07:00:00;442.357416114689;1040.4688132120662;0.0;210.02100210021004;0.0;0.0;0.0;0.0
2030-09-13 08:00:00;442.9601804274452;1040.4688132120662;0.0;210.02100210021004;0.0;0.0;0.0;0.0
2030-09-13 09:00:00;442.4306287667558;1040.4688132120662;0.0;210.02100210021004;0.0;0.0;0.0;0.0
2030-09-13 10:00:00;441.6331896097419;1040.4688132120662;0.0;210.02100210021004;0.0;0.0;0.0;0.0
2030-09-13 11:00:00;441.5632950525738;1040.4688132120662;0.0;210.02100210021004;0.0;0.0;0.0;0.0
2030-09-13 12:00:00;441.691547249973;1040.4688132120662;0.0;210.02100210021004;0.0;0.0;0.0;0.0
2030-09-13 13:00:00;441.1694516070598;1040.4688132120662;0.0;210.02100210021004;0.0;0.0;0.0;0.0
2030-09-13 14:00:00;441.2318405730654;1040.4688132120662;0.0;210.02100210021004;0.0;0.0;0.0;0.0
2030-09-13 15:00:00;441.2977533778454;1040.4688132120662;0.0;210.02100210021004;0.0;0.0;0.0;0.0
2030-09-13 16:00:00;441.6707157881167;1040.4688132120662;0.0;210.02100210021004;0.0;0.0;0.0;0.0
2030-09-13 17:00:00;442.2837420163904;1040.4688132120662;0.0;210.02100210021004;0.0;0.0;0.0;0.0
2030-09-13 18:00:00;442.7948101993513;1040.4688132120662;0.0;210.02100210021004;0.0;0.0;0.0;0.0
2030-09-13 19:00:00;442.9286267813788;1040.4688132120662;0.0;210.02100210021004;0.0;0.0;0.0;0.0
2030-09-13 20:00:00;443.3119032281799;1040.4688132120662;0.0;210.02100210021004;0.0;0.0;0.0;0.0
2030-09-13 21:00:00;442.8504612811607;1040.4688132120662;0.0;210.02100210021004;0.0;0.0;0.0;0.0
2030-09-13 22:00:00;441.8408850489512;1040.4688132120662;0.0;210.02100210021004;0.0;0.0;0.0;0.0
2030-09-13 23:00:00;441.0632031935455;1040.4688132120662;0.0;210.02100210021004;0.0;0.0;0.0;0.0
2030-09-14 00:00:00;437.591208011711;1040.4688132120662;0.0;210.02100210021004;0.0;0.0;0.0;0.0
2030-09-14 01:00:00;437.4320758947599;1040.4688132120662;0.0;210.02100210021004;0.0;0.0;0.0;0.0
2030-09-14 02:00:00;437.4313929219115;1040.4688132120662;0.0;210.02100210021004;0.0;0.0;0.0;0.0
2030-09-14 03:00:00;437.4289577704451;1040.4688132120662;0.0;210.02100210021004;0.0;0.0;0.0;0.0
2030-09-14 04:00:00;437.4163781171009;1040.4688132120662;0.0;210.02100210021004;0.0;0.0;0.0;0.0
2030-09-14 05:00:00;437.4381508204926;1040.4688132120662;0.0;210.02100210021004;0.0;0.0;0.0;0.0
2030-09-14 06:00:00;437.4653272521626;1040.4688132120662;0.0;210.02100210021004;0.0;0.0;0.0;0.0
2030-09-14 07:00:00;438.5224883480059;1040.4688132120662;0.0;210.02100210021004;0.0;0.0;0.0;0.0
2030-09-14 08:00:00;439.0968933655686;1040.4688132120662;0.0;210.02100210021004;0.0;0.0;0.0;0.0
2030-09-14 09:00:00;438.6792563899675;1040.4688132120662;0.0;210.02100210021004;0.0;0.0;0.0;0.0
2030-09-14 10:00:00;437.7838932535877;1040.4688132120662;0.0;210.02100210021004;0.0;0.0;0.0;0.0
2030-09-14 11:00:00;437.4257277798878;1040.4688132120662;0.0;210.02100210021004;0.0;0.0;0.0;0.0
2030-09-14 12:00:00;437.4043342441809;1040.4688132120662;0.0;210.02100210021004;0.0;0.0;0.0;0.0
2030-09-14 13:00:00;437.3828535705588;1040.4688132120662;0.0;210.02100210021004;0.0;0.0;0.0;0.0
2030-09-14 14:00:00;437.3688514496268;1040.4688132120662;0.0;210.02100210021004;0.0;0.0;0.0;0.0
2030-09-14 15:00:00;437.3726454815538;1040.4688132120662;0.0;210.02100210021004;0.0;0.0;0.0;0.0
2030-09-14 16:00:00;437.39219499057;1040.4688132120662;0.0;210.02100210021004;0.0;0.0;0.0;0.0
2030-09-14 17:00:00;437.4329331434386;1040.4688132120662;0.0;210.02100210021004;0.0;0.0;0.0;0.0
2030-09-14 18:00:00;437.4386618725896;1040.4688132120662;0.0;210.02100210021004;0.0;0.0;0.0;0.0
2030-09-14 19:00:00;437.4402856994136;1040.4688132120662;0.0;210.02100210021004;0.0;0.0;0.0;0.0
2030-09-14 20:00:00;437.4331521657659;1040.4688132120662;0.0;210.02100210021004;0.0;0.0;0.0;0.0
2030-09-14 21:00:00;437.4265579451605;1040.4688132120662;0.0;210.02100210021004;0.0;0.0;0.0;0.0
2030-09-14 22:00:00;437.4094565405441;1040.4688132120662;0.0;210.02100210021004;0.0;0.0;0.0;0.0
2030-09-14 23:00:00;437.3871351037948;1040.4688132120662;0.0;210.02100210021004;0.0;0.0;0.0;0.0
2030-09-15 00:00:00;437.2870171719139;1040.4688132120662;0.0;210.02100210021004;0.0;0.0;0.0;0.0
2030-09-15 01:00:00;437.1858630053665;1040.4688132120662;0.0;210.02100210021004;0.0;0.0;0.0;0.0
2030-09-15 02:00:00;437.1113235841982;1040.4688132120662;0.0;210.02100210021004;0.0;0.0;0.0;0.0
2030-09-15 03:00:00;437.1056749277261;1040.4688132120662;0.0;210.02100210021004;0.0;0.0;0.0;0.0
2030-09-15 04:00:00;437.107244587738;1040.4688132120662;0.0;210.02100210021004;0.0;0.0;0.0;0.0
2030-09-15 05:00:00;437.1075236645744;1040.4688132120662;0.0;210.02100210021004;0.0;0.0;0.0;0.0
2030-09-15 06:00:00;437.1440144328495;1040.4688132120662;0.0;210.02100210021004;0.0;0.0;0.0;0.0
2030-09-15 07:00:00;437.1627090482658;1040.4688132120662;0.0;210.02100210021004;0.0;0.0;0.0;0.0
2030-09-15 08:00:00;437.147152575334;1040.4688132120662;0.0;210.02100210021004;0.0;0.0;0.0;0.0
2030-09-15 09:00:00;437.176042326822;1040.4688132120662;0.0;210.02100210021004;0.0;0.0;0.0;0.0
2030-09-15 10:00:00;437.2045199395222;1040.4688132120662;0.0;210.02100210021004;0.0;0.0;0.0;0.0
2030-09-15 11:00:00;437.2088391540187;1040.4688132120662;0.0;210.02100210021004;0.0;0.0;0.0;0.0
2030-09-15 12:00:00;437.2158702417393;1040.4688132120662;0.0;210.02100210021004;0.0;0.0;0.0;0.0
2030-09-15 13:00:00;437.2246193594353;1040.4688132120662;0.0;210.02100210021004;0.0;0.0;0.0;0.0
2030-09-15 14:00:00;437.2329881319072;1040.4688132120662;0.0;210.02100210021004;0.0;0.0;0.0;0.0
2030-09-15 15:00:00;437.260776884062;1040.4688132120662;0.0;210.02100210021004;0.0;0.0;0.0;0.0
2030-09-15 16:00:00;437.2732387834668;1040.4688132120662;0.0;210.02100210021004;0.0;0.0;0.0;0.0
2030-09-15 17:00:00;437.3120646123599;1040.4688132120662;0.0;210.02100210021004;0.0;0.0;0.0;0.0
2030-09-15 18:00:00;437.3515486857741;1040.4688132120662;0.0;210.02100210021004;0.0;0.0;0.0;0.0
2030-09-15 19:00:00;437.3666058820029;1040.4688132120662;0.0;210.02100210021004;0.0;0.0;0.0;0.0
2030-09-15 20:00:00;437.3928838511154;1040.4688132120662;0.0;210.02100210021004;0.0;0.0;0.0;0.0
2030-09-15 21:00:00;437.3877003227038;1040.4688132120662;0.0;210.02100210021004;0.0;0.0;0.0;0.0
2030-09-15 22:00:00;437.3937293244002;1040.4688132120662;0.0;210.02100210021004;0.0;0.0;0.0;0.0
2030-09-15 23:00:00;437.3761192227655;1040.4688132120662;0.0;210.02100210021004;0.0;0.0;0.0;0.0
2030-09-16 00:00:00;437.3704788090691;1040.4688132120662;0.0;210.02100210021004;0.0;0.0;0.0;0.0
2030-09-16 01:00:00;437.3661113154575;1040.4688132120662;0.0;210.02100210021004;0.0;0.0;0.0;0.0
2030-09-16 02:00:00;437.3824649825589;1040.4688132120662;0.0;210.02100210021004;0.0;0.0;0.0;0.0
2030-09-16 03:00:00;437.4022547096114;1040.4688132120662;0.0;210.02100210021004;0.0;0.0;0.0;0.0
2030-09-16 04:00:00;437.4170257637675;1040.4688132120662;0.0;210.02100210021004;0.0;0.0;0.0;0.0
2030-09-16 05:00:00;437.4695016293138;1040.4688132120662;0.0;210.02100210021004;0.0;0.0;0.0;0.0
2030-09-16 06:00:00;441.0903539966217;1040.4688132120662;0.0;210.02100210021004;0.0;0.0;0.0;0.0
2030-09-16 07:00:00;442.94223482863;1040.4688132120662;0.0;210.02100210021004;0.0;0.0;0.0;0.0
2030-09-16 08:00:00;443.2525599238264;1040.4688132120662;0.0;210.02100210021004;0.0;0.0;0.0;0.0
2030-09-16 09:00:00;442.6969081326307;1040.4688132120662;0.0;210.02100210021004;0.0;0.0;0.0;0.0
2030-09-16 10:00:00;442.7914539349611;1040.4688132120662;0.0;210.02100210021004;0.0;0.0;0.0;0.0
2030-09-16 11:00:00;442.4435333518899;1040.4688132120662;0.0;210.02100210021004;0.0;0.0;0.0;0.0
2030-09-16 12:00:00;442.4433303481871;1040.4688132120662;0.0;210.02100210021004;0.0;0.0;0.0;0.0
2030-09-16 13:00:00;442.2010946375192;1040.4688132120662;0.0;210.02100210021004;0.0;0.0;0.0;0.0
2030-09-16 14:00:00;442.1630972970992;1040.4688132120662;0.0;210.02100210021004;0.0;0.0;0.0;0.0
2030-09-16 15:00:00;441.166081391149;1040.4688132120662;0.0;210.02100210021004;0.0;0.0;0.0;0.0
2030-09-16 16:00:00;439.6196524734238;1040.4688132120662;0.0;210.02100210021004;0.0;0.0;0.0;0.0
2030-09-16 17:00:00;441.4073708297315;1040.4688132120662;0.0;210.02100210021004;0.0;0.0;0.0;0.0
2030-09-16 18:00:00;442.5880352975266;1040.4688132120662;0.0;210.02100210021004;0.0;0.0;0.0;0.0
2030-09-16 19:00:00;443.0051612535097;1040.4688132120662;0.0;210.02100210021004;0.0;0.0;0.0;0.0
2030-09-16 20:00:00;442.9626822269836;1040.4688132120662;0.0;210.02100210021004;0.0;0.0;0.0;0.0
2030-09-16 21:00:00;441.9527997340394;1040.4688132120662;0.0;210.02100210021004;0.0;0.0;0.0;0.0
2030-09-16 22:00:00;441.5676340091693;1040.4688132120662;0.0;210.02100210021004;0.0;0.0;0.0;0.0
2030-09-16 23:00:00;441.3662710466488;1040.4688132120662;0.0;210.02100210021004;0.0;0.0;0.0;0.0
2030-09-17 00:00:00;440.2545310252507;1040.4688132120662;0.0;210.02100210021004;0.0;0.0;0.0;0.0
2030-09-17 01:00:00;438.9278478383685;1040.4688132120662;0.0;210.02100210021004;0.0;0.0;0.0;0.0
2030-09-17 02:00:00;438.3056314997464;1040.4688132120662;0.0;210.02100210021004;0.0;0.0;0.0;0.0
2030-09-17 03:00:00;438.0325344679221;1040.4688132120662;0.0;210.02100210021004;0.0;0.0;0.0;0.0
2030-09-17 04:00:00;438.5887858807521;1040.4688132120662;0.0;210.02100210021004;0.0;0.0;0.0;0.0
2030-09-17 05:00:00;439.3234788675531;1040.4688132120662;0.0;210.02100210021004;0.0;0.0;0.0;0.0
2030-09-17 06:00:00;439.7154344050844;1040.4688132120662;0.0;210.02100210021004;0.0;0.0;0.0;0.0
2030-09-17 07:00:00;439.9269575887241;1040.4688132120662;0.0;210.02100210021004;0.0;0.0;0.0;0.0
2030-09-17 08:00:00;439.9624406736193;1040.4688132120662;0.0;210.02100210021004;0.0;0.0;0.0;0.0
2030-09-17 09:00:00;439.4641895042661;1040.4688132120662;0.0;210.02100210021004;0.0;0.0;0.0;0.0
2030-09-17 10:00:00;437.8491412233392;1040.4688132120662;0.0;210.02100210021004;0.0;0.0;0.0;0.0
2030-09-17 11:00:00;437.5260096153459;1040.4688132120662;0.0;210.02100210021004;0.0;0.0;0.0;0.0
2030-09-17 12:00:00;437.3925482523881;1040.4688132120662;0.0;210.02100210021004;0.0;0.0;0.0;0.0
2030-09-17 13:00:00;437.3855701539404;1040.4688132120662;0.0;210.02100210021004;0.0;0.0;0.0;0.0
2030-09-17 14:00:00;437.3685641300148;1040.4688132120662;0.0;210.02100210021004;0.0;0.0;0.0;0.0
2030-09-17 15:00:00;437.3673642173725;1040.4688132120662;0.0;210.02100210021004;0.0;0.0;0.0;0.0
2030-09-17 16:00:00;437.3857538500858;1040.4688132120662;0.0;210.02100210021004;0.0;0.0;0.0;0.0
2030-09-17 17:00:00;437.4405800842621;1040.4688132120662;0.0;210.02100210021004;0.0;0.0;0.0;0.0
2030-09-17 18:00:00;437.7656101984054;1040.4688132120662;0.0;210.02100210021004;0.0;0.0;0.0;0.0
2030-09-17 19:00:00;439.5193325032724;1040.4688132120662;0.0;210.02100210021004;0.0;0.0;0.0;0.0
2030-09-17 20:00:00;439.8215080118759;1040.4688132120662;0.0;210.02100210021004;0.0;0.0;0.0;0.0
2030-09-17 21:00:00;438.8447357233542;1040.4688132120662;0.0;210.02100210021004;0.0;0.0;0.0;0.0
2030-09-17 22:00:00;438.2548533133902;1040.4688132120662;0.0;210.02100210021004;0.0;0.0;0.0;0.0
2030-09-17 23:00:00;437.4309065981419;1040.4688132120662;0.0;210.02100210021004;0.0;0.0;0.0;0.0
2030-09-18 00:00:00;437.4103149667621;1040.4688132120662;0.0;210.02100210021004;0.0;0.0;0.0;0.0
2030-09-18 01:00:00;437.3879040370189;1040.4688132120662;0.0;210.02100210021004;0.0;0.0;0.0;0.0
2030-09-18 02:00:00;437.3657156622211;1040.4688132120662;0.0;210.02100210021004;0.0;0.0;0.0;0.0
2030-09-18 03:00:00;437.363077973979;1040.4688132120662;0.0;210.02100210021004;0.0;0.0;0.0;0.0
2030-09-18 04:00:00;437.4088866114774;1040.4688132120662;0.0;210.02100210021004;0.0;0.0;0.0;0.0
2030-09-18 05:00:00;437.451182648964;1040.4688132120662;0.0;210.02100210021004;0.0;0.0;0.0;0.0
2030-09-18 06:00:00;440.0066002920875;1040.4688132120662;0.0;210.02100210021004;0.0;0.0;0.0;0.0
2030-09-18 07:00:00;442.9026541669568;1040.4688132120662;0.0;210.02100210021004;0.0;0.0;0.0;0.0
2030-09-18 08:00:00;441.6601298762585;1040.4688132120662;0.0;210.02100210021004;0.0;0.0;0.0;0.0
2030-09-18 09:00:00;441.407783687001;1040.4688132120662;0.0;210.02100210021004;0.0;0.0;0.0;0.0
2030-09-18 10:00:00;440.2188953024843;1040.4688132120662;0.0;210.02100210021004;0.0;0.0;0.0;0.0
2030-09-18 11:00:00;439.5403630470242;1040.4688132120662;0.0;210.02100210021004;0.0;0.0;0.0;0.0
2030-09-18 12:00:00;438.6452542429142;1040.4688132120662;0.0;210.02100210021004;0.0;0.0;0.0;0.0
2030-09-18 13:00:00;438.2981766595096;1040.4688132120662;0.0;210.02100210021004;0.0;0.0;0.0;0.0
2030-09-18 14:00:00;438.1454190712342;1040.4688132120662;0.0;210.02100210021004;0.0;0.0;0.0;0.0
2030-09-18 15:00:00;439.4710292754077;1040.4688132120662;0.0;210.02100210021004;0.0;0.0;0.0;0.0
2030-09-18 16:00:00;440.2142996585405;1040.4688132120662;0.0;210.02100210021004;0.0;0.0;0.0;0.0
2030-09-18 17:00:00;440.4708546117175;1040.4688132120662;0.0;210.02100210021004;0.0;0.0;0.0;0.0
2030-09-18 18:00:00;442.1087227793424;1040.4688132120662;0.0;210.02100210021004;0.0;0.0;0.0;0.0
2030-09-18 19:00:00;442.5851762937807;1040.4688132120662;0.0;210.02100210021004;0.0;0.0;0.0;0.0
2030-09-18 20:00:00;442.9037641862952;1040.4688132120662;0.0;210.02100210021004;0.0;0.0;0.0;0.0
2030-09-18 21:00:00;442.4311919073859;1040.4688132120662;0.0;210.02100210021004;0.0;0.0;0.0;0.0
2030-09-18 22:00:00;442.036326422636;1040.4688132120662;0.0;210.02100210021004;0.0;0.0;0.0;0.0
2030-09-18 23:00:00;441.6166996521067;1040.4688132120662;0.0;210.02100210021004;0.0;0.0;0.0;0.0
2030-09-19 00:00:00;441.8132635818866;1040.4688132120662;0.0;210.02100210021004;0.0;0.0;0.0;0.0
2030-09-19 01:00:00;441.9760299309494;1040.4688132120662;0.0;210.02100210021004;0.0;0.0;0.0;0.0
2030-09-19 02:00:00;442.1316988365299;1040.4688132120662;0.0;210.02100210021004;0.0;0.0;0.0;0.0
2030-09-19 03:00:00;442.6699284104101;1040.4688132120662;0.0;210.02100210021004;0.0;0.0;0.0;0.0
2030-09-19 04:00:00;442.815079698117;1040.4688132120662;0.0;210.02100210021004;0.0;0.0;0.0;0.0
2030-09-19 05:00:00;441.9236971365859;1040.4688132120662;0.0;210.02100210021004;0.0;0.0;0.0;0.0
2030-09-19 06:00:00;442.2868057790197;1040.4688132120662;0.0;210.02100210021004;0.0;0.0;0.0;0.0
2030-09-19 07:00:00;442.1653437793757;1040.4688132120662;0.0;210.02100210021004;0.0;0.0;0.0;0.0
2030-09-19 08:00:00;442.1944461842822;1040.4688132120662;0.0;210.02100210021004;0.0;0.0;0.0;0.0
2030-09-19 09:00:00;440.6339262365227;1040.4688132120662;0.0;210.02100210021004;0.0;0.0;0.0;0.0
2030-09-19 10:00:00;441.0283328226668;1040.4688132120662;0.0;210.02100210021004;0.0;0.0;0.0;0.0
2030-09-19 11:00:00;441.7428070616278;1040.4688132120662;0.0;210.02100210021004;0.0;0.0;0.0;0.0
2030-09-19 12:00:00;440.6749750761326;1040.4688132120662;0.0;210.02100210021004;0.0;0.0;0.0;0.0
2030-09-19 13:00:00;441.0404838237064;1040.4688132120662;0.0;210.02100210021004;0.0;0.0;0.0;0.0
2030-09-19 14:00:00;440.5245654719851;1040.4688132120662;0.0;210.02100210021004;0.0;0.0;0.0;0.0
2030-09-19 15:00:00;440.2310451259846;1040.4688132120662;0.0;210.02100210021004;0.0;0.0;0.0;0.0
2030-09-19 16:00:00;440.8310023634599;1040.4688132120662;0.0;210.02100210021004;0.0;0.0;0.0;0.0
2030-09-19 17:00:00;440.9646651300769;1040.4688132120662;0.0;210.02100210021004;0.0;0.0;0.0;0.0
2030-09-19 18:00:00;440.699840218842;1040.4688132120662;0.0;210.02100210021004;0.0;0.0;0.0;0.0
2030-09-19 19:00:00;443.4432180106688;1040.4688132120662;0.0;210.02100210021004;0.0;0.0;0.0;0.0
2030-09-19 20:00:00;443.9907926878473;1040.4688132120662;0.0;210.02100210021004;0.0;0.0;0.0;0.0
2030-09-19 21:00:00;442.8135987602751;1040.4688132120662;0.0;210.02100210021004;0.0;0.0;0.0;0.0
2030-09-19 22:00:00;443.2952594551342;1040.4688132120662;0.0;210.02100210021004;0.0;0.0;0.0;0.0
2030-09-19 23:00:00;442.912086072818;1040.4688132120662;0.0;210.02100210021004;0.0;0.0;0.0;0.0
2030-09-20 00:00:00;441.0348673180659;1040.4688132120662;0.0;210.02100210021004;0.0;0.0;0.0;0.0
2030-09-20 01:00:00;441.1992164919162;1040.4688132120662;0.0;210.02100210021004;0.0;0.0;0.0;0.0
2030-09-20 02:00:00;441.3451331315106;1040.4688132120662;0.0;210.02100210021004;0.0;0.0;0.0;0.0
2030-09-20 03:00:00;441.3446742329047;1040.4688132120662;0.0;210.02100210021004;0.0;0.0;0.0;0.0
2030-09-20 04:00:00;441.6034756683583;1040.4688132120662;0.0;210.02100210021004;0.0;0.0;0.0;0.0
2030-09-20 05:00:00;442.0996343633926;1040.4688132120662;0.0;210.02100210021004;0.0;0.0;0.0;0.0
2030-09-20 06:00:00;443.4945806942615;1040.4688132120662;0.0;210.02100210021004;0.0;0.0;0.0;0.0
2030-09-20 07:00:00;443.0592283329923;1040.4688132120662;0.0;210.02100210021004;0.0;0.0;0.0;0.0
2030-09-20 08:00:00;443.2912777027461;1040.4688132120662;0.0;210.02100210021004;0.0;0.0;0.0;0.0
2030-09-20 09:00:00;443.1284096592849;1040.4688132120662;0.0;210.02100210021004;0.0;0.0;0.0;0.0
2030-09-20 10:00:00;442.1577374788071;1040.4688132120662;0.0;210.02100210021004;0.0;0.0;0.0;0.0
2030-09-20 11:00:00;442.7578473541537;1040.4688132120662;0.0;210.02100210021004;0.0;0.0;0.0;0.0
2030-09-20 12:00:00;442.5413699522762;1040.4688132120662;0.0;210.02100210021004;0.0;0.0;0.0;0.0
2030-09-20 13:00:00;442.4308347031786;1040.4688132120662;0.0;210.02100210021004;0.0;0.0;0.0;0.0
2030-09-20 14:00:00;440.8078736684013;1040.4688132120662;0.0;210.02100210021004;0.0;0.0;0.0;0.0
2030-09-20 15:00:00;442.0738524084637;1040.4688132120662;0.0;210.02100210021004;0.0;0.0;0.0;0.0
2030-09-20 16:00:00;441.9714354645449;1040.4688132120662;0.0;210.02100210021004;0.0;0.0;0.0;0.0
2030-09-20 17:00:00;442.005999574689;1040.4688132120662;0.0;210.02100210021004;0.0;0.0;0.0;0.0
2030-09-20 18:00:00;441.5871383485944;1040.4688132120662;0.0;210.02100210021004;0.0;0.0;0.0;0.0
2030-09-20 19:00:00;442.4540637225491;1040.4688132120662;0.0;210.02100210021004;0.0;0.0;0.0;0.0
2030-09-20 20:00:00;442.3183073040739;1040.4688132120662;0.0;210.02100210021004;0.0;0.0;0.0;0.0
2030-09-20 21:00:00;442.6844797091369;1040.4688132120662;0.0;210.02100210021004;0.0;0.0;0.0;0.0
2030-09-20 22:00:00;441.7500573355284;1040.4688132120662;0.0;210.02100210021004;0.0;0.0;0.0;0.0
2030-09-20 23:00:00;440.9200426857591;1040.4688132120662;0.0;210.02100210021004;0.0;0.0;0.0;0.0
2030-09-21 00:00:00;440.2183842828663;1040.4688132120662;0.0;210.02100210021004;0.0;0.0;0.0;0.0
2030-09-21 01:00:00;440.0245243638824;1040.4688132120662;0.0;210.02100210021004;0.0;0.0;0.0;0.0
2030-09-21 02:00:00;437.9817843057989;1040.4688132120662;0.0;210.02100210021004;0.0;0.0;0.0;0.0
2030-09-21 03:00:00;469.2875567428347;1040.4688132120662;0.0;210.02100210021004;0.0;0.0;0.0;0.0
2030-09-21 04:00:00;437.9219469052653;1040.4688132120662;0.0;210.02100210021004;0.0;0.0;0.0;0.0
2030-09-21 05:00:00;437.9985818942552;1040.4688132120662;0.0;210.02100210021004;0.0;0.0;0.0;0.0
2030-09-21 06:00:00;512.6879585754368;1040.4688132120662;0.0;210.02100210021004;0.0;0.0;0.0;0.0
2030-09-21 07:00:00;513.3762415342494;1040.4688132120662;0.0;210.02100210021004;0.0;0.0;0.0;0.0
2030-09-21 08:00:00;439.438659526528;1040.4688132120662;0.0;210.02100210021004;0.0;0.0;0.0;0.0
2030-09-21 09:00:00;439.2679817937013;1040.4688132120662;0.0;210.02100210021004;0.0;0.0;0.0;0.0
2030-09-21 10:00:00;438.7787655491993;1040.4688132120662;0.0;210.02100210021004;0.0;0.0;0.0;0.0
2030-09-21 11:00:00;439.7078269269764;1040.4688132120662;0.0;210.02100210021004;0.0;0.0;0.0;0.0
2030-09-21 12:00:00;439.1196125428606;1040.4688132120662;0.0;210.02100210021004;0.0;0.0;0.0;0.0
2030-09-21 13:00:00;438.1909595053107;1040.4688132120662;0.0;210.02100210021004;0.0;0.0;0.0;0.0
2030-09-21 14:00:00;438.1943804721474;1040.4688132120662;0.0;210.02100210021004;0.0;0.0;0.0;0.0
2030-09-21 15:00:00;437.919138652445;1040.4688132120662;0.0;210.02100210021004;0.0;0.0;0.0;0.0
2030-09-21 16:00:00;438.5148065067112;1040.4688132120662;0.0;210.02100210021004;0.0;0.0;0.0;0.0
2030-09-21 17:00:00;439.2891690896786;1040.4688132120662;0.0;210.02100210021004;0.0;0.0;0.0;0.0
2030-09-21 18:00:00;440.3856434039351;1040.4688132120662;0.0;210.02100210021004;0.0;0.0;0.0;0.0
2030-09-21 19:00:00;440.5848617711247;1040.4688132120662;0.0;210.02100210021004;0.0;0.0;0.0;0.0
2030-09-21 20:00:00;440.1959190527498;1040.4688132120662;0.0;210.02100210021004;0.0;0.0;0.0;0.0
2030-09-21 21:00:00;439.3953134537159;1040.4688132120662;0.0;210.02100210021004;0.0;0.0;0.0;0.0
2030-09-21 22:00:00;438.8652531284873;1040.4688132120662;0.0;210.02100210021004;0.0;0.0;0.0;0.0
2030-09-21 23:00:00;437.4299834072571;1040.4688132120662;0.0;210.02100210021004;0.0;0.0;0.0;0.0
2030-09-22 00:00:00;437.3734933099173;1040.4688132120662;0.0;210.02100210021004;0.0;0.0;0.0;0.0
2030-09-22 01:00:00;437.3575388286704;1040.4688132120662;0.0;210.02100210021004;0.0;0.0;0.0;0.0
2030-09-22 02:00:00;437.3137202327476;1040.4688132120662;0.0;210.02100210021004;0.0;0.0;0.0;0.0
2030-09-22 03:00:00;437.3155465963474;1040.4688132120662;0.0;210.02100210021004;0.0;0.0;0.0;0.0
2030-09-22 04:00:00;437.3241720724071;1040.4688132120662;0.0;210.02100210021004;0.0;0.0;0.0;0.0
2030-09-22 05:00:00;437.3232936280193;1040.4688132120662;0.0;210.02100210021004;0.0;0.0;0.0;0.0
2030-09-22 06:00:00;437.3506619986105;1040.4688132120662;0.0;210.02100210021004;0.0;0.0;0.0;0.0
2030-09-22 07:00:00;437.3617073181246;1040.4688132120662;0.0;210.02100210021004;0.0;0.0;0.0;0.0
2030-09-22 08:00:00;437.3681672992391;1040.4688132120662;0.0;210.02100210021004;0.0;0.0;0.0;0.0
2030-09-22 09:00:00;437.3840982296981;1040.4688132120662;0.0;210.02100210021004;0.0;0.0;0.0;0.0
2030-09-22 10:00:00;437.3769988446927;1040.4688132120662;0.0;210.02100210021004;0.0;0.0;0.0;0.0
2030-09-22 11:00:00;437.3583631062461;1040.4688132120662;0.0;210.02100210021004;0.0;0.0;0.0;0.0
2030-09-22 12:00:00;437.3478782954835;1040.4688132120662;0.0;210.02100210021004;0.0;0.0;0.0;0.0
2030-09-22 13:00:00;437.338718216539;1040.4688132120662;0.0;210.02100210021004;0.0;0.0;0.0;0.0
2030-09-22 14:00:00;437.3332591439092;1040.4688132120662;0.0;210.02100210021004;0.0;0.0;0.0;0.0
2030-09-22 15:00:00;437.3303482665277;1040.4688132120662;0.0;210.02100210021004;0.0;0.0;0.0;0.0
2030-09-22 16:00:00;437.3846434304374;1040.4688132120662;0.0;210.02100210021004;0.0;0.0;0.0;0.0
2030-09-22 17:00:00;437.4316260747115;1040.4688132120662;0.0;210.02100210021004;0.0;0.0;0.0;0.0
2030-09-22 18:00:00;437.4496506702127;1040.4688132120662;0.0;210.02100210021004;0.0;0.0;0.0;0.0
2030-09-22 19:00:00;438.3935360776086;1040.4688132120662;0.0;210.02100210021004;0.0;0.0;0.0;0.0
2030-09-22 20:00:00;438.9256803943357;1040.4688132120662;0.0;210.02100210021004;0.0;0.0;0.0;0.0
2030-09-22 21:00:00;438.8043926202565;1040.4688132120662;0.0;210.02100210021004;0.0;0.0;0.0;0.0
2030-09-22 22:00:00;439.0099852242662;1040.4688132120662;0.0;210.02100210021004;0.0;0.0;0.0;0.0
2030-09-22 23:00:00;439.2487403225264;1040.4688132120662;0.0;210.02100210021004;0.0;0.0;0.0;0.0
2030-09-23 00:00:00;439.3531163796938;1040.4688132120662;0.0;210.02100210021004;0.0;0.0;0.0;0.0
2030-09-23 01:00:00;439.0145692931284;1040.4688132120662;0.0;210.02100210021004;0.0;0.0;0.0;0.0
2030-09-23 02:00:00;439.6125009653732;1040.4688132120662;0.0;210.02100210021004;0.0;0.0;0.0;0.0
2030-09-23 03:00:00;439.9697431164853;1040.4688132120662;0.0;210.02100210021004;0.0;0.0;0.0;0.0
2030-09-23 04:00:00;440.290715191487;1040.4688132120662;0.0;210.02100210021004;0.0;0.0;0.0;0.0
2030-09-23 05:00:00;442.2458354023051;1040.4688132120662;0.0;210.02100210021004;0.0;0.0;0.0;0.0
2030-09-23 06:00:00;442.9249655001598;1040.4688132120662;0.0;210.02100210021004;0.0;0.0;0.0;0.0
2030-09-23 07:00:00;443.4199999573181;1040.4688132120662;0.0;210.02100210021004;0.0;0.0;0.0;0.0
2030-09-23 08:00:00;443.9244247797603;1040.4688132120662;0.0;210.02100210021004;0.0;0.0;0.0;0.0
2030-09-23 09:00:00;443.5142376715578;1040.4688132120662;0.0;210.02100210021004;0.0;0.0;0.0;0.0
2030-09-23 10:00:00;442.4421172878457;1040.4688132120662;0.0;210.02100210021004;0.0;0.0;0.0;0.0
2030-09-23 11:00:00;441.2638019817178;1040.4688132120662;0.0;210.02100210021004;0.0;0.0;0.0;0.0
2030-09-23 12:00:00;439.9245077176507;1040.4688132120662;0.0;210.02100210021004;0.0;0.0;0.0;0.0
2030-09-23 13:00:00;440.2327296451704;1040.4688132120662;0.0;210.02100210021004;0.0;0.0;0.0;0.0
2030-09-23 14:00:00;440.6940189543183;1040.4688132120662;0.0;210.02100210021004;0.0;0.0;0.0;0.0
2030-09-23 15:00:00;440.9077390468483;1040.4688132120662;0.0;210.02100210021004;0.0;0.0;0.0;0.0
2030-09-23 16:00:00;441.3983852857194;1040.4688132120662;0.0;210.02100210021004;0.0;0.0;0.0;0.0
2030-09-23 17:00:00;442.3828927938755;1040.4688132120662;0.0;210.02100210021004;0.0;0.0;0.0;0.0
2030-09-23 18:00:00;515.1466510899356;1040.4688132120662;0.0;210.02100210021004;0.0;0.0;0.0;0.0
2030-09-23 19:00:00;515.6089600832408;1040.4688132120662;0.0;210.02100210021004;0.0;0.0;0.0;0.0
2030-09-23 20:00:00;515.7262345866211;1040.4688132120662;0.0;210.02100210021004;0.0;0.0;0.0;0.0
2030-09-23 21:00:00;515.4838749055028;1040.4688132120662;0.0;210.02100210021004;0.0;0.0;0.0;0.0
2030-09-23 22:00:00;515.2521317964838;1040.4688132120662;0.0;210.02100210021004;0.0;0.0;0.0;0.0
2030-09-23 23:00:00;514.7648036525114;1040.4688132120662;0.0;210.02100210021004;0.0;0.0;0.0;0.0
2030-09-24 00:00:00;514.9843448170182;1040.4688132120662;0.0;210.02100210021004;0.0;0.0;0.0;0.0
2030-09-24 01:00:00;514.9232819884517;1040.4688132120662;0.0;210.02100210021004;0.0;0.0;0.0;0.0
2030-09-24 02:00:00;513.7437398842044;1040.4688132120662;0.0;210.02100210021004;0.0;0.0;0.0;0.0
2030-09-24 03:00:00;513.0754720918878;1040.4688132120662;0.0;210.02100210021004;0.0;0.0;0.0;0.0
2030-09-24 04:00:00;513.0571933730425;1040.4688132120662;0.0;210.02100210021004;0.0;0.0;0.0;0.0
2030-09-24 05:00:00;513.3958969489122;1040.4688132120662;0.0;210.02100210021004;0.0;0.0;0.0;0.0
2030-09-24 06:00:00;513.7604357782623;1040.4688132120662;0.0;210.02100210021004;0.0;0.0;0.0;0.0
2030-09-24 07:00:00;514.7166583544115;1040.4688132120662;0.0;210.02100210021004;0.0;0.0;0.0;0.0
2030-09-24 08:00:00;515.1260243869626;1040.4688132120662;0.0;210.02100210021004;0.0;0.0;0.0;0.0
2030-09-24 09:00:00;514.836640593753;1040.4688132120662;0.0;210.02100210021004;0.0;0.0;0.0;0.0
2030-09-24 10:00:00;442.0373980352583;1040.4688132120662;0.0;210.02100210021004;0.0;0.0;0.0;0.0
2030-09-24 11:00:00;441.7793619516924;1040.4688132120662;0.0;210.02100210021004;0.0;0.0;0.0;0.0
2030-09-24 12:00:00;441.3091911480096;1040.4688132120662;0.0;210.02100210021004;0.0;0.0;0.0;0.0
2030-09-24 13:00:00;441.9874665235742;1040.4688132120662;0.0;210.02100210021004;0.0;0.0;0.0;0.0
2030-09-24 14:00:00;442.1530908913906;1040.4688132120662;0.0;210.02100210021004;0.0;0.0;0.0;0.0
2030-09-24 15:00:00;441.9799595623252;1040.4688132120662;0.0;210.02100210021004;0.0;0.0;0.0;0.0
2030-09-24 16:00:00;442.2826194602954;1040.4688132120662;0.0;210.02100210021004;0.0;0.0;0.0;0.0
2030-09-24 17:00:00;443.096090853878;1040.4688132120662;0.0;210.02100210021004;0.0;0.0;0.0;0.0
2030-09-24 18:00:00;443.2744801142899;1040.4688132120662;0.0;210.02100210021004;0.0;0.0;0.0;0.0
2030-09-24 19:00:00;442.9821851963222;1040.4688132120662;0.0;210.02100210021004;0.0;0.0;0.0;0.0
2030-09-24 20:00:00;442.55306205471;1040.4688132120662;0.0;210.02100210021004;0.0;0.0;0.0;0.0
2030-09-24 21:00:00;441.9204807360854;1040.4688132120662;0.0;210.02100210021004;0.0;0.0;0.0;0.0
2030-09-24 22:00:00;441.544454563185;1040.4688132120662;0.0;210.02100210021004;0.0;0.0;0.0;0.0
2030-09-24 23:00:00;441.1822155146631;1040.4688132120662;0.0;210.02100210021004;0.0;0.0;0.0;0.0
2030-09-25 00:00:00;440.7259298045921;1040.4688132120662;0.0;210.02100210021004;0.0;0.0;0.0;0.0
2030-09-25 01:00:00;439.574110861808;1040.4688132120662;0.0;210.02100210021004;0.0;0.0;0.0;0.0
2030-09-25 02:00:00;439.3357836840033;1040.4688132120662;0.0;210.02100210021004;0.0;0.0;0.0;0.0
2030-09-25 03:00:00;440.0288151171781;1040.4688132120662;0.0;210.02100210021004;0.0;0.0;0.0;0.0
2030-09-25 04:00:00;440.073742644691;1040.4688132120662;0.0;210.02100210021004;0.0;0.0;0.0;0.0
2030-09-25 05:00:00;440.6798262298854;1040.4688132120662;0.0;210.02100210021004;0.0;0.0;0.0;0.0
2030-09-25 06:00:00;441.3714274761439;1040.4688132120662;0.0;210.02100210021004;0.0;0.0;0.0;0.0
2030-09-25 07:00:00;441.3570288152883;1040.4688132120662;0.0;210.02100210021004;0.0;0.0;0.0;0.0
2030-09-25 08:00:00;441.1553580293996;1040.4688132120662;0.0;210.02100210021004;0.0;0.0;0.0;0.0
2030-09-25 09:00:00;440.8152256367003;1040.4688132120662;0.0;210.02100210021004;0.0;0.0;0.0;0.0
2030-09-25 10:00:00;441.6090921739988;1040.4688132120662;0.0;210.02100210021004;0.0;0.0;0.0;0.0
2030-09-25 11:00:00;441.9559640135277;1040.4688132120662;0.0;210.02100210021004;0.0;0.0;0.0;0.0
2030-09-25 12:00:00;441.8897955063916;1040.4688132120662;0.0;210.02100210021004;0.0;0.0;0.0;0.0
2030-09-25 13:00:00;441.9320203931952;1040.4688132120662;0.0;210.02100210021004;0.0;0.0;0.0;0.0
2030-09-25 14:00:00;441.4005808245232;1040.4688132120662;0.0;210.02100210021004;0.0;0.0;0.0;0.0
2030-09-25 15:00:00;442.0240735346508;1040.4688132120662;0.0;210.02100210021004;0.0;0.0;0.0;0.0
2030-09-25 16:00:00;441.9678595047583;1040.4688132120662;0.0;210.02100210021004;0.0;0.0;0.0;0.0
2030-09-25 17:00:00;442.5192111754415;1040.4688132120662;0.0;210.02100210021004;0.0;0.0;0.0;0.0
2030-09-25 18:00:00;442.5763941385655;1040.4688132120662;0.0;210.02100210021004;0.0;0.0;0.0;0.0
2030-09-25 19:00:00;441.9521868274759;1040.4688132120662;0.0;210.02100210021004;0.0;0.0;0.0;0.0
2030-09-25 20:00:00;442.3954011916696;1040.4688132120662;0.0;210.02100210021004;0.0;0.0;0.0;0.0
2030-09-25 21:00:00;441.8912778143199;1040.4688132120662;0.0;210.02100210021004;0.0;0.0;0.0;0.0
2030-09-25 22:00:00;441.2673236579606;1040.4688132120662;0.0;210.02100210021004;0.0;0.0;0.0;0.0
2030-09-25 23:00:00;440.5438143016012;1040.4688132120662;0.0;210.02100210021004;0.0;0.0;0.0;0.0
2030-09-26 00:00:00;440.1390948564667;1040.4688132120662;0.0;210.02100210021004;0.0;0.0;0.0;0.0
2030-09-26 01:00:00;437.4340600486385;1040.4688132120662;0.0;210.02100210021004;0.0;0.0;0.0;0.0
2030-09-26 02:00:00;437.4389268189532;1040.4688132120662;0.0;210.02100210021004;0.0;0.0;0.0;0.0
2030-09-26 03:00:00;438.2012989258572;1040.4688132120662;0.0;210.02100210021004;0.0;0.0;0.0;0.0
2030-09-26 04:00:00;437.967692098225;1040.4688132120662;0.0;210.02100210021004;0.0;0.0;0.0;0.0
2030-09-26 05:00:00;438.6560767514361;1040.4688132120662;0.0;210.02100210021004;0.0;0.0;0.0;0.0
2030-09-26 06:00:00;439.7975828352298;1040.4688132120662;0.0;210.02100210021004;0.0;0.0;0.0;0.0
2030-09-26 07:00:00;440.2534084691556;1040.4688132120662;0.0;210.02100210021004;0.0;0.0;0.0;0.0
2030-09-26 08:00:00;440.4930131960052;1040.4688132120662;0.0;210.02100210021004;0.0;0.0;0.0;0.0
2030-09-26 09:00:00;440.4126507868968;1040.4688132120662;0.0;210.02100210021004;0.0;0.0;0.0;0.0
2030-09-26 10:00:00;440.5373815006004;1040.4688132120662;0.0;210.02100210021004;0.0;0.0;0.0;0.0
2030-09-26 11:00:00;440.9196866590911;1040.4688132120662;0.0;210.02100210021004;0.0;0.0;0.0;0.0
2030-09-26 12:00:00;440.4946469642653;1040.4688132120662;0.0;210.02100210021004;0.0;0.0;0.0;0.0
2030-09-26 13:00:00;441.2467502535391;1040.4688132120662;0.0;210.02100210021004;0.0;0.0;0.0;0.0
2030-09-26 14:00:00;441.1559709359631;1040.4688132120662;0.0;210.02100210021004;0.0;0.0;0.0;0.0
2030-09-26 15:00:00;441.3188389794243;1040.4688132120662;0.0;210.02100210021004;0.0;0.0;0.0;0.0
2030-09-26 16:00:00;441.556554813299;1040.4688132120662;0.0;210.02100210021004;0.0;0.0;0.0;0.0
2030-09-26 17:00:00;441.7361696942908;1040.4688132120662;0.0;210.02100210021004;0.0;0.0;0.0;0.0
2030-09-26 18:00:00;439.4700603421761;1040.4688132120662;0.0;210.02100210021004;0.0;0.0;0.0;0.0
2030-09-26 19:00:00;439.5772776889221;1040.4688132120662;0.0;210.02100210021004;0.0;0.0;0.0;0.0
2030-09-26 20:00:00;439.6265467206564;1040.4688132120662;0.0;210.02100210021004;0.0;0.0;0.0;0.0
2030-09-26 21:00:00;440.0096679819603;1040.4688132120662;0.0;210.02100210021004;0.0;0.0;0.0;0.0
2030-09-26 22:00:00;439.6596295078644;1040.4688132120662;0.0;210.02100210021004;0.0;0.0;0.0;0.0
2030-09-26 23:00:00;439.7360089870453;1040.4688132120662;0.0;210.02100210021004;0.0;0.0;0.0;0.0
2030-09-27 00:00:00;439.5976984554724;1040.4688132120662;0.0;210.02100210021004;0.0;0.0;0.0;0.0
2030-09-27 01:00:00;439.5066152322406;1040.4688132120662;0.0;210.02100210021004;0.0;0.0;0.0;0.0
2030-09-27 02:00:00;438.5800050956234;1040.4688132120662;0.0;210.02100210021004;0.0;0.0;0.0;0.0
2030-09-27 03:00:00;437.4156810137798;1040.4688132120662;0.0;210.02100210021004;0.0;0.0;0.0;0.0
2030-09-27 04:00:00;437.4092905074895;1040.4688132120662;0.0;210.02100210021004;0.0;0.0;0.0;0.0
2030-09-27 05:00:00;437.627328650296;1040.4688132120662;0.0;210.02100210021004;0.0;0.0;0.0;0.0
2030-09-27 06:00:00;440.7745301525988;1040.4688132120662;0.0;210.02100210021004;0.0;0.0;0.0;0.0
2030-09-27 07:00:00;441.6034249174327;1040.4688132120662;0.0;210.02100210021004;0.0;0.0;0.0;0.0
2030-09-27 08:00:00;441.6812332134433;1040.4688132120662;0.0;210.02100210021004;0.0;0.0;0.0;0.0
2030-09-27 09:00:00;441.5428221650113;1040.4688132120662;0.0;210.02100210021004;0.0;0.0;0.0;0.0
2030-09-27 10:00:00;441.1599029224177;1040.4688132120662;0.0;210.02100210021004;0.0;0.0;0.0;0.0
2030-09-27 11:00:00;440.9665034646732;1040.4688132120662;0.0;210.02100210021004;0.0;0.0;0.0;0.0
2030-09-27 12:00:00;438.6067581463155;1040.4688132120662;0.0;210.02100210021004;0.0;0.0;0.0;0.0
2030-09-27 13:00:00;439.9738276928578;1040.4688132120662;0.0;210.02100210021004;0.0;0.0;0.0;0.0
2030-09-27 14:00:00;439.4764931431769;1040.4688132120662;0.0;210.02100210021004;0.0;0.0;0.0;0.0
2030-09-27 15:00:00;439.6747427696819;1040.4688132120662;0.0;210.02100210021004;0.0;0.0;0.0;0.0
2030-09-27 16:00:00;440.623664321005;1040.4688132120662;0.0;210.02100210021004;0.0;0.0;0.0;0.0
2030-09-27 17:00:00;441.8448666087921;1040.4688132120662;0.0;210.02100210021004;0.0;0.0;0.0;0.0
2030-09-27 18:00:00;442.1117877195111;1040.4688132120662;0.0;210.02100210021004;0.0;0.0;0.0;0.0
2030-09-27 19:00:00;441.6697977983579;1040.4688132120662;0.0;210.02100210021004;0.0;0.0;0.0;0.0
2030-09-27 20:00:00;441.1616903135413;1040.4688132120662;0.0;210.02100210021004;0.0;0.0;0.0;0.0
2030-09-27 21:00:00;440.4466033605639;1040.4688132120662;0.0;210.02100210021004;0.0;0.0;0.0;0.0
2030-09-27 22:00:00;439.7003225133533;1040.4688132120662;0.0;210.02100210021004;0.0;0.0;0.0;0.0
2030-09-27 23:00:00;439.4361067835168;1040.4688132120662;0.0;210.02100210021004;0.0;0.0;0.0;0.0
2030-09-28 00:00:00;437.3317224550003;1040.4688132120662;0.0;210.02100210021004;0.0;0.0;0.0;0.0
2030-09-28 01:00:00;437.163992566205;1040.4688132120662;0.0;210.02100210021004;0.0;0.0;0.0;0.0
2030-09-28 02:00:00;437.1266563246452;1040.4688132120662;0.0;210.02100210021004;0.0;0.0;0.0;0.0
2030-09-28 03:00:00;437.1597640222418;1040.4688132120662;0.0;210.02100210021004;0.0;0.0;0.0;0.0
2030-09-28 04:00:00;437.175925750422;1040.4688132120662;0.0;210.02100210021004;0.0;0.0;0.0;0.0
2030-09-28 05:00:00;500.3391555069313;1040.4688132120662;0.0;210.02100210021004;0.0;0.0;0.0;0.0
2030-09-28 06:00:00;499.3982484038569;1040.4688132120662;0.0;210.02100210021004;0.0;0.0;0.0;0.0
2030-09-28 07:00:00;500.4295229516618;1040.4688132120662;0.0;210.02100210021004;0.0;0.0;0.0;0.0
2030-09-28 08:00:00;501.4610532018227;1040.4688132120662;0.0;210.02100210021004;0.0;0.0;0.0;0.0
2030-09-28 09:00:00;501.5171122387653;1040.4688132120662;0.0;210.02100210021004;0.0;0.0;0.0;0.0
2030-09-28 10:00:00;459.8142129304646;1040.4688132120662;0.0;210.02100210021004;0.0;0.0;0.0;0.0
2030-09-28 11:00:00;437.1919379310992;1040.4688132120662;0.0;210.02100210021004;0.0;0.0;0.0;0.0
2030-09-28 12:00:00;437.2349204740525;1040.4688132120662;0.0;210.02100210021004;0.0;0.0;0.0;0.0
2030-09-28 13:00:00;437.2478463239785;1040.4688132120662;0.0;210.02100210021004;0.0;0.0;0.0;0.0
2030-09-28 14:00:00;437.238617947749;1040.4688132120662;0.0;210.02100210021004;0.0;0.0;0.0;0.0
2030-09-28 15:00:00;437.2518205194326;1040.4688132120662;0.0;210.02100210021004;0.0;0.0;0.0;0.0
2030-09-28 16:00:00;437.2735308132364;1040.4688132120662;0.0;210.02100210021004;0.0;0.0;0.0;0.0
2030-09-28 17:00:00;437.3103724882509;1040.4688132120662;0.0;210.02100210021004;0.0;0.0;0.0;0.0
2030-09-28 18:00:00;437.312612168178;1040.4688132120662;0.0;210.02100210021004;0.0;0.0;0.0;0.0
2030-09-28 19:00:00;437.3201896341773;1040.4688132120662;0.0;210.02100210021004;0.0;0.0;0.0;0.0
2030-09-28 20:00:00;437.3073838932694;1040.4688132120662;0.0;210.02100210021004;0.0;0.0;0.0;0.0
2030-09-28 21:00:00;437.2993507195248;1040.4688132120662;0.0;210.02100210021004;0.0;0.0;0.0;0.0
2030-09-28 22:00:00;437.2585266062804;1040.4688132120662;0.0;210.02100210021004;0.0;0.0;0.0;0.0
2030-09-28 23:00:00;437.2278646580047;1040.4688132120662;0.0;210.02100210021004;0.0;0.0;0.0;0.0
2030-09-29 00:00:00;437.225327060611;1040.4688132120662;0.0;210.02100210021004;0.0;0.0;0.0;0.0
2030-09-29 01:00:00;437.197119104432;1040.4688132120662;0.0;210.02100210021004;0.0;0.0;0.0;0.0
2030-09-29 02:00:00;437.1809644414882;1040.4688132120662;0.0;210.02100210021004;0.0;0.0;0.0;0.0
2030-09-29 03:00:00;437.1553352965817;1040.4688132120662;0.0;210.02100210021004;0.0;0.0;0.0;0.0
2030-09-29 04:00:00;437.1462576453947;1040.4688132120662;0.0;210.02100210021004;0.0;0.0;0.0;0.0
2030-09-29 05:00:00;437.1401992052135;1040.4688132120662;0.0;210.02100210021004;0.0;0.0;0.0;0.0
2030-09-29 06:00:00;437.1690606957561;1040.4688132120662;0.0;210.02100210021004;0.0;0.0;0.0;0.0
2030-09-29 07:00:00;437.1937113054263;1040.4688132120662;0.0;210.02100210021004;0.0;0.0;0.0;0.0
2030-09-29 08:00:00;437.2234524178961;1040.4688132120662;0.0;210.02100210021004;0.0;0.0;0.0;0.0
2030-09-29 09:00:00;437.2756857103271;1040.4688132120662;0.0;210.02100210021004;0.0;0.0;0.0;0.0
2030-09-29 10:00:00;437.3216862867467;1040.4688132120662;0.0;210.02100210021004;0.0;0.0;0.0;0.0
2030-09-29 11:00:00;437.3273384758371;1040.4688132120662;0.0;210.02100210021004;0.0;0.0;0.0;0.0
2030-09-29 12:00:00;437.3220960704558;1040.4688132120662;0.0;210.02100210021004;0.0;0.0;0.0;0.0
2030-09-29 13:00:00;437.3182478717168;1040.4688132120662;0.0;210.02100210021004;0.0;0.0;0.0;0.0
2030-09-29 14:00:00;437.3121470401175;1040.4688132120662;0.0;210.02100210021004;0.0;0.0;0.0;0.0
2030-09-29 15:00:00;437.3068975694998;1040.4688132120662;0.0;210.02100210021004;0.0;0.0;0.0;0.0
2030-09-29 16:00:00;437.3157361801898;1040.4688132120662;0.0;210.02100210021004;0.0;0.0;0.0;0.0
2030-09-29 17:00:00;437.3342188385152;1040.4688132120662;0.0;210.02100210021004;0.0;0.0;0.0;0.0
2030-09-29 18:00:00;437.349814170247;1040.4688132120662;0.0;210.02100210021004;0.0;0.0;0.0;0.0
2030-09-29 19:00:00;437.3506396253621;1040.4688132120662;0.0;210.02100210021004;0.0;0.0;0.0;0.0
2030-09-29 20:00:00;437.3432611635204;1040.4688132120662;0.0;210.02100210021004;0.0;0.0;0.0;0.0
2030-09-29 21:00:00;437.3428466696537;1040.4688132120662;0.0;210.02100210021004;0.0;0.0;0.0;0.0
2030-09-29 22:00:00;437.3272854865644;1040.4688132120662;0.0;210.02100210021004;0.0;0.0;0.0;0.0
2030-09-29 23:00:00;437.3293438254248;1040.4688132120662;0.0;210.02100210021004;0.0;0.0;0.0;0.0
2030-09-30 00:00:00;437.2899586653197;1040.4688132120662;0.0;210.02100210021004;0.0;0.0;0.0;0.0
2030-09-30 01:00:00;437.2685792600854;1040.4688132120662;0.0;210.02100210021004;0.0;0.0;0.0;0.0
2030-09-30 02:00:00;437.2933794172587;1040.4688132120662;0.0;210.02100210021004;0.0;0.0;0.0;0.0
2030-09-30 03:00:00;437.3191616422864;1040.4688132120662;0.0;210.02100210021004;0.0;0.0;0.0;0.0
2030-09-30 04:00:00;437.3312337761519;1040.4688132120662;0.0;210.02100210021004;0.0;0.0;0.0;0.0
2030-09-30 05:00:00;437.3559126467676;1040.4688132120662;0.0;210.02100210021004;0.0;0.0;0.0;0.0
2030-09-30 06:00:00;437.4337574210143;1040.4688132120662;0.0;210.02100210021004;0.0;0.0;0.0;0.0
2030-09-30 07:00:00;437.8901784293941;1040.4688132120662;0.0;210.02100210021004;0.0;0.0;0.0;0.0
2030-09-30 08:00:00;441.2266829084223;1040.4688132120662;0.0;210.02100210021004;0.0;0.0;0.0;0.0
2030-09-30 09:00:00;441.6164230815934;1040.4688132120662;0.0;210.02100210021004;0.0;0.0;0.0;0.0
2030-09-30 10:00:00;440.0892994713947;1040.4688132120662;0.0;210.02100210021004;0.0;0.0;0.0;0.0
2030-09-30 11:00:00;439.1139021680237;1040.4688132120662;0.0;210.02100210021004;0.0;0.0;0.0;0.0
2030-09-30 12:00:00;437.7826919822354;1040.4688132120662;0.0;210.02100210021004;0.0;0.0;0.0;0.0
2030-09-30 13:00:00;437.9568051153178;1040.4688132120662;0.0;210.02100210021004;0.0;0.0;0.0;0.0
2030-09-30 14:00:00;438.6508086502815;1040.4688132120662;0.0;210.02100210021004;0.0;0.0;0.0;0.0
2030-09-30 15:00:00;439.1261790651477;1040.4688132120662;0.0;210.02100210021004;0.0;0.0;0.0;0.0
2030-09-30 16:00:00;439.8227295667103;1040.4688132120662;0.0;210.02100210021004;0.0;0.0;0.0;0.0
2030-09-30 17:00:00;441.4314611425425;1040.4688132120662;0.0;210.02100210021004;0.0;0.0;0.0;0.0
2030-09-30 18:00:00;441.4126645761444;1040.4688132120662;0.0;210.02100210021004;0.0;0.0;0.0;0.0
2030-09-30 19:00:00;441.3626930443729;1040.4688132120662;0.0;210.02100210021004;0.0;0.0;0.0;0.0
2030-09-30 20:00:00;441.5084826842349;1040.4688132120662;0.0;210.02100210021004;0.0;0.0;0.0;0.0
2030-09-30 21:00:00;440.9095970695277;1040.4688132120662;0.0;210.02100210021004;0.0;0.0;0.0;0.0
2030-09-30 22:00:00;440.3745120870527;1040.4688132120662;0.0;210.02100210021004;0.0;0.0;0.0;0.0
2030-09-30 23:00:00;439.7326908921465;1040.4688132120662;0.0;210.02100210021004;0.0;0.0;0.0;0.0
2030-10-01 00:00:00;440.1586995202039;1040.4688132120662;0.0;210.02100210021004;0.0;0.0;0.0;0.0
2030-10-01 01:00:00;440.2827652063316;1040.4688132120662;0.0;210.02100210021004;0.0;0.0;0.0;0.0
2030-10-01 02:00:00;439.9900621406839;1040.4688132120662;0.0;210.02100210021004;0.0;0.0;0.0;0.0
2030-10-01 03:00:00;440.5349812029133;1040.4688132120662;0.0;210.02100210021004;0.0;0.0;0.0;0.0
2030-10-01 04:00:00;439.1376357518967;1040.4688132120662;0.0;210.02100210021004;0.0;0.0;0.0;0.0
2030-10-01 05:00:00;439.6769892519585;1040.4688132120662;0.0;210.02100210021004;0.0;0.0;0.0;0.0
2030-10-01 06:00:00;440.4414978745414;1040.4688132120662;0.0;210.02100210021004;0.0;0.0;0.0;0.0
2030-10-01 07:00:00;441.6808760092359;1040.4688132120662;0.0;210.02100210021004;0.0;0.0;0.0;0.0
2030-10-01 08:00:00;441.5669207782938;1040.4688132120662;0.0;210.02100210021004;0.0;0.0;0.0;0.0
2030-10-01 09:00:00;441.4848219215346;1040.4688132120662;0.0;210.02100210021004;0.0;0.0;0.0;0.0
2030-10-01 10:00:00;441.3139890032109;1040.4688132120662;0.0;210.02100210021004;0.0;0.0;0.0;0.0
2030-10-01 11:00:00;441.2603810148811;1040.4688132120662;0.0;210.02100210021004;0.0;0.0;0.0;0.0
2030-10-01 12:00:00;440.8717435722486;1040.4688132120662;0.0;210.02100210021004;0.0;0.0;0.0;0.0
2030-10-01 13:00:00;440.9901429868028;1040.4688132120662;0.0;210.02100210021004;0.0;0.0;0.0;0.0
2030-10-01 14:00:00;440.7613111950888;1040.4688132120662;0.0;210.02100210021004;0.0;0.0;0.0;0.0
2030-10-01 15:00:00;440.8297259919543;1040.4688132120662;0.0;210.02100210021004;0.0;0.0;0.0;0.0
2030-10-01 16:00:00;441.3360968365729;1040.4688132120662;0.0;210.02100210021004;0.0;0.0;0.0;0.0
2030-10-01 17:00:00;441.3840373757895;1040.4688132120662;0.0;210.02100210021004;0.0;0.0;0.0;0.0
2030-10-01 18:00:00;441.3141937620942;1040.4688132120662;0.0;210.02100210021004;0.0;0.0;0.0;0.0
2030-10-01 19:00:00;441.7270315124076;1040.4688132120662;0.0;210.02100210021004;0.0;0.0;0.0;0.0
2030-10-01 20:00:00;441.9634696046901;1040.4688132120662;0.0;210.02100210021004;0.0;0.0;0.0;0.0
2030-10-01 21:00:00;441.9119033397536;1040.4688132120662;0.0;210.02100210021004;0.0;0.0;0.0;0.0
2030-10-01 22:00:00;441.5882099612166;1040.4688132120662;0.0;210.02100210021004;0.0;0.0;0.0;0.0
2030-10-01 23:00:00;441.176956020683;1040.4688132120662;0.0;210.02100210021004;0.0;0.0;0.0;0.0
2030-10-02 00:00:00;439.1871095425143;1040.4688132120662;0.0;210.02100210021004;0.0;0.0;0.0;0.0
2030-10-02 01:00:00;438.4226504933177;1040.4688132120662;0.0;210.02100210021004;0.0;0.0;0.0;0.0
2030-10-02 02:00:00;438.4828462755982;1040.4688132120662;0.0;210.02100210021004;0.0;0.0;0.0;0.0
2030-10-02 03:00:00;438.1672192737751;1040.4688132120662;0.0;210.02100210021004;0.0;0.0;0.0;0.0
2030-10-02 04:00:00;438.4306671040982;1040.4688132120662;0.0;210.02100210021004;0.0;0.0;0.0;0.0
2030-10-02 05:00:00;439.7018010961164;1040.4688132120662;0.0;210.02100210021004;0.0;0.0;0.0;0.0
2030-10-02 06:00:00;441.9481010256106;1040.4688132120662;0.0;210.02100210021004;0.0;0.0;0.0;0.0
2030-10-02 07:00:00;442.8438746647494;1040.4688132120662;0.0;210.02100210021004;0.0;0.0;0.0;0.0
2030-10-02 08:00:00;442.7496767354156;1040.4688132120662;0.0;210.02100210021004;0.0;0.0;0.0;0.0
2030-10-02 09:00:00;442.3362781995509;1040.4688132120662;0.0;210.02100210021004;0.0;0.0;0.0;0.0
2030-10-02 10:00:00;441.2086113611477;1040.4688132120662;0.0;210.02100210021004;0.0;0.0;0.0;0.0
2030-10-02 11:00:00;441.0346639292691;1040.4688132120662;0.0;210.02100210021004;0.0;0.0;0.0;0.0
2030-10-02 12:00:00;440.9882017802686;1040.4688132120662;0.0;210.02100210021004;0.0;0.0;0.0;0.0
2030-10-02 13:00:00;440.2420747484686;1040.4688132120662;0.0;210.02100210021004;0.0;0.0;0.0;0.0
2030-10-02 14:00:00;440.1462941868946;1040.4688132120662;0.0;210.02100210021004;0.0;0.0;0.0;0.0
2030-10-02 15:00:00;441.0115859851362;1040.4688132120662;0.0;210.02100210021004;0.0;0.0;0.0;0.0
2030-10-02 16:00:00;441.8973534111133;1040.4688132120662;0.0;210.02100210021004;0.0;0.0;0.0;0.0
2030-10-02 17:00:00;442.2799129018736;1040.4688132120662;0.0;210.02100210021004;0.0;0.0;0.0;0.0
2030-10-02 18:00:00;442.2147652564341;1040.4688132120662;0.0;210.02100210021004;0.0;0.0;0.0;0.0
2030-10-02 19:00:00;442.9409329679155;1040.4688132120662;0.0;210.02100210021004;0.0;0.0;0.0;0.0
2030-10-02 20:00:00;442.7648916916315;1040.4688132120662;0.0;210.02100210021004;0.0;0.0;0.0;0.0
2030-10-02 21:00:00;442.0087061331108;1040.4688132120662;0.0;210.02100210021004;0.0;0.0;0.0;0.0
2030-10-02 22:00:00;441.0662669561747;1040.4688132120662;0.0;210.02100210021004;0.0;0.0;0.0;0.0
2030-10-02 23:00:00;438.4192814549461;1040.4688132120662;0.0;210.02100210021004;0.0;0.0;0.0;0.0
2030-10-03 00:00:00;439.3778024418371;1040.4688132120662;0.0;210.02100210021004;0.0;0.0;0.0;0.0
2030-10-03 01:00:00;440.0892638616417;1040.4688132120662;0.0;210.02100210021004;0.0;0.0;0.0;0.0
2030-10-03 02:00:00;439.9518215538942;1040.4688132120662;0.0;210.02100210021004;0.0;0.0;0.0;0.0
2030-10-03 03:00:00;438.8165460598437;1040.4688132120662;0.0;210.02100210021004;0.0;0.0;0.0;0.0
2030-10-03 04:00:00;439.3181178717217;1040.4688132120662;0.0;210.02100210021004;0.0;0.0;0.0;0.0
2030-10-03 05:00:00;439.2465374252814;1040.4688132120662;0.0;210.02100210021004;0.0;0.0;0.0;0.0
2030-10-03 06:00:00;441.5830016032564;1040.4688132120662;0.0;210.02100210021004;0.0;0.0;0.0;0.0
2030-10-03 07:00:00;443.0595345937271;1040.4688132120662;0.0;210.02100210021004;0.0;0.0;0.0;0.0
2030-10-03 08:00:00;443.2565587921992;1040.4688132120662;0.0;210.02100210021004;0.0;0.0;0.0;0.0
2030-10-03 09:00:00;442.4615185627859;1040.4688132120662;0.0;210.02100210021004;0.0;0.0;0.0;0.0
2030-10-03 10:00:00;441.3011234012093;1040.4688132120662;0.0;210.02100210021004;0.0;0.0;0.0;0.0
2030-10-03 11:00:00;441.0855665367165;1040.4688132120662;0.0;210.02100210021004;0.0;0.0;0.0;0.0
2030-10-03 12:00:00;441.7654247370684;1040.4688132120662;0.0;210.02100210021004;0.0;0.0;0.0;0.0
2030-10-03 13:00:00;441.4651663143248;1040.4688132120662;0.0;210.02100210021004;0.0;0.0;0.0;0.0
2030-10-03 14:00:00;440.9387814807496;1040.4688132120662;0.0;210.02100210021004;0.0;0.0;0.0;0.0
2030-10-03 15:00:00;441.454852277795;1040.4688132120662;0.0;210.02100210021004;0.0;0.0;0.0;0.0
2030-10-03 16:00:00;441.5993910440325;1040.4688132120662;0.0;210.02100210021004;0.0;0.0;0.0;0.0
2030-10-03 17:00:00;442.0670114597827;1040.4688132120662;0.0;210.02100210021004;0.0;0.0;0.0;0.0
2030-10-03 18:00:00;442.9840235309186;1040.4688132120662;0.0;210.02100210021004;0.0;0.0;0.0;0.0
2030-10-03 19:00:00;443.0628019377002;1040.4688132120662;0.0;210.02100210021004;0.0;0.0;0.0;0.0
2030-10-03 20:00:00;443.1106419600577;1040.4688132120662;0.0;210.02100210021004;0.0;0.0;0.0;0.0
2030-10-03 21:00:00;442.6457788536549;1040.4688132120662;0.0;210.02100210021004;0.0;0.0;0.0;0.0
2030-10-03 22:00:00;441.6736257353353;1040.4688132120662;0.0;210.02100210021004;0.0;0.0;0.0;0.0
2030-10-03 23:00:00;441.0164880823618;1040.4688132120662;0.0;210.02100210021004;0.0;0.0;0.0;0.0
2030-10-04 00:00:00;440.6258089163362;1040.4688132120662;0.0;210.02100210021004;0.0;0.0;0.0;0.0
2030-10-04 01:00:00;440.7503844445426;1040.4688132120662;0.0;210.02100210021004;0.0;0.0;0.0;0.0
2030-10-04 02:00:00;440.5330399963791;1040.4688132120662;0.0;210.02100210021004;0.0;0.0;0.0;0.0
2030-10-04 03:00:00;440.4379242698336;1040.4688132120662;0.0;210.02100210021004;0.0;0.0;0.0;0.0
2030-10-04 04:00:00;437.8214192394155;1040.4688132120662;0.0;210.02100210021004;0.0;0.0;0.0;0.0
2030-10-04 05:00:00;440.6493965100005;1040.4688132120662;0.0;210.02100210021004;0.0;0.0;0.0;0.0
2030-10-04 06:00:00;441.2695713177765;1040.4688132120662;0.0;210.02100210021004;0.0;0.0;0.0;0.0
2030-10-04 07:00:00;441.7880931634347;1040.4688132120662;0.0;210.02100210021004;0.0;0.0;0.0;0.0
2030-10-04 08:00:00;441.8211251997171;1040.4688132120662;0.0;210.02100210021004;0.0;0.0;0.0;0.0
2030-10-04 09:00:00;442.162077612942;1040.4688132120662;0.0;210.02100210021004;0.0;0.0;0.0;0.0
2030-10-04 10:00:00;441.7495463159104;1040.4688132120662;0.0;210.02100210021004;0.0;0.0;0.0;0.0
2030-10-04 11:00:00;441.6276761685863;1040.4688132120662;0.0;210.02100210021004;0.0;0.0;0.0;0.0
2030-10-04 12:00:00;441.4389231057113;1040.4688132120662;0.0;210.02100210021004;0.0;0.0;0.0;0.0
2030-10-04 13:00:00;441.0818391165981;1040.4688132120662;0.0;210.02100210021004;0.0;0.0;0.0;0.0
2030-10-04 14:00:00;440.8953323434525;1040.4688132120662;0.0;210.02100210021004;0.0;0.0;0.0;0.0
2030-10-04 15:00:00;440.9619597491944;1040.4688132120662;0.0;210.02100210021004;0.0;0.0;0.0;0.0
2030-10-04 16:00:00;441.2965798782776;1040.4688132120662;0.0;210.02100210021004;0.0;0.0;0.0;0.0
2030-10-04 17:00:00;441.4580179273697;1040.4688132120662;0.0;210.02100210021004;0.0;0.0;0.0;0.0
2030-10-04 18:00:00;441.2627813125682;1040.4688132120662;0.0;210.02100210021004;0.0;0.0;0.0;0.0
2030-10-04 19:00:00;441.7064543828208;1040.4688132120662;0.0;210.02100210021004;0.0;0.0;0.0;0.0
2030-10-04 20:00:00;439.9583572268328;1040.4688132120662;0.0;210.02100210021004;0.0;0.0;0.0;0.0
2030-10-04 21:00:00;439.8994899370701;1040.4688132120662;0.0;210.02100210021004;0.0;0.0;0.0;0.0
2030-10-04 22:00:00;440.8013901164749;1040.4688132120662;0.0;210.02100210021004;0.0;0.0;0.0;0.0
2030-10-04 23:00:00;439.1245148326332;1040.4688132120662;0.0;210.02100210021004;0.0;0.0;0.0;0.0
2030-10-05 00:00:00;437.8264218535002;1040.4688132120662;0.0;210.02100210021004;0.0;0.0;0.0;0.0
2030-10-05 01:00:00;437.4093223010531;1040.4688132120662;0.0;210.02100210021004;0.0;0.0;0.0;0.0
2030-10-05 02:00:00;437.3620052355912;1040.4688132120662;0.0;210.02100210021004;0.0;0.0;0.0;0.0
2030-10-05 03:00:00;437.3453654264171;1040.4688132120662;0.0;210.02100210021004;0.0;0.0;0.0;0.0
2030-10-05 04:00:00;437.3638104034819;1040.4688132120662;0.0;210.02100210021004;0.0;0.0;0.0;0.0
2030-10-05 05:00:00;437.3599009726944;1040.4688132120662;0.0;210.02100210021004;0.0;0.0;0.0;0.0
2030-10-05 06:00:00;437.3741609747536;1040.4688132120662;0.0;210.02100210021004;0.0;0.0;0.0;0.0
2030-10-05 07:00:00;437.4226261411245;1040.4688132120662;0.0;210.02100210021004;0.0;0.0;0.0;0.0
2030-10-05 08:00:00;437.4726338841013;1040.4688132120662;0.0;210.02100210021004;0.0;0.0;0.0;0.0
2030-10-05 09:00:00;438.7119133909825;1040.4688132120662;0.0;210.02100210021004;0.0;0.0;0.0;0.0
2030-10-05 10:00:00;438.7317521437236;1040.4688132120662;0.0;210.02100210021004;0.0;0.0;0.0;0.0
2030-10-05 11:00:00;438.5590659242571;1040.4688132120662;0.0;210.02100210021004;0.0;0.0;0.0;0.0
2030-10-05 12:00:00;439.0977033191502;1040.4688132120662;0.0;210.02100210021004;0.0;0.0;0.0;0.0
2030-10-05 13:00:00;438.2766040313319;1040.4688132120662;0.0;210.02100210021004;0.0;0.0;0.0;0.0
2030-10-05 14:00:00;438.0642368258802;1040.4688132120662;0.0;210.02100210021004;0.0;0.0;0.0;0.0
2030-10-05 15:00:00;437.7914541125544;1040.4688132120662;0.0;210.02100210021004;0.0;0.0;0.0;0.0
2030-10-05 16:00:00;437.6835644661215;1040.4688132120662;0.0;210.02100210021004;0.0;0.0;0.0;0.0
2030-10-05 17:00:00;437.4213049419246;1040.4688132120662;0.0;210.02100210021004;0.0;0.0;0.0;0.0
2030-10-05 18:00:00;437.4125134328104;1040.4688132120662;0.0;210.02100210021004;0.0;0.0;0.0;0.0
2030-10-05 19:00:00;437.4066375112352;1040.4688132120662;0.0;210.02100210021004;0.0;0.0;0.0;0.0
2030-10-05 20:00:00;437.4189451529794;1040.4688132120662;0.0;210.02100210021004;0.0;0.0;0.0;0.0
2030-10-05 21:00:00;437.4515641717277;1040.4688132120662;0.0;210.02100210021004;0.0;0.0;0.0;0.0
2030-10-05 22:00:00;437.4633077721022;1040.4688132120662;0.0;210.02100210021004;0.0;0.0;0.0;0.0
2030-10-05 23:00:00;437.4269853919604;1040.4688132120662;0.0;210.02100210021004;0.0;0.0;0.0;0.0
2030-10-06 00:00:00;437.3432305474961;1040.4688132120662;0.0;210.02100210021004;0.0;0.0;0.0;0.0
2030-10-06 01:00:00;437.2436766569849;1040.4688132120662;0.0;210.02100210021004;0.0;0.0;0.0;0.0
2030-10-06 02:00:00;437.2049155927585;1040.4688132120662;0.0;210.02100210021004;0.0;0.0;0.0;0.0
2030-10-06 03:00:00;437.2018857838982;1040.4688132120662;0.0;210.02100210021004;0.0;0.0;0.0;0.0
2030-10-06 04:00:00;437.1959015286988;1040.4688132120662;0.0;210.02100210021004;0.0;0.0;0.0;0.0
2030-10-06 05:00:00;437.1977137618259;1040.4688132120662;0.0;210.02100210021004;0.0;0.0;0.0;0.0
2030-10-06 06:00:00;437.2369281787189;1040.4688132120662;0.0;210.02100210021004;0.0;0.0;0.0;0.0
2030-10-06 07:00:00;437.290563920568;1040.4688132120662;0.0;210.02100210021004;0.0;0.0;0.0;0.0
2030-10-06 08:00:00;437.3288139326976;1040.4688132120662;0.0;210.02100210021004;0.0;0.0;0.0;0.0
2030-10-06 09:00:00;437.3863791235039;1040.4688132120662;0.0;210.02100210021004;0.0;0.0;0.0;0.0
2030-10-06 10:00:00;437.4129208614406;1040.4688132120662;0.0;210.02100210021004;0.0;0.0;0.0;0.0
2030-10-06 11:00:00;437.4068871495867;1040.4688132120662;0.0;210.02100210021004;0.0;0.0;0.0;0.0
2030-10-06 12:00:00;437.3913342092731;1040.4688132120662;0.0;210.02100210021004;0.0;0.0;0.0;0.0
2030-10-06 13:00:00;437.412589972871;1040.4688132120662;0.0;210.02100210021004;0.0;0.0;0.0;0.0
2030-10-06 14:00:00;437.4140242158527;1040.4688132120662;0.0;210.02100210021004;0.0;0.0;0.0;0.0
2030-10-06 15:00:00;437.4036265430052;1040.4688132120662;0.0;210.02100210021004;0.0;0.0;0.0;0.0
2030-10-06 16:00:00;437.3714491015297;1040.4688132120662;0.0;210.02100210021004;0.0;0.0;0.0;0.0
2030-10-06 17:00:00;437.4124204071983;1040.4688132120662;0.0;210.02100210021004;0.0;0.0;0.0;0.0
2030-10-06 18:00:00;437.4280016084573;1040.4688132120662;0.0;210.02100210021004;0.0;0.0;0.0;0.0
2030-10-06 19:00:00;437.4345781659718;1040.4688132120662;0.0;210.02100210021004;0.0;0.0;0.0;0.0
2030-10-06 20:00:00;437.4254063116333;1040.4688132120662;0.0;210.02100210021004;0.0;0.0;0.0;0.0
2030-10-06 21:00:00;437.4387654960562;1040.4688132120662;0.0;210.02100210021004;0.0;0.0;0.0;0.0
2030-10-06 22:00:00;437.4403975656561;1040.4688132120662;0.0;210.02100210021004;0.0;0.0;0.0;0.0
2030-10-06 23:00:00;437.4384440278017;1040.4688132120662;0.0;210.02100210021004;0.0;0.0;0.0;0.0
2030-10-07 00:00:00;438.9774126241331;1040.4688132120662;0.0;210.02100210021004;0.0;0.0;0.0;0.0
2030-10-07 01:00:00;437.3678328780512;1040.4688132120662;0.0;210.02100210021004;0.0;0.0;0.0;0.0
2030-10-07 02:00:00;437.3462603563564;1040.4688132120662;0.0;210.02100210021004;0.0;0.0;0.0;0.0
2030-10-07 03:00:00;437.344285622793;1040.4688132120662;0.0;210.02100210021004;0.0;0.0;0.0;0.0
2030-10-07 04:00:00;437.3885304879764;1040.4688132120662;0.0;210.02100210021004;0.0;0.0;0.0;0.0
2030-10-07 05:00:00;439.138051585458;1040.4688132120662;0.0;210.02100210021004;0.0;0.0;0.0;0.0
2030-10-07 06:00:00;442.4268258162202;1040.4688132120662;0.0;210.02100210021004;0.0;0.0;0.0;0.0
2030-10-07 07:00:00;442.0262852329273;1040.4688132120662;0.0;210.02100210021004;0.0;0.0;0.0;0.0
2030-10-07 08:00:00;444.3171010581578;1040.4688132120662;0.0;210.02100210021004;0.0;0.0;0.0;0.0
2030-10-07 09:00:00;444.8542100375838;1040.4688132120662;0.0;210.02100210021004;0.0;0.0;0.0;0.0
2030-10-07 10:00:00;444.4621259015164;1040.4688132120662;0.0;210.02100210021004;0.0;0.0;0.0;0.0
2030-10-07 11:00:00;444.3788638229297;1040.4688132120662;0.0;210.02100210021004;0.0;0.0;0.0;0.0
2030-10-07 12:00:00;442.5809390315837;1040.4688132120662;0.0;210.02100210021004;0.0;0.0;0.0;0.0
2030-10-07 13:00:00;442.2903284402547;1040.4688132120662;0.0;210.02100210021004;0.0;0.0;0.0;0.0
2030-10-07 14:00:00;441.8033079271036;1040.4688132120662;0.0;210.02100210021004;0.0;0.0;0.0;0.0
2030-10-07 15:00:00;442.4735171185015;1040.4688132120662;0.0;210.02100210021004;0.0;0.0;0.0;0.0
2030-10-07 16:00:00;442.485004462052;1040.4688132120662;0.0;210.02100210021004;0.0;0.0;0.0;0.0
2030-10-07 17:00:00;442.2953324244259;1040.4688132120662;0.0;210.02100210021004;0.0;0.0;0.0;0.0
2030-10-07 18:00:00;442.960027789574;1040.4688132120662;0.0;210.02100210021004;0.0;0.0;0.0;0.0
2030-10-07 19:00:00;442.5037409019636;1040.4688132120662;0.0;210.02100210021004;0.0;0.0;0.0;0.0
2030-10-07 20:00:00;443.0795485826837;1040.4688132120662;0.0;210.02100210021004;0.0;0.0;0.0;0.0
2030-10-07 21:00:00;442.5049663299964;1040.4688132120662;0.0;210.02100210021004;0.0;0.0;0.0;0.0
2030-10-07 22:00:00;442.1864815019669;1040.4688132120662;0.0;210.02100210021004;0.0;0.0;0.0;0.0
2030-10-07 23:00:00;441.1822650880493;1040.4688132120662;0.0;210.02100210021004;0.0;0.0;0.0;0.0
2030-10-08 00:00:00;438.5619818865872;1040.4688132120662;0.0;210.02100210021004;0.0;0.0;0.0;0.0
2030-10-08 01:00:00;437.3420541856417;1040.4688132120662;0.0;210.02100210021004;0.0;0.0;0.0;0.0
2030-10-08 02:00:00;437.2793937818783;1040.4688132120662;0.0;210.02100210021004;0.0;0.0;0.0;0.0
2030-10-08 03:00:00;437.253346610487;1040.4688132120662;0.0;210.02100210021004;0.0;0.0;0.0;0.0
2030-10-08 04:00:00;437.274073658897;1040.4688132120662;0.0;210.02100210021004;0.0;0.0;0.0;0.0
2030-10-08 05:00:00;438.4509286677758;1040.4688132120662;0.0;210.02100210021004;0.0;0.0;0.0;0.0
2030-10-08 06:00:00;511.8227682790465;1040.4688132120662;0.0;210.02100210021004;0.0;0.0;0.0;0.0
2030-10-08 07:00:00;514.2307016710422;1040.4688132120662;0.0;210.02100210021004;0.0;0.0;0.0;0.0
2030-10-08 08:00:00;441.6861860615945;1040.4688132120662;0.0;210.02100210021004;0.0;0.0;0.0;0.0
2030-10-08 09:00:00;441.3314514266957;1040.4688132120662;0.0;210.02100210021004;0.0;0.0;0.0;0.0
2030-10-08 10:00:00;440.8855295190879;1040.4688132120662;0.0;210.02100210021004;0.0;0.0;0.0;0.0
2030-10-08 11:00:00;442.7478384008192;1040.4688132120662;0.0;210.02100210021004;0.0;0.0;0.0;0.0
2030-10-08 12:00:00;443.3337034307207;1040.4688132120662;0.0;210.02100210021004;0.0;0.0;0.0;0.0
2030-10-08 13:00:00;442.5479551986011;1040.4688132120662;0.0;210.02100210021004;0.0;0.0;0.0;0.0
2030-10-08 14:00:00;442.2092008718059;1040.4688132120662;0.0;210.02100210021004;0.0;0.0;0.0;0.0
2030-10-08 15:00:00;442.3385258593668;1040.4688132120662;0.0;210.02100210021004;0.0;0.0;0.0;0.0
2030-10-08 16:00:00;515.1031004507873;1040.4688132120662;0.0;210.02100210021004;0.0;0.0;0.0;0.0
2030-10-08 17:00:00;513.861985675895;1040.4688132120662;0.0;210.02100210021004;0.0;0.0;0.0;0.0
2030-10-08 18:00:00;514.089795428373;1040.4688132120662;0.0;210.02100210021004;0.0;0.0;0.0;0.0
2030-10-08 19:00:00;514.5388829855556;1040.4688132120662;0.0;210.02100210021004;0.0;0.0;0.0;0.0
2030-10-08 20:00:00;514.2944790334182;1040.4688132120662;0.0;210.02100210021004;0.0;0.0;0.0;0.0
2030-10-08 21:00:00;513.4215797570685;1040.4688132120662;0.0;210.02100210021004;0.0;0.0;0.0;0.0
2030-10-08 22:00:00;511.9913025940816;1040.4688132120662;0.0;210.02100210021004;0.0;0.0;0.0;0.0
2030-10-08 23:00:00;510.631790952261;1040.4688132120662;0.0;210.02100210021004;0.0;0.0;0.0;0.0
2030-10-09 00:00:00;506.5386002935011;1040.4688132120662;0.0;210.02100210021004;0.0;0.0;0.0;0.0
2030-10-09 01:00:00;504.0002609558481;1040.4688132120662;0.0;210.02100210021004;0.0;0.0;0.0;0.0
2030-10-09 02:00:00;503.398874708996;1040.4688132120662;0.0;210.02100210021004;0.0;0.0;0.0;0.0
2030-10-09 03:00:00;503.0555766667221;1040.4688132120662;0.0;210.02100210021004;0.0;0.0;0.0;0.0
2030-10-09 04:00:00;503.9439464090966;1040.4688132120662;0.0;210.02100210021004;0.0;0.0;0.0;0.0
2030-10-09 05:00:00;508.0121192872759;1040.4688132120662;0.0;210.02100210021004;0.0;0.0;0.0;0.0
2030-10-09 06:00:00;512.4022500813335;1040.4688132120662;0.0;210.02100210021004;0.0;0.0;0.0;0.0
2030-10-09 07:00:00;514.7198238114393;1040.4688132120662;0.0;210.02100210021004;0.0;0.0;0.0;0.0
2030-10-09 08:00:00;514.3335878440332;1040.4688132120662;0.0;210.02100210021004;0.0;0.0;0.0;0.0
2030-10-09 09:00:00;513.5216980976986;1040.4688132120662;0.0;210.02100210021004;0.0;0.0;0.0;0.0
2030-10-09 10:00:00;440.719292437255;1040.4688132120662;0.0;210.02100210021004;0.0;0.0;0.0;0.0
2030-10-09 11:00:00;441.027004330149;1040.4688132120662;0.0;210.02100210021004;0.0;0.0;0.0;0.0
2030-10-09 12:00:00;490.2143135178871;1040.4688132120662;0.0;210.02100210021004;0.0;0.0;0.0;0.0
2030-10-09 13:00:00;494.0737003511132;1040.4688132120662;0.0;210.02100210021004;0.0;0.0;0.0;0.0
2030-10-09 14:00:00;514.5035015950588;1040.4688132120662;0.0;210.02100210021004;0.0;0.0;0.0;0.0
2030-10-09 15:00:00;514.8210672557902;1040.4688132120662;0.0;210.02100210021004;0.0;0.0;0.0;0.0
2030-10-09 16:00:00;515.9426612375728;1040.4688132120662;0.0;210.02100210021004;0.0;0.0;0.0;0.0
2030-10-09 17:00:00;515.2857269733962;1040.4688132120662;0.0;210.02100210021004;0.0;0.0;0.0;0.0
2030-10-09 18:00:00;515.7594727518732;1040.4688132120662;0.0;210.02100210021004;0.0;0.0;0.0;0.0
2030-10-09 19:00:00;516.3912364050509;1040.4688132120662;0.0;210.02100210021004;0.0;0.0;0.0;0.0
2030-10-09 20:00:00;515.135367135182;1040.4688132120662;0.0;210.02100210021004;0.0;0.0;0.0;0.0
2030-10-09 21:00:00;515.0012429223334;1040.4688132120662;0.0;210.02100210021004;0.0;0.0;0.0;0.0
2030-10-09 22:00:00;514.6727516885951;1040.4688132120662;0.0;210.02100210021004;0.0;0.0;0.0;0.0
2030-10-09 23:00:00;513.0035334562479;1040.4688132120662;0.0;210.02100210021004;0.0;0.0;0.0;0.0
2030-10-10 00:00:00;510.5567374179719;1040.4688132120662;0.0;210.02100210021004;0.0;0.0;0.0;0.0
2030-10-10 01:00:00;508.256626111351;1040.4688132120662;0.0;210.02100210021004;0.0;0.0;0.0;0.0
2030-10-10 02:00:00;506.3689929957573;1040.4688132120662;0.0;210.02100210021004;0.0;0.0;0.0;0.0
2030-10-10 03:00:00;505.4749036832574;1040.4688132120662;0.0;210.02100210021004;0.0;0.0;0.0;0.0
2030-10-10 04:00:00;505.8666037109797;1040.4688132120662;0.0;210.02100210021004;0.0;0.0;0.0;0.0
2030-10-10 05:00:00;508.1268420326372;1040.4688132120662;0.0;210.02100210021004;0.0;0.0;0.0;0.0
2030-10-10 06:00:00;513.4940780007205;1040.4688132120662;0.0;210.02100210021004;0.0;0.0;0.0;0.0
2030-10-10 07:00:00;515.6106967234388;1040.4688132120662;0.0;210.02100210021004;0.0;0.0;0.0;0.0
2030-10-10 08:00:00;515.3390806294562;1040.4688132120662;0.0;210.02100210021004;0.0;0.0;0.0;0.0
2030-10-10 09:00:00;514.4880311290337;1040.4688132120662;0.0;210.02100210021004;0.0;0.0;0.0;0.0
2030-10-10 10:00:00;515.1862187991567;1040.4688132120662;0.0;210.02100210021004;0.0;0.0;0.0;0.0
2030-10-10 11:00:00;510.2292258703744;1040.4688132120662;0.0;210.02100210021004;0.0;0.0;0.0;0.0
2030-10-10 12:00:00;479.510375488325;1040.4688132120662;0.0;210.02100210021004;0.0;0.0;0.0;0.0
2030-10-10 13:00:00;514.5890202411153;1040.4688132120662;0.0;210.02100210021004;0.0;0.0;0.0;0.0
2030-10-10 14:00:00;514.4150728092367;1040.4688132120662;0.0;210.02100210021004;0.0;0.0;0.0;0.0
2030-10-10 15:00:00;514.6906208896737;1040.4688132120662;0.0;210.02100210021004;0.0;0.0;0.0;0.0
2030-10-10 16:00:00;513.6580178493512;1040.4688132120662;0.0;210.02100210021004;0.0;0.0;0.0;0.0
2030-10-10 17:00:00;514.3550815932924;1040.4688132120662;0.0;210.02100210021004;0.0;0.0;0.0;0.0
2030-10-10 18:00:00;514.9768392258557;1040.4688132120662;0.0;210.02100210021004;0.0;0.0;0.0;0.0
2030-10-10 19:00:00;515.3317784270907;1040.4688132120662;0.0;210.02100210021004;0.0;0.0;0.0;0.0
2030-10-10 20:00:00;515.1231142471969;1040.4688132120662;0.0;210.02100210021004;0.0;0.0;0.0;0.0
2030-10-10 21:00:00;514.0665662164554;1040.4688132120662;0.0;210.02100210021004;0.0;0.0;0.0;0.0
2030-10-10 22:00:00;512.692247766099;1040.4688132120662;0.0;210.02100210021004;0.0;0.0;0.0;0.0
2030-10-10 23:00:00;510.8740998824536;1040.4688132120662;0.0;210.02100210021004;0.0;0.0;0.0;0.0
2030-10-11 00:00:00;509.9508088257275;1040.4688132120662;0.0;210.02100210021004;0.0;0.0;0.0;0.0
2030-10-11 01:00:00;506.9934036956437;1040.4688132120662;0.0;210.02100210021004;0.0;0.0;0.0;0.0
2030-10-11 02:00:00;505.1319616676514;1040.4688132120662;0.0;210.02100210021004;0.0;0.0;0.0;0.0
2030-10-11 03:00:00;503.8804832828429;1040.4688132120662;0.0;210.02100210021004;0.0;0.0;0.0;0.0
2030-10-11 04:00:00;504.0303830449118;1040.4688132120662;0.0;210.02100210021004;0.0;0.0;0.0;0.0
2030-10-11 05:00:00;506.9375492250375;1040.4688132120662;0.0;210.02100210021004;0.0;0.0;0.0;0.0
2030-10-11 06:00:00;511.9282997365202;1040.4688132120662;0.0;210.02100210021004;0.0;0.0;0.0;0.0
2030-10-11 07:00:00;513.8664275044282;1040.4688132120662;0.0;210.02100210021004;0.0;0.0;0.0;0.0
2030-10-11 08:00:00;513.2756096263754;1040.4688132120662;0.0;210.02100210021004;0.0;0.0;0.0;0.0
2030-10-11 09:00:00;512.7704642097897;1040.4688132120662;0.0;210.02100210021004;0.0;0.0;0.0;0.0
2030-10-11 10:00:00;511.217654612076;1040.4688132120662;0.0;210.02100210021004;0.0;0.0;0.0;0.0
2030-10-11 11:00:00;512.2175816427844;1040.4688132120662;0.0;210.02100210021004;0.0;0.0;0.0;0.0
2030-10-11 12:00:00;514.026130283409;1040.4688132120662;0.0;210.02100210021004;0.0;0.0;0.0;0.0
2030-10-11 13:00:00;514.4518336357239;1040.4688132120662;0.0;210.02100210021004;0.0;0.0;0.0;0.0
2030-10-11 14:00:00;515.0687906729129;1040.4688132120662;0.0;210.02100210021004;0.0;0.0;0.0;0.0
2030-10-11 15:00:00;515.1374088585753;1040.4688132120662;0.0;210.02100210021004;0.0;0.0;0.0;0.0
2030-10-11 16:00:00;514.0626863510129;1040.4688132120662;0.0;210.02100210021004;0.0;0.0;0.0;0.0
2030-10-11 17:00:00;515.0269243604032;1040.4688132120662;0.0;210.02100210021004;0.0;0.0;0.0;0.0
2030-10-11 18:00:00;515.1831042856018;1040.4688132120662;0.0;210.02100210021004;0.0;0.0;0.0;0.0
2030-10-11 19:00:00;515.3271318396742;1040.4688132120662;0.0;210.02100210021004;0.0;0.0;0.0;0.0
2030-10-11 20:00:00;514.7337114526767;1040.4688132120662;0.0;210.02100210021004;0.0;0.0;0.0;0.0
2030-10-11 21:00:00;513.0032281805054;1040.4688132120662;0.0;210.02100210021004;0.0;0.0;0.0;0.0
2030-10-11 22:00:00;512.1860814878166;1040.4688132120662;0.0;210.02100210021004;0.0;0.0;0.0;0.0
2030-10-11 23:00:00;510.9551269340434;1040.4688132120662;0.0;210.02100210021004;0.0;0.0;0.0;0.0
2030-10-12 00:00:00;507.9070479059474;1040.4688132120662;0.0;210.02100210021004;0.0;0.0;0.0;0.0
2030-10-12 01:00:00;505.6356780748603;1040.4688132120662;0.0;210.02100210021004;0.0;0.0;0.0;0.0
2030-10-12 02:00:00;504.9544927520771;1040.4688132120662;0.0;210.02100210021004;0.0;0.0;0.0;0.0
2030-10-12 03:00:00;505.2027258187313;1040.4688132120662;0.0;210.02100210021004;0.0;0.0;0.0;0.0
2030-10-12 04:00:00;505.1138381343032;1040.4688132120662;0.0;210.02100210021004;0.0;0.0;0.0;0.0
2030-10-12 05:00:00;506.7657463884899;1040.4688132120662;0.0;210.02100210021004;0.0;0.0;0.0;0.0
2030-10-12 06:00:00;508.9706402741669;1040.4688132120662;0.0;210.02100210021004;0.0;0.0;0.0;0.0
2030-10-12 07:00:00;510.7584080113136;1040.4688132120662;0.0;210.02100210021004;0.0;0.0;0.0;0.0
2030-10-12 08:00:00;511.5986833990611;1040.4688132120662;0.0;210.02100210021004;0.0;0.0;0.0;0.0
2030-10-12 09:00:00;512.6176037495766;1040.4688132120662;0.0;210.02100210021004;0.0;0.0;0.0;0.0
2030-10-12 10:00:00;440.5206334855304;1040.4688132120662;0.0;210.02100210021004;0.0;0.0;0.0;0.0
2030-10-12 11:00:00;440.7217432933207;1040.4688132120662;0.0;210.02100210021004;0.0;0.0;0.0;0.0
2030-10-12 12:00:00;440.7071412436683;1040.4688132120662;0.0;210.02100210021004;0.0;0.0;0.0;0.0
2030-10-12 13:00:00;440.4280705019962;1040.4688132120662;0.0;210.02100210021004;0.0;0.0;0.0;0.0
2030-10-12 14:00:00;440.3046175298847;1040.4688132120662;0.0;210.02100210021004;0.0;0.0;0.0;0.0
2030-10-12 15:00:00;439.9869488046684;1040.4688132120662;0.0;210.02100210021004;0.0;0.0;0.0;0.0
2030-10-12 16:00:00;440.2304843404332;1040.4688132120662;0.0;210.02100210021004;0.0;0.0;0.0;0.0
2030-10-12 17:00:00;439.9604498936988;1040.4688132120662;0.0;210.02100210021004;0.0;0.0;0.0;0.0
2030-10-12 18:00:00;439.8060573596239;1040.4688132120662;0.0;210.02100210021004;0.0;0.0;0.0;0.0
2030-10-12 19:00:00;440.1662051113663;1040.4688132120662;0.0;210.02100210021004;0.0;0.0;0.0;0.0
2030-10-12 20:00:00;439.8912176239335;1040.4688132120662;0.0;210.02100210021004;0.0;0.0;0.0;0.0
2030-10-12 21:00:00;438.9981519133031;1040.4688132120662;0.0;210.02100210021004;0.0;0.0;0.0;0.0
2030-10-12 22:00:00;437.9314434688953;1040.4688132120662;0.0;210.02100210021004;0.0;0.0;0.0;0.0
2030-10-12 23:00:00;437.7014370000741;1040.4688132120662;0.0;210.02100210021004;0.0;0.0;0.0;0.0
2030-10-13 00:00:00;437.382701667977;1040.4688132120662;0.0;210.02100210021004;0.0;0.0;0.0;0.0
2030-10-13 01:00:00;437.3336677500789;1040.4688132120662;0.0;210.02100210021004;0.0;0.0;0.0;0.0
2030-10-13 02:00:00;437.3132833656325;1040.4688132120662;0.0;210.02100210021004;0.0;0.0;0.0;0.0
2030-10-13 03:00:00;437.2995497236823;1040.4688132120662;0.0;210.02100210021004;0.0;0.0;0.0;0.0
2030-10-13 04:00:00;437.325122346698;1040.4688132120662;0.0;210.02100210021004;0.0;0.0;0.0;0.0
2030-10-13 05:00:00;437.3373310751331;1040.4688132120662;0.0;210.02100210021004;0.0;0.0;0.0;0.0
2030-10-13 06:00:00;437.3422025556054;1040.4688132120662;0.0;210.02100210021004;0.0;0.0;0.0;0.0
2030-10-13 07:00:00;437.3757447652383;1040.4688132120662;0.0;210.02100210021004;0.0;0.0;0.0;0.0
2030-10-13 08:00:00;437.3767503838807;1040.4688132120662;0.0;210.02100210021004;0.0;0.0;0.0;0.0
2030-10-13 09:00:00;437.3823177901346;1040.4688132120662;0.0;210.02100210021004;0.0;0.0;0.0;0.0
2030-10-13 10:00:00;437.378736892838;1040.4688132120662;0.0;210.02100210021004;0.0;0.0;0.0;0.0
2030-10-13 11:00:00;437.3565461629614;1040.4688132120662;0.0;210.02100210021004;0.0;0.0;0.0;0.0
2030-10-13 12:00:00;437.3502333742712;1040.4688132120662;0.0;210.02100210021004;0.0;0.0;0.0;0.0
2030-10-13 13:00:00;437.3299832293156;1040.4688132120662;0.0;210.02100210021004;0.0;0.0;0.0;0.0
2030-10-13 14:00:00;437.3251235242374;1040.4688132120662;0.0;210.02100210021004;0.0;0.0;0.0;0.0
2030-10-13 15:00:00;437.3483975903562;1040.4688132120662;0.0;210.02100210021004;0.0;0.0;0.0;0.0
2030-10-13 16:00:00;437.328875164746;1040.4688132120662;0.0;210.02100210021004;0.0;0.0;0.0;0.0
2030-10-13 17:00:00;437.3526296669376;1040.4688132120662;0.0;210.02100210021004;0.0;0.0;0.0;0.0
2030-10-13 18:00:00;437.3651763491788;1040.4688132120662;0.0;210.02100210021004;0.0;0.0;0.0;0.0
2030-10-13 19:00:00;437.4062830718777;1040.4688132120662;0.0;210.02100210021004;0.0;0.0;0.0;0.0
2030-10-13 20:00:00;437.3994874920359;1040.4688132120662;0.0;210.02100210021004;0.0;0.0;0.0;0.0
2030-10-13 21:00:00;437.3786803709471;1040.4688132120662;0.0;210.02100210021004;0.0;0.0;0.0;0.0
2030-10-13 22:00:00;437.3573139186462;1040.4688132120662;0.0;210.02100210021004;0.0;0.0;0.0;0.0
2030-10-13 23:00:00;437.351838360465;1040.4688132120662;0.0;210.02100210021004;0.0;0.0;0.0;0.0
2030-10-14 00:00:00;437.4050702063021;1040.4688132120662;0.0;210.02100210021004;0.0;0.0;0.0;0.0
2030-10-14 01:00:00;437.3600410998823;1040.4688132120662;0.0;210.02100210021004;0.0;0.0;0.0;0.0
2030-10-14 02:00:00;437.3351714678848;1040.4688132120662;0.0;210.02100210021004;0.0;0.0;0.0;0.0
2030-10-14 03:00:00;437.3293603109763;1040.4688132120662;0.0;210.02100210021004;0.0;0.0;0.0;0.0
2030-10-14 04:00:00;437.3542899974829;1040.4688132120662;0.0;210.02100210021004;0.0;0.0;0.0;0.0
2030-10-14 05:00:00;437.4915238731269;1040.4688132120662;0.0;210.02100210021004;0.0;0.0;0.0;0.0
2030-10-14 06:00:00;439.321476748897;1040.4688132120662;0.0;210.02100210021004;0.0;0.0;0.0;0.0
2030-10-14 07:00:00;439.8544143964191;1040.4688132120662;0.0;210.02100210021004;0.0;0.0;0.0;0.0
2030-10-14 08:00:00;440.1868997495808;1040.4688132120662;0.0;210.02100210021004;0.0;0.0;0.0;0.0
2030-10-14 09:00:00;440.8398449583298;1040.4688132120662;0.0;210.02100210021004;0.0;0.0;0.0;0.0
2030-10-14 10:00:00;440.171412591206;1040.4688132120662;0.0;210.02100210021004;0.0;0.0;0.0;0.0
2030-10-14 11:00:00;439.8884420114848;1040.4688132120662;0.0;210.02100210021004;0.0;0.0;0.0;0.0
2030-10-14 12:00:00;440.0841028588062;1040.4688132120662;0.0;210.02100210021004;0.0;0.0;0.0;0.0
2030-10-14 13:00:00;439.9990332323724;1040.4688132120662;0.0;210.02100210021004;0.0;0.0;0.0;0.0
2030-10-14 14:00:00;512.6084655676933;1040.4688132120662;0.0;210.02100210021004;0.0;0.0;0.0;0.0
2030-10-14 15:00:00;511.9412682104596;1040.4688132120662;0.0;210.02100210021004;0.0;0.0;0.0;0.0
2030-10-14 16:00:00;512.3362863330808;1040.4688132120662;0.0;210.02100210021004;0.0;0.0;0.0;0.0
2030-10-14 17:00:00;512.5466362096997;1040.4688132120662;0.0;210.02100210021004;0.0;0.0;0.0;0.0
2030-10-14 18:00:00;511.9257979369818;1040.4688132120662;0.0;210.02100210021004;0.0;0.0;0.0;0.0
2030-10-14 19:00:00;504.4788868954314;1040.4688132120662;0.0;210.02100210021004;0.0;0.0;0.0;0.0
2030-10-14 20:00:00;510.2698561859702;1040.4688132120662;0.0;210.02100210021004;0.0;0.0;0.0;0.0
2030-10-14 21:00:00;467.8666906953496;1040.4688132120662;0.0;210.02100210021004;0.0;0.0;0.0;0.0
2030-10-14 22:00:00;439.2449547930411;1040.4688132120662;0.0;210.02100210021004;0.0;0.0;0.0;0.0
2030-10-14 23:00:00;439.0759106359275;1040.4688132120662;0.0;210.02100210021004;0.0;0.0;0.0;0.0
2030-10-15 00:00:00;437.9986340152673;1040.4688132120662;0.0;210.02100210021004;0.0;0.0;0.0;0.0
2030-10-15 01:00:00;437.4233938968093;1040.4688132120662;0.0;210.02100210021004;0.0;0.0;0.0;0.0
2030-10-15 02:00:00;437.3968450936362;1040.4688132120662;0.0;210.02100210021004;0.0;0.0;0.0;0.0
2030-10-15 03:00:00;437.4205960632096;1040.4688132120662;0.0;210.02100210021004;0.0;0.0;0.0;0.0
2030-10-15 04:00:00;437.4583267804664;1040.4688132120662;0.0;210.02100210021004;0.0;0.0;0.0;0.0
2030-10-15 05:00:00;439.1486354536868;1040.4688132120662;0.0;210.02100210021004;0.0;0.0;0.0;0.0
2030-10-15 06:00:00;440.3276941039312;1040.4688132120662;0.0;210.02100210021004;0.0;0.0;0.0;0.0
2030-10-15 07:00:00;441.5073377100297;1040.4688132120662;0.0;210.02100210021004;0.0;0.0;0.0;0.0
2030-10-15 08:00:00;442.1158204153718;1040.4688132120662;0.0;210.02100210021004;0.0;0.0;0.0;0.0
2030-10-15 09:00:00;442.288899623425;1040.4688132120662;0.0;210.02100210021004;0.0;0.0;0.0;0.0
2030-10-15 10:00:00;441.9831773329121;1040.4688132120662;0.0;210.02100210021004;0.0;0.0;0.0;0.0
2030-10-15 11:00:00;442.1329752080355;1040.4688132120662;0.0;210.02100210021004;0.0;0.0;0.0;0.0
2030-10-15 12:00:00;442.2042999521196;1040.4688132120662;0.0;210.02100210021004;0.0;0.0;0.0;0.0
2030-10-15 13:00:00;441.6973671444104;1040.4688132120662;0.0;210.02100210021004;0.0;0.0;0.0;0.0
2030-10-15 14:00:00;441.3964438866381;1040.4688132120662;0.0;210.02100210021004;0.0;0.0;0.0;0.0
2030-10-15 15:00:00;441.758430165524;1040.4688132120662;0.0;210.02100210021004;0.0;0.0;0.0;0.0
2030-10-15 16:00:00;442.4508486921352;1040.4688132120662;0.0;210.02100210021004;0.0;0.0;0.0;0.0
2030-10-15 17:00:00;443.3025097290347;1040.4688132120662;0.0;210.02100210021004;0.0;0.0;0.0;0.0
2030-10-15 18:00:00;443.6431533338991;1040.4688132120662;0.0;210.02100210021004;0.0;0.0;0.0;0.0
2030-10-15 19:00:00;443.3583640070939;1040.4688132120662;0.0;210.02100210021004;0.0;0.0;0.0;0.0
2030-10-15 20:00:00;443.008581235354;1040.4688132120662;0.0;210.02100210021004;0.0;0.0;0.0;0.0
2030-10-15 21:00:00;443.7589988279025;1040.4688132120662;0.0;210.02100210021004;0.0;0.0;0.0;0.0
2030-10-15 22:00:00;441.0610076547417;1040.4688132120662;0.0;210.02100210021004;0.0;0.0;0.0;0.0
2030-10-15 23:00:00;440.3545500265611;1040.4688132120662;0.0;210.02100210021004;0.0;0.0;0.0;0.0
2030-10-16 00:00:00;439.9577954562891;1040.4688132120662;0.0;210.02100210021004;0.0;0.0;0.0;0.0
2030-10-16 01:00:00;439.8502209053357;1040.4688132120662;0.0;210.02100210021004;0.0;0.0;0.0;0.0
2030-10-16 02:00:00;439.9315011116558;1040.4688132120662;0.0;210.02100210021004;0.0;0.0;0.0;0.0
2030-10-16 03:00:00;438.854429442426;1040.4688132120662;0.0;210.02100210021004;0.0;0.0;0.0;0.0
2030-10-16 04:00:00;439.4526500397034;1040.4688132120662;0.0;210.02100210021004;0.0;0.0;0.0;0.0
2030-10-16 05:00:00;440.7234787559793;1040.4688132120662;0.0;210.02100210021004;0.0;0.0;0.0;0.0
2030-10-16 06:00:00;444.411032172393;1040.4688132120662;0.0;210.02100210021004;0.0;0.0;0.0;0.0
2030-10-16 07:00:00;444.9685599567285;1040.4688132120662;0.0;210.02100210021004;0.0;0.0;0.0;0.0
2030-10-16 08:00:00;444.8058455361308;1040.4688132120662;0.0;210.02100210021004;0.0;0.0;0.0;0.0
2030-10-16 09:00:00;444.7123112642862;1040.4688132120662;0.0;210.02100210021004;0.0;0.0;0.0;0.0
2030-10-16 10:00:00;444.0330657779507;1040.4688132120662;0.0;210.02100210021004;0.0;0.0;0.0;0.0
2030-10-16 11:00:00;444.143243822841;1040.4688132120662;0.0;210.02100210021004;0.0;0.0;0.0;0.0
2030-10-16 12:00:00;443.8079104628823;1040.4688132120662;0.0;210.02100210021004;0.0;0.0;0.0;0.0
2030-10-16 13:00:00;444.2430584503622;1040.4688132120662;0.0;210.02100210021004;0.0;0.0;0.0;0.0
2030-10-16 14:00:00;445.0639833140951;1040.4688132120662;0.0;210.02100210021004;0.0;0.0;0.0;0.0
2030-10-16 15:00:00;444.995517766304;1040.4688132120662;0.0;210.02100210021004;0.0;0.0;0.0;0.0
2030-10-16 16:00:00;444.7233397092308;1040.4688132120662;0.0;210.02100210021004;0.0;0.0;0.0;0.0
2030-10-16 17:00:00;445.4461346571753;1040.4688132120662;0.0;210.02100210021004;0.0;0.0;0.0;0.0
2030-10-16 18:00:00;445.3026690661937;1040.4688132120662;0.0;210.02100210021004;0.0;0.0;0.0;0.0
2030-10-16 19:00:00;444.5561834600999;1040.4688132120662;0.0;210.02100210021004;0.0;0.0;0.0;0.0
2030-10-16 20:00:00;443.8388500248458;1040.4688132120662;0.0;210.02100210021004;0.0;0.0;0.0;0.0
2030-10-16 21:00:00;443.3583640070939;1040.4688132120662;0.0;210.02100210021004;0.0;0.0;0.0;0.0
2030-10-16 22:00:00;442.7419689329956;1040.4688132120662;0.0;210.02100210021004;0.0;0.0;0.0;0.0
2030-10-16 23:00:00;441.6473327607885;1040.4688132120662;0.0;210.02100210021004;0.0;0.0;0.0;0.0
2030-10-17 00:00:00;441.5272500045879;1040.4688132120662;0.0;210.02100210021004;0.0;0.0;0.0;0.0
2030-10-17 01:00:00;441.0547286691515;1040.4688132120662;0.0;210.02100210021004;0.0;0.0;0.0;0.0
2030-10-17 02:00:00;440.9499611934789;1040.4688132120662;0.0;210.02100210021004;0.0;0.0;0.0;0.0
2030-10-17 03:00:00;441.63533439762;1040.4688132120662;0.0;210.02100210021004;0.0;0.0;0.0;0.0
2030-10-17 04:00:00;442.0089095219076;1040.4688132120662;0.0;210.02100210021004;0.0;0.0;0.0;0.0
2030-10-17 05:00:00;442.6121327332696;1040.4688132120662;0.0;210.02100210021004;0.0;0.0;0.0;0.0
2030-10-17 06:00:00;443.7999955465003;1040.4688132120662;0.0;210.02100210021004;0.0;0.0;0.0;0.0
2030-10-17 07:00:00;444.8300458438117;1040.4688132120662;0.0;210.02100210021004;0.0;0.0;0.0;0.0
2030-10-17 08:00:00;444.487564096898;1040.4688132120662;0.0;210.02100210021004;0.0;0.0;0.0;0.0
2030-10-17 09:00:00;444.1730087076972;1040.4688132120662;0.0;210.02100210021004;0.0;0.0;0.0;0.0
2030-10-17 10:00:00;444.4139930630844;1040.4688132120662;0.0;210.02100210021004;0.0;0.0;0.0;0.0
2030-10-17 11:00:00;444.0537943678693;1040.4688132120662;0.0;210.02100210021004;0.0;0.0;0.0;0.0
2030-10-17 12:00:00;443.5161267570798;1040.4688132120662;0.0;210.02100210021004;0.0;0.0;0.0;0.0
2030-10-17 13:00:00;443.4536844925227;1040.4688132120662;0.0;210.02100210021004;0.0;0.0;0.0;0.0
2030-10-17 14:00:00;443.0206812929209;1040.4688132120662;0.0;210.02100210021004;0.0;0.0;0.0;0.0
2030-10-17 15:00:00;443.5102545490832;1040.4688132120662;0.0;210.02100210021004;0.0;0.0;0.0;0.0
2030-10-17 16:00:00;443.8594247993538;1040.4688132120662;0.0;210.02100210021004;0.0;0.0;0.0;0.0
2030-10-17 17:00:00;444.0731956428094;1040.4688132120662;0.0;210.02100210021004;0.0;0.0;0.0;0.0
2030-10-17 18:00:00;444.4403889095692;1040.4688132120662;0.0;210.02100210021004;0.0;0.0;0.0;0.0
2030-10-17 19:00:00;444.657579542322;1040.4688132120662;0.0;210.02100210021004;0.0;0.0;0.0;0.0
2030-10-17 20:00:00;444.3015685359176;1040.4688132120662;0.0;210.02100210021004;0.0;0.0;0.0;0.0
2030-10-17 21:00:00;443.0829683719809;1040.4688132120662;0.0;210.02100210021004;0.0;0.0;0.0;0.0
2030-10-17 22:00:00;442.3273957200237;1040.4688132120662;0.0;210.02100210021004;0.0;0.0;0.0;0.0
2030-10-17 23:00:00;441.0174581931327;1040.4688132120662;0.0;210.02100210021004;0.0;0.0;0.0;0.0
2030-10-18 00:00:00;441.4408121912333;1040.4688132120662;0.0;210.02100210021004;0.0;0.0;0.0;0.0
2030-10-18 01:00:00;441.5045294572095;1040.4688132120662;0.0;210.02100210021004;0.0;0.0;0.0;0.0
2030-10-18 02:00:00;440.7521210847406;1040.4688132120662;0.0;210.02100210021004;0.0;0.0;0.0;0.0
2030-10-18 03:00:00;440.5204808476593;1040.4688132120662;0.0;210.02100210021004;0.0;0.0;0.0;0.0
2030-10-18 04:00:00;440.3988152666714;1040.4688132120662;0.0;210.02100210021004;0.0;0.0;0.0;0.0
2030-10-18 05:00:00;441.472211829342;1040.4688132120662;0.0;210.02100210021004;0.0;0.0;0.0;0.0
2030-10-18 06:00:00;442.9110142676486;1040.4688132120662;0.0;210.02100210021004;0.0;0.0;0.0;0.0
2030-10-18 07:00:00;443.5052519349987;1040.4688132120662;0.0;210.02100210021004;0.0;0.0;0.0;0.0
2030-10-18 08:00:00;444.225290751135;1040.4688132120662;0.0;210.02100210021004;0.0;0.0;0.0;0.0
2030-10-18 09:00:00;444.2385643082698;1040.4688132120662;0.0;210.02100210021004;0.0;0.0;0.0;0.0
2030-10-18 10:00:00;442.8001204442571;1040.4688132120662;0.0;210.02100210021004;0.0;0.0;0.0;0.0
2030-10-18 11:00:00;442.2154810349355;1040.4688132120662;0.0;210.02100210021004;0.0;0.0;0.0;0.0
2030-10-18 12:00:00;440.5487150287403;1040.4688132120662;0.0;210.02100210021004;0.0;0.0;0.0;0.0
2030-10-18 13:00:00;440.1573214542998;1040.4688132120662;0.0;210.02100210021004;0.0;0.0;0.0;0.0
2030-10-18 14:00:00;439.5345950810521;1040.4688132120662;0.0;210.02100210021004;0.0;0.0;0.0;0.0
2030-10-18 15:00:00;440.1017213159631;1040.4688132120662;0.0;210.02100210021004;0.0;0.0;0.0;0.0
2030-10-18 16:00:00;441.4863538028492;1040.4688132120662;0.0;210.02100210021004;0.0;0.0;0.0;0.0
2030-10-18 17:00:00;443.0461072211818;1040.4688132120662;0.0;210.02100210021004;0.0;0.0;0.0;0.0
2030-10-18 18:00:00;442.4596294772639;1040.4688132120662;0.0;210.02100210021004;0.0;0.0;0.0;0.0
2030-10-18 19:00:00;441.4397901519973;1040.4688132120662;0.0;210.02100210021004;0.0;0.0;0.0;0.0
2030-10-18 20:00:00;441.5035595389857;1040.4688132120662;0.0;210.02100210021004;0.0;0.0;0.0;0.0
2030-10-18 21:00:00;439.509831632741;1040.4688132120662;0.0;210.02100210021004;0.0;0.0;0.0;0.0
2030-10-18 22:00:00;437.4868500538051;1040.4688132120662;0.0;210.02100210021004;0.0;0.0;0.0;0.0
2030-10-18 23:00:00;437.3893924468127;1040.4688132120662;0.0;210.02100210021004;0.0;0.0;0.0;0.0
2030-10-19 00:00:00;437.3650044284273;1040.4688132120662;0.0;210.02100210021004;0.0;0.0;0.0;0.0
2030-10-19 01:00:00;437.3154877193777;1040.4688132120662;0.0;210.02100210021004;0.0;0.0;0.0;0.0
2030-10-19 02:00:00;437.2791347232117;1040.4688132120662;0.0;210.02100210021004;0.0;0.0;0.0;0.0
2030-10-19 03:00:00;437.2710002810792;1040.4688132120662;0.0;210.02100210021004;0.0;0.0;0.0;0.0
2030-10-19 04:00:00;437.2705174899277;1040.4688132120662;0.0;210.02100210021004;0.0;0.0;0.0;0.0
2030-10-19 05:00:00;437.2748944038545;1040.4688132120662;0.0;210.02100210021004;0.0;0.0;0.0;0.0
2030-10-19 06:00:00;437.372110878669;1040.4688132120662;0.0;210.02100210021004;0.0;0.0;0.0;0.0
2030-10-19 07:00:00;437.4269865694998;1040.4688132120662;0.0;210.02100210021004;0.0;0.0;0.0;0.0
2030-10-19 08:00:00;437.598802153373;1040.4688132120662;0.0;210.02100210021004;0.0;0.0;0.0;0.0
2030-10-19 09:00:00;439.8889363752327;1040.4688132120662;0.0;210.02100210021004;0.0;0.0;0.0;0.0
2030-10-19 10:00:00;440.0496173078701;1040.4688132120662;0.0;210.02100210021004;0.0;0.0;0.0;0.0
2030-10-19 11:00:00;439.7276266817368;1040.4688132120662;0.0;210.02100210021004;0.0;0.0;0.0;0.0
2030-10-19 12:00:00;438.2783873789669;1040.4688132120662;0.0;210.02100210021004;0.0;0.0;0.0;0.0
2030-10-19 13:00:00;437.5648224811018;1040.4688132120662;0.0;210.02100210021004;0.0;0.0;0.0;0.0
2030-10-19 14:00:00;439.609334303746;1040.4688132120662;0.0;210.02100210021004;0.0;0.0;0.0;0.0
2030-10-19 15:00:00;439.9187011051172;1040.4688132120662;0.0;210.02100210021004;0.0;0.0;0.0;0.0
2030-10-19 16:00:00;513.1757963689406;1040.4688132120662;0.0;210.02100210021004;0.0;0.0;0.0;0.0
2030-10-19 17:00:00;513.5177684663228;1040.4688132120662;0.0;210.02100210021004;0.0;0.0;0.0;0.0
2030-10-19 18:00:00;513.5832211949574;1040.4688132120662;0.0;210.02100210021004;0.0;0.0;0.0;0.0
2030-10-19 19:00:00;514.115273477646;1040.4688132120662;0.0;210.02100210021004;0.0;0.0;0.0;0.0
2030-10-19 20:00:00;513.69809657819;1040.4688132120662;0.0;210.02100210021004;0.0;0.0;0.0;0.0
2030-10-19 21:00:00;511.7965248778859;1040.4688132120662;0.0;210.02100210021004;0.0;0.0;0.0;0.0
2030-10-19 22:00:00;512.8730870901313;1040.4688132120662;0.0;210.02100210021004;0.0;0.0;0.0;0.0
2030-10-19 23:00:00;511.3049608418032;1040.4688132120662;0.0;210.02100210021004;0.0;0.0;0.0;0.0
2030-10-20 00:00:00;509.086025499478;1040.4688132120662;0.0;210.02100210021004;0.0;0.0;0.0;0.0
2030-10-20 01:00:00;507.2805931275889;1040.4688132120662;0.0;210.02100210021004;0.0;0.0;0.0;0.0
2030-10-20 02:00:00;506.2014781723324;1040.4688132120662;0.0;210.02100210021004;0.0;0.0;0.0;0.0
2030-10-20 03:00:00;506.1888669026004;1040.4688132120662;0.0;210.02100210021004;0.0;0.0;0.0;0.0
2030-10-20 04:00:00;506.8719936244649;1040.4688132120662;0.0;210.02100210021004;0.0;0.0;0.0;0.0
2030-10-20 05:00:00;507.6218492539226;1040.4688132120662;0.0;210.02100210021004;0.0;0.0;0.0;0.0
2030-10-20 06:00:00;509.7633323269052;1040.4688132120662;0.0;210.02100210021004;0.0;0.0;0.0;0.0
2030-10-20 07:00:00;511.8547794536323;1040.4688132120662;0.0;210.02100210021004;0.0;0.0;0.0;0.0
2030-10-20 08:00:00;513.2824010016702;1040.4688132120662;0.0;210.02100210021004;0.0;0.0;0.0;0.0
2030-10-20 09:00:00;514.2031403003773;1040.4688132120662;0.0;210.02100210021004;0.0;0.0;0.0;0.0
2030-10-20 10:00:00;514.3633017854168;1040.4688132120662;0.0;210.02100210021004;0.0;0.0;0.0;0.0
2030-10-20 11:00:00;514.5776345919633;1040.4688132120662;0.0;210.02100210021004;0.0;0.0;0.0;0.0
2030-10-20 12:00:00;514.5173878662099;1040.4688132120662;0.0;210.02100210021004;0.0;0.0;0.0;0.0
2030-10-20 13:00:00;500.5242164103244;1040.4688132120662;0.0;210.02100210021004;0.0;0.0;0.0;0.0
2030-10-20 14:00:00;514.2729839140726;1040.4688132120662;0.0;210.02100210021004;0.0;0.0;0.0;0.0
2030-10-20 15:00:00;514.8220385441007;1040.4688132120662;0.0;210.02100210021004;0.0;0.0;0.0;0.0
2030-10-20 16:00:00;514.9653009388323;1040.4688132120662;0.0;210.02100210021004;0.0;0.0;0.0;0.0
2030-10-20 17:00:00;515.197501768918;1040.4688132120662;0.0;210.02100210021004;0.0;0.0;0.0;0.0
2030-10-20 18:00:00;515.3302477233156;1040.4688132120662;0.0;210.02100210021004;0.0;0.0;0.0;0.0
2030-10-20 19:00:00;515.634335260576;1040.4688132120662;0.0;210.02100210021004;0.0;0.0;0.0;0.0
2030-10-20 20:00:00;515.0879883665093;1040.4688132120662;0.0;210.02100210021004;0.0;0.0;0.0;0.0
2030-10-20 21:00:00;514.8988248008752;1040.4688132120662;0.0;210.02100210021004;0.0;0.0;0.0;0.0
2030-10-20 22:00:00;514.3685103359242;1040.4688132120662;0.0;210.02100210021004;0.0;0.0;0.0;0.0
2030-10-20 23:00:00;513.9538861794795;1040.4688132120662;0.0;210.02100210021004;0.0;0.0;0.0;0.0
2030-10-21 00:00:00;511.9844097169355;1040.4688132120662;0.0;210.02100210021004;0.0;0.0;0.0;0.0
2030-10-21 01:00:00;511.5204148343581;1040.4688132120662;0.0;210.02100210021004;0.0;0.0;0.0;0.0
2030-10-21 02:00:00;511.4851351382599;1040.4688132120662;0.0;210.02100210021004;0.0;0.0;0.0;0.0
2030-10-21 03:00:00;510.9622743360062;1040.4688132120662;0.0;210.02100210021004;0.0;0.0;0.0;0.0
2030-10-21 04:00:00;511.9639380069124;1040.4688132120662;0.0;210.02100210021004;0.0;0.0;0.0;0.0
2030-10-21 05:00:00;512.7806751818346;1040.4688132120662;0.0;210.02100210021004;0.0;0.0;0.0;0.0
2030-10-21 06:00:00;515.3826810345381;1040.4688132120662;0.0;210.02100210021004;0.0;0.0;0.0;0.0
2030-10-21 07:00:00;515.7640670257306;1040.4688132120662;0.0;210.02100210021004;0.0;0.0;0.0;0.0
2030-10-21 08:00:00;516.0081647171332;1040.4688132120662;0.0;210.02100210021004;0.0;0.0;0.0;0.0
2030-10-21 09:00:00;516.1669481362687;1040.4688132120662;0.0;210.02100210021004;0.0;0.0;0.0;0.0
2030-10-21 10:00:00;516.8310309799474;1040.4688132120662;0.0;210.02100210021004;0.0;0.0;0.0;0.0
2030-10-21 11:00:00;516.3325738741715;1040.4688132120662;0.0;210.02100210021004;0.0;0.0;0.0;0.0
2030-10-21 12:00:00;516.4001711981373;1040.4688132120662;0.0;210.02100210021004;0.0;0.0;0.0;0.0
2030-10-21 13:00:00;516.6705109206141;1040.4688132120662;0.0;210.02100210021004;0.0;0.0;0.0;0.0
2030-10-21 14:00:00;516.7292267500451;1040.4688132120662;0.0;210.02100210021004;0.0;0.0;0.0;0.0
2030-10-21 15:00:00;516.48471992597;1040.4688132120662;0.0;210.02100210021004;0.0;0.0;0.0;0.0
2030-10-21 16:00:00;517.1168421534416;1040.4688132120662;0.0;210.02100210021004;0.0;0.0;0.0;0.0
2030-10-21 17:00:00;517.0071727730905;1040.4688132120662;0.0;210.02100210021004;0.0;0.0;0.0;0.0
2030-10-21 18:00:00;516.8676377984771;1040.4688132120662;0.0;210.02100210021004;0.0;0.0;0.0;0.0
2030-10-21 19:00:00;517.1295029965598;1040.4688132120662;0.0;210.02100210021004;0.0;0.0;0.0;0.0
2030-10-21 20:00:00;516.178486615839;1040.4688132120662;0.0;210.02100210021004;0.0;0.0;0.0;0.0
2030-10-21 21:00:00;516.2344437658361;1040.4688132120662;0.0;210.02100210021004;0.0;0.0;0.0;0.0
2030-10-21 22:00:00;516.3014804967975;1040.4688132120662;0.0;210.02100210021004;0.0;0.0;0.0;0.0
2030-10-21 23:00:00;515.3373949327313;1040.4688132120662;0.0;210.02100210021004;0.0;0.0;0.0;0.0
2030-10-22 00:00:00;515.1230623187319;1040.4688132120662;0.0;210.02100210021004;0.0;0.0;0.0;0.0
2030-10-22 01:00:00;515.2165963980294;1040.4688132120662;0.0;210.02100210021004;0.0;0.0;0.0;0.0
2030-10-22 02:00:00;515.5760806848297;1040.4688132120662;0.0;210.02100210021004;0.0;0.0;0.0;0.0
2030-10-22 03:00:00;515.4153572366995;1040.4688132120662;0.0;210.02100210021004;0.0;0.0;0.0;0.0
2030-10-22 04:00:00;515.66782874309;1040.4688132120662;0.0;210.02100210021004;0.0;0.0;0.0;0.0
2030-10-22 05:00:00;515.5857806372566;1040.4688132120662;0.0;210.02100210021004;0.0;0.0;0.0;0.0
2030-10-22 06:00:00;517.1811709558948;1040.4688132120662;0.0;210.02100210021004;0.0;0.0;0.0;0.0
2030-10-22 07:00:00;516.9135875577731;1040.4688132120662;0.0;210.02100210021004;0.0;0.0;0.0;0.0
2030-10-22 08:00:00;516.8651359989385;1040.4688132120662;0.0;210.02100210021004;0.0;0.0;0.0;0.0
2030-10-22 09:00:00;516.4919178863113;1040.4688132120662;0.0;210.02100210021004;0.0;0.0;0.0;0.0
2030-10-22 10:00:00;516.3221581432433;1040.4688132120662;0.0;210.02100210021004;0.0;0.0;0.0;0.0
2030-10-22 11:00:00;516.8448665001729;1040.4688132120662;0.0;210.02100210021004;0.0;0.0;0.0;0.0
2030-10-22 12:00:00;516.330327391895;1040.4688132120662;0.0;210.02100210021004;0.0;0.0;0.0;0.0
2030-10-22 13:00:00;515.9439885525512;1040.4688132120662;0.0;210.02100210021004;0.0;0.0;0.0;0.0
2030-10-22 14:00:00;515.832329377272;1040.4688132120662;0.0;210.02100210021004;0.0;0.0;0.0;0.0
2030-10-22 15:00:00;443.4917724414412;1040.4688132120662;0.0;210.02100210021004;0.0;0.0;0.0;0.0
2030-10-22 16:00:00;515.8490239012433;1040.4688132120662;0.0;210.02100210021004;0.0;0.0;0.0;0.0
2030-10-22 17:00:00;515.8633704410868;1040.4688132120662;0.0;210.02100210021004;0.0;0.0;0.0;0.0
2030-10-22 18:00:00;516.142544439791;1040.4688132120662;0.0;210.02100210021004;0.0;0.0;0.0;0.0
2030-10-22 19:00:00;517.208690728561;1040.4688132120662;0.0;210.02100210021004;0.0;0.0;0.0;0.0
2030-10-22 20:00:00;517.0819196615507;1040.4688132120662;0.0;210.02100210021004;0.0;0.0;0.0;0.0
2030-10-22 21:00:00;517.1078554318901;1040.4688132120662;0.0;210.02100210021004;0.0;0.0;0.0;0.0
2030-10-22 22:00:00;517.0121256212417;1040.4688132120662;0.0;210.02100210021004;0.0;0.0;0.0;0.0
2030-10-22 23:00:00;516.034816073427;1040.4688132120662;0.0;210.02100210021004;0.0;0.0;0.0;0.0
2030-10-23 00:00:00;515.3806381336055;1040.4688132120662;0.0;210.02100210021004;0.0;0.0;0.0;0.0
2030-10-23 01:00:00;515.647813576594;1040.4688132120662;0.0;210.02100210021004;0.0;0.0;0.0;0.0
2030-10-23 02:00:00;515.6418410442856;1040.4688132120662;0.0;210.02100210021004;0.0;0.0;0.0;0.0
2030-10-23 03:00:00;516.2096828651509;1040.4688132120662;0.0;210.02100210021004;0.0;0.0;0.0;0.0
2030-10-23 04:00:00;516.3090879749055;1040.4688132120662;0.0;210.02100210021004;0.0;0.0;0.0;0.0
2030-10-23 05:00:00;517.1039234454355;1040.4688132120662;0.0;210.02100210021004;0.0;0.0;0.0;0.0
2030-10-23 06:00:00;516.878716009355;1040.4688132120662;0.0;210.02100210021004;0.0;0.0;0.0;0.0
2030-10-23 07:00:00;516.0332841921124;1040.4688132120662;0.0;210.02100210021004;0.0;0.0;0.0;0.0
2030-10-23 08:00:00;516.1236020634566;1040.4688132120662;0.0;210.02100210021004;0.0;0.0;0.0;0.0
2030-10-23 09:00:00;516.4879363264703;1040.4688132120662;0.0;210.02100210021004;0.0;0.0;0.0;0.0
2030-10-23 10:00:00;516.686951304863;1040.4688132120662;0.0;210.02100210021004;0.0;0.0;0.0;0.0
2030-10-23 11:00:00;516.4452539111473;1040.4688132120662;0.0;210.02100210021004;0.0;0.0;0.0;0.0
2030-10-23 12:00:00;516.8240362158558;1040.4688132120662;0.0;210.02100210021004;0.0;0.0;0.0;0.0
2030-10-23 13:00:00;515.9466427974139;1040.4688132120662;0.0;210.02100210021004;0.0;0.0;0.0;0.0
2030-10-23 14:00:00;516.1456082024201;1040.4688132120662;0.0;210.02100210021004;0.0;0.0;0.0;0.0
2030-10-23 15:00:00;516.5602831097906;1040.4688132120662;0.0;210.02100210021004;0.0;0.0;0.0;0.0
2030-10-23 16:00:00;516.9403408010123;1040.4688132120662;0.0;210.02100210021004;0.0;0.0;0.0;0.0
2030-10-23 17:00:00;517.5326384393676;1040.4688132120662;0.0;210.02100210021004;0.0;0.0;0.0;0.0
2030-10-23 18:00:00;517.7947603247987;1040.4688132120662;0.0;210.02100210021004;0.0;0.0;0.0;0.0
2030-10-23 19:00:00;518.2569156952404;1040.4688132120662;0.0;210.02100210021004;0.0;0.0;0.0;0.0
2030-10-23 20:00:00;517.8066038875643;1040.4688132120662;0.0;210.02100210021004;0.0;0.0;0.0;0.0
2030-10-23 21:00:00;517.4015793592346;1040.4688132120662;0.0;210.02100210021004;0.0;0.0;0.0;0.0
2030-10-23 22:00:00;516.705944432123;1040.4688132120662;0.0;210.02100210021004;0.0;0.0;0.0;0.0
2030-10-23 23:00:00;515.506746720666;1040.4688132120662;0.0;210.02100210021004;0.0;0.0;0.0;0.0
2030-10-24 00:00:00;514.9917475362428;1040.4688132120662;0.0;210.02100210021004;0.0;0.0;0.0;0.0
2030-10-24 01:00:00;513.2455382882374;1040.4688132120662;0.0;210.02100210021004;0.0;0.0;0.0;0.0
2030-10-24 02:00:00;513.1625723851923;1040.4688132120662;0.0;210.02100210021004;0.0;0.0;0.0;0.0
2030-10-24 03:00:00;514.1603052471833;1040.4688132120662;0.0;210.02100210021004;0.0;0.0;0.0;0.0
2030-10-24 04:00:00;513.7989816407942;1040.4688132120662;0.0;210.02100210021004;0.0;0.0;0.0;0.0
2030-10-24 05:00:00;513.9443898083965;1040.4688132120662;0.0;210.02100210021004;0.0;0.0;0.0;0.0
2030-10-24 06:00:00;514.7003210346477;1040.4688132120662;0.0;210.02100210021004;0.0;0.0;0.0;0.0
2030-10-24 07:00:00;515.8957415600529;1040.4688132120662;0.0;210.02100210021004;0.0;0.0;0.0;0.0
2030-10-24 08:00:00;516.212694506768;1040.4688132120662;0.0;210.02100210021004;0.0;0.0;0.0;0.0
2030-10-24 09:00:00;516.0278736228947;1040.4688132120662;0.0;210.02100210021004;0.0;0.0;0.0;0.0
2030-10-24 10:00:00;516.1426461341894;1040.4688132120662;0.0;210.02100210021004;0.0;0.0;0.0;0.0
2030-10-24 11:00:00;516.1094081614843;1040.4688132120662;0.0;210.02100210021004;0.0;0.0;0.0;0.0
2030-10-24 12:00:00;515.2127165325869;1040.4688132120662;0.0;210.02100210021004;0.0;0.0;0.0;0.0
2030-10-24 13:00:00;514.9404877245879;1040.4688132120662;0.0;210.02100210021004;0.0;0.0;0.0;0.0
2030-10-24 14:00:00;514.4163491807421;1040.4688132120662;0.0;210.02100210021004;0.0;0.0;0.0;0.0
2030-10-24 15:00:00;514.2346925763572;1040.4688132120662;0.0;210.02100210021004;0.0;0.0;0.0;0.0
2030-10-24 16:00:00;514.9591224701012;1040.4688132120662;0.0;210.02100210021004;0.0;0.0;0.0;0.0
2030-10-24 17:00:00;515.2993069838126;1040.4688132120662;0.0;210.02100210021004;0.0;0.0;0.0;0.0
2030-10-24 18:00:00;515.2965496744653;1040.4688132120662;0.0;210.02100210021004;0.0;0.0;0.0;0.0
2030-10-24 19:00:00;514.9580506649318;1040.4688132120662;0.0;210.02100210021004;0.0;0.0;0.0;0.0
2030-10-24 20:00:00;514.8367424806986;1040.4688132120662;0.0;210.02100210021004;0.0;0.0;0.0;0.0
2030-10-24 21:00:00;513.4944859558535;1040.4688132120662;0.0;210.02100210021004;0.0;0.0;0.0;0.0
2030-10-24 22:00:00;510.2154824691776;1040.4688132120662;0.0;210.02100210021004;0.0;0.0;0.0;0.0
2030-10-24 23:00:00;509.1673578268102;1040.4688132120662;0.0;210.02100210021004;0.0;0.0;0.0;0.0
2030-10-25 00:00:00;507.9002057797271;1040.4688132120662;0.0;210.02100210021004;0.0;0.0;0.0;0.0
2030-10-25 01:00:00;506.9688969346811;1040.4688132120662;0.0;210.02100210021004;0.0;0.0;0.0;0.0
2030-10-25 02:00:00;506.5119996881331;1040.4688132120662;0.0;210.02100210021004;0.0;0.0;0.0;0.0
2030-10-25 03:00:00;505.7821059266198;1040.4688132120662;0.0;210.02100210021004;0.0;0.0;0.0;0.0
2030-10-25 04:00:00;506.8268587904428;1040.4688132120662;0.0;210.02100210021004;0.0;0.0;0.0;0.0
2030-10-25 05:00:00;510.1527351214252;1040.4688132120662;0.0;210.02100210021004;0.0;0.0;0.0;0.0
2030-10-25 06:00:00;511.6905840951927;1040.4688132120662;0.0;210.02100210021004;0.0;0.0;0.0;0.0
2030-10-25 07:00:00;513.3064474939406;1040.4688132120662;0.0;210.02100210021004;0.0;0.0;0.0;0.0
2030-10-25 08:00:00;512.7355417178989;1040.4688132120662;0.0;210.02100210021004;0.0;0.0;0.0;0.0
2030-10-25 09:00:00;514.1513185256318;1040.4688132120662;0.0;210.02100210021004;0.0;0.0;0.0;0.0
2030-10-25 10:00:00;513.8167491474744;1040.4688132120662;0.0;210.02100210021004;0.0;0.0;0.0;0.0
2030-10-25 11:00:00;513.5602970662351;1040.4688132120662;0.0;210.02100210021004;0.0;0.0;0.0;0.0
2030-10-25 12:00:00;513.1737546455474;1040.4688132120662;0.0;210.02100210021004;0.0;0.0;0.0;0.0
2030-10-25 13:00:00;512.728241870612;1040.4688132120662;0.0;210.02100210021004;0.0;0.0;0.0;0.0
2030-10-25 14:00:00;512.6626864625866;1040.4688132120662;0.0;210.02100210021004;0.0;0.0;0.0;0.0
2030-10-25 15:00:00;513.3521936718926;1040.4688132120662;0.0;210.02100210021004;0.0;0.0;0.0;0.0
2030-10-25 16:00:00;513.7981145945082;1040.4688132120662;0.0;210.02100210021004;0.0;0.0;0.0;0.0
2030-10-25 17:00:00;513.7673784213416;1040.4688132120662;0.0;210.02100210021004;0.0;0.0;0.0;0.0
2030-10-25 18:00:00;513.7810624812353;1040.4688132120662;0.0;210.02100210021004;0.0;0.0;0.0;0.0
2030-10-25 19:00:00;512.8625682947181;1040.4688132120662;0.0;210.02100210021004;0.0;0.0;0.0;0.0
2030-10-25 20:00:00;510.5034358829239;1040.4688132120662;0.0;210.02100210021004;0.0;0.0;0.0;0.0
2030-10-25 21:00:00;508.2310463676796;1040.4688132120662;0.0;210.02100210021004;0.0;0.0;0.0;0.0
2030-10-25 22:00:00;507.0720802154798;1040.4688132120662;0.0;210.02100210021004;0.0;0.0;0.0;0.0
2030-10-25 23:00:00;505.6513531072216;1040.4688132120662;0.0;210.02100210021004;0.0;0.0;0.0;0.0
2030-10-26 00:00:00;503.9844842290885;1040.4688132120662;0.0;210.02100210021004;0.0;0.0;0.0;0.0
2030-10-26 01:00:00;502.6664293820109;1040.4688132120662;0.0;210.02100210021004;0.0;0.0;0.0;0.0
2030-10-26 02:00:00;501.4928611801586;1040.4688132120662;0.0;210.02100210021004;0.0;0.0;0.0;0.0
2030-10-26 03:00:00;502.0122004987167;1040.4688132120662;0.0;210.02100210021004;0.0;0.0;0.0;0.0
2030-10-26 04:00:00;501.4219457612941;1040.4688132120662;0.0;210.02100210021004;0.0;0.0;0.0;0.0
2030-10-26 05:00:00;501.7469664548094;1040.4688132120662;0.0;210.02100210021004;0.0;0.0;0.0;0.0
2030-10-26 06:00:00;437.2360638648039;1040.4688132120662;0.0;210.02100210021004;0.0;0.0;0.0;0.0
2030-10-26 07:00:00;437.2760542801574;1040.4688132120662;0.0;210.02100210021004;0.0;0.0;0.0;0.0
2030-10-26 08:00:00;437.3058837080817;1040.4688132120662;0.0;210.02100210021004;0.0;0.0;0.0;0.0
2030-10-26 09:00:00;437.3034650421667;1040.4688132120662;0.0;210.02100210021004;0.0;0.0;0.0;0.0
2030-10-26 10:00:00;437.2939446361677;1040.4688132120662;0.0;210.02100210021004;0.0;0.0;0.0;0.0
2030-10-26 11:00:00;437.28727740812;1040.4688132120662;0.0;210.02100210021004;0.0;0.0;0.0;0.0
2030-10-26 12:00:00;437.2697191182186;1040.4688132120662;0.0;210.02100210021004;0.0;0.0;0.0;0.0
2030-10-26 13:00:00;437.2753206731151;1040.4688132120662;0.0;210.02100210021004;0.0;0.0;0.0;0.0
2030-10-26 14:00:00;437.2683967414794;1040.4688132120662;0.0;210.02100210021004;0.0;0.0;0.0;0.0
2030-10-26 15:00:00;437.2762403313816;1040.4688132120662;0.0;210.02100210021004;0.0;0.0;0.0;0.0
2030-10-26 16:00:00;437.2903048619014;1040.4688132120662;0.0;210.02100210021004;0.0;0.0;0.0;0.0
2030-10-26 17:00:00;437.292178327077;1040.4688132120662;0.0;210.02100210021004;0.0;0.0;0.0;0.0
2030-10-26 18:00:00;437.3082670478148;1040.4688132120662;0.0;210.02100210021004;0.0;0.0;0.0;0.0
2030-10-26 19:00:00;437.3038171264456;1040.4688132120662;0.0;210.02100210021004;0.0;0.0;0.0;0.0
2030-10-26 20:00:00;437.3100533750752;1040.4688132120662;0.0;210.02100210021004;0.0;0.0;0.0;0.0
2030-10-26 21:00:00;437.3114781977417;1040.4688132120662;0.0;210.02100210021004;0.0;0.0;0.0;0.0
2030-10-26 22:00:00;437.3119056445417;1040.4688132120662;0.0;210.02100210021004;0.0;0.0;0.0;0.0
2030-10-26 23:00:00;437.3017564325064;1040.4688132120662;0.0;210.02100210021004;0.0;0.0;0.0;0.0
2030-10-27 00:00:00;437.3256522394252;1040.4688132120662;0.0;210.02100210021004;0.0;0.0;0.0;0.0
2030-10-27 01:00:00;437.2931062281193;1040.4688132120662;0.0;210.02100210021004;0.0;0.0;0.0;0.0
2030-10-27 02:00:00;437.2531652694203;1040.4688132120662;0.0;210.02100210021004;0.0;0.0;0.0;0.0
2030-10-27 03:00:00;437.255968990717;1040.4688132120662;0.0;210.02100210021004;0.0;0.0;0.0;0.0
2030-10-27 04:00:00;437.2215683548659;1040.4688132120662;0.0;210.02100210021004;0.0;0.0;0.0;0.0
2030-10-27 05:00:00;437.2070045476431;1040.4688132120662;0.0;210.02100210021004;0.0;0.0;0.0;0.0
2030-10-27 06:00:00;437.2085365263945;1040.4688132120662;0.0;210.02100210021004;0.0;0.0;0.0;0.0
2030-10-27 07:00:00;437.200097101559;1040.4688132120662;0.0;210.02100210021004;0.0;0.0;0.0;0.0
2030-10-27 08:00:00;437.2679704722188;1040.4688132120662;0.0;210.02100210021004;0.0;0.0;0.0;0.0
2030-10-27 09:00:00;437.2903507859378;1040.4688132120662;0.0;210.02100210021004;0.0;0.0;0.0;0.0
2030-10-27 10:00:00;437.348477663035;1040.4688132120662;0.0;210.02100210021004;0.0;0.0;0.0;0.0
2030-10-27 11:00:00;437.3815229510438;1040.4688132120662;0.0;210.02100210021004;0.0;0.0;0.0;0.0
2030-10-27 12:00:00;437.4159259419737;1040.4688132120662;0.0;210.02100210021004;0.0;0.0;0.0;0.0
2030-10-27 13:00:00;437.4226838405548;1040.4688132120662;0.0;210.02100210021004;0.0;0.0;0.0;0.0
2030-10-27 14:00:00;437.41960457504;1040.4688132120662;0.0;210.02100210021004;0.0;0.0;0.0;0.0
2030-10-27 15:00:00;437.4255852976212;1040.4688132120662;0.0;210.02100210021004;0.0;0.0;0.0;0.0
2030-10-27 16:00:00;437.4546022233637;1040.4688132120662;0.0;210.02100210021004;0.0;0.0;0.0;0.0
2030-10-27 17:00:00;438.6882366172501;1040.4688132120662;0.0;210.02100210021004;0.0;0.0;0.0;0.0
2030-10-27 18:00:00;440.8540067049399;1040.4688132120662;0.0;210.02100210021004;0.0;0.0;0.0;0.0
2030-10-27 19:00:00;441.2201620616087;1040.4688132120662;0.0;210.02100210021004;0.0;0.0;0.0;0.0
2030-10-27 20:00:00;440.8134086696745;1040.4688132120662;0.0;210.02100210021004;0.0;0.0;0.0;0.0
2030-10-27 21:00:00;440.0068783134111;1040.4688132120662;0.0;210.02100210021004;0.0;0.0;0.0;0.0
2030-10-27 22:00:00;439.4631458077808;1040.4688132120662;0.0;210.02100210021004;0.0;0.0;0.0;0.0
2030-10-27 23:00:00;438.8363831330588;1040.4688132120662;0.0;210.02100210021004;0.0;0.0;0.0;0.0
2030-10-28 00:00:00;438.4795481668914;1040.4688132120662;0.0;210.02100210021004;0.0;0.0;0.0;0.0
2030-10-28 01:00:00;437.8512063257766;1040.4688132120662;0.0;210.02100210021004;0.0;0.0;0.0;0.0
2030-10-28 02:00:00;438.6300257325457;1040.4688132120662;0.0;210.02100210021004;0.0;0.0;0.0;0.0
2030-10-28 03:00:00;439.0522662828548;1040.4688132120662;0.0;210.02100210021004;0.0;0.0;0.0;0.0
2030-10-28 04:00:00;439.1240912119587;1040.4688132120662;0.0;210.02100210021004;0.0;0.0;0.0;0.0
2030-10-28 05:00:00;439.180685092395;1040.4688132120662;0.0;210.02100210021004;0.0;0.0;0.0;0.0
2030-10-28 06:00:00;440.2884219795165;1040.4688132120662;0.0;210.02100210021004;0.0;0.0;0.0;0.0
2030-10-28 07:00:00;441.7545222482726;1040.4688132120662;0.0;210.02100210021004;0.0;0.0;0.0;0.0
2030-10-28 08:00:00;442.3534324518894;1040.4688132120662;0.0;210.02100210021004;0.0;0.0;0.0;0.0
2030-10-28 09:00:00;443.0323212743426;1040.4688132120662;0.0;210.02100210021004;0.0;0.0;0.0;0.0
2030-10-28 10:00:00;442.9243895191818;1040.4688132120662;0.0;210.02100210021004;0.0;0.0;0.0;0.0
2030-10-28 11:00:00;442.6828447633374;1040.4688132120662;0.0;210.02100210021004;0.0;0.0;0.0;0.0
2030-10-28 12:00:00;442.6638528136168;1040.4688132120662;0.0;210.02100210021004;0.0;0.0;0.0;0.0
2030-10-28 13:00:00;441.2541517952243;1040.4688132120662;0.0;210.02100210021004;0.0;0.0;0.0;0.0
2030-10-28 14:00:00;441.2449107414033;1040.4688132120662;0.0;210.02100210021004;0.0;0.0;0.0;0.0
2030-10-28 15:00:00;441.5320999808014;1040.4688132120662;0.0;210.02100210021004;0.0;0.0;0.0;0.0
2030-10-28 16:00:00;441.7198819479131;1040.4688132120662;0.0;210.02100210021004;0.0;0.0;0.0;0.0
2030-10-28 17:00:00;441.5267389849699;1040.4688132120662;0.0;210.02100210021004;0.0;0.0;0.0;0.0
2030-10-28 18:00:00;441.8510960209961;1040.4688132120662;0.0;210.02100210021004;0.0;0.0;0.0;0.0
2030-10-28 19:00:00;444.0179017652075;1040.4688132120662;0.0;210.02100210021004;0.0;0.0;0.0;0.0
2030-10-28 20:00:00;443.9411143308935;1040.4688132120662;0.0;210.02100210021004;0.0;0.0;0.0;0.0
2030-10-28 21:00:00;443.0051600759703;1040.4688132120662;0.0;210.02100210021004;0.0;0.0;0.0;0.0
2030-10-28 22:00:00;442.8773160262513;1040.4688132120662;0.0;210.02100210021004;0.0;0.0;0.0;0.0
2030-10-28 23:00:00;467.007224204005;1040.4688132120662;0.0;210.02100210021004;0.0;0.0;0.0;0.0
2030-10-29 00:00:00;441.9189488547709;1040.4688132120662;0.0;210.02100210021004;0.0;0.0;0.0;0.0
2030-10-29 01:00:00;440.2342627040244;1040.4688132120662;0.0;210.02100210021004;0.0;0.0;0.0;0.0
2030-10-29 02:00:00;440.0021114473251;1040.4688132120662;0.0;210.02100210021004;0.0;0.0;0.0;0.0
2030-10-29 03:00:00;440.048522652853;1040.4688132120662;0.0;210.02100210021004;0.0;0.0;0.0;0.0
2030-10-29 04:00:00;512.7150688303363;1040.4688132120662;0.0;210.02100210021004;0.0;0.0;0.0;0.0
2030-10-29 05:00:00;513.0379968569857;1040.4688132120662;0.0;210.02100210021004;0.0;0.0;0.0;0.0
2030-10-29 06:00:00;512.8702278938383;1040.4688132120662;0.0;210.02100210021004;0.0;0.0;0.0;0.0
2030-10-29 07:00:00;515.0299881230325;1040.4688132120662;0.0;210.02100210021004;0.0;0.0;0.0;0.0
2030-10-29 08:00:00;515.3652197885926;1040.4688132120662;0.0;210.02100210021004;0.0;0.0;0.0;0.0
2030-10-29 09:00:00;482.490121789684;1040.4688132120662;0.0;210.02100210021004;0.0;0.0;0.0;0.0
2030-10-29 10:00:00;442.6608907453859;1040.4688132120662;0.0;210.02100210021004;0.0;0.0;0.0;0.0
2030-10-29 11:00:00;441.9252290179005;1040.4688132120662;0.0;210.02100210021004;0.0;0.0;0.0;0.0
2030-10-29 12:00:00;440.487090237083;1040.4688132120662;0.0;210.02100210021004;0.0;0.0;0.0;0.0
2030-10-29 13:00:00;440.848717941675;1040.4688132120662;0.0;210.02100210021004;0.0;0.0;0.0;0.0
2030-10-29 14:00:00;440.8839466943005;1040.4688132120662;0.0;210.02100210021004;0.0;0.0;0.0;0.0
2030-10-29 15:00:00;440.5043976676179;1040.4688132120662;0.0;210.02100210021004;0.0;0.0;0.0;0.0
2030-10-29 16:00:00;441.004795979928;1040.4688132120662;0.0;210.02100210021004;0.0;0.0;0.0;0.0
2030-10-29 17:00:00;441.2837640422094;1040.4688132120662;0.0;210.02100210021004;0.0;0.0;0.0;0.0
2030-10-29 18:00:00;441.4525552371399;1040.4688132120662;0.0;210.02100210021004;0.0;0.0;0.0;0.0
2030-10-29 19:00:00;441.9913975250365;1040.4688132120662;0.0;210.02100210021004;0.0;0.0;0.0;0.0
2030-10-29 20:00:00;442.1324653659569;1040.4688132120662;0.0;210.02100210021004;0.0;0.0;0.0;0.0
2030-10-29 21:00:00;441.7321879419028;1040.4688132120662;0.0;210.02100210021004;0.0;0.0;0.0;0.0
2030-10-29 22:00:00;441.1116040014544;1040.4688132120662;0.0;210.02100210021004;0.0;0.0;0.0;0.0
2030-10-29 23:00:00;441.0596803397633;1040.4688132120662;0.0;210.02100210021004;0.0;0.0;0.0;0.0
2030-10-30 00:00:00;441.1538782690972;1040.4688132120662;0.0;210.02100210021004;0.0;0.0;0.0;0.0
2030-10-30 01:00:00;441.3055133012775;1040.4688132120662;0.0;210.02100210021004;0.0;0.0;0.0;0.0
2030-10-30 02:00:00;441.5446072010561;1040.4688132120662;0.0;210.02100210021004;0.0;0.0;0.0;0.0
2030-10-30 03:00:00;442.209864529295;1040.4688132120662;0.0;210.02100210021004;0.0;0.0;0.0;0.0
2030-10-30 04:00:00;442.1153093957539;1040.4688132120662;0.0;210.02100210021004;0.0;0.0;0.0;0.0
2030-10-30 05:00:00;442.4340509111319;1040.4688132120662;0.0;210.02100210021004;0.0;0.0;0.0;0.0
2030-10-30 06:00:00;442.4762744278489;1040.4688132120662;0.0;210.02100210021004;0.0;0.0;0.0;0.0
2030-10-30 07:00:00;443.4078364276251;1040.4688132120662;0.0;210.02100210021004;0.0;0.0;0.0;0.0
2030-10-30 08:00:00;443.9514779408095;1040.4688132120662;0.0;210.02100210021004;0.0;0.0;0.0;0.0
2030-10-30 09:00:00;444.2191632258766;1040.4688132120662;0.0;210.02100210021004;0.0;0.0;0.0;0.0
2030-10-30 10:00:00;443.626560311779;1040.4688132120662;0.0;210.02100210021004;0.0;0.0;0.0;0.0
2030-10-30 11:00:00;443.341771177521;1040.4688132120662;0.0;210.02100210021004;0.0;0.0;0.0;0.0
2030-10-30 12:00:00;443.2454805813212;1040.4688132120662;0.0;210.02100210021004;0.0;0.0;0.0;0.0
2030-10-30 13:00:00;442.4918465882723;1040.4688132120662;0.0;210.02100210021004;0.0;0.0;0.0;0.0
2030-10-30 14:00:00;443.1003800445401;1040.4688132120662;0.0;210.02100210021004;0.0;0.0;0.0;0.0
2030-10-30 15:00:00;443.1230484709064;1040.4688132120662;0.0;210.02100210021004;0.0;0.0;0.0;0.0
2030-10-30 16:00:00;443.3940009073996;1040.4688132120662;0.0;210.02100210021004;0.0;0.0;0.0;0.0
2030-10-30 17:00:00;443.7516978030763;1040.4688132120662;0.0;210.02100210021004;0.0;0.0;0.0;0.0
2030-10-30 18:00:00;443.9091527296939;1040.4688132120662;0.0;210.02100210021004;0.0;0.0;0.0;0.0
2030-10-30 19:00:00;516.6066410167667;1040.4688132120662;0.0;210.02100210021004;0.0;0.0;0.0;0.0
2030-10-30 20:00:00;516.4909479680874;1040.4688132120662;0.0;210.02100210021004;0.0;0.0;0.0;0.0
2030-10-30 21:00:00;516.1570943684312;1040.4688132120662;0.0;210.02100210021004;0.0;0.0;0.0;0.0
2030-10-30 22:00:00;515.865567349977;1040.4688132120662;0.0;210.02100210021004;0.0;0.0;0.0;0.0
2030-10-30 23:00:00;515.4039206440746;1040.4688132120662;0.0;210.02100210021004;0.0;0.0;0.0;0.0
2030-10-31 00:00:00;514.8478204990295;1040.4688132120662;0.0;210.02100210021004;0.0;0.0;0.0;0.0
2030-10-31 01:00:00;442.6458297971276;1040.4688132120662;0.0;210.02100210021004;0.0;0.0;0.0;0.0
2030-10-31 02:00:00;515.1137703214381;1040.4688132120662;0.0;210.02100210021004;0.0;0.0;0.0;0.0
2030-10-31 03:00:00;515.5054195982348;1040.4688132120662;0.0;210.02100210021004;0.0;0.0;0.0;0.0
2030-10-31 04:00:00;515.8059854592524;1040.4688132120662;0.0;210.02100210021004;0.0;0.0;0.0;0.0
2030-10-31 05:00:00;515.73961238578;1040.4688132120662;0.0;210.02100210021004;0.0;0.0;0.0;0.0
2030-10-31 06:00:00;515.9580298166524;1040.4688132120662;0.0;210.02100210021004;0.0;0.0;0.0;0.0
2030-10-31 07:00:00;515.9660950158268;1040.4688132120662;0.0;210.02100210021004;0.0;0.0;0.0;0.0
2030-10-31 08:00:00;517.028923209698;1040.4688132120662;0.0;210.02100210021004;0.0;0.0;0.0;0.0
2030-10-31 09:00:00;515.3087018530443;1040.4688132120662;0.0;210.02100210021004;0.0;0.0;0.0;0.0
2030-10-31 10:00:00;514.7409617265773;1040.4688132120662;0.0;210.02100210021004;0.0;0.0;0.0;0.0
2030-10-31 11:00:00;513.9932495149112;1040.4688132120662;0.0;210.02100210021004;0.0;0.0;0.0;0.0
2030-10-31 12:00:00;453.4546666256782;1040.4688132120662;0.0;210.02100210021004;0.0;0.0;0.0;0.0
2030-10-31 13:00:00;443.9037419679292;1040.4688132120662;0.0;210.02100210021004;0.0;0.0;0.0;0.0
2030-10-31 14:00:00;443.9270740517846;1040.4688132120662;0.0;210.02100210021004;0.0;0.0;0.0;0.0
2030-10-31 15:00:00;444.2108932678188;1040.4688132120662;0.0;210.02100210021004;0.0;0.0;0.0;0.0
2030-10-31 16:00:00;444.7392690738617;1040.4688132120662;0.0;210.02100210021004;0.0;0.0;0.0;0.0
2030-10-31 17:00:00;451.9141364349844;1040.4688132120662;0.0;210.02100210021004;0.0;0.0;0.0;0.0
2030-10-31 18:00:00;444.7797559503808;1040.4688132120662;0.0;210.02100210021004;0.0;0.0;0.0;0.0
2030-10-31 19:00:00;444.8580258851703;1040.4688132120662;0.0;210.02100210021004;0.0;0.0;0.0;0.0
2030-10-31 20:00:00;444.8349479410373;1040.4688132120662;0.0;210.02100210021004;0.0;0.0;0.0;0.0
2030-10-31 21:00:00;444.5385697688303;1040.4688132120662;0.0;210.02100210021004;0.0;0.0;0.0;0.0
2030-10-31 22:00:00;444.0103452305723;1040.4688132120662;0.0;210.02100210021004;0.0;0.0;0.0;0.0
2030-10-31 23:00:00;443.5036183592856;1040.4688132120662;0.0;210.02100210021004;0.0;0.0;0.0;0.0
2030-11-01 00:00:00;443.6954849507232;1040.4688132120662;0.0;210.02100210021004;0.0;0.0;0.0;0.0
2030-11-01 01:00:00;442.7354840109826;1040.4688132120662;0.0;210.02100210021004;0.0;0.0;0.0;0.0
2030-11-01 02:00:00;442.1206194481125;1040.4688132120662;0.0;210.02100210021004;0.0;0.0;0.0;0.0
2030-11-01 03:00:00;441.8147954632012;1040.4688132120662;0.0;210.02100210021004;0.0;0.0;0.0;0.0
2030-11-01 04:00:00;443.096702197808;1040.4688132120662;0.0;210.02100210021004;0.0;0.0;0.0;0.0
2030-11-01 05:00:00;443.5696838019368;1040.4688132120662;0.0;210.02100210021004;0.0;0.0;0.0;0.0
2030-11-01 06:00:00;443.7809019023812;1040.4688132120662;0.0;210.02100210021004;0.0;0.0;0.0;0.0
2030-11-01 07:00:00;443.2478783313825;1040.4688132120662;0.0;210.02100210021004;0.0;0.0;0.0;0.0
2030-11-01 08:00:00;443.5004007812458;1040.4688132120662;0.0;210.02100210021004;0.0;0.0;0.0;0.0
2030-11-01 09:00:00;443.7981583894433;1040.4688132120662;0.0;210.02100210021004;0.0;0.0;0.0;0.0
2030-11-01 10:00:00;443.7210137509219;1040.4688132120662;0.0;210.02100210021004;0.0;0.0;0.0;0.0
2030-11-01 11:00:00;443.7067179620041;1040.4688132120662;0.0;210.02100210021004;0.0;0.0;0.0;0.0
2030-11-01 12:00:00;441.9564750331457;1040.4688132120662;0.0;210.02100210021004;0.0;0.0;0.0;0.0
2030-11-01 13:00:00;442.4631025651126;1040.4688132120662;0.0;210.02100210021004;0.0;0.0;0.0;0.0
2030-11-01 14:00:00;441.3869486930946;1040.4688132120662;0.0;210.02100210021004;0.0;0.0;0.0;0.0
2030-11-01 15:00:00;441.2703885981292;1040.4688132120662;0.0;210.02100210021004;0.0;0.0;0.0;0.0
2030-11-01 16:00:00;440.9842202204276;1040.4688132120662;0.0;210.02100210021004;0.0;0.0;0.0;0.0
2030-11-01 17:00:00;441.2156047551529;1040.4688132120662;0.0;210.02100210021004;0.0;0.0;0.0;0.0
2030-11-01 18:00:00;442.1380808866051;1040.4688132120662;0.0;210.02100210021004;0.0;0.0;0.0;0.0
2030-11-01 19:00:00;441.5050914203003;1040.4688132120662;0.0;210.02100210021004;0.0;0.0;0.0;0.0
2030-11-01 20:00:00;441.0018848551699;1040.4688132120662;0.0;210.02100210021004;0.0;0.0;0.0;0.0
2030-11-01 21:00:00;439.8820286911247;1040.4688132120662;0.0;210.02100210021004;0.0;0.0;0.0;0.0
2030-11-01 22:00:00;438.2629490844234;1040.4688132120662;0.0;210.02100210021004;0.0;0.0;0.0;0.0
2030-11-01 23:00:00;437.3908761464489;1040.4688132120662;0.0;210.02100210021004;0.0;0.0;0.0;0.0
2030-11-02 00:00:00;437.3649208231303;1040.4688132120662;0.0;210.02100210021004;0.0;0.0;0.0;0.0
2030-11-02 01:00:00;437.3013407611003;1040.4688132120662;0.0;210.02100210021004;0.0;0.0;0.0;0.0
2030-11-02 02:00:00;437.2396235663914;1040.4688132120662;0.0;210.02100210021004;0.0;0.0;0.0;0.0
2030-11-02 03:00:00;437.1797869020944;1040.4688132120662;0.0;210.02100210021004;0.0;0.0;0.0;0.0
2030-11-02 04:00:00;437.1652796167625;1040.4688132120662;0.0;210.02100210021004;0.0;0.0;0.0;0.0
2030-11-02 05:00:00;437.1554754237695;1040.4688132120662;0.0;210.02100210021004;0.0;0.0;0.0;0.0
2030-11-02 06:00:00;437.1670188424472;1040.4688132120662;0.0;210.02100210021004;0.0;0.0;0.0;0.0
2030-11-02 07:00:00;437.2065771008432;1040.4688132120662;0.0;210.02100210021004;0.0;0.0;0.0;0.0
2030-11-02 08:00:00;437.2631731767284;1040.4688132120662;0.0;210.02100210021004;0.0;0.0;0.0;0.0
2030-11-02 09:00:00;437.283405658593;1040.4688132120662;0.0;210.02100210021004;0.0;0.0;0.0;0.0
2030-11-02 10:00:00;437.3136801964082;1040.4688132120662;0.0;210.02100210021004;0.0;0.0;0.0;0.0
2030-11-02 11:00:00;437.3356177553151;1040.4688132120662;0.0;210.02100210021004;0.0;0.0;0.0;0.0
2030-11-02 12:00:00;437.3274032405038;1040.4688132120662;0.0;210.02100210021004;0.0;0.0;0.0;0.0
2030-11-02 13:00:00;437.2755679563878;1040.4688132120662;0.0;210.02100210021004;0.0;0.0;0.0;0.0
2030-11-02 14:00:00;437.2635382139405;1040.4688132120662;0.0;210.02100210021004;0.0;0.0;0.0;0.0
2030-11-02 15:00:00;437.2602693645832;1040.4688132120662;0.0;210.02100210021004;0.0;0.0;0.0;0.0
2030-11-02 16:00:00;437.2783504819754;1040.4688132120662;0.0;210.02100210021004;0.0;0.0;0.0;0.0
2030-11-02 17:00:00;437.288264186132;1040.4688132120662;0.0;210.02100210021004;0.0;0.0;0.0;0.0
2030-11-02 18:00:00;437.2867157218291;1040.4688132120662;0.0;210.02100210021004;0.0;0.0;0.0;0.0
2030-11-02 19:00:00;437.281587537769;1040.4688132120662;0.0;210.02100210021004;0.0;0.0;0.0;0.0
2030-11-02 20:00:00;437.2843700633566;1040.4688132120662;0.0;210.02100210021004;0.0;0.0;0.0;0.0
2030-11-02 21:00:00;437.2803876251267;1040.4688132120662;0.0;210.02100210021004;0.0;0.0;0.0;0.0
2030-11-02 22:00:00;437.2772883414422;1040.4688132120662;0.0;210.02100210021004;0.0;0.0;0.0;0.0
2030-11-02 23:00:00;437.2612620302922;1040.4688132120662;0.0;210.02100210021004;0.0;0.0;0.0;0.0
2030-11-03 00:00:00;437.2611372111165;1040.4688132120662;0.0;210.02100210021004;0.0;0.0;0.0;0.0
2030-11-03 01:00:00;437.2250479837746;1040.4688132120662;0.0;210.02100210021004;0.0;0.0;0.0;0.0
2030-11-03 02:00:00;437.2067313585038;1040.4688132120662;0.0;210.02100210021004;0.0;0.0;0.0;0.0
2030-11-03 03:00:00;437.2359013643675;1040.4688132120662;0.0;210.02100210021004;0.0;0.0;0.0;0.0
2030-11-03 04:00:00;437.2409117944882;1040.4688132120662;0.0;210.02100210021004;0.0;0.0;0.0;0.0
2030-11-03 05:00:00;437.1863858328574;1040.4688132120662;0.0;210.02100210021004;0.0;0.0;0.0;0.0
2030-11-03 06:00:00;437.2042761888677;1040.4688132120662;0.0;210.02100210021004;0.0;0.0;0.0;0.0
2030-11-03 07:00:00;437.2166921642361;1040.4688132120662;0.0;210.02100210021004;0.0;0.0;0.0;0.0
2030-11-03 08:00:00;437.2351453840766;1040.4688132120662;0.0;210.02100210021004;0.0;0.0;0.0;0.0
2030-11-03 09:00:00;437.2616011616377;1040.4688132120662;0.0;210.02100210021004;0.0;0.0;0.0;0.0
2030-11-03 10:00:00;437.4118504781317;1040.4688132120662;0.0;210.02100210021004;0.0;0.0;0.0;0.0
2030-11-03 11:00:00;437.4561118288666;1040.4688132120662;0.0;210.02100210021004;0.0;0.0;0.0;0.0
2030-11-03 12:00:00;437.9640517923198;1040.4688132120662;0.0;210.02100210021004;0.0;0.0;0.0;0.0
2030-11-03 13:00:00;438.8955747310197;1040.4688132120662;0.0;210.02100210021004;0.0;0.0;0.0;0.0
2030-11-03 14:00:00;438.8548232654377;1040.4688132120662;0.0;210.02100210021004;0.0;0.0;0.0;0.0
2030-11-03 15:00:00;438.9057625974152;1040.4688132120662;0.0;210.02100210021004;0.0;0.0;0.0;0.0
2030-11-03 16:00:00;438.6382260700641;1040.4688132120662;0.0;210.02100210021004;0.0;0.0;0.0;0.0
2030-11-03 17:00:00;439.7773940322661;1040.4688132120662;0.0;210.02100210021004;0.0;0.0;0.0;0.0
2030-11-03 18:00:00;437.996333848526;1040.4688132120662;0.0;210.02100210021004;0.0;0.0;0.0;0.0
2030-11-03 19:00:00;438.0940875570284;1040.4688132120662;0.0;210.02100210021004;0.0;0.0;0.0;0.0
2030-11-03 20:00:00;437.7655772616209;1040.4688132120662;0.0;210.02100210021004;0.0;0.0;0.0;0.0
2030-11-03 21:00:00;437.4328177445781;1040.4688132120662;0.0;210.02100210021004;0.0;0.0;0.0;0.0
2030-11-03 22:00:00;438.9779032399625;1040.4688132120662;0.0;210.02100210021004;0.0;0.0;0.0;0.0
2030-11-03 23:00:00;439.4998230688361;1040.4688132120662;0.0;210.02100210021004;0.0;0.0;0.0;0.0
2030-11-04 00:00:00;438.970304238281;1040.4688132120662;0.0;210.02100210021004;0.0;0.0;0.0;0.0
2030-11-04 01:00:00;437.3989387586784;1040.4688132120662;0.0;210.02100210021004;0.0;0.0;0.0;0.0
2030-11-04 02:00:00;437.2570652798927;1040.4688132120662;0.0;210.02100210021004;0.0;0.0;0.0;0.0
2030-11-04 03:00:00;437.2427923249002;1040.4688132120662;0.0;210.02100210021004;0.0;0.0;0.0;0.0
2030-11-04 04:00:00;437.2413545493003;1040.4688132120662;0.0;210.02100210021004;0.0;0.0;0.0;0.0
2030-11-04 05:00:00;437.2719199393457;1040.4688132120662;0.0;210.02100210021004;0.0;0.0;0.0;0.0
2030-11-04 06:00:00;437.345804648611;1040.4688132120662;0.0;210.02100210021004;0.0;0.0;0.0;0.0
2030-11-04 07:00:00;437.4752350686223;1040.4688132120662;0.0;210.02100210021004;0.0;0.0;0.0;0.0
2030-11-04 08:00:00;441.3217232482746;1040.4688132120662;0.0;210.02100210021004;0.0;0.0;0.0;0.0
2030-11-04 09:00:00;441.4680876526721;1040.4688132120662;0.0;210.02100210021004;0.0;0.0;0.0;0.0
2030-11-04 10:00:00;440.8672514022699;1040.4688132120662;0.0;210.02100210021004;0.0;0.0;0.0;0.0
2030-11-04 11:00:00;440.597372089562;1040.4688132120662;0.0;210.02100210021004;0.0;0.0;0.0;0.0
2030-11-04 12:00:00;441.3393619824989;1040.4688132120662;0.0;210.02100210021004;0.0;0.0;0.0;0.0
2030-11-04 13:00:00;441.3747150093291;1040.4688132120662;0.0;210.02100210021004;0.0;0.0;0.0;0.0
2030-11-04 14:00:00;441.5728189663192;1040.4688132120662;0.0;210.02100210021004;0.0;0.0;0.0;0.0
2030-11-04 15:00:00;441.0784489813523;1040.4688132120662;0.0;210.02100210021004;0.0;0.0;0.0;0.0
2030-11-04 16:00:00;441.1054458852688;1040.4688132120662;0.0;210.02100210021004;0.0;0.0;0.0;0.0
2030-11-04 17:00:00;441.3545656177967;1040.4688132120662;0.0;210.02100210021004;0.0;0.0;0.0;0.0
2030-11-04 18:00:00;442.0552686064233;1040.4688132120662;0.0;210.02100210021004;0.0;0.0;0.0;0.0
2030-11-04 19:00:00;442.5273806166402;1040.4688132120662;0.0;210.02100210021004;0.0;0.0;0.0;0.0
2030-11-04 20:00:00;442.064304901361;1040.4688132120662;0.0;210.02100210021004;0.0;0.0;0.0;0.0
2030-11-04 21:00:00;441.4017033806182;1040.4688132120662;0.0;210.02100210021004;0.0;0.0;0.0;0.0
2030-11-04 22:00:00;440.9073297216287;1040.4688132120662;0.0;210.02100210021004;0.0;0.0;0.0;0.0
2030-11-04 23:00:00;441.6437084051549;1040.4688132120662;0.0;210.02100210021004;0.0;0.0;0.0;0.0
2030-11-05 00:00:00;441.2389368390084;1040.4688132120662;0.0;210.02100210021004;0.0;0.0;0.0;0.0
2030-11-05 01:00:00;438.4414909827066;1040.4688132120662;0.0;210.02100210021004;0.0;0.0;0.0;0.0
2030-11-05 02:00:00;437.3612351248277;1040.4688132120662;0.0;210.02100210021004;0.0;0.0;0.0;0.0
2030-11-05 03:00:00;437.3334463726729;1040.4688132120662;0.0;210.02100210021004;0.0;0.0;0.0;0.0
2030-11-05 04:00:00;437.3333557021396;1040.4688132120662;0.0;210.02100210021004;0.0;0.0;0.0;0.0
2030-11-05 05:00:00;507.3382347967717;1040.4688132120662;0.0;210.02100210021004;0.0;0.0;0.0;0.0
2030-11-05 06:00:00;510.9383293455872;1040.4688132120662;0.0;210.02100210021004;0.0;0.0;0.0;0.0
2030-11-05 07:00:00;513.6488784899285;1040.4688132120662;0.0;210.02100210021004;0.0;0.0;0.0;0.0
2030-11-05 08:00:00;514.3336387875061;1040.4688132120662;0.0;210.02100210021004;0.0;0.0;0.0;0.0
2030-11-05 09:00:00;515.1903036160295;1040.4688132120662;0.0;210.02100210021004;0.0;0.0;0.0;0.0
2030-11-05 10:00:00;442.1450742806101;1040.4688132120662;0.0;210.02100210021004;0.0;0.0;0.0;0.0
2030-11-05 11:00:00;442.0428099745625;1040.4688132120662;0.0;210.02100210021004;0.0;0.0;0.0;0.0
2030-11-05 12:00:00;441.8949023625005;1040.4688132120662;0.0;210.02100210021004;0.0;0.0;0.0;0.0
2030-11-05 13:00:00;442.6879502493598;1040.4688132120662;0.0;210.02100210021004;0.0;0.0;0.0;0.0
2030-11-05 14:00:00;443.1491876300427;1040.4688132120662;0.0;210.02100210021004;0.0;0.0;0.0;0.0
2030-11-05 15:00:00;443.9444324257922;1040.4688132120662;0.0;210.02100210021004;0.0;0.0;0.0;0.0
2030-11-05 16:00:00;444.452233457327;1040.4688132120662;0.0;210.02100210021004;0.0;0.0;0.0;0.0
2030-11-05 17:00:00;471.5161873336904;1040.4688132120662;0.0;210.02100210021004;0.0;0.0;0.0;0.0
2030-11-05 18:00:00;485.6682353201119;1040.4688132120662;0.0;210.02100210021004;0.0;0.0;0.0;0.0
2030-11-05 19:00:00;444.4547863928853;1040.4688132120662;0.0;210.02100210021004;0.0;0.0;0.0;0.0
2030-11-05 20:00:00;444.2641440519412;1040.4688132120662;0.0;210.02100210021004;0.0;0.0;0.0;0.0
2030-11-05 21:00:00;442.1045376381576;1040.4688132120662;0.0;210.02100210021004;0.0;0.0;0.0;0.0
2030-11-05 22:00:00;441.9051642780182;1040.4688132120662;0.0;210.02100210021004;0.0;0.0;0.0;0.0
2030-11-05 23:00:00;441.7003280351017;1040.4688132120662;0.0;210.02100210021004;0.0;0.0;0.0;0.0
2030-11-06 00:00:00;441.5923455290152;1040.4688132120662;0.0;210.02100210021004;0.0;0.0;0.0;0.0
2030-11-06 01:00:00;442.4180707955754;1040.4688132120662;0.0;210.02100210021004;0.0;0.0;0.0;0.0
2030-11-06 02:00:00;442.4726996456017;1040.4688132120662;0.0;210.02100210021004;0.0;0.0;0.0;0.0
2030-11-06 03:00:00;442.5383583106592;1040.4688132120662;0.0;210.02100210021004;0.0;0.0;0.0;0.0
2030-11-06 04:00:00;442.7182275239206;1040.4688132120662;0.0;210.02100210021004;0.0;0.0;0.0;0.0
2030-11-06 05:00:00;442.8395357081539;1040.4688132120662;0.0;210.02100210021004;0.0;0.0;0.0;0.0
2030-11-06 06:00:00;515.4146426357374;1040.4688132120662;0.0;210.02100210021004;0.0;0.0;0.0;0.0
2030-11-06 07:00:00;514.6163340773587;1040.4688132120662;0.0;210.02100210021004;0.0;0.0;0.0;0.0
2030-11-06 08:00:00;514.8393969181082;1040.4688132120662;0.0;210.02100210021004;0.0;0.0;0.0;0.0
2030-11-06 09:00:00;442.5582184842052;1040.4688132120662;0.0;210.02100210021004;0.0;0.0;0.0;0.0
2030-11-06 10:00:00;442.1230704967253;1040.4688132120662;0.0;210.02100210021004;0.0;0.0;0.0;0.0
2030-11-06 11:00:00;442.1793342925512;1040.4688132120662;0.0;210.02100210021004;0.0;0.0;0.0;0.0
2030-11-06 12:00:00;441.9525949751561;1040.4688132120662;0.0;210.02100210021004;0.0;0.0;0.0;0.0
2030-11-06 13:00:00;440.6484773427024;1040.4688132120662;0.0;210.02100210021004;0.0;0.0;0.0;0.0
2030-11-06 14:00:00;440.0113017502205;1040.4688132120662;0.0;210.02100210021004;0.0;0.0;0.0;0.0
2030-11-06 15:00:00;440.1603342734562;1040.4688132120662;0.0;210.02100210021004;0.0;0.0;0.0;0.0
2030-11-06 16:00:00;440.4567126382103;1040.4688132120662;0.0;210.02100210021004;0.0;0.0;0.0;0.0
2030-11-06 17:00:00;479.6918338935892;1040.4688132120662;0.0;210.02100210021004;0.0;0.0;0.0;0.0
2030-11-06 18:00:00;449.2375661781711;1040.4688132120662;0.0;210.02100210021004;0.0;0.0;0.0;0.0
2030-11-06 19:00:00;506.0521979149021;1040.4688132120662;0.0;210.02100210021004;0.0;0.0;0.0;0.0
2030-11-06 20:00:00;441.6031694076237;1040.4688132120662;0.0;210.02100210021004;0.0;0.0;0.0;0.0
2030-11-06 21:00:00;514.1030194121213;1040.4688132120662;0.0;210.02100210021004;0.0;0.0;0.0;0.0
2030-11-06 22:00:00;513.9981006686642;1040.4688132120662;0.0;210.02100210021004;0.0;0.0;0.0;0.0
2030-11-06 23:00:00;514.8877989035565;1040.4688132120662;0.0;210.02100210021004;0.0;0.0;0.0;0.0
2030-11-07 00:00:00;442.1762195864492;1040.4688132120662;0.0;210.02100210021004;0.0;0.0;0.0;0.0
2030-11-07 01:00:00;442.2728673868564;1040.4688132120662;0.0;210.02100210021004;0.0;0.0;0.0;0.0
2030-11-07 02:00:00;441.9692399257411;1040.4688132120662;0.0;210.02100210021004;0.0;0.0;0.0;0.0
2030-11-07 03:00:00;441.5762623489738;1040.4688132120662;0.0;210.02100210021004;0.0;0.0;0.0;0.0
2030-11-07 04:00:00;441.1992153143768;1040.4688132120662;0.0;210.02100210021004;0.0;0.0;0.0;0.0
2030-11-07 05:00:00;441.9790927085863;1040.4688132120662;0.0;210.02100210021004;0.0;0.0;0.0;0.0
2030-11-07 06:00:00;442.8524011176085;1040.4688132120662;0.0;210.02100210021004;0.0;0.0;0.0;0.0
2030-11-07 07:00:00;442.6188210440795;1040.4688132120662;0.0;210.02100210021004;0.0;0.0;0.0;0.0
2030-11-07 08:00:00;442.7236902141505;1040.4688132120662;0.0;210.02100210021004;0.0;0.0;0.0;0.0
2030-11-07 09:00:00;443.0500392076365;1040.4688132120662;0.0;210.02100210021004;0.0;0.0;0.0;0.0
2030-11-07 10:00:00;442.5046093183361;1040.4688132120662;0.0;210.02100210021004;0.0;0.0;0.0;0.0
2030-11-07 11:00:00;442.4791845676147;1040.4688132120662;0.0;210.02100210021004;0.0;0.0;0.0;0.0
2030-11-07 12:00:00;442.8745587169038;1040.4688132120662;0.0;210.02100210021004;0.0;0.0;0.0;0.0
2030-11-07 13:00:00;442.925564196289;1040.4688132120662;0.0;210.02100210021004;0.0;0.0;0.0;0.0
2030-11-07 14:00:00;443.0843985588971;1040.4688132120662;0.0;210.02100210021004;0.0;0.0;0.0;0.0
2030-11-07 15:00:00;442.3602243675092;1040.4688132120662;0.0;210.02100210021004;0.0;0.0;0.0;0.0
2030-11-07 16:00:00;442.7457968699731;1040.4688132120662;0.0;210.02100210021004;0.0;0.0;0.0;0.0
2030-11-07 17:00:00;443.1856941242603;1040.4688132120662;0.0;210.02100210021004;0.0;0.0;0.0;0.0
2030-11-07 18:00:00;443.0962942426749;1040.4688132120662;0.0;210.02100210021004;0.0;0.0;0.0;0.0
2030-11-07 19:00:00;442.7301751361634;1040.4688132120662;0.0;210.02100210021004;0.0;0.0;0.0;0.0
2030-11-07 20:00:00;442.4193981105537;1040.4688132120662;0.0;210.02100210021004;0.0;0.0;0.0;0.0
2030-11-07 21:00:00;441.2386305782736;1040.4688132120662;0.0;210.02100210021004;0.0;0.0;0.0;0.0
2030-11-07 22:00:00;439.9692827998396;1040.4688132120662;0.0;210.02100210021004;0.0;0.0;0.0;0.0
2030-11-07 23:00:00;439.6021912274784;1040.4688132120662;0.0;210.02100210021004;0.0;0.0;0.0;0.0
2030-11-08 00:00:00;440.6460264866366;1040.4688132120662;0.0;210.02100210021004;0.0;0.0;0.0;0.0
2030-11-08 01:00:00;439.5798800053195;1040.4688132120662;0.0;210.02100210021004;0.0;0.0;0.0;0.0
2030-11-08 02:00:00;439.2632333193392;1040.4688132120662;0.0;210.02100210021004;0.0;0.0;0.0;0.0
2030-11-08 03:00:00;438.1481752030423;1040.4688132120662;0.0;210.02100210021004;0.0;0.0;0.0;0.0
2030-11-08 04:00:00;439.1168056601268;1040.4688132120662;0.0;210.02100210021004;0.0;0.0;0.0;0.0
2030-11-08 05:00:00;440.0683307053869;1040.4688132120662;0.0;210.02100210021004;0.0;0.0;0.0;0.0
2030-11-08 06:00:00;440.8154823240487;1040.4688132120662;0.0;210.02100210021004;0.0;0.0;0.0;0.0
2030-11-08 07:00:00;441.9831263894393;1040.4688132120662;0.0;210.02100210021004;0.0;0.0;0.0;0.0
2030-11-08 08:00:00;442.9362356295733;1040.4688132120662;0.0;210.02100210021004;0.0;0.0;0.0;0.0
2030-11-08 09:00:00;442.7109251290079;1040.4688132120662;0.0;210.02100210021004;0.0;0.0;0.0;0.0
2030-11-08 10:00:00;442.5902308363304;1040.4688132120662;0.0;210.02100210021004;0.0;0.0;0.0;0.0
2030-11-08 11:00:00;442.0680832649522;1040.4688132120662;0.0;210.02100210021004;0.0;0.0;0.0;0.0
2030-11-08 12:00:00;441.7534771248256;1040.4688132120662;0.0;210.02100210021004;0.0;0.0;0.0;0.0
2030-11-08 13:00:00;441.8322057656738;1040.4688132120662;0.0;210.02100210021004;0.0;0.0;0.0;0.0
2030-11-08 14:00:00;441.4120160470615;1040.4688132120662;0.0;210.02100210021004;0.0;0.0;0.0;0.0
2030-11-08 15:00:00;442.7843437174974;1040.4688132120662;0.0;210.02100210021004;0.0;0.0;0.0;0.0
2030-11-08 16:00:00;443.0629036320986;1040.4688132120662;0.0;210.02100210021004;0.0;0.0;0.0;0.0
2030-11-08 17:00:00;444.7034274146725;1040.4688132120662;0.0;210.02100210021004;0.0;0.0;0.0;0.0
2030-11-08 18:00:00;445.741799983601;1040.4688132120662;0.0;210.02100210021004;0.0;0.0;0.0;0.0
2030-11-08 19:00:00;445.4089163021687;1040.4688132120662;0.0;210.02100210021004;0.0;0.0;0.0;0.0
2030-11-08 20:00:00;444.9978161770456;1040.4688132120662;0.0;210.02100210021004;0.0;0.0;0.0;0.0
2030-11-08 21:00:00;443.5044344620989;1040.4688132120662;0.0;210.02100210021004;0.0;0.0;0.0;0.0
2030-11-08 22:00:00;442.0907516913184;1040.4688132120662;0.0;210.02100210021004;0.0;0.0;0.0;0.0
2030-11-08 23:00:00;441.8853041044721;1040.4688132120662;0.0;210.02100210021004;0.0;0.0;0.0;0.0
2030-11-09 00:00:00;440.9836582573369;1040.4688132120662;0.0;210.02100210021004;0.0;0.0;0.0;0.0
2030-11-09 01:00:00;439.4049638327565;1040.4688132120662;0.0;210.02100210021004;0.0;0.0;0.0;0.0
2030-11-09 02:00:00;438.9131440943176;1040.4688132120662;0.0;210.02100210021004;0.0;0.0;0.0;0.0
2030-11-09 03:00:00;438.9962116917612;1040.4688132120662;0.0;210.02100210021004;0.0;0.0;0.0;0.0
2030-11-09 04:00:00;439.0387914276935;1040.4688132120662;0.0;210.02100210021004;0.0;0.0;0.0;0.0
2030-11-09 05:00:00;438.7950001895725;1040.4688132120662;0.0;210.02100210021004;0.0;0.0;0.0;0.0
2030-11-09 06:00:00;438.1850884748536;1040.4688132120662;0.0;210.02100210021004;0.0;0.0;0.0;0.0
2030-11-09 07:00:00;439.543069605446;1040.4688132120662;0.0;210.02100210021004;0.0;0.0;0.0;0.0
2030-11-09 08:00:00;439.7353974505683;1040.4688132120662;0.0;210.02100210021004;0.0;0.0;0.0;0.0
2030-11-09 09:00:00;439.7174251850049;1040.4688132120662;0.0;210.02100210021004;0.0;0.0;0.0;0.0
2030-11-09 10:00:00;439.9029618473795;1040.4688132120662;0.0;210.02100210021004;0.0;0.0;0.0;0.0
2030-11-09 11:00:00;440.3070683859504;1040.4688132120662;0.0;210.02100210021004;0.0;0.0;0.0;0.0
2030-11-09 12:00:00;439.8849895818161;1040.4688132120662;0.0;210.02100210021004;0.0;0.0;0.0;0.0
2030-11-09 13:00:00;439.7489267100591;1040.4688132120662;0.0;210.02100210021004;0.0;0.0;0.0;0.0
2030-11-09 14:00:00;439.7844607384269;1040.4688132120662;0.0;210.02100210021004;0.0;0.0;0.0;0.0
2030-11-09 15:00:00;439.4097640430365;1040.4688132120662;0.0;210.02100210021004;0.0;0.0;0.0;0.0
2030-11-09 16:00:00;439.6662670677485;1040.4688132120662;0.0;210.02100210021004;0.0;0.0;0.0;0.0
2030-11-09 17:00:00;440.0174802189516;1040.4688132120662;0.0;210.02100210021004;0.0;0.0;0.0;0.0
2030-11-09 18:00:00;440.1403191069602;1040.4688132120662;0.0;210.02100210021004;0.0;0.0;0.0;0.0
2030-11-09 19:00:00;440.0617440889755;1040.4688132120662;0.0;210.02100210021004;0.0;0.0;0.0;0.0
2030-11-09 20:00:00;440.0373911434234;1040.4688132120662;0.0;210.02100210021004;0.0;0.0;0.0;0.0
2030-11-09 21:00:00;439.7694007751609;1040.4688132120662;0.0;210.02100210021004;0.0;0.0;0.0;0.0
2030-11-09 22:00:00;439.8048331091304;1040.4688132120662;0.0;210.02100210021004;0.0;0.0;0.0;0.0
2030-11-09 23:00:00;439.5965249559046;1040.4688132120662;0.0;210.02100210021004;0.0;0.0;0.0;0.0
2030-11-10 00:00:00;439.4171669548083;1040.4688132120662;0.0;210.02100210021004;0.0;0.0;0.0;0.0
2030-11-10 01:00:00;438.1804942009962;1040.4688132120662;0.0;210.02100210021004;0.0;0.0;0.0;0.0
2030-11-10 02:00:00;438.0047591854469;1040.4688132120662;0.0;210.02100210021004;0.0;0.0;0.0;0.0
2030-11-10 03:00:00;437.4340270775355;1040.4688132120662;0.0;210.02100210021004;0.0;0.0;0.0;0.0
2030-11-10 04:00:00;437.3997877645813;1040.4688132120662;0.0;210.02100210021004;0.0;0.0;0.0;0.0
2030-11-10 05:00:00;437.3992366761451;1040.4688132120662;0.0;210.02100210021004;0.0;0.0;0.0;0.0
2030-11-10 06:00:00;437.3970864892119;1040.4688132120662;0.0;210.02100210021004;0.0;0.0;0.0;0.0
2030-11-10 07:00:00;437.405348105599;1040.4688132120662;0.0;210.02100210021004;0.0;0.0;0.0;0.0
2030-11-10 08:00:00;437.4169668867978;1040.4688132120662;0.0;210.02100210021004;0.0;0.0;0.0;0.0
2030-11-10 09:00:00;437.4189639936097;1040.4688132120662;0.0;210.02100210021004;0.0;0.0;0.0;0.0
2030-11-10 10:00:00;437.426003324106;1040.4688132120662;0.0;210.02100210021004;0.0;0.0;0.0;0.0
2030-11-10 11:00:00;437.4235493320093;1040.4688132120662;0.0;210.02100210021004;0.0;0.0;0.0;0.0
2030-11-10 12:00:00;437.4559434407333;1040.4688132120662;0.0;210.02100210021004;0.0;0.0;0.0;0.0
2030-11-10 13:00:00;437.442882173777;1040.4688132120662;0.0;210.02100210021004;0.0;0.0;0.0;0.0
2030-11-10 14:00:00;437.4426066295589;1040.4688132120662;0.0;210.02100210021004;0.0;0.0;0.0;0.0
2030-11-10 15:00:00;437.4525062032427;1040.4688132120662;0.0;210.02100210021004;0.0;0.0;0.0;0.0
2030-11-10 16:00:00;438.1364072323738;1040.4688132120662;0.0;210.02100210021004;0.0;0.0;0.0;0.0
2030-11-10 17:00:00;439.4645727213966;1040.4688132120662;0.0;210.02100210021004;0.0;0.0;0.0;0.0
2030-11-10 18:00:00;440.8332237872041;1040.4688132120662;0.0;210.02100210021004;0.0;0.0;0.0;0.0
2030-11-10 19:00:00;440.9091471032892;1040.4688132120662;0.0;210.02100210021004;0.0;0.0;0.0;0.0
2030-11-10 20:00:00;441.227246106661;1040.4688132120662;0.0;210.02100210021004;0.0;0.0;0.0;0.0
2030-11-10 21:00:00;441.4595498086844;1040.4688132120662;0.0;210.02100210021004;0.0;0.0;0.0;0.0
2030-11-10 22:00:00;440.2988979597594;1040.4688132120662;0.0;210.02100210021004;0.0;0.0;0.0;0.0
2030-11-10 23:00:00;439.8856544168446;1040.4688132120662;0.0;210.02100210021004;0.0;0.0;0.0;0.0
2030-11-11 00:00:00;439.9557016118838;1040.4688132120662;0.0;210.02100210021004;0.0;0.0;0.0;0.0
2030-11-11 01:00:00;438.8872071464388;1040.4688132120662;0.0;210.02100210021004;0.0;0.0;0.0;0.0
2030-11-11 02:00:00;438.5762267320322;1040.4688132120662;0.0;210.02100210021004;0.0;0.0;0.0;0.0
2030-11-11 03:00:00;438.7928567717809;1040.4688132120662;0.0;210.02100210021004;0.0;0.0;0.0;0.0
2030-11-11 04:00:00;438.5243540138139;1040.4688132120662;0.0;210.02100210021004;0.0;0.0;0.0;0.0
2030-11-11 05:00:00;438.2957267884362;1040.4688132120662;0.0;210.02100210021004;0.0;0.0;0.0;0.0
2030-11-11 06:00:00;439.1745999671808;1040.4688132120662;0.0;210.02100210021004;0.0;0.0;0.0;0.0
2030-11-11 07:00:00;440.6269328425176;1040.4688132120662;0.0;210.02100210021004;0.0;0.0;0.0;0.0
2030-11-11 08:00:00;513.8798041260478;1040.4688132120662;0.0;210.02100210021004;0.0;0.0;0.0;0.0
2030-11-11 09:00:00;514.3874005912463;1040.4688132120662;0.0;210.02100210021004;0.0;0.0;0.0;0.0
2030-11-11 10:00:00;513.724900572355;1040.4688132120662;0.0;210.02100210021004;0.0;0.0;0.0;0.0
2030-11-11 11:00:00;513.855092798749;1040.4688132120662;0.0;210.02100210021004;0.0;0.0;0.0;0.0
2030-11-11 12:00:00;440.6406145473325;1040.4688132120662;0.0;210.02100210021004;0.0;0.0;0.0;0.0
2030-11-11 13:00:00;440.3760960893794;1040.4688132120662;0.0;210.02100210021004;0.0;0.0;0.0;0.0
2030-11-11 14:00:00;513.0847131457087;1040.4688132120662;0.0;210.02100210021004;0.0;0.0;0.0;0.0
2030-11-11 15:00:00;513.3441272951789;1040.4688132120662;0.0;210.02100210021004;0.0;0.0;0.0;0.0
2030-11-11 16:00:00;513.2904176124507;1040.4688132120662;0.0;210.02100210021004;0.0;0.0;0.0;0.0
2030-11-11 17:00:00;513.6814528051443;1040.4688132120662;0.0;210.02100210021004;0.0;0.0;0.0;0.0
2030-11-11 18:00:00;514.3717267364245;1040.4688132120662;0.0;210.02100210021004;0.0;0.0;0.0;0.0
2030-11-11 19:00:00;514.1741407674087;1040.4688132120662;0.0;210.02100210021004;0.0;0.0;0.0;0.0
2030-11-11 20:00:00;514.0926558022054;1040.4688132120662;0.0;210.02100210021004;0.0;0.0;0.0;0.0
2030-11-11 21:00:00;513.7298536130533;1040.4688132120662;0.0;210.02100210021004;0.0;0.0;0.0;0.0
2030-11-11 22:00:00;510.4340002243619;1040.4688132120662;0.0;210.02100210021004;0.0;0.0;0.0;0.0
2030-11-11 23:00:00;508.0910005659953;1040.4688132120662;0.0;210.02100210021004;0.0;0.0;0.0;0.0
2030-11-12 00:00:00;507.4459617930492;1040.4688132120662;0.0;210.02100210021004;0.0;0.0;0.0;0.0
2030-11-12 01:00:00;508.2102150983703;1040.4688132120662;0.0;210.02100210021004;0.0;0.0;0.0;0.0
2030-11-12 02:00:00;506.9861024782704;1040.4688132120662;0.0;210.02100210021004;0.0;0.0;0.0;0.0
2030-11-12 03:00:00;506.6254958279222;1040.4688132120662;0.0;210.02100210021004;0.0;0.0;0.0;0.0
2030-11-12 04:00:00;455.1684083435262;1040.4688132120662;0.0;210.02100210021004;0.0;0.0;0.0;0.0
2030-11-12 05:00:00;504.2798417321459;1040.4688132120662;0.0;210.02100210021004;0.0;0.0;0.0;0.0
2030-11-12 06:00:00;506.0069052150201;1040.4688132120662;0.0;210.02100210021004;0.0;0.0;0.0;0.0
2030-11-12 07:00:00;509.0210826129219;1040.4688132120662;0.0;210.02100210021004;0.0;0.0;0.0;0.0
2030-11-12 08:00:00;510.4922040491824;1040.4688132120662;0.0;210.02100210021004;0.0;0.0;0.0;0.0
2030-11-12 09:00:00;510.4935311716138;1040.4688132120662;0.0;210.02100210021004;0.0;0.0;0.0;0.0
2030-11-12 10:00:00;510.9256673249295;1040.4688132120662;0.0;210.02100210021004;0.0;0.0;0.0;0.0
2030-11-12 11:00:00;511.1148792864104;1040.4688132120662;0.0;210.02100210021004;0.0;0.0;0.0;0.0
2030-11-12 12:00:00;511.2020328782663;1040.4688132120662;0.0;210.02100210021004;0.0;0.0;0.0;0.0
2030-11-12 13:00:00;511.3592844160871;1040.4688132120662;0.0;210.02100210021004;0.0;0.0;0.0;0.0
2030-11-12 14:00:00;512.139108511745;1040.4688132120662;0.0;210.02100210021004;0.0;0.0;0.0;0.0
2030-11-12 15:00:00;512.5410716325243;1040.4688132120662;0.0;210.02100210021004;0.0;0.0;0.0;0.0
2030-11-12 16:00:00;512.9599838020918;1040.4688132120662;0.0;210.02100210021004;0.0;0.0;0.0;0.0
2030-11-12 17:00:00;512.0727366158122;1040.4688132120662;0.0;210.02100210021004;0.0;0.0;0.0;0.0
2030-11-12 18:00:00;512.4057219916428;1040.4688132120662;0.0;210.02100210021004;0.0;0.0;0.0;0.0
2030-11-12 19:00:00;512.8606296358098;1040.4688132120662;0.0;210.02100210021004;0.0;0.0;0.0;0.0
2030-11-12 20:00:00;512.6150510065653;1040.4688132120662;0.0;210.02100210021004;0.0;0.0;0.0;0.0
2030-11-12 21:00:00;511.6670486225404;1040.4688132120662;0.0;210.02100210021004;0.0;0.0;0.0;0.0
2030-11-12 22:00:00;510.1233262632371;1040.4688132120662;0.0;210.02100210021004;0.0;0.0;0.0;0.0
2030-11-12 23:00:00;509.5376150487461;1040.4688132120662;0.0;210.02100210021004;0.0;0.0;0.0;0.0
2030-11-13 00:00:00;508.6711460257714;1040.4688132120662;0.0;210.02100210021004;0.0;0.0;0.0;0.0
2030-11-13 01:00:00;508.6457722185227;1040.4688132120662;0.0;210.02100210021004;0.0;0.0;0.0;0.0
2030-11-13 02:00:00;508.5855254927694;1040.4688132120662;0.0;210.02100210021004;0.0;0.0;0.0;0.0
2030-11-13 03:00:00;508.4839769652232;1040.4688132120662;0.0;210.02100210021004;0.0;0.0;0.0;0.0
2030-11-13 04:00:00;508.3891155709473;1040.4688132120662;0.0;210.02100210021004;0.0;0.0;0.0;0.0
2030-11-13 05:00:00;509.4715484285556;1040.4688132120662;0.0;210.02100210021004;0.0;0.0;0.0;0.0
2030-11-13 06:00:00;510.4355830491492;1040.4688132120662;0.0;210.02100210021004;0.0;0.0;0.0;0.0
2030-11-13 07:00:00;511.3733235176565;1040.4688132120662;0.0;210.02100210021004;0.0;0.0;0.0;0.0
2030-11-13 08:00:00;510.6940270878482;1040.4688132120662;0.0;210.02100210021004;0.0;0.0;0.0;0.0
2030-11-13 09:00:00;511.2014189867105;1040.4688132120662;0.0;210.02100210021004;0.0;0.0;0.0;0.0
2030-11-13 10:00:00;511.107170113904;1040.4688132120662;0.0;210.02100210021004;0.0;0.0;0.0;0.0
2030-11-13 11:00:00;510.5760891195259;1040.4688132120662;0.0;210.02100210021004;0.0;0.0;0.0;0.0
2030-11-13 12:00:00;437.6648299889974;1040.4688132120662;0.0;210.02100210021004;0.0;0.0;0.0;0.0
2030-11-13 13:00:00;438.0367207866464;1040.4688132120662;0.0;210.02100210021004;0.0;0.0;0.0;0.0
2030-11-13 14:00:00;437.4275835819725;1040.4688132120662;0.0;210.02100210021004;0.0;0.0;0.0;0.0
2030-11-13 15:00:00;509.8457362668597;1040.4688132120662;0.0;210.02100210021004;0.0;0.0;0.0;0.0
2030-11-13 16:00:00;512.1405386986612;1040.4688132120662;0.0;210.02100210021004;0.0;0.0;0.0;0.0
2030-11-13 17:00:00;511.9295253571001;1040.4688132120662;0.0;210.02100210021004;0.0;0.0;0.0;0.0
2030-11-13 18:00:00;512.2668494969793;1040.4688132120662;0.0;210.02100210021004;0.0;0.0;0.0;0.0
2030-11-13 19:00:00;513.2880175073105;1040.4688132120662;0.0;210.02100210021004;0.0;0.0;0.0;0.0
2030-11-13 20:00:00;512.5541418008622;1040.4688132120662;0.0;210.02100210021004;0.0;0.0;0.0;0.0
2030-11-13 21:00:00;512.9927095776395;1040.4688132120662;0.0;210.02100210021004;0.0;0.0;0.0;0.0
2030-11-13 22:00:00;512.8806436247664;1040.4688132120662;0.0;210.02100210021004;0.0;0.0;0.0;0.0
2030-11-13 23:00:00;512.0179527728358;1040.4688132120662;0.0;210.02100210021004;0.0;0.0;0.0;0.0
2030-11-14 00:00:00;511.8078597761123;1040.4688132120662;0.0;210.02100210021004;0.0;0.0;0.0;0.0
2030-11-14 01:00:00;499.1905716147061;1040.4688132120662;0.0;210.02100210021004;0.0;0.0;0.0;0.0
2030-11-14 02:00:00;499.2244611654298;1040.4688132120662;0.0;210.02100210021004;0.0;0.0;0.0;0.0
2030-11-14 03:00:00;513.0912476411081;1040.4688132120662;0.0;210.02100210021004;0.0;0.0;0.0;0.0
2030-11-14 04:00:00;513.1221872030715;1040.4688132120662;0.0;210.02100210021004;0.0;0.0;0.0;0.0
2030-11-14 05:00:00;513.0399878294533;1040.4688132120662;0.0;210.02100210021004;0.0;0.0;0.0;0.0
2030-11-14 06:00:00;513.3388170502731;1040.4688132120662;0.0;210.02100210021004;0.0;0.0;0.0;0.0
2030-11-14 07:00:00;511.521028918461;1040.4688132120662;0.0;210.02100210021004;0.0;0.0;0.0;0.0
2030-11-14 08:00:00;512.0597695119593;1040.4688132120662;0.0;210.02100210021004;0.0;0.0;0.0;0.0
2030-11-14 09:00:00;512.4999199209767;1040.4688132120662;0.0;210.02100210021004;0.0;0.0;0.0;0.0
2030-11-14 10:00:00;512.4498855373547;1040.4688132120662;0.0;210.02100210021004;0.0;0.0;0.0;0.0
2030-11-14 11:00:00;512.1659646269221;1040.4688132120662;0.0;210.02100210021004;0.0;0.0;0.0;0.0
2030-11-14 12:00:00;439.9382415434777;1040.4688132120662;0.0;210.02100210021004;0.0;0.0;0.0;0.0
2030-11-14 13:00:00;447.3435424516809;1040.4688132120662;0.0;210.02100210021004;0.0;0.0;0.0;0.0
2030-11-14 14:00:00;512.485165233453;1040.4688132120662;0.0;210.02100210021004;0.0;0.0;0.0;0.0
2030-11-14 15:00:00;512.5437262624812;1040.4688132120662;0.0;210.02100210021004;0.0;0.0;0.0;0.0
2030-11-14 16:00:00;512.7552506236602;1040.4688132120662;0.0;210.02100210021004;0.0;0.0;0.0;0.0
2030-11-14 17:00:00;513.072153996989;1040.4688132120662;0.0;210.02100210021004;0.0;0.0;0.0;0.0
2030-11-14 18:00:00;513.2954709774609;1040.4688132120662;0.0;210.02100210021004;0.0;0.0;0.0;0.0
2030-11-14 19:00:00;513.1644118973279;1040.4688132120662;0.0;210.02100210021004;0.0;0.0;0.0;0.0
2030-11-14 20:00:00;512.8456701894029;1040.4688132120662;0.0;210.02100210021004;0.0;0.0;0.0;0.0
2030-11-14 21:00:00;511.8870984515862;1040.4688132120662;0.0;210.02100210021004;0.0;0.0;0.0;0.0
2030-11-14 22:00:00;510.9199489323436;1040.4688132120662;0.0;210.02100210021004;0.0;0.0;0.0;0.0
2030-11-14 23:00:00;509.6397267169226;1040.4688132120662;0.0;210.02100210021004;0.0;0.0;0.0;0.0
2030-11-15 00:00:00;508.5646444575268;1040.4688132120662;0.0;210.02100210021004;0.0;0.0;0.0;0.0
2030-11-15 01:00:00;508.4620229472717;1040.4688132120662;0.0;210.02100210021004;0.0;0.0;0.0;0.0
2030-11-15 02:00:00;505.560830476994;1040.4688132120662;0.0;210.02100210021004;0.0;0.0;0.0;0.0
2030-11-15 03:00:00;506.1912162568148;1040.4688132120662;0.0;210.02100210021004;0.0;0.0;0.0;0.0
2030-11-15 04:00:00;505.9074479842533;1040.4688132120662;0.0;210.02100210021004;0.0;0.0;0.0;0.0
2030-11-15 05:00:00;506.9607286710217;1040.4688132120662;0.0;210.02100210021004;0.0;0.0;0.0;0.0
2030-11-15 06:00:00;507.8826416618438;1040.4688132120662;0.0;210.02100210021004;0.0;0.0;0.0;0.0
2030-11-15 07:00:00;509.4499006713388;1040.4688132120662;0.0;210.02100210021004;0.0;0.0;0.0;0.0
2030-11-15 08:00:00;512.2158463726728;1040.4688132120662;0.0;210.02100210021004;0.0;0.0;0.0;0.0
2030-11-15 09:00:00;512.8671641312092;1040.4688132120662;0.0;210.02100210021004;0.0;0.0;0.0;0.0
2030-11-15 10:00:00;512.5448499961155;1040.4688132120662;0.0;210.02100210021004;0.0;0.0;0.0;0.0
2030-11-15 11:00:00;512.6426203526178;1040.4688132120662;0.0;210.02100210021004;0.0;0.0;0.0;0.0
2030-11-15 12:00:00;512.1315010336372;1040.4688132120662;0.0;210.02100210021004;0.0;0.0;0.0;0.0
2030-11-15 13:00:00;511.9683786579062;1040.4688132120662;0.0;210.02100210021004;0.0;0.0;0.0;0.0
2030-11-15 14:00:00;512.4936397578471;1040.4688132120662;0.0;210.02100210021004;0.0;0.0;0.0;0.0
2030-11-15 15:00:00;512.4736269464297;1040.4688132120662;0.0;210.02100210021004;0.0;0.0;0.0;0.0
2030-11-15 16:00:00;511.1098247438607;1040.4688132120662;0.0;210.02100210021004;0.0;0.0;0.0;0.0
2030-11-15 17:00:00;511.4754873068451;1040.4688132120662;0.0;210.02100210021004;0.0;0.0;0.0;0.0
2030-11-15 18:00:00;511.5824489512351;1040.4688132120662;0.0;210.02100210021004;0.0;0.0;0.0;0.0
2030-11-15 19:00:00;511.6247741623505;1040.4688132120662;0.0;210.02100210021004;0.0;0.0;0.0;0.0
2030-11-15 20:00:00;511.6577045042345;1040.4688132120662;0.0;210.02100210021004;0.0;0.0;0.0;0.0
2030-11-15 21:00:00;511.8398723207845;1040.4688132120662;0.0;210.02100210021004;0.0;0.0;0.0;0.0
2030-11-15 22:00:00;511.3550969198235;1040.4688132120662;0.0;210.02100210021004;0.0;0.0;0.0;0.0
2030-11-15 23:00:00;509.1265137460836;1040.4688132120662;0.0;210.02100210021004;0.0;0.0;0.0;0.0
2030-11-16 00:00:00;510.4005079193872;1040.4688132120662;0.0;210.02100210021004;0.0;0.0;0.0;0.0
2030-11-16 01:00:00;510.20036920736;1040.4688132120662;0.0;210.02100210021004;0.0;0.0;0.0;0.0
2030-11-16 02:00:00;510.3679336041712;1040.4688132120662;0.0;210.02100210021004;0.0;0.0;0.0;0.0
2030-11-16 03:00:00;509.4612851429515;1040.4688132120662;0.0;210.02100210021004;0.0;0.0;0.0;0.0
2030-11-16 04:00:00;508.3224867951189;1040.4688132120662;0.0;210.02100210021004;0.0;0.0;0.0;0.0
2030-11-16 05:00:00;507.3701952204318;1040.4688132120662;0.0;210.02100210021004;0.0;0.0;0.0;0.0
2030-11-16 06:00:00;507.4900745878354;1040.4688132120662;0.0;210.02100210021004;0.0;0.0;0.0;0.0
2030-11-16 07:00:00;509.7198843671476;1040.4688132120662;0.0;210.02100210021004;0.0;0.0;0.0;0.0
2030-11-16 08:00:00;510.3842213505489;1040.4688132120662;0.0;210.02100210021004;0.0;0.0;0.0;0.0
2030-11-16 09:00:00;510.152630879401;1040.4688132120662;0.0;210.02100210021004;0.0;0.0;0.0;0.0
2030-11-16 10:00:00;510.3976996665669;1040.4688132120662;0.0;210.02100210021004;0.0;0.0;0.0;0.0
2030-11-16 11:00:00;508.6607835933947;1040.4688132120662;0.0;210.02100210021004;0.0;0.0;0.0;0.0
2030-11-16 12:00:00;508.7107151050789;1040.4688132120662;0.0;210.02100210021004;0.0;0.0;0.0;0.0
2030-11-16 13:00:00;509.8327679854673;1040.4688132120662;0.0;210.02100210021004;0.0;0.0;0.0;0.0
2030-11-16 14:00:00;509.6271650205769;1040.4688132120662;0.0;210.02100210021004;0.0;0.0;0.0;0.0
2030-11-16 15:00:00;509.5046821592363;1040.4688132120662;0.0;210.02100210021004;0.0;0.0;0.0;0.0
2030-11-16 16:00:00;509.6194560406175;1040.4688132120662;0.0;210.02100210021004;0.0;0.0;0.0;0.0
2030-11-16 17:00:00;509.8157158721944;1040.4688132120662;0.0;210.02100210021004;0.0;0.0;0.0;0.0
2030-11-16 18:00:00;509.9663798086116;1040.4688132120662;0.0;210.02100210021004;0.0;0.0;0.0;0.0
2030-11-16 19:00:00;509.3729073006021;1040.4688132120662;0.0;210.02100210021004;0.0;0.0;0.0;0.0
2030-11-16 20:00:00;509.4234019529163;1040.4688132120662;0.0;210.02100210021004;0.0;0.0;0.0;0.0
2030-11-16 21:00:00;508.9268351102018;1040.4688132120662;0.0;210.02100210021004;0.0;0.0;0.0;0.0
2030-11-16 22:00:00;507.0265907248761;1040.4688132120662;0.0;210.02100210021004;0.0;0.0;0.0;0.0
2030-11-16 23:00:00;505.7948186982031;1040.4688132120662;0.0;210.02100210021004;0.0;0.0;0.0;0.0
2030-11-17 00:00:00;504.0762818607353;1040.4688132120662;0.0;210.02100210021004;0.0;0.0;0.0;0.0
2030-11-17 01:00:00;503.8591929223807;1040.4688132120662;0.0;210.02100210021004;0.0;0.0;0.0;0.0
2030-11-17 02:00:00;503.2658234788561;1040.4688132120662;0.0;210.02100210021004;0.0;0.0;0.0;0.0
2030-11-17 03:00:00;503.1902093515628;1040.4688132120662;0.0;210.02100210021004;0.0;0.0;0.0;0.0
2030-11-17 04:00:00;503.4058173520754;1040.4688132120662;0.0;210.02100210021004;0.0;0.0;0.0;0.0
2030-11-17 05:00:00;505.0347011532277;1040.4688132120662;0.0;210.02100210021004;0.0;0.0;0.0;0.0
2030-11-17 06:00:00;505.6473701772941;1040.4688132120662;0.0;210.02100210021004;0.0;0.0;0.0;0.0
2030-11-17 07:00:00;506.5673443166608;1040.4688132120662;0.0;210.02100210021004;0.0;0.0;0.0;0.0
2030-11-17 08:00:00;507.1012845073319;1040.4688132120662;0.0;210.02100210021004;0.0;0.0;0.0;0.0
2030-11-17 09:00:00;508.2545832104184;1040.4688132120662;0.0;210.02100210021004;0.0;0.0;0.0;0.0
2030-11-17 10:00:00;510.1003500135025;1040.4688132120662;0.0;210.02100210021004;0.0;0.0;0.0;0.0
2030-11-17 11:00:00;510.1307289824617;1040.4688132120662;0.0;210.02100210021004;0.0;0.0;0.0;0.0
2030-11-17 12:00:00;509.3225678337848;1040.4688132120662;0.0;210.02100210021004;0.0;0.0;0.0;0.0
2030-11-17 13:00:00;507.5220348189484;1040.4688132120662;0.0;210.02100210021004;0.0;0.0;0.0;0.0
2030-11-17 14:00:00;507.5466953953216;1040.4688132120662;0.0;210.02100210021004;0.0;0.0;0.0;0.0
2030-11-17 15:00:00;509.7437772365544;1040.4688132120662;0.0;210.02100210021004;0.0;0.0;0.0;0.0
2030-11-17 16:00:00;509.4748155799816;1040.4688132120662;0.0;210.02100210021004;0.0;0.0;0.0;0.0
2030-11-17 17:00:00;509.5738127346032;1040.4688132120662;0.0;210.02100210021004;0.0;0.0;0.0;0.0
2030-11-17 18:00:00;509.8550778375397;1040.4688132120662;0.0;210.02100210021004;0.0;0.0;0.0;0.0
2030-11-17 19:00:00;509.9548936426004;1040.4688132120662;0.0;210.02100210021004;0.0;0.0;0.0;0.0
2030-11-17 20:00:00;509.81683725075;1040.4688132120662;0.0;210.02100210021004;0.0;0.0;0.0;0.0
2030-11-17 21:00:00;509.8548235052701;1040.4688132120662;0.0;210.02100210021004;0.0;0.0;0.0;0.0
2030-11-17 22:00:00;508.5793495716641;1040.4688132120662;0.0;210.02100210021004;0.0;0.0;0.0;0.0
2030-11-17 23:00:00;507.8228054388495;1040.4688132120662;0.0;210.02100210021004;0.0;0.0;0.0;0.0
2030-11-18 00:00:00;507.1620930036287;1040.4688132120662;0.0;210.02100210021004;0.0;0.0;0.0;0.0
2030-11-18 01:00:00;505.2919197638939;1040.4688132120662;0.0;210.02100210021004;0.0;0.0;0.0;0.0
2030-11-18 02:00:00;504.6588795466636;1040.4688132120662;0.0;210.02100210021004;0.0;0.0;0.0;0.0
2030-11-18 03:00:00;505.821011348438;1040.4688132120662;0.0;210.02100210021004;0.0;0.0;0.0;0.0
2030-11-18 04:00:00;505.5394879955196;1040.4688132120662;0.0;210.02100210021004;0.0;0.0;0.0;0.0
2030-11-18 05:00:00;506.7374105130104;1040.4688132120662;0.0;210.02100210021004;0.0;0.0;0.0;0.0
2030-11-18 06:00:00;510.0143215253674;1040.4688132120662;0.0;210.02100210021004;0.0;0.0;0.0;0.0
2030-11-18 07:00:00;512.8271359607487;1040.4688132120662;0.0;210.02100210021004;0.0;0.0;0.0;0.0
2030-11-18 08:00:00;512.3280153900307;1040.4688132120662;0.0;210.02100210021004;0.0;0.0;0.0;0.0
2030-11-18 09:00:00;512.7883336034154;1040.4688132120662;0.0;210.02100210021004;0.0;0.0;0.0;0.0
2030-11-18 10:00:00;511.9195189513916;1040.4688132120662;0.0;210.02100210021004;0.0;0.0;0.0;0.0
2030-11-18 11:00:00;512.0441961739964;1040.4688132120662;0.0;210.02100210021004;0.0;0.0;0.0;0.0
2030-11-18 12:00:00;464.033545747202;1040.4688132120662;0.0;210.02100210021004;0.0;0.0;0.0;0.0
2030-11-18 13:00:00;484.0859593414656;1040.4688132120662;0.0;210.02100210021004;0.0;0.0;0.0;0.0
2030-11-18 14:00:00;512.11899282839;1040.4688132120662;0.0;210.02100210021004;0.0;0.0;0.0;0.0
2030-11-18 15:00:00;512.2180419114766;1040.4688132120662;0.0;210.02100210021004;0.0;0.0;0.0;0.0
2030-11-18 16:00:00;512.3666639319536;1040.4688132120662;0.0;210.02100210021004;0.0;0.0;0.0;0.0
2030-11-18 17:00:00;512.7925720431517;1040.4688132120662;0.0;210.02100210021004;0.0;0.0;0.0;0.0
2030-11-18 18:00:00;515.3246298475885;1040.4688132120662;0.0;210.02100210021004;0.0;0.0;0.0;0.0
2030-11-18 19:00:00;515.3940668762373;1040.4688132120662;0.0;210.02100210021004;0.0;0.0;0.0;0.0
2030-11-18 20:00:00;515.0369319436513;1040.4688132120662;0.0;210.02100210021004;0.0;0.0;0.0;0.0
2030-11-18 21:00:00;514.3630462756078;1040.4688132120662;0.0;210.02100210021004;0.0;0.0;0.0;0.0
2030-11-18 22:00:00;512.1421722743744;1040.4688132120662;0.0;210.02100210021004;0.0;0.0;0.0;0.0
2030-11-18 23:00:00;510.2211994916771;1040.4688132120662;0.0;210.02100210021004;0.0;0.0;0.0;0.0
2030-11-19 00:00:00;508.4981189387304;1040.4688132120662;0.0;210.02100210021004;0.0;0.0;0.0;0.0
2030-11-19 01:00:00;507.9036269391108;1040.4688132120662;0.0;210.02100210021004;0.0;0.0;0.0;0.0
2030-11-19 02:00:00;507.7618444972285;1040.4688132120662;0.0;210.02100210021004;0.0;0.0;0.0;0.0
2030-11-19 03:00:00;507.7685835589639;1040.4688132120662;0.0;210.02100210021004;0.0;0.0;0.0;0.0
2030-11-19 04:00:00;507.8061604882644;1040.4688132120662;0.0;210.02100210021004;0.0;0.0;0.0;0.0
2030-11-19 05:00:00;508.4763187361895;1040.4688132120662;0.0;210.02100210021004;0.0;0.0;0.0;0.0
2030-11-19 06:00:00;509.9745998081889;1040.4688132120662;0.0;210.02100210021004;0.0;0.0;0.0;0.0
2030-11-19 07:00:00;514.040783083987;1040.4688132120662;0.0;210.02100210021004;0.0;0.0;0.0;0.0
2030-11-19 08:00:00;514.6879143312519;1040.4688132120662;0.0;210.02100210021004;0.0;0.0;0.0;0.0
2030-11-19 09:00:00;514.2588928840381;1040.4688132120662;0.0;210.02100210021004;0.0;0.0;0.0;0.0
2030-11-19 10:00:00;516.5993907428663;1040.4688132120662;0.0;210.02100210021004;0.0;0.0;0.0;0.0
2030-11-19 11:00:00;516.5857599815241;1040.4688132120662;0.0;210.02100210021004;0.0;0.0;0.0;0.0
2030-11-19 12:00:00;516.8268954121488;1040.4688132120662;0.0;210.02100210021004;0.0;0.0;0.0;0.0
2030-11-19 13:00:00;516.1283007718853;1040.4688132120662;0.0;210.02100210021004;0.0;0.0;0.0;0.0
2030-11-19 14:00:00;516.5601802378526;1040.4688132120662;0.0;210.02100210021004;0.0;0.0;0.0;0.0
2030-11-19 15:00:00;517.7997629388833;1040.4688132120662;0.0;210.02100210021004;0.0;0.0;0.0;0.0
2030-11-19 16:00:00;518.3343172136573;1040.4688132120662;0.0;210.02100210021004;0.0;0.0;0.0;0.0
2030-11-19 17:00:00;519.4983876743402;1040.4688132120662;0.0;210.02100210021004;0.0;0.0;0.0;0.0
2030-11-19 18:00:00;519.7288532343143;1040.4688132120662;0.0;210.02100210021004;0.0;0.0;0.0;0.0
2030-11-19 19:00:00;518.4062534942186;1040.4688132120662;0.0;210.02100210021004;0.0;0.0;0.0;0.0
2030-11-19 20:00:00;519.4261945138834;1040.4688132120662;0.0;210.02100210021004;0.0;0.0;0.0;0.0
2030-11-19 21:00:00;518.9104301701198;1040.4688132120662;0.0;210.02100210021004;0.0;0.0;0.0;0.0
2030-11-19 22:00:00;518.234502778683;1040.4688132120662;0.0;210.02100210021004;0.0;0.0;0.0;0.0
2030-11-19 23:00:00;517.6373028505552;1040.4688132120662;0.0;210.02100210021004;0.0;0.0;0.0;0.0
2030-11-20 00:00:00;517.118781004897;1040.4688132120662;0.0;210.02100210021004;0.0;0.0;0.0;0.0
2030-11-20 01:00:00;517.4665220532436;1040.4688132120662;0.0;210.02100210021004;0.0;0.0;0.0;0.0
2030-11-20 02:00:00;516.9941024122056;1040.4688132120662;0.0;210.02100210021004;0.0;0.0;0.0;0.0
2030-11-20 03:00:00;517.4420154848281;1040.4688132120662;0.0;210.02100210021004;0.0;0.0;0.0;0.0
2030-11-20 04:00:00;460.3670259507137;1040.4688132120662;0.0;210.02100210021004;0.0;0.0;0.0;0.0
2030-11-20 05:00:00;461.6415688502241;1040.4688132120662;0.0;210.02100210021004;0.0;0.0;0.0;0.0
2030-11-20 06:00:00;474.163018503278;1040.4688132120662;0.0;210.02100210021004;0.0;0.0;0.0;0.0
2030-11-20 07:00:00;519.8306088758227;1040.4688132120662;0.0;210.02100210021004;0.0;0.0;0.0;0.0
2030-11-20 08:00:00;518.630593884013;1040.4688132120662;0.0;210.02100210021004;0.0;0.0;0.0;0.0
2030-11-20 09:00:00;489.010531481056;1040.4688132120662;0.0;210.02100210021004;0.0;0.0;0.0;0.0
2030-11-20 10:00:00;463.3877332520249;1040.4688132120662;0.0;210.02100210021004;0.0;0.0;0.0;0.0
2030-11-20 11:00:00;444.903770885583;1040.4688132120662;0.0;210.02100210021004;0.0;0.0;0.0;0.0
2030-11-20 12:00:00;446.0387910623715;1040.4688132120662;0.0;210.02100210021004;0.0;0.0;0.0;0.0
2030-11-20 13:00:00;446.0590605611371;1040.4688132120662;0.0;210.02100210021004;0.0;0.0;0.0;0.0
2030-11-20 14:00:00;445.7686559062309;1040.4688132120662;0.0;210.02100210021004;0.0;0.0;0.0;0.0
2030-11-20 15:00:00;445.6956975864338;1040.4688132120662;0.0;210.02100210021004;0.0;0.0;0.0;0.0
2030-11-20 16:00:00;445.9039522485609;1040.4688132120662;0.0;210.02100210021004;0.0;0.0;0.0;0.0
2030-11-20 17:00:00;446.1345716239456;1040.4688132120662;0.0;210.02100210021004;0.0;0.0;0.0;0.0
2030-11-20 18:00:00;446.4469301042561;1040.4688132120662;0.0;210.02100210021004;0.0;0.0;0.0;0.0
2030-11-20 19:00:00;446.0872426212061;1040.4688132120662;0.0;210.02100210021004;0.0;0.0;0.0;0.0
2030-11-20 20:00:00;445.8076097238961;1040.4688132120662;0.0;210.02100210021004;0.0;0.0;0.0;0.0
2030-11-20 21:00:00;445.345811750209;1040.4688132120662;0.0;210.02100210021004;0.0;0.0;0.0;0.0
2030-11-20 22:00:00;444.9194447404048;1040.4688132120662;0.0;210.02100210021004;0.0;0.0;0.0;0.0
2030-11-20 23:00:00;444.2416294409854;1040.4688132120662;0.0;210.02100210021004;0.0;0.0;0.0;0.0
2030-11-21 00:00:00;443.3542284392954;1040.4688132120662;0.0;210.02100210021004;0.0;0.0;0.0;0.0
2030-11-21 01:00:00;442.9191835163003;1040.4688132120662;0.0;210.02100210021004;0.0;0.0;0.0;0.0
2030-11-21 02:00:00;443.2193390671061;1040.4688132120662;0.0;210.02100210021004;0.0;0.0;0.0;0.0
2030-11-21 03:00:00;442.9603330653163;1040.4688132120662;0.0;210.02100210021004;0.0;0.0;0.0;0.0
2030-11-21 04:00:00;443.167773979709;1040.4688132120662;0.0;210.02100210021004;0.0;0.0;0.0;0.0
2030-11-21 05:00:00;443.8568718637955;1040.4688132120662;0.0;210.02100210021004;0.0;0.0;0.0;0.0
2030-11-21 06:00:00;444.4967543997934;1040.4688132120662;0.0;210.02100210021004;0.0;0.0;0.0;0.0
2030-11-21 07:00:00;444.3979110605824;1040.4688132120662;0.0;210.02100210021004;0.0;0.0;0.0;0.0
2030-11-21 08:00:00;444.8225414301886;1040.4688132120662;0.0;210.02100210021004;0.0;0.0;0.0;0.0
2030-11-21 09:00:00;445.0774108791876;1040.4688132120662;0.0;210.02100210021004;0.0;0.0;0.0;0.0
2030-11-21 10:00:00;445.1849864151333;1040.4688132120662;0.0;210.02100210021004;0.0;0.0;0.0;0.0
2030-11-21 11:00:00;445.5178191530928;1040.4688132120662;0.0;210.02100210021004;0.0;0.0;0.0;0.0
2030-11-21 12:00:00;445.4876958864897;1040.4688132120662;0.0;210.02100210021004;0.0;0.0;0.0;0.0
2030-11-21 13:00:00;445.4082526446796;1040.4688132120662;0.0;210.02100210021004;0.0;0.0;0.0;0.0
2030-11-21 14:00:00;445.4099892848775;1040.4688132120662;0.0;210.02100210021004;0.0;0.0;0.0;0.0
2030-11-21 15:00:00;444.889781549947;1040.4688132120662;0.0;210.02100210021004;0.0;0.0;0.0;0.0
2030-11-21 16:00:00;445.8520797228897;1040.4688132120662;0.0;210.02100210021004;0.0;0.0;0.0;0.0
2030-11-21 17:00:00;447.6801309477588;1040.4688132120662;0.0;210.02100210021004;0.0;0.0;0.0;0.0
2030-11-21 18:00:00;447.6056407466469;1040.4688132120662;0.0;210.02100210021004;0.0;0.0;0.0;0.0
2030-11-21 19:00:00;446.3397129500573;1040.4688132120662;0.0;210.02100210021004;0.0;0.0;0.0;0.0
2030-11-21 20:00:00;446.6155179103898;1040.4688132120662;0.0;210.02100210021004;0.0;0.0;0.0;0.0
2030-11-21 21:00:00;444.0676806390204;1040.4688132120662;0.0;210.02100210021004;0.0;0.0;0.0;0.0
2030-11-21 22:00:00;443.3024066645498;1040.4688132120662;0.0;210.02100210021004;0.0;0.0;0.0;0.0
2030-11-21 23:00:00;443.3489691378624;1040.4688132120662;0.0;210.02100210021004;0.0;0.0;0.0;0.0
2030-11-22 00:00:00;442.8479085381495;1040.4688132120662;0.0;210.02100210021004;0.0;0.0;0.0;0.0
2030-11-22 01:00:00;441.693384214483;1040.4688132120662;0.0;210.02100210021004;0.0;0.0;0.0;0.0
2030-11-22 02:00:00;440.9170829726071;1040.4688132120662;0.0;210.02100210021004;0.0;0.0;0.0;0.0
2030-11-22 03:00:00;440.9294883059164;1040.4688132120662;0.0;210.02100210021004;0.0;0.0;0.0;0.0
2030-11-22 04:00:00;441.1046092373629;1040.4688132120662;0.0;210.02100210021004;0.0;0.0;0.0;0.0
2030-11-22 05:00:00;441.7710908160951;1040.4688132120662;0.0;210.02100210021004;0.0;0.0;0.0;0.0
2030-11-22 06:00:00;441.6789359802411;1040.4688132120662;0.0;210.02100210021004;0.0;0.0;0.0;0.0
2030-11-22 07:00:00;516.509072871522;1040.4688132120662;0.0;210.02100210021004;0.0;0.0;0.0;0.0
2030-11-22 08:00:00;516.1611282418314;1040.4688132120662;0.0;210.02100210021004;0.0;0.0;0.0;0.0
2030-11-22 09:00:00;442.7137843253008;1040.4688132120662;0.0;210.02100210021004;0.0;0.0;0.0;0.0
2030-11-22 10:00:00;443.7314802327758;1040.4688132120662;0.0;210.02100210021004;0.0;0.0;0.0;0.0
2030-11-22 11:00:00;444.0425104131156;1040.4688132120662;0.0;210.02100210021004;0.0;0.0;0.0;0.0
2030-11-22 12:00:00;442.3692110890606;1040.4688132120662;0.0;210.02100210021004;0.0;0.0;0.0;0.0
2030-11-22 13:00:00;445.1869264441281;1040.4688132120662;0.0;210.02100210021004;0.0;0.0;0.0;0.0
2030-11-22 14:00:00;446.146773568458;1040.4688132120662;0.0;210.02100210021004;0.0;0.0;0.0;0.0
2030-11-22 15:00:00;446.475726248428;1040.4688132120662;0.0;210.02100210021004;0.0;0.0;0.0;0.0
2030-11-22 16:00:00;446.0465000423309;1040.4688132120662;0.0;210.02100210021004;0.0;0.0;0.0;0.0
2030-11-22 17:00:00;446.8820792692754;1040.4688132120662;0.0;210.02100210021004;0.0;0.0;0.0;0.0
2030-11-22 18:00:00;446.5396990242132;1040.4688132120662;0.0;210.02100210021004;0.0;0.0;0.0;0.0
2030-11-22 19:00:00;445.4122355746069;1040.4688132120662;0.0;210.02100210021004;0.0;0.0;0.0;0.0
2030-11-22 20:00:00;444.649972064214;1040.4688132120662;0.0;210.02100210021004;0.0;0.0;0.0;0.0
2030-11-22 21:00:00;443.4493455359273;1040.4688132120662;0.0;210.02100210021004;0.0;0.0;0.0;0.0
2030-11-22 22:00:00;440.1073378216036;1040.4688132120662;0.0;210.02100210021004;0.0;0.0;0.0;0.0
2030-11-22 23:00:00;437.4292792386996;1040.4688132120662;0.0;210.02100210021004;0.0;0.0;0.0;0.0
2030-11-23 00:00:00;437.356114006004;1040.4688132120662;0.0;210.02100210021004;0.0;0.0;0.0;0.0
2030-11-23 01:00:00;437.3950540562182;1040.4688132120662;0.0;210.02100210021004;0.0;0.0;0.0;0.0
2030-11-23 02:00:00;437.2993624949187;1040.4688132120662;0.0;210.02100210021004;0.0;0.0;0.0;0.0
2030-11-23 03:00:00;437.3147835508202;1040.4688132120662;0.0;210.02100210021004;0.0;0.0;0.0;0.0
2030-11-23 04:00:00;437.3143160676809;1040.4688132120662;0.0;210.02100210021004;0.0;0.0;0.0;0.0
2030-11-23 05:00:00;437.3043646822637;1040.4688132120662;0.0;210.02100210021004;0.0;0.0;0.0;0.0
2030-11-23 06:00:00;437.3055328013423;1040.4688132120662;0.0;210.02100210021004;0.0;0.0;0.0;0.0
2030-11-23 07:00:00;437.3532808462224;1040.4688132120662;0.0;210.02100210021004;0.0;0.0;0.0;0.0
2030-11-23 08:00:00;437.4107271055499;1040.4688132120662;0.0;210.02100210021004;0.0;0.0;0.0;0.0
2030-11-23 09:00:00;437.4245996971486;1040.4688132120662;0.0;210.02100210021004;0.0;0.0;0.0;0.0
2030-11-23 10:00:00;437.4202828377308;1040.4688132120662;0.0;210.02100210021004;0.0;0.0;0.0;0.0
2030-11-23 11:00:00;437.4561283144182;1040.4688132120662;0.0;210.02100210021004;0.0;0.0;0.0;0.0
2030-11-23 12:00:00;437.4569408165999;1040.4688132120662;0.0;210.02100210021004;0.0;0.0;0.0;0.0
2030-11-23 13:00:00;437.7906872165222;1040.4688132120662;0.0;210.02100210021004;0.0;0.0;0.0;0.0
2030-11-23 14:00:00;438.942134175377;1040.4688132120662;0.0;210.02100210021004;0.0;0.0;0.0;0.0
2030-11-23 15:00:00;438.9568046087833;1040.4688132120662;0.0;210.02100210021004;0.0;0.0;0.0;0.0
2030-11-23 16:00:00;438.5912594407621;1040.4688132120662;0.0;210.02100210021004;0.0;0.0;0.0;0.0
2030-11-23 17:00:00;439.4636556721163;1040.4688132120662;0.0;210.02100210021004;0.0;0.0;0.0;0.0
2030-11-23 18:00:00;439.7733694011257;1040.4688132120662;0.0;210.02100210021004;0.0;0.0;0.0;0.0
2030-11-23 19:00:00;439.342979264224;1040.4688132120662;0.0;210.02100210021004;0.0;0.0;0.0;0.0
2030-11-23 20:00:00;438.0346410268997;1040.4688132120662;0.0;210.02100210021004;0.0;0.0;0.0;0.0
2030-11-23 21:00:00;437.924813424976;1040.4688132120662;0.0;210.02100210021004;0.0;0.0;0.0;0.0
2030-11-23 22:00:00;437.7585465504718;1040.4688132120662;0.0;210.02100210021004;0.0;0.0;0.0;0.0
2030-11-23 23:00:00;438.0970417085721;1040.4688132120662;0.0;210.02100210021004;0.0;0.0;0.0;0.0
2030-11-24 00:00:00;437.4656418589834;1040.4688132120662;0.0;210.02100210021004;0.0;0.0;0.0;0.0
2030-11-24 01:00:00;437.3792514775531;1040.4688132120662;0.0;210.02100210021004;0.0;0.0;0.0;0.0
2030-11-24 02:00:00;437.3568640985978;1040.4688132120662;0.0;210.02100210021004;0.0;0.0;0.0;0.0
2030-11-24 03:00:00;437.3531619147436;1040.4688132120662;0.0;210.02100210021004;0.0;0.0;0.0;0.0
2030-11-24 04:00:00;437.3479889841866;1040.4688132120662;0.0;210.02100210021004;0.0;0.0;0.0;0.0
2030-11-24 05:00:00;437.3536140898708;1040.4688132120662;0.0;210.02100210021004;0.0;0.0;0.0;0.0
2030-11-24 06:00:00;437.3554180802222;1040.4688132120662;0.0;210.02100210021004;0.0;0.0;0.0;0.0
2030-11-24 07:00:00;437.3687690218693;1040.4688132120662;0.0;210.02100210021004;0.0;0.0;0.0;0.0
2030-11-24 08:00:00;437.3774710379897;1040.4688132120662;0.0;210.02100210021004;0.0;0.0;0.0;0.0
2030-11-24 09:00:00;437.3905028664611;1040.4688132120662;0.0;210.02100210021004;0.0;0.0;0.0;0.0
2030-11-24 10:00:00;437.3961326823029;1040.4688132120662;0.0;210.02100210021004;0.0;0.0;0.0;0.0
2030-11-24 11:00:00;437.3807010285469;1040.4688132120662;0.0;210.02100210021004;0.0;0.0;0.0;0.0
2030-11-24 12:00:00;437.3853016749586;1040.4688132120662;0.0;210.02100210021004;0.0;0.0;0.0;0.0
2030-11-24 13:00:00;437.372388777966;1040.4688132120662;0.0;210.02100210021004;0.0;0.0;0.0;0.0
2030-11-24 14:00:00;437.3759237512262;1040.4688132120662;0.0;210.02100210021004;0.0;0.0;0.0;0.0
2030-11-24 15:00:00;507.7603633668395;1040.4688132120662;0.0;210.02100210021004;0.0;0.0;0.0;0.0
2030-11-24 16:00:00;508.6300983637009;1040.4688132120662;0.0;210.02100210021004;0.0;0.0;0.0;0.0
2030-11-24 17:00:00;509.0511043776737;1040.4688132120662;0.0;210.02100210021004;0.0;0.0;0.0;0.0
2030-11-24 18:00:00;509.6454437394221;1040.4688132120662;0.0;210.02100210021004;0.0;0.0;0.0;0.0
2030-11-24 19:00:00;509.5687070560337;1040.4688132120662;0.0;210.02100210021004;0.0;0.0;0.0;0.0
2030-11-24 20:00:00;509.5519094675774;1040.4688132120662;0.0;210.02100210021004;0.0;0.0;0.0;0.0
2030-11-24 21:00:00;509.810199883413;1040.4688132120662;0.0;210.02100210021004;0.0;0.0;0.0;0.0
2030-11-24 22:00:00;509.2873388886123;1040.4688132120662;0.0;210.02100210021004;0.0;0.0;0.0;0.0
2030-11-24 23:00:00;509.1989610462628;1040.4688132120662;0.0;210.02100210021004;0.0;0.0;0.0;0.0
2030-11-25 00:00:00;508.685800196436;1040.4688132120662;0.0;210.02100210021004;0.0;0.0;0.0;0.0
2030-11-25 01:00:00;508.8438680296172;1040.4688132120662;0.0;210.02100210021004;0.0;0.0;0.0;0.0
2030-11-25 02:00:00;508.7128597004099;1040.4688132120662;0.0;210.02100210021004;0.0;0.0;0.0;0.0
2030-11-25 03:00:00;508.4264877413644;1040.4688132120662;0.0;210.02100210021004;0.0;0.0;0.0;0.0
2030-11-25 04:00:00;508.6903946628404;1040.4688132120662;0.0;210.02100210021004;0.0;0.0;0.0;0.0
2030-11-25 05:00:00;509.3140411883787;1040.4688132120662;0.0;210.02100210021004;0.0;0.0;0.0;0.0
2030-11-25 06:00:00;511.4738016101199;1040.4688132120662;0.0;210.02100210021004;0.0;0.0;0.0;0.0
2030-11-25 07:00:00;513.787239772427;1040.4688132120662;0.0;210.02100210021004;0.0;0.0;0.0;0.0
2030-11-25 08:00:00;515.0351457300671;1040.4688132120662;0.0;210.02100210021004;0.0;0.0;0.0;0.0
2030-11-25 09:00:00;515.8337074431761;1040.4688132120662;0.0;210.02100210021004;0.0;0.0;0.0;0.0
2030-11-25 10:00:00;515.5904272246731;1040.4688132120662;0.0;210.02100210021004;0.0;0.0;0.0;0.0
2030-11-25 11:00:00;515.3570007740077;1040.4688132120662;0.0;210.02100210021004;0.0;0.0;0.0;0.0
2030-11-25 12:00:00;514.6910290373539;1040.4688132120662;0.0;210.02100210021004;0.0;0.0;0.0;0.0
2030-11-25 13:00:00;514.9484014634306;1040.4688132120662;0.0;210.02100210021004;0.0;0.0;0.0;0.0
2030-11-25 14:00:00;515.2153721475358;1040.4688132120662;0.0;210.02100210021004;0.0;0.0;0.0;0.0
2030-11-25 15:00:00;516.8001421689097;1040.4688132120662;0.0;210.02100210021004;0.0;0.0;0.0;0.0
2030-11-25 16:00:00;517.0252467330523;1040.4688132120662;0.0;210.02100210021004;0.0;0.0;0.0;0.0
2030-11-25 17:00:00;517.2523432546549;1040.4688132120662;0.0;210.02100210021004;0.0;0.0;0.0;0.0
2030-11-25 18:00:00;517.0744636437745;1040.4688132120662;0.0;210.02100210021004;0.0;0.0;0.0;0.0
2030-11-25 19:00:00;444.3150468519357;1040.4688132120662;0.0;210.02100210021004;0.0;0.0;0.0;0.0
2030-11-25 20:00:00;444.2014476476616;1040.4688132120662;0.0;210.02100210021004;0.0;0.0;0.0;0.0
2030-11-25 21:00:00;443.6659234546638;1040.4688132120662;0.0;210.02100210021004;0.0;0.0;0.0;0.0
2030-11-25 22:00:00;443.3463656439254;1040.4688132120662;0.0;210.02100210021004;0.0;0.0;0.0;0.0
2030-11-25 23:00:00;442.7625956359687;1040.4688132120662;0.0;210.02100210021004;0.0;0.0;0.0;0.0
2030-11-26 00:00:00;442.7188898113233;1040.4688132120662;0.0;210.02100210021004;0.0;0.0;0.0;0.0
2030-11-26 01:00:00;442.8136508812872;1040.4688132120662;0.0;210.02100210021004;0.0;0.0;0.0;0.0
2030-11-26 02:00:00;442.0458737371917;1040.4688132120662;0.0;210.02100210021004;0.0;0.0;0.0;0.0
2030-11-26 03:00:00;441.2851432856528;1040.4688132120662;0.0;210.02100210021004;0.0;0.0;0.0;0.0
2030-11-26 04:00:00;441.3209837673024;1040.4688132120662;0.0;210.02100210021004;0.0;0.0;0.0;0.0
2030-11-26 05:00:00;441.3344111398477;1040.4688132120662;0.0;210.02100210021004;0.0;0.0;0.0;0.0
2030-11-26 06:00:00;442.5676119833504;1040.4688132120662;0.0;210.02100210021004;0.0;0.0;0.0;0.0
2030-11-26 07:00:00;442.9813181500363;1040.4688132120662;0.0;210.02100210021004;0.0;0.0;0.0;0.0
2030-11-26 08:00:00;443.7379118562371;1040.4688132120662;0.0;210.02100210021004;0.0;0.0;0.0;0.0
2030-11-26 09:00:00;443.7027350320767;1040.4688132120662;0.0;210.02100210021004;0.0;0.0;0.0;0.0
2030-11-26 10:00:00;444.4533560134221;1040.4688132120662;0.0;210.02100210021004;0.0;0.0;0.0;0.0
2030-11-26 11:00:00;444.4545306905292;1040.4688132120662;0.0;210.02100210021004;0.0;0.0;0.0;0.0
2030-11-26 12:00:00;444.3613549929785;1040.4688132120662;0.0;210.02100210021004;0.0;0.0;0.0;0.0
2030-11-26 13:00:00;444.1862836349184;1040.4688132120662;0.0;210.02100210021004;0.0;0.0;0.0;0.0
2030-11-26 14:00:00;444.4533560134221;1040.4688132120662;0.0;210.02100210021004;0.0;0.0;0.0;0.0
2030-11-26 15:00:00;444.7008748642085;1040.4688132120662;0.0;210.02100210021004;0.0;0.0;0.0;0.0
2030-11-26 16:00:00;445.2934280123727;1040.4688132120662;0.0;210.02100210021004;0.0;0.0;0.0;0.0
2030-11-26 17:00:00;445.931419900215;1040.4688132120662;0.0;210.02100210021004;0.0;0.0;0.0;0.0
2030-11-26 18:00:00;445.2139340196369;1040.4688132120662;0.0;210.02100210021004;0.0;0.0;0.0;0.0
2030-11-26 19:00:00;444.3519091802742;1040.4688132120662;0.0;210.02100210021004;0.0;0.0;0.0;0.0
2030-11-26 20:00:00;444.3903035824744;1040.4688132120662;0.0;210.02100210021004;0.0;0.0;0.0;0.0
2030-11-26 21:00:00;443.3157832861694;1040.4688132120662;0.0;210.02100210021004;0.0;0.0;0.0;0.0
2030-11-26 22:00:00;443.4534811037259;1040.4688132120662;0.0;210.02100210021004;0.0;0.0;0.0;0.0
2030-11-26 23:00:00;442.6042201719664;1040.4688132120662;0.0;210.02100210021004;0.0;0.0;0.0;0.0
2030-11-27 00:00:00;439.9254257074095;1040.4688132120662;0.0;210.02100210021004;0.0;0.0;0.0;0.0
2030-11-27 01:00:00;437.4112982121559;1040.4688132120662;0.0;210.02100210021004;0.0;0.0;0.0;0.0
2030-11-27 02:00:00;437.3721344294569;1040.4688132120662;0.0;210.02100210021004;0.0;0.0;0.0;0.0
2030-11-27 03:00:00;437.3271842181765;1040.4688132120662;0.0;210.02100210021004;0.0;0.0;0.0;0.0
2030-11-27 04:00:00;437.3238918180314;1040.4688132120662;0.0;210.02100210021004;0.0;0.0;0.0;0.0
2030-11-27 05:00:00;437.3231111094133;1040.4688132120662;0.0;210.02100210021004;0.0;0.0;0.0;0.0
2030-11-27 06:00:00;437.3635207287911;1040.4688132120662;0.0;210.02100210021004;0.0;0.0;0.0;0.0
2030-11-27 07:00:00;511.2015206811089;1040.4688132120662;0.0;210.02100210021004;0.0;0.0;0.0;0.0
2030-11-27 08:00:00;512.1017361487809;1040.4688132120662;0.0;210.02100210021004;0.0;0.0;0.0;0.0
2030-11-27 09:00:00;513.0955865977035;1040.4688132120662;0.0;210.02100210021004;0.0;0.0;0.0;0.0
2030-11-27 10:00:00;513.842788967291;1040.4688132120662;0.0;210.02100210021004;0.0;0.0;0.0;0.0
2030-11-27 11:00:00;514.1643886939696;1040.4688132120662;0.0;210.02100210021004;0.0;0.0;0.0;0.0
2030-11-27 12:00:00;514.7385616214374;1040.4688132120662;0.0;210.02100210021004;0.0;0.0;0.0;0.0
2030-11-27 13:00:00;515.987844274895;1040.4688132120662;0.0;210.02100210021004;0.0;0.0;0.0;0.0
2030-11-27 14:00:00;516.2196904483989;1040.4688132120662;0.0;210.02100210021004;0.0;0.0;0.0;0.0
2030-11-27 15:00:00;517.1502823374042;1040.4688132120662;0.0;210.02100210021004;0.0;0.0;0.0;0.0
2030-11-27 16:00:00;515.4089740090849;1040.4688132120662;0.0;210.02100210021004;0.0;0.0;0.0;0.0
2030-11-27 17:00:00;517.3330107469585;1040.4688132120662;0.0;210.02100210021004;0.0;0.0;0.0;0.0
2030-11-27 18:00:00;516.5927533755291;1040.4688132120662;0.0;210.02100210021004;0.0;0.0;0.0;0.0
2030-11-27 19:00:00;515.5706179945998;1040.4688132120662;0.0;210.02100210021004;0.0;0.0;0.0;0.0
2030-11-27 20:00:00;516.2251519610893;1040.4688132120662;0.0;210.02100210021004;0.0;0.0;0.0;0.0
2030-11-27 21:00:00;512.0947936982485;1040.4688132120662;0.0;210.02100210021004;0.0;0.0;0.0;0.0
2030-11-27 22:00:00;509.1870655550322;1040.4688132120662;0.0;210.02100210021004;0.0;0.0;0.0;0.0
2030-11-27 23:00:00;507.2439351730396;1040.4688132120662;0.0;210.02100210021004;0.0;0.0;0.0;0.0
2030-11-28 00:00:00;504.9423925019631;1040.4688132120662;0.0;210.02100210021004;0.0;0.0;0.0;0.0
2030-11-28 01:00:00;503.2700619185925;1040.4688132120662;0.0;210.02100210021004;0.0;0.0;0.0;0.0
2030-11-28 02:00:00;504.1976931094534;1040.4688132120662;0.0;210.02100210021004;0.0;0.0;0.0;0.0
2030-11-28 03:00:00;502.2422057899984;1040.4688132120662;0.0;210.02100210021004;0.0;0.0;0.0;0.0
2030-11-28 04:00:00;502.0164885118394;1040.4688132120662;0.0;210.02100210021004;0.0;0.0;0.0;0.0
2030-11-28 05:00:00;503.845919365246;1040.4688132120662;0.0;210.02100210021004;0.0;0.0;0.0;0.0
2030-11-28 06:00:00;505.4061316821844;1040.4688132120662;0.0;210.02100210021004;0.0;0.0;0.0;0.0
2030-11-28 07:00:00;506.7725363936981;1040.4688132120662;0.0;210.02100210021004;0.0;0.0;0.0;0.0
2030-11-28 08:00:00;510.9024878789452;1040.4688132120662;0.0;210.02100210021004;0.0;0.0;0.0;0.0
2030-11-28 09:00:00;513.7394518710817;1040.4688132120662;0.0;210.02100210021004;0.0;0.0;0.0;0.0
2030-11-28 10:00:00;515.415152477816;1040.4688132120662;0.0;210.02100210021004;0.0;0.0;0.0;0.0
2030-11-28 11:00:00;514.514784372273;1040.4688132120662;0.0;210.02100210021004;0.0;0.0;0.0;0.0
2030-11-28 12:00:00;515.5443745934392;1040.4688132120662;0.0;210.02100210021004;0.0;0.0;0.0;0.0
2030-11-28 13:00:00;516.3408957606944;1040.4688132120662;0.0;210.02100210021004;0.0;0.0;0.0;0.0
2030-11-28 14:00:00;516.1072647436927;1040.4688132120662;0.0;210.02100210021004;0.0;0.0;0.0;0.0
2030-11-28 15:00:00;516.5954078129388;1040.4688132120662;0.0;210.02100210021004;0.0;0.0;0.0;0.0
2030-11-28 16:00:00;516.2542036150701;1040.4688132120662;0.0;210.02100210021004;0.0;0.0;0.0;0.0
2030-11-28 17:00:00;516.1553590983198;1040.4688132120662;0.0;210.02100210021004;0.0;0.0;0.0;0.0
2030-11-28 18:00:00;516.4803288483623;1040.4688132120662;0.0;210.02100210021004;0.0;0.0;0.0;0.0
2030-11-28 19:00:00;516.1932436584415;1040.4688132120662;0.0;210.02100210021004;0.0;0.0;0.0;0.0
2030-11-28 20:00:00;515.8447358881207;1040.4688132120662;0.0;210.02100210021004;0.0;0.0;0.0;0.0
2030-11-28 21:00:00;514.0907145956712;1040.4688132120662;0.0;210.02100210021004;0.0;0.0;0.0;0.0
2030-11-28 22:00:00;511.3148641830269;1040.4688132120662;0.0;210.02100210021004;0.0;0.0;0.0;0.0
2030-11-28 23:00:00;509.4783891846895;1040.4688132120662;0.0;210.02100210021004;0.0;0.0;0.0;0.0
2030-11-29 00:00:00;509.1552577692433;1040.4688132120662;0.0;210.02100210021004;0.0;0.0;0.0;0.0
2030-11-29 01:00:00;509.4791557141165;1040.4688132120662;0.0;210.02100210021004;0.0;0.0;0.0;0.0
2030-11-29 02:00:00;509.640695457607;1040.4688132120662;0.0;210.02100210021004;0.0;0.0;0.0;0.0
2030-11-29 03:00:00;509.2267351511987;1040.4688132120662;0.0;210.02100210021004;0.0;0.0;0.0;0.0
2030-11-29 04:00:00;509.4818101515261;1040.4688132120662;0.0;210.02100210021004;0.0;0.0;0.0;0.0
2030-11-29 05:00:00;509.7713985110719;1040.4688132120662;0.0;210.02100210021004;0.0;0.0;0.0;0.0
2030-11-29 06:00:00;511.5193432217358;1040.4688132120662;0.0;210.02100210021004;0.0;0.0;0.0;0.0
2030-11-29 07:00:00;513.0726638390677;1040.4688132120662;0.0;210.02100210021004;0.0;0.0;0.0;0.0
2030-11-29 08:00:00;514.7532665430276;1040.4688132120662;0.0;210.02100210021004;0.0;0.0;0.0;0.0
2030-11-29 09:00:00;514.4178289410447;1040.4688132120662;0.0;210.02100210021004;0.0;0.0;0.0;0.0
2030-11-29 10:00:00;514.3282268482019;1040.4688132120662;0.0;210.02100210021004;0.0;0.0;0.0;0.0
2030-11-29 11:00:00;514.3158710882788;1040.4688132120662;0.0;210.02100210021004;0.0;0.0;0.0;0.0
2030-11-29 12:00:00;516.2301557527134;1040.4688132120662;0.0;210.02100210021004;0.0;0.0;0.0;0.0
2030-11-29 13:00:00;517.2335535161917;1040.4688132120662;0.0;210.02100210021004;0.0;0.0;0.0;0.0
2030-11-29 14:00:00;517.4167420018914;1040.4688132120662;0.0;210.02100210021004;0.0;0.0;0.0;0.0
2030-11-29 15:00:00;517.4953691408882;1040.4688132120662;0.0;210.02100210021004;0.0;0.0;0.0;0.0
2030-11-29 16:00:00;518.7820253348493;1040.4688132120662;0.0;210.02100210021004;0.0;0.0;0.0;0.0
2030-11-29 17:00:00;519.681269706758;1040.4688132120662;0.0;210.02100210021004;0.0;0.0;0.0;0.0
2030-11-29 18:00:00;486.5986035165963;1040.4688132120662;0.0;210.02100210021004;0.0;0.0;0.0;0.0
2030-11-29 19:00:00;480.953205106652;1040.4688132120662;0.0;210.02100210021004;0.0;0.0;0.0;0.0
2030-11-29 20:00:00;518.3639294606423;1040.4688132120662;0.0;210.02100210021004;0.0;0.0;0.0;0.0
2030-11-29 21:00:00;516.9317645822199;1040.4688132120662;0.0;210.02100210021004;0.0;0.0;0.0;0.0
2030-11-29 22:00:00;442.8577101849748;1040.4688132120662;0.0;210.02100210021004;0.0;0.0;0.0;0.0
2030-11-29 23:00:00;513.791221524815;1040.4688132120662;0.0;210.02100210021004;0.0;0.0;0.0;0.0
2030-11-30 00:00:00;511.9299335047804;1040.4688132120662;0.0;210.02100210021004;0.0;0.0;0.0;0.0
2030-11-30 01:00:00;511.7580287812873;1040.4688132120662;0.0;210.02100210021004;0.0;0.0;0.0;0.0
2030-11-30 02:00:00;511.5594740715869;1040.4688132120662;0.0;210.02100210021004;0.0;0.0;0.0;0.0
2030-11-30 03:00:00;511.0340579786962;1040.4688132120662;0.0;210.02100210021004;0.0;0.0;0.0;0.0
2030-11-30 04:00:00;510.312079133565;1040.4688132120662;0.0;210.02100210021004;0.0;0.0;0.0;0.0
2030-11-30 05:00:00;508.7560023844252;1040.4688132120662;0.0;210.02100210021004;0.0;0.0;0.0;0.0
2030-11-30 06:00:00;509.2613523673471;1040.4688132120662;0.0;210.02100210021004;0.0;0.0;0.0;0.0
2030-11-30 07:00:00;511.3847601102813;1040.4688132120662;0.0;210.02100210021004;0.0;0.0;0.0;0.0
2030-11-30 08:00:00;512.9629458703225;1040.4688132120662;0.0;210.02100210021004;0.0;0.0;0.0;0.0
2030-11-30 09:00:00;482.4759119159237;1040.4688132120662;0.0;210.02100210021004;0.0;0.0;0.0;0.0
2030-11-30 10:00:00;440.25213209765;1040.4688132120662;0.0;210.02100210021004;0.0;0.0;0.0;0.0
2030-11-30 11:00:00;440.3888586268962;1040.4688132120662;0.0;210.02100210021004;0.0;0.0;0.0;0.0
2030-11-30 12:00:00;512.6150000630926;1040.4688132120662;0.0;210.02100210021004;0.0;0.0;0.0;0.0
2030-11-30 13:00:00;512.3612533627357;1040.4688132120662;0.0;210.02100210021004;0.0;0.0;0.0;0.0
2030-11-30 14:00:00;512.2506150491531;1040.4688132120662;0.0;210.02100210021004;0.0;0.0;0.0;0.0
2030-11-30 15:00:00;512.4280345838882;1040.4688132120662;0.0;210.02100210021004;0.0;0.0;0.0;0.0
2030-11-30 16:00:00;512.3242879699122;1040.4688132120662;0.0;210.02100210021004;0.0;0.0;0.0;0.0
2030-11-30 17:00:00;512.1785745265677;1040.4688132120662;0.0;210.02100210021004;0.0;0.0;0.0;0.0
2030-11-30 18:00:00;512.4982354017909;1040.4688132120662;0.0;210.02100210021004;0.0;0.0;0.0;0.0
2030-11-30 19:00:00;512.8378072014859;1040.4688132120662;0.0;210.02100210021004;0.0;0.0;0.0;0.0
2030-11-30 20:00:00;512.839951989364;1040.4688132120662;0.0;210.02100210021004;0.0;0.0;0.0;0.0
2030-11-30 21:00:00;513.3649575794958;1040.4688132120662;0.0;210.02100210021004;0.0;0.0;0.0;0.0
2030-11-30 22:00:00;513.3356515932454;1040.4688132120662;0.0;210.02100210021004;0.0;0.0;0.0;0.0
2030-11-30 23:00:00;512.9334353177358;1040.4688132120662;0.0;210.02100210021004;0.0;0.0;0.0;0.0
2030-12-01 00:00:00;512.8726789424511;1040.4688132120662;0.0;210.02100210021004;0.0;0.0;0.0;0.0
2030-12-01 01:00:00;511.2649836148155;1040.4688132120662;0.0;210.02100210021004;0.0;0.0;0.0;0.0
2030-12-01 02:00:00;510.1840826385218;1040.4688132120662;0.0;210.02100210021004;0.0;0.0;0.0;0.0
2030-12-01 03:00:00;509.7548056814991;1040.4688132120662;0.0;210.02100210021004;0.0;0.0;0.0;0.0
2030-12-01 04:00:00;508.9707431461047;1040.4688132120662;0.0;210.02100210021004;0.0;0.0;0.0;0.0
2030-12-01 05:00:00;509.0293549260584;1040.4688132120662;0.0;210.02100210021004;0.0;0.0;0.0;0.0
2030-12-01 06:00:00;509.6969592534329;1040.4688132120662;0.0;210.02100210021004;0.0;0.0;0.0;0.0
2030-12-01 07:00:00;510.9240325716771;1040.4688132120662;0.0;210.02100210021004;0.0;0.0;0.0;0.0
2030-12-01 08:00:00;511.8368085581553;1040.4688132120662;0.0;210.02100210021004;0.0;0.0;0.0;0.0
2030-12-01 09:00:00;513.0422341191827;1040.4688132120662;0.0;210.02100210021004;0.0;0.0;0.0;0.0
2030-12-01 10:00:00;514.0296517671046;1040.4688132120662;0.0;210.02100210021004;0.0;0.0;0.0;0.0
2030-12-01 11:00:00;515.1696769130565;1040.4688132120662;0.0;210.02100210021004;0.0;0.0;0.0;0.0
2030-12-01 12:00:00;515.4602351908261;1040.4688132120662;0.0;210.02100210021004;0.0;0.0;0.0;0.0
2030-12-01 13:00:00;515.1979606675238;1040.4688132120662;0.0;210.02100210021004;0.0;0.0;0.0;0.0
2030-12-01 14:00:00;515.3937604229554;1040.4688132120662;0.0;210.02100210021004;0.0;0.0;0.0;0.0
2030-12-01 15:00:00;515.6760477576751;1040.4688132120662;0.0;210.02100210021004;0.0;0.0;0.0;0.0
2030-12-01 16:00:00;515.7489553265466;1040.4688132120662;0.0;210.02100210021004;0.0;0.0;0.0;0.0
2030-12-01 17:00:00;515.9849343276762;1040.4688132120662;0.0;210.02100210021004;0.0;0.0;0.0;0.0
2030-12-01 18:00:00;516.271255535796;1040.4688132120662;0.0;210.02100210021004;0.0;0.0;0.0;0.0
2030-12-01 19:00:00;515.9599177246349;1040.4688132120662;0.0;210.02100210021004;0.0;0.0;0.0;0.0
2030-12-01 20:00:00;516.0311917177935;1040.4688132120662;0.0;210.02100210021004;0.0;0.0;0.0;0.0
2030-12-01 21:00:00;516.2897374508909;1040.4688132120662;0.0;210.02100210021004;0.0;0.0;0.0;0.0
2030-12-01 22:00:00;515.2856748523841;1040.4688132120662;0.0;210.02100210021004;0.0;0.0;0.0;0.0
2030-12-01 23:00:00;514.2045183662814;1040.4688132120662;0.0;210.02100210021004;0.0;0.0;0.0;0.0
2030-12-02 00:00:00;513.4355169716924;1040.4688132120662;0.0;210.02100210021004;0.0;0.0;0.0;0.0
2030-12-02 01:00:00;511.8711181434826;1040.4688132120662;0.0;210.02100210021004;0.0;0.0;0.0;0.0
2030-12-02 02:00:00;512.3794799605687;1040.4688132120662;0.0;210.02100210021004;0.0;0.0;0.0;0.0
2030-12-02 03:00:00;511.3206854475507;1040.4688132120662;0.0;210.02100210021004;0.0;0.0;0.0;0.0
2030-12-02 04:00:00;510.8033382789995;1040.4688132120662;0.0;210.02100210021004;0.0;0.0;0.0;0.0
2030-12-02 05:00:00;512.1655057283162;1040.4688132120662;0.0;210.02100210021004;0.0;0.0;0.0;0.0
2030-12-02 06:00:00;514.1112917252578;1040.4688132120662;0.0;210.02100210021004;0.0;0.0;0.0;0.0
2030-12-02 07:00:00;516.157911841331;1040.4688132120662;0.0;210.02100210021004;0.0;0.0;0.0;0.0
2030-12-02 08:00:00;516.4988109560044;1040.4688132120662;0.0;210.02100210021004;0.0;0.0;0.0;0.0
2030-12-02 09:00:00;515.3793629396392;1040.4688132120662;0.0;210.02100210021004;0.0;0.0;0.0;0.0
2030-12-02 10:00:00;514.7375405671937;1040.4688132120662;0.0;210.02100210021004;0.0;0.0;0.0;0.0
2030-12-02 11:00:00;514.5815654008784;1040.4688132120662;0.0;210.02100210021004;0.0;0.0;0.0;0.0
2030-12-02 12:00:00;515.6106967234388;1040.4688132120662;0.0;210.02100210021004;0.0;0.0;0.0;0.0
2030-12-02 13:00:00;516.2284097553911;1040.4688132120662;0.0;210.02100210021004;0.0;0.0;0.0;0.0
2030-12-02 14:00:00;515.0903353656447;1040.4688132120662;0.0;210.02100210021004;0.0;0.0;0.0;0.0
2030-12-02 15:00:00;514.7747095413611;1040.4688132120662;0.0;210.02100210021004;0.0;0.0;0.0;0.0
2030-12-02 16:00:00;515.6808989114279;1040.4688132120662;0.0;210.02100210021004;0.0;0.0;0.0;0.0
2030-12-02 17:00:00;515.3837018962347;1040.4688132120662;0.0;210.02100210021004;0.0;0.0;0.0;0.0
2030-12-02 18:00:00;517.6601760358049;1040.4688132120662;0.0;210.02100210021004;0.0;0.0;0.0;0.0
2030-12-02 19:00:00;516.2786073115478;1040.4688132120662;0.0;210.02100210021004;0.0;0.0;0.0;0.0
2030-12-02 20:00:00;515.190405310428;1040.4688132120662;0.0;210.02100210021004;0.0;0.0;0.0;0.0
2030-12-02 21:00:00;515.2473835146686;1040.4688132120662;0.0;210.02100210021004;0.0;0.0;0.0;0.0
2030-12-02 22:00:00;515.7924042712965;1040.4688132120662;0.0;210.02100210021004;0.0;0.0;0.0;0.0
2030-12-02 23:00:00;517.0228478054516;1040.4688132120662;0.0;210.02100210021004;0.0;0.0;0.0;0.0
2030-12-03 00:00:00;444.5008390241192;1040.4688132120662;0.0;210.02100210021004;0.0;0.0;0.0;0.0
2030-12-03 01:00:00;444.8690022091027;1040.4688132120662;0.0;210.02100210021004;0.0;0.0;0.0;0.0
2030-12-03 02:00:00;444.5398957137222;1040.4688132120662;0.0;210.02100210021004;0.0;0.0;0.0;0.0
2030-12-03 03:00:00;443.4410236494044;1040.4688132120662;0.0;210.02100210021004;0.0;0.0;0.0;0.0
2030-12-03 04:00:00;444.0804457241629;1040.4688132120662;0.0;210.02100210021004;0.0;0.0;0.0;0.0
2030-12-03 05:00:00;516.9665828320864;1040.4688132120662;0.0;210.02100210021004;0.0;0.0;0.0;0.0
2030-12-03 06:00:00;518.4951932996587;1040.4688132120662;0.0;210.02100210021004;0.0;0.0;0.0;0.0
2030-12-03 07:00:00;517.7200134363385;1040.4688132120662;0.0;210.02100210021004;0.0;0.0;0.0;0.0
2030-12-03 08:00:00;516.0504899282487;1040.4688132120662;0.0;210.02100210021004;0.0;0.0;0.0;0.0
2030-12-03 09:00:00;515.9467446843594;1040.4688132120662;0.0;210.02100210021004;0.0;0.0;0.0;0.0
2030-12-03 10:00:00;515.887623062327;1040.4688132120662;0.0;210.02100210021004;0.0;0.0;0.0;0.0
2030-12-03 11:00:00;442.4884763723613;1040.4688132120662;0.0;210.02100210021004;0.0;0.0;0.0;0.0
2030-12-03 12:00:00;441.9235954421874;1040.4688132120662;0.0;210.02100210021004;0.0;0.0;0.0;0.0
2030-12-03 13:00:00;514.6408422084078;1040.4688132120662;0.0;210.02100210021004;0.0;0.0;0.0;0.0
2030-12-03 14:00:00;516.1567383417632;1040.4688132120662;0.0;210.02100210021004;0.0;0.0;0.0;0.0
2030-12-03 15:00:00;516.3547820318456;1040.4688132120662;0.0;210.02100210021004;0.0;0.0;0.0;0.0
2030-12-03 16:00:00;515.6246339380626;1040.4688132120662;0.0;210.02100210021004;0.0;0.0;0.0;0.0
2030-12-03 17:00:00;515.5242079666114;1040.4688132120662;0.0;210.02100210021004;0.0;0.0;0.0;0.0
2030-12-03 18:00:00;514.852978106064;1040.4688132120662;0.0;210.02100210021004;0.0;0.0;0.0;0.0
2030-12-03 19:00:00;513.7729441760564;1040.4688132120662;0.0;210.02100210021004;0.0;0.0;0.0;0.0
2030-12-03 20:00:00;513.9908503947636;1040.4688132120662;0.0;210.02100210021004;0.0;0.0;0.0;0.0
2030-12-03 21:00:00;513.9619018052676;1040.4688132120662;0.0;210.02100210021004;0.0;0.0;0.0;0.0
2030-12-03 22:00:00;513.4577772503785;1040.4688132120662;0.0;210.02100210021004;0.0;0.0;0.0;0.0
2030-12-03 23:00:00;514.1532076111539;1040.4688132120662;0.0;210.02100210021004;0.0;0.0;0.0;0.0
2030-12-04 00:00:00;513.7121368572989;1040.4688132120662;0.0;210.02100210021004;0.0;0.0;0.0;0.0
2030-12-04 01:00:00;512.7827182753143;1040.4688132120662;0.0;210.02100210021004;0.0;0.0;0.0;0.0
2030-12-04 02:00:00;511.8904672974107;1040.4688132120662;0.0;210.02100210021004;0.0;0.0;0.0;0.0
2030-12-04 03:00:00;512.0355690117312;1040.4688132120662;0.0;210.02100210021004;0.0;0.0;0.0;0.0
2030-12-04 04:00:00;440.5576770193491;1040.4688132120662;0.0;210.02100210021004;0.0;0.0;0.0;0.0
2030-12-04 05:00:00;467.2009013272273;1040.4688132120662;0.0;210.02100210021004;0.0;0.0;0.0;0.0
2030-12-04 06:00:00;515.0768570496267;1040.4688132120662;0.0;210.02100210021004;0.0;0.0;0.0;0.0
2030-12-04 07:00:00;514.0627866753248;1040.4688132120662;0.0;210.02100210021004;0.0;0.0;0.0;0.0
2030-12-04 08:00:00;514.7158408815119;1040.4688132120662;0.0;210.02100210021004;0.0;0.0;0.0;0.0
2030-12-04 09:00:00;442.5914043358981;1040.4688132120662;0.0;210.02100210021004;0.0;0.0;0.0;0.0
2030-12-04 10:00:00;441.8859675694142;1040.4688132120662;0.0;210.02100210021004;0.0;0.0;0.0;0.0
2030-12-04 11:00:00;441.642227274766;1040.4688132120662;0.0;210.02100210021004;0.0;0.0;0.0;0.0
2030-12-04 12:00:00;441.6235913517133;1040.4688132120662;0.0;210.02100210021004;0.0;0.0;0.0;0.0
2030-12-04 13:00:00;441.6322704424437;1040.4688132120662;0.0;210.02100210021004;0.0;0.0;0.0;0.0
2030-12-04 14:00:00;441.0494705452579;1040.4688132120662;0.0;210.02100210021004;0.0;0.0;0.0;0.0
2030-12-04 15:00:00;442.182396877641;1040.4688132120662;0.0;210.02100210021004;0.0;0.0;0.0;0.0
2030-12-04 16:00:00;443.7075850082902;1040.4688132120662;0.0;210.02100210021004;0.0;0.0;0.0;0.0
2030-12-04 17:00:00;443.8542683698586;1040.4688132120662;0.0;210.02100210021004;0.0;0.0;0.0;0.0
2030-12-04 18:00:00;444.8661418352704;1040.4688132120662;0.0;210.02100210021004;0.0;0.0;0.0;0.0
2030-12-04 19:00:00;443.3137403852368;1040.4688132120662;0.0;210.02100210021004;0.0;0.0;0.0;0.0
2030-12-04 20:00:00;443.0230815906081;1040.4688132120662;0.0;210.02100210021004;0.0;0.0;0.0;0.0
2030-12-04 21:00:00;442.5153834310111;1040.4688132120662;0.0;210.02100210021004;0.0;0.0;0.0;0.0
2030-12-04 22:00:00;441.8874475222638;1040.4688132120662;0.0;210.02100210021004;0.0;0.0;0.0;0.0
2030-12-04 23:00:00;441.578662646661;1040.4688132120662;0.0;210.02100210021004;0.0;0.0;0.0;0.0
2030-12-05 00:00:00;440.7981737159745;1040.4688132120662;0.0;210.02100210021004;0.0;0.0;0.0;0.0
2030-12-05 01:00:00;441.6345169247202;1040.4688132120662;0.0;210.02100210021004;0.0;0.0;0.0;0.0
2030-12-05 02:00:00;441.4018571960288;1040.4688132120662;0.0;210.02100210021004;0.0;0.0;0.0;0.0
2030-12-05 03:00:00;440.9403121845248;1040.4688132120662;0.0;210.02100210021004;0.0;0.0;0.0;0.0
2030-12-05 04:00:00;441.7929431396482;1040.4688132120662;0.0;210.02100210021004;0.0;0.0;0.0;0.0
2030-12-05 05:00:00;442.3770219559655;1040.4688132120662;0.0;210.02100210021004;0.0;0.0;0.0;0.0
2030-12-05 06:00:00;444.1427849242351;1040.4688132120662;0.0;210.02100210021004;0.0;0.0;0.0;0.0
2030-12-05 07:00:00;443.8077047190067;1040.4688132120662;0.0;210.02100210021004;0.0;0.0;0.0;0.0
2030-12-05 08:00:00;444.5209037640016;1040.4688132120662;0.0;210.02100210021004;0.0;0.0;0.0;0.0
2030-12-05 09:00:00;444.2288643558429;1040.4688132120662;0.0;210.02100210021004;0.0;0.0;0.0;0.0
2030-12-05 10:00:00;444.0568073795728;1040.4688132120662;0.0;210.02100210021004;0.0;0.0;0.0;0.0
2030-12-05 11:00:00;443.8060709507466;1040.4688132120662;0.0;210.02100210021004;0.0;0.0;0.0;0.0
2030-12-05 12:00:00;442.7164399402499;1040.4688132120662;0.0;210.02100210021004;0.0;0.0;0.0;0.0
2030-12-05 13:00:00;442.7051559854963;1040.4688132120662;0.0;210.02100210021004;0.0;0.0;0.0;0.0
2030-12-05 14:00:00;443.0231311639943;1040.4688132120662;0.0;210.02100210021004;0.0;0.0;0.0;0.0
2030-12-05 15:00:00;443.8666241297816;1040.4688132120662;0.0;210.02100210021004;0.0;0.0;0.0;0.0
2030-12-05 16:00:00;514.6611612805598;1040.4688132120662;0.0;210.02100210021004;0.0;0.0;0.0;0.0
2030-12-05 17:00:00;513.7293933443609;1040.4688132120662;0.0;210.02100210021004;0.0;0.0;0.0;0.0
2030-12-05 18:00:00;441.1069574140378;1040.4688132120662;0.0;210.02100210021004;0.0;0.0;0.0;0.0
2030-12-05 19:00:00;513.919779982949;1040.4688132120662;0.0;210.02100210021004;0.0;0.0;0.0;0.0
2030-12-05 20:00:00;510.7423262013587;1040.4688132120662;0.0;210.02100210021004;0.0;0.0;0.0;0.0
2030-12-05 21:00:00;508.486172504027;1040.4688132120662;0.0;210.02100210021004;0.0;0.0;0.0;0.0
2030-12-05 22:00:00;506.9199862846936;1040.4688132120662;0.0;210.02100210021004;0.0;0.0;0.0;0.0
2030-12-05 23:00:00;506.3406557501913;1040.4688132120662;0.0;210.02100210021004;0.0;0.0;0.0;0.0
2030-12-06 00:00:00;503.8985064918791;1040.4688132120662;0.0;210.02100210021004;0.0;0.0;0.0;0.0
2030-12-06 01:00:00;506.2916943492781;1040.4688132120662;0.0;210.02100210021004;0.0;0.0;0.0;0.0
2030-12-06 02:00:00;503.2998763768351;1040.4688132120662;0.0;210.02100210021004;0.0;0.0;0.0;0.0
2030-12-06 03:00:00;502.8602369874356;1040.4688132120662;0.0;210.02100210021004;0.0;0.0;0.0;0.0
2030-12-06 04:00:00;500.9209333648811;1040.4688132120662;0.0;210.02100210021004;0.0;0.0;0.0;0.0
2030-12-06 05:00:00;501.0241180157663;1040.4688132120662;0.0;210.02100210021004;0.0;0.0;0.0;0.0
2030-12-06 06:00:00;503.0256058454431;1040.4688132120662;0.0;210.02100210021004;0.0;0.0;0.0;0.0
2030-12-06 07:00:00;506.3610778868282;1040.4688132120662;0.0;210.02100210021004;0.0;0.0;0.0;0.0
2030-12-06 08:00:00;509.7801806662872;1040.4688132120662;0.0;210.02100210021004;0.0;0.0;0.0;0.0
2030-12-06 09:00:00;509.997218853716;1040.4688132120662;0.0;210.02100210021004;0.0;0.0;0.0;0.0
2030-12-06 10:00:00;509.7757374676675;1040.4688132120662;0.0;210.02100210021004;0.0;0.0;0.0;0.0
2030-12-06 11:00:00;509.2964261270226;1040.4688132120662;0.0;210.02100210021004;0.0;0.0;0.0;0.0
2030-12-06 12:00:00;437.8169760407958;1040.4688132120662;0.0;210.02100210021004;0.0;0.0;0.0;0.0
2030-12-06 13:00:00;439.7270236355804;1040.4688132120662;0.0;210.02100210021004;0.0;0.0;0.0;0.0
2030-12-06 14:00:00;439.5013063574213;1040.4688132120662;0.0;210.02100210021004;0.0;0.0;0.0;0.0
2030-12-06 15:00:00;439.5361257848273;1040.4688132120662;0.0;210.02100210021004;0.0;0.0;0.0;0.0
2030-12-06 16:00:00;439.4382513788478;1040.4688132120662;0.0;210.02100210021004;0.0;0.0;0.0;0.0
2030-12-06 17:00:00;438.9606257349283;1040.4688132120662;0.0;210.02100210021004;0.0;0.0;0.0;0.0
2030-12-06 18:00:00;438.4402655546737;1040.4688132120662;0.0;210.02100210021004;0.0;0.0;0.0;0.0
2030-12-06 19:00:00;511.3705164423757;1040.4688132120662;0.0;210.02100210021004;0.0;0.0;0.0;0.0
2030-12-06 20:00:00;509.3081691729292;1040.4688132120662;0.0;210.02100210021004;0.0;0.0;0.0;0.0
2030-12-06 21:00:00;507.7680215958732;1040.4688132120662;0.0;210.02100210021004;0.0;0.0;0.0;0.0
2030-12-06 22:00:00;505.8843702326674;1040.4688132120662;0.0;210.02100210021004;0.0;0.0;0.0;0.0
2030-12-06 23:00:00;489.2163849679188;1040.4688132120662;0.0;210.02100210021004;0.0;0.0;0.0;0.0
2030-12-07 00:00:00;467.6558852413452;1040.4688132120662;0.0;210.02100210021004;0.0;0.0;0.0;0.0
2030-12-07 01:00:00;472.6581267985167;1040.4688132120662;0.0;210.02100210021004;0.0;0.0;0.0;0.0
2030-12-07 02:00:00;502.298775846559;1040.4688132120662;0.0;210.02100210021004;0.0;0.0;0.0;0.0
2030-12-07 03:00:00;500.4049146888478;1040.4688132120662;0.0;210.02100210021004;0.0;0.0;0.0;0.0
2030-12-07 04:00:00;500.0039226638317;1040.4688132120662;0.0;210.02100210021004;0.0;0.0;0.0;0.0
2030-12-07 05:00:00;499.870820490219;1040.4688132120662;0.0;210.02100210021004;0.0;0.0;0.0;0.0
2030-12-07 06:00:00;501.1590075805025;1040.4688132120662;0.0;210.02100210021004;0.0;0.0;0.0;0.0
2030-12-07 07:00:00;505.3681975486764;1040.4688132120662;0.0;210.02100210021004;0.0;0.0;0.0;0.0
2030-12-07 08:00:00;505.9069877155609;1040.4688132120662;0.0;210.02100210021004;0.0;0.0;0.0;0.0
2030-12-07 09:00:00;506.4856038416484;1040.4688132120662;0.0;210.02100210021004;0.0;0.0;0.0;0.0
2030-12-07 10:00:00;506.2474188885651;1040.4688132120662;0.0;210.02100210021004;0.0;0.0;0.0;0.0
2030-12-07 11:00:00;437.3851580151525;1040.4688132120662;0.0;210.02100210021004;0.0;0.0;0.0;0.0
2030-12-07 12:00:00;437.4130598110891;1040.4688132120662;0.0;210.02100210021004;0.0;0.0;0.0;0.0
2030-12-07 13:00:00;437.4148426057313;1040.4688132120662;0.0;210.02100210021004;0.0;0.0;0.0;0.0
2030-12-07 14:00:00;437.4086075346411;1040.4688132120662;0.0;210.02100210021004;0.0;0.0;0.0;0.0
2030-12-07 15:00:00;437.3988963672602;1040.4688132120662;0.0;210.02100210021004;0.0;0.0;0.0;0.0
2030-12-07 16:00:00;437.406801189211;1040.4688132120662;0.0;210.02100210021004;0.0;0.0;0.0;0.0
2030-12-07 17:00:00;447.1368987699118;1040.4688132120662;0.0;210.02100210021004;0.0;0.0;0.0;0.0
2030-12-07 18:00:00;437.3992649370905;1040.4688132120662;0.0;210.02100210021004;0.0;0.0;0.0;0.0
2030-12-07 19:00:00;437.3961856715757;1040.4688132120662;0.0;210.02100210021004;0.0;0.0;0.0;0.0
2030-12-07 20:00:00;437.3821399816861;1040.4688132120662;0.0;210.02100210021004;0.0;0.0;0.0;0.0
2030-12-07 21:00:00;437.3527898122952;1040.4688132120662;0.0;210.02100210021004;0.0;0.0;0.0;0.0
2030-12-07 22:00:00;437.3144844558142;1040.4688132120662;0.0;210.02100210021004;0.0;0.0;0.0;0.0
2030-12-07 23:00:00;437.2804088208358;1040.4688132120662;0.0;210.02100210021004;0.0;0.0;0.0;0.0
2030-12-08 00:00:00;437.1939020668081;1040.4688132120662;0.0;210.02100210021004;0.0;0.0;0.0;0.0
2030-12-08 01:00:00;437.1615185559386;1040.4688132120662;0.0;210.02100210021004;0.0;0.0;0.0;0.0
2030-12-08 02:00:00;437.1219485221487;1040.4688132120662;0.0;210.02100210021004;0.0;0.0;0.0;0.0
2030-12-08 03:00:00;437.119904313761;1040.4688132120662;0.0;210.02100210021004;0.0;0.0;0.0;0.0
2030-12-08 04:00:00;437.1153637218584;1040.4688132120662;0.0;210.02100210021004;0.0;0.0;0.0;0.0
2030-12-08 05:00:00;437.1073411459683;1040.4688132120662;0.0;210.02100210021004;0.0;0.0;0.0;0.0
2030-12-08 06:00:00;437.1090061866712;1040.4688132120662;0.0;210.02100210021004;0.0;0.0;0.0;0.0
2030-12-08 07:00:00;437.1163351918583;1040.4688132120662;0.0;210.02100210021004;0.0;0.0;0.0;0.0
2030-12-08 08:00:00;437.1304079651538;1040.4688132120662;0.0;210.02100210021004;0.0;0.0;0.0;0.0
2030-12-08 09:00:00;437.1630399368354;1040.4688132120662;0.0;210.02100210021004;0.0;0.0;0.0;0.0
2030-12-08 10:00:00;437.2039405901404;1040.4688132120662;0.0;210.02100210021004;0.0;0.0;0.0;0.0
2030-12-08 11:00:00;437.2139367220545;1040.4688132120662;0.0;210.02100210021004;0.0;0.0;0.0;0.0
2030-12-08 12:00:00;437.2206922655569;1040.4688132120662;0.0;210.02100210021004;0.0;0.0;0.0;0.0
2030-12-08 13:00:00;437.2185891801996;1040.4688132120662;0.0;210.02100210021004;0.0;0.0;0.0;0.0
2030-12-08 14:00:00;437.1994565201288;1040.4688132120662;0.0;210.02100210021004;0.0;0.0;0.0;0.0
2030-12-08 15:00:00;501.4110190107479;1040.4688132120662;0.0;210.02100210021004;0.0;0.0;0.0;0.0
2030-12-08 16:00:00;502.1732811510543;1040.4688132120662;0.0;210.02100210021004;0.0;0.0;0.0;0.0
2030-12-08 17:00:00;502.298775846559;1040.4688132120662;0.0;210.02100210021004;0.0;0.0;0.0;0.0
2030-12-08 18:00:00;503.3790133579106;1040.4688132120662;0.0;210.02100210021004;0.0;0.0;0.0;0.0
2030-12-08 19:00:00;503.4468166182991;1040.4688132120662;0.0;210.02100210021004;0.0;0.0;0.0;0.0
2030-12-08 20:00:00;503.2965582819363;1040.4688132120662;0.0;210.02100210021004;0.0;0.0;0.0;0.0
2030-12-08 21:00:00;501.9905019905743;1040.4688132120662;0.0;210.02100210021004;0.0;0.0;0.0;0.0
2030-12-08 22:00:00;500.7190605602819;1040.4688132120662;0.0;210.02100210021004;0.0;0.0;0.0;0.0
2030-12-08 23:00:00;500.5640031911785;1040.4688132120662;0.0;210.02100210021004;0.0;0.0;0.0;0.0
2030-12-09 00:00:00;499.794900102191;1040.4688132120662;0.0;210.02100210021004;0.0;0.0;0.0;0.0
2030-12-09 01:00:00;501.1549737071023;1040.4688132120662;0.0;210.02100210021004;0.0;0.0;0.0;0.0
2030-12-09 02:00:00;501.0806373214011;1040.4688132120662;0.0;210.02100210021004;0.0;0.0;0.0;0.0
2030-12-09 03:00:00;501.5177758962544;1040.4688132120662;0.0;210.02100210021004;0.0;0.0;0.0;0.0
2030-12-09 04:00:00;500.513559482337;1040.4688132120662;0.0;210.02100210021004;0.0;0.0;0.0;0.0
2030-12-09 05:00:00;501.1428238836021;1040.4688132120662;0.0;210.02100210021004;0.0;0.0;0.0;0.0
2030-12-09 06:00:00;502.95096300646;1040.4688132120662;0.0;210.02100210021004;0.0;0.0;0.0;0.0
2030-12-09 07:00:00;505.6663633045542;1040.4688132120662;0.0;210.02100210021004;0.0;0.0;0.0;0.0
2030-12-09 08:00:00;509.7000737669878;1040.4688132120662;0.0;210.02100210021004;0.0;0.0;0.0;0.0
2030-12-09 09:00:00;512.0311767565843;1040.4688132120662;0.0;210.02100210021004;0.0;0.0;0.0;0.0
2030-12-09 10:00:00;512.0329133967822;1040.4688132120662;0.0;210.02100210021004;0.0;0.0;0.0;0.0
2030-12-09 11:00:00;511.8655523887679;1040.4688132120662;0.0;210.02100210021004;0.0;0.0;0.0;0.0
2030-12-09 12:00:00;512.8452112907971;1040.4688132120662;0.0;210.02100210021004;0.0;0.0;0.0;0.0
2030-12-09 13:00:00;456.0606620022988;1040.4688132120662;0.0;210.02100210021004;0.0;0.0;0.0;0.0
2030-12-09 14:00:00;445.1063322038565;1040.4688132120662;0.0;210.02100210021004;0.0;0.0;0.0;0.0
2030-12-09 15:00:00;515.7553879350003;1040.4688132120662;0.0;210.02100210021004;0.0;0.0;0.0;0.0
2030-12-09 16:00:00;516.1514282894045;1040.4688132120662;0.0;210.02100210021004;0.0;0.0;0.0;0.0
2030-12-09 17:00:00;516.3414067803124;1040.4688132120662;0.0;210.02100210021004;0.0;0.0;0.0;0.0
2030-12-09 18:00:00;516.255684552912;1040.4688132120662;0.0;210.02100210021004;0.0;0.0;0.0;0.0
2030-12-09 19:00:00;513.4383773455247;1040.4688132120662;0.0;210.02100210021004;0.0;0.0;0.0;0.0
2030-12-09 20:00:00;513.4380187712309;1040.4688132120662;0.0;210.02100210021004;0.0;0.0;0.0;0.0
2030-12-09 21:00:00;440.084005737748;1040.4688132120662;0.0;210.02100210021004;0.0;0.0;0.0;0.0
2030-12-09 22:00:00;438.7289347469214;1040.4688132120662;0.0;210.02100210021004;0.0;0.0;0.0;0.0
2030-12-09 23:00:00;437.4468220758918;1040.4688132120662;0.0;210.02100210021004;0.0;0.0;0.0;0.0
2030-12-10 00:00:00;437.3967544231028;1040.4688132120662;0.0;210.02100210021004;0.0;0.0;0.0;0.0
2030-12-10 01:00:00;437.4027327906053;1040.4688132120662;0.0;210.02100210021004;0.0;0.0;0.0;0.0
2030-12-10 02:00:00;437.4310373050146;1040.4688132120662;0.0;210.02100210021004;0.0;0.0;0.0;0.0
2030-12-10 03:00:00;437.4213084745428;1040.4688132120662;0.0;210.02100210021004;0.0;0.0;0.0;0.0
2030-12-10 04:00:00;437.4571245127453;1040.4688132120662;0.0;210.02100210021004;0.0;0.0;0.0;0.0
2030-12-10 05:00:00;437.8453734907151;1040.4688132120662;0.0;210.02100210021004;0.0;0.0;0.0;0.0
2030-12-10 06:00:00;440.5774877824115;1040.4688132120662;0.0;210.02100210021004;0.0;0.0;0.0;0.0
2030-12-10 07:00:00;440.8826193793221;1040.4688132120662;0.0;210.02100210021004;0.0;0.0;0.0;0.0
2030-12-10 08:00:00;442.2324312612629;1040.4688132120662;0.0;210.02100210021004;0.0;0.0;0.0;0.0
2030-12-10 09:00:00;442.7622372542219;1040.4688132120662;0.0;210.02100210021004;0.0;0.0;0.0;0.0
2030-12-10 10:00:00;443.3790416535397;1040.4688132120662;0.0;210.02100210021004;0.0;0.0;0.0;0.0
2030-12-10 11:00:00;443.7096788526955;1040.4688132120662;0.0;210.02100210021004;0.0;0.0;0.0;0.0
2030-12-10 12:00:00;443.3936437031922;1040.4688132120662;0.0;210.02100210021004;0.0;0.0;0.0;0.0
2030-12-10 13:00:00;443.865959294753;1040.4688132120662;0.0;210.02100210021004;0.0;0.0;0.0;0.0
2030-12-10 14:00:00;444.2457636386976;1040.4688132120662;0.0;210.02100210021004;0.0;0.0;0.0;0.0
2030-12-10 15:00:00;444.8500090818427;1040.4688132120662;0.0;210.02100210021004;0.0;0.0;0.0;0.0
2030-12-10 16:00:00;444.6050431666146;1040.4688132120662;0.0;210.02100210021004;0.0;0.0;0.0;0.0
2030-12-10 17:00:00;444.5350457375088;1040.4688132120662;0.0;210.02100210021004;0.0;0.0;0.0;0.0
2030-12-10 18:00:00;446.2104398909614;1040.4688132120662;0.0;210.02100210021004;0.0;0.0;0.0;0.0
2030-12-10 19:00:00;442.4013760790569;1040.4688132120662;0.0;210.02100210021004;0.0;0.0;0.0;0.0
2030-12-10 20:00:00;441.6972654500119;1040.4688132120662;0.0;210.02100210021004;0.0;0.0;0.0;0.0
2030-12-10 21:00:00;439.838069904296;1040.4688132120662;0.0;210.02100210021004;0.0;0.0;0.0;0.0
2030-12-10 22:00:00;438.7253090212014;1040.4688132120662;0.0;210.02100210021004;0.0;0.0;0.0;0.0
2030-12-10 23:00:00;437.4084980234775;1040.4688132120662;0.0;210.02100210021004;0.0;0.0;0.0;0.0
2030-12-11 00:00:00;437.3405681309267;1040.4688132120662;0.0;210.02100210021004;0.0;0.0;0.0;0.0
2030-12-11 01:00:00;437.3073768280331;1040.4688132120662;0.0;210.02100210021004;0.0;0.0;0.0;0.0
2030-12-11 02:00:00;437.2488507650813;1040.4688132120662;0.0;210.02100210021004;0.0;0.0;0.0;0.0
2030-12-11 03:00:00;437.2580120215653;1040.4688132120662;0.0;210.02100210021004;0.0;0.0;0.0;0.0
2030-12-11 04:00:00;437.2891920871743;1040.4688132120662;0.0;210.02100210021004;0.0;0.0;0.0;0.0
2030-12-11 05:00:00;437.3009992746761;1040.4688132120662;0.0;210.02100210021004;0.0;0.0;0.0;0.0
2030-12-11 06:00:00;437.3788852628016;1040.4688132120662;0.0;210.02100210021004;0.0;0.0;0.0;0.0
2030-12-11 07:00:00;438.6830580809221;1040.4688132120662;0.0;210.02100210021004;0.0;0.0;0.0;0.0
2030-12-11 08:00:00;441.0475277706073;1040.4688132120662;0.0;210.02100210021004;0.0;0.0;0.0;0.0
2030-12-11 09:00:00;442.3482770365999;1040.4688132120662;0.0;210.02100210021004;0.0;0.0;0.0;0.0
2030-12-11 10:00:00;443.2635621601114;1040.4688132120662;0.0;210.02100210021004;0.0;0.0;0.0;0.0
2030-12-11 11:00:00;444.4601407277181;1040.4688132120662;0.0;210.02100210021004;0.0;0.0;0.0;0.0
2030-12-11 12:00:00;445.13896396494;1040.4688132120662;0.0;210.02100210021004;0.0;0.0;0.0;0.0
2030-12-11 13:00:00;445.0930694776204;1040.4688132120662;0.0;210.02100210021004;0.0;0.0;0.0;0.0
2030-12-11 14:00:00;443.843750944532;1040.4688132120662;0.0;210.02100210021004;0.0;0.0;0.0;0.0
2030-12-11 15:00:00;445.6881906251848;1040.4688132120662;0.0;210.02100210021004;0.0;0.0;0.0;0.0
2030-12-11 16:00:00;445.9108974392663;1040.4688132120662;0.0;210.02100210021004;0.0;0.0;0.0;0.0
2030-12-11 17:00:00;446.1341634762654;1040.4688132120662;0.0;210.02100210021004;0.0;0.0;0.0;0.0
2030-12-11 18:00:00;443.879133512568;1040.4688132120662;0.0;210.02100210021004;0.0;0.0;0.0;0.0
2030-12-11 19:00:00;444.6111695143336;1040.4688132120662;0.0;210.02100210021004;0.0;0.0;0.0;0.0
2030-12-11 20:00:00;445.8663245683348;1040.4688132120662;0.0;210.02100210021004;0.0;0.0;0.0;0.0
2030-12-11 21:00:00;456.1848530060404;1040.4688132120662;0.0;210.02100210021004;0.0;0.0;0.0;0.0
2030-12-11 22:00:00;442.4183758787706;1040.4688132120662;0.0;210.02100210021004;0.0;0.0;0.0;0.0
2030-12-11 23:00:00;441.7561315622353;1040.4688132120662;0.0;210.02100210021004;0.0;0.0;0.0;0.0
2030-12-12 00:00:00;440.5303346154967;1040.4688132120662;0.0;210.02100210021004;0.0;0.0;0.0;0.0
2030-12-12 01:00:00;442.0210605229473;1040.4688132120662;0.0;210.02100210021004;0.0;0.0;0.0;0.0
2030-12-12 02:00:00;442.2750119821874;1040.4688132120662;0.0;210.02100210021004;0.0;0.0;0.0;0.0
2030-12-12 03:00:00;442.7942484288076;1040.4688132120662;0.0;210.02100210021004;0.0;0.0;0.0;0.0
2030-12-12 04:00:00;515.1519092138293;1040.4688132120662;0.0;210.02100210021004;0.0;0.0;0.0;0.0
2030-12-12 05:00:00;515.0807382851558;1040.4688132120662;0.0;210.02100210021004;0.0;0.0;0.0;0.0
2030-12-12 06:00:00;515.4776964367716;1040.4688132120662;0.0;210.02100210021004;0.0;0.0;0.0;0.0
2030-12-12 07:00:00;513.6278957602874;1040.4688132120662;0.0;210.02100210021004;0.0;0.0;0.0;0.0
2030-12-12 08:00:00;513.9374967387034;1040.4688132120662;0.0;210.02100210021004;0.0;0.0;0.0;0.0
2030-12-12 09:00:00;514.7923741761033;1040.4688132120662;0.0;210.02100210021004;0.0;0.0;0.0;0.0
2030-12-12 10:00:00;515.8839463931342;1040.4688132120662;0.0;210.02100210021004;0.0;0.0;0.0;0.0
2030-12-12 11:00:00;516.9610703759232;1040.4688132120662;0.0;210.02100210021004;0.0;0.0;0.0;0.0
2030-12-12 12:00:00;517.4655521350198;1040.4688132120662;0.0;210.02100210021004;0.0;0.0;0.0;0.0
2030-12-12 13:00:00;517.0153420217421;1040.4688132120662;0.0;210.02100210021004;0.0;0.0;0.0;0.0
2030-12-12 14:00:00;517.3558329887353;1040.4688132120662;0.0;210.02100210021004;0.0;0.0;0.0;0.0
2030-12-12 15:00:00;517.4785206089591;1040.4688132120662;0.0;210.02100210021004;0.0;0.0;0.0;0.0
2030-12-12 16:00:00;517.31994175616;1040.4688132120662;0.0;210.02100210021004;0.0;0.0;0.0;0.0
2030-12-12 17:00:00;517.0045181431339;1040.4688132120662;0.0;210.02100210021004;0.0;0.0;0.0;0.0
2030-12-12 18:00:00;517.0840123284167;1040.4688132120662;0.0;210.02100210021004;0.0;0.0;0.0;0.0
2030-12-12 19:00:00;516.8607449213309;1040.4688132120662;0.0;210.02100210021004;0.0;0.0;0.0;0.0
2030-12-12 20:00:00;516.0962374762875;1040.4688132120662;0.0;210.02100210021004;0.0;0.0;0.0;0.0
2030-12-12 21:00:00;513.3825216973792;1040.4688132120662;0.0;210.02100210021004;0.0;0.0;0.0;0.0
2030-12-12 22:00:00;510.3443460105068;1040.4688132120662;0.0;210.02100210021004;0.0;0.0;0.0;0.0
2030-12-12 23:00:00;508.0859458308985;1040.4688132120662;0.0;210.02100210021004;0.0;0.0;0.0;0.0
2030-12-13 00:00:00;506.8058253098759;1040.4688132120662;0.0;210.02100210021004;0.0;0.0;0.0;0.0
2030-12-13 01:00:00;504.364747664186;1040.4688132120662;0.0;210.02100210021004;0.0;0.0;0.0;0.0
2030-12-13 02:00:00;501.7309849691664;1040.4688132120662;0.0;210.02100210021004;0.0;0.0;0.0;0.0
2030-12-13 03:00:00;502.324253895832;1040.4688132120662;0.0;210.02100210021004;0.0;0.0;0.0;0.0
2030-12-13 04:00:00;501.614628455545;1040.4688132120662;0.0;210.02100210021004;0.0;0.0;0.0;0.0
2030-12-13 05:00:00;501.7685630760063;1040.4688132120662;0.0;210.02100210021004;0.0;0.0;0.0;0.0
2030-12-13 06:00:00;504.2638106731167;1040.4688132120662;0.0;210.02100210021004;0.0;0.0;0.0;0.0
2030-12-13 07:00:00;508.1012115380401;1040.4688132120662;0.0;210.02100210021004;0.0;0.0;0.0;0.0
2030-12-13 08:00:00;511.7643089444169;1040.4688132120662;0.0;210.02100210021004;0.0;0.0;0.0;0.0
2030-12-13 09:00:00;513.8747493909511;1040.4688132120662;0.0;210.02100210021004;0.0;0.0;0.0;0.0
2030-12-13 10:00:00;514.5721197807212;1040.4688132120662;0.0;210.02100210021004;0.0;0.0;0.0;0.0
2030-12-13 11:00:00;515.5769986745885;1040.4688132120662;0.0;210.02100210021004;0.0;0.0;0.0;0.0
2030-12-13 12:00:00;515.6976953223448;1040.4688132120662;0.0;210.02100210021004;0.0;0.0;0.0;0.0
2030-12-13 13:00:00;517.0403598023229;1040.4688132120662;0.0;210.02100210021004;0.0;0.0;0.0;0.0
2030-12-13 14:00:00;517.2488713443455;1040.4688132120662;0.0;210.02100210021004;0.0;0.0;0.0;0.0
2030-12-13 15:00:00;517.298089432607;1040.4688132120662;0.0;210.02100210021004;0.0;0.0;0.0;0.0
2030-12-13 16:00:00;517.4621311681831;1040.4688132120662;0.0;210.02100210021004;0.0;0.0;0.0;0.0
2030-12-13 17:00:00;517.0785496381868;1040.4688132120662;0.0;210.02100210021004;0.0;0.0;0.0;0.0
2030-12-13 18:00:00;517.4988918021234;1040.4688132120662;0.0;210.02100210021004;0.0;0.0;0.0;0.0
2030-12-13 19:00:00;517.0574117230487;1040.4688132120662;0.0;210.02100210021004;0.0;0.0;0.0;0.0
2030-12-13 20:00:00;515.8936477156476;1040.4688132120662;0.0;210.02100210021004;0.0;0.0;0.0;0.0
2030-12-13 21:00:00;512.0991835983167;1040.4688132120662;0.0;210.02100210021004;0.0;0.0;0.0;0.0
2030-12-13 22:00:00;509.4302438865896;1040.4688132120662;0.0;210.02100210021004;0.0;0.0;0.0;0.0
2030-12-13 23:00:00;508.8208422064964;1040.4688132120662;0.0;210.02100210021004;0.0;0.0;0.0;0.0
2030-12-14 00:00:00;507.0377706301525;1040.4688132120662;0.0;210.02100210021004;0.0;0.0;0.0;0.0
2030-12-14 01:00:00;504.3003653706342;1040.4688132120662;0.0;210.02100210021004;0.0;0.0;0.0;0.0
2030-12-14 02:00:00;502.6603030342919;1040.4688132120662;0.0;210.02100210021004;0.0;0.0;0.0;0.0
2030-12-14 03:00:00;502.3772491701453;1040.4688132120662;0.0;210.02100210021004;0.0;0.0;0.0;0.0
2030-12-14 04:00:00;501.4498213680812;1040.4688132120662;0.0;210.02100210021004;0.0;0.0;0.0;0.0
2030-12-14 05:00:00;500.8007998577549;1040.4688132120662;0.0;210.02100210021004;0.0;0.0;0.0;0.0
2030-12-14 06:00:00;500.8416960594936;1040.4688132120662;0.0;210.02100210021004;0.0;0.0;0.0;0.0
2030-12-14 07:00:00;500.7676647569876;1040.4688132120662;0.0;210.02100210021004;0.0;0.0;0.0;0.0
2030-12-14 08:00:00;501.193828377995;1040.4688132120662;0.0;210.02100210021004;0.0;0.0;0.0;0.0
2030-12-14 09:00:00;502.8226079371229;1040.4688132120662;0.0;210.02100210021004;0.0;0.0;0.0;0.0
2030-12-14 10:00:00;503.6255109619062;1040.4688132120662;0.0;210.02100210021004;0.0;0.0;0.0;0.0
2030-12-14 11:00:00;504.111970882053;1040.4688132120662;0.0;210.02100210021004;0.0;0.0;0.0;0.0
2030-12-14 12:00:00;503.718330825336;1040.4688132120662;0.0;210.02100210021004;0.0;0.0;0.0;0.0
2030-12-14 13:00:00;504.1717054106489;1040.4688132120662;0.0;210.02100210021004;0.0;0.0;0.0;0.0
2030-12-14 14:00:00;504.1559298614287;1040.4688132120662;0.0;210.02100210021004;0.0;0.0;0.0;0.0
2030-12-14 15:00:00;504.2628915058186;1040.4688132120662;0.0;210.02100210021004;0.0;0.0;0.0;0.0
2030-12-14 16:00:00;504.0628544881899;1040.4688132120662;0.0;210.02100210021004;0.0;0.0;0.0;0.0
2030-12-14 17:00:00;504.1775264826256;1040.4688132120662;0.0;210.02100210021004;0.0;0.0;0.0;0.0
2030-12-14 18:00:00;504.359488362753;1040.4688132120662;0.0;210.02100210021004;0.0;0.0;0.0;0.0
2030-12-14 19:00:00;503.7219032525044;1040.4688132120662;0.0;210.02100210021004;0.0;0.0;0.0;0.0
2030-12-14 20:00:00;503.3630851708191;1040.4688132120662;0.0;210.02100210021004;0.0;0.0;0.0;0.0
2030-12-14 21:00:00;503.49771785566;1040.4688132120662;0.0;210.02100210021004;0.0;0.0;0.0;0.0
2030-12-14 22:00:00;503.2594937423402;1040.4688132120662;0.0;210.02100210021004;0.0;0.0;0.0;0.0
2030-12-14 23:00:00;503.0209594505735;1040.4688132120662;0.0;210.02100210021004;0.0;0.0;0.0;0.0
2030-12-15 00:00:00;502.9398838105897;1040.4688132120662;0.0;210.02100210021004;0.0;0.0;0.0;0.0
2030-12-15 01:00:00;502.6351326158401;1040.4688132120662;0.0;210.02100210021004;0.0;0.0;0.0;0.0
2030-12-15 02:00:00;501.9409774490309;1040.4688132120662;0.0;210.02100210021004;0.0;0.0;0.0;0.0
2030-12-15 03:00:00;446.0987779193943;1040.4688132120662;0.0;210.02100210021004;0.0;0.0;0.0;0.0
2030-12-15 04:00:00;437.1648333293322;1040.4688132120662;0.0;210.02100210021004;0.0;0.0;0.0;0.0
2030-12-15 05:00:00;437.1733646022404;1040.4688132120662;0.0;210.02100210021004;0.0;0.0;0.0;0.0
2030-12-15 06:00:00;437.1688145900227;1040.4688132120662;0.0;210.02100210021004;0.0;0.0;0.0;0.0
2030-12-15 07:00:00;437.1521912664002;1040.4688132120662;0.0;210.02100210021004;0.0;0.0;0.0;0.0
2030-12-15 08:00:00;437.1802178815125;1040.4688132120662;0.0;210.02100210021004;0.0;0.0;0.0;0.0
2030-12-15 09:00:00;437.1939091320445;1040.4688132120662;0.0;210.02100210021004;0.0;0.0;0.0;0.0
2030-12-15 10:00:00;437.2231062213143;1040.4688132120662;0.0;210.02100210021004;0.0;0.0;0.0;0.0
2030-12-15 11:00:00;437.226618821326;1040.4688132120662;0.0;210.02100210021004;0.0;0.0;0.0;0.0
2030-12-15 12:00:00;437.2138048376424;1040.4688132120662;0.0;210.02100210021004;0.0;0.0;0.0;0.0
2030-12-15 13:00:00;437.2250597591686;1040.4688132120662;0.0;210.02100210021004;0.0;0.0;0.0;0.0
2030-12-15 14:00:00;437.2712039953943;1040.4688132120662;0.0;210.02100210021004;0.0;0.0;0.0;0.0
2030-12-15 15:00:00;437.2679928454673;1040.4688132120662;0.0;210.02100210021004;0.0;0.0;0.0;0.0
2030-12-15 16:00:00;437.2695083386672;1040.4688132120662;0.0;210.02100210021004;0.0;0.0;0.0;0.0
2030-12-15 17:00:00;437.2597371167773;1040.4688132120662;0.0;210.02100210021004;0.0;0.0;0.0;0.0
2030-12-15 18:00:00;437.2749662337575;1040.4688132120662;0.0;210.02100210021004;0.0;0.0;0.0;0.0
2030-12-15 19:00:00;437.2979388497916;1040.4688132120662;0.0;210.02100210021004;0.0;0.0;0.0;0.0
2030-12-15 20:00:00;437.2914659157437;1040.4688132120662;0.0;210.02100210021004;0.0;0.0;0.0;0.0
2030-12-15 21:00:00;437.2837259493082;1040.4688132120662;0.0;210.02100210021004;0.0;0.0;0.0;0.0
2030-12-15 22:00:00;437.2814226822538;1040.4688132120662;0.0;210.02100210021004;0.0;0.0;0.0;0.0
2030-12-15 23:00:00;437.267713768631;1040.4688132120662;0.0;210.02100210021004;0.0;0.0;0.0;0.0
2030-12-16 00:00:00;437.2823870870174;1040.4688132120662;0.0;210.02100210021004;0.0;0.0;0.0;0.0
2030-12-16 01:00:00;437.3094481198268;1040.4688132120662;0.0;210.02100210021004;0.0;0.0;0.0;0.0
2030-12-16 02:00:00;437.3064065355726;1040.4688132120662;0.0;210.02100210021004;0.0;0.0;0.0;0.0
2030-12-16 03:00:00;437.3068822614877;1040.4688132120662;0.0;210.02100210021004;0.0;0.0;0.0;0.0
2030-12-16 04:00:00;437.3025618694517;1040.4688132120662;0.0;210.02100210021004;0.0;0.0;0.0;0.0
2030-12-16 05:00:00;437.3493184261622;1040.4688132120662;0.0;210.02100210021004;0.0;0.0;0.0;0.0
2030-12-16 06:00:00;437.4091232968956;1040.4688132120662;0.0;210.02100210021004;0.0;0.0;0.0;0.0
2030-12-16 07:00:00;437.4553311202485;1040.4688132120662;0.0;210.02100210021004;0.0;0.0;0.0;0.0
2030-12-16 08:00:00;438.7978982926291;1040.4688132120662;0.0;210.02100210021004;0.0;0.0;0.0;0.0
2030-12-16 09:00:00;439.4540779943683;1040.4688132120662;0.0;210.02100210021004;0.0;0.0;0.0;0.0
2030-12-16 10:00:00;439.3194959495729;1040.4688132120662;0.0;210.02100210021004;0.0;0.0;0.0;0.0
2030-12-16 11:00:00;439.8922636389225;1040.4688132120662;0.0;210.02100210021004;0.0;0.0;0.0;0.0
2030-12-16 12:00:00;441.2319810228622;1040.4688132120662;0.0;210.02100210021004;0.0;0.0;0.0;0.0
2030-12-16 13:00:00;443.1958633639993;1040.4688132120662;0.0;210.02100210021004;0.0;0.0;0.0;0.0
2030-12-16 14:00:00;443.1207278493325;1040.4688132120662;0.0;210.02100210021004;0.0;0.0;0.0;0.0
2030-12-16 15:00:00;443.3503643832545;1040.4688132120662;0.0;210.02100210021004;0.0;0.0;0.0;0.0
2030-12-16 16:00:00;442.9394836807891;1040.4688132120662;0.0;210.02100210021004;0.0;0.0;0.0;0.0
2030-12-16 17:00:00;444.4702694456636;1040.4688132120662;0.0;210.02100210021004;0.0;0.0;0.0;0.0
2030-12-16 18:00:00;444.1817908629124;1040.4688132120662;0.0;210.02100210021004;0.0;0.0;0.0;0.0
2030-12-16 19:00:00;444.3470084531351;1040.4688132120662;0.0;210.02100210021004;0.0;0.0;0.0;0.0
2030-12-16 20:00:00;443.8525838506728;1040.4688132120662;0.0;210.02100210021004;0.0;0.0;0.0;0.0
2030-12-16 21:00:00;442.6002881855117;1040.4688132120662;0.0;210.02100210021004;0.0;0.0;0.0;0.0
2030-12-16 22:00:00;442.5672052057566;1040.4688132120662;0.0;210.02100210021004;0.0;0.0;0.0;0.0
2030-12-16 23:00:00;441.9534620214421;1040.4688132120662;0.0;210.02100210021004;0.0;0.0;0.0;0.0
2030-12-17 00:00:00;441.5868318953127;1040.4688132120662;0.0;210.02100210021004;0.0;0.0;0.0;0.0
2030-12-17 01:00:00;439.8579300778422;1040.4688132120662;0.0;210.02100210021004;0.0;0.0;0.0;0.0
2030-12-17 02:00:00;438.8123595485724;1040.4688132120662;0.0;210.02100210021004;0.0;0.0;0.0;0.0
2030-12-17 03:00:00;438.4546630379899;1040.4688132120662;0.0;210.02100210021004;0.0;0.0;0.0;0.0
2030-12-17 04:00:00;438.1330633113112;1040.4688132120662;0.0;210.02100210021004;0.0;0.0;0.0;0.0
2030-12-17 05:00:00;511.2408342506074;1040.4688132120662;0.0;210.02100210021004;0.0;0.0;0.0;0.0
2030-12-17 06:00:00;512.4731159268118;1040.4688132120662;0.0;210.02100210021004;0.0;0.0;0.0;0.0
2030-12-17 07:00:00;515.737467790449;1040.4688132120662;0.0;210.02100210021004;0.0;0.0;0.0;0.0
2030-12-17 08:00:00;516.4809429324653;1040.4688132120662;0.0;210.02100210021004;0.0;0.0;0.0;0.0
2030-12-17 09:00:00;518.0736255151423;1040.4688132120662;0.0;210.02100210021004;0.0;0.0;0.0;0.0
2030-12-17 10:00:00;518.6102224983018;1040.4688132120662;0.0;210.02100210021004;0.0;0.0;0.0;0.0
2030-12-17 11:00:00;519.764031043467;1040.4688132120662;0.0;210.02100210021004;0.0;0.0;0.0;0.0
2030-12-17 12:00:00;518.9519379083356;1040.4688132120662;0.0;210.02100210021004;0.0;0.0;0.0;0.0
2030-12-17 13:00:00;519.3408804341634;1040.4688132120662;0.0;210.02100210021004;0.0;0.0;0.0;0.0
2030-12-17 14:00:00;517.8334598101942;1040.4688132120662;0.0;210.02100210021004;0.0;0.0;0.0;0.0
2030-12-17 15:00:00;519.3351634116639;1040.4688132120662;0.0;210.02100210021004;0.0;0.0;0.0;0.0
2030-12-17 16:00:00;519.4703580595954;1040.4688132120662;0.0;210.02100210021004;0.0;0.0;0.0;0.0
2030-12-17 17:00:00;519.6891822680614;1040.4688132120662;0.0;210.02100210021004;0.0;0.0;0.0;0.0
2030-12-17 18:00:00;520.0792500901571;1040.4688132120662;0.0;210.02100210021004;0.0;0.0;0.0;0.0
2030-12-17 19:00:00;518.5949567911601;1040.4688132120662;0.0;210.02100210021004;0.0;0.0;0.0;0.0
2030-12-17 20:00:00;517.4829624374925;1040.4688132120662;0.0;210.02100210021004;0.0;0.0;0.0;0.0
2030-12-17 21:00:00;515.9018665376855;1040.4688132120662;0.0;210.02100210021004;0.0;0.0;0.0;0.0
2030-12-17 22:00:00;514.2638966756622;1040.4688132120662;0.0;210.02100210021004;0.0;0.0;0.0;0.0
2030-12-17 23:00:00;512.6261811459084;1040.4688132120662;0.0;210.02100210021004;0.0;0.0;0.0;0.0
2030-12-18 00:00:00;511.9661323681769;1040.4688132120662;0.0;210.02100210021004;0.0;0.0;0.0;0.0
2030-12-18 01:00:00;513.2906198237081;1040.4688132120662;0.0;210.02100210021004;0.0;0.0;0.0;0.0
2030-12-18 02:00:00;512.2792066269886;1040.4688132120662;0.0;210.02100210021004;0.0;0.0;0.0;0.0
2030-12-18 03:00:00;511.7285703497128;1040.4688132120662;0.0;210.02100210021004;0.0;0.0;0.0;0.0
2030-12-18 04:00:00;510.3875394454477;1040.4688132120662;0.0;210.02100210021004;0.0;0.0;0.0;0.0
2030-12-18 05:00:00;509.9966568906252;1040.4688132120662;0.0;210.02100210021004;0.0;0.0;0.0;0.0
2030-12-18 06:00:00;512.2708845479187;1040.4688132120662;0.0;210.02100210021004;0.0;0.0;0.0;0.0
2030-12-18 07:00:00;512.513347293522;1040.4688132120662;0.0;210.02100210021004;0.0;0.0;0.0;0.0
2030-12-18 08:00:00;514.1464683568713;1040.4688132120662;0.0;210.02100210021004;0.0;0.0;0.0;0.0
2030-12-18 09:00:00;515.7820394838411;1040.4688132120662;0.0;210.02100210021004;0.0;0.0;0.0;0.0
2030-12-18 10:00:00;516.6628536765727;1040.4688132120662;0.0;210.02100210021004;0.0;0.0;0.0;0.0
2030-12-18 11:00:00;517.1150040113923;1040.4688132120662;0.0;210.02100210021004;0.0;0.0;0.0;0.0
2030-12-18 12:00:00;516.6153201074969;1040.4688132120662;0.0;210.02100210021004;0.0;0.0;0.0;0.0
2030-12-18 13:00:00;516.6227749477338;1040.4688132120662;0.0;210.02100210021004;0.0;0.0;0.0;0.0
2030-12-18 14:00:00;516.7201383340953;1040.4688132120662;0.0;210.02100210021004;0.0;0.0;0.0;0.0
2030-12-18 15:00:00;516.4677175786303;1040.4688132120662;0.0;210.02100210021004;0.0;0.0;0.0;0.0
2030-12-18 16:00:00;518.1728791645651;1040.4688132120662;0.0;210.02100210021004;0.0;0.0;0.0;0.0
2030-12-18 17:00:00;518.1547544536777;1040.4688132120662;0.0;210.02100210021004;0.0;0.0;0.0;0.0
2030-12-18 18:00:00;520.2344066060331;1040.4688132120662;0.0;210.02100210021004;0.0;0.0;0.0;0.0
2030-12-18 19:00:00;519.7518279214153;1040.4688132120662;0.0;210.02100210021004;0.0;0.0;0.0;0.0
2030-12-18 20:00:00;518.8400244007867;1040.4688132120662;0.0;210.02100210021004;0.0;0.0;0.0;0.0
2030-12-18 21:00:00;517.5298823075595;1040.4688132120662;0.0;210.02100210021004;0.0;0.0;0.0;0.0
2030-12-18 22:00:00;514.8849892806497;1040.4688132120662;0.0;210.02100210021004;0.0;0.0;0.0;0.0
2030-12-18 23:00:00;511.9257991145212;1040.4688132120662;0.0;210.02100210021004;0.0;0.0;0.0;0.0
2030-12-19 00:00:00;510.5589343268622;1040.4688132120662;0.0;210.02100210021004;0.0;0.0;0.0;0.0
2030-12-19 01:00:00;505.6658013414634;1040.4688132120662;0.0;210.02100210021004;0.0;0.0;0.0;0.0
2030-12-19 02:00:00;501.3198327230311;1040.4688132120662;0.0;210.02100210021004;0.0;0.0;0.0;0.0
2030-12-19 03:00:00;500.4179848571856;1040.4688132120662;0.0;210.02100210021004;0.0;0.0;0.0;0.0
2030-12-19 04:00:00;499.7461420900747;1040.4688132120662;0.0;210.02100210021004;0.0;0.0;0.0;0.0
2030-12-19 05:00:00;499.5658635515938;1040.4688132120662;0.0;210.02100210021004;0.0;0.0;0.0;0.0
2030-12-19 06:00:00;500.2516956543406;1040.4688132120662;0.0;210.02100210021004;0.0;0.0;0.0;0.0
2030-12-19 07:00:00;503.3890716920843;1040.4688132120662;0.0;210.02100210021004;0.0;0.0;0.0;0.0
2030-12-19 08:00:00;507.3106133297071;1040.4688132120662;0.0;210.02100210021004;0.0;0.0;0.0;0.0
2030-12-19 09:00:00;509.0416078140436;1040.4688132120662;0.0;210.02100210021004;0.0;0.0;0.0;0.0
2030-12-19 10:00:00;508.6912642567523;1040.4688132120662;0.0;210.02100210021004;0.0;0.0;0.0;0.0
2030-12-19 11:00:00;509.9110363576233;1040.4688132120662;0.0;210.02100210021004;0.0;0.0;0.0;0.0
2030-12-19 12:00:00;510.2234979024187;1040.4688132120662;0.0;210.02100210021004;0.0;0.0;0.0;0.0
2030-12-19 13:00:00;509.9645426515546;1040.4688132120662;0.0;210.02100210021004;0.0;0.0;0.0;0.0
2030-12-19 14:00:00;509.8110185338522;1040.4688132120662;0.0;210.02100210021004;0.0;0.0;0.0;0.0
2030-12-19 15:00:00;509.7659358208421;1040.4688132120662;0.0;210.02100210021004;0.0;0.0;0.0;0.0
2030-12-19 16:00:00;510.0046723238663;1040.4688132120662;0.0;210.02100210021004;0.0;0.0;0.0;0.0
2030-12-19 17:00:00;509.7141128685572;1040.4688132120662;0.0;210.02100210021004;0.0;0.0;0.0;0.0
2030-12-19 18:00:00;508.6463339890664;1040.4688132120662;0.0;210.02100210021004;0.0;0.0;0.0;0.0
2030-12-19 19:00:00;509.2778436950687;1040.4688132120662;0.0;210.02100210021004;0.0;0.0;0.0;0.0
2030-12-19 20:00:00;508.063124766661;1040.4688132120662;0.0;210.02100210021004;0.0;0.0;0.0;0.0
2030-12-19 21:00:00;506.4293909892953;1040.4688132120662;0.0;210.02100210021004;0.0;0.0;0.0;0.0
2030-12-19 22:00:00;503.9305697874771;1040.4688132120662;0.0;210.02100210021004;0.0;0.0;0.0;0.0
2030-12-19 23:00:00;502.5673307255381;1040.4688132120662;0.0;210.02100210021004;0.0;0.0;0.0;0.0
2030-12-20 00:00:00;501.7773948046078;1040.4688132120662;0.0;210.02100210021004;0.0;0.0;0.0;0.0
2030-12-20 01:00:00;500.8288814009648;1040.4688132120662;0.0;210.02100210021004;0.0;0.0;0.0;0.0
2030-12-20 02:00:00;500.3756582759837;1040.4688132120662;0.0;210.02100210021004;0.0;0.0;0.0;0.0
2030-12-20 03:00:00;500.0366484393793;1040.4688132120662;0.0;210.02100210021004;0.0;0.0;0.0;0.0
2030-12-20 04:00:00;499.9732883776106;1040.4688132120662;0.0;210.02100210021004;0.0;0.0;0.0;0.0
2030-12-20 05:00:00;500.7955417338613;1040.4688132120662;0.0;210.02100210021004;0.0;0.0;0.0;0.0
2030-12-20 06:00:00;499.5507516598627;1040.4688132120662;0.0;210.02100210021004;0.0;0.0;0.0;0.0
2030-12-20 07:00:00;500.9269591957411;1040.4688132120662;0.0;210.02100210021004;0.0;0.0;0.0;0.0
2030-12-20 08:00:00;503.164783423302;1040.4688132120662;0.0;210.02100210021004;0.0;0.0;0.0;0.0
2030-12-20 09:00:00;504.9045586927671;1040.4688132120662;0.0;210.02100210021004;0.0;0.0;0.0;0.0
2030-12-20 10:00:00;505.9088272276967;1040.4688132120662;0.0;210.02100210021004;0.0;0.0;0.0;0.0
2030-12-20 11:00:00;506.4016678278322;1040.4688132120662;0.0;210.02100210021004;0.0;0.0;0.0;0.0
2030-12-20 12:00:00;506.3395331940963;1040.4688132120662;0.0;210.02100210021004;0.0;0.0;0.0;0.0
2030-12-20 13:00:00;506.1938706942244;1040.4688132120662;0.0;210.02100210021004;0.0;0.0;0.0;0.0
2030-12-20 14:00:00;506.6462751687664;1040.4688132120662;0.0;210.02100210021004;0.0;0.0;0.0;0.0
2030-12-20 15:00:00;506.394366803006;1040.4688132120662;0.0;210.02100210021004;0.0;0.0;0.0;0.0
2030-12-20 16:00:00;506.2579963004279;1040.4688132120662;0.0;210.02100210021004;0.0;0.0;0.0;0.0
2030-12-20 17:00:00;506.6079328875783;1040.4688132120662;0.0;210.02100210021004;0.0;0.0;0.0;0.0
2030-12-20 18:00:00;506.501839467014;1040.4688132120662;0.0;210.02100210021004;0.0;0.0;0.0;0.0
2030-12-20 19:00:00;505.8944299369276;1040.4688132120662;0.0;210.02100210021004;0.0;0.0;0.0;0.0
2030-12-20 20:00:00;505.8280568634553;1040.4688132120662;0.0;210.02100210021004;0.0;0.0;0.0;0.0
2030-12-20 21:00:00;448.820910201102;1040.4688132120662;0.0;210.02100210021004;0.0;0.0;0.0;0.0
2030-12-20 22:00:00;437.2394457579429;1040.4688132120662;0.0;210.02100210021004;0.0;0.0;0.0;0.0
2030-12-20 23:00:00;437.2067078077159;1040.4688132120662;0.0;210.02100210021004;0.0;0.0;0.0;0.0
2030-12-21 00:00:00;437.1781501223369;1040.4688132120662;0.0;210.02100210021004;0.0;0.0;0.0;0.0
2030-12-21 01:00:00;437.1670223750654;1040.4688132120662;0.0;210.02100210021004;0.0;0.0;0.0;0.0
2030-12-21 02:00:00;437.1657200164958;1040.4688132120662;0.0;210.02100210021004;0.0;0.0;0.0;0.0
2030-12-21 03:00:00;437.1531898198061;1040.4688132120662;0.0;210.02100210021004;0.0;0.0;0.0;0.0
2030-12-21 04:00:00;437.1777815525067;1040.4688132120662;0.0;210.02100210021004;0.0;0.0;0.0;0.0
2030-12-21 05:00:00;437.1881921782875;1040.4688132120662;0.0;210.02100210021004;0.0;0.0;0.0;0.0
2030-12-21 06:00:00;437.2192226963934;1040.4688132120662;0.0;210.02100210021004;0.0;0.0;0.0;0.0
2030-12-21 07:00:00;437.2543734248384;1040.4688132120662;0.0;210.02100210021004;0.0;0.0;0.0;0.0
2030-12-21 08:00:00;437.2798541997813;1040.4688132120662;0.0;210.02100210021004;0.0;0.0;0.0;0.0
2030-12-21 09:00:00;437.2793831840237;1040.4688132120662;0.0;210.02100210021004;0.0;0.0;0.0;0.0
2030-12-21 10:00:00;437.27703988063;1040.4688132120662;0.0;210.02100210021004;0.0;0.0;0.0;0.0
2030-12-21 11:00:00;437.2967389371493;1040.4688132120662;0.0;210.02100210021004;0.0;0.0;0.0;0.0
2030-12-21 12:00:00;437.2918709892953;1040.4688132120662;0.0;210.02100210021004;0.0;0.0;0.0;0.0
2030-12-21 13:00:00;437.295078606604;1040.4688132120662;0.0;210.02100210021004;0.0;0.0;0.0;0.0
2030-12-21 14:00:00;437.2989691967612;1040.4688132120662;0.0;210.02100210021004;0.0;0.0;0.0;0.0
2030-12-21 15:00:00;437.3090877927723;1040.4688132120662;0.0;210.02100210021004;0.0;0.0;0.0;0.0
2030-12-21 16:00:00;437.3158668870625;1040.4688132120662;0.0;210.02100210021004;0.0;0.0;0.0;0.0
2030-12-21 17:00:00;437.3011182061549;1040.4688132120662;0.0;210.02100210021004;0.0;0.0;0.0;0.0
2030-12-21 18:00:00;437.3074380600816;1040.4688132120662;0.0;210.02100210021004;0.0;0.0;0.0;0.0
2030-12-21 19:00:00;437.2886633719864;1040.4688132120662;0.0;210.02100210021004;0.0;0.0;0.0;0.0
2030-12-21 20:00:00;437.2901847528833;1040.4688132120662;0.0;210.02100210021004;0.0;0.0;0.0;0.0
2030-12-21 21:00:00;437.2825919788719;1040.4688132120662;0.0;210.02100210021004;0.0;0.0;0.0;0.0
2030-12-21 22:00:00;437.2758894246423;1040.4688132120662;0.0;210.02100210021004;0.0;0.0;0.0;0.0
2030-12-21 23:00:00;437.2376029087916;1040.4688132120662;0.0;210.02100210021004;0.0;0.0;0.0;0.0
2030-12-22 00:00:00;437.2367315296402;1040.4688132120662;0.0;210.02100210021004;0.0;0.0;0.0;0.0
2030-12-22 01:00:00;437.1984980030622;1040.4688132120662;0.0;210.02100210021004;0.0;0.0;0.0;0.0
2030-12-22 02:00:00;437.2011922131952;1040.4688132120662;0.0;210.02100210021004;0.0;0.0;0.0;0.0
2030-12-22 03:00:00;437.1962842290018;1040.4688132120662;0.0;210.02100210021004;0.0;0.0;0.0;0.0
2030-12-22 04:00:00;437.1963949177048;1040.4688132120662;0.0;210.02100210021004;0.0;0.0;0.0;0.0
2030-12-22 05:00:00;437.1938113962748;1040.4688132120662;0.0;210.02100210021004;0.0;0.0;0.0;0.0
2030-12-22 06:00:00;437.2043444861525;1040.4688132120662;0.0;210.02100210021004;0.0;0.0;0.0;0.0
2030-12-22 07:00:00;437.2228954417628;1040.4688132120662;0.0;210.02100210021004;0.0;0.0;0.0;0.0
2030-12-22 08:00:00;437.2356305303069;1040.4688132120662;0.0;210.02100210021004;0.0;0.0;0.0;0.0
2030-12-22 09:00:00;437.2625090445103;1040.4688132120662;0.0;210.02100210021004;0.0;0.0;0.0;0.0
2030-12-22 10:00:00;437.2840615480354;1040.4688132120662;0.0;210.02100210021004;0.0;0.0;0.0;0.0
2030-12-22 11:00:00;437.3091290066511;1040.4688132120662;0.0;210.02100210021004;0.0;0.0;0.0;0.0
2030-12-22 12:00:00;437.3187659890501;1040.4688132120662;0.0;210.02100210021004;0.0;0.0;0.0;0.0
2030-12-22 13:00:00;437.3310453698489;1040.4688132120662;0.0;210.02100210021004;0.0;0.0;0.0;0.0
2030-12-22 14:00:00;437.3192864614622;1040.4688132120662;0.0;210.02100210021004;0.0;0.0;0.0;0.0
2030-12-22 15:00:00;437.3118455900326;1040.4688132120662;0.0;210.02100210021004;0.0;0.0;0.0;0.0
2030-12-22 16:00:00;437.3300727223096;1040.4688132120662;0.0;210.02100210021004;0.0;0.0;0.0;0.0
2030-12-22 17:00:00;437.316565167923;1040.4688132120662;0.0;210.02100210021004;0.0;0.0;0.0;0.0
2030-12-22 18:00:00;437.3210268646862;1040.4688132120662;0.0;210.02100210021004;0.0;0.0;0.0;0.0
2030-12-22 19:00:00;437.3481432418471;1040.4688132120662;0.0;210.02100210021004;0.0;0.0;0.0;0.0
2030-12-22 20:00:00;437.3360546224302;1040.4688132120662;0.0;210.02100210021004;0.0;0.0;0.0;0.0
2030-12-22 21:00:00;437.3155972305414;1040.4688132120662;0.0;210.02100210021004;0.0;0.0;0.0;0.0
2030-12-22 22:00:00;437.2870489654775;1040.4688132120662;0.0;210.02100210021004;0.0;0.0;0.0;0.0
2030-12-22 23:00:00;437.2669719188129;1040.4688132120662;0.0;210.02100210021004;0.0;0.0;0.0;0.0
2030-12-23 00:00:00;437.1854861927604;1040.4688132120662;0.0;210.02100210021004;0.0;0.0;0.0;0.0
2030-12-23 01:00:00;437.2292694625015;1040.4688132120662;0.0;210.02100210021004;0.0;0.0;0.0;0.0
2030-12-23 02:00:00;437.2532465196385;1040.4688132120662;0.0;210.02100210021004;0.0;0.0;0.0;0.0
2030-12-23 03:00:00;437.2476072834815;1040.4688132120662;0.0;210.02100210021004;0.0;0.0;0.0;0.0
2030-12-23 04:00:00;437.2480052917966;1040.4688132120662;0.0;210.02100210021004;0.0;0.0;0.0;0.0
2030-12-23 05:00:00;437.1916576767235;1040.4688132120662;0.0;210.02100210021004;0.0;0.0;0.0;0.0
2030-12-23 06:00:00;437.2149917973514;1040.4688132120662;0.0;210.02100210021004;0.0;0.0;0.0;0.0
2030-12-23 07:00:00;437.2686864161703;1040.4688132120662;0.0;210.02100210021004;0.0;0.0;0.0;0.0
2030-12-23 08:00:00;437.317252850929;1040.4688132120662;0.0;210.02100210021004;0.0;0.0;0.0;0.0
2030-12-23 09:00:00;437.3724959340508;1040.4688132120662;0.0;210.02100210021004;0.0;0.0;0.0;0.0
2030-12-23 10:00:00;437.3737264627173;1040.4688132120662;0.0;210.02100210021004;0.0;0.0;0.0;0.0
2030-12-23 11:00:00;437.3624315048518;1040.4688132120662;0.0;210.02100210021004;0.0;0.0;0.0;0.0
2030-12-23 12:00:00;437.3489639868046;1040.4688132120662;0.0;210.02100210021004;0.0;0.0;0.0;0.0
2030-12-23 13:00:00;437.3546338389859;1040.4688132120662;0.0;210.02100210021004;0.0;0.0;0.0;0.0
2030-12-23 14:00:00;437.3490758530471;1040.4688132120662;0.0;210.02100210021004;0.0;0.0;0.0;0.0
2030-12-23 15:00:00;437.3597632005853;1040.4688132120662;0.0;210.02100210021004;0.0;0.0;0.0;0.0
2030-12-23 16:00:00;437.3532714259072;1040.4688132120662;0.0;210.02100210021004;0.0;0.0;0.0;0.0
2030-12-23 17:00:00;437.3583513308522;1040.4688132120662;0.0;210.02100210021004;0.0;0.0;0.0;0.0
2030-12-23 18:00:00;437.3686559780875;1040.4688132120662;0.0;210.02100210021004;0.0;0.0;0.0;0.0
2030-12-23 19:00:00;437.3610961751792;1040.4688132120662;0.0;210.02100210021004;0.0;0.0;0.0;0.0
2030-12-23 20:00:00;437.3570030482463;1040.4688132120662;0.0;210.02100210021004;0.0;0.0;0.0;0.0
2030-12-23 21:00:00;437.3457540144171;1040.4688132120662;0.0;210.02100210021004;0.0;0.0;0.0;0.0
2030-12-23 22:00:00;437.326037294807;1040.4688132120662;0.0;210.02100210021004;0.0;0.0;0.0;0.0
2030-12-23 23:00:00;437.3180665306502;1040.4688132120662;0.0;210.02100210021004;0.0;0.0;0.0;0.0
2030-12-24 00:00:00;437.2944286048586;1040.4688132120662;0.0;210.02100210021004;0.0;0.0;0.0;0.0
2030-12-24 01:00:00;437.2470703255179;1040.4688132120662;0.0;210.02100210021004;0.0;0.0;0.0;0.0
2030-12-24 02:00:00;437.2565824887412;1040.4688132120662;0.0;210.02100210021004;0.0;0.0;0.0;0.0
2030-12-24 03:00:00;437.2583217144258;1040.4688132120662;0.0;210.02100210021004;0.0;0.0;0.0;0.0
2030-12-24 04:00:00;437.2196018640782;1040.4688132120662;0.0;210.02100210021004;0.0;0.0;0.0;0.0
2030-12-24 05:00:00;437.2174081081876;1040.4688132120662;0.0;210.02100210021004;0.0;0.0;0.0;0.0
2030-12-24 06:00:00;437.1911148310629;1040.4688132120662;0.0;210.02100210021004;0.0;0.0;0.0;0.0
2030-12-24 07:00:00;437.2263750706715;1040.4688132120662;0.0;210.02100210021004;0.0;0.0;0.0;0.0
2030-12-24 08:00:00;437.2659486370796;1040.4688132120662;0.0;210.02100210021004;0.0;0.0;0.0;0.0
2030-12-24 09:00:00;437.3354034431454;1040.4688132120662;0.0;210.02100210021004;0.0;0.0;0.0;0.0
2030-12-24 10:00:00;437.3436026499446;1040.4688132120662;0.0;210.02100210021004;0.0;0.0;0.0;0.0
2030-12-24 11:00:00;437.339794487545;1040.4688132120662;0.0;210.02100210021004;0.0;0.0;0.0;0.0
2030-12-24 12:00:00;437.3364891344665;1040.4688132120662;0.0;210.02100210021004;0.0;0.0;0.0;0.0
2030-12-24 13:00:00;437.3145974995959;1040.4688132120662;0.0;210.02100210021004;0.0;0.0;0.0;0.0
2030-12-24 14:00:00;437.3088558175117;1040.4688132120662;0.0;210.02100210021004;0.0;0.0;0.0;0.0
2030-12-24 15:00:00;437.2824294784356;1040.4688132120662;0.0;210.02100210021004;0.0;0.0;0.0;0.0
2030-12-24 16:00:00;437.3256404640313;1040.4688132120662;0.0;210.02100210021004;0.0;0.0;0.0;0.0
2030-12-24 17:00:00;437.3284971746007;1040.4688132120662;0.0;210.02100210021004;0.0;0.0;0.0;0.0
2030-12-24 18:00:00;437.3245123812919;1040.4688132120662;0.0;210.02100210021004;0.0;0.0;0.0;0.0
2030-12-24 19:00:00;437.3319650281154;1040.4688132120662;0.0;210.02100210021004;0.0;0.0;0.0;0.0
2030-12-24 20:00:00;437.3094740256935;1040.4688132120662;0.0;210.02100210021004;0.0;0.0;0.0;0.0
2030-12-24 21:00:00;437.2710933066912;1040.4688132120662;0.0;210.02100210021004;0.0;0.0;0.0;0.0
2030-12-24 22:00:00;437.2904909131257;1040.4688132120662;0.0;210.02100210021004;0.0;0.0;0.0;0.0
2030-12-24 23:00:00;437.2812601818175;1040.4688132120662;0.0;210.02100210021004;0.0;0.0;0.0;0.0
2030-12-25 00:00:00;437.2604059591529;1040.4688132120662;0.0;210.02100210021004;0.0;0.0;0.0;0.0
2030-12-25 01:00:00;437.2228907316052;1040.4688132120662;0.0;210.02100210021004;0.0;0.0;0.0;0.0
2030-12-25 02:00:00;437.2033188493405;1040.4688132120662;0.0;210.02100210021004;0.0;0.0;0.0;0.0
2030-12-25 03:00:00;437.1760376166644;1040.4688132120662;0.0;210.02100210021004;0.0;0.0;0.0;0.0
2030-12-25 04:00:00;437.201771562577;1040.4688132120662;0.0;210.02100210021004;0.0;0.0;0.0;0.0
2030-12-25 05:00:00;437.1992386753409;1040.4688132120662;0.0;210.02100210021004;0.0;0.0;0.0;0.0
2030-12-25 06:00:00;437.2102003895579;1040.4688132120662;0.0;210.02100210021004;0.0;0.0;0.0;0.0
2030-12-25 07:00:00;437.1599465408478;1040.4688132120662;0.0;210.02100210021004;0.0;0.0;0.0;0.0
2030-12-25 08:00:00;437.1919485289537;1040.4688132120662;0.0;210.02100210021004;0.0;0.0;0.0;0.0
2030-12-25 09:00:00;437.2673628618916;1040.4688132120662;0.0;210.02100210021004;0.0;0.0;0.0;0.0
2030-12-25 10:00:00;437.3084095300815;1040.4688132120662;0.0;210.02100210021004;0.0;0.0;0.0;0.0
2030-12-25 11:00:00;437.3319603179579;1040.4688132120662;0.0;210.02100210021004;0.0;0.0;0.0;0.0
2030-12-25 12:00:00;437.3094375219723;1040.4688132120662;0.0;210.02100210021004;0.0;0.0;0.0;0.0
2030-12-25 13:00:00;437.3209891834256;1040.4688132120662;0.0;210.02100210021004;0.0;0.0;0.0;0.0
2030-12-25 14:00:00;437.3201884566378;1040.4688132120662;0.0;210.02100210021004;0.0;0.0;0.0;0.0
2030-12-25 15:00:00;437.359600700149;1040.4688132120662;0.0;210.02100210021004;0.0;0.0;0.0;0.0
2030-12-25 16:00:00;437.3691846932753;1040.4688132120662;0.0;210.02100210021004;0.0;0.0;0.0;0.0
2030-12-25 17:00:00;437.367984780633;1040.4688132120662;0.0;210.02100210021004;0.0;0.0;0.0;0.0
2030-12-25 18:00:00;437.3677233668876;1040.4688132120662;0.0;210.02100210021004;0.0;0.0;0.0;0.0
2030-12-25 19:00:00;437.3484847282714;1040.4688132120662;0.0;210.02100210021004;0.0;0.0;0.0;0.0
2030-12-25 20:00:00;437.3561787706706;1040.4688132120662;0.0;210.02100210021004;0.0;0.0;0.0;0.0
2030-12-25 21:00:00;437.3482044738956;1040.4688132120662;0.0;210.02100210021004;0.0;0.0;0.0;0.0
2030-12-25 22:00:00;437.3435779216173;1040.4688132120662;0.0;210.02100210021004;0.0;0.0;0.0;0.0
2030-12-25 23:00:00;437.327705868128;1040.4688132120662;0.0;210.02100210021004;0.0;0.0;0.0;0.0
2030-12-26 00:00:00;437.3087745672935;1040.4688132120662;0.0;210.02100210021004;0.0;0.0;0.0;0.0
2030-12-26 01:00:00;437.3200212460439;1040.4688132120662;0.0;210.02100210021004;0.0;0.0;0.0;0.0
2030-12-26 02:00:00;437.3243545910132;1040.4688132120662;0.0;210.02100210021004;0.0;0.0;0.0;0.0
2030-12-26 03:00:00;437.3253872930616;1040.4688132120662;0.0;210.02100210021004;0.0;0.0;0.0;0.0
2030-12-26 04:00:00;437.3248314944677;1040.4688132120662;0.0;210.02100210021004;0.0;0.0;0.0;0.0
2030-12-26 05:00:00;437.3382566210967;1040.4688132120662;0.0;210.02100210021004;0.0;0.0;0.0;0.0
2030-12-26 06:00:00;437.3140110849779;1040.4688132120662;0.0;210.02100210021004;0.0;0.0;0.0;0.0
2030-12-26 07:00:00;437.3160234998019;1040.4688132120662;0.0;210.02100210021004;0.0;0.0;0.0;0.0
2030-12-26 08:00:00;437.3278507054735;1040.4688132120662;0.0;210.02100210021004;0.0;0.0;0.0;0.0
2030-12-26 09:00:00;437.3566062174705;1040.4688132120662;0.0;210.02100210021004;0.0;0.0;0.0;0.0
2030-12-26 10:00:00;437.409767410944;1040.4688132120662;0.0;210.02100210021004;0.0;0.0;0.0;0.0
2030-12-26 11:00:00;437.4772474834463;1040.4688132120662;0.0;210.02100210021004;0.0;0.0;0.0;0.0
2030-12-26 12:00:00;440.0002771007656;1040.4688132120662;0.0;210.02100210021004;0.0;0.0;0.0;0.0
2030-12-26 13:00:00;440.780398428201;1040.4688132120662;0.0;210.02100210021004;0.0;0.0;0.0;0.0
2030-12-26 14:00:00;441.0022418095494;1040.4688132120662;0.0;210.02100210021004;0.0;0.0;0.0;0.0
2030-12-26 15:00:00;441.0866493188706;1040.4688132120662;0.0;210.02100210021004;0.0;0.0;0.0;0.0
2030-12-26 16:00:00;440.3318738420137;1040.4688132120662;0.0;210.02100210021004;0.0;0.0;0.0;0.0
2030-12-26 17:00:00;440.2179720355634;1040.4688132120662;0.0;210.02100210021004;0.0;0.0;0.0;0.0
2030-12-26 18:00:00;440.5287562441695;1040.4688132120662;0.0;210.02100210021004;0.0;0.0;0.0;0.0
2030-12-26 19:00:00;440.1937758528741;1040.4688132120662;0.0;210.02100210021004;0.0;0.0;0.0;0.0
2030-12-26 20:00:00;439.6010915441434;1040.4688132120662;0.0;210.02100210021004;0.0;0.0;0.0;0.0
2030-12-26 21:00:00;439.6196851068388;1040.4688132120662;0.0;210.02100210021004;0.0;0.0;0.0;0.0
2030-12-26 22:00:00;439.4128178419902;1040.4688132120662;0.0;210.02100210021004;0.0;0.0;0.0;0.0
2030-12-26 23:00:00;437.4179089183128;1040.4688132120662;0.0;210.02100210021004;0.0;0.0;0.0;0.0
2030-12-27 00:00:00;437.3492030273016;1040.4688132120662;0.0;210.02100210021004;0.0;0.0;0.0;0.0
2030-12-27 01:00:00;437.3693377733965;1040.4688132120662;0.0;210.02100210021004;0.0;0.0;0.0;0.0
2030-12-27 02:00:00;437.3769764714443;1040.4688132120662;0.0;210.02100210021004;0.0;0.0;0.0;0.0
2030-12-27 03:00:00;437.3762487520988;1040.4688132120662;0.0;210.02100210021004;0.0;0.0;0.0;0.0
2030-12-27 04:00:00;437.3676091455664;1040.4688132120662;0.0;210.02100210021004;0.0;0.0;0.0;0.0
2030-12-27 05:00:00;437.3756788230323;1040.4688132120662;0.0;210.02100210021004;0.0;0.0;0.0;0.0
2030-12-27 06:00:00;437.3924010599639;1040.4688132120662;0.0;210.02100210021004;0.0;0.0;0.0;0.0
2030-12-27 07:00:00;437.4615461731691;1040.4688132120662;0.0;210.02100210021004;0.0;0.0;0.0;0.0
2030-12-27 08:00:00;439.7957379803387;1040.4688132120662;0.0;210.02100210021004;0.0;0.0;0.0;0.0
2030-12-27 09:00:00;440.7551341209938;1040.4688132120662;0.0;210.02100210021004;0.0;0.0;0.0;0.0
2030-12-27 10:00:00;441.3533702987927;1040.4688132120662;0.0;210.02100210021004;0.0;0.0;0.0;0.0
2030-12-27 11:00:00;441.5454136999185;1040.4688132120662;0.0;210.02100210021004;0.0;0.0;0.0;0.0
2030-12-27 12:00:00;441.3635074142625;1040.4688132120662;0.0;210.02100210021004;0.0;0.0;0.0;0.0
2030-12-27 13:00:00;441.672305271531;1040.4688132120662;0.0;210.02100210021004;0.0;0.0;0.0;0.0
2030-12-27 14:00:00;443.2058215654258;1040.4688132120662;0.0;210.02100210021004;0.0;0.0;0.0;0.0
2030-12-27 15:00:00;443.3562205893023;1040.4688132120662;0.0;210.02100210021004;0.0;0.0;0.0;0.0
2030-12-27 16:00:00;443.9513253029384;1040.4688132120662;0.0;210.02100210021004;0.0;0.0;0.0;0.0
2030-12-27 17:00:00;444.0334231747051;1040.4688132120662;0.0;210.02100210021004;0.0;0.0;0.0;0.0
2030-12-27 18:00:00;444.191696751762;1040.4688132120662;0.0;210.02100210021004;0.0;0.0;0.0;0.0
2030-12-27 19:00:00;444.0523132374803;1040.4688132120662;0.0;210.02100210021004;0.0;0.0;0.0;0.0
2030-12-27 20:00:00;444.0190256913889;1040.4688132120662;0.0;210.02100210021004;0.0;0.0;0.0;0.0
2030-12-27 21:00:00;443.6434595946338;1040.4688132120662;0.0;210.02100210021004;0.0;0.0;0.0;0.0
2030-12-27 22:00:00;443.050293539906;1040.4688132120662;0.0;210.02100210021004;0.0;0.0;0.0;0.0
2030-12-27 23:00:00;441.1201813977862;1040.4688132120662;0.0;210.02100210021004;0.0;0.0;0.0;0.0
2030-12-28 00:00:00;439.7706759691272;1040.4688132120662;0.0;210.02100210021004;0.0;0.0;0.0;0.0
2030-12-28 01:00:00;438.1339317276837;1040.4688132120662;0.0;210.02100210021004;0.0;0.0;0.0;0.0
2030-12-28 02:00:00;437.3881807587765;1040.4688132120662;0.0;210.02100210021004;0.0;0.0;0.0;0.0
2030-12-28 03:00:00;437.3776288282684;1040.4688132120662;0.0;210.02100210021004;0.0;0.0;0.0;0.0
2030-12-28 04:00:00;437.343098663084;1040.4688132120662;0.0;210.02100210021004;0.0;0.0;0.0;0.0
2030-12-28 05:00:00;437.3425852559083;1040.4688132120662;0.0;210.02100210021004;0.0;0.0;0.0;0.0
2030-12-28 06:00:00;437.3511977790347;1040.4688132120662;0.0;210.02100210021004;0.0;0.0;0.0;0.0
2030-12-28 07:00:00;437.3945759752243;1040.4688132120662;0.0;210.02100210021004;0.0;0.0;0.0;0.0
2030-12-28 08:00:00;437.4357827887717;1040.4688132120662;0.0;210.02100210021004;0.0;0.0;0.0;0.0
2030-12-28 09:00:00;437.4618546884902;1040.4688132120662;0.0;210.02100210021004;0.0;0.0;0.0;0.0
2030-12-28 10:00:00;438.338296685362;1040.4688132120662;0.0;210.02100210021004;0.0;0.0;0.0;0.0
2030-12-28 11:00:00;439.3472576499927;1040.4688132120662;0.0;210.02100210021004;0.0;0.0;0.0;0.0
2030-12-28 12:00:00;512.1779631826378;1040.4688132120662;0.0;210.02100210021004;0.0;0.0;0.0;0.0
2030-12-28 13:00:00;512.1383431598575;1040.4688132120662;0.0;210.02100210021004;0.0;0.0;0.0;0.0
2030-12-28 14:00:00;512.240710337843;1040.4688132120662;0.0;210.02100210021004;0.0;0.0;0.0;0.0
2030-12-28 15:00:00;511.7447552241525;1040.4688132120662;0.0;210.02100210021004;0.0;0.0;0.0;0.0
2030-12-28 16:00:00;439.0422135720695;1040.4688132120662;0.0;210.02100210021004;0.0;0.0;0.0;0.0
2030-12-28 17:00:00;438.9875823669643;1040.4688132120662;0.0;210.02100210021004;0.0;0.0;0.0;0.0
2030-12-28 18:00:00;439.1840965308108;1040.4688132120662;0.0;210.02100210021004;0.0;0.0;0.0;0.0
2030-12-28 19:00:00;438.6422933522228;1040.4688132120662;0.0;210.02100210021004;0.0;0.0;0.0;0.0
2030-12-28 20:00:00;438.6425476844923;1040.4688132120662;0.0;210.02100210021004;0.0;0.0;0.0;0.0
2030-12-28 21:00:00;439.0729485676967;1040.4688132120662;0.0;210.02100210021004;0.0;0.0;0.0;0.0
2030-12-28 22:00:00;510.8532695981366;1040.4688132120662;0.0;210.02100210021004;0.0;0.0;0.0;0.0
2030-12-28 23:00:00;507.7193652781552;1040.4688132120662;0.0;210.02100210021004;0.0;0.0;0.0;0.0
2030-12-29 00:00:00;505.9839799087584;1040.4688132120662;0.0;210.02100210021004;0.0;0.0;0.0;0.0
2030-12-29 01:00:00;503.1860751538507;1040.4688132120662;0.0;210.02100210021004;0.0;0.0;0.0;0.0
2030-12-29 02:00:00;501.9919831209632;1040.4688132120662;0.0;210.02100210021004;0.0;0.0;0.0;0.0
2030-12-29 03:00:00;501.4314411473847;1040.4688132120662;0.0;210.02100210021004;0.0;0.0;0.0;0.0
2030-12-29 04:00:00;501.069251479702;1040.4688132120662;0.0;210.02100210021004;0.0;0.0;0.0;0.0
2030-12-29 05:00:00;501.0297347139538;1040.4688132120662;0.0;210.02100210021004;0.0;0.0;0.0;0.0
2030-12-29 06:00:00;437.1911454470871;1040.4688132120662;0.0;210.02100210021004;0.0;0.0;0.0;0.0
2030-12-29 07:00:00;437.1948853122019;1040.4688132120662;0.0;210.02100210021004;0.0;0.0;0.0;0.0
2030-12-29 08:00:00;437.1966751720805;1040.4688132120662;0.0;210.02100210021004;0.0;0.0;0.0;0.0
2030-12-29 09:00:00;437.244235988197;1040.4688132120662;0.0;210.02100210021004;0.0;0.0;0.0;0.0
2030-12-29 10:00:00;437.2873669011138;1040.4688132120662;0.0;210.02100210021004;0.0;0.0;0.0;0.0
2030-12-29 11:00:00;437.3196809371591;1040.4688132120662;0.0;210.02100210021004;0.0;0.0;0.0;0.0
2030-12-29 12:00:00;437.3292413794975;1040.4688132120662;0.0;210.02100210021004;0.0;0.0;0.0;0.0
2030-12-29 13:00:00;437.3216462504074;1040.4688132120662;0.0;210.02100210021004;0.0;0.0;0.0;0.0
2030-12-29 14:00:00;437.3169702414746;1040.4688132120662;0.0;210.02100210021004;0.0;0.0;0.0;0.0
2030-12-29 15:00:00;437.3660194673847;1040.4688132120662;0.0;210.02100210021004;0.0;0.0;0.0;0.0
2030-12-29 16:00:00;437.3705871426934;1040.4688132120662;0.0;210.02100210021004;0.0;0.0;0.0;0.0
2030-12-29 17:00:00;437.3707708388388;1040.4688132120662;0.0;210.02100210021004;0.0;0.0;0.0;0.0
2030-12-29 18:00:00;437.3950622989939;1040.4688132120662;0.0;210.02100210021004;0.0;0.0;0.0;0.0
2030-12-29 19:00:00;437.3928391046184;1040.4688132120662;0.0;210.02100210021004;0.0;0.0;0.0;0.0
2030-12-29 20:00:00;437.3934679106547;1040.4688132120662;0.0;210.02100210021004;0.0;0.0;0.0;0.0
2030-12-29 21:00:00;437.3883138207279;1040.4688132120662;0.0;210.02100210021004;0.0;0.0;0.0;0.0
2030-12-29 22:00:00;437.3780492098321;1040.4688132120662;0.0;210.02100210021004;0.0;0.0;0.0;0.0
2030-12-29 23:00:00;437.3671605030573;1040.4688132120662;0.0;210.02100210021004;0.0;0.0;0.0;0.0
2030-12-30 00:00:00;437.3445764750232;1040.4688132120662;0.0;210.02100210021004;0.0;0.0;0.0;0.0
2030-12-30 01:00:00;437.3230569426012;1040.4688132120662;0.0;210.02100210021004;0.0;0.0;0.0;0.0
2030-12-30 02:00:00;437.3206759579469;1040.4688132120662;0.0;210.02100210021004;0.0;0.0;0.0;0.0
2030-12-30 03:00:00;437.298827892034;1040.4688132120662;0.0;210.02100210021004;0.0;0.0;0.0;0.0
2030-12-30 04:00:00;437.2884419945804;1040.4688132120662;0.0;210.02100210021004;0.0;0.0;0.0;0.0
2030-12-30 05:00:00;437.28923918875;1040.4688132120662;0.0;210.02100210021004;0.0;0.0;0.0;0.0
2030-12-30 06:00:00;437.31453155739;1040.4688132120662;0.0;210.02100210021004;0.0;0.0;0.0;0.0
2030-12-30 07:00:00;437.3691246387663;1040.4688132120662;0.0;210.02100210021004;0.0;0.0;0.0;0.0
2030-12-30 08:00:00;437.4042365084112;1040.4688132120662;0.0;210.02100210021004;0.0;0.0;0.0;0.0
2030-12-30 09:00:00;437.4649233561506;1040.4688132120662;0.0;210.02100210021004;0.0;0.0;0.0;0.0
2030-12-30 10:00:00;439.7172925191677;1040.4688132120662;0.0;210.02100210021004;0.0;0.0;0.0;0.0
2030-12-30 11:00:00;440.2807810797199;1040.4688132120662;0.0;210.02100210021004;0.0;0.0;0.0;0.0
2030-12-30 12:00:00;440.2209781155721;1040.4688132120662;0.0;210.02100210021004;0.0;0.0;0.0;0.0
2030-12-30 13:00:00;439.1963752544724;1040.4688132120662;0.0;210.02100210021004;0.0;0.0;0.0;0.0
2030-12-30 14:00:00;439.1658624062117;1040.4688132120662;0.0;210.02100210021004;0.0;0.0;0.0;0.0
2030-12-30 15:00:00;438.7378138771273;1040.4688132120662;0.0;210.02100210021004;0.0;0.0;0.0;0.0
2030-12-30 16:00:00;438.7790244561191;1040.4688132120662;0.0;210.02100210021004;0.0;0.0;0.0;0.0
2030-12-30 17:00:00;440.0492596963116;1040.4688132120662;0.0;210.02100210021004;0.0;0.0;0.0;0.0
2030-12-30 18:00:00;440.5648728899636;1040.4688132120662;0.0;210.02100210021004;0.0;0.0;0.0;0.0
2030-12-30 19:00:00;440.0722331466271;1040.4688132120662;0.0;210.02100210021004;0.0;0.0;0.0;0.0
2030-12-30 20:00:00;440.8420366684489;1040.4688132120662;0.0;210.02100210021004;0.0;0.0;0.0;0.0
2030-12-30 21:00:00;440.4015094160773;1040.4688132120662;0.0;210.02100210021004;0.0;0.0;0.0;0.0
2030-12-30 22:00:00;440.0034650484576;1040.4688132120662;0.0;210.02100210021004;0.0;0.0;0.0;0.0
2030-12-30 23:00:00;439.408538278682;1040.4688132120662;0.0;210.02100210021004;0.0;0.0;0.0;0.0
2030-12-31 00:00:00;439.0839499350242;1040.4688132120662;0.0;210.02100210021004;0.0;0.0;0.0;0.0
2030-12-31 01:00:00;438.6953805657618;1040.4688132120662;0.0;210.02100210021004;0.0;0.0;0.0;0.0
2030-12-31 02:00:00;438.9374079775576;1040.4688132120662;0.0;210.02100210021004;0.0;0.0;0.0;0.0
2030-12-31 03:00:00;439.4891553563816;1040.4688132120662;0.0;210.02100210021004;0.0;0.0;0.0;0.0
2030-12-31 04:00:00;439.0024399264258;1040.4688132120662;0.0;210.02100210021004;0.0;0.0;0.0;0.0
2030-12-31 05:00:00;439.6315479646545;1040.4688132120662;0.0;210.02100210021004;0.0;0.0;0.0;0.0
2030-12-31 06:00:00;440.1052439771981;1040.4688132120662;0.0;210.02100210021004;0.0;0.0;0.0;0.0
2030-12-31 07:00:00;440.7350691640147;1040.4688132120662;0.0;210.02100210021004;0.0;0.0;0.0;0.0
2030-12-31 08:00:00;440.4152035299081;1040.4688132120662;0.0;210.02100210021004;0.0;0.0;0.0;0.0
2030-12-31 09:00:00;440.9582844500882;1040.4688132120662;0.0;210.02100210021004;0.0;0.0;0.0;0.0
2030-12-31 10:00:00;440.2807730563247;1040.4688132120662;0.0;210.02100210021004;0.0;0.0;0.0;0.0
2030-12-31 11:00:00;442.0633349831371;1040.4688132120662;0.0;210.02100210021004;0.0;0.0;0.0;0.0
2030-12-31 12:00:00;440.2849619226749;1040.4688132120662;0.0;210.02100210021004;0.0;0.0;0.0;0.0
2030-12-31 13:00:00;441.8115269416886;1040.4688132120662;0.0;210.02100210021004;0.0;0.0;0.0;0.0
2030-12-31 14:00:00;442.5701139754359;1040.4688132120662;0.0;210.02100210021004;0.0;0.0;0.0;0.0
2030-12-31 15:00:00;442.6983150368153;1040.4688132120662;0.0;210.02100210021004;0.0;0.0;0.0;0.0
2030-12-31 16:00:00;442.7989457671499;1040.4688132120662;0.0;210.02100210021004;0.0;0.0;0.0;0.0
2030-12-31 17:00:00;442.643686379336;1040.4688132120662;0.0;210.02100210021004;0.0;0.0;0.0;0.0
2030-12-31 18:00:00;443.0616793816051;1040.4688132120662;0.0;210.02100210021004;0.0;0.0;0.0;0.0
2030-12-31 19:00:00;443.0474864646252;1040.4688132120662;0.0;210.02100210021004;0.0;0.0;0.0;0.0
2030-12-31 20:00:00;442.598245092032;1040.4688132120662;0.0;210.02100210021004;0.0;0.0;0.0;0.0
2030-12-31 21:00:00;442.0553193573489;1040.4688132120662;0.0;210.02100210021004;0.0;0.0;0.0;0.0
2030-12-31 22:00:00;441.9477449989427;1040.4688132120662;0.0;210.02100210021004;0.0;0.0;0.0;0.0
2030-12-31 23:00:00;441.6906280826748;1040.4688132120662;0.0;210.02100210021004;0.0;0.0;0.0;0.0
