timestep;Demand;Import limit;Export limit;Import price;Export price;Import emission factor;Export emission factor;Generic production
2030-01-01 00:00:00;79.63307064594704;0.0;0.0;0.0;0.0;0.0;0.0;0.0
2030-01-01 01:00:00;79.62413365633022;0.0;0.0;0.0;0.0;0.0;0.0;0.0
2030-01-01 02:00:00;79.51065224999655;0.0;0.0;0.0;0.0;0.0;0.0;0.0
2030-01-01 03:00:00;79.44835230627844;0.0;0.0;0.0;0.0;0.0;0.0;0.0
2030-01-01 04:00:00;79.4329790946085;0.0;0.0;0.0;0.0;0.0;0.0;0.0
2030-01-01 05:00:00;79.41520788664457;0.0;0.0;0.0;0.0;0.0;0.0;0.0
2030-01-01 06:00:00;79.41112444152678;0.0;0.0;0.0;0.0;0.0;0.0;0.0
2030-01-01 07:00:00;79.27636116065477;0.0;0.0;0.0;0.0;0.0;0.0;0.0
2030-01-01 08:00:00;79.274753817996;0.0;0.0;0.0;0.0;0.0;0.0;0.0
2030-01-01 09:00:00;79.2976115186704;0.0;0.0;0.0;0.0;0.0;0.0;0.0
2030-01-01 10:00:00;79.34075900855923;0.0;0.0;0.0;0.0;0.0;0.0;0.0
2030-01-01 11:00:00;79.38674161520939;0.0;0.0;0.0;0.0;0.0;0.0;0.0
2030-01-01 12:00:00;79.4054857245269;0.0;0.0;0.0;0.0;0.0;0.0;0.0
2030-01-01 13:00:00;79.41822251055702;0.0;0.0;0.0;0.0;0.0;0.0;0.0
2030-01-01 14:00:00;79.41861030081483;0.0;0.0;0.0;0.0;0.0;0.0;0.0
2030-01-01 15:00:00;79.40678338309286;0.0;0.0;0.0;0.0;0.0;0.0;0.0
2030-01-01 16:00:00;79.41332511698288;0.0;0.0;0.0;0.0;0.0;0.0;0.0
2030-01-01 17:00:00;79.40738356730814;0.0;0.0;0.0;0.0;0.0;0.0;0.0
2030-01-01 18:00:00;79.42418050363491;0.0;0.0;0.0;0.0;0.0;0.0;0.0
2030-01-01 19:00:00;79.4110340028094;0.0;0.0;0.0;0.0;0.0;0.0;0.0
2030-01-01 20:00:00;79.4019175060414;0.0;0.0;0.0;0.0;0.0;0.0;0.0
2030-01-01 21:00:00;79.39949484464267;0.0;0.0;0.0;0.0;0.0;0.0;0.0
2030-01-01 22:00:00;79.35270925180492;0.0;0.0;0.0;0.0;0.0;0.0;0.0
2030-01-01 23:00:00;79.32092552378246;0.0;0.0;0.0;0.0;0.0;0.0;0.0
2030-01-02 00:00:00;79.28473770428062;0.0;0.0;0.0;0.0;0.0;0.0;0.0
2030-01-02 01:00:00;79.2963686714483;0.0;0.0;0.0;0.0;0.0;0.0;0.0
2030-01-02 02:00:00;79.29817744579579;0.0;0.0;0.0;0.0;0.0;0.0;0.0
2030-01-02 03:00:00;79.29130410327538;0.0;0.0;0.0;0.0;0.0;0.0;0.0
2030-01-02 04:00:00;79.28887459045868;0.0;0.0;0.0;0.0;0.0;0.0;0.0
2030-01-02 05:00:00;79.27536770504724;0.0;0.0;0.0;0.0;0.0;0.0;0.0
2030-01-02 06:00:00;79.26568802172108;0.0;0.0;0.0;0.0;0.0;0.0;0.0
2030-01-02 07:00:00;79.33102588417279;0.0;0.0;0.0;0.0;0.0;0.0;0.0
2030-01-02 08:00:00;79.43067427759905;0.0;0.0;0.0;0.0;0.0;0.0;0.0
2030-01-02 09:00:00;79.59123725802732;0.0;0.0;0.0;0.0;0.0;0.0;0.0
2030-01-02 10:00:00;79.73249157229628;0.0;0.0;0.0;0.0;0.0;0.0;0.0
2030-01-02 11:00:00;79.79241681454155;0.0;0.0;0.0;0.0;0.0;0.0;0.0
2030-01-02 12:00:00;79.85158566024151;0.0;0.0;0.0;0.0;0.0;0.0;0.0
2030-01-02 13:00:00;79.8004699712386;0.0;0.0;0.0;0.0;0.0;0.0;0.0
2030-01-02 14:00:00;79.80429443275662;0.0;0.0;0.0;0.0;0.0;0.0;0.0
2030-01-02 15:00:00;79.72844238426842;0.0;0.0;0.0;0.0;0.0;0.0;0.0
2030-01-02 16:00:00;79.73766165230614;0.0;0.0;0.0;0.0;0.0;0.0;0.0
2030-01-02 17:00:00;79.75344731933868;0.0;0.0;0.0;0.0;0.0;0.0;0.0
2030-01-02 18:00:00;79.82167510989554;0.0;0.0;0.0;0.0;0.0;0.0;0.0
2030-01-02 19:00:00;79.77001678858839;0.0;0.0;0.0;0.0;0.0;0.0;0.0
2030-01-02 20:00:00;79.92721298221987;0.0;0.0;0.0;0.0;0.0;0.0;0.0
2030-01-02 21:00:00;79.8355615638632;0.0;0.0;0.0;0.0;0.0;0.0;0.0
2030-01-02 22:00:00;79.7907642525241;0.0;0.0;0.0;0.0;0.0;0.0;0.0
2030-01-02 23:00:00;79.78756052947531;0.0;0.0;0.0;0.0;0.0;0.0;0.0
2030-01-03 00:00:00;79.75993698245202;0.0;0.0;0.0;0.0;0.0;0.0;0.0
2030-01-03 01:00:00;79.67467382622254;0.0;0.0;0.0;0.0;0.0;0.0;0.0
2030-01-03 02:00:00;79.61445534328763;0.0;0.0;0.0;0.0;0.0;0.0;0.0
2030-01-03 03:00:00;79.55973717870933;0.0;0.0;0.0;0.0;0.0;0.0;0.0
2030-01-03 04:00:00;79.51712683999035;0.0;0.0;0.0;0.0;0.0;0.0;0.0
2030-01-03 05:00:00;79.51413277033186;0.0;0.0;0.0;0.0;0.0;0.0;0.0
2030-01-03 06:00:00;79.59409292904256;0.0;0.0;0.0;0.0;0.0;0.0;0.0
2030-01-03 07:00:00;79.7653756380468;0.0;0.0;0.0;0.0;0.0;0.0;0.0
2030-01-03 08:00:00;79.80275423399408;0.0;0.0;0.0;0.0;0.0;0.0;0.0
2030-01-03 09:00:00;79.81760673789732;0.0;0.0;0.0;0.0;0.0;0.0;0.0
2030-01-03 10:00:00;79.91031875575776;0.0;0.0;0.0;0.0;0.0;0.0;0.0
2030-01-03 11:00:00;79.90793994343412;0.0;0.0;0.0;0.0;0.0;0.0;0.0
2030-01-03 12:00:00;79.84697602622263;0.0;0.0;0.0;0.0;0.0;0.0;0.0
2030-01-03 13:00:00;79.8181740353063;0.0;0.0;0.0;0.0;0.0;0.0;0.0
2030-01-03 14:00:00;79.84493019281297;0.0;0.0;0.0;0.0;0.0;0.0;0.0
2030-01-03 15:00:00;79.85905096527563;0.0;0.0;0.0;0.0;0.0;0.0;0.0
2030-01-03 16:00:00;79.93047151661251;0.0;0.0;0.0;0.0;0.0;0.0;0.0
2030-01-03 17:00:00;80.05400669369422;0.0;0.0;0.0;0.0;0.0;0.0;0.0
2030-01-03 18:00:00;80.02007847184312;0.0;0.0;0.0;0.0;0.0;0.0;0.0
2030-01-03 19:00:00;80.01093730997039;0.0;0.0;0.0;0.0;0.0;0.0;0.0
2030-01-03 20:00:00;79.96103432195046;0.0;0.0;0.0;0.0;0.0;0.0;0.0
2030-01-03 21:00:00;79.91366498830058;0.0;0.0;0.0;0.0;0.0;0.0;0.0
2030-01-03 22:00:00;79.9353935752914;0.0;0.0;0.0;0.0;0.0;0.0;0.0
2030-01-03 23:00:00;79.75723341291598;0.0;0.0;0.0;0.0;0.0;0.0;0.0
2030-01-04 00:00:00;79.77667499658415;0.0;0.0;0.0;0.0;0.0;0.0;0.0
2030-01-04 01:00:00;79.70598617668782;0.0;0.0;0.0;0.0;0.0;0.0;0.0
2030-01-04 02:00:00;79.62117110319443;0.0;0.0;0.0;0.0;0.0;0.0;0.0
2030-01-04 03:00:00;79.60508808462146;0.0;0.0;0.0;0.0;0.0;0.0;0.0
2030-01-04 04:00:00;79.55641561127125;0.0;0.0;0.0;0.0;0.0;0.0;0.0
2030-01-04 05:00:00;79.5665515990351;0.0;0.0;0.0;0.0;0.0;0.0;0.0
2030-01-04 06:00:00;79.54565614447097;0.0;0.0;0.0;0.0;0.0;0.0;0.0
2030-01-04 07:00:00;79.80440268516075;0.0;0.0;0.0;0.0;0.0;0.0;0.0
2030-01-04 08:00:00;79.89688312509337;0.0;0.0;0.0;0.0;0.0;0.0;0.0
2030-01-04 09:00:00;79.9582951250409;0.0;0.0;0.0;0.0;0.0;0.0;0.0
2030-01-04 10:00:00;79.95433637573042;0.0;0.0;0.0;0.0;0.0;0.0;0.0
2030-01-04 11:00:00;79.99168482543857;0.0;0.0;0.0;0.0;0.0;0.0;0.0
2030-01-04 12:00:00;79.99595873997627;0.0;0.0;0.0;0.0;0.0;0.0;0.0
2030-01-04 13:00:00;79.97427537234412;0.0;0.0;0.0;0.0;0.0;0.0;0.0
2030-01-04 14:00:00;79.97459738898932;0.0;0.0;0.0;0.0;0.0;0.0;0.0
2030-01-04 15:00:00;79.974004056192;0.0;0.0;0.0;0.0;0.0;0.0;0.0
2030-01-04 16:00:00;79.98602144333393;0.0;0.0;0.0;0.0;0.0;0.0;0.0
2030-01-04 17:00:00;79.98790010214485;0.0;0.0;0.0;0.0;0.0;0.0;0.0
2030-01-04 18:00:00;79.94206685640671;0.0;0.0;0.0;0.0;0.0;0.0;0.0
2030-01-04 19:00:00;79.87599863279802;0.0;0.0;0.0;0.0;0.0;0.0;0.0
2030-01-04 20:00:00;79.77844266242371;0.0;0.0;0.0;0.0;0.0;0.0;0.0
2030-01-04 21:00:00;79.71546442832528;0.0;0.0;0.0;0.0;0.0;0.0;0.0
2030-01-04 22:00:00;79.68898232753796;0.0;0.0;0.0;0.0;0.0;0.0;0.0
2030-01-04 23:00:00;79.56577875908664;0.0;0.0;0.0;0.0;0.0;0.0;0.0
2030-01-05 00:00:00;79.49517763734048;0.0;0.0;0.0;0.0;0.0;0.0;0.0
2030-01-05 01:00:00;79.47908091593155;0.0;0.0;0.0;0.0;0.0;0.0;0.0
2030-01-05 02:00:00;79.46452302300158;0.0;0.0;0.0;0.0;0.0;0.0;0.0
2030-01-05 03:00:00;79.37606299514133;0.0;0.0;0.0;0.0;0.0;0.0;0.0
2030-01-05 04:00:00;79.45099421305264;0.0;0.0;0.0;0.0;0.0;0.0;0.0
2030-01-05 05:00:00;79.43975651727715;0.0;0.0;0.0;0.0;0.0;0.0;0.0
2030-01-05 06:00:00;79.41548057308027;0.0;0.0;0.0;0.0;0.0;0.0;0.0
2030-01-05 07:00:00;79.41314286926453;0.0;0.0;0.0;0.0;0.0;0.0;0.0
2030-01-05 08:00:00;79.48067181518716;0.0;0.0;0.0;0.0;0.0;0.0;0.0
2030-01-05 09:00:00;79.54654271795795;0.0;0.0;0.0;0.0;0.0;0.0;0.0
2030-01-05 10:00:00;79.65426071148443;0.0;0.0;0.0;0.0;0.0;0.0;0.0
2030-01-05 11:00:00;79.64768335022089;0.0;0.0;0.0;0.0;0.0;0.0;0.0
2030-01-05 12:00:00;79.67647574915205;0.0;0.0;0.0;0.0;0.0;0.0;0.0
2030-01-05 13:00:00;79.67922453804675;0.0;0.0;0.0;0.0;0.0;0.0;0.0
2030-01-05 14:00:00;79.72767639573794;0.0;0.0;0.0;0.0;0.0;0.0;0.0
2030-01-05 15:00:00;79.72720364789711;0.0;0.0;0.0;0.0;0.0;0.0;0.0
2030-01-05 16:00:00;79.71420513770003;0.0;0.0;0.0;0.0;0.0;0.0;0.0
2030-01-05 17:00:00;79.71122614116109;0.0;0.0;0.0;0.0;0.0;0.0;0.0
2030-01-05 18:00:00;79.72278859414897;0.0;0.0;0.0;0.0;0.0;0.0;0.0
2030-01-05 19:00:00;79.71903401709437;0.0;0.0;0.0;0.0;0.0;0.0;0.0
2030-01-05 20:00:00;79.71168381588235;0.0;0.0;0.0;0.0;0.0;0.0;0.0
2030-01-05 21:00:00;79.67119878702164;0.0;0.0;0.0;0.0;0.0;0.0;0.0
2030-01-05 22:00:00;79.63875595258924;0.0;0.0;0.0;0.0;0.0;0.0;0.0
2030-01-05 23:00:00;79.6222961060272;0.0;0.0;0.0;0.0;0.0;0.0;0.0
2030-01-06 00:00:00;79.50930800178833;0.0;0.0;0.0;0.0;0.0;0.0;0.0
2030-01-06 01:00:00;79.5486762495178;0.0;0.0;0.0;0.0;0.0;0.0;0.0
2030-01-06 02:00:00;79.48878252379527;0.0;0.0;0.0;0.0;0.0;0.0;0.0
2030-01-06 03:00:00;79.46094658281453;0.0;0.0;0.0;0.0;0.0;0.0;0.0
2030-01-06 04:00:00;79.46529312238283;0.0;0.0;0.0;0.0;0.0;0.0;0.0
2030-01-06 05:00:00;79.38934104319209;0.0;0.0;0.0;0.0;0.0;0.0;0.0
2030-01-06 06:00:00;79.38626612680137;0.0;0.0;0.0;0.0;0.0;0.0;0.0
2030-01-06 07:00:00;79.4635131239909;0.0;0.0;0.0;0.0;0.0;0.0;0.0
2030-01-06 08:00:00;79.50702373903283;0.0;0.0;0.0;0.0;0.0;0.0;0.0
2030-01-06 09:00:00;79.55023837281792;0.0;0.0;0.0;0.0;0.0;0.0;0.0
2030-01-06 10:00:00;79.67405719860412;0.0;0.0;0.0;0.0;0.0;0.0;0.0
2030-01-06 11:00:00;79.70728383525376;0.0;0.0;0.0;0.0;0.0;0.0;0.0
2030-01-06 12:00:00;79.75919976987706;0.0;0.0;0.0;0.0;0.0;0.0;0.0
2030-01-06 13:00:00;79.79538210824452;0.0;0.0;0.0;0.0;0.0;0.0;0.0
2030-01-06 14:00:00;79.75341854338312;0.0;0.0;0.0;0.0;0.0;0.0;0.0
2030-01-06 15:00:00;79.76759686775685;0.0;0.0;0.0;0.0;0.0;0.0;0.0
2030-01-06 16:00:00;79.76884108526255;0.0;0.0;0.0;0.0;0.0;0.0;0.0
2030-01-06 17:00:00;79.79594255423552;0.0;0.0;0.0;0.0;0.0;0.0;0.0
2030-01-06 18:00:00;79.79540814363287;0.0;0.0;0.0;0.0;0.0;0.0;0.0
2030-01-06 19:00:00;79.77046761189166;0.0;0.0;0.0;0.0;0.0;0.0;0.0
2030-01-06 20:00:00;79.75408039036029;0.0;0.0;0.0;0.0;0.0;0.0;0.0
2030-01-06 21:00:00;79.74990513624152;0.0;0.0;0.0;0.0;0.0;0.0;0.0
2030-01-06 22:00:00;79.735800807182;0.0;0.0;0.0;0.0;0.0;0.0;0.0
2030-01-06 23:00:00;79.6427667726764;0.0;0.0;0.0;0.0;0.0;0.0;0.0
2030-01-07 00:00:00;79.45784700131907;0.0;0.0;0.0;0.0;0.0;0.0;0.0
2030-01-07 01:00:00;79.49334556817186;0.0;0.0;0.0;0.0;0.0;0.0;0.0
2030-01-07 02:00:00;79.49105719456558;0.0;0.0;0.0;0.0;0.0;0.0;0.0
2030-01-07 03:00:00;79.49991607801742;0.0;0.0;0.0;0.0;0.0;0.0;0.0
2030-01-07 04:00:00;79.52739848583025;0.0;0.0;0.0;0.0;0.0;0.0;0.0
2030-01-07 05:00:00;79.46677302866715;0.0;0.0;0.0;0.0;0.0;0.0;0.0
2030-01-07 06:00:00;79.50017506161716;0.0;0.0;0.0;0.0;0.0;0.0;0.0
2030-01-07 07:00:00;79.84083167457561;0.0;0.0;0.0;0.0;0.0;0.0;0.0
2030-01-07 08:00:00;79.96804469283052;0.0;0.0;0.0;0.0;0.0;0.0;0.0
2030-01-07 09:00:00;80.0090983893838;0.0;0.0;0.0;0.0;0.0;0.0;0.0
2030-01-07 10:00:00;80.0296773084371;0.0;0.0;0.0;0.0;0.0;0.0;0.0
2030-01-07 11:00:00;80.0355996741415;0.0;0.0;0.0;0.0;0.0;0.0;0.0
2030-01-07 12:00:00;80.04463121332648;0.0;0.0;0.0;0.0;0.0;0.0;0.0
2030-01-07 13:00:00;80.06487989403303;0.0;0.0;0.0;0.0;0.0;0.0;0.0
2030-01-07 14:00:00;80.02924703938778;0.0;0.0;0.0;0.0;0.0;0.0;0.0
2030-01-07 15:00:00;79.99542021852282;0.0;0.0;0.0;0.0;0.0;0.0;0.0
2030-01-07 16:00:00;79.99549010298624;0.0;0.0;0.0;0.0;0.0;0.0;0.0
2030-01-07 17:00:00;80.00372276683444;0.0;0.0;0.0;0.0;0.0;0.0;0.0
2030-01-07 18:00:00;79.96848729443221;0.0;0.0;0.0;0.0;0.0;0.0;0.0
2030-01-07 19:00:00;79.84079056606771;0.0;0.0;0.0;0.0;0.0;0.0;0.0
2030-01-07 20:00:00;79.65659978558378;0.0;0.0;0.0;0.0;0.0;0.0;0.0
2030-01-07 21:00:00;79.56445095428154;0.0;0.0;0.0;0.0;0.0;0.0;0.0
2030-01-07 22:00:00;79.52333833553361;0.0;0.0;0.0;0.0;0.0;0.0;0.0
2030-01-07 23:00:00;79.43479472037394;0.0;0.0;0.0;0.0;0.0;0.0;0.0
2030-01-08 00:00:00;79.37632883015904;0.0;0.0;0.0;0.0;0.0;0.0;0.0
2030-01-08 01:00:00;79.34127560547515;0.0;0.0;0.0;0.0;0.0;0.0;0.0
2030-01-08 02:00:00;79.32055828777858;0.0;0.0;0.0;0.0;0.0;0.0;0.0
2030-01-08 03:00:00;79.28579145236638;0.0;0.0;0.0;0.0;0.0;0.0;0.0
2030-01-08 04:00:00;79.28362503400018;0.0;0.0;0.0;0.0;0.0;0.0;0.0
2030-01-08 05:00:00;79.3114349395926;0.0;0.0;0.0;0.0;0.0;0.0;0.0
2030-01-08 06:00:00;79.346126409407;0.0;0.0;0.0;0.0;0.0;0.0;0.0
2030-01-08 07:00:00;79.45038717741933;0.0;0.0;0.0;0.0;0.0;0.0;0.0
2030-01-08 08:00:00;79.57571742601256;0.0;0.0;0.0;0.0;0.0;0.0;0.0
2030-01-08 09:00:00;79.72229940290498;0.0;0.0;0.0;0.0;0.0;0.0;0.0
2030-01-08 10:00:00;79.64334366207056;0.0;0.0;0.0;0.0;0.0;0.0;0.0
2030-01-08 11:00:00;79.56605418608953;0.0;0.0;0.0;0.0;0.0;0.0;0.0
2030-01-08 12:00:00;79.50958753964201;0.0;0.0;0.0;0.0;0.0;0.0;0.0
2030-01-08 13:00:00;79.53560237372292;0.0;0.0;0.0;0.0;0.0;0.0;0.0
2030-01-08 14:00:00;79.52333833553361;0.0;0.0;0.0;0.0;0.0;0.0;0.0
2030-01-08 15:00:00;79.52444552467963;0.0;0.0;0.0;0.0;0.0;0.0;0.0
2030-01-08 16:00:00;79.53074608865668;0.0;0.0;0.0;0.0;0.0;0.0;0.0
2030-01-08 17:00:00;86.01531311732326;0.0;0.0;0.0;0.0;0.0;0.0;0.0
2030-01-08 18:00:00;85.6302236884624;0.0;0.0;0.0;0.0;0.0;0.0;0.0
2030-01-08 19:00:00;85.94481476684686;0.0;0.0;0.0;0.0;0.0;0.0;0.0
2030-01-08 20:00:00;85.875934721298;0.0;0.0;0.0;0.0;0.0;0.0;0.0
2030-01-08 21:00:00;85.80711222766021;0.0;0.0;0.0;0.0;0.0;0.0;0.0
2030-01-08 22:00:00;85.73054489113458;0.0;0.0;0.0;0.0;0.0;0.0;0.0
2030-01-08 23:00:00;85.61539036852952;0.0;0.0;0.0;0.0;0.0;0.0;0.0
2030-01-09 00:00:00;85.52134643501321;0.0;0.0;0.0;0.0;0.0;0.0;0.0
2030-01-09 01:00:00;79.27703945103508;0.0;0.0;0.0;0.0;0.0;0.0;0.0
2030-01-09 02:00:00;79.28199987765464;0.0;0.0;0.0;0.0;0.0;0.0;0.0
2030-01-09 03:00:00;79.28552150649784;0.0;0.0;0.0;0.0;0.0;0.0;0.0
2030-01-09 04:00:00;79.30866696672754;0.0;0.0;0.0;0.0;0.0;0.0;0.0
2030-01-09 05:00:00;79.29987385688835;0.0;0.0;0.0;0.0;0.0;0.0;0.0
2030-01-09 06:00:00;79.36687935447709;0.0;0.0;0.0;0.0;0.0;0.0;0.0
2030-01-09 07:00:00;86.03761311257388;0.0;0.0;0.0;0.0;0.0;0.0;0.0
2030-01-09 08:00:00;85.68357842086212;0.0;0.0;0.0;0.0;0.0;0.0;0.0
2030-01-09 09:00:00;79.84945760981603;0.0;0.0;0.0;0.0;0.0;0.0;0.0
2030-01-09 10:00:00;79.89064148331097;0.0;0.0;0.0;0.0;0.0;0.0;0.0
2030-01-09 11:00:00;79.79785821070354;0.0;0.0;0.0;0.0;0.0;0.0;0.0
2030-01-09 12:00:00;79.78046246044507;0.0;0.0;0.0;0.0;0.0;0.0;0.0
2030-01-09 13:00:00;79.78293719262048;0.0;0.0;0.0;0.0;0.0;0.0;0.0
2030-01-09 14:00:00;79.79978071858953;0.0;0.0;0.0;0.0;0.0;0.0;0.0
2030-01-09 15:00:00;79.82463492246413;0.0;0.0;0.0;0.0;0.0;0.0;0.0
2030-01-09 16:00:00;79.8319262014815;0.0;0.0;0.0;0.0;0.0;0.0;0.0
2030-01-09 17:00:00;79.8500290180758;0.0;0.0;0.0;0.0;0.0;0.0;0.0
2030-01-09 18:00:00;79.90652169991165;0.0;0.0;0.0;0.0;0.0;0.0;0.0
2030-01-09 19:00:00;79.9028260450517;0.0;0.0;0.0;0.0;0.0;0.0;0.0
2030-01-09 20:00:00;80.0025429526578;0.0;0.0;0.0;0.0;0.0;0.0;0.0
2030-01-09 21:00:00;79.95114361495041;0.0;0.0;0.0;0.0;0.0;0.0;0.0
2030-01-09 22:00:00;85.52579163500052;0.0;0.0;0.0;0.0;0.0;0.0;0.0
2030-01-09 23:00:00;79.7141859537297;0.0;0.0;0.0;0.0;0.0;0.0;0.0
2030-01-10 00:00:00;79.5820919853038;0.0;0.0;0.0;0.0;0.0;0.0;0.0
2030-01-10 01:00:00;79.6828091999354;0.0;0.0;0.0;0.0;0.0;0.0;0.0
2030-01-10 02:00:00;79.6651805014655;0.0;0.0;0.0;0.0;0.0;0.0;0.0
2030-01-10 03:00:00;79.6886013886981;0.0;0.0;0.0;0.0;0.0;0.0;0.0
2030-01-10 04:00:00;79.68937148807936;0.0;0.0;0.0;0.0;0.0;0.0;0.0
2030-01-10 05:00:00;86.1583857979249;0.0;0.0;0.0;0.0;0.0;0.0;0.0
2030-01-10 06:00:00;86.23184807182068;0.0;0.0;0.0;0.0;0.0;0.0;0.0
2030-01-10 07:00:00;86.47407995460459;0.0;0.0;0.0;0.0;0.0;0.0;0.0
2030-01-10 08:00:00;86.49020408168545;0.0;0.0;0.0;0.0;0.0;0.0;0.0
2030-01-10 09:00:00;86.48540671881386;0.0;0.0;0.0;0.0;0.0;0.0;0.0
2030-01-10 10:00:00;80.66768409156795;0.0;0.0;0.0;0.0;0.0;0.0;0.0
2030-01-10 11:00:00;80.06588979304368;0.0;0.0;0.0;0.0;0.0;0.0;0.0
2030-01-10 12:00:00;80.06991020511605;0.0;0.0;0.0;0.0;0.0;0.0;0.0
2030-01-10 13:00:00;80.07162442989537;0.0;0.0;0.0;0.0;0.0;0.0;0.0
2030-01-10 14:00:00;80.05460961847672;0.0;0.0;0.0;0.0;0.0;0.0;0.0
2030-01-10 15:00:00;79.94763979979396;0.0;0.0;0.0;0.0;0.0;0.0;0.0
2030-01-10 16:00:00;80.03842930976842;0.0;0.0;0.0;0.0;0.0;0.0;0.0
2030-01-10 17:00:00;80.02424002312591;0.0;0.0;0.0;0.0;0.0;0.0;0.0
2030-01-10 18:00:00;80.00531640665726;0.0;0.0;0.0;0.0;0.0;0.0;0.0
2030-01-10 19:00:00;84.05664892835445;0.0;0.0;0.0;0.0;0.0;0.0;0.0
2030-01-10 20:00:00;80.0641646059956;0.0;0.0;0.0;0.0;0.0;0.0;0.0
2030-01-10 21:00:00;80.03355932186619;0.0;0.0;0.0;0.0;0.0;0.0;0.0
2030-01-10 22:00:00;79.97779837147093;0.0;0.0;0.0;0.0;0.0;0.0;0.0
2030-01-10 23:00:00;79.91433094612852;0.0;0.0;0.0;0.0;0.0;0.0;0.0
2030-01-11 00:00:00;79.71444219676228;0.0;0.0;0.0;0.0;0.0;0.0;0.0
2030-01-11 01:00:00;79.69824681493438;0.0;0.0;0.0;0.0;0.0;0.0;0.0
2030-01-11 02:00:00;79.6550732896572;0.0;0.0;0.0;0.0;0.0;0.0;0.0
2030-01-11 03:00:00;79.58762793103395;0.0;0.0;0.0;0.0;0.0;0.0;0.0
2030-01-11 04:00:00;79.61347970136688;0.0;0.0;0.0;0.0;0.0;0.0;0.0
2030-01-11 05:00:00;79.57256303317325;0.0;0.0;0.0;0.0;0.0;0.0;0.0
2030-01-11 06:00:00;79.62080660775773;0.0;0.0;0.0;0.0;0.0;0.0;0.0
2030-01-11 07:00:00;79.79071355203102;0.0;0.0;0.0;0.0;0.0;0.0;0.0
2030-01-11 08:00:00;86.43161486594684;0.0;0.0;0.0;0.0;0.0;0.0;0.0
2030-01-11 09:00:00;86.40299238218167;0.0;0.0;0.0;0.0;0.0;0.0;0.0
2030-01-11 10:00:00;82.0958676512289;0.0;0.0;0.0;0.0;0.0;0.0;0.0
2030-01-11 11:00:00;86.37257071605418;0.0;0.0;0.0;0.0;0.0;0.0;0.0
2030-01-11 12:00:00;86.3838317066508;0.0;0.0;0.0;0.0;0.0;0.0;0.0
2030-01-11 13:00:00;86.35164374496736;0.0;0.0;0.0;0.0;0.0;0.0;0.0
2030-01-11 14:00:00;86.2981465030736;0.0;0.0;0.0;0.0;0.0;0.0;0.0
2030-01-11 15:00:00;86.3073753630965;0.0;0.0;0.0;0.0;0.0;0.0;0.0
2030-01-11 16:00:00;80.89261477366156;0.0;0.0;0.0;0.0;0.0;0.0;0.0
2030-01-11 17:00:00;79.89936744925396;0.0;0.0;0.0;0.0;0.0;0.0;0.0
2030-01-11 18:00:00;79.9230486903699;0.0;0.0;0.0;0.0;0.0;0.0;0.0
2030-01-11 19:00:00;79.87734836214064;0.0;0.0;0.0;0.0;0.0;0.0;0.0
2030-01-11 20:00:00;79.78145317548538;0.0;0.0;0.0;0.0;0.0;0.0;0.0
2030-01-11 21:00:00;79.55970429190302;0.0;0.0;0.0;0.0;0.0;0.0;0.0
2030-01-11 22:00:00;79.53836075460282;0.0;0.0;0.0;0.0;0.0;0.0;0.0
2030-01-11 23:00:00;79.50704703385396;0.0;0.0;0.0;0.0;0.0;0.0;0.0
2030-01-12 00:00:00;79.47112641965344;0.0;0.0;0.0;0.0;0.0;0.0;0.0
2030-01-12 01:00:00;79.38774466280208;0.0;0.0;0.0;0.0;0.0;0.0;0.0
2030-01-12 02:00:00;79.29092864556993;0.0;0.0;0.0;0.0;0.0;0.0;0.0
2030-01-12 03:00:00;79.26581545809555;0.0;0.0;0.0;0.0;0.0;0.0;0.0
2030-01-12 04:00:00;79.25866120743785;0.0;0.0;0.0;0.0;0.0;0.0;0.0
2030-01-12 05:00:00;79.26123322974863;0.0;0.0;0.0;0.0;0.0;0.0;0.0
2030-01-12 06:00:00;79.26919320716111;0.0;0.0;0.0;0.0;0.0;0.0;0.0
2030-01-12 07:00:00;79.36565980207614;0.0;0.0;0.0;0.0;0.0;0.0;0.0
2030-01-12 08:00:00;79.42026697368311;0.0;0.0;0.0;0.0;0.0;0.0;0.0
2030-01-12 09:00:00;79.46335143052652;0.0;0.0;0.0;0.0;0.0;0.0;0.0
2030-01-12 10:00:00;79.47776544367883;0.0;0.0;0.0;0.0;0.0;0.0;0.0
2030-01-12 11:00:00;79.48341101209671;0.0;0.0;0.0;0.0;0.0;0.0;0.0
2030-01-12 12:00:00;79.48088009829385;0.0;0.0;0.0;0.0;0.0;0.0;0.0
2030-01-12 13:00:00;79.4779339885612;0.0;0.0;0.0;0.0;0.0;0.0;0.0
2030-01-12 14:00:00;79.47700767684992;0.0;0.0;0.0;0.0;0.0;0.0;0.0
2030-01-12 15:00:00;79.48143232258326;0.0;0.0;0.0;0.0;0.0;0.0;0.0
2030-01-12 16:00:00;79.48608032454284;0.0;0.0;0.0;0.0;0.0;0.0;0.0
2030-01-12 17:00:00;79.48612280333433;0.0;0.0;0.0;0.0;0.0;0.0;0.0
2030-01-12 18:00:00;79.49379639147512;0.0;0.0;0.0;0.0;0.0;0.0;0.0
2030-01-12 19:00:00;79.47124289375914;0.0;0.0;0.0;0.0;0.0;0.0;0.0
2030-01-12 20:00:00;79.45892952536038;0.0;0.0;0.0;0.0;0.0;0.0;0.0
2030-01-12 21:00:00;79.40738904844252;0.0;0.0;0.0;0.0;0.0;0.0;0.0
2030-01-12 22:00:00;79.3229535435054;0.0;0.0;0.0;0.0;0.0;0.0;0.0
2030-01-12 23:00:00;79.29196046911814;0.0;0.0;0.0;0.0;0.0;0.0;0.0
2030-01-13 00:00:00;79.2910547116608;0.0;0.0;0.0;0.0;0.0;0.0;0.0
2030-01-13 01:00:00;79.23835360453667;0.0;0.0;0.0;0.0;0.0;0.0;0.0
2030-01-13 02:00:00;79.22264604366916;0.0;0.0;0.0;0.0;0.0;0.0;0.0
2030-01-13 03:00:00;79.22289817585096;0.0;0.0;0.0;0.0;0.0;0.0;0.0
2030-01-13 04:00:00;79.18688575264945;0.0;0.0;0.0;0.0;0.0;0.0;0.0
2030-01-13 05:00:00;79.17764730064137;0.0;0.0;0.0;0.0;0.0;0.0;0.0
2030-01-13 06:00:00;79.17738009534003;0.0;0.0;0.0;0.0;0.0;0.0;0.0
2030-01-13 07:00:00;79.24531601549084;0.0;0.0;0.0;0.0;0.0;0.0;0.0
2030-01-13 08:00:00;79.24363330723426;0.0;0.0;0.0;0.0;0.0;0.0;0.0
2030-01-13 09:00:00;79.26393268843387;0.0;0.0;0.0;0.0;0.0;0.0;0.0
2030-01-13 10:00:00;79.31370549951214;0.0;0.0;0.0;0.0;0.0;0.0;0.0
2030-01-13 11:00:00;79.31685167064987;0.0;0.0;0.0;0.0;0.0;0.0;0.0
2030-01-13 12:00:00;79.32252738530686;0.0;0.0;0.0;0.0;0.0;0.0;0.0
2030-01-13 13:00:00;79.32367705324438;0.0;0.0;0.0;0.0;0.0;0.0;0.0
2030-01-13 14:00:00;79.33534501806918;0.0;0.0;0.0;0.0;0.0;0.0;0.0
2030-01-13 15:00:00;79.34742817882375;0.0;0.0;0.0;0.0;0.0;0.0;0.0
2030-01-13 16:00:00;85.64078583442478;0.0;0.0;0.0;0.0;0.0;0.0;0.0
2030-01-13 17:00:00;84.92448515743664;0.0;0.0;0.0;0.0;0.0;0.0;0.0
2030-01-13 18:00:00;81.70505728835235;0.0;0.0;0.0;0.0;0.0;0.0;0.0
2030-01-13 19:00:00;81.34296121824195;0.0;0.0;0.0;0.0;0.0;0.0;0.0
2030-01-13 20:00:00;85.63204342507865;0.0;0.0;0.0;0.0;0.0;0.0;0.0
2030-01-13 21:00:00;85.62109896999284;0.0;0.0;0.0;0.0;0.0;0.0;0.0
2030-01-13 22:00:00;85.63328901286792;0.0;0.0;0.0;0.0;0.0;0.0;0.0
2030-01-13 23:00:00;85.58863832187366;0.0;0.0;0.0;0.0;0.0;0.0;0.0
2030-01-14 00:00:00;79.31242428434933;0.0;0.0;0.0;0.0;0.0;0.0;0.0
2030-01-14 01:00:00;85.3263290438328;0.0;0.0;0.0;0.0;0.0;0.0;0.0
2030-01-14 02:00:00;85.6612797958951;0.0;0.0;0.0;0.0;0.0;0.0;0.0
2030-01-14 03:00:00;85.55114188153706;0.0;0.0;0.0;0.0;0.0;0.0;0.0
2030-01-14 04:00:00;85.61567949836838;0.0;0.0;0.0;0.0;0.0;0.0;0.0
2030-01-14 05:00:00;85.64873210900129;0.0;0.0;0.0;0.0;0.0;0.0;0.0
2030-01-14 06:00:00;85.80255192385081;0.0;0.0;0.0;0.0;0.0;0.0;0.0
2030-01-14 07:00:00;85.93837854479376;0.0;0.0;0.0;0.0;0.0;0.0;0.0
2030-01-14 08:00:00;86.09621329058126;0.0;0.0;0.0;0.0;0.0;0.0;0.0
2030-01-14 09:00:00;86.36031626985003;0.0;0.0;0.0;0.0;0.0;0.0;0.0
2030-01-14 10:00:00;86.40476826972281;0.0;0.0;0.0;0.0;0.0;0.0;0.0
2030-01-14 11:00:00;86.40180571658703;0.0;0.0;0.0;0.0;0.0;0.0;0.0
2030-01-14 12:00:00;86.35998192065247;0.0;0.0;0.0;0.0;0.0;0.0;0.0
2030-01-14 13:00:00;86.3079316982367;0.0;0.0;0.0;0.0;0.0;0.0;0.0
2030-01-14 14:00:00;86.3106914494002;0.0;0.0;0.0;0.0;0.0;0.0;0.0
2030-01-14 15:00:00;86.35311817011724;0.0;0.0;0.0;0.0;0.0;0.0;0.0
2030-01-14 16:00:00;86.41376007068352;0.0;0.0;0.0;0.0;0.0;0.0;0.0
2030-01-14 17:00:00;86.43829225791293;0.0;0.0;0.0;0.0;0.0;0.0;0.0
2030-01-14 18:00:00;86.54699685562895;0.0;0.0;0.0;0.0;0.0;0.0;0.0
2030-01-14 19:00:00;86.4153564510735;0.0;0.0;0.0;0.0;0.0;0.0;0.0
2030-01-14 20:00:00;86.41786544033884;0.0;0.0;0.0;0.0;0.0;0.0;0.0
2030-01-14 21:00:00;86.28701980026942;0.0;0.0;0.0;0.0;0.0;0.0;0.0
2030-01-14 22:00:00;86.20958918507796;0.0;0.0;0.0;0.0;0.0;0.0;0.0
2030-01-14 23:00:00;86.15848034749305;0.0;0.0;0.0;0.0;0.0;0.0;0.0
2030-01-15 00:00:00;86.12967287544232;0.0;0.0;0.0;0.0;0.0;0.0;0.0
2030-01-15 01:00:00;86.04614449824612;0.0;0.0;0.0;0.0;0.0;0.0;0.0
2030-01-15 02:00:00;86.02546965934107;0.0;0.0;0.0;0.0;0.0;0.0;0.0
2030-01-15 03:00:00;85.98994094624916;0.0;0.0;0.0;0.0;0.0;0.0;0.0
2030-01-15 04:00:00;85.94554512800383;0.0;0.0;0.0;0.0;0.0;0.0;0.0
2030-01-15 05:00:00;85.97262193187208;0.0;0.0;0.0;0.0;0.0;0.0;0.0
2030-01-15 06:00:00;86.03992889185207;0.0;0.0;0.0;0.0;0.0;0.0;0.0
2030-01-15 07:00:00;86.12190199716616;0.0;0.0;0.0;0.0;0.0;0.0;0.0
2030-01-15 08:00:00;86.28320356045296;0.0;0.0;0.0;0.0;0.0;0.0;0.0
2030-01-15 09:00:00;86.33241044440587;0.0;0.0;0.0;0.0;0.0;0.0;0.0
2030-01-15 10:00:00;86.3002197421552;0.0;0.0;0.0;0.0;0.0;0.0;0.0
2030-01-15 11:00:00;86.25874262797058;0.0;0.0;0.0;0.0;0.0;0.0;0.0
2030-01-15 12:00:00;86.27189323964687;0.0;0.0;0.0;0.0;0.0;0.0;0.0
2030-01-15 13:00:00;86.31614791868175;0.0;0.0;0.0;0.0;0.0;0.0;0.0
2030-01-15 14:00:00;86.23640563506288;0.0;0.0;0.0;0.0;0.0;0.0;0.0
2030-01-15 15:00:00;86.23694552679993;0.0;0.0;0.0;0.0;0.0;0.0;0.0
2030-01-15 16:00:00;86.23350885553972;0.0;0.0;0.0;0.0;0.0;0.0;0.0
2030-01-15 17:00:00;86.20527142146517;0.0;0.0;0.0;0.0;0.0;0.0;0.0
2030-01-15 18:00:00;86.20982898470737;0.0;0.0;0.0;0.0;0.0;0.0;0.0
2030-01-15 19:00:00;86.1870754255863;0.0;0.0;0.0;0.0;0.0;0.0;0.0
2030-01-15 20:00:00;86.06051466232336;0.0;0.0;0.0;0.0;0.0;0.0;0.0
2030-01-15 21:00:00;85.97558174444069;0.0;0.0;0.0;0.0;0.0;0.0;0.0
2030-01-15 22:00:00;85.9407231000275;0.0;0.0;0.0;0.0;0.0;0.0;0.0
2030-01-15 23:00:00;85.8912887489976;0.0;0.0;0.0;0.0;0.0;0.0;0.0
2030-01-16 00:00:00;85.7561157533302;0.0;0.0;0.0;0.0;0.0;0.0;0.0
2030-01-16 01:00:00;85.57133301033255;0.0;0.0;0.0;0.0;0.0;0.0;0.0
2030-01-16 02:00:00;85.50467830534453;0.0;0.0;0.0;0.0;0.0;0.0;0.0
2030-01-16 03:00:00;85.58846018500608;0.0;0.0;0.0;0.0;0.0;0.0;0.0
2030-01-16 04:00:00;85.56061328175656;0.0;0.0;0.0;0.0;0.0;0.0;0.0
2030-01-16 05:00:00;85.54095519328015;0.0;0.0;0.0;0.0;0.0;0.0;0.0
2030-01-16 06:00:00;85.5610791781794;0.0;0.0;0.0;0.0;0.0;0.0;0.0
2030-01-16 07:00:00;85.93929800508707;0.0;0.0;0.0;0.0;0.0;0.0;0.0
2030-01-16 08:00:00;86.10825945367871;0.0;0.0;0.0;0.0;0.0;0.0;0.0
2030-01-16 09:00:00;86.23050108304525;0.0;0.0;0.0;0.0;0.0;0.0;0.0
2030-01-16 10:00:00;86.21675165743724;0.0;0.0;0.0;0.0;0.0;0.0;0.0
2030-01-16 11:00:00;86.19773349140044;0.0;0.0;0.0;0.0;0.0;0.0;0.0
2030-01-16 12:00:00;86.22929112262946;0.0;0.0;0.0;0.0;0.0;0.0;0.0
2030-01-16 13:00:00;86.24153597684844;0.0;0.0;0.0;0.0;0.0;0.0;0.0
2030-01-16 14:00:00;86.24193198880783;0.0;0.0;0.0;0.0;0.0;0.0;0.0
2030-01-16 15:00:00;86.27379793384611;0.0;0.0;0.0;0.0;0.0;0.0;0.0
2030-01-16 16:00:00;86.25307376473157;0.0;0.0;0.0;0.0;0.0;0.0;0.0
2030-01-16 17:00:00;86.30640109145935;0.0;0.0;0.0;0.0;0.0;0.0;0.0
2030-01-16 18:00:00;86.32131936897522;0.0;0.0;0.0;0.0;0.0;0.0;0.0
2030-01-16 19:00:00;86.25294084722272;0.0;0.0;0.0;0.0;0.0;0.0;0.0
2030-01-16 20:00:00;86.1275653792708;0.0;0.0;0.0;0.0;0.0;0.0;0.0
2030-01-16 21:00:00;86.01370440438087;0.0;0.0;0.0;0.0;0.0;0.0;0.0
2030-01-16 22:00:00;85.9984750724886;0.0;0.0;0.0;0.0;0.0;0.0;0.0
2030-01-16 23:00:00;86.05424287430186;0.0;0.0;0.0;0.0;0.0;0.0;0.0
2030-01-17 00:00:00;86.02982990174536;0.0;0.0;0.0;0.0;0.0;0.0;0.0
2030-01-17 01:00:00;85.91536737235654;0.0;0.0;0.0;0.0;0.0;0.0;0.0
2030-01-17 02:00:00;85.86058617473282;0.0;0.0;0.0;0.0;0.0;0.0;0.0
2030-01-17 03:00:00;85.85438838202552;0.0;0.0;0.0;0.0;0.0;0.0;0.0
2030-01-17 04:00:00;85.88039773497204;0.0;0.0;0.0;0.0;0.0;0.0;0.0
2030-01-17 05:00:00;85.89873075921057;0.0;0.0;0.0;0.0;0.0;0.0;0.0
2030-01-17 06:00:00;85.9878019335549;0.0;0.0;0.0;0.0;0.0;0.0;0.0
2030-01-17 07:00:00;86.09928409612117;0.0;0.0;0.0;0.0;0.0;0.0;0.0
2030-01-17 08:00:00;86.33714751479921;0.0;0.0;0.0;0.0;0.0;0.0;0.0
2030-01-17 09:00:00;86.39249463954832;0.0;0.0;0.0;0.0;0.0;0.0;0.0
2030-01-17 10:00:00;86.42328354167968;0.0;0.0;0.0;0.0;0.0;0.0;0.0
2030-01-17 11:00:00;86.4244756884087;0.0;0.0;0.0;0.0;0.0;0.0;0.0
2030-01-17 12:00:00;86.4049765528295;0.0;0.0;0.0;0.0;0.0;0.0;0.0
2030-01-17 13:00:00;86.4120444756206;0.0;0.0;0.0;0.0;0.0;0.0;0.0
2030-01-17 14:00:00;86.42143639939151;0.0;0.0;0.0;0.0;0.0;0.0;0.0
2030-01-17 15:00:00;86.41234456772825;0.0;0.0;0.0;0.0;0.0;0.0;0.0
2030-01-17 16:00:00;86.44439824161925;0.0;0.0;0.0;0.0;0.0;0.0;0.0
2030-01-17 17:00:00;86.44536840240562;0.0;0.0;0.0;0.0;0.0;0.0;0.0
2030-01-17 18:00:00;86.4365437760437;0.0;0.0;0.0;0.0;0.0;0.0;0.0
2030-01-17 19:00:00;86.3674485959702;0.0;0.0;0.0;0.0;0.0;0.0;0.0
2030-01-17 20:00:00;86.37599231419482;0.0;0.0;0.0;0.0;0.0;0.0;0.0
2030-01-17 21:00:00;86.25527581047126;0.0;0.0;0.0;0.0;0.0;0.0;0.0
2030-01-17 22:00:00;86.10011311769709;0.0;0.0;0.0;0.0;0.0;0.0;0.0
2030-01-17 23:00:00;85.96377538097263;0.0;0.0;0.0;0.0;0.0;0.0;0.0
2030-01-18 00:00:00;85.95728982871005;0.0;0.0;0.0;0.0;0.0;0.0;0.0
2030-01-18 01:00:00;85.89850329213354;0.0;0.0;0.0;0.0;0.0;0.0;0.0
2030-01-18 02:00:00;85.92464830315612;0.0;0.0;0.0;0.0;0.0;0.0;0.0
2030-01-18 03:00:00;85.92810963952105;0.0;0.0;0.0;0.0;0.0;0.0;0.0
2030-01-18 04:00:00;85.98729355834057;0.0;0.0;0.0;0.0;0.0;0.0;0.0
2030-01-18 05:00:00;79.57804964869392;0.0;0.0;0.0;0.0;0.0;0.0;0.0
2030-01-18 06:00:00;79.68511401694484;0.0;0.0;0.0;0.0;0.0;0.0;0.0
2030-01-18 07:00:00;79.94303975776027;0.0;0.0;0.0;0.0;0.0;0.0;0.0
2030-01-18 08:00:00;80.02177214236848;0.0;0.0;0.0;0.0;0.0;0.0;0.0
2030-01-18 09:00:00;80.05824635114202;0.0;0.0;0.0;0.0;0.0;0.0;0.0
2030-01-18 10:00:00;79.96275265758055;0.0;0.0;0.0;0.0;0.0;0.0;0.0
2030-01-18 11:00:00;79.93745585210425;0.0;0.0;0.0;0.0;0.0;0.0;0.0
2030-01-18 12:00:00;79.939715449755;0.0;0.0;0.0;0.0;0.0;0.0;0.0
2030-01-18 13:00:00;79.86283842913656;0.0;0.0;0.0;0.0;0.0;0.0;0.0
2030-01-18 14:00:00;79.89458652978551;0.0;0.0;0.0;0.0;0.0;0.0;0.0
2030-01-18 15:00:00;79.95106002765101;0.0;0.0;0.0;0.0;0.0;0.0;0.0
2030-01-18 16:00:00;80.0038625357613;0.0;0.0;0.0;0.0;0.0;0.0;0.0
2030-01-18 17:00:00;80.01307358209745;0.0;0.0;0.0;0.0;0.0;0.0;0.0
2030-01-18 18:00:00;80.05199100652366;0.0;0.0;0.0;0.0;0.0;0.0;0.0
2030-01-18 19:00:00;80.02929362903006;0.0;0.0;0.0;0.0;0.0;0.0;0.0
2030-01-18 20:00:00;80.02929911016446;0.0;0.0;0.0;0.0;0.0;0.0;0.0
2030-01-18 21:00:00;80.01314483684448;0.0;0.0;0.0;0.0;0.0;0.0;0.0
2030-01-18 22:00:00;80.007334834395;0.0;0.0;0.0;0.0;0.0;0.0;0.0
2030-01-18 23:00:00;79.93313671820786;0.0;0.0;0.0;0.0;0.0;0.0;0.0
2030-01-19 00:00:00;79.80246784472241;0.0;0.0;0.0;0.0;0.0;0.0;0.0
2030-01-19 01:00:00;79.7786893134711;0.0;0.0;0.0;0.0;0.0;0.0;0.0
2030-01-19 02:00:00;79.79202354314934;0.0;0.0;0.0;0.0;0.0;0.0;0.0
2030-01-19 03:00:00;79.76720359636464;0.0;0.0;0.0;0.0;0.0;0.0;0.0
2030-01-19 04:00:00;79.78489121702918;0.0;0.0;0.0;0.0;0.0;0.0;0.0
2030-01-19 05:00:00;79.75600974966424;0.0;0.0;0.0;0.0;0.0;0.0;0.0
2030-01-19 06:00:00;79.74758113526174;0.0;0.0;0.0;0.0;0.0;0.0;0.0
2030-01-19 07:00:00;79.79245244191506;0.0;0.0;0.0;0.0;0.0;0.0;0.0
2030-01-19 08:00:00;79.86189567402212;0.0;0.0;0.0;0.0;0.0;0.0;0.0
2030-01-19 09:00:00;79.97505369342697;0.0;0.0;0.0;0.0;0.0;0.0;0.0
2030-01-19 10:00:00;79.90288770781355;0.0;0.0;0.0;0.0;0.0;0.0;0.0
2030-01-19 11:00:00;79.88882859811272;0.0;0.0;0.0;0.0;0.0;0.0;0.0
2030-01-19 12:00:00;79.85740114382534;0.0;0.0;0.0;0.0;0.0;0.0;0.0
2030-01-19 13:00:00;79.8547071662745;0.0;0.0;0.0;0.0;0.0;0.0;0.0
2030-01-19 14:00:00;79.82206015958619;0.0;0.0;0.0;0.0;0.0;0.0;0.0
2030-01-19 15:00:00;79.86766319768009;0.0;0.0;0.0;0.0;0.0;0.0;0.0
2030-01-19 16:00:00;79.96990964880544;0.0;0.0;0.0;0.0;0.0;0.0;0.0
2030-01-19 17:00:00;79.99845676697282;0.0;0.0;0.0;0.0;0.0;0.0;0.0
2030-01-19 18:00:00;80.00593303427571;0.0;0.0;0.0;0.0;0.0;0.0;0.0
2030-01-19 19:00:00;80.02980885566238;0.0;0.0;0.0;0.0;0.0;0.0;0.0
2030-01-19 20:00:00;80.03382789745112;0.0;0.0;0.0;0.0;0.0;0.0;0.0
2030-01-19 21:00:00;80.04835975499276;0.0;0.0;0.0;0.0;0.0;0.0;0.0
2030-01-19 22:00:00;80.06071560218304;0.0;0.0;0.0;0.0;0.0;0.0;0.0
2030-01-19 23:00:00;79.98329183840956;0.0;0.0;0.0;0.0;0.0;0.0;0.0
2030-01-20 00:00:00;79.98977327982135;0.0;0.0;0.0;0.0;0.0;0.0;0.0
2030-01-20 01:00:00;79.95991342996848;0.0;0.0;0.0;0.0;0.0;0.0;0.0
2030-01-20 02:00:00;79.85755461558816;0.0;0.0;0.0;0.0;0.0;0.0;0.0
2030-01-20 03:00:00;79.84277062586477;0.0;0.0;0.0;0.0;0.0;0.0;0.0
2030-01-20 04:00:00;79.8175354831503;0.0;0.0;0.0;0.0;0.0;0.0;0.0
2030-01-20 05:00:00;79.76670481313548;0.0;0.0;0.0;0.0;0.0;0.0;0.0
2030-01-20 06:00:00;79.78473500469917;0.0;0.0;0.0;0.0;0.0;0.0;0.0
2030-01-20 07:00:00;79.73262037895438;0.0;0.0;0.0;0.0;0.0;0.0;0.0
2030-01-20 08:00:00;79.81743134159697;0.0;0.0;0.0;0.0;0.0;0.0;0.0
2030-01-20 09:00:00;79.85432485715104;0.0;0.0;0.0;0.0;0.0;0.0;0.0
2030-01-20 10:00:00;79.86320703542401;0.0;0.0;0.0;0.0;0.0;0.0;0.0
2030-01-20 11:00:00;79.79368295658479;0.0;0.0;0.0;0.0;0.0;0.0;0.0
2030-01-20 12:00:00;79.84997831758272;0.0;0.0;0.0;0.0;0.0;0.0;0.0
2030-01-20 13:00:00;79.88446835570844;0.0;0.0;0.0;0.0;0.0;0.0;0.0
2030-01-20 14:00:00;79.89249410673355;0.0;0.0;0.0;0.0;0.0;0.0;0.0
2030-01-20 15:00:00;79.89605547380103;0.0;0.0;0.0;0.0;0.0;0.0;0.0
2030-01-20 16:00:00;79.89512094038818;0.0;0.0;0.0;0.0;0.0;0.0;0.0
2030-01-20 17:00:00;79.89623635123579;0.0;0.0;0.0;0.0;0.0;0.0;0.0
2030-01-20 18:00:00;79.81373431645339;0.0;0.0;0.0;0.0;0.0;0.0;0.0
2030-01-20 19:00:00;79.82571059508744;0.0;0.0;0.0;0.0;0.0;0.0;0.0
2030-01-20 20:00:00;79.82279326131032;0.0;0.0;0.0;0.0;0.0;0.0;0.0
2030-01-20 21:00:00;79.81104719032052;0.0;0.0;0.0;0.0;0.0;0.0;0.0
2030-01-20 22:00:00;79.81104170918616;0.0;0.0;0.0;0.0;0.0;0.0;0.0
2030-01-20 23:00:00;79.79285256472527;0.0;0.0;0.0;0.0;0.0;0.0;0.0
2030-01-21 00:00:00;79.69687927190499;0.0;0.0;0.0;0.0;0.0;0.0;0.0
2030-01-21 01:00:00;79.62648369269833;0.0;0.0;0.0;0.0;0.0;0.0;0.0
2030-01-21 02:00:00;79.60509493603944;0.0;0.0;0.0;0.0;0.0;0.0;0.0
2030-01-21 03:00:00;79.60917015945566;0.0;0.0;0.0;0.0;0.0;0.0;0.0
2030-01-21 04:00:00;79.62151230380996;0.0;0.0;0.0;0.0;0.0;0.0;0.0
2030-01-21 05:00:00;79.6517530925027;0.0;0.0;0.0;0.0;0.0;0.0;0.0
2030-01-21 06:00:00;79.69924849224346;0.0;0.0;0.0;0.0;0.0;0.0;0.0
2030-01-21 07:00:00;79.88941919034284;0.0;0.0;0.0;0.0;0.0;0.0;0.0
2030-01-21 08:00:00;79.95967637090625;0.0;0.0;0.0;0.0;0.0;0.0;0.0
2030-01-21 09:00:00;80.08242226463632;0.0;0.0;0.0;0.0;0.0;0.0;0.0
2030-01-21 10:00:00;80.02763010474382;0.0;0.0;0.0;0.0;0.0;0.0;0.0
2030-01-21 11:00:00;79.9813172597469;0.0;0.0;0.0;0.0;0.0;0.0;0.0
2030-01-21 12:00:00;80.04944364931765;0.0;0.0;0.0;0.0;0.0;0.0;0.0
2030-01-21 13:00:00;80.00289648582572;0.0;0.0;0.0;0.0;0.0;0.0;0.0
2030-01-21 14:00:00;80.01693367098899;0.0;0.0;0.0;0.0;0.0;0.0;0.0
2030-01-21 15:00:00;80.0449463785537;0.0;0.0;0.0;0.0;0.0;0.0;0.0
2030-01-21 16:00:00;80.08687157547439;0.0;0.0;0.0;0.0;0.0;0.0;0.0
2030-01-21 17:00:00;80.09531389271288;0.0;0.0;0.0;0.0;0.0;0.0;0.0
2030-01-21 18:00:00;80.05985917493518;0.0;0.0;0.0;0.0;0.0;0.0;0.0
2030-01-21 19:00:00;80.0516251408034;0.0;0.0;0.0;0.0;0.0;0.0;0.0
2030-01-21 20:00:00;80.08164805440428;0.0;0.0;0.0;0.0;0.0;0.0;0.0
2030-01-21 21:00:00;80.03836764700657;0.0;0.0;0.0;0.0;0.0;0.0;0.0
2030-01-21 22:00:00;79.93405617850115;0.0;0.0;0.0;0.0;0.0;0.0;0.0
2030-01-21 23:00:00;79.85215295765047;0.0;0.0;0.0;0.0;0.0;0.0;0.0
2030-01-22 00:00:00;79.77998286118624;0.0;0.0;0.0;0.0;0.0;0.0;0.0
2030-01-22 01:00:00;79.74639172909991;0.0;0.0;0.0;0.0;0.0;0.0;0.0
2030-01-22 02:00:00;79.75555755607738;0.0;0.0;0.0;0.0;0.0;0.0;0.0
2030-01-22 03:00:00;79.752912908736;0.0;0.0;0.0;0.0;0.0;0.0;0.0
2030-01-22 04:00:00;79.76412593940674;0.0;0.0;0.0;0.0;0.0;0.0;0.0
2030-01-22 05:00:00;79.82958301653136;0.0;0.0;0.0;0.0;0.0;0.0;0.0
2030-01-22 06:00:00;79.8838393955376;0.0;0.0;0.0;0.0;0.0;0.0;0.0
2030-01-22 07:00:00;79.92293495683138;0.0;0.0;0.0;0.0;0.0;0.0;0.0
2030-01-22 08:00:00;79.98339597996292;0.0;0.0;0.0;0.0;0.0;0.0;0.0
2030-01-22 09:00:00;80.06537456641139;0.0;0.0;0.0;0.0;0.0;0.0;0.0
2030-01-22 10:00:00;80.06781915234767;0.0;0.0;0.0;0.0;0.0;0.0;0.0
2030-01-22 11:00:00;80.07529267908338;0.0;0.0;0.0;0.0;0.0;0.0;0.0
2030-01-22 12:00:00;80.07604222421068;0.0;0.0;0.0;0.0;0.0;0.0;0.0
2030-01-22 13:00:00;80.08616724970577;0.0;0.0;0.0;0.0;0.0;0.0;0.0
2030-01-22 14:00:00;80.15992824542559;0.0;0.0;0.0;0.0;0.0;0.0;0.0
2030-01-22 15:00:00;80.16751002456544;0.0;0.0;0.0;0.0;0.0;0.0;0.0
2030-01-22 16:00:00;80.12707295563061;0.0;0.0;0.0;0.0;0.0;0.0;0.0
2030-01-22 17:00:00;80.08833366807194;0.0;0.0;0.0;0.0;0.0;0.0;0.0
2030-01-22 18:00:00;80.12006395503415;0.0;0.0;0.0;0.0;0.0;0.0;0.0
2030-01-22 19:00:00;79.99283997451047;0.0;0.0;0.0;0.0;0.0;0.0;0.0
2030-01-22 20:00:00;79.96305686053898;0.0;0.0;0.0;0.0;0.0;0.0;0.0
2030-01-22 21:00:00;79.88946029885074;0.0;0.0;0.0;0.0;0.0;0.0;0.0
2030-01-22 22:00:00;79.82879236289614;0.0;0.0;0.0;0.0;0.0;0.0;0.0
2030-01-22 23:00:00;79.88711437333342;0.0;0.0;0.0;0.0;0.0;0.0;0.0
2030-01-23 00:00:00;79.88086313956586;0.0;0.0;0.0;0.0;0.0;0.0;0.0
2030-01-23 01:00:00;79.85675436996777;0.0;0.0;0.0;0.0;0.0;0.0;0.0
2030-01-23 02:00:00;79.86255752099925;0.0;0.0;0.0;0.0;0.0;0.0;0.0
2030-01-23 03:00:00;79.88711437333342;0.0;0.0;0.0;0.0;0.0;0.0;0.0
2030-01-23 04:00:00;79.9388713550595;0.0;0.0;0.0;0.0;0.0;0.0;0.0
2030-01-23 05:00:00;79.94270814912991;0.0;0.0;0.0;0.0;0.0;0.0;0.0
2030-01-23 06:00:00;79.98386050610215;0.0;0.0;0.0;0.0;0.0;0.0;0.0
2030-01-23 07:00:00;80.10409878085048;0.0;0.0;0.0;0.0;0.0;0.0;0.0
2030-01-23 08:00:00;86.60450765817706;0.0;0.0;0.0;0.0;0.0;0.0;0.0
2030-01-23 09:00:00;86.65551372449222;0.0;0.0;0.0;0.0;0.0;0.0;0.0
2030-01-23 10:00:00;80.16336765725299;0.0;0.0;0.0;0.0;0.0;0.0;0.0
2030-01-23 11:00:00;80.17780907607727;0.0;0.0;0.0;0.0;0.0;0.0;0.0
2030-01-23 12:00:00;80.27358778862681;0.0;0.0;0.0;0.0;0.0;0.0;0.0
2030-01-23 13:00:00;80.27963622042208;0.0;0.0;0.0;0.0;0.0;0.0;0.0
2030-01-23 14:00:00;80.24440074801986;0.0;0.0;0.0;0.0;0.0;0.0;0.0
2030-01-23 15:00:00;80.2700812329032;0.0;0.0;0.0;0.0;0.0;0.0;0.0
2030-01-23 16:00:00;80.24557234049492;0.0;0.0;0.0;0.0;0.0;0.0;0.0
2030-01-23 17:00:00;80.23866611116819;0.0;0.0;0.0;0.0;0.0;0.0;0.0
2030-01-23 18:00:00;85.16307345613728;0.0;0.0;0.0;0.0;0.0;0.0;0.0
2030-01-23 19:00:00;86.69701687406516;0.0;0.0;0.0;0.0;0.0;0.0;0.0
2030-01-23 20:00:00;86.65543972917801;0.0;0.0;0.0;0.0;0.0;0.0;0.0
2030-01-23 21:00:00;86.60818412906664;0.0;0.0;0.0;0.0;0.0;0.0;0.0
2030-01-23 22:00:00;86.59755895005884;0.0;0.0;0.0;0.0;0.0;0.0;0.0
2030-01-23 23:00:00;86.53517130819051;0.0;0.0;0.0;0.0;0.0;0.0;0.0
2030-01-24 00:00:00;86.45364628561252;0.0;0.0;0.0;0.0;0.0;0.0;0.0
2030-01-24 01:00:00;86.41145799424127;0.0;0.0;0.0;0.0;0.0;0.0;0.0
2030-01-24 02:00:00;86.45260212951192;0.0;0.0;0.0;0.0;0.0;0.0;0.0
2030-01-24 03:00:00;86.45628545181953;0.0;0.0;0.0;0.0;0.0;0.0;0.0
2030-01-24 04:00:00;86.49140856096685;0.0;0.0;0.0;0.0;0.0;0.0;0.0
2030-01-24 05:00:00;86.51593389677828;0.0;0.0;0.0;0.0;0.0;0.0;0.0
2030-01-24 06:00:00;86.58297365145691;0.0;0.0;0.0;0.0;0.0;0.0;0.0
2030-01-24 07:00:00;86.6026947729788;0.0;0.0;0.0;0.0;0.0;0.0;0.0
2030-01-24 08:00:00;86.65278823041865;0.0;0.0;0.0;0.0;0.0;0.0;0.0
2030-01-24 09:00:00;86.67428935033244;0.0;0.0;0.0;0.0;0.0;0.0;0.0
2030-01-24 10:00:00;86.68898290133848;0.0;0.0;0.0;0.0;0.0;0.0;0.0
2030-01-24 11:00:00;86.69197011957901;0.0;0.0;0.0;0.0;0.0;0.0;0.0
2030-01-24 12:00:00;86.71029081126517;0.0;0.0;0.0;0.0;0.0;0.0;0.0
2030-01-24 13:00:00;86.63722591961238;0.0;0.0;0.0;0.0;0.0;0.0;0.0
2030-01-24 14:00:00;86.61273073004007;0.0;0.0;0.0;0.0;0.0;0.0;0.0
2030-01-24 15:00:00;86.65474225482735;0.0;0.0;0.0;0.0;0.0;0.0;0.0
2030-01-24 16:00:00;86.68078860543099;0.0;0.0;0.0;0.0;0.0;0.0;0.0
2030-01-24 17:00:00;86.6976828318931;0.0;0.0;0.0;0.0;0.0;0.0;0.0
2030-01-24 18:00:00;86.68414717052619;0.0;0.0;0.0;0.0;0.0;0.0;0.0
2030-01-24 19:00:00;86.68888698148672;0.0;0.0;0.0;0.0;0.0;0.0;0.0
2030-01-24 20:00:00;86.66881917821493;0.0;0.0;0.0;0.0;0.0;0.0;0.0
2030-01-24 21:00:00;86.65057659269378;0.0;0.0;0.0;0.0;0.0;0.0;0.0
2030-01-24 22:00:00;86.58976614724513;0.0;0.0;0.0;0.0;0.0;0.0;0.0
2030-01-24 23:00:00;86.53060278267957;0.0;0.0;0.0;0.0;0.0;0.0;0.0
2030-01-25 00:00:00;86.59019504601086;0.0;0.0;0.0;0.0;0.0;0.0;0.0
2030-01-25 01:00:00;86.56045304054729;0.0;0.0;0.0;0.0;0.0;0.0;0.0
2030-01-25 02:00:00;86.45353666292479;0.0;0.0;0.0;0.0;0.0;0.0;0.0
2030-01-25 03:00:00;86.46196116647653;0.0;0.0;0.0;0.0;0.0;0.0;0.0
2030-01-25 04:00:00;86.47281655312854;0.0;0.0;0.0;0.0;0.0;0.0;0.0
2030-01-25 05:00:00;86.49341465615221;0.0;0.0;0.0;0.0;0.0;0.0;0.0
2030-01-25 06:00:00;86.52943393077169;0.0;0.0;0.0;0.0;0.0;0.0;0.0
2030-01-25 07:00:00;86.53369825332422;0.0;0.0;0.0;0.0;0.0;0.0;0.0
2030-01-25 08:00:00;86.59874561565347;0.0;0.0;0.0;0.0;0.0;0.0;0.0
2030-01-25 09:00:00;84.66278565559625;0.0;0.0;0.0;0.0;0.0;0.0;0.0
2030-01-25 10:00:00;81.17039044265694;0.0;0.0;0.0;0.0;0.0;0.0;0.0
2030-01-25 11:00:00;80.09701715522341;0.0;0.0;0.0;0.0;0.0;0.0;0.0
2030-01-25 12:00:00;80.07278643038524;0.0;0.0;0.0;0.0;0.0;0.0;0.0
2030-01-25 13:00:00;80.06973343853207;0.0;0.0;0.0;0.0;0.0;0.0;0.0
2030-01-25 14:00:00;80.04943405733246;0.0;0.0;0.0;0.0;0.0;0.0;0.0
2030-01-25 15:00:00;80.11511037983254;0.0;0.0;0.0;0.0;0.0;0.0;0.0
2030-01-25 16:00:00;79.97765038084248;0.0;0.0;0.0;0.0;0.0;0.0;0.0
2030-01-25 17:00:00;79.99413900336003;0.0;0.0;0.0;0.0;0.0;0.0;0.0
2030-01-25 18:00:00;79.89266676246672;0.0;0.0;0.0;0.0;0.0;0.0;0.0
2030-01-25 19:00:00;79.9683667094757;0.0;0.0;0.0;0.0;0.0;0.0;0.0
2030-01-25 20:00:00;79.92466151416306;0.0;0.0;0.0;0.0;0.0;0.0;0.0
2030-01-25 21:00:00;79.76592649205264;0.0;0.0;0.0;0.0;0.0;0.0;0.0
2030-01-25 22:00:00;79.62023519949796;0.0;0.0;0.0;0.0;0.0;0.0;0.0
2030-01-25 23:00:00;79.46999456540269;0.0;0.0;0.0;0.0;0.0;0.0;0.0
2030-01-26 00:00:00;79.41830198700562;0.0;0.0;0.0;0.0;0.0;0.0;0.0
2030-01-26 01:00:00;79.37128207567287;0.0;0.0;0.0;0.0;0.0;0.0;0.0
2030-01-26 02:00:00;79.3327332575341;0.0;0.0;0.0;0.0;0.0;0.0;0.0
2030-01-26 03:00:00;79.30043156231214;0.0;0.0;0.0;0.0;0.0;0.0;0.0
2030-01-26 04:00:00;79.29381857367508;0.0;0.0;0.0;0.0;0.0;0.0;0.0
2030-01-26 05:00:00;79.2828645266041;0.0;0.0;0.0;0.0;0.0;0.0;0.0
2030-01-26 06:00:00;79.26517005452158;0.0;0.0;0.0;0.0;0.0;0.0;0.0
2030-01-26 07:00:00;79.27528411774786;0.0;0.0;0.0;0.0;0.0;0.0;0.0
2030-01-26 08:00:00;79.36337005818628;0.0;0.0;0.0;0.0;0.0;0.0;0.0
2030-01-26 09:00:00;81.04962871957468;0.0;0.0;0.0;0.0;0.0;0.0;0.0
2030-01-26 10:00:00;79.55608674320808;0.0;0.0;0.0;0.0;0.0;0.0;0.0
2030-01-26 11:00:00;79.57840044129465;0.0;0.0;0.0;0.0;0.0;0.0;0.0
2030-01-26 12:00:00;79.53823468851193;0.0;0.0;0.0;0.0;0.0;0.0;0.0
2030-01-26 13:00:00;79.54119998221492;0.0;0.0;0.0;0.0;0.0;0.0;0.0
2030-01-26 14:00:00;79.54116572512501;0.0;0.0;0.0;0.0;0.0;0.0;0.0
2030-01-26 15:00:00;79.51296117785677;0.0;0.0;0.0;0.0;0.0;0.0;0.0
2030-01-26 16:00:00;79.52488812628133;0.0;0.0;0.0;0.0;0.0;0.0;0.0
2030-01-26 17:00:00;79.48536503650543;0.0;0.0;0.0;0.0;0.0;0.0;0.0
2030-01-26 18:00:00;79.51211434259409;0.0;0.0;0.0;0.0;0.0;0.0;0.0
2030-01-26 19:00:00;79.46691964901197;0.0;0.0;0.0;0.0;0.0;0.0;0.0
2030-01-26 20:00:00;79.44569532638468;0.0;0.0;0.0;0.0;0.0;0.0;0.0
2030-01-26 21:00:00;79.37316073448376;0.0;0.0;0.0;0.0;0.0;0.0;0.0
2030-01-26 22:00:00;79.2955725366787;0.0;0.0;0.0;0.0;0.0;0.0;0.0
2030-01-26 23:00:00;79.40480743414659;0.0;0.0;0.0;0.0;0.0;0.0;0.0
2030-01-27 00:00:00;79.19548291193433;0.0;0.0;0.0;0.0;0.0;0.0;0.0
2030-01-27 01:00:00;79.22935769272519;0.0;0.0;0.0;0.0;0.0;0.0;0.0
2030-01-27 02:00:00;79.22206504342422;0.0;0.0;0.0;0.0;0.0;0.0;0.0
2030-01-27 03:00:00;79.19397148912734;0.0;0.0;0.0;0.0;0.0;0.0;0.0
2030-01-27 04:00:00;79.17272661224607;0.0;0.0;0.0;0.0;0.0;0.0;0.0
2030-01-27 05:00:00;79.17216616625508;0.0;0.0;0.0;0.0;0.0;0.0;0.0
2030-01-27 06:00:00;79.62663579417756;0.0;0.0;0.0;0.0;0.0;0.0;0.0
2030-01-27 07:00:00;81.51187196634052;0.0;0.0;0.0;0.0;0.0;0.0;0.0
2030-01-27 08:00:00;79.16417056146908;0.0;0.0;0.0;0.0;0.0;0.0;0.0
2030-01-27 09:00:00;79.1949772772872;0.0;0.0;0.0;0.0;0.0;0.0;0.0
2030-01-27 10:00:00;79.29443520129354;0.0;0.0;0.0;0.0;0.0;0.0;0.0
2030-01-27 11:00:00;79.36477596915634;0.0;0.0;0.0;0.0;0.0;0.0;0.0
2030-01-27 12:00:00;79.36471841724529;0.0;0.0;0.0;0.0;0.0;0.0;0.0
2030-01-27 13:00:00;79.3534108370064;0.0;0.0;0.0;0.0;0.0;0.0;0.0
2030-01-27 14:00:00;79.3252268439921;0.0;0.0;0.0;0.0;0.0;0.0;0.0
2030-01-27 15:00:00;85.55771239138264;0.0;0.0;0.0;0.0;0.0;0.0;0.0
2030-01-27 16:00:00;85.6017368627733;0.0;0.0;0.0;0.0;0.0;0.0;0.0
2030-01-27 17:00:00;85.7349777585695;0.0;0.0;0.0;0.0;0.0;0.0;0.0
2030-01-27 18:00:00;85.79822867910363;0.0;0.0;0.0;0.0;0.0;0.0;0.0
2030-01-27 19:00:00;85.7858495370922;0.0;0.0;0.0;0.0;0.0;0.0;0.0
2030-01-27 20:00:00;85.77533535105572;0.0;0.0;0.0;0.0;0.0;0.0;0.0
2030-01-27 21:00:00;85.73956272748362;0.0;0.0;0.0;0.0;0.0;0.0;0.0
2030-01-27 22:00:00;85.61041212822316;0.0;0.0;0.0;0.0;0.0;0.0;0.0
2030-01-27 23:00:00;85.56059409778622;0.0;0.0;0.0;0.0;0.0;0.0;0.0
2030-01-28 00:00:00;85.58071123126747;0.0;0.0;0.0;0.0;0.0;0.0;0.0
2030-01-28 01:00:00;85.61520812081116;0.0;0.0;0.0;0.0;0.0;0.0;0.0
2030-01-28 02:00:00;85.47107210013861;0.0;0.0;0.0;0.0;0.0;0.0;0.0
2030-01-28 03:00:00;85.3829519026103;0.0;0.0;0.0;0.0;0.0;0.0;0.0
2030-01-28 04:00:00;85.3531797509076;0.0;0.0;0.0;0.0;0.0;0.0;0.0
2030-01-28 05:00:00;85.43786053660851;0.0;0.0;0.0;0.0;0.0;0.0;0.0
2030-01-28 06:00:00;85.71687631225879;0.0;0.0;0.0;0.0;0.0;0.0;0.0
2030-01-28 07:00:00;86.16405192059672;0.0;0.0;0.0;0.0;0.0;0.0;0.0
2030-01-28 08:00:00;86.38326440924182;0.0;0.0;0.0;0.0;0.0;0.0;0.0
2030-01-28 09:00:00;86.41755849681321;0.0;0.0;0.0;0.0;0.0;0.0;0.0
2030-01-28 10:00:00;86.44707714605055;0.0;0.0;0.0;0.0;0.0;0.0;0.0
2030-01-28 11:00:00;86.38230384044061;0.0;0.0;0.0;0.0;0.0;0.0;0.0
2030-01-28 12:00:00;86.35128336038144;0.0;0.0;0.0;0.0;0.0;0.0;0.0
2030-01-28 13:00:00;86.32641134282007;0.0;0.0;0.0;0.0;0.0;0.0;0.0
2030-01-28 14:00:00;86.31900358969699;0.0;0.0;0.0;0.0;0.0;0.0;0.0
2030-01-28 15:00:00;86.30185174991871;0.0;0.0;0.0;0.0;0.0;0.0;0.0
2030-01-28 16:00:00;86.31658366886546;0.0;0.0;0.0;0.0;0.0;0.0;0.0
2030-01-28 17:00:00;86.35481458120981;0.0;0.0;0.0;0.0;0.0;0.0;0.0
2030-01-28 18:00:00;86.39494881746978;0.0;0.0;0.0;0.0;0.0;0.0;0.0
2030-01-28 19:00:00;86.45159360078486;0.0;0.0;0.0;0.0;0.0;0.0;0.0
2030-01-28 20:00:00;86.46012909730788;0.0;0.0;0.0;0.0;0.0;0.0;0.0
2030-01-28 21:00:00;86.26634770193155;0.0;0.0;0.0;0.0;0.0;0.0;0.0
2030-01-28 22:00:00;86.16471924870825;0.0;0.0;0.0;0.0;0.0;0.0;0.0
2030-01-28 23:00:00;86.00067711822828;0.0;0.0;0.0;0.0;0.0;0.0;0.0
2030-01-29 00:00:00;85.87596075668634;0.0;0.0;0.0;0.0;0.0;0.0;0.0
2030-01-29 01:00:00;85.88404542990612;0.0;0.0;0.0;0.0;0.0;0.0;0.0
2030-01-29 02:00:00;85.94387201173242;0.0;0.0;0.0;0.0;0.0;0.0;0.0
2030-01-29 03:00:00;85.90805553908524;0.0;0.0;0.0;0.0;0.0;0.0;0.0
2030-01-29 04:00:00;85.91014796213722;0.0;0.0;0.0;0.0;0.0;0.0;0.0
2030-01-29 05:00:00;85.92148431833164;0.0;0.0;0.0;0.0;0.0;0.0;0.0
2030-01-29 06:00:00;86.13826181302565;0.0;0.0;0.0;0.0;0.0;0.0;0.0
2030-01-29 07:00:00;86.42873041897607;0.0;0.0;0.0;0.0;0.0;0.0;0.0
2030-01-29 08:00:00;86.48664408490156;0.0;0.0;0.0;0.0;0.0;0.0;0.0
2030-01-29 09:00:00;86.52264417555068;0.0;0.0;0.0;0.0;0.0;0.0;0.0
2030-01-29 10:00:00;86.52608221709448;0.0;0.0;0.0;0.0;0.0;0.0;0.0
2030-01-29 11:00:00;86.49608944973272;0.0;0.0;0.0;0.0;0.0;0.0;0.0
2030-01-29 12:00:00;86.44442838785838;0.0;0.0;0.0;0.0;0.0;0.0;0.0
2030-01-29 13:00:00;86.40148644050903;0.0;0.0;0.0;0.0;0.0;0.0;0.0
2030-01-29 14:00:00;86.41342161063517;0.0;0.0;0.0;0.0;0.0;0.0;0.0
2030-01-29 15:00:00;86.46155282196474;0.0;0.0;0.0;0.0;0.0;0.0;0.0
2030-01-29 16:00:00;86.54050171138118;0.0;0.0;0.0;0.0;0.0;0.0;0.0
2030-01-29 17:00:00;86.56967504915221;0.0;0.0;0.0;0.0;0.0;0.0;0.0
2030-01-29 18:00:00;86.54687215982166;0.0;0.0;0.0;0.0;0.0;0.0;0.0
2030-01-29 19:00:00;86.54147735330196;0.0;0.0;0.0;0.0;0.0;0.0;0.0
2030-01-29 20:00:00;86.53130299759742;0.0;0.0;0.0;0.0;0.0;0.0;0.0
2030-01-29 21:00:00;86.49284872902683;0.0;0.0;0.0;0.0;0.0;0.0;0.0
2030-01-29 22:00:00;86.4306351131753;0.0;0.0;0.0;0.0;0.0;0.0;0.0
2030-01-29 23:00:00;86.35842664877036;0.0;0.0;0.0;0.0;0.0;0.0;0.0
2030-01-30 00:00:00;86.22877178514638;0.0;0.0;0.0;0.0;0.0;0.0;0.0
2030-01-30 01:00:00;86.2660900886154;0.0;0.0;0.0;0.0;0.0;0.0;0.0
2030-01-30 02:00:00;86.2925105266409;0.0;0.0;0.0;0.0;0.0;0.0;0.0
2030-01-30 03:00:00;86.23550124788915;0.0;0.0;0.0;0.0;0.0;0.0;0.0
2030-01-30 04:00:00;86.17953749552156;0.0;0.0;0.0;0.0;0.0;0.0;0.0
2030-01-30 05:00:00;86.17966356161244;0.0;0.0;0.0;0.0;0.0;0.0;0.0
2030-01-30 06:00:00;86.29940853426604;0.0;0.0;0.0;0.0;0.0;0.0;0.0
2030-01-30 07:00:00;86.48860084987747;0.0;0.0;0.0;0.0;0.0;0.0;0.0
2030-01-30 08:00:00;86.53853398413652;0.0;0.0;0.0;0.0;0.0;0.0;0.0
2030-01-30 09:00:00;86.54495650335366;0.0;0.0;0.0;0.0;0.0;0.0;0.0
2030-01-30 10:00:00;86.56441316014137;0.0;0.0;0.0;0.0;0.0;0.0;0.0
2030-01-30 11:00:00;85.88843718883315;0.0;0.0;0.0;0.0;0.0;0.0;0.0
2030-01-30 12:00:00;82.26379042485436;0.0;0.0;0.0;0.0;0.0;0.0;0.0
2030-01-30 13:00:00;80.02945806306165;0.0;0.0;0.0;0.0;0.0;0.0;0.0
2030-01-30 14:00:00;80.0343527160686;0.0;0.0;0.0;0.0;0.0;0.0;0.0
2030-01-30 15:00:00;80.02633381646149;0.0;0.0;0.0;0.0;0.0;0.0;0.0
2030-01-30 16:00:00;80.05183616447727;0.0;0.0;0.0;0.0;0.0;0.0;0.0
2030-01-30 17:00:00;80.0824318566215;0.0;0.0;0.0;0.0;0.0;0.0;0.0
2030-01-30 18:00:00;80.57277824966943;0.0;0.0;0.0;0.0;0.0;0.0;0.0
2030-01-30 19:00:00;80.1241241053308;0.0;0.0;0.0;0.0;0.0;0.0;0.0
2030-01-30 20:00:00;81.354044071971;0.0;0.0;0.0;0.0;0.0;0.0;0.0
2030-01-30 21:00:00;80.48000182847997;0.0;0.0;0.0;0.0;0.0;0.0;0.0
2030-01-30 22:00:00;80.04117672837953;0.0;0.0;0.0;0.0;0.0;0.0;0.0
2030-01-30 23:00:00;79.98277524149366;0.0;0.0;0.0;0.0;0.0;0.0;0.0
2030-01-31 00:00:00;79.92182639740176;0.0;0.0;0.0;0.0;0.0;0.0;0.0
2030-01-31 01:00:00;79.86824008707424;0.0;0.0;0.0;0.0;0.0;0.0;0.0
2030-01-31 02:00:00;79.8822800128047;0.0;0.0;0.0;0.0;0.0;0.0;0.0
2030-01-31 03:00:00;79.85885227415413;0.0;0.0;0.0;0.0;0.0;0.0;0.0
2030-01-31 04:00:00;79.85333688267794;0.0;0.0;0.0;0.0;0.0;0.0;0.0
2030-01-31 05:00:00;79.87583419876644;0.0;0.0;0.0;0.0;0.0;0.0;0.0
2030-01-31 06:00:00;79.8961500233692;0.0;0.0;0.0;0.0;0.0;0.0;0.0
2030-01-31 07:00:00;80.02890583877223;0.0;0.0;0.0;0.0;0.0;0.0;0.0
2030-01-31 08:00:00;80.1119285813213;0.0;0.0;0.0;0.0;0.0;0.0;0.0
2030-01-31 09:00:00;80.24531335689517;0.0;0.0;0.0;0.0;0.0;0.0;0.0
2030-01-31 10:00:00;80.22295306916631;0.0;0.0;0.0;0.0;0.0;0.0;0.0
2030-01-31 11:00:00;80.17039721210341;0.0;0.0;0.0;0.0;0.0;0.0;0.0
2030-01-31 12:00:00;80.18793410157232;0.0;0.0;0.0;0.0;0.0;0.0;0.0
2030-01-31 13:00:00;80.17123993651529;0.0;0.0;0.0;0.0;0.0;0.0;0.0
2030-01-31 14:00:00;80.17405038817188;0.0;0.0;0.0;0.0;0.0;0.0;0.0
2030-01-31 15:00:00;80.18741202352204;0.0;0.0;0.0;0.0;0.0;0.0;0.0
2030-01-31 16:00:00;80.14129649936302;0.0;0.0;0.0;0.0;0.0;0.0;0.0
2030-01-31 17:00:00;80.00401326695692;0.0;0.0;0.0;0.0;0.0;0.0;0.0
2030-01-31 18:00:00;80.02738619426363;0.0;0.0;0.0;0.0;0.0;0.0;0.0
2030-01-31 19:00:00;80.15889231102659;0.0;0.0;0.0;0.0;0.0;0.0;0.0
2030-01-31 20:00:00;80.09976594411813;0.0;0.0;0.0;0.0;0.0;0.0;0.0
2030-01-31 21:00:00;80.08788284476867;0.0;0.0;0.0;0.0;0.0;0.0;0.0
2030-01-31 22:00:00;80.03454455577213;0.0;0.0;0.0;0.0;0.0;0.0;0.0
2030-01-31 23:00:00;79.94191886577829;0.0;0.0;0.0;0.0;0.0;0.0;0.0
2030-02-01 00:00:00;79.72854104468738;0.0;0.0;0.0;0.0;0.0;0.0;0.0
2030-02-01 01:00:00;79.64540182803259;0.0;0.0;0.0;0.0;0.0;0.0;0.0
2030-02-01 02:00:00;79.55301867823536;0.0;0.0;0.0;0.0;0.0;0.0;0.0
2030-02-01 03:00:00;79.56546770471022;0.0;0.0;0.0;0.0;0.0;0.0;0.0
2030-02-01 04:00:00;79.54501074089698;0.0;0.0;0.0;0.0;0.0;0.0;0.0
2030-02-01 05:00:00;79.54988895050077;0.0;0.0;0.0;0.0;0.0;0.0;0.0
2030-02-01 06:00:00;79.65472523762368;0.0;0.0;0.0;0.0;0.0;0.0;0.0
2030-02-01 07:00:00;79.87327999014244;0.0;0.0;0.0;0.0;0.0;0.0;0.0
2030-02-01 08:00:00;80.07864713332776;0.0;0.0;0.0;0.0;0.0;0.0;0.0
2030-02-01 09:00:00;79.98701215837426;0.0;0.0;0.0;0.0;0.0;0.0;0.0
2030-02-01 10:00:00;80.00725124709561;0.0;0.0;0.0;0.0;0.0;0.0;0.0
2030-02-01 11:00:00;80.02633107589428;0.0;0.0;0.0;0.0;0.0;0.0;0.0
2030-02-01 12:00:00;80.02849749426045;0.0;0.0;0.0;0.0;0.0;0.0;0.0
2030-02-01 13:00:00;80.01780791192361;0.0;0.0;0.0;0.0;0.0;0.0;0.0
2030-02-01 14:00:00;80.046270072508;0.0;0.0;0.0;0.0;0.0;0.0;0.0
2030-02-01 15:00:00;80.0387074773385;0.0;0.0;0.0;0.0;0.0;0.0;0.0
2030-02-01 16:00:00;80.01715702721523;0.0;0.0;0.0;0.0;0.0;0.0;0.0
2030-02-01 17:00:00;80.02447845247171;0.0;0.0;0.0;0.0;0.0;0.0;0.0
2030-02-01 18:00:00;80.02514304001606;0.0;0.0;0.0;0.0;0.0;0.0;0.0
2030-02-01 19:00:00;80.0532571485669;0.0;0.0;0.0;0.0;0.0;0.0;0.0
2030-02-01 20:00:00;80.05531805509615;0.0;0.0;0.0;0.0;0.0;0.0;0.0
2030-02-01 21:00:00;80.02891406047381;0.0;0.0;0.0;0.0;0.0;0.0;0.0
2030-02-01 22:00:00;80.00249636301552;0.0;0.0;0.0;0.0;0.0;0.0;0.0
2030-02-01 23:00:00;79.96241008668139;0.0;0.0;0.0;0.0;0.0;0.0;0.0
2030-02-02 00:00:00;79.79661947433223;0.0;0.0;0.0;0.0;0.0;0.0;0.0
2030-02-02 01:00:00;79.73385226390769;0.0;0.0;0.0;0.0;0.0;0.0;0.0
2030-02-02 02:00:00;79.71401603856371;0.0;0.0;0.0;0.0;0.0;0.0;0.0
2030-02-02 03:00:00;79.55885882692394;0.0;0.0;0.0;0.0;0.0;0.0;0.0
2030-02-02 04:00:00;79.56262162568012;0.0;0.0;0.0;0.0;0.0;0.0;0.0
2030-02-02 05:00:00;79.57753031121084;0.0;0.0;0.0;0.0;0.0;0.0;0.0
2030-02-02 06:00:00;79.56482504170341;0.0;0.0;0.0;0.0;0.0;0.0;0.0
2030-02-02 07:00:00;86.13635026740843;0.0;0.0;0.0;0.0;0.0;0.0;0.0
2030-02-02 08:00:00;86.2148592957904;0.0;0.0;0.0;0.0;0.0;0.0;0.0
2030-02-02 09:00:00;86.33348748731275;0.0;0.0;0.0;0.0;0.0;0.0;0.0
2030-02-02 10:00:00;79.88158664930484;0.0;0.0;0.0;0.0;0.0;0.0;0.0
2030-02-02 11:00:00;79.89076754940186;0.0;0.0;0.0;0.0;0.0;0.0;0.0
2030-02-02 12:00:00;79.9326790434866;0.0;0.0;0.0;0.0;0.0;0.0;0.0
2030-02-02 13:00:00;79.92773506027018;0.0;0.0;0.0;0.0;0.0;0.0;0.0
2030-02-02 14:00:00;79.79868038086147;0.0;0.0;0.0;0.0;0.0;0.0;0.0
2030-02-02 15:00:00;79.74589979728876;0.0;0.0;0.0;0.0;0.0;0.0;0.0
2030-02-02 16:00:00;86.2883064965666;0.0;0.0;0.0;0.0;0.0;0.0;0.0
2030-02-02 17:00:00;86.27283599476131;0.0;0.0;0.0;0.0;0.0;0.0;0.0
2030-02-02 18:00:00;86.2765247982033;0.0;0.0;0.0;0.0;0.0;0.0;0.0
2030-02-02 19:00:00;86.27374860363665;0.0;0.0;0.0;0.0;0.0;0.0;0.0
2030-02-02 20:00:00;86.28822153898363;0.0;0.0;0.0;0.0;0.0;0.0;0.0
2030-02-02 21:00:00;86.27500241312751;0.0;0.0;0.0;0.0;0.0;0.0;0.0
2030-02-02 22:00:00;86.27147804371712;0.0;0.0;0.0;0.0;0.0;0.0;0.0
2030-02-02 23:00:00;86.24585785131202;0.0;0.0;0.0;0.0;0.0;0.0;0.0
2030-02-03 00:00:00;86.14665891090544;0.0;0.0;0.0;0.0;0.0;0.0;0.0
2030-02-03 01:00:00;86.03966305683436;0.0;0.0;0.0;0.0;0.0;0.0;0.0
2030-02-03 02:00:00;85.85788671604755;0.0;0.0;0.0;0.0;0.0;0.0;0.0
2030-02-03 03:00:00;85.72506649731548;0.0;0.0;0.0;0.0;0.0;0.0;0.0
2030-02-03 04:00:00;85.66605934507993;0.0;0.0;0.0;0.0;0.0;0.0;0.0
2030-02-03 05:00:00;85.61296770713078;0.0;0.0;0.0;0.0;0.0;0.0;0.0
2030-02-03 06:00:00;85.56385263217888;0.0;0.0;0.0;0.0;0.0;0.0;0.0
2030-02-03 07:00:00;85.5442890932706;0.0;0.0;0.0;0.0;0.0;0.0;0.0
2030-02-03 08:00:00;85.66220062647199;0.0;0.0;0.0;0.0;0.0;0.0;0.0
2030-02-03 09:00:00;85.81787443502768;0.0;0.0;0.0;0.0;0.0;0.0;0.0
2030-02-03 10:00:00;85.9433211577266;0.0;0.0;0.0;0.0;0.0;0.0;0.0
2030-02-03 11:00:00;85.94382953294092;0.0;0.0;0.0;0.0;0.0;0.0;0.0
2030-02-03 12:00:00;85.94787323983441;0.0;0.0;0.0;0.0;0.0;0.0;0.0
2030-02-03 13:00:00;85.9290976139942;0.0;0.0;0.0;0.0;0.0;0.0;0.0
2030-02-03 14:00:00;86.01308640647883;0.0;0.0;0.0;0.0;0.0;0.0;0.0
2030-02-03 15:00:00;86.02703315292474;0.0;0.0;0.0;0.0;0.0;0.0;0.0
2030-02-03 16:00:00;85.99060690407708;0.0;0.0;0.0;0.0;0.0;0.0;0.0
2030-02-03 17:00:00;86.01251910906987;0.0;0.0;0.0;0.0;0.0;0.0;0.0
2030-02-03 18:00:00;86.0671756108863;0.0;0.0;0.0;0.0;0.0;0.0;0.0
2030-02-03 19:00:00;86.09873872324974;0.0;0.0;0.0;0.0;0.0;0.0;0.0
2030-02-03 20:00:00;86.07976029543723;0.0;0.0;0.0;0.0;0.0;0.0;0.0
2030-02-03 21:00:00;86.00630487295942;0.0;0.0;0.0;0.0;0.0;0.0;0.0
2030-02-03 22:00:00;85.93571882433282;0.0;0.0;0.0;0.0;0.0;0.0;0.0
2030-02-03 23:00:00;85.8475643697146;0.0;0.0;0.0;0.0;0.0;0.0;0.0
2030-02-04 00:00:00;85.79278865322524;0.0;0.0;0.0;0.0;0.0;0.0;0.0
2030-02-04 01:00:00;85.85126550570892;0.0;0.0;0.0;0.0;0.0;0.0;0.0
2030-02-04 02:00:00;85.8563561092702;0.0;0.0;0.0;0.0;0.0;0.0;0.0
2030-02-04 03:00:00;85.84245732275016;0.0;0.0;0.0;0.0;0.0;0.0;0.0
2030-02-04 04:00:00;85.83880688724891;0.0;0.0;0.0;0.0;0.0;0.0;0.0
2030-02-04 05:00:00;85.88188860352511;0.0;0.0;0.0;0.0;0.0;0.0;0.0
2030-02-04 06:00:00;86.03642507669565;0.0;0.0;0.0;0.0;0.0;0.0;0.0
2030-02-04 07:00:00;86.20267199348247;0.0;0.0;0.0;0.0;0.0;0.0;0.0
2030-02-04 08:00:00;86.23628367982279;0.0;0.0;0.0;0.0;0.0;0.0;0.0
2030-02-04 09:00:00;86.28016016058498;0.0;0.0;0.0;0.0;0.0;0.0;0.0
2030-02-04 10:00:00;86.29265851726932;0.0;0.0;0.0;0.0;0.0;0.0;0.0
2030-02-04 11:00:00;79.81977178597991;0.0;0.0;0.0;0.0;0.0;0.0;0.0
2030-02-04 12:00:00;79.74205615180037;0.0;0.0;0.0;0.0;0.0;0.0;0.0
2030-02-04 13:00:00;79.75175501909689;0.0;0.0;0.0;0.0;0.0;0.0;0.0
2030-02-04 14:00:00;81.47608701021606;0.0;0.0;0.0;0.0;0.0;0.0;0.0
2030-02-04 15:00:00;86.31142866197517;0.0;0.0;0.0;0.0;0.0;0.0;0.0
2030-02-04 16:00:00;86.28993576376294;0.0;0.0;0.0;0.0;0.0;0.0;0.0
2030-02-04 17:00:00;86.2715698527181;0.0;0.0;0.0;0.0;0.0;0.0;0.0
2030-02-04 18:00:00;86.28613870791685;0.0;0.0;0.0;0.0;0.0;0.0;0.0
2030-02-04 19:00:00;86.30501573474321;0.0;0.0;0.0;0.0;0.0;0.0;0.0
2030-02-04 20:00:00;86.2751983636818;0.0;0.0;0.0;0.0;0.0;0.0;0.0
2030-02-04 21:00:00;86.1967085192702;0.0;0.0;0.0;0.0;0.0;0.0;0.0
2030-02-04 22:00:00;86.01123652362347;0.0;0.0;0.0;0.0;0.0;0.0;0.0
2030-02-04 23:00:00;85.92643652324963;0.0;0.0;0.0;0.0;0.0;0.0;0.0
2030-02-05 00:00:00;85.8507968687189;0.0;0.0;0.0;0.0;0.0;0.0;0.0
2030-02-05 01:00:00;85.85289203233806;0.0;0.0;0.0;0.0;0.0;0.0;0.0
2030-02-05 02:00:00;85.92711755419714;0.0;0.0;0.0;0.0;0.0;0.0;0.0
2030-02-05 03:00:00;85.99472734685196;0.0;0.0;0.0;0.0;0.0;0.0;0.0
2030-02-05 04:00:00;86.03819548310241;0.0;0.0;0.0;0.0;0.0;0.0;0.0
2030-02-05 05:00:00;86.06017483199142;0.0;0.0;0.0;0.0;0.0;0.0;0.0
2030-02-05 06:00:00;86.23865015959404;0.0;0.0;0.0;0.0;0.0;0.0;0.0
2030-02-05 07:00:00;79.9542226421919;0.0;0.0;0.0;0.0;0.0;0.0;0.0
2030-02-05 08:00:00;86.44229211573132;0.0;0.0;0.0;0.0;0.0;0.0;0.0
2030-02-05 09:00:00;86.44938881447796;0.0;0.0;0.0;0.0;0.0;0.0;0.0
2030-02-05 10:00:00;79.98874145627312;0.0;0.0;0.0;0.0;0.0;0.0;0.0
2030-02-05 11:00:00;79.98769867045615;0.0;0.0;0.0;0.0;0.0;0.0;0.0
2030-02-05 12:00:00;80.01730775841085;0.0;0.0;0.0;0.0;0.0;0.0;0.0
2030-02-05 13:00:00;80.00465730024729;0.0;0.0;0.0;0.0;0.0;0.0;0.0
2030-02-05 14:00:00;79.99780725254804;0.0;0.0;0.0;0.0;0.0;0.0;0.0
2030-02-05 15:00:00;80.11168604112471;0.0;0.0;0.0;0.0;0.0;0.0;0.0
2030-02-05 16:00:00;86.57604275702548;0.0;0.0;0.0;0.0;0.0;0.0;0.0
2030-02-05 17:00:00;86.47241368975116;0.0;0.0;0.0;0.0;0.0;0.0;0.0
2030-02-05 18:00:00;86.47856763338336;0.0;0.0;0.0;0.0;0.0;0.0;0.0
2030-02-05 19:00:00;86.58881928127988;0.0;0.0;0.0;0.0;0.0;0.0;0.0
2030-02-05 20:00:00;86.55586259049876;0.0;0.0;0.0;0.0;0.0;0.0;0.0
2030-02-05 21:00:00;86.59158314329419;0.0;0.0;0.0;0.0;0.0;0.0;0.0
2030-02-05 22:00:00;86.57334740919102;0.0;0.0;0.0;0.0;0.0;0.0;0.0
2030-02-05 23:00:00;86.49924795342282;0.0;0.0;0.0;0.0;0.0;0.0;0.0
2030-02-06 00:00:00;86.39971192325146;0.0;0.0;0.0;0.0;0.0;0.0;0.0
2030-02-06 01:00:00;86.23810204615542;0.0;0.0;0.0;0.0;0.0;0.0;0.0
2030-02-06 02:00:00;86.21671465978014;0.0;0.0;0.0;0.0;0.0;0.0;0.0
2030-02-06 03:00:00;86.17619126297873;0.0;0.0;0.0;0.0;0.0;0.0;0.0
2030-02-06 04:00:00;86.19065460634056;0.0;0.0;0.0;0.0;0.0;0.0;0.0
2030-02-06 05:00:00;86.2026624014973;0.0;0.0;0.0;0.0;0.0;0.0;0.0
2030-02-06 06:00:00;86.28440941001796;0.0;0.0;0.0;0.0;0.0;0.0;0.0
2030-02-06 07:00:00;86.50903862972032;0.0;0.0;0.0;0.0;0.0;0.0;0.0
2030-02-06 08:00:00;86.57138379279712;0.0;0.0;0.0;0.0;0.0;0.0;0.0
2030-02-06 09:00:00;86.60916936297258;0.0;0.0;0.0;0.0;0.0;0.0;0.0
2030-02-06 10:00:00;86.6246289025091;0.0;0.0;0.0;0.0;0.0;0.0;0.0
2030-02-06 11:00:00;86.6752321054469;0.0;0.0;0.0;0.0;0.0;0.0;0.0
2030-02-06 12:00:00;86.62209387785545;0.0;0.0;0.0;0.0;0.0;0.0;0.0
2030-02-06 13:00:00;86.6301854024932;0.0;0.0;0.0;0.0;0.0;0.0;0.0
2030-02-06 14:00:00;86.63199006598987;0.0;0.0;0.0;0.0;0.0;0.0;0.0
2030-02-06 15:00:00;86.63370429076919;0.0;0.0;0.0;0.0;0.0;0.0;0.0
2030-02-06 16:00:00;86.61225387134847;0.0;0.0;0.0;0.0;0.0;0.0;0.0
2030-02-06 17:00:00;86.58343543702897;0.0;0.0;0.0;0.0;0.0;0.0;0.0
2030-02-06 18:00:00;86.60842392869606;0.0;0.0;0.0;0.0;0.0;0.0;0.0
2030-02-06 19:00:00;86.59199970950755;0.0;0.0;0.0;0.0;0.0;0.0;0.0
2030-02-06 20:00:00;86.6286726094026;0.0;0.0;0.0;0.0;0.0;0.0;0.0
2030-02-06 21:00:00;86.60283317162204;0.0;0.0;0.0;0.0;0.0;0.0;0.0
2030-02-06 22:00:00;86.53121255888004;0.0;0.0;0.0;0.0;0.0;0.0;0.0
2030-02-06 23:00:00;86.36666205318576;0.0;0.0;0.0;0.0;0.0;0.0;0.0
2030-02-07 00:00:00;86.28233068980197;0.0;0.0;0.0;0.0;0.0;0.0;0.0
2030-02-07 01:00:00;86.14609983519803;0.0;0.0;0.0;0.0;0.0;0.0;0.0
2030-02-07 02:00:00;85.95114273649584;0.0;0.0;0.0;0.0;0.0;0.0;0.0
2030-02-07 03:00:00;85.89576683579118;0.0;0.0;0.0;0.0;0.0;0.0;0.0
2030-02-07 04:00:00;85.83184584657832;0.0;0.0;0.0;0.0;0.0;0.0;0.0
2030-02-07 05:00:00;85.7847382370954;0.0;0.0;0.0;0.0;0.0;0.0;0.0
2030-02-07 06:00:00;85.8952858662488;0.0;0.0;0.0;0.0;0.0;0.0;0.0
2030-02-07 07:00:00;86.00933182942424;0.0;0.0;0.0;0.0;0.0;0.0;0.0
2030-02-07 08:00:00;86.09954170943732;0.0;0.0;0.0;0.0;0.0;0.0;0.0
2030-02-07 09:00:00;86.07335421962324;0.0;0.0;0.0;0.0;0.0;0.0;0.0
2030-02-07 10:00:00;86.05931840474355;0.0;0.0;0.0;0.0;0.0;0.0;0.0
2030-02-07 11:00:00;79.56102524529012;0.0;0.0;0.0;0.0;0.0;0.0;0.0
2030-02-07 12:00:00;79.53078856744816;0.0;0.0;0.0;0.0;0.0;0.0;0.0
2030-02-07 13:00:00;79.60994025883693;0.0;0.0;0.0;0.0;0.0;0.0;0.0
2030-02-07 14:00:00;79.6258958410354;0.0;0.0;0.0;0.0;0.0;0.0;0.0
2030-02-07 15:00:00;79.65433881764943;0.0;0.0;0.0;0.0;0.0;0.0;0.0
2030-02-07 16:00:00;86.12909872661535;0.0;0.0;0.0;0.0;0.0;0.0;0.0
2030-02-07 17:00:00;86.15944913799584;0.0;0.0;0.0;0.0;0.0;0.0;0.0
2030-02-07 18:00:00;86.17634884559236;0.0;0.0;0.0;0.0;0.0;0.0;0.0
2030-02-07 19:00:00;86.2056167329315;0.0;0.0;0.0;0.0;0.0;0.0;0.0
2030-02-07 20:00:00;86.20078922382079;0.0;0.0;0.0;0.0;0.0;0.0;0.0
2030-02-07 21:00:00;86.10788810682405;0.0;0.0;0.0;0.0;0.0;0.0;0.0
2030-02-07 22:00:00;85.97615589326765;0.0;0.0;0.0;0.0;0.0;0.0;0.0
2030-02-07 23:00:00;85.85025012556387;0.0;0.0;0.0;0.0;0.0;0.0;0.0
2030-02-08 00:00:00;79.35439196006152;0.0;0.0;0.0;0.0;0.0;0.0;0.0
2030-02-08 01:00:00;79.34044384333203;0.0;0.0;0.0;0.0;0.0;0.0;0.0
2030-02-08 02:00:00;82.08899156814131;0.0;0.0;0.0;0.0;0.0;0.0;0.0
2030-02-08 03:00:00;85.5719537488018;0.0;0.0;0.0;0.0;0.0;0.0;0.0
2030-02-08 04:00:00;85.56428701207898;0.0;0.0;0.0;0.0;0.0;0.0;0.0
2030-02-08 05:00:00;85.66317352782556;0.0;0.0;0.0;0.0;0.0;0.0;0.0
2030-02-08 06:00:00;85.85416502579926;0.0;0.0;0.0;0.0;0.0;0.0;0.0
2030-02-08 07:00:00;86.13035116582263;0.0;0.0;0.0;0.0;0.0;0.0;0.0
2030-02-08 08:00:00;86.32976853763168;0.0;0.0;0.0;0.0;0.0;0.0;0.0
2030-02-08 09:00:00;86.34138717224701;0.0;0.0;0.0;0.0;0.0;0.0;0.0
2030-02-08 10:00:00;86.36834887229314;0.0;0.0;0.0;0.0;0.0;0.0;0.0
2030-02-08 11:00:00;79.8623327944894;0.0;0.0;0.0;0.0;0.0;0.0;0.0
2030-02-08 12:00:00;79.85367808329347;0.0;0.0;0.0;0.0;0.0;0.0;0.0
2030-02-08 13:00:00;79.8681702026108;0.0;0.0;0.0;0.0;0.0;0.0;0.0
2030-02-08 14:00:00;79.85520320893646;0.0;0.0;0.0;0.0;0.0;0.0;0.0
2030-02-08 15:00:00;79.79269498211164;0.0;0.0;0.0;0.0;0.0;0.0;0.0
2030-02-08 16:00:00;86.20563728718547;0.0;0.0;0.0;0.0;0.0;0.0;0.0
2030-02-08 17:00:00;86.13177900133027;0.0;0.0;0.0;0.0;0.0;0.0;0.0
2030-02-08 18:00:00;86.1564235518146;0.0;0.0;0.0;0.0;0.0;0.0;0.0
2030-02-08 19:00:00;86.12953036594828;0.0;0.0;0.0;0.0;0.0;0.0;0.0
2030-02-08 20:00:00;86.0635018805639;0.0;0.0;0.0;0.0;0.0;0.0;0.0
2030-02-08 21:00:00;85.91313792094493;0.0;0.0;0.0;0.0;0.0;0.0;0.0
2030-02-08 22:00:00;85.86020934674374;0.0;0.0;0.0;0.0;0.0;0.0;0.0
2030-02-08 23:00:00;85.70462734718903;0.0;0.0;0.0;0.0;0.0;0.0;0.0
2030-02-09 00:00:00;85.55233676883329;0.0;0.0;0.0;0.0;0.0;0.0;0.0
2030-02-09 01:00:00;85.45647583926792;0.0;0.0;0.0;0.0;0.0;0.0;0.0
2030-02-09 02:00:00;85.44289769910951;0.0;0.0;0.0;0.0;0.0;0.0;0.0
2030-02-09 03:00:00;85.40380213781572;0.0;0.0;0.0;0.0;0.0;0.0;0.0
2030-02-09 04:00:00;85.31781273128007;0.0;0.0;0.0;0.0;0.0;0.0;0.0
2030-02-09 05:00:00;85.29452887240713;0.0;0.0;0.0;0.0;0.0;0.0;0.0
2030-02-09 06:00:00;85.28308563409216;0.0;0.0;0.0;0.0;0.0;0.0;0.0
2030-02-09 07:00:00;85.42166241421344;0.0;0.0;0.0;0.0;0.0;0.0;0.0
2030-02-09 08:00:00;85.57437915076773;0.0;0.0;0.0;0.0;0.0;0.0;0.0
2030-02-09 09:00:00;85.683534571787;0.0;0.0;0.0;0.0;0.0;0.0;0.0
2030-02-09 10:00:00;85.73711403069656;0.0;0.0;0.0;0.0;0.0;0.0;0.0
2030-02-09 11:00:00;85.71966895022861;0.0;0.0;0.0;0.0;0.0;0.0;0.0
2030-02-09 12:00:00;85.71270790955802;0.0;0.0;0.0;0.0;0.0;0.0;0.0
2030-02-09 13:00:00;85.7199841154558;0.0;0.0;0.0;0.0;0.0;0.0;0.0
2030-02-09 14:00:00;85.69240441750762;0.0;0.0;0.0;0.0;0.0;0.0;0.0
2030-02-09 15:00:00;85.640540553661;0.0;0.0;0.0;0.0;0.0;0.0;0.0
2030-02-09 16:00:00;85.5696324883892;0.0;0.0;0.0;0.0;0.0;0.0;0.0
2030-02-09 17:00:00;85.6935705288483;0.0;0.0;0.0;0.0;0.0;0.0;0.0
2030-02-09 18:00:00;85.69523405313453;0.0;0.0;0.0;0.0;0.0;0.0;0.0
2030-02-09 19:00:00;85.70561258109495;0.0;0.0;0.0;0.0;0.0;0.0;0.0
2030-02-09 20:00:00;85.69415838051123;0.0;0.0;0.0;0.0;0.0;0.0;0.0
2030-02-09 21:00:00;85.62089479773694;0.0;0.0;0.0;0.0;0.0;0.0;0.0
2030-02-09 22:00:00;85.56058998693544;0.0;0.0;0.0;0.0;0.0;0.0;0.0
2030-02-09 23:00:00;85.57454632536651;0.0;0.0;0.0;0.0;0.0;0.0;0.0
2030-02-10 00:00:00;85.58439318329147;0.0;0.0;0.0;0.0;0.0;0.0;0.0
2030-02-10 01:00:00;85.50071407489963;0.0;0.0;0.0;0.0;0.0;0.0;0.0
2030-02-10 02:00:00;85.4881485743191;0.0;0.0;0.0;0.0;0.0;0.0;0.0
2030-02-10 03:00:00;85.46196519535579;0.0;0.0;0.0;0.0;0.0;0.0;0.0
2030-02-10 04:00:00;85.43243969470048;0.0;0.0;0.0;0.0;0.0;0.0;0.0
2030-02-10 05:00:00;85.42454960175144;0.0;0.0;0.0;0.0;0.0;0.0;0.0
2030-02-10 06:00:00;85.42894547152922;0.0;0.0;0.0;0.0;0.0;0.0;0.0
2030-02-10 07:00:00;85.52541206644425;0.0;0.0;0.0;0.0;0.0;0.0;0.0
2030-02-10 08:00:00;85.55307672197543;0.0;0.0;0.0;0.0;0.0;0.0;0.0
2030-02-10 09:00:00;85.57860921623036;0.0;0.0;0.0;0.0;0.0;0.0;0.0
2030-02-10 10:00:00;85.6524113204581;0.0;0.0;0.0;0.0;0.0;0.0;0.0
2030-02-10 11:00:00;85.67709423888311;0.0;0.0;0.0;0.0;0.0;0.0;0.0
2030-02-10 12:00:00;85.658121292205;0.0;0.0;0.0;0.0;0.0;0.0;0.0
2030-02-10 13:00:00;85.664747983678;0.0;0.0;0.0;0.0;0.0;0.0;0.0
2030-02-10 14:00:00;85.63295466367038;0.0;0.0;0.0;0.0;0.0;0.0;0.0
2030-02-10 15:00:00;85.63800004787294;0.0;0.0;0.0;0.0;0.0;0.0;0.0
2030-02-10 16:00:00;85.56430619604933;0.0;0.0;0.0;0.0;0.0;0.0;0.0
2030-02-10 17:00:00;85.5800671979771;0.0;0.0;0.0;0.0;0.0;0.0;0.0
2030-02-10 18:00:00;85.59034980608575;0.0;0.0;0.0;0.0;0.0;0.0;0.0
2030-02-10 19:00:00;85.61724162166847;0.0;0.0;0.0;0.0;0.0;0.0;0.0
2030-02-10 20:00:00;85.6029660071594;0.0;0.0;0.0;0.0;0.0;0.0;0.0
2030-02-10 21:00:00;85.58998942149987;0.0;0.0;0.0;0.0;0.0;0.0;0.0
2030-02-10 22:00:00;85.53074932105288;0.0;0.0;0.0;0.0;0.0;0.0;0.0
2030-02-10 23:00:00;85.46751758448912;0.0;0.0;0.0;0.0;0.0;0.0;0.0
2030-02-11 00:00:00;85.41533307428088;0.0;0.0;0.0;0.0;0.0;0.0;0.0
2030-02-11 01:00:00;85.6328560032514;0.0;0.0;0.0;0.0;0.0;0.0;0.0
2030-02-11 02:00:00;85.67422075418112;0.0;0.0;0.0;0.0;0.0;0.0;0.0
2030-02-11 03:00:00;85.67631180694949;0.0;0.0;0.0;0.0;0.0;0.0;0.0
2030-02-11 04:00:00;85.7320124648665;0.0;0.0;0.0;0.0;0.0;0.0;0.0
2030-02-11 05:00:00;85.79412056888111;0.0;0.0;0.0;0.0;0.0;0.0;0.0
2030-02-11 06:00:00;85.96009479923222;0.0;0.0;0.0;0.0;0.0;0.0;0.0
2030-02-11 07:00:00;86.16611282712596;0.0;0.0;0.0;0.0;0.0;0.0;0.0
2030-02-11 08:00:00;86.33001244811186;0.0;0.0;0.0;0.0;0.0;0.0;0.0
2030-02-11 09:00:00;86.40367067256196;0.0;0.0;0.0;0.0;0.0;0.0;0.0
2030-02-11 10:00:00;86.4388664067399;0.0;0.0;0.0;0.0;0.0;0.0;0.0
2030-02-11 11:00:00;86.48524228478226;0.0;0.0;0.0;0.0;0.0;0.0;0.0
2030-02-11 12:00:00;86.49967137105416;0.0;0.0;0.0;0.0;0.0;0.0;0.0
2030-02-11 13:00:00;86.45914523368556;0.0;0.0;0.0;0.0;0.0;0.0;0.0
2030-02-11 14:00:00;86.4172515532876;0.0;0.0;0.0;0.0;0.0;0.0;0.0
2030-02-11 15:00:00;86.43983930809347;0.0;0.0;0.0;0.0;0.0;0.0;0.0
2030-02-11 16:00:00;86.43617105890544;0.0;0.0;0.0;0.0;0.0;0.0;0.0
2030-02-11 17:00:00;86.44830766072027;0.0;0.0;0.0;0.0;0.0;0.0;0.0
2030-02-11 18:00:00;86.50498396055806;0.0;0.0;0.0;0.0;0.0;0.0;0.0
2030-02-11 19:00:00;86.59682310776748;0.0;0.0;0.0;0.0;0.0;0.0;0.0
2030-02-11 20:00:00;86.58583891445736;0.0;0.0;0.0;0.0;0.0;0.0;0.0
2030-02-11 21:00:00;86.5180359118154;0.0;0.0;0.0;0.0;0.0;0.0;0.0
2030-02-11 22:00:00;86.4800228745629;0.0;0.0;0.0;0.0;0.0;0.0;0.0
2030-02-11 23:00:00;86.41411771470221;0.0;0.0;0.0;0.0;0.0;0.0;0.0
2030-02-12 00:00:00;86.29331762367927;0.0;0.0;0.0;0.0;0.0;0.0;0.0
2030-02-12 01:00:00;86.41357371211438;0.0;0.0;0.0;0.0;0.0;0.0;0.0
2030-02-12 02:00:00;86.3578524999434;0.0;0.0;0.0;0.0;0.0;0.0;0.0
2030-02-12 03:00:00;86.36716905811647;0.0;0.0;0.0;0.0;0.0;0.0;0.0
2030-02-12 04:00:00;86.36062458365927;0.0;0.0;0.0;0.0;0.0;0.0;0.0
2030-02-12 05:00:00;86.38701487544564;0.0;0.0;0.0;0.0;0.0;0.0;0.0
2030-02-12 06:00:00;86.44721006355944;0.0;0.0;0.0;0.0;0.0;0.0;0.0
2030-02-12 07:00:00;86.49908077882404;0.0;0.0;0.0;0.0;0.0;0.0;0.0
2030-02-12 08:00:00;86.5276306375586;0.0;0.0;0.0;0.0;0.0;0.0;0.0
2030-02-12 09:00:00;86.6121606920639;0.0;0.0;0.0;0.0;0.0;0.0;0.0
2030-02-12 10:00:00;86.5925396012446;0.0;0.0;0.0;0.0;0.0;0.0;0.0
2030-02-12 11:00:00;86.57354061917813;0.0;0.0;0.0;0.0;0.0;0.0;0.0
2030-02-12 12:00:00;86.47716857383128;0.0;0.0;0.0;0.0;0.0;0.0;0.0
2030-02-12 13:00:00;86.41938097399665;0.0;0.0;0.0;0.0;0.0;0.0;0.0
2030-02-12 14:00:00;86.39075986051506;0.0;0.0;0.0;0.0;0.0;0.0;0.0
2030-02-12 15:00:00;86.30142422143659;0.0;0.0;0.0;0.0;0.0;0.0;0.0
2030-02-12 16:00:00;86.46820828939329;0.0;0.0;0.0;0.0;0.0;0.0;0.0
2030-02-12 17:00:00;86.51256162884711;0.0;0.0;0.0;0.0;0.0;0.0;0.0
2030-02-12 18:00:00;86.50559236647496;0.0;0.0;0.0;0.0;0.0;0.0;0.0
2030-02-12 19:00:00;86.55264105376321;0.0;0.0;0.0;0.0;0.0;0.0;0.0
2030-02-12 20:00:00;86.5247886693793;0.0;0.0;0.0;0.0;0.0;0.0;0.0
2030-02-12 21:00:00;86.43429514066175;0.0;0.0;0.0;0.0;0.0;0.0;0.0
2030-02-12 22:00:00;86.40345964888809;0.0;0.0;0.0;0.0;0.0;0.0;0.0
2030-02-12 23:00:00;86.40983694874653;0.0;0.0;0.0;0.0;0.0;0.0;0.0
2030-02-13 00:00:00;86.28183190657282;0.0;0.0;0.0;0.0;0.0;0.0;0.0
2030-02-13 01:00:00;86.06219188944557;0.0;0.0;0.0;0.0;0.0;0.0;0.0
2030-02-13 02:00:00;85.95741178395014;0.0;0.0;0.0;0.0;0.0;0.0;0.0
2030-02-13 03:00:00;85.8436837265691;0.0;0.0;0.0;0.0;0.0;0.0;0.0
2030-02-13 04:00:00;85.81555728546587;0.0;0.0;0.0;0.0;0.0;0.0;0.0
2030-02-13 05:00:00;85.88190778749546;0.0;0.0;0.0;0.0;0.0;0.0;0.0
2030-02-13 06:00:00;85.99877379431265;0.0;0.0;0.0;0.0;0.0;0.0;0.0
2030-02-13 07:00:00;86.25088816239504;0.0;0.0;0.0;0.0;0.0;0.0;0.0
2030-02-13 08:00:00;86.44435987367856;0.0;0.0;0.0;0.0;0.0;0.0;0.0
2030-02-13 09:00:00;86.50707227275925;0.0;0.0;0.0;0.0;0.0;0.0;0.0
2030-02-13 10:00:00;86.5026517378767;0.0;0.0;0.0;0.0;0.0;0.0;0.0
2030-02-13 11:00:00;86.46419198817173;0.0;0.0;0.0;0.0;0.0;0.0;0.0
2030-02-13 12:00:00;86.48529572584253;0.0;0.0;0.0;0.0;0.0;0.0;0.0
2030-02-13 13:00:00;86.52572594335936;0.0;0.0;0.0;0.0;0.0;0.0;0.0
2030-02-13 14:00:00;86.47153122711498;0.0;0.0;0.0;0.0;0.0;0.0;0.0
2030-02-13 15:00:00;86.43312491847027;0.0;0.0;0.0;0.0;0.0;0.0;0.0
2030-02-13 16:00:00;86.43656844114844;0.0;0.0;0.0;0.0;0.0;0.0;0.0
2030-02-13 17:00:00;86.45594014035318;0.0;0.0;0.0;0.0;0.0;0.0;0.0
2030-02-13 18:00:00;86.43952825371704;0.0;0.0;0.0;0.0;0.0;0.0;0.0
2030-02-13 19:00:00;86.48500796628726;0.0;0.0;0.0;0.0;0.0;0.0;0.0
2030-02-13 20:00:00;86.48199745322557;0.0;0.0;0.0;0.0;0.0;0.0;0.0
2030-02-13 21:00:00;86.46024283084643;0.0;0.0;0.0;0.0;0.0;0.0;0.0
2030-02-13 22:00:00;85.63692026439887;0.0;0.0;0.0;0.0;0.0;0.0;0.0
2030-02-13 23:00:00;81.39544170970704;0.0;0.0;0.0;0.0;0.0;0.0;0.0
2030-02-14 00:00:00;79.63773646159336;0.0;0.0;0.0;0.0;0.0;0.0;0.0
2030-02-14 01:00:00;79.70131076905632;0.0;0.0;0.0;0.0;0.0;0.0;0.0
2030-02-14 02:00:00;79.71746778294349;0.0;0.0;0.0;0.0;0.0;0.0;0.0
2030-02-14 03:00:00;79.70971882920486;0.0;0.0;0.0;0.0;0.0;0.0;0.0
2030-02-14 04:00:00;79.71731979231505;0.0;0.0;0.0;0.0;0.0;0.0;0.0
2030-02-14 05:00:00;79.73463058499054;0.0;0.0;0.0;0.0;0.0;0.0;0.0
2030-02-14 06:00:00;79.86099813826635;0.0;0.0;0.0;0.0;0.0;0.0;0.0
2030-02-14 07:00:00;80.7868590262454;0.0;0.0;0.0;0.0;0.0;0.0;0.0
2030-02-14 08:00:00;82.56557620302885;0.0;0.0;0.0;0.0;0.0;0.0;0.0
2030-02-14 09:00:00;80.06381929452928;0.0;0.0;0.0;0.0;0.0;0.0;0.0
2030-02-14 10:00:00;80.02605975974215;0.0;0.0;0.0;0.0;0.0;0.0;0.0
2030-02-14 11:00:00;79.9928660098988;0.0;0.0;0.0;0.0;0.0;0.0;0.0
2030-02-14 12:00:00;79.97221583609848;0.0;0.0;0.0;0.0;0.0;0.0;0.0
2030-02-14 13:00:00;79.9214851967862;0.0;0.0;0.0;0.0;0.0;0.0;0.0
2030-02-14 14:00:00;79.8992304208943;0.0;0.0;0.0;0.0;0.0;0.0;0.0
2030-02-14 15:00:00;79.91121218066272;0.0;0.0;0.0;0.0;0.0;0.0;0.0
2030-02-14 16:00:00;79.94841675059324;0.0;0.0;0.0;0.0;0.0;0.0;0.0
2030-02-14 17:00:00;79.96151118064208;0.0;0.0;0.0;0.0;0.0;0.0;0.0
2030-02-14 18:00:00;80.02391252534633;0.0;0.0;0.0;0.0;0.0;0.0;0.0
2030-02-14 19:00:00;80.06642420364636;0.0;0.0;0.0;0.0;0.0;0.0;0.0
2030-02-14 20:00:00;79.9559738646283;0.0;0.0;0.0;0.0;0.0;0.0;0.0
2030-02-14 21:00:00;79.9435919820497;0.0;0.0;0.0;0.0;0.0;0.0;0.0
2030-02-14 22:00:00;79.938360239278;0.0;0.0;0.0;0.0;0.0;0.0;0.0
2030-02-14 23:00:00;79.76121682733121;0.0;0.0;0.0;0.0;0.0;0.0;0.0
2030-02-15 00:00:00;79.62559711921136;0.0;0.0;0.0;0.0;0.0;0.0;0.0
2030-02-15 01:00:00;79.67832289144025;0.0;0.0;0.0;0.0;0.0;0.0;0.0
2030-02-15 02:00:00;79.72470562090058;0.0;0.0;0.0;0.0;0.0;0.0;0.0
2030-02-15 03:00:00;79.85858643913637;0.0;0.0;0.0;0.0;0.0;0.0;0.0
2030-02-15 04:00:00;79.86158050879489;0.0;0.0;0.0;0.0;0.0;0.0;0.0
2030-02-15 05:00:00;79.90145576145513;0.0;0.0;0.0;0.0;0.0;0.0;0.0
2030-02-15 06:00:00;80.01154023475289;0.0;0.0;0.0;0.0;0.0;0.0;0.0
2030-02-15 07:00:00;80.1727157319488;0.0;0.0;0.0;0.0;0.0;0.0;0.0
2030-02-15 08:00:00;80.19953492250092;0.0;0.0;0.0;0.0;0.0;0.0;0.0
2030-02-15 09:00:00;80.18679950675437;0.0;0.0;0.0;0.0;0.0;0.0;0.0
2030-02-15 10:00:00;80.16880083171341;0.0;0.0;0.0;0.0;0.0;0.0;0.0
2030-02-15 11:00:00;80.13539605819618;0.0;0.0;0.0;0.0;0.0;0.0;0.0
2030-02-15 12:00:00;80.09893555225861;0.0;0.0;0.0;0.0;0.0;0.0;0.0
2030-02-15 13:00:00;80.04613852528271;0.0;0.0;0.0;0.0;0.0;0.0;0.0
2030-02-15 14:00:00;80.01760236938412;0.0;0.0;0.0;0.0;0.0;0.0;0.0
2030-02-15 15:00:00;80.02904697798269;0.0;0.0;0.0;0.0;0.0;0.0;0.0
2030-02-15 16:00:00;80.02797815677735;0.0;0.0;0.0;0.0;0.0;0.0;0.0
2030-02-15 17:00:00;80.06868654186431;0.0;0.0;0.0;0.0;0.0;0.0;0.0
2030-02-15 18:00:00;80.08997526782062;0.0;0.0;0.0;0.0;0.0;0.0;0.0
2030-02-15 19:00:00;80.1005387840666;0.0;0.0;0.0;0.0;0.0;0.0;0.0
2030-02-15 20:00:00;80.10830281092477;0.0;0.0;0.0;0.0;0.0;0.0;0.0
2030-02-15 21:00:00;79.99993804354071;0.0;0.0;0.0;0.0;0.0;0.0;0.0
2030-02-15 22:00:00;79.85999509067366;0.0;0.0;0.0;0.0;0.0;0.0;0.0
2030-02-15 23:00:00;79.67094802512348;0.0;0.0;0.0;0.0;0.0;0.0;0.0
2030-02-16 00:00:00;79.58518060453048;0.0;0.0;0.0;0.0;0.0;0.0;0.0
2030-02-16 01:00:00;79.54447084915994;0.0;0.0;0.0;0.0;0.0;0.0;0.0
2030-02-16 02:00:00;79.45237682920157;0.0;0.0;0.0;0.0;0.0;0.0;0.0
2030-02-16 03:00:00;79.42896964480492;0.0;0.0;0.0;0.0;0.0;0.0;0.0
2030-02-16 04:00:00;79.40414832773662;0.0;0.0;0.0;0.0;0.0;0.0;0.0
2030-02-16 05:00:00;79.39747915747212;0.0;0.0;0.0;0.0;0.0;0.0;0.0
2030-02-16 06:00:00;85.7961636617236;0.0;0.0;0.0;0.0;0.0;0.0;0.0
2030-02-16 07:00:00;86.02158627562838;0.0;0.0;0.0;0.0;0.0;0.0;0.0
2030-02-16 08:00:00;86.08294894536644;0.0;0.0;0.0;0.0;0.0;0.0;0.0
2030-02-16 09:00:00;86.11451753886426;0.0;0.0;0.0;0.0;0.0;0.0;0.0
2030-02-16 10:00:00;86.05461285087294;0.0;0.0;0.0;0.0;0.0;0.0;0.0
2030-02-16 11:00:00;79.54399262018472;0.0;0.0;0.0;0.0;0.0;0.0;0.0
2030-02-16 12:00:00;79.43541956969399;0.0;0.0;0.0;0.0;0.0;0.0;0.0
2030-02-16 13:00:00;79.40581322230648;0.0;0.0;0.0;0.0;0.0;0.0;0.0
2030-02-16 14:00:00;79.4479288886471;0.0;0.0;0.0;0.0;0.0;0.0;0.0
2030-02-16 15:00:00;79.44680388581432;0.0;0.0;0.0;0.0;0.0;0.0;0.0
2030-02-16 16:00:00;79.46852425110356;0.0;0.0;0.0;0.0;0.0;0.0;0.0
2030-02-16 17:00:00;79.48050875143917;0.0;0.0;0.0;0.0;0.0;0.0;0.0
2030-02-16 18:00:00;79.46945467366564;0.0;0.0;0.0;0.0;0.0;0.0;0.0
2030-02-16 19:00:00;79.4823778182649;0.0;0.0;0.0;0.0;0.0;0.0;0.0
2030-02-16 20:00:00;79.50235655310291;0.0;0.0;0.0;0.0;0.0;0.0;0.0
2030-02-16 21:00:00;79.46675658526397;0.0;0.0;0.0;0.0;0.0;0.0;0.0
2030-02-16 22:00:00;79.47326543234769;0.0;0.0;0.0;0.0;0.0;0.0;0.0
2030-02-16 23:00:00;79.46537396911503;0.0;0.0;0.0;0.0;0.0;0.0;0.0
2030-02-17 00:00:00;79.3898206424509;0.0;0.0;0.0;0.0;0.0;0.0;0.0
2030-02-17 01:00:00;79.31824798963476;0.0;0.0;0.0;0.0;0.0;0.0;0.0
2030-02-17 02:00:00;79.23442911231609;0.0;0.0;0.0;0.0;0.0;0.0;0.0
2030-02-17 03:00:00;79.21469976909266;0.0;0.0;0.0;0.0;0.0;0.0;0.0
2030-02-17 04:00:00;79.21000243692362;0.0;0.0;0.0;0.0;0.0;0.0;0.0
2030-02-17 05:00:00;85.30234359975839;0.0;0.0;0.0;0.0;0.0;0.0;0.0
2030-02-17 06:00:00;85.32148920216969;0.0;0.0;0.0;0.0;0.0;0.0;0.0
2030-02-17 07:00:00;85.4311036681938;0.0;0.0;0.0;0.0;0.0;0.0;0.0
2030-02-17 08:00:00;85.45615108205556;0.0;0.0;0.0;0.0;0.0;0.0;0.0
2030-02-17 09:00:00;79.28988174890215;0.0;0.0;0.0;0.0;0.0;0.0;0.0
2030-02-17 10:00:00;79.27657903574664;0.0;0.0;0.0;0.0;0.0;0.0;0.0
2030-02-17 11:00:00;79.24454591610957;0.0;0.0;0.0;0.0;0.0;0.0;0.0
2030-02-17 12:00:00;85.34632833292473;0.0;0.0;0.0;0.0;0.0;0.0;0.0
2030-02-17 13:00:00;85.31179170515675;0.0;0.0;0.0;0.0;0.0;0.0;0.0
2030-02-17 14:00:00;85.26783026681154;0.0;0.0;0.0;0.0;0.0;0.0;0.0
2030-02-17 15:00:00;79.18612113440255;0.0;0.0;0.0;0.0;0.0;0.0;0.0
2030-02-17 16:00:00;79.20141761019107;0.0;0.0;0.0;0.0;0.0;0.0;0.0
2030-02-17 17:00:00;85.39062412046749;0.0;0.0;0.0;0.0;0.0;0.0;0.0
2030-02-17 18:00:00;84.77979143134026;0.0;0.0;0.0;0.0;0.0;0.0;0.0
2030-02-17 19:00:00;82.45852005647953;0.0;0.0;0.0;0.0;0.0;0.0;0.0
2030-02-17 20:00:00;84.01578981207189;0.0;0.0;0.0;0.0;0.0;0.0;0.0
2030-02-17 21:00:00;79.27350000850514;0.0;0.0;0.0;0.0;0.0;0.0;0.0
2030-02-17 22:00:00;79.28104204942068;0.0;0.0;0.0;0.0;0.0;0.0;0.0
2030-02-17 23:00:00;79.27094031874674;0.0;0.0;0.0;0.0;0.0;0.0;0.0
2030-02-18 00:00:00;79.26714600346781;0.0;0.0;0.0;0.0;0.0;0.0;0.0
2030-02-18 01:00:00;79.30851486524833;0.0;0.0;0.0;0.0;0.0;0.0;0.0
2030-02-18 02:00:00;79.32595720514908;0.0;0.0;0.0;0.0;0.0;0.0;0.0
2030-02-18 03:00:00;79.32965971142701;0.0;0.0;0.0;0.0;0.0;0.0;0.0
2030-02-18 04:00:00;79.33950108821759;0.0;0.0;0.0;0.0;0.0;0.0;0.0
2030-02-18 05:00:00;79.41346625619333;0.0;0.0;0.0;0.0;0.0;0.0;0.0
2030-02-18 06:00:00;79.55093995801936;0.0;0.0;0.0;0.0;0.0;0.0;0.0
2030-02-18 07:00:00;79.71429694670101;0.0;0.0;0.0;0.0;0.0;0.0;0.0
2030-02-18 08:00:00;79.79729228357816;0.0;0.0;0.0;0.0;0.0;0.0;0.0
2030-02-18 09:00:00;79.78809768064517;0.0;0.0;0.0;0.0;0.0;0.0;0.0
2030-02-18 10:00:00;79.74384026104309;0.0;0.0;0.0;0.0;0.0;0.0;0.0
2030-02-18 11:00:00;79.70744141786736;0.0;0.0;0.0;0.0;0.0;0.0;0.0
2030-02-18 12:00:00;79.66701531120133;0.0;0.0;0.0;0.0;0.0;0.0;0.0
2030-02-18 13:00:00;79.66240567718245;0.0;0.0;0.0;0.0;0.0;0.0;0.0
2030-02-18 14:00:00;79.6228990308097;0.0;0.0;0.0;0.0;0.0;0.0;0.0
2030-02-18 15:00:00;79.6411676517192;0.0;0.0;0.0;0.0;0.0;0.0;0.0
2030-02-18 16:00:00;79.75007505140749;0.0;0.0;0.0;0.0;0.0;0.0;0.0
2030-02-18 17:00:00;79.79760881908896;0.0;0.0;0.0;0.0;0.0;0.0;0.0
2030-02-18 18:00:00;79.82083238548364;0.0;0.0;0.0;0.0;0.0;0.0;0.0
2030-02-18 19:00:00;79.82839498065313;0.0;0.0;0.0;0.0;0.0;0.0;0.0
2030-02-18 20:00:00;79.82850734390806;0.0;0.0;0.0;0.0;0.0;0.0;0.0
2030-02-18 21:00:00;79.8316411824934;0.0;0.0;0.0;0.0;0.0;0.0;0.0
2030-02-18 22:00:00;79.73814399213214;0.0;0.0;0.0;0.0;0.0;0.0;0.0
2030-02-18 23:00:00;79.58768274237782;0.0;0.0;0.0;0.0;0.0;0.0;0.0
2030-02-19 00:00:00;79.48494161887407;0.0;0.0;0.0;0.0;0.0;0.0;0.0
2030-02-19 01:00:00;79.43535927721574;0.0;0.0;0.0;0.0;0.0;0.0;0.0
2030-02-19 02:00:00;79.39793546190978;0.0;0.0;0.0;0.0;0.0;0.0;0.0
2030-02-19 03:00:00;79.40721502242576;0.0;0.0;0.0;0.0;0.0;0.0;0.0
2030-02-19 04:00:00;79.39384653565759;0.0;0.0;0.0;0.0;0.0;0.0;0.0
2030-02-19 05:00:00;79.39962913243514;0.0;0.0;0.0;0.0;0.0;0.0;0.0
2030-02-19 06:00:00;79.43843282332286;0.0;0.0;0.0;0.0;0.0;0.0;0.0
2030-02-19 07:00:00;79.50218115680254;0.0;0.0;0.0;0.0;0.0;0.0;0.0
2030-02-19 08:00:00;79.56795476943796;0.0;0.0;0.0;0.0;0.0;0.0;0.0
2030-02-19 09:00:00;79.61162844822789;0.0;0.0;0.0;0.0;0.0;0.0;0.0
2030-02-19 10:00:00;79.57286860641528;0.0;0.0;0.0;0.0;0.0;0.0;0.0
2030-02-19 11:00:00;79.54455306617572;0.0;0.0;0.0;0.0;0.0;0.0;0.0
2030-02-19 12:00:00;79.49801549466896;0.0;0.0;0.0;0.0;0.0;0.0;0.0
2030-02-19 13:00:00;79.47054541940851;0.0;0.0;0.0;0.0;0.0;0.0;0.0
2030-02-19 14:00:00;79.46672369845766;0.0;0.0;0.0;0.0;0.0;0.0;0.0
2030-02-19 15:00:00;79.46247444902468;0.0;0.0;0.0;0.0;0.0;0.0;0.0
2030-02-19 16:00:00;79.48096368559324;0.0;0.0;0.0;0.0;0.0;0.0;0.0
2030-02-19 17:00:00;79.532616525766;0.0;0.0;0.0;0.0;0.0;0.0;0.0
2030-02-19 18:00:00;79.60531555169848;0.0;0.0;0.0;0.0;0.0;0.0;0.0
2030-02-19 19:00:00;79.59406826393784;0.0;0.0;0.0;0.0;0.0;0.0;0.0
2030-02-19 20:00:00;79.58517649367968;0.0;0.0;0.0;0.0;0.0;0.0;0.0
2030-02-19 21:00:00;79.546046675296;0.0;0.0;0.0;0.0;0.0;0.0;0.0
2030-02-19 22:00:00;79.50324860772427;0.0;0.0;0.0;0.0;0.0;0.0;0.0
2030-02-19 23:00:00;79.39246666007585;0.0;0.0;0.0;0.0;0.0;0.0;0.0
2030-02-20 00:00:00;79.31170351517754;0.0;0.0;0.0;0.0;0.0;0.0;0.0
2030-02-20 01:00:00;79.32388533635105;0.0;0.0;0.0;0.0;0.0;0.0;0.0
2030-02-20 02:00:00;79.30590721556405;0.0;0.0;0.0;0.0;0.0;0.0;0.0
2030-02-20 03:00:00;79.290177730159;0.0;0.0;0.0;0.0;0.0;0.0;0.0
2030-02-20 04:00:00;79.32016090553557;0.0;0.0;0.0;0.0;0.0;0.0;0.0
2030-02-20 05:00:00;79.35551285204352;0.0;0.0;0.0;0.0;0.0;0.0;0.0
2030-02-20 06:00:00;79.4442071983988;0.0;0.0;0.0;0.0;0.0;0.0;0.0
2030-02-20 07:00:00;79.60891665699029;0.0;0.0;0.0;0.0;0.0;0.0;0.0
2030-02-20 08:00:00;79.73639139941213;0.0;0.0;0.0;0.0;0.0;0.0;0.0
2030-02-20 09:00:00;79.73320000891572;0.0;0.0;0.0;0.0;0.0;0.0;0.0
2030-02-20 10:00:00;79.70521881787373;0.0;0.0;0.0;0.0;0.0;0.0;0.0
2030-02-20 11:00:00;79.6575891303405;0.0;0.0;0.0;0.0;0.0;0.0;0.0
2030-02-20 12:00:00;79.60278600817924;0.0;0.0;0.0;0.0;0.0;0.0;0.0
2030-02-20 13:00:00;79.66639594301569;0.0;0.0;0.0;0.0;0.0;0.0;0.0
2030-02-20 14:00:00;79.66247967249666;0.0;0.0;0.0;0.0;0.0;0.0;0.0
2030-02-20 15:00:00;79.706946745489;0.0;0.0;0.0;0.0;0.0;0.0;0.0
2030-02-20 16:00:00;79.72060984323042;0.0;0.0;0.0;0.0;0.0;0.0;0.0
2030-02-20 17:00:00;79.77033195381561;0.0;0.0;0.0;0.0;0.0;0.0;0.0
2030-02-20 18:00:00;79.82665335020188;0.0;0.0;0.0;0.0;0.0;0.0;0.0
2030-02-20 19:00:00;79.84551119305792;0.0;0.0;0.0;0.0;0.0;0.0;0.0
2030-02-20 20:00:00;79.70655347409678;0.0;0.0;0.0;0.0;0.0;0.0;0.0
2030-02-20 21:00:00;79.6883643296359;0.0;0.0;0.0;0.0;0.0;0.0;0.0
2030-02-20 22:00:00;79.65979665721459;0.0;0.0;0.0;0.0;0.0;0.0;0.0
2030-02-20 23:00:00;79.53559141145415;0.0;0.0;0.0;0.0;0.0;0.0;0.0
2030-02-21 00:00:00;79.48095820445886;0.0;0.0;0.0;0.0;0.0;0.0;0.0
2030-02-21 01:00:00;79.45858421389403;0.0;0.0;0.0;0.0;0.0;0.0;0.0
2030-02-21 02:00:00;79.36780840675556;0.0;0.0;0.0;0.0;0.0;0.0;0.0
2030-02-21 03:00:00;79.39345463454899;0.0;0.0;0.0;0.0;0.0;0.0;0.0
2030-02-21 04:00:00;79.39566764255744;0.0;0.0;0.0;0.0;0.0;0.0;0.0
2030-02-21 05:00:00;79.42326241362521;0.0;0.0;0.0;0.0;0.0;0.0;0.0
2030-02-21 06:00:00;79.41990247824641;0.0;0.0;0.0;0.0;0.0;0.0;0.0
2030-02-21 07:00:00;79.55042199081984;0.0;0.0;0.0;0.0;0.0;0.0;0.0
2030-02-21 08:00:00;79.70153823613335;0.0;0.0;0.0;0.0;0.0;0.0;0.0
2030-02-21 09:00:00;79.72677337884778;0.0;0.0;0.0;0.0;0.0;0.0;0.0
2030-02-21 10:00:00;79.76378473879119;0.0;0.0;0.0;0.0;0.0;0.0;0.0
2030-02-21 11:00:00;79.80928911646615;0.0;0.0;0.0;0.0;0.0;0.0;0.0
2030-02-21 12:00:00;79.79932304386827;0.0;0.0;0.0;0.0;0.0;0.0;0.0
2030-02-21 13:00:00;79.74078863947355;0.0;0.0;0.0;0.0;0.0;0.0;0.0
2030-02-21 14:00:00;79.76817649771823;0.0;0.0;0.0;0.0;0.0;0.0;0.0
2030-02-21 15:00:00;79.79803771785468;0.0;0.0;0.0;0.0;0.0;0.0;0.0
2030-02-21 16:00:00;79.68300515048972;0.0;0.0;0.0;0.0;0.0;0.0;0.0
2030-02-21 17:00:00;79.6702615130416;0.0;0.0;0.0;0.0;0.0;0.0;0.0
2030-02-21 18:00:00;79.78067074355172;0.0;0.0;0.0;0.0;0.0;0.0;0.0
2030-02-21 19:00:00;79.76461513065072;0.0;0.0;0.0;0.0;0.0;0.0;0.0
2030-02-21 20:00:00;79.75098354943202;0.0;0.0;0.0;0.0;0.0;0.0;0.0
2030-02-21 21:00:00;79.75435307679598;0.0;0.0;0.0;0.0;0.0;0.0;0.0
2030-02-21 22:00:00;79.72039059785497;0.0;0.0;0.0;0.0;0.0;0.0;0.0
2030-02-21 23:00:00;79.61100085834066;0.0;0.0;0.0;0.0;0.0;0.0;0.0
2030-02-22 00:00:00;79.46492314581177;0.0;0.0;0.0;0.0;0.0;0.0;0.0
2030-02-22 01:00:00;79.49818540983495;0.0;0.0;0.0;0.0;0.0;0.0;0.0
2030-02-22 02:00:00;79.49398960146225;0.0;0.0;0.0;0.0;0.0;0.0;0.0
2030-02-22 03:00:00;79.49585729800437;0.0;0.0;0.0;0.0;0.0;0.0;0.0
2030-02-22 04:00:00;79.52602546166648;0.0;0.0;0.0;0.0;0.0;0.0;0.0
2030-02-22 05:00:00;79.63388459440341;0.0;0.0;0.0;0.0;0.0;0.0;0.0
2030-02-22 06:00:00;79.80592507023655;0.0;0.0;0.0;0.0;0.0;0.0;0.0
2030-02-22 07:00:00;80.02805489265876;0.0;0.0;0.0;0.0;0.0;0.0;0.0
2030-02-22 08:00:00;80.12507234157961;0.0;0.0;0.0;0.0;0.0;0.0;0.0
2030-02-22 09:00:00;80.14305183265023;0.0;0.0;0.0;0.0;0.0;0.0;0.0
2030-02-22 10:00:00;80.1380667409259;0.0;0.0;0.0;0.0;0.0;0.0;0.0
2030-02-22 11:00:00;80.18972506223304;0.0;0.0;0.0;0.0;0.0;0.0;0.0
2030-02-22 12:00:00;80.1923820421268;0.0;0.0;0.0;0.0;0.0;0.0;0.0
2030-02-22 13:00:00;80.14451803609856;0.0;0.0;0.0;0.0;0.0;0.0;0.0
2030-02-22 14:00:00;80.12655909928189;0.0;0.0;0.0;0.0;0.0;0.0;0.0
2030-02-22 15:00:00;80.15174217121968;0.0;0.0;0.0;0.0;0.0;0.0;0.0
2030-02-22 16:00:00;80.14820135840614;0.0;0.0;0.0;0.0;0.0;0.0;0.0
2030-02-22 17:00:00;80.13169218163465;0.0;0.0;0.0;0.0;0.0;0.0;0.0
2030-02-22 18:00:00;80.14340673610172;0.0;0.0;0.0;0.0;0.0;0.0;0.0
2030-02-22 19:00:00;80.13362154093862;0.0;0.0;0.0;0.0;0.0;0.0;0.0
2030-02-22 20:00:00;79.98368236923457;0.0;0.0;0.0;0.0;0.0;0.0;0.0
2030-02-22 21:00:00;79.84704865125326;0.0;0.0;0.0;0.0;0.0;0.0;0.0
2030-02-22 22:00:00;79.71163722624007;0.0;0.0;0.0;0.0;0.0;0.0;0.0
2030-02-22 23:00:00;79.56008934159365;0.0;0.0;0.0;0.0;0.0;0.0;0.0
2030-02-23 00:00:00;79.40444156842631;0.0;0.0;0.0;0.0;0.0;0.0;0.0
2030-02-23 01:00:00;79.3532464029748;0.0;0.0;0.0;0.0;0.0;0.0;0.0
2030-02-23 02:00:00;79.26938230629743;0.0;0.0;0.0;0.0;0.0;0.0;0.0
2030-02-23 03:00:00;79.2496145951333;0.0;0.0;0.0;0.0;0.0;0.0;0.0
2030-02-23 04:00:00;79.25064641868153;0.0;0.0;0.0;0.0;0.0;0.0;0.0
2030-02-23 05:00:00;79.26033706427646;0.0;0.0;0.0;0.0;0.0;0.0;0.0
2030-02-23 06:00:00;79.26908495475698;0.0;0.0;0.0;0.0;0.0;0.0;0.0
2030-02-23 07:00:00;79.32086249073701;0.0;0.0;0.0;0.0;0.0;0.0;0.0
2030-02-23 08:00:00;79.32715483301249;0.0;0.0;0.0;0.0;0.0;0.0;0.0
2030-02-23 09:00:00;79.29755122619216;0.0;0.0;0.0;0.0;0.0;0.0;0.0
2030-02-23 10:00:00;79.29482162126779;0.0;0.0;0.0;0.0;0.0;0.0;0.0
2030-02-23 11:00:00;79.28419507197636;0.0;0.0;0.0;0.0;0.0;0.0;0.0
2030-02-23 12:00:00;79.27429888384194;0.0;0.0;0.0;0.0;0.0;0.0;0.0
2030-02-23 13:00:00;79.26175667808252;0.0;0.0;0.0;0.0;0.0;0.0;0.0
2030-02-23 14:00:00;79.2755513230492;0.0;0.0;0.0;0.0;0.0;0.0;0.0
2030-02-23 15:00:00;79.26886433909793;0.0;0.0;0.0;0.0;0.0;0.0;0.0
2030-02-23 16:00:00;79.28272886852804;0.0;0.0;0.0;0.0;0.0;0.0;0.0
2030-02-23 17:00:00;79.32620796704724;0.0;0.0;0.0;0.0;0.0;0.0;0.0
2030-02-23 18:00:00;79.34098647563627;0.0;0.0;0.0;0.0;0.0;0.0;0.0
2030-02-23 19:00:00;79.35151025365793;0.0;0.0;0.0;0.0;0.0;0.0;0.0
2030-02-23 20:00:00;79.3399724657748;0.0;0.0;0.0;0.0;0.0;0.0;0.0
2030-02-23 21:00:00;79.32675608048588;0.0;0.0;0.0;0.0;0.0;0.0;0.0
2030-02-23 22:00:00;79.31830417126223;0.0;0.0;0.0;0.0;0.0;0.0;0.0
2030-02-23 23:00:00;79.31958812699222;0.0;0.0;0.0;0.0;0.0;0.0;0.0
2030-02-24 00:00:00;79.31589384241586;0.0;0.0;0.0;0.0;0.0;0.0;0.0
2030-02-24 01:00:00;79.27432491923027;0.0;0.0;0.0;0.0;0.0;0.0;0.0
2030-02-24 02:00:00;79.25407212767294;0.0;0.0;0.0;0.0;0.0;0.0;0.0
2030-02-24 03:00:00;79.17876271148897;0.0;0.0;0.0;0.0;0.0;0.0;0.0
2030-02-24 04:00:00;79.17257862161765;0.0;0.0;0.0;0.0;0.0;0.0;0.0
2030-02-24 05:00:00;79.18709129518894;0.0;0.0;0.0;0.0;0.0;0.0;0.0
2030-02-24 06:00:00;79.18964413352936;0.0;0.0;0.0;0.0;0.0;0.0;0.0
2030-02-24 07:00:00;79.22881917127174;0.0;0.0;0.0;0.0;0.0;0.0;0.0
2030-02-24 08:00:00;79.23009216473295;0.0;0.0;0.0;0.0;0.0;0.0;0.0
2030-02-24 09:00:00;79.23716693894204;0.0;0.0;0.0;0.0;0.0;0.0;0.0
2030-02-24 10:00:00;79.22208696796176;0.0;0.0;0.0;0.0;0.0;0.0;0.0
2030-02-24 11:00:00;79.20071191413885;0.0;0.0;0.0;0.0;0.0;0.0;0.0
2030-02-24 12:00:00;79.18220897473435;0.0;0.0;0.0;0.0;0.0;0.0;0.0
2030-02-24 13:00:00;79.18152246265247;0.0;0.0;0.0;0.0;0.0;0.0;0.0
2030-02-24 14:00:00;79.17680320594587;0.0;0.0;0.0;0.0;0.0;0.0;0.0
2030-02-24 15:00:00;79.19563775398075;0.0;0.0;0.0;0.0;0.0;0.0;0.0
2030-02-24 16:00:00;79.25682776798565;0.0;0.0;0.0;0.0;0.0;0.0;0.0
2030-02-24 17:00:00;79.36492807063556;0.0;0.0;0.0;0.0;0.0;0.0;0.0
2030-02-24 18:00:00;79.42360498452435;0.0;0.0;0.0;0.0;0.0;0.0;0.0
2030-02-24 19:00:00;79.46397765013015;0.0;0.0;0.0;0.0;0.0;0.0;0.0
2030-02-24 20:00:00;79.45945297369425;0.0;0.0;0.0;0.0;0.0;0.0;0.0
2030-02-24 21:00:00;79.4649437000657;0.0;0.0;0.0;0.0;0.0;0.0;0.0
2030-02-24 22:00:00;79.42630992434397;0.0;0.0;0.0;0.0;0.0;0.0;0.0
2030-02-24 23:00:00;79.41699473645448;0.0;0.0;0.0;0.0;0.0;0.0;0.0
2030-02-25 00:00:00;79.42175373138538;0.0;0.0;0.0;0.0;0.0;0.0;0.0
2030-02-25 01:00:00;79.41156567284489;0.0;0.0;0.0;0.0;0.0;0.0;0.0
2030-02-25 02:00:00;79.40315076127833;0.0;0.0;0.0;0.0;0.0;0.0;0.0
2030-02-25 03:00:00;79.40696014967679;0.0;0.0;0.0;0.0;0.0;0.0;0.0
2030-02-25 04:00:00;79.43021249202701;0.0;0.0;0.0;0.0;0.0;0.0;0.0
2030-02-25 05:00:00;79.47630746193207;0.0;0.0;0.0;0.0;0.0;0.0;0.0
2030-02-25 06:00:00;79.62439675078076;0.0;0.0;0.0;0.0;0.0;0.0;0.0
2030-02-25 07:00:00;79.87880634388739;0.0;0.0;0.0;0.0;0.0;0.0;0.0
2030-02-25 08:00:00;79.98173382596028;0.0;0.0;0.0;0.0;0.0;0.0;0.0
2030-02-25 09:00:00;79.98865923925734;0.0;0.0;0.0;0.0;0.0;0.0;0.0
2030-02-25 10:00:00;79.97699812585051;0.0;0.0;0.0;0.0;0.0;0.0;0.0
2030-02-25 11:00:00;80.0549713733462;0.0;0.0;0.0;0.0;0.0;0.0;0.0
2030-02-25 12:00:00;80.05160321626585;0.0;0.0;0.0;0.0;0.0;0.0;0.0
2030-02-25 13:00:00;79.93385200624527;0.0;0.0;0.0;0.0;0.0;0.0;0.0
2030-02-25 14:00:00;79.89012625667867;0.0;0.0;0.0;0.0;0.0;0.0;0.0
2030-02-25 15:00:00;79.9060969119967;0.0;0.0;0.0;0.0;0.0;0.0;0.0
2030-02-25 16:00:00;79.9549077839902;0.0;0.0;0.0;0.0;0.0;0.0;0.0
2030-02-25 17:00:00;79.99973250100123;0.0;0.0;0.0;0.0;0.0;0.0;0.0
2030-02-25 18:00:00;80.02145697714127;0.0;0.0;0.0;0.0;0.0;0.0;0.0
2030-02-25 19:00:00;80.03644376883697;0.0;0.0;0.0;0.0;0.0;0.0;0.0
2030-02-25 20:00:00;80.04719227336848;0.0;0.0;0.0;0.0;0.0;0.0;0.0
2030-02-25 21:00:00;86.50512784033572;0.0;0.0;0.0;0.0;0.0;0.0;0.0
2030-02-25 22:00:00;86.42829740935954;0.0;0.0;0.0;0.0;0.0;0.0;0.0
2030-02-25 23:00:00;86.32829000163098;0.0;0.0;0.0;0.0;0.0;0.0;0.0
2030-02-26 00:00:00;86.1283258866669;0.0;0.0;0.0;0.0;0.0;0.0;0.0
2030-02-26 01:00:00;86.12291326646044;0.0;0.0;0.0;0.0;0.0;0.0;0.0
2030-02-26 02:00:00;86.12729954425308;0.0;0.0;0.0;0.0;0.0;0.0;0.0
2030-02-26 03:00:00;86.20144833023073;0.0;0.0;0.0;0.0;0.0;0.0;0.0
2030-02-26 04:00:00;86.20212525032744;0.0;0.0;0.0;0.0;0.0;0.0;0.0
2030-02-26 05:00:00;86.20444651074004;0.0;0.0;0.0;0.0;0.0;0.0;0.0
2030-02-26 06:00:00;86.33682686843761;0.0;0.0;0.0;0.0;0.0;0.0;0.0
2030-02-26 07:00:00;86.52073400021706;0.0;0.0;0.0;0.0;0.0;0.0;0.0
2030-02-26 08:00:00;86.5655943446016;0.0;0.0;0.0;0.0;0.0;0.0;0.0
2030-02-26 09:00:00;86.55830443586785;0.0;0.0;0.0;0.0;0.0;0.0;0.0
2030-02-26 10:00:00;86.49467668734465;0.0;0.0;0.0;0.0;0.0;0.0;0.0
2030-02-26 11:00:00;86.40231135123418;0.0;0.0;0.0;0.0;0.0;0.0;0.0
2030-02-26 12:00:00;86.27982170053663;0.0;0.0;0.0;0.0;0.0;0.0;0.0
2030-02-26 13:00:00;86.2807178660088;0.0;0.0;0.0;0.0;0.0;0.0;0.0
2030-02-26 14:00:00;86.3251575333292;0.0;0.0;0.0;0.0;0.0;0.0;0.0
2030-02-26 15:00:00;86.29109365340204;0.0;0.0;0.0;0.0;0.0;0.0;0.0
2030-02-26 16:00:00;86.39663289600998;0.0;0.0;0.0;0.0;0.0;0.0;0.0
2030-02-26 17:00:00;86.40597823013859;0.0;0.0;0.0;0.0;0.0;0.0;0.0
2030-02-26 18:00:00;86.4388650364563;0.0;0.0;0.0;0.0;0.0;0.0;0.0
2030-02-26 19:00:00;86.47999683917459;0.0;0.0;0.0;0.0;0.0;0.0;0.0
2030-02-26 20:00:00;86.49070697576539;0.0;0.0;0.0;0.0;0.0;0.0;0.0
2030-02-26 21:00:00;86.5130056007324;0.0;0.0;0.0;0.0;0.0;0.0;0.0
2030-02-26 22:00:00;86.46743819001202;0.0;0.0;0.0;0.0;0.0;0.0;0.0
2030-02-26 23:00:00;86.43252199368777;0.0;0.0;0.0;0.0;0.0;0.0;0.0
2030-02-27 00:00:00;86.40400776232671;0.0;0.0;0.0;0.0;0.0;0.0;0.0
2030-02-27 01:00:00;86.35880210647582;0.0;0.0;0.0;0.0;0.0;0.0;0.0
2030-02-27 02:00:00;86.37398210815864;0.0;0.0;0.0;0.0;0.0;0.0;0.0
2030-02-27 03:00:00;86.33050437992304;0.0;0.0;0.0;0.0;0.0;0.0;0.0
2030-02-27 04:00:00;86.34380572279494;0.0;0.0;0.0;0.0;0.0;0.0;0.0
2030-02-27 05:00:00;86.36193594506119;0.0;0.0;0.0;0.0;0.0;0.0;0.0
2030-02-27 06:00:00;86.4250772429076;0.0;0.0;0.0;0.0;0.0;0.0;0.0
2030-02-27 07:00:00;86.50170898276227;0.0;0.0;0.0;0.0;0.0;0.0;0.0
2030-02-27 08:00:00;86.52496406567967;0.0;0.0;0.0;0.0;0.0;0.0;0.0
2030-02-27 09:00:00;86.50519361394835;0.0;0.0;0.0;0.0;0.0;0.0;0.0
2030-02-27 10:00:00;86.45810518843577;0.0;0.0;0.0;0.0;0.0;0.0;0.0
2030-02-27 11:00:00;86.4373837598884;0.0;0.0;0.0;0.0;0.0;0.0;0.0
2030-02-27 12:00:00;86.39547089552008;0.0;0.0;0.0;0.0;0.0;0.0;0.0
2030-02-27 13:00:00;86.36002165887678;0.0;0.0;0.0;0.0;0.0;0.0;0.0
2030-02-27 14:00:00;86.31594785727664;0.0;0.0;0.0;0.0;0.0;0.0;0.0
2030-02-27 15:00:00;86.32614550780232;0.0;0.0;0.0;0.0;0.0;0.0;0.0
2030-02-27 16:00:00;86.38198319407903;0.0;0.0;0.0;0.0;0.0;0.0;0.0
2030-02-27 17:00:00;86.40595219475024;0.0;0.0;0.0;0.0;0.0;0.0;0.0
2030-02-27 18:00:00;86.42342331060654;0.0;0.0;0.0;0.0;0.0;0.0;0.0
2030-02-27 19:00:00;86.42860572316877;0.0;0.0;0.0;0.0;0.0;0.0;0.0
2030-02-27 20:00:00;86.43715629281138;0.0;0.0;0.0;0.0;0.0;0.0;0.0
2030-02-27 21:00:00;86.27501748624707;0.0;0.0;0.0;0.0;0.0;0.0;0.0
2030-02-27 22:00:00;86.20711445290256;0.0;0.0;0.0;0.0;0.0;0.0;0.0
2030-02-27 23:00:00;85.93777013887689;0.0;0.0;0.0;0.0;0.0;0.0;0.0
2030-02-28 00:00:00;85.8342918027982;0.0;0.0;0.0;0.0;0.0;0.0;0.0
2030-02-28 01:00:00;85.82057389371292;0.0;0.0;0.0;0.0;0.0;0.0;0.0
2030-02-28 02:00:00;85.7151141275536;0.0;0.0;0.0;0.0;0.0;0.0;0.0
2030-02-28 03:00:00;79.38284178809356;0.0;0.0;0.0;0.0;0.0;0.0;0.0
2030-02-28 04:00:00;79.38302814666267;0.0;0.0;0.0;0.0;0.0;0.0;0.0
2030-02-28 05:00:00;85.71441528291935;0.0;0.0;0.0;0.0;0.0;0.0;0.0
2030-02-28 06:00:00;85.78027111257056;0.0;0.0;0.0;0.0;0.0;0.0;0.0
2030-02-28 07:00:00;85.97475683371555;0.0;0.0;0.0;0.0;0.0;0.0;0.0
2030-02-28 08:00:00;85.98498874133114;0.0;0.0;0.0;0.0;0.0;0.0;0.0
2030-02-28 09:00:00;85.980566836165;0.0;0.0;0.0;0.0;0.0;0.0;0.0
2030-02-28 10:00:00;85.99416553057738;0.0;0.0;0.0;0.0;0.0;0.0;0.0
2030-02-28 11:00:00;85.95400936977987;0.0;0.0;0.0;0.0;0.0;0.0;0.0
2030-02-28 12:00:00;85.91055904721617;0.0;0.0;0.0;0.0;0.0;0.0;0.0
2030-02-28 13:00:00;85.84083627725542;0.0;0.0;0.0;0.0;0.0;0.0;0.0
2030-02-28 14:00:00;85.81229326993883;0.0;0.0;0.0;0.0;0.0;0.0;0.0
2030-02-28 15:00:00;85.8596269762152;0.0;0.0;0.0;0.0;0.0;0.0;0.0
2030-02-28 16:00:00;85.93814422629876;0.0;0.0;0.0;0.0;0.0;0.0;0.0
2030-02-28 17:00:00;85.9296909467915;0.0;0.0;0.0;0.0;0.0;0.0;0.0
2030-02-28 18:00:00;85.96282166358941;0.0;0.0;0.0;0.0;0.0;0.0;0.0
2030-02-28 19:00:00;85.92725732312398;0.0;0.0;0.0;0.0;0.0;0.0;0.0
2030-02-28 20:00:00;85.80317951373803;0.0;0.0;0.0;0.0;0.0;0.0;0.0
2030-02-28 21:00:00;85.79500714236808;0.0;0.0;0.0;0.0;0.0;0.0;0.0
2030-02-28 22:00:00;85.78386673672796;0.0;0.0;0.0;0.0;0.0;0.0;0.0
2030-02-28 23:00:00;85.72161612321932;0.0;0.0;0.0;0.0;0.0;0.0;0.0
2030-03-01 00:00:00;85.71649811398612;0.0;0.0;0.0;0.0;0.0;0.0;0.0
2030-03-01 01:00:00;85.76470195034632;0.0;0.0;0.0;0.0;0.0;0.0;0.0
2030-03-01 02:00:00;85.82530137212109;0.0;0.0;0.0;0.0;0.0;0.0;0.0
2030-03-01 03:00:00;85.8562725219708;0.0;0.0;0.0;0.0;0.0;0.0;0.0
2030-03-01 04:00:00;85.8669785477108;0.0;0.0;0.0;0.0;0.0;0.0;0.0
2030-03-01 05:00:00;85.95009446954444;0.0;0.0;0.0;0.0;0.0;0.0;0.0
2030-03-01 06:00:00;86.15598506106369;0.0;0.0;0.0;0.0;0.0;0.0;0.0
2030-03-01 07:00:00;86.32255125392854;0.0;0.0;0.0;0.0;0.0;0.0;0.0
2030-03-01 08:00:00;86.3361102101166;0.0;0.0;0.0;0.0;0.0;0.0;0.0
2030-03-01 09:00:00;86.40389402878819;0.0;0.0;0.0;0.0;0.0;0.0;0.0
2030-03-01 10:00:00;86.42335479642671;0.0;0.0;0.0;0.0;0.0;0.0;0.0
2030-03-01 11:00:00;86.45647729152303;0.0;0.0;0.0;0.0;0.0;0.0;0.0
2030-03-01 12:00:00;86.5506116637567;0.0;0.0;0.0;0.0;0.0;0.0;0.0
2030-03-01 13:00:00;86.52363763115818;0.0;0.0;0.0;0.0;0.0;0.0;0.0
2030-03-01 14:00:00;86.42602273858924;0.0;0.0;0.0;0.0;0.0;0.0;0.0
2030-03-01 15:00:00;86.49505488561731;0.0;0.0;0.0;0.0;0.0;0.0;0.0
2030-03-01 16:00:00;86.51792217827689;0.0;0.0;0.0;0.0;0.0;0.0;0.0
2030-03-01 17:00:00;86.51956925915998;0.0;0.0;0.0;0.0;0.0;0.0;0.0
2030-03-01 18:00:00;86.52526415778732;0.0;0.0;0.0;0.0;0.0;0.0;0.0
2030-03-01 19:00:00;86.47588050725048;0.0;0.0;0.0;0.0;0.0;0.0;0.0
2030-03-01 20:00:00;86.49631143567537;0.0;0.0;0.0;0.0;0.0;0.0;0.0
2030-03-01 21:00:00;86.44473670166761;0.0;0.0;0.0;0.0;0.0;0.0;0.0
2030-03-01 22:00:00;86.39749343410861;0.0;0.0;0.0;0.0;0.0;0.0;0.0
2030-03-01 23:00:00;86.37059065625714;0.0;0.0;0.0;0.0;0.0;0.0;0.0
2030-03-02 00:00:00;86.32558643209494;0.0;0.0;0.0;0.0;0.0;0.0;0.0
2030-03-02 01:00:00;86.05817147737324;0.0;0.0;0.0;0.0;0.0;0.0;0.0
2030-03-02 02:00:00;85.88527046344146;0.0;0.0;0.0;0.0;0.0;0.0;0.0
2030-03-02 03:00:00;85.84557608821596;0.0;0.0;0.0;0.0;0.0;0.0;0.0
2030-03-02 04:00:00;85.85566411605393;0.0;0.0;0.0;0.0;0.0;0.0;0.0
2030-03-02 05:00:00;85.86199756683726;0.0;0.0;0.0;0.0;0.0;0.0;0.0
2030-03-02 06:00:00;85.85117369670796;0.0;0.0;0.0;0.0;0.0;0.0;0.0
2030-03-02 07:00:00;85.82987263819926;0.0;0.0;0.0;0.0;0.0;0.0;0.0
2030-03-02 08:00:00;85.8643476032054;0.0;0.0;0.0;0.0;0.0;0.0;0.0
2030-03-02 09:00:00;85.88111576357664;0.0;0.0;0.0;0.0;0.0;0.0;0.0
2030-03-02 10:00:00;85.88019219243255;0.0;0.0;0.0;0.0;0.0;0.0;0.0
2030-03-02 11:00:00;85.84806178266015;0.0;0.0;0.0;0.0;0.0;0.0;0.0
2030-03-02 12:00:00;85.81967772824075;0.0;0.0;0.0;0.0;0.0;0.0;0.0
2030-03-02 13:00:00;85.7785418146717;0.0;0.0;0.0;0.0;0.0;0.0;0.0
2030-03-02 14:00:00;85.76195727230238;0.0;0.0;0.0;0.0;0.0;0.0;0.0
2030-03-02 15:00:00;85.71803968303227;0.0;0.0;0.0;0.0;0.0;0.0;0.0
2030-03-02 16:00:00;85.76892927524175;0.0;0.0;0.0;0.0;0.0;0.0;0.0
2030-03-02 17:00:00;85.78936294423382;0.0;0.0;0.0;0.0;0.0;0.0;0.0
2030-03-02 18:00:00;85.79482489464975;0.0;0.0;0.0;0.0;0.0;0.0;0.0
2030-03-02 19:00:00;85.8204217922337;0.0;0.0;0.0;0.0;0.0;0.0;0.0
2030-03-02 20:00:00;85.83834647196045;0.0;0.0;0.0;0.0;0.0;0.0;0.0
2030-03-02 21:00:00;85.78118646201307;0.0;0.0;0.0;0.0;0.0;0.0;0.0
2030-03-02 22:00:00;85.73979019456064;0.0;0.0;0.0;0.0;0.0;0.0;0.0
2030-03-02 23:00:00;85.56892816262057;0.0;0.0;0.0;0.0;0.0;0.0;0.0
2030-03-03 00:00:00;85.53797756702481;0.0;0.0;0.0;0.0;0.0;0.0;0.0
2030-03-03 01:00:00;85.494014758396;0.0;0.0;0.0;0.0;0.0;0.0;0.0
2030-03-03 02:00:00;85.465004484373;0.0;0.0;0.0;0.0;0.0;0.0;0.0
2030-03-03 03:00:00;85.40818978589195;0.0;0.0;0.0;0.0;0.0;0.0;0.0
2030-03-03 04:00:00;85.3620482263446;0.0;0.0;0.0;0.0;0.0;0.0;0.0
2030-03-03 05:00:00;85.37602785959682;0.0;0.0;0.0;0.0;0.0;0.0;0.0
2030-03-03 06:00:00;85.36803225481083;0.0;0.0;0.0;0.0;0.0;0.0;0.0
2030-03-03 07:00:00;85.4149630977098;0.0;0.0;0.0;0.0;0.0;0.0;0.0
2030-03-03 08:00:00;85.43071998878676;0.0;0.0;0.0;0.0;0.0;0.0;0.0
2030-03-03 09:00:00;85.5420185333511;0.0;0.0;0.0;0.0;0.0;0.0;0.0
2030-03-03 10:00:00;85.62659243693147;0.0;0.0;0.0;0.0;0.0;0.0;0.0
2030-03-03 11:00:00;85.68703016524186;0.0;0.0;0.0;0.0;0.0;0.0;0.0
2030-03-03 12:00:00;85.68943775352103;0.0;0.0;0.0;0.0;0.0;0.0;0.0
2030-03-03 13:00:00;85.69035310296356;0.0;0.0;0.0;0.0;0.0;0.0;0.0
2030-03-03 14:00:00;85.67235168735539;0.0;0.0;0.0;0.0;0.0;0.0;0.0
2030-03-03 15:00:00;85.62155801499767;0.0;0.0;0.0;0.0;0.0;0.0;0.0
2030-03-03 16:00:00;85.62483710364427;0.0;0.0;0.0;0.0;0.0;0.0;0.0
2030-03-03 17:00:00;85.59210239880576;0.0;0.0;0.0;0.0;0.0;0.0;0.0
2030-03-03 18:00:00;85.62957417403761;0.0;0.0;0.0;0.0;0.0;0.0;0.0
2030-03-03 19:00:00;85.62561268415993;0.0;0.0;0.0;0.0;0.0;0.0;0.0
2030-03-03 20:00:00;85.64060084613924;0.0;0.0;0.0;0.0;0.0;0.0;0.0
2030-03-03 21:00:00;85.64405944193697;0.0;0.0;0.0;0.0;0.0;0.0;0.0
2030-03-03 22:00:00;85.62853686935502;0.0;0.0;0.0;0.0;0.0;0.0;0.0
2030-03-03 23:00:00;85.54159100486896;0.0;0.0;0.0;0.0;0.0;0.0;0.0
2030-03-04 00:00:00;85.50002345196697;0.0;0.0;0.0;0.0;0.0;0.0;0.0
2030-03-04 01:00:00;85.35066391022427;0.0;0.0;0.0;0.0;0.0;0.0;0.0
2030-03-04 02:00:00;85.28657163556184;0.0;0.0;0.0;0.0;0.0;0.0;0.0
2030-03-04 03:00:00;85.32868867218608;0.0;0.0;0.0;0.0;0.0;0.0;0.0
2030-03-04 04:00:00;85.30939370886276;0.0;0.0;0.0;0.0;0.0;0.0;0.0
2030-03-04 05:00:00;85.3074561278572;0.0;0.0;0.0;0.0;0.0;0.0;0.0
2030-03-04 06:00:00;85.46029070880078;0.0;0.0;0.0;0.0;0.0;0.0;0.0
2030-03-04 07:00:00;85.81637945562382;0.0;0.0;0.0;0.0;0.0;0.0;0.0
2030-03-04 08:00:00;86.00227212833471;0.0;0.0;0.0;0.0;0.0;0.0;0.0
2030-03-04 09:00:00;86.11559869262194;0.0;0.0;0.0;0.0;0.0;0.0;0.0
2030-03-04 10:00:00;86.19530397858371;0.0;0.0;0.0;0.0;0.0;0.0;0.0
2030-03-04 11:00:00;86.19321155553175;0.0;0.0;0.0;0.0;0.0;0.0;0.0
2030-03-04 12:00:00;86.14102841560711;0.0;0.0;0.0;0.0;0.0;0.0;0.0
2030-03-04 13:00:00;86.1044281407427;0.0;0.0;0.0;0.0;0.0;0.0;0.0
2030-03-04 14:00:00;86.11524790002122;0.0;0.0;0.0;0.0;0.0;0.0;0.0
2030-03-04 15:00:00;86.03355707312802;0.0;0.0;0.0;0.0;0.0;0.0;0.0
2030-03-04 16:00:00;79.61065691715794;0.0;0.0;0.0;0.0;0.0;0.0;0.0
2030-03-04 17:00:00;86.05679297207509;0.0;0.0;0.0;0.0;0.0;0.0;0.0
2030-03-04 18:00:00;86.0896784081092;0.0;0.0;0.0;0.0;0.0;0.0;0.0
2030-03-04 19:00:00;86.10409790239592;0.0;0.0;0.0;0.0;0.0;0.0;0.0
2030-03-04 20:00:00;86.15111370287788;0.0;0.0;0.0;0.0;0.0;0.0;0.0
2030-03-04 21:00:00;86.14158612103091;0.0;0.0;0.0;0.0;0.0;0.0;0.0
2030-03-04 22:00:00;86.06837597931688;0.0;0.0;0.0;0.0;0.0;0.0;0.0
2030-03-04 23:00:00;86.00070863475099;0.0;0.0;0.0;0.0;0.0;0.0;0.0
2030-03-05 00:00:00;85.94711273243831;0.0;0.0;0.0;0.0;0.0;0.0;0.0
2030-03-05 01:00:00;85.90329791443794;0.0;0.0;0.0;0.0;0.0;0.0;0.0
2030-03-05 02:00:00;85.8561519370143;0.0;0.0;0.0;0.0;0.0;0.0;0.0
2030-03-05 03:00:00;85.88919495566203;0.0;0.0;0.0;0.0;0.0;0.0;0.0
2030-03-05 04:00:00;85.84712861953088;0.0;0.0;0.0;0.0;0.0;0.0;0.0
2030-03-05 05:00:00;85.89808535563658;0.0;0.0;0.0;0.0;0.0;0.0;0.0
2030-03-05 06:00:00;86.00466053264353;0.0;0.0;0.0;0.0;0.0;0.0;0.0
2030-03-05 07:00:00;86.20082211062712;0.0;0.0;0.0;0.0;0.0;0.0;0.0
2030-03-05 08:00:00;86.40354597675469;0.0;0.0;0.0;0.0;0.0;0.0;0.0
2030-03-05 09:00:00;86.65446408725725;0.0;0.0;0.0;0.0;0.0;0.0;0.0
2030-03-05 10:00:00;86.53133588440372;0.0;0.0;0.0;0.0;0.0;0.0;0.0
2030-03-05 11:00:00;86.4660487224451;0.0;0.0;0.0;0.0;0.0;0.0;0.0
2030-03-05 12:00:00;86.47898419959672;0.0;0.0;0.0;0.0;0.0;0.0;0.0
2030-03-05 13:00:00;86.42761089727767;0.0;0.0;0.0;0.0;0.0;0.0;0.0
2030-03-05 14:00:00;86.38461961971882;0.0;0.0;0.0;0.0;0.0;0.0;0.0
2030-03-05 15:00:00;86.29655697410158;0.0;0.0;0.0;0.0;0.0;0.0;0.0
2030-03-05 16:00:00;86.24361743763164;0.0;0.0;0.0;0.0;0.0;0.0;0.0
2030-03-05 17:00:00;86.32711292802153;0.0;0.0;0.0;0.0;0.0;0.0;0.0
2030-03-05 18:00:00;86.36839820250262;0.0;0.0;0.0;0.0;0.0;0.0;0.0
2030-03-05 19:00:00;86.40534789968416;0.0;0.0;0.0;0.0;0.0;0.0;0.0
2030-03-05 20:00:00;86.47385248752757;0.0;0.0;0.0;0.0;0.0;0.0;0.0
2030-03-05 21:00:00;86.43740979527674;0.0;0.0;0.0;0.0;0.0;0.0;0.0
2030-03-05 22:00:00;86.33174996771231;0.0;0.0;0.0;0.0;0.0;0.0;0.0
2030-03-05 23:00:00;79.68382869093125;0.0;0.0;0.0;0.0;0.0;0.0;0.0
2030-03-06 00:00:00;79.46497384630484;0.0;0.0;0.0;0.0;0.0;0.0;0.0
2030-03-06 01:00:00;79.42250327651271;0.0;0.0;0.0;0.0;0.0;0.0;0.0
2030-03-06 02:00:00;79.41403355360231;0.0;0.0;0.0;0.0;0.0;0.0;0.0
2030-03-06 03:00:00;79.40318090751747;0.0;0.0;0.0;0.0;0.0;0.0;0.0
2030-03-06 04:00:00;79.40250535770434;0.0;0.0;0.0;0.0;0.0;0.0;0.0
2030-03-06 05:00:00;79.40693411428846;0.0;0.0;0.0;0.0;0.0;0.0;0.0
2030-03-06 06:00:00;79.44120353675511;0.0;0.0;0.0;0.0;0.0;0.0;0.0
2030-03-06 07:00:00;79.51180328821768;0.0;0.0;0.0;0.0;0.0;0.0;0.0
2030-03-06 08:00:00;79.55498229462924;0.0;0.0;0.0;0.0;0.0;0.0;0.0
2030-03-06 09:00:00;79.66732499529414;0.0;0.0;0.0;0.0;0.0;0.0;0.0
2030-03-06 10:00:00;79.67868738687692;0.0;0.0;0.0;0.0;0.0;0.0;0.0
2030-03-06 11:00:00;79.65245604798776;0.0;0.0;0.0;0.0;0.0;0.0;0.0
2030-03-06 12:00:00;79.6316935109325;0.0;0.0;0.0;0.0;0.0;0.0;0.0
2030-03-06 13:00:00;79.68465908279077;0.0;0.0;0.0;0.0;0.0;0.0;0.0
2030-03-06 14:00:00;79.75030525905173;0.0;0.0;0.0;0.0;0.0;0.0;0.0
2030-03-06 15:00:00;79.73731908140701;0.0;0.0;0.0;0.0;0.0;0.0;0.0
2030-03-06 16:00:00;79.73980477585118;0.0;0.0;0.0;0.0;0.0;0.0;0.0
2030-03-06 17:00:00;79.67792550919722;0.0;0.0;0.0;0.0;0.0;0.0;0.0
2030-03-06 18:00:00;79.57537348482981;0.0;0.0;0.0;0.0;0.0;0.0;0.0
2030-03-06 19:00:00;86.07989047237888;0.0;0.0;0.0;0.0;0.0;0.0;0.0
2030-03-06 20:00:00;86.08177735289136;0.0;0.0;0.0;0.0;0.0;0.0;0.0
2030-03-06 21:00:00;86.12649929863268;0.0;0.0;0.0;0.0;0.0;0.0;0.0
2030-03-06 22:00:00;86.03345019100747;0.0;0.0;0.0;0.0;0.0;0.0;0.0
2030-03-06 23:00:00;86.00171716347808;0.0;0.0;0.0;0.0;0.0;0.0;0.0
2030-03-07 00:00:00;85.94828980604777;0.0;0.0;0.0;0.0;0.0;0.0;0.0
2030-03-07 01:00:00;85.99191278434462;0.0;0.0;0.0;0.0;0.0;0.0;0.0
2030-03-07 02:00:00;85.95913423043103;0.0;0.0;0.0;0.0;0.0;0.0;0.0
2030-03-07 03:00:00;85.94604117066581;0.0;0.0;0.0;0.0;0.0;0.0;0.0
2030-03-07 04:00:00;85.98160002999683;0.0;0.0;0.0;0.0;0.0;0.0;0.0
2030-03-07 05:00:00;86.03274997608963;0.0;0.0;0.0;0.0;0.0;0.0;0.0
2030-03-07 06:00:00;86.08009601491838;0.0;0.0;0.0;0.0;0.0;0.0;0.0
2030-03-07 07:00:00;86.16261723367109;0.0;0.0;0.0;0.0;0.0;0.0;0.0
2030-03-07 08:00:00;86.16792160147342;0.0;0.0;0.0;0.0;0.0;0.0;0.0
2030-03-07 09:00:00;86.18841556294375;0.0;0.0;0.0;0.0;0.0;0.0;0.0
2030-03-07 10:00:00;86.15115618166936;0.0;0.0;0.0;0.0;0.0;0.0;0.0
2030-03-07 11:00:00;86.13616801969007;0.0;0.0;0.0;0.0;0.0;0.0;0.0
2030-03-07 12:00:00;86.14044330451136;0.0;0.0;0.0;0.0;0.0;0.0;0.0
2030-03-07 13:00:00;86.08941942450946;0.0;0.0;0.0;0.0;0.0;0.0;0.0
2030-03-07 14:00:00;86.15003803025458;0.0;0.0;0.0;0.0;0.0;0.0;0.0
2030-03-07 15:00:00;86.11792269360174;0.0;0.0;0.0;0.0;0.0;0.0;0.0
2030-03-07 16:00:00;86.07270744576564;0.0;0.0;0.0;0.0;0.0;0.0;0.0
2030-03-07 17:00:00;86.2125435165122;0.0;0.0;0.0;0.0;0.0;0.0;0.0
2030-03-07 18:00:00;86.21331909702785;0.0;0.0;0.0;0.0;0.0;0.0;0.0
2030-03-07 19:00:00;86.00026329258213;0.0;0.0;0.0;0.0;0.0;0.0;0.0
2030-03-07 20:00:00;86.0672180896778;0.0;0.0;0.0;0.0;0.0;0.0;0.0
2030-03-07 21:00:00;86.08598138296564;0.0;0.0;0.0;0.0;0.0;0.0;0.0
2030-03-07 22:00:00;85.99055209273322;0.0;0.0;0.0;0.0;0.0;0.0;0.0
2030-03-07 23:00:00;85.81649044859515;0.0;0.0;0.0;0.0;0.0;0.0;0.0
2030-03-08 00:00:00;85.64562019495347;0.0;0.0;0.0;0.0;0.0;0.0;0.0
2030-03-08 01:00:00;79.34539467796644;0.0;0.0;0.0;0.0;0.0;0.0;0.0
2030-03-08 02:00:00;79.34990565156636;0.0;0.0;0.0;0.0;0.0;0.0;0.0
2030-03-08 03:00:00;79.3571613032102;0.0;0.0;0.0;0.0;0.0;0.0;0.0
2030-03-08 04:00:00;79.36684920823797;0.0;0.0;0.0;0.0;0.0;0.0;0.0
2030-03-08 05:00:00;79.38898065860619;0.0;0.0;0.0;0.0;0.0;0.0;0.0
2030-03-08 06:00:00;79.4576387182124;0.0;0.0;0.0;0.0;0.0;0.0;0.0
2030-03-08 07:00:00;79.62552312389712;0.0;0.0;0.0;0.0;0.0;0.0;0.0
2030-03-08 08:00:00;79.80588944286305;0.0;0.0;0.0;0.0;0.0;0.0;0.0
2030-03-08 09:00:00;79.9013886175589;0.0;0.0;0.0;0.0;0.0;0.0;0.0
2030-03-08 10:00:00;79.8807206300718;0.0;0.0;0.0;0.0;0.0;0.0;0.0
2030-03-08 11:00:00;79.90571186230608;0.0;0.0;0.0;0.0;0.0;0.0;0.0
2030-03-08 12:00:00;79.87982720516685;0.0;0.0;0.0;0.0;0.0;0.0;0.0
2030-03-08 13:00:00;79.89928660252176;0.0;0.0;0.0;0.0;0.0;0.0;0.0
2030-03-08 14:00:00;79.84965767122114;0.0;0.0;0.0;0.0;0.0;0.0;0.0
2030-03-08 15:00:00;79.88557965570524;0.0;0.0;0.0;0.0;0.0;0.0;0.0
2030-03-08 16:00:00;79.93178424829804;0.0;0.0;0.0;0.0;0.0;0.0;0.0
2030-03-08 17:00:00;80.03365798228515;0.0;0.0;0.0;0.0;0.0;0.0;0.0
2030-03-08 18:00:00;80.05631288098725;0.0;0.0;0.0;0.0;0.0;0.0;0.0
2030-03-08 19:00:00;80.05922336334638;0.0;0.0;0.0;0.0;0.0;0.0;0.0
2030-03-08 20:00:00;80.0282439917951;0.0;0.0;0.0;0.0;0.0;0.0;0.0
2030-03-08 21:00:00;79.7785276200067;0.0;0.0;0.0;0.0;0.0;0.0;0.0
2030-03-08 22:00:00;79.55993175898006;0.0;0.0;0.0;0.0;0.0;0.0;0.0
2030-03-08 23:00:00;79.39735994279921;0.0;0.0;0.0;0.0;0.0;0.0;0.0
2030-03-09 00:00:00;79.35665155771228;0.0;0.0;0.0;0.0;0.0;0.0;0.0
2030-03-09 01:00:00;79.31070046758485;0.0;0.0;0.0;0.0;0.0;0.0;0.0
2030-03-09 02:00:00;79.27269428175035;0.0;0.0;0.0;0.0;0.0;0.0;0.0
2030-03-09 03:00:00;79.2358610586745;0.0;0.0;0.0;0.0;0.0;0.0;0.0
2030-03-09 04:00:00;79.20418832362336;0.0;0.0;0.0;0.0;0.0;0.0;0.0
2030-03-09 05:00:00;79.19231070540827;0.0;0.0;0.0;0.0;0.0;0.0;0.0
2030-03-09 06:00:00;79.19830980699408;0.0;0.0;0.0;0.0;0.0;0.0;0.0
2030-03-09 07:00:00;79.20862941275985;0.0;0.0;0.0;0.0;0.0;0.0;0.0
2030-03-09 08:00:00;79.21617967537696;0.0;0.0;0.0;0.0;0.0;0.0;0.0
2030-03-09 09:00:00;79.22266522763952;0.0;0.0;0.0;0.0;0.0;0.0;0.0
2030-03-09 10:00:00;79.28273983079681;0.0;0.0;0.0;0.0;0.0;0.0;0.0
2030-03-09 11:00:00;79.27305466633624;0.0;0.0;0.0;0.0;0.0;0.0;0.0
2030-03-09 12:00:00;79.24572161943543;0.0;0.0;0.0;0.0;0.0;0.0;0.0
2030-03-09 13:00:00;79.2542886324812;0.0;0.0;0.0;0.0;0.0;0.0;0.0
2030-03-09 14:00:00;79.2645575377539;0.0;0.0;0.0;0.0;0.0;0.0;0.0
2030-03-09 15:00:00;79.26805998262672;0.0;0.0;0.0;0.0;0.0;0.0;0.0
2030-03-09 16:00:00;79.29301832805469;0.0;0.0;0.0;0.0;0.0;0.0;0.0
2030-03-09 17:00:00;85.51772751603468;0.0;0.0;0.0;0.0;0.0;0.0;0.0
2030-03-09 18:00:00;85.62182247973182;0.0;0.0;0.0;0.0;0.0;0.0;0.0
2030-03-09 19:00:00;85.59794665834517;0.0;0.0;0.0;0.0;0.0;0.0;0.0
2030-03-09 20:00:00;85.64535573021932;0.0;0.0;0.0;0.0;0.0;0.0;0.0
2030-03-09 21:00:00;85.59662570495807;0.0;0.0;0.0;0.0;0.0;0.0;0.0
2030-03-09 22:00:00;85.57184686668128;0.0;0.0;0.0;0.0;0.0;0.0;0.0
2030-03-09 23:00:00;85.53490813176849;0.0;0.0;0.0;0.0;0.0;0.0;0.0
2030-03-10 00:00:00;79.31352599236098;0.0;0.0;0.0;0.0;0.0;0.0;0.0
2030-03-10 01:00:00;79.33499011461768;0.0;0.0;0.0;0.0;0.0;0.0;0.0
2030-03-10 02:00:00;79.35039210224312;0.0;0.0;0.0;0.0;0.0;0.0;0.0
2030-03-10 03:00:00;79.31197620161325;0.0;0.0;0.0;0.0;0.0;0.0;0.0
2030-03-10 04:00:00;79.32249723906773;0.0;0.0;0.0;0.0;0.0;0.0;0.0
2030-03-10 05:00:00;79.30795990039172;0.0;0.0;0.0;0.0;0.0;0.0;0.0
2030-03-10 06:00:00;79.30424232099422;0.0;0.0;0.0;0.0;0.0;0.0;0.0
2030-03-10 07:00:00;79.30225815034636;0.0;0.0;0.0;0.0;0.0;0.0;0.0
2030-03-10 08:00:00;79.26279672333231;0.0;0.0;0.0;0.0;0.0;0.0;0.0
2030-03-10 09:00:00;79.2809872380768;0.0;0.0;0.0;0.0;0.0;0.0;0.0
2030-03-10 10:00:00;79.29348559476114;0.0;0.0;0.0;0.0;0.0;0.0;0.0
2030-03-10 11:00:00;79.2915000538297;0.0;0.0;0.0;0.0;0.0;0.0;0.0
2030-03-10 12:00:00;79.28952410488343;0.0;0.0;0.0;0.0;0.0;0.0;0.0
2030-03-10 13:00:00;79.29148909156092;0.0;0.0;0.0;0.0;0.0;0.0;0.0
2030-03-10 14:00:00;79.2679133622819;0.0;0.0;0.0;0.0;0.0;0.0;0.0
2030-03-10 15:00:00;79.26707885957158;0.0;0.0;0.0;0.0;0.0;0.0;0.0
2030-03-10 16:00:00;79.27479903735468;0.0;0.0;0.0;0.0;0.0;0.0;0.0
2030-03-10 17:00:00;79.27162820111221;0.0;0.0;0.0;0.0;0.0;0.0;0.0
2030-03-10 18:00:00;79.27384257940429;0.0;0.0;0.0;0.0;0.0;0.0;0.0
2030-03-10 19:00:00;79.29018595186056;0.0;0.0;0.0;0.0;0.0;0.0;0.0
2030-03-10 20:00:00;79.30353662494197;0.0;0.0;0.0;0.0;0.0;0.0;0.0
2030-03-10 21:00:00;79.27876189751596;0.0;0.0;0.0;0.0;0.0;0.0;0.0
2030-03-10 22:00:00;79.27120204291369;0.0;0.0;0.0;0.0;0.0;0.0;0.0
2030-03-10 23:00:00;79.26352297363849;0.0;0.0;0.0;0.0;0.0;0.0;0.0
2030-03-11 00:00:00;79.23251071528088;0.0;0.0;0.0;0.0;0.0;0.0;0.0
2030-03-11 01:00:00;79.2283587559833;0.0;0.0;0.0;0.0;0.0;0.0;0.0
2030-03-11 02:00:00;79.23336029111076;0.0;0.0;0.0;0.0;0.0;0.0;0.0
2030-03-11 03:00:00;79.23226269394992;0.0;0.0;0.0;0.0;0.0;0.0;0.0
2030-03-11 04:00:00;79.23602412242249;0.0;0.0;0.0;0.0;0.0;0.0;0.0
2030-03-11 05:00:00;79.23160906867435;0.0;0.0;0.0;0.0;0.0;0.0;0.0
2030-03-11 06:00:00;79.27521560356804;0.0;0.0;0.0;0.0;0.0;0.0;0.0
2030-03-11 07:00:00;79.37560120956925;0.0;0.0;0.0;0.0;0.0;0.0;0.0
2030-03-11 08:00:00;79.43917825759938;0.0;0.0;0.0;0.0;0.0;0.0;0.0
2030-03-11 09:00:00;79.45248234103849;0.0;0.0;0.0;0.0;0.0;0.0;0.0
2030-03-11 10:00:00;79.43931117510826;0.0;0.0;0.0;0.0;0.0;0.0;0.0
2030-03-11 11:00:00;79.42579469771167;0.0;0.0;0.0;0.0;0.0;0.0;0.0
2030-03-11 12:00:00;79.4153476555714;0.0;0.0;0.0;0.0;0.0;0.0;0.0
2030-03-11 13:00:00;79.40736712390496;0.0;0.0;0.0;0.0;0.0;0.0;0.0
2030-03-11 14:00:00;79.40946639837492;0.0;0.0;0.0;0.0;0.0;0.0;0.0
2030-03-11 15:00:00;79.41117925287065;0.0;0.0;0.0;0.0;0.0;0.0;0.0
2030-03-11 16:00:00;79.41808959304817;0.0;0.0;0.0;0.0;0.0;0.0;0.0
2030-03-11 17:00:00;85.85949816955714;0.0;0.0;0.0;0.0;0.0;0.0;0.0
2030-03-11 18:00:00;85.88669555838189;0.0;0.0;0.0;0.0;0.0;0.0;0.0
2030-03-11 19:00:00;85.890251444315;0.0;0.0;0.0;0.0;0.0;0.0;0.0
2030-03-11 20:00:00;85.90650163748673;0.0;0.0;0.0;0.0;0.0;0.0;0.0
2030-03-11 21:00:00;85.87864240168483;0.0;0.0;0.0;0.0;0.0;0.0;0.0
2030-03-11 22:00:00;85.865867247714;0.0;0.0;0.0;0.0;0.0;0.0;0.0
2030-03-11 23:00:00;85.85828409829057;0.0;0.0;0.0;0.0;0.0;0.0;0.0
2030-03-12 00:00:00;85.80716155786968;0.0;0.0;0.0;0.0;0.0;0.0;0.0
2030-03-12 01:00:00;79.39409455698859;0.0;0.0;0.0;0.0;0.0;0.0;0.0
2030-03-12 02:00:00;79.3884188423316;0.0;0.0;0.0;0.0;0.0;0.0;0.0
2030-03-12 03:00:00;79.46822141842873;0.0;0.0;0.0;0.0;0.0;0.0;0.0
2030-03-12 04:00:00;81.79253071202308;0.0;0.0;0.0;0.0;0.0;0.0;0.0
2030-03-12 05:00:00;85.67100606886355;0.0;0.0;0.0;0.0;0.0;0.0;0.0
2030-03-12 06:00:00;85.77949553205491;0.0;0.0;0.0;0.0;0.0;0.0;0.0
2030-03-12 07:00:00;85.94766084587694;0.0;0.0;0.0;0.0;0.0;0.0;0.0
2030-03-12 08:00:00;85.96544712696044;0.0;0.0;0.0;0.0;0.0;0.0;0.0
2030-03-12 09:00:00;86.0024351920827;0.0;0.0;0.0;0.0;0.0;0.0;0.0
2030-03-12 10:00:00;85.98787592886912;0.0;0.0;0.0;0.0;0.0;0.0;0.0
2030-03-12 11:00:00;86.0260136619289;0.0;0.0;0.0;0.0;0.0;0.0;0.0
2030-03-12 12:00:00;79.57687531565166;0.0;0.0;0.0;0.0;0.0;0.0;0.0
2030-03-12 13:00:00;79.64613630004035;0.0;0.0;0.0;0.0;0.0;0.0;0.0
2030-03-12 14:00:00;86.08125801540827;0.0;0.0;0.0;0.0;0.0;0.0;0.0
2030-03-12 15:00:00;86.10595737723645;0.0;0.0;0.0;0.0;0.0;0.0;0.0
2030-03-12 16:00:00;86.12057693292829;0.0;0.0;0.0;0.0;0.0;0.0;0.0
2030-03-12 17:00:00;86.13177077962868;0.0;0.0;0.0;0.0;0.0;0.0;0.0
2030-03-12 18:00:00;86.13202428209405;0.0;0.0;0.0;0.0;0.0;0.0;0.0
2030-03-12 19:00:00;86.115173904707;0.0;0.0;0.0;0.0;0.0;0.0;0.0
2030-03-12 20:00:00;86.1736521274743;0.0;0.0;0.0;0.0;0.0;0.0;0.0
2030-03-12 21:00:00;86.17513614460937;0.0;0.0;0.0;0.0;0.0;0.0;0.0
2030-03-12 22:00:00;86.08881238887616;0.0;0.0;0.0;0.0;0.0;0.0;0.0
2030-03-12 23:00:00;85.97882794628096;0.0;0.0;0.0;0.0;0.0;0.0;0.0
2030-03-13 00:00:00;85.8413254684994;0.0;0.0;0.0;0.0;0.0;0.0;0.0
2030-03-13 01:00:00;85.72281101051556;0.0;0.0;0.0;0.0;0.0;0.0;0.0
2030-03-13 02:00:00;85.68011708449716;0.0;0.0;0.0;0.0;0.0;0.0;0.0
2030-03-13 03:00:00;85.6263485264513;0.0;0.0;0.0;0.0;0.0;0.0;0.0
2030-03-13 04:00:00;85.66108110477359;0.0;0.0;0.0;0.0;0.0;0.0;0.0
2030-03-13 05:00:00;85.66797774211514;0.0;0.0;0.0;0.0;0.0;0.0;0.0
2030-03-13 06:00:00;85.69300871257371;0.0;0.0;0.0;0.0;0.0;0.0;0.0
2030-03-13 07:00:00;85.91074677606892;0.0;0.0;0.0;0.0;0.0;0.0;0.0
2030-03-13 08:00:00;86.09633798638853;0.0;0.0;0.0;0.0;0.0;0.0;0.0
2030-03-13 09:00:00;86.20648549273174;0.0;0.0;0.0;0.0;0.0;0.0;0.0
2030-03-13 10:00:00;86.23682905269422;0.0;0.0;0.0;0.0;0.0;0.0;0.0
2030-03-13 11:00:00;86.28901219261884;0.0;0.0;0.0;0.0;0.0;0.0;0.0
2030-03-13 12:00:00;86.17863858948222;0.0;0.0;0.0;0.0;0.0;0.0;0.0
2030-03-13 13:00:00;86.29984976558413;0.0;0.0;0.0;0.0;0.0;0.0;0.0
2030-03-13 14:00:00;86.26437997468688;0.0;0.0;0.0;0.0;0.0;0.0;0.0
2030-03-13 15:00:00;86.21113623525851;0.0;0.0;0.0;0.0;0.0;0.0;0.0
2030-03-13 16:00:00;86.17003731934653;0.0;0.0;0.0;0.0;0.0;0.0;0.0
2030-03-13 17:00:00;86.20303785920277;0.0;0.0;0.0;0.0;0.0;0.0;0.0
2030-03-13 18:00:00;86.2601786851798;0.0;0.0;0.0;0.0;0.0;0.0;0.0
2030-03-13 19:00:00;86.13978830895222;0.0;0.0;0.0;0.0;0.0;0.0;0.0
2030-03-13 20:00:00;86.16857933759978;0.0;0.0;0.0;0.0;0.0;0.0;0.0
2030-03-13 21:00:00;86.16610049457358;0.0;0.0;0.0;0.0;0.0;0.0;0.0
2030-03-13 22:00:00;86.1079114016452;0.0;0.0;0.0;0.0;0.0;0.0;0.0
2030-03-13 23:00:00;85.96099507555518;0.0;0.0;0.0;0.0;0.0;0.0;0.0
2030-03-14 00:00:00;85.87026996890978;0.0;0.0;0.0;0.0;0.0;0.0;0.0
2030-03-14 01:00:00;85.8024464120139;0.0;0.0;0.0;0.0;0.0;0.0;0.0
2030-03-14 02:00:00;85.7023636386875;0.0;0.0;0.0;0.0;0.0;0.0;0.0
2030-03-14 03:00:00;85.71993889609712;0.0;0.0;0.0;0.0;0.0;0.0;0.0
2030-03-14 04:00:00;85.6322160808118;0.0;0.0;0.0;0.0;0.0;0.0;0.0
2030-03-14 05:00:00;85.59222298376228;0.0;0.0;0.0;0.0;0.0;0.0;0.0
2030-03-14 06:00:00;85.66653894433873;0.0;0.0;0.0;0.0;0.0;0.0;0.0
2030-03-14 07:00:00;85.77219329076878;0.0;0.0;0.0;0.0;0.0;0.0;0.0
2030-03-14 08:00:00;85.96928940216523;0.0;0.0;0.0;0.0;0.0;0.0;0.0
2030-03-14 09:00:00;86.0662191529359;0.0;0.0;0.0;0.0;0.0;0.0;0.0
2030-03-14 10:00:00;86.09010593659133;0.0;0.0;0.0;0.0;0.0;0.0;0.0
2030-03-14 11:00:00;86.09947319525749;0.0;0.0;0.0;0.0;0.0;0.0;0.0
2030-03-14 12:00:00;86.08067290431254;0.0;0.0;0.0;0.0;0.0;0.0;0.0
2030-03-14 13:00:00;86.03633189741107;0.0;0.0;0.0;0.0;0.0;0.0;0.0
2030-03-14 14:00:00;86.0019884796302;0.0;0.0;0.0;0.0;0.0;0.0;0.0
2030-03-14 15:00:00;85.95597983759171;0.0;0.0;0.0;0.0;0.0;0.0;0.0
2030-03-14 16:00:00;85.96658446234558;0.0;0.0;0.0;0.0;0.0;0.0;0.0
2030-03-14 17:00:00;86.00288875595317;0.0;0.0;0.0;0.0;0.0;0.0;0.0
2030-03-14 18:00:00;86.04346559381483;0.0;0.0;0.0;0.0;0.0;0.0;0.0
2030-03-14 19:00:00;86.01892518488384;0.0;0.0;0.0;0.0;0.0;0.0;0.0
2030-03-14 20:00:00;86.06373208820813;0.0;0.0;0.0;0.0;0.0;0.0;0.0
2030-03-14 21:00:00;86.07211959410273;0.0;0.0;0.0;0.0;0.0;0.0;0.0
2030-03-14 22:00:00;85.96834938761798;0.0;0.0;0.0;0.0;0.0;0.0;0.0
2030-03-14 23:00:00;85.84967186588611;0.0;0.0;0.0;0.0;0.0;0.0;0.0
2030-03-15 00:00:00;85.81191644194979;0.0;0.0;0.0;0.0;0.0;0.0;0.0
2030-03-15 01:00:00;85.68739329039497;0.0;0.0;0.0;0.0;0.0;0.0;0.0
2030-03-15 02:00:00;85.65617823006508;0.0;0.0;0.0;0.0;0.0;0.0;0.0
2030-03-15 03:00:00;85.6450487866937;0.0;0.0;0.0;0.0;0.0;0.0;0.0
2030-03-15 04:00:00;85.6431701278828;0.0;0.0;0.0;0.0;0.0;0.0;0.0
2030-03-15 05:00:00;85.67564721940516;0.0;0.0;0.0;0.0;0.0;0.0;0.0
2030-03-15 06:00:00;85.79134985544884;0.0;0.0;0.0;0.0;0.0;0.0;0.0
2030-03-15 07:00:00;85.76660116341117;0.0;0.0;0.0;0.0;0.0;0.0;0.0
2030-03-15 08:00:00;85.80190789056043;0.0;0.0;0.0;0.0;0.0;0.0;0.0
2030-03-15 09:00:00;85.80077740659327;0.0;0.0;0.0;0.0;0.0;0.0;0.0
2030-03-15 10:00:00;85.79054001784328;0.0;0.0;0.0;0.0;0.0;0.0;0.0
2030-03-15 11:00:00;85.74723083449004;0.0;0.0;0.0;0.0;0.0;0.0;0.0
2030-03-15 12:00:00;85.73788961121221;0.0;0.0;0.0;0.0;0.0;0.0;0.0
2030-03-15 13:00:00;85.71188299883288;0.0;0.0;0.0;0.0;0.0;0.0;0.0
2030-03-15 14:00:00;85.68982280321168;0.0;0.0;0.0;0.0;0.0;0.0;0.0
2030-03-15 15:00:00;85.75177469489626;0.0;0.0;0.0;0.0;0.0;0.0;0.0
2030-03-15 16:00:00;85.78497255559041;0.0;0.0;0.0;0.0;0.0;0.0;0.0
2030-03-15 17:00:00;85.7384911657111;0.0;0.0;0.0;0.0;0.0;0.0;0.0
2030-03-15 18:00:00;85.74444093708742;0.0;0.0;0.0;0.0;0.0;0.0;0.0
2030-03-15 19:00:00;85.71198577010261;0.0;0.0;0.0;0.0;0.0;0.0;0.0
2030-03-15 20:00:00;85.73220019371924;0.0;0.0;0.0;0.0;0.0;0.0;0.0
2030-03-15 21:00:00;85.7297775323205;0.0;0.0;0.0;0.0;0.0;0.0;0.0
2030-03-15 22:00:00;85.70207450884863;0.0;0.0;0.0;0.0;0.0;0.0;0.0
2030-03-15 23:00:00;85.66504944606926;0.0;0.0;0.0;0.0;0.0;0.0;0.0
2030-03-16 00:00:00;85.60302355907046;0.0;0.0;0.0;0.0;0.0;0.0;0.0
2030-03-16 01:00:00;85.47014030729295;0.0;0.0;0.0;0.0;0.0;0.0;0.0
2030-03-16 02:00:00;85.37689250854625;0.0;0.0;0.0;0.0;0.0;0.0;0.0
2030-03-16 03:00:00;85.38144047980327;0.0;0.0;0.0;0.0;0.0;0.0;0.0
2030-03-16 04:00:00;85.39551055177287;0.0;0.0;0.0;0.0;0.0;0.0;0.0
2030-03-16 05:00:00;85.40747449785452;0.0;0.0;0.0;0.0;0.0;0.0;0.0
2030-03-16 06:00:00;85.38760812627145;0.0;0.0;0.0;0.0;0.0;0.0;0.0
2030-03-16 07:00:00;85.39486788876607;0.0;0.0;0.0;0.0;0.0;0.0;0.0
2030-03-16 08:00:00;85.3271608059759;0.0;0.0;0.0;0.0;0.0;0.0;0.0
2030-03-16 09:00:00;85.31145461539198;0.0;0.0;0.0;0.0;0.0;0.0;0.0
2030-03-16 10:00:00;85.31609850650078;0.0;0.0;0.0;0.0;0.0;0.0;0.0
2030-03-16 11:00:00;79.22311605094279;0.0;0.0;0.0;0.0;0.0;0.0;0.0
2030-03-16 12:00:00;83.05597329656983;0.0;0.0;0.0;0.0;0.0;0.0;0.0
2030-03-16 13:00:00;79.44155295907225;0.0;0.0;0.0;0.0;0.0;0.0;0.0
2030-03-16 14:00:00;79.19806726679747;0.0;0.0;0.0;0.0;0.0;0.0;0.0
2030-03-16 15:00:00;79.21456548130018;0.0;0.0;0.0;0.0;0.0;0.0;0.0
2030-03-16 16:00:00;85.3233240119055;0.0;0.0;0.0;0.0;0.0;0.0;0.0
2030-03-16 17:00:00;85.31473781488938;0.0;0.0;0.0;0.0;0.0;0.0;0.0
2030-03-16 18:00:00;85.32163034138013;0.0;0.0;0.0;0.0;0.0;0.0;0.0
2030-03-16 19:00:00;85.32465044642697;0.0;0.0;0.0;0.0;0.0;0.0;0.0
2030-03-16 20:00:00;85.33217056280495;0.0;0.0;0.0;0.0;0.0;0.0;0.0
2030-03-16 21:00:00;85.31135321440584;0.0;0.0;0.0;0.0;0.0;0.0;0.0
2030-03-16 22:00:00;85.26465806028548;0.0;0.0;0.0;0.0;0.0;0.0;0.0
2030-03-16 23:00:00;85.23240295470578;0.0;0.0;0.0;0.0;0.0;0.0;0.0
2030-03-17 00:00:00;85.27170679910624;0.0;0.0;0.0;0.0;0.0;0.0;0.0
2030-03-17 01:00:00;85.2536176853479;0.0;0.0;0.0;0.0;0.0;0.0;0.0
2030-03-17 02:00:00;85.20478214824969;0.0;0.0;0.0;0.0;0.0;0.0;0.0
2030-03-17 03:00:00;85.19266473040521;0.0;0.0;0.0;0.0;0.0;0.0;0.0
2030-03-17 04:00:00;85.21691737978092;0.0;0.0;0.0;0.0;0.0;0.0;0.0
2030-03-17 05:00:00;85.27476664237739;0.0;0.0;0.0;0.0;0.0;0.0;0.0
2030-03-17 06:00:00;85.35256997470711;0.0;0.0;0.0;0.0;0.0;0.0;0.0
2030-03-17 07:00:00;85.42922089853212;0.0;0.0;0.0;0.0;0.0;0.0;0.0
2030-03-17 08:00:00;85.43079946523538;0.0;0.0;0.0;0.0;0.0;0.0;0.0
2030-03-17 09:00:00;85.4946546808356;0.0;0.0;0.0;0.0;0.0;0.0;0.0
2030-03-17 10:00:00;79.30809007733339;0.0;0.0;0.0;0.0;0.0;0.0;0.0
2030-03-17 11:00:00;79.28247673634627;0.0;0.0;0.0;0.0;0.0;0.0;0.0
2030-03-17 12:00:00;79.26640330975849;0.0;0.0;0.0;0.0;0.0;0.0;0.0
2030-03-17 13:00:00;79.26352708448928;0.0;0.0;0.0;0.0;0.0;0.0;0.0
2030-03-17 14:00:00;79.24561199674773;0.0;0.0;0.0;0.0;0.0;0.0;0.0
2030-03-17 15:00:00;79.248212795014;0.0;0.0;0.0;0.0;0.0;0.0;0.0
2030-03-17 16:00:00;79.26882460087363;0.0;0.0;0.0;0.0;0.0;0.0;0.0
2030-03-17 17:00:00;85.50913720816777;0.0;0.0;0.0;0.0;0.0;0.0;0.0
2030-03-17 18:00:00;85.5062842777197;0.0;0.0;0.0;0.0;0.0;0.0;0.0
2030-03-17 19:00:00;85.560605060055;0.0;0.0;0.0;0.0;0.0;0.0;0.0
2030-03-17 20:00:00;85.57908196407116;0.0;0.0;0.0;0.0;0.0;0.0;0.0
2030-03-17 21:00:00;85.5326252392966;0.0;0.0;0.0;0.0;0.0;0.0;0.0
2030-03-17 22:00:00;85.54278315159797;0.0;0.0;0.0;0.0;0.0;0.0;0.0
2030-03-17 23:00:00;85.52634522957351;0.0;0.0;0.0;0.0;0.0;0.0;0.0
2030-03-18 00:00:00;85.50845617722027;0.0;0.0;0.0;0.0;0.0;0.0;0.0
2030-03-18 01:00:00;85.50724484652089;0.0;0.0;0.0;0.0;0.0;0.0;0.0
2030-03-18 02:00:00;84.8477698302826;0.0;0.0;0.0;0.0;0.0;0.0;0.0
2030-03-18 03:00:00;85.56535446300072;0.0;0.0;0.0;0.0;0.0;0.0;0.0
2030-03-18 04:00:00;85.5918927454155;0.0;0.0;0.0;0.0;0.0;0.0;0.0
2030-03-18 05:00:00;85.64289059002911;0.0;0.0;0.0;0.0;0.0;0.0;0.0
2030-03-18 06:00:00;85.75155133867003;0.0;0.0;0.0;0.0;0.0;0.0;0.0
2030-03-18 07:00:00;85.94540124822618;0.0;0.0;0.0;0.0;0.0;0.0;0.0
2030-03-18 08:00:00;86.06772235404134;0.0;0.0;0.0;0.0;0.0;0.0;0.0
2030-03-18 09:00:00;86.13120896335408;0.0;0.0;0.0;0.0;0.0;0.0;0.0
2030-03-18 10:00:00;79.6320497846676;0.0;0.0;0.0;0.0;0.0;0.0;0.0
2030-03-18 11:00:00;79.62235639850546;0.0;0.0;0.0;0.0;0.0;0.0;0.0
2030-03-18 12:00:00;79.62260441983642;0.0;0.0;0.0;0.0;0.0;0.0;0.0
2030-03-18 13:00:00;79.48362888718856;0.0;0.0;0.0;0.0;0.0;0.0;0.0
2030-03-18 14:00:00;79.49033779567738;0.0;0.0;0.0;0.0;0.0;0.0;0.0
2030-03-18 15:00:00;85.97607641681904;0.0;0.0;0.0;0.0;0.0;0.0;0.0
2030-03-18 16:00:00;86.09895796862517;0.0;0.0;0.0;0.0;0.0;0.0;0.0
2030-03-18 17:00:00;86.06733456378352;0.0;0.0;0.0;0.0;0.0;0.0;0.0
2030-03-18 18:00:00;86.1132157694475;0.0;0.0;0.0;0.0;0.0;0.0;0.0
2030-03-18 19:00:00;86.16818469592397;0.0;0.0;0.0;0.0;0.0;0.0;0.0
2030-03-18 20:00:00;86.20343524144576;0.0;0.0;0.0;0.0;0.0;0.0;0.0
2030-03-18 21:00:00;86.18389499735866;0.0;0.0;0.0;0.0;0.0;0.0;0.0
2030-03-18 22:00:00;86.17125550146389;0.0;0.0;0.0;0.0;0.0;0.0;0.0
2030-03-18 23:00:00;86.15345688782801;0.0;0.0;0.0;0.0;0.0;0.0;0.0
2030-03-19 00:00:00;86.15547942641656;0.0;0.0;0.0;0.0;0.0;0.0;0.0
2030-03-19 01:00:00;86.10077085382345;0.0;0.0;0.0;0.0;0.0;0.0;0.0
2030-03-19 02:00:00;86.12671717372453;0.0;0.0;0.0;0.0;0.0;0.0;0.0
2030-03-19 03:00:00;86.15344318499206;0.0;0.0;0.0;0.0;0.0;0.0;0.0
2030-03-19 04:00:00;86.27380204469691;0.0;0.0;0.0;0.0;0.0;0.0;0.0
2030-03-19 05:00:00;86.34621194079052;0.0;0.0;0.0;0.0;0.0;0.0;0.0
2030-03-19 06:00:00;86.46820828939329;0.0;0.0;0.0;0.0;0.0;0.0;0.0
2030-03-19 07:00:00;86.54910709236768;0.0;0.0;0.0;0.0;0.0;0.0;0.0
2030-03-19 08:00:00;86.58195964159546;0.0;0.0;0.0;0.0;0.0;0.0;0.0
2030-03-19 09:00:00;80.0308790471513;0.0;0.0;0.0;0.0;0.0;0.0;0.0
2030-03-19 10:00:00;81.83177974507967;0.0;0.0;0.0;0.0;0.0;0.0;0.0
2030-03-19 11:00:00;79.93614997183673;0.0;0.0;0.0;0.0;0.0;0.0;0.0
2030-03-19 12:00:00;80.01336134165273;0.0;0.0;0.0;0.0;0.0;0.0;0.0
2030-03-19 13:00:00;79.98096920771337;0.0;0.0;0.0;0.0;0.0;0.0;0.0
2030-03-19 14:00:00;79.9999092675852;0.0;0.0;0.0;0.0;0.0;0.0;0.0
2030-03-19 15:00:00;80.03526943579473;0.0;0.0;0.0;0.0;0.0;0.0;0.0
2030-03-19 16:00:00;80.03519132962971;0.0;0.0;0.0;0.0;0.0;0.0;0.0
2030-03-19 17:00:00;86.48078064139183;0.0;0.0;0.0;0.0;0.0;0.0;0.0
2030-03-19 18:00:00;86.49044525159844;0.0;0.0;0.0;0.0;0.0;0.0;0.0
2030-03-19 19:00:00;86.51535426681693;0.0;0.0;0.0;0.0;0.0;0.0;0.0
2030-03-19 20:00:00;86.54290244824239;0.0;0.0;0.0;0.0;0.0;0.0;0.0
2030-03-19 21:00:00;86.53713355430082;0.0;0.0;0.0;0.0;0.0;0.0;0.0
2030-03-19 22:00:00;86.51735214030072;0.0;0.0;0.0;0.0;0.0;0.0;0.0
2030-03-19 23:00:00;86.50030444207576;0.0;0.0;0.0;0.0;0.0;0.0;0.0
2030-03-20 00:00:00;86.5335475221286;0.0;0.0;0.0;0.0;0.0;0.0;0.0
2030-03-20 01:00:00;86.41618547264945;0.0;0.0;0.0;0.0;0.0;0.0;0.0
2030-03-20 02:00:00;86.30548574201683;0.0;0.0;0.0;0.0;0.0;0.0;0.0
2030-03-20 03:00:00;86.22710826086015;0.0;0.0;0.0;0.0;0.0;0.0;0.0
2030-03-20 04:00:00;86.21610899443047;0.0;0.0;0.0;0.0;0.0;0.0;0.0
2030-03-20 05:00:00;86.2665724284414;0.0;0.0;0.0;0.0;0.0;0.0;0.0
2030-03-20 06:00:00;86.31719755591672;0.0;0.0;0.0;0.0;0.0;0.0;0.0
2030-03-20 07:00:00;86.48317178626783;0.0;0.0;0.0;0.0;0.0;0.0;0.0
2030-03-20 08:00:00;86.46439753071121;0.0;0.0;0.0;0.0;0.0;0.0;0.0
2030-03-20 09:00:00;82.33723625534698;0.0;0.0;0.0;0.0;0.0;0.0;0.0
2030-03-20 10:00:00;80.00472033329275;0.0;0.0;0.0;0.0;0.0;0.0;0.0
2030-03-20 11:00:00;80.01049059751792;0.0;0.0;0.0;0.0;0.0;0.0;0.0
2030-03-20 12:00:00;79.96382010850229;0.0;0.0;0.0;0.0;0.0;0.0;0.0
2030-03-20 13:00:00;79.95377455945584;0.0;0.0;0.0;0.0;0.0;0.0;0.0
2030-03-20 14:00:00;79.86259314837277;0.0;0.0;0.0;0.0;0.0;0.0;0.0
2030-03-20 15:00:00;79.87510931874385;0.0;0.0;0.0;0.0;0.0;0.0;0.0
2030-03-20 16:00:00;79.96263207262405;0.0;0.0;0.0;0.0;0.0;0.0;0.0
2030-03-20 17:00:00;80.030520032849;0.0;0.0;0.0;0.0;0.0;0.0;0.0
2030-03-20 18:00:00;80.09705963401493;0.0;0.0;0.0;0.0;0.0;0.0;0.0
2030-03-20 19:00:00;82.46446845757225;0.0;0.0;0.0;0.0;0.0;0.0;0.0
2030-03-20 20:00:00;80.99616299420367;0.0;0.0;0.0;0.0;0.0;0.0;0.0
2030-03-20 21:00:00;80.07905547783955;0.0;0.0;0.0;0.0;0.0;0.0;0.0
2030-03-20 22:00:00;86.50795747596263;0.0;0.0;0.0;0.0;0.0;0.0;0.0
2030-03-20 23:00:00;86.41551951482153;0.0;0.0;0.0;0.0;0.0;0.0;0.0
2030-03-21 00:00:00;79.947632948376;0.0;0.0;0.0;0.0;0.0;0.0;0.0
2030-03-21 01:00:00;80.00695115498796;0.0;0.0;0.0;0.0;0.0;0.0;0.0
2030-03-21 02:00:00;79.97082362796435;0.0;0.0;0.0;0.0;0.0;0.0;0.0
2030-03-21 03:00:00;79.95407328127988;0.0;0.0;0.0;0.0;0.0;0.0;0.0
2030-03-21 04:00:00;79.92771861686701;0.0;0.0;0.0;0.0;0.0;0.0;0.0
2030-03-21 05:00:00;86.44177277824824;0.0;0.0;0.0;0.0;0.0;0.0;0.0
2030-03-21 06:00:00;86.51445810134476;0.0;0.0;0.0;0.0;0.0;0.0;0.0
2030-03-21 07:00:00;86.42012503798959;0.0;0.0;0.0;0.0;0.0;0.0;0.0
2030-03-21 08:00:00;86.3751989199924;0.0;0.0;0.0;0.0;0.0;0.0;0.0
2030-03-21 09:00:00;79.88507539134172;0.0;0.0;0.0;0.0;0.0;0.0;0.0
2030-03-21 10:00:00;79.89212961129685;0.0;0.0;0.0;0.0;0.0;0.0;0.0
2030-03-21 11:00:00;79.87599863279802;0.0;0.0;0.0;0.0;0.0;0.0;0.0
2030-03-21 12:00:00;79.86455950533386;0.0;0.0;0.0;0.0;0.0;0.0;0.0
2030-03-21 13:00:00;79.81516626281183;0.0;0.0;0.0;0.0;0.0;0.0;0.0
2030-03-21 14:00:00;79.89884948205444;0.0;0.0;0.0;0.0;0.0;0.0;0.0
2030-03-21 15:00:00;79.9071808063216;0.0;0.0;0.0;0.0;0.0;0.0;0.0
2030-03-21 16:00:00;79.9282831737088;0.0;0.0;0.0;0.0;0.0;0.0;0.0
2030-03-21 17:00:00;86.4301185162594;0.0;0.0;0.0;0.0;0.0;0.0;0.0
2030-03-21 18:00:00;86.45602372765256;0.0;0.0;0.0;0.0;0.0;0.0;0.0
2030-03-21 19:00:00;86.43958306506089;0.0;0.0;0.0;0.0;0.0;0.0;0.0
2030-03-21 20:00:00;86.45749267166809;0.0;0.0;0.0;0.0;0.0;0.0;0.0
2030-03-21 21:00:00;86.48171928565547;0.0;0.0;0.0;0.0;0.0;0.0;0.0
2030-03-21 22:00:00;86.49738847858227;0.0;0.0;0.0;0.0;0.0;0.0;0.0
2030-03-21 23:00:00;86.43611487727796;0.0;0.0;0.0;0.0;0.0;0.0;0.0
2030-03-22 00:00:00;86.41607584996171;0.0;0.0;0.0;0.0;0.0;0.0;0.0
2030-03-22 01:00:00;86.38300816620927;0.0;0.0;0.0;0.0;0.0;0.0;0.0
2030-03-22 02:00:00;86.30182982538116;0.0;0.0;0.0;0.0;0.0;0.0;0.0
2030-03-22 03:00:00;86.30662444768558;0.0;0.0;0.0;0.0;0.0;0.0;0.0
2030-03-22 04:00:00;86.30935268232636;0.0;0.0;0.0;0.0;0.0;0.0;0.0
2030-03-22 05:00:00;86.3749180118551;0.0;0.0;0.0;0.0;0.0;0.0;0.0
2030-03-22 06:00:00;86.48778005000311;0.0;0.0;0.0;0.0;0.0;0.0;0.0
2030-03-22 07:00:00;86.52562454237322;0.0;0.0;0.0;0.0;0.0;0.0;0.0
2030-03-22 08:00:00;86.52714418688181;0.0;0.0;0.0;0.0;0.0;0.0;0.0
2030-03-22 09:00:00;86.54233789140062;0.0;0.0;0.0;0.0;0.0;0.0;0.0
2030-03-22 10:00:00;86.51094880505394;0.0;0.0;0.0;0.0;0.0;0.0;0.0
2030-03-22 11:00:00;80.00862427125938;0.0;0.0;0.0;0.0;0.0;0.0;0.0
2030-03-22 12:00:00;79.90163800917347;0.0;0.0;0.0;0.0;0.0;0.0;0.0
2030-03-22 13:00:00;79.85357668230733;0.0;0.0;0.0;0.0;0.0;0.0;0.0
2030-03-22 14:00:00;79.77948133738992;0.0;0.0;0.0;0.0;0.0;0.0;0.0
2030-03-22 15:00:00;79.80027813153507;0.0;0.0;0.0;0.0;0.0;0.0;0.0
2030-03-22 16:00:00;86.30442514251308;0.0;0.0;0.0;0.0;0.0;0.0;0.0
2030-03-22 17:00:00;86.34728350256304;0.0;0.0;0.0;0.0;0.0;0.0;0.0
2030-03-22 18:00:00;86.41497962308446;0.0;0.0;0.0;0.0;0.0;0.0;0.0
2030-03-22 19:00:00;86.45298717920255;0.0;0.0;0.0;0.0;0.0;0.0;0.0
2030-03-22 20:00:00;86.48099166506569;0.0;0.0;0.0;0.0;0.0;0.0;0.0
2030-03-22 21:00:00;86.4921457735418;0.0;0.0;0.0;0.0;0.0;0.0;0.0
2030-03-22 22:00:00;86.41010141348067;0.0;0.0;0.0;0.0;0.0;0.0;0.0
2030-03-22 23:00:00;86.30049928000889;0.0;0.0;0.0;0.0;0.0;0.0;0.0
2030-03-23 00:00:00;86.11352134268955;0.0;0.0;0.0;0.0;0.0;0.0;0.0
2030-03-23 01:00:00;86.09538563928892;0.0;0.0;0.0;0.0;0.0;0.0;0.0
2030-03-23 02:00:00;85.95226362847782;0.0;0.0;0.0;0.0;0.0;0.0;0.0
2030-03-23 03:00:00;85.81177119188857;0.0;0.0;0.0;0.0;0.0;0.0;0.0
2030-03-23 04:00:00;85.75646106479655;0.0;0.0;0.0;0.0;0.0;0.0;0.0
2030-03-23 05:00:00;85.785931754108;0.0;0.0;0.0;0.0;0.0;0.0;0.0
2030-03-23 06:00:00;85.81705774600411;0.0;0.0;0.0;0.0;0.0;0.0;0.0
2030-03-23 07:00:00;85.72405933887201;0.0;0.0;0.0;0.0;0.0;0.0;0.0
2030-03-23 08:00:00;85.73215223379336;0.0;0.0;0.0;0.0;0.0;0.0;0.0
2030-03-23 09:00:00;85.76397021890575;0.0;0.0;0.0;0.0;0.0;0.0;0.0
2030-03-23 10:00:00;79.45569291550527;0.0;0.0;0.0;0.0;0.0;0.0;0.0
2030-03-23 11:00:00;79.4537539642161;0.0;0.0;0.0;0.0;0.0;0.0;0.0
2030-03-23 12:00:00;79.41771687590989;0.0;0.0;0.0;0.0;0.0;0.0;0.0
2030-03-23 13:00:00;79.407764506148;0.0;0.0;0.0;0.0;0.0;0.0;0.0
2030-03-23 14:00:00;79.34412716563962;0.0;0.0;0.0;0.0;0.0;0.0;0.0
2030-03-23 15:00:00;79.32306179590952;0.0;0.0;0.0;0.0;0.0;0.0;0.0
2030-03-23 16:00:00;79.34654982703836;0.0;0.0;0.0;0.0;0.0;0.0;0.0
2030-03-23 17:00:00;85.69268395536132;0.0;0.0;0.0;0.0;0.0;0.0;0.0
2030-03-23 18:00:00;85.80784669966796;0.0;0.0;0.0;0.0;0.0;0.0;0.0
2030-03-23 19:00:00;85.80630239005464;0.0;0.0;0.0;0.0;0.0;0.0;0.0
2030-03-23 20:00:00;85.81045846020304;0.0;0.0;0.0;0.0;0.0;0.0;0.0
2030-03-23 21:00:00;85.832699533259;0.0;0.0;0.0;0.0;0.0;0.0;0.0
2030-03-23 22:00:00;85.84590221571196;0.0;0.0;0.0;0.0;0.0;0.0;0.0
2030-03-23 23:00:00;85.825023204551;0.0;0.0;0.0;0.0;0.0;0.0;0.0
2030-03-24 00:00:00;85.81574638460219;0.0;0.0;0.0;0.0;0.0;0.0;0.0
2030-03-24 01:00:00;85.73793757113808;0.0;0.0;0.0;0.0;0.0;0.0;0.0
2030-03-24 02:00:00;85.50621850410707;0.0;0.0;0.0;0.0;0.0;0.0;0.0
2030-03-24 03:00:00;85.42025239239257;0.0;0.0;0.0;0.0;0.0;0.0;0.0
2030-03-24 04:00:00;85.38705179113123;0.0;0.0;0.0;0.0;0.0;0.0;0.0
2030-03-24 05:00:00;85.38753139039004;0.0;0.0;0.0;0.0;0.0;0.0;0.0
2030-03-24 06:00:00;85.42834665759752;0.0;0.0;0.0;0.0;0.0;0.0;0.0
2030-03-24 07:00:00;85.46657756994185;0.0;0.0;0.0;0.0;0.0;0.0;0.0
2030-03-24 08:00:00;85.49157017245972;0.0;0.0;0.0;0.0;0.0;0.0;0.0
2030-03-24 09:00:00;85.49026429219218;0.0;0.0;0.0;0.0;0.0;0.0;0.0
2030-03-24 10:00:00;85.46752580619068;0.0;0.0;0.0;0.0;0.0;0.0;0.0
2030-03-24 11:00:00;79.28816889440643;0.0;0.0;0.0;0.0;0.0;0.0;0.0
2030-03-24 12:00:00;79.27944155817985;0.0;0.0;0.0;0.0;0.0;0.0;0.0
2030-03-24 13:00:00;79.25985198388328;0.0;0.0;0.0;0.0;0.0;0.0;0.0
2030-03-24 14:00:00;79.23295468716617;0.0;0.0;0.0;0.0;0.0;0.0;0.0
2030-03-24 15:00:00;79.23061835363403;0.0;0.0;0.0;0.0;0.0;0.0;0.0
2030-03-24 16:00:00;85.36178376161047;0.0;0.0;0.0;0.0;0.0;0.0;0.0
2030-03-24 17:00:00;85.40739776197313;0.0;0.0;0.0;0.0;0.0;0.0;0.0
2030-03-24 18:00:00;85.47165035981635;0.0;0.0;0.0;0.0;0.0;0.0;0.0
2030-03-24 19:00:00;85.53087812771096;0.0;0.0;0.0;0.0;0.0;0.0;0.0
2030-03-24 20:00:00;85.56401843649405;0.0;0.0;0.0;0.0;0.0;0.0;0.0
2030-03-24 21:00:00;85.56010490654225;0.0;0.0;0.0;0.0;0.0;0.0;0.0
2030-03-24 22:00:00;85.48228101995858;0.0;0.0;0.0;0.0;0.0;0.0;0.0
2030-03-24 23:00:00;85.4239179010134;0.0;0.0;0.0;0.0;0.0;0.0;0.0
2030-03-25 00:00:00;85.39724259023893;0.0;0.0;0.0;0.0;0.0;0.0;0.0
2030-03-25 01:00:00;85.32476555024908;0.0;0.0;0.0;0.0;0.0;0.0;0.0
2030-03-25 02:00:00;85.29837114761192;0.0;0.0;0.0;0.0;0.0;0.0;0.0
2030-03-25 03:00:00;85.32957524567306;0.0;0.0;0.0;0.0;0.0;0.0;0.0
2030-03-25 04:00:00;85.38718059778932;0.0;0.0;0.0;0.0;0.0;0.0;0.0
2030-03-25 05:00:00;85.3869956095038;0.0;0.0;0.0;0.0;0.0;0.0;0.0
2030-03-25 06:00:00;85.47396887966177;0.0;0.0;0.0;0.0;0.0;0.0;0.0
2030-03-25 07:00:00;85.65259356817641;0.0;0.0;0.0;0.0;0.0;0.0;0.0
2030-03-25 08:00:00;85.77822664944448;0.0;0.0;0.0;0.0;0.0;0.0;0.0
2030-03-25 09:00:00;85.81902136239802;0.0;0.0;0.0;0.0;0.0;0.0;0.0
2030-03-25 10:00:00;85.78163591503275;0.0;0.0;0.0;0.0;0.0;0.0;0.0
2030-03-25 11:00:00;79.41072979985097;0.0;0.0;0.0;0.0;0.0;0.0;0.0
2030-03-25 12:00:00;79.4252657682434;0.0;0.0;0.0;0.0;0.0;0.0;0.0
2030-03-25 13:00:00;79.43383826242356;0.0;0.0;0.0;0.0;0.0;0.0;0.0
2030-03-25 14:00:00;79.40500886583527;0.0;0.0;0.0;0.0;0.0;0.0;0.0
2030-03-25 15:00:00;85.79545385482058;0.0;0.0;0.0;0.0;0.0;0.0;0.0
2030-03-25 16:00:00;85.82561516706471;0.0;0.0;0.0;0.0;0.0;0.0;0.0
2030-03-25 17:00:00;85.89347572161773;0.0;0.0;0.0;0.0;0.0;0.0;0.0
2030-03-25 18:00:00;85.92148431833164;0.0;0.0;0.0;0.0;0.0;0.0;0.0
2030-03-25 19:00:00;86.0188594112712;0.0;0.0;0.0;0.0;0.0;0.0;0.0
2030-03-25 20:00:00;86.03087131727874;0.0;0.0;0.0;0.0;0.0;0.0;0.0
2030-03-25 21:00:00;86.03725957940595;0.0;0.0;0.0;0.0;0.0;0.0;0.0
2030-03-25 22:00:00;85.92335338515736;0.0;0.0;0.0;0.0;0.0;0.0;0.0
2030-03-25 23:00:00;85.80616947254578;0.0;0.0;0.0;0.0;0.0;0.0;0.0
2030-03-26 00:00:00;85.78499859097873;0.0;0.0;0.0;0.0;0.0;0.0;0.0
2030-03-26 01:00:00;85.77902826534847;0.0;0.0;0.0;0.0;0.0;0.0;0.0
2030-03-26 02:00:00;85.78337069406602;0.0;0.0;0.0;0.0;0.0;0.0;0.0
2030-03-26 03:00:00;85.77751136140708;0.0;0.0;0.0;0.0;0.0;0.0;0.0
2030-03-26 04:00:00;85.8355305391695;0.0;0.0;0.0;0.0;0.0;0.0;0.0
2030-03-26 05:00:00;85.8675444748362;0.0;0.0;0.0;0.0;0.0;0.0;0.0
2030-03-26 06:00:00;85.96183094854908;0.0;0.0;0.0;0.0;0.0;0.0;0.0
2030-03-26 07:00:00;86.11683331814245;0.0;0.0;0.0;0.0;0.0;0.0;0.0
2030-03-26 08:00:00;86.24242255033542;0.0;0.0;0.0;0.0;0.0;0.0;0.0
2030-03-26 09:00:00;86.2262038736864;0.0;0.0;0.0;0.0;0.0;0.0;0.0
2030-03-26 10:00:00;86.16438489951068;0.0;0.0;0.0;0.0;0.0;0.0;0.0
2030-03-26 11:00:00;79.69155983098311;0.0;0.0;0.0;0.0;0.0;0.0;0.0
2030-03-26 12:00:00;79.69707248189212;0.0;0.0;0.0;0.0;0.0;0.0;0.0
2030-03-26 13:00:00;79.62106559135748;0.0;0.0;0.0;0.0;0.0;0.0;0.0
2030-03-26 14:00:00;79.6890809879569;0.0;0.0;0.0;0.0;0.0;0.0;0.0
2030-03-26 15:00:00;79.6747683757907;0.0;0.0;0.0;0.0;0.0;0.0;0.0
2030-03-26 16:00:00;86.23023250746031;0.0;0.0;0.0;0.0;0.0;0.0;0.0
2030-03-26 17:00:00;86.25293262552113;0.0;0.0;0.0;0.0;0.0;0.0;0.0
2030-03-26 18:00:00;86.28347487660511;0.0;0.0;0.0;0.0;0.0;0.0;0.0
2030-03-26 19:00:00;86.27947227821952;0.0;0.0;0.0;0.0;0.0;0.0;0.0
2030-03-26 20:00:00;86.2644909676582;0.0;0.0;0.0;0.0;0.0;0.0;0.0
2030-03-26 21:00:00;86.25274078581761;0.0;0.0;0.0;0.0;0.0;0.0;0.0
2030-03-26 22:00:00;86.27051199378154;0.0;0.0;0.0;0.0;0.0;0.0;0.0
2030-03-26 23:00:00;86.25846720096767;0.0;0.0;0.0;0.0;0.0;0.0;0.0
2030-03-27 00:00:00;86.25428783599813;0.0;0.0;0.0;0.0;0.0;0.0;0.0
2030-03-27 01:00:00;86.2055783649908;0.0;0.0;0.0;0.0;0.0;0.0;0.0
2030-03-27 02:00:00;86.18317696875405;0.0;0.0;0.0;0.0;0.0;0.0;0.0
2030-03-27 03:00:00;86.1645356307063;0.0;0.0;0.0;0.0;0.0;0.0;0.0
2030-03-27 04:00:00;86.15870918485368;0.0;0.0;0.0;0.0;0.0;0.0;0.0
2030-03-27 05:00:00;86.20210332578992;0.0;0.0;0.0;0.0;0.0;0.0;0.0
2030-03-27 06:00:00;86.35468851511891;0.0;0.0;0.0;0.0;0.0;0.0;0.0
2030-03-27 07:00:00;86.44097664347862;0.0;0.0;0.0;0.0;0.0;0.0;0.0
2030-03-27 08:00:00;86.52548751401358;0.0;0.0;0.0;0.0;0.0;0.0;0.0
2030-03-27 09:00:00;86.49060283421204;0.0;0.0;0.0;0.0;0.0;0.0;0.0
2030-03-27 10:00:00;86.41146484565925;0.0;0.0;0.0;0.0;0.0;0.0;0.0
2030-03-27 11:00:00;79.94630925442169;0.0;0.0;0.0;0.0;0.0;0.0;0.0
2030-03-27 12:00:00;79.95238920273968;0.0;0.0;0.0;0.0;0.0;0.0;0.0
2030-03-27 13:00:00;79.96099458372615;0.0;0.0;0.0;0.0;0.0;0.0;0.0
2030-03-27 14:00:00;79.96135770887923;0.0;0.0;0.0;0.0;0.0;0.0;0.0
2030-03-27 15:00:00;79.87745798482837;0.0;0.0;0.0;0.0;0.0;0.0;0.0
2030-03-27 16:00:00;86.38244360936747;0.0;0.0;0.0;0.0;0.0;0.0;0.0
2030-03-27 17:00:00;86.50023866846314;0.0;0.0;0.0;0.0;0.0;0.0;0.0
2030-03-27 18:00:00;86.53154416751042;0.0;0.0;0.0;0.0;0.0;0.0;0.0
2030-03-27 19:00:00;86.54234200225139;0.0;0.0;0.0;0.0;0.0;0.0;0.0
2030-03-27 20:00:00;86.58242142716752;0.0;0.0;0.0;0.0;0.0;0.0;0.0
2030-03-27 21:00:00;86.57326382189163;0.0;0.0;0.0;0.0;0.0;0.0;0.0
2030-03-27 22:00:00;86.52682491080382;0.0;0.0;0.0;0.0;0.0;0.0;0.0
2030-03-27 23:00:00;86.50705445907249;0.0;0.0;0.0;0.0;0.0;0.0;0.0
2030-03-28 00:00:00;86.49052335776344;0.0;0.0;0.0;0.0;0.0;0.0;0.0
2030-03-28 01:00:00;86.45500423665672;0.0;0.0;0.0;0.0;0.0;0.0;0.0
2030-03-28 02:00:00;86.41016581680971;0.0;0.0;0.0;0.0;0.0;0.0;0.0
2030-03-28 03:00:00;86.32620580028059;0.0;0.0;0.0;0.0;0.0;0.0;0.0
2030-03-28 04:00:00;86.34581181798032;0.0;0.0;0.0;0.0;0.0;0.0;0.0
2030-03-28 05:00:00;86.30698894312226;0.0;0.0;0.0;0.0;0.0;0.0;0.0
2030-03-28 06:00:00;86.36844890299568;0.0;0.0;0.0;0.0;0.0;0.0;0.0
2030-03-28 07:00:00;86.46650776744994;0.0;0.0;0.0;0.0;0.0;0.0;0.0
2030-03-28 08:00:00;86.50834115536966;0.0;0.0;0.0;0.0;0.0;0.0;0.0
2030-03-28 09:00:00;86.45773932271547;0.0;0.0;0.0;0.0;0.0;0.0;0.0
2030-03-28 10:00:00;86.45430813258966;0.0;0.0;0.0;0.0;0.0;0.0;0.0
2030-03-28 11:00:00;79.95680151592065;0.0;0.0;0.0;0.0;0.0;0.0;0.0
2030-03-28 12:00:00;79.98803850078808;0.0;0.0;0.0;0.0;0.0;0.0;0.0
2030-03-28 13:00:00;79.93848356480169;0.0;0.0;0.0;0.0;0.0;0.0;0.0
2030-03-28 14:00:00;79.89556628255706;0.0;0.0;0.0;0.0;0.0;0.0;0.0
2030-03-28 15:00:00;79.94621196428633;0.0;0.0;0.0;0.0;0.0;0.0;0.0
2030-03-28 16:00:00;80.00354462996688;0.0;0.0;0.0;0.0;0.0;0.0;0.0
2030-03-28 17:00:00;86.56109296298688;0.0;0.0;0.0;0.0;0.0;0.0;0.0
2030-03-28 18:00:00;86.52927360759088;0.0;0.0;0.0;0.0;0.0;0.0;0.0
2030-03-28 19:00:00;86.54280652839063;0.0;0.0;0.0;0.0;0.0;0.0;0.0
2030-03-28 20:00:00;86.56144101502042;0.0;0.0;0.0;0.0;0.0;0.0;0.0
2030-03-28 21:00:00;86.5603639721135;0.0;0.0;0.0;0.0;0.0;0.0;0.0
2030-03-28 22:00:00;86.53164556849654;0.0;0.0;0.0;0.0;0.0;0.0;0.0
2030-03-28 23:00:00;86.51486918642374;0.0;0.0;0.0;0.0;0.0;0.0;0.0
2030-03-29 00:00:00;86.47576403314477;0.0;0.0;0.0;0.0;0.0;0.0;0.0
2030-03-29 01:00:00;86.43092561329777;0.0;0.0;0.0;0.0;0.0;0.0;0.0
2030-03-29 02:00:00;86.37434523331173;0.0;0.0;0.0;0.0;0.0;0.0;0.0
2030-03-29 03:00:00;86.29551966941897;0.0;0.0;0.0;0.0;0.0;0.0;0.0
2030-03-29 04:00:00;86.33509071912076;0.0;0.0;0.0;0.0;0.0;0.0;0.0
2030-03-29 05:00:00;86.35797719575069;0.0;0.0;0.0;0.0;0.0;0.0;0.0
2030-03-29 06:00:00;86.39103939836875;0.0;0.0;0.0;0.0;0.0;0.0;0.0
2030-03-29 07:00:00;86.47443485805611;0.0;0.0;0.0;0.0;0.0;0.0;0.0
2030-03-29 08:00:00;86.52252359059419;0.0;0.0;0.0;0.0;0.0;0.0;0.0
2030-03-29 09:00:00;86.46053881210328;0.0;0.0;0.0;0.0;0.0;0.0;0.0
2030-03-29 10:00:00;79.92866548283224;0.0;0.0;0.0;0.0;0.0;0.0;0.0
2030-03-29 11:00:00;79.88865320181236;0.0;0.0;0.0;0.0;0.0;0.0;0.0
2030-03-29 12:00:00;79.78398545957184;0.0;0.0;0.0;0.0;0.0;0.0;0.0
2030-03-29 13:00:00;79.73350558215775;0.0;0.0;0.0;0.0;0.0;0.0;0.0
2030-03-29 14:00:00;79.70743730701658;0.0;0.0;0.0;0.0;0.0;0.0;0.0
2030-03-29 15:00:00;79.72051118281146;0.0;0.0;0.0;0.0;0.0;0.0;0.0
2030-03-29 16:00:00;79.78811412404832;0.0;0.0;0.0;0.0;0.0;0.0;0.0
2030-03-29 17:00:00;79.81268193865124;0.0;0.0;0.0;0.0;0.0;0.0;0.0
2030-03-29 18:00:00;86.3538211256023;0.0;0.0;0.0;0.0;0.0;0.0;0.0
2030-03-29 19:00:00;86.36320208710443;0.0;0.0;0.0;0.0;0.0;0.0;0.0
2030-03-29 20:00:00;86.32859420458941;0.0;0.0;0.0;0.0;0.0;0.0;0.0
2030-03-29 21:00:00;86.33544699285585;0.0;0.0;0.0;0.0;0.0;0.0;0.0
2030-03-29 22:00:00;86.3554133951415;0.0;0.0;0.0;0.0;0.0;0.0;0.0
2030-03-29 23:00:00;86.1922318027602;0.0;0.0;0.0;0.0;0.0;0.0;0.0
2030-03-30 00:00:00;86.15862011641988;0.0;0.0;0.0;0.0;0.0;0.0;0.0
2030-03-30 01:00:00;85.97609834135659;0.0;0.0;0.0;0.0;0.0;0.0;0.0
2030-03-30 02:00:00;85.82815841341994;0.0;0.0;0.0;0.0;0.0;0.0;0.0
2030-03-30 03:00:00;85.73754978088026;0.0;0.0;0.0;0.0;0.0;0.0;0.0
2030-03-30 04:00:00;83.54400665090674;0.0;0.0;0.0;0.0;0.0;0.0;0.0
2030-03-30 05:00:00;79.39187469756214;0.0;0.0;0.0;0.0;0.0;0.0;0.0
2030-03-30 06:00:00;79.40054037102688;0.0;0.0;0.0;0.0;0.0;0.0;0.0
2030-03-30 07:00:00;79.40763021835552;0.0;0.0;0.0;0.0;0.0;0.0;0.0
2030-03-30 08:00:00;79.4093595162544;0.0;0.0;0.0;0.0;0.0;0.0;0.0
2030-03-30 09:00:00;79.40713280540996;0.0;0.0;0.0;0.0;0.0;0.0;0.0
2030-03-30 10:00:00;79.37783888268247;0.0;0.0;0.0;0.0;0.0;0.0;0.0
2030-03-30 11:00:00;79.35021259509197;0.0;0.0;0.0;0.0;0.0;0.0;0.0
2030-03-30 12:00:00;79.33950519906838;0.0;0.0;0.0;0.0;0.0;0.0;0.0
2030-03-30 13:00:00;79.33667556344147;0.0;0.0;0.0;0.0;0.0;0.0;0.0
2030-03-30 14:00:00;79.32296998690856;0.0;0.0;0.0;0.0;0.0;0.0;0.0
2030-03-30 15:00:00;79.33065316703453;0.0;0.0;0.0;0.0;0.0;0.0;0.0
2030-03-30 16:00:00;79.33324848416643;0.0;0.0;0.0;0.0;0.0;0.0;0.0
2030-03-30 17:00:00;79.36389487680376;0.0;0.0;0.0;0.0;0.0;0.0;0.0
2030-03-30 18:00:00;79.39674194489717;0.0;0.0;0.0;0.0;0.0;0.0;0.0
2030-03-30 19:00:00;79.4019983527736;0.0;0.0;0.0;0.0;0.0;0.0;0.0
2030-03-30 20:00:00;79.41374031291264;0.0;0.0;0.0;0.0;0.0;0.0;0.0
2030-03-30 21:00:00;79.4079631972695;0.0;0.0;0.0;0.0;0.0;0.0;0.0
2030-03-30 22:00:00;79.3906894022511;0.0;0.0;0.0;0.0;0.0;0.0;0.0
2030-03-30 23:00:00;79.39907142701134;0.0;0.0;0.0;0.0;0.0;0.0;0.0
2030-03-31 00:00:00;79.39104156513544;0.0;0.0;0.0;0.0;0.0;0.0;0.0
2030-03-31 01:00:00;79.33209881622892;0.0;0.0;0.0;0.0;0.0;0.0;0.0
2030-03-31 02:00:00;79.2574800229776;0.0;0.0;0.0;0.0;0.0;0.0;0.0
2030-03-31 03:00:00;79.20382656875387;0.0;0.0;0.0;0.0;0.0;0.0;0.0
2030-03-31 04:00:00;79.20610123952417;0.0;0.0;0.0;0.0;0.0;0.0;0.0
2030-03-31 05:00:00;79.20317705432907;0.0;0.0;0.0;0.0;0.0;0.0;0.0
2030-03-31 06:00:00;79.2108410504847;0.0;0.0;0.0;0.0;0.0;0.0;0.0
2030-03-31 07:00:00;79.21534243209945;0.0;0.0;0.0;0.0;0.0;0.0;0.0
2030-03-31 08:00:00;79.22451236992771;0.0;0.0;0.0;0.0;0.0;0.0;0.0
2030-03-31 09:00:00;79.22905623033392;0.0;0.0;0.0;0.0;0.0;0.0;0.0
2030-03-31 10:00:00;79.21916689361748;0.0;0.0;0.0;0.0;0.0;0.0;0.0
2030-03-31 11:00:00;79.19938410933378;0.0;0.0;0.0;0.0;0.0;0.0;0.0
2030-03-31 12:00:00;79.17078492038974;0.0;0.0;0.0;0.0;0.0;0.0;0.0
2030-03-31 13:00:00;79.15578990699245;0.0;0.0;0.0;0.0;0.0;0.0;0.0
2030-03-31 14:00:00;79.14039477078497;0.0;0.0;0.0;0.0;0.0;0.0;0.0
2030-03-31 15:00:00;79.11018138776416;0.0;0.0;0.0;0.0;0.0;0.0;0.0
2030-03-31 16:00:00;79.12323470930511;0.0;0.0;0.0;0.0;0.0;0.0;0.0
2030-03-31 17:00:00;79.12665082631136;0.0;0.0;0.0;0.0;0.0;0.0;0.0
2030-03-31 18:00:00;79.15851814163322;0.0;0.0;0.0;0.0;0.0;0.0;0.0
2030-03-31 19:00:00;79.19694774509907;0.0;0.0;0.0;0.0;0.0;0.0;0.0
2030-03-31 20:00:00;79.201771143359;0.0;0.0;0.0;0.0;0.0;0.0;0.0
2030-03-31 21:00:00;79.20597243286609;0.0;0.0;0.0;0.0;0.0;0.0;0.0
2030-03-31 22:00:00;79.20463777664304;0.0;0.0;0.0;0.0;0.0;0.0;0.0
2030-03-31 23:00:00;79.21206745430364;0.0;0.0;0.0;0.0;0.0;0.0;0.0
2030-04-01 00:00:00;85.31634378726456;0.0;0.0;0.0;0.0;0.0;0.0;0.0
2030-04-01 01:00:00;79.19231892710985;0.0;0.0;0.0;0.0;0.0;0.0;0.0
2030-04-01 02:00:00;79.20986951941474;0.0;0.0;0.0;0.0;0.0;0.0;0.0
2030-04-01 03:00:00;79.25844744319679;0.0;0.0;0.0;0.0;0.0;0.0;0.0
2030-04-01 04:00:00;79.28432387863444;0.0;0.0;0.0;0.0;0.0;0.0;0.0
2030-04-01 05:00:00;79.38267461349476;0.0;0.0;0.0;0.0;0.0;0.0;0.0
2030-04-01 06:00:00;79.51893287377062;0.0;0.0;0.0;0.0;0.0;0.0;0.0
2030-04-01 07:00:00;79.59309399230068;0.0;0.0;0.0;0.0;0.0;0.0;0.0
2030-04-01 08:00:00;79.58911194816903;0.0;0.0;0.0;0.0;0.0;0.0;0.0
2030-04-01 09:00:00;79.53889242463828;0.0;0.0;0.0;0.0;0.0;0.0;0.0
2030-04-01 10:00:00;79.48166253022748;0.0;0.0;0.0;0.0;0.0;0.0;0.0
2030-04-01 11:00:00;79.47084003038178;0.0;0.0;0.0;0.0;0.0;0.0;0.0
2030-04-01 12:00:00;79.43339429053826;0.0;0.0;0.0;0.0;0.0;0.0;0.0
2030-04-01 13:00:00;79.39303395748485;0.0;0.0;0.0;0.0;0.0;0.0;0.0
2030-04-01 14:00:00;79.37971480092617;0.0;0.0;0.0;0.0;0.0;0.0;0.0
2030-04-01 15:00:00;79.38436965430373;0.0;0.0;0.0;0.0;0.0;0.0;0.0
2030-04-01 16:00:00;79.38077814099711;0.0;0.0;0.0;0.0;0.0;0.0;0.0
2030-04-01 17:00:00;79.40139953884191;0.0;0.0;0.0;0.0;0.0;0.0;0.0
2030-04-01 18:00:00;79.42123028305149;0.0;0.0;0.0;0.0;0.0;0.0;0.0
2030-04-01 19:00:00;79.4235460623297;0.0;0.0;0.0;0.0;0.0;0.0;0.0
2030-04-01 20:00:00;79.4278624556589;0.0;0.0;0.0;0.0;0.0;0.0;0.0
2030-04-01 21:00:00;79.4296561568868;0.0;0.0;0.0;0.0;0.0;0.0;0.0
2030-04-01 22:00:00;79.41936532707655;0.0;0.0;0.0;0.0;0.0;0.0;0.0
2030-04-01 23:00:00;79.41506263658331;0.0;0.0;0.0;0.0;0.0;0.0;0.0
2030-04-02 00:00:00;79.36411138161202;0.0;0.0;0.0;0.0;0.0;0.0;0.0
2030-04-02 01:00:00;79.33286754532656;0.0;0.0;0.0;0.0;0.0;0.0;0.0
2030-04-02 02:00:00;79.3321796629611;0.0;0.0;0.0;0.0;0.0;0.0;0.0
2030-04-02 03:00:00;79.31555264180031;0.0;0.0;0.0;0.0;0.0;0.0;0.0
2030-04-02 04:00:00;82.20681266262531;0.0;0.0;0.0;0.0;0.0;0.0;0.0
2030-04-02 05:00:00;81.76515518633077;0.0;0.0;0.0;0.0;0.0;0.0;0.0
2030-04-02 06:00:00;82.60834686492862;0.0;0.0;0.0;0.0;0.0;0.0;0.0
2030-04-02 07:00:00;79.58859946210393;0.0;0.0;0.0;0.0;0.0;0.0;0.0
2030-04-02 08:00:00;79.57490758840699;0.0;0.0;0.0;0.0;0.0;0.0;0.0
2030-04-02 09:00:00;79.55682395578302;0.0;0.0;0.0;0.0;0.0;0.0;0.0
2030-04-02 10:00:00;79.48950466325064;0.0;0.0;0.0;0.0;0.0;0.0;0.0
2030-04-02 11:00:00;79.47655822383025;0.0;0.0;0.0;0.0;0.0;0.0;0.0
2030-04-02 12:00:00;79.47241859708502;0.0;0.0;0.0;0.0;0.0;0.0;0.0
2030-04-02 13:00:00;79.46712245098428;0.0;0.0;0.0;0.0;0.0;0.0;0.0
2030-04-02 14:00:00;79.46638386812572;0.0;0.0;0.0;0.0;0.0;0.0;0.0
2030-04-02 15:00:00;79.45225213339427;0.0;0.0;0.0;0.0;0.0;0.0;0.0
2030-04-02 16:00:00;79.45468027592739;0.0;0.0;0.0;0.0;0.0;0.0;0.0
2030-04-02 17:00:00;79.48071429397866;0.0;0.0;0.0;0.0;0.0;0.0;0.0
2030-04-02 18:00:00;79.50801582435675;0.0;0.0;0.0;0.0;0.0;0.0;0.0
2030-04-02 19:00:00;79.50361584372816;0.0;0.0;0.0;0.0;0.0;0.0;0.0
2030-04-02 20:00:00;79.5058425545726;0.0;0.0;0.0;0.0;0.0;0.0;0.0
2030-04-02 21:00:00;79.50948202780509;0.0;0.0;0.0;0.0;0.0;0.0;0.0
2030-04-02 22:00:00;79.40912519775938;0.0;0.0;0.0;0.0;0.0;0.0;0.0
2030-04-02 23:00:00;79.36720411168946;0.0;0.0;0.0;0.0;0.0;0.0;0.0
2030-04-03 00:00:00;79.33984914025112;0.0;0.0;0.0;0.0;0.0;0.0;0.0
2030-04-03 01:00:00;85.63133909931001;0.0;0.0;0.0;0.0;0.0;0.0;0.0
2030-04-03 02:00:00;85.63354114504969;0.0;0.0;0.0;0.0;0.0;0.0;0.0
2030-04-03 03:00:00;85.65473121058707;0.0;0.0;0.0;0.0;0.0;0.0;0.0
2030-04-03 04:00:00;85.71306555357671;0.0;0.0;0.0;0.0;0.0;0.0;0.0
2030-04-03 05:00:00;85.87186223844898;0.0;0.0;0.0;0.0;0.0;0.0;0.0
2030-04-03 06:00:00;86.09010456630774;0.0;0.0;0.0;0.0;0.0;0.0;0.0
2030-04-03 07:00:00;86.16151689594304;0.0;0.0;0.0;0.0;0.0;0.0;0.0
2030-04-03 08:00:00;86.17198723290446;0.0;0.0;0.0;0.0;0.0;0.0;0.0
2030-04-03 09:00:00;86.16844642009092;0.0;0.0;0.0;0.0;0.0;0.0;0.0
2030-04-03 10:00:00;86.14819910966798;0.0;0.0;0.0;0.0;0.0;0.0;0.0
2030-04-03 11:00:00;86.10785659030132;0.0;0.0;0.0;0.0;0.0;0.0;0.0
2030-04-03 12:00:00;86.13411670514601;0.0;0.0;0.0;0.0;0.0;0.0;0.0
2030-04-03 13:00:00;86.14505019796306;0.0;0.0;0.0;0.0;0.0;0.0;0.0
2030-04-03 14:00:00;86.13007025768532;0.0;0.0;0.0;0.0;0.0;0.0;0.0
2030-04-03 15:00:00;86.09094180958525;0.0;0.0;0.0;0.0;0.0;0.0;0.0
2030-04-03 16:00:00;86.09457580168333;0.0;0.0;0.0;0.0;0.0;0.0;0.0
2030-04-03 17:00:00;86.12478644413696;0.0;0.0;0.0;0.0;0.0;0.0;0.0
2030-04-03 18:00:00;86.11975887362114;0.0;0.0;0.0;0.0;0.0;0.0;0.0
2030-04-03 19:00:00;86.16948509505711;0.0;0.0;0.0;0.0;0.0;0.0;0.0
2030-04-03 20:00:00;86.1913068613325;0.0;0.0;0.0;0.0;0.0;0.0;0.0
2030-04-03 21:00:00;86.18549137774868;0.0;0.0;0.0;0.0;0.0;0.0;0.0
2030-04-03 22:00:00;86.14870063346432;0.0;0.0;0.0;0.0;0.0;0.0;0.0
2030-04-03 23:00:00;86.07433808324558;0.0;0.0;0.0;0.0;0.0;0.0;0.0
2030-04-04 00:00:00;86.09505266037496;0.0;0.0;0.0;0.0;0.0;0.0;0.0
2030-04-04 01:00:00;86.07447100075444;0.0;0.0;0.0;0.0;0.0;0.0;0.0
2030-04-04 02:00:00;86.03068221814242;0.0;0.0;0.0;0.0;0.0;0.0;0.0
2030-04-04 03:00:00;86.00318336692644;0.0;0.0;0.0;0.0;0.0;0.0;0.0
2030-04-04 04:00:00;86.06458303432159;0.0;0.0;0.0;0.0;0.0;0.0;0.0
2030-04-04 05:00:00;86.12318732317976;0.0;0.0;0.0;0.0;0.0;0.0;0.0
2030-04-04 06:00:00;86.09064856889557;0.0;0.0;0.0;0.0;0.0;0.0;0.0
2030-04-04 07:00:00;86.1292042384523;0.0;0.0;0.0;0.0;0.0;0.0;0.0
2030-04-04 08:00:00;86.10465560781972;0.0;0.0;0.0;0.0;0.0;0.0;0.0
2030-04-04 09:00:00;79.625251807745;0.0;0.0;0.0;0.0;0.0;0.0;0.0
2030-04-04 10:00:00;79.59923971423132;0.0;0.0;0.0;0.0;0.0;0.0;0.0
2030-04-04 11:00:00;79.59382846430844;0.0;0.0;0.0;0.0;0.0;0.0;0.0
2030-04-04 12:00:00;79.511197622868;0.0;0.0;0.0;0.0;0.0;0.0;0.0
2030-04-04 13:00:00;79.49854031328644;0.0;0.0;0.0;0.0;0.0;0.0;0.0
2030-04-04 14:00:00;79.53443626238224;0.0;0.0;0.0;0.0;0.0;0.0;0.0
2030-04-04 15:00:00;79.52473054366773;0.0;0.0;0.0;0.0;0.0;0.0;0.0
2030-04-04 16:00:00;79.56575546426548;0.0;0.0;0.0;0.0;0.0;0.0;0.0
2030-04-04 17:00:00;79.59400797145959;0.0;0.0;0.0;0.0;0.0;0.0;0.0
2030-04-04 18:00:00;79.60890569472151;0.0;0.0;0.0;0.0;0.0;0.0;0.0
2030-04-04 19:00:00;79.55937816440704;0.0;0.0;0.0;0.0;0.0;0.0;0.0
2030-04-04 20:00:00;79.61663135363898;0.0;0.0;0.0;0.0;0.0;0.0;0.0
2030-04-04 21:00:00;79.60835484071569;0.0;0.0;0.0;0.0;0.0;0.0;0.0
2030-04-04 22:00:00;79.5578708524508;0.0;0.0;0.0;0.0;0.0;0.0;0.0
2030-04-04 23:00:00;79.54771156986584;0.0;0.0;0.0;0.0;0.0;0.0;0.0
2030-04-05 00:00:00;79.51755436847247;0.0;0.0;0.0;0.0;0.0;0.0;0.0
2030-04-05 01:00:00;79.4814583579716;0.0;0.0;0.0;0.0;0.0;0.0;0.0
2030-04-05 02:00:00;79.4806224849777;0.0;0.0;0.0;0.0;0.0;0.0;0.0
2030-04-05 03:00:00;79.49077491614469;0.0;0.0;0.0;0.0;0.0;0.0;0.0
2030-04-05 04:00:00;79.577376839448;0.0;0.0;0.0;0.0;0.0;0.0;0.0
2030-04-05 05:00:00;79.55244864025917;0.0;0.0;0.0;0.0;0.0;0.0;0.0
2030-04-05 06:00:00;79.70134913699701;0.0;0.0;0.0;0.0;0.0;0.0;0.0
2030-04-05 07:00:00;79.749472126625;0.0;0.0;0.0;0.0;0.0;0.0;0.0
2030-04-05 08:00:00;79.77522797710616;0.0;0.0;0.0;0.0;0.0;0.0;0.0
2030-04-05 09:00:00;79.74087359705652;0.0;0.0;0.0;0.0;0.0;0.0;0.0
2030-04-05 10:00:00;79.70627804709389;0.0;0.0;0.0;0.0;0.0;0.0;0.0
2030-04-05 11:00:00;79.6676620850589;0.0;0.0;0.0;0.0;0.0;0.0;0.0
2030-04-05 12:00:00;79.68947837019992;0.0;0.0;0.0;0.0;0.0;0.0;0.0
2030-04-05 13:00:00;79.73250253456507;0.0;0.0;0.0;0.0;0.0;0.0;0.0
2030-04-05 14:00:00;79.73371249498084;0.0;0.0;0.0;0.0;0.0;0.0;0.0
2030-04-05 15:00:00;79.72659113112945;0.0;0.0;0.0;0.0;0.0;0.0;0.0
2030-04-05 16:00:00;79.7243767528374;0.0;0.0;0.0;0.0;0.0;0.0;0.0
2030-04-05 17:00:00;79.71886136136119;0.0;0.0;0.0;0.0;0.0;0.0;0.0
2030-04-05 18:00:00;79.70944614276915;0.0;0.0;0.0;0.0;0.0;0.0;0.0
2030-04-05 19:00:00;79.7693343873573;0.0;0.0;0.0;0.0;0.0;0.0;0.0
2030-04-05 20:00:00;79.79517382513785;0.0;0.0;0.0;0.0;0.0;0.0;0.0
2030-04-05 21:00:00;79.77842347845336;0.0;0.0;0.0;0.0;0.0;0.0;0.0
2030-04-05 22:00:00;79.693601553542;0.0;0.0;0.0;0.0;0.0;0.0;0.0
2030-04-05 23:00:00;79.6463596562666;0.0;0.0;0.0;0.0;0.0;0.0;0.0
2030-04-06 00:00:00;79.4779819484871;0.0;0.0;0.0;0.0;0.0;0.0;0.0
2030-04-06 01:00:00;79.39044549177092;0.0;0.0;0.0;0.0;0.0;0.0;0.0
2030-04-06 02:00:00;79.3669122412834;0.0;0.0;0.0;0.0;0.0;0.0;0.0
2030-04-06 03:00:00;79.3587234265103;0.0;0.0;0.0;0.0;0.0;0.0;0.0
2030-04-06 04:00:00;79.37109160625295;0.0;0.0;0.0;0.0;0.0;0.0;0.0
2030-04-06 05:00:00;79.33054628491399;0.0;0.0;0.0;0.0;0.0;0.0;0.0
2030-04-06 06:00:00;79.31756969925446;0.0;0.0;0.0;0.0;0.0;0.0;0.0
2030-04-06 07:00:00;85.57940261043277;0.0;0.0;0.0;0.0;0.0;0.0;0.0
2030-04-06 08:00:00;85.39975432007145;0.0;0.0;0.0;0.0;0.0;0.0;0.0
2030-04-06 09:00:00;79.33867891805964;0.0;0.0;0.0;0.0;0.0;0.0;0.0
2030-04-06 10:00:00;79.3351422160969;0.0;0.0;0.0;0.0;0.0;0.0;0.0
2030-04-06 11:00:00;79.30616208831302;0.0;0.0;0.0;0.0;0.0;0.0;0.0
2030-04-06 12:00:00;79.26568528115388;0.0;0.0;0.0;0.0;0.0;0.0;0.0
2030-04-06 13:00:00;79.2597999131066;0.0;0.0;0.0;0.0;0.0;0.0;0.0
2030-04-06 14:00:00;79.23413998247722;0.0;0.0;0.0;0.0;0.0;0.0;0.0
2030-04-06 15:00:00;79.23328629579656;0.0;0.0;0.0;0.0;0.0;0.0;0.0
2030-04-06 16:00:00;79.23820150305744;0.0;0.0;0.0;0.0;0.0;0.0;0.0
2030-04-06 17:00:00;85.4461754174725;0.0;0.0;0.0;0.0;0.0;0.0;0.0
2030-04-06 18:00:00;85.47438407559153;0.0;0.0;0.0;0.0;0.0;0.0;0.0
2030-04-06 19:00:00;85.48469545965571;0.0;0.0;0.0;0.0;0.0;0.0;0.0
2030-04-06 20:00:00;85.49543437220206;0.0;0.0;0.0;0.0;0.0;0.0;0.0
2030-04-06 21:00:00;85.47873061515983;0.0;0.0;0.0;0.0;0.0;0.0;0.0
2030-04-06 22:00:00;85.48712634275604;0.0;0.0;0.0;0.0;0.0;0.0;0.0
2030-04-06 23:00:00;85.46257771212348;0.0;0.0;0.0;0.0;0.0;0.0;0.0
2030-04-07 00:00:00;85.3135210030556;0.0;0.0;0.0;0.0;0.0;0.0;0.0
2030-04-07 01:00:00;85.09198725399793;0.0;0.0;0.0;0.0;0.0;0.0;0.0
2030-04-07 02:00:00;84.98707560127721;0.0;0.0;0.0;0.0;0.0;0.0;0.0
2030-04-07 03:00:00;85.00345597139062;0.0;0.0;0.0;0.0;0.0;0.0;0.0
2030-04-07 04:00:00;85.0245199708371;0.0;0.0;0.0;0.0;0.0;0.0;0.0
2030-04-07 05:00:00;85.07036280856043;0.0;0.0;0.0;0.0;0.0;0.0;0.0
2030-04-07 06:00:00;85.0899948616485;0.0;0.0;0.0;0.0;0.0;0.0;0.0
2030-04-07 07:00:00;85.10165734533892;0.0;0.0;0.0;0.0;0.0;0.0;0.0
2030-04-07 08:00:00;85.10547358515537;0.0;0.0;0.0;0.0;0.0;0.0;0.0
2030-04-07 09:00:00;79.13641135636973;0.0;0.0;0.0;0.0;0.0;0.0;0.0
2030-04-07 10:00:00;79.11845927097104;0.0;0.0;0.0;0.0;0.0;0.0;0.0
2030-04-07 11:00:00;79.08366091903612;0.0;0.0;0.0;0.0;0.0;0.0;0.0
2030-04-07 12:00:00;79.07111323214232;0.0;0.0;0.0;0.0;0.0;0.0;0.0
2030-04-07 13:00:00;79.06641041883888;0.0;0.0;0.0;0.0;0.0;0.0;0.0
2030-04-07 14:00:00;79.07167093756613;0.0;0.0;0.0;0.0;0.0;0.0;0.0
2030-04-07 15:00:00;79.07117352462058;0.0;0.0;0.0;0.0;0.0;0.0;0.0
2030-04-07 16:00:00;79.14767508753356;0.0;0.0;0.0;0.0;0.0;0.0;0.0
2030-04-07 17:00:00;85.22121595942338;0.0;0.0;0.0;0.0;0.0;0.0;0.0
2030-04-07 18:00:00;85.28226072336705;0.0;0.0;0.0;0.0;0.0;0.0;0.0
2030-04-07 19:00:00;85.0020678741073;0.0;0.0;0.0;0.0;0.0;0.0;0.0
2030-04-07 20:00:00;85.28312126146568;0.0;0.0;0.0;0.0;0.0;0.0;0.0
2030-04-07 21:00:00;85.25631303318235;0.0;0.0;0.0;0.0;0.0;0.0;0.0
2030-04-07 22:00:00;79.19758355668787;0.0;0.0;0.0;0.0;0.0;0.0;0.0
2030-04-07 23:00:00;79.19504442118344;0.0;0.0;0.0;0.0;0.0;0.0;0.0
2030-04-08 00:00:00;79.1880984536324;0.0;0.0;0.0;0.0;0.0;0.0;0.0
2030-04-08 01:00:00;79.19589125644612;0.0;0.0;0.0;0.0;0.0;0.0;0.0
2030-04-08 02:00:00;79.21198112643705;0.0;0.0;0.0;0.0;0.0;0.0;0.0
2030-04-08 03:00:00;79.2298688085067;0.0;0.0;0.0;0.0;0.0;0.0;0.0
2030-04-08 04:00:00;79.24860743668981;0.0;0.0;0.0;0.0;0.0;0.0;0.0
2030-04-08 05:00:00;85.46681051815328;0.0;0.0;0.0;0.0;0.0;0.0;0.0
2030-04-08 06:00:00;84.86337461988032;0.0;0.0;0.0;0.0;0.0;0.0;0.0
2030-04-08 07:00:00;83.66428740444655;0.0;0.0;0.0;0.0;0.0;0.0;0.0
2030-04-08 08:00:00;79.38605099227672;0.0;0.0;0.0;0.0;0.0;0.0;0.0
2030-04-08 09:00:00;79.39843424513894;0.0;0.0;0.0;0.0;0.0;0.0;0.0
2030-04-08 10:00:00;79.40788783167169;0.0;0.0;0.0;0.0;0.0;0.0;0.0
2030-04-08 11:00:00;79.39244473553832;0.0;0.0;0.0;0.0;0.0;0.0;0.0
2030-04-08 12:00:00;79.39928793181959;0.0;0.0;0.0;0.0;0.0;0.0;0.0
2030-04-08 13:00:00;79.39323264860634;0.0;0.0;0.0;0.0;0.0;0.0;0.0
2030-04-08 14:00:00;79.41076679750807;0.0;0.0;0.0;0.0;0.0;0.0;0.0
2030-04-08 15:00:00;79.41325386223586;0.0;0.0;0.0;0.0;0.0;0.0;0.0
2030-04-08 16:00:00;79.41630000267104;0.0;0.0;0.0;0.0;0.0;0.0;0.0
2030-04-08 17:00:00;85.80928412716077;0.0;0.0;0.0;0.0;0.0;0.0;0.0
2030-04-08 18:00:00;85.84106785518324;0.0;0.0;0.0;0.0;0.0;0.0;0.0
2030-04-08 19:00:00;85.86984518099484;0.0;0.0;0.0;0.0;0.0;0.0;0.0
2030-04-08 20:00:00;85.88968277662241;0.0;0.0;0.0;0.0;0.0;0.0;0.0
2030-04-08 21:00:00;85.87098662723079;0.0;0.0;0.0;0.0;0.0;0.0;0.0
2030-04-08 22:00:00;85.80935812247499;0.0;0.0;0.0;0.0;0.0;0.0;0.0
2030-04-08 23:00:00;85.75683926306921;0.0;0.0;0.0;0.0;0.0;0.0;0.0
2030-04-09 00:00:00;85.74832980193449;0.0;0.0;0.0;0.0;0.0;0.0;0.0
2030-04-09 01:00:00;85.72835517794726;0.0;0.0;0.0;0.0;0.0;0.0;0.0
2030-04-09 02:00:00;85.7225396943634;0.0;0.0;0.0;0.0;0.0;0.0;0.0
2030-04-09 03:00:00;85.68056653751682;0.0;0.0;0.0;0.0;0.0;0.0;0.0
2030-04-09 04:00:00;85.71058259969973;0.0;0.0;0.0;0.0;0.0;0.0;0.0
2030-04-09 05:00:00;85.80589267525924;0.0;0.0;0.0;0.0;0.0;0.0;0.0
2030-04-09 06:00:00;85.75084838318499;0.0;0.0;0.0;0.0;0.0;0.0;0.0
2030-04-09 07:00:00;85.74493286889857;0.0;0.0;0.0;0.0;0.0;0.0;0.0
2030-04-09 08:00:00;85.72256161890095;0.0;0.0;0.0;0.0;0.0;0.0;0.0
2030-04-09 09:00:00;79.36376744042929;0.0;0.0;0.0;0.0;0.0;0.0;0.0
2030-04-09 10:00:00;79.34815442912993;0.0;0.0;0.0;0.0;0.0;0.0;0.0
2030-04-09 11:00:00;79.35314637227225;0.0;0.0;0.0;0.0;0.0;0.0;0.0
2030-04-09 12:00:00;79.35708867817958;0.0;0.0;0.0;0.0;0.0;0.0;0.0
2030-04-09 13:00:00;79.3278276422584;0.0;0.0;0.0;0.0;0.0;0.0;0.0
2030-04-09 14:00:00;79.3321029270797;0.0;0.0;0.0;0.0;0.0;0.0;0.0
2030-04-09 15:00:00;79.32546390305431;0.0;0.0;0.0;0.0;0.0;0.0;0.0
2030-04-09 16:00:00;79.32376064054378;0.0;0.0;0.0;0.0;0.0;0.0;0.0
2030-04-09 17:00:00;79.33951616133716;0.0;0.0;0.0;0.0;0.0;0.0;0.0
2030-04-09 18:00:00;79.34594827253946;0.0;0.0;0.0;0.0;0.0;0.0;0.0
2030-04-09 19:00:00;79.34432448647752;0.0;0.0;0.0;0.0;0.0;0.0;0.0
2030-04-09 20:00:00;79.3457303974476;0.0;0.0;0.0;0.0;0.0;0.0;0.0
2030-04-09 21:00:00;79.34220054690283;0.0;0.0;0.0;0.0;0.0;0.0;0.0
2030-04-09 22:00:00;79.33724971226842;0.0;0.0;0.0;0.0;0.0;0.0;0.0
2030-04-09 23:00:00;79.33728533964194;0.0;0.0;0.0;0.0;0.0;0.0;0.0
2030-04-10 00:00:00;79.34584550126971;0.0;0.0;0.0;0.0;0.0;0.0;0.0
2030-04-10 01:00:00;79.3104455948359;0.0;0.0;0.0;0.0;0.0;0.0;0.0
2030-04-10 02:00:00;79.2668376896586;0.0;0.0;0.0;0.0;0.0;0.0;0.0
2030-04-10 03:00:00;79.2766338470905;0.0;0.0;0.0;0.0;0.0;0.0;0.0
2030-04-10 04:00:00;79.30082483370437;0.0;0.0;0.0;0.0;0.0;0.0;0.0
2030-04-10 05:00:00;79.35178842122804;0.0;0.0;0.0;0.0;0.0;0.0;0.0
2030-04-10 06:00:00;79.41237688073404;0.0;0.0;0.0;0.0;0.0;0.0;0.0
2030-04-10 07:00:00;79.44750684129934;0.0;0.0;0.0;0.0;0.0;0.0;0.0
2030-04-10 08:00:00;79.45718104349115;0.0;0.0;0.0;0.0;0.0;0.0;0.0
2030-04-10 09:00:00;79.39325183257671;0.0;0.0;0.0;0.0;0.0;0.0;0.0
2030-04-10 10:00:00;79.39209805378837;0.0;0.0;0.0;0.0;0.0;0.0;0.0
2030-04-10 11:00:00;79.39329020051741;0.0;0.0;0.0;0.0;0.0;0.0;0.0
2030-04-10 12:00:00;79.39552239249622;0.0;0.0;0.0;0.0;0.0;0.0;0.0
2030-04-10 13:00:00;79.40596806435289;0.0;0.0;0.0;0.0;0.0;0.0;0.0
2030-04-10 14:00:00;79.39851098102034;0.0;0.0;0.0;0.0;0.0;0.0;0.0
2030-04-10 15:00:00;79.41278385496223;0.0;0.0;0.0;0.0;0.0;0.0;0.0
2030-04-10 16:00:00;79.41112444152678;0.0;0.0;0.0;0.0;0.0;0.0;0.0
2030-04-10 17:00:00;79.44214218101878;0.0;0.0;0.0;0.0;0.0;0.0;0.0
2030-04-10 18:00:00;79.44585564956549;0.0;0.0;0.0;0.0;0.0;0.0;0.0
2030-04-10 19:00:00;79.4442537880411;0.0;0.0;0.0;0.0;0.0;0.0;0.0
2030-04-10 20:00:00;79.46718959488051;0.0;0.0;0.0;0.0;0.0;0.0;0.0
2030-04-10 21:00:00;79.46956155578616;0.0;0.0;0.0;0.0;0.0;0.0;0.0
2030-04-10 22:00:00;79.45814435285953;0.0;0.0;0.0;0.0;0.0;0.0;0.0
2030-04-10 23:00:00;79.43951260679694;0.0;0.0;0.0;0.0;0.0;0.0;0.0
2030-04-11 00:00:00;79.40084046313451;0.0;0.0;0.0;0.0;0.0;0.0;0.0
2030-04-11 01:00:00;79.34880668412191;0.0;0.0;0.0;0.0;0.0;0.0;0.0
2030-04-11 02:00:00;79.34761590767647;0.0;0.0;0.0;0.0;0.0;0.0;0.0
2030-04-11 03:00:00;79.34969325760889;0.0;0.0;0.0;0.0;0.0;0.0;0.0
2030-04-11 04:00:00;79.36785910724863;0.0;0.0;0.0;0.0;0.0;0.0;0.0
2030-04-11 05:00:00;79.33951479105356;0.0;0.0;0.0;0.0;0.0;0.0;0.0
2030-04-11 06:00:00;79.37667003077459;0.0;0.0;0.0;0.0;0.0;0.0;0.0
2030-04-11 07:00:00;79.38054656306929;0.0;0.0;0.0;0.0;0.0;0.0;0.0
2030-04-11 08:00:00;79.37417885519602;0.0;0.0;0.0;0.0;0.0;0.0;0.0
2030-04-11 09:00:00;79.35910162478297;0.0;0.0;0.0;0.0;0.0;0.0;0.0
2030-04-11 10:00:00;79.3443327081791;0.0;0.0;0.0;0.0;0.0;0.0;0.0
2030-04-11 11:00:00;79.336300105736;0.0;0.0;0.0;0.0;0.0;0.0;0.0
2030-04-11 12:00:00;79.3362617377953;0.0;0.0;0.0;0.0;0.0;0.0;0.0
2030-04-11 13:00:00;79.31924418580948;0.0;0.0;0.0;0.0;0.0;0.0;0.0
2030-04-11 14:00:00;79.3037627217354;0.0;0.0;0.0;0.0;0.0;0.0;0.0
2030-04-11 15:00:00;79.33921195837871;0.0;0.0;0.0;0.0;0.0;0.0;0.0
2030-04-11 16:00:00;79.31269285993426;0.0;0.0;0.0;0.0;0.0;0.0;0.0
2030-04-11 17:00:00;79.36017866768984;0.0;0.0;0.0;0.0;0.0;0.0;0.0
2030-04-11 18:00:00;79.36266299185044;0.0;0.0;0.0;0.0;0.0;0.0;0.0
2030-04-11 19:00:00;85.6804966530534;0.0;0.0;0.0;0.0;0.0;0.0;0.0
2030-04-11 20:00:00;85.6812941581066;0.0;0.0;0.0;0.0;0.0;0.0;0.0
2030-04-11 21:00:00;85.66166758615293;0.0;0.0;0.0;0.0;0.0;0.0;0.0
2030-04-11 22:00:00;85.61541366335065;0.0;0.0;0.0;0.0;0.0;0.0;0.0
2030-04-11 23:00:00;85.58326818045869;0.0;0.0;0.0;0.0;0.0;0.0;0.0
2030-04-12 00:00:00;85.62636085900365;0.0;0.0;0.0;0.0;0.0;0.0;0.0
2030-04-12 01:00:00;85.65176728716771;0.0;0.0;0.0;0.0;0.0;0.0;0.0
2030-04-12 02:00:00;85.71197069698306;0.0;0.0;0.0;0.0;0.0;0.0;0.0
2030-04-12 03:00:00;85.77589442676313;0.0;0.0;0.0;0.0;0.0;0.0;0.0
2030-04-12 04:00:00;85.89217121163378;0.0;0.0;0.0;0.0;0.0;0.0;0.0
2030-04-12 05:00:00;85.98585476056418;0.0;0.0;0.0;0.0;0.0;0.0;0.0
2030-04-12 06:00:00;86.12347919358584;0.0;0.0;0.0;0.0;0.0;0.0;0.0
2030-04-12 07:00:00;86.22285627085998;0.0;0.0;0.0;0.0;0.0;0.0;0.0
2030-04-12 08:00:00;86.25374246312668;0.0;0.0;0.0;0.0;0.0;0.0;0.0
2030-04-12 09:00:00;86.19870776303759;0.0;0.0;0.0;0.0;0.0;0.0;0.0
2030-04-12 10:00:00;86.16528106498282;0.0;0.0;0.0;0.0;0.0;0.0;0.0
2030-04-12 11:00:00;79.79525330158646;0.0;0.0;0.0;0.0;0.0;0.0;0.0
2030-04-12 12:00:00;79.8644169958398;0.0;0.0;0.0;0.0;0.0;0.0;0.0
2030-04-12 13:00:00;79.77793976834377;0.0;0.0;0.0;0.0;0.0;0.0;0.0
2030-04-12 14:00:00;79.77653796822449;0.0;0.0;0.0;0.0;0.0;0.0;0.0
2030-04-12 15:00:00;79.77148436232034;0.0;0.0;0.0;0.0;0.0;0.0;0.0
2030-04-12 16:00:00;86.22583526739894;0.0;0.0;0.0;0.0;0.0;0.0;0.0
2030-04-12 17:00:00;86.26407303116125;0.0;0.0;0.0;0.0;0.0;0.0;0.0
2030-04-12 18:00:00;86.23206183606175;0.0;0.0;0.0;0.0;0.0;0.0;0.0
2030-04-12 19:00:00;86.23362121879464;0.0;0.0;0.0;0.0;0.0;0.0;0.0
2030-04-12 20:00:00;86.22755497331262;0.0;0.0;0.0;0.0;0.0;0.0;0.0
2030-04-12 21:00:00;86.22721925383148;0.0;0.0;0.0;0.0;0.0;0.0;0.0
2030-04-12 22:00:00;86.22138047542646;0.0;0.0;0.0;0.0;0.0;0.0;0.0
2030-04-12 23:00:00;86.20708019581265;0.0;0.0;0.0;0.0;0.0;0.0;0.0
2030-04-13 00:00:00;86.0352068945783;0.0;0.0;0.0;0.0;0.0;0.0;0.0
2030-04-13 01:00:00;85.83025357703912;0.0;0.0;0.0;0.0;0.0;0.0;0.0
2030-04-13 02:00:00;85.6880921350292;0.0;0.0;0.0;0.0;0.0;0.0;0.0
2030-04-13 03:00:00;85.64778524303605;0.0;0.0;0.0;0.0;0.0;0.0;0.0
2030-04-13 04:00:00;85.67665985898302;0.0;0.0;0.0;0.0;0.0;0.0;0.0
2030-04-13 05:00:00;85.7074377988456;0.0;0.0;0.0;0.0;0.0;0.0;0.0
2030-04-13 06:00:00;85.71158564729242;0.0;0.0;0.0;0.0;0.0;0.0;0.0
2030-04-13 07:00:00;85.71828907464685;0.0;0.0;0.0;0.0;0.0;0.0;0.0
2030-04-13 08:00:00;85.69967514227102;0.0;0.0;0.0;0.0;0.0;0.0;0.0
2030-04-13 09:00:00;85.66254182708754;0.0;0.0;0.0;0.0;0.0;0.0;0.0
2030-04-13 10:00:00;85.62793531485613;0.0;0.0;0.0;0.0;0.0;0.0;0.0
2030-04-13 11:00:00;85.55296572900411;0.0;0.0;0.0;0.0;0.0;0.0;0.0
2030-04-13 12:00:00;85.49364067097413;0.0;0.0;0.0;0.0;0.0;0.0;0.0
2030-04-13 13:00:00;85.44832539243552;0.0;0.0;0.0;0.0;0.0;0.0;0.0
2030-04-13 14:00:00;85.4502931196802;0.0;0.0;0.0;0.0;0.0;0.0;0.0
2030-04-13 15:00:00;85.4464946935505;0.0;0.0;0.0;0.0;0.0;0.0;0.0
2030-04-13 16:00:00;85.4563278486395;0.0;0.0;0.0;0.0;0.0;0.0;0.0
2030-04-13 17:00:00;85.50953596069436;0.0;0.0;0.0;0.0;0.0;0.0;0.0
2030-04-13 18:00:00;85.53775284051497;0.0;0.0;0.0;0.0;0.0;0.0;0.0
2030-04-13 19:00:00;85.57081367284945;0.0;0.0;0.0;0.0;0.0;0.0;0.0
2030-04-13 20:00:00;85.55774527818895;0.0;0.0;0.0;0.0;0.0;0.0;0.0
2030-04-13 21:00:00;85.51936774549978;0.0;0.0;0.0;0.0;0.0;0.0;0.0
2030-04-13 22:00:00;85.50146910116135;0.0;0.0;0.0;0.0;0.0;0.0;0.0
2030-04-13 23:00:00;85.50105527551518;0.0;0.0;0.0;0.0;0.0;0.0;0.0
2030-04-14 00:00:00;85.41012188576312;0.0;0.0;0.0;0.0;0.0;0.0;0.0
2030-04-14 01:00:00;85.31413351982329;0.0;0.0;0.0;0.0;0.0;0.0;0.0
2030-04-14 02:00:00;85.28479300745352;0.0;0.0;0.0;0.0;0.0;0.0;0.0
2030-04-14 03:00:00;85.2836693749043;0.0;0.0;0.0;0.0;0.0;0.0;0.0
2030-04-14 04:00:00;85.31569838369057;0.0;0.0;0.0;0.0;0.0;0.0;0.0
2030-04-14 05:00:00;85.35384296816832;0.0;0.0;0.0;0.0;0.0;0.0;0.0
2030-04-14 06:00:00;85.3313895011549;0.0;0.0;0.0;0.0;0.0;0.0;0.0
2030-04-14 07:00:00;85.35512966446552;0.0;0.0;0.0;0.0;0.0;0.0;0.0
2030-04-14 08:00:00;85.37093999660274;0.0;0.0;0.0;0.0;0.0;0.0;0.0
2030-04-14 09:00:00;85.37288305874267;0.0;0.0;0.0;0.0;0.0;0.0;0.0
2030-04-14 10:00:00;85.32430513496064;0.0;0.0;0.0;0.0;0.0;0.0;0.0
2030-04-14 11:00:00;85.27299212511983;0.0;0.0;0.0;0.0;0.0;0.0;0.0
2030-04-14 12:00:00;79.18684875499233;0.0;0.0;0.0;0.0;0.0;0.0;0.0
2030-04-14 13:00:00;79.18269816597832;0.0;0.0;0.0;0.0;0.0;0.0;0.0
2030-04-14 14:00:00;79.1865445520339;0.0;0.0;0.0;0.0;0.0;0.0;0.0
2030-04-14 15:00:00;85.245900248132;0.0;0.0;0.0;0.0;0.0;0.0;0.0
2030-04-14 16:00:00;85.26221073378201;0.0;0.0;0.0;0.0;0.0;0.0;0.0
2030-04-14 17:00:00;85.3040153457462;0.0;0.0;0.0;0.0;0.0;0.0;0.0
2030-04-14 18:00:00;85.33976056364637;0.0;0.0;0.0;0.0;0.0;0.0;0.0
2030-04-14 19:00:00;85.39915413585616;0.0;0.0;0.0;0.0;0.0;0.0;0.0
2030-04-14 20:00:00;85.51179555834513;0.0;0.0;0.0;0.0;0.0;0.0;0.0
2030-04-14 21:00:00;85.55232306599731;0.0;0.0;0.0;0.0;0.0;0.0;0.0
2030-04-14 22:00:00;85.54395474407305;0.0;0.0;0.0;0.0;0.0;0.0;0.0
2030-04-14 23:00:00;85.52839380355039;0.0;0.0;0.0;0.0;0.0;0.0;0.0
2030-04-15 00:00:00;85.53015461797199;0.0;0.0;0.0;0.0;0.0;0.0;0.0
2030-04-15 01:00:00;85.51811804685968;0.0;0.0;0.0;0.0;0.0;0.0;0.0
2030-04-15 02:00:00;85.5515611883176;0.0;0.0;0.0;0.0;0.0;0.0;0.0
2030-04-15 03:00:00;85.56669323007456;0.0;0.0;0.0;0.0;0.0;0.0;0.0
2030-04-15 04:00:00;85.60711248532262;0.0;0.0;0.0;0.0;0.0;0.0;0.0
2030-04-15 05:00:00;85.7888148307952;0.0;0.0;0.0;0.0;0.0;0.0;0.0
2030-04-15 06:00:00;85.9231012529756;0.0;0.0;0.0;0.0;0.0;0.0;0.0
2030-04-15 07:00:00;85.93685753000159;0.0;0.0;0.0;0.0;0.0;0.0;0.0
2030-04-15 08:00:00;85.8370515539617;0.0;0.0;0.0;0.0;0.0;0.0;0.0
2030-04-15 09:00:00;79.41196853622226;0.0;0.0;0.0;0.0;0.0;0.0;0.0
2030-04-15 10:00:00;79.38628942162252;0.0;0.0;0.0;0.0;0.0;0.0;0.0
2030-04-15 11:00:00;79.37513531314643;0.0;0.0;0.0;0.0;0.0;0.0;0.0
2030-04-15 12:00:00;79.35147462628443;0.0;0.0;0.0;0.0;0.0;0.0;0.0
2030-04-15 13:00:00;79.33160414385056;0.0;0.0;0.0;0.0;0.0;0.0;0.0
2030-04-15 14:00:00;79.33298813028308;0.0;0.0;0.0;0.0;0.0;0.0;0.0
2030-04-15 15:00:00;79.3241936501603;0.0;0.0;0.0;0.0;0.0;0.0;0.0
2030-04-15 16:00:00;79.369637735357;0.0;0.0;0.0;0.0;0.0;0.0;0.0
2030-04-15 17:00:00;79.40840853943838;0.0;0.0;0.0;0.0;0.0;0.0;0.0
2030-04-15 18:00:00;79.42264852657395;0.0;0.0;0.0;0.0;0.0;0.0;0.0
2030-04-15 19:00:00;79.41878021598082;0.0;0.0;0.0;0.0;0.0;0.0;0.0
2030-04-15 20:00:00;79.41830198700562;0.0;0.0;0.0;0.0;0.0;0.0;0.0
2030-04-15 21:00:00;79.4191844496418;0.0;0.0;0.0;0.0;0.0;0.0;0.0
2030-04-15 22:00:00;79.41445286038285;0.0;0.0;0.0;0.0;0.0;0.0;0.0
2030-04-15 23:00:00;79.37696601203143;0.0;0.0;0.0;0.0;0.0;0.0;0.0
2030-04-16 00:00:00;79.3528819075381;0.0;0.0;0.0;0.0;0.0;0.0;0.0
2030-04-16 01:00:00;79.37648093163827;0.0;0.0;0.0;0.0;0.0;0.0;0.0
2030-04-16 02:00:00;79.3945645642622;0.0;0.0;0.0;0.0;0.0;0.0;0.0
2030-04-16 03:00:00;79.4111559580495;0.0;0.0;0.0;0.0;0.0;0.0;0.0
2030-04-16 04:00:00;79.42004498774045;0.0;0.0;0.0;0.0;0.0;0.0;0.0
2030-04-16 05:00:00;79.45101613759016;0.0;0.0;0.0;0.0;0.0;0.0;0.0
2030-04-16 06:00:00;79.41592043411478;0.0;0.0;0.0;0.0;0.0;0.0;0.0
2030-04-16 07:00:00;79.43880828102832;0.0;0.0;0.0;0.0;0.0;0.0;0.0
2030-04-16 08:00:00;79.44987743192141;0.0;0.0;0.0;0.0;0.0;0.0;0.0
2030-04-16 09:00:00;79.4386506984147;0.0;0.0;0.0;0.0;0.0;0.0;0.0
2030-04-16 10:00:00;79.42102885136279;0.0;0.0;0.0;0.0;0.0;0.0;0.0
2030-04-16 11:00:00;79.39858086548378;0.0;0.0;0.0;0.0;0.0;0.0;0.0
2030-04-16 12:00:00;79.397527117398;0.0;0.0;0.0;0.0;0.0;0.0;0.0
2030-04-16 13:00:00;79.39526614946365;0.0;0.0;0.0;0.0;0.0;0.0;0.0
2030-04-16 14:00:00;79.39172807721732;0.0;0.0;0.0;0.0;0.0;0.0;0.0
2030-04-16 15:00:00;79.44071708607834;0.0;0.0;0.0;0.0;0.0;0.0;0.0
2030-04-16 16:00:00;79.4660700731821;0.0;0.0;0.0;0.0;0.0;0.0;0.0
2030-04-16 17:00:00;79.52448526290394;0.0;0.0;0.0;0.0;0.0;0.0;0.0
2030-04-16 18:00:00;79.55834085972442;0.0;0.0;0.0;0.0;0.0;0.0;0.0
2030-04-16 19:00:00;79.56756971974734;0.0;0.0;0.0;0.0;0.0;0.0;0.0
2030-04-16 20:00:00;79.55330232693984;0.0;0.0;0.0;0.0;0.0;0.0;0.0
2030-04-16 21:00:00;79.54606448898276;0.0;0.0;0.0;0.0;0.0;0.0;0.0
2030-04-16 22:00:00;79.50843513113729;0.0;0.0;0.0;0.0;0.0;0.0;0.0
2030-04-16 23:00:00;79.48170911986976;0.0;0.0;0.0;0.0;0.0;0.0;0.0
2030-04-17 00:00:00;79.44355905425763;0.0;0.0;0.0;0.0;0.0;0.0;0.0
2030-04-17 01:00:00;79.44707246139924;0.0;0.0;0.0;0.0;0.0;0.0;0.0
2030-04-17 02:00:00;79.44228743108;0.0;0.0;0.0;0.0;0.0;0.0;0.0
2030-04-17 03:00:00;79.45102847014253;0.0;0.0;0.0;0.0;0.0;0.0;0.0
2030-04-17 04:00:00;79.4735477107686;0.0;0.0;0.0;0.0;0.0;0.0;0.0
2030-04-17 05:00:00;79.51332156244268;0.0;0.0;0.0;0.0;0.0;0.0;0.0
2030-04-17 06:00:00;79.48382072689208;0.0;0.0;0.0;0.0;0.0;0.0;0.0
2030-04-17 07:00:00;79.54166450835417;0.0;0.0;0.0;0.0;0.0;0.0;0.0
2030-04-17 08:00:00;79.55442595948902;0.0;0.0;0.0;0.0;0.0;0.0;0.0
2030-04-17 09:00:00;79.54285254423239;0.0;0.0;0.0;0.0;0.0;0.0;0.0
2030-04-17 10:00:00;79.5139066735384;0.0;0.0;0.0;0.0;0.0;0.0;0.0
2030-04-17 11:00:00;79.44959789406771;0.0;0.0;0.0;0.0;0.0;0.0;0.0
2030-04-17 12:00:00;79.4803018386161;0.0;0.0;0.0;0.0;0.0;0.0;0.0
2030-04-17 13:00:00;79.50150012585505;0.0;0.0;0.0;0.0;0.0;0.0;0.0
2030-04-17 14:00:00;79.4863338270082;0.0;0.0;0.0;0.0;0.0;0.0;0.0
2030-04-17 15:00:00;79.5043982756618;0.0;0.0;0.0;0.0;0.0;0.0;0.0
2030-04-17 16:00:00;79.48052108399155;0.0;0.0;0.0;0.0;0.0;0.0;0.0
2030-04-17 17:00:00;79.48675313378874;0.0;0.0;0.0;0.0;0.0;0.0;0.0
2030-04-17 18:00:00;79.48200236055943;0.0;0.0;0.0;0.0;0.0;0.0;0.0
2030-04-17 19:00:00;79.48112537905763;0.0;0.0;0.0;0.0;0.0;0.0;0.0
2030-04-17 20:00:00;84.90655362629191;0.0;0.0;0.0;0.0;0.0;0.0;0.0
2030-04-17 21:00:00;79.48279986561263;0.0;0.0;0.0;0.0;0.0;0.0;0.0
2030-04-17 22:00:00;83.39079798254127;0.0;0.0;0.0;0.0;0.0;0.0;0.0
2030-04-17 23:00:00;79.40351525671501;0.0;0.0;0.0;0.0;0.0;0.0;0.0
2030-04-18 00:00:00;79.37033246914044;0.0;0.0;0.0;0.0;0.0;0.0;0.0
2030-04-18 01:00:00;79.30569619189018;0.0;0.0;0.0;0.0;0.0;0.0;0.0
2030-04-18 02:00:00;79.26854643330353;0.0;0.0;0.0;0.0;0.0;0.0;0.0
2030-04-18 03:00:00;79.30107285503534;0.0;0.0;0.0;0.0;0.0;0.0;0.0
2030-04-18 04:00:00;79.30819695945392;0.0;0.0;0.0;0.0;0.0;0.0;0.0
2030-04-18 05:00:00;79.28895817775805;0.0;0.0;0.0;0.0;0.0;0.0;0.0
2030-04-18 06:00:00;79.33528472559092;0.0;0.0;0.0;0.0;0.0;0.0;0.0
2030-04-18 07:00:00;79.34926024799236;0.0;0.0;0.0;0.0;0.0;0.0;0.0
2030-04-18 08:00:00;79.35721611455406;0.0;0.0;0.0;0.0;0.0;0.0;0.0
2030-04-18 09:00:00;79.3473267778376;0.0;0.0;0.0;0.0;0.0;0.0;0.0
2030-04-18 10:00:00;79.3300255771473;0.0;0.0;0.0;0.0;0.0;0.0;0.0
2030-04-18 11:00:00;79.313519140943;0.0;0.0;0.0;0.0;0.0;0.0;0.0
2030-04-18 12:00:00;79.29730594542836;0.0;0.0;0.0;0.0;0.0;0.0;0.0
2030-04-18 13:00:00;79.29129040043942;0.0;0.0;0.0;0.0;0.0;0.0;0.0
2030-04-18 14:00:00;79.28630256814787;0.0;0.0;0.0;0.0;0.0;0.0;0.0
2030-04-18 15:00:00;79.31204608607669;0.0;0.0;0.0;0.0;0.0;0.0;0.0
2030-04-18 16:00:00;79.29544647058782;0.0;0.0;0.0;0.0;0.0;0.0;0.0
2030-04-18 17:00:00;79.29580685517371;0.0;0.0;0.0;0.0;0.0;0.0;0.0
2030-04-18 18:00:00;79.2980089009134;0.0;0.0;0.0;0.0;0.0;0.0;0.0
2030-04-18 19:00:00;79.30087279363025;0.0;0.0;0.0;0.0;0.0;0.0;0.0
2030-04-18 20:00:00;79.32031711786559;0.0;0.0;0.0;0.0;0.0;0.0;0.0
2030-04-18 21:00:00;79.33698798810147;0.0;0.0;0.0;0.0;0.0;0.0;0.0
2030-04-18 22:00:00;79.32716168443048;0.0;0.0;0.0;0.0;0.0;0.0;0.0
2030-04-18 23:00:00;79.3332525950172;0.0;0.0;0.0;0.0;0.0;0.0;0.0
2030-04-19 00:00:00;79.31750118507463;0.0;0.0;0.0;0.0;0.0;0.0;0.0
2030-04-19 01:00:00;79.26595111617164;0.0;0.0;0.0;0.0;0.0;0.0;0.0
2030-04-19 02:00:00;79.24932272472722;0.0;0.0;0.0;0.0;0.0;0.0;0.0
2030-04-19 03:00:00;79.25634268759245;0.0;0.0;0.0;0.0;0.0;0.0;0.0
2030-04-19 04:00:00;79.24131067653806;0.0;0.0;0.0;0.0;0.0;0.0;0.0
2030-04-19 05:00:00;79.26782977498252;0.0;0.0;0.0;0.0;0.0;0.0;0.0
2030-04-19 06:00:00;79.31409877090437;0.0;0.0;0.0;0.0;0.0;0.0;0.0
2030-04-19 07:00:00;79.35291890519521;0.0;0.0;0.0;0.0;0.0;0.0;0.0
2030-04-19 08:00:00;79.34608804146632;0.0;0.0;0.0;0.0;0.0;0.0;0.0
2030-04-19 09:00:00;79.3399724657748;0.0;0.0;0.0;0.0;0.0;0.0;0.0
2030-04-19 10:00:00;79.31137875796516;0.0;0.0;0.0;0.0;0.0;0.0;0.0
2030-04-19 11:00:00;79.32110092008284;0.0;0.0;0.0;0.0;0.0;0.0;0.0
2030-04-19 12:00:00;79.30204301582172;0.0;0.0;0.0;0.0;0.0;0.0;0.0
2030-04-19 13:00:00;79.29291144593417;0.0;0.0;0.0;0.0;0.0;0.0;0.0
2030-04-19 14:00:00;79.3058852910265;0.0;0.0;0.0;0.0;0.0;0.0;0.0
2030-04-19 15:00:00;79.27972383660075;0.0;0.0;0.0;0.0;0.0;0.0;0.0
2030-04-19 16:00:00;79.26176901063488;0.0;0.0;0.0;0.0;0.0;0.0;0.0
2030-04-19 17:00:00;79.30958642702085;0.0;0.0;0.0;0.0;0.0;0.0;0.0
2030-04-19 18:00:00;79.30792975415258;0.0;0.0;0.0;0.0;0.0;0.0;0.0
2030-04-19 19:00:00;79.2952107818092;0.0;0.0;0.0;0.0;0.0;0.0;0.0
2030-04-19 20:00:00;79.29217149279201;0.0;0.0;0.0;0.0;0.0;0.0;0.0
2030-04-19 21:00:00;79.29174807516065;0.0;0.0;0.0;0.0;0.0;0.0;0.0
2030-04-19 22:00:00;79.27908528444476;0.0;0.0;0.0;0.0;0.0;0.0;0.0
2030-04-19 23:00:00;79.26692538780877;0.0;0.0;0.0;0.0;0.0;0.0;0.0
2030-04-20 00:00:00;79.23507999702446;0.0;0.0;0.0;0.0;0.0;0.0;0.0
2030-04-20 01:00:00;79.20655754396182;0.0;0.0;0.0;0.0;0.0;0.0;0.0
2030-04-20 02:00:00;79.20435549822214;0.0;0.0;0.0;0.0;0.0;0.0;0.0
2030-04-20 03:00:00;79.20208219773542;0.0;0.0;0.0;0.0;0.0;0.0;0.0
2030-04-20 04:00:00;79.20006102943049;0.0;0.0;0.0;0.0;0.0;0.0;0.0
2030-04-20 05:00:00;79.22846015696942;0.0;0.0;0.0;0.0;0.0;0.0;0.0
2030-04-20 06:00:00;79.20655480339462;0.0;0.0;0.0;0.0;0.0;0.0;0.0
2030-04-20 07:00:00;79.2215977767178;0.0;0.0;0.0;0.0;0.0;0.0;0.0
2030-04-20 08:00:00;79.21446819116483;0.0;0.0;0.0;0.0;0.0;0.0;0.0
2030-04-20 09:00:00;79.22359565020159;0.0;0.0;0.0;0.0;0.0;0.0;0.0
2030-04-20 10:00:00;79.20214111993008;0.0;0.0;0.0;0.0;0.0;0.0;0.0
2030-04-20 11:00:00;79.1684801033803;0.0;0.0;0.0;0.0;0.0;0.0;0.0
2030-04-20 12:00:00;79.15214084177478;0.0;0.0;0.0;0.0;0.0;0.0;0.0
2030-04-20 13:00:00;79.13740344169366;0.0;0.0;0.0;0.0;0.0;0.0;0.0
2030-04-20 14:00:00;79.14464676078512;0.0;0.0;0.0;0.0;0.0;0.0;0.0
2030-04-20 15:00:00;79.17940811506294;0.0;0.0;0.0;0.0;0.0;0.0;0.0
2030-04-20 16:00:00;79.19286704054849;0.0;0.0;0.0;0.0;0.0;0.0;0.0
2030-04-20 17:00:00;79.20746741226995;0.0;0.0;0.0;0.0;0.0;0.0;0.0
2030-04-20 18:00:00;79.2167949327118;0.0;0.0;0.0;0.0;0.0;0.0;0.0
2030-04-20 19:00:00;85.30317262133431;0.0;0.0;0.0;0.0;0.0;0.0;0.0
2030-04-20 20:00:00;85.29838348016429;0.0;0.0;0.0;0.0;0.0;0.0;0.0
2030-04-20 21:00:00;85.28999871483687;0.0;0.0;0.0;0.0;0.0;0.0;0.0
2030-04-20 22:00:00;85.29179926748276;0.0;0.0;0.0;0.0;0.0;0.0;0.0
2030-04-20 23:00:00;85.29404516229755;0.0;0.0;0.0;0.0;0.0;0.0;0.0
2030-04-21 00:00:00;85.27024196594151;0.0;0.0;0.0;0.0;0.0;0.0;0.0
2030-04-21 01:00:00;85.20401204886842;0.0;0.0;0.0;0.0;0.0;0.0;0.0
2030-04-21 02:00:00;85.2044998698288;0.0;0.0;0.0;0.0;0.0;0.0;0.0
2030-04-21 03:00:00;85.21789576226888;0.0;0.0;0.0;0.0;0.0;0.0;0.0
2030-04-21 04:00:00;85.23734419735501;0.0;0.0;0.0;0.0;0.0;0.0;0.0
2030-04-21 05:00:00;85.23033793732574;0.0;0.0;0.0;0.0;0.0;0.0;0.0
2030-04-21 06:00:00;85.21022628497887;0.0;0.0;0.0;0.0;0.0;0.0;0.0
2030-04-21 07:00:00;85.19933801152052;0.0;0.0;0.0;0.0;0.0;0.0;0.0
2030-04-21 08:00:00;85.18622713806852;0.0;0.0;0.0;0.0;0.0;0.0;0.0
2030-04-21 09:00:00;79.13137693443593;0.0;0.0;0.0;0.0;0.0;0.0;0.0
2030-04-21 10:00:00;79.11786730845733;0.0;0.0;0.0;0.0;0.0;0.0;0.0
2030-04-21 11:00:00;79.11483624114172;0.0;0.0;0.0;0.0;0.0;0.0;0.0
2030-04-21 12:00:00;79.10062502996168;0.0;0.0;0.0;0.0;0.0;0.0;0.0
2030-04-21 13:00:00;79.06627750133003;0.0;0.0;0.0;0.0;0.0;0.0;0.0
2030-04-21 14:00:00;79.08862956735729;0.0;0.0;0.0;0.0;0.0;0.0;0.0
2030-04-21 15:00:00;79.14176231381435;0.0;0.0;0.0;0.0;0.0;0.0;0.0
2030-04-21 16:00:00;79.14521131762692;0.0;0.0;0.0;0.0;0.0;0.0;0.0
2030-04-21 17:00:00;85.29158961409249;0.0;0.0;0.0;0.0;0.0;0.0;0.0
2030-04-21 18:00:00;85.36077660316697;0.0;0.0;0.0;0.0;0.0;0.0;0.0
2030-04-21 19:00:00;85.34593232096532;0.0;0.0;0.0;0.0;0.0;0.0;0.0
2030-04-21 20:00:00;85.3612507212914;0.0;0.0;0.0;0.0;0.0;0.0;0.0
2030-04-21 21:00:00;85.3558559147717;0.0;0.0;0.0;0.0;0.0;0.0;0.0
2030-04-21 22:00:00;85.35132164635064;0.0;0.0;0.0;0.0;0.0;0.0;0.0
2030-04-21 23:00:00;85.342387397301;0.0;0.0;0.0;0.0;0.0;0.0;0.0
2030-04-22 00:00:00;85.21312032393485;0.0;0.0;0.0;0.0;0.0;0.0;0.0
2030-04-22 01:00:00;85.137677990242;0.0;0.0;0.0;0.0;0.0;0.0;0.0
2030-04-22 02:00:00;85.07936831235709;0.0;0.0;0.0;0.0;0.0;0.0;0.0
2030-04-22 03:00:00;85.10604225284794;0.0;0.0;0.0;0.0;0.0;0.0;0.0
2030-04-22 04:00:00;85.00380265314057;0.0;0.0;0.0;0.0;0.0;0.0;0.0
2030-04-22 05:00:00;85.000666073988;0.0;0.0;0.0;0.0;0.0;0.0;0.0
2030-04-22 06:00:00;85.07062316244378;0.0;0.0;0.0;0.0;0.0;0.0;0.0
2030-04-22 07:00:00;85.05560896507613;0.0;0.0;0.0;0.0;0.0;0.0;0.0
2030-04-22 08:00:00;85.04373682799545;0.0;0.0;0.0;0.0;0.0;0.0;0.0
2030-04-22 09:00:00;79.51417524912333;0.0;0.0;0.0;0.0;0.0;0.0;0.0
2030-04-22 10:00:00;79.18248166117007;0.0;0.0;0.0;0.0;0.0;0.0;0.0
2030-04-22 11:00:00;79.1976575520021;0.0;0.0;0.0;0.0;0.0;0.0;0.0
2030-04-22 12:00:00;79.17653463036093;0.0;0.0;0.0;0.0;0.0;0.0;0.0
2030-04-22 13:00:00;79.10315457348096;0.0;0.0;0.0;0.0;0.0;0.0;0.0
2030-04-22 14:00:00;79.08731409510459;0.0;0.0;0.0;0.0;0.0;0.0;0.0
2030-04-22 15:00:00;79.08842950595219;0.0;0.0;0.0;0.0;0.0;0.0;0.0
2030-04-22 16:00:00;79.09674712738338;0.0;0.0;0.0;0.0;0.0;0.0;0.0
2030-04-22 17:00:00;85.1557876582543;0.0;0.0;0.0;0.0;0.0;0.0;0.0
2030-04-22 18:00:00;85.23805948539243;0.0;0.0;0.0;0.0;0.0;0.0;0.0
2030-04-22 19:00:00;85.2698829516392;0.0;0.0;0.0;0.0;0.0;0.0;0.0
2030-04-22 20:00:00;85.31185062735139;0.0;0.0;0.0;0.0;0.0;0.0;0.0
2030-04-22 21:00:00;85.33758455329502;0.0;0.0;0.0;0.0;0.0;0.0;0.0
2030-04-22 22:00:00;85.28861198783716;0.0;0.0;0.0;0.0;0.0;0.0;0.0
2030-04-22 23:00:00;85.29511809435368;0.0;0.0;0.0;0.0;0.0;0.0;0.0
2030-04-23 00:00:00;79.18436306054815;0.0;0.0;0.0;0.0;0.0;0.0;0.0
2030-04-23 01:00:00;83.5631961023931;0.0;0.0;0.0;0.0;0.0;0.0;0.0
2030-04-23 02:00:00;85.07547533665924;0.0;0.0;0.0;0.0;0.0;0.0;0.0
2030-04-23 03:00:00;85.26430315683396;0.0;0.0;0.0;0.0;0.0;0.0;0.0
2030-04-23 04:00:00;85.29036595084077;0.0;0.0;0.0;0.0;0.0;0.0;0.0
2030-04-23 05:00:00;85.33278444985622;0.0;0.0;0.0;0.0;0.0;0.0;0.0
2030-04-23 06:00:00;85.5524505023718;0.0;0.0;0.0;0.0;0.0;0.0;0.0
2030-04-23 07:00:00;85.62269946123362;0.0;0.0;0.0;0.0;0.0;0.0;0.0
2030-04-23 08:00:00;81.69655056778484;0.0;0.0;0.0;0.0;0.0;0.0;0.0
2030-04-23 09:00:00;79.35383288435412;0.0;0.0;0.0;0.0;0.0;0.0;0.0
2030-04-23 10:00:00;79.37028313893097;0.0;0.0;0.0;0.0;0.0;0.0;0.0
2030-04-23 11:00:00;79.3560417815118;0.0;0.0;0.0;0.0;0.0;0.0;0.0
2030-04-23 12:00:00;79.35054420372235;0.0;0.0;0.0;0.0;0.0;0.0;0.0
2030-04-23 13:00:00;79.3211118823516;0.0;0.0;0.0;0.0;0.0;0.0;0.0
2030-04-23 14:00:00;79.32761524830093;0.0;0.0;0.0;0.0;0.0;0.0;0.0
2030-04-23 15:00:00;79.35003445822444;0.0;0.0;0.0;0.0;0.0;0.0;0.0
2030-04-23 16:00:00;79.3630713363622;0.0;0.0;0.0;0.0;0.0;0.0;0.0
2030-04-23 17:00:00;79.37710441067469;0.0;0.0;0.0;0.0;0.0;0.0;0.0
2030-04-23 18:00:00;85.75384519341068;0.0;0.0;0.0;0.0;0.0;0.0;0.0
2030-04-23 19:00:00;85.76354406070722;0.0;0.0;0.0;0.0;0.0;0.0;0.0
2030-04-23 20:00:00;85.70371336803012;0.0;0.0;0.0;0.0;0.0;0.0;0.0
2030-04-23 21:00:00;85.77744010666004;0.0;0.0;0.0;0.0;0.0;0.0;0.0
2030-04-23 22:00:00;85.74493012833139;0.0;0.0;0.0;0.0;0.0;0.0;0.0
2030-04-23 23:00:00;85.669068487858;0.0;0.0;0.0;0.0;0.0;0.0;0.0
2030-04-24 00:00:00;85.61642356236132;0.0;0.0;0.0;0.0;0.0;0.0;0.0
2030-04-24 01:00:00;85.60363333527093;0.0;0.0;0.0;0.0;0.0;0.0;0.0
2030-04-24 02:00:00;85.60479944661161;0.0;0.0;0.0;0.0;0.0;0.0;0.0
2030-04-24 03:00:00;85.6044815408172;0.0;0.0;0.0;0.0;0.0;0.0;0.0
2030-04-24 04:00:00;85.58696109475144;0.0;0.0;0.0;0.0;0.0;0.0;0.0
2030-04-24 05:00:00;85.60661781294426;0.0;0.0;0.0;0.0;0.0;0.0;0.0
2030-04-24 06:00:00;85.60447605968281;0.0;0.0;0.0;0.0;0.0;0.0;0.0
2030-04-24 07:00:00;85.64654650666476;0.0;0.0;0.0;0.0;0.0;0.0;0.0
2030-04-24 08:00:00;79.37567931573426;0.0;0.0;0.0;0.0;0.0;0.0;0.0
2030-04-24 09:00:00;79.36773852229213;0.0;0.0;0.0;0.0;0.0;0.0;0.0
2030-04-24 10:00:00;79.37969698723941;0.0;0.0;0.0;0.0;0.0;0.0;0.0
2030-04-24 11:00:00;79.35002212567207;0.0;0.0;0.0;0.0;0.0;0.0;0.0
2030-04-24 12:00:00;79.31664886867756;0.0;0.0;0.0;0.0;0.0;0.0;0.0
2030-04-24 13:00:00;79.310234571162;0.0;0.0;0.0;0.0;0.0;0.0;0.0
2030-04-24 14:00:00;79.29925859955348;0.0;0.0;0.0;0.0;0.0;0.0;0.0
2030-04-24 15:00:00;79.3098029318291;0.0;0.0;0.0;0.0;0.0;0.0;0.0
2030-04-24 16:00:00;79.35897555869207;0.0;0.0;0.0;0.0;0.0;0.0;0.0
2030-04-24 17:00:00;85.74431213042934;0.0;0.0;0.0;0.0;0.0;0.0;0.0
2030-04-24 18:00:00;85.7554415738007;0.0;0.0;0.0;0.0;0.0;0.0;0.0
2030-04-24 19:00:00;85.76670393468092;0.0;0.0;0.0;0.0;0.0;0.0;0.0
2030-04-24 20:00:00;85.75722842361061;0.0;0.0;0.0;0.0;0.0;0.0;0.0
2030-04-24 21:00:00;85.72305081014493;0.0;0.0;0.0;0.0;0.0;0.0;0.0
2030-04-24 22:00:00;85.64682056338407;0.0;0.0;0.0;0.0;0.0;0.0;0.0
2030-04-24 23:00:00;85.63683804738305;0.0;0.0;0.0;0.0;0.0;0.0;0.0
2030-04-25 00:00:00;85.49854765653347;0.0;0.0;0.0;0.0;0.0;0.0;0.0
2030-04-25 01:00:00;85.42303680866081;0.0;0.0;0.0;0.0;0.0;0.0;0.0
2030-04-25 02:00:00;85.4480540762834;0.0;0.0;0.0;0.0;0.0;0.0;0.0
2030-04-25 03:00:00;85.39259047742857;0.0;0.0;0.0;0.0;0.0;0.0;0.0
2030-04-25 04:00:00;85.3183279579124;0.0;0.0;0.0;0.0;0.0;0.0;0.0
2030-04-25 05:00:00;85.50507705787112;0.0;0.0;0.0;0.0;0.0;0.0;0.0
2030-04-25 06:00:00;85.59806176216728;0.0;0.0;0.0;0.0;0.0;0.0;0.0
2030-04-25 07:00:00;85.64899657373543;0.0;0.0;0.0;0.0;0.0;0.0;0.0
2030-04-25 08:00:00;85.64618886264606;0.0;0.0;0.0;0.0;0.0;0.0;0.0
2030-04-25 09:00:00;85.55933754772816;0.0;0.0;0.0;0.0;0.0;0.0;0.0
2030-04-25 10:00:00;85.31676035347795;0.0;0.0;0.0;0.0;0.0;0.0;0.0
2030-04-25 11:00:00;79.33544641905533;0.0;0.0;0.0;0.0;0.0;0.0;0.0
2030-04-25 12:00:00;83.53944634709734;0.0;0.0;0.0;0.0;0.0;0.0;0.0
2030-04-25 13:00:00;79.34957404293598;0.0;0.0;0.0;0.0;0.0;0.0;0.0
2030-04-25 14:00:00;79.71776376420034;0.0;0.0;0.0;0.0;0.0;0.0;0.0
2030-04-25 15:00:00;79.4363335488529;0.0;0.0;0.0;0.0;0.0;0.0;0.0
2030-04-25 16:00:00;85.83428221081303;0.0;0.0;0.0;0.0;0.0;0.0;0.0
2030-04-25 17:00:00;85.83700222375222;0.0;0.0;0.0;0.0;0.0;0.0;0.0
2030-04-25 18:00:00;85.91833540662671;0.0;0.0;0.0;0.0;0.0;0.0;0.0
2030-04-25 19:00:00;85.90490662738031;0.0;0.0;0.0;0.0;0.0;0.0;0.0
2030-04-25 20:00:00;85.92115407998486;0.0;0.0;0.0;0.0;0.0;0.0;0.0
2030-04-25 21:00:00;85.90275528213368;0.0;0.0;0.0;0.0;0.0;0.0;0.0
2030-04-25 22:00:00;85.86329111455245;0.0;0.0;0.0;0.0;0.0;0.0;0.0
2030-04-25 23:00:00;85.68790714674368;0.0;0.0;0.0;0.0;0.0;0.0;0.0
2030-04-26 00:00:00;85.58204862805773;0.0;0.0;0.0;0.0;0.0;0.0;0.0
2030-04-26 01:00:00;85.56887883241109;0.0;0.0;0.0;0.0;0.0;0.0;0.0
2030-04-26 02:00:00;85.58619373593736;0.0;0.0;0.0;0.0;0.0;0.0;0.0
2030-04-26 03:00:00;85.61332261058229;0.0;0.0;0.0;0.0;0.0;0.0;0.0
2030-04-26 04:00:00;85.64354558558827;0.0;0.0;0.0;0.0;0.0;0.0;0.0
2030-04-26 05:00:00;85.70859020735033;0.0;0.0;0.0;0.0;0.0;0.0;0.0
2030-04-26 06:00:00;85.80482248377032;0.0;0.0;0.0;0.0;0.0;0.0;0.0
2030-04-26 07:00:00;79.44422227151836;0.0;0.0;0.0;0.0;0.0;0.0;0.0
2030-04-26 08:00:00;79.45146559060983;0.0;0.0;0.0;0.0;0.0;0.0;0.0
2030-04-26 09:00:00;79.4551626157534;0.0;0.0;0.0;0.0;0.0;0.0;0.0
2030-04-26 10:00:00;79.4458405764459;0.0;0.0;0.0;0.0;0.0;0.0;0.0
2030-04-26 11:00:00;79.52213111568503;0.0;0.0;0.0;0.0;0.0;0.0;0.0
2030-04-26 12:00:00;79.52174880656158;0.0;0.0;0.0;0.0;0.0;0.0;0.0
2030-04-26 13:00:00;79.54646735236014;0.0;0.0;0.0;0.0;0.0;0.0;0.0
2030-04-26 14:00:00;79.53344965819271;0.0;0.0;0.0;0.0;0.0;0.0;0.0
2030-04-26 15:00:00;79.50930800178833;0.0;0.0;0.0;0.0;0.0;0.0;0.0
2030-04-26 16:00:00;79.48940600283171;0.0;0.0;0.0;0.0;0.0;0.0;0.0
2030-04-26 17:00:00;79.4831438067954;0.0;0.0;0.0;0.0;0.0;0.0;0.0
2030-04-26 18:00:00;79.49302903266104;0.0;0.0;0.0;0.0;0.0;0.0;0.0
2030-04-26 19:00:00;79.49761674214236;0.0;0.0;0.0;0.0;0.0;0.0;0.0
2030-04-26 20:00:00;79.5302144186212;0.0;0.0;0.0;0.0;0.0;0.0;0.0
2030-04-26 21:00:00;79.49703026076304;0.0;0.0;0.0;0.0;0.0;0.0;0.0
2030-04-26 22:00:00;79.42700191756025;0.0;0.0;0.0;0.0;0.0;0.0;0.0
2030-04-26 23:00:00;79.34796258942642;0.0;0.0;0.0;0.0;0.0;0.0;0.0
2030-04-27 00:00:00;79.20591214038784;0.0;0.0;0.0;0.0;0.0;0.0;0.0
2030-04-27 01:00:00;79.11046092561787;0.0;0.0;0.0;0.0;0.0;0.0;0.0
2030-04-27 02:00:00;79.0536955573463;0.0;0.0;0.0;0.0;0.0;0.0;0.0
2030-04-27 03:00:00;79.05518642589938;0.0;0.0;0.0;0.0;0.0;0.0;0.0
2030-04-27 04:00:00;79.05111120248316;0.0;0.0;0.0;0.0;0.0;0.0;0.0
2030-04-27 05:00:00;79.05620317632804;0.0;0.0;0.0;0.0;0.0;0.0;0.0
2030-04-27 06:00:00;79.06832881587408;0.0;0.0;0.0;0.0;0.0;0.0;0.0
2030-04-27 07:00:00;79.08837195404112;0.0;0.0;0.0;0.0;0.0;0.0;0.0
2030-04-27 08:00:00;79.08850487155001;0.0;0.0;0.0;0.0;0.0;0.0;0.0
2030-04-27 09:00:00;79.08322242828523;0.0;0.0;0.0;0.0;0.0;0.0;0.0
2030-04-27 10:00:00;79.09263764687728;0.0;0.0;0.0;0.0;0.0;0.0;0.0
2030-04-27 11:00:00;79.09895876510825;0.0;0.0;0.0;0.0;0.0;0.0;0.0
2030-04-27 12:00:00;79.09960827953302;0.0;0.0;0.0;0.0;0.0;0.0;0.0
2030-04-27 13:00:00;79.07617780031526;0.0;0.0;0.0;0.0;0.0;0.0;0.0
2030-04-27 14:00:00;79.08060518661577;0.0;0.0;0.0;0.0;0.0;0.0;0.0
2030-04-27 15:00:00;79.08973401593613;0.0;0.0;0.0;0.0;0.0;0.0;0.0
2030-04-27 16:00:00;79.10111011035487;0.0;0.0;0.0;0.0;0.0;0.0;0.0
2030-04-27 17:00:00;79.10809444584659;0.0;0.0;0.0;0.0;0.0;0.0;0.0
2030-04-27 18:00:00;79.12522573137093;0.0;0.0;0.0;0.0;0.0;0.0;0.0
2030-04-27 19:00:00;79.18294070617492;0.0;0.0;0.0;0.0;0.0;0.0;0.0
2030-04-27 20:00:00;79.16505713495607;0.0;0.0;0.0;0.0;0.0;0.0;0.0
2030-04-27 21:00:00;79.1555295531091;0.0;0.0;0.0;0.0;0.0;0.0;0.0
2030-04-27 22:00:00;79.12642884036872;0.0;0.0;0.0;0.0;0.0;0.0;0.0
2030-04-27 23:00:00;79.13591805427497;0.0;0.0;0.0;0.0;0.0;0.0;0.0
2030-04-28 00:00:00;79.13707731419768;0.0;0.0;0.0;0.0;0.0;0.0;0.0
2030-04-28 01:00:00;79.12340051362028;0.0;0.0;0.0;0.0;0.0;0.0;0.0
2030-04-28 02:00:00;79.11405517949167;0.0;0.0;0.0;0.0;0.0;0.0;0.0
2030-04-28 03:00:00;79.08578896946159;0.0;0.0;0.0;0.0;0.0;0.0;0.0
2030-04-28 04:00:00;79.10919478357464;0.0;0.0;0.0;0.0;0.0;0.0;0.0
2030-04-28 05:00:00;79.1099251447316;0.0;0.0;0.0;0.0;0.0;0.0;0.0
2030-04-28 06:00:00;79.08927360064767;0.0;0.0;0.0;0.0;0.0;0.0;0.0
2030-04-28 07:00:00;79.09547824477295;0.0;0.0;0.0;0.0;0.0;0.0;0.0
2030-04-28 08:00:00;79.08433098771485;0.0;0.0;0.0;0.0;0.0;0.0;0.0
2030-04-28 09:00:00;79.10412062341652;0.0;0.0;0.0;0.0;0.0;0.0;0.0
2030-04-28 10:00:00;79.10417269419321;0.0;0.0;0.0;0.0;0.0;0.0;0.0
2030-04-28 11:00:00;79.10634459369376;0.0;0.0;0.0;0.0;0.0;0.0;0.0
2030-04-28 12:00:00;79.12274688834474;0.0;0.0;0.0;0.0;0.0;0.0;0.0
2030-04-28 13:00:00;79.13005187019806;0.0;0.0;0.0;0.0;0.0;0.0;0.0
2030-04-28 14:00:00;79.11602564730354;0.0;0.0;0.0;0.0;0.0;0.0;0.0
2030-04-28 15:00:00;79.11175858418382;0.0;0.0;0.0;0.0;0.0;0.0;0.0
2030-04-28 16:00:00;79.13186749596352;0.0;0.0;0.0;0.0;0.0;0.0;0.0
2030-04-28 17:00:00;85.25252693960503;0.0;0.0;0.0;0.0;0.0;0.0;0.0
2030-04-28 18:00:00;85.39247263303928;0.0;0.0;0.0;0.0;0.0;0.0;0.0
2030-04-28 19:00:00;85.56282354919783;0.0;0.0;0.0;0.0;0.0;0.0;0.0
2030-04-28 20:00:00;85.5683978628687;0.0;0.0;0.0;0.0;0.0;0.0;0.0
2030-04-28 21:00:00;85.615752123399;0.0;0.0;0.0;0.0;0.0;0.0;0.0
2030-04-28 22:00:00;85.61822137444003;0.0;0.0;0.0;0.0;0.0;0.0;0.0
2030-04-28 23:00:00;85.61476688949307;0.0;0.0;0.0;0.0;0.0;0.0;0.0
2030-04-29 00:00:00;85.54430553667378;0.0;0.0;0.0;0.0;0.0;0.0;0.0
2030-04-29 01:00:00;85.4503698555616;0.0;0.0;0.0;0.0;0.0;0.0;0.0
2030-04-29 02:00:00;85.44991218084036;0.0;0.0;0.0;0.0;0.0;0.0;0.0
2030-04-29 03:00:00;84.63040174335846;0.0;0.0;0.0;0.0;0.0;0.0;0.0
2030-04-29 04:00:00;79.34456291582332;0.0;0.0;0.0;0.0;0.0;0.0;0.0
2030-04-29 05:00:00;79.41261393979624;0.0;0.0;0.0;0.0;0.0;0.0;0.0
2030-04-29 06:00:00;79.46402698033961;0.0;0.0;0.0;0.0;0.0;0.0;0.0
2030-04-29 07:00:00;79.49709466409209;0.0;0.0;0.0;0.0;0.0;0.0;0.0
2030-04-29 08:00:00;79.45310856064212;0.0;0.0;0.0;0.0;0.0;0.0;0.0
2030-04-29 09:00:00;79.43716805156322;0.0;0.0;0.0;0.0;0.0;0.0;0.0
2030-04-29 10:00:00;79.50794868046052;0.0;0.0;0.0;0.0;0.0;0.0;0.0
2030-04-29 11:00:00;79.49829640280626;0.0;0.0;0.0;0.0;0.0;0.0;0.0
2030-04-29 12:00:00;79.49829229195548;0.0;0.0;0.0;0.0;0.0;0.0;0.0
2030-04-29 13:00:00;79.51184439672556;0.0;0.0;0.0;0.0;0.0;0.0;0.0
2030-04-29 14:00:00;79.48074306993419;0.0;0.0;0.0;0.0;0.0;0.0;0.0
2030-04-29 15:00:00;79.48485666129109;0.0;0.0;0.0;0.0;0.0;0.0;0.0
2030-04-29 16:00:00;79.48580352725634;0.0;0.0;0.0;0.0;0.0;0.0;0.0
2030-04-29 17:00:00;79.51823676970356;0.0;0.0;0.0;0.0;0.0;0.0;0.0
2030-04-29 18:00:00;79.61669986781882;0.0;0.0;0.0;0.0;0.0;0.0;0.0
2030-04-29 19:00:00;79.6901689931326;0.0;0.0;0.0;0.0;0.0;0.0;0.0
2030-04-29 20:00:00;79.66258381405001;0.0;0.0;0.0;0.0;0.0;0.0;0.0
2030-04-29 21:00:00;79.70544628495077;0.0;0.0;0.0;0.0;0.0;0.0;0.0
2030-04-29 22:00:00;79.65582694563531;0.0;0.0;0.0;0.0;0.0;0.0;0.0
2030-04-29 23:00:00;79.5375673604004;0.0;0.0;0.0;0.0;0.0;0.0;0.0
2030-04-30 00:00:00;79.48059644958936;0.0;0.0;0.0;0.0;0.0;0.0;0.0
2030-04-30 01:00:00;79.48061837412689;0.0;0.0;0.0;0.0;0.0;0.0;0.0
2030-04-30 02:00:00;79.50762666381532;0.0;0.0;0.0;0.0;0.0;0.0;0.0
2030-04-30 03:00:00;79.51072213445998;0.0;0.0;0.0;0.0;0.0;0.0;0.0
2030-04-30 04:00:00;79.5228231089013;0.0;0.0;0.0;0.0;0.0;0.0;0.0
2030-04-30 05:00:00;79.58559854102744;0.0;0.0;0.0;0.0;0.0;0.0;0.0
2030-04-30 06:00:00;79.78541055451228;0.0;0.0;0.0;0.0;0.0;0.0;0.0
2030-04-30 07:00:00;79.85319300290028;0.0;0.0;0.0;0.0;0.0;0.0;0.0
2030-04-30 08:00:00;79.87753883156057;0.0;0.0;0.0;0.0;0.0;0.0;0.0
2030-04-30 09:00:00;79.85748610140834;0.0;0.0;0.0;0.0;0.0;0.0;0.0
2030-04-30 10:00:00;79.89001115285657;0.0;0.0;0.0;0.0;0.0;0.0;0.0
2030-04-30 11:00:00;79.89098953534452;0.0;0.0;0.0;0.0;0.0;0.0;0.0
2030-04-30 12:00:00;79.85939079560757;0.0;0.0;0.0;0.0;0.0;0.0;0.0
2030-04-30 13:00:00;79.861858676365;0.0;0.0;0.0;0.0;0.0;0.0;0.0
2030-04-30 14:00:00;79.83076146042441;0.0;0.0;0.0;0.0;0.0;0.0;0.0
2030-04-30 15:00:00;79.79883796347508;0.0;0.0;0.0;0.0;0.0;0.0;0.0
2030-04-30 16:00:00;79.82696851542909;0.0;0.0;0.0;0.0;0.0;0.0;0.0
2030-04-30 17:00:00;79.8936328124023;0.0;0.0;0.0;0.0;0.0;0.0;0.0
2030-04-30 18:00:00;79.90021839536742;0.0;0.0;0.0;0.0;0.0;0.0;0.0
2030-04-30 19:00:00;79.90736579460713;0.0;0.0;0.0;0.0;0.0;0.0;0.0
2030-04-30 20:00:00;86.36365976182567;0.0;0.0;0.0;0.0;0.0;0.0;0.0
2030-04-30 21:00:00;86.30404420367324;0.0;0.0;0.0;0.0;0.0;0.0;0.0
2030-04-30 22:00:00;86.26972545099711;0.0;0.0;0.0;0.0;0.0;0.0;0.0
2030-04-30 23:00:00;86.21883859935483;0.0;0.0;0.0;0.0;0.0;0.0;0.0
2030-05-01 00:00:00;85.99996594104168;0.0;0.0;0.0;0.0;0.0;0.0;0.0
2030-05-01 01:00:00;85.59628039349172;0.0;0.0;0.0;0.0;0.0;0.0;0.0
2030-05-01 02:00:00;85.47222724921052;0.0;0.0;0.0;0.0;0.0;0.0;0.0
2030-05-01 03:00:00;85.39272613550465;0.0;0.0;0.0;0.0;0.0;0.0;0.0
2030-05-01 04:00:00;85.41518782421963;0.0;0.0;0.0;0.0;0.0;0.0;0.0
2030-05-01 05:00:00;85.36829534926136;0.0;0.0;0.0;0.0;0.0;0.0;0.0
2030-05-01 06:00:00;85.44445023042442;0.0;0.0;0.0;0.0;0.0;0.0;0.0
2030-05-01 07:00:00;85.59101028277931;0.0;0.0;0.0;0.0;0.0;0.0;0.0
2030-05-01 08:00:00;85.58276254581155;0.0;0.0;0.0;0.0;0.0;0.0;0.0
2030-05-01 09:00:00;79.32455951588058;0.0;0.0;0.0;0.0;0.0;0.0;0.0
2030-05-01 10:00:00;79.31510866991502;0.0;0.0;0.0;0.0;0.0;0.0;0.0
2030-05-01 11:00:00;79.32018968149112;0.0;0.0;0.0;0.0;0.0;0.0;0.0
2030-05-01 12:00:00;79.33004339083405;0.0;0.0;0.0;0.0;0.0;0.0;0.0
2030-05-01 13:00:00;79.3354601218913;0.0;0.0;0.0;0.0;0.0;0.0;0.0
2030-05-01 14:00:00;79.35503188250112;0.0;0.0;0.0;0.0;0.0;0.0;0.0
2030-05-01 15:00:00;79.3665121184732;0.0;0.0;0.0;0.0;0.0;0.0;0.0
2030-05-01 16:00:00;79.35885360345196;0.0;0.0;0.0;0.0;0.0;0.0;0.0
2030-05-01 17:00:00;79.36624080232109;0.0;0.0;0.0;0.0;0.0;0.0;0.0
2030-05-01 18:00:00;79.37709207812233;0.0;0.0;0.0;0.0;0.0;0.0;0.0
2030-05-01 19:00:00;79.38972609288271;0.0;0.0;0.0;0.0;0.0;0.0;0.0
2030-05-01 20:00:00;79.40900050195208;0.0;0.0;0.0;0.0;0.0;0.0;0.0
2030-05-01 21:00:00;79.44038958829876;0.0;0.0;0.0;0.0;0.0;0.0;0.0
2030-05-01 22:00:00;79.436696674006;0.0;0.0;0.0;0.0;0.0;0.0;0.0
2030-05-01 23:00:00;79.41673986370553;0.0;0.0;0.0;0.0;0.0;0.0;0.0
2030-05-02 00:00:00;79.39161982481319;0.0;0.0;0.0;0.0;0.0;0.0;0.0
2030-05-02 01:00:00;79.35276406314881;0.0;0.0;0.0;0.0;0.0;0.0;0.0
2030-05-02 02:00:00;79.35421382319397;0.0;0.0;0.0;0.0;0.0;0.0;0.0
2030-05-02 03:00:00;79.35667896338421;0.0;0.0;0.0;0.0;0.0;0.0;0.0
2030-05-02 04:00:00;79.34985769164047;0.0;0.0;0.0;0.0;0.0;0.0;0.0
2030-05-02 05:00:00;79.41385678701835;0.0;0.0;0.0;0.0;0.0;0.0;0.0
2030-05-02 06:00:00;79.54541908540877;0.0;0.0;0.0;0.0;0.0;0.0;0.0
2030-05-02 07:00:00;79.6630209345173;0.0;0.0;0.0;0.0;0.0;0.0;0.0
2030-05-02 08:00:00;79.7022315996332;0.0;0.0;0.0;0.0;0.0;0.0;0.0
2030-05-02 09:00:00;79.7068645284732;0.0;0.0;0.0;0.0;0.0;0.0;0.0
2030-05-02 10:00:00;79.6714577706214;0.0;0.0;0.0;0.0;0.0;0.0;0.0
2030-05-02 11:00:00;79.73717657191295;0.0;0.0;0.0;0.0;0.0;0.0;0.0
2030-05-02 12:00:00;79.78411015537912;0.0;0.0;0.0;0.0;0.0;0.0;0.0
2030-05-02 13:00:00;79.73296020928632;0.0;0.0;0.0;0.0;0.0;0.0;0.0
2030-05-02 14:00:00;79.72251042657886;0.0;0.0;0.0;0.0;0.0;0.0;0.0
2030-05-02 15:00:00;79.68251458896214;0.0;0.0;0.0;0.0;0.0;0.0;0.0
2030-05-02 16:00:00;79.6067927174156;0.0;0.0;0.0;0.0;0.0;0.0;0.0
2030-05-02 17:00:00;86.1194108215876;0.0;0.0;0.0;0.0;0.0;0.0;0.0
2030-05-02 18:00:00;86.14953239560745;0.0;0.0;0.0;0.0;0.0;0.0;0.0
2030-05-02 19:00:00;86.17762732018794;0.0;0.0;0.0;0.0;0.0;0.0;0.0
2030-05-02 20:00:00;86.23385416700606;0.0;0.0;0.0;0.0;0.0;0.0;0.0
2030-05-02 21:00:00;86.21997730502358;0.0;0.0;0.0;0.0;0.0;0.0;0.0
2030-05-02 22:00:00;86.16081942159241;0.0;0.0;0.0;0.0;0.0;0.0;0.0
2030-05-02 23:00:00;86.07324459693552;0.0;0.0;0.0;0.0;0.0;0.0;0.0
2030-05-03 00:00:00;86.02745794083968;0.0;0.0;0.0;0.0;0.0;0.0;0.0
2030-05-03 01:00:00;86.00724625779026;0.0;0.0;0.0;0.0;0.0;0.0;0.0
2030-05-03 02:00:00;86.02583141421054;0.0;0.0;0.0;0.0;0.0;0.0;0.0
2030-05-03 03:00:00;86.01261365863803;0.0;0.0;0.0;0.0;0.0;0.0;0.0
2030-05-03 04:00:00;86.02378558080088;0.0;0.0;0.0;0.0;0.0;0.0;0.0
2030-05-03 05:00:00;86.13063892537791;0.0;0.0;0.0;0.0;0.0;0.0;0.0
2030-05-03 06:00:00;86.26787008700735;0.0;0.0;0.0;0.0;0.0;0.0;0.0
2030-05-03 07:00:00;86.29279691591259;0.0;0.0;0.0;0.0;0.0;0.0;0.0
2030-05-03 08:00:00;86.22378943398924;0.0;0.0;0.0;0.0;0.0;0.0;0.0
2030-05-03 09:00:00;79.58794309626116;0.0;0.0;0.0;0.0;0.0;0.0;0.0
2030-05-03 10:00:00;79.67638805100187;0.0;0.0;0.0;0.0;0.0;0.0;0.0
2030-05-03 11:00:00;79.7017876277479;0.0;0.0;0.0;0.0;0.0;0.0;0.0
2030-05-03 12:00:00;79.62194805399368;0.0;0.0;0.0;0.0;0.0;0.0;0.0
2030-05-03 13:00:00;79.70904190910815;0.0;0.0;0.0;0.0;0.0;0.0;0.0
2030-05-03 14:00:00;79.71944784274052;0.0;0.0;0.0;0.0;0.0;0.0;0.0
2030-05-03 15:00:00;79.72137720204451;0.0;0.0;0.0;0.0;0.0;0.0;0.0
2030-05-03 16:00:00;79.72870410843537;0.0;0.0;0.0;0.0;0.0;0.0;0.0
2030-05-03 17:00:00;79.69875930099948;0.0;0.0;0.0;0.0;0.0;0.0;0.0
2030-05-03 18:00:00;79.71564393547644;0.0;0.0;0.0;0.0;0.0;0.0;0.0
2030-05-03 19:00:00;79.72773531793258;0.0;0.0;0.0;0.0;0.0;0.0;0.0
2030-05-03 20:00:00;79.72144982707512;0.0;0.0;0.0;0.0;0.0;0.0;0.0
2030-05-03 21:00:00;79.72290780882186;0.0;0.0;0.0;0.0;0.0;0.0;0.0
2030-05-03 22:00:00;79.67958903348344;0.0;0.0;0.0;0.0;0.0;0.0;0.0
2030-05-03 23:00:00;79.58793350427598;0.0;0.0;0.0;0.0;0.0;0.0;0.0
2030-05-04 00:00:00;79.37825955974661;0.0;0.0;0.0;0.0;0.0;0.0;0.0
2030-05-04 01:00:00;79.29641663137419;0.0;0.0;0.0;0.0;0.0;0.0;0.0
2030-05-04 02:00:00;79.24487478417277;0.0;0.0;0.0;0.0;0.0;0.0;0.0
2030-05-04 03:00:00;79.23373848938341;0.0;0.0;0.0;0.0;0.0;0.0;0.0
2030-05-04 04:00:00;79.24015552746616;0.0;0.0;0.0;0.0;0.0;0.0;0.0
2030-05-04 05:00:00;79.24311945088554;0.0;0.0;0.0;0.0;0.0;0.0;0.0
2030-05-04 06:00:00;81.0287291541598;0.0;0.0;0.0;0.0;0.0;0.0;0.0
2030-05-04 07:00:00;79.28504053695545;0.0;0.0;0.0;0.0;0.0;0.0;0.0
2030-05-04 08:00:00;79.26211158153401;0.0;0.0;0.0;0.0;0.0;0.0;0.0
2030-05-04 09:00:00;85.4133653470362;0.0;0.0;0.0;0.0;0.0;0.0;0.0
2030-05-04 10:00:00;85.14405529010043;0.0;0.0;0.0;0.0;0.0;0.0;0.0
2030-05-04 11:00:00;85.42938533256371;0.0;0.0;0.0;0.0;0.0;0.0;0.0
2030-05-04 12:00:00;85.12829428817267;0.0;0.0;0.0;0.0;0.0;0.0;0.0
2030-05-04 13:00:00;85.40179193177957;0.0;0.0;0.0;0.0;0.0;0.0;0.0
2030-05-04 14:00:00;85.39738509973297;0.0;0.0;0.0;0.0;0.0;0.0;0.0
2030-05-04 15:00:00;85.4791499219404;0.0;0.0;0.0;0.0;0.0;0.0;0.0
2030-05-04 16:00:00;85.51056915452621;0.0;0.0;0.0;0.0;0.0;0.0;0.0
2030-05-04 17:00:00;85.6118851830895;0.0;0.0;0.0;0.0;0.0;0.0;0.0
2030-05-04 18:00:00;85.63263264702518;0.0;0.0;0.0;0.0;0.0;0.0;0.0
2030-05-04 19:00:00;85.63809870829189;0.0;0.0;0.0;0.0;0.0;0.0;0.0
2030-05-04 20:00:00;85.65237295251737;0.0;0.0;0.0;0.0;0.0;0.0;0.0
2030-05-04 21:00:00;85.67684210670136;0.0;0.0;0.0;0.0;0.0;0.0;0.0
2030-05-04 22:00:00;85.64410603157926;0.0;0.0;0.0;0.0;0.0;0.0;0.0
2030-05-04 23:00:00;85.61172623019229;0.0;0.0;0.0;0.0;0.0;0.0;0.0
2030-05-05 00:00:00;85.42073336193496;0.0;0.0;0.0;0.0;0.0;0.0;0.0
2030-05-05 01:00:00;85.31761541044219;0.0;0.0;0.0;0.0;0.0;0.0;0.0
2030-05-05 02:00:00;85.30011688891395;0.0;0.0;0.0;0.0;0.0;0.0;0.0
2030-05-05 03:00:00;85.33172248006886;0.0;0.0;0.0;0.0;0.0;0.0;0.0
2030-05-05 04:00:00;85.25391503688836;0.0;0.0;0.0;0.0;0.0;0.0;0.0
2030-05-05 05:00:00;85.25151430002715;0.0;0.0;0.0;0.0;0.0;0.0;0.0
2030-05-05 06:00:00;85.21677761085408;0.0;0.0;0.0;0.0;0.0;0.0;0.0
2030-05-05 07:00:00;85.25180480014964;0.0;0.0;0.0;0.0;0.0;0.0;0.0
2030-05-05 08:00:00;85.2432651927758;0.0;0.0;0.0;0.0;0.0;0.0;0.0
2030-05-05 09:00:00;85.22780839380648;0.0;0.0;0.0;0.0;0.0;0.0;0.0
2030-05-05 10:00:00;79.16922690794043;0.0;0.0;0.0;0.0;0.0;0.0;0.0
2030-05-05 11:00:00;79.16008026493333;0.0;0.0;0.0;0.0;0.0;0.0;0.0
2030-05-05 12:00:00;79.14149099766223;0.0;0.0;0.0;0.0;0.0;0.0;0.0
2030-05-05 13:00:00;79.1319072341878;0.0;0.0;0.0;0.0;0.0;0.0;0.0
2030-05-05 14:00:00;79.12580262076507;0.0;0.0;0.0;0.0;0.0;0.0;0.0
2030-05-05 15:00:00;79.12363620239891;0.0;0.0;0.0;0.0;0.0;0.0;0.0
2030-05-05 16:00:00;79.13810502689509;0.0;0.0;0.0;0.0;0.0;0.0;0.0
2030-05-05 17:00:00;85.3333133793245;0.0;0.0;0.0;0.0;0.0;0.0;0.0
2030-05-05 18:00:00;85.39132981651974;0.0;0.0;0.0;0.0;0.0;0.0;0.0
2030-05-05 19:00:00;85.43221496819062;0.0;0.0;0.0;0.0;0.0;0.0;0.0
2030-05-05 20:00:00;85.50777240570558;0.0;0.0;0.0;0.0;0.0;0.0;0.0
2030-05-05 21:00:00;85.41622649918583;0.0;0.0;0.0;0.0;0.0;0.0;0.0
2030-05-05 22:00:00;85.44540668837483;0.0;0.0;0.0;0.0;0.0;0.0;0.0
2030-05-05 23:00:00;85.47209159113446;0.0;0.0;0.0;0.0;0.0;0.0;0.0
2030-05-06 00:00:00;85.48724692771255;0.0;0.0;0.0;0.0;0.0;0.0;0.0
2030-05-06 01:00:00;84.45099325262655;0.0;0.0;0.0;0.0;0.0;0.0;0.0
2030-05-06 02:00:00;83.23076804243206;0.0;0.0;0.0;0.0;0.0;0.0;0.0
2030-05-06 03:00:00;85.60133948053027;0.0;0.0;0.0;0.0;0.0;0.0;0.0
2030-05-06 04:00:00;79.34931505933625;0.0;0.0;0.0;0.0;0.0;0.0;0.0
2030-05-06 05:00:00;85.82037246202424;0.0;0.0;0.0;0.0;0.0;0.0;0.0
2030-05-06 06:00:00;86.11029295453602;0.0;0.0;0.0;0.0;0.0;0.0;0.0
2030-05-06 07:00:00;86.22965561806616;0.0;0.0;0.0;0.0;0.0;0.0;0.0
2030-05-06 08:00:00;86.1311637439954;0.0;0.0;0.0;0.0;0.0;0.0;0.0
2030-05-06 09:00:00;79.64145267070728;0.0;0.0;0.0;0.0;0.0;0.0;0.0
2030-05-06 10:00:00;79.59957132286168;0.0;0.0;0.0;0.0;0.0;0.0;0.0
2030-05-06 11:00:00;79.56482230113622;0.0;0.0;0.0;0.0;0.0;0.0;0.0
2030-05-06 12:00:00;79.65715886129118;0.0;0.0;0.0;0.0;0.0;0.0;0.0
2030-05-06 13:00:00;79.67672651105022;0.0;0.0;0.0;0.0;0.0;0.0;0.0
2030-05-06 14:00:00;79.69048963949417;0.0;0.0;0.0;0.0;0.0;0.0;0.0
2030-05-06 15:00:00;79.72835331583465;0.0;0.0;0.0;0.0;0.0;0.0;0.0
2030-05-06 16:00:00;79.7304060006623;0.0;0.0;0.0;0.0;0.0;0.0;0.0
2030-05-06 17:00:00;86.21594181983167;0.0;0.0;0.0;0.0;0.0;0.0;0.0
2030-05-06 18:00:00;86.26364550267913;0.0;0.0;0.0;0.0;0.0;0.0;0.0
2030-05-06 19:00:00;86.28025608043677;0.0;0.0;0.0;0.0;0.0;0.0;0.0
2030-05-06 20:00:00;86.27767172557363;0.0;0.0;0.0;0.0;0.0;0.0;0.0
2030-05-06 21:00:00;86.2771195012842;0.0;0.0;0.0;0.0;0.0;0.0;0.0
2030-05-06 22:00:00;86.28029307809386;0.0;0.0;0.0;0.0;0.0;0.0;0.0
2030-05-06 23:00:00;86.21616654634153;0.0;0.0;0.0;0.0;0.0;0.0;0.0
2030-05-07 00:00:00;86.20858887805248;0.0;0.0;0.0;0.0;0.0;0.0;0.0
2030-05-07 01:00:00;86.1915151444392;0.0;0.0;0.0;0.0;0.0;0.0;0.0
2030-05-07 02:00:00;86.20561536264792;0.0;0.0;0.0;0.0;0.0;0.0;0.0
2030-05-07 03:00:00;86.22140239996402;0.0;0.0;0.0;0.0;0.0;0.0;0.0
2030-05-07 04:00:00;86.2173312873986;0.0;0.0;0.0;0.0;0.0;0.0;0.0
2030-05-07 05:00:00;86.25241739888881;0.0;0.0;0.0;0.0;0.0;0.0;0.0
2030-05-07 06:00:00;86.36064239734603;0.0;0.0;0.0;0.0;0.0;0.0;0.0
2030-05-07 07:00:00;86.34036905153476;0.0;0.0;0.0;0.0;0.0;0.0;0.0
2030-05-07 08:00:00;86.35304417480305;0.0;0.0;0.0;0.0;0.0;0.0;0.0
2030-05-07 09:00:00;86.3206081917886;0.0;0.0;0.0;0.0;0.0;0.0;0.0
2030-05-07 10:00:00;86.29916736435305;0.0;0.0;0.0;0.0;0.0;0.0;0.0
2030-05-07 11:00:00;86.32300755836619;0.0;0.0;0.0;0.0;0.0;0.0;0.0
2030-05-07 12:00:00;86.31708382237824;0.0;0.0;0.0;0.0;0.0;0.0;0.0
2030-05-07 13:00:00;86.32817078695807;0.0;0.0;0.0;0.0;0.0;0.0;0.0
2030-05-07 14:00:00;86.29168013478136;0.0;0.0;0.0;0.0;0.0;0.0;0.0
2030-05-07 15:00:00;86.25043870937535;0.0;0.0;0.0;0.0;0.0;0.0;0.0
2030-05-07 16:00:00;86.26360028332043;0.0;0.0;0.0;0.0;0.0;0.0;0.0
2030-05-07 17:00:00;86.29296957164576;0.0;0.0;0.0;0.0;0.0;0.0;0.0
2030-05-07 18:00:00;86.30019781761766;0.0;0.0;0.0;0.0;0.0;0.0;0.0
2030-05-07 19:00:00;86.3046115010822;0.0;0.0;0.0;0.0;0.0;0.0;0.0
2030-05-07 20:00:00;86.42929908666862;0.0;0.0;0.0;0.0;0.0;0.0;0.0
2030-05-07 21:00:00;86.35755514840295;0.0;0.0;0.0;0.0;0.0;0.0;0.0
2030-05-07 22:00:00;86.2311519677536;0.0;0.0;0.0;0.0;0.0;0.0;0.0
2030-05-07 23:00:00;86.18425127109376;0.0;0.0;0.0;0.0;0.0;0.0;0.0
2030-05-08 00:00:00;86.03902176411115;0.0;0.0;0.0;0.0;0.0;0.0;0.0
2030-05-08 01:00:00;85.96488119983506;0.0;0.0;0.0;0.0;0.0;0.0;0.0
2030-05-08 02:00:00;85.88806310141126;0.0;0.0;0.0;0.0;0.0;0.0;0.0
2030-05-08 03:00:00;85.97572014308393;0.0;0.0;0.0;0.0;0.0;0.0;0.0
2030-05-08 04:00:00;85.87708712980273;0.0;0.0;0.0;0.0;0.0;0.0;0.0
2030-05-08 05:00:00;85.93028702015602;0.0;0.0;0.0;0.0;0.0;0.0;0.0
2030-05-08 06:00:00;86.13781510057316;0.0;0.0;0.0;0.0;0.0;0.0;0.0
2030-05-08 07:00:00;86.1568250449084;0.0;0.0;0.0;0.0;0.0;0.0;0.0
2030-05-08 08:00:00;86.14294544235872;0.0;0.0;0.0;0.0;0.0;0.0;0.0
2030-05-08 09:00:00;86.14411977540098;0.0;0.0;0.0;0.0;0.0;0.0;0.0
2030-05-08 10:00:00;79.62946268923727;0.0;0.0;0.0;0.0;0.0;0.0;0.0
2030-05-08 11:00:00;79.64869050866437;0.0;0.0;0.0;0.0;0.0;0.0;0.0
2030-05-08 12:00:00;79.64410691003386;0.0;0.0;0.0;0.0;0.0;0.0;0.0
2030-05-08 13:00:00;79.60573759904625;0.0;0.0;0.0;0.0;0.0;0.0;0.0
2030-05-08 14:00:00;79.61710958261418;0.0;0.0;0.0;0.0;0.0;0.0;0.0
2030-05-08 15:00:00;79.59151542559744;0.0;0.0;0.0;0.0;0.0;0.0;0.0
2030-05-08 16:00:00;79.61114062726752;0.0;0.0;0.0;0.0;0.0;0.0;0.0
2030-05-08 17:00:00;79.55468083223799;0.0;0.0;0.0;0.0;0.0;0.0;0.0
2030-05-08 18:00:00;79.59166615679304;0.0;0.0;0.0;0.0;0.0;0.0;0.0
2030-05-08 19:00:00;86.0413937250168;0.0;0.0;0.0;0.0;0.0;0.0;0.0
2030-05-08 20:00:00;86.029647654027;0.0;0.0;0.0;0.0;0.0;0.0;0.0
2030-05-08 21:00:00;79.52367816586556;0.0;0.0;0.0;0.0;0.0;0.0;0.0
2030-05-08 22:00:00;79.50369257960958;0.0;0.0;0.0;0.0;0.0;0.0;0.0
2030-05-08 23:00:00;79.47306263037541;0.0;0.0;0.0;0.0;0.0;0.0;0.0
2030-05-09 00:00:00;79.40835783894529;0.0;0.0;0.0;0.0;0.0;0.0;0.0
2030-05-09 01:00:00;79.34826679238486;0.0;0.0;0.0;0.0;0.0;0.0;0.0
2030-05-09 02:00:00;79.34740214343542;0.0;0.0;0.0;0.0;0.0;0.0;0.0
2030-05-09 03:00:00;79.3335444654233;0.0;0.0;0.0;0.0;0.0;0.0;0.0
2030-05-09 04:00:00;79.35629665426077;0.0;0.0;0.0;0.0;0.0;0.0;0.0
2030-05-09 05:00:00;79.40130498927374;0.0;0.0;0.0;0.0;0.0;0.0;0.0
2030-05-09 06:00:00;79.5100315115273;0.0;0.0;0.0;0.0;0.0;0.0;0.0
2030-05-09 07:00:00;84.61676879185619;0.0;0.0;0.0;0.0;0.0;0.0;0.0
2030-05-09 08:00:00;79.70353473933355;0.0;0.0;0.0;0.0;0.0;0.0;0.0
2030-05-09 09:00:00;79.67633598022519;0.0;0.0;0.0;0.0;0.0;0.0;0.0
2030-05-09 10:00:00;79.72646506503858;0.0;0.0;0.0;0.0;0.0;0.0;0.0
2030-05-09 11:00:00;79.69117341100889;0.0;0.0;0.0;0.0;0.0;0.0;0.0
2030-05-09 12:00:00;79.59828599684809;0.0;0.0;0.0;0.0;0.0;0.0;0.0
2030-05-09 13:00:00;79.64301342372377;0.0;0.0;0.0;0.0;0.0;0.0;0.0
2030-05-09 14:00:00;79.80453423238603;0.0;0.0;0.0;0.0;0.0;0.0;0.0
2030-05-09 15:00:00;79.79932030330107;0.0;0.0;0.0;0.0;0.0;0.0;0.0
2030-05-09 16:00:00;79.80451367813208;0.0;0.0;0.0;0.0;0.0;0.0;0.0
2030-05-09 17:00:00;86.26198745952728;0.0;0.0;0.0;0.0;0.0;0.0;0.0
2030-05-09 18:00:00;86.31414730463075;0.0;0.0;0.0;0.0;0.0;0.0;0.0
2030-05-09 19:00:00;86.34210520085162;0.0;0.0;0.0;0.0;0.0;0.0;0.0
2030-05-09 20:00:00;86.31742776356094;0.0;0.0;0.0;0.0;0.0;0.0;0.0
2030-05-09 21:00:00;86.2999032066444;0.0;0.0;0.0;0.0;0.0;0.0;0.0
2030-05-09 22:00:00;86.27415694814842;0.0;0.0;0.0;0.0;0.0;0.0;0.0
2030-05-09 23:00:00;86.24596884428335;0.0;0.0;0.0;0.0;0.0;0.0;0.0
2030-05-10 00:00:00;86.22607643731192;0.0;0.0;0.0;0.0;0.0;0.0;0.0
2030-05-10 01:00:00;86.23485310374795;0.0;0.0;0.0;0.0;0.0;0.0;0.0
2030-05-10 02:00:00;86.12974824104015;0.0;0.0;0.0;0.0;0.0;0.0;0.0
2030-05-10 03:00:00;86.09777541388134;0.0;0.0;0.0;0.0;0.0;0.0;0.0
2030-05-10 04:00:00;86.11734854477476;0.0;0.0;0.0;0.0;0.0;0.0;0.0
2030-05-10 05:00:00;86.14197117072156;0.0;0.0;0.0;0.0;0.0;0.0;0.0
2030-05-10 06:00:00;86.25693385362311;0.0;0.0;0.0;0.0;0.0;0.0;0.0
2030-05-10 07:00:00;86.32027384259104;0.0;0.0;0.0;0.0;0.0;0.0;0.0
2030-05-10 08:00:00;86.30696427801753;0.0;0.0;0.0;0.0;0.0;0.0;0.0
2030-05-10 09:00:00;86.3422682645996;0.0;0.0;0.0;0.0;0.0;0.0;0.0
2030-05-10 10:00:00;79.91163011715966;0.0;0.0;0.0;0.0;0.0;0.0;0.0
2030-05-10 11:00:00;79.89786013729773;0.0;0.0;0.0;0.0;0.0;0.0;0.0
2030-05-10 12:00:00;79.87116838312011;0.0;0.0;0.0;0.0;0.0;0.0;0.0
2030-05-10 13:00:00;79.84979058872999;0.0;0.0;0.0;0.0;0.0;0.0;0.0
2030-05-10 14:00:00;79.843710640412;0.0;0.0;0.0;0.0;0.0;0.0;0.0
2030-05-10 15:00:00;79.81283952126486;0.0;0.0;0.0;0.0;0.0;0.0;0.0
2030-05-10 16:00:00;79.81388504764904;0.0;0.0;0.0;0.0;0.0;0.0;0.0
2030-05-10 17:00:00;86.29007964354058;0.0;0.0;0.0;0.0;0.0;0.0;0.0
2030-05-10 18:00:00;86.32462860386093;0.0;0.0;0.0;0.0;0.0;0.0;0.0
2030-05-10 19:00:00;86.32990556599133;0.0;0.0;0.0;0.0;0.0;0.0;0.0
2030-05-10 20:00:00;86.24561668139903;0.0;0.0;0.0;0.0;0.0;0.0;0.0
2030-05-10 21:00:00;86.21667629183945;0.0;0.0;0.0;0.0;0.0;0.0;0.0
2030-05-10 22:00:00;86.26129820687818;0.0;0.0;0.0;0.0;0.0;0.0;0.0
2030-05-10 23:00:00;86.16706243365837;0.0;0.0;0.0;0.0;0.0;0.0;0.0
2030-05-11 00:00:00;85.06515710117705;0.0;0.0;0.0;0.0;0.0;0.0;0.0
2030-05-11 01:00:00;79.39622260741406;0.0;0.0;0.0;0.0;0.0;0.0;0.0
2030-05-11 02:00:00;79.33084089588726;0.0;0.0;0.0;0.0;0.0;0.0;0.0
2030-05-11 03:00:00;79.28710829490268;0.0;0.0;0.0;0.0;0.0;0.0;0.0
2030-05-11 04:00:00;79.2931704295339;0.0;0.0;0.0;0.0;0.0;0.0;0.0
2030-05-11 05:00:00;79.29767318143223;0.0;0.0;0.0;0.0;0.0;0.0;0.0
2030-05-11 06:00:00;79.3034050777167;0.0;0.0;0.0;0.0;0.0;0.0;0.0
2030-05-11 07:00:00;79.31168981234157;0.0;0.0;0.0;0.0;0.0;0.0;0.0
2030-05-11 08:00:00;79.33569032953552;0.0;0.0;0.0;0.0;0.0;0.0;0.0
2030-05-11 09:00:00;79.27827133598839;0.0;0.0;0.0;0.0;0.0;0.0;0.0
2030-05-11 10:00:00;79.3103990051936;0.0;0.0;0.0;0.0;0.0;0.0;0.0
2030-05-11 11:00:00;79.27735461626229;0.0;0.0;0.0;0.0;0.0;0.0;0.0
2030-05-11 12:00:00;79.31061002886749;0.0;0.0;0.0;0.0;0.0;0.0;0.0
2030-05-11 13:00:00;79.29560542348501;0.0;0.0;0.0;0.0;0.0;0.0;0.0
2030-05-11 14:00:00;79.19105141478302;0.0;0.0;0.0;0.0;0.0;0.0;0.0
2030-05-11 15:00:00;79.20443223410354;0.0;0.0;0.0;0.0;0.0;0.0;0.0
2030-05-11 16:00:00;79.19676549738074;0.0;0.0;0.0;0.0;0.0;0.0;0.0
2030-05-11 17:00:00;79.232306543025;0.0;0.0;0.0;0.0;0.0;0.0;0.0
2030-05-11 18:00:00;79.24936931436952;0.0;0.0;0.0;0.0;0.0;0.0;0.0
2030-05-11 19:00:00;79.25712648980969;0.0;0.0;0.0;0.0;0.0;0.0;0.0
2030-05-11 20:00:00;79.28401556482521;0.0;0.0;0.0;0.0;0.0;0.0;0.0
2030-05-11 21:00:00;79.29999718241203;0.0;0.0;0.0;0.0;0.0;0.0;0.0
2030-05-11 22:00:00;79.30046718968565;0.0;0.0;0.0;0.0;0.0;0.0;0.0
2030-05-11 23:00:00;79.29093412670431;0.0;0.0;0.0;0.0;0.0;0.0;0.0
2030-05-12 00:00:00;79.26906577078663;0.0;0.0;0.0;0.0;0.0;0.0;0.0
2030-05-12 01:00:00;79.23461136003445;0.0;0.0;0.0;0.0;0.0;0.0;0.0
2030-05-12 02:00:00;79.19086094536308;0.0;0.0;0.0;0.0;0.0;0.0;0.0
2030-05-12 03:00:00;79.17942044761531;0.0;0.0;0.0;0.0;0.0;0.0;0.0
2030-05-12 04:00:00;79.18121140827604;0.0;0.0;0.0;0.0;0.0;0.0;0.0
2030-05-12 05:00:00;79.20165466925329;0.0;0.0;0.0;0.0;0.0;0.0;0.0
2030-05-12 06:00:00;79.18764351947834;0.0;0.0;0.0;0.0;0.0;0.0;0.0
2030-05-12 07:00:00;79.17249092346748;0.0;0.0;0.0;0.0;0.0;0.0;0.0
2030-05-12 08:00:00;79.17349671162737;0.0;0.0;0.0;0.0;0.0;0.0;0.0
2030-05-12 09:00:00;79.1839108669613;0.0;0.0;0.0;0.0;0.0;0.0;0.0
2030-05-12 10:00:00;79.18783124833107;0.0;0.0;0.0;0.0;0.0;0.0;0.0
2030-05-12 11:00:00;79.18500024242056;0.0;0.0;0.0;0.0;0.0;0.0;0.0
2030-05-12 12:00:00;79.1807893609283;0.0;0.0;0.0;0.0;0.0;0.0;0.0
2030-05-12 13:00:00;79.1692748678663;0.0;0.0;0.0;0.0;0.0;0.0;0.0
2030-05-12 14:00:00;79.15857980439507;0.0;0.0;0.0;0.0;0.0;0.0;0.0
2030-05-12 15:00:00;79.15174482981537;0.0;0.0;0.0;0.0;0.0;0.0;0.0
2030-05-12 16:00:00;79.13911218533858;0.0;0.0;0.0;0.0;0.0;0.0;0.0
2030-05-12 17:00:00;79.14532779173264;0.0;0.0;0.0;0.0;0.0;0.0;0.0
2030-05-12 18:00:00;79.17126314936493;0.0;0.0;0.0;0.0;0.0;0.0;0.0
2030-05-12 19:00:00;79.17049030941646;0.0;0.0;0.0;0.0;0.0;0.0;0.0
2030-05-12 20:00:00;79.1899414850698;0.0;0.0;0.0;0.0;0.0;0.0;0.0
2030-05-12 21:00:00;79.19618586741939;0.0;0.0;0.0;0.0;0.0;0.0;0.0
2030-05-12 22:00:00;79.20145323756459;0.0;0.0;0.0;0.0;0.0;0.0;0.0
2030-05-12 23:00:00;79.20669731288868;0.0;0.0;0.0;0.0;0.0;0.0;0.0
2030-05-13 00:00:00;79.23601316015372;0.0;0.0;0.0;0.0;0.0;0.0;0.0
2030-05-13 01:00:00;79.28881018712963;0.0;0.0;0.0;0.0;0.0;0.0;0.0
2030-05-13 02:00:00;79.28316461871175;0.0;0.0;0.0;0.0;0.0;0.0;0.0
2030-05-13 03:00:00;79.28984749181222;0.0;0.0;0.0;0.0;0.0;0.0;0.0
2030-05-13 04:00:00;79.28828536851213;0.0;0.0;0.0;0.0;0.0;0.0;0.0
2030-05-13 05:00:00;79.3418963439444;0.0;0.0;0.0;0.0;0.0;0.0;0.0
2030-05-13 06:00:00;79.3923296317162;0.0;0.0;0.0;0.0;0.0;0.0;0.0
2030-05-13 07:00:00;79.42451485283247;0.0;0.0;0.0;0.0;0.0;0.0;0.0
2030-05-13 08:00:00;79.44250530617188;0.0;0.0;0.0;0.0;0.0;0.0;0.0
2030-05-13 09:00:00;79.41849519699272;0.0;0.0;0.0;0.0;0.0;0.0;0.0
2030-05-13 10:00:00;79.35918247151514;0.0;0.0;0.0;0.0;0.0;0.0;0.0
2030-05-13 11:00:00;79.33156029477546;0.0;0.0;0.0;0.0;0.0;0.0;0.0
2030-05-13 12:00:00;79.33088885581313;0.0;0.0;0.0;0.0;0.0;0.0;0.0
2030-05-13 13:00:00;79.32742203831381;0.0;0.0;0.0;0.0;0.0;0.0;0.0
2030-05-13 14:00:00;79.3296240840535;0.0;0.0;0.0;0.0;0.0;0.0;0.0
2030-05-13 15:00:00;79.32924040464646;0.0;0.0;0.0;0.0;0.0;0.0;0.0
2030-05-13 16:00:00;79.36514731601102;0.0;0.0;0.0;0.0;0.0;0.0;0.0
2030-05-13 17:00:00;79.4240667700964;0.0;0.0;0.0;0.0;0.0;0.0;0.0
2030-05-13 18:00:00;79.47320788043665;0.0;0.0;0.0;0.0;0.0;0.0;0.0
2030-05-13 19:00:00;79.49677401773047;0.0;0.0;0.0;0.0;0.0;0.0;0.0
2030-05-13 20:00:00;85.96888516850424;0.0;0.0;0.0;0.0;0.0;0.0;0.0
2030-05-13 21:00:00;85.92287104533138;0.0;0.0;0.0;0.0;0.0;0.0;0.0
2030-05-13 22:00:00;85.99182234562724;0.0;0.0;0.0;0.0;0.0;0.0;0.0
2030-05-13 23:00:00;85.1023493385552;0.0;0.0;0.0;0.0;0.0;0.0;0.0
2030-05-14 00:00:00;79.39408222443622;0.0;0.0;0.0;0.0;0.0;0.0;0.0
2030-05-14 01:00:00;81.8645815938144;0.0;0.0;0.0;0.0;0.0;0.0;0.0
2030-05-14 02:00:00;85.79190756087266;0.0;0.0;0.0;0.0;0.0;0.0;0.0
2030-05-14 03:00:00;85.89739062185312;0.0;0.0;0.0;0.0;0.0;0.0;0.0
2030-05-14 04:00:00;85.93763311051724;0.0;0.0;0.0;0.0;0.0;0.0;0.0
2030-05-14 05:00:00;86.12385465129128;0.0;0.0;0.0;0.0;0.0;0.0;0.0
2030-05-14 06:00:00;85.87738037049242;0.0;0.0;0.0;0.0;0.0;0.0;0.0
2030-05-14 07:00:00;79.7839210562428;0.0;0.0;0.0;0.0;0.0;0.0;0.0
2030-05-14 08:00:00;79.70512700887276;0.0;0.0;0.0;0.0;0.0;0.0;0.0
2030-05-14 09:00:00;79.67792139834643;0.0;0.0;0.0;0.0;0.0;0.0;0.0
2030-05-14 10:00:00;79.60762996069312;0.0;0.0;0.0;0.0;0.0;0.0;0.0
2030-05-14 11:00:00;79.5543163368013;0.0;0.0;0.0;0.0;0.0;0.0;0.0
2030-05-14 12:00:00;79.5156661176764;0.0;0.0;0.0;0.0;0.0;0.0;0.0
2030-05-14 13:00:00;79.51802163517891;0.0;0.0;0.0;0.0;0.0;0.0;0.0
2030-05-14 14:00:00;79.59222386221685;0.0;0.0;0.0;0.0;0.0;0.0;0.0
2030-05-14 15:00:00;79.61530628940109;0.0;0.0;0.0;0.0;0.0;0.0;0.0
2030-05-14 16:00:00;79.5796542507855;0.0;0.0;0.0;0.0;0.0;0.0;0.0
2030-05-14 17:00:00;79.59828873741529;0.0;0.0;0.0;0.0;0.0;0.0;0.0
2030-05-14 18:00:00;79.67962055000618;0.0;0.0;0.0;0.0;0.0;0.0;0.0
2030-05-14 19:00:00;79.69646818682602;0.0;0.0;0.0;0.0;0.0;0.0;0.0
2030-05-14 20:00:00;79.72651987638241;0.0;0.0;0.0;0.0;0.0;0.0;0.0
2030-05-14 21:00:00;79.75441748012503;0.0;0.0;0.0;0.0;0.0;0.0;0.0
2030-05-14 22:00:00;79.6663013934475;0.0;0.0;0.0;0.0;0.0;0.0;0.0
2030-05-14 23:00:00;79.65797006918035;0.0;0.0;0.0;0.0;0.0;0.0;0.0
2030-05-15 00:00:00;79.60655976920418;0.0;0.0;0.0;0.0;0.0;0.0;0.0
2030-05-15 01:00:00;79.56593497141662;0.0;0.0;0.0;0.0;0.0;0.0;0.0
2030-05-15 02:00:00;79.52679007991338;0.0;0.0;0.0;0.0;0.0;0.0;0.0
2030-05-15 03:00:00;79.58000230281903;0.0;0.0;0.0;0.0;0.0;0.0;0.0
2030-05-15 04:00:00;79.59694448920703;0.0;0.0;0.0;0.0;0.0;0.0;0.0
2030-05-15 05:00:00;79.66396917076614;0.0;0.0;0.0;0.0;0.0;0.0;0.0
2030-05-15 06:00:00;79.75472990478505;0.0;0.0;0.0;0.0;0.0;0.0;0.0
2030-05-15 07:00:00;79.75944093979007;0.0;0.0;0.0;0.0;0.0;0.0;0.0
2030-05-15 08:00:00;79.76481382177222;0.0;0.0;0.0;0.0;0.0;0.0;0.0
2030-05-15 09:00:00;79.76387243694137;0.0;0.0;0.0;0.0;0.0;0.0;0.0
2030-05-15 10:00:00;79.73231754627952;0.0;0.0;0.0;0.0;0.0;0.0;0.0
2030-05-15 11:00:00;79.6955583185179;0.0;0.0;0.0;0.0;0.0;0.0;0.0
2030-05-15 12:00:00;79.67493143953872;0.0;0.0;0.0;0.0;0.0;0.0;0.0
2030-05-15 13:00:00;79.5180394488657;0.0;0.0;0.0;0.0;0.0;0.0;0.0
2030-05-15 14:00:00;79.47667880878674;0.0;0.0;0.0;0.0;0.0;0.0;0.0
2030-05-15 15:00:00;79.49043371552915;0.0;0.0;0.0;0.0;0.0;0.0;0.0
2030-05-15 16:00:00;79.49351685362144;0.0;0.0;0.0;0.0;0.0;0.0;0.0
2030-05-15 17:00:00;79.59200187627421;0.0;0.0;0.0;0.0;0.0;0.0;0.0
2030-05-15 18:00:00;79.6163079667102;0.0;0.0;0.0;0.0;0.0;0.0;0.0
2030-05-15 19:00:00;86.06444189511114;0.0;0.0;0.0;0.0;0.0;0.0;0.0
2030-05-15 20:00:00;86.11881611850669;0.0;0.0;0.0;0.0;0.0;0.0;0.0
2030-05-15 21:00:00;86.04686115656713;0.0;0.0;0.0;0.0;0.0;0.0;0.0
2030-05-15 22:00:00;86.0403975288421;0.0;0.0;0.0;0.0;0.0;0.0;0.0
2030-05-15 23:00:00;85.92176796703612;0.0;0.0;0.0;0.0;0.0;0.0;0.0
2030-05-16 00:00:00;85.84801245245067;0.0;0.0;0.0;0.0;0.0;0.0;0.0
2030-05-16 01:00:00;85.7551209274391;0.0;0.0;0.0;0.0;0.0;0.0;0.0
2030-05-16 02:00:00;85.76133242298235;0.0;0.0;0.0;0.0;0.0;0.0;0.0
2030-05-16 03:00:00;85.76102273888952;0.0;0.0;0.0;0.0;0.0;0.0;0.0
2030-05-16 04:00:00;85.7918472683944;0.0;0.0;0.0;0.0;0.0;0.0;0.0
2030-05-16 05:00:00;85.86718683081749;0.0;0.0;0.0;0.0;0.0;0.0;0.0
2030-05-16 06:00:00;85.997509022553;0.0;0.0;0.0;0.0;0.0;0.0;0.0
2030-05-16 07:00:00;86.21137603488789;0.0;0.0;0.0;0.0;0.0;0.0;0.0
2030-05-16 08:00:00;79.72825739598288;0.0;0.0;0.0;0.0;0.0;0.0;0.0
2030-05-16 09:00:00;79.7140941447287;0.0;0.0;0.0;0.0;0.0;0.0;0.0
2030-05-16 10:00:00;79.70915838321386;0.0;0.0;0.0;0.0;0.0;0.0;0.0
2030-05-16 11:00:00;79.66945304571962;0.0;0.0;0.0;0.0;0.0;0.0;0.0
2030-05-16 12:00:00;79.69301644244626;0.0;0.0;0.0;0.0;0.0;0.0;0.0
2030-05-16 13:00:00;79.71292118197005;0.0;0.0;0.0;0.0;0.0;0.0;0.0
2030-05-16 14:00:00;79.627174315631;0.0;0.0;0.0;0.0;0.0;0.0;0.0
2030-05-16 15:00:00;79.60930718781532;0.0;0.0;0.0;0.0;0.0;0.0;0.0
2030-05-16 16:00:00;79.62721679442251;0.0;0.0;0.0;0.0;0.0;0.0;0.0
2030-05-16 17:00:00;79.6669029479464;0.0;0.0;0.0;0.0;0.0;0.0;0.0
2030-05-16 18:00:00;79.6541867161702;0.0;0.0;0.0;0.0;0.0;0.0;0.0
2030-05-16 19:00:00;79.63333785124838;0.0;0.0;0.0;0.0;0.0;0.0;0.0
2030-05-16 20:00:00;79.65204633319237;0.0;0.0;0.0;0.0;0.0;0.0;0.0
2030-05-16 21:00:00;79.6433587351901;0.0;0.0;0.0;0.0;0.0;0.0;0.0
2030-05-16 22:00:00;79.63619215198003;0.0;0.0;0.0;0.0;0.0;0.0;0.0
2030-05-16 23:00:00;79.5713010019808;0.0;0.0;0.0;0.0;0.0;0.0;0.0
2030-05-17 00:00:00;79.56210091791343;0.0;0.0;0.0;0.0;0.0;0.0;0.0
2030-05-17 01:00:00;79.64133756688514;0.0;0.0;0.0;0.0;0.0;0.0;0.0
2030-05-17 02:00:00;79.61305902430271;0.0;0.0;0.0;0.0;0.0;0.0;0.0
2030-05-17 03:00:00;79.59278978934223;0.0;0.0;0.0;0.0;0.0;0.0;0.0
2030-05-17 04:00:00;79.66519420430147;0.0;0.0;0.0;0.0;0.0;0.0;0.0
2030-05-17 05:00:00;79.72066739514148;0.0;0.0;0.0;0.0;0.0;0.0;0.0
2030-05-17 06:00:00;79.65226557856784;0.0;0.0;0.0;0.0;0.0;0.0;0.0
2030-05-17 07:00:00;79.7057491176256;0.0;0.0;0.0;0.0;0.0;0.0;0.0
2030-05-17 08:00:00;79.7313638288963;0.0;0.0;0.0;0.0;0.0;0.0;0.0
2030-05-17 09:00:00;79.7539858407921;0.0;0.0;0.0;0.0;0.0;0.0;0.0
2030-05-17 10:00:00;79.74805251281896;0.0;0.0;0.0;0.0;0.0;0.0;0.0
2030-05-17 11:00:00;79.74110791555154;0.0;0.0;0.0;0.0;0.0;0.0;0.0
2030-05-17 12:00:00;79.7099462962819;0.0;0.0;0.0;0.0;0.0;0.0;0.0
2030-05-17 13:00:00;79.78371140285253;0.0;0.0;0.0;0.0;0.0;0.0;0.0
2030-05-17 14:00:00;79.80343115409079;0.0;0.0;0.0;0.0;0.0;0.0;0.0
2030-05-17 15:00:00;79.81260794333704;0.0;0.0;0.0;0.0;0.0;0.0;0.0
2030-05-17 16:00:00;79.883766770507;0.0;0.0;0.0;0.0;0.0;0.0;0.0
2030-05-17 17:00:00;79.92162496571305;0.0;0.0;0.0;0.0;0.0;0.0;0.0
2030-05-17 18:00:00;79.94125975936832;0.0;0.0;0.0;0.0;0.0;0.0;0.0
2030-05-17 19:00:00;86.41488781408349;0.0;0.0;0.0;0.0;0.0;0.0;0.0
2030-05-17 20:00:00;86.39431437616457;0.0;0.0;0.0;0.0;0.0;0.0;0.0
2030-05-17 21:00:00;86.33946055351022;0.0;0.0;0.0;0.0;0.0;0.0;0.0
2030-05-17 22:00:00;86.18442118625974;0.0;0.0;0.0;0.0;0.0;0.0;0.0
2030-05-17 23:00:00;85.99117283120246;0.0;0.0;0.0;0.0;0.0;0.0;0.0
2030-05-18 00:00:00;85.8069121662551;0.0;0.0;0.0;0.0;0.0;0.0;0.0
2030-05-18 01:00:00;85.67241746096802;0.0;0.0;0.0;0.0;0.0;0.0;0.0
2030-05-18 02:00:00;85.57615640859248;0.0;0.0;0.0;0.0;0.0;0.0;0.0
2030-05-18 03:00:00;85.57685114237594;0.0;0.0;0.0;0.0;0.0;0.0;0.0
2030-05-18 04:00:00;85.58932894480631;0.0;0.0;0.0;0.0;0.0;0.0;0.0
2030-05-18 05:00:00;85.59579257253135;0.0;0.0;0.0;0.0;0.0;0.0;0.0
2030-05-18 06:00:00;85.59343842531244;0.0;0.0;0.0;0.0;0.0;0.0;0.0
2030-05-18 07:00:00;85.6454461689367;0.0;0.0;0.0;0.0;0.0;0.0;0.0
2030-05-18 08:00:00;85.73690574758987;0.0;0.0;0.0;0.0;0.0;0.0;0.0
2030-05-18 09:00:00;79.37865831227322;0.0;0.0;0.0;0.0;0.0;0.0;0.0
2030-05-18 10:00:00;79.34567421582014;0.0;0.0;0.0;0.0;0.0;0.0;0.0
2030-05-18 11:00:00;79.33304020105976;0.0;0.0;0.0;0.0;0.0;0.0;0.0
2030-05-18 12:00:00;79.32061720997324;0.0;0.0;0.0;0.0;0.0;0.0;0.0
2030-05-18 13:00:00;79.31850423266732;0.0;0.0;0.0;0.0;0.0;0.0;0.0
2030-05-18 14:00:00;79.3710683114318;0.0;0.0;0.0;0.0;0.0;0.0;0.0
2030-05-18 15:00:00;79.33497230093091;0.0;0.0;0.0;0.0;0.0;0.0;0.0
2030-05-18 16:00:00;79.32242187346992;0.0;0.0;0.0;0.0;0.0;0.0;0.0
2030-05-18 17:00:00;79.32221359036323;0.0;0.0;0.0;0.0;0.0;0.0;0.0
2030-05-18 18:00:00;85.60889248371457;0.0;0.0;0.0;0.0;0.0;0.0;0.0
2030-05-18 19:00:00;85.62635400758569;0.0;0.0;0.0;0.0;0.0;0.0;0.0
2030-05-18 20:00:00;85.63627074997407;0.0;0.0;0.0;0.0;0.0;0.0;0.0
2030-05-18 21:00:00;85.62826007206851;0.0;0.0;0.0;0.0;0.0;0.0;0.0
2030-05-18 22:00:00;85.60912954277677;0.0;0.0;0.0;0.0;0.0;0.0;0.0
2030-05-18 23:00:00;85.60632183168741;0.0;0.0;0.0;0.0;0.0;0.0;0.0
2030-05-19 00:00:00;85.62999759166897;0.0;0.0;0.0;0.0;0.0;0.0;0.0
2030-05-19 01:00:00;85.47899507989399;0.0;0.0;0.0;0.0;0.0;0.0;0.0
2030-05-19 02:00:00;85.5048084822862;0.0;0.0;0.0;0.0;0.0;0.0;0.0
2030-05-19 03:00:00;85.45399562595814;0.0;0.0;0.0;0.0;0.0;0.0;0.0
2030-05-19 04:00:00;85.43860186003425;0.0;0.0;0.0;0.0;0.0;0.0;0.0
2030-05-19 05:00:00;79.24852110882324;0.0;0.0;0.0;0.0;0.0;0.0;0.0
2030-05-19 06:00:00;79.16633286898448;0.0;0.0;0.0;0.0;0.0;0.0;0.0
2030-05-19 07:00:00;79.17201406477585;0.0;0.0;0.0;0.0;0.0;0.0;0.0
2030-05-19 08:00:00;79.17646885674831;0.0;0.0;0.0;0.0;0.0;0.0;0.0
2030-05-19 09:00:00;79.1793861905254;0.0;0.0;0.0;0.0;0.0;0.0;0.0
2030-05-19 10:00:00;79.16921046453726;0.0;0.0;0.0;0.0;0.0;0.0;0.0
2030-05-19 11:00:00;79.17526848831773;0.0;0.0;0.0;0.0;0.0;0.0;0.0
2030-05-19 12:00:00;79.17206065441815;0.0;0.0;0.0;0.0;0.0;0.0;0.0
2030-05-19 13:00:00;79.16093943274836;0.0;0.0;0.0;0.0;0.0;0.0;0.0
2030-05-19 14:00:00;79.15256699997332;0.0;0.0;0.0;0.0;0.0;0.0;0.0
2030-05-19 15:00:00;79.16843625430519;0.0;0.0;0.0;0.0;0.0;0.0;0.0
2030-05-19 16:00:00;79.2115234517158;0.0;0.0;0.0;0.0;0.0;0.0;0.0
2030-05-19 17:00:00;79.24284676444984;0.0;0.0;0.0;0.0;0.0;0.0;0.0
2030-05-19 18:00:00;79.26936723317786;0.0;0.0;0.0;0.0;0.0;0.0;0.0
2030-05-19 19:00:00;85.43631896756237;0.0;0.0;0.0;0.0;0.0;0.0;0.0
2030-05-19 20:00:00;85.44526691944796;0.0;0.0;0.0;0.0;0.0;0.0;0.0
2030-05-19 21:00:00;85.45050688392126;0.0;0.0;0.0;0.0;0.0;0.0;0.0
2030-05-19 22:00:00;85.42384116513199;0.0;0.0;0.0;0.0;0.0;0.0;0.0
2030-05-19 23:00:00;85.41004103903092;0.0;0.0;0.0;0.0;0.0;0.0;0.0
2030-05-20 00:00:00;85.41777903050075;0.0;0.0;0.0;0.0;0.0;0.0;0.0
2030-05-20 01:00:00;85.49229231191512;0.0;0.0;0.0;0.0;0.0;0.0;0.0
2030-05-20 02:00:00;85.53798989957717;0.0;0.0;0.0;0.0;0.0;0.0;0.0
2030-05-20 03:00:00;85.55562544946505;0.0;0.0;0.0;0.0;0.0;0.0;0.0
2030-05-20 04:00:00;85.72726717277159;0.0;0.0;0.0;0.0;0.0;0.0;0.0
2030-05-20 05:00:00;85.84486491102935;0.0;0.0;0.0;0.0;0.0;0.0;0.0
2030-05-20 06:00:00;86.0284829129699;0.0;0.0;0.0;0.0;0.0;0.0;0.0
2030-05-20 07:00:00;82.3801507970244;0.0;0.0;0.0;0.0;0.0;0.0;0.0
2030-05-20 08:00:00;79.60357940238165;0.0;0.0;0.0;0.0;0.0;0.0;0.0
2030-05-20 09:00:00;79.69210657413814;0.0;0.0;0.0;0.0;0.0;0.0;0.0
2030-05-20 10:00:00;79.64441659412665;0.0;0.0;0.0;0.0;0.0;0.0;0.0
2030-05-20 11:00:00;79.63079597517674;0.0;0.0;0.0;0.0;0.0;0.0;0.0
2030-05-20 12:00:00;79.67436688269692;0.0;0.0;0.0;0.0;0.0;0.0;0.0
2030-05-20 13:00:00;79.67596463337053;0.0;0.0;0.0;0.0;0.0;0.0;0.0
2030-05-20 14:00:00;79.64600749338229;0.0;0.0;0.0;0.0;0.0;0.0;0.0
2030-05-20 15:00:00;79.63087682190894;0.0;0.0;0.0;0.0;0.0;0.0;0.0
2030-05-20 16:00:00;79.64457143617308;0.0;0.0;0.0;0.0;0.0;0.0;0.0
2030-05-20 17:00:00;86.19541086070424;0.0;0.0;0.0;0.0;0.0;0.0;0.0
2030-05-20 18:00:00;86.23665091582666;0.0;0.0;0.0;0.0;0.0;0.0;0.0
2030-05-20 19:00:00;86.27164247774871;0.0;0.0;0.0;0.0;0.0;0.0;0.0
2030-05-20 20:00:00;86.281600328645;0.0;0.0;0.0;0.0;0.0;0.0;0.0
2030-05-20 21:00:00;86.25707499283357;0.0;0.0;0.0;0.0;0.0;0.0;0.0
2030-05-20 22:00:00;86.22940759673519;0.0;0.0;0.0;0.0;0.0;0.0;0.0
2030-05-20 23:00:00;86.21075803698585;0.0;0.0;0.0;0.0;0.0;0.0;0.0
2030-05-21 00:00:00;86.13317395003156;0.0;0.0;0.0;0.0;0.0;0.0;0.0
2030-05-21 01:00:00;79.60185421533356;0.0;0.0;0.0;0.0;0.0;0.0;0.0
2030-05-21 02:00:00;79.47489744011122;0.0;0.0;0.0;0.0;0.0;0.0;0.0
2030-05-21 03:00:00;79.47040428019805;0.0;0.0;0.0;0.0;0.0;0.0;0.0
2030-05-21 04:00:00;79.47820804528054;0.0;0.0;0.0;0.0;0.0;0.0;0.0
2030-05-21 05:00:00;79.49258780134295;0.0;0.0;0.0;0.0;0.0;0.0;0.0
2030-05-21 06:00:00;79.5832197287038;0.0;0.0;0.0;0.0;0.0;0.0;0.0
2030-05-21 07:00:00;79.67936704754082;0.0;0.0;0.0;0.0;0.0;0.0;0.0
2030-05-21 08:00:00;79.72240491474193;0.0;0.0;0.0;0.0;0.0;0.0;0.0
2030-05-21 09:00:00;79.83825554141406;0.0;0.0;0.0;0.0;0.0;0.0;0.0
2030-05-21 10:00:00;79.73004424579281;0.0;0.0;0.0;0.0;0.0;0.0;0.0
2030-05-21 11:00:00;79.7330849050936;0.0;0.0;0.0;0.0;0.0;0.0;0.0
2030-05-21 12:00:00;79.6337338632078;0.0;0.0;0.0;0.0;0.0;0.0;0.0
2030-05-21 13:00:00;79.609508619504;0.0;0.0;0.0;0.0;0.0;0.0;0.0
2030-05-21 14:00:00;79.64824516649549;0.0;0.0;0.0;0.0;0.0;0.0;0.0
2030-05-21 15:00:00;79.76103869046366;0.0;0.0;0.0;0.0;0.0;0.0;0.0
2030-05-21 16:00:00;79.77597889251707;0.0;0.0;0.0;0.0;0.0;0.0;0.0
2030-05-21 17:00:00;79.83112869642828;0.0;0.0;0.0;0.0;0.0;0.0;0.0
2030-05-21 18:00:00;79.93635003324182;0.0;0.0;0.0;0.0;0.0;0.0;0.0
2030-05-21 19:00:00;79.95271121938488;0.0;0.0;0.0;0.0;0.0;0.0;0.0
2030-05-21 20:00:00;79.96348027817034;0.0;0.0;0.0;0.0;0.0;0.0;0.0
2030-05-21 21:00:00;79.95888982812183;0.0;0.0;0.0;0.0;0.0;0.0;0.0
2030-05-21 22:00:00;79.93922214766023;0.0;0.0;0.0;0.0;0.0;0.0;0.0
2030-05-21 23:00:00;79.88239374634321;0.0;0.0;0.0;0.0;0.0;0.0;0.0
2030-05-22 00:00:00;79.665144874092;0.0;0.0;0.0;0.0;0.0;0.0;0.0
2030-05-22 01:00:00;79.55469316479036;0.0;0.0;0.0;0.0;0.0;0.0;0.0
2030-05-22 02:00:00;79.4439660284858;0.0;0.0;0.0;0.0;0.0;0.0;0.0
2030-05-22 03:00:00;79.42357346800162;0.0;0.0;0.0;0.0;0.0;0.0;0.0
2030-05-22 04:00:00;79.47176360152586;0.0;0.0;0.0;0.0;0.0;0.0;0.0
2030-05-22 05:00:00;79.53050217817648;0.0;0.0;0.0;0.0;0.0;0.0;0.0
2030-05-22 06:00:00;79.51280907637755;0.0;0.0;0.0;0.0;0.0;0.0;0.0
2030-05-22 07:00:00;79.5573624772365;0.0;0.0;0.0;0.0;0.0;0.0;0.0
2030-05-22 08:00:00;79.53268915079661;0.0;0.0;0.0;0.0;0.0;0.0;0.0
2030-05-22 09:00:00;79.53233150677791;0.0;0.0;0.0;0.0;0.0;0.0;0.0
2030-05-22 10:00:00;79.51699529276509;0.0;0.0;0.0;0.0;0.0;0.0;0.0
2030-05-22 11:00:00;79.51315986897828;0.0;0.0;0.0;0.0;0.0;0.0;0.0
2030-05-22 12:00:00;79.4894128542497;0.0;0.0;0.0;0.0;0.0;0.0;0.0
2030-05-22 13:00:00;79.49019528618334;0.0;0.0;0.0;0.0;0.0;0.0;0.0
2030-05-22 14:00:00;79.47906858337917;0.0;0.0;0.0;0.0;0.0;0.0;0.0
2030-05-22 15:00:00;79.46982327995312;0.0;0.0;0.0;0.0;0.0;0.0;0.0
2030-05-22 16:00:00;79.4703056197791;0.0;0.0;0.0;0.0;0.0;0.0;0.0
2030-05-22 17:00:00;79.50872700154338;0.0;0.0;0.0;0.0;0.0;0.0;0.0
2030-05-22 18:00:00;79.6490769286386;0.0;0.0;0.0;0.0;0.0;0.0;0.0
2030-05-22 19:00:00;79.69241488794736;0.0;0.0;0.0;0.0;0.0;0.0;0.0
2030-05-22 20:00:00;79.66636990762731;0.0;0.0;0.0;0.0;0.0;0.0;0.0
2030-05-22 21:00:00;79.68938245034815;0.0;0.0;0.0;0.0;0.0;0.0;0.0
2030-05-22 22:00:00;79.66456661441424;0.0;0.0;0.0;0.0;0.0;0.0;0.0
2030-05-22 23:00:00;79.63527132140314;0.0;0.0;0.0;0.0;0.0;0.0;0.0
2030-05-23 00:00:00;79.63375715802893;0.0;0.0;0.0;0.0;0.0;0.0;0.0
2030-05-23 01:00:00;79.5847654086007;0.0;0.0;0.0;0.0;0.0;0.0;0.0
2030-05-23 02:00:00;79.53165869753198;0.0;0.0;0.0;0.0;0.0;0.0;0.0
2030-05-23 03:00:00;79.58430773387946;0.0;0.0;0.0;0.0;0.0;0.0;0.0
2030-05-23 04:00:00;79.59764744469209;0.0;0.0;0.0;0.0;0.0;0.0;0.0
2030-05-23 05:00:00;79.65793170123965;0.0;0.0;0.0;0.0;0.0;0.0;0.0
2030-05-23 06:00:00;79.8901495514998;0.0;0.0;0.0;0.0;0.0;0.0;0.0
2030-05-23 07:00:00;79.86320429485683;0.0;0.0;0.0;0.0;0.0;0.0;0.0
2030-05-23 08:00:00;79.78068307610411;0.0;0.0;0.0;0.0;0.0;0.0;0.0
2030-05-23 09:00:00;79.7896803581992;0.0;0.0;0.0;0.0;0.0;0.0;0.0
2030-05-23 10:00:00;79.75432293055687;0.0;0.0;0.0;0.0;0.0;0.0;0.0
2030-05-23 11:00:00;79.79301014733886;0.0;0.0;0.0;0.0;0.0;0.0;0.0
2030-05-23 12:00:00;79.85389321781813;0.0;0.0;0.0;0.0;0.0;0.0;0.0
2030-05-23 13:00:00;79.77326710127946;0.0;0.0;0.0;0.0;0.0;0.0;0.0
2030-05-23 14:00:00;79.7601822632158;0.0;0.0;0.0;0.0;0.0;0.0;0.0
2030-05-23 15:00:00;79.83675234030864;0.0;0.0;0.0;0.0;0.0;0.0;0.0
2030-05-23 16:00:00;79.9374791469254;0.0;0.0;0.0;0.0;0.0;0.0;0.0
2030-05-23 17:00:00;79.87247152282045;0.0;0.0;0.0;0.0;0.0;0.0;0.0
2030-05-23 18:00:00;79.90925541568681;0.0;0.0;0.0;0.0;0.0;0.0;0.0
2030-05-23 19:00:00;86.43264257864428;0.0;0.0;0.0;0.0;0.0;0.0;0.0
2030-05-23 20:00:00;86.43486106778712;0.0;0.0;0.0;0.0;0.0;0.0;0.0
2030-05-23 21:00:00;86.41453017006478;0.0;0.0;0.0;0.0;0.0;0.0;0.0
2030-05-23 22:00:00;86.40855436330014;0.0;0.0;0.0;0.0;0.0;0.0;0.0
2030-05-23 23:00:00;86.38194482613832;0.0;0.0;0.0;0.0;0.0;0.0;0.0
2030-05-24 00:00:00;86.32220046132782;0.0;0.0;0.0;0.0;0.0;0.0;0.0
2030-05-24 01:00:00;86.35842527848676;0.0;0.0;0.0;0.0;0.0;0.0;0.0
2030-05-24 02:00:00;86.38384403920317;0.0;0.0;0.0;0.0;0.0;0.0;0.0
2030-05-24 03:00:00;86.36494371755566;0.0;0.0;0.0;0.0;0.0;0.0;0.0
2030-05-24 04:00:00;86.34040604919184;0.0;0.0;0.0;0.0;0.0;0.0;0.0
2030-05-24 05:00:00;86.35508589736193;0.0;0.0;0.0;0.0;0.0;0.0;0.0
2030-05-24 06:00:00;86.31747983433762;0.0;0.0;0.0;0.0;0.0;0.0;0.0
2030-05-24 07:00:00;86.33311202960732;0.0;0.0;0.0;0.0;0.0;0.0;0.0
2030-05-24 08:00:00;81.44892524876482;0.0;0.0;0.0;0.0;0.0;0.0;0.0
2030-05-24 09:00:00;79.9919479198891;0.0;0.0;0.0;0.0;0.0;0.0;0.0
2030-05-24 10:00:00;79.95780593379692;0.0;0.0;0.0;0.0;0.0;0.0;0.0
2030-05-24 11:00:00;79.77404405207872;0.0;0.0;0.0;0.0;0.0;0.0;0.0
2030-05-24 12:00:00;79.88595922426148;0.0;0.0;0.0;0.0;0.0;0.0;0.0
2030-05-24 13:00:00;79.7779342872094;0.0;0.0;0.0;0.0;0.0;0.0;0.0
2030-05-24 14:00:00;79.86268221680655;0.0;0.0;0.0;0.0;0.0;0.0;0.0
2030-05-24 15:00:00;79.8697295853437;0.0;0.0;0.0;0.0;0.0;0.0;0.0
2030-05-24 16:00:00;79.86579824170515;0.0;0.0;0.0;0.0;0.0;0.0;0.0
2030-05-24 17:00:00;79.81646255109419;0.0;0.0;0.0;0.0;0.0;0.0;0.0
2030-05-24 18:00:00;86.24298847746078;0.0;0.0;0.0;0.0;0.0;0.0;0.0
2030-05-24 19:00:00;86.24935892590128;0.0;0.0;0.0;0.0;0.0;0.0;0.0
2030-05-24 20:00:00;86.22514464446624;0.0;0.0;0.0;0.0;0.0;0.0;0.0
2030-05-24 21:00:00;86.23094368464693;0.0;0.0;0.0;0.0;0.0;0.0;0.0
2030-05-24 22:00:00;86.13968416739888;0.0;0.0;0.0;0.0;0.0;0.0;0.0
2030-05-24 23:00:00;86.05321105075365;0.0;0.0;0.0;0.0;0.0;0.0;0.0
2030-05-25 00:00:00;85.91768041106755;0.0;0.0;0.0;0.0;0.0;0.0;0.0
2030-05-25 01:00:00;85.75604038773238;0.0;0.0;0.0;0.0;0.0;0.0;0.0
2030-05-25 02:00:00;85.6195478089615;0.0;0.0;0.0;0.0;0.0;0.0;0.0
2030-05-25 03:00:00;79.31916882021167;0.0;0.0;0.0;0.0;0.0;0.0;0.0
2030-05-25 04:00:00;79.30946310149713;0.0;0.0;0.0;0.0;0.0;0.0;0.0
2030-05-25 05:00:00;85.54258309019289;0.0;0.0;0.0;0.0;0.0;0.0;0.0
2030-05-25 06:00:00;85.06437329895982;0.0;0.0;0.0;0.0;0.0;0.0;0.0
2030-05-25 07:00:00;79.91832258224534;0.0;0.0;0.0;0.0;0.0;0.0;0.0
2030-05-25 08:00:00;79.32507885336368;0.0;0.0;0.0;0.0;0.0;0.0;0.0
2030-05-25 09:00:00;79.33343073188476;0.0;0.0;0.0;0.0;0.0;0.0;0.0
2030-05-25 10:00:00;79.33863232841736;0.0;0.0;0.0;0.0;0.0;0.0;0.0
2030-05-25 11:00:00;79.33585202299992;0.0;0.0;0.0;0.0;0.0;0.0;0.0
2030-05-25 12:00:00;79.32493086273524;0.0;0.0;0.0;0.0;0.0;0.0;0.0
2030-05-25 13:00:00;79.32780434743725;0.0;0.0;0.0;0.0;0.0;0.0;0.0
2030-05-25 14:00:00;79.3340226943985;0.0;0.0;0.0;0.0;0.0;0.0;0.0
2030-05-25 15:00:00;79.32856622511694;0.0;0.0;0.0;0.0;0.0;0.0;0.0
2030-05-25 16:00:00;79.32277814720504;0.0;0.0;0.0;0.0;0.0;0.0;0.0
2030-05-25 17:00:00;79.33527102275497;0.0;0.0;0.0;0.0;0.0;0.0;0.0
2030-05-25 18:00:00;79.35786014784445;0.0;0.0;0.0;0.0;0.0;0.0;0.0
2030-05-25 19:00:00;79.35639942553051;0.0;0.0;0.0;0.0;0.0;0.0;0.0
2030-05-25 20:00:00;79.36804272525058;0.0;0.0;0.0;0.0;0.0;0.0;0.0
2030-05-25 21:00:00;85.6493638097393;0.0;0.0;0.0;0.0;0.0;0.0;0.0
2030-05-25 22:00:00;84.99174552777431;0.0;0.0;0.0;0.0;0.0;0.0;0.0
2030-05-25 23:00:00;79.35111561198212;0.0;0.0;0.0;0.0;0.0;0.0;0.0
2030-05-26 00:00:00;79.25298549278085;0.0;0.0;0.0;0.0;0.0;0.0;0.0
2030-05-26 01:00:00;79.12901867636624;0.0;0.0;0.0;0.0;0.0;0.0;0.0
2030-05-26 02:00:00;79.06409875041147;0.0;0.0;0.0;0.0;0.0;0.0;0.0
2030-05-26 03:00:00;79.03242053422593;0.0;0.0;0.0;0.0;0.0;0.0;0.0
2030-05-26 04:00:00;79.02890849736792;0.0;0.0;0.0;0.0;0.0;0.0;0.0
2030-05-26 05:00:00;79.02501689195365;0.0;0.0;0.0;0.0;0.0;0.0;0.0
2030-05-26 06:00:00;79.0449051880743;0.0;0.0;0.0;0.0;0.0;0.0;0.0
2030-05-26 07:00:00;79.05470134550617;0.0;0.0;0.0;0.0;0.0;0.0;0.0
2030-05-26 08:00:00;79.0518566367597;0.0;0.0;0.0;0.0;0.0;0.0;0.0
2030-05-26 09:00:00;79.0494641216001;0.0;0.0;0.0;0.0;0.0;0.0;0.0
2030-05-26 10:00:00;79.0302308210386;0.0;0.0;0.0;0.0;0.0;0.0;0.0
2030-05-26 11:00:00;79.03693698896024;0.0;0.0;0.0;0.0;0.0;0.0;0.0
2030-05-26 12:00:00;79.0578475166439;0.0;0.0;0.0;0.0;0.0;0.0;0.0
2030-05-26 13:00:00;79.04526557266018;0.0;0.0;0.0;0.0;0.0;0.0;0.0
2030-05-26 14:00:00;79.0825496190393;0.0;0.0;0.0;0.0;0.0;0.0;0.0
2030-05-26 15:00:00;79.04087381373316;0.0;0.0;0.0;0.0;0.0;0.0;0.0
2030-05-26 16:00:00;79.0454163038558;0.0;0.0;0.0;0.0;0.0;0.0;0.0
2030-05-26 17:00:00;79.12847330349481;0.0;0.0;0.0;0.0;0.0;0.0;0.0
2030-05-26 18:00:00;79.0927445289978;0.0;0.0;0.0;0.0;0.0;0.0;0.0
2030-05-26 19:00:00;79.11405929034248;0.0;0.0;0.0;0.0;0.0;0.0;0.0
2030-05-26 20:00:00;79.11581873448044;0.0;0.0;0.0;0.0;0.0;0.0;0.0
2030-05-26 21:00:00;79.11433334706177;0.0;0.0;0.0;0.0;0.0;0.0;0.0
2030-05-26 22:00:00;79.13439566919917;0.0;0.0;0.0;0.0;0.0;0.0;0.0
2030-05-26 23:00:00;79.13148655712367;0.0;0.0;0.0;0.0;0.0;0.0;0.0
2030-05-27 00:00:00;79.11230532733885;0.0;0.0;0.0;0.0;0.0;0.0;0.0
2030-05-27 01:00:00;79.10889058061619;0.0;0.0;0.0;0.0;0.0;0.0;0.0
2030-05-27 02:00:00;79.12478587033642;0.0;0.0;0.0;0.0;0.0;0.0;0.0
2030-05-27 03:00:00;79.14676110837465;0.0;0.0;0.0;0.0;0.0;0.0;0.0
2030-05-27 04:00:00;79.20955983532193;0.0;0.0;0.0;0.0;0.0;0.0;0.0
2030-05-27 05:00:00;79.32185594634456;0.0;0.0;0.0;0.0;0.0;0.0;0.0
2030-05-27 06:00:00;85.06027341043887;0.0;0.0;0.0;0.0;0.0;0.0;0.0
2030-05-27 07:00:00;81.69800169811361;0.0;0.0;0.0;0.0;0.0;0.0;0.0
2030-05-27 08:00:00;79.56420019238337;0.0;0.0;0.0;0.0;0.0;0.0;0.0
2030-05-27 09:00:00;79.55894515479052;0.0;0.0;0.0;0.0;0.0;0.0;0.0
2030-05-27 10:00:00;79.59419707059592;0.0;0.0;0.0;0.0;0.0;0.0;0.0
2030-05-27 11:00:00;79.59941374024807;0.0;0.0;0.0;0.0;0.0;0.0;0.0
2030-05-27 12:00:00;79.58943533509785;0.0;0.0;0.0;0.0;0.0;0.0;0.0
2030-05-27 13:00:00;79.67691012905216;0.0;0.0;0.0;0.0;0.0;0.0;0.0
2030-05-27 14:00:00;79.69740957165688;0.0;0.0;0.0;0.0;0.0;0.0;0.0
2030-05-27 15:00:00;79.67223198085347;0.0;0.0;0.0;0.0;0.0;0.0;0.0
2030-05-27 16:00:00;79.67572209317393;0.0;0.0;0.0;0.0;0.0;0.0;0.0
2030-05-27 17:00:00;79.82888280161352;0.0;0.0;0.0;0.0;0.0;0.0;0.0
2030-05-27 18:00:00;79.82527347462015;0.0;0.0;0.0;0.0;0.0;0.0;0.0
2030-05-27 19:00:00;86.31034476765026;0.0;0.0;0.0;0.0;0.0;0.0;0.0
2030-05-27 20:00:00;86.29755591084349;0.0;0.0;0.0;0.0;0.0;0.0;0.0
2030-05-27 21:00:00;86.2495411736196;0.0;0.0;0.0;0.0;0.0;0.0;0.0
2030-05-27 22:00:00;86.2473487198651;0.0;0.0;0.0;0.0;0.0;0.0;0.0
2030-05-27 23:00:00;86.20116742209343;0.0;0.0;0.0;0.0;0.0;0.0;0.0
2030-05-28 00:00:00;86.16915896756113;0.0;0.0;0.0;0.0;0.0;0.0;0.0
2030-05-28 01:00:00;86.1579418260396;0.0;0.0;0.0;0.0;0.0;0.0;0.0
2030-05-28 02:00:00;86.11723070038548;0.0;0.0;0.0;0.0;0.0;0.0;0.0
2030-05-28 03:00:00;86.08194726805735;0.0;0.0;0.0;0.0;0.0;0.0;0.0
2030-05-28 04:00:00;86.03079184083012;0.0;0.0;0.0;0.0;0.0;0.0;0.0
2030-05-28 05:00:00;86.19296901533517;0.0;0.0;0.0;0.0;0.0;0.0;0.0
2030-05-28 06:00:00;86.2553415840839;0.0;0.0;0.0;0.0;0.0;0.0;0.0
2030-05-28 07:00:00;86.28493833948626;0.0;0.0;0.0;0.0;0.0;0.0;0.0
2030-05-28 08:00:00;86.25490172304939;0.0;0.0;0.0;0.0;0.0;0.0;0.0
2030-05-28 09:00:00;79.79714018209894;0.0;0.0;0.0;0.0;0.0;0.0;0.0
2030-05-28 10:00:00;79.76984687342244;0.0;0.0;0.0;0.0;0.0;0.0;0.0
2030-05-28 11:00:00;79.7991901263594;0.0;0.0;0.0;0.0;0.0;0.0;0.0
2030-05-28 12:00:00;79.79947514534749;0.0;0.0;0.0;0.0;0.0;0.0;0.0
2030-05-28 13:00:00;79.7412805712847;0.0;0.0;0.0;0.0;0.0;0.0;0.0
2030-05-28 14:00:00;79.74031589163272;0.0;0.0;0.0;0.0;0.0;0.0;0.0
2030-05-28 15:00:00;79.73344391939588;0.0;0.0;0.0;0.0;0.0;0.0;0.0
2030-05-28 16:00:00;79.77114453198838;0.0;0.0;0.0;0.0;0.0;0.0;0.0
2030-05-28 17:00:00;86.25279285659428;0.0;0.0;0.0;0.0;0.0;0.0;0.0
2030-05-28 18:00:00;86.23009273853347;0.0;0.0;0.0;0.0;0.0;0.0;0.0
2030-05-28 19:00:00;86.19948745440405;0.0;0.0;0.0;0.0;0.0;0.0;0.0
2030-05-28 20:00:00;86.22824559624529;0.0;0.0;0.0;0.0;0.0;0.0;0.0
2030-05-28 21:00:00;86.20756801677302;0.0;0.0;0.0;0.0;0.0;0.0;0.0
2030-05-28 22:00:00;86.10285505517383;0.0;0.0;0.0;0.0;0.0;0.0;0.0
2030-05-28 23:00:00;86.07937524574658;0.0;0.0;0.0;0.0;0.0;0.0;0.0
2030-05-29 00:00:00;86.02667824947324;0.0;0.0;0.0;0.0;0.0;0.0;0.0
2030-05-29 01:00:00;86.04052359493299;0.0;0.0;0.0;0.0;0.0;0.0;0.0
2030-05-29 02:00:00;86.04294351576453;0.0;0.0;0.0;0.0;0.0;0.0;0.0
2030-05-29 03:00:00;86.05672719846245;0.0;0.0;0.0;0.0;0.0;0.0;0.0
2030-05-29 04:00:00;86.08886582993644;0.0;0.0;0.0;0.0;0.0;0.0;0.0
2030-05-29 05:00:00;86.070413591025;0.0;0.0;0.0;0.0;0.0;0.0;0.0
2030-05-29 06:00:00;86.14281526541704;0.0;0.0;0.0;0.0;0.0;0.0;0.0
2030-05-29 07:00:00;86.17186527766435;0.0;0.0;0.0;0.0;0.0;0.0;0.0
2030-05-29 08:00:00;86.1648960152922;0.0;0.0;0.0;0.0;0.0;0.0;0.0
2030-05-29 09:00:00;79.68099494445352;0.0;0.0;0.0;0.0;0.0;0.0;0.0
2030-05-29 10:00:00;79.6869214210087;0.0;0.0;0.0;0.0;0.0;0.0;0.0
2030-05-29 11:00:00;79.67735410093745;0.0;0.0;0.0;0.0;0.0;0.0;0.0
2030-05-29 12:00:00;79.6600282351424;0.0;0.0;0.0;0.0;0.0;0.0;0.0
2030-05-29 13:00:00;79.63859836997563;0.0;0.0;0.0;0.0;0.0;0.0;0.0
2030-05-29 14:00:00;79.64019200979843;0.0;0.0;0.0;0.0;0.0;0.0;0.0
2030-05-29 15:00:00;79.64142252446815;0.0;0.0;0.0;0.0;0.0;0.0;0.0
2030-05-29 16:00:00;79.60113207587816;0.0;0.0;0.0;0.0;0.0;0.0;0.0
2030-05-29 17:00:00;79.69310551088005;0.0;0.0;0.0;0.0;0.0;0.0;0.0
2030-05-29 18:00:00;86.2459030706707;0.0;0.0;0.0;0.0;0.0;0.0;0.0
2030-05-29 19:00:00;86.32928619780567;0.0;0.0;0.0;0.0;0.0;0.0;0.0
2030-05-29 20:00:00;86.3512600655603;0.0;0.0;0.0;0.0;0.0;0.0;0.0
2030-05-29 21:00:00;86.29871654104977;0.0;0.0;0.0;0.0;0.0;0.0;0.0
2030-05-29 22:00:00;86.23502164863032;0.0;0.0;0.0;0.0;0.0;0.0;0.0
2030-05-29 23:00:00;86.15792264206925;0.0;0.0;0.0;0.0;0.0;0.0;0.0
2030-05-30 00:00:00;85.95020820308298;0.0;0.0;0.0;0.0;0.0;0.0;0.0
2030-05-30 01:00:00;85.60143540038203;0.0;0.0;0.0;0.0;0.0;0.0;0.0
2030-05-30 02:00:00;85.41206905875384;0.0;0.0;0.0;0.0;0.0;0.0;0.0
2030-05-30 03:00:00;85.3548569780298;0.0;0.0;0.0;0.0;0.0;0.0;0.0
2030-05-30 04:00:00;85.3273937541873;0.0;0.0;0.0;0.0;0.0;0.0;0.0
2030-05-30 05:00:00;85.31157931119927;0.0;0.0;0.0;0.0;0.0;0.0;0.0
2030-05-30 06:00:00;85.19811160770158;0.0;0.0;0.0;0.0;0.0;0.0;0.0
2030-05-30 07:00:00;85.29169375564584;0.0;0.0;0.0;0.0;0.0;0.0;0.0
2030-05-30 08:00:00;85.33292969991746;0.0;0.0;0.0;0.0;0.0;0.0;0.0
2030-05-30 09:00:00;85.45934521311915;0.0;0.0;0.0;0.0;0.0;0.0;0.0
2030-05-30 10:00:00;79.27137469864684;0.0;0.0;0.0;0.0;0.0;0.0;0.0
2030-05-30 11:00:00;79.27414267151192;0.0;0.0;0.0;0.0;0.0;0.0;0.0
2030-05-30 12:00:00;79.27400975400306;0.0;0.0;0.0;0.0;0.0;0.0;0.0
2030-05-30 13:00:00;79.25834467192705;0.0;0.0;0.0;0.0;0.0;0.0;0.0
2030-05-30 14:00:00;79.20041456259838;0.0;0.0;0.0;0.0;0.0;0.0;0.0
2030-05-30 15:00:00;79.17158379572653;0.0;0.0;0.0;0.0;0.0;0.0;0.0
2030-05-30 16:00:00;79.17490810373181;0.0;0.0;0.0;0.0;0.0;0.0;0.0
2030-05-30 17:00:00;85.36708949969639;0.0;0.0;0.0;0.0;0.0;0.0;0.0
2030-05-30 18:00:00;85.40335816593044;0.0;0.0;0.0;0.0;0.0;0.0;0.0
2030-05-30 19:00:00;85.4126802052379;0.0;0.0;0.0;0.0;0.0;0.0;0.0
2030-05-30 20:00:00;85.43722198445252;0.0;0.0;0.0;0.0;0.0;0.0;0.0
2030-05-30 21:00:00;85.41494939487384;0.0;0.0;0.0;0.0;0.0;0.0;0.0
2030-05-30 22:00:00;85.40568353719384;0.0;0.0;0.0;0.0;0.0;0.0;0.0
2030-05-30 23:00:00;85.54448367354132;0.0;0.0;0.0;0.0;0.0;0.0;0.0
2030-05-31 00:00:00;85.49560428736802;0.0;0.0;0.0;0.0;0.0;0.0;0.0
2030-05-31 01:00:00;85.39902395891448;0.0;0.0;0.0;0.0;0.0;0.0;0.0
2030-05-31 02:00:00;85.35515707013744;0.0;0.0;0.0;0.0;0.0;0.0;0.0
2030-05-31 03:00:00;85.52467759443648;0.0;0.0;0.0;0.0;0.0;0.0;0.0
2030-05-31 04:00:00;85.41165112225688;0.0;0.0;0.0;0.0;0.0;0.0;0.0
2030-05-31 05:00:00;85.54372864727962;0.0;0.0;0.0;0.0;0.0;0.0;0.0
2030-05-31 06:00:00;85.72471707499838;0.0;0.0;0.0;0.0;0.0;0.0;0.0
2030-05-31 07:00:00;85.8484386106492;0.0;0.0;0.0;0.0;0.0;0.0;0.0
2030-05-31 08:00:00;85.85673841839363;0.0;0.0;0.0;0.0;0.0;0.0;0.0
2030-05-31 09:00:00;85.83285711587257;0.0;0.0;0.0;0.0;0.0;0.0;0.0
2030-05-31 10:00:00;85.7848478597831;0.0;0.0;0.0;0.0;0.0;0.0;0.0
2030-05-31 11:00:00;79.4164329201799;0.0;0.0;0.0;0.0;0.0;0.0;0.0
2030-05-31 12:00:00;85.77268111172916;0.0;0.0;0.0;0.0;0.0;0.0;0.0
2030-05-31 13:00:00;85.5426187175664;0.0;0.0;0.0;0.0;0.0;0.0;0.0
2030-05-31 14:00:00;79.37877341609531;0.0;0.0;0.0;0.0;0.0;0.0;0.0
2030-05-31 15:00:00;79.37416104150927;0.0;0.0;0.0;0.0;0.0;0.0;0.0
2030-05-31 16:00:00;85.81234260014833;0.0;0.0;0.0;0.0;0.0;0.0;0.0
2030-05-31 17:00:00;85.93867041519984;0.0;0.0;0.0;0.0;0.0;0.0;0.0
2030-05-31 18:00:00;86.00658029996231;0.0;0.0;0.0;0.0;0.0;0.0;0.0
2030-05-31 19:00:00;86.04920023066649;0.0;0.0;0.0;0.0;0.0;0.0;0.0
2030-05-31 20:00:00;86.01451287170288;0.0;0.0;0.0;0.0;0.0;0.0;0.0
2030-05-31 21:00:00;86.01000463867015;0.0;0.0;0.0;0.0;0.0;0.0;0.0
2030-05-31 22:00:00;86.0361195034536;0.0;0.0;0.0;0.0;0.0;0.0;0.0
2030-05-31 23:00:00;86.00588693646245;0.0;0.0;0.0;0.0;0.0;0.0;0.0
2030-06-01 00:00:00;85.76717942308892;0.0;0.0;0.0;0.0;0.0;0.0;0.0
2030-06-01 01:00:00;85.53670320327998;0.0;0.0;0.0;0.0;0.0;0.0;0.0
2030-06-01 02:00:00;85.36801581140766;0.0;0.0;0.0;0.0;0.0;0.0;0.0
2030-06-01 03:00:00;85.28942045515913;0.0;0.0;0.0;0.0;0.0;0.0;0.0
2030-06-01 04:00:00;85.1805966427702;0.0;0.0;0.0;0.0;0.0;0.0;0.0
2030-06-01 05:00:00;85.22358106891106;0.0;0.0;0.0;0.0;0.0;0.0;0.0
2030-06-01 06:00:00;85.2445505187894;0.0;0.0;0.0;0.0;0.0;0.0;0.0
2030-06-01 07:00:00;85.28763908648358;0.0;0.0;0.0;0.0;0.0;0.0;0.0
2030-06-01 08:00:00;85.35335788777515;0.0;0.0;0.0;0.0;0.0;0.0;0.0
2030-06-01 09:00:00;85.37951523135008;0.0;0.0;0.0;0.0;0.0;0.0;0.0
2030-06-01 10:00:00;85.05009083303275;0.0;0.0;0.0;0.0;0.0;0.0;0.0
2030-06-01 11:00:00;80.91107523427458;0.0;0.0;0.0;0.0;0.0;0.0;0.0
2030-06-01 12:00:00;79.23936076298014;0.0;0.0;0.0;0.0;0.0;0.0;0.0
2030-06-01 13:00:00;79.22146348892534;0.0;0.0;0.0;0.0;0.0;0.0;0.0
2030-06-01 14:00:00;79.19943206925964;0.0;0.0;0.0;0.0;0.0;0.0;0.0
2030-06-01 15:00:00;79.20599709797084;0.0;0.0;0.0;0.0;0.0;0.0;0.0
2030-06-01 16:00:00;79.24125038405981;0.0;0.0;0.0;0.0;0.0;0.0;0.0
2030-06-01 17:00:00;79.2994079604655;0.0;0.0;0.0;0.0;0.0;0.0;0.0
2030-06-01 18:00:00;79.36168734992968;0.0;0.0;0.0;0.0;0.0;0.0;0.0
2030-06-01 19:00:00;79.37704685876363;0.0;0.0;0.0;0.0;0.0;0.0;0.0
2030-06-01 20:00:00;79.39140469028851;0.0;0.0;0.0;0.0;0.0;0.0;0.0
2030-06-01 21:00:00;79.37837466356872;0.0;0.0;0.0;0.0;0.0;0.0;0.0
2030-06-01 22:00:00;79.38127555394266;0.0;0.0;0.0;0.0;0.0;0.0;0.0
2030-06-01 23:00:00;79.3843408783482;0.0;0.0;0.0;0.0;0.0;0.0;0.0
2030-06-02 00:00:00;79.36501576878575;0.0;0.0;0.0;0.0;0.0;0.0;0.0
2030-06-02 01:00:00;80.02514029944886;0.0;0.0;0.0;0.0;0.0;0.0;0.0
2030-06-02 02:00:00;79.22420953725286;0.0;0.0;0.0;0.0;0.0;0.0;0.0
2030-06-02 03:00:00;79.13667171025308;0.0;0.0;0.0;0.0;0.0;0.0;0.0
2030-06-02 04:00:00;85.0951073897473;0.0;0.0;0.0;0.0;0.0;0.0;0.0
2030-06-02 05:00:00;85.04349154723164;0.0;0.0;0.0;0.0;0.0;0.0;0.0
2030-06-02 06:00:00;85.06339354618827;0.0;0.0;0.0;0.0;0.0;0.0;0.0
2030-06-02 07:00:00;85.0485122663295;0.0;0.0;0.0;0.0;0.0;0.0;0.0
2030-06-02 08:00:00;85.10026239663762;0.0;0.0;0.0;0.0;0.0;0.0;0.0
2030-06-02 09:00:00;79.13842430297309;0.0;0.0;0.0;0.0;0.0;0.0;0.0
2030-06-02 10:00:00;79.11441145322678;0.0;0.0;0.0;0.0;0.0;0.0;0.0
2030-06-02 11:00:00;79.11498286148655;0.0;0.0;0.0;0.0;0.0;0.0;0.0
2030-06-02 12:00:00;79.10316553574971;0.0;0.0;0.0;0.0;0.0;0.0;0.0
2030-06-02 13:00:00;79.08283600831099;0.0;0.0;0.0;0.0;0.0;0.0;0.0
2030-06-02 14:00:00;79.08081895085684;0.0;0.0;0.0;0.0;0.0;0.0;0.0
2030-06-02 15:00:00;79.07167093756613;0.0;0.0;0.0;0.0;0.0;0.0;0.0
2030-06-02 16:00:00;79.0903766789429;0.0;0.0;0.0;0.0;0.0;0.0;0.0
2030-06-02 17:00:00;79.15993775543927;0.0;0.0;0.0;0.0;0.0;0.0;0.0
2030-06-02 18:00:00;85.25834790432324;0.0;0.0;0.0;0.0;0.0;0.0;0.0
2030-06-02 19:00:00;85.26484441885461;0.0;0.0;0.0;0.0;0.0;0.0;0.0
2030-06-02 20:00:00;85.2922610530548;0.0;0.0;0.0;0.0;0.0;0.0;0.0
2030-06-02 21:00:00;85.29596767018354;0.0;0.0;0.0;0.0;0.0;0.0;0.0
2030-06-02 22:00:00;85.307290323542;0.0;0.0;0.0;0.0;0.0;0.0;0.0
2030-06-02 23:00:00;85.28593993482382;0.0;0.0;0.0;0.0;0.0;0.0;0.0
2030-06-03 00:00:00;85.29516879484675;0.0;0.0;0.0;0.0;0.0;0.0;0.0
2030-06-03 01:00:00;85.19597944642533;0.0;0.0;0.0;0.0;0.0;0.0;0.0
2030-06-03 02:00:00;85.17406998199974;0.0;0.0;0.0;0.0;0.0;0.0;0.0
2030-06-03 03:00:00;85.19497913939982;0.0;0.0;0.0;0.0;0.0;0.0;0.0
2030-06-03 04:00:00;85.21200765365441;0.0;0.0;0.0;0.0;0.0;0.0;0.0
2030-06-03 05:00:00;85.44730727172328;0.0;0.0;0.0;0.0;0.0;0.0;0.0
2030-06-03 06:00:00;85.75374242214096;0.0;0.0;0.0;0.0;0.0;0.0;0.0
2030-06-03 07:00:00;85.91448490972036;0.0;0.0;0.0;0.0;0.0;0.0;0.0
2030-06-03 08:00:00;79.70049133946557;0.0;0.0;0.0;0.0;0.0;0.0;0.0
2030-06-03 09:00:00;79.48077458645692;0.0;0.0;0.0;0.0;0.0;0.0;0.0
2030-06-03 10:00:00;79.50188791611288;0.0;0.0;0.0;0.0;0.0;0.0;0.0
2030-06-03 11:00:00;79.5622228731535;0.0;0.0;0.0;0.0;0.0;0.0;0.0
2030-06-03 12:00:00;79.58431732586463;0.0;0.0;0.0;0.0;0.0;0.0;0.0
2030-06-03 13:00:00;79.58187548049554;0.0;0.0;0.0;0.0;0.0;0.0;0.0
2030-06-03 14:00:00;79.53723438148643;0.0;0.0;0.0;0.0;0.0;0.0;0.0
2030-06-03 15:00:00;79.53923225497024;0.0;0.0;0.0;0.0;0.0;0.0;0.0
2030-06-03 16:00:00;79.49115859555172;0.0;0.0;0.0;0.0;0.0;0.0;0.0
2030-06-03 17:00:00;79.43867947437023;0.0;0.0;0.0;0.0;0.0;0.0;0.0
2030-06-03 18:00:00;85.8618673898956;0.0;0.0;0.0;0.0;0.0;0.0;0.0
2030-06-03 19:00:00;85.84000040426152;0.0;0.0;0.0;0.0;0.0;0.0;0.0
2030-06-03 20:00:00;85.95485894560971;0.0;0.0;0.0;0.0;0.0;0.0;0.0
2030-06-03 21:00:00;85.95210056472983;0.0;0.0;0.0;0.0;0.0;0.0;0.0
2030-06-03 22:00:00;79.47641160348543;0.0;0.0;0.0;0.0;0.0;0.0;0.0
2030-06-03 23:00:00;79.47706933961177;0.0;0.0;0.0;0.0;0.0;0.0;0.0
2030-06-04 00:00:00;79.48074855106859;0.0;0.0;0.0;0.0;0.0;0.0;0.0
2030-06-04 01:00:00;79.50358843805623;0.0;0.0;0.0;0.0;0.0;0.0;0.0
2030-06-04 02:00:00;79.52432219915596;0.0;0.0;0.0;0.0;0.0;0.0;0.0
2030-06-04 03:00:00;79.53604497532463;0.0;0.0;0.0;0.0;0.0;0.0;0.0
2030-06-04 04:00:00;79.52720664612674;0.0;0.0;0.0;0.0;0.0;0.0;0.0
2030-06-04 05:00:00;84.37109338639408;0.0;0.0;0.0;0.0;0.0;0.0;0.0
2030-06-04 06:00:00;85.97428271559114;0.0;0.0;0.0;0.0;0.0;0.0;0.0
2030-06-04 07:00:00;86.00430836975919;0.0;0.0;0.0;0.0;0.0;0.0;0.0
2030-06-04 08:00:00;85.98282917438294;0.0;0.0;0.0;0.0;0.0;0.0;0.0
2030-06-04 09:00:00;86.00708045347508;0.0;0.0;0.0;0.0;0.0;0.0;0.0
2030-06-04 10:00:00;85.97909652186588;0.0;0.0;0.0;0.0;0.0;0.0;0.0
2030-06-04 11:00:00;85.95588802859076;0.0;0.0;0.0;0.0;0.0;0.0;0.0
2030-06-04 12:00:00;85.98562729348716;0.0;0.0;0.0;0.0;0.0;0.0;0.0
2030-06-04 13:00:00;79.53596549887602;0.0;0.0;0.0;0.0;0.0;0.0;0.0
2030-06-04 14:00:00;79.51048096454699;0.0;0.0;0.0;0.0;0.0;0.0;0.0
2030-06-04 15:00:00;79.5060289131417;0.0;0.0;0.0;0.0;0.0;0.0;0.0
2030-06-04 16:00:00;85.9097848369841;0.0;0.0;0.0;0.0;0.0;0.0;0.0
2030-06-04 17:00:00;85.90382547362262;0.0;0.0;0.0;0.0;0.0;0.0;0.0
2030-06-04 18:00:00;85.85186431964064;0.0;0.0;0.0;0.0;0.0;0.0;0.0
2030-06-04 19:00:00;85.80830574467282;0.0;0.0;0.0;0.0;0.0;0.0;0.0
2030-06-04 20:00:00;85.81989286276543;0.0;0.0;0.0;0.0;0.0;0.0;0.0
2030-06-04 21:00:00;85.89049672507876;0.0;0.0;0.0;0.0;0.0;0.0;0.0
2030-06-04 22:00:00;85.90965191947524;0.0;0.0;0.0;0.0;0.0;0.0;0.0
2030-06-04 23:00:00;85.85514203800363;0.0;0.0;0.0;0.0;0.0;0.0;0.0
2030-06-05 00:00:00;85.8516025954737;0.0;0.0;0.0;0.0;0.0;0.0;0.0
2030-06-05 01:00:00;85.78368448900963;0.0;0.0;0.0;0.0;0.0;0.0;0.0
2030-06-05 02:00:00;85.70335161316063;0.0;0.0;0.0;0.0;0.0;0.0;0.0
2030-06-05 03:00:00;85.71888651829495;0.0;0.0;0.0;0.0;0.0;0.0;0.0
2030-06-05 04:00:00;85.796325355188;0.0;0.0;0.0;0.0;0.0;0.0;0.0
2030-06-05 05:00:00;85.8870915703413;0.0;0.0;0.0;0.0;0.0;0.0;0.0
2030-06-05 06:00:00;85.94140824182578;0.0;0.0;0.0;0.0;0.0;0.0;0.0
2030-06-05 07:00:00;79.47121548808722;0.0;0.0;0.0;0.0;0.0;0.0;0.0
2030-06-05 08:00:00;79.4714155494923;0.0;0.0;0.0;0.0;0.0;0.0;0.0
2030-06-05 09:00:00;79.48350008053049;0.0;0.0;0.0;0.0;0.0;0.0;0.0
2030-06-05 10:00:00;79.4847319654838;0.0;0.0;0.0;0.0;0.0;0.0;0.0
2030-06-05 11:00:00;79.4931633204535;0.0;0.0;0.0;0.0;0.0;0.0;0.0
2030-06-05 12:00:00;79.4822983418163;0.0;0.0;0.0;0.0;0.0;0.0;0.0
2030-06-05 13:00:00;79.49229182008608;0.0;0.0;0.0;0.0;0.0;0.0;0.0
2030-06-05 14:00:00;79.51712958055755;0.0;0.0;0.0;0.0;0.0;0.0;0.0
2030-06-05 15:00:00;79.53123390961706;0.0;0.0;0.0;0.0;0.0;0.0;0.0
2030-06-05 16:00:00;79.4976002987392;0.0;0.0;0.0;0.0;0.0;0.0;0.0
2030-06-05 17:00:00;79.55826138327583;0.0;0.0;0.0;0.0;0.0;0.0;0.0
2030-06-05 18:00:00;79.55319270425211;0.0;0.0;0.0;0.0;0.0;0.0;0.0
2030-06-05 19:00:00;79.54537386605008;0.0;0.0;0.0;0.0;0.0;0.0;0.0
2030-06-05 20:00:00;79.54834053003664;0.0;0.0;0.0;0.0;0.0;0.0;0.0
2030-06-05 21:00:00;79.49588333339271;0.0;0.0;0.0;0.0;0.0;0.0;0.0
2030-06-05 22:00:00;79.5140697372864;0.0;0.0;0.0;0.0;0.0;0.0;0.0
2030-06-05 23:00:00;85.26792481637972;0.0;0.0;0.0;0.0;0.0;0.0;0.0
2030-06-06 00:00:00;79.37821571067151;0.0;0.0;0.0;0.0;0.0;0.0;0.0
2030-06-06 01:00:00;79.30668827721409;0.0;0.0;0.0;0.0;0.0;0.0;0.0
2030-06-06 02:00:00;79.29668520695913;0.0;0.0;0.0;0.0;0.0;0.0;0.0
2030-06-06 03:00:00;79.27888796360683;0.0;0.0;0.0;0.0;0.0;0.0;0.0
2030-06-06 04:00:00;79.26137299867548;0.0;0.0;0.0;0.0;0.0;0.0;0.0
2030-06-06 05:00:00;85.64662872368055;0.0;0.0;0.0;0.0;0.0;0.0;0.0
2030-06-06 06:00:00;85.10199991623807;0.0;0.0;0.0;0.0;0.0;0.0;0.0
2030-06-06 07:00:00;81.22598695902063;0.0;0.0;0.0;0.0;0.0;0.0;0.0
2030-06-06 08:00:00;79.49327157285765;0.0;0.0;0.0;0.0;0.0;0.0;0.0
2030-06-06 09:00:00;79.49647803647362;0.0;0.0;0.0;0.0;0.0;0.0;0.0
2030-06-06 10:00:00;79.56837270593493;0.0;0.0;0.0;0.0;0.0;0.0;0.0
2030-06-06 11:00:00;79.5774563158966;0.0;0.0;0.0;0.0;0.0;0.0;0.0
2030-06-06 12:00:00;79.5801023335216;0.0;0.0;0.0;0.0;0.0;0.0;0.0
2030-06-06 13:00:00;79.58588356001552;0.0;0.0;0.0;0.0;0.0;0.0;0.0
2030-06-06 14:00:00;79.59993444801475;0.0;0.0;0.0;0.0;0.0;0.0;0.0
2030-06-06 15:00:00;79.61173807091564;0.0;0.0;0.0;0.0;0.0;0.0;0.0
2030-06-06 16:00:00;79.58025854585159;0.0;0.0;0.0;0.0;0.0;0.0;0.0
2030-06-06 17:00:00;79.56161857808743;0.0;0.0;0.0;0.0;0.0;0.0;0.0
2030-06-06 18:00:00;79.57683831799456;0.0;0.0;0.0;0.0;0.0;0.0;0.0
2030-06-06 19:00:00;86.07808443859861;0.0;0.0;0.0;0.0;0.0;0.0;0.0
2030-06-06 20:00:00;86.09816594470637;0.0;0.0;0.0;0.0;0.0;0.0;0.0
2030-06-06 21:00:00;79.61223000272679;0.0;0.0;0.0;0.0;0.0;0.0;0.0
2030-06-06 22:00:00;86.10176430943096;0.0;0.0;0.0;0.0;0.0;0.0;0.0
2030-06-06 23:00:00;86.05139268442099;0.0;0.0;0.0;0.0;0.0;0.0;0.0
2030-06-07 00:00:00;79.52471135969736;0.0;0.0;0.0;0.0;0.0;0.0;0.0
2030-06-07 01:00:00;79.48240659422042;0.0;0.0;0.0;0.0;0.0;0.0;0.0
2030-06-07 02:00:00;79.48456616116862;0.0;0.0;0.0;0.0;0.0;0.0;0.0
2030-06-07 03:00:00;79.48727521183905;0.0;0.0;0.0;0.0;0.0;0.0;0.0
2030-06-07 04:00:00;79.4858117489579;0.0;0.0;0.0;0.0;0.0;0.0;0.0
2030-06-07 05:00:00;79.4909667558482;0.0;0.0;0.0;0.0;0.0;0.0;0.0
2030-06-07 06:00:00;79.5041516246144;0.0;0.0;0.0;0.0;0.0;0.0;0.0
2030-06-07 07:00:00;79.50446267899085;0.0;0.0;0.0;0.0;0.0;0.0;0.0
2030-06-07 08:00:00;79.52587884132164;0.0;0.0;0.0;0.0;0.0;0.0;0.0
2030-06-07 09:00:00;79.56876597732715;0.0;0.0;0.0;0.0;0.0;0.0;0.0
2030-06-07 10:00:00;79.54352946432908;0.0;0.0;0.0;0.0;0.0;0.0;0.0
2030-06-07 11:00:00;79.52000991667754;0.0;0.0;0.0;0.0;0.0;0.0;0.0
2030-06-07 12:00:00;79.46677028809995;0.0;0.0;0.0;0.0;0.0;0.0;0.0
2030-06-07 13:00:00;79.42392152003515;0.0;0.0;0.0;0.0;0.0;0.0;0.0
2030-06-07 14:00:00;79.41137109257416;0.0;0.0;0.0;0.0;0.0;0.0;0.0
2030-06-07 15:00:00;79.44873461540188;0.0;0.0;0.0;0.0;0.0;0.0;0.0
2030-06-07 16:00:00;79.4647025301527;0.0;0.0;0.0;0.0;0.0;0.0;0.0
2030-06-07 17:00:00;79.48199961999224;0.0;0.0;0.0;0.0;0.0;0.0;0.0
2030-06-07 18:00:00;79.45785248245346;0.0;0.0;0.0;0.0;0.0;0.0;0.0
2030-06-07 19:00:00;79.42921766613593;0.0;0.0;0.0;0.0;0.0;0.0;0.0
2030-06-07 20:00:00;79.43004805799544;0.0;0.0;0.0;0.0;0.0;0.0;0.0
2030-06-07 21:00:00;79.41605883275804;0.0;0.0;0.0;0.0;0.0;0.0;0.0
2030-06-07 22:00:00;79.37240844878924;0.0;0.0;0.0;0.0;0.0;0.0;0.0
2030-06-07 23:00:00;79.28672735606284;0.0;0.0;0.0;0.0;0.0;0.0;0.0
2030-06-08 00:00:00;79.24629165741162;0.0;0.0;0.0;0.0;0.0;0.0;0.0
2030-06-08 01:00:00;79.19283141317496;0.0;0.0;0.0;0.0;0.0;0.0;0.0
2030-06-08 02:00:00;85.1554204222504;0.0;0.0;0.0;0.0;0.0;0.0;0.0
2030-06-08 03:00:00;85.10717273681512;0.0;0.0;0.0;0.0;0.0;0.0;0.0
2030-06-08 04:00:00;84.75690769527752;0.0;0.0;0.0;0.0;0.0;0.0;0.0
2030-06-08 05:00:00;85.10992015542624;0.0;0.0;0.0;0.0;0.0;0.0;0.0
2030-06-08 06:00:00;85.16206629769377;0.0;0.0;0.0;0.0;0.0;0.0;0.0
2030-06-08 07:00:00;85.20200595368304;0.0;0.0;0.0;0.0;0.0;0.0;0.0
2030-06-08 08:00:00;81.86011446928958;0.0;0.0;0.0;0.0;0.0;0.0;0.0
2030-06-08 09:00:00;79.21978215095235;0.0;0.0;0.0;0.0;0.0;0.0;0.0
2030-06-08 10:00:00;79.2429385734508;0.0;0.0;0.0;0.0;0.0;0.0;0.0
2030-06-08 11:00:00;79.22838616165521;0.0;0.0;0.0;0.0;0.0;0.0;0.0
2030-06-08 12:00:00;79.1915364951762;0.0;0.0;0.0;0.0;0.0;0.0;0.0
2030-06-08 13:00:00;79.1620055133865;0.0;0.0;0.0;0.0;0.0;0.0;0.0
2030-06-08 14:00:00;79.14371770850667;0.0;0.0;0.0;0.0;0.0;0.0;0.0
2030-06-08 15:00:00;79.13443951827426;0.0;0.0;0.0;0.0;0.0;0.0;0.0
2030-06-08 16:00:00;79.13931224674369;0.0;0.0;0.0;0.0;0.0;0.0;0.0
2030-06-08 17:00:00;79.17625235194004;0.0;0.0;0.0;0.0;0.0;0.0;0.0
2030-06-08 18:00:00;79.21503685885742;0.0;0.0;0.0;0.0;0.0;0.0;0.0
2030-06-08 19:00:00;79.26205677019016;0.0;0.0;0.0;0.0;0.0;0.0;0.0
2030-06-08 20:00:00;79.28926649156728;0.0;0.0;0.0;0.0;0.0;0.0;0.0
2030-06-08 21:00:00;79.28328109281746;0.0;0.0;0.0;0.0;0.0;0.0;0.0
2030-06-08 22:00:00;79.27910309813151;0.0;0.0;0.0;0.0;0.0;0.0;0.0
2030-06-08 23:00:00;79.2738275062847;0.0;0.0;0.0;0.0;0.0;0.0;0.0
2030-06-09 00:00:00;79.2366215660706;0.0;0.0;0.0;0.0;0.0;0.0;0.0
2030-06-09 01:00:00;79.21022990400064;0.0;0.0;0.0;0.0;0.0;0.0;0.0
2030-06-09 02:00:00;79.1701189625618;0.0;0.0;0.0;0.0;0.0;0.0;0.0
2030-06-09 03:00:00;79.16393350240688;0.0;0.0;0.0;0.0;0.0;0.0;0.0
2030-06-09 04:00:00;79.14937149862611;0.0;0.0;0.0;0.0;0.0;0.0;0.0
2030-06-09 05:00:00;79.1418239765762;0.0;0.0;0.0;0.0;0.0;0.0;0.0
2030-06-09 06:00:00;79.10926603832165;0.0;0.0;0.0;0.0;0.0;0.0;0.0
2030-06-09 07:00:00;79.12743188796141;0.0;0.0;0.0;0.0;0.0;0.0;0.0
2030-06-09 08:00:00;79.12893508906684;0.0;0.0;0.0;0.0;0.0;0.0;0.0
2030-06-09 09:00:00;79.1327554397341;0.0;0.0;0.0;0.0;0.0;0.0;0.0
2030-06-09 10:00:00;79.1144470806003;0.0;0.0;0.0;0.0;0.0;0.0;0.0
2030-06-09 11:00:00;79.11298361771917;0.0;0.0;0.0;0.0;0.0;0.0;0.0
2030-06-09 12:00:00;79.11839486764201;0.0;0.0;0.0;0.0;0.0;0.0;0.0
2030-06-09 13:00:00;79.09952606251724;0.0;0.0;0.0;0.0;0.0;0.0;0.0
2030-06-09 14:00:00;79.10686941231124;0.0;0.0;0.0;0.0;0.0;0.0;0.0
2030-06-09 15:00:00;79.15781381586459;0.0;0.0;0.0;0.0;0.0;0.0;0.0
2030-06-09 16:00:00;79.24308108294484;0.0;0.0;0.0;0.0;0.0;0.0;0.0
2030-06-09 17:00:00;79.32149556175864;0.0;0.0;0.0;0.0;0.0;0.0;0.0
2030-06-09 18:00:00;79.35049898436367;0.0;0.0;0.0;0.0;0.0;0.0;0.0
2030-06-09 19:00:00;79.35262703478915;0.0;0.0;0.0;0.0;0.0;0.0;0.0
2030-06-09 20:00:00;79.35408775710307;0.0;0.0;0.0;0.0;0.0;0.0;0.0
2030-06-09 21:00:00;79.3458537229713;0.0;0.0;0.0;0.0;0.0;0.0;0.0
2030-06-09 22:00:00;79.34072201090214;0.0;0.0;0.0;0.0;0.0;0.0;0.0
2030-06-09 23:00:00;79.32597912968663;0.0;0.0;0.0;0.0;0.0;0.0;0.0
2030-06-10 00:00:00;79.26605251715776;0.0;0.0;0.0;0.0;0.0;0.0;0.0
2030-06-10 01:00:00;79.21786786476794;0.0;0.0;0.0;0.0;0.0;0.0;0.0
2030-06-10 02:00:00;79.21820632481628;0.0;0.0;0.0;0.0;0.0;0.0;0.0
2030-06-10 03:00:00;79.21625915182555;0.0;0.0;0.0;0.0;0.0;0.0;0.0
2030-06-10 04:00:00;79.21327467415223;0.0;0.0;0.0;0.0;0.0;0.0;0.0
2030-06-10 05:00:00;79.2029660306552;0.0;0.0;0.0;0.0;0.0;0.0;0.0
2030-06-10 06:00:00;79.22989621417864;0.0;0.0;0.0;0.0;0.0;0.0;0.0
2030-06-10 07:00:00;79.23884142549704;0.0;0.0;0.0;0.0;0.0;0.0;0.0
2030-06-10 08:00:00;79.23721626915153;0.0;0.0;0.0;0.0;0.0;0.0;0.0
2030-06-10 09:00:00;79.22823543045958;0.0;0.0;0.0;0.0;0.0;0.0;0.0
2030-06-10 10:00:00;79.22240761432336;0.0;0.0;0.0;0.0;0.0;0.0;0.0
2030-06-10 11:00:00;79.22613752627323;0.0;0.0;0.0;0.0;0.0;0.0;0.0
2030-06-10 12:00:00;79.2422986510112;0.0;0.0;0.0;0.0;0.0;0.0;0.0
2030-06-10 13:00:00;79.22867803206128;0.0;0.0;0.0;0.0;0.0;0.0;0.0
2030-06-10 14:00:00;79.22076601457468;0.0;0.0;0.0;0.0;0.0;0.0;0.0
2030-06-10 15:00:00;79.23546230614791;0.0;0.0;0.0;0.0;0.0;0.0;0.0
2030-06-10 16:00:00;79.25898048351586;0.0;0.0;0.0;0.0;0.0;0.0;0.0
2030-06-10 17:00:00;79.30429713233806;0.0;0.0;0.0;0.0;0.0;0.0;0.0
2030-06-10 18:00:00;79.32640391760157;0.0;0.0;0.0;0.0;0.0;0.0;0.0
2030-06-10 19:00:00;79.31861933648943;0.0;0.0;0.0;0.0;0.0;0.0;0.0
2030-06-10 20:00:00;79.3210762549781;0.0;0.0;0.0;0.0;0.0;0.0;0.0
2030-06-10 21:00:00;79.31977996669573;0.0;0.0;0.0;0.0;0.0;0.0;0.0
2030-06-10 22:00:00;79.31875773513269;0.0;0.0;0.0;0.0;0.0;0.0;0.0
2030-06-10 23:00:00;79.31973063648626;0.0;0.0;0.0;0.0;0.0;0.0;0.0
2030-06-11 00:00:00;79.33396788305464;0.0;0.0;0.0;0.0;0.0;0.0;0.0
2030-06-11 01:00:00;79.33100532991885;0.0;0.0;0.0;0.0;0.0;0.0;0.0
2030-06-11 02:00:00;79.34220465775363;0.0;0.0;0.0;0.0;0.0;0.0;0.0
2030-06-11 03:00:00;79.35627884057402;0.0;0.0;0.0;0.0;0.0;0.0;0.0
2030-06-11 04:00:00;79.38678409400089;0.0;0.0;0.0;0.0;0.0;0.0;0.0
2030-06-11 05:00:00;79.44298353514708;0.0;0.0;0.0;0.0;0.0;0.0;0.0
2030-06-11 06:00:00;79.47037961509332;0.0;0.0;0.0;0.0;0.0;0.0;0.0
2030-06-11 07:00:00;79.5104658914274;0.0;0.0;0.0;0.0;0.0;0.0;0.0
2030-06-11 08:00:00;79.58823633695083;0.0;0.0;0.0;0.0;0.0;0.0;0.0
2030-06-11 09:00:00;79.62218785362307;0.0;0.0;0.0;0.0;0.0;0.0;0.0
2030-06-11 10:00:00;79.56068952580895;0.0;0.0;0.0;0.0;0.0;0.0;0.0
2030-06-11 11:00:00;79.51927955552057;0.0;0.0;0.0;0.0;0.0;0.0;0.0
2030-06-11 12:00:00;79.5065167341021;0.0;0.0;0.0;0.0;0.0;0.0;0.0
2030-06-11 13:00:00;79.51154430461793;0.0;0.0;0.0;0.0;0.0;0.0;0.0
2030-06-11 14:00:00;79.51650473123752;0.0;0.0;0.0;0.0;0.0;0.0;0.0
2030-06-11 15:00:00;79.49788120687651;0.0;0.0;0.0;0.0;0.0;0.0;0.0
2030-06-11 16:00:00;85.94376924046267;0.0;0.0;0.0;0.0;0.0;0.0;0.0
2030-06-11 17:00:00;85.96077308961252;0.0;0.0;0.0;0.0;0.0;0.0;0.0
2030-06-11 18:00:00;85.99327621652321;0.0;0.0;0.0;0.0;0.0;0.0;0.0
2030-06-11 19:00:00;86.01271368934057;0.0;0.0;0.0;0.0;0.0;0.0;0.0
2030-06-11 20:00:00;86.02757715551257;0.0;0.0;0.0;0.0;0.0;0.0;0.0
2030-06-11 21:00:00;85.97111736048305;0.0;0.0;0.0;0.0;0.0;0.0;0.0
2030-06-11 22:00:00;85.9900080901454;0.0;0.0;0.0;0.0;0.0;0.0;0.0
2030-06-11 23:00:00;85.94424609915427;0.0;0.0;0.0;0.0;0.0;0.0;0.0
2030-06-12 00:00:00;85.91027539851169;0.0;0.0;0.0;0.0;0.0;0.0;0.0
2030-06-12 01:00:00;85.92254765840258;0.0;0.0;0.0;0.0;0.0;0.0;0.0
2030-06-12 02:00:00;85.92282445568908;0.0;0.0;0.0;0.0;0.0;0.0;0.0
2030-06-12 03:00:00;85.89238908672564;0.0;0.0;0.0;0.0;0.0;0.0;0.0
2030-06-12 04:00:00;85.93551328179333;0.0;0.0;0.0;0.0;0.0;0.0;0.0
2030-06-12 05:00:00;85.95116740160057;0.0;0.0;0.0;0.0;0.0;0.0;0.0
2030-06-12 06:00:00;85.96263119416949;0.0;0.0;0.0;0.0;0.0;0.0;0.0
2030-06-12 07:00:00;85.99863128481863;0.0;0.0;0.0;0.0;0.0;0.0;0.0
2030-06-12 08:00:00;86.0065049343645;0.0;0.0;0.0;0.0;0.0;0.0;0.0
2030-06-12 09:00:00;86.03466837312484;0.0;0.0;0.0;0.0;0.0;0.0;0.0
2030-06-12 10:00:00;83.23953785745012;0.0;0.0;0.0;0.0;0.0;0.0;0.0
2030-06-12 11:00:00;79.655715952664;0.0;0.0;0.0;0.0;0.0;0.0;0.0
2030-06-12 12:00:00;79.81343833519657;0.0;0.0;0.0;0.0;0.0;0.0;0.0
2030-06-12 13:00:00;79.78296596857601;0.0;0.0;0.0;0.0;0.0;0.0;0.0
2030-06-12 14:00:00;79.63764876344321;0.0;0.0;0.0;0.0;0.0;0.0;0.0
2030-06-12 15:00:00;79.63366397874437;0.0;0.0;0.0;0.0;0.0;0.0;0.0
2030-06-12 16:00:00;79.62078605350379;0.0;0.0;0.0;0.0;0.0;0.0;0.0
2030-06-12 17:00:00;85.99826404881472;0.0;0.0;0.0;0.0;0.0;0.0;0.0
2030-06-12 18:00:00;85.99106046794756;0.0;0.0;0.0;0.0;0.0;0.0;0.0
2030-06-12 19:00:00;85.97626688623896;0.0;0.0;0.0;0.0;0.0;0.0;0.0
2030-06-12 20:00:00;85.9992712072582;0.0;0.0;0.0;0.0;0.0;0.0;0.0
2030-06-12 21:00:00;85.97178194802738;0.0;0.0;0.0;0.0;0.0;0.0;0.0
2030-06-12 22:00:00;85.97380996775031;0.0;0.0;0.0;0.0;0.0;0.0;0.0
2030-06-12 23:00:00;85.8546761415808;0.0;0.0;0.0;0.0;0.0;0.0;0.0
2030-06-13 00:00:00;85.82445042600763;0.0;0.0;0.0;0.0;0.0;0.0;0.0
2030-06-13 01:00:00;85.66752554852826;0.0;0.0;0.0;0.0;0.0;0.0;0.0
2030-06-13 02:00:00;85.62112089453038;0.0;0.0;0.0;0.0;0.0;0.0;0.0
2030-06-13 03:00:00;85.60690831306673;0.0;0.0;0.0;0.0;0.0;0.0;0.0
2030-06-13 04:00:00;85.6635092473067;0.0;0.0;0.0;0.0;0.0;0.0;0.0
2030-06-13 05:00:00;85.72734664922018;0.0;0.0;0.0;0.0;0.0;0.0;0.0
2030-06-13 06:00:00;85.77355535266378;0.0;0.0;0.0;0.0;0.0;0.0;0.0
2030-06-13 07:00:00;85.83114289109326;0.0;0.0;0.0;0.0;0.0;0.0;0.0
2030-06-13 08:00:00;85.81053245551725;0.0;0.0;0.0;0.0;0.0;0.0;0.0
2030-06-13 09:00:00;79.41168762808496;0.0;0.0;0.0;0.0;0.0;0.0;0.0
2030-06-13 10:00:00;79.39722976585753;0.0;0.0;0.0;0.0;0.0;0.0;0.0
2030-06-13 11:00:00;79.37639186320447;0.0;0.0;0.0;0.0;0.0;0.0;0.0
2030-06-13 12:00:00;79.32828531697965;0.0;0.0;0.0;0.0;0.0;0.0;0.0
2030-06-13 13:00:00;79.32895401537476;0.0;0.0;0.0;0.0;0.0;0.0;0.0
2030-06-13 14:00:00;79.34391614196574;0.0;0.0;0.0;0.0;0.0;0.0;0.0
2030-06-13 15:00:00;79.36456083463169;0.0;0.0;0.0;0.0;0.0;0.0;0.0
2030-06-13 16:00:00;79.39007003406545;0.0;0.0;0.0;0.0;0.0;0.0;0.0
2030-06-13 17:00:00;79.40373587237407;0.0;0.0;0.0;0.0;0.0;0.0;0.0
2030-06-13 18:00:00;79.44625577237568;0.0;0.0;0.0;0.0;0.0;0.0;0.0
2030-06-13 19:00:00;79.45804843300778;0.0;0.0;0.0;0.0;0.0;0.0;0.0
2030-06-13 20:00:00;79.45576279996868;0.0;0.0;0.0;0.0;0.0;0.0;0.0
2030-06-13 21:00:00;79.43763805883684;0.0;0.0;0.0;0.0;0.0;0.0;0.0
2030-06-13 22:00:00;85.79561965913575;0.0;0.0;0.0;0.0;0.0;0.0;0.0
2030-06-13 23:00:00;85.7275384889237;0.0;0.0;0.0;0.0;0.0;0.0;0.0
2030-06-14 00:00:00;85.77252626968274;0.0;0.0;0.0;0.0;0.0;0.0;0.0
2030-06-14 01:00:00;85.75138827492204;0.0;0.0;0.0;0.0;0.0;0.0;0.0
2030-06-14 02:00:00;85.7377690262557;0.0;0.0;0.0;0.0;0.0;0.0;0.0
2030-06-14 03:00:00;85.70520834743397;0.0;0.0;0.0;0.0;0.0;0.0;0.0
2030-06-14 04:00:00;85.72692186130524;0.0;0.0;0.0;0.0;0.0;0.0;0.0
2030-06-14 05:00:00;85.76963771186117;0.0;0.0;0.0;0.0;0.0;0.0;0.0
2030-06-14 06:00:00;85.84293692200896;0.0;0.0;0.0;0.0;0.0;0.0;0.0
2030-06-14 07:00:00;85.89550785219144;0.0;0.0;0.0;0.0;0.0;0.0;0.0
2030-06-14 08:00:00;85.91057000948493;0.0;0.0;0.0;0.0;0.0;0.0;0.0
2030-06-14 09:00:00;79.49297148074999;0.0;0.0;0.0;0.0;0.0;0.0;0.0
2030-06-14 10:00:00;79.4870080065377;0.0;0.0;0.0;0.0;0.0;0.0;0.0
2030-06-14 11:00:00;79.45171224165722;0.0;0.0;0.0;0.0;0.0;0.0;0.0
2030-06-14 12:00:00;79.43127309153076;0.0;0.0;0.0;0.0;0.0;0.0;0.0
2030-06-14 13:00:00;79.83916815028938;0.0;0.0;0.0;0.0;0.0;0.0;0.0
2030-06-14 14:00:00;79.40920330392439;0.0;0.0;0.0;0.0;0.0;0.0;0.0
2030-06-14 15:00:00;79.4185911168445;0.0;0.0;0.0;0.0;0.0;0.0;0.0
2030-06-14 16:00:00;85.77860484771713;0.0;0.0;0.0;0.0;0.0;0.0;0.0
2030-06-14 17:00:00;85.80202299438255;0.0;0.0;0.0;0.0;0.0;0.0;0.0
2030-06-14 18:00:00;85.83235422179264;0.0;0.0;0.0;0.0;0.0;0.0;0.0
2030-06-14 19:00:00;85.85803333639241;0.0;0.0;0.0;0.0;0.0;0.0;0.0
2030-06-14 20:00:00;85.86786101034701;0.0;0.0;0.0;0.0;0.0;0.0;0.0
2030-06-14 21:00:00;85.83791894347831;0.0;0.0;0.0;0.0;0.0;0.0;0.0
2030-06-14 22:00:00;85.77479957016945;0.0;0.0;0.0;0.0;0.0;0.0;0.0
2030-06-14 23:00:00;85.59800009940543;0.0;0.0;0.0;0.0;0.0;0.0;0.0
2030-06-15 00:00:00;85.45815443667372;0.0;0.0;0.0;0.0;0.0;0.0;0.0
2030-06-15 01:00:00;85.3417858428021;0.0;0.0;0.0;0.0;0.0;0.0;0.0
2030-06-15 02:00:00;85.32463400302382;0.0;0.0;0.0;0.0;0.0;0.0;0.0
2030-06-15 03:00:00;85.33184580559258;0.0;0.0;0.0;0.0;0.0;0.0;0.0
2030-06-15 04:00:00;85.34047585168378;0.0;0.0;0.0;0.0;0.0;0.0;0.0
2030-06-15 05:00:00;85.32573434075185;0.0;0.0;0.0;0.0;0.0;0.0;0.0
2030-06-15 06:00:00;85.41373121275649;0.0;0.0;0.0;0.0;0.0;0.0;0.0
2030-06-15 07:00:00;85.46650494491124;0.0;0.0;0.0;0.0;0.0;0.0;0.0
2030-06-15 08:00:00;85.50489481015279;0.0;0.0;0.0;0.0;0.0;0.0;0.0
2030-06-15 09:00:00;79.2988447739073;0.0;0.0;0.0;0.0;0.0;0.0;0.0
2030-06-15 10:00:00;79.27917161231133;0.0;0.0;0.0;0.0;0.0;0.0;0.0
2030-06-15 11:00:00;79.25824190065731;0.0;0.0;0.0;0.0;0.0;0.0;0.0
2030-06-15 12:00:00;79.26089751026745;0.0;0.0;0.0;0.0;0.0;0.0;0.0
2030-06-15 13:00:00;79.25701549683836;0.0;0.0;0.0;0.0;0.0;0.0;0.0
2030-06-15 14:00:00;79.20593680549257;0.0;0.0;0.0;0.0;0.0;0.0;0.0
2030-06-15 15:00:00;79.2046966988377;0.0;0.0;0.0;0.0;0.0;0.0;0.0
2030-06-15 16:00:00;79.18222815870472;0.0;0.0;0.0;0.0;0.0;0.0;0.0
2030-06-15 17:00:00;79.24040628936433;0.0;0.0;0.0;0.0;0.0;0.0;0.0
2030-06-15 18:00:00;79.27044016523398;0.0;0.0;0.0;0.0;0.0;0.0;0.0
2030-06-15 19:00:00;85.50274072433898;0.0;0.0;0.0;0.0;0.0;0.0;0.0
2030-06-15 20:00:00;85.49633601880859;0.0;0.0;0.0;0.0;0.0;0.0;0.0
2030-06-15 21:00:00;85.51941570542564;0.0;0.0;0.0;0.0;0.0;0.0;0.0
2030-06-15 22:00:00;85.48188363771555;0.0;0.0;0.0;0.0;0.0;0.0;0.0
2030-06-15 23:00:00;85.42096905071358;0.0;0.0;0.0;0.0;0.0;0.0;0.0
2030-06-16 00:00:00;85.04813680862404;0.0;0.0;0.0;0.0;0.0;0.0;0.0
2030-06-16 01:00:00;82.06574744749268;0.0;0.0;0.0;0.0;0.0;0.0;0.0
2030-06-16 02:00:00;79.1462157355032;0.0;0.0;0.0;0.0;0.0;0.0;0.0
2030-06-16 03:00:00;79.13615237277;0.0;0.0;0.0;0.0;0.0;0.0;0.0
2030-06-16 04:00:00;79.14092370025324;0.0;0.0;0.0;0.0;0.0;0.0;0.0
2030-06-16 05:00:00;79.14583068581256;0.0;0.0;0.0;0.0;0.0;0.0;0.0
2030-06-16 06:00:00;79.14731059209686;0.0;0.0;0.0;0.0;0.0;0.0;0.0
2030-06-16 07:00:00;79.16277287220056;0.0;0.0;0.0;0.0;0.0;0.0;0.0
2030-06-16 08:00:00;79.17294448733793;0.0;0.0;0.0;0.0;0.0;0.0;0.0
2030-06-16 09:00:00;79.18325176055134;0.0;0.0;0.0;0.0;0.0;0.0;0.0
2030-06-16 10:00:00;79.2112439138621;0.0;0.0;0.0;0.0;0.0;0.0;0.0
2030-06-16 11:00:00;79.20220689354272;0.0;0.0;0.0;0.0;0.0;0.0;0.0
2030-06-16 12:00:00;79.18337097522425;0.0;0.0;0.0;0.0;0.0;0.0;0.0
2030-06-16 13:00:00;79.18423288360647;0.0;0.0;0.0;0.0;0.0;0.0;0.0
2030-06-16 14:00:00;79.17366525650972;0.0;0.0;0.0;0.0;0.0;0.0;0.0
2030-06-16 15:00:00;79.16300993126278;0.0;0.0;0.0;0.0;0.0;0.0;0.0
2030-06-16 16:00:00;79.17209902235885;0.0;0.0;0.0;0.0;0.0;0.0;0.0
2030-06-16 17:00:00;79.19187769579176;0.0;0.0;0.0;0.0;0.0;0.0;0.0
2030-06-16 18:00:00;79.2186735915227;0.0;0.0;0.0;0.0;0.0;0.0;0.0
2030-06-16 19:00:00;79.22115243454891;0.0;0.0;0.0;0.0;0.0;0.0;0.0
2030-06-16 20:00:00;79.22456855155517;0.0;0.0;0.0;0.0;0.0;0.0;0.0
2030-06-16 21:00:00;79.23305060701794;0.0;0.0;0.0;0.0;0.0;0.0;0.0
2030-06-16 22:00:00;79.23623925694716;0.0;0.0;0.0;0.0;0.0;0.0;0.0
2030-06-16 23:00:00;79.22418624243173;0.0;0.0;0.0;0.0;0.0;0.0;0.0
2030-06-17 00:00:00;79.18148272442816;0.0;0.0;0.0;0.0;0.0;0.0;0.0
2030-06-17 01:00:00;79.20777983692997;0.0;0.0;0.0;0.0;0.0;0.0;0.0
2030-06-17 02:00:00;79.25563425097303;0.0;0.0;0.0;0.0;0.0;0.0;0.0
2030-06-17 03:00:00;79.24732211067622;0.0;0.0;0.0;0.0;0.0;0.0;0.0
2030-06-17 04:00:00;79.23638724757558;0.0;0.0;0.0;0.0;0.0;0.0;0.0
2030-06-17 05:00:00;79.26582505008074;0.0;0.0;0.0;0.0;0.0;0.0;0.0
2030-06-17 06:00:00;79.31218859557072;0.0;0.0;0.0;0.0;0.0;0.0;0.0
2030-06-17 07:00:00;79.33715242213306;0.0;0.0;0.0;0.0;0.0;0.0;0.0
2030-06-17 08:00:00;79.31863577989259;0.0;0.0;0.0;0.0;0.0;0.0;0.0
2030-06-17 09:00:00;79.29797875467429;0.0;0.0;0.0;0.0;0.0;0.0;0.0
2030-06-17 10:00:00;79.28268776002014;0.0;0.0;0.0;0.0;0.0;0.0;0.0
2030-06-17 11:00:00;79.27958817852469;0.0;0.0;0.0;0.0;0.0;0.0;0.0
2030-06-17 12:00:00;79.27755467766738;0.0;0.0;0.0;0.0;0.0;0.0;0.0
2030-06-17 13:00:00;79.27838643981052;0.0;0.0;0.0;0.0;0.0;0.0;0.0
2030-06-17 14:00:00;79.29240992213781;0.0;0.0;0.0;0.0;0.0;0.0;0.0
2030-06-17 15:00:00;79.29444479327873;0.0;0.0;0.0;0.0;0.0;0.0;0.0
2030-06-17 16:00:00;79.30375861088461;0.0;0.0;0.0;0.0;0.0;0.0;0.0
2030-06-17 17:00:00;79.31268874908348;0.0;0.0;0.0;0.0;0.0;0.0;0.0
2030-06-17 18:00:00;79.32995021154949;0.0;0.0;0.0;0.0;0.0;0.0;0.0
2030-06-17 19:00:00;79.33354720599048;0.0;0.0;0.0;0.0;0.0;0.0;0.0
2030-06-17 20:00:00;79.34485067537861;0.0;0.0;0.0;0.0;0.0;0.0;0.0
2030-06-17 21:00:00;79.33781289882661;0.0;0.0;0.0;0.0;0.0;0.0;0.0
2030-06-17 22:00:00;79.31004547202569;0.0;0.0;0.0;0.0;0.0;0.0;0.0
2030-06-17 23:00:00;79.29855564406844;0.0;0.0;0.0;0.0;0.0;0.0;0.0
2030-06-18 00:00:00;79.291624749637;0.0;0.0;0.0;0.0;0.0;0.0;0.0
2030-06-18 01:00:00;79.2894172227629;0.0;0.0;0.0;0.0;0.0;0.0;0.0
2030-06-18 02:00:00;79.29790475936008;0.0;0.0;0.0;0.0;0.0;0.0;0.0
2030-06-18 03:00:00;79.31433582996655;0.0;0.0;0.0;0.0;0.0;0.0;0.0
2030-06-18 04:00:00;79.30921370988257;0.0;0.0;0.0;0.0;0.0;0.0;0.0
2030-06-18 05:00:00;79.31314916437192;0.0;0.0;0.0;0.0;0.0;0.0;0.0
2030-06-18 06:00:00;79.33507370191705;0.0;0.0;0.0;0.0;0.0;0.0;0.0
2030-06-18 07:00:00;79.34561666390908;0.0;0.0;0.0;0.0;0.0;0.0;0.0
2030-06-18 08:00:00;79.35681873231104;0.0;0.0;0.0;0.0;0.0;0.0;0.0
2030-06-18 09:00:00;79.34476297722843;0.0;0.0;0.0;0.0;0.0;0.0;0.0
2030-06-18 10:00:00;79.33013657011861;0.0;0.0;0.0;0.0;0.0;0.0;0.0
2030-06-18 11:00:00;79.34926983997755;0.0;0.0;0.0;0.0;0.0;0.0;0.0
2030-06-18 12:00:00;79.34299394110525;0.0;0.0;0.0;0.0;0.0;0.0;0.0
2030-06-18 13:00:00;79.34386681175626;0.0;0.0;0.0;0.0;0.0;0.0;0.0
2030-06-18 14:00:00;79.35599519186952;0.0;0.0;0.0;0.0;0.0;0.0;0.0
2030-06-18 15:00:00;79.35450432331643;0.0;0.0;0.0;0.0;0.0;0.0;0.0
2030-06-18 16:00:00;79.34690336020628;0.0;0.0;0.0;0.0;0.0;0.0;0.0
2030-06-18 17:00:00;79.35329436290068;0.0;0.0;0.0;0.0;0.0;0.0;0.0
2030-06-18 18:00:00;85.68012941704953;0.0;0.0;0.0;0.0;0.0;0.0;0.0
2030-06-18 19:00:00;85.80001415862996;0.0;0.0;0.0;0.0;0.0;0.0;0.0
2030-06-18 20:00:00;85.81042831396391;0.0;0.0;0.0;0.0;0.0;0.0;0.0
2030-06-18 21:00:00;85.79402190846216;0.0;0.0;0.0;0.0;0.0;0.0;0.0
2030-06-18 22:00:00;85.75103474175413;0.0;0.0;0.0;0.0;0.0;0.0;0.0
2030-06-18 23:00:00;85.647017884222;0.0;0.0;0.0;0.0;0.0;0.0;0.0
2030-06-19 00:00:00;85.63393578672552;0.0;0.0;0.0;0.0;0.0;0.0;0.0
2030-06-19 01:00:00;85.63544172839815;0.0;0.0;0.0;0.0;0.0;0.0;0.0
2030-06-19 02:00:00;85.6432454934806;0.0;0.0;0.0;0.0;0.0;0.0;0.0
2030-06-19 03:00:00;85.64657665290389;0.0;0.0;0.0;0.0;0.0;0.0;0.0
2030-06-19 04:00:00;85.59927583343384;0.0;0.0;0.0;0.0;0.0;0.0;0.0
2030-06-19 05:00:00;85.53693067035702;0.0;0.0;0.0;0.0;0.0;0.0;0.0
2030-06-19 06:00:00;85.58518246664309;0.0;0.0;0.0;0.0;0.0;0.0;0.0
2030-06-19 07:00:00;85.62560172189117;0.0;0.0;0.0;0.0;0.0;0.0;0.0
2030-06-19 08:00:00;85.6802527425732;0.0;0.0;0.0;0.0;0.0;0.0;0.0
2030-06-19 09:00:00;85.6781493572525;0.0;0.0;0.0;0.0;0.0;0.0;0.0
2030-06-19 10:00:00;85.65598364979435;0.0;0.0;0.0;0.0;0.0;0.0;0.0
2030-06-19 11:00:00;85.67617614887341;0.0;0.0;0.0;0.0;0.0;0.0;0.0
2030-06-19 12:00:00;79.3826622809424;0.0;0.0;0.0;0.0;0.0;0.0;0.0
2030-06-19 13:00:00;79.39098812407516;0.0;0.0;0.0;0.0;0.0;0.0;0.0
2030-06-19 14:00:00;79.40347003735633;0.0;0.0;0.0;0.0;0.0;0.0;0.0
2030-06-19 15:00:00;79.41908578922285;0.0;0.0;0.0;0.0;0.0;0.0;0.0
2030-06-19 16:00:00;79.39246391950867;0.0;0.0;0.0;0.0;0.0;0.0;0.0
2030-06-19 17:00:00;85.76028552631456;0.0;0.0;0.0;0.0;0.0;0.0;0.0
2030-06-19 18:00:00;85.78890801007975;0.0;0.0;0.0;0.0;0.0;0.0;0.0
2030-06-19 19:00:00;85.7998003943889;0.0;0.0;0.0;0.0;0.0;0.0;0.0
2030-06-19 20:00:00;85.8207506602969;0.0;0.0;0.0;0.0;0.0;0.0;0.0
2030-06-19 21:00:00;85.77455565968928;0.0;0.0;0.0;0.0;0.0;0.0;0.0
2030-06-19 22:00:00;85.75541142756157;0.0;0.0;0.0;0.0;0.0;0.0;0.0
2030-06-19 23:00:00;85.74733360575978;0.0;0.0;0.0;0.0;0.0;0.0;0.0
2030-06-20 00:00:00;85.71078266110484;0.0;0.0;0.0;0.0;0.0;0.0;0.0
2030-06-20 01:00:00;85.7076378602507;0.0;0.0;0.0;0.0;0.0;0.0;0.0
2030-06-20 02:00:00;85.70401071957056;0.0;0.0;0.0;0.0;0.0;0.0;0.0
2030-06-20 03:00:00;85.67684621755214;0.0;0.0;0.0;0.0;0.0;0.0;0.0
2030-06-20 04:00:00;85.6579171199491;0.0;0.0;0.0;0.0;0.0;0.0;0.0
2030-06-20 05:00:00;85.67122120338823;0.0;0.0;0.0;0.0;0.0;0.0;0.0
2030-06-20 06:00:00;85.72313713801152;0.0;0.0;0.0;0.0;0.0;0.0;0.0
2030-06-20 07:00:00;85.79721329895857;0.0;0.0;0.0;0.0;0.0;0.0;0.0
2030-06-20 08:00:00;85.84928270534469;0.0;0.0;0.0;0.0;0.0;0.0;0.0
2030-06-20 09:00:00;85.87734611340247;0.0;0.0;0.0;0.0;0.0;0.0;0.0
2030-06-20 10:00:00;85.81851298718368;0.0;0.0;0.0;0.0;0.0;0.0;0.0
2030-06-20 11:00:00;85.81579845537888;0.0;0.0;0.0;0.0;0.0;0.0;0.0
2030-06-20 12:00:00;85.80718896354162;0.0;0.0;0.0;0.0;0.0;0.0;0.0
2030-06-20 13:00:00;85.76366464566372;0.0;0.0;0.0;0.0;0.0;0.0;0.0
2030-06-20 14:00:00;85.77313467559964;0.0;0.0;0.0;0.0;0.0;0.0;0.0
2030-06-20 15:00:00;85.78555629640255;0.0;0.0;0.0;0.0;0.0;0.0;0.0
2030-06-20 16:00:00;85.8047621912921;0.0;0.0;0.0;0.0;0.0;0.0;0.0
2030-06-20 17:00:00;85.83734068380056;0.0;0.0;0.0;0.0;0.0;0.0;0.0
2030-06-20 18:00:00;85.72648062998715;0.0;0.0;0.0;0.0;0.0;0.0;0.0
2030-06-20 19:00:00;85.74942054767736;0.0;0.0;0.0;0.0;0.0;0.0;0.0
2030-06-20 20:00:00;85.75880699031387;0.0;0.0;0.0;0.0;0.0;0.0;0.0
2030-06-20 21:00:00;85.77108473133916;0.0;0.0;0.0;0.0;0.0;0.0;0.0
2030-06-20 22:00:00;85.70893277824946;0.0;0.0;0.0;0.0;0.0;0.0;0.0
2030-06-20 23:00:00;85.81517497634243;0.0;0.0;0.0;0.0;0.0;0.0;0.0
2030-06-21 00:00:00;85.82650859196968;0.0;0.0;0.0;0.0;0.0;0.0;0.0
2030-06-21 01:00:00;85.82184140603977;0.0;0.0;0.0;0.0;0.0;0.0;0.0
2030-06-21 02:00:00;85.81290852727369;0.0;0.0;0.0;0.0;0.0;0.0;0.0
2030-06-21 03:00:00;85.82912994448992;0.0;0.0;0.0;0.0;0.0;0.0;0.0
2030-06-21 04:00:00;85.84591454826432;0.0;0.0;0.0;0.0;0.0;0.0;0.0
2030-06-21 05:00:00;85.82893125336841;0.0;0.0;0.0;0.0;0.0;0.0;0.0
2030-06-21 06:00:00;85.84716972803879;0.0;0.0;0.0;0.0;0.0;0.0;0.0
2030-06-21 07:00:00;85.87629510588391;0.0;0.0;0.0;0.0;0.0;0.0;0.0
2030-06-21 08:00:00;85.88212018145292;0.0;0.0;0.0;0.0;0.0;0.0;0.0
2030-06-21 09:00:00;85.89654241630684;0.0;0.0;0.0;0.0;0.0;0.0;0.0
2030-06-21 10:00:00;79.44998568432555;0.0;0.0;0.0;0.0;0.0;0.0;0.0
2030-06-21 11:00:00;79.44837423081597;0.0;0.0;0.0;0.0;0.0;0.0;0.0
2030-06-21 12:00:00;79.44151870198232;0.0;0.0;0.0;0.0;0.0;0.0;0.0
2030-06-21 13:00:00;79.42751166305818;0.0;0.0;0.0;0.0;0.0;0.0;0.0
2030-06-21 14:00:00;79.42861611163701;0.0;0.0;0.0;0.0;0.0;0.0;0.0
2030-06-21 15:00:00;79.43910974341958;0.0;0.0;0.0;0.0;0.0;0.0;0.0
2030-06-21 16:00:00;79.4366158272738;0.0;0.0;0.0;0.0;0.0;0.0;0.0
2030-06-21 17:00:00;85.86248949864844;0.0;0.0;0.0;0.0;0.0;0.0;0.0
2030-06-21 18:00:00;85.85378545724302;0.0;0.0;0.0;0.0;0.0;0.0;0.0
2030-06-21 19:00:00;85.80730680793093;0.0;0.0;0.0;0.0;0.0;0.0;0.0
2030-06-21 20:00:00;85.86651676213876;0.0;0.0;0.0;0.0;0.0;0.0;0.0
2030-06-21 21:00:00;85.84721905824824;0.0;0.0;0.0;0.0;0.0;0.0;0.0
2030-06-21 22:00:00;85.84361521238927;0.0;0.0;0.0;0.0;0.0;0.0;0.0
2030-06-21 23:00:00;85.8579935981681;0.0;0.0;0.0;0.0;0.0;0.0;0.0
2030-06-22 00:00:00;85.79906455209755;0.0;0.0;0.0;0.0;0.0;0.0;0.0
2030-06-22 01:00:00;85.74436557148962;0.0;0.0;0.0;0.0;0.0;0.0;0.0
2030-06-22 02:00:00;80.76041255283154;0.0;0.0;0.0;0.0;0.0;0.0;0.0
2030-06-22 03:00:00;79.49972423831392;0.0;0.0;0.0;0.0;0.0;0.0;0.0
2030-06-22 04:00:00;79.36612706878257;0.0;0.0;0.0;0.0;0.0;0.0;0.0
2030-06-22 05:00:00;79.36721918480903;0.0;0.0;0.0;0.0;0.0;0.0;0.0
2030-06-22 06:00:00;79.39294899990185;0.0;0.0;0.0;0.0;0.0;0.0;0.0
2030-06-22 07:00:00;79.42113984433412;0.0;0.0;0.0;0.0;0.0;0.0;0.0
2030-06-22 08:00:00;79.42327063532679;0.0;0.0;0.0;0.0;0.0;0.0;0.0
2030-06-22 09:00:00;79.4211508066029;0.0;0.0;0.0;0.0;0.0;0.0;0.0
2030-06-22 10:00:00;79.4160684247432;0.0;0.0;0.0;0.0;0.0;0.0;0.0
2030-06-22 11:00:00;79.40437305424648;0.0;0.0;0.0;0.0;0.0;0.0;0.0
2030-06-22 12:00:00;79.39483588041433;0.0;0.0;0.0;0.0;0.0;0.0;0.0
2030-06-22 13:00:00;79.35179253207883;0.0;0.0;0.0;0.0;0.0;0.0;0.0
2030-06-22 14:00:00;79.3452138005317;0.0;0.0;0.0;0.0;0.0;0.0;0.0
2030-06-22 15:00:00;79.36196688778338;0.0;0.0;0.0;0.0;0.0;0.0;0.0
2030-06-22 16:00:00;79.36337416903706;0.0;0.0;0.0;0.0;0.0;0.0;0.0
2030-06-22 17:00:00;79.37785669636921;0.0;0.0;0.0;0.0;0.0;0.0;0.0
2030-06-22 18:00:00;79.38081513865421;0.0;0.0;0.0;0.0;0.0;0.0;0.0
2030-06-22 19:00:00;79.3711477878804;0.0;0.0;0.0;0.0;0.0;0.0;0.0
2030-06-22 20:00:00;79.37572727566015;0.0;0.0;0.0;0.0;0.0;0.0;0.0
2030-06-22 21:00:00;79.38660869770052;0.0;0.0;0.0;0.0;0.0;0.0;0.0
2030-06-22 22:00:00;79.37251670119338;0.0;0.0;0.0;0.0;0.0;0.0;0.0
2030-06-22 23:00:00;79.35048939237849;0.0;0.0;0.0;0.0;0.0;0.0;0.0
2030-06-23 00:00:00;79.318237027366;0.0;0.0;0.0;0.0;0.0;0.0;0.0
2030-06-23 01:00:00;79.24114898307369;0.0;0.0;0.0;0.0;0.0;0.0;0.0
2030-06-23 02:00:00;79.19172422402895;0.0;0.0;0.0;0.0;0.0;0.0;0.0
2030-06-23 03:00:00;79.1832298360138;0.0;0.0;0.0;0.0;0.0;0.0;0.0
2030-06-23 04:00:00;79.14460702256082;0.0;0.0;0.0;0.0;0.0;0.0;0.0
2030-06-23 05:00:00;79.11951712990762;0.0;0.0;0.0;0.0;0.0;0.0;0.0
2030-06-23 06:00:00;79.12146430289833;0.0;0.0;0.0;0.0;0.0;0.0;0.0
2030-06-23 07:00:00;79.13447103479699;0.0;0.0;0.0;0.0;0.0;0.0;0.0
2030-06-23 08:00:00;79.14923035941567;0.0;0.0;0.0;0.0;0.0;0.0;0.0
2030-06-23 09:00:00;79.1512186409143;0.0;0.0;0.0;0.0;0.0;0.0;0.0
2030-06-23 10:00:00;79.11686700143184;0.0;0.0;0.0;0.0;0.0;0.0;0.0
2030-06-23 11:00:00;79.11356050711332;0.0;0.0;0.0;0.0;0.0;0.0;0.0
2030-06-23 12:00:00;79.11459370094512;0.0;0.0;0.0;0.0;0.0;0.0;0.0
2030-06-23 13:00:00;79.12925299486125;0.0;0.0;0.0;0.0;0.0;0.0;0.0
2030-06-23 14:00:00;79.11058014029076;0.0;0.0;0.0;0.0;0.0;0.0;0.0
2030-06-23 15:00:00;79.15502254817837;0.0;0.0;0.0;0.0;0.0;0.0;0.0
2030-06-23 16:00:00;79.21082871793233;0.0;0.0;0.0;0.0;0.0;0.0;0.0
2030-06-23 17:00:00;79.24304819613852;0.0;0.0;0.0;0.0;0.0;0.0;0.0
2030-06-23 18:00:00;79.29434476257617;0.0;0.0;0.0;0.0;0.0;0.0;0.0
2030-06-23 19:00:00;79.32993924928071;0.0;0.0;0.0;0.0;0.0;0.0;0.0
2030-06-23 20:00:00;79.34267055417645;0.0;0.0;0.0;0.0;0.0;0.0;0.0
2030-06-23 21:00:00;79.332064559139;0.0;0.0;0.0;0.0;0.0;0.0;0.0
2030-06-23 22:00:00;79.32320978653794;0.0;0.0;0.0;0.0;0.0;0.0;0.0
2030-06-23 23:00:00;79.29535329130324;0.0;0.0;0.0;0.0;0.0;0.0;0.0
2030-06-24 00:00:00;79.25366104259396;0.0;0.0;0.0;0.0;0.0;0.0;0.0
2030-06-24 01:00:00;79.25207151362194;0.0;0.0;0.0;0.0;0.0;0.0;0.0
2030-06-24 02:00:00;79.23269159271563;0.0;0.0;0.0;0.0;0.0;0.0;0.0
2030-06-24 03:00:00;79.243409951008;0.0;0.0;0.0;0.0;0.0;0.0;0.0
2030-06-24 04:00:00;79.28042131095141;0.0;0.0;0.0;0.0;0.0;0.0;0.0
2030-06-24 05:00:00;79.31963197606731;0.0;0.0;0.0;0.0;0.0;0.0;0.0
2030-06-24 06:00:00;79.37899540203796;0.0;0.0;0.0;0.0;0.0;0.0;0.0
2030-06-24 07:00:00;79.44104047300713;0.0;0.0;0.0;0.0;0.0;0.0;0.0
2030-06-24 08:00:00;79.44713823501186;0.0;0.0;0.0;0.0;0.0;0.0;0.0
2030-06-24 09:00:00;79.41355395434351;0.0;0.0;0.0;0.0;0.0;0.0;0.0
2030-06-24 10:00:00;79.40336589580299;0.0;0.0;0.0;0.0;0.0;0.0;0.0
2030-06-24 11:00:00;79.38864630940861;0.0;0.0;0.0;0.0;0.0;0.0;0.0
2030-06-24 12:00:00;79.37292230513796;0.0;0.0;0.0;0.0;0.0;0.0;0.0
2030-06-24 13:00:00;79.36885393313975;0.0;0.0;0.0;0.0;0.0;0.0;0.0
2030-06-24 14:00:00;79.36413330614954;0.0;0.0;0.0;0.0;0.0;0.0;0.0
2030-06-24 15:00:00;79.36038009937855;0.0;0.0;0.0;0.0;0.0;0.0;0.0
2030-06-24 16:00:00;79.38181681596332;0.0;0.0;0.0;0.0;0.0;0.0;0.0
2030-06-24 17:00:00;79.4205821389103;0.0;0.0;0.0;0.0;0.0;0.0;0.0
2030-06-24 18:00:00;79.42916148450844;0.0;0.0;0.0;0.0;0.0;0.0;0.0
2030-06-24 19:00:00;79.43732152332603;0.0;0.0;0.0;0.0;0.0;0.0;0.0
2030-06-24 20:00:00;79.41611638466908;0.0;0.0;0.0;0.0;0.0;0.0;0.0
2030-06-24 21:00:00;79.41916663595507;0.0;0.0;0.0;0.0;0.0;0.0;0.0
2030-06-24 22:00:00;79.41829239502046;0.0;0.0;0.0;0.0;0.0;0.0;0.0
2030-06-24 23:00:00;79.39595403182913;0.0;0.0;0.0;0.0;0.0;0.0;0.0
2030-06-25 00:00:00;79.38480814505462;0.0;0.0;0.0;0.0;0.0;0.0;0.0
2030-06-25 01:00:00;79.35346838891743;0.0;0.0;0.0;0.0;0.0;0.0;0.0
2030-06-25 02:00:00;79.36484722390337;0.0;0.0;0.0;0.0;0.0;0.0;0.0
2030-06-25 03:00:00;79.38649907501281;0.0;0.0;0.0;0.0;0.0;0.0;0.0
2030-06-25 04:00:00;79.40139268742394;0.0;0.0;0.0;0.0;0.0;0.0;0.0
2030-06-25 05:00:00;79.41370605582273;0.0;0.0;0.0;0.0;0.0;0.0;0.0
2030-06-25 06:00:00;79.47386698684659;0.0;0.0;0.0;0.0;0.0;0.0;0.0
2030-06-25 07:00:00;79.49415403549384;0.0;0.0;0.0;0.0;0.0;0.0;0.0
2030-06-25 08:00:00;79.49565038518129;0.0;0.0;0.0;0.0;0.0;0.0;0.0
2030-06-25 09:00:00;79.49603132402115;0.0;0.0;0.0;0.0;0.0;0.0;0.0
2030-06-25 10:00:00;79.46452576356876;0.0;0.0;0.0;0.0;0.0;0.0;0.0
2030-06-25 11:00:00;79.45755787148019;0.0;0.0;0.0;0.0;0.0;0.0;0.0
2030-06-25 12:00:00;79.45504066051329;0.0;0.0;0.0;0.0;0.0;0.0;0.0
2030-06-25 13:00:00;79.4357347349212;0.0;0.0;0.0;0.0;0.0;0.0;0.0
2030-06-25 14:00:00;79.44162695438646;0.0;0.0;0.0;0.0;0.0;0.0;0.0
2030-06-25 15:00:00;79.44646268519875;0.0;0.0;0.0;0.0;0.0;0.0;0.0
2030-06-25 16:00:00;79.43999357633935;0.0;0.0;0.0;0.0;0.0;0.0;0.0
2030-06-25 17:00:00;79.44997609234036;0.0;0.0;0.0;0.0;0.0;0.0;0.0
2030-06-25 18:00:00;79.47170193876401;0.0;0.0;0.0;0.0;0.0;0.0;0.0
2030-06-25 19:00:00;79.52569111246893;0.0;0.0;0.0;0.0;0.0;0.0;0.0
2030-06-25 20:00:00;79.56940178891595;0.0;0.0;0.0;0.0;0.0;0.0;0.0
2030-06-25 21:00:00;79.57684105856174;0.0;0.0;0.0;0.0;0.0;0.0;0.0
2030-06-25 22:00:00;79.53754543586287;0.0;0.0;0.0;0.0;0.0;0.0;0.0
2030-06-25 23:00:00;79.48051834342435;0.0;0.0;0.0;0.0;0.0;0.0;0.0
2030-06-26 00:00:00;79.5004052692614;0.0;0.0;0.0;0.0;0.0;0.0;0.0
2030-06-26 01:00:00;79.4438892926044;0.0;0.0;0.0;0.0;0.0;0.0;0.0
2030-06-26 02:00:00;79.45266047790605;0.0;0.0;0.0;0.0;0.0;0.0;0.0
2030-06-26 03:00:00;79.45466794337504;0.0;0.0;0.0;0.0;0.0;0.0;0.0
2030-06-26 04:00:00;79.44740132946241;0.0;0.0;0.0;0.0;0.0;0.0;0.0
2030-06-26 05:00:00;79.44362756843745;0.0;0.0;0.0;0.0;0.0;0.0;0.0
2030-06-26 06:00:00;79.44449358767048;0.0;0.0;0.0;0.0;0.0;0.0;0.0
2030-06-26 07:00:00;79.47538252050441;0.0;0.0;0.0;0.0;0.0;0.0;0.0
2030-06-26 08:00:00;79.47268032125197;0.0;0.0;0.0;0.0;0.0;0.0;0.0
2030-06-26 09:00:00;79.46473678724264;0.0;0.0;0.0;0.0;0.0;0.0;0.0
2030-06-26 10:00:00;79.45848418319147;0.0;0.0;0.0;0.0;0.0;0.0;0.0
2030-06-26 11:00:00;79.44243816227564;0.0;0.0;0.0;0.0;0.0;0.0;0.0
2030-06-26 12:00:00;79.43712557277172;0.0;0.0;0.0;0.0;0.0;0.0;0.0
2030-06-26 13:00:00;79.422067526329;0.0;0.0;0.0;0.0;0.0;0.0;0.0
2030-06-26 14:00:00;79.4068368241531;0.0;0.0;0.0;0.0;0.0;0.0;0.0
2030-06-26 15:00:00;79.40583377656041;0.0;0.0;0.0;0.0;0.0;0.0;0.0
2030-06-26 16:00:00;79.38932322950534;0.0;0.0;0.0;0.0;0.0;0.0;0.0
2030-06-26 17:00:00;79.4022833717617;0.0;0.0;0.0;0.0;0.0;0.0;0.0
2030-06-26 18:00:00;79.39876585376929;0.0;0.0;0.0;0.0;0.0;0.0;0.0
2030-06-26 19:00:00;79.40389482527127;0.0;0.0;0.0;0.0;0.0;0.0;0.0
2030-06-26 20:00:00;85.78289794622519;0.0;0.0;0.0;0.0;0.0;0.0;0.0
2030-06-26 21:00:00;85.81051190126328;0.0;0.0;0.0;0.0;0.0;0.0;0.0
2030-06-26 22:00:00;85.9104316108417;0.0;0.0;0.0;0.0;0.0;0.0;0.0
2030-06-26 23:00:00;85.8278980595366;0.0;0.0;0.0;0.0;0.0;0.0;0.0
2030-06-27 00:00:00;85.89046383827245;0.0;0.0;0.0;0.0;0.0;0.0;0.0
2030-06-27 01:00:00;85.75145541881827;0.0;0.0;0.0;0.0;0.0;0.0;0.0
2030-06-27 02:00:00;85.72647925970357;0.0;0.0;0.0;0.0;0.0;0.0;0.0
2030-06-27 03:00:00;85.69876664424652;0.0;0.0;0.0;0.0;0.0;0.0;0.0
2030-06-27 04:00:00;85.79078940945784;0.0;0.0;0.0;0.0;0.0;0.0;0.0
2030-06-27 05:00:00;85.8222977104774;0.0;0.0;0.0;0.0;0.0;0.0;0.0
2030-06-27 06:00:00;85.85796619249618;0.0;0.0;0.0;0.0;0.0;0.0;0.0
2030-06-27 07:00:00;82.51317107716156;0.0;0.0;0.0;0.0;0.0;0.0;0.0
2030-06-27 08:00:00;81.20387880347354;0.0;0.0;0.0;0.0;0.0;0.0;0.0
2030-06-27 09:00:00;79.4559957481801;0.0;0.0;0.0;0.0;0.0;0.0;0.0
2030-06-27 10:00:00;79.4661139222572;0.0;0.0;0.0;0.0;0.0;0.0;0.0
2030-06-27 11:00:00;79.48627764538074;0.0;0.0;0.0;0.0;0.0;0.0;0.0
2030-06-27 12:00:00;79.46304448700087;0.0;0.0;0.0;0.0;0.0;0.0;0.0
2030-06-27 13:00:00;79.4604683538393;0.0;0.0;0.0;0.0;0.0;0.0;0.0
2030-06-27 14:00:00;79.47211439412658;0.0;0.0;0.0;0.0;0.0;0.0;0.0
2030-06-27 15:00:00;79.45660689466418;0.0;0.0;0.0;0.0;0.0;0.0;0.0
2030-06-27 16:00:00;79.4585568082221;0.0;0.0;0.0;0.0;0.0;0.0;0.0
2030-06-27 17:00:00;85.93171348538004;0.0;0.0;0.0;0.0;0.0;0.0;0.0
2030-06-27 18:00:00;85.9710639194228;0.0;0.0;0.0;0.0;0.0;0.0;0.0
2030-06-27 19:00:00;85.97587772569753;0.0;0.0;0.0;0.0;0.0;0.0;0.0
2030-06-27 20:00:00;85.88566784568445;0.0;0.0;0.0;0.0;0.0;0.0;0.0
2030-06-27 21:00:00;85.84357410388137;0.0;0.0;0.0;0.0;0.0;0.0;0.0
2030-06-27 22:00:00;85.8631061262669;0.0;0.0;0.0;0.0;0.0;0.0;0.0
2030-06-27 23:00:00;85.94054085230917;0.0;0.0;0.0;0.0;0.0;0.0;0.0
2030-06-28 00:00:00;85.92221193892141;0.0;0.0;0.0;0.0;0.0;0.0;0.0
2030-06-28 01:00:00;85.88330136591318;0.0;0.0;0.0;0.0;0.0;0.0;0.0
2030-06-28 02:00:00;85.89686717351924;0.0;0.0;0.0;0.0;0.0;0.0;0.0
2030-06-28 03:00:00;85.89914458485671;0.0;0.0;0.0;0.0;0.0;0.0;0.0
2030-06-28 04:00:00;85.94574107855814;0.0;0.0;0.0;0.0;0.0;0.0;0.0
2030-06-28 05:00:00;85.99036710444769;0.0;0.0;0.0;0.0;0.0;0.0;0.0
2030-06-28 06:00:00;86.06082023556542;0.0;0.0;0.0;0.0;0.0;0.0;0.0
2030-06-28 07:00:00;86.09034162536994;0.0;0.0;0.0;0.0;0.0;0.0;0.0
2030-06-28 08:00:00;86.12988938025059;0.0;0.0;0.0;0.0;0.0;0.0;0.0
2030-06-28 09:00:00;86.12480562810732;0.0;0.0;0.0;0.0;0.0;0.0;0.0
2030-06-28 10:00:00;86.05747537330618;0.0;0.0;0.0;0.0;0.0;0.0;0.0
2030-06-28 11:00:00;86.03499038977003;0.0;0.0;0.0;0.0;0.0;0.0;0.0
2030-06-28 12:00:00;86.0543113884817;0.0;0.0;0.0;0.0;0.0;0.0;0.0
2030-06-28 13:00:00;86.01875526971784;0.0;0.0;0.0;0.0;0.0;0.0;0.0
2030-06-28 14:00:00;85.99368593131857;0.0;0.0;0.0;0.0;0.0;0.0;0.0
2030-06-28 15:00:00;85.99269110542747;0.0;0.0;0.0;0.0;0.0;0.0;0.0
2030-06-28 16:00:00;85.94249761728506;0.0;0.0;0.0;0.0;0.0;0.0;0.0
2030-06-28 17:00:00;85.95941376828472;0.0;0.0;0.0;0.0;0.0;0.0;0.0
2030-06-28 18:00:00;86.05092541771455;0.0;0.0;0.0;0.0;0.0;0.0;0.0
2030-06-28 19:00:00;86.07053280569791;0.0;0.0;0.0;0.0;0.0;0.0;0.0
2030-06-28 20:00:00;86.06437064036413;0.0;0.0;0.0;0.0;0.0;0.0;0.0
2030-06-28 21:00:00;86.04202679603843;0.0;0.0;0.0;0.0;0.0;0.0;0.0
2030-06-28 22:00:00;86.07068216660994;0.0;0.0;0.0;0.0;0.0;0.0;0.0
2030-06-28 23:00:00;85.97392096072164;0.0;0.0;0.0;0.0;0.0;0.0;0.0
2030-06-29 00:00:00;85.80594063518514;0.0;0.0;0.0;0.0;0.0;0.0;0.0
2030-06-29 01:00:00;85.82240459259796;0.0;0.0;0.0;0.0;0.0;0.0;0.0
2030-06-29 02:00:00;85.94330745489064;0.0;0.0;0.0;0.0;0.0;0.0;0.0
2030-06-29 03:00:00;85.9289276988282;0.0;0.0;0.0;0.0;0.0;0.0;0.0
2030-06-29 04:00:00;85.86159196289272;0.0;0.0;0.0;0.0;0.0;0.0;0.0
2030-06-29 05:00:00;85.86283481011479;0.0;0.0;0.0;0.0;0.0;0.0;0.0
2030-06-29 06:00:00;86.01732743421024;0.0;0.0;0.0;0.0;0.0;0.0;0.0
2030-06-29 07:00:00;86.04164996804937;0.0;0.0;0.0;0.0;0.0;0.0;0.0
2030-06-29 08:00:00;86.02739764836144;0.0;0.0;0.0;0.0;0.0;0.0;0.0
2030-06-29 09:00:00;79.54329514583408;0.0;0.0;0.0;0.0;0.0;0.0;0.0
2030-06-29 10:00:00;79.49478436594825;0.0;0.0;0.0;0.0;0.0;0.0;0.0
2030-06-29 11:00:00;79.46096713706848;0.0;0.0;0.0;0.0;0.0;0.0;0.0
2030-06-29 12:00:00;79.45861847098394;0.0;0.0;0.0;0.0;0.0;0.0;0.0
2030-06-29 13:00:00;79.4374530705513;0.0;0.0;0.0;0.0;0.0;0.0;0.0
2030-06-29 14:00:00;79.42770898389608;0.0;0.0;0.0;0.0;0.0;0.0;0.0
2030-06-29 15:00:00;79.43717764354841;0.0;0.0;0.0;0.0;0.0;0.0;0.0
2030-06-29 16:00:00;79.44159132701296;0.0;0.0;0.0;0.0;0.0;0.0;0.0
2030-06-29 17:00:00;79.45255359578552;0.0;0.0;0.0;0.0;0.0;0.0;0.0
2030-06-29 18:00:00;79.47572783197074;0.0;0.0;0.0;0.0;0.0;0.0;0.0
2030-06-29 19:00:00;79.4956147578078;0.0;0.0;0.0;0.0;0.0;0.0;0.0
2030-06-29 20:00:00;79.49436917001849;0.0;0.0;0.0;0.0;0.0;0.0;0.0
2030-06-29 21:00:00;79.49926108245825;0.0;0.0;0.0;0.0;0.0;0.0;0.0
2030-06-29 22:00:00;79.49779487900992;0.0;0.0;0.0;0.0;0.0;0.0;0.0
2030-06-29 23:00:00;79.48005518756871;0.0;0.0;0.0;0.0;0.0;0.0;0.0
2030-06-30 00:00:00;79.43664323294573;0.0;0.0;0.0;0.0;0.0;0.0;0.0
2030-06-30 01:00:00;79.3224739442466;0.0;0.0;0.0;0.0;0.0;0.0;0.0
2030-06-30 02:00:00;79.15539800588384;0.0;0.0;0.0;0.0;0.0;0.0;0.0
2030-06-30 03:00:00;79.12692899388146;0.0;0.0;0.0;0.0;0.0;0.0;0.0
2030-06-30 04:00:00;79.07672728403747;0.0;0.0;0.0;0.0;0.0;0.0;0.0
2030-06-30 05:00:00;79.07057882153966;0.0;0.0;0.0;0.0;0.0;0.0;0.0
2030-06-30 06:00:00;79.07233004397608;0.0;0.0;0.0;0.0;0.0;0.0;0.0
2030-06-30 07:00:00;79.08238655529131;0.0;0.0;0.0;0.0;0.0;0.0;0.0
2030-06-30 08:00:00;79.13525346673063;0.0;0.0;0.0;0.0;0.0;0.0;0.0
2030-06-30 09:00:00;79.14391914019535;0.0;0.0;0.0;0.0;0.0;0.0;0.0
2030-06-30 10:00:00;79.15635309355063;0.0;0.0;0.0;0.0;0.0;0.0;0.0
2030-06-30 11:00:00;79.164843370715;0.0;0.0;0.0;0.0;0.0;0.0;0.0
2030-06-30 12:00:00;79.16684124419879;0.0;0.0;0.0;0.0;0.0;0.0;0.0
2030-06-30 13:00:00;79.13884223947005;0.0;0.0;0.0;0.0;0.0;0.0;0.0
2030-06-30 14:00:00;79.16859246663522;0.0;0.0;0.0;0.0;0.0;0.0;0.0
2030-06-30 15:00:00;79.20215756333323;0.0;0.0;0.0;0.0;0.0;0.0;0.0
2030-06-30 16:00:00;79.18524141233357;0.0;0.0;0.0;0.0;0.0;0.0;0.0
2030-06-30 17:00:00;79.24425678627068;0.0;0.0;0.0;0.0;0.0;0.0;0.0
2030-06-30 18:00:00;79.34957815378678;0.0;0.0;0.0;0.0;0.0;0.0;0.0
2030-06-30 19:00:00;79.40358514117845;0.0;0.0;0.0;0.0;0.0;0.0;0.0
2030-06-30 20:00:00;79.38921908795199;0.0;0.0;0.0;0.0;0.0;0.0;0.0
2030-06-30 21:00:00;79.3939287526734;0.0;0.0;0.0;0.0;0.0;0.0;0.0
2030-06-30 22:00:00;79.39262698325666;0.0;0.0;0.0;0.0;0.0;0.0;0.0
2030-06-30 23:00:00;79.39574026758808;0.0;0.0;0.0;0.0;0.0;0.0;0.0
2030-07-01 00:00:00;79.38115085813538;0.0;0.0;0.0;0.0;0.0;0.0;0.0
2030-07-01 01:00:00;79.34310767464376;0.0;0.0;0.0;0.0;0.0;0.0;0.0
2030-07-01 02:00:00;79.3048055075524;0.0;0.0;0.0;0.0;0.0;0.0;0.0
2030-07-01 03:00:00;79.30836276376908;0.0;0.0;0.0;0.0;0.0;0.0;0.0
2030-07-01 04:00:00;79.32696984472693;0.0;0.0;0.0;0.0;0.0;0.0;0.0
2030-07-01 05:00:00;79.35547448410281;0.0;0.0;0.0;0.0;0.0;0.0;0.0
2030-07-01 06:00:00;79.38867919621494;0.0;0.0;0.0;0.0;0.0;0.0;0.0
2030-07-01 07:00:00;79.40409625695996;0.0;0.0;0.0;0.0;0.0;0.0;0.0
2030-07-01 08:00:00;79.40979389615451;0.0;0.0;0.0;0.0;0.0;0.0;0.0
2030-07-01 09:00:00;79.39026872518696;0.0;0.0;0.0;0.0;0.0;0.0;0.0
2030-07-01 10:00:00;79.38775973592163;0.0;0.0;0.0;0.0;0.0;0.0;0.0
2030-07-01 11:00:00;79.37417337406163;0.0;0.0;0.0;0.0;0.0;0.0;0.0
2030-07-01 12:00:00;79.3742665533462;0.0;0.0;0.0;0.0;0.0;0.0;0.0
2030-07-01 13:00:00;79.36195455523101;0.0;0.0;0.0;0.0;0.0;0.0;0.0
2030-07-01 14:00:00;79.35505106647147;0.0;0.0;0.0;0.0;0.0;0.0;0.0
2030-07-01 15:00:00;79.36553647655244;0.0;0.0;0.0;0.0;0.0;0.0;0.0
2030-07-01 16:00:00;79.35993064635886;0.0;0.0;0.0;0.0;0.0;0.0;0.0
2030-07-01 17:00:00;79.35812050172781;0.0;0.0;0.0;0.0;0.0;0.0;0.0
2030-07-01 18:00:00;79.36397161268516;0.0;0.0;0.0;0.0;0.0;0.0;0.0
2030-07-01 19:00:00;79.40570085905156;0.0;0.0;0.0;0.0;0.0;0.0;0.0
2030-07-01 20:00:00;79.40583103599323;0.0;0.0;0.0;0.0;0.0;0.0;0.0
2030-07-01 21:00:00;79.40706018037935;0.0;0.0;0.0;0.0;0.0;0.0;0.0
2030-07-01 22:00:00;79.40890458210033;0.0;0.0;0.0;0.0;0.0;0.0;0.0
2030-07-01 23:00:00;79.39786146659557;0.0;0.0;0.0;0.0;0.0;0.0;0.0
2030-07-02 00:00:00;79.40396745030189;0.0;0.0;0.0;0.0;0.0;0.0;0.0
2030-07-02 01:00:00;79.40413736546788;0.0;0.0;0.0;0.0;0.0;0.0;0.0
2030-07-02 02:00:00;79.36189426275276;0.0;0.0;0.0;0.0;0.0;0.0;0.0
2030-07-02 03:00:00;79.35658304353245;0.0;0.0;0.0;0.0;0.0;0.0;0.0
2030-07-02 04:00:00;79.36461290540835;0.0;0.0;0.0;0.0;0.0;0.0;0.0
2030-07-02 05:00:00;79.38764874295032;0.0;0.0;0.0;0.0;0.0;0.0;0.0
2030-07-02 06:00:00;79.4392549934808;0.0;0.0;0.0;0.0;0.0;0.0;0.0
2030-07-02 07:00:00;79.45418560354904;0.0;0.0;0.0;0.0;0.0;0.0;0.0
2030-07-02 08:00:00;79.45251522784483;0.0;0.0;0.0;0.0;0.0;0.0;0.0
2030-07-02 09:00:00;79.44062938792815;0.0;0.0;0.0;0.0;0.0;0.0;0.0
2030-07-02 10:00:00;79.43891927399964;0.0;0.0;0.0;0.0;0.0;0.0;0.0
2030-07-02 11:00:00;79.46206199366213;0.0;0.0;0.0;0.0;0.0;0.0;0.0
2030-07-02 12:00:00;79.47202669597641;0.0;0.0;0.0;0.0;0.0;0.0;0.0
2030-07-02 13:00:00;79.47466449189979;0.0;0.0;0.0;0.0;0.0;0.0;0.0
2030-07-02 14:00:00;79.46895863100367;0.0;0.0;0.0;0.0;0.0;0.0;0.0
2030-07-02 15:00:00;79.42938210016752;0.0;0.0;0.0;0.0;0.0;0.0;0.0
2030-07-02 16:00:00;79.42940813555583;0.0;0.0;0.0;0.0;0.0;0.0;0.0
2030-07-02 17:00:00;79.42994391644208;0.0;0.0;0.0;0.0;0.0;0.0;0.0
2030-07-02 18:00:00;79.44933479961716;0.0;0.0;0.0;0.0;0.0;0.0;0.0
2030-07-02 19:00:00;79.45793881032004;0.0;0.0;0.0;0.0;0.0;0.0;0.0
2030-07-02 20:00:00;79.45657537814145;0.0;0.0;0.0;0.0;0.0;0.0;0.0
2030-07-02 21:00:00;79.4525207089792;0.0;0.0;0.0;0.0;0.0;0.0;0.0
2030-07-02 22:00:00;79.44778363858586;0.0;0.0;0.0;0.0;0.0;0.0;0.0
2030-07-02 23:00:00;79.43971129791845;0.0;0.0;0.0;0.0;0.0;0.0;0.0
2030-07-03 00:00:00;79.40499927385011;0.0;0.0;0.0;0.0;0.0;0.0;0.0
2030-07-03 01:00:00;79.40048144883221;0.0;0.0;0.0;0.0;0.0;0.0;0.0
2030-07-03 02:00:00;85.78434907655395;0.0;0.0;0.0;0.0;0.0;0.0;0.0
2030-07-03 03:00:00;85.77476394279594;0.0;0.0;0.0;0.0;0.0;0.0;0.0
2030-07-03 04:00:00;85.78411886890973;0.0;0.0;0.0;0.0;0.0;0.0;0.0
2030-07-03 05:00:00;85.78927524608363;0.0;0.0;0.0;0.0;0.0;0.0;0.0
2030-07-03 06:00:00;85.82888055287533;0.0;0.0;0.0;0.0;0.0;0.0;0.0
2030-07-03 07:00:00;79.465635693282;0.0;0.0;0.0;0.0;0.0;0.0;0.0
2030-07-03 08:00:00;79.3984863159156;0.0;0.0;0.0;0.0;0.0;0.0;0.0
2030-07-03 09:00:00;79.39926052614767;0.0;0.0;0.0;0.0;0.0;0.0;0.0
2030-07-03 10:00:00;79.40559671749821;0.0;0.0;0.0;0.0;0.0;0.0;0.0
2030-07-03 11:00:00;79.39700092849692;0.0;0.0;0.0;0.0;0.0;0.0;0.0
2030-07-03 12:00:00;79.37966273014948;0.0;0.0;0.0;0.0;0.0;0.0;0.0
2030-07-03 13:00:00;79.39686664070445;0.0;0.0;0.0;0.0;0.0;0.0;0.0
2030-07-03 14:00:00;79.37261673189593;0.0;0.0;0.0;0.0;0.0;0.0;0.0
2030-07-03 15:00:00;79.37671936098407;0.0;0.0;0.0;0.0;0.0;0.0;0.0
2030-07-03 16:00:00;79.40158452712745;0.0;0.0;0.0;0.0;0.0;0.0;0.0
2030-07-03 17:00:00;85.76887720446507;0.0;0.0;0.0;0.0;0.0;0.0;0.0
2030-07-03 18:00:00;85.81397871876263;0.0;0.0;0.0;0.0;0.0;0.0;0.0
2030-07-03 19:00:00;85.84975408290191;0.0;0.0;0.0;0.0;0.0;0.0;0.0
2030-07-03 20:00:00;85.86823920861966;0.0;0.0;0.0;0.0;0.0;0.0;0.0
2030-07-03 21:00:00;85.87506459121418;0.0;0.0;0.0;0.0;0.0;0.0;0.0
2030-07-03 22:00:00;85.87795725988656;0.0;0.0;0.0;0.0;0.0;0.0;0.0
2030-07-03 23:00:00;85.8449293143584;0.0;0.0;0.0;0.0;0.0;0.0;0.0
2030-07-04 00:00:00;85.77330733133279;0.0;0.0;0.0;0.0;0.0;0.0;0.0
2030-07-04 01:00:00;85.72854427708359;0.0;0.0;0.0;0.0;0.0;0.0;0.0
2030-07-04 02:00:00;85.74274863684566;0.0;0.0;0.0;0.0;0.0;0.0;0.0
2030-07-04 03:00:00;85.73860489924962;0.0;0.0;0.0;0.0;0.0;0.0;0.0
2030-07-04 04:00:00;85.70796809859746;0.0;0.0;0.0;0.0;0.0;0.0;0.0
2030-07-04 05:00:00;85.75774227995934;0.0;0.0;0.0;0.0;0.0;0.0;0.0
2030-07-04 06:00:00;85.84500056910541;0.0;0.0;0.0;0.0;0.0;0.0;0.0
2030-07-04 07:00:00;85.86832416620263;0.0;0.0;0.0;0.0;0.0;0.0;0.0
2030-07-04 08:00:00;85.86630847903209;0.0;0.0;0.0;0.0;0.0;0.0;0.0
2030-07-04 09:00:00;81.42204713601808;0.0;0.0;0.0;0.0;0.0;0.0;0.0
2030-07-04 10:00:00;79.45748798701678;0.0;0.0;0.0;0.0;0.0;0.0;0.0
2030-07-04 11:00:00;79.44811661749982;0.0;0.0;0.0;0.0;0.0;0.0;0.0
2030-07-04 12:00:00;79.44494852182456;0.0;0.0;0.0;0.0;0.0;0.0;0.0
2030-07-04 13:00:00;79.44717249210179;0.0;0.0;0.0;0.0;0.0;0.0;0.0
2030-07-04 14:00:00;79.45355938394542;0.0;0.0;0.0;0.0;0.0;0.0;0.0
2030-07-04 15:00:00;79.45159713783512;0.0;0.0;0.0;0.0;0.0;0.0;0.0
2030-07-04 16:00:00;79.45900763152537;0.0;0.0;0.0;0.0;0.0;0.0;0.0
2030-07-04 17:00:00;85.86938613599;0.0;0.0;0.0;0.0;0.0;0.0;0.0
2030-07-04 18:00:00;85.88955534024792;0.0;0.0;0.0;0.0;0.0;0.0;0.0
2030-07-04 19:00:00;85.87162654967038;0.0;0.0;0.0;0.0;0.0;0.0;0.0
2030-07-04 20:00:00;85.85598887326631;0.0;0.0;0.0;0.0;0.0;0.0;0.0
2030-07-04 21:00:00;85.8715840708789;0.0;0.0;0.0;0.0;0.0;0.0;0.0
2030-07-04 22:00:00;85.849074422238;0.0;0.0;0.0;0.0;0.0;0.0;0.0
2030-07-04 23:00:00;85.82739516545665;0.0;0.0;0.0;0.0;0.0;0.0;0.0
2030-07-05 00:00:00;85.82351315202757;0.0;0.0;0.0;0.0;0.0;0.0;0.0
2030-07-05 01:00:00;85.83335315853455;0.0;0.0;0.0;0.0;0.0;0.0;0.0
2030-07-05 02:00:00;85.80892237229128;0.0;0.0;0.0;0.0;0.0;0.0;0.0
2030-07-05 03:00:00;85.76605304997254;0.0;0.0;0.0;0.0;0.0;0.0;0.0
2030-07-05 04:00:00;85.80266565738934;0.0;0.0;0.0;0.0;0.0;0.0;0.0
2030-07-05 05:00:00;85.83170470736786;0.0;0.0;0.0;0.0;0.0;0.0;0.0
2030-07-05 06:00:00;85.75997721250535;0.0;0.0;0.0;0.0;0.0;0.0;0.0
2030-07-05 07:00:00;85.78707320034394;0.0;0.0;0.0;0.0;0.0;0.0;0.0
2030-07-05 08:00:00;85.81415274477939;0.0;0.0;0.0;0.0;0.0;0.0;0.0
2030-07-05 09:00:00;85.82382968753838;0.0;0.0;0.0;0.0;0.0;0.0;0.0
2030-07-05 10:00:00;79.41246457888424;0.0;0.0;0.0;0.0;0.0;0.0;0.0
2030-07-05 11:00:00;79.40808104165879;0.0;0.0;0.0;0.0;0.0;0.0;0.0
2030-07-05 12:00:00;83.21099073928275;0.0;0.0;0.0;0.0;0.0;0.0;0.0
2030-07-05 13:00:00;79.40577759493296;0.0;0.0;0.0;0.0;0.0;0.0;0.0
2030-07-05 14:00:00;79.38432991607944;0.0;0.0;0.0;0.0;0.0;0.0;0.0
2030-07-05 15:00:00;79.43019056748948;0.0;0.0;0.0;0.0;0.0;0.0;0.0
2030-07-05 16:00:00;79.44304245734172;0.0;0.0;0.0;0.0;0.0;0.0;0.0
2030-07-05 17:00:00;85.90119041826642;0.0;0.0;0.0;0.0;0.0;0.0;0.0
2030-07-05 18:00:00;85.92585278243752;0.0;0.0;0.0;0.0;0.0;0.0;0.0
2030-07-05 19:00:00;85.953869600853;0.0;0.0;0.0;0.0;0.0;0.0;0.0
2030-07-05 20:00:00;85.9357640436915;0.0;0.0;0.0;0.0;0.0;0.0;0.0
2030-07-05 21:00:00;85.80129948464355;0.0;0.0;0.0;0.0;0.0;0.0;0.0
2030-07-05 22:00:00;85.85839920211268;0.0;0.0;0.0;0.0;0.0;0.0;0.0
2030-07-05 23:00:00;85.76948012924757;0.0;0.0;0.0;0.0;0.0;0.0;0.0
2030-07-06 00:00:00;85.70584278873918;0.0;0.0;0.0;0.0;0.0;0.0;0.0
2030-07-06 01:00:00;85.70054664263844;0.0;0.0;0.0;0.0;0.0;0.0;0.0
2030-07-06 02:00:00;85.67155829315297;0.0;0.0;0.0;0.0;0.0;0.0;0.0
2030-07-06 03:00:00;85.64714258002927;0.0;0.0;0.0;0.0;0.0;0.0;0.0
2030-07-06 04:00:00;85.6632338203038;0.0;0.0;0.0;0.0;0.0;0.0;0.0
2030-07-06 05:00:00;85.62615668674778;0.0;0.0;0.0;0.0;0.0;0.0;0.0
2030-07-06 06:00:00;85.62318043077603;0.0;0.0;0.0;0.0;0.0;0.0;0.0
2030-07-06 07:00:00;85.67694898882189;0.0;0.0;0.0;0.0;0.0;0.0;0.0
2030-07-06 08:00:00;85.68509943565431;0.0;0.0;0.0;0.0;0.0;0.0;0.0
2030-07-06 09:00:00;81.86106818667278;0.0;0.0;0.0;0.0;0.0;0.0;0.0
2030-07-06 10:00:00;79.35337795020007;0.0;0.0;0.0;0.0;0.0;0.0;0.0
2030-07-06 11:00:00;79.35392058250432;0.0;0.0;0.0;0.0;0.0;0.0;0.0
2030-07-06 12:00:00;79.35688313564009;0.0;0.0;0.0;0.0;0.0;0.0;0.0
2030-07-06 13:00:00;79.36449917186984;0.0;0.0;0.0;0.0;0.0;0.0;0.0
2030-07-06 14:00:00;79.3601197454952;0.0;0.0;0.0;0.0;0.0;0.0;0.0
2030-07-06 15:00:00;79.37208643214406;0.0;0.0;0.0;0.0;0.0;0.0;0.0
2030-07-06 16:00:00;85.70830518836223;0.0;0.0;0.0;0.0;0.0;0.0;0.0
2030-07-06 17:00:00;85.805917340364;0.0;0.0;0.0;0.0;0.0;0.0;0.0
2030-07-06 18:00:00;85.82279238285577;0.0;0.0;0.0;0.0;0.0;0.0;0.0
2030-07-06 19:00:00;85.82552061749655;0.0;0.0;0.0;0.0;0.0;0.0;0.0
2030-07-06 20:00:00;85.77244679323414;0.0;0.0;0.0;0.0;0.0;0.0;0.0
2030-07-06 21:00:00;85.75366979711032;0.0;0.0;0.0;0.0;0.0;0.0;0.0
2030-07-06 22:00:00;85.79161843103377;0.0;0.0;0.0;0.0;0.0;0.0;0.0
2030-07-06 23:00:00;85.78927387580003;0.0;0.0;0.0;0.0;0.0;0.0;0.0
2030-07-07 00:00:00;85.52159582662779;0.0;0.0;0.0;0.0;0.0;0.0;0.0
2030-07-07 01:00:00;85.42780539557687;0.0;0.0;0.0;0.0;0.0;0.0;0.0
2030-07-07 02:00:00;85.36300331401141;0.0;0.0;0.0;0.0;0.0;0.0;0.0
2030-07-07 03:00:00;85.27717697122375;0.0;0.0;0.0;0.0;0.0;0.0;0.0
2030-07-07 04:00:00;85.26884975780739;0.0;0.0;0.0;0.0;0.0;0.0;0.0
2030-07-07 05:00:00;85.27558607196812;0.0;0.0;0.0;0.0;0.0;0.0;0.0
2030-07-07 06:00:00;85.28516709487536;0.0;0.0;0.0;0.0;0.0;0.0;0.0
2030-07-07 07:00:00;83.91241424726296;0.0;0.0;0.0;0.0;0.0;0.0;0.0
2030-07-07 08:00:00;81.29735543958085;0.0;0.0;0.0;0.0;0.0;0.0;0.0
2030-07-07 09:00:00;79.22148952431368;0.0;0.0;0.0;0.0;0.0;0.0;0.0
2030-07-07 10:00:00;79.23527046644438;0.0;0.0;0.0;0.0;0.0;0.0;0.0
2030-07-07 11:00:00;79.23691754732747;0.0;0.0;0.0;0.0;0.0;0.0;0.0
2030-07-07 12:00:00;79.2330697909883;0.0;0.0;0.0;0.0;0.0;0.0;0.0
2030-07-07 13:00:00;79.23351513315718;0.0;0.0;0.0;0.0;0.0;0.0;0.0
2030-07-07 14:00:00;79.22001235859655;0.0;0.0;0.0;0.0;0.0;0.0;0.0
2030-07-07 15:00:00;79.2273461164054;0.0;0.0;0.0;0.0;0.0;0.0;0.0
2030-07-07 16:00:00;79.27689694154103;0.0;0.0;0.0;0.0;0.0;0.0;0.0
2030-07-07 17:00:00;85.53620167948365;0.0;0.0;0.0;0.0;0.0;0.0;0.0
2030-07-07 18:00:00;85.5672372326624;0.0;0.0;0.0;0.0;0.0;0.0;0.0
2030-07-07 19:00:00;85.66450955433221;0.0;0.0;0.0;0.0;0.0;0.0;0.0
2030-07-07 20:00:00;85.69670025658287;0.0;0.0;0.0;0.0;0.0;0.0;0.0
2030-07-07 21:00:00;85.50654189103588;0.0;0.0;0.0;0.0;0.0;0.0;0.0
2030-07-07 22:00:00;85.50927149596023;0.0;0.0;0.0;0.0;0.0;0.0;0.0
2030-07-07 23:00:00;85.49634287022658;0.0;0.0;0.0;0.0;0.0;0.0;0.0
2030-07-08 00:00:00;85.5628441034518;0.0;0.0;0.0;0.0;0.0;0.0;0.0
2030-07-08 01:00:00;85.5809428091953;0.0;0.0;0.0;0.0;0.0;0.0;0.0
2030-07-08 02:00:00;85.58477275184772;0.0;0.0;0.0;0.0;0.0;0.0;0.0
2030-07-08 03:00:00;85.6053256355127;0.0;0.0;0.0;0.0;0.0;0.0;0.0
2030-07-08 04:00:00;85.62909046392804;0.0;0.0;0.0;0.0;0.0;0.0;0.0
2030-07-08 05:00:00;85.70758030833963;0.0;0.0;0.0;0.0;0.0;0.0;0.0
2030-07-08 06:00:00;85.80254781300002;0.0;0.0;0.0;0.0;0.0;0.0;0.0
2030-07-08 07:00:00;85.84238469771955;0.0;0.0;0.0;0.0;0.0;0.0;0.0
2030-07-08 08:00:00;85.9232944629627;0.0;0.0;0.0;0.0;0.0;0.0;0.0
2030-07-08 09:00:00;79.46528216011407;0.0;0.0;0.0;0.0;0.0;0.0;0.0
2030-07-08 10:00:00;79.4501213424016;0.0;0.0;0.0;0.0;0.0;0.0;0.0
2030-07-08 11:00:00;79.45616566334608;0.0;0.0;0.0;0.0;0.0;0.0;0.0
2030-07-08 12:00:00;79.47401634775863;0.0;0.0;0.0;0.0;0.0;0.0;0.0
2030-07-08 13:00:00;79.47474670891559;0.0;0.0;0.0;0.0;0.0;0.0;0.0
2030-07-08 14:00:00;79.45805117357497;0.0;0.0;0.0;0.0;0.0;0.0;0.0
2030-07-08 15:00:00;79.45793469946926;0.0;0.0;0.0;0.0;0.0;0.0;0.0
2030-07-08 16:00:00;79.4622689064852;0.0;0.0;0.0;0.0;0.0;0.0;0.0
2030-07-08 17:00:00;85.92480040463533;0.0;0.0;0.0;0.0;0.0;0.0;0.0
2030-07-08 18:00:00;85.90948611516006;0.0;0.0;0.0;0.0;0.0;0.0;0.0
2030-07-08 19:00:00;85.92599529193154;0.0;0.0;0.0;0.0;0.0;0.0;0.0
2030-07-08 20:00:00;85.89359219572343;0.0;0.0;0.0;0.0;0.0;0.0;0.0
2030-07-08 21:00:00;85.9120279912317;0.0;0.0;0.0;0.0;0.0;0.0;0.0
2030-07-08 22:00:00;85.86296772762364;0.0;0.0;0.0;0.0;0.0;0.0;0.0
2030-07-08 23:00:00;85.8633870344042;0.0;0.0;0.0;0.0;0.0;0.0;0.0
2030-07-09 00:00:00;85.85826491432022;0.0;0.0;0.0;0.0;0.0;0.0;0.0
2030-07-09 01:00:00;85.88722722841734;0.0;0.0;0.0;0.0;0.0;0.0;0.0
2030-07-09 02:00:00;85.87956734311251;0.0;0.0;0.0;0.0;0.0;0.0;0.0
2030-07-09 03:00:00;85.8932729196454;0.0;0.0;0.0;0.0;0.0;0.0;0.0
2030-07-09 04:00:00;85.91289812131552;0.0;0.0;0.0;0.0;0.0;0.0;0.0
2030-07-09 05:00:00;85.92630771659157;0.0;0.0;0.0;0.0;0.0;0.0;0.0
2030-07-09 06:00:00;85.960588101327;0.0;0.0;0.0;0.0;0.0;0.0;0.0
2030-07-09 07:00:00;85.99023555722239;0.0;0.0;0.0;0.0;0.0;0.0;0.0
2030-07-09 08:00:00;85.99346805622672;0.0;0.0;0.0;0.0;0.0;0.0;0.0
2030-07-09 09:00:00;85.97064050179144;0.0;0.0;0.0;0.0;0.0;0.0;0.0
2030-07-09 10:00:00;85.97193953064098;0.0;0.0;0.0;0.0;0.0;0.0;0.0
2030-07-09 11:00:00;85.97312071510125;0.0;0.0;0.0;0.0;0.0;0.0;0.0
2030-07-09 12:00:00;86.10699194135188;0.0;0.0;0.0;0.0;0.0;0.0;0.0
2030-07-09 13:00:00;79.64582524566396;0.0;0.0;0.0;0.0;0.0;0.0;0.0
2030-07-09 14:00:00;79.46132341080357;0.0;0.0;0.0;0.0;0.0;0.0;0.0
2030-07-09 15:00:00;79.4817365255417;0.0;0.0;0.0;0.0;0.0;0.0;0.0
2030-07-09 16:00:00;79.58866934656734;0.0;0.0;0.0;0.0;0.0;0.0;0.0
2030-07-09 17:00:00;79.61571600419649;0.0;0.0;0.0;0.0;0.0;0.0;0.0
2030-07-09 18:00:00;79.65211895822299;0.0;0.0;0.0;0.0;0.0;0.0;0.0
2030-07-09 19:00:00;79.59898895233312;0.0;0.0;0.0;0.0;0.0;0.0;0.0
2030-07-09 20:00:00;79.59775843766342;0.0;0.0;0.0;0.0;0.0;0.0;0.0
2030-07-09 21:00:00;79.56992112639904;0.0;0.0;0.0;0.0;0.0;0.0;0.0
2030-07-09 22:00:00;79.5780523892611;0.0;0.0;0.0;0.0;0.0;0.0;0.0
2030-07-09 23:00:00;79.58651252018635;0.0;0.0;0.0;0.0;0.0;0.0;0.0
2030-07-10 00:00:00;79.45851981056498;0.0;0.0;0.0;0.0;0.0;0.0;0.0
2030-07-10 01:00:00;79.46815427453248;0.0;0.0;0.0;0.0;0.0;0.0;0.0
2030-07-10 02:00:00;79.47228293900895;0.0;0.0;0.0;0.0;0.0;0.0;0.0
2030-07-10 03:00:00;79.47633623788761;0.0;0.0;0.0;0.0;0.0;0.0;0.0
2030-07-10 04:00:00;79.49276045707612;0.0;0.0;0.0;0.0;0.0;0.0;0.0
2030-07-10 05:00:00;79.56762727165841;0.0;0.0;0.0;0.0;0.0;0.0;0.0
2030-07-10 06:00:00;79.65385236697266;0.0;0.0;0.0;0.0;0.0;0.0;0.0
2030-07-10 07:00:00;79.72513314938269;0.0;0.0;0.0;0.0;0.0;0.0;0.0
2030-07-10 08:00:00;79.73231754627952;0.0;0.0;0.0;0.0;0.0;0.0;0.0
2030-07-10 09:00:00;79.72947146724945;0.0;0.0;0.0;0.0;0.0;0.0;0.0
2030-07-10 10:00:00;79.70769355004914;0.0;0.0;0.0;0.0;0.0;0.0;0.0
2030-07-10 11:00:00;79.71177014374892;0.0;0.0;0.0;0.0;0.0;0.0;0.0
2030-07-10 12:00:00;79.72591695159994;0.0;0.0;0.0;0.0;0.0;0.0;0.0
2030-07-10 13:00:00;79.74730296769162;0.0;0.0;0.0;0.0;0.0;0.0;0.0
2030-07-10 14:00:00;79.73501700496476;0.0;0.0;0.0;0.0;0.0;0.0;0.0
2030-07-10 15:00:00;79.74406498755292;0.0;0.0;0.0;0.0;0.0;0.0;0.0
2030-07-10 16:00:00;79.75983695174946;0.0;0.0;0.0;0.0;0.0;0.0;0.0
2030-07-10 17:00:00;79.74757702441096;0.0;0.0;0.0;0.0;0.0;0.0;0.0
2030-07-10 18:00:00;79.79460789801249;0.0;0.0;0.0;0.0;0.0;0.0;0.0
2030-07-10 19:00:00;86.32021629067998;0.0;0.0;0.0;0.0;0.0;0.0;0.0
2030-07-10 20:00:00;86.33981956781253;0.0;0.0;0.0;0.0;0.0;0.0;0.0
2030-07-10 21:00:00;79.79300877705526;0.0;0.0;0.0;0.0;0.0;0.0;0.0
2030-07-10 22:00:00;86.22661221819818;0.0;0.0;0.0;0.0;0.0;0.0;0.0
2030-07-10 23:00:00;86.16096604193723;0.0;0.0;0.0;0.0;0.0;0.0;0.0
2030-07-11 00:00:00;86.14993114813406;0.0;0.0;0.0;0.0;0.0;0.0;0.0
2030-07-11 01:00:00;86.11881337793952;0.0;0.0;0.0;0.0;0.0;0.0;0.0
2030-07-11 02:00:00;86.08001105733541;0.0;0.0;0.0;0.0;0.0;0.0;0.0
2030-07-11 03:00:00;86.05320008848487;0.0;0.0;0.0;0.0;0.0;0.0;0.0
2030-07-11 04:00:00;86.08181160998129;0.0;0.0;0.0;0.0;0.0;0.0;0.0
2030-07-11 05:00:00;86.07664290025502;0.0;0.0;0.0;0.0;0.0;0.0;0.0
2030-07-11 06:00:00;86.00453309626904;0.0;0.0;0.0;0.0;0.0;0.0;0.0
2030-07-11 07:00:00;86.04292433179418;0.0;0.0;0.0;0.0;0.0;0.0;0.0
2030-07-11 08:00:00;79.53453629308481;0.0;0.0;0.0;0.0;0.0;0.0;0.0
2030-07-11 09:00:00;79.52469217572703;0.0;0.0;0.0;0.0;0.0;0.0;0.0
2030-07-11 10:00:00;79.52868518212745;0.0;0.0;0.0;0.0;0.0;0.0;0.0
2030-07-11 11:00:00;79.49379365090792;0.0;0.0;0.0;0.0;0.0;0.0;0.0
2030-07-11 12:00:00;79.50149053386987;0.0;0.0;0.0;0.0;0.0;0.0;0.0
2030-07-11 13:00:00;79.49933644805607;0.0;0.0;0.0;0.0;0.0;0.0;0.0
2030-07-11 14:00:00;79.5832183584202;0.0;0.0;0.0;0.0;0.0;0.0;0.0
2030-07-11 15:00:00;79.57688901848763;0.0;0.0;0.0;0.0;0.0;0.0;0.0
2030-07-11 16:00:00;79.55276928662076;0.0;0.0;0.0;0.0;0.0;0.0;0.0
2030-07-11 17:00:00;79.57157779926732;0.0;0.0;0.0;0.0;0.0;0.0;0.0
2030-07-11 18:00:00;79.61515966905625;0.0;0.0;0.0;0.0;0.0;0.0;0.0
2030-07-11 19:00:00;86.06659049979058;0.0;0.0;0.0;0.0;0.0;0.0;0.0
2030-07-11 20:00:00;86.0908732954054;0.0;0.0;0.0;0.0;0.0;0.0;0.0
2030-07-11 21:00:00;83.96812312688155;0.0;0.0;0.0;0.0;0.0;0.0;0.0
2030-07-11 22:00:00;79.57651630134934;0.0;0.0;0.0;0.0;0.0;0.0;0.0
2030-07-11 23:00:00;79.54776501092608;0.0;0.0;0.0;0.0;0.0;0.0;0.0
2030-07-12 00:00:00;79.4857761215844;0.0;0.0;0.0;0.0;0.0;0.0;0.0
2030-07-12 01:00:00;79.53733989332336;0.0;0.0;0.0;0.0;0.0;0.0;0.0
2030-07-12 02:00:00;79.53108591898864;0.0;0.0;0.0;0.0;0.0;0.0;0.0
2030-07-12 03:00:00;79.54052169183461;0.0;0.0;0.0;0.0;0.0;0.0;0.0
2030-07-12 04:00:00;79.57380039926095;0.0;0.0;0.0;0.0;0.0;0.0;0.0
2030-07-12 05:00:00;79.60454271175003;0.0;0.0;0.0;0.0;0.0;0.0;0.0
2030-07-12 06:00:00;79.74306879137824;0.0;0.0;0.0;0.0;0.0;0.0;0.0
2030-07-12 07:00:00;79.80496039058455;0.0;0.0;0.0;0.0;0.0;0.0;0.0
2030-07-12 08:00:00;79.82418272887728;0.0;0.0;0.0;0.0;0.0;0.0;0.0
2030-07-12 09:00:00;79.78523378792832;0.0;0.0;0.0;0.0;0.0;0.0;0.0
2030-07-12 10:00:00;79.76165668836572;0.0;0.0;0.0;0.0;0.0;0.0;0.0
2030-07-12 11:00:00;79.76243500944857;0.0;0.0;0.0;0.0;0.0;0.0;0.0
2030-07-12 12:00:00;79.80641426148054;0.0;0.0;0.0;0.0;0.0;0.0;0.0
2030-07-12 13:00:00;79.82260690274121;0.0;0.0;0.0;0.0;0.0;0.0;0.0
2030-07-12 14:00:00;79.8043862417576;0.0;0.0;0.0;0.0;0.0;0.0;0.0
2030-07-12 15:00:00;79.74391973749168;0.0;0.0;0.0;0.0;0.0;0.0;0.0
2030-07-12 16:00:00;79.69051293431534;0.0;0.0;0.0;0.0;0.0;0.0;0.0
2030-07-12 17:00:00;79.6926793526815;0.0;0.0;0.0;0.0;0.0;0.0;0.0
2030-07-12 18:00:00;79.72759691928933;0.0;0.0;0.0;0.0;0.0;0.0;0.0
2030-07-12 19:00:00;79.70401159802515;0.0;0.0;0.0;0.0;0.0;0.0;0.0
2030-07-12 20:00:00;79.71560145668494;0.0;0.0;0.0;0.0;0.0;0.0;0.0
2030-07-12 21:00:00;79.68315040055096;0.0;0.0;0.0;0.0;0.0;0.0;0.0
2030-07-12 22:00:00;79.64524287513541;0.0;0.0;0.0;0.0;0.0;0.0;0.0
2030-07-12 23:00:00;79.60038938216883;0.0;0.0;0.0;0.0;0.0;0.0;0.0
2030-07-13 00:00:00;79.44853866484756;0.0;0.0;0.0;0.0;0.0;0.0;0.0
2030-07-13 01:00:00;79.4571522675356;0.0;0.0;0.0;0.0;0.0;0.0;0.0
2030-07-13 02:00:00;79.4487181719987;0.0;0.0;0.0;0.0;0.0;0.0;0.0
2030-07-13 03:00:00;79.44660108384201;0.0;0.0;0.0;0.0;0.0;0.0;0.0
2030-07-13 04:00:00;79.45534212290454;0.0;0.0;0.0;0.0;0.0;0.0;0.0
2030-07-13 05:00:00;79.45438703523774;0.0;0.0;0.0;0.0;0.0;0.0;0.0
2030-07-13 06:00:00;79.49643966853291;0.0;0.0;0.0;0.0;0.0;0.0;0.0
2030-07-13 07:00:00;79.50597136123068;0.0;0.0;0.0;0.0;0.0;0.0;0.0
2030-07-13 08:00:00;79.54878450192194;0.0;0.0;0.0;0.0;0.0;0.0;0.0
2030-07-13 09:00:00;79.55216362127109;0.0;0.0;0.0;0.0;0.0;0.0;0.0
2030-07-13 10:00:00;79.49431161810745;0.0;0.0;0.0;0.0;0.0;0.0;0.0
2030-07-13 11:00:00;79.4948460287101;0.0;0.0;0.0;0.0;0.0;0.0;0.0
2030-07-13 12:00:00;79.48528556005682;0.0;0.0;0.0;0.0;0.0;0.0;0.0
2030-07-13 13:00:00;79.47576894047863;0.0;0.0;0.0;0.0;0.0;0.0;0.0
2030-07-13 14:00:00;79.46027240328502;0.0;0.0;0.0;0.0;0.0;0.0;0.0
2030-07-13 15:00:00;79.45627117518302;0.0;0.0;0.0;0.0;0.0;0.0;0.0
2030-07-13 16:00:00;79.47089073087483;0.0;0.0;0.0;0.0;0.0;0.0;0.0
2030-07-13 17:00:00;79.4751865699501;0.0;0.0;0.0;0.0;0.0;0.0;0.0
2030-07-13 18:00:00;79.47560450644704;0.0;0.0;0.0;0.0;0.0;0.0;0.0
2030-07-13 19:00:00;79.47859309497116;0.0;0.0;0.0;0.0;0.0;0.0;0.0
2030-07-13 20:00:00;85.93045556503839;0.0;0.0;0.0;0.0;0.0;0.0;0.0
2030-07-13 21:00:00;85.70445195088868;0.0;0.0;0.0;0.0;0.0;0.0;0.0
2030-07-13 22:00:00;85.87164847420793;0.0;0.0;0.0;0.0;0.0;0.0;0.0
2030-07-13 23:00:00;85.79673232941617;0.0;0.0;0.0;0.0;0.0;0.0;0.0
2030-07-14 00:00:00;79.39710644033386;0.0;0.0;0.0;0.0;0.0;0.0;0.0
2030-07-14 01:00:00;79.32658342475271;0.0;0.0;0.0;0.0;0.0;0.0;0.0
2030-07-14 02:00:00;79.29082724458377;0.0;0.0;0.0;0.0;0.0;0.0;0.0
2030-07-14 03:00:00;79.27836725584015;0.0;0.0;0.0;0.0;0.0;0.0;0.0
2030-07-14 04:00:00;79.28816204298845;0.0;0.0;0.0;0.0;0.0;0.0;0.0
2030-07-14 05:00:00;79.30079742803244;0.0;0.0;0.0;0.0;0.0;0.0;0.0
2030-07-14 06:00:00;79.33481197775014;0.0;0.0;0.0;0.0;0.0;0.0;0.0
2030-07-14 07:00:00;79.35861380382256;0.0;0.0;0.0;0.0;0.0;0.0;0.0
2030-07-14 08:00:00;81.04201953476291;0.0;0.0;0.0;0.0;0.0;0.0;0.0
2030-07-14 09:00:00;79.37024614127387;0.0;0.0;0.0;0.0;0.0;0.0;0.0
2030-07-14 10:00:00;79.37203025051659;0.0;0.0;0.0;0.0;0.0;0.0;0.0
2030-07-14 11:00:00;79.37381847061013;0.0;0.0;0.0;0.0;0.0;0.0;0.0
2030-07-14 12:00:00;79.36308915004896;0.0;0.0;0.0;0.0;0.0;0.0;0.0
2030-07-14 13:00:00;79.34967681420571;0.0;0.0;0.0;0.0;0.0;0.0;0.0
2030-07-14 14:00:00;79.34457113752492;0.0;0.0;0.0;0.0;0.0;0.0;0.0
2030-07-14 15:00:00;79.3466882256816;0.0;0.0;0.0;0.0;0.0;0.0;0.0
2030-07-14 16:00:00;79.33158633016379;0.0;0.0;0.0;0.0;0.0;0.0;0.0
2030-07-14 17:00:00;79.3392996565289;0.0;0.0;0.0;0.0;0.0;0.0;0.0
2030-07-14 18:00:00;79.32930754854269;0.0;0.0;0.0;0.0;0.0;0.0;0.0
2030-07-14 19:00:00;85.57564803337816;0.0;0.0;0.0;0.0;0.0;0.0;0.0
2030-07-14 20:00:00;85.5817869038908;0.0;0.0;0.0;0.0;0.0;0.0;0.0
2030-07-14 21:00:00;85.59849888263457;0.0;0.0;0.0;0.0;0.0;0.0;0.0
2030-07-14 22:00:00;85.5688336130524;0.0;0.0;0.0;0.0;0.0;0.0;0.0
2030-07-14 23:00:00;85.5424529132512;0.0;0.0;0.0;0.0;0.0;0.0;0.0
2030-07-15 00:00:00;85.07992053664654;0.0;0.0;0.0;0.0;0.0;0.0;0.0
2030-07-15 01:00:00;81.7011629423709;0.0;0.0;0.0;0.0;0.0;0.0;0.0
2030-07-15 02:00:00;83.47624338648907;0.0;0.0;0.0;0.0;0.0;0.0;0.0
2030-07-15 03:00:00;79.39128410533203;0.0;0.0;0.0;0.0;0.0;0.0;0.0
2030-07-15 04:00:00;79.45280709825089;0.0;0.0;0.0;0.0;0.0;0.0;0.0
2030-07-15 05:00:00;79.4910503431476;0.0;0.0;0.0;0.0;0.0;0.0;0.0
2030-07-15 06:00:00;79.53532831700362;0.0;0.0;0.0;0.0;0.0;0.0;0.0
2030-07-15 07:00:00;79.64405483925717;0.0;0.0;0.0;0.0;0.0;0.0;0.0
2030-07-15 08:00:00;79.56707230680179;0.0;0.0;0.0;0.0;0.0;0.0;0.0
2030-07-15 09:00:00;79.57602711010537;0.0;0.0;0.0;0.0;0.0;0.0;0.0
2030-07-15 10:00:00;79.58674409811417;0.0;0.0;0.0;0.0;0.0;0.0;0.0
2030-07-15 11:00:00;79.57859091071455;0.0;0.0;0.0;0.0;0.0;0.0;0.0
2030-07-15 12:00:00;79.58226053018618;0.0;0.0;0.0;0.0;0.0;0.0;0.0
2030-07-15 13:00:00;79.57955422008294;0.0;0.0;0.0;0.0;0.0;0.0;0.0
2030-07-15 14:00:00;79.54043536396803;0.0;0.0;0.0;0.0;0.0;0.0;0.0
2030-07-15 15:00:00;79.5386923632332;0.0;0.0;0.0;0.0;0.0;0.0;0.0
2030-07-15 16:00:00;79.59065762806597;0.0;0.0;0.0;0.0;0.0;0.0;0.0
2030-07-15 17:00:00;79.59909720473725;0.0;0.0;0.0;0.0;0.0;0.0;0.0
2030-07-15 18:00:00;79.64372460091039;0.0;0.0;0.0;0.0;0.0;0.0;0.0
2030-07-15 19:00:00;86.12053171356959;0.0;0.0;0.0;0.0;0.0;0.0;0.0
2030-07-15 20:00:00;86.11984520148772;0.0;0.0;0.0;0.0;0.0;0.0;0.0
2030-07-15 21:00:00;83.79627997188632;0.0;0.0;0.0;0.0;0.0;0.0;0.0
2030-07-15 22:00:00;79.54845015272437;0.0;0.0;0.0;0.0;0.0;0.0;0.0
2030-07-15 23:00:00;82.59844519565982;0.0;0.0;0.0;0.0;0.0;0.0;0.0
2030-07-16 00:00:00;79.41354025150753;0.0;0.0;0.0;0.0;0.0;0.0;0.0
2030-07-16 01:00:00;79.37628909193475;0.0;0.0;0.0;0.0;0.0;0.0;0.0
2030-07-16 02:00:00;84.77641231199115;0.0;0.0;0.0;0.0;0.0;0.0;0.0
2030-07-16 03:00:00;85.80656685478877;0.0;0.0;0.0;0.0;0.0;0.0;0.0
2030-07-16 04:00:00;85.76579406637279;0.0;0.0;0.0;0.0;0.0;0.0;0.0
2030-07-16 05:00:00;82.29888749861333;0.0;0.0;0.0;0.0;0.0;0.0;0.0
2030-07-16 06:00:00;85.26364542070763;0.0;0.0;0.0;0.0;0.0;0.0;0.0
2030-07-16 07:00:00;79.65028825933797;0.0;0.0;0.0;0.0;0.0;0.0;0.0
2030-07-16 08:00:00;79.62411721292705;0.0;0.0;0.0;0.0;0.0;0.0;0.0
2030-07-16 09:00:00;79.65005394084295;0.0;0.0;0.0;0.0;0.0;0.0;0.0
2030-07-16 10:00:00;79.60776698905276;0.0;0.0;0.0;0.0;0.0;0.0;0.0
2030-07-16 11:00:00;79.59362566233614;0.0;0.0;0.0;0.0;0.0;0.0;0.0
2030-07-16 12:00:00;79.63475335420364;0.0;0.0;0.0;0.0;0.0;0.0;0.0
2030-07-16 13:00:00;79.59506720067974;0.0;0.0;0.0;0.0;0.0;0.0;0.0
2030-07-16 14:00:00;79.60501134874006;0.0;0.0;0.0;0.0;0.0;0.0;0.0
2030-07-16 15:00:00;79.6726567687684;0.0;0.0;0.0;0.0;0.0;0.0;0.0
2030-07-16 16:00:00;79.69563094354852;0.0;0.0;0.0;0.0;0.0;0.0;0.0
2030-07-16 17:00:00;79.68509894382528;0.0;0.0;0.0;0.0;0.0;0.0;0.0
2030-07-16 18:00:00;79.71144949738733;0.0;0.0;0.0;0.0;0.0;0.0;0.0
2030-07-16 19:00:00;79.72514000080068;0.0;0.0;0.0;0.0;0.0;0.0;0.0
2030-07-16 20:00:00;79.7172978677775;0.0;0.0;0.0;0.0;0.0;0.0;0.0
2030-07-16 21:00:00;79.72432194149351;0.0;0.0;0.0;0.0;0.0;0.0;0.0
2030-07-16 22:00:00;79.70377179839576;0.0;0.0;0.0;0.0;0.0;0.0;0.0
2030-07-16 23:00:00;79.67614962165608;0.0;0.0;0.0;0.0;0.0;0.0;0.0
2030-07-17 00:00:00;79.4858131192415;0.0;0.0;0.0;0.0;0.0;0.0;0.0
2030-07-17 01:00:00;79.48292867227072;0.0;0.0;0.0;0.0;0.0;0.0;0.0
2030-07-17 02:00:00;79.47101679696571;0.0;0.0;0.0;0.0;0.0;0.0;0.0
2030-07-17 03:00:00;79.45974347381672;0.0;0.0;0.0;0.0;0.0;0.0;0.0
2030-07-17 04:00:00;79.48040460988584;0.0;0.0;0.0;0.0;0.0;0.0;0.0
2030-07-17 05:00:00;79.4903282036922;0.0;0.0;0.0;0.0;0.0;0.0;0.0
2030-07-17 06:00:00;79.5391664813576;0.0;0.0;0.0;0.0;0.0;0.0;0.0
2030-07-17 07:00:00;79.63322137714268;0.0;0.0;0.0;0.0;0.0;0.0;0.0
2030-07-17 08:00:00;79.64291476330482;0.0;0.0;0.0;0.0;0.0;0.0;0.0
2030-07-17 09:00:00;79.63977681386868;0.0;0.0;0.0;0.0;0.0;0.0;0.0
2030-07-17 10:00:00;79.60256265195298;0.0;0.0;0.0;0.0;0.0;0.0;0.0
2030-07-17 11:00:00;79.59255547084722;0.0;0.0;0.0;0.0;0.0;0.0;0.0
2030-07-17 12:00:00;79.55510973100371;0.0;0.0;0.0;0.0;0.0;0.0;0.0
2030-07-17 13:00:00;79.54466679971424;0.0;0.0;0.0;0.0;0.0;0.0;0.0
2030-07-17 14:00:00;79.55276928662076;0.0;0.0;0.0;0.0;0.0;0.0;0.0
2030-07-17 15:00:00;79.58087517347003;0.0;0.0;0.0;0.0;0.0;0.0;0.0
2030-07-17 16:00:00;79.52484153663904;0.0;0.0;0.0;0.0;0.0;0.0;0.0
2030-07-17 17:00:00;79.64241460979207;0.0;0.0;0.0;0.0;0.0;0.0;0.0
2030-07-17 18:00:00;79.68551551003863;0.0;0.0;0.0;0.0;0.0;0.0;0.0
2030-07-17 19:00:00;79.55929594739123;0.0;0.0;0.0;0.0;0.0;0.0;0.0
2030-07-17 20:00:00;79.55618814419421;0.0;0.0;0.0;0.0;0.0;0.0;0.0
2030-07-17 21:00:00;79.60908657215626;0.0;0.0;0.0;0.0;0.0;0.0;0.0
2030-07-17 22:00:00;79.58350611797546;0.0;0.0;0.0;0.0;0.0;0.0;0.0
2030-07-17 23:00:00;79.61441012392895;0.0;0.0;0.0;0.0;0.0;0.0;0.0
2030-07-18 00:00:00;79.61761247669413;0.0;0.0;0.0;0.0;0.0;0.0;0.0
2030-07-18 01:00:00;79.50870370672223;0.0;0.0;0.0;0.0;0.0;0.0;0.0
2030-07-18 02:00:00;79.51597580176924;0.0;0.0;0.0;0.0;0.0;0.0;0.0
2030-07-18 03:00:00;79.49249873290917;0.0;0.0;0.0;0.0;0.0;0.0;0.0
2030-07-18 04:00:00;79.47974961432666;0.0;0.0;0.0;0.0;0.0;0.0;0.0
2030-07-18 05:00:00;79.48544314267042;0.0;0.0;0.0;0.0;0.0;0.0;0.0
2030-07-18 06:00:00;79.51909045638425;0.0;0.0;0.0;0.0;0.0;0.0;0.0
2030-07-18 07:00:00;79.58238933684424;0.0;0.0;0.0;0.0;0.0;0.0;0.0
2030-07-18 08:00:00;79.62126976361336;0.0;0.0;0.0;0.0;0.0;0.0;0.0
2030-07-18 09:00:00;79.58488051242284;0.0;0.0;0.0;0.0;0.0;0.0;0.0
2030-07-18 10:00:00;79.49948991981887;0.0;0.0;0.0;0.0;0.0;0.0;0.0
2030-07-18 11:00:00;79.49364428999591;0.0;0.0;0.0;0.0;0.0;0.0;0.0
2030-07-18 12:00:00;79.51357232434084;0.0;0.0;0.0;0.0;0.0;0.0;0.0
2030-07-18 13:00:00;79.53854848345556;0.0;0.0;0.0;0.0;0.0;0.0;0.0
2030-07-18 14:00:00;79.52476754132482;0.0;0.0;0.0;0.0;0.0;0.0;0.0
2030-07-18 15:00:00;79.50900790968066;0.0;0.0;0.0;0.0;0.0;0.0;0.0
2030-07-18 16:00:00;79.51458907476949;0.0;0.0;0.0;0.0;0.0;0.0;0.0
2030-07-18 17:00:00;79.5423660935556;0.0;0.0;0.0;0.0;0.0;0.0;0.0
2030-07-18 18:00:00;79.57269046954772;0.0;0.0;0.0;0.0;0.0;0.0;0.0
2030-07-18 19:00:00;79.59506720067974;0.0;0.0;0.0;0.0;0.0;0.0;0.0
2030-07-18 20:00:00;79.57215194809427;0.0;0.0;0.0;0.0;0.0;0.0;0.0
2030-07-18 21:00:00;79.57155176387896;0.0;0.0;0.0;0.0;0.0;0.0;0.0
2030-07-18 22:00:00;79.54343902561172;0.0;0.0;0.0;0.0;0.0;0.0;0.0
2030-07-18 23:00:00;79.50217704595175;0.0;0.0;0.0;0.0;0.0;0.0;0.0
2030-07-19 00:00:00;79.5262159310864;0.0;0.0;0.0;0.0;0.0;0.0;0.0
2030-07-19 01:00:00;79.51073583729594;0.0;0.0;0.0;0.0;0.0;0.0;0.0
2030-07-19 02:00:00;79.53444996521822;0.0;0.0;0.0;0.0;0.0;0.0;0.0
2030-07-19 03:00:00;79.52935388052256;0.0;0.0;0.0;0.0;0.0;0.0;0.0
2030-07-19 04:00:00;79.52993488076751;0.0;0.0;0.0;0.0;0.0;0.0;0.0
2030-07-19 05:00:00;79.55694454073952;0.0;0.0;0.0;0.0;0.0;0.0;0.0
2030-07-19 06:00:00;79.63901904703977;0.0;0.0;0.0;0.0;0.0;0.0;0.0
2030-07-19 07:00:00;79.64963326377881;0.0;0.0;0.0;0.0;0.0;0.0;0.0
2030-07-19 08:00:00;79.671217970992;0.0;0.0;0.0;0.0;0.0;0.0;0.0
2030-07-19 09:00:00;79.64713523678225;0.0;0.0;0.0;0.0;0.0;0.0;0.0
2030-07-19 10:00:00;79.63048218023312;0.0;0.0;0.0;0.0;0.0;0.0;0.0
2030-07-19 11:00:00;79.63829690758436;0.0;0.0;0.0;0.0;0.0;0.0;0.0
2030-07-19 12:00:00;79.67662922091486;0.0;0.0;0.0;0.0;0.0;0.0;0.0
2030-07-19 13:00:00;79.63758847096494;0.0;0.0;0.0;0.0;0.0;0.0;0.0
2030-07-19 14:00:00;79.59652381214289;0.0;0.0;0.0;0.0;0.0;0.0;0.0
2030-07-19 15:00:00;79.58471744867484;0.0;0.0;0.0;0.0;0.0;0.0;0.0
2030-07-19 16:00:00;79.59738709080874;0.0;0.0;0.0;0.0;0.0;0.0;0.0
2030-07-19 17:00:00;79.60235710941352;0.0;0.0;0.0;0.0;0.0;0.0;0.0
2030-07-19 18:00:00;79.6564285001342;0.0;0.0;0.0;0.0;0.0;0.0;0.0
2030-07-19 19:00:00;79.61362221086091;0.0;0.0;0.0;0.0;0.0;0.0;0.0
2030-07-19 20:00:00;79.60179392285531;0.0;0.0;0.0;0.0;0.0;0.0;0.0
2030-07-19 21:00:00;79.59286515494004;0.0;0.0;0.0;0.0;0.0;0.0;0.0
2030-07-19 22:00:00;79.56834118941221;0.0;0.0;0.0;0.0;0.0;0.0;0.0
2030-07-19 23:00:00;79.55617444135825;0.0;0.0;0.0;0.0;0.0;0.0;0.0
2030-07-20 00:00:00;79.55099613964681;0.0;0.0;0.0;0.0;0.0;0.0;0.0
2030-07-20 01:00:00;79.44392903082871;0.0;0.0;0.0;0.0;0.0;0.0;0.0
2030-07-20 02:00:00;79.42488071855277;0.0;0.0;0.0;0.0;0.0;0.0;0.0
2030-07-20 03:00:00;79.4363321785693;0.0;0.0;0.0;0.0;0.0;0.0;0.0
2030-07-20 04:00:00;79.41767302683479;0.0;0.0;0.0;0.0;0.0;0.0;0.0
2030-07-20 05:00:00;79.39515515649234;0.0;0.0;0.0;0.0;0.0;0.0;0.0
2030-07-20 06:00:00;79.43892612541762;0.0;0.0;0.0;0.0;0.0;0.0;0.0
2030-07-20 07:00:00;79.4399689112346;0.0;0.0;0.0;0.0;0.0;0.0;0.0
2030-07-20 08:00:00;79.4713031862374;0.0;0.0;0.0;0.0;0.0;0.0;0.0
2030-07-20 09:00:00;79.47325721064612;0.0;0.0;0.0;0.0;0.0;0.0;0.0
2030-07-20 10:00:00;79.46921487403623;0.0;0.0;0.0;0.0;0.0;0.0;0.0
2030-07-20 11:00:00;79.46472171412307;0.0;0.0;0.0;0.0;0.0;0.0;0.0
2030-07-20 12:00:00;79.46009563670106;0.0;0.0;0.0;0.0;0.0;0.0;0.0
2030-07-20 13:00:00;79.41428842635128;0.0;0.0;0.0;0.0;0.0;0.0;0.0
2030-07-20 14:00:00;79.41808274163016;0.0;0.0;0.0;0.0;0.0;0.0;0.0
2030-07-20 15:00:00;79.47396975811634;0.0;0.0;0.0;0.0;0.0;0.0;0.0
2030-07-20 16:00:00;79.48579119470395;0.0;0.0;0.0;0.0;0.0;0.0;0.0
2030-07-20 17:00:00;79.47250081410081;0.0;0.0;0.0;0.0;0.0;0.0;0.0
2030-07-20 18:00:00;79.46906414284061;0.0;0.0;0.0;0.0;0.0;0.0;0.0
2030-07-20 19:00:00;79.4628375741778;0.0;0.0;0.0;0.0;0.0;0.0;0.0
2030-07-20 20:00:00;79.45954204212804;0.0;0.0;0.0;0.0;0.0;0.0;0.0
2030-07-20 21:00:00;79.45399239356192;0.0;0.0;0.0;0.0;0.0;0.0;0.0
2030-07-20 22:00:00;79.45230557445456;0.0;0.0;0.0;0.0;0.0;0.0;0.0
2030-07-20 23:00:00;79.4484509666974;0.0;0.0;0.0;0.0;0.0;0.0;0.0
2030-07-21 00:00:00;79.45394032278526;0.0;0.0;0.0;0.0;0.0;0.0;0.0
2030-07-21 01:00:00;79.40691493031812;0.0;0.0;0.0;0.0;0.0;0.0;0.0
2030-07-21 02:00:00;79.39495235452006;0.0;0.0;0.0;0.0;0.0;0.0;0.0
2030-07-21 03:00:00;79.36441284400325;0.0;0.0;0.0;0.0;0.0;0.0;0.0
2030-07-21 04:00:00;79.3283428688907;0.0;0.0;0.0;0.0;0.0;0.0;0.0
2030-07-21 05:00:00;79.33132597628045;0.0;0.0;0.0;0.0;0.0;0.0;0.0
2030-07-21 06:00:00;79.32693695792062;0.0;0.0;0.0;0.0;0.0;0.0;0.0
2030-07-21 07:00:00;79.33570814322226;0.0;0.0;0.0;0.0;0.0;0.0;0.0
2030-07-21 08:00:00;79.39060581495171;0.0;0.0;0.0;0.0;0.0;0.0;0.0
2030-07-21 09:00:00;79.34842163443128;0.0;0.0;0.0;0.0;0.0;0.0;0.0
2030-07-21 10:00:00;79.33337866110811;0.0;0.0;0.0;0.0;0.0;0.0;0.0
2030-07-21 11:00:00;79.32041988913532;0.0;0.0;0.0;0.0;0.0;0.0;0.0
2030-07-21 12:00:00;79.31193098225457;0.0;0.0;0.0;0.0;0.0;0.0;0.0
2030-07-21 13:00:00;79.29006399662049;0.0;0.0;0.0;0.0;0.0;0.0;0.0
2030-07-21 14:00:00;79.29134932263408;0.0;0.0;0.0;0.0;0.0;0.0;0.0
2030-07-21 15:00:00;79.28480210760964;0.0;0.0;0.0;0.0;0.0;0.0;0.0
2030-07-21 16:00:00;79.31639262564501;0.0;0.0;0.0;0.0;0.0;0.0;0.0
2030-07-21 17:00:00;79.3548482644992;0.0;0.0;0.0;0.0;0.0;0.0;0.0
2030-07-21 18:00:00;85.77177535427182;0.0;0.0;0.0;0.0;0.0;0.0;0.0
2030-07-21 19:00:00;85.80753564529154;0.0;0.0;0.0;0.0;0.0;0.0;0.0
2030-07-21 20:00:00;85.86306775832621;0.0;0.0;0.0;0.0;0.0;0.0;0.0
2030-07-21 21:00:00;85.8168261680763;0.0;0.0;0.0;0.0;0.0;0.0;0.0
2030-07-21 22:00:00;85.81927075401259;0.0;0.0;0.0;0.0;0.0;0.0;0.0
2030-07-21 23:00:00;85.79501536406968;0.0;0.0;0.0;0.0;0.0;0.0;0.0
2030-07-22 00:00:00;85.79514280044415;0.0;0.0;0.0;0.0;0.0;0.0;0.0
2030-07-22 01:00:00;85.88555137157876;0.0;0.0;0.0;0.0;0.0;0.0;0.0
2030-07-22 02:00:00;85.89471445798901;0.0;0.0;0.0;0.0;0.0;0.0;0.0
2030-07-22 03:00:00;85.78288150282202;0.0;0.0;0.0;0.0;0.0;0.0;0.0
2030-07-22 04:00:00;85.76532679966635;0.0;0.0;0.0;0.0;0.0;0.0;0.0
2030-07-22 05:00:00;85.79466457146894;0.0;0.0;0.0;0.0;0.0;0.0;0.0
2030-07-22 06:00:00;85.87276799590633;0.0;0.0;0.0;0.0;0.0;0.0;0.0
2030-07-22 07:00:00;85.86916003919656;0.0;0.0;0.0;0.0;0.0;0.0;0.0
2030-07-22 08:00:00;85.84161870918906;0.0;0.0;0.0;0.0;0.0;0.0;0.0
2030-07-22 09:00:00;82.11896378124912;0.0;0.0;0.0;0.0;0.0;0.0;0.0
2030-07-22 10:00:00;79.44038958829876;0.0;0.0;0.0;0.0;0.0;0.0;0.0
2030-07-22 11:00:00;79.42668127119866;0.0;0.0;0.0;0.0;0.0;0.0;0.0
2030-07-22 12:00:00;79.42657027822733;0.0;0.0;0.0;0.0;0.0;0.0;0.0
2030-07-22 13:00:00;79.41162185447234;0.0;0.0;0.0;0.0;0.0;0.0;0.0
2030-07-22 14:00:00;79.41114910663151;0.0;0.0;0.0;0.0;0.0;0.0;0.0
2030-07-22 15:00:00;79.41696184964817;0.0;0.0;0.0;0.0;0.0;0.0;0.0
2030-07-22 16:00:00;85.81591492948458;0.0;0.0;0.0;0.0;0.0;0.0;0.0
2030-07-22 17:00:00;85.84437709006896;0.0;0.0;0.0;0.0;0.0;0.0;0.0
2030-07-22 18:00:00;85.8826518514884;0.0;0.0;0.0;0.0;0.0;0.0;0.0
2030-07-22 19:00:00;85.97881561372859;0.0;0.0;0.0;0.0;0.0;0.0;0.0
2030-07-22 20:00:00;86.02551076784894;0.0;0.0;0.0;0.0;0.0;0.0;0.0
2030-07-22 21:00:00;86.0287734130924;0.0;0.0;0.0;0.0;0.0;0.0;0.0
2030-07-22 22:00:00;86.01620928279542;0.0;0.0;0.0;0.0;0.0;0.0;0.0
2030-07-22 23:00:00;86.0069434251154;0.0;0.0;0.0;0.0;0.0;0.0;0.0
2030-07-23 00:00:00;85.17208307078474;0.0;0.0;0.0;0.0;0.0;0.0;0.0
2030-07-23 01:00:00;81.11383472777564;0.0;0.0;0.0;0.0;0.0;0.0;0.0
2030-07-23 02:00:00;83.1695711770092;0.0;0.0;0.0;0.0;0.0;0.0;0.0
2030-07-23 03:00:00;79.43359572222695;0.0;0.0;0.0;0.0;0.0;0.0;0.0
2030-07-23 04:00:00;79.78371140285253;0.0;0.0;0.0;0.0;0.0;0.0;0.0
2030-07-23 05:00:00;79.44221891690017;0.0;0.0;0.0;0.0;0.0;0.0;0.0
2030-07-23 06:00:00;83.87995359914376;0.0;0.0;0.0;0.0;0.0;0.0;0.0
2030-07-23 07:00:00;79.46822278871232;0.0;0.0;0.0;0.0;0.0;0.0;0.0
2030-07-23 08:00:00;79.51249528143396;0.0;0.0;0.0;0.0;0.0;0.0;0.0
2030-07-23 09:00:00;79.52448800347113;0.0;0.0;0.0;0.0;0.0;0.0;0.0
2030-07-23 10:00:00;79.53254390073538;0.0;0.0;0.0;0.0;0.0;0.0;0.0
2030-07-23 11:00:00;79.4808170652484;0.0;0.0;0.0;0.0;0.0;0.0;0.0
2030-07-23 12:00:00;79.46881749179323;0.0;0.0;0.0;0.0;0.0;0.0;0.0
2030-07-23 13:00:00;79.46903536688508;0.0;0.0;0.0;0.0;0.0;0.0;0.0
2030-07-23 14:00:00;79.46308285494158;0.0;0.0;0.0;0.0;0.0;0.0;0.0
2030-07-23 15:00:00;79.41321686457874;0.0;0.0;0.0;0.0;0.0;0.0;0.0
2030-07-23 16:00:00;79.45989831586314;0.0;0.0;0.0;0.0;0.0;0.0;0.0
2030-07-23 17:00:00;79.46567680178988;0.0;0.0;0.0;0.0;0.0;0.0;0.0
2030-07-23 18:00:00;79.47153750473242;0.0;0.0;0.0;0.0;0.0;0.0;0.0
2030-07-23 19:00:00;79.4526042962786;0.0;0.0;0.0;0.0;0.0;0.0;0.0
2030-07-23 20:00:00;79.45458709664283;0.0;0.0;0.0;0.0;0.0;0.0;0.0
2030-07-23 21:00:00;79.44931698593041;0.0;0.0;0.0;0.0;0.0;0.0;0.0
2030-07-23 22:00:00;79.45329080836046;0.0;0.0;0.0;0.0;0.0;0.0;0.0
2030-07-23 23:00:00;79.43343813961334;0.0;0.0;0.0;0.0;0.0;0.0;0.0
2030-07-24 00:00:00;79.43394240397689;0.0;0.0;0.0;0.0;0.0;0.0;0.0
2030-07-24 01:00:00;79.44230661505037;0.0;0.0;0.0;0.0;0.0;0.0;0.0
2030-07-24 02:00:00;79.4509585856791;0.0;0.0;0.0;0.0;0.0;0.0;0.0
2030-07-24 03:00:00;79.4856157984036;0.0;0.0;0.0;0.0;0.0;0.0;0.0
2030-07-24 04:00:00;79.47322295355622;0.0;0.0;0.0;0.0;0.0;0.0;0.0
2030-07-24 05:00:00;79.47321062100383;0.0;0.0;0.0;0.0;0.0;0.0;0.0
2030-07-24 06:00:00;79.45837867135455;0.0;0.0;0.0;0.0;0.0;0.0;0.0
2030-07-24 07:00:00;79.44659012157325;0.0;0.0;0.0;0.0;0.0;0.0;0.0
2030-07-24 08:00:00;79.42989047538182;0.0;0.0;0.0;0.0;0.0;0.0;0.0
2030-07-24 09:00:00;79.42021901375722;0.0;0.0;0.0;0.0;0.0;0.0;0.0
2030-07-24 10:00:00;79.4221058942697;0.0;0.0;0.0;0.0;0.0;0.0;0.0
2030-07-24 11:00:00;79.44133645426399;0.0;0.0;0.0;0.0;0.0;0.0;0.0
2030-07-24 12:00:00;79.41407466211018;0.0;0.0;0.0;0.0;0.0;0.0;0.0
2030-07-24 13:00:00;79.42265400770833;0.0;0.0;0.0;0.0;0.0;0.0;0.0
2030-07-24 14:00:00;79.40771517593852;0.0;0.0;0.0;0.0;0.0;0.0;0.0
2030-07-24 15:00:00;79.35124441864019;0.0;0.0;0.0;0.0;0.0;0.0;0.0
2030-07-24 16:00:00;79.3283428688907;0.0;0.0;0.0;0.0;0.0;0.0;0.0
2030-07-24 17:00:00;79.34470405503377;0.0;0.0;0.0;0.0;0.0;0.0;0.0
2030-07-24 18:00:00;85.64286866549156;0.0;0.0;0.0;0.0;0.0;0.0;0.0
2030-07-24 19:00:00;85.65603023943663;0.0;0.0;0.0;0.0;0.0;0.0;0.0
2030-07-24 20:00:00;85.67567599536068;0.0;0.0;0.0;0.0;0.0;0.0;0.0
2030-07-24 21:00:00;85.70152776569358;0.0;0.0;0.0;0.0;0.0;0.0;0.0
2030-07-24 22:00:00;85.73251124809566;0.0;0.0;0.0;0.0;0.0;0.0;0.0
2030-07-24 23:00:00;85.73462285511798;0.0;0.0;0.0;0.0;0.0;0.0;0.0
2030-07-25 00:00:00;85.77048043627306;0.0;0.0;0.0;0.0;0.0;0.0;0.0
2030-07-25 01:00:00;85.7673054891798;0.0;0.0;0.0;0.0;0.0;0.0;0.0
2030-07-25 02:00:00;85.78310896989908;0.0;0.0;0.0;0.0;0.0;0.0;0.0
2030-07-25 03:00:00;85.78582076113668;0.0;0.0;0.0;0.0;0.0;0.0;0.0
2030-07-25 04:00:00;85.78205796238049;0.0;0.0;0.0;0.0;0.0;0.0;0.0
2030-07-25 05:00:00;85.86945053931903;0.0;0.0;0.0;0.0;0.0;0.0;0.0
2030-07-25 06:00:00;85.88201192904879;0.0;0.0;0.0;0.0;0.0;0.0;0.0
2030-07-25 07:00:00;85.8763416955262;0.0;0.0;0.0;0.0;0.0;0.0;0.0
2030-07-25 08:00:00;85.84647088340452;0.0;0.0;0.0;0.0;0.0;0.0;0.0
2030-07-25 09:00:00;85.82640582069993;0.0;0.0;0.0;0.0;0.0;0.0;0.0
2030-07-25 10:00:00;79.43682685094767;0.0;0.0;0.0;0.0;0.0;0.0;0.0
2030-07-25 11:00:00;79.40838387433364;0.0;0.0;0.0;0.0;0.0;0.0;0.0
2030-07-25 12:00:00;79.45193970873424;0.0;0.0;0.0;0.0;0.0;0.0;0.0
2030-07-25 13:00:00;79.4361732256721;0.0;0.0;0.0;0.0;0.0;0.0;0.0
2030-07-25 14:00:00;79.37202888023299;0.0;0.0;0.0;0.0;0.0;0.0;0.0
2030-07-25 15:00:00;79.38572212421354;0.0;0.0;0.0;0.0;0.0;0.0;0.0
2030-07-25 16:00:00;79.39250365773296;0.0;0.0;0.0;0.0;0.0;0.0;0.0
2030-07-25 17:00:00;85.75915915319818;0.0;0.0;0.0;0.0;0.0;0.0;0.0
2030-07-25 18:00:00;85.80225594259396;0.0;0.0;0.0;0.0;0.0;0.0;0.0
2030-07-25 19:00:00;85.76943765045607;0.0;0.0;0.0;0.0;0.0;0.0;0.0
2030-07-25 20:00:00;85.7500837649381;0.0;0.0;0.0;0.0;0.0;0.0;0.0
2030-07-25 21:00:00;85.8395687649286;0.0;0.0;0.0;0.0;0.0;0.0;0.0
2030-07-25 22:00:00;85.74994673657844;0.0;0.0;0.0;0.0;0.0;0.0;0.0
2030-07-25 23:00:00;85.72110089658702;0.0;0.0;0.0;0.0;0.0;0.0;0.0
2030-07-26 00:00:00;85.88082937430495;0.0;0.0;0.0;0.0;0.0;0.0;0.0
2030-07-26 01:00:00;85.86957249455912;0.0;0.0;0.0;0.0;0.0;0.0;0.0
2030-07-26 02:00:00;85.91293785953982;0.0;0.0;0.0;0.0;0.0;0.0;0.0
2030-07-26 03:00:00;85.93986941334684;0.0;0.0;0.0;0.0;0.0;0.0;0.0
2030-07-26 04:00:00;85.91870675348139;0.0;0.0;0.0;0.0;0.0;0.0;0.0
2030-07-26 05:00:00;85.94381857067215;0.0;0.0;0.0;0.0;0.0;0.0;0.0
2030-07-26 06:00:00;85.93416766330148;0.0;0.0;0.0;0.0;0.0;0.0;0.0
2030-07-26 07:00:00;85.8509215645262;0.0;0.0;0.0;0.0;0.0;0.0;0.0
2030-07-26 08:00:00;85.71878100645803;0.0;0.0;0.0;0.0;0.0;0.0;0.0
2030-07-26 09:00:00;85.7365344007352;0.0;0.0;0.0;0.0;0.0;0.0;0.0
2030-07-26 10:00:00;79.41850341869431;0.0;0.0;0.0;0.0;0.0;0.0;0.0
2030-07-26 11:00:00;79.39780254440092;0.0;0.0;0.0;0.0;0.0;0.0;0.0
2030-07-26 12:00:00;79.32505555854253;0.0;0.0;0.0;0.0;0.0;0.0;0.0
2030-07-26 13:00:00;79.32901567813664;0.0;0.0;0.0;0.0;0.0;0.0;0.0
2030-07-26 14:00:00;79.32999543090818;0.0;0.0;0.0;0.0;0.0;0.0;0.0
2030-07-26 15:00:00;79.34502881224616;0.0;0.0;0.0;0.0;0.0;0.0;0.0
2030-07-26 16:00:00;79.36129270825386;0.0;0.0;0.0;0.0;0.0;0.0;0.0
2030-07-26 17:00:00;85.72233004097315;0.0;0.0;0.0;0.0;0.0;0.0;0.0
2030-07-26 18:00:00;85.70229923535847;0.0;0.0;0.0;0.0;0.0;0.0;0.0
2030-07-26 19:00:00;85.66653894433873;0.0;0.0;0.0;0.0;0.0;0.0;0.0
2030-07-26 20:00:00;85.74154963869864;0.0;0.0;0.0;0.0;0.0;0.0;0.0
2030-07-26 21:00:00;85.78073700899338;0.0;0.0;0.0;0.0;0.0;0.0;0.0
2030-07-26 22:00:00;85.8051513518335;0.0;0.0;0.0;0.0;0.0;0.0;0.0
2030-07-26 23:00:00;85.84106100376526;0.0;0.0;0.0;0.0;0.0;0.0;0.0
2030-07-27 00:00:00;85.96471950637064;0.0;0.0;0.0;0.0;0.0;0.0;0.0
2030-07-27 01:00:00;85.92806990129677;0.0;0.0;0.0;0.0;0.0;0.0;0.0
2030-07-27 02:00:00;85.98076415700291;0.0;0.0;0.0;0.0;0.0;0.0;0.0
2030-07-27 03:00:00;85.98066412630035;0.0;0.0;0.0;0.0;0.0;0.0;0.0
2030-07-27 04:00:00;85.97153940783079;0.0;0.0;0.0;0.0;0.0;0.0;0.0
2030-07-27 05:00:00;85.97017049451782;0.0;0.0;0.0;0.0;0.0;0.0;0.0
2030-07-27 06:00:00;86.0065076749317;0.0;0.0;0.0;0.0;0.0;0.0;0.0
2030-07-27 07:00:00;86.06388693025454;0.0;0.0;0.0;0.0;0.0;0.0;0.0
2030-07-27 08:00:00;86.04763536679918;0.0;0.0;0.0;0.0;0.0;0.0;0.0
2030-07-27 09:00:00;79.55934938845151;0.0;0.0;0.0;0.0;0.0;0.0;0.0
2030-07-27 10:00:00;79.53603812390664;0.0;0.0;0.0;0.0;0.0;0.0;0.0
2030-07-27 11:00:00;79.52207767462477;0.0;0.0;0.0;0.0;0.0;0.0;0.0
2030-07-27 12:00:00;79.51023705406679;0.0;0.0;0.0;0.0;0.0;0.0;0.0
2030-07-27 13:00:00;79.48172556327293;0.0;0.0;0.0;0.0;0.0;0.0;0.0
2030-07-27 14:00:00;79.47474259806481;0.0;0.0;0.0;0.0;0.0;0.0;0.0
2030-07-27 15:00:00;79.49498031650256;0.0;0.0;0.0;0.0;0.0;0.0;0.0
2030-07-27 16:00:00;79.4531181526273;0.0;0.0;0.0;0.0;0.0;0.0;0.0
2030-07-27 17:00:00;85.94198239065275;0.0;0.0;0.0;0.0;0.0;0.0;0.0
2030-07-27 18:00:00;86.00621032339124;0.0;0.0;0.0;0.0;0.0;0.0;0.0
2030-07-27 19:00:00;86.00036743413548;0.0;0.0;0.0;0.0;0.0;0.0;0.0
2030-07-27 20:00:00;85.99921639591435;0.0;0.0;0.0;0.0;0.0;0.0;0.0
2030-07-27 21:00:00;86.00682558072612;0.0;0.0;0.0;0.0;0.0;0.0;0.0
2030-07-27 22:00:00;86.03427373144903;0.0;0.0;0.0;0.0;0.0;0.0;0.0
2030-07-27 23:00:00;86.00787521796109;0.0;0.0;0.0;0.0;0.0;0.0;0.0
2030-07-28 00:00:00;85.81034472666451;0.0;0.0;0.0;0.0;0.0;0.0;0.0
2030-07-28 01:00:00;85.70769678244534;0.0;0.0;0.0;0.0;0.0;0.0;0.0
2030-07-28 02:00:00;85.70508776247749;0.0;0.0;0.0;0.0;0.0;0.0;0.0
2030-07-28 03:00:00;85.68946241862578;0.0;0.0;0.0;0.0;0.0;0.0;0.0
2030-07-28 04:00:00;85.69616310541302;0.0;0.0;0.0;0.0;0.0;0.0;0.0
2030-07-28 05:00:00;85.69235234673096;0.0;0.0;0.0;0.0;0.0;0.0;0.0
2030-07-28 06:00:00;85.71269283643845;0.0;0.0;0.0;0.0;0.0;0.0;0.0
2030-07-28 07:00:00;85.75164588823819;0.0;0.0;0.0;0.0;0.0;0.0;0.0
2030-07-28 08:00:00;85.749727491203;0.0;0.0;0.0;0.0;0.0;0.0;0.0
2030-07-28 09:00:00;85.76842364059462;0.0;0.0;0.0;0.0;0.0;0.0;0.0
2030-07-28 10:00:00;79.39000014960205;0.0;0.0;0.0;0.0;0.0;0.0;0.0
2030-07-28 11:00:00;79.44120627732232;0.0;0.0;0.0;0.0;0.0;0.0;0.0
2030-07-28 12:00:00;79.43011383160807;0.0;0.0;0.0;0.0;0.0;0.0;0.0
2030-07-28 13:00:00;79.42774598155319;0.0;0.0;0.0;0.0;0.0;0.0;0.0
2030-07-28 14:00:00;79.44914295991364;0.0;0.0;0.0;0.0;0.0;0.0;0.0
2030-07-28 15:00:00;79.47833137080421;0.0;0.0;0.0;0.0;0.0;0.0;0.0
2030-07-28 16:00:00;79.51336952236856;0.0;0.0;0.0;0.0;0.0;0.0;0.0
2030-07-28 17:00:00;86.06379923210434;0.0;0.0;0.0;0.0;0.0;0.0;0.0
2030-07-28 18:00:00;86.04119092304452;0.0;0.0;0.0;0.0;0.0;0.0;0.0
2030-07-28 19:00:00;86.03803241935442;0.0;0.0;0.0;0.0;0.0;0.0;0.0
2030-07-28 20:00:00;86.01363863076824;0.0;0.0;0.0;0.0;0.0;0.0;0.0
2030-07-28 21:00:00;86.02149446662739;0.0;0.0;0.0;0.0;0.0;0.0;0.0
2030-07-28 22:00:00;86.01636138427463;0.0;0.0;0.0;0.0;0.0;0.0;0.0
2030-07-28 23:00:00;86.02248655195132;0.0;0.0;0.0;0.0;0.0;0.0;0.0
2030-07-29 00:00:00;85.97787833974854;0.0;0.0;0.0;0.0;0.0;0.0;0.0
2030-07-29 01:00:00;86.08896586063898;0.0;0.0;0.0;0.0;0.0;0.0;0.0
2030-07-29 02:00:00;86.11708682060782;0.0;0.0;0.0;0.0;0.0;0.0;0.0
2030-07-29 03:00:00;86.09761235013335;0.0;0.0;0.0;0.0;0.0;0.0;0.0
2030-07-29 04:00:00;86.10647671471955;0.0;0.0;0.0;0.0;0.0;0.0;0.0
2030-07-29 05:00:00;86.12867393870043;0.0;0.0;0.0;0.0;0.0;0.0;0.0
2030-07-29 06:00:00;86.05575840795967;0.0;0.0;0.0;0.0;0.0;0.0;0.0
2030-07-29 07:00:00;86.09646816333023;0.0;0.0;0.0;0.0;0.0;0.0;0.0
2030-07-29 08:00:00;86.09225728183795;0.0;0.0;0.0;0.0;0.0;0.0;0.0
2030-07-29 09:00:00;86.0858854631139;0.0;0.0;0.0;0.0;0.0;0.0;0.0
2030-07-29 10:00:00;86.10483785553808;0.0;0.0;0.0;0.0;0.0;0.0;0.0
2030-07-29 11:00:00;79.63090970871525;0.0;0.0;0.0;0.0;0.0;0.0;0.0
2030-07-29 12:00:00;79.59426010364136;0.0;0.0;0.0;0.0;0.0;0.0;0.0
2030-07-29 13:00:00;79.58466537789816;0.0;0.0;0.0;0.0;0.0;0.0;0.0
2030-07-29 14:00:00;79.55666363260222;0.0;0.0;0.0;0.0;0.0;0.0;0.0
2030-07-29 15:00:00;79.54559722227631;0.0;0.0;0.0;0.0;0.0;0.0;0.0
2030-07-29 16:00:00;86.04261738826855;0.0;0.0;0.0;0.0;0.0;0.0;0.0
2030-07-29 17:00:00;86.06332100312915;0.0;0.0;0.0;0.0;0.0;0.0;0.0
2030-07-29 18:00:00;86.06276466798894;0.0;0.0;0.0;0.0;0.0;0.0;0.0
2030-07-29 19:00:00;86.03255265525172;0.0;0.0;0.0;0.0;0.0;0.0;0.0
2030-07-29 20:00:00;86.04133617310576;0.0;0.0;0.0;0.0;0.0;0.0;0.0
2030-07-29 21:00:00;86.02519560262175;0.0;0.0;0.0;0.0;0.0;0.0;0.0
2030-07-29 22:00:00;86.00829726530883;0.0;0.0;0.0;0.0;0.0;0.0;0.0
2030-07-29 23:00:00;86.04211449418861;0.0;0.0;0.0;0.0;0.0;0.0;0.0
2030-07-30 00:00:00;86.02100938623421;0.0;0.0;0.0;0.0;0.0;0.0;0.0
2030-07-30 01:00:00;86.00589241759684;0.0;0.0;0.0;0.0;0.0;0.0;0.0
2030-07-30 02:00:00;85.99961103759016;0.0;0.0;0.0;0.0;0.0;0.0;0.0
2030-07-30 03:00:00;86.00971413854768;0.0;0.0;0.0;0.0;0.0;0.0;0.0
2030-07-30 04:00:00;83.65678373147175;0.0;0.0;0.0;0.0;0.0;0.0;0.0
2030-07-30 05:00:00;82.57512982026414;0.0;0.0;0.0;0.0;0.0;0.0;0.0
2030-07-30 06:00:00;84.38364244357147;0.0;0.0;0.0;0.0;0.0;0.0;0.0
2030-07-30 07:00:00;79.5403271115639;0.0;0.0;0.0;0.0;0.0;0.0;0.0
2030-07-30 08:00:00;79.52720664612674;0.0;0.0;0.0;0.0;0.0;0.0;0.0
2030-07-30 09:00:00;79.50217704595175;0.0;0.0;0.0;0.0;0.0;0.0;0.0
2030-07-30 10:00:00;79.47608684627303;0.0;0.0;0.0;0.0;0.0;0.0;0.0
2030-07-30 11:00:00;79.4524371216798;0.0;0.0;0.0;0.0;0.0;0.0;0.0
2030-07-30 12:00:00;79.43472483591053;0.0;0.0;0.0;0.0;0.0;0.0;0.0
2030-07-30 13:00:00;79.425189032362;0.0;0.0;0.0;0.0;0.0;0.0;0.0
2030-07-30 14:00:00;79.43284069596524;0.0;0.0;0.0;0.0;0.0;0.0;0.0
2030-07-30 15:00:00;79.45201644461568;0.0;0.0;0.0;0.0;0.0;0.0;0.0
2030-07-30 16:00:00;79.43590876093796;0.0;0.0;0.0;0.0;0.0;0.0;0.0
2030-07-30 17:00:00;79.4569110976226;0.0;0.0;0.0;0.0;0.0;0.0;0.0
2030-07-30 18:00:00;79.4639173576519;0.0;0.0;0.0;0.0;0.0;0.0;0.0
2030-07-30 19:00:00;79.46273480290805;0.0;0.0;0.0;0.0;0.0;0.0;0.0
2030-07-30 20:00:00;79.46348434803537;0.0;0.0;0.0;0.0;0.0;0.0;0.0
2030-07-30 21:00:00;79.48011822061414;0.0;0.0;0.0;0.0;0.0;0.0;0.0
2030-07-30 22:00:00;79.47812445798114;0.0;0.0;0.0;0.0;0.0;0.0;0.0
2030-07-30 23:00:00;79.4747494494828;0.0;0.0;0.0;0.0;0.0;0.0;0.0
2030-07-31 00:00:00;79.4732256941234;0.0;0.0;0.0;0.0;0.0;0.0;0.0
2030-07-31 01:00:00;79.4779422102628;0.0;0.0;0.0;0.0;0.0;0.0;0.0
2030-07-31 02:00:00;79.4760251835112;0.0;0.0;0.0;0.0;0.0;0.0;0.0
2030-07-31 03:00:00;79.46967391904109;0.0;0.0;0.0;0.0;0.0;0.0;0.0
2030-07-31 04:00:00;79.46833789253444;0.0;0.0;0.0;0.0;0.0;0.0;0.0
2030-07-31 05:00:00;79.47267621040116;0.0;0.0;0.0;0.0;0.0;0.0;0.0
2030-07-31 06:00:00;79.4238228596162;0.0;0.0;0.0;0.0;0.0;0.0;0.0
2030-07-31 07:00:00;79.44106924896265;0.0;0.0;0.0;0.0;0.0;0.0;0.0
2030-07-31 08:00:00;79.42634007058311;0.0;0.0;0.0;0.0;0.0;0.0;0.0
2030-07-31 09:00:00;79.43180476156624;0.0;0.0;0.0;0.0;0.0;0.0;0.0
2030-07-31 10:00:00;79.42575358920378;0.0;0.0;0.0;0.0;0.0;0.0;0.0
2030-07-31 11:00:00;79.44022241369997;0.0;0.0;0.0;0.0;0.0;0.0;0.0
2030-07-31 12:00:00;79.4504844675547;0.0;0.0;0.0;0.0;0.0;0.0;0.0
2030-07-31 13:00:00;79.41652061833007;0.0;0.0;0.0;0.0;0.0;0.0;0.0
2030-07-31 14:00:00;79.43514003184029;0.0;0.0;0.0;0.0;0.0;0.0;0.0
2030-07-31 15:00:00;79.43540449657442;0.0;0.0;0.0;0.0;0.0;0.0;0.0
2030-07-31 16:00:00;79.4464051332877;0.0;0.0;0.0;0.0;0.0;0.0;0.0
2030-07-31 17:00:00;79.41766069428242;0.0;0.0;0.0;0.0;0.0;0.0;0.0
2030-07-31 18:00:00;79.44358645992958;0.0;0.0;0.0;0.0;0.0;0.0;0.0
2030-07-31 19:00:00;79.4378518230779;0.0;0.0;0.0;0.0;0.0;0.0;0.0
2030-07-31 20:00:00;85.83838895075195;0.0;0.0;0.0;0.0;0.0;0.0;0.0
2030-07-31 21:00:00;85.58487552311746;0.0;0.0;0.0;0.0;0.0;0.0;0.0
2030-07-31 22:00:00;85.83031386951735;0.0;0.0;0.0;0.0;0.0;0.0;0.0
2030-07-31 23:00:00;85.82468748506983;0.0;0.0;0.0;0.0;0.0;0.0;0.0
2030-08-01 00:00:00;85.80868394294548;0.0;0.0;0.0;0.0;0.0;0.0;0.0
2030-08-01 01:00:00;85.8015201003026;0.0;0.0;0.0;0.0;0.0;0.0;0.0
2030-08-01 02:00:00;85.80633253629377;0.0;0.0;0.0;0.0;0.0;0.0;0.0
2030-08-01 03:00:00;85.83068795693922;0.0;0.0;0.0;0.0;0.0;0.0;0.0
2030-08-01 04:00:00;85.82952595644933;0.0;0.0;0.0;0.0;0.0;0.0;0.0
2030-08-01 05:00:00;85.88924839672228;0.0;0.0;0.0;0.0;0.0;0.0;0.0
2030-08-01 06:00:00;85.95833535509423;0.0;0.0;0.0;0.0;0.0;0.0;0.0
2030-08-01 07:00:00;86.02000770892512;0.0;0.0;0.0;0.0;0.0;0.0;0.0
2030-08-01 08:00:00;86.04957157752116;0.0;0.0;0.0;0.0;0.0;0.0;0.0
2030-08-01 09:00:00;85.34184476499678;0.0;0.0;0.0;0.0;0.0;0.0;0.0
2030-08-01 10:00:00;83.76208728530106;0.0;0.0;0.0;0.0;0.0;0.0;0.0
2030-08-01 11:00:00;79.53147096867926;0.0;0.0;0.0;0.0;0.0;0.0;0.0
2030-08-01 12:00:00;84.50885895862619;0.0;0.0;0.0;0.0;0.0;0.0;0.0
2030-08-01 13:00:00;79.53254390073538;0.0;0.0;0.0;0.0;0.0;0.0;0.0
2030-08-01 14:00:00;79.5446037666688;0.0;0.0;0.0;0.0;0.0;0.0;0.0
2030-08-01 15:00:00;79.51897398227854;0.0;0.0;0.0;0.0;0.0;0.0;0.0
2030-08-01 16:00:00;79.51442601102153;0.0;0.0;0.0;0.0;0.0;0.0;0.0
2030-08-01 17:00:00;86.00788069909548;0.0;0.0;0.0;0.0;0.0;0.0;0.0
2030-08-01 18:00:00;86.00132252180228;0.0;0.0;0.0;0.0;0.0;0.0;0.0
2030-08-01 19:00:00;85.98248249263301;0.0;0.0;0.0;0.0;0.0;0.0;0.0
2030-08-01 20:00:00;85.96814658564568;0.0;0.0;0.0;0.0;0.0;0.0;0.0
2030-08-01 21:00:00;85.97823187291645;0.0;0.0;0.0;0.0;0.0;0.0;0.0
2030-08-01 22:00:00;85.97284528809833;0.0;0.0;0.0;0.0;0.0;0.0;0.0
2030-08-01 23:00:00;86.00113342266594;0.0;0.0;0.0;0.0;0.0;0.0;0.0
2030-08-02 00:00:00;85.94265931074945;0.0;0.0;0.0;0.0;0.0;0.0;0.0
2030-08-02 01:00:00;85.87716523596772;0.0;0.0;0.0;0.0;0.0;0.0;0.0
2030-08-02 02:00:00;85.8719389743304;0.0;0.0;0.0;0.0;0.0;0.0;0.0
2030-08-02 03:00:00;85.88611044728614;0.0;0.0;0.0;0.0;0.0;0.0;0.0
2030-08-02 04:00:00;85.87315304559698;0.0;0.0;0.0;0.0;0.0;0.0;0.0
2030-08-02 05:00:00;85.89196155824351;0.0;0.0;0.0;0.0;0.0;0.0;0.0
2030-08-02 06:00:00;85.88540338095032;0.0;0.0;0.0;0.0;0.0;0.0;0.0
2030-08-02 07:00:00;85.90137266598475;0.0;0.0;0.0;0.0;0.0;0.0;0.0
2030-08-02 08:00:00;85.92819596738764;0.0;0.0;0.0;0.0;0.0;0.0;0.0
2030-08-02 09:00:00;79.47748864639233;0.0;0.0;0.0;0.0;0.0;0.0;0.0
2030-08-02 10:00:00;79.48242166733999;0.0;0.0;0.0;0.0;0.0;0.0;0.0
2030-08-02 11:00:00;79.48366588484569;0.0;0.0;0.0;0.0;0.0;0.0;0.0
2030-08-02 12:00:00;79.47785725267981;0.0;0.0;0.0;0.0;0.0;0.0;0.0
2030-08-02 13:00:00;79.46096713706848;0.0;0.0;0.0;0.0;0.0;0.0;0.0
2030-08-02 14:00:00;79.46040532079387;0.0;0.0;0.0;0.0;0.0;0.0;0.0
2030-08-02 15:00:00;79.45846636950472;0.0;0.0;0.0;0.0;0.0;0.0;0.0
2030-08-02 16:00:00;79.4669443141167;0.0;0.0;0.0;0.0;0.0;0.0;0.0
2030-08-02 17:00:00;79.46830500572811;0.0;0.0;0.0;0.0;0.0;0.0;0.0
2030-08-02 18:00:00;85.92295600291436;0.0;0.0;0.0;0.0;0.0;0.0;0.0
2030-08-02 19:00:00;85.89260833210108;0.0;0.0;0.0;0.0;0.0;0.0;0.0
2030-08-02 20:00:00;85.88923743445353;0.0;0.0;0.0;0.0;0.0;0.0;0.0
2030-08-02 21:00:00;85.8761018958968;0.0;0.0;0.0;0.0;0.0;0.0;0.0
2030-08-02 22:00:00;85.81852120888524;0.0;0.0;0.0;0.0;0.0;0.0;0.0
2030-08-02 23:00:00;85.79665011240039;0.0;0.0;0.0;0.0;0.0;0.0;0.0
2030-08-03 00:00:00;85.7467704192016;0.0;0.0;0.0;0.0;0.0;0.0;0.0
2030-08-03 01:00:00;85.70522067998635;0.0;0.0;0.0;0.0;0.0;0.0;0.0
2030-08-03 02:00:00;85.76977062937004;0.0;0.0;0.0;0.0;0.0;0.0;0.0
2030-08-03 03:00:00;85.78078907977006;0.0;0.0;0.0;0.0;0.0;0.0;0.0
2030-08-03 04:00:00;85.7193524147178;0.0;0.0;0.0;0.0;0.0;0.0;0.0
2030-08-03 05:00:00;85.74136465041312;0.0;0.0;0.0;0.0;0.0;0.0;0.0
2030-08-03 06:00:00;85.84935670065892;0.0;0.0;0.0;0.0;0.0;0.0;0.0
2030-08-03 07:00:00;85.88344113484003;0.0;0.0;0.0;0.0;0.0;0.0;0.0
2030-08-03 08:00:00;79.50273201080836;0.0;0.0;0.0;0.0;0.0;0.0;0.0
2030-08-03 09:00:00;79.46630028082633;0.0;0.0;0.0;0.0;0.0;0.0;0.0
2030-08-03 10:00:00;79.47339423900577;0.0;0.0;0.0;0.0;0.0;0.0;0.0
2030-08-03 11:00:00;79.45933375902135;0.0;0.0;0.0;0.0;0.0;0.0;0.0
2030-08-03 12:00:00;79.47239667254746;0.0;0.0;0.0;0.0;0.0;0.0;0.0
2030-08-03 13:00:00;79.4694258977101;0.0;0.0;0.0;0.0;0.0;0.0;0.0
2030-08-03 14:00:00;79.44947593882762;0.0;0.0;0.0;0.0;0.0;0.0;0.0
2030-08-03 15:00:00;79.45664663288848;0.0;0.0;0.0;0.0;0.0;0.0;0.0
2030-08-03 16:00:00;79.47902884515489;0.0;0.0;0.0;0.0;0.0;0.0;0.0
2030-08-03 17:00:00;79.49277553019567;0.0;0.0;0.0;0.0;0.0;0.0;0.0
2030-08-03 18:00:00;86.02471874393012;0.0;0.0;0.0;0.0;0.0;0.0;0.0
2030-08-03 19:00:00;86.00369859355872;0.0;0.0;0.0;0.0;0.0;0.0;0.0
2030-08-03 20:00:00;85.98643439052552;0.0;0.0;0.0;0.0;0.0;0.0;0.0
2030-08-03 21:00:00;85.94637689014695;0.0;0.0;0.0;0.0;0.0;0.0;0.0
2030-08-03 22:00:00;85.94163433861921;0.0;0.0;0.0;0.0;0.0;0.0;0.0
2030-08-03 23:00:00;85.92311221524437;0.0;0.0;0.0;0.0;0.0;0.0;0.0
2030-08-04 00:00:00;85.87750917715044;0.0;0.0;0.0;0.0;0.0;0.0;0.0
2030-08-04 01:00:00;85.75341218379418;0.0;0.0;0.0;0.0;0.0;0.0;0.0
2030-08-04 02:00:00;85.66634573435162;0.0;0.0;0.0;0.0;0.0;0.0;0.0
2030-08-04 03:00:00;85.6569990299394;0.0;0.0;0.0;0.0;0.0;0.0;0.0
2030-08-04 04:00:00;85.66374630636892;0.0;0.0;0.0;0.0;0.0;0.0;0.0
2030-08-04 05:00:00;85.66057684041004;0.0;0.0;0.0;0.0;0.0;0.0;0.0
2030-08-04 06:00:00;85.68217662074281;0.0;0.0;0.0;0.0;0.0;0.0;0.0
2030-08-04 07:00:00;79.37677965346231;0.0;0.0;0.0;0.0;0.0;0.0;0.0
2030-08-04 08:00:00;79.38308706885734;0.0;0.0;0.0;0.0;0.0;0.0;0.0
2030-08-04 09:00:00;79.37284693954014;0.0;0.0;0.0;0.0;0.0;0.0;0.0
2030-08-04 10:00:00;79.34338995306464;0.0;0.0;0.0;0.0;0.0;0.0;0.0
2030-08-04 11:00:00;79.31725453402726;0.0;0.0;0.0;0.0;0.0;0.0;0.0
2030-08-04 12:00:00;79.32743985200057;0.0;0.0;0.0;0.0;0.0;0.0;0.0
2030-08-04 13:00:00;79.30426424553175;0.0;0.0;0.0;0.0;0.0;0.0;0.0
2030-08-04 14:00:00;79.31000984465217;0.0;0.0;0.0;0.0;0.0;0.0;0.0
2030-08-04 15:00:00;79.32295628407259;0.0;0.0;0.0;0.0;0.0;0.0;0.0
2030-08-04 16:00:00;79.34706916452146;0.0;0.0;0.0;0.0;0.0;0.0;0.0
2030-08-04 17:00:00;85.77756069161654;0.0;0.0;0.0;0.0;0.0;0.0;0.0
2030-08-04 18:00:00;85.82757604289141;0.0;0.0;0.0;0.0;0.0;0.0;0.0
2030-08-04 19:00:00;85.85024738499669;0.0;0.0;0.0;0.0;0.0;0.0;0.0
2030-08-04 20:00:00;85.8804991359582;0.0;0.0;0.0;0.0;0.0;0.0;0.0
2030-08-04 21:00:00;85.89004316120831;0.0;0.0;0.0;0.0;0.0;0.0;0.0
2030-08-04 22:00:00;85.87455484571626;0.0;0.0;0.0;0.0;0.0;0.0;0.0
2030-08-04 23:00:00;85.88555411214594;0.0;0.0;0.0;0.0;0.0;0.0;0.0
2030-08-05 00:00:00;85.87882601968676;0.0;0.0;0.0;0.0;0.0;0.0;0.0
2030-08-05 01:00:00;85.84606116860914;0.0;0.0;0.0;0.0;0.0;0.0;0.0
2030-08-05 02:00:00;85.84699433173841;0.0;0.0;0.0;0.0;0.0;0.0;0.0
2030-08-05 03:00:00;85.85228225613758;0.0;0.0;0.0;0.0;0.0;0.0;0.0
2030-08-05 04:00:00;85.83177048098052;0.0;0.0;0.0;0.0;0.0;0.0;0.0
2030-08-05 05:00:00;85.8598311484711;0.0;0.0;0.0;0.0;0.0;0.0;0.0
2030-08-05 06:00:00;85.79295171697323;0.0;0.0;0.0;0.0;0.0;0.0;0.0
2030-08-05 07:00:00;85.87530987197796;0.0;0.0;0.0;0.0;0.0;0.0;0.0
2030-08-05 08:00:00;79.46838311189312;0.0;0.0;0.0;0.0;0.0;0.0;0.0
2030-08-05 09:00:00;79.46212228614036;0.0;0.0;0.0;0.0;0.0;0.0;0.0
2030-08-05 10:00:00;79.48564320407553;0.0;0.0;0.0;0.0;0.0;0.0;0.0
2030-08-05 11:00:00;79.44102814045476;0.0;0.0;0.0;0.0;0.0;0.0;0.0
2030-08-05 12:00:00;79.44338365795727;0.0;0.0;0.0;0.0;0.0;0.0;0.0
2030-08-05 13:00:00;79.43735715069954;0.0;0.0;0.0;0.0;0.0;0.0;0.0
2030-08-05 14:00:00;79.46684017256337;0.0;0.0;0.0;0.0;0.0;0.0;0.0
2030-08-05 15:00:00;79.4734202743941;0.0;0.0;0.0;0.0;0.0;0.0;0.0
2030-08-05 16:00:00;79.4972823929448;0.0;0.0;0.0;0.0;0.0;0.0;0.0
2030-08-05 17:00:00;86.00006049060984;0.0;0.0;0.0;0.0;0.0;0.0;0.0
2030-08-05 18:00:00;86.00831781956276;0.0;0.0;0.0;0.0;0.0;0.0;0.0
2030-08-05 19:00:00;86.07182361284586;0.0;0.0;0.0;0.0;0.0;0.0;0.0
2030-08-05 20:00:00;86.0165395211422;0.0;0.0;0.0;0.0;0.0;0.0;0.0
2030-08-05 21:00:00;86.0270961859702;0.0;0.0;0.0;0.0;0.0;0.0;0.0
2030-08-05 22:00:00;85.99434229716132;0.0;0.0;0.0;0.0;0.0;0.0;0.0
2030-08-05 23:00:00;85.98849392677116;0.0;0.0;0.0;0.0;0.0;0.0;0.0
2030-08-06 00:00:00;85.98037362617788;0.0;0.0;0.0;0.0;0.0;0.0;0.0
2030-08-06 01:00:00;86.00298193523773;0.0;0.0;0.0;0.0;0.0;0.0;0.0
2030-08-06 02:00:00;86.03467796511;0.0;0.0;0.0;0.0;0.0;0.0;0.0
2030-08-06 03:00:00;86.03667446831021;0.0;0.0;0.0;0.0;0.0;0.0;0.0
2030-08-06 04:00:00;85.90669895832463;0.0;0.0;0.0;0.0;0.0;0.0;0.0
2030-08-06 05:00:00;85.93434854073625;0.0;0.0;0.0;0.0;0.0;0.0;0.0
2030-08-06 06:00:00;86.04153486422726;0.0;0.0;0.0;0.0;0.0;0.0;0.0
2030-08-06 07:00:00;86.09697927911172;0.0;0.0;0.0;0.0;0.0;0.0;0.0
2030-08-06 08:00:00;86.12314758495546;0.0;0.0;0.0;0.0;0.0;0.0;0.0
2030-08-06 09:00:00;86.05175443929048;0.0;0.0;0.0;0.0;0.0;0.0;0.0
2030-08-06 10:00:00;79.56873309052082;0.0;0.0;0.0;0.0;0.0;0.0;0.0
2030-08-06 11:00:00;79.58171241674755;0.0;0.0;0.0;0.0;0.0;0.0;0.0
2030-08-06 12:00:00;79.62626307703928;0.0;0.0;0.0;0.0;0.0;0.0;0.0
2030-08-06 13:00:00;79.629976545586;0.0;0.0;0.0;0.0;0.0;0.0;0.0
2030-08-06 14:00:00;79.64370541694004;0.0;0.0;0.0;0.0;0.0;0.0;0.0
2030-08-06 15:00:00;79.63414357800316;0.0;0.0;0.0;0.0;0.0;0.0;0.0
2030-08-06 16:00:00;86.10452269031086;0.0;0.0;0.0;0.0;0.0;0.0;0.0
2030-08-06 17:00:00;86.1161673603145;0.0;0.0;0.0;0.0;0.0;0.0;0.0
2030-08-06 18:00:00;86.1308472084846;0.0;0.0;0.0;0.0;0.0;0.0;0.0
2030-08-06 19:00:00;86.13689701056346;0.0;0.0;0.0;0.0;0.0;0.0;0.0
2030-08-06 20:00:00;86.14216712127586;0.0;0.0;0.0;0.0;0.0;0.0;0.0
2030-08-06 21:00:00;86.12786821194565;0.0;0.0;0.0;0.0;0.0;0.0;0.0
2030-08-06 22:00:00;86.06404999400253;0.0;0.0;0.0;0.0;0.0;0.0;0.0
2030-08-06 23:00:00;86.04288185300268;0.0;0.0;0.0;0.0;0.0;0.0;0.0
2030-08-07 00:00:00;86.04849179404705;0.0;0.0;0.0;0.0;0.0;0.0;0.0
2030-08-07 01:00:00;85.97035000166898;0.0;0.0;0.0;0.0;0.0;0.0;0.0
2030-08-07 02:00:00;85.99285828002625;0.0;0.0;0.0;0.0;0.0;0.0;0.0
2030-08-07 03:00:00;85.99297886498276;0.0;0.0;0.0;0.0;0.0;0.0;0.0
2030-08-07 04:00:00;85.97753850941658;0.0;0.0;0.0;0.0;0.0;0.0;0.0
2030-08-07 05:00:00;85.97974466600706;0.0;0.0;0.0;0.0;0.0;0.0;0.0
2030-08-07 06:00:00;85.88573773014787;0.0;0.0;0.0;0.0;0.0;0.0;0.0
2030-08-07 07:00:00;85.95488909184886;0.0;0.0;0.0;0.0;0.0;0.0;0.0
2030-08-07 08:00:00;79.5515963238621;0.0;0.0;0.0;0.0;0.0;0.0;0.0
2030-08-07 09:00:00;79.50809393052177;0.0;0.0;0.0;0.0;0.0;0.0;0.0
2030-08-07 10:00:00;79.54670167085516;0.0;0.0;0.0;0.0;0.0;0.0;0.0
2030-08-07 11:00:00;79.4995611745659;0.0;0.0;0.0;0.0;0.0;0.0;0.0
2030-08-07 12:00:00;79.48228326869673;0.0;0.0;0.0;0.0;0.0;0.0;0.0
2030-08-07 13:00:00;79.48066633405278;0.0;0.0;0.0;0.0;0.0;0.0;0.0
2030-08-07 14:00:00;79.54358975680734;0.0;0.0;0.0;0.0;0.0;0.0;0.0
2030-08-07 15:00:00;79.48928541787521;0.0;0.0;0.0;0.0;0.0;0.0;0.0
2030-08-07 16:00:00;79.51695418425719;0.0;0.0;0.0;0.0;0.0;0.0;0.0
2030-08-07 17:00:00;79.64404661755559;0.0;0.0;0.0;0.0;0.0;0.0;0.0
2030-08-07 18:00:00;79.6369978787348;0.0;0.0;0.0;0.0;0.0;0.0;0.0
2030-08-07 19:00:00;79.65612703774296;0.0;0.0;0.0;0.0;0.0;0.0;0.0
2030-08-07 20:00:00;79.57365240863251;0.0;0.0;0.0;0.0;0.0;0.0;0.0
2030-08-07 21:00:00;79.4852540435341;0.0;0.0;0.0;0.0;0.0;0.0;0.0
2030-08-07 22:00:00;79.480818435532;0.0;0.0;0.0;0.0;0.0;0.0;0.0
2030-08-07 23:00:00;79.4701452965983;0.0;0.0;0.0;0.0;0.0;0.0;0.0
2030-08-08 00:00:00;79.46479296887009;0.0;0.0;0.0;0.0;0.0;0.0;0.0
2030-08-08 01:00:00;79.50956013397007;0.0;0.0;0.0;0.0;0.0;0.0;0.0
2030-08-08 02:00:00;79.50330478935174;0.0;0.0;0.0;0.0;0.0;0.0;0.0
2030-08-08 03:00:00;79.50634818921972;0.0;0.0;0.0;0.0;0.0;0.0;0.0
2030-08-08 04:00:00;79.45743317567292;0.0;0.0;0.0;0.0;0.0;0.0;0.0
2030-08-08 05:00:00;79.44143100383215;0.0;0.0;0.0;0.0;0.0;0.0;0.0
2030-08-08 06:00:00;79.44686554857614;0.0;0.0;0.0;0.0;0.0;0.0;0.0
2030-08-08 07:00:00;79.46947796848679;0.0;0.0;0.0;0.0;0.0;0.0;0.0
2030-08-08 08:00:00;79.4850580929798;0.0;0.0;0.0;0.0;0.0;0.0;0.0
2030-08-08 09:00:00;79.46790214235071;0.0;0.0;0.0;0.0;0.0;0.0;0.0
2030-08-08 10:00:00;79.45967495963691;0.0;0.0;0.0;0.0;0.0;0.0;0.0
2030-08-08 11:00:00;79.45824164299489;0.0;0.0;0.0;0.0;0.0;0.0;0.0
2030-08-08 12:00:00;79.45121208814447;0.0;0.0;0.0;0.0;0.0;0.0;0.0
2030-08-08 13:00:00;79.4150324903442;0.0;0.0;0.0;0.0;0.0;0.0;0.0
2030-08-08 14:00:00;79.44830023550176;0.0;0.0;0.0;0.0;0.0;0.0;0.0
2030-08-08 15:00:00;79.48711899950904;0.0;0.0;0.0;0.0;0.0;0.0;0.0
2030-08-08 16:00:00;79.48504439014383;0.0;0.0;0.0;0.0;0.0;0.0;0.0
2030-08-08 17:00:00;79.49048441602221;0.0;0.0;0.0;0.0;0.0;0.0;0.0
2030-08-08 18:00:00;86.00177334510555;0.0;0.0;0.0;0.0;0.0;0.0;0.0
2030-08-08 19:00:00;85.97733707772787;0.0;0.0;0.0;0.0;0.0;0.0;0.0
2030-08-08 20:00:00;85.98381851913967;0.0;0.0;0.0;0.0;0.0;0.0;0.0
2030-08-08 21:00:00;86.0119052220186;0.0;0.0;0.0;0.0;0.0;0.0;0.0
2030-08-08 22:00:00;85.98691810063512;0.0;0.0;0.0;0.0;0.0;0.0;0.0
2030-08-08 23:00:00;85.9731727858779;0.0;0.0;0.0;0.0;0.0;0.0;0.0
2030-08-09 00:00:00;85.93762214824845;0.0;0.0;0.0;0.0;0.0;0.0;0.0
2030-08-09 01:00:00;85.94023664935071;0.0;0.0;0.0;0.0;0.0;0.0;0.0
2030-08-09 02:00:00;85.95767350811708;0.0;0.0;0.0;0.0;0.0;0.0;0.0
2030-08-09 03:00:00;85.94415154958612;0.0;0.0;0.0;0.0;0.0;0.0;0.0
2030-08-09 04:00:00;85.95462736768192;0.0;0.0;0.0;0.0;0.0;0.0;0.0
2030-08-09 05:00:00;85.98213992173388;0.0;0.0;0.0;0.0;0.0;0.0;0.0
2030-08-09 06:00:00;86.0126561374295;0.0;0.0;0.0;0.0;0.0;0.0;0.0
2030-08-09 07:00:00;86.0514694203024;0.0;0.0;0.0;0.0;0.0;0.0;0.0
2030-08-09 08:00:00;86.10967632691757;0.0;0.0;0.0;0.0;0.0;0.0;0.0
2030-08-09 09:00:00;86.08796418332989;0.0;0.0;0.0;0.0;0.0;0.0;0.0
2030-08-09 10:00:00;86.05144749576485;0.0;0.0;0.0;0.0;0.0;0.0;0.0
2030-08-09 11:00:00;86.05934855098269;0.0;0.0;0.0;0.0;0.0;0.0;0.0
2030-08-09 12:00:00;86.10491322113589;0.0;0.0;0.0;0.0;0.0;0.0;0.0
2030-08-09 13:00:00;86.07387903824073;0.0;0.0;0.0;0.0;0.0;0.0;0.0
2030-08-09 14:00:00;86.04336556311227;0.0;0.0;0.0;0.0;0.0;0.0;0.0
2030-08-09 15:00:00;85.96483049934199;0.0;0.0;0.0;0.0;0.0;0.0;0.0
2030-08-09 16:00:00;86.03685260517777;0.0;0.0;0.0;0.0;0.0;0.0;0.0
2030-08-09 17:00:00;86.10520098069117;0.0;0.0;0.0;0.0;0.0;0.0;0.0
2030-08-09 18:00:00;86.07882576202435;0.0;0.0;0.0;0.0;0.0;0.0;0.0
2030-08-09 19:00:00;86.038047492474;0.0;0.0;0.0;0.0;0.0;0.0;0.0
2030-08-09 20:00:00;86.01107071930828;0.0;0.0;0.0;0.0;0.0;0.0;0.0
2030-08-09 21:00:00;85.96249690637703;0.0;0.0;0.0;0.0;0.0;0.0;0.0
2030-08-09 22:00:00;85.88252441511392;0.0;0.0;0.0;0.0;0.0;0.0;0.0
2030-08-09 23:00:00;85.72496235576216;0.0;0.0;0.0;0.0;0.0;0.0;0.0
2030-08-10 00:00:00;85.50346149351077;0.0;0.0;0.0;0.0;0.0;0.0;0.0
2030-08-10 01:00:00;85.2175326371158;0.0;0.0;0.0;0.0;0.0;0.0;0.0
2030-08-10 02:00:00;85.05867703004886;0.0;0.0;0.0;0.0;0.0;0.0;0.0
2030-08-10 03:00:00;85.03784871938097;0.0;0.0;0.0;0.0;0.0;0.0;0.0
2030-08-10 04:00:00;84.98765523123856;0.0;0.0;0.0;0.0;0.0;0.0;0.0
2030-08-10 05:00:00;84.97131596963304;0.0;0.0;0.0;0.0;0.0;0.0;0.0
2030-08-10 06:00:00;85.0128670791319;0.0;0.0;0.0;0.0;0.0;0.0;0.0
2030-08-10 07:00:00;85.02235903360534;0.0;0.0;0.0;0.0;0.0;0.0;0.0
2030-08-10 08:00:00;85.09184611478747;0.0;0.0;0.0;0.0;0.0;0.0;0.0
2030-08-10 09:00:00;85.11719225047325;0.0;0.0;0.0;0.0;0.0;0.0;0.0
2030-08-10 10:00:00;85.14405254953324;0.0;0.0;0.0;0.0;0.0;0.0;0.0
2030-08-10 11:00:00;85.0952252341366;0.0;0.0;0.0;0.0;0.0;0.0;0.0
2030-08-10 12:00:00;79.10860830219531;0.0;0.0;0.0;0.0;0.0;0.0;0.0
2030-08-10 13:00:00;79.11324260131892;0.0;0.0;0.0;0.0;0.0;0.0;0.0
2030-08-10 14:00:00;79.10822051193747;0.0;0.0;0.0;0.0;0.0;0.0;0.0
2030-08-10 15:00:00;79.09686497177269;0.0;0.0;0.0;0.0;0.0;0.0;0.0
2030-08-10 16:00:00;85.07938338547666;0.0;0.0;0.0;0.0;0.0;0.0;0.0
2030-08-10 17:00:00;85.14409502832474;0.0;0.0;0.0;0.0;0.0;0.0;0.0
2030-08-10 18:00:00;85.15147948662666;0.0;0.0;0.0;0.0;0.0;0.0;0.0
2030-08-10 19:00:00;85.19882826602259;0.0;0.0;0.0;0.0;0.0;0.0;0.0
2030-08-10 20:00:00;85.2105332285045;0.0;0.0;0.0;0.0;0.0;0.0;0.0
2030-08-10 21:00:00;85.17345335438128;0.0;0.0;0.0;0.0;0.0;0.0;0.0
2030-08-10 22:00:00;85.16270347956616;0.0;0.0;0.0;0.0;0.0;0.0;0.0
2030-08-10 23:00:00;85.17363423181604;0.0;0.0;0.0;0.0;0.0;0.0;0.0
2030-08-11 00:00:00;85.05595975767685;0.0;0.0;0.0;0.0;0.0;0.0;0.0
2030-08-11 01:00:00;84.93415387849403;0.0;0.0;0.0;0.0;0.0;0.0;0.0
2030-08-11 02:00:00;84.94230569561003;0.0;0.0;0.0;0.0;0.0;0.0;0.0
2030-08-11 03:00:00;84.94817736082135;0.0;0.0;0.0;0.0;0.0;0.0;0.0
2030-08-11 04:00:00;84.93865114925796;0.0;0.0;0.0;0.0;0.0;0.0;0.0
2030-08-11 05:00:00;84.93175314163284;0.0;0.0;0.0;0.0;0.0;0.0;0.0
2030-08-11 06:00:00;84.94289902840734;0.0;0.0;0.0;0.0;0.0;0.0;0.0
2030-08-11 07:00:00;84.96787381723847;0.0;0.0;0.0;0.0;0.0;0.0;0.0
2030-08-11 08:00:00;85.0027077965469;0.0;0.0;0.0;0.0;0.0;0.0;0.0
2030-08-11 09:00:00;84.98137248094827;0.0;0.0;0.0;0.0;0.0;0.0;0.0
2030-08-11 10:00:00;79.08371573037999;0.0;0.0;0.0;0.0;0.0;0.0;0.0
2030-08-11 11:00:00;79.11968704507359;0.0;0.0;0.0;0.0;0.0;0.0;0.0
2030-08-11 12:00:00;79.13330903430712;0.0;0.0;0.0;0.0;0.0;0.0;0.0
2030-08-11 13:00:00;79.10794234436736;0.0;0.0;0.0;0.0;0.0;0.0;0.0
2030-08-11 14:00:00;79.12345258439697;0.0;0.0;0.0;0.0;0.0;0.0;0.0
2030-08-11 15:00:00;79.1309480356702;0.0;0.0;0.0;0.0;0.0;0.0;0.0
2030-08-11 16:00:00;79.14670081589638;0.0;0.0;0.0;0.0;0.0;0.0;0.0
2030-08-11 17:00:00;85.3176044481734;0.0;0.0;0.0;0.0;0.0;0.0;0.0
2030-08-11 18:00:00;85.49767204531526;0.0;0.0;0.0;0.0;0.0;0.0;0.0
2030-08-11 19:00:00;85.4931377768942;0.0;0.0;0.0;0.0;0.0;0.0;0.0
2030-08-11 20:00:00;85.48215632415128;0.0;0.0;0.0;0.0;0.0;0.0;0.0
2030-08-11 21:00:00;85.5926984721703;0.0;0.0;0.0;0.0;0.0;0.0;0.0
2030-08-11 22:00:00;85.60223290543524;0.0;0.0;0.0;0.0;0.0;0.0;0.0
2030-08-11 23:00:00;85.57747188084518;0.0;0.0;0.0;0.0;0.0;0.0;0.0
2030-08-12 00:00:00;85.59156113678515;0.0;0.0;0.0;0.0;0.0;0.0;0.0
2030-08-12 01:00:00;85.61697167579996;0.0;0.0;0.0;0.0;0.0;0.0;0.0
2030-08-12 02:00:00;85.58521398316583;0.0;0.0;0.0;0.0;0.0;0.0;0.0
2030-08-12 03:00:00;85.54370809302569;0.0;0.0;0.0;0.0;0.0;0.0;0.0
2030-08-12 04:00:00;85.5876969370428;0.0;0.0;0.0;0.0;0.0;0.0;0.0
2030-08-12 05:00:00;85.7616379962244;0.0;0.0;0.0;0.0;0.0;0.0;0.0
2030-08-12 06:00:00;85.88914973630334;0.0;0.0;0.0;0.0;0.0;0.0;0.0
2030-08-12 07:00:00;85.97150652102448;0.0;0.0;0.0;0.0;0.0;0.0;0.0
2030-08-12 08:00:00;85.98028592802771;0.0;0.0;0.0;0.0;0.0;0.0;0.0
2030-08-12 09:00:00;79.51788323653567;0.0;0.0;0.0;0.0;0.0;0.0;0.0
2030-08-12 10:00:00;79.47763389645357;0.0;0.0;0.0;0.0;0.0;0.0;0.0
2030-08-12 11:00:00;79.47716662974713;0.0;0.0;0.0;0.0;0.0;0.0;0.0
2030-08-12 12:00:00;79.49794286963835;0.0;0.0;0.0;0.0;0.0;0.0;0.0
2030-08-12 13:00:00;79.50958342879123;0.0;0.0;0.0;0.0;0.0;0.0;0.0
2030-08-12 14:00:00;79.54214410761296;0.0;0.0;0.0;0.0;0.0;0.0;0.0
2030-08-12 15:00:00;79.54174946593713;0.0;0.0;0.0;0.0;0.0;0.0;0.0
2030-08-12 16:00:00;79.57351675055646;0.0;0.0;0.0;0.0;0.0;0.0;0.0
2030-08-12 17:00:00;79.65337276771386;0.0;0.0;0.0;0.0;0.0;0.0;0.0
2030-08-12 18:00:00;86.1338083913368;0.0;0.0;0.0;0.0;0.0;0.0;0.0
2030-08-12 19:00:00;86.04945784398264;0.0;0.0;0.0;0.0;0.0;0.0;0.0
2030-08-12 20:00:00;86.0862842156405;0.0;0.0;0.0;0.0;0.0;0.0;0.0
2030-08-12 21:00:00;86.07655657238844;0.0;0.0;0.0;0.0;0.0;0.0;0.0
2030-08-12 22:00:00;86.02742505403336;0.0;0.0;0.0;0.0;0.0;0.0;0.0
2030-08-12 23:00:00;86.03074525118785;0.0;0.0;0.0;0.0;0.0;0.0;0.0
2030-08-13 00:00:00;86.02016118068795;0.0;0.0;0.0;0.0;0.0;0.0;0.0
2030-08-13 01:00:00;86.03251154674383;0.0;0.0;0.0;0.0;0.0;0.0;0.0
2030-08-13 02:00:00;83.19254946264009;0.0;0.0;0.0;0.0;0.0;0.0;0.0
2030-08-13 03:00:00;79.49670550355064;0.0;0.0;0.0;0.0;0.0;0.0;0.0
2030-08-13 04:00:00;79.47771200261857;0.0;0.0;0.0;0.0;0.0;0.0;0.0
2030-08-13 05:00:00;79.47697616032721;0.0;0.0;0.0;0.0;0.0;0.0;0.0
2030-08-13 06:00:00;79.51656913456657;0.0;0.0;0.0;0.0;0.0;0.0;0.0
2030-08-13 07:00:00;79.57742616965747;0.0;0.0;0.0;0.0;0.0;0.0;0.0
2030-08-13 08:00:00;79.58607539971904;0.0;0.0;0.0;0.0;0.0;0.0;0.0
2030-08-13 09:00:00;79.56305052444584;0.0;0.0;0.0;0.0;0.0;0.0;0.0
2030-08-13 10:00:00;79.51813399843383;0.0;0.0;0.0;0.0;0.0;0.0;0.0
2030-08-13 11:00:00;79.52428109064806;0.0;0.0;0.0;0.0;0.0;0.0;0.0
2030-08-13 12:00:00;79.55042062053624;0.0;0.0;0.0;0.0;0.0;0.0;0.0
2030-08-13 13:00:00;79.47050979203499;0.0;0.0;0.0;0.0;0.0;0.0;0.0
2030-08-13 14:00:00;79.49462267248386;0.0;0.0;0.0;0.0;0.0;0.0;0.0
2030-08-13 15:00:00;79.49287830146542;0.0;0.0;0.0;0.0;0.0;0.0;0.0
2030-08-13 16:00:00;79.50384468108878;0.0;0.0;0.0;0.0;0.0;0.0;0.0
2030-08-13 17:00:00;79.5167513822849;0.0;0.0;0.0;0.0;0.0;0.0;0.0
2030-08-13 18:00:00;79.49532288740171;0.0;0.0;0.0;0.0;0.0;0.0;0.0
2030-08-13 19:00:00;79.58299774276112;0.0;0.0;0.0;0.0;0.0;0.0;0.0
2030-08-13 20:00:00;79.58039146336046;0.0;0.0;0.0;0.0;0.0;0.0;0.0
2030-08-13 21:00:00;79.57169564365662;0.0;0.0;0.0;0.0;0.0;0.0;0.0
2030-08-13 22:00:00;79.52235036106049;0.0;0.0;0.0;0.0;0.0;0.0;0.0
2030-08-13 23:00:00;79.50485320981588;0.0;0.0;0.0;0.0;0.0;0.0;0.0
2030-08-14 00:00:00;79.4852965223256;0.0;0.0;0.0;0.0;0.0;0.0;0.0
2030-08-14 01:00:00;79.45750031956914;0.0;0.0;0.0;0.0;0.0;0.0;0.0
2030-08-14 02:00:00;79.43342717734458;0.0;0.0;0.0;0.0;0.0;0.0;0.0
2030-08-14 03:00:00;79.44542949136695;0.0;0.0;0.0;0.0;0.0;0.0;0.0
2030-08-14 04:00:00;79.47402182889302;0.0;0.0;0.0;0.0;0.0;0.0;0.0
2030-08-14 05:00:00;79.51410399437631;0.0;0.0;0.0;0.0;0.0;0.0;0.0
2030-08-14 06:00:00;79.60676668202726;0.0;0.0;0.0;0.0;0.0;0.0;0.0
2030-08-14 07:00:00;79.68957154948447;0.0;0.0;0.0;0.0;0.0;0.0;0.0
2030-08-14 08:00:00;79.69415925896581;0.0;0.0;0.0;0.0;0.0;0.0;0.0
2030-08-14 09:00:00;79.69488687955558;0.0;0.0;0.0;0.0;0.0;0.0;0.0
2030-08-14 10:00:00;79.6388491318738;0.0;0.0;0.0;0.0;0.0;0.0;0.0
2030-08-14 11:00:00;79.57643682490075;0.0;0.0;0.0;0.0;0.0;0.0;0.0
2030-08-14 12:00:00;79.51654995059619;0.0;0.0;0.0;0.0;0.0;0.0;0.0
2030-08-14 13:00:00;79.48526500580287;0.0;0.0;0.0;0.0;0.0;0.0;0.0
2030-08-14 14:00:00;79.5012041445982;0.0;0.0;0.0;0.0;0.0;0.0;0.0
2030-08-14 15:00:00;79.587131888372;0.0;0.0;0.0;0.0;0.0;0.0;0.0
2030-08-14 16:00:00;79.68772988833068;0.0;0.0;0.0;0.0;0.0;0.0;0.0
2030-08-14 17:00:00;79.70263309272698;0.0;0.0;0.0;0.0;0.0;0.0;0.0
2030-08-14 18:00:00;79.7483868620165;0.0;0.0;0.0;0.0;0.0;0.0;0.0
2030-08-14 19:00:00;86.24654299311031;0.0;0.0;0.0;0.0;0.0;0.0;0.0
2030-08-14 20:00:00;86.22410185864925;0.0;0.0;0.0;0.0;0.0;0.0;0.0
2030-08-14 21:00:00;86.22458008762447;0.0;0.0;0.0;0.0;0.0;0.0;0.0
2030-08-14 22:00:00;86.12291326646044;0.0;0.0;0.0;0.0;0.0;0.0;0.0
2030-08-14 23:00:00;86.07795426165694;0.0;0.0;0.0;0.0;0.0;0.0;0.0
2030-08-15 00:00:00;85.9588272869054;0.0;0.0;0.0;0.0;0.0;0.0;0.0
2030-08-15 01:00:00;85.77734555709188;0.0;0.0;0.0;0.0;0.0;0.0;0.0
2030-08-15 02:00:00;85.6090843234181;0.0;0.0;0.0;0.0;0.0;0.0;0.0
2030-08-15 03:00:00;85.4537284206568;0.0;0.0;0.0;0.0;0.0;0.0;0.0
2030-08-15 04:00:00;85.40154665101578;0.0;0.0;0.0;0.0;0.0;0.0;0.0
2030-08-15 05:00:00;85.41998107624045;0.0;0.0;0.0;0.0;0.0;0.0;0.0
2030-08-15 06:00:00;85.71703526515599;0.0;0.0;0.0;0.0;0.0;0.0;0.0
2030-08-15 07:00:00;85.8529536950999;0.0;0.0;0.0;0.0;0.0;0.0;0.0
2030-08-15 08:00:00;79.47320376958584;0.0;0.0;0.0;0.0;0.0;0.0;0.0
2030-08-15 09:00:00;79.50099723177512;0.0;0.0;0.0;0.0;0.0;0.0;0.0
2030-08-15 10:00:00;79.48212157523234;0.0;0.0;0.0;0.0;0.0;0.0;0.0
2030-08-15 11:00:00;79.4594803793662;0.0;0.0;0.0;0.0;0.0;0.0;0.0
2030-08-15 12:00:00;79.44966640824755;0.0;0.0;0.0;0.0;0.0;0.0;0.0
2030-08-15 13:00:00;79.44419897669724;0.0;0.0;0.0;0.0;0.0;0.0;0.0
2030-08-15 14:00:00;79.4146364783848;0.0;0.0;0.0;0.0;0.0;0.0;0.0
2030-08-15 15:00:00;79.42224018206215;0.0;0.0;0.0;0.0;0.0;0.0;0.0
2030-08-15 16:00:00;79.46314451770343;0.0;0.0;0.0;0.0;0.0;0.0;0.0
2030-08-15 17:00:00;85.86912578210664;0.0;0.0;0.0;0.0;0.0;0.0;0.0
2030-08-15 18:00:00;85.89095577008362;0.0;0.0;0.0;0.0;0.0;0.0;0.0
2030-08-15 19:00:00;85.87993868996719;0.0;0.0;0.0;0.0;0.0;0.0;0.0
2030-08-15 20:00:00;85.84509648895715;0.0;0.0;0.0;0.0;0.0;0.0;0.0
2030-08-15 21:00:00;85.80265332483695;0.0;0.0;0.0;0.0;0.0;0.0;0.0
2030-08-15 22:00:00;85.81318395427661;0.0;0.0;0.0;0.0;0.0;0.0;0.0
2030-08-15 23:00:00;85.77427338126836;0.0;0.0;0.0;0.0;0.0;0.0;0.0
2030-08-16 00:00:00;85.75973330202515;0.0;0.0;0.0;0.0;0.0;0.0;0.0
2030-08-16 01:00:00;85.78716363906133;0.0;0.0;0.0;0.0;0.0;0.0;0.0
2030-08-16 02:00:00;85.75074150106445;0.0;0.0;0.0;0.0;0.0;0.0;0.0
2030-08-16 03:00:00;85.74101796866319;0.0;0.0;0.0;0.0;0.0;0.0;0.0
2030-08-16 04:00:00;81.13772014114748;0.0;0.0;0.0;0.0;0.0;0.0;0.0
2030-08-16 05:00:00;79.43713653504048;0.0;0.0;0.0;0.0;0.0;0.0;0.0
2030-08-16 06:00:00;79.47628964824533;0.0;0.0;0.0;0.0;0.0;0.0;0.0
2030-08-16 07:00:00;79.4902500975272;0.0;0.0;0.0;0.0;0.0;0.0;0.0
2030-08-16 08:00:00;79.49407592932883;0.0;0.0;0.0;0.0;0.0;0.0;0.0
2030-08-16 09:00:00;79.48742183218388;0.0;0.0;0.0;0.0;0.0;0.0;0.0
2030-08-16 10:00:00;79.49041727212598;0.0;0.0;0.0;0.0;0.0;0.0;0.0
2030-08-16 11:00:00;79.48538147990858;0.0;0.0;0.0;0.0;0.0;0.0;0.0
2030-08-16 12:00:00;79.46846395862532;0.0;0.0;0.0;0.0;0.0;0.0;0.0
2030-08-16 13:00:00;79.46575490795489;0.0;0.0;0.0;0.0;0.0;0.0;0.0
2030-08-16 14:00:00;79.46708408304356;0.0;0.0;0.0;0.0;0.0;0.0;0.0
2030-08-16 15:00:00;79.46593578538963;0.0;0.0;0.0;0.0;0.0;0.0;0.0
2030-08-16 16:00:00;79.45338672821225;0.0;0.0;0.0;0.0;0.0;0.0;0.0
2030-08-16 17:00:00;79.4367720396038;0.0;0.0;0.0;0.0;0.0;0.0;0.0
2030-08-16 18:00:00;79.47964410248974;0.0;0.0;0.0;0.0;0.0;0.0;0.0
2030-08-16 19:00:00;79.50078894866844;0.0;0.0;0.0;0.0;0.0;0.0;0.0
2030-08-16 20:00:00;79.48874415585458;0.0;0.0;0.0;0.0;0.0;0.0;0.0
2030-08-16 21:00:00;79.46124941548935;0.0;0.0;0.0;0.0;0.0;0.0;0.0
2030-08-16 22:00:00;79.43832457091871;0.0;0.0;0.0;0.0;0.0;0.0;0.0
2030-08-16 23:00:00;79.41205075323806;0.0;0.0;0.0;0.0;0.0;0.0;0.0
2030-08-17 00:00:00;85.54873703382508;0.0;0.0;0.0;0.0;0.0;0.0;0.0
2030-08-17 01:00:00;85.17578146621184;0.0;0.0;0.0;0.0;0.0;0.0;0.0
2030-08-17 02:00:00;85.06123671980725;0.0;0.0;0.0;0.0;0.0;0.0;0.0
2030-08-17 03:00:00;84.97602015322008;0.0;0.0;0.0;0.0;0.0;0.0;0.0
2030-08-17 04:00:00;84.94997380261644;0.0;0.0;0.0;0.0;0.0;0.0;0.0
2030-08-17 05:00:00;84.95285276845284;0.0;0.0;0.0;0.0;0.0;0.0;0.0
2030-08-17 06:00:00;85.03882573158533;0.0;0.0;0.0;0.0;0.0;0.0;0.0
2030-08-17 07:00:00;79.11066235730657;0.0;0.0;0.0;0.0;0.0;0.0;0.0
2030-08-17 08:00:00;79.17325691199792;0.0;0.0;0.0;0.0;0.0;0.0;0.0
2030-08-17 09:00:00;79.24237264632542;0.0;0.0;0.0;0.0;0.0;0.0;0.0
2030-08-17 10:00:00;79.25722377994504;0.0;0.0;0.0;0.0;0.0;0.0;0.0
2030-08-17 11:00:00;79.25045457897798;0.0;0.0;0.0;0.0;0.0;0.0;0.0
2030-08-17 12:00:00;79.23312597261575;0.0;0.0;0.0;0.0;0.0;0.0;0.0
2030-08-17 13:00:00;79.23377685732413;0.0;0.0;0.0;0.0;0.0;0.0;0.0
2030-08-17 14:00:00;79.2432482575436;0.0;0.0;0.0;0.0;0.0;0.0;0.0
2030-08-17 15:00:00;79.29253735851229;0.0;0.0;0.0;0.0;0.0;0.0;0.0
2030-08-17 16:00:00;79.28272475767724;0.0;0.0;0.0;0.0;0.0;0.0;0.0
2030-08-17 17:00:00;85.5081656770978;0.0;0.0;0.0;0.0;0.0;0.0;0.0
2030-08-17 18:00:00;85.48504762254004;0.0;0.0;0.0;0.0;0.0;0.0;0.0
2030-08-17 19:00:00;85.51266705871254;0.0;0.0;0.0;0.0;0.0;0.0;0.0
2030-08-17 20:00:00;85.48590816063869;0.0;0.0;0.0;0.0;0.0;0.0;0.0
2030-08-17 21:00:00;85.4230724360343;0.0;0.0;0.0;0.0;0.0;0.0;0.0
2030-08-17 22:00:00;85.39189848421232;0.0;0.0;0.0;0.0;0.0;0.0;0.0
2030-08-17 23:00:00;85.37949741766333;0.0;0.0;0.0;0.0;0.0;0.0;0.0
2030-08-18 00:00:00;85.41265279956596;0.0;0.0;0.0;0.0;0.0;0.0;0.0
2030-08-18 01:00:00;85.41989337809026;0.0;0.0;0.0;0.0;0.0;0.0;0.0
2030-08-18 02:00:00;85.37497411151107;0.0;0.0;0.0;0.0;0.0;0.0;0.0
2030-08-18 03:00:00;85.41865875256975;0.0;0.0;0.0;0.0;0.0;0.0;0.0
2030-08-18 04:00:00;85.3905473845861;0.0;0.0;0.0;0.0;0.0;0.0;0.0
2030-08-18 05:00:00;85.43327693797798;0.0;0.0;0.0;0.0;0.0;0.0;0.0
2030-08-18 06:00:00;85.46511547734431;0.0;0.0;0.0;0.0;0.0;0.0;0.0
2030-08-18 07:00:00;85.50076066454193;0.0;0.0;0.0;0.0;0.0;0.0;0.0
2030-08-18 08:00:00;79.30325982765547;0.0;0.0;0.0;0.0;0.0;0.0;0.0
2030-08-18 09:00:00;79.31045792738826;0.0;0.0;0.0;0.0;0.0;0.0;0.0
2030-08-18 10:00:00;79.31394118829076;0.0;0.0;0.0;0.0;0.0;0.0;0.0
2030-08-18 11:00:00;79.3052001492282;0.0;0.0;0.0;0.0;0.0;0.0;0.0
2030-08-18 12:00:00;79.28773040365553;0.0;0.0;0.0;0.0;0.0;0.0;0.0
2030-08-18 13:00:00;79.29656188143544;0.0;0.0;0.0;0.0;0.0;0.0;0.0
2030-08-18 14:00:00;79.28728917233744;0.0;0.0;0.0;0.0;0.0;0.0;0.0
2030-08-18 15:00:00;79.27017158964905;0.0;0.0;0.0;0.0;0.0;0.0;0.0
2030-08-18 16:00:00;79.20663702041043;0.0;0.0;0.0;0.0;0.0;0.0;0.0
2030-08-18 17:00:00;79.26345582974226;0.0;0.0;0.0;0.0;0.0;0.0;0.0
2030-08-18 18:00:00;79.3225561612624;0.0;0.0;0.0;0.0;0.0;0.0;0.0
2030-08-18 19:00:00;79.33263322683156;0.0;0.0;0.0;0.0;0.0;0.0;0.0
2030-08-18 20:00:00;80.76207607711777;0.0;0.0;0.0;0.0;0.0;0.0;0.0
2030-08-18 21:00:00;80.93681738191975;0.0;0.0;0.0;0.0;0.0;0.0;0.0
2030-08-18 22:00:00;79.338535038282;0.0;0.0;0.0;0.0;0.0;0.0;0.0
2030-08-18 23:00:00;82.54600855326981;0.0;0.0;0.0;0.0;0.0;0.0;0.0
2030-08-19 00:00:00;79.94483756983898;0.0;0.0;0.0;0.0;0.0;0.0;0.0
2030-08-19 01:00:00;79.30363117451014;0.0;0.0;0.0;0.0;0.0;0.0;0.0
2030-08-19 02:00:00;83.05360818708215;0.0;0.0;0.0;0.0;0.0;0.0;0.0
2030-08-19 03:00:00;84.80285193398697;0.0;0.0;0.0;0.0;0.0;0.0;0.0
2030-08-19 04:00:00;85.39364970664874;0.0;0.0;0.0;0.0;0.0;0.0;0.0
2030-08-19 05:00:00;79.37773885197991;0.0;0.0;0.0;0.0;0.0;0.0;0.0
2030-08-19 06:00:00;79.52005239546904;0.0;0.0;0.0;0.0;0.0;0.0;0.0
2030-08-19 07:00:00;79.58508879552951;0.0;0.0;0.0;0.0;0.0;0.0;0.0
2030-08-19 08:00:00;79.66049824241604;0.0;0.0;0.0;0.0;0.0;0.0;0.0
2030-08-19 09:00:00;79.6838492451852;0.0;0.0;0.0;0.0;0.0;0.0;0.0
2030-08-19 10:00:00;79.74168206437848;0.0;0.0;0.0;0.0;0.0;0.0;0.0
2030-08-19 11:00:00;79.74178072479744;0.0;0.0;0.0;0.0;0.0;0.0;0.0
2030-08-19 12:00:00;79.72182528478058;0.0;0.0;0.0;0.0;0.0;0.0;0.0
2030-08-19 13:00:00;79.71501086445483;0.0;0.0;0.0;0.0;0.0;0.0;0.0
2030-08-19 14:00:00;79.5149837164453;0.0;0.0;0.0;0.0;0.0;0.0;0.0
2030-08-19 15:00:00;79.57221498113972;0.0;0.0;0.0;0.0;0.0;0.0;0.0
2030-08-19 16:00:00;79.57692053501034;0.0;0.0;0.0;0.0;0.0;0.0;0.0
2030-08-19 17:00:00;86.05727805246826;0.0;0.0;0.0;0.0;0.0;0.0;0.0
2030-08-19 18:00:00;86.06912004330985;0.0;0.0;0.0;0.0;0.0;0.0;0.0
2030-08-19 19:00:00;86.08617596323637;0.0;0.0;0.0;0.0;0.0;0.0;0.0
2030-08-19 20:00:00;86.23601373395425;0.0;0.0;0.0;0.0;0.0;0.0;0.0
2030-08-19 21:00:00;86.22417859453068;0.0;0.0;0.0;0.0;0.0;0.0;0.0
2030-08-19 22:00:00;86.14506390079902;0.0;0.0;0.0;0.0;0.0;0.0;0.0
2030-08-19 23:00:00;86.1375629683914;0.0;0.0;0.0;0.0;0.0;0.0;0.0
2030-08-20 00:00:00;86.11395298202245;0.0;0.0;0.0;0.0;0.0;0.0;0.0
2030-08-20 01:00:00;86.11516294243825;0.0;0.0;0.0;0.0;0.0;0.0;0.0
2030-08-20 02:00:00;86.15564523073172;0.0;0.0;0.0;0.0;0.0;0.0;0.0
2030-08-20 03:00:00;86.15637285132152;0.0;0.0;0.0;0.0;0.0;0.0;0.0
2030-08-20 04:00:00;86.16820113932712;0.0;0.0;0.0;0.0;0.0;0.0;0.0
2030-08-20 05:00:00;86.20987694463325;0.0;0.0;0.0;0.0;0.0;0.0;0.0
2030-08-20 06:00:00;86.2575778869135;0.0;0.0;0.0;0.0;0.0;0.0;0.0
2030-08-20 07:00:00;86.32955340310701;0.0;0.0;0.0;0.0;0.0;0.0;0.0
2030-08-20 08:00:00;86.37731052701471;0.0;0.0;0.0;0.0;0.0;0.0;0.0
2030-08-20 09:00:00;86.34929096803202;0.0;0.0;0.0;0.0;0.0;0.0;0.0
2030-08-20 10:00:00;79.8369948805052;0.0;0.0;0.0;0.0;0.0;0.0;0.0
2030-08-20 11:00:00;79.83633166324448;0.0;0.0;0.0;0.0;0.0;0.0;0.0
2030-08-20 12:00:00;79.86403742728355;0.0;0.0;0.0;0.0;0.0;0.0;0.0
2030-08-20 13:00:00;79.84914244458882;0.0;0.0;0.0;0.0;0.0;0.0;0.0
2030-08-20 14:00:00;79.85895367514027;0.0;0.0;0.0;0.0;0.0;0.0;0.0
2030-08-20 15:00:00;79.86887178781224;0.0;0.0;0.0;0.0;0.0;0.0;0.0
2030-08-20 16:00:00;86.31588071338041;0.0;0.0;0.0;0.0;0.0;0.0;0.0
2030-08-20 17:00:00;86.33998948297851;0.0;0.0;0.0;0.0;0.0;0.0;0.0
2030-08-20 18:00:00;86.32612769411557;0.0;0.0;0.0;0.0;0.0;0.0;0.0
2030-08-20 19:00:00;86.29842330036013;0.0;0.0;0.0;0.0;0.0;0.0;0.0
2030-08-20 20:00:00;86.3039811706278;0.0;0.0;0.0;0.0;0.0;0.0;0.0
2030-08-20 21:00:00;86.28173461643746;0.0;0.0;0.0;0.0;0.0;0.0;0.0
2030-08-20 22:00:00;86.25851790146075;0.0;0.0;0.0;0.0;0.0;0.0;0.0
2030-08-20 23:00:00;86.21333005929661;0.0;0.0;0.0;0.0;0.0;0.0;0.0
2030-08-21 00:00:00;86.0644994470222;0.0;0.0;0.0;0.0;0.0;0.0;0.0
2030-08-21 01:00:00;86.06606294060589;0.0;0.0;0.0;0.0;0.0;0.0;0.0
2030-08-21 02:00:00;86.09218602709092;0.0;0.0;0.0;0.0;0.0;0.0;0.0
2030-08-21 03:00:00;86.10629172643402;0.0;0.0;0.0;0.0;0.0;0.0;0.0
2030-08-21 04:00:00;86.10388002730407;0.0;0.0;0.0;0.0;0.0;0.0;0.0
2030-08-21 05:00:00;86.10244122952767;0.0;0.0;0.0;0.0;0.0;0.0;0.0
2030-08-21 06:00:00;86.18827442373332;0.0;0.0;0.0;0.0;0.0;0.0;0.0
2030-08-21 07:00:00;86.20045350433963;0.0;0.0;0.0;0.0;0.0;0.0;0.0
2030-08-21 08:00:00;86.23611924579119;0.0;0.0;0.0;0.0;0.0;0.0;0.0
2030-08-21 09:00:00;86.22986938230723;0.0;0.0;0.0;0.0;0.0;0.0;0.0
2030-08-21 10:00:00;84.62341192673235;0.0;0.0;0.0;0.0;0.0;0.0;0.0
2030-08-21 11:00:00;79.7147381780191;0.0;0.0;0.0;0.0;0.0;0.0;0.0
2030-08-21 12:00:00;79.8057387116674;0.0;0.0;0.0;0.0;0.0;0.0;0.0
2030-08-21 13:00:00;79.72125798737162;0.0;0.0;0.0;0.0;0.0;0.0;0.0
2030-08-21 14:00:00;79.68285167872689;0.0;0.0;0.0;0.0;0.0;0.0;0.0
2030-08-21 15:00:00;79.67100968788532;0.0;0.0;0.0;0.0;0.0;0.0;0.0
2030-08-21 16:00:00;86.14979686034158;0.0;0.0;0.0;0.0;0.0;0.0;0.0
2030-08-21 17:00:00;86.17047855066464;0.0;0.0;0.0;0.0;0.0;0.0;0.0
2030-08-21 18:00:00;86.29353138792034;0.0;0.0;0.0;0.0;0.0;0.0;0.0
2030-08-21 19:00:00;86.31542577922635;0.0;0.0;0.0;0.0;0.0;0.0;0.0
2030-08-21 20:00:00;86.30847570082454;0.0;0.0;0.0;0.0;0.0;0.0;0.0
2030-08-21 21:00:00;86.28303912642139;0.0;0.0;0.0;0.0;0.0;0.0;0.0
2030-08-21 22:00:00;86.24183332838888;0.0;0.0;0.0;0.0;0.0;0.0;0.0
2030-08-21 23:00:00;86.22561739230706;0.0;0.0;0.0;0.0;0.0;0.0;0.0
2030-08-22 00:00:00;86.21902084707315;0.0;0.0;0.0;0.0;0.0;0.0;0.0
2030-08-22 01:00:00;86.23145754099566;0.0;0.0;0.0;0.0;0.0;0.0;0.0
2030-08-22 02:00:00;86.22726036233935;0.0;0.0;0.0;0.0;0.0;0.0;0.0
2030-08-22 03:00:00;86.22026506457885;0.0;0.0;0.0;0.0;0.0;0.0;0.0
2030-08-22 04:00:00;86.21757656816239;0.0;0.0;0.0;0.0;0.0;0.0;0.0
2030-08-22 05:00:00;86.22955421708002;0.0;0.0;0.0;0.0;0.0;0.0;0.0
2030-08-22 06:00:00;86.289184848352;0.0;0.0;0.0;0.0;0.0;0.0;0.0
2030-08-22 07:00:00;86.28262804134242;0.0;0.0;0.0;0.0;0.0;0.0;0.0
2030-08-22 08:00:00;86.30176405176854;0.0;0.0;0.0;0.0;0.0;0.0;0.0
2030-08-22 09:00:00;86.29471531294777;0.0;0.0;0.0;0.0;0.0;0.0;0.0
2030-08-22 10:00:00;86.28737744428813;0.0;0.0;0.0;0.0;0.0;0.0;0.0
2030-08-22 11:00:00;86.28181957402045;0.0;0.0;0.0;0.0;0.0;0.0;0.0
2030-08-22 12:00:00;86.26428268455152;0.0;0.0;0.0;0.0;0.0;0.0;0.0
2030-08-22 13:00:00;86.19041891756194;0.0;0.0;0.0;0.0;0.0;0.0;0.0
2030-08-22 14:00:00;86.18258226567315;0.0;0.0;0.0;0.0;0.0;0.0;0.0
2030-08-22 15:00:00;82.83120156737343;0.0;0.0;0.0;0.0;0.0;0.0;0.0
2030-08-22 16:00:00;86.2037024467471;0.0;0.0;0.0;0.0;0.0;0.0;0.0
2030-08-22 17:00:00;86.22090909786924;0.0;0.0;0.0;0.0;0.0;0.0;0.0
2030-08-22 18:00:00;86.24414499681632;0.0;0.0;0.0;0.0;0.0;0.0;0.0
2030-08-22 19:00:00;86.27553682373016;0.0;0.0;0.0;0.0;0.0;0.0;0.0
2030-08-22 20:00:00;86.27430219820965;0.0;0.0;0.0;0.0;0.0;0.0;0.0
2030-08-22 21:00:00;86.25659128272396;0.0;0.0;0.0;0.0;0.0;0.0;0.0
2030-08-22 22:00:00;86.21688457494612;0.0;0.0;0.0;0.0;0.0;0.0;0.0
2030-08-22 23:00:00;86.21714492882947;0.0;0.0;0.0;0.0;0.0;0.0;0.0
2030-08-23 00:00:00;86.19523135355308;0.0;0.0;0.0;0.0;0.0;0.0;0.0
2030-08-23 01:00:00;79.69422229201125;0.0;0.0;0.0;0.0;0.0;0.0;0.0
2030-08-23 02:00:00;79.70552165054856;0.0;0.0;0.0;0.0;0.0;0.0;0.0
2030-08-23 03:00:00;79.71337063498974;0.0;0.0;0.0;0.0;0.0;0.0;0.0
2030-08-23 04:00:00;79.71895865149655;0.0;0.0;0.0;0.0;0.0;0.0;0.0
2030-08-23 05:00:00;79.74618070542604;0.0;0.0;0.0;0.0;0.0;0.0;0.0
2030-08-23 06:00:00;79.72880139857072;0.0;0.0;0.0;0.0;0.0;0.0;0.0
2030-08-23 07:00:00;79.76443425321597;0.0;0.0;0.0;0.0;0.0;0.0;0.0
2030-08-23 08:00:00;79.80279808306918;0.0;0.0;0.0;0.0;0.0;0.0;0.0
2030-08-23 09:00:00;79.82546120347287;0.0;0.0;0.0;0.0;0.0;0.0;0.0
2030-08-23 10:00:00;79.77770819041595;0.0;0.0;0.0;0.0;0.0;0.0;0.0
2030-08-23 11:00:00;79.7302895265566;0.0;0.0;0.0;0.0;0.0;0.0;0.0
2030-08-23 12:00:00;79.71652776839622;0.0;0.0;0.0;0.0;0.0;0.0;0.0
2030-08-23 13:00:00;79.7105821078707;0.0;0.0;0.0;0.0;0.0;0.0;0.0
2030-08-23 14:00:00;79.72661579623419;0.0;0.0;0.0;0.0;0.0;0.0;0.0
2030-08-23 15:00:00;79.73477720533536;0.0;0.0;0.0;0.0;0.0;0.0;0.0
2030-08-23 16:00:00;79.7538351095965;0.0;0.0;0.0;0.0;0.0;0.0;0.0
2030-08-23 17:00:00;79.74357442602536;0.0;0.0;0.0;0.0;0.0;0.0;0.0
2030-08-23 18:00:00;79.75590423782731;0.0;0.0;0.0;0.0;0.0;0.0;0.0
2030-08-23 19:00:00;79.77630776058025;0.0;0.0;0.0;0.0;0.0;0.0;0.0
2030-08-23 20:00:00;79.72169647812248;0.0;0.0;0.0;0.0;0.0;0.0;0.0
2030-08-23 21:00:00;79.70728794610454;0.0;0.0;0.0;0.0;0.0;0.0;0.0
2030-08-23 22:00:00;79.66116694081116;0.0;0.0;0.0;0.0;0.0;0.0;0.0
2030-08-23 23:00:00;79.64805606735915;0.0;0.0;0.0;0.0;0.0;0.0;0.0
2030-08-24 00:00:00;79.5822961575597;0.0;0.0;0.0;0.0;0.0;0.0;0.0
2030-08-24 01:00:00;79.5063988897128;0.0;0.0;0.0;0.0;0.0;0.0;0.0
2030-08-24 02:00:00;79.49953650946117;0.0;0.0;0.0;0.0;0.0;0.0;0.0
2030-08-24 03:00:00;79.50385701364115;0.0;0.0;0.0;0.0;0.0;0.0;0.0
2030-08-24 04:00:00;79.51316397982907;0.0;0.0;0.0;0.0;0.0;0.0;0.0
2030-08-24 05:00:00;79.50217704595175;0.0;0.0;0.0;0.0;0.0;0.0;0.0
2030-08-24 06:00:00;79.53461439924979;0.0;0.0;0.0;0.0;0.0;0.0;0.0
2030-08-24 07:00:00;79.55828193752978;0.0;0.0;0.0;0.0;0.0;0.0;0.0
2030-08-24 08:00:00;79.56834118941221;0.0;0.0;0.0;0.0;0.0;0.0;0.0
2030-08-24 09:00:00;79.56383295637949;0.0;0.0;0.0;0.0;0.0;0.0;0.0
2030-08-24 10:00:00;79.46500536282757;0.0;0.0;0.0;0.0;0.0;0.0;0.0
2030-08-24 11:00:00;79.4510819112028;0.0;0.0;0.0;0.0;0.0;0.0;0.0
2030-08-24 12:00:00;79.42467243544608;0.0;0.0;0.0;0.0;0.0;0.0;0.0
2030-08-24 13:00:00;79.42751714419256;0.0;0.0;0.0;0.0;0.0;0.0;0.0
2030-08-24 14:00:00;79.42721979265211;0.0;0.0;0.0;0.0;0.0;0.0;0.0
2030-08-24 15:00:00;79.41592180439838;0.0;0.0;0.0;0.0;0.0;0.0;0.0
2030-08-24 16:00:00;79.43274340582988;0.0;0.0;0.0;0.0;0.0;0.0;0.0
2030-08-24 17:00:00;85.94897357756246;0.0;0.0;0.0;0.0;0.0;0.0;0.0
2030-08-24 18:00:00;85.97937331915239;0.0;0.0;0.0;0.0;0.0;0.0;0.0
2030-08-24 19:00:00;85.98718530593645;0.0;0.0;0.0;0.0;0.0;0.0;0.0
2030-08-24 20:00:00;85.93798390311795;0.0;0.0;0.0;0.0;0.0;0.0;0.0
2030-08-24 21:00:00;85.94025720360466;0.0;0.0;0.0;0.0;0.0;0.0;0.0
2030-08-24 22:00:00;85.94181384577037;0.0;0.0;0.0;0.0;0.0;0.0;0.0
2030-08-24 23:00:00;85.86859411207118;0.0;0.0;0.0;0.0;0.0;0.0;0.0
2030-08-25 00:00:00;85.75839042410051;0.0;0.0;0.0;0.0;0.0;0.0;0.0
2030-08-25 01:00:00;85.68673144341781;0.0;0.0;0.0;0.0;0.0;0.0;0.0
2030-08-25 02:00:00;85.67852481495794;0.0;0.0;0.0;0.0;0.0;0.0;0.0
2030-08-25 03:00:00;85.66392307295288;0.0;0.0;0.0;0.0;0.0;0.0;0.0
2030-08-25 04:00:00;85.66785304630785;0.0;0.0;0.0;0.0;0.0;0.0;0.0
2030-08-25 05:00:00;85.65902979022952;0.0;0.0;0.0;0.0;0.0;0.0;0.0
2030-08-25 06:00:00;85.64612171874984;0.0;0.0;0.0;0.0;0.0;0.0;0.0
2030-08-25 07:00:00;85.69589041897729;0.0;0.0;0.0;0.0;0.0;0.0;0.0
2030-08-25 08:00:00;85.68448417831945;0.0;0.0;0.0;0.0;0.0;0.0;0.0
2030-08-25 09:00:00;85.611275406889;0.0;0.0;0.0;0.0;0.0;0.0;0.0
2030-08-25 10:00:00;85.61263198764962;0.0;0.0;0.0;0.0;0.0;0.0;0.0
2030-08-25 11:00:00;80.99931875732656;0.0;0.0;0.0;0.0;0.0;0.0;0.0
2030-08-25 12:00:00;79.3430103845084;0.0;0.0;0.0;0.0;0.0;0.0;0.0
2030-08-25 13:00:00;79.29708670005292;0.0;0.0;0.0;0.0;0.0;0.0;0.0
2030-08-25 14:00:00;85.5759453849186;0.0;0.0;0.0;0.0;0.0;0.0;0.0
2030-08-25 15:00:00;85.63886058597157;0.0;0.0;0.0;0.0;0.0;0.0;0.0
2030-08-25 16:00:00;85.78520687408542;0.0;0.0;0.0;0.0;0.0;0.0;0.0
2030-08-25 17:00:00;85.8251314569551;0.0;0.0;0.0;0.0;0.0;0.0;0.0
2030-08-25 18:00:00;85.8551941087803;0.0;0.0;0.0;0.0;0.0;0.0;0.0
2030-08-25 19:00:00;85.85899527547718;0.0;0.0;0.0;0.0;0.0;0.0;0.0
2030-08-25 20:00:00;85.87332570133013;0.0;0.0;0.0;0.0;0.0;0.0;0.0
2030-08-25 21:00:00;85.92853579771959;0.0;0.0;0.0;0.0;0.0;0.0;0.0
2030-08-25 22:00:00;85.9256527210324;0.0;0.0;0.0;0.0;0.0;0.0;0.0
2030-08-25 23:00:00;85.93950354762654;0.0;0.0;0.0;0.0;0.0;0.0;0.0
2030-08-26 00:00:00;85.98604111913329;0.0;0.0;0.0;0.0;0.0;0.0;0.0
2030-08-26 01:00:00;85.99769949197292;0.0;0.0;0.0;0.0;0.0;0.0;0.0
2030-08-26 02:00:00;86.0286528281359;0.0;0.0;0.0;0.0;0.0;0.0;0.0
2030-08-26 03:00:00;86.04351766459149;0.0;0.0;0.0;0.0;0.0;0.0;0.0
2030-08-26 04:00:00;86.02667687918964;0.0;0.0;0.0;0.0;0.0;0.0;0.0
2030-08-26 05:00:00;86.04919749009927;0.0;0.0;0.0;0.0;0.0;0.0;0.0
2030-08-26 06:00:00;79.62019546127368;0.0;0.0;0.0;0.0;0.0;0.0;0.0
2030-08-26 07:00:00;79.70324149864388;0.0;0.0;0.0;0.0;0.0;0.0;0.0
2030-08-26 08:00:00;79.69433876611696;0.0;0.0;0.0;0.0;0.0;0.0;0.0
2030-08-26 09:00:00;79.70045297152485;0.0;0.0;0.0;0.0;0.0;0.0;0.0
2030-08-26 10:00:00;79.67284175705394;0.0;0.0;0.0;0.0;0.0;0.0;0.0
2030-08-26 11:00:00;79.65588997868076;0.0;0.0;0.0;0.0;0.0;0.0;0.0
2030-08-26 12:00:00;79.6318908317704;0.0;0.0;0.0;0.0;0.0;0.0;0.0
2030-08-26 13:00:00;79.60641451914294;0.0;0.0;0.0;0.0;0.0;0.0;0.0
2030-08-26 14:00:00;79.70899668974948;0.0;0.0;0.0;0.0;0.0;0.0;0.0
2030-08-26 15:00:00;79.70937625830572;0.0;0.0;0.0;0.0;0.0;0.0;0.0
2030-08-26 16:00:00;79.65753842984743;0.0;0.0;0.0;0.0;0.0;0.0;0.0
2030-08-26 17:00:00;79.60562386550772;0.0;0.0;0.0;0.0;0.0;0.0;0.0
2030-08-26 18:00:00;79.67578786678656;0.0;0.0;0.0;0.0;0.0;0.0;0.0
2030-08-26 19:00:00;79.6848906607186;0.0;0.0;0.0;0.0;0.0;0.0;0.0
2030-08-26 20:00:00;79.66636305620935;0.0;0.0;0.0;0.0;0.0;0.0;0.0
2030-08-26 21:00:00;79.69474985119592;0.0;0.0;0.0;0.0;0.0;0.0;0.0
2030-08-26 22:00:00;79.61872103612374;0.0;0.0;0.0;0.0;0.0;0.0;0.0
2030-08-26 23:00:00;79.50553287047975;0.0;0.0;0.0;0.0;0.0;0.0;0.0
2030-08-27 00:00:00;79.52969234057092;0.0;0.0;0.0;0.0;0.0;0.0;0.0
2030-08-27 01:00:00;79.54801029168988;0.0;0.0;0.0;0.0;0.0;0.0;0.0
2030-08-27 02:00:00;79.6025927981921;0.0;0.0;0.0;0.0;0.0;0.0;0.0
2030-08-27 03:00:00;79.5999604834031;0.0;0.0;0.0;0.0;0.0;0.0;0.0
2030-08-27 04:00:00;79.55912603222527;0.0;0.0;0.0;0.0;0.0;0.0;0.0
2030-08-27 05:00:00;79.56265314220283;0.0;0.0;0.0;0.0;0.0;0.0;0.0
2030-08-27 06:00:00;79.58376373129163;0.0;0.0;0.0;0.0;0.0;0.0;0.0
2030-08-27 07:00:00;79.70391704845699;0.0;0.0;0.0;0.0;0.0;0.0;0.0
2030-08-27 08:00:00;79.7097119777869;0.0;0.0;0.0;0.0;0.0;0.0;0.0
2030-08-27 09:00:00;79.70559564586279;0.0;0.0;0.0;0.0;0.0;0.0;0.0
2030-08-27 10:00:00;79.6834902308829;0.0;0.0;0.0;0.0;0.0;0.0;0.0
2030-08-27 11:00:00;79.65598315796532;0.0;0.0;0.0;0.0;0.0;0.0;0.0
2030-08-27 12:00:00;79.59758030079585;0.0;0.0;0.0;0.0;0.0;0.0;0.0
2030-08-27 13:00:00;79.58460371513631;0.0;0.0;0.0;0.0;0.0;0.0;0.0
2030-08-27 14:00:00;79.56609666488103;0.0;0.0;0.0;0.0;0.0;0.0;0.0
2030-08-27 15:00:00;79.55517687489996;0.0;0.0;0.0;0.0;0.0;0.0;0.0
2030-08-27 16:00:00;79.58963539650293;0.0;0.0;0.0;0.0;0.0;0.0;0.0
2030-08-27 17:00:00;79.61428953897243;0.0;0.0;0.0;0.0;0.0;0.0;0.0
2030-08-27 18:00:00;79.61529943798313;0.0;0.0;0.0;0.0;0.0;0.0;0.0
2030-08-27 19:00:00;79.64850140952804;0.0;0.0;0.0;0.0;0.0;0.0;0.0
2030-08-27 20:00:00;79.6053566602064;0.0;0.0;0.0;0.0;0.0;0.0;0.0
2030-08-27 21:00:00;82.21261718394041;0.0;0.0;0.0;0.0;0.0;0.0;0.0
2030-08-27 22:00:00;86.04679949380528;0.0;0.0;0.0;0.0;0.0;0.0;0.0
2030-08-27 23:00:00;85.99998238444483;0.0;0.0;0.0;0.0;0.0;0.0;0.0
2030-08-28 00:00:00;86.01930201287287;0.0;0.0;0.0;0.0;0.0;0.0;0.0
2030-08-28 01:00:00;86.00056338468977;0.0;0.0;0.0;0.0;0.0;0.0;0.0
2030-08-28 02:00:00;86.02626168325988;0.0;0.0;0.0;0.0;0.0;0.0;0.0
2030-08-28 03:00:00;86.04745448936445;0.0;0.0;0.0;0.0;0.0;0.0;0.0
2030-08-28 04:00:00;86.02985593713368;0.0;0.0;0.0;0.0;0.0;0.0;0.0
2030-08-28 05:00:00;86.04583755472049;0.0;0.0;0.0;0.0;0.0;0.0;0.0
2030-08-28 06:00:00;86.14579837280678;0.0;0.0;0.0;0.0;0.0;0.0;0.0
2030-08-28 07:00:00;86.17785752783217;0.0;0.0;0.0;0.0;0.0;0.0;0.0
2030-08-28 08:00:00;86.18565718206386;0.0;0.0;0.0;0.0;0.0;0.0;0.0
2030-08-28 09:00:00;79.73993906364366;0.0;0.0;0.0;0.0;0.0;0.0;0.0
2030-08-28 10:00:00;79.73851122813602;0.0;0.0;0.0;0.0;0.0;0.0;0.0
2030-08-28 11:00:00;79.72099489292104;0.0;0.0;0.0;0.0;0.0;0.0;0.0
2030-08-28 12:00:00;79.74066805451704;0.0;0.0;0.0;0.0;0.0;0.0;0.0
2030-08-28 13:00:00;79.74178620593185;0.0;0.0;0.0;0.0;0.0;0.0;0.0
2030-08-28 14:00:00;79.69964313391927;0.0;0.0;0.0;0.0;0.0;0.0;0.0
2030-08-28 15:00:00;79.6673811769216;0.0;0.0;0.0;0.0;0.0;0.0;0.0
2030-08-28 16:00:00;79.66615888395346;0.0;0.0;0.0;0.0;0.0;0.0;0.0
2030-08-28 17:00:00;79.69402634145693;0.0;0.0;0.0;0.0;0.0;0.0;0.0
2030-08-28 18:00:00;79.70590670023921;0.0;0.0;0.0;0.0;0.0;0.0;0.0
2030-08-28 19:00:00;80.70858979749282;0.0;0.0;0.0;0.0;0.0;0.0;0.0
2030-08-28 20:00:00;79.74726322946732;0.0;0.0;0.0;0.0;0.0;0.0;0.0
2030-08-28 21:00:00;79.75201400269665;0.0;0.0;0.0;0.0;0.0;0.0;0.0
2030-08-28 22:00:00;79.71165778049402;0.0;0.0;0.0;0.0;0.0;0.0;0.0
2030-08-28 23:00:00;79.66899674128196;0.0;0.0;0.0;0.0;0.0;0.0;0.0
2030-08-29 00:00:00;79.69715880975869;0.0;0.0;0.0;0.0;0.0;0.0;0.0
2030-08-29 01:00:00;79.71278278332682;0.0;0.0;0.0;0.0;0.0;0.0;0.0
2030-08-29 02:00:00;79.70960646594995;0.0;0.0;0.0;0.0;0.0;0.0;0.0
2030-08-29 03:00:00;79.70102300950103;0.0;0.0;0.0;0.0;0.0;0.0;0.0
2030-08-29 04:00:00;79.72512081683033;0.0;0.0;0.0;0.0;0.0;0.0;0.0
2030-08-29 05:00:00;79.69680938744156;0.0;0.0;0.0;0.0;0.0;0.0;0.0
2030-08-29 06:00:00;79.79410363364892;0.0;0.0;0.0;0.0;0.0;0.0;0.0
2030-08-29 07:00:00;79.85207622176908;0.0;0.0;0.0;0.0;0.0;0.0;0.0
2030-08-29 08:00:00;79.83362124229045;0.0;0.0;0.0;0.0;0.0;0.0;0.0
2030-08-29 09:00:00;79.79388027742269;0.0;0.0;0.0;0.0;0.0;0.0;0.0
2030-08-29 10:00:00;79.75713064164623;0.0;0.0;0.0;0.0;0.0;0.0;0.0
2030-08-29 11:00:00;79.82406351420435;0.0;0.0;0.0;0.0;0.0;0.0;0.0
2030-08-29 12:00:00;79.81274634198029;0.0;0.0;0.0;0.0;0.0;0.0;0.0
2030-08-29 13:00:00;79.8149470174364;0.0;0.0;0.0;0.0;0.0;0.0;0.0
2030-08-29 14:00:00;79.82468562295722;0.0;0.0;0.0;0.0;0.0;0.0;0.0
2030-08-29 15:00:00;79.87124648928508;0.0;0.0;0.0;0.0;0.0;0.0;0.0
2030-08-29 16:00:00;79.87510520789306;0.0;0.0;0.0;0.0;0.0;0.0;0.0
2030-08-29 17:00:00;79.82238080594777;0.0;0.0;0.0;0.0;0.0;0.0;0.0
2030-08-29 18:00:00;86.31576012842392;0.0;0.0;0.0;0.0;0.0;0.0;0.0
2030-08-29 19:00:00;86.30898270575528;0.0;0.0;0.0;0.0;0.0;0.0;0.0
2030-08-29 20:00:00;86.29142526203242;0.0;0.0;0.0;0.0;0.0;0.0;0.0
2030-08-29 21:00:00;86.28629080939606;0.0;0.0;0.0;0.0;0.0;0.0;0.0
2030-08-29 22:00:00;86.23684823666457;0.0;0.0;0.0;0.0;0.0;0.0;0.0
2030-08-29 23:00:00;86.22299741007042;0.0;0.0;0.0;0.0;0.0;0.0;0.0
2030-08-30 00:00:00;86.28808862147476;0.0;0.0;0.0;0.0;0.0;0.0;0.0
2030-08-30 01:00:00;86.24407785292009;0.0;0.0;0.0;0.0;0.0;0.0;0.0
2030-08-30 02:00:00;79.73986506832944;0.0;0.0;0.0;0.0;0.0;0.0;0.0
2030-08-30 03:00:00;86.23465030177566;0.0;0.0;0.0;0.0;0.0;0.0;0.0
2030-08-30 04:00:00;86.24373117117014;0.0;0.0;0.0;0.0;0.0;0.0;0.0
2030-08-30 05:00:00;86.25135131825068;0.0;0.0;0.0;0.0;0.0;0.0;0.0
2030-08-30 06:00:00;86.27515451460674;0.0;0.0;0.0;0.0;0.0;0.0;0.0
2030-08-30 07:00:00;86.32125496564616;0.0;0.0;0.0;0.0;0.0;0.0;0.0
2030-08-30 08:00:00;79.8615407705706;0.0;0.0;0.0;0.0;0.0;0.0;0.0
2030-08-30 09:00:00;79.94812625047075;0.0;0.0;0.0;0.0;0.0;0.0;0.0
2030-08-30 10:00:00;79.77366585380607;0.0;0.0;0.0;0.0;0.0;0.0;0.0
2030-08-30 11:00:00;79.78747009075792;0.0;0.0;0.0;0.0;0.0;0.0;0.0
2030-08-30 12:00:00;79.77995408523073;0.0;0.0;0.0;0.0;0.0;0.0;0.0
2030-08-30 13:00:00;79.72896720288591;0.0;0.0;0.0;0.0;0.0;0.0;0.0
2030-08-30 14:00:00;79.73980751641838;0.0;0.0;0.0;0.0;0.0;0.0;0.0
2030-08-30 15:00:00;79.75748006396337;0.0;0.0;0.0;0.0;0.0;0.0;0.0
2030-08-30 16:00:00;79.73564048400121;0.0;0.0;0.0;0.0;0.0;0.0;0.0
2030-08-30 17:00:00;79.7773806926364;0.0;0.0;0.0;0.0;0.0;0.0;0.0
2030-08-30 18:00:00;79.78838269963325;0.0;0.0;0.0;0.0;0.0;0.0;0.0
2030-08-30 19:00:00;79.79052582317827;0.0;0.0;0.0;0.0;0.0;0.0;0.0
2030-08-30 20:00:00;79.83347051109484;0.0;0.0;0.0;0.0;0.0;0.0;0.0
2030-08-30 21:00:00;79.8509101104284;0.0;0.0;0.0;0.0;0.0;0.0;0.0
2030-08-30 22:00:00;79.80665954224432;0.0;0.0;0.0;0.0;0.0;0.0;0.0
2030-08-30 23:00:00;79.73536642728189;0.0;0.0;0.0;0.0;0.0;0.0;0.0
2030-08-31 00:00:00;79.68164034802751;0.0;0.0;0.0;0.0;0.0;0.0;0.0
2030-08-31 01:00:00;79.6787257548176;0.0;0.0;0.0;0.0;0.0;0.0;0.0
2030-08-31 02:00:00;79.64976892185486;0.0;0.0;0.0;0.0;0.0;0.0;0.0
2030-08-31 03:00:00;79.6255395673003;0.0;0.0;0.0;0.0;0.0;0.0;0.0
2030-08-31 04:00:00;79.61026912690009;0.0;0.0;0.0;0.0;0.0;0.0;0.0
2030-08-31 05:00:00;79.62404732846362;0.0;0.0;0.0;0.0;0.0;0.0;0.0
2030-08-31 06:00:00;79.65436348275418;0.0;0.0;0.0;0.0;0.0;0.0;0.0
2030-08-31 07:00:00;79.68037831683507;0.0;0.0;0.0;0.0;0.0;0.0;0.0
2030-08-31 08:00:00;79.73063620830652;0.0;0.0;0.0;0.0;0.0;0.0;0.0
2030-08-31 09:00:00;79.72329285851252;0.0;0.0;0.0;0.0;0.0;0.0;0.0
2030-08-31 10:00:00;79.54611793004301;0.0;0.0;0.0;0.0;0.0;0.0;0.0
2030-08-31 11:00:00;79.47705700705941;0.0;0.0;0.0;0.0;0.0;0.0;0.0
2030-08-31 12:00:00;79.53622037162498;0.0;0.0;0.0;0.0;0.0;0.0;0.0
2030-08-31 13:00:00;79.43960167523073;0.0;0.0;0.0;0.0;0.0;0.0;0.0
2030-08-31 14:00:00;79.46724988735875;0.0;0.0;0.0;0.0;0.0;0.0;0.0
2030-08-31 15:00:00;79.45589160662678;0.0;0.0;0.0;0.0;0.0;0.0;0.0
2030-08-31 16:00:00;79.48248607066903;0.0;0.0;0.0;0.0;0.0;0.0;0.0
2030-08-31 17:00:00;79.57048705352443;0.0;0.0;0.0;0.0;0.0;0.0;0.0
2030-08-31 18:00:00;79.67036291402772;0.0;0.0;0.0;0.0;0.0;0.0;0.0
2030-08-31 19:00:00;79.70726328099981;0.0;0.0;0.0;0.0;0.0;0.0;0.0
2030-08-31 20:00:00;79.66901044411793;0.0;0.0;0.0;0.0;0.0;0.0;0.0
2030-08-31 21:00:00;79.6494702000308;0.0;0.0;0.0;0.0;0.0;0.0;0.0
2030-08-31 22:00:00;79.65732192503917;0.0;0.0;0.0;0.0;0.0;0.0;0.0
2030-08-31 23:00:00;79.60639396488898;0.0;0.0;0.0;0.0;0.0;0.0;0.0
2030-09-01 00:00:00;79.45514480206663;0.0;0.0;0.0;0.0;0.0;0.0;0.0
2030-09-01 01:00:00;79.37482151820281;0.0;0.0;0.0;0.0;0.0;0.0;0.0
2030-09-01 02:00:00;79.32506103967691;0.0;0.0;0.0;0.0;0.0;0.0;0.0
2030-09-01 03:00:00;79.31463044093982;0.0;0.0;0.0;0.0;0.0;0.0;0.0
2030-09-01 04:00:00;79.31592261837139;0.0;0.0;0.0;0.0;0.0;0.0;0.0
2030-09-01 05:00:00;79.32909378430162;0.0;0.0;0.0;0.0;0.0;0.0;0.0
2030-09-01 06:00:00;79.3551620594428;0.0;0.0;0.0;0.0;0.0;0.0;0.0
2030-09-01 07:00:00;79.34866280434426;0.0;0.0;0.0;0.0;0.0;0.0;0.0
2030-09-01 08:00:00;79.36001012280747;0.0;0.0;0.0;0.0;0.0;0.0;0.0
2030-09-01 09:00:00;79.37975042829969;0.0;0.0;0.0;0.0;0.0;0.0;0.0
2030-09-01 10:00:00;79.37201654768063;0.0;0.0;0.0;0.0;0.0;0.0;0.0
2030-09-01 11:00:00;79.3696322542226;0.0;0.0;0.0;0.0;0.0;0.0;0.0
2030-09-01 12:00:00;79.3651527971454;0.0;0.0;0.0;0.0;0.0;0.0;0.0
2030-09-01 13:00:00;79.34248419560733;0.0;0.0;0.0;0.0;0.0;0.0;0.0
2030-09-01 14:00:00;79.3086025633985;0.0;0.0;0.0;0.0;0.0;0.0;0.0
2030-09-01 15:00:00;79.3070801783227;0.0;0.0;0.0;0.0;0.0;0.0;0.0
2030-09-01 16:00:00;79.35647890197912;0.0;0.0;0.0;0.0;0.0;0.0;0.0
2030-09-01 17:00:00;79.44247790049994;0.0;0.0;0.0;0.0;0.0;0.0;0.0
2030-09-01 18:00:00;79.5209074524333;0.0;0.0;0.0;0.0;0.0;0.0;0.0
2030-09-01 19:00:00;79.58071485028924;0.0;0.0;0.0;0.0;0.0;0.0;0.0
2030-09-01 20:00:00;79.60751759743819;0.0;0.0;0.0;0.0;0.0;0.0;0.0
2030-09-01 21:00:00;80.83258538986294;0.0;0.0;0.0;0.0;0.0;0.0;0.0
2030-09-01 22:00:00;86.0999952733078;0.0;0.0;0.0;0.0;0.0;0.0;0.0
2030-09-01 23:00:00;86.11494780791358;0.0;0.0;0.0;0.0;0.0;0.0;0.0
2030-09-02 00:00:00;86.06367179572986;0.0;0.0;0.0;0.0;0.0;0.0;0.0
2030-09-02 01:00:00;86.02997652209018;0.0;0.0;0.0;0.0;0.0;0.0;0.0
2030-09-02 02:00:00;86.03309939840676;0.0;0.0;0.0;0.0;0.0;0.0;0.0
2030-09-02 03:00:00;86.04009606645086;0.0;0.0;0.0;0.0;0.0;0.0;0.0
2030-09-02 04:00:00;86.1267692445012;0.0;0.0;0.0;0.0;0.0;0.0;0.0
2030-09-02 05:00:00;86.20868753847142;0.0;0.0;0.0;0.0;0.0;0.0;0.0
2030-09-02 06:00:00;86.34131728778358;0.0;0.0;0.0;0.0;0.0;0.0;0.0
2030-09-02 07:00:00;86.31230975432774;0.0;0.0;0.0;0.0;0.0;0.0;0.0
2030-09-02 08:00:00;82.63983187112704;0.0;0.0;0.0;0.0;0.0;0.0;0.0
2030-09-02 09:00:00;79.81494838771998;0.0;0.0;0.0;0.0;0.0;0.0;0.0
2030-09-02 10:00:00;79.79192488273038;0.0;0.0;0.0;0.0;0.0;0.0;0.0
2030-09-02 11:00:00;79.78659722010691;0.0;0.0;0.0;0.0;0.0;0.0;0.0
2030-09-02 12:00:00;79.76149910575211;0.0;0.0;0.0;0.0;0.0;0.0;0.0
2030-09-02 13:00:00;79.76458361412799;0.0;0.0;0.0;0.0;0.0;0.0;0.0
2030-09-02 14:00:00;79.73642154565125;0.0;0.0;0.0;0.0;0.0;0.0;0.0
2030-09-02 15:00:00;79.7671816718271;0.0;0.0;0.0;0.0;0.0;0.0;0.0
2030-09-02 16:00:00;79.7834455678348;0.0;0.0;0.0;0.0;0.0;0.0;0.0
2030-09-02 17:00:00;79.79270183352963;0.0;0.0;0.0;0.0;0.0;0.0;0.0
2030-09-02 18:00:00;79.8156184563987;0.0;0.0;0.0;0.0;0.0;0.0;0.0
2030-09-02 19:00:00;79.81405359253141;0.0;0.0;0.0;0.0;0.0;0.0;0.0
2030-09-02 20:00:00;79.84111669356372;0.0;0.0;0.0;0.0;0.0;0.0;0.0
2030-09-02 21:00:00;79.8390407139149;0.0;0.0;0.0;0.0;0.0;0.0;0.0
2030-09-02 22:00:00;79.7937158433911;0.0;0.0;0.0;0.0;0.0;0.0;0.0
2030-09-02 23:00:00;79.74269744452354;0.0;0.0;0.0;0.0;0.0;0.0;0.0
2030-09-03 00:00:00;79.79037098113187;0.0;0.0;0.0;0.0;0.0;0.0;0.0
2030-09-03 01:00:00;79.78963513884051;0.0;0.0;0.0;0.0;0.0;0.0;0.0
2030-09-03 02:00:00;79.77184063605543;0.0;0.0;0.0;0.0;0.0;0.0;0.0
2030-09-03 03:00:00;79.71766510378139;0.0;0.0;0.0;0.0;0.0;0.0;0.0
2030-09-03 04:00:00;79.71672508923413;0.0;0.0;0.0;0.0;0.0;0.0;0.0
2030-09-03 05:00:00;86.26595306025575;0.0;0.0;0.0;0.0;0.0;0.0;0.0
2030-09-03 06:00:00;86.36164407465512;0.0;0.0;0.0;0.0;0.0;0.0;0.0
2030-09-03 07:00:00;86.3766020903953;0.0;0.0;0.0;0.0;0.0;0.0;0.0
2030-09-03 08:00:00;86.31152047097612;0.0;0.0;0.0;0.0;0.0;0.0;0.0
2030-09-03 09:00:00;79.84696917480466;0.0;0.0;0.0;0.0;0.0;0.0;0.0
2030-09-03 10:00:00;79.8824417062691;0.0;0.0;0.0;0.0;0.0;0.0;0.0
2030-09-03 11:00:00;79.88912731993676;0.0;0.0;0.0;0.0;0.0;0.0;0.0
2030-09-03 12:00:00;79.86623810273964;0.0;0.0;0.0;0.0;0.0;0.0;0.0
2030-09-03 13:00:00;79.88226905053594;0.0;0.0;0.0;0.0;0.0;0.0;0.0
2030-09-03 14:00:00;79.8847259690246;0.0;0.0;0.0;0.0;0.0;0.0;0.0
2030-09-03 15:00:00;79.89832329315337;0.0;0.0;0.0;0.0;0.0;0.0;0.0
2030-09-03 16:00:00;86.37777916400475;0.0;0.0;0.0;0.0;0.0;0.0;0.0
2030-09-03 17:00:00;86.43072555189266;0.0;0.0;0.0;0.0;0.0;0.0;0.0
2030-09-03 18:00:00;86.38943342599359;0.0;0.0;0.0;0.0;0.0;0.0;0.0
2030-09-03 19:00:00;86.31002686185587;0.0;0.0;0.0;0.0;0.0;0.0;0.0
2030-09-03 20:00:00;86.2731648628245;0.0;0.0;0.0;0.0;0.0;0.0;0.0
2030-09-03 21:00:00;86.27654535245725;0.0;0.0;0.0;0.0;0.0;0.0;0.0
2030-09-03 22:00:00;86.23046682595535;0.0;0.0;0.0;0.0;0.0;0.0;0.0
2030-09-03 23:00:00;86.250979971396;0.0;0.0;0.0;0.0;0.0;0.0;0.0
2030-09-04 00:00:00;86.27528606183199;0.0;0.0;0.0;0.0;0.0;0.0;0.0
2030-09-04 01:00:00;86.29337106473955;0.0;0.0;0.0;0.0;0.0;0.0;0.0
2030-09-04 02:00:00;86.2870335031054;0.0;0.0;0.0;0.0;0.0;0.0;0.0
2030-09-04 03:00:00;86.2857139200019;0.0;0.0;0.0;0.0;0.0;0.0;0.0
2030-09-04 04:00:00;86.29509899235481;0.0;0.0;0.0;0.0;0.0;0.0;0.0
2030-09-04 05:00:00;86.28784882184536;0.0;0.0;0.0;0.0;0.0;0.0;0.0
2030-09-04 06:00:00;86.36410647427815;0.0;0.0;0.0;0.0;0.0;0.0;0.0
2030-09-04 07:00:00;86.35358406654008;0.0;0.0;0.0;0.0;0.0;0.0;0.0
2030-09-04 08:00:00;86.35730712707198;0.0;0.0;0.0;0.0;0.0;0.0;0.0
2030-09-04 09:00:00;86.3230911456656;0.0;0.0;0.0;0.0;0.0;0.0;0.0
2030-09-04 10:00:00;86.28026019128754;0.0;0.0;0.0;0.0;0.0;0.0;0.0
2030-09-04 11:00:00;86.23789102248156;0.0;0.0;0.0;0.0;0.0;0.0;0.0
2030-09-04 12:00:00;86.17635432672672;0.0;0.0;0.0;0.0;0.0;0.0;0.0
2030-09-04 13:00:00;86.27493389894767;0.0;0.0;0.0;0.0;0.0;0.0;0.0
2030-09-04 14:00:00;86.31448576467912;0.0;0.0;0.0;0.0;0.0;0.0;0.0
2030-09-04 15:00:00;86.34018132268204;0.0;0.0;0.0;0.0;0.0;0.0;0.0
2030-09-04 16:00:00;86.3090964392938;0.0;0.0;0.0;0.0;0.0;0.0;0.0
2030-09-04 17:00:00;86.31242759871705;0.0;0.0;0.0;0.0;0.0;0.0;0.0
2030-09-04 18:00:00;86.21253940566139;0.0;0.0;0.0;0.0;0.0;0.0;0.0
2030-09-04 19:00:00;86.29832463994116;0.0;0.0;0.0;0.0;0.0;0.0;0.0
2030-09-04 20:00:00;86.28182779572202;0.0;0.0;0.0;0.0;0.0;0.0;0.0
2030-09-04 21:00:00;86.24532344070936;0.0;0.0;0.0;0.0;0.0;0.0;0.0
2030-09-04 22:00:00;86.22333861068597;0.0;0.0;0.0;0.0;0.0;0.0;0.0
2030-09-04 23:00:00;86.18361134865418;0.0;0.0;0.0;0.0;0.0;0.0;0.0
2030-09-05 00:00:00;86.12075781036303;0.0;0.0;0.0;0.0;0.0;0.0;0.0
2030-09-05 01:00:00;86.16754203291717;0.0;0.0;0.0;0.0;0.0;0.0;0.0
2030-09-05 02:00:00;86.15421054380613;0.0;0.0;0.0;0.0;0.0;0.0;0.0
2030-09-05 03:00:00;86.10804431915405;0.0;0.0;0.0;0.0;0.0;0.0;0.0
2030-09-05 04:00:00;86.110540975867;0.0;0.0;0.0;0.0;0.0;0.0;0.0
2030-09-05 05:00:00;86.1371162559389;0.0;0.0;0.0;0.0;0.0;0.0;0.0
2030-09-05 06:00:00;86.30347964683145;0.0;0.0;0.0;0.0;0.0;0.0;0.0
2030-09-05 07:00:00;86.33684331184077;0.0;0.0;0.0;0.0;0.0;0.0;0.0
2030-09-05 08:00:00;86.36639895873522;0.0;0.0;0.0;0.0;0.0;0.0;0.0
2030-09-05 09:00:00;79.8437983385622;0.0;0.0;0.0;0.0;0.0;0.0;0.0
2030-09-05 10:00:00;79.8243266086549;0.0;0.0;0.0;0.0;0.0;0.0;0.0
2030-09-05 11:00:00;79.81991566575755;0.0;0.0;0.0;0.0;0.0;0.0;0.0
2030-09-05 12:00:00;79.77655304134404;0.0;0.0;0.0;0.0;0.0;0.0;0.0
2030-09-05 13:00:00;79.79836110478348;0.0;0.0;0.0;0.0;0.0;0.0;0.0
2030-09-05 14:00:00;79.7181460733238;0.0;0.0;0.0;0.0;0.0;0.0;0.0
2030-09-05 15:00:00;79.85600756540762;0.0;0.0;0.0;0.0;0.0;0.0;0.0
2030-09-05 16:00:00;79.82733849200018;0.0;0.0;0.0;0.0;0.0;0.0;0.0
2030-09-05 17:00:00;79.84784752659006;0.0;0.0;0.0;0.0;0.0;0.0;0.0
2030-09-05 18:00:00;86.32494376908815;0.0;0.0;0.0;0.0;0.0;0.0;0.0
2030-09-05 19:00:00;86.3290738038482;0.0;0.0;0.0;0.0;0.0;0.0;0.0
2030-09-05 20:00:00;86.35669872115508;0.0;0.0;0.0;0.0;0.0;0.0;0.0
2030-09-05 21:00:00;86.31264821437611;0.0;0.0;0.0;0.0;0.0;0.0;0.0
2030-09-05 22:00:00;86.27582184271824;0.0;0.0;0.0;0.0;0.0;0.0;0.0
2030-09-05 23:00:00;86.26882380439056;0.0;0.0;0.0;0.0;0.0;0.0;0.0
2030-09-06 00:00:00;86.19927643073018;0.0;0.0;0.0;0.0;0.0;0.0;0.0
2030-09-06 01:00:00;86.19026544579913;0.0;0.0;0.0;0.0;0.0;0.0;0.0
2030-09-06 02:00:00;86.18189986444204;0.0;0.0;0.0;0.0;0.0;0.0;0.0
2030-09-06 03:00:00;86.18068853374268;0.0;0.0;0.0;0.0;0.0;0.0;0.0
2030-09-06 04:00:00;86.15901475809571;0.0;0.0;0.0;0.0;0.0;0.0;0.0
2030-09-06 05:00:00;86.18935694777458;0.0;0.0;0.0;0.0;0.0;0.0;0.0
2030-09-06 06:00:00;86.3142939249756;0.0;0.0;0.0;0.0;0.0;0.0;0.0
2030-09-06 07:00:00;86.3736724240658;0.0;0.0;0.0;0.0;0.0;0.0;0.0
2030-09-06 08:00:00;86.37826972553232;0.0;0.0;0.0;0.0;0.0;0.0;0.0
2030-09-06 09:00:00;79.90763437019208;0.0;0.0;0.0;0.0;0.0;0.0;0.0
2030-09-06 10:00:00;79.87642890184736;0.0;0.0;0.0;0.0;0.0;0.0;0.0
2030-09-06 11:00:00;79.79820078160267;0.0;0.0;0.0;0.0;0.0;0.0;0.0
2030-09-06 12:00:00;79.75490393080182;0.0;0.0;0.0;0.0;0.0;0.0;0.0
2030-09-06 13:00:00;79.73622422481334;0.0;0.0;0.0;0.0;0.0;0.0;0.0
2030-09-06 14:00:00;79.78638345586586;0.0;0.0;0.0;0.0;0.0;0.0;0.0
2030-09-06 15:00:00;79.84854500094072;0.0;0.0;0.0;0.0;0.0;0.0;0.0
2030-09-06 16:00:00;79.9014297260668;0.0;0.0;0.0;0.0;0.0;0.0;0.0
2030-09-06 17:00:00;79.92491227606124;0.0;0.0;0.0;0.0;0.0;0.0;0.0
2030-09-06 18:00:00;86.38326029839104;0.0;0.0;0.0;0.0;0.0;0.0;0.0
2030-09-06 19:00:00;86.35494201758428;0.0;0.0;0.0;0.0;0.0;0.0;0.0
2030-09-06 20:00:00;86.37354635797493;0.0;0.0;0.0;0.0;0.0;0.0;0.0
2030-09-06 21:00:00;86.34029368593694;0.0;0.0;0.0;0.0;0.0;0.0;0.0
2030-09-06 22:00:00;86.31144236481113;0.0;0.0;0.0;0.0;0.0;0.0;0.0
2030-09-06 23:00:00;86.28474512949913;0.0;0.0;0.0;0.0;0.0;0.0;0.0
2030-09-07 00:00:00;86.1808008969976;0.0;0.0;0.0;0.0;0.0;0.0;0.0
2030-09-07 01:00:00;86.14093660660615;0.0;0.0;0.0;0.0;0.0;0.0;0.0
2030-09-07 02:00:00;86.16101948299749;0.0;0.0;0.0;0.0;0.0;0.0;0.0
2030-09-07 03:00:00;86.1703374114542;0.0;0.0;0.0;0.0;0.0;0.0;0.0
2030-09-07 04:00:00;86.16993728864398;0.0;0.0;0.0;0.0;0.0;0.0;0.0
2030-09-07 05:00:00;86.18097218244716;0.0;0.0;0.0;0.0;0.0;0.0;0.0
2030-09-07 06:00:00;86.21687361267735;0.0;0.0;0.0;0.0;0.0;0.0;0.0
2030-09-07 07:00:00;86.23614939203031;0.0;0.0;0.0;0.0;0.0;0.0;0.0
2030-09-07 08:00:00;82.98526803327033;0.0;0.0;0.0;0.0;0.0;0.0;0.0
2030-09-07 09:00:00;79.7462300356355;0.0;0.0;0.0;0.0;0.0;0.0;0.0
2030-09-07 10:00:00;79.78946933452532;0.0;0.0;0.0;0.0;0.0;0.0;0.0
2030-09-07 11:00:00;79.66735925238406;0.0;0.0;0.0;0.0;0.0;0.0;0.0
2030-09-07 12:00:00;79.69482658707732;0.0;0.0;0.0;0.0;0.0;0.0;0.0
2030-09-07 13:00:00;79.70680423599497;0.0;0.0;0.0;0.0;0.0;0.0;0.0
2030-09-07 14:00:00;79.68937422864657;0.0;0.0;0.0;0.0;0.0;0.0;0.0
2030-09-07 15:00:00;79.67582486444368;0.0;0.0;0.0;0.0;0.0;0.0;0.0
2030-09-07 16:00:00;79.70410066645893;0.0;0.0;0.0;0.0;0.0;0.0;0.0
2030-09-07 17:00:00;79.73382348795215;0.0;0.0;0.0;0.0;0.0;0.0;0.0
2030-09-07 18:00:00;79.7609057729548;0.0;0.0;0.0;0.0;0.0;0.0;0.0
2030-09-07 19:00:00;79.80007944041358;0.0;0.0;0.0;0.0;0.0;0.0;0.0
2030-09-07 20:00:00;79.80852175765204;0.0;0.0;0.0;0.0;0.0;0.0;0.0
2030-09-07 21:00:00;79.7624281580306;0.0;0.0;0.0;0.0;0.0;0.0;0.0
2030-09-07 22:00:00;79.74797851750475;0.0;0.0;0.0;0.0;0.0;0.0;0.0
2030-09-07 23:00:00;79.74727008088531;0.0;0.0;0.0;0.0;0.0;0.0;0.0
2030-09-08 00:00:00;79.71963283102608;0.0;0.0;0.0;0.0;0.0;0.0;0.0
2030-09-08 01:00:00;79.72120728687852;0.0;0.0;0.0;0.0;0.0;0.0;0.0
2030-09-08 02:00:00;79.72027275346566;0.0;0.0;0.0;0.0;0.0;0.0;0.0
2030-09-08 03:00:00;79.71017650392612;0.0;0.0;0.0;0.0;0.0;0.0;0.0
2030-09-08 04:00:00;79.70620679234686;0.0;0.0;0.0;0.0;0.0;0.0;0.0
2030-09-08 05:00:00;79.6846851181791;0.0;0.0;0.0;0.0;0.0;0.0;0.0
2030-09-08 06:00:00;79.53379359937544;0.0;0.0;0.0;0.0;0.0;0.0;0.0
2030-09-08 07:00:00;79.53446092748698;0.0;0.0;0.0;0.0;0.0;0.0;0.0
2030-09-08 08:00:00;79.6129452907642;0.0;0.0;0.0;0.0;0.0;0.0;0.0
2030-09-08 09:00:00;79.60886047536283;0.0;0.0;0.0;0.0;0.0;0.0;0.0
2030-09-08 10:00:00;79.62579581033285;0.0;0.0;0.0;0.0;0.0;0.0;0.0
2030-09-08 11:00:00;79.66297708544224;0.0;0.0;0.0;0.0;0.0;0.0;0.0
2030-09-08 12:00:00;79.65609826178743;0.0;0.0;0.0;0.0;0.0;0.0;0.0
2030-09-08 13:00:00;79.66379788531655;0.0;0.0;0.0;0.0;0.0;0.0;0.0
2030-09-08 14:00:00;79.6942346245636;0.0;0.0;0.0;0.0;0.0;0.0;0.0
2030-09-08 15:00:00;79.71357480724564;0.0;0.0;0.0;0.0;0.0;0.0;0.0
2030-09-08 16:00:00;79.70666857791889;0.0;0.0;0.0;0.0;0.0;0.0;0.0
2030-09-08 17:00:00;86.21696131082753;0.0;0.0;0.0;0.0;0.0;0.0;0.0
2030-09-08 18:00:00;86.22381958022837;0.0;0.0;0.0;0.0;0.0;0.0;0.0
2030-09-08 19:00:00;86.26126532007189;0.0;0.0;0.0;0.0;0.0;0.0;0.0
2030-09-08 20:00:00;86.27440085862861;0.0;0.0;0.0;0.0;0.0;0.0;0.0
2030-09-08 21:00:00;86.2503030512993;0.0;0.0;0.0;0.0;0.0;0.0;0.0
2030-09-08 22:00:00;86.18254389773244;0.0;0.0;0.0;0.0;0.0;0.0;0.0
2030-09-08 23:00:00;86.13052519183938;0.0;0.0;0.0;0.0;0.0;0.0;0.0
2030-09-09 00:00:00;86.02606025157118;0.0;0.0;0.0;0.0;0.0;0.0;0.0
2030-09-09 01:00:00;86.12427806892262;0.0;0.0;0.0;0.0;0.0;0.0;0.0
2030-09-09 02:00:00;86.11881337793952;0.0;0.0;0.0;0.0;0.0;0.0;0.0
2030-09-09 03:00:00;86.13567745816252;0.0;0.0;0.0;0.0;0.0;0.0;0.0
2030-09-09 04:00:00;86.20759679272857;0.0;0.0;0.0;0.0;0.0;0.0;0.0
2030-09-09 05:00:00;86.25940036409696;0.0;0.0;0.0;0.0;0.0;0.0;0.0
2030-09-09 06:00:00;86.38597483019583;0.0;0.0;0.0;0.0;0.0;0.0;0.0
2030-09-09 07:00:00;86.46132124403692;0.0;0.0;0.0;0.0;0.0;0.0;0.0
2030-09-09 08:00:00;86.49467394677747;0.0;0.0;0.0;0.0;0.0;0.0;0.0
2030-09-09 09:00:00;86.43325509541194;0.0;0.0;0.0;0.0;0.0;0.0;0.0
2030-09-09 10:00:00;79.87203440235314;0.0;0.0;0.0;0.0;0.0;0.0;0.0
2030-09-09 11:00:00;79.85845489191111;0.0;0.0;0.0;0.0;0.0;0.0;0.0
2030-09-09 12:00:00;79.8698446891658;0.0;0.0;0.0;0.0;0.0;0.0;0.0
2030-09-09 13:00:00;79.89657070043336;0.0;0.0;0.0;0.0;0.0;0.0;0.0
2030-09-09 14:00:00;79.8876035645774;0.0;0.0;0.0;0.0;0.0;0.0;0.0
2030-09-09 15:00:00;79.8834365321602;0.0;0.0;0.0;0.0;0.0;0.0;0.0
2030-09-09 16:00:00;86.37490979015352;0.0;0.0;0.0;0.0;0.0;0.0;0.0
2030-09-09 17:00:00;86.3045361354844;0.0;0.0;0.0;0.0;0.0;0.0;0.0
2030-09-09 18:00:00;86.31427063015445;0.0;0.0;0.0;0.0;0.0;0.0;0.0
2030-09-09 19:00:00;86.32088361879148;0.0;0.0;0.0;0.0;0.0;0.0;0.0
2030-09-09 20:00:00;86.32831055588491;0.0;0.0;0.0;0.0;0.0;0.0;0.0
2030-09-09 21:00:00;86.32341042174359;0.0;0.0;0.0;0.0;0.0;0.0;0.0
2030-09-09 22:00:00;86.27134512620826;0.0;0.0;0.0;0.0;0.0;0.0;0.0
2030-09-09 23:00:00;86.21538548469147;0.0;0.0;0.0;0.0;0.0;0.0;0.0
2030-09-10 00:00:00;86.21612406755003;0.0;0.0;0.0;0.0;0.0;0.0;0.0
2030-09-10 01:00:00;86.162899512092;0.0;0.0;0.0;0.0;0.0;0.0;0.0
2030-09-10 02:00:00;86.18940353741688;0.0;0.0;0.0;0.0;0.0;0.0;0.0
2030-09-10 03:00:00;86.19929561470053;0.0;0.0;0.0;0.0;0.0;0.0;0.0
2030-09-10 04:00:00;86.2326400957395;0.0;0.0;0.0;0.0;0.0;0.0;0.0
2030-09-10 05:00:00;86.2793571743974;0.0;0.0;0.0;0.0;0.0;0.0;0.0
2030-09-10 06:00:00;86.40935186835335;0.0;0.0;0.0;0.0;0.0;0.0;0.0
2030-09-10 07:00:00;86.4401476219027;0.0;0.0;0.0;0.0;0.0;0.0;0.0
2030-09-10 08:00:00;86.45679656760103;0.0;0.0;0.0;0.0;0.0;0.0;0.0
2030-09-10 09:00:00;79.97450283942115;0.0;0.0;0.0;0.0;0.0;0.0;0.0
2030-09-10 10:00:00;79.80363121549588;0.0;0.0;0.0;0.0;0.0;0.0;0.0
2030-09-10 11:00:00;79.8753299344029;0.0;0.0;0.0;0.0;0.0;0.0;0.0
2030-09-10 12:00:00;79.83541220295118;0.0;0.0;0.0;0.0;0.0;0.0;0.0
2030-09-10 13:00:00;79.82515151938006;0.0;0.0;0.0;0.0;0.0;0.0;0.0
2030-09-10 14:00:00;79.83054084476535;0.0;0.0;0.0;0.0;0.0;0.0;0.0
2030-09-10 15:00:00;79.82683833848742;0.0;0.0;0.0;0.0;0.0;0.0;0.0
2030-09-10 16:00:00;79.849067078991;0.0;0.0;0.0;0.0;0.0;0.0;0.0
2030-09-10 17:00:00;79.91155201099467;0.0;0.0;0.0;0.0;0.0;0.0;0.0
2030-09-10 18:00:00;79.93421376111476;0.0;0.0;0.0;0.0;0.0;0.0;0.0
2030-09-10 19:00:00;82.28794167324392;0.0;0.0;0.0;0.0;0.0;0.0;0.0
2030-09-10 20:00:00;79.93105662770824;0.0;0.0;0.0;0.0;0.0;0.0;0.0
2030-09-10 21:00:00;79.93015224053453;0.0;0.0;0.0;0.0;0.0;0.0;0.0
2030-09-10 22:00:00;79.83622478112395;0.0;0.0;0.0;0.0;0.0;0.0;0.0
2030-09-10 23:00:00;79.7846048277575;0.0;0.0;0.0;0.0;0.0;0.0;0.0
2030-09-11 00:00:00;79.7483526049266;0.0;0.0;0.0;0.0;0.0;0.0;0.0
2030-09-11 01:00:00;79.70211512552748;0.0;0.0;0.0;0.0;0.0;0.0;0.0
2030-09-11 02:00:00;79.67023958850405;0.0;0.0;0.0;0.0;0.0;0.0;0.0
2030-09-11 03:00:00;79.60836580298445;0.0;0.0;0.0;0.0;0.0;0.0;0.0
2030-09-11 04:00:00;79.60737782851133;0.0;0.0;0.0;0.0;0.0;0.0;0.0
2030-09-11 05:00:00;79.66739076890677;0.0;0.0;0.0;0.0;0.0;0.0;0.0
2030-09-11 06:00:00;79.7676585305187;0.0;0.0;0.0;0.0;0.0;0.0;0.0
2030-09-11 07:00:00;79.79816104337837;0.0;0.0;0.0;0.0;0.0;0.0;0.0
2030-09-11 08:00:00;79.77078277711888;0.0;0.0;0.0;0.0;0.0;0.0;0.0
2030-09-11 09:00:00;79.75540134374737;0.0;0.0;0.0;0.0;0.0;0.0;0.0
2030-09-11 10:00:00;79.6749766588974;0.0;0.0;0.0;0.0;0.0;0.0;0.0
2030-09-11 11:00:00;79.61947880295267;0.0;0.0;0.0;0.0;0.0;0.0;0.0
2030-09-11 12:00:00;79.68517293913948;0.0;0.0;0.0;0.0;0.0;0.0;0.0
2030-09-11 13:00:00;79.73053891817116;0.0;0.0;0.0;0.0;0.0;0.0;0.0
2030-09-11 14:00:00;79.68508113013851;0.0;0.0;0.0;0.0;0.0;0.0;0.0
2030-09-11 15:00:00;79.71146320022329;0.0;0.0;0.0;0.0;0.0;0.0;0.0
2030-09-11 16:00:00;79.7462752549942;0.0;0.0;0.0;0.0;0.0;0.0;0.0
2030-09-11 17:00:00;79.80296936851875;0.0;0.0;0.0;0.0;0.0;0.0;0.0
2030-09-11 18:00:00;79.81530329117149;0.0;0.0;0.0;0.0;0.0;0.0;0.0
2030-09-11 19:00:00;79.78352230371621;0.0;0.0;0.0;0.0;0.0;0.0;0.0
2030-09-11 20:00:00;79.77809872124098;0.0;0.0;0.0;0.0;0.0;0.0;0.0
2030-09-11 21:00:00;79.74273033132988;0.0;0.0;0.0;0.0;0.0;0.0;0.0
2030-09-11 22:00:00;79.69949788385804;0.0;0.0;0.0;0.0;0.0;0.0;0.0
2030-09-11 23:00:00;79.61263149582058;0.0;0.0;0.0;0.0;0.0;0.0;0.0
2030-09-12 00:00:00;79.58660295890371;0.0;0.0;0.0;0.0;0.0;0.0;0.0
2030-09-12 01:00:00;79.53343732564034;0.0;0.0;0.0;0.0;0.0;0.0;0.0
2030-09-12 02:00:00;79.52555134354208;0.0;0.0;0.0;0.0;0.0;0.0;0.0
2030-09-12 03:00:00;79.53907741292383;0.0;0.0;0.0;0.0;0.0;0.0;0.0
2030-09-12 04:00:00;79.61282333552413;0.0;0.0;0.0;0.0;0.0;0.0;0.0
2030-09-12 05:00:00;79.66913239935802;0.0;0.0;0.0;0.0;0.0;0.0;0.0
2030-09-12 06:00:00;79.7979527602717;0.0;0.0;0.0;0.0;0.0;0.0;0.0
2030-09-12 07:00:00;79.82698495883226;0.0;0.0;0.0;0.0;0.0;0.0;0.0
2030-09-12 08:00:00;79.82437867943159;0.0;0.0;0.0;0.0;0.0;0.0;0.0
2030-09-12 09:00:00;79.82095845157453;0.0;0.0;0.0;0.0;0.0;0.0;0.0
2030-09-12 10:00:00;79.79915723955307;0.0;0.0;0.0;0.0;0.0;0.0;0.0
2030-09-12 11:00:00;79.77833715058676;0.0;0.0;0.0;0.0;0.0;0.0;0.0
2030-09-12 12:00:00;79.75705938689921;0.0;0.0;0.0;0.0;0.0;0.0;0.0
2030-09-12 13:00:00;79.76392998885242;0.0;0.0;0.0;0.0;0.0;0.0;0.0
2030-09-12 14:00:00;79.76356001228136;0.0;0.0;0.0;0.0;0.0;0.0;0.0
2030-09-12 15:00:00;79.75192082341208;0.0;0.0;0.0;0.0;0.0;0.0;0.0
2030-09-12 16:00:00;79.76935768217845;0.0;0.0;0.0;0.0;0.0;0.0;0.0
2030-09-12 17:00:00;79.73731085970545;0.0;0.0;0.0;0.0;0.0;0.0;0.0
2030-09-12 18:00:00;79.75559455373448;0.0;0.0;0.0;0.0;0.0;0.0;0.0
2030-09-12 19:00:00;79.75472168308347;0.0;0.0;0.0;0.0;0.0;0.0;0.0
2030-09-12 20:00:00;79.7705772345794;0.0;0.0;0.0;0.0;0.0;0.0;0.0
2030-09-12 21:00:00;79.7418423875593;0.0;0.0;0.0;0.0;0.0;0.0;0.0
2030-09-12 22:00:00;79.673694073451;0.0;0.0;0.0;0.0;0.0;0.0;0.0
2030-09-12 23:00:00;79.59564271979029;0.0;0.0;0.0;0.0;0.0;0.0;0.0
2030-09-13 00:00:00;79.59516586109869;0.0;0.0;0.0;0.0;0.0;0.0;0.0
2030-09-13 01:00:00;79.58938463460476;0.0;0.0;0.0;0.0;0.0;0.0;0.0
2030-09-13 02:00:00;79.57116260333756;0.0;0.0;0.0;0.0;0.0;0.0;0.0
2030-09-13 03:00:00;79.56385351063344;0.0;0.0;0.0;0.0;0.0;0.0;0.0
2030-09-13 04:00:00;79.58087928432084;0.0;0.0;0.0;0.0;0.0;0.0;0.0
2030-09-13 05:00:00;79.67372696025733;0.0;0.0;0.0;0.0;0.0;0.0;0.0
2030-09-13 06:00:00;79.82959534908372;0.0;0.0;0.0;0.0;0.0;0.0;0.0
2030-09-13 07:00:00;79.84726926691229;0.0;0.0;0.0;0.0;0.0;0.0;0.0
2030-09-13 08:00:00;79.8919596961309;0.0;0.0;0.0;0.0;0.0;0.0;0.0
2030-09-13 09:00:00;79.85269558995472;0.0;0.0;0.0;0.0;0.0;0.0;0.0
2030-09-13 10:00:00;79.79357196361346;0.0;0.0;0.0;0.0;0.0;0.0;0.0
2030-09-13 11:00:00;79.78839092133484;0.0;0.0;0.0;0.0;0.0;0.0;0.0
2030-09-13 12:00:00;79.79790068949504;0.0;0.0;0.0;0.0;0.0;0.0;0.0
2030-09-13 13:00:00;79.75919154817548;0.0;0.0;0.0;0.0;0.0;0.0;0.0
2030-09-13 14:00:00;79.76381625531391;0.0;0.0;0.0;0.0;0.0;0.0;0.0
2030-09-13 15:00:00;79.76870268661929;0.0;0.0;0.0;0.0;0.0;0.0;0.0
2030-09-13 16:00:00;79.79635500959809;0.0;0.0;0.0;0.0;0.0;0.0;0.0
2030-09-13 17:00:00;79.84180594621276;0.0;0.0;0.0;0.0;0.0;0.0;0.0
2030-09-13 18:00:00;79.87969702822517;0.0;0.0;0.0;0.0;0.0;0.0;0.0
2030-09-13 19:00:00;79.88961788146435;0.0;0.0;0.0;0.0;0.0;0.0;0.0
2030-09-13 20:00:00;79.91803619297364;0.0;0.0;0.0;0.0;0.0;0.0;0.0
2030-09-13 21:00:00;79.88382432241804;0.0;0.0;0.0;0.0;0.0;0.0;0.0
2030-09-13 22:00:00;79.80897258095534;0.0;0.0;0.0;0.0;0.0;0.0;0.0
2030-09-13 23:00:00;79.7513124174952;0.0;0.0;0.0;0.0;0.0;0.0;0.0
2030-09-14 00:00:00;79.49389094104329;0.0;0.0;0.0;0.0;0.0;0.0;0.0
2030-09-14 01:00:00;79.47920972258962;0.0;0.0;0.0;0.0;0.0;0.0;0.0
2030-09-14 02:00:00;79.47841495810361;0.0;0.0;0.0;0.0;0.0;0.0;0.0
2030-09-14 03:00:00;79.4755812116259;0.0;0.0;0.0;0.0;0.0;0.0;0.0
2030-09-14 04:00:00;79.46094247196373;0.0;0.0;0.0;0.0;0.0;0.0;0.0
2030-09-14 05:00:00;79.48627901566434;0.0;0.0;0.0;0.0;0.0;0.0;0.0
2030-09-14 06:00:00;79.5179037907896;0.0;0.0;0.0;0.0;0.0;0.0;0.0
2030-09-14 07:00:00;79.58151372562605;0.0;0.0;0.0;0.0;0.0;0.0;0.0
2030-09-14 08:00:00;79.60552657537237;0.0;0.0;0.0;0.0;0.0;0.0;0.0
2030-09-14 09:00:00;79.57456090665704;0.0;0.0;0.0;0.0;0.0;0.0;0.0
2030-09-14 10:00:00;79.50817888810474;0.0;0.0;0.0;0.0;0.0;0.0;0.0
2030-09-14 11:00:00;79.4718225237205;0.0;0.0;0.0;0.0;0.0;0.0;0.0
2030-09-14 12:00:00;79.446927211338;0.0;0.0;0.0;0.0;0.0;0.0;0.0
2030-09-14 13:00:00;79.42193049796936;0.0;0.0;0.0;0.0;0.0;0.0;0.0
2030-09-14 14:00:00;79.40563645572252;0.0;0.0;0.0;0.0;0.0;0.0;0.0
2030-09-14 15:00:00;79.41005150947066;0.0;0.0;0.0;0.0;0.0;0.0;0.0
2030-09-14 16:00:00;79.43280095774094;0.0;0.0;0.0;0.0;0.0;0.0;0.0
2030-09-14 17:00:00;79.48020728904794;0.0;0.0;0.0;0.0;0.0;0.0;0.0
2030-09-14 18:00:00;79.48687371874524;0.0;0.0;0.0;0.0;0.0;0.0;0.0
2030-09-14 19:00:00;79.48876333982493;0.0;0.0;0.0;0.0;0.0;0.0;0.0
2030-09-14 20:00:00;79.4804621617969;0.0;0.0;0.0;0.0;0.0;0.0;0.0
2030-09-14 21:00:00;79.47278857365609;0.0;0.0;0.0;0.0;0.0;0.0;0.0
2030-09-14 22:00:00;79.45288794498308;0.0;0.0;0.0;0.0;0.0;0.0;0.0
2030-09-14 23:00:00;79.42691284912648;0.0;0.0;0.0;0.0;0.0;0.0;0.0
2030-09-15 00:00:00;79.31040722689518;0.0;0.0;0.0;0.0;0.0;0.0;0.0
2030-09-15 01:00:00;79.19269575509891;0.0;0.0;0.0;0.0;0.0;0.0;0.0
2030-09-15 02:00:00;79.10595543315235;0.0;0.0;0.0;0.0;0.0;0.0;0.0
2030-09-15 03:00:00;79.0993821827396;0.0;0.0;0.0;0.0;0.0;0.0;0.0
2030-09-15 04:00:00;79.10120877077382;0.0;0.0;0.0;0.0;0.0;0.0;0.0
2030-09-15 05:00:00;79.1015335279862;0.0;0.0;0.0;0.0;0.0;0.0;0.0
2030-09-15 06:00:00;79.14399724636036;0.0;0.0;0.0;0.0;0.0;0.0;0.0
2030-09-15 07:00:00;79.16575186873952;0.0;0.0;0.0;0.0;0.0;0.0;0.0
2030-09-15 08:00:00;79.14764905214521;0.0;0.0;0.0;0.0;0.0;0.0;0.0
2030-09-15 09:00:00;79.1812675899035;0.0;0.0;0.0;0.0;0.0;0.0;0.0
2030-09-15 10:00:00;79.21440652840298;0.0;0.0;0.0;0.0;0.0;0.0;0.0
2030-09-15 11:00:00;79.21943272863521;0.0;0.0;0.0;0.0;0.0;0.0;0.0
2030-09-15 12:00:00;79.22761469199034;0.0;0.0;0.0;0.0;0.0;0.0;0.0
2030-09-15 13:00:00;79.23779589911287;0.0;0.0;0.0;0.0;0.0;0.0;0.0
2030-09-15 14:00:00;79.24753450463369;0.0;0.0;0.0;0.0;0.0;0.0;0.0
2030-09-15 15:00:00;79.27987182722919;0.0;0.0;0.0;0.0;0.0;0.0;0.0
2030-09-15 16:00:00;79.2943735385317;0.0;0.0;0.0;0.0;0.0;0.0;0.0
2030-09-15 17:00:00;79.33955452927785;0.0;0.0;0.0;0.0;0.0;0.0;0.0
2030-09-15 18:00:00;79.3855015085545;0.0;0.0;0.0;0.0;0.0;0.0;0.0
2030-09-15 19:00:00;79.40302332490384;0.0;0.0;0.0;0.0;0.0;0.0;0.0
2030-09-15 20:00:00;79.43360257364493;0.0;0.0;0.0;0.0;0.0;0.0;0.0
2030-09-15 21:00:00;79.42757058525282;0.0;0.0;0.0;0.0;0.0;0.0;0.0
2030-09-15 22:00:00;79.43458643726728;0.0;0.0;0.0;0.0;0.0;0.0;0.0
2030-09-15 23:00:00;79.41409384608056;0.0;0.0;0.0;0.0;0.0;0.0;0.0
2030-09-16 00:00:00;79.40753018765298;0.0;0.0;0.0;0.0;0.0;0.0;0.0
2030-09-16 01:00:00;79.40244780579329;0.0;0.0;0.0;0.0;0.0;0.0;0.0
2030-09-16 02:00:00;79.42147830438248;0.0;0.0;0.0;0.0;0.0;0.0;0.0
2030-09-16 03:00:00;79.44450729050644;0.0;0.0;0.0;0.0;0.0;0.0;0.0
2030-09-16 04:00:00;79.46169612794183;0.0;0.0;0.0;0.0;0.0;0.0;0.0
2030-09-16 05:00:00;79.52276144613947;0.0;0.0;0.0;0.0;0.0;0.0;0.0
2030-09-16 06:00:00;79.71296914189594;0.0;0.0;0.0;0.0;0.0;0.0;0.0
2030-09-16 07:00:00;79.80236096260187;0.0;0.0;0.0;0.0;0.0;0.0;0.0
2030-09-16 08:00:00;79.82039526501634;0.0;0.0;0.0;0.0;0.0;0.0;0.0
2030-09-16 09:00:00;79.78810316177955;0.0;0.0;0.0;0.0;0.0;0.0;0.0
2030-09-16 10:00:00;79.7935993692854;0.0;0.0;0.0;0.0;0.0;0.0;0.0
2030-09-16 11:00:00;79.7733780942508;0.0;0.0;0.0;0.0;0.0;0.0;0.0
2030-09-16 12:00:00;79.77336713198201;0.0;0.0;0.0;0.0;0.0;0.0;0.0
2030-09-16 13:00:00;79.83180013539061;0.0;0.0;0.0;0.0;0.0;0.0;0.0
2030-09-16 14:00:00;79.83286073489435;0.0;0.0;0.0;0.0;0.0;0.0;0.0
2030-09-16 15:00:00;79.75894078627732;0.0;0.0;0.0;0.0;0.0;0.0;0.0
2030-09-16 16:00:00;79.64428367661779;0.0;0.0;0.0;0.0;0.0;0.0;0.0
2030-09-16 17:00:00;79.77683120891413;0.0;0.0;0.0;0.0;0.0;0.0;0.0
2030-09-16 18:00:00;79.86436766563031;0.0;0.0;0.0;0.0;0.0;0.0;0.0
2030-09-16 19:00:00;79.89529496640493;0.0;0.0;0.0;0.0;0.0;0.0;0.0
2030-09-16 20:00:00;79.89214468441642;0.0;0.0;0.0;0.0;0.0;0.0;0.0
2030-09-16 21:00:00;79.81727101841616;0.0;0.0;0.0;0.0;0.0;0.0;0.0
2030-09-16 22:00:00;79.78871156769642;0.0;0.0;0.0;0.0;0.0;0.0;0.0
2030-09-16 23:00:00;79.77378369819536;0.0;0.0;0.0;0.0;0.0;0.0;0.0
2030-09-17 00:00:00;79.69135565872722;0.0;0.0;0.0;0.0;0.0;0.0;0.0
2030-09-17 01:00:00;79.59299259131454;0.0;0.0;0.0;0.0;0.0;0.0;0.0
2030-09-17 02:00:00;79.54686062375237;0.0;0.0;0.0;0.0;0.0;0.0;0.0
2030-09-17 03:00:00;79.52661331332942;0.0;0.0;0.0;0.0;0.0;0.0;0.0
2030-09-17 04:00:00;79.56785336845184;0.0;0.0;0.0;0.0;0.0;0.0;0.0
2030-09-17 05:00:00;79.62232625226633;0.0;0.0;0.0;0.0;0.0;0.0;0.0
2030-09-17 06:00:00;79.65138722678242;0.0;0.0;0.0;0.0;0.0;0.0;0.0
2030-09-17 07:00:00;79.66706875226159;0.0;0.0;0.0;0.0;0.0;0.0;0.0
2030-09-17 08:00:00;79.6696983264834;0.0;0.0;0.0;0.0;0.0;0.0;0.0
2030-09-17 09:00:00;79.63275959157062;0.0;0.0;0.0;0.0;0.0;0.0;0.0
2030-09-17 10:00:00;79.51301461891704;0.0;0.0;0.0;0.0;0.0;0.0;0.0
2030-09-17 11:00:00;79.48905658051459;0.0;0.0;0.0;0.0;0.0;0.0;0.0
2030-09-17 12:00:00;79.43321204281992;0.0;0.0;0.0;0.0;0.0;0.0;0.0
2030-09-17 13:00:00;79.42509174222664;0.0;0.0;0.0;0.0;0.0;0.0;0.0
2030-09-17 14:00:00;79.40530210652494;0.0;0.0;0.0;0.0;0.0;0.0;0.0
2030-09-17 15:00:00;79.40390578754004;0.0;0.0;0.0;0.0;0.0;0.0;0.0
2030-09-17 16:00:00;79.42530550646768;0.0;0.0;0.0;0.0;0.0;0.0;0.0
2030-09-17 17:00:00;79.48910591072406;0.0;0.0;0.0;0.0;0.0;0.0;0.0
2030-09-17 18:00:00;79.55156617762299;0.0;0.0;0.0;0.0;0.0;0.0;0.0
2030-09-17 19:00:00;79.6034368928876;0.0;0.0;0.0;0.0;0.0;0.0;0.0
2030-09-17 20:00:00;79.62099844746125;0.0;0.0;0.0;0.0;0.0;0.0;0.0
2030-09-17 21:00:00;79.56423170890608;0.0;0.0;0.0;0.0;0.0;0.0;0.0
2030-09-17 22:00:00;79.52995132417065;0.0;0.0;0.0;0.0;0.0;0.0;0.0
2030-09-17 23:00:00;79.47784903097822;0.0;0.0;0.0;0.0;0.0;0.0;0.0
2030-09-18 00:00:00;79.45388688172498;0.0;0.0;0.0;0.0;0.0;0.0;0.0
2030-09-18 01:00:00;79.42780764431504;0.0;0.0;0.0;0.0;0.0;0.0;0.0
2030-09-18 02:00:00;79.40198739050483;0.0;0.0;0.0;0.0;0.0;0.0;0.0
2030-09-18 03:00:00;79.39891795524852;0.0;0.0;0.0;0.0;0.0;0.0;0.0
2030-09-18 04:00:00;79.45222472772234;0.0;0.0;0.0;0.0;0.0;0.0;0.0
2030-09-18 05:00:00;79.50144394422759;0.0;0.0;0.0;0.0;0.0;0.0;0.0
2030-09-18 06:00:00;79.6701381875179;0.0;0.0;0.0;0.0;0.0;0.0;0.0
2030-09-18 07:00:00;79.80006025644323;0.0;0.0;0.0;0.0;0.0;0.0;0.0
2030-09-18 08:00:00;79.7278504217547;0.0;0.0;0.0;0.0;0.0;0.0;0.0
2030-09-18 09:00:00;79.77294508463427;0.0;0.0;0.0;0.0;0.0;0.0;0.0
2030-09-18 10:00:00;79.68871512223663;0.0;0.0;0.0;0.0;0.0;0.0;0.0
2030-09-18 11:00:00;79.63840515998848;0.0;0.0;0.0;0.0;0.0;0.0;0.0
2030-09-18 12:00:00;79.57204095512296;0.0;0.0;0.0;0.0;0.0;0.0;0.0
2030-09-18 13:00:00;79.54630702917933;0.0;0.0;0.0;0.0;0.0;0.0;0.0
2030-09-18 14:00:00;79.53498300553727;0.0;0.0;0.0;0.0;0.0;0.0;0.0
2030-09-18 15:00:00;79.63326522621776;0.0;0.0;0.0;0.0;0.0;0.0;0.0
2030-09-18 16:00:00;79.68837392162108;0.0;0.0;0.0;0.0;0.0;0.0;0.0
2030-09-18 17:00:00;79.70739482822508;0.0;0.0;0.0;0.0;0.0;0.0;0.0
2030-09-18 18:00:00;79.82882936055324;0.0;0.0;0.0;0.0;0.0;0.0;0.0
2030-09-18 19:00:00;79.86415664195644;0.0;0.0;0.0;0.0;0.0;0.0;0.0
2030-09-18 20:00:00;79.88777759059414;0.0;0.0;0.0;0.0;0.0;0.0;0.0
2030-09-18 21:00:00;79.85273943902982;0.0;0.0;0.0;0.0;0.0;0.0;0.0
2030-09-18 22:00:00;79.82346332998907;0.0;0.0;0.0;0.0;0.0;0.0;0.0
2030-09-18 23:00:00;79.79235104092892;0.0;0.0;0.0;0.0;0.0;0.0;0.0
2030-09-19 00:00:00;79.80692400697845;0.0;0.0;0.0;0.0;0.0;0.0;0.0
2030-09-19 01:00:00;79.81899209461348;0.0;0.0;0.0;0.0;0.0;0.0;0.0
2030-09-19 02:00:00;79.83053399334737;0.0;0.0;0.0;0.0;0.0;0.0;0.0
2030-09-19 03:00:00;79.87043939224672;0.0;0.0;0.0;0.0;0.0;0.0;0.0
2030-09-19 04:00:00;79.8812002293306;0.0;0.0;0.0;0.0;0.0;0.0;0.0
2030-09-19 05:00:00;79.81511145146797;0.0;0.0;0.0;0.0;0.0;0.0;0.0
2030-09-19 06:00:00;79.8420334132898;0.0;0.0;0.0;0.0;0.0;0.0;0.0
2030-09-19 07:00:00;79.83302790949314;0.0;0.0;0.0;0.0;0.0;0.0;0.0
2030-09-19 08:00:00;79.83518610615774;0.0;0.0;0.0;0.0;0.0;0.0;0.0
2030-09-19 09:00:00;79.71948484039764;0.0;0.0;0.0;0.0;0.0;0.0;0.0
2030-09-19 10:00:00;79.74872806263207;0.0;0.0;0.0;0.0;0.0;0.0;0.0
2030-09-19 11:00:00;79.80170048590831;0.0;0.0;0.0;0.0;0.0;0.0;0.0
2030-09-19 12:00:00;79.72252824026563;0.0;0.0;0.0;0.0;0.0;0.0;0.0
2030-09-19 13:00:00;79.749628338955;0.0;0.0;0.0;0.0;0.0;0.0;0.0
2030-09-19 14:00:00;79.71137687235672;0.0;0.0;0.0;0.0;0.0;0.0;0.0
2030-09-19 15:00:00;79.68961402827597;0.0;0.0;0.0;0.0;0.0;0.0;0.0
2030-09-19 16:00:00;79.73409754467147;0.0;0.0;0.0;0.0;0.0;0.0;0.0
2030-09-19 17:00:00;79.74400606535828;0.0;0.0;0.0;0.0;0.0;0.0;0.0
2030-09-19 18:00:00;79.72437264198662;0.0;0.0;0.0;0.0;0.0;0.0;0.0
2030-09-19 19:00:00;79.92777205792729;0.0;0.0;0.0;0.0;0.0;0.0;0.0
2030-09-19 20:00:00;79.9683721906101;0.0;0.0;0.0;0.0;0.0;0.0;0.0
2030-09-19 21:00:00;79.88109060664289;0.0;0.0;0.0;0.0;0.0;0.0;0.0
2030-09-19 22:00:00;79.91680293773673;0.0;0.0;0.0;0.0;0.0;0.0;0.0
2030-09-19 23:00:00;79.8883942182126;0.0;0.0;0.0;0.0;0.0;0.0;0.0
2030-09-20 00:00:00;79.74921177274166;0.0;0.0;0.0;0.0;0.0;0.0;0.0
2030-09-20 01:00:00;79.76139770476595;0.0;0.0;0.0;0.0;0.0;0.0;0.0
2030-09-20 02:00:00;79.7722147234773;0.0;0.0;0.0;0.0;0.0;0.0;0.0
2030-09-20 03:00:00;79.77218183667098;0.0;0.0;0.0;0.0;0.0;0.0;0.0
2030-09-20 04:00:00;79.79136991787377;0.0;0.0;0.0;0.0;0.0;0.0;0.0
2030-09-20 05:00:00;79.82815518102373;0.0;0.0;0.0;0.0;0.0;0.0;0.0
2030-09-20 06:00:00;79.93158007604217;0.0;0.0;0.0;0.0;0.0;0.0;0.0
2030-09-20 07:00:00;79.89930304592491;0.0;0.0;0.0;0.0;0.0;0.0;0.0
2030-09-20 08:00:00;79.91650832676346;0.0;0.0;0.0;0.0;0.0;0.0;0.0
2030-09-20 09:00:00;79.90443338771048;0.0;0.0;0.0;0.0;0.0;0.0;0.0
2030-09-20 10:00:00;79.83246472293494;0.0;0.0;0.0;0.0;0.0;0.0;0.0
2030-09-20 11:00:00;79.87695920159922;0.0;0.0;0.0;0.0;0.0;0.0;0.0
2030-09-20 12:00:00;79.86090769954897;0.0;0.0;0.0;0.0;0.0;0.0;0.0
2030-09-20 13:00:00;79.85271340364147;0.0;0.0;0.0;0.0;0.0;0.0;0.0
2030-09-20 14:00:00;79.73238194960857;0.0;0.0;0.0;0.0;0.0;0.0;0.0
2030-09-20 15:00:00;79.82624500569011;0.0;0.0;0.0;0.0;0.0;0.0;0.0
2030-09-20 16:00:00;79.81865226428152;0.0;0.0;0.0;0.0;0.0;0.0;0.0
2030-09-20 17:00:00;79.82121469460708;0.0;0.0;0.0;0.0;0.0;0.0;0.0
2030-09-20 18:00:00;79.790159957458;0.0;0.0;0.0;0.0;0.0;0.0;0.0
2030-09-20 19:00:00;79.85443310955517;0.0;0.0;0.0;0.0;0.0;0.0;0.0
2030-09-20 20:00:00;79.84436974682197;0.0;0.0;0.0;0.0;0.0;0.0;0.0
2030-09-20 21:00:00;79.87151917572082;0.0;0.0;0.0;0.0;0.0;0.0;0.0
2030-09-20 22:00:00;79.80223900736178;0.0;0.0;0.0;0.0;0.0;0.0;0.0
2030-09-20 23:00:00;79.74069820075616;0.0;0.0;0.0;0.0;0.0;0.0;0.0
2030-09-21 00:00:00;79.68867675429591;0.0;0.0;0.0;0.0;0.0;0.0;0.0
2030-09-21 01:00:00;79.6743011090843;0.0;0.0;0.0;0.0;0.0;0.0;0.0
2030-09-21 02:00:00;79.52284914428964;0.0;0.0;0.0;0.0;0.0;0.0;0.0
2030-09-21 03:00:00;82.31783715047031;0.0;0.0;0.0;0.0;0.0;0.0;0.0
2030-09-21 04:00:00;79.51841216600394;0.0;0.0;0.0;0.0;0.0;0.0;0.0
2030-09-21 05:00:00;79.52409473207892;0.0;0.0;0.0;0.0;0.0;0.0;0.0
2030-09-21 06:00:00;86.15907505057396;0.0;0.0;0.0;0.0;0.0;0.0;0.0
2030-09-21 07:00:00;86.21010578199389;0.0;0.0;0.0;0.0;0.0;0.0;0.0
2030-09-21 08:00:00;79.63086448935657;0.0;0.0;0.0;0.0;0.0;0.0;0.0
2030-09-21 09:00:00;79.61821266090944;0.0;0.0;0.0;0.0;0.0;0.0;0.0
2030-09-21 10:00:00;79.58193988382459;0.0;0.0;0.0;0.0;0.0;0.0;0.0
2030-09-21 11:00:00;79.65082266994062;0.0;0.0;0.0;0.0;0.0;0.0;0.0
2030-09-21 12:00:00;79.60720928362896;0.0;0.0;0.0;0.0;0.0;0.0;0.0
2030-09-21 13:00:00;79.53835801403562;0.0;0.0;0.0;0.0;0.0;0.0;0.0
2030-09-21 14:00:00;79.53861151650099;0.0;0.0;0.0;0.0;0.0;0.0;0.0
2030-09-21 15:00:00;79.51820388289727;0.0;0.0;0.0;0.0;0.0;0.0;0.0
2030-09-21 16:00:00;79.56236812321475;0.0;0.0;0.0;0.0;0.0;0.0;0.0
2030-09-21 17:00:00;79.61978163562749;0.0;0.0;0.0;0.0;0.0;0.0;0.0
2030-09-21 18:00:00;79.70107782084489;0.0;0.0;0.0;0.0;0.0;0.0;0.0
2030-09-21 19:00:00;79.71584673744874;0.0;0.0;0.0;0.0;0.0;0.0;0.0
2030-09-21 20:00:00;79.68700911915889;0.0;0.0;0.0;0.0;0.0;0.0;0.0
2030-09-21 21:00:00;79.6276511743226;0.0;0.0;0.0;0.0;0.0;0.0;0.0
2030-09-21 22:00:00;79.58835144077295;0.0;0.0;0.0;0.0;0.0;0.0;0.0
2030-09-21 23:00:00;79.47677472863853;0.0;0.0;0.0;0.0;0.0;0.0;0.0
2030-09-22 00:00:00;79.4110381136602;0.0;0.0;0.0;0.0;0.0;0.0;0.0
2030-09-22 01:00:00;79.39247214121025;0.0;0.0;0.0;0.0;0.0;0.0;0.0
2030-09-22 02:00:00;79.34148114801464;0.0;0.0;0.0;0.0;0.0;0.0;0.0
2030-09-22 03:00:00;79.34360645787291;0.0;0.0;0.0;0.0;0.0;0.0;0.0
2030-09-22 04:00:00;79.3536437852178;0.0;0.0;0.0;0.0;0.0;0.0;0.0
2030-09-22 05:00:00;79.35262155365476;0.0;0.0;0.0;0.0;0.0;0.0;0.0
2030-09-22 06:00:00;79.38446968500627;0.0;0.0;0.0;0.0;0.0;0.0;0.0
2030-09-22 07:00:00;79.39732294514211;0.0;0.0;0.0;0.0;0.0;0.0;0.0
2030-09-22 08:00:00;79.4048403209529;0.0;0.0;0.0;0.0;0.0;0.0;0.0
2030-09-22 09:00:00;79.4233788877309;0.0;0.0;0.0;0.0;0.0;0.0;0.0
2030-09-22 10:00:00;79.4151174479272;0.0;0.0;0.0;0.0;0.0;0.0;0.0
2030-09-22 11:00:00;79.39343133972784;0.0;0.0;0.0;0.0;0.0;0.0;0.0
2030-09-22 12:00:00;79.38123033458398;0.0;0.0;0.0;0.0;0.0;0.0;0.0
2030-09-22 13:00:00;79.37057089848624;0.0;0.0;0.0;0.0;0.0;0.0;0.0
2030-09-22 14:00:00;79.36421826373254;0.0;0.0;0.0;0.0;0.0;0.0;0.0
2030-09-22 15:00:00;79.36083092268181;0.0;0.0;0.0;0.0;0.0;0.0;0.0
2030-09-22 16:00:00;79.42401332903613;0.0;0.0;0.0;0.0;0.0;0.0;0.0
2030-09-22 17:00:00;79.47868627425572;0.0;0.0;0.0;0.0;0.0;0.0;0.0
2030-09-22 18:00:00;79.49966120526844;0.0;0.0;0.0;0.0;0.0;0.0;0.0
2030-09-22 19:00:00;79.57807979493305;0.0;0.0;0.0;0.0;0.0;0.0;0.0
2030-09-22 20:00:00;79.56893726277673;0.0;0.0;0.0;0.0;0.0;0.0;0.0
2030-09-22 21:00:00;79.56188852395596;0.0;0.0;0.0;0.0;0.0;0.0;0.0
2030-09-22 22:00:00;79.57383602663445;0.0;0.0;0.0;0.0;0.0;0.0;0.0
2030-09-22 23:00:00;79.58771151833334;0.0;0.0;0.0;0.0;0.0;0.0;0.0
2030-09-23 00:00:00;79.59377776381535;0.0;0.0;0.0;0.0;0.0;0.0;0.0
2030-09-23 01:00:00;79.5741018616522;0.0;0.0;0.0;0.0;0.0;0.0;0.0
2030-09-23 02:00:00;79.60885088337764;0.0;0.0;0.0;0.0;0.0;0.0;0.0
2030-09-23 03:00:00;79.6296134204329;0.0;0.0;0.0;0.0;0.0;0.0;0.0
2030-09-23 04:00:00;79.64826709103303;0.0;0.0;0.0;0.0;0.0;0.0;0.0
2030-09-23 05:00:00;79.76188826629354;0.0;0.0;0.0;0.0;0.0;0.0;0.0
2030-09-23 06:00:00;79.80135654472558;0.0;0.0;0.0;0.0;0.0;0.0;0.0
2030-09-23 07:00:00;79.8301270191192;0.0;0.0;0.0;0.0;0.0;0.0;0.0
2030-09-23 08:00:00;79.92429838900998;0.0;0.0;0.0;0.0;0.0;0.0;0.0
2030-09-23 09:00:00;79.9330394280725;0.0;0.0;0.0;0.0;0.0;0.0;0.0
2030-09-23 10:00:00;79.85354790635179;0.0;0.0;0.0;0.0;0.0;0.0;0.0
2030-09-23 11:00:00;79.76618547565238;0.0;0.0;0.0;0.0;0.0;0.0;0.0
2030-09-23 12:00:00;79.66688787482684;0.0;0.0;0.0;0.0;0.0;0.0;0.0
2030-09-23 13:00:00;79.68973872408326;0.0;0.0;0.0;0.0;0.0;0.0;0.0
2030-09-23 14:00:00;79.72393963237008;0.0;0.0;0.0;0.0;0.0;0.0;0.0
2030-09-23 15:00:00;79.73978696216443;0.0;0.0;0.0;0.0;0.0;0.0;0.0
2030-09-23 16:00:00;79.77616525108623;0.0;0.0;0.0;0.0;0.0;0.0;0.0
2030-09-23 17:00:00;79.84915751770836;0.0;0.0;0.0;0.0;0.0;0.0;0.0
2030-09-23 18:00:00;86.34136798827664;0.0;0.0;0.0;0.0;0.0;0.0;0.0
2030-09-23 19:00:00;86.37564289187769;0.0;0.0;0.0;0.0;0.0;0.0;0.0
2030-09-23 20:00:00;86.38433734129794;0.0;0.0;0.0;0.0;0.0;0.0;0.0
2030-09-23 21:00:00;86.36637155306329;0.0;0.0;0.0;0.0;0.0;0.0;0.0
2030-09-23 22:00:00;86.34918819676227;0.0;0.0;0.0;0.0;0.0;0.0;0.0
2030-09-23 23:00:00;86.3130551886043;0.0;0.0;0.0;0.0;0.0;0.0;0.0
2030-09-24 00:00:00;86.32933415773157;0.0;0.0;0.0;0.0;0.0;0.0;0.0
2030-09-24 01:00:00;86.32480674072849;0.0;0.0;0.0;0.0;0.0;0.0;0.0
2030-09-24 02:00:00;86.2373511307445;0.0;0.0;0.0;0.0;0.0;0.0;0.0
2030-09-24 03:00:00;86.18780578674328;0.0;0.0;0.0;0.0;0.0;0.0;0.0
2030-09-24 04:00:00;86.18644920598268;0.0;0.0;0.0;0.0;0.0;0.0;0.0
2030-09-24 05:00:00;86.21156102317343;0.0;0.0;0.0;0.0;0.0;0.0;0.0
2030-09-24 06:00:00;86.23858986711582;0.0;0.0;0.0;0.0;0.0;0.0;0.0
2030-09-24 07:00:00;86.30948559983523;0.0;0.0;0.0;0.0;0.0;0.0;0.0
2030-09-24 08:00:00;86.33983875178288;0.0;0.0;0.0;0.0;0.0;0.0;0.0
2030-09-24 09:00:00;86.31838285122777;0.0;0.0;0.0;0.0;0.0;0.0;0.0
2030-09-24 10:00:00;79.82354143615407;0.0;0.0;0.0;0.0;0.0;0.0;0.0
2030-09-24 11:00:00;79.80440953657876;0.0;0.0;0.0;0.0;0.0;0.0;0.0
2030-09-24 12:00:00;79.76955226244915;0.0;0.0;0.0;0.0;0.0;0.0;0.0
2030-09-24 13:00:00;79.81984030015974;0.0;0.0;0.0;0.0;0.0;0.0;0.0
2030-09-24 14:00:00;79.8321194114686;0.0;0.0;0.0;0.0;0.0;0.0;0.0
2030-09-24 15:00:00;79.81928122445234;0.0;0.0;0.0;0.0;0.0;0.0;0.0
2030-09-24 16:00:00;79.84172372919697;0.0;0.0;0.0;0.0;0.0;0.0;0.0
2030-09-24 17:00:00;79.90203676170007;0.0;0.0;0.0;0.0;0.0;0.0;0.0
2030-09-24 18:00:00;79.91526273897418;0.0;0.0;0.0;0.0;0.0;0.0;0.0
2030-09-24 19:00:00;79.8935903336108;0.0;0.0;0.0;0.0;0.0;0.0;0.0
2030-09-24 20:00:00;79.86177508906562;0.0;0.0;0.0;0.0;0.0;0.0;0.0
2030-09-24 21:00:00;79.81487302212217;0.0;0.0;0.0;0.0;0.0;0.0;0.0
2030-09-24 22:00:00;79.78699323206632;0.0;0.0;0.0;0.0;0.0;0.0;0.0
2030-09-24 23:00:00;79.76013841414073;0.0;0.0;0.0;0.0;0.0;0.0;0.0
2030-09-25 00:00:00;79.72630748242496;0.0;0.0;0.0;0.0;0.0;0.0;0.0
2030-09-25 01:00:00;79.64090729783584;0.0;0.0;0.0;0.0;0.0;0.0;0.0
2030-09-25 02:00:00;79.62323886114163;0.0;0.0;0.0;0.0;0.0;0.0;0.0
2030-09-25 03:00:00;79.67462312572948;0.0;0.0;0.0;0.0;0.0;0.0;0.0
2030-09-25 04:00:00;79.67795154458557;0.0;0.0;0.0;0.0;0.0;0.0;0.0
2030-09-25 05:00:00;79.72288862485152;0.0;0.0;0.0;0.0;0.0;0.0;0.0
2030-09-25 06:00:00;79.7741660073188;0.0;0.0;0.0;0.0;0.0;0.0;0.0
2030-09-25 07:00:00;79.77309718611347;0.0;0.0;0.0;0.0;0.0;0.0;0.0
2030-09-25 08:00:00;79.75814328122411;0.0;0.0;0.0;0.0;0.0;0.0;0.0
2030-09-25 09:00:00;79.73292732248001;0.0;0.0;0.0;0.0;0.0;0.0;0.0
2030-09-25 10:00:00;79.79178648408713;0.0;0.0;0.0;0.0;0.0;0.0;0.0
2030-09-25 11:00:00;79.81750396662758;0.0;0.0;0.0;0.0;0.0;0.0;0.0
2030-09-25 12:00:00;79.81259698106825;0.0;0.0;0.0;0.0;0.0;0.0;0.0
2030-09-25 13:00:00;79.81573081965361;0.0;0.0;0.0;0.0;0.0;0.0;0.0
2030-09-25 14:00:00;79.7763283148342;0.0;0.0;0.0;0.0;0.0;0.0;0.0
2030-09-25 15:00:00;79.82255483196454;0.0;0.0;0.0;0.0;0.0;0.0;0.0
2030-09-25 16:00:00;79.81838505898018;0.0;0.0;0.0;0.0;0.0;0.0;0.0
2030-09-25 17:00:00;79.8592633592331;0.0;0.0;0.0;0.0;0.0;0.0;0.0
2030-09-25 18:00:00;79.8635043869645;0.0;0.0;0.0;0.0;0.0;0.0;0.0
2030-09-25 19:00:00;79.81722442877388;0.0;0.0;0.0;0.0;0.0;0.0;0.0
2030-09-25 20:00:00;79.85008519970327;0.0;0.0;0.0;0.0;0.0;0.0;0.0
2030-09-25 21:00:00;79.81270934432317;0.0;0.0;0.0;0.0;0.0;0.0;0.0
2030-09-25 22:00:00;79.76644582953574;0.0;0.0;0.0;0.0;0.0;0.0;0.0
2030-09-25 23:00:00;79.71280607814793;0.0;0.0;0.0;0.0;0.0;0.0;0.0
2030-09-26 00:00:00;79.68279823766663;0.0;0.0;0.0;0.0;0.0;0.0;0.0
2030-09-26 01:00:00;79.48151865044984;0.0;0.0;0.0;0.0;0.0;0.0;0.0
2030-09-26 02:00:00;79.48718203255447;0.0;0.0;0.0;0.0;0.0;0.0;0.0
2030-09-26 03:00:00;79.54627277208942;0.0;0.0;0.0;0.0;0.0;0.0;0.0
2030-09-26 04:00:00;79.52180361790545;0.0;0.0;0.0;0.0;0.0;0.0;0.0
2030-09-26 05:00:00;79.57284120074335;0.0;0.0;0.0;0.0;0.0;0.0;0.0
2030-09-26 06:00:00;79.6574767670856;0.0;0.0;0.0;0.0;0.0;0.0;0.0
2030-09-26 07:00:00;79.69127344171143;0.0;0.0;0.0;0.0;0.0;0.0;0.0
2030-09-26 08:00:00;79.70903779825736;0.0;0.0;0.0;0.0;0.0;0.0;0.0
2030-09-26 09:00:00;79.70307843489587;0.0;0.0;0.0;0.0;0.0;0.0;0.0
2030-09-26 10:00:00;79.71232921945634;0.0;0.0;0.0;0.0;0.0;0.0;0.0
2030-09-26 11:00:00;79.74067353565142;0.0;0.0;0.0;0.0;0.0;0.0;0.0
2030-09-26 12:00:00;79.70915975349747;0.0;0.0;0.0;0.0;0.0;0.0;0.0
2030-09-26 13:00:00;79.76492344445994;0.0;0.0;0.0;0.0;0.0;0.0;0.0
2030-09-26 14:00:00;79.75818987086639;0.0;0.0;0.0;0.0;0.0;0.0;0.0
2030-09-26 15:00:00;79.77026480991938;0.0;0.0;0.0;0.0;0.0;0.0;0.0
2030-09-26 16:00:00;79.78789076782208;0.0;0.0;0.0;0.0;0.0;0.0;0.0
2030-09-26 17:00:00;79.80120855409716;0.0;0.0;0.0;0.0;0.0;0.0;0.0
2030-09-26 18:00:00;79.63319397147073;0.0;0.0;0.0;0.0;0.0;0.0;0.0
2030-09-26 19:00:00;79.64114435689804;0.0;0.0;0.0;0.0;0.0;0.0;0.0
2030-09-26 20:00:00;79.6447975329665;0.0;0.0;0.0;0.0;0.0;0.0;0.0
2030-09-26 21:00:00;79.67320077135625;0.0;0.0;0.0;0.0;0.0;0.0;0.0
2030-09-26 22:00:00;79.64724760003719;0.0;0.0;0.0;0.0;0.0;0.0;0.0
2030-09-26 23:00:00;79.6529109821418;0.0;0.0;0.0;0.0;0.0;0.0;0.0
2030-09-27 00:00:00;79.64265577970508;0.0;0.0;0.0;0.0;0.0;0.0;0.0
2030-09-27 01:00:00;79.63590302214118;0.0;0.0;0.0;0.0;0.0;0.0;0.0
2030-09-27 02:00:00;79.56720385402704;0.0;0.0;0.0;0.0;0.0;0.0;0.0
2030-09-27 03:00:00;79.46013126407456;0.0;0.0;0.0;0.0;0.0;0.0;0.0
2030-09-27 04:00:00;79.45269473499596;0.0;0.0;0.0;0.0;0.0;0.0;0.0
2030-09-27 05:00:00;79.54439685384571;0.0;0.0;0.0;0.0;0.0;0.0;0.0
2030-09-27 06:00:00;79.7264458810682;0.0;0.0;0.0;0.0;0.0;0.0;0.0
2030-09-27 07:00:00;79.79136717730657;0.0;0.0;0.0;0.0;0.0;0.0;0.0
2030-09-27 08:00:00;79.79713470096455;0.0;0.0;0.0;0.0;0.0;0.0;0.0
2030-09-27 09:00:00;79.78687401739342;0.0;0.0;0.0;0.0;0.0;0.0;0.0
2030-09-27 10:00:00;79.75848174127248;0.0;0.0;0.0;0.0;0.0;0.0;0.0
2030-09-27 11:00:00;79.74414309371792;0.0;0.0;0.0;0.0;0.0;0.0;0.0
2030-09-27 12:00:00;79.56918665439127;0.0;0.0;0.0;0.0;0.0;0.0;0.0
2030-09-27 13:00:00;79.67054516174608;0.0;0.0;0.0;0.0;0.0;0.0;0.0
2030-09-27 14:00:00;79.63367083016236;0.0;0.0;0.0;0.0;0.0;0.0;0.0
2030-09-27 15:00:00;79.64836986230276;0.0;0.0;0.0;0.0;0.0;0.0;0.0
2030-09-27 16:00:00;79.71872433300152;0.0;0.0;0.0;0.0;0.0;0.0;0.0
2030-09-27 17:00:00;79.809265821645;0.0;0.0;0.0;0.0;0.0;0.0;0.0
2030-09-27 18:00:00;79.82905819791387;0.0;0.0;0.0;0.0;0.0;0.0;0.0
2030-09-27 19:00:00;79.79628786570186;0.0;0.0;0.0;0.0;0.0;0.0;0.0
2030-09-27 20:00:00;79.75861465878134;0.0;0.0;0.0;0.0;0.0;0.0;0.0
2030-09-27 21:00:00;79.70559701614638;0.0;0.0;0.0;0.0;0.0;0.0;0.0
2030-09-27 22:00:00;79.65026770508402;0.0;0.0;0.0;0.0;0.0;0.0;0.0
2030-09-27 23:00:00;79.63067539022025;0.0;0.0;0.0;0.0;0.0;0.0;0.0
2030-09-28 00:00:00;79.36243004363902;0.0;0.0;0.0;0.0;0.0;0.0;0.0
2030-09-28 01:00:00;79.16724547785978;0.0;0.0;0.0;0.0;0.0;0.0;0.0
2030-09-28 02:00:00;79.12379789586329;0.0;0.0;0.0;0.0;0.0;0.0;0.0
2030-09-28 03:00:00;79.16232478946449;0.0;0.0;0.0;0.0;0.0;0.0;0.0
2030-09-28 04:00:00;79.18113193182744;0.0;0.0;0.0;0.0;0.0;0.0;0.0
2030-09-28 05:00:00;85.2435077329724;0.0;0.0;0.0;0.0;0.0;0.0;0.0
2030-09-28 06:00:00;85.17374659507095;0.0;0.0;0.0;0.0;0.0;0.0;0.0
2030-09-28 07:00:00;85.25020567919245;0.0;0.0;0.0;0.0;0.0;0.0;0.0
2030-09-28 08:00:00;85.3266853175679;0.0;0.0;0.0;0.0;0.0;0.0;0.0
2030-09-28 09:00:00;85.33084138771629;0.0;0.0;0.0;0.0;0.0;0.0;0.0
2030-09-28 10:00:00;81.61342505396603;0.0;0.0;0.0;0.0;0.0;0.0;0.0
2030-09-28 11:00:00;79.19976504817362;0.0;0.0;0.0;0.0;0.0;0.0;0.0
2030-09-28 12:00:00;79.24978314001567;0.0;0.0;0.0;0.0;0.0;0.0;0.0
2030-09-28 13:00:00;79.26482474305524;0.0;0.0;0.0;0.0;0.0;0.0;0.0
2030-09-28 14:00:00;79.2540858305089;0.0;0.0;0.0;0.0;0.0;0.0;0.0
2030-09-28 15:00:00;79.26944945019366;0.0;0.0;0.0;0.0;0.0;0.0;0.0
2030-09-28 16:00:00;79.29471336886365;0.0;0.0;0.0;0.0;0.0;0.0;0.0
2030-09-28 17:00:00;79.33758543174957;0.0;0.0;0.0;0.0;0.0;0.0;0.0
2030-09-28 18:00:00;79.34019171115025;0.0;0.0;0.0;0.0;0.0;0.0;0.0
2030-09-28 19:00:00;79.3490094860942;0.0;0.0;0.0;0.0;0.0;0.0;0.0
2030-09-28 20:00:00;79.33410765198148;0.0;0.0;0.0;0.0;0.0;0.0;0.0
2030-09-28 21:00:00;79.32475957728568;0.0;0.0;0.0;0.0;0.0;0.0;0.0
2030-09-28 22:00:00;79.27725321527613;0.0;0.0;0.0;0.0;0.0;0.0;0.0
2030-09-28 23:00:00;79.24157240070502;0.0;0.0;0.0;0.0;0.0;0.0;0.0
2030-09-29 00:00:00;79.2386194395544;0.0;0.0;0.0;0.0;0.0;0.0;0.0
2030-09-29 01:00:00;79.20579429599854;0.0;0.0;0.0;0.0;0.0;0.0;0.0
2030-09-29 02:00:00;79.18699537533718;0.0;0.0;0.0;0.0;0.0;0.0;0.0
2030-09-29 03:00:00;79.15717115285781;0.0;0.0;0.0;0.0;0.0;0.0;0.0
2030-09-29 04:00:00;79.14660763661183;0.0;0.0;0.0;0.0;0.0;0.0;0.0
2030-09-29 05:00:00;79.13955752750746;0.0;0.0;0.0;0.0;0.0;0.0;0.0
2030-09-29 06:00:00;79.17314317845944;0.0;0.0;0.0;0.0;0.0;0.0;0.0
2030-09-29 07:00:00;79.20182869527005;0.0;0.0;0.0;0.0;0.0;0.0;0.0
2030-09-29 08:00:00;79.23643794806867;0.0;0.0;0.0;0.0;0.0;0.0;0.0
2030-09-29 09:00:00;79.29722098784538;0.0;0.0;0.0;0.0;0.0;0.0;0.0
2030-09-29 10:00:00;79.35075111654544;0.0;0.0;0.0;0.0;0.0;0.0;0.0
2030-09-29 11:00:00;79.35732847780898;0.0;0.0;0.0;0.0;0.0;0.0;0.0
2030-09-29 12:00:00;79.35122797523704;0.0;0.0;0.0;0.0;0.0;0.0;0.0
2030-09-29 13:00:00;79.34674988844344;0.0;0.0;0.0;0.0;0.0;0.0;0.0
2030-09-29 14:00:00;79.3396504491296;0.0;0.0;0.0;0.0;0.0;0.0;0.0
2030-09-29 15:00:00;79.3335417248561;0.0;0.0;0.0;0.0;0.0;0.0;0.0
2030-09-29 16:00:00;79.34382707353197;0.0;0.0;0.0;0.0;0.0;0.0;0.0
2030-09-29 17:00:00;79.36533504486376;0.0;0.0;0.0;0.0;0.0;0.0;0.0
2030-09-29 18:00:00;79.38348308081673;0.0;0.0;0.0;0.0;0.0;0.0;0.0
2030-09-29 19:00:00;79.38444364961792;0.0;0.0;0.0;0.0;0.0;0.0;0.0
2030-09-29 20:00:00;79.37585745260182;0.0;0.0;0.0;0.0;0.0;0.0;0.0
2030-09-29 21:00:00;79.37537511277583;0.0;0.0;0.0;0.0;0.0;0.0;0.0
2030-09-29 22:00:00;79.35726681504714;0.0;0.0;0.0;0.0;0.0;0.0;0.0
2030-09-29 23:00:00;79.35966207077394;0.0;0.0;0.0;0.0;0.0;0.0;0.0
2030-09-30 00:00:00;79.31383019531943;0.0;0.0;0.0;0.0;0.0;0.0;0.0
2030-09-30 01:00:00;79.28895132634007;0.0;0.0;0.0;0.0;0.0;0.0;0.0
2030-09-30 02:00:00;79.31781086916746;0.0;0.0;0.0;0.0;0.0;0.0;0.0
2030-09-30 03:00:00;79.34781322851438;0.0;0.0;0.0;0.0;0.0;0.0;0.0
2030-09-30 04:00:00;79.36186137594645;0.0;0.0;0.0;0.0;0.0;0.0;0.0
2030-09-30 05:00:00;79.39057977956338;0.0;0.0;0.0;0.0;0.0;0.0;0.0
2030-09-30 06:00:00;79.48116648756553;0.0;0.0;0.0;0.0;0.0;0.0;0.0
2030-09-30 07:00:00;79.55967277538029;0.0;0.0;0.0;0.0;0.0;0.0;0.0
2030-09-30 08:00:00;79.70266049839893;0.0;0.0;0.0;0.0;0.0;0.0;0.0
2030-09-30 09:00:00;79.72530991596666;0.0;0.0;0.0;0.0;0.0;0.0;0.0
2030-09-30 10:00:00;79.6365621285511;0.0;0.0;0.0;0.0;0.0;0.0;0.0
2030-09-30 11:00:00;79.57987486644456;0.0;0.0;0.0;0.0;0.0;0.0;0.0
2030-09-30 12:00:00;79.50251139514933;0.0;0.0;0.0;0.0;0.0;0.0;0.0
2030-09-30 13:00:00;79.51263093951;0.0;0.0;0.0;0.0;0.0;0.0;0.0
2030-09-30 14:00:00;79.55296249660789;0.0;0.0;0.0;0.0;0.0;0.0;0.0
2030-09-30 15:00:00;79.58058878419837;0.0;0.0;0.0;0.0;0.0;0.0;0.0
2030-09-30 16:00:00;79.62106833192468;0.0;0.0;0.0;0.0;0.0;0.0;0.0
2030-09-30 17:00:00;79.71456141143516;0.0;0.0;0.0;0.0;0.0;0.0;0.0
2030-09-30 18:00:00;79.71346929540869;0.0;0.0;0.0;0.0;0.0;0.0;0.0
2030-09-30 19:00:00;79.71056566446754;0.0;0.0;0.0;0.0;0.0;0.0;0.0
2030-09-30 20:00:00;79.71903812794515;0.0;0.0;0.0;0.0;0.0;0.0;0.0
2030-09-30 21:00:00;79.7030332155372;0.0;0.0;0.0;0.0;0.0;0.0;0.0
2030-09-30 22:00:00;79.70025153983616;0.0;0.0;0.0;0.0;0.0;0.0;0.0
2030-09-30 23:00:00;79.65266570137803;0.0;0.0;0.0;0.0;0.0;0.0;0.0
2030-10-01 00:00:00;79.68425073827899;0.0;0.0;0.0;0.0;0.0;0.0;0.0
2030-10-01 01:00:00;79.69344945206278;0.0;0.0;0.0;0.0;0.0;0.0;0.0
2030-10-01 02:00:00;79.67174690046028;0.0;0.0;0.0;0.0;0.0;0.0;0.0
2030-10-01 03:00:00;79.71214971230519;0.0;0.0;0.0;0.0;0.0;0.0;0.0
2030-10-01 04:00:00;79.60854668041921;0.0;0.0;0.0;0.0;0.0;0.0;0.0
2030-10-01 05:00:00;79.64853703690156;0.0;0.0;0.0;0.0;0.0;0.0;0.0
2030-10-01 06:00:00;79.70521881787371;0.0;0.0;0.0;0.0;0.0;0.0;0.0
2030-10-01 07:00:00;79.79710866557622;0.0;0.0;0.0;0.0;0.0;0.0;0.0
2030-10-01 08:00:00;79.78866086720336;0.0;0.0;0.0;0.0;0.0;0.0;0.0
2030-10-01 09:00:00;79.7825726971838;0.0;0.0;0.0;0.0;0.0;0.0;0.0
2030-10-01 10:00:00;79.76990579561708;0.0;0.0;0.0;0.0;0.0;0.0;0.0
2030-10-01 11:00:00;79.76593197318701;0.0;0.0;0.0;0.0;0.0;0.0;0.0
2030-10-01 12:00:00;79.73711627943473;0.0;0.0;0.0;0.0;0.0;0.0;0.0
2030-10-01 13:00:00;79.74589568643796;0.0;0.0;0.0;0.0;0.0;0.0;0.0
2030-10-01 14:00:00;79.7289302052288;0.0;0.0;0.0;0.0;0.0;0.0;0.0
2030-10-01 15:00:00;79.73400299510331;0.0;0.0;0.0;0.0;0.0;0.0;0.0
2030-10-01 16:00:00;79.77154602508216;0.0;0.0;0.0;0.0;0.0;0.0;0.0
2030-10-01 17:00:00;79.77509917044807;0.0;0.0;0.0;0.0;0.0;0.0;0.0
2030-10-01 18:00:00;79.76992223902025;0.0;0.0;0.0;0.0;0.0;0.0;0.0
2030-10-01 19:00:00;79.80053163400044;0.0;0.0;0.0;0.0;0.0;0.0;0.0
2030-10-01 20:00:00;79.81806030176779;0.0;0.0;0.0;0.0;0.0;0.0;0.0
2030-10-01 21:00:00;79.81423721053335;0.0;0.0;0.0;0.0;0.0;0.0;0.0
2030-10-01 22:00:00;79.790238063623;0.0;0.0;0.0;0.0;0.0;0.0;0.0
2030-10-01 23:00:00;79.7597465130321;0.0;0.0;0.0;0.0;0.0;0.0;0.0
2030-10-02 00:00:00;79.61221629989083;0.0;0.0;0.0;0.0;0.0;0.0;0.0
2030-10-02 01:00:00;79.55553588920225;0.0;0.0;0.0;0.0;0.0;0.0;0.0
2030-10-02 02:00:00;79.56000027315987;0.0;0.0;0.0;0.0;0.0;0.0;0.0
2030-10-02 03:00:00;79.53659856989765;0.0;0.0;0.0;0.0;0.0;0.0;0.0
2030-10-02 04:00:00;79.55613059228317;0.0;0.0;0.0;0.0;0.0;0.0;0.0
2030-10-02 05:00:00;79.65037458720457;0.0;0.0;0.0;0.0;0.0;0.0;0.0
2030-10-02 06:00:00;79.81692022581544;0.0;0.0;0.0;0.0;0.0;0.0;0.0
2030-10-02 07:00:00;79.88333513117406;0.0;0.0;0.0;0.0;0.0;0.0;0.0
2030-10-02 08:00:00;79.87635079568236;0.0;0.0;0.0;0.0;0.0;0.0;0.0
2030-10-02 09:00:00;79.84570029219424;0.0;0.0;0.0;0.0;0.0;0.0;0.0
2030-10-02 10:00:00;79.76209517911661;0.0;0.0;0.0;0.0;0.0;0.0;0.0
2030-10-02 11:00:00;79.74919806990569;0.0;0.0;0.0;0.0;0.0;0.0;0.0
2030-10-02 12:00:00;79.74575043637671;0.0;0.0;0.0;0.0;0.0;0.0;0.0
2030-10-02 13:00:00;79.69043345786672;0.0;0.0;0.0;0.0;0.0;0.0;0.0
2030-10-02 14:00:00;79.6833326482693;0.0;0.0;0.0;0.0;0.0;0.0;0.0
2030-10-02 15:00:00;79.74748521540998;0.0;0.0;0.0;0.0;0.0;0.0;0.0
2030-10-02 16:00:00;79.81316016762645;0.0;0.0;0.0;0.0;0.0;0.0;0.0
2030-10-02 17:00:00;79.84152229750828;0.0;0.0;0.0;0.0;0.0;0.0;0.0
2030-10-02 18:00:00;79.83669067754678;0.0;0.0;0.0;0.0;0.0;0.0;0.0
2030-10-02 19:00:00;79.89053323090684;0.0;0.0;0.0;0.0;0.0;0.0;0.0
2030-10-02 20:00:00;79.87747990936592;0.0;0.0;0.0;0.0;0.0;0.0;0.0
2030-10-02 21:00:00;79.8214161262958;0.0;0.0;0.0;0.0;0.0;0.0;0.0
2030-10-02 22:00:00;79.75153988457222;0.0;0.0;0.0;0.0;0.0;0.0;0.0
2030-10-02 23:00:00;79.55528649758767;0.0;0.0;0.0;0.0;0.0;0.0;0.0
2030-10-03 00:00:00;79.62635351575665;0.0;0.0;0.0;0.0;0.0;0.0;0.0
2030-10-03 01:00:00;79.67910258280666;0.0;0.0;0.0;0.0;0.0;0.0;0.0
2030-10-03 02:00:00;79.66891178369897;0.0;0.0;0.0;0.0;0.0;0.0;0.0
2030-10-03 03:00:00;79.58474074349596;0.0;0.0;0.0;0.0;0.0;0.0;0.0
2030-10-03 04:00:00;79.62192887002334;0.0;0.0;0.0;0.0;0.0;0.0;0.0
2030-10-03 05:00:00;79.6166203913702;0.0;0.0;0.0;0.0;0.0;0.0;0.0
2030-10-03 06:00:00;79.78985164364877;0.0;0.0;0.0;0.0;0.0;0.0;0.0
2030-10-03 07:00:00;79.89932497046246;0.0;0.0;0.0;0.0;0.0;0.0;0.0
2030-10-03 08:00:00;79.91393356388551;0.0;0.0;0.0;0.0;0.0;0.0;0.0
2030-10-03 09:00:00;79.8549867041282;0.0;0.0;0.0;0.0;0.0;0.0;0.0
2030-10-03 10:00:00;79.76895207823387;0.0;0.0;0.0;0.0;0.0;0.0;0.0
2030-10-03 11:00:00;79.75297183093063;0.0;0.0;0.0;0.0;0.0;0.0;0.0
2030-10-03 12:00:00;79.80337771303053;0.0;0.0;0.0;0.0;0.0;0.0;0.0
2030-10-03 13:00:00;79.78111608572063;0.0;0.0;0.0;0.0;0.0;0.0;0.0
2030-10-03 14:00:00;79.74208903860668;0.0;0.0;0.0;0.0;0.0;0.0;0.0
2030-10-03 15:00:00;79.78035009719015;0.0;0.0;0.0;0.0;0.0;0.0;0.0
2030-10-03 16:00:00;79.79106708519893;0.0;0.0;0.0;0.0;0.0;0.0;0.0
2030-10-03 17:00:00;79.82573800075939;0.0;0.0;0.0;0.0;0.0;0.0;0.0
2030-10-03 18:00:00;79.89372736197046;0.0;0.0;0.0;0.0;0.0;0.0;0.0
2030-10-03 19:00:00;79.89956751065904;0.0;0.0;0.0;0.0;0.0;0.0;0.0
2030-10-03 20:00:00;79.90311517489056;0.0;0.0;0.0;0.0;0.0;0.0;0.0
2030-10-03 21:00:00;79.868648431586;0.0;0.0;0.0;0.0;0.0;0.0;0.0
2030-10-03 22:00:00;79.79657014412275;0.0;0.0;0.0;0.0;0.0;0.0;0.0
2030-10-03 23:00:00;79.74784971084667;0.0;0.0;0.0;0.0;0.0;0.0;0.0
2030-10-04 00:00:00;79.71888328589874;0.0;0.0;0.0;0.0;0.0;0.0;0.0
2030-10-04 01:00:00;79.72811899733964;0.0;0.0;0.0;0.0;0.0;0.0;0.0
2030-10-04 02:00:00;79.71200446224395;0.0;0.0;0.0;0.0;0.0;0.0;0.0
2030-10-04 03:00:00;79.70495435313958;0.0;0.0;0.0;0.0;0.0;0.0;0.0
2030-10-04 04:00:00;79.51096056380578;0.0;0.0;0.0;0.0;0.0;0.0;0.0
2030-10-04 05:00:00;79.72063176776796;0.0;0.0;0.0;0.0;0.0;0.0;0.0
2030-10-04 06:00:00;79.76661437441811;0.0;0.0;0.0;0.0;0.0;0.0;0.0
2030-10-04 07:00:00;79.80505768071993;0.0;0.0;0.0;0.0;0.0;0.0;0.0
2030-10-04 08:00:00;79.8075050072234;0.0;0.0;0.0;0.0;0.0;0.0;0.0
2030-10-04 09:00:00;79.83278673958014;0.0;0.0;0.0;0.0;0.0;0.0;0.0
2030-10-04 10:00:00;79.80220063942107;0.0;0.0;0.0;0.0;0.0;0.0;0.0
2030-10-04 11:00:00;79.79316498938528;0.0;0.0;0.0;0.0;0.0;0.0;0.0
2030-10-04 12:00:00;79.7791702830135;0.0;0.0;0.0;0.0;0.0;0.0;0.0
2030-10-04 13:00:00;79.75269503364413;0.0;0.0;0.0;0.0;0.0;0.0;0.0
2030-10-04 14:00:00;79.73886613158754;0.0;0.0;0.0;0.0;0.0;0.0;0.0
2030-10-04 15:00:00;79.74380600395318;0.0;0.0;0.0;0.0;0.0;0.0;0.0
2030-10-04 16:00:00;79.7686163587527;0.0;0.0;0.0;0.0;0.0;0.0;0.0
2030-10-04 17:00:00;79.78058578596875;0.0;0.0;0.0;0.0;0.0;0.0;0.0
2030-10-04 18:00:00;79.76611148033817;0.0;0.0;0.0;0.0;0.0;0.0;0.0
2030-10-04 19:00:00;79.79900376779027;0.0;0.0;0.0;0.0;0.0;0.0;0.0
2030-10-04 20:00:00;79.66939686409216;0.0;0.0;0.0;0.0;0.0;0.0;0.0
2030-10-04 21:00:00;79.66503251083708;0.0;0.0;0.0;0.0;0.0;0.0;0.0
2030-10-04 22:00:00;79.73190235034977;0.0;0.0;0.0;0.0;0.0;0.0;0.0
2030-10-04 23:00:00;79.60757514934924;0.0;0.0;0.0;0.0;0.0;0.0;0.0
2030-10-05 00:00:00;79.51133054037685;0.0;0.0;0.0;0.0;0.0;0.0;0.0
2030-10-05 01:00:00;79.45273173265308;0.0;0.0;0.0;0.0;0.0;0.0;0.0
2030-10-05 02:00:00;79.39766962689205;0.0;0.0;0.0;0.0;0.0;0.0;0.0
2030-10-05 03:00:00;79.37830614938889;0.0;0.0;0.0;0.0;0.0;0.0;0.0
2030-10-05 04:00:00;79.3997702716456;0.0;0.0;0.0;0.0;0.0;0.0;0.0
2030-10-05 05:00:00;79.395220930105;0.0;0.0;0.0;0.0;0.0;0.0;0.0
2030-10-05 06:00:00;79.41181506445946;0.0;0.0;0.0;0.0;0.0;0.0;0.0
2030-10-05 07:00:00;79.46821319672713;0.0;0.0;0.0;0.0;0.0;0.0;0.0
2030-10-05 08:00:00;79.52640640050632;0.0;0.0;0.0;0.0;0.0;0.0;0.0
2030-10-05 09:00:00;79.57129963169722;0.0;0.0;0.0;0.0;0.0;0.0;0.0
2030-10-05 10:00:00;79.55766668019491;0.0;0.0;0.0;0.0;0.0;0.0;0.0
2030-10-05 11:00:00;79.54763072313364;0.0;0.0;0.0;0.0;0.0;0.0;0.0
2030-10-05 12:00:00;79.5789334816137;0.0;0.0;0.0;0.0;0.0;0.0;0.0
2030-10-05 13:00:00;79.53121472564669;0.0;0.0;0.0;0.0;0.0;0.0;0.0
2030-10-05 14:00:00;79.51887395157598;0.0;0.0;0.0;0.0;0.0;0.0;0.0
2030-10-05 15:00:00;79.50302114064723;0.0;0.0;0.0;0.0;0.0;0.0;0.0
2030-10-05 16:00:00;79.49675209319292;0.0;0.0;0.0;0.0;0.0;0.0;0.0
2030-10-05 17:00:00;79.46667573853179;0.0;0.0;0.0;0.0;0.0;0.0;0.0
2030-10-05 18:00:00;79.4564452011998;0.0;0.0;0.0;0.0;0.0;0.0;0.0
2030-10-05 19:00:00;79.44960748605288;0.0;0.0;0.0;0.0;0.0;0.0;0.0
2030-10-05 20:00:00;79.46392969020425;0.0;0.0;0.0;0.0;0.0;0.0;0.0
2030-10-05 21:00:00;79.50188791611288;0.0;0.0;0.0;0.0;0.0;0.0;0.0
2030-10-05 22:00:00;79.51555375442149;0.0;0.0;0.0;0.0;0.0;0.0;0.0
2030-10-05 23:00:00;79.47328598660165;0.0;0.0;0.0;0.0;0.0;0.0;0.0
2030-10-06 00:00:00;79.37582182522831;0.0;0.0;0.0;0.0;0.0;0.0;0.0
2030-10-06 01:00:00;79.25997256883977;0.0;0.0;0.0;0.0;0.0;0.0;0.0
2030-10-06 02:00:00;79.21486694369143;0.0;0.0;0.0;0.0;0.0;0.0;0.0
2030-10-06 03:00:00;79.21134120399745;0.0;0.0;0.0;0.0;0.0;0.0;0.0
2030-10-06 04:00:00;79.20437742275968;0.0;0.0;0.0;0.0;0.0;0.0;0.0
2030-10-06 05:00:00;79.20648628921481;0.0;0.0;0.0;0.0;0.0;0.0;0.0
2030-10-06 06:00:00;79.25211947354782;0.0;0.0;0.0;0.0;0.0;0.0;0.0
2030-10-06 07:00:00;79.31453452108805;0.0;0.0;0.0;0.0;0.0;0.0;0.0
2030-10-06 08:00:00;79.35904544315548;0.0;0.0;0.0;0.0;0.0;0.0;0.0
2030-10-06 09:00:00;79.42603312705748;0.0;0.0;0.0;0.0;0.0;0.0;0.0
2030-10-06 10:00:00;79.4569193193242;0.0;0.0;0.0;0.0;0.0;0.0;0.0
2030-10-06 11:00:00;79.44989798617536;0.0;0.0;0.0;0.0;0.0;0.0;0.0
2030-10-06 12:00:00;79.43179928043185;0.0;0.0;0.0;0.0;0.0;0.0;0.0
2030-10-06 13:00:00;79.45653426963355;0.0;0.0;0.0;0.0;0.0;0.0;0.0
2030-10-06 14:00:00;79.45820327505419;0.0;0.0;0.0;0.0;0.0;0.0;0.0
2030-10-06 15:00:00;79.44610367089645;0.0;0.0;0.0;0.0;0.0;0.0;0.0
2030-10-06 16:00:00;79.40865930133654;0.0;0.0;0.0;0.0;0.0;0.0;0.0
2030-10-06 17:00:00;79.45633694879567;0.0;0.0;0.0;0.0;0.0;0.0;0.0
2030-10-06 18:00:00;79.47446854134549;0.0;0.0;0.0;0.0;0.0;0.0;0.0
2030-10-06 19:00:00;79.48212157523234;0.0;0.0;0.0;0.0;0.0;0.0;0.0
2030-10-06 20:00:00;79.47144843629863;0.0;0.0;0.0;0.0;0.0;0.0;0.0
2030-10-06 21:00:00;79.48699430370175;0.0;0.0;0.0;0.0;0.0;0.0;0.0
2030-10-06 22:00:00;79.48889351676658;0.0;0.0;0.0;0.0;0.0;0.0;0.0
2030-10-06 23:00:00;79.48662021627987;0.0;0.0;0.0;0.0;0.0;0.0;0.0
2030-10-07 00:00:00;79.6557899479782;0.0;0.0;0.0;0.0;0.0;0.0;0.0
2030-10-07 01:00:00;79.4044511604115;0.0;0.0;0.0;0.0;0.0;0.0;0.0
2030-10-07 02:00:00;79.37934756492228;0.0;0.0;0.0;0.0;0.0;0.0;0.0
2030-10-07 03:00:00;79.37704959933083;0.0;0.0;0.0;0.0;0.0;0.0;0.0
2030-10-07 04:00:00;79.42853663518841;0.0;0.0;0.0;0.0;0.0;0.0;0.0
2030-10-07 05:00:00;79.63219366444525;0.0;0.0;0.0;0.0;0.0;0.0;0.0
2030-10-07 06:00:00;79.77240793346442;0.0;0.0;0.0;0.0;0.0;0.0;0.0
2030-10-07 07:00:00;79.74912955572587;0.0;0.0;0.0;0.0;0.0;0.0;0.0
2030-10-07 08:00:00;79.88226219911795;0.0;0.0;0.0;0.0;0.0;0.0;0.0
2030-10-07 09:00:00;79.91347588916425;0.0;0.0;0.0;0.0;0.0;0.0;0.0
2030-10-07 10:00:00;79.89068944323687;0.0;0.0;0.0;0.0;0.0;0.0;0.0
2030-10-07 11:00:00;79.94786178573662;0.0;0.0;0.0;0.0;0.0;0.0;0.0
2030-10-07 12:00:00;79.86384284701285;0.0;0.0;0.0;0.0;0.0;0.0;0.0
2030-10-07 13:00:00;79.84229376717315;0.0;0.0;0.0;0.0;0.0;0.0;0.0
2030-10-07 14:00:00;79.8061854241199;0.0;0.0;0.0;0.0;0.0;0.0;0.0
2030-10-07 15:00:00;79.85587738846597;0.0;0.0;0.0;0.0;0.0;0.0;0.0
2030-10-07 16:00:00;79.85672833457944;0.0;0.0;0.0;0.0;0.0;0.0;0.0
2030-10-07 17:00:00;79.84266648431142;0.0;0.0;0.0;0.0;0.0;0.0;0.0
2030-10-07 18:00:00;79.89194873386211;0.0;0.0;0.0;0.0;0.0;0.0;0.0
2030-10-07 19:00:00;79.85811643186275;0.0;0.0;0.0;0.0;0.0;0.0;0.0
2030-10-07 20:00:00;79.90080898759756;0.0;0.0;0.0;0.0;0.0;0.0;0.0
2030-10-07 21:00:00;79.85820687058013;0.0;0.0;0.0;0.0;0.0;0.0;0.0
2030-10-07 22:00:00;79.83459551392762;0.0;0.0;0.0;0.0;0.0;0.0;0.0
2030-10-07 23:00:00;79.76013978442431;0.0;0.0;0.0;0.0;0.0;0.0;0.0
2030-10-08 00:00:00;79.56586645723681;0.0;0.0;0.0;0.0;0.0;0.0;0.0
2030-10-08 01:00:00;79.37445291191531;0.0;0.0;0.0;0.0;0.0;0.0;0.0
2030-10-08 02:00:00;79.30153601089098;0.0;0.0;0.0;0.0;0.0;0.0;0.0
2030-10-08 03:00:00;79.27122533773482;0.0;0.0;0.0;0.0;0.0;0.0;0.0
2030-10-08 04:00:00;79.29534506960168;0.0;0.0;0.0;0.0;0.0;0.0;0.0
2030-10-08 05:00:00;79.51989070200463;0.0;0.0;0.0;0.0;0.0;0.0;0.0
2030-10-08 06:00:00;86.09492796456766;0.0;0.0;0.0;0.0;0.0;0.0;0.0
2030-10-08 07:00:00;85.8969617230874;0.0;0.0;0.0;0.0;0.0;0.0;0.0
2030-10-08 08:00:00;79.79750193696843;0.0;0.0;0.0;0.0;0.0;0.0;0.0
2030-10-08 09:00:00;79.77120208389944;0.0;0.0;0.0;0.0;0.0;0.0;0.0
2030-10-08 10:00:00;79.73813988128136;0.0;0.0;0.0;0.0;0.0;0.0;0.0
2030-10-08 11:00:00;79.8762137673227;0.0;0.0;0.0;0.0;0.0;0.0;0.0
2030-10-08 12:00:00;79.919651757334;0.0;0.0;0.0;0.0;0.0;0.0;0.0
2030-10-08 13:00:00;79.86139415022576;0.0;0.0;0.0;0.0;0.0;0.0;0.0
2030-10-08 14:00:00;79.8362795924678;0.0;0.0;0.0;0.0;0.0;0.0;0.0
2030-10-08 15:00:00;79.84586883707661;0.0;0.0;0.0;0.0;0.0;0.0;0.0
2030-10-08 16:00:00;86.33813960012313;0.0;0.0;0.0;0.0;0.0;0.0;0.0
2030-10-08 17:00:00;86.24611957547897;0.0;0.0;0.0;0.0;0.0;0.0;0.0
2030-10-08 18:00:00;86.2630083208067;0.0;0.0;0.0;0.0;0.0;0.0;0.0
2030-10-08 19:00:00;86.2963062122034;0.0;0.0;0.0;0.0;0.0;0.0;0.0
2030-10-08 20:00:00;86.27818558192234;0.0;0.0;0.0;0.0;0.0;0.0;0.0
2030-10-08 21:00:00;86.21346845793988;0.0;0.0;0.0;0.0;0.0;0.0;0.0
2030-10-08 22:00:00;86.10742221040121;0.0;0.0;0.0;0.0;0.0;0.0;0.0
2030-10-08 23:00:00;86.0066268896046;0.0;0.0;0.0;0.0;0.0;0.0;0.0
2030-10-09 00:00:00;85.70314881118833;0.0;0.0;0.0;0.0;0.0;0.0;0.0
2030-10-09 01:00:00;85.51494995118442;0.0;0.0;0.0;0.0;0.0;0.0;0.0
2030-10-09 02:00:00;85.47036092295198;0.0;0.0;0.0;0.0;0.0;0.0;0.0
2030-10-09 03:00:00;85.44490927542928;0.0;0.0;0.0;0.0;0.0;0.0;0.0
2030-10-09 04:00:00;85.51077469706567;0.0;0.0;0.0;0.0;0.0;0.0;0.0
2030-10-09 05:00:00;85.81239741149219;0.0;0.0;0.0;0.0;0.0;0.0;0.0
2030-10-09 06:00:00;86.13789046617096;0.0;0.0;0.0;0.0;0.0;0.0;0.0
2030-10-09 07:00:00;86.30971991833023;0.0;0.0;0.0;0.0;0.0;0.0;0.0
2030-10-09 08:00:00;86.28108510201267;0.0;0.0;0.0;0.0;0.0;0.0;0.0
2030-10-09 09:00:00;86.22088854361529;0.0;0.0;0.0;0.0;0.0;0.0;0.0
2030-10-09 10:00:00;79.7258155506138;0.0;0.0;0.0;0.0;0.0;0.0;0.0
2030-10-09 11:00:00;79.74862803192951;0.0;0.0;0.0;0.0;0.0;0.0;0.0
2030-10-09 12:00:00;84.14395106657561;0.0;0.0;0.0;0.0;0.0;0.0;0.0
2030-10-09 13:00:00;84.46801080461239;0.0;0.0;0.0;0.0;0.0;0.0;0.0
2030-10-09 14:00:00;86.29368348939956;0.0;0.0;0.0;0.0;0.0;0.0;0.0
2030-10-09 15:00:00;86.31722633187226;0.0;0.0;0.0;0.0;0.0;0.0;0.0
2030-10-09 16:00:00;86.40038610278098;0.0;0.0;0.0;0.0;0.0;0.0;0.0
2030-10-09 17:00:00;86.35167937234085;0.0;0.0;0.0;0.0;0.0;0.0;0.0
2030-10-09 18:00:00;86.38680385177176;0.0;0.0;0.0;0.0;0.0;0.0;0.0
2030-10-09 19:00:00;86.43364288566977;0.0;0.0;0.0;0.0;0.0;0.0;0.0
2030-10-09 20:00:00;86.34053074499914;0.0;0.0;0.0;0.0;0.0;0.0;0.0
2030-10-09 21:00:00;86.33058522665522;0.0;0.0;0.0;0.0;0.0;0.0;0.0
2030-10-09 22:00:00;86.30623254657696;0.0;0.0;0.0;0.0;0.0;0.0;0.0
2030-10-09 23:00:00;86.18247127270182;0.0;0.0;0.0;0.0;0.0;0.0;0.0
2030-10-10 00:00:00;86.00105942735172;0.0;0.0;0.0;0.0;0.0;0.0;0.0
2030-10-10 01:00:00;85.83052626347482;0.0;0.0;0.0;0.0;0.0;0.0;0.0
2030-10-10 02:00:00;85.6905737186226;0.0;0.0;0.0;0.0;0.0;0.0;0.0
2030-10-10 03:00:00;85.62428213878768;0.0;0.0;0.0;0.0;0.0;0.0;0.0
2030-10-10 04:00:00;85.6533239293334;0.0;0.0;0.0;0.0;0.0;0.0;0.0
2030-10-10 05:00:00;85.8209027617761;0.0;0.0;0.0;0.0;0.0;0.0;0.0
2030-10-10 06:00:00;86.21884271020562;0.0;0.0;0.0;0.0;0.0;0.0;0.0
2030-10-10 07:00:00;86.37577306881937;0.0;0.0;0.0;0.0;0.0;0.0;0.0
2030-10-10 08:00:00;86.35563538108414;0.0;0.0;0.0;0.0;0.0;0.0;0.0
2030-10-10 09:00:00;86.29253519174564;0.0;0.0;0.0;0.0;0.0;0.0;0.0
2030-10-10 10:00:00;86.34430039517332;0.0;0.0;0.0;0.0;0.0;0.0;0.0
2030-10-10 11:00:00;85.90876123513749;0.0;0.0;0.0;0.0;0.0;0.0;0.0
2030-10-10 12:00:00;83.17562371965525;0.0;0.0;0.0;0.0;0.0;0.0;0.0
2030-10-10 13:00:00;86.30002379160089;0.0;0.0;0.0;0.0;0.0;0.0;0.0
2030-10-10 14:00:00;86.28712668238997;0.0;0.0;0.0;0.0;0.0;0.0;0.0
2030-10-10 15:00:00;86.30755624053124;0.0;0.0;0.0;0.0;0.0;0.0;0.0
2030-10-10 16:00:00;86.2309971257072;0.0;0.0;0.0;0.0;0.0;0.0;0.0
2030-10-10 17:00:00;86.2826773715519;0.0;0.0;0.0;0.0;0.0;0.0;0.0
2030-10-10 18:00:00;86.32877782259135;0.0;0.0;0.0;0.0;0.0;0.0;0.0
2030-10-10 19:00:00;86.35509274877991;0.0;0.0;0.0;0.0;0.0;0.0;0.0
2030-10-10 20:00:00;86.33962224697461;0.0;0.0;0.0;0.0;0.0;0.0;0.0
2030-10-10 21:00:00;86.26128724460943;0.0;0.0;0.0;0.0;0.0;0.0;0.0
2030-10-10 22:00:00;86.15939295636835;0.0;0.0;0.0;0.0;0.0;0.0;0.0
2030-10-10 23:00:00;86.02458993727205;0.0;0.0;0.0;0.0;0.0;0.0;0.0
2030-10-11 00:00:00;85.95613604992172;0.0;0.0;0.0;0.0;0.0;0.0;0.0
2030-10-11 01:00:00;85.73686737964917;0.0;0.0;0.0;0.0;0.0;0.0;0.0
2030-10-11 02:00:00;85.5988551563697;0.0;0.0;0.0;0.0;0.0;0.0;0.0
2030-10-11 03:00:00;85.50606777291145;0.0;0.0;0.0;0.0;0.0;0.0;0.0
2030-10-11 04:00:00;85.51718214316324;0.0;0.0;0.0;0.0;0.0;0.0;0.0
2030-10-11 05:00:00;85.73272638262031;0.0;0.0;0.0;0.0;0.0;0.0;0.0
2030-10-11 06:00:00;86.10275091362048;0.0;0.0;0.0;0.0;0.0;0.0;0.0
2030-10-11 07:00:00;86.24644844354214;0.0;0.0;0.0;0.0;0.0;0.0;0.0
2030-10-11 08:00:00;86.20264321752695;0.0;0.0;0.0;0.0;0.0;0.0;0.0
2030-10-11 09:00:00;86.16519062626546;0.0;0.0;0.0;0.0;0.0;0.0;0.0
2030-10-11 10:00:00;86.05006213904872;0.0;0.0;0.0;0.0;0.0;0.0;0.0
2030-10-11 11:00:00;86.12419859247402;0.0;0.0;0.0;0.0;0.0;0.0;0.0
2030-10-11 12:00:00;86.25829043438371;0.0;0.0;0.0;0.0;0.0;0.0;0.0
2030-10-11 13:00:00;86.28985354674712;0.0;0.0;0.0;0.0;0.0;0.0;0.0
2030-10-11 14:00:00;86.3355949834843;0.0;0.0;0.0;0.0;0.0;0.0;0.0
2030-10-11 15:00:00;86.34068147619477;0.0;0.0;0.0;0.0;0.0;0.0;0.0
2030-10-11 16:00:00;86.26100085533773;0.0;0.0;0.0;0.0;0.0;0.0;0.0
2030-10-11 17:00:00;86.33248992085446;0.0;0.0;0.0;0.0;0.0;0.0;0.0
2030-10-11 18:00:00;86.3440701875291;0.0;0.0;0.0;0.0;0.0;0.0;0.0
2030-10-11 19:00:00;86.35474743731356;0.0;0.0;0.0;0.0;0.0;0.0;0.0
2030-10-11 20:00:00;86.31075037159486;0.0;0.0;0.0;0.0;0.0;0.0;0.0
2030-10-11 21:00:00;86.18244934816428;0.0;0.0;0.0;0.0;0.0;0.0;0.0
2030-10-11 22:00:00;86.12186499950906;0.0;0.0;0.0;0.0;0.0;0.0;0.0
2030-10-11 23:00:00;86.03059863084303;0.0;0.0;0.0;0.0;0.0;0.0;0.0
2030-10-12 00:00:00;85.80460871952927;0.0;0.0;0.0;0.0;0.0;0.0;0.0
2030-10-12 01:00:00;85.63620223579426;0.0;0.0;0.0;0.0;0.0;0.0;0.0
2030-10-12 02:00:00;85.585699063559;0.0;0.0;0.0;0.0;0.0;0.0;0.0
2030-10-12 03:00:00;85.60410334254456;0.0;0.0;0.0;0.0;0.0;0.0;0.0
2030-10-12 04:00:00;85.59751364872864;0.0;0.0;0.0;0.0;0.0;0.0;0.0
2030-10-12 05:00:00;85.7199882263066;0.0;0.0;0.0;0.0;0.0;0.0;0.0
2030-10-12 06:00:00;85.88346442966116;0.0;0.0;0.0;0.0;0.0;0.0;0.0
2030-10-12 07:00:00;86.0160119619575;0.0;0.0;0.0;0.0;0.0;0.0;0.0
2030-10-12 08:00:00;86.07831190567565;0.0;0.0;0.0;0.0;0.0;0.0;0.0
2030-10-12 09:00:00;86.15385838092182;0.0;0.0;0.0;0.0;0.0;0.0;0.0
2030-10-12 10:00:00;79.71108500195065;0.0;0.0;0.0;0.0;0.0;0.0;0.0
2030-10-12 11:00:00;79.72599642804855;0.0;0.0;0.0;0.0;0.0;0.0;0.0
2030-10-12 12:00:00;79.72491390400725;0.0;0.0;0.0;0.0;0.0;0.0;0.0
2030-10-12 13:00:00;79.70422399198263;0.0;0.0;0.0;0.0;0.0;0.0;0.0
2030-10-12 14:00:00;79.69507049755752;0.0;0.0;0.0;0.0;0.0;0.0;0.0
2030-10-12 15:00:00;79.67151806309964;0.0;0.0;0.0;0.0;0.0;0.0;0.0
2030-10-12 16:00:00;79.68957291976807;0.0;0.0;0.0;0.0;0.0;0.0;0.0
2030-10-12 17:00:00;79.66955170613858;0.0;0.0;0.0;0.0;0.0;0.0;0.0
2030-10-12 18:00:00;79.65810435697281;0.0;0.0;0.0;0.0;0.0;0.0;0.0
2030-10-12 19:00:00;79.6848070734192;0.0;0.0;0.0;0.0;0.0;0.0;0.0
2030-10-12 20:00:00;79.66441725350222;0.0;0.0;0.0;0.0;0.0;0.0;0.0
2030-10-12 21:00:00;79.59820652039949;0.0;0.0;0.0;0.0;0.0;0.0;0.0
2030-10-12 22:00:00;79.51911649177256;0.0;0.0;0.0;0.0;0.0;0.0;0.0
2030-10-12 23:00:00;79.50206331241324;0.0;0.0;0.0;0.0;0.0;0.0;0.0
2030-10-13 00:00:00;79.42175373138538;0.0;0.0;0.0;0.0;0.0;0.0;0.0
2030-10-13 01:00:00;79.36469375214055;0.0;0.0;0.0;0.0;0.0;0.0;0.0
2030-10-13 02:00:00;79.34097277280031;0.0;0.0;0.0;0.0;0.0;0.0;0.0
2030-10-13 03:00:00;79.32499115521348;0.0;0.0;0.0;0.0;0.0;0.0;0.0
2030-10-13 04:00:00;79.35474960408024;0.0;0.0;0.0;0.0;0.0;0.0;0.0
2030-10-13 05:00:00;79.3689567044095;0.0;0.0;0.0;0.0;0.0;0.0;0.0
2030-10-13 06:00:00;79.3746255676485;0.0;0.0;0.0;0.0;0.0;0.0;0.0
2030-10-13 07:00:00;79.41365809589684;0.0;0.0;0.0;0.0;0.0;0.0;0.0
2030-10-13 08:00:00;79.41482831808831;0.0;0.0;0.0;0.0;0.0;0.0;0.0
2030-10-13 09:00:00;79.42130701893291;0.0;0.0;0.0;0.0;0.0;0.0;0.0
2030-10-13 10:00:00;79.41713998651574;0.0;0.0;0.0;0.0;0.0;0.0;0.0
2030-10-13 11:00:00;79.39131699213834;0.0;0.0;0.0;0.0;0.0;0.0;0.0
2030-10-13 12:00:00;79.38397090177712;0.0;0.0;0.0;0.0;0.0;0.0;0.0
2030-10-13 13:00:00;79.36040613476689;0.0;0.0;0.0;0.0;0.0;0.0;0.0
2030-10-13 14:00:00;79.35475097436384;0.0;0.0;0.0;0.0;0.0;0.0;0.0
2030-10-13 15:00:00;79.38183462965007;0.0;0.0;0.0;0.0;0.0;0.0;0.0
2030-10-13 16:00:00;79.35911669790251;0.0;0.0;0.0;0.0;0.0;0.0;0.0
2030-10-13 17:00:00;79.38675942889614;0.0;0.0;0.0;0.0;0.0;0.0;0.0
2030-10-13 18:00:00;79.4013598006176;0.0;0.0;0.0;0.0;0.0;0.0;0.0
2030-10-13 19:00:00;79.44919503069033;0.0;0.0;0.0;0.0;0.0;0.0;0.0
2030-10-13 20:00:00;79.44128712405453;0.0;0.0;0.0;0.0;0.0;0.0;0.0
2030-10-13 21:00:00;79.41707421290309;0.0;0.0;0.0;0.0;0.0;0.0;0.0
2030-10-13 22:00:00;79.39221041704332;0.0;0.0;0.0;0.0;0.0;0.0;0.0
2030-10-13 23:00:00;79.38583859831925;0.0;0.0;0.0;0.0;0.0;0.0;0.0
2030-10-14 00:00:00;79.44778363858586;0.0;0.0;0.0;0.0;0.0;0.0;0.0
2030-10-14 01:00:00;79.39538399385296;0.0;0.0;0.0;0.0;0.0;0.0;0.0
2030-10-14 02:00:00;79.36644360429338;0.0;0.0;0.0;0.0;0.0;0.0;0.0
2030-10-14 03:00:00;79.35968125474432;0.0;0.0;0.0;0.0;0.0;0.0;0.0
2030-10-14 04:00:00;79.38869152876731;0.0;0.0;0.0;0.0;0.0;0.0;0.0
2030-10-14 05:00:00;79.53650539061306;0.0;0.0;0.0;0.0;0.0;0.0;0.0
2030-10-14 06:00:00;79.59745149413777;0.0;0.0;0.0;0.0;0.0;0.0;0.0
2030-10-14 07:00:00;79.62290999307848;0.0;0.0;0.0;0.0;0.0;0.0;0.0
2030-10-14 08:00:00;79.64223373235731;0.0;0.0;0.0;0.0;0.0;0.0;0.0
2030-10-14 09:00:00;79.68017825542998;0.0;0.0;0.0;0.0;0.0;0.0;0.0
2030-10-14 10:00:00;79.64133208575078;0.0;0.0;0.0;0.0;0.0;0.0;0.0
2030-10-14 11:00:00;79.62488731230832;0.0;0.0;0.0;0.0;0.0;0.0;0.0
2030-10-14 12:00:00;79.63625929587627;0.0;0.0;0.0;0.0;0.0;0.0;0.0
2030-10-14 13:00:00;79.63131531265984;0.0;0.0;0.0;0.0;0.0;0.0;0.0
2030-10-14 14:00:00;86.15318146082511;0.0;0.0;0.0;0.0;0.0;0.0;0.0
2030-10-14 15:00:00;86.10371285270527;0.0;0.0;0.0;0.0;0.0;0.0;0.0
2030-10-14 16:00:00;86.1329999240148;0.0;0.0;0.0;0.0;0.0;0.0;0.0
2030-10-14 17:00:00;86.14859649191098;0.0;0.0;0.0;0.0;0.0;0.0;0.0
2030-10-14 18:00:00;86.10256592533496;0.0;0.0;0.0;0.0;0.0;0.0;0.0
2030-10-14 19:00:00;85.42843435574771;0.0;0.0;0.0;0.0;0.0;0.0;0.0
2030-10-14 20:00:00;85.94267575415265;0.0;0.0;0.0;0.0;0.0;0.0;0.0
2030-10-14 21:00:00;82.17038093264327;0.0;0.0;0.0;0.0;0.0;0.0;0.0
2030-10-14 22:00:00;79.6165039172645;0.0;0.0;0.0;0.0;0.0;0.0;0.0
2030-10-14 23:00:00;79.60397267377385;0.0;0.0;0.0;0.0;0.0;0.0;0.0
2030-10-15 00:00:00;79.5241002132133;0.0;0.0;0.0;0.0;0.0;0.0;0.0
2030-10-15 01:00:00;79.46910662163211;0.0;0.0;0.0;0.0;0.0;0.0;0.0
2030-10-15 02:00:00;79.43821220766381;0.0;0.0;0.0;0.0;0.0;0.0;0.0
2030-10-15 03:00:00;79.46585082780663;0.0;0.0;0.0;0.0;0.0;0.0;0.0
2030-10-15 04:00:00;79.50975745480798;0.0;0.0;0.0;0.0;0.0;0.0;0.0
2030-10-15 05:00:00;79.62027082687148;0.0;0.0;0.0;0.0;0.0;0.0;0.0
2030-10-15 06:00:00;79.69678061148603;0.0;0.0;0.0;0.0;0.0;0.0;0.0
2030-10-15 07:00:00;79.78424170260442;0.0;0.0;0.0;0.0;0.0;0.0;0.0
2030-10-15 08:00:00;79.82935691973793;0.0;0.0;0.0;0.0;0.0;0.0;0.0
2030-10-15 09:00:00;79.84218962561981;0.0;0.0;0.0;0.0;0.0;0.0;0.0
2030-10-15 10:00:00;79.81952239436534;0.0;0.0;0.0;0.0;0.0;0.0;0.0
2030-10-15 11:00:00;79.83062854291556;0.0;0.0;0.0;0.0;0.0;0.0;0.0
2030-10-15 12:00:00;79.83591646731472;0.0;0.0;0.0;0.0;0.0;0.0;0.0
2030-10-15 13:00:00;79.79833095854434;0.0;0.0;0.0;0.0;0.0;0.0;0.0
2030-10-15 14:00:00;79.77601863074139;0.0;0.0;0.0;0.0;0.0;0.0;0.0
2030-10-15 15:00:00;79.80285974583101;0.0;0.0;0.0;0.0;0.0;0.0;0.0
2030-10-15 16:00:00;79.85419742077657;0.0;0.0;0.0;0.0;0.0;0.0;0.0
2030-10-15 17:00:00;79.91734145919017;0.0;0.0;0.0;0.0;0.0;0.0;0.0
2030-10-15 18:00:00;79.94259715615857;0.0;0.0;0.0;0.0;0.0;0.0;0.0
2030-10-15 19:00:00;79.92148108593543;0.0;0.0;0.0;0.0;0.0;0.0;0.0
2030-10-15 20:00:00;79.8955484688703;0.0;0.0;0.0;0.0;0.0;0.0;0.0
2030-10-15 21:00:00;79.95118609374188;0.0;0.0;0.0;0.0;0.0;0.0;0.0
2030-10-15 22:00:00;79.7511493537472;0.0;0.0;0.0;0.0;0.0;0.0;0.0
2030-10-15 23:00:00;79.69877163355184;0.0;0.0;0.0;0.0;0.0;0.0;0.0
2030-10-16 00:00:00;79.66935575558428;0.0;0.0;0.0;0.0;0.0;0.0;0.0
2030-10-16 01:00:00;79.66137933476863;0.0;0.0;0.0;0.0;0.0;0.0;0.0
2030-10-16 02:00:00;79.66740447174274;0.0;0.0;0.0;0.0;0.0;0.0;0.0
2030-10-16 03:00:00;79.58754982486894;0.0;0.0;0.0;0.0;0.0;0.0;0.0
2030-10-16 04:00:00;79.63190316432278;0.0;0.0;0.0;0.0;0.0;0.0;0.0
2030-10-16 05:00:00;79.72612523470661;0.0;0.0;0.0;0.0;0.0;0.0;0.0
2030-10-16 06:00:00;79.99952969902894;0.0;0.0;0.0;0.0;0.0;0.0;0.0
2030-10-16 07:00:00;80.04086430371952;0.0;0.0;0.0;0.0;0.0;0.0;0.0
2030-10-16 08:00:00;80.02880032693528;0.0;0.0;0.0;0.0;0.0;0.0;0.0
2030-10-16 09:00:00;80.02186532165305;0.0;0.0;0.0;0.0;0.0;0.0;0.0
2030-10-16 10:00:00;79.97150465891185;0.0;0.0;0.0;0.0;0.0;0.0;0.0
2030-10-16 11:00:00;79.97967291943101;0.0;0.0;0.0;0.0;0.0;0.0;0.0
2030-10-16 12:00:00;79.95481186413843;0.0;0.0;0.0;0.0;0.0;0.0;0.0
2030-10-16 13:00:00;79.98707519141968;0.0;0.0;0.0;0.0;0.0;0.0;0.0
2030-10-16 14:00:00;80.0479390779286;0.0;0.0;0.0;0.0;0.0;0.0;0.0
2030-10-16 15:00:00;80.04286354748692;0.0;0.0;0.0;0.0;0.0;0.0;0.0
2030-10-16 16:00:00;80.02268338096022;0.0;0.0;0.0;0.0;0.0;0.0;0.0
2030-10-16 17:00:00;80.0762710615713;0.0;0.0;0.0;0.0;0.0;0.0;0.0
2030-10-16 18:00:00;80.06563629057833;0.0;0.0;0.0;0.0;0.0;0.0;0.0
2030-10-16 19:00:00;80.0102905361128;0.0;0.0;0.0;0.0;0.0;0.0;0.0
2030-10-16 20:00:00;79.95710571887909;0.0;0.0;0.0;0.0;0.0;0.0;0.0
2030-10-16 21:00:00;79.92148108593543;0.0;0.0;0.0;0.0;0.0;0.0;0.0
2030-10-16 22:00:00;79.87578212798977;0.0;0.0;0.0;0.0;0.0;0.0;0.0
2030-10-16 23:00:00;79.79462160084844;0.0;0.0;0.0;0.0;0.0;0.0;0.0
2030-10-17 00:00:00;79.78571886832151;0.0;0.0;0.0;0.0;0.0;0.0;0.0
2030-10-17 01:00:00;79.75068482760796;0.0;0.0;0.0;0.0;0.0;0.0;0.0
2030-10-17 02:00:00;79.7429153196154;0.0;0.0;0.0;0.0;0.0;0.0;0.0
2030-10-17 03:00:00;79.79373228679427;0.0;0.0;0.0;0.0;0.0;0.0;0.0
2030-10-17 04:00:00;79.82142982913174;0.0;0.0;0.0;0.0;0.0;0.0;0.0
2030-10-17 05:00:00;79.86615314515666;0.0;0.0;0.0;0.0;0.0;0.0;0.0
2030-10-17 06:00:00;79.95422401247548;0.0;0.0;0.0;0.0;0.0;0.0;0.0
2030-10-17 07:00:00;80.0305940281632;0.0;0.0;0.0;0.0;0.0;0.0;0.0
2030-10-17 08:00:00;80.00520267311875;0.0;0.0;0.0;0.0;0.0;0.0;0.0
2030-10-17 09:00:00;79.9818790760215;0.0;0.0;0.0;0.0;0.0;0.0;0.0
2030-10-17 10:00:00;79.99974894440439;0.0;0.0;0.0;0.0;0.0;0.0;0.0
2030-10-17 11:00:00;79.97304211710721;0.0;0.0;0.0;0.0;0.0;0.0;0.0
2030-10-17 12:00:00;79.93317919699935;0.0;0.0;0.0;0.0;0.0;0.0;0.0
2030-10-17 13:00:00;79.92854763844292;0.0;0.0;0.0;0.0;0.0;0.0;0.0
2030-10-17 14:00:00;79.89644463434247;0.0;0.0;0.0;0.0;0.0;0.0;0.0
2030-10-17 15:00:00;79.93274207653204;0.0;0.0;0.0;0.0;0.0;0.0;0.0
2030-10-17 16:00:00;79.95863084452206;0.0;0.0;0.0;0.0;0.0;0.0;0.0
2030-10-17 17:00:00;79.9744809148836;0.0;0.0;0.0;0.0;0.0;0.0;0.0
2030-10-17 18:00:00;80.00170570938027;0.0;0.0;0.0;0.0;0.0;0.0;0.0
2030-10-17 19:00:00;80.01780791192361;0.0;0.0;0.0;0.0;0.0;0.0;0.0
2030-10-17 20:00:00;79.99141350928645;0.0;0.0;0.0;0.0;0.0;0.0;0.0
2030-10-17 21:00:00;79.90106111977931;0.0;0.0;0.0;0.0;0.0;0.0;0.0
2030-10-17 22:00:00;79.84504392635148;0.0;0.0;0.0;0.0;0.0;0.0;0.0
2030-10-17 23:00:00;79.74792233587729;0.0;0.0;0.0;0.0;0.0;0.0;0.0
2030-10-18 00:00:00;79.77931005194034;0.0;0.0;0.0;0.0;0.0;0.0;0.0
2030-10-18 01:00:00;79.78403341949772;0.0;0.0;0.0;0.0;0.0;0.0;0.0
2030-10-18 02:00:00;79.7282491742813;0.0;0.0;0.0;0.0;0.0;0.0;0.0
2030-10-18 03:00:00;79.71107403968188;0.0;0.0;0.0;0.0;0.0;0.0;0.0
2030-10-18 04:00:00;79.70205346276563;0.0;0.0;0.0;0.0;0.0;0.0;0.0
2030-10-18 05:00:00;79.78163816377094;0.0;0.0;0.0;0.0;0.0;0.0;0.0
2030-10-18 06:00:00;79.888314741764;0.0;0.0;0.0;0.0;0.0;0.0;0.0
2030-10-18 07:00:00;79.93237209996097;0.0;0.0;0.0;0.0;0.0;0.0;0.0
2030-10-18 08:00:00;79.9857569785998;0.0;0.0;0.0;0.0;0.0;0.0;0.0
2030-10-18 09:00:00;79.98673947193853;0.0;0.0;0.0;0.0;0.0;0.0;0.0
2030-10-18 10:00:00;79.88009166990098;0.0;0.0;0.0;0.0;0.0;0.0;0.0
2030-10-18 11:00:00;79.83674548889064;0.0;0.0;0.0;0.0;0.0;0.0;0.0
2030-10-18 12:00:00;79.71316783301744;0.0;0.0;0.0;0.0;0.0;0.0;0.0
2030-10-18 13:00:00;79.68414933729284;0.0;0.0;0.0;0.0;0.0;0.0;0.0
2030-10-18 14:00:00;79.63797900178997;0.0;0.0;0.0;0.0;0.0;0.0;0.0
2030-10-18 15:00:00;79.68002615395076;0.0;0.0;0.0;0.0;0.0;0.0;0.0
2030-10-18 16:00:00;79.7826864307223;0.0;0.0;0.0;0.0;0.0;0.0;0.0
2030-10-18 17:00:00;79.89833014457135;0.0;0.0;0.0;0.0;0.0;0.0;0.0
2030-10-18 18:00:00;79.85484693520135;0.0;0.0;0.0;0.0;0.0;0.0;0.0
2030-10-18 19:00:00;79.77923331605894;0.0;0.0;0.0;0.0;0.0;0.0;0.0
2030-10-18 20:00:00;79.7839621647507;0.0;0.0;0.0;0.0;0.0;0.0;0.0
2030-10-18 21:00:00;79.63614145148696;0.0;0.0;0.0;0.0;0.0;0.0;0.0
2030-10-18 22:00:00;79.48615431985704;0.0;0.0;0.0;0.0;0.0;0.0;0.0
2030-10-18 23:00:00;79.4295396827811;0.0;0.0;0.0;0.0;0.0;0.0;0.0
2030-10-19 00:00:00;79.40115973921252;0.0;0.0;0.0;0.0;0.0;0.0;0.0
2030-10-19 01:00:00;79.3435379436931;0.0;0.0;0.0;0.0;0.0;0.0;0.0
2030-10-19 02:00:00;79.30123454849974;0.0;0.0;0.0;0.0;0.0;0.0;0.0
2030-10-19 03:00:00;79.2917686294146;0.0;0.0;0.0;0.0;0.0;0.0;0.0
2030-10-19 04:00:00;79.29120681314002;0.0;0.0;0.0;0.0;0.0;0.0;0.0
2030-10-19 05:00:00;79.29630015726849;0.0;0.0;0.0;0.0;0.0;0.0;0.0
2030-10-19 06:00:00;79.40942940071781;0.0;0.0;0.0;0.0;0.0;0.0;0.0
2030-10-19 07:00:00;79.47328735688524;0.0;0.0;0.0;0.0;0.0;0.0;0.0
2030-10-19 08:00:00;79.54273881069386;0.0;0.0;0.0;0.0;0.0;0.0;0.0
2030-10-19 09:00:00;79.62726475434837;0.0;0.0;0.0;0.0;0.0;0.0;0.0
2030-10-19 10:00:00;79.63425594125808;0.0;0.0;0.0;0.0;0.0;0.0;0.0
2030-10-19 11:00:00;79.61554334846329;0.0;0.0;0.0;0.0;0.0;0.0;0.0
2030-10-19 12:00:00;79.53131886720004;0.0;0.0;0.0;0.0;0.0;0.0;0.0
2030-10-19 13:00:00;79.489849974717;0.0;0.0;0.0;0.0;0.0;0.0;0.0
2030-10-19 14:00:00;79.61040341469257;0.0;0.0;0.0;0.0;0.0;0.0;0.0
2030-10-19 15:00:00;79.62664675644633;0.0;0.0;0.0;0.0;0.0;0.0;0.0
2030-10-19 16:00:00;86.19524368610548;0.0;0.0;0.0;0.0;0.0;0.0;0.0
2030-10-19 17:00:00;86.22059941377643;0.0;0.0;0.0;0.0;0.0;0.0;0.0
2030-10-19 18:00:00;86.22545158799187;0.0;0.0;0.0;0.0;0.0;0.0;0.0
2030-10-19 19:00:00;86.26489931216999;0.0;0.0;0.0;0.0;0.0;0.0;0.0
2030-10-19 20:00:00;86.23396790054457;0.0;0.0;0.0;0.0;0.0;0.0;0.0
2030-10-19 21:00:00;86.09298079157693;0.0;0.0;0.0;0.0;0.0;0.0;0.0
2030-10-19 22:00:00;86.17280118136081;0.0;0.0;0.0;0.0;0.0;0.0;0.0
2030-10-19 23:00:00;86.05653672904252;0.0;0.0;0.0;0.0;0.0;0.0;0.0
2030-10-20 00:00:00;85.89201773987097;0.0;0.0;0.0;0.0;0.0;0.0;0.0
2030-10-20 01:00:00;85.75816158673989;0.0;0.0;0.0;0.0;0.0;0.0;0.0
2030-10-20 02:00:00;85.67815209781968;0.0;0.0;0.0;0.0;0.0;0.0;0.0
2030-10-20 03:00:00;85.67721619412322;0.0;0.0;0.0;0.0;0.0;0.0;0.0
2030-10-20 04:00:00;85.72786598670329;0.0;0.0;0.0;0.0;0.0;0.0;0.0
2030-10-20 05:00:00;85.78346113278339;0.0;0.0;0.0;0.0;0.0;0.0;0.0
2030-10-20 06:00:00;85.94223726340172;0.0;0.0;0.0;0.0;0.0;0.0;0.0
2030-10-20 07:00:00;86.09729992547332;0.0;0.0;0.0;0.0;0.0;0.0;0.0
2030-10-20 08:00:00;86.20314885217408;0.0;0.0;0.0;0.0;0.0;0.0;0.0
2030-10-20 09:00:00;86.27141364038808;0.0;0.0;0.0;0.0;0.0;0.0;0.0
2030-10-20 10:00:00;86.28328714775238;0.0;0.0;0.0;0.0;0.0;0.0;0.0
2030-10-20 11:00:00;86.29917969690541;0.0;0.0;0.0;0.0;0.0;0.0;0.0
2030-10-20 12:00:00;86.29471120209699;0.0;0.0;0.0;0.0;0.0;0.0;0.0
2030-10-20 13:00:00;85.05035666805051;0.0;0.0;0.0;0.0;0.0;0.0;0.0
2030-10-20 14:00:00;86.27659057181593;0.0;0.0;0.0;0.0;0.0;0.0;0.0
2030-10-20 15:00:00;86.31730032718647;0.0;0.0;0.0;0.0;0.0;0.0;0.0
2030-10-20 16:00:00;86.32792276562708;0.0;0.0;0.0;0.0;0.0;0.0;0.0
2030-10-20 17:00:00;86.34513763845082;0.0;0.0;0.0;0.0;0.0;0.0;0.0
2030-10-20 18:00:00;86.354980385525;0.0;0.0;0.0;0.0;0.0;0.0;0.0
2030-10-20 19:00:00;86.37752566153938;0.0;0.0;0.0;0.0;0.0;0.0;0.0
2030-10-20 20:00:00;86.33701870814112;0.0;0.0;0.0;0.0;0.0;0.0;0.0
2030-10-20 21:00:00;86.32299111496303;0.0;0.0;0.0;0.0;0.0;0.0;0.0
2030-10-20 22:00:00;86.2836749380102;0.0;0.0;0.0;0.0;0.0;0.0;0.0
2030-10-20 23:00:00;86.25293262552113;0.0;0.0;0.0;0.0;0.0;0.0;0.0
2030-10-21 00:00:00;86.10691109461968;0.0;0.0;0.0;0.0;0.0;0.0;0.0
2030-10-21 01:00:00;86.07250875464416;0.0;0.0;0.0;0.0;0.0;0.0;0.0
2030-10-21 02:00:00;86.06989288325832;0.0;0.0;0.0;0.0;0.0;0.0;0.0
2030-10-21 03:00:00;86.03112893059492;0.0;0.0;0.0;0.0;0.0;0.0;0.0
2030-10-21 04:00:00;86.10539556096188;0.0;0.0;0.0;0.0;0.0;0.0;0.0
2030-10-21 05:00:00;86.16594702281076;0.0;0.0;0.0;0.0;0.0;0.0;0.0
2030-10-21 06:00:00;86.35886650980487;0.0;0.0;0.0;0.0;0.0;0.0;0.0
2030-10-21 07:00:00;86.38714231182011;0.0;0.0;0.0;0.0;0.0;0.0;0.0
2030-10-21 08:00:00;86.40524101756364;0.0;0.0;0.0;0.0;0.0;0.0;0.0
2030-10-21 09:00:00;86.41701312394177;0.0;0.0;0.0;0.0;0.0;0.0;0.0
2030-10-21 10:00:00;86.46625152441737;0.0;0.0;0.0;0.0;0.0;0.0;0.0
2030-10-21 11:00:00;86.42929497581784;0.0;0.0;0.0;0.0;0.0;0.0;0.0
2030-10-21 12:00:00;86.43430610293052;0.0;0.0;0.0;0.0;0.0;0.0;0.0
2030-10-21 13:00:00;86.45434924109756;0.0;0.0;0.0;0.0;0.0;0.0;0.0
2030-10-21 14:00:00;86.45870400236747;0.0;0.0;0.0;0.0;0.0;0.0;0.0
2030-10-21 15:00:00;86.44057515038483;0.0;0.0;0.0;0.0;0.0;0.0;0.0
2030-10-21 16:00:00;86.48744296023835;0.0;0.0;0.0;0.0;0.0;0.0;0.0
2030-10-21 17:00:00;86.47931032709272;0.0;0.0;0.0;0.0;0.0;0.0;0.0
2030-10-21 18:00:00;86.46896468593859;0.0;0.0;0.0;0.0;0.0;0.0;0.0
2030-10-21 19:00:00;86.48838023421841;0.0;0.0;0.0;0.0;0.0;0.0;0.0
2030-10-21 20:00:00;86.41786955118963;0.0;0.0;0.0;0.0;0.0;0.0;0.0
2030-10-21 21:00:00;86.42201739963646;0.0;0.0;0.0;0.0;0.0;0.0;0.0
2030-10-21 22:00:00;86.42698878852482;0.0;0.0;0.0;0.0;0.0;0.0;0.0
2030-10-21 23:00:00;86.35550931499327;0.0;0.0;0.0;0.0;0.0;0.0;0.0
2030-10-22 00:00:00;86.33961813612382;0.0;0.0;0.0;0.0;0.0;0.0;0.0
2030-10-22 01:00:00;86.34655177112248;0.0;0.0;0.0;0.0;0.0;0.0;0.0
2030-10-22 02:00:00;86.37320652764299;0.0;0.0;0.0;0.0;0.0;0.0;0.0
2030-10-22 03:00:00;86.3612905414872;0.0;0.0;0.0;0.0;0.0;0.0;0.0
2030-10-22 04:00:00;86.38000998569996;0.0;0.0;0.0;0.0;0.0;0.0;0.0
2030-10-22 05:00:00;86.3739245562476;0.0;0.0;0.0;0.0;0.0;0.0;0.0
2030-10-22 06:00:00;86.49221017687083;0.0;0.0;0.0;0.0;0.0;0.0;0.0
2030-10-22 07:00:00;86.47237121095966;0.0;0.0;0.0;0.0;0.0;0.0;0.0
2030-10-22 08:00:00;86.46877969765305;0.0;0.0;0.0;0.0;0.0;0.0;0.0
2030-10-22 09:00:00;86.4411068204203;0.0;0.0;0.0;0.0;0.0;0.0;0.0
2030-10-22 10:00:00;86.42852213586937;0.0;0.0;0.0;0.0;0.0;0.0;0.0
2030-10-22 11:00:00;86.46727649654761;0.0;0.0;0.0;0.0;0.0;0.0;0.0
2030-10-22 12:00:00;86.42912780121907;0.0;0.0;0.0;0.0;0.0;0.0;0.0
2030-10-22 13:00:00;86.40048476319993;0.0;0.0;0.0;0.0;0.0;0.0;0.0
2030-10-22 14:00:00;86.39220550970944;0.0;0.0;0.0;0.0;0.0;0.0;0.0
2030-10-22 15:00:00;79.93137179293547;0.0;0.0;0.0;0.0;0.0;0.0;0.0
2030-10-22 16:00:00;86.39344150551355;0.0;0.0;0.0;0.0;0.0;0.0;0.0
2030-10-22 17:00:00;86.39450484558449;0.0;0.0;0.0;0.0;0.0;0.0;0.0
2030-10-22 18:00:00;86.4152057198779;0.0;0.0;0.0;0.0;0.0;0.0;0.0
2030-10-22 19:00:00;86.49425189942971;0.0;0.0;0.0;0.0;0.0;0.0;0.0
2030-10-22 20:00:00;86.48485312424084;0.0;0.0;0.0;0.0;0.0;0.0;0.0
2030-10-22 21:00:00;86.48677563212684;0.0;0.0;0.0;0.0;0.0;0.0;0.0
2030-10-22 22:00:00;86.47967756309657;0.0;0.0;0.0;0.0;0.0;0.0;0.0
2030-10-22 23:00:00;86.40721696650988;0.0;0.0;0.0;0.0;0.0;0.0;0.0
2030-10-23 00:00:00;86.35871440832565;0.0;0.0;0.0;0.0;0.0;0.0;0.0
2030-10-23 01:00:00;86.37852459828127;0.0;0.0;0.0;0.0;0.0;0.0;0.0
2030-10-23 02:00:00;86.37808336696318;0.0;0.0;0.0;0.0;0.0;0.0;0.0
2030-10-23 03:00:00;86.42018396018425;0.0;0.0;0.0;0.0;0.0;0.0;0.0
2030-10-23 04:00:00;86.4275533453666;0.0;0.0;0.0;0.0;0.0;0.0;0.0
2030-10-23 05:00:00;86.48648376172076;0.0;0.0;0.0;0.0;0.0;0.0;0.0
2030-10-23 06:00:00;86.46978548581293;0.0;0.0;0.0;0.0;0.0;0.0;0.0
2030-10-23 07:00:00;86.40710323297137;0.0;0.0;0.0;0.0;0.0;0.0;0.0
2030-10-23 08:00:00;86.41379980890783;0.0;0.0;0.0;0.0;0.0;0.0;0.0
2030-10-23 09:00:00;86.44081357973063;0.0;0.0;0.0;0.0;0.0;0.0;0.0
2030-10-23 10:00:00;86.45556879349851;0.0;0.0;0.0;0.0;0.0;0.0;0.0
2030-10-23 11:00:00;86.43764959490615;0.0;0.0;0.0;0.0;0.0;0.0;0.0
2030-10-23 12:00:00;86.46573218693429;0.0;0.0;0.0;0.0;0.0;0.0;0.0
2030-10-23 13:00:00;86.40067934347064;0.0;0.0;0.0;0.0;0.0;0.0;0.0
2030-10-23 14:00:00;86.41543318695493;0.0;0.0;0.0;0.0;0.0;0.0;0.0
2030-10-23 15:00:00;86.4461782400112;0.0;0.0;0.0;0.0;0.0;0.0;0.0
2030-10-23 16:00:00;86.47435538160751;0.0;0.0;0.0;0.0;0.0;0.0;0.0
2030-10-23 17:00:00;86.51826886002684;0.0;0.0;0.0;0.0;0.0;0.0;0.0
2030-10-23 18:00:00;86.5377049625606;0.0;0.0;0.0;0.0;0.0;0.0;0.0
2030-10-23 19:00:00;86.57196890389287;0.0;0.0;0.0;0.0;0.0;0.0;0.0
2030-10-23 20:00:00;86.5385819440624;0.0;0.0;0.0;0.0;0.0;0.0;0.0
2030-10-23 21:00:00;86.50855354932713;0.0;0.0;0.0;0.0;0.0;0.0;0.0
2030-10-23 22:00:00;86.45697744503576;0.0;0.0;0.0;0.0;0.0;0.0;0.0
2030-10-23 23:00:00;86.36806522358864;0.0;0.0;0.0;0.0;0.0;0.0;0.0
2030-10-24 00:00:00;86.32988227117019;0.0;0.0;0.0;0.0;0.0;0.0;0.0
2030-10-24 01:00:00;86.20041376611533;0.0;0.0;0.0;0.0;0.0;0.0;0.0
2030-10-24 02:00:00;86.19426256305033;0.0;0.0;0.0;0.0;0.0;0.0;0.0
2030-10-24 03:00:00;86.26823869329483;0.0;0.0;0.0;0.0;0.0;0.0;0.0
2030-10-24 04:00:00;86.24144690841466;0.0;0.0;0.0;0.0;0.0;0.0;0.0
2030-10-24 05:00:00;86.25222967003609;0.0;0.0;0.0;0.0;0.0;0.0;0.0
2030-10-24 06:00:00;86.30827563941943;0.0;0.0;0.0;0.0;0.0;0.0;0.0
2030-10-24 07:00:00;86.39690832301287;0.0;0.0;0.0;0.0;0.0;0.0;0.0
2030-10-24 08:00:00;86.42040594612689;0.0;0.0;0.0;0.0;0.0;0.0;0.0
2030-10-24 09:00:00;86.40670448044477;0.0;0.0;0.0;0.0;0.0;0.0;0.0
2030-10-24 10:00:00;86.41521257129588;0.0;0.0;0.0;0.0;0.0;0.0;0.0
2030-10-24 11:00:00;86.41274743110566;0.0;0.0;0.0;0.0;0.0;0.0;0.0
2030-10-24 12:00:00;86.3462653818508;0.0;0.0;0.0;0.0;0.0;0.0;0.0
2030-10-24 13:00:00;86.32608247475689;0.0;0.0;0.0;0.0;0.0;0.0;0.0
2030-10-24 14:00:00;86.28722123195811;0.0;0.0;0.0;0.0;0.0;0.0;0.0
2030-10-24 15:00:00;86.27375271448743;0.0;0.0;0.0;0.0;0.0;0.0;0.0
2030-10-24 16:00:00;86.32746372062223;0.0;0.0;0.0;0.0;0.0;0.0;0.0
2030-10-24 17:00:00;86.35268516050073;0.0;0.0;0.0;0.0;0.0;0.0;0.0
2030-10-24 18:00:00;86.35248098824485;0.0;0.0;0.0;0.0;0.0;0.0;0.0
2030-10-24 19:00:00;86.32738424417363;0.0;0.0;0.0;0.0;0.0;0.0;0.0
2030-10-24 20:00:00;86.31839107292933;0.0;0.0;0.0;0.0;0.0;0.0;0.0
2030-10-24 21:00:00;86.21887148616116;0.0;0.0;0.0;0.0;0.0;0.0;0.0
2030-10-24 22:00:00;85.97576125159182;0.0;0.0;0.0;0.0;0.0;0.0;0.0
2030-10-24 23:00:00;85.89804835797948;0.0;0.0;0.0;0.0;0.0;0.0;0.0
2030-10-25 00:00:00;85.80410034431495;0.0;0.0;0.0;0.0;0.0;0.0;0.0
2030-10-25 01:00:00;85.73505038360011;0.0;0.0;0.0;0.0;0.0;0.0;0.0
2030-10-25 02:00:00;85.70117560280929;0.0;0.0;0.0;0.0;0.0;0.0;0.0
2030-10-25 03:00:00;85.64705899272988;0.0;0.0;0.0;0.0;0.0;0.0;0.0
2030-10-25 04:00:00;85.72451701359327;0.0;0.0;0.0;0.0;0.0;0.0;0.0
2030-10-25 05:00:00;85.97110913878149;0.0;0.0;0.0;0.0;0.0;0.0;0.0
2030-10-25 06:00:00;86.08512632600139;0.0;0.0;0.0;0.0;0.0;0.0;0.0
2030-10-25 07:00:00;86.20493022084963;0.0;0.0;0.0;0.0;0.0;0.0;0.0
2030-10-25 08:00:00;86.16260079026794;0.0;0.0;0.0;0.0;0.0;0.0;0.0
2030-10-25 09:00:00;86.2675713651833;0.0;0.0;0.0;0.0;0.0;0.0;0.0
2030-10-25 10:00:00;86.24276375095096;0.0;0.0;0.0;0.0;0.0;0.0;0.0
2030-10-25 11:00:00;86.22375106604855;0.0;0.0;0.0;0.0;0.0;0.0;0.0
2030-10-25 12:00:00;86.19509295490985;0.0;0.0;0.0;0.0;0.0;0.0;0.0
2030-10-25 13:00:00;86.1620608985309;0.0;0.0;0.0;0.0;0.0;0.0;0.0
2030-10-25 14:00:00;86.15720187289746;0.0;0.0;0.0;0.0;0.0;0.0;0.0
2030-10-25 15:00:00;86.20832167275114;0.0;0.0;0.0;0.0;0.0;0.0;0.0
2030-10-25 16:00:00;86.24138387536922;0.0;0.0;0.0;0.0;0.0;0.0;0.0
2030-10-25 17:00:00;86.23910372346452;0.0;0.0;0.0;0.0;0.0;0.0;0.0
2030-10-25 18:00:00;86.24011910360957;0.0;0.0;0.0;0.0;0.0;0.0;0.0
2030-10-25 19:00:00;86.1720187494272;0.0;0.0;0.0;0.0;0.0;0.0;0.0
2030-10-25 20:00:00;85.99710889974283;0.0;0.0;0.0;0.0;0.0;0.0;0.0
2030-10-25 21:00:00;85.82862842069358;0.0;0.0;0.0;0.0;0.0;0.0;0.0
2030-10-25 22:00:00;85.74269930663617;0.0;0.0;0.0;0.0;0.0;0.0;0.0
2030-10-25 23:00:00;85.63736560656773;0.0;0.0;0.0;0.0;0.0;0.0;0.0
2030-10-26 00:00:00;85.51377972899294;0.0;0.0;0.0;0.0;0.0;0.0;0.0
2030-10-26 01:00:00;85.41605658401987;0.0;0.0;0.0;0.0;0.0;0.0;0.0
2030-10-26 02:00:00;85.32904494592117;0.0;0.0;0.0;0.0;0.0;0.0;0.0
2030-10-26 03:00:00;85.36754991498483;0.0;0.0;0.0;0.0;0.0;0.0;0.0
2030-10-26 04:00:00;85.32378853804474;0.0;0.0;0.0;0.0;0.0;0.0;0.0
2030-10-26 05:00:00;85.34788634537404;0.0;0.0;0.0;0.0;0.0;0.0;0.0
2030-10-26 06:00:00;79.25111368538793;0.0;0.0;0.0;0.0;0.0;0.0;0.0
2030-10-26 07:00:00;79.29764988661111;0.0;0.0;0.0;0.0;0.0;0.0;0.0
2030-10-26 08:00:00;79.33236191067945;0.0;0.0;0.0;0.0;0.0;0.0;0.0
2030-10-26 09:00:00;79.32954734817208;0.0;0.0;0.0;0.0;0.0;0.0;0.0
2030-10-26 10:00:00;79.31846860529382;0.0;0.0;0.0;0.0;0.0;0.0;0.0
2030-10-26 11:00:00;79.31071005957003;0.0;0.0;0.0;0.0;0.0;0.0;0.0
2030-10-26 12:00:00;79.29027776086154;0.0;0.0;0.0;0.0;0.0;0.0;0.0
2030-10-26 13:00:00;79.29679619993044;0.0;0.0;0.0;0.0;0.0;0.0;0.0
2030-10-26 14:00:00;79.28873893238261;0.0;0.0;0.0;0.0;0.0;0.0;0.0
2030-10-26 15:00:00;79.29786639141936;0.0;0.0;0.0;0.0;0.0;0.0;0.0
2030-10-26 16:00:00;79.31423305869683;0.0;0.0;0.0;0.0;0.0;0.0;0.0
2030-10-26 17:00:00;79.31641317989896;0.0;0.0;0.0;0.0;0.0;0.0;0.0
2030-10-26 18:00:00;79.3351353646789;0.0;0.0;0.0;0.0;0.0;0.0;0.0
2030-10-26 19:00:00;79.32995706296748;0.0;0.0;0.0;0.0;0.0;0.0;0.0
2030-10-26 20:00:00;79.33721408489492;0.0;0.0;0.0;0.0;0.0;0.0;0.0
2030-10-26 21:00:00;79.33887212804676;0.0;0.0;0.0;0.0;0.0;0.0;0.0
2030-10-26 22:00:00;79.33936954099232;0.0;0.0;0.0;0.0;0.0;0.0;0.0
2030-10-26 23:00:00;79.32755906667346;0.0;0.0;0.0;0.0;0.0;0.0;0.0
2030-10-27 00:00:00;79.3553662316987;0.0;0.0;0.0;0.0;0.0;0.0;0.0
2030-10-27 01:00:00;79.31749296337304;0.0;0.0;0.0;0.0;0.0;0.0;0.0
2030-10-27 02:00:00;79.27101431406095;0.0;0.0;0.0;0.0;0.0;0.0;0.0
2030-10-27 03:00:00;79.27427695930436;0.0;0.0;0.0;0.0;0.0;0.0;0.0
2030-10-27 04:00:00;79.23424549431414;0.0;0.0;0.0;0.0;0.0;0.0;0.0
2030-10-27 05:00:00;79.21729782679176;0.0;0.0;0.0;0.0;0.0;0.0;0.0
2030-10-27 06:00:00;79.21908056575089;0.0;0.0;0.0;0.0;0.0;0.0;0.0
2030-10-27 07:00:00;79.20925974321426;0.0;0.0;0.0;0.0;0.0;0.0;0.0
2030-10-27 08:00:00;79.28824288972064;0.0;0.0;0.0;0.0;0.0;0.0;0.0
2030-10-27 09:00:00;79.31428649975707;0.0;0.0;0.0;0.0;0.0;0.0;0.0
2030-10-27 10:00:00;79.38192780893463;0.0;0.0;0.0;0.0;0.0;0.0;0.0
2030-10-27 11:00:00;79.42038207750521;0.0;0.0;0.0;0.0;0.0;0.0;0.0
2030-10-27 12:00:00;79.46041628306264;0.0;0.0;0.0;0.0;0.0;0.0;0.0
2030-10-27 13:00:00;79.46828034062338;0.0;0.0;0.0;0.0;0.0;0.0;0.0
2030-10-27 14:00:00;79.46469704901834;0.0;0.0;0.0;0.0;0.0;0.0;0.0
2030-10-27 15:00:00;79.47165671940533;0.0;0.0;0.0;0.0;0.0;0.0;0.0
2030-10-27 16:00:00;79.50542324779204;0.0;0.0;0.0;0.0;0.0;0.0;0.0
2030-10-27 17:00:00;79.5897587220266;0.0;0.0;0.0;0.0;0.0;0.0;0.0
2030-10-27 18:00:00;79.68100179587152;0.0;0.0;0.0;0.0;0.0;0.0;0.0
2030-10-27 19:00:00;79.70228092984269;0.0;0.0;0.0;0.0;0.0;0.0;0.0
2030-10-27 20:00:00;79.6786435378018;0.0;0.0;0.0;0.0;0.0;0.0;0.0
2030-10-27 21:00:00;79.6317716170975;0.0;0.0;0.0;0.0;0.0;0.0;0.0
2030-10-27 22:00:00;79.60017150707695;0.0;0.0;0.0;0.0;0.0;0.0;0.0
2030-10-27 23:00:00;79.56374799879652;0.0;0.0;0.0;0.0;0.0;0.0;0.0
2030-10-28 00:00:00;79.5430087565624;0.0;0.0;0.0;0.0;0.0;0.0;0.0
2030-10-28 01:00:00;79.50649343928096;0.0;0.0;0.0;0.0;0.0;0.0;0.0
2030-10-28 02:00:00;79.55175527675932;0.0;0.0;0.0;0.0;0.0;0.0;0.0
2030-10-28 03:00:00;79.57629431540671;0.0;0.0;0.0;0.0;0.0;0.0;0.0
2030-10-28 04:00:00;79.58046819924186;0.0;0.0;0.0;0.0;0.0;0.0;0.0
2030-10-28 05:00:00;79.58375687987365;0.0;0.0;0.0;0.0;0.0;0.0;0.0
2030-10-28 06:00:00;79.64813280324057;0.0;0.0;0.0;0.0;0.0;0.0;0.0
2030-10-28 07:00:00;79.73333703727538;0.0;0.0;0.0;0.0;0.0;0.0;0.0
2030-10-28 08:00:00;79.77254085097329;0.0;0.0;0.0;0.0;0.0;0.0;0.0
2030-10-28 09:00:00;79.89730654272472;0.0;0.0;0.0;0.0;0.0;0.0;0.0
2030-10-28 10:00:00;79.88930408652074;0.0;0.0;0.0;0.0;0.0;0.0;0.0
2030-10-28 11:00:00;79.87139585019715;0.0;0.0;0.0;0.0;0.0;0.0;0.0
2030-10-28 12:00:00;79.86998856894346;0.0;0.0;0.0;0.0;0.0;0.0;0.0
2030-10-28 13:00:00;79.76547018761498;0.0;0.0;0.0;0.0;0.0;0.0;0.0
2030-10-28 14:00:00;79.7647850458167;0.0;0.0;0.0;0.0;0.0;0.0;0.0
2030-10-28 15:00:00;79.78607788262381;0.0;0.0;0.0;0.0;0.0;0.0;0.0
2030-10-28 16:00:00;79.79999996396498;0.0;0.0;0.0;0.0;0.0;0.0;0.0
2030-10-28 17:00:00;79.7856805003808;0.0;0.0;0.0;0.0;0.0;0.0;0.0
2030-10-28 18:00:00;79.80972897750064;0.0;0.0;0.0;0.0;0.0;0.0;0.0
2030-10-28 19:00:00;79.97037965607907;0.0;0.0;0.0;0.0;0.0;0.0;0.0
2030-10-28 20:00:00;79.96468749801892;0.0;0.0;0.0;0.0;0.0;0.0;0.0
2030-10-28 21:00:00;79.89529359612135;0.0;0.0;0.0;0.0;0.0;0.0;0.0
2030-10-28 22:00:00;79.88581397420025;0.0;0.0;0.0;0.0;0.0;0.0;0.0
2030-10-28 23:00:00;82.04948766233576;0.0;0.0;0.0;0.0;0.0;0.0;0.0
2030-10-29 00:00:00;79.81475928858364;0.0;0.0;0.0;0.0;0.0;0.0;0.0
2030-10-29 01:00:00;79.68985382790537;0.0;0.0;0.0;0.0;0.0;0.0;0.0
2030-10-29 02:00:00;79.67264032536525;0.0;0.0;0.0;0.0;0.0;0.0;0.0
2030-10-29 03:00:00;79.67608384804342;0.0;0.0;0.0;0.0;0.0;0.0;0.0
2030-10-29 04:00:00;86.16108388632654;0.0;0.0;0.0;0.0;0.0;0.0;0.0
2030-10-29 05:00:00;86.18502685160944;0.0;0.0;0.0;0.0;0.0;0.0;0.0
2030-10-29 06:00:00;86.17258878740334;0.0;0.0;0.0;0.0;0.0;0.0;0.0
2030-10-29 07:00:00;86.33271738793148;0.0;0.0;0.0;0.0;0.0;0.0;0.0
2030-10-29 08:00:00;86.3575715918061;0.0;0.0;0.0;0.0;0.0;0.0;0.0
2030-10-29 09:00:00;83.4158083987459;0.0;0.0;0.0;0.0;0.0;0.0;0.0
2030-10-29 10:00:00;79.8697679532844;0.0;0.0;0.0;0.0;0.0;0.0;0.0
2030-10-29 11:00:00;79.81522518500648;0.0;0.0;0.0;0.0;0.0;0.0;0.0
2030-10-29 12:00:00;79.70859793722288;0.0;0.0;0.0;0.0;0.0;0.0;0.0
2030-10-29 13:00:00;79.73541027635699;0.0;0.0;0.0;0.0;0.0;0.0;0.0
2030-10-29 14:00:00;79.73802203689206;0.0;0.0;0.0;0.0;0.0;0.0;0.0
2030-10-29 15:00:00;79.70988052266927;0.0;0.0;0.0;0.0;0.0;0.0;0.0
2030-10-29 16:00:00;79.74698232133002;0.0;0.0;0.0;0.0;0.0;0.0;0.0
2030-10-29 17:00:00;79.76766538193668;0.0;0.0;0.0;0.0;0.0;0.0;0.0
2030-10-29 18:00:00;79.78018155230777;0.0;0.0;0.0;0.0;0.0;0.0;0.0
2030-10-29 19:00:00;79.82013217056581;0.0;0.0;0.0;0.0;0.0;0.0;0.0
2030-10-29 20:00:00;79.83059154525843;0.0;0.0;0.0;0.0;0.0;0.0;0.0
2030-10-29 21:00:00;79.80091394312387;0.0;0.0;0.0;0.0;0.0;0.0;0.0
2030-10-29 22:00:00;79.75490119023462;0.0;0.0;0.0;0.0;0.0;0.0;0.0
2030-10-29 23:00:00;79.75105069332824;0.0;0.0;0.0;0.0;0.0;0.0;0.0
2030-10-30 00:00:00;79.75803502881998;0.0;0.0;0.0;0.0;0.0;0.0;0.0
2030-10-30 01:00:00;79.76927683544625;0.0;0.0;0.0;0.0;0.0;0.0;0.0
2030-10-30 02:00:00;79.7870041943351;0.0;0.0;0.0;0.0;0.0;0.0;0.0
2030-10-30 03:00:00;79.83632892267727;0.0;0.0;0.0;0.0;0.0;0.0;0.0
2030-10-30 04:00:00;79.82931855179721;0.0;0.0;0.0;0.0;0.0;0.0;0.0
2030-10-30 05:00:00;79.85295046270369;0.0;0.0;0.0;0.0;0.0;0.0;0.0
2030-10-30 06:00:00;79.85608156072185;0.0;0.0;0.0;0.0;0.0;0.0;0.0
2030-10-30 07:00:00;79.92514796483985;0.0;0.0;0.0;0.0;0.0;0.0;0.0
2030-10-30 08:00:00;79.96545485683299;0.0;0.0;0.0;0.0;0.0;0.0;0.0
2030-10-30 09:00:00;79.98530204444572;0.0;0.0;0.0;0.0;0.0;0.0;0.0
2030-10-30 10:00:00;79.94136664148886;0.0;0.0;0.0;0.0;0.0;0.0;0.0
2030-10-30 11:00:00;79.92025194154928;0.0;0.0;0.0;0.0;0.0;0.0;0.0
2030-10-30 12:00:00;79.91311276401117;0.0;0.0;0.0;0.0;0.0;0.0;0.0
2030-10-30 13:00:00;79.85723670979377;0.0;0.0;0.0;0.0;0.0;0.0;0.0
2030-10-30 14:00:00;79.90235466749448;0.0;0.0;0.0;0.0;0.0;0.0;0.0
2030-10-30 15:00:00;79.90403463518388;0.0;0.0;0.0;0.0;0.0;0.0;0.0
2030-10-30 16:00:00;79.9241229927096;0.0;0.0;0.0;0.0;0.0;0.0;0.0
2030-10-30 17:00:00;79.95064483172125;0.0;0.0;0.0;0.0;0.0;0.0;0.0
2030-10-30 18:00:00;79.96231690739685;0.0;0.0;0.0;0.0;0.0;0.0;0.0
2030-10-30 19:00:00;86.4496149112714;0.0;0.0;0.0;0.0;0.0;0.0;0.0
2030-10-30 20:00:00;86.44103556567327;0.0;0.0;0.0;0.0;0.0;0.0;0.0
2030-10-30 21:00:00;86.4162827627848;0.0;0.0;0.0;0.0;0.0;0.0;0.0
2030-10-30 22:00:00;86.39467064989968;0.0;0.0;0.0;0.0;0.0;0.0;0.0
2030-10-30 23:00:00;86.36044233594092;0.0;0.0;0.0;0.0;0.0;0.0;0.0
2030-10-31 00:00:00;86.3192105025201;0.0;0.0;0.0;0.0;0.0;0.0;0.0
2030-10-31 01:00:00;79.86865254243679;0.0;0.0;0.0;0.0;0.0;0.0;0.0
2030-10-31 02:00:00;86.33892888347475;0.0;0.0;0.0;0.0;0.0;0.0;0.0
2030-10-31 03:00:00;86.36796793345329;0.0;0.0;0.0;0.0;0.0;0.0;0.0
2030-10-31 04:00:00;86.39025285558432;0.0;0.0;0.0;0.0;0.0;0.0;0.0
2030-10-31 05:00:00;86.38533079690546;0.0;0.0;0.0;0.0;0.0;0.0;0.0
2030-10-31 06:00:00;86.40152617873332;0.0;0.0;0.0;0.0;0.0;0.0;0.0
2030-10-31 07:00:00;86.40212225209784;0.0;0.0;0.0;0.0;0.0;0.0;0.0
2030-10-31 08:00:00;86.48092315088587;0.0;0.0;0.0;0.0;0.0;0.0;0.0
2030-10-31 09:00:00;86.35338263485139;0.0;0.0;0.0;0.0;0.0;0.0;0.0
2030-10-31 10:00:00;86.3112888930483;0.0;0.0;0.0;0.0;0.0;0.0;0.0
2030-10-31 11:00:00;86.25585132958183;0.0;0.0;0.0;0.0;0.0;0.0;0.0
2030-10-31 12:00:00;80.83183447445202;0.0;0.0;0.0;0.0;0.0;0.0;0.0
2030-10-31 13:00:00;79.96191678458663;0.0;0.0;0.0;0.0;0.0;0.0;0.0
2030-10-31 14:00:00;79.96364608248552;0.0;0.0;0.0;0.0;0.0;0.0;0.0
2030-10-31 15:00:00;79.98468952767806;0.0;0.0;0.0;0.0;0.0;0.0;0.0
2030-10-31 16:00:00;80.02386456542044;0.0;0.0;0.0;0.0;0.0;0.0;0.0
2030-10-31 17:00:00;80.66452284731068;0.0;0.0;0.0;0.0;0.0;0.0;0.0
2030-10-31 18:00:00;80.02686548649694;0.0;0.0;0.0;0.0;0.0;0.0;0.0
2030-10-31 19:00:00;80.03267137809561;0.0;0.0;0.0;0.0;0.0;0.0;0.0
2030-10-31 20:00:00;80.0309585235999;0.0;0.0;0.0;0.0;0.0;0.0;0.0
2030-10-31 21:00:00;80.00898602612888;0.0;0.0;0.0;0.0;0.0;0.0;0.0
2030-10-31 22:00:00;79.96981921008808;0.0;0.0;0.0;0.0;0.0;0.0;0.0
2030-10-31 23:00:00;79.93225151500447;0.0;0.0;0.0;0.0;0.0;0.0;0.0
2030-11-01 00:00:00;79.94647642902048;0.0;0.0;0.0;0.0;0.0;0.0;0.0
2030-11-01 01:00:00;79.87529978816376;0.0;0.0;0.0;0.0;0.0;0.0;0.0
2030-11-01 02:00:00;79.82971182318943;0.0;0.0;0.0;0.0;0.0;0.0;0.0
2030-11-01 03:00:00;79.80703774051698;0.0;0.0;0.0;0.0;0.0;0.0;0.0
2030-11-01 04:00:00;79.90207924049156;0.0;0.0;0.0;0.0;0.0;0.0;0.0
2030-11-01 05:00:00;79.93714890857862;0.0;0.0;0.0;0.0;0.0;0.0;0.0
2030-11-01 06:00:00;79.95280987980382;0.0;0.0;0.0;0.0;0.0;0.0;0.0
2030-11-01 07:00:00;79.91328816031152;0.0;0.0;0.0;0.0;0.0;0.0;0.0
2030-11-01 08:00:00;79.93201171537507;0.0;0.0;0.0;0.0;0.0;0.0;0.0
2030-11-01 09:00:00;79.95408835439943;0.0;0.0;0.0;0.0;0.0;0.0;0.0
2030-11-01 10:00:00;79.94837016095094;0.0;0.0;0.0;0.0;0.0;0.0;0.0
2030-11-01 11:00:00;79.94730956144721;0.0;0.0;0.0;0.0;0.0;0.0;0.0
2030-11-01 12:00:00;79.81754233456829;0.0;0.0;0.0;0.0;0.0;0.0;0.0
2030-11-01 13:00:00;79.8551059188011;0.0;0.0;0.0;0.0;0.0;0.0;0.0
2030-11-01 14:00:00;79.77531704553994;0.0;0.0;0.0;0.0;0.0;0.0;0.0
2030-11-01 15:00:00;79.76667466689636;0.0;0.0;0.0;0.0;0.0;0.0;0.0
2030-11-01 16:00:00;79.74545719568704;0.0;0.0;0.0;0.0;0.0;0.0;0.0
2030-11-01 17:00:00;79.76261177603251;0.0;0.0;0.0;0.0;0.0;0.0;0.0
2030-11-01 18:00:00;79.83100811147179;0.0;0.0;0.0;0.0;0.0;0.0;0.0
2030-11-01 19:00:00;79.78407589828922;0.0;0.0;0.0;0.0;0.0;0.0;0.0
2030-11-01 20:00:00;79.74676581652177;0.0;0.0;0.0;0.0;0.0;0.0;0.0
2030-11-01 21:00:00;79.66373759283832;0.0;0.0;0.0;0.0;0.0;0.0;0.0
2030-11-01 22:00:00;79.54369663892787;0.0;0.0;0.0;0.0;0.0;0.0;0.0
2030-11-01 23:00:00;79.43126624011279;0.0;0.0;0.0;0.0;0.0;0.0;0.0
2030-11-02 00:00:00;79.40106244907716;0.0;0.0;0.0;0.0;0.0;0.0;0.0
2030-11-02 01:00:00;79.32707535656388;0.0;0.0;0.0;0.0;0.0;0.0;0.0
2030-11-02 02:00:00;79.25525605270037;0.0;0.0;0.0;0.0;0.0;0.0;0.0
2030-11-02 03:00:00;79.18562509174059;0.0;0.0;0.0;0.0;0.0;0.0;0.0
2030-11-02 04:00:00;79.16874319783085;0.0;0.0;0.0;0.0;0.0;0.0;0.0
2030-11-02 05:00:00;79.15733421660579;0.0;0.0;0.0;0.0;0.0;0.0;0.0
2030-11-02 06:00:00;79.17076710670298;0.0;0.0;0.0;0.0;0.0;0.0;0.0
2030-11-02 07:00:00;79.21680041384619;0.0;0.0;0.0;0.0;0.0;0.0;0.0
2030-11-02 08:00:00;79.2826603543482;0.0;0.0;0.0;0.0;0.0;0.0;0.0
2030-11-02 09:00:00;79.30620456710449;0.0;0.0;0.0;0.0;0.0;0.0;0.0
2030-11-02 10:00:00;79.34143455837236;0.0;0.0;0.0;0.0;0.0;0.0;0.0
2030-11-02 11:00:00;79.36696294177648;0.0;0.0;0.0;0.0;0.0;0.0;0.0
2030-11-02 12:00:00;79.3574038434068;0.0;0.0;0.0;0.0;0.0;0.0;0.0
2030-11-02 13:00:00;79.29708395948572;0.0;0.0;0.0;0.0;0.0;0.0;0.0
2030-11-02 14:00:00;79.28308514226316;0.0;0.0;0.0;0.0;0.0;0.0;0.0
2030-11-02 15:00:00;79.27928123499908;0.0;0.0;0.0;0.0;0.0;0.0;0.0
2030-11-02 16:00:00;79.30032193962441;0.0;0.0;0.0;0.0;0.0;0.0;0.0
2030-11-02 17:00:00;79.31185835722394;0.0;0.0;0.0;0.0;0.0;0.0;0.0
2030-11-02 18:00:00;79.31005643429447;0.0;0.0;0.0;0.0;0.0;0.0;0.0
2030-11-02 19:00:00;79.30408884923139;0.0;0.0;0.0;0.0;0.0;0.0;0.0
2030-11-02 20:00:00;79.30732682937008;0.0;0.0;0.0;0.0;0.0;0.0;0.0
2030-11-02 21:00:00;79.30269253024647;0.0;0.0;0.0;0.0;0.0;0.0;0.0
2030-11-02 22:00:00;79.29908594382032;0.0;0.0;0.0;0.0;0.0;0.0;0.0
2030-11-02 23:00:00;79.28043638407098;0.0;0.0;0.0;0.0;0.0;0.0;0.0
2030-11-03 00:00:00;79.28029113400974;0.0;0.0;0.0;0.0;0.0;0.0;0.0
2030-11-03 01:00:00;79.23829468234202;0.0;0.0;0.0;0.0;0.0;0.0;0.0
2030-11-03 02:00:00;79.21697992099735;0.0;0.0;0.0;0.0;0.0;0.0;0.0
2030-11-03 03:00:00;79.25092458625161;0.0;0.0;0.0;0.0;0.0;0.0;0.0
2030-11-03 04:00:00;79.25675514295503;0.0;0.0;0.0;0.0;0.0;0.0;0.0
2030-11-03 05:00:00;79.19330416101579;0.0;0.0;0.0;0.0;0.0;0.0;0.0
2030-11-03 06:00:00;79.2141228796985;0.0;0.0;0.0;0.0;0.0;0.0;0.0
2030-11-03 07:00:00;79.22857114994075;0.0;0.0;0.0;0.0;0.0;0.0;0.0
2030-11-03 08:00:00;79.25004486418261;0.0;0.0;0.0;0.0;0.0;0.0;0.0
2030-11-03 09:00:00;79.28083102574679;0.0;0.0;0.0;0.0;0.0;0.0;0.0
2030-11-03 10:00:00;79.45567373153492;0.0;0.0;0.0;0.0;0.0;0.0;0.0
2030-11-03 11:00:00;79.50717995136284;0.0;0.0;0.0;0.0;0.0;0.0;0.0
2030-11-03 12:00:00;79.54601241820609;0.0;0.0;0.0;0.0;0.0;0.0;0.0
2030-11-03 13:00:00;79.56718741062389;0.0;0.0;0.0;0.0;0.0;0.0;0.0
2030-11-03 14:00:00;79.56481956056902;0.0;0.0;0.0;0.0;0.0;0.0;0.0
2030-11-03 15:00:00;79.56777937313761;0.0;0.0;0.0;0.0;0.0;0.0;0.0
2030-11-03 16:00:00;79.55223076516731;0.0;0.0;0.0;0.0;0.0;0.0;0.0
2030-11-03 17:00:00;79.61843464685208;0.0;0.0;0.0;0.0;0.0;0.0;0.0
2030-11-03 18:00:00;79.51492753481786;0.0;0.0;0.0;0.0;0.0;0.0;0.0
2030-11-03 19:00:00;79.52060873060924;0.0;0.0;0.0;0.0;0.0;0.0;0.0
2030-11-03 20:00:00;79.5015179395418;0.0;0.0;0.0;0.0;0.0;0.0;0.0
2030-11-03 21:00:00;79.48007300125548;0.0;0.0;0.0;0.0;0.0;0.0;0.0
2030-11-03 22:00:00;79.57964191823314;0.0;0.0;0.0;0.0;0.0;0.0;0.0
2030-11-03 23:00:00;79.60230366835324;0.0;0.0;0.0;0.0;0.0;0.0;0.0
2030-11-04 00:00:00;79.57153120962504;0.0;0.0;0.0;0.0;0.0;0.0;0.0
2030-11-04 01:00:00;79.4406485718985;0.0;0.0;0.0;0.0;0.0;0.0;0.0
2030-11-04 02:00:00;79.2755526933328;0.0;0.0;0.0;0.0;0.0;0.0;0.0
2030-11-04 03:00:00;79.25894348585877;0.0;0.0;0.0;0.0;0.0;0.0;0.0
2030-11-04 04:00:00;79.25727036958733;0.0;0.0;0.0;0.0;0.0;0.0;0.0
2030-11-04 05:00:00;79.29283882090354;0.0;0.0;0.0;0.0;0.0;0.0;0.0
2030-11-04 06:00:00;79.37881726517041;0.0;0.0;0.0;0.0;0.0;0.0;0.0
2030-11-04 07:00:00;79.52943335697115;0.0;0.0;0.0;0.0;0.0;0.0;0.0
2030-11-04 08:00:00;79.72010831943408;0.0;0.0;0.0;0.0;0.0;0.0;0.0
2030-11-04 09:00:00;79.71669083214424;0.0;0.0;0.0;0.0;0.0;0.0;0.0
2030-11-04 10:00:00;79.68177189525281;0.0;0.0;0.0;0.0;0.0;0.0;0.0
2030-11-04 11:00:00;79.66608762920644;0.0;0.0;0.0;0.0;0.0;0.0;0.0
2030-11-04 12:00:00;79.70920908370694;0.0;0.0;0.0;0.0;0.0;0.0;0.0
2030-11-04 13:00:00;79.7112645091018;0.0;0.0;0.0;0.0;0.0;0.0;0.0
2030-11-04 14:00:00;79.7227762615966;0.0;0.0;0.0;0.0;0.0;0.0;0.0
2030-11-04 15:00:00;79.69404689571088;0.0;0.0;0.0;0.0;0.0;0.0;0.0
2030-11-04 16:00:00;79.69561450014535;0.0;0.0;0.0;0.0;0.0;0.0;0.0
2030-11-04 17:00:00;79.73434282543526;0.0;0.0;0.0;0.0;0.0;0.0;0.0
2030-11-04 18:00:00;79.82486787067555;0.0;0.0;0.0;0.0;0.0;0.0;0.0
2030-11-04 19:00:00;79.85987039486638;0.0;0.0;0.0;0.0;0.0;0.0;0.0
2030-11-04 20:00:00;79.82553656907068;0.0;0.0;0.0;0.0;0.0;0.0;0.0
2030-11-04 21:00:00;79.77641053185;0.0;0.0;0.0;0.0;0.0;0.0;0.0
2030-11-04 22:00:00;79.7397554456417;0.0;0.0;0.0;0.0;0.0;0.0;0.0
2030-11-04 23:00:00;79.7943543955471;0.0;0.0;0.0;0.0;0.0;0.0;0.0
2030-11-05 00:00:00;79.7643410739314;0.0;0.0;0.0;0.0;0.0;0.0;0.0
2030-11-05 01:00:00;79.55693357847075;0.0;0.0;0.0;0.0;0.0;0.0;0.0
2030-11-05 02:00:00;79.39677346141988;0.0;0.0;0.0;0.0;0.0;0.0;0.0
2030-11-05 03:00:00;79.3644361388244;0.0;0.0;0.0;0.0;0.0;0.0;0.0
2030-11-05 04:00:00;79.36433062698747;0.0;0.0;0.0;0.0;0.0;0.0;0.0
2030-11-05 05:00:00;85.762434130994;0.0;0.0;0.0;0.0;0.0;0.0;0.0
2030-11-05 06:00:00;86.02935304305373;0.0;0.0;0.0;0.0;0.0;0.0;0.0
2030-11-05 07:00:00;86.2303188353269;0.0;0.0;0.0;0.0;0.0;0.0;0.0
2030-11-05 08:00:00;86.28108921286348;0.0;0.0;0.0;0.0;0.0;0.0;0.0
2030-11-05 09:00:00;86.34460459813175;0.0;0.0;0.0;0.0;0.0;0.0;0.0
2030-11-05 10:00:00;79.8315247083877;0.0;0.0;0.0;0.0;0.0;0.0;0.0
2030-11-05 11:00:00;79.82394292924786;0.0;0.0;0.0;0.0;0.0;0.0;0.0
2030-11-05 12:00:00;79.81297791990812;0.0;0.0;0.0;0.0;0.0;0.0;0.0
2030-11-05 13:00:00;79.8717740484698;0.0;0.0;0.0;0.0;0.0;0.0;0.0
2030-11-05 14:00:00;79.90597084590583;0.0;0.0;0.0;0.0;0.0;0.0;0.0
2030-11-05 15:00:00;79.9649327787827;0.0;0.0;0.0;0.0;0.0;0.0;0.0
2030-11-05 16:00:00;80.0025826908821;0.0;0.0;0.0;0.0;0.0;0.0;0.0
2030-11-05 17:00:00;82.41810628236584;0.0;0.0;0.0;0.0;0.0;0.0;0.0
2030-11-05 18:00:00;83.67861783029953;0.0;0.0;0.0;0.0;0.0;0.0;0.0
2030-11-05 19:00:00;80.00277316030203;0.0;0.0;0.0;0.0;0.0;0.0;0.0
2030-11-05 20:00:00;79.98863731471978;0.0;0.0;0.0;0.0;0.0;0.0;0.0
2030-11-05 21:00:00;79.82852104674402;0.0;0.0;0.0;0.0;0.0;0.0;0.0
2030-11-05 22:00:00;79.8137384273042;0.0;0.0;0.0;0.0;0.0;0.0;0.0
2030-11-05 23:00:00;79.7985502039198;0.0;0.0;0.0;0.0;0.0;0.0;0.0
2030-11-06 00:00:00;79.79054500714864;0.0;0.0;0.0;0.0;0.0;0.0;0.0
2030-11-06 01:00:00;79.85176653767627;0.0;0.0;0.0;0.0;0.0;0.0;0.0
2030-11-06 02:00:00;79.85581572570412;0.0;0.0;0.0;0.0;0.0;0.0;0.0
2030-11-06 03:00:00;79.86068571360633;0.0;0.0;0.0;0.0;0.0;0.0;0.0
2030-11-06 04:00:00;79.87402131356816;0.0;0.0;0.0;0.0;0.0;0.0;0.0
2030-11-06 05:00:00;79.88301448481248;0.0;0.0;0.0;0.0;0.0;0.0;0.0
2030-11-06 06:00:00;86.36123710042693;0.0;0.0;0.0;0.0;0.0;0.0;0.0
2030-11-06 07:00:00;86.30204770047303;0.0;0.0;0.0;0.0;0.0;0.0;0.0
2030-11-06 08:00:00;86.31858702348364;0.0;0.0;0.0;0.0;0.0;0.0;0.0
2030-11-06 09:00:00;79.86215739818905;0.0;0.0;0.0;0.0;0.0;0.0;0.0
2030-11-06 10:00:00;79.82989407090778;0.0;0.0;0.0;0.0;0.0;0.0;0.0
2030-11-06 11:00:00;79.83406658445935;0.0;0.0;0.0;0.0;0.0;0.0;0.0
2030-11-06 12:00:00;79.81725457501301;0.0;0.0;0.0;0.0;0.0;0.0;0.0
2030-11-06 13:00:00;79.72056325358813;0.0;0.0;0.0;0.0;0.0;0.0;0.0
2030-11-06 14:00:00;79.67332272659633;0.0;0.0;0.0;0.0;0.0;0.0;0.0
2030-11-06 15:00:00;79.68437269351908;0.0;0.0;0.0;0.0;0.0;0.0;0.0
2030-11-06 16:00:00;79.7063465612737;0.0;0.0;0.0;0.0;0.0;0.0;0.0
2030-11-06 17:00:00;83.19309483551154;0.0;0.0;0.0;0.0;0.0;0.0;0.0
2030-11-06 18:00:00;80.47326962516999;0.0;0.0;0.0;0.0;0.0;0.0;0.0
2030-11-06 19:00:00;85.54675286317728;0.0;0.0;0.0;0.0;0.0;0.0;0.0
2030-11-06 20:00:00;79.79134799333622;0.0;0.0;0.0;0.0;0.0;0.0;0.0
2030-11-06 21:00:00;86.26398944386185;0.0;0.0;0.0;0.0;0.0;0.0;0.0
2030-11-06 22:00:00;86.2562117141677;0.0;0.0;0.0;0.0;0.0;0.0;0.0
2030-11-06 23:00:00;86.32217716650666;0.0;0.0;0.0;0.0;0.0;0.0;0.0
2030-11-07 00:00:00;79.83383500653152;0.0;0.0;0.0;0.0;0.0;0.0;0.0
2030-11-07 01:00:00;79.84100021945798;0.0;0.0;0.0;0.0;0.0;0.0;0.0
2030-11-07 02:00:00;79.81848920053352;0.0;0.0;0.0;0.0;0.0;0.0;0.0
2030-11-07 03:00:00;79.78935149013603;0.0;0.0;0.0;0.0;0.0;0.0;0.0
2030-11-07 04:00:00;79.76139633448236;0.0;0.0;0.0;0.0;0.0;0.0;0.0
2030-11-07 05:00:00;79.81921956169049;0.0;0.0;0.0;0.0;0.0;0.0;0.0
2030-11-07 06:00:00;79.88396683191209;0.0;0.0;0.0;0.0;0.0;0.0;0.0
2030-11-07 07:00:00;79.86664918781862;0.0;0.0;0.0;0.0;0.0;0.0;0.0
2030-11-07 08:00:00;79.87442554722917;0.0;0.0;0.0;0.0;0.0;0.0;0.0
2030-11-07 09:00:00;79.89862201497742;0.0;0.0;0.0;0.0;0.0;0.0;0.0
2030-11-07 10:00:00;79.8581822054754;0.0;0.0;0.0;0.0;0.0;0.0;0.0
2030-11-07 11:00:00;79.85629806553011;0.0;0.0;0.0;0.0;0.0;0.0;0.0
2030-11-07 12:00:00;79.88560980194437;0.0;0.0;0.0;0.0;0.0;0.0;0.0
2030-11-07 13:00:00;79.88939178467092;0.0;0.0;0.0;0.0;0.0;0.0;0.0
2030-11-07 14:00:00;79.90116800189983;0.0;0.0;0.0;0.0;0.0;0.0;0.0
2030-11-07 15:00:00;79.84747755001897;0.0;0.0;0.0;0.0;0.0;0.0;0.0
2030-11-07 16:00:00;79.87606440641065;0.0;0.0;0.0;0.0;0.0;0.0;0.0
2030-11-07 17:00:00;79.90867989657625;0.0;0.0;0.0;0.0;0.0;0.0;0.0
2030-11-07 18:00:00;79.90205046453605;0.0;0.0;0.0;0.0;0.0;0.0;0.0
2030-11-07 19:00:00;79.87490788705516;0.0;0.0;0.0;0.0;0.0;0.0;0.0
2030-11-07 20:00:00;79.8518651980952;0.0;0.0;0.0;0.0;0.0;0.0;0.0
2030-11-07 21:00:00;79.76431914939386;0.0;0.0;0.0;0.0;0.0;0.0;0.0
2030-11-07 22:00:00;79.67020670169774;0.0;0.0;0.0;0.0;0.0;0.0;0.0
2030-11-07 23:00:00;79.64298875861903;0.0;0.0;0.0;0.0;0.0;0.0;0.0
2030-11-08 00:00:00;79.7203823761534;0.0;0.0;0.0;0.0;0.0;0.0;0.0
2030-11-08 01:00:00;79.64133482631797;0.0;0.0;0.0;0.0;0.0;0.0;0.0
2030-11-08 02:00:00;79.61785912774151;0.0;0.0;0.0;0.0;0.0;0.0;0.0
2030-11-08 03:00:00;79.53518580750958;0.0;0.0;0.0;0.0;0.0;0.0;0.0
2030-11-08 04:00:00;79.60700374108949;0.0;0.0;0.0;0.0;0.0;0.0;0.0
2030-11-08 05:00:00;79.67755005149176;0.0;0.0;0.0;0.0;0.0;0.0;0.0
2030-11-08 06:00:00;79.73294787673396;0.0;0.0;0.0;0.0;0.0;0.0;0.0
2030-11-08 07:00:00;79.81951828351455;0.0;0.0;0.0;0.0;0.0;0.0;0.0
2030-11-08 08:00:00;79.89018517887331;0.0;0.0;0.0;0.0;0.0;0.0;0.0
2030-11-08 09:00:00;79.87347731098032;0.0;0.0;0.0;0.0;0.0;0.0;0.0
2030-11-08 10:00:00;79.86453072937832;0.0;0.0;0.0;0.0;0.0;0.0;0.0
2030-11-08 11:00:00;79.82581747720799;0.0;0.0;0.0;0.0;0.0;0.0;0.0
2030-11-08 12:00:00;79.80249113954353;0.0;0.0;0.0;0.0;0.0;0.0;0.0
2030-11-08 13:00:00;79.80832854766496;0.0;0.0;0.0;0.0;0.0;0.0;0.0
2030-11-08 14:00:00;79.7771737798133;0.0;0.0;0.0;0.0;0.0;0.0;0.0
2030-11-08 15:00:00;79.87892144770952;0.0;0.0;0.0;0.0;0.0;0.0;0.0
2030-11-08 16:00:00;79.89957436207705;0.0;0.0;0.0;0.0;0.0;0.0;0.0
2030-11-08 17:00:00;80.02120621524308;0.0;0.0;0.0;0.0;0.0;0.0;0.0
2030-11-08 18:00:00;80.09819559911647;0.0;0.0;0.0;0.0;0.0;0.0;0.0
2030-11-08 19:00:00;80.07351405097502;0.0;0.0;0.0;0.0;0.0;0.0;0.0
2030-11-08 20:00:00;80.04303483293648;0.0;0.0;0.0;0.0;0.0;0.0;0.0
2030-11-08 21:00:00;79.93231043719912;0.0;0.0;0.0;0.0;0.0;0.0;0.0
2030-11-08 22:00:00;79.82749744489738;0.0;0.0;0.0;0.0;0.0;0.0;0.0
2030-11-08 23:00:00;79.81226674272149;0.0;0.0;0.0;0.0;0.0;0.0;0.0
2030-11-09 00:00:00;79.74541471689554;0.0;0.0;0.0;0.0;0.0;0.0;0.0
2030-11-09 01:00:00;79.62836783264362;0.0;0.0;0.0;0.0;0.0;0.0;0.0
2030-11-09 02:00:00;79.59190321585525;0.0;0.0;0.0;0.0;0.0;0.0;0.0
2030-11-09 03:00:00;79.59806127033823;0.0;0.0;0.0;0.0;0.0;0.0;0.0
2030-11-09 04:00:00;79.60121840374475;0.0;0.0;0.0;0.0;0.0;0.0;0.0
2030-11-09 05:00:00;79.58314299282236;0.0;0.0;0.0;0.0;0.0;0.0;0.0
2030-11-09 06:00:00;79.53792226385193;0.0;0.0;0.0;0.0;0.0;0.0;0.0
2030-11-09 07:00:00;79.63860659167719;0.0;0.0;0.0;0.0;0.0;0.0;0.0
2030-11-09 08:00:00;79.65286713306672;0.0;0.0;0.0;0.0;0.0;0.0;0.0
2030-11-09 09:00:00;79.65153384712725;0.0;0.0;0.0;0.0;0.0;0.0;0.0
2030-11-09 10:00:00;79.66529012415324;0.0;0.0;0.0;0.0;0.0;0.0;0.0
2030-11-09 11:00:00;79.69525137499227;0.0;0.0;0.0;0.0;0.0;0.0;0.0
2030-11-09 12:00:00;79.66395683821378;0.0;0.0;0.0;0.0;0.0;0.0;0.0
2030-11-09 13:00:00;79.6538701806594;0.0;0.0;0.0;0.0;0.0;0.0;0.0
2030-11-09 14:00:00;79.65650386573202;0.0;0.0;0.0;0.0;0.0;0.0;0.0
2030-11-09 15:00:00;79.62872410637873;0.0;0.0;0.0;0.0;0.0;0.0;0.0
2030-11-09 16:00:00;79.64774090213194;0.0;0.0;0.0;0.0;0.0;0.0;0.0
2030-11-09 17:00:00;79.67378177160118;0.0;0.0;0.0;0.0;0.0;0.0;0.0
2030-11-09 18:00:00;79.68288730610041;0.0;0.0;0.0;0.0;0.0;0.0;0.0
2030-11-09 19:00:00;79.67706086024779;0.0;0.0;0.0;0.0;0.0;0.0;0.0
2030-11-09 20:00:00;79.6752561967511;0.0;0.0;0.0;0.0;0.0;0.0;0.0
2030-11-09 21:00:00;79.6553884548844;0.0;0.0;0.0;0.0;0.0;0.0;0.0
2030-11-09 22:00:00;79.65801528853903;0.0;0.0;0.0;0.0;0.0;0.0;0.0
2030-11-09 23:00:00;79.64256945183848;0.0;0.0;0.0;0.0;0.0;0.0;0.0
2030-11-10 00:00:00;79.62927359010095;0.0;0.0;0.0;0.0;0.0;0.0;0.0
2030-11-10 01:00:00;79.53758380380357;0.0;0.0;0.0;0.0;0.0;0.0;0.0
2030-11-10 02:00:00;79.52455240680015;0.0;0.0;0.0;0.0;0.0;0.0;0.0
2030-11-10 03:00:00;79.48148028250912;0.0;0.0;0.0;0.0;0.0;0.0;0.0
2030-11-10 04:00:00;79.44163654637163;0.0;0.0;0.0;0.0;0.0;0.0;0.0
2030-11-10 05:00:00;79.44099525364845;0.0;0.0;0.0;0.0;0.0;0.0;0.0
2030-11-10 06:00:00;79.43849311580111;0.0;0.0;0.0;0.0;0.0;0.0;0.0
2030-11-10 07:00:00;79.44810702551464;0.0;0.0;0.0;0.0;0.0;0.0;0.0
2030-11-10 08:00:00;79.46162761376202;0.0;0.0;0.0;0.0;0.0;0.0;0.0
2030-11-10 09:00:00;79.4639516147418;0.0;0.0;0.0;0.0;0.0;0.0;0.0
2030-11-10 10:00:00;79.47214317008209;0.0;0.0;0.0;0.0;0.0;0.0;0.0
2030-11-10 11:00:00;79.46928749906685;0.0;0.0;0.0;0.0;0.0;0.0;0.0
2030-11-10 12:00:00;79.50698400080853;0.0;0.0;0.0;0.0;0.0;0.0;0.0
2030-11-10 13:00:00;79.49178481515537;0.0;0.0;0.0;0.0;0.0;0.0;0.0
2030-11-10 14:00:00;79.49146416879377;0.0;0.0;0.0;0.0;0.0;0.0;0.0
2030-11-10 15:00:00;79.50298414299016;0.0;0.0;0.0;0.0;0.0;0.0;0.0
2030-11-10 16:00:00;79.53572706953022;0.0;0.0;0.0;0.0;0.0;0.0;0.0
2030-11-10 17:00:00;79.60025509437637;0.0;0.0;0.0;0.0;0.0;0.0;0.0
2030-11-10 18:00:00;79.67979457602294;0.0;0.0;0.0;0.0;0.0;0.0;0.0
2030-11-10 19:00:00;79.71492727715544;0.0;0.0;0.0;0.0;0.0;0.0;0.0
2030-11-10 20:00:00;79.76347642498195;0.0;0.0;0.0;0.0;0.0;0.0;0.0
2030-11-10 21:00:00;79.78069951950727;0.0;0.0;0.0;0.0;0.0;0.0;0.0
2030-11-10 22:00:00;79.69464433935899;0.0;0.0;0.0;0.0;0.0;0.0;0.0
2030-11-10 23:00:00;79.66400753870684;0.0;0.0;0.0;0.0;0.0;0.0;0.0
2030-11-11 00:00:00;79.66919954325425;0.0;0.0;0.0;0.0;0.0;0.0;0.0
2030-11-11 01:00:00;79.58997933768566;0.0;0.0;0.0;0.0;0.0;0.0;0.0
2030-11-11 02:00:00;79.56692294588976;0.0;0.0;0.0;0.0;0.0;0.0;0.0
2030-11-11 03:00:00;79.58298541020878;0.0;0.0;0.0;0.0;0.0;0.0;0.0
2030-11-11 04:00:00;79.56307655983417;0.0;0.0;0.0;0.0;0.0;0.0;0.0
2030-11-11 05:00:00;79.5461261517446;0.0;0.0;0.0;0.0;0.0;0.0;0.0
2030-11-11 06:00:00;79.61128724761235;0.0;0.0;0.0;0.0;0.0;0.0;0.0
2030-11-11 07:00:00;79.71896824348171;0.0;0.0;0.0;0.0;0.0;0.0;0.0
2030-11-11 08:00:00;86.24744052886606;0.0;0.0;0.0;0.0;0.0;0.0;0.0
2030-11-11 09:00:00;86.2850753678459;0.0;0.0;0.0;0.0;0.0;0.0;0.0
2030-11-11 10:00:00;86.2359548117596;0.0;0.0;0.0;0.0;0.0;0.0;0.0
2030-11-11 11:00:00;86.24560845969744;0.0;0.0;0.0;0.0;0.0;0.0;0.0
2030-11-11 12:00:00;79.7199808830596;0.0;0.0;0.0;0.0;0.0;0.0;0.0
2030-11-11 13:00:00;79.70037075450905;0.0;0.0;0.0;0.0;0.0;0.0;0.0
2030-11-11 14:00:00;86.18849092854157;0.0;0.0;0.0;0.0;0.0;0.0;0.0
2030-11-11 15:00:00;86.20772422910304;0.0;0.0;0.0;0.0;0.0;0.0;0.0
2030-11-11 16:00:00;86.20374355525499;0.0;0.0;0.0;0.0;0.0;0.0;0.0
2030-11-11 17:00:00;86.23273464530766;0.0;0.0;0.0;0.0;0.0;0.0;0.0
2030-11-11 18:00:00;86.283913367356;0.0;0.0;0.0;0.0;0.0;0.0;0.0
2030-11-11 19:00:00;86.26926366542506;0.0;0.0;0.0;0.0;0.0;0.0;0.0
2030-11-11 20:00:00;86.26322208504777;0.0;0.0;0.0;0.0;0.0;0.0;0.0
2030-11-11 21:00:00;86.23632341804708;0.0;0.0;0.0;0.0;0.0;0.0;0.0
2030-11-11 22:00:00;85.9919607442705;0.0;0.0;0.0;0.0;0.0;0.0;0.0
2030-11-11 23:00:00;85.81824578188234;0.0;0.0;0.0;0.0;0.0;0.0;0.0
2030-11-12 00:00:00;85.77042014379482;0.0;0.0;0.0;0.0;0.0;0.0;0.0
2030-11-12 01:00:00;85.82708411108024;0.0;0.0;0.0;0.0;0.0;0.0;0.0
2030-11-12 02:00:00;85.73632474734492;0.0;0.0;0.0;0.0;0.0;0.0;0.0
2030-11-12 03:00:00;85.70958914409222;0.0;0.0;0.0;0.0;0.0;0.0;0.0
2030-11-12 04:00:00;81.1190883950849;0.0;0.0;0.0;0.0;0.0;0.0;0.0
2030-11-12 05:00:00;85.53567823114976;0.0;0.0;0.0;0.0;0.0;0.0;0.0
2030-11-12 06:00:00;85.66372712239857;0.0;0.0;0.0;0.0;0.0;0.0;0.0
2030-11-12 07:00:00;85.88720256331261;0.0;0.0;0.0;0.0;0.0;0.0;0.0
2030-11-12 08:00:00;85.99627713759969;0.0;0.0;0.0;0.0;0.0;0.0;0.0
2030-11-12 09:00:00;85.99637442773505;0.0;0.0;0.0;0.0;0.0;0.0;0.0
2030-11-12 10:00:00;86.02841439879009;0.0;0.0;0.0;0.0;0.0;0.0;0.0
2030-11-12 11:00:00;86.04244199196819;0.0;0.0;0.0;0.0;0.0;0.0;0.0
2030-11-12 12:00:00;86.04890561969322;0.0;0.0;0.0;0.0;0.0;0.0;0.0
2030-11-12 13:00:00;86.06056399253285;0.0;0.0;0.0;0.0;0.0;0.0;0.0
2030-11-12 14:00:00;86.11838036832297;0.0;0.0;0.0;0.0;0.0;0.0;0.0
2030-11-12 15:00:00;86.1481840365484;0.0;0.0;0.0;0.0;0.0;0.0;0.0
2030-11-12 16:00:00;86.1792428845483;0.0;0.0;0.0;0.0;0.0;0.0;0.0
2030-11-12 17:00:00;86.1134596799277;0.0;0.0;0.0;0.0;0.0;0.0;0.0
2030-11-12 18:00:00;86.13814807948711;0.0;0.0;0.0;0.0;0.0;0.0;0.0
2030-11-12 19:00:00;86.17187761021674;0.0;0.0;0.0;0.0;0.0;0.0;0.0
2030-11-12 20:00:00;86.15366928178548;0.0;0.0;0.0;0.0;0.0;0.0;0.0
2030-11-12 21:00:00;86.08338332526654;0.0;0.0;0.0;0.0;0.0;0.0;0.0
2030-11-12 22:00:00;85.96892764729576;0.0;0.0;0.0;0.0;0.0;0.0;0.0
2030-11-12 23:00:00;85.92550198983677;0.0;0.0;0.0;0.0;0.0;0.0;0.0
2030-11-13 00:00:00;85.86125761369513;0.0;0.0;0.0;0.0;0.0;0.0;0.0
2030-11-13 01:00:00;85.85937758460065;0.0;0.0;0.0;0.0;0.0;0.0;0.0
2030-11-13 02:00:00;85.85490908979222;0.0;0.0;0.0;0.0;0.0;0.0;0.0
2030-11-13 03:00:00;85.84738212199625;0.0;0.0;0.0;0.0;0.0;0.0;0.0
2030-11-13 04:00:00;85.84034982657863;0.0;0.0;0.0;0.0;0.0;0.0;0.0
2030-11-13 05:00:00;85.92060322597905;0.0;0.0;0.0;0.0;0.0;0.0;0.0
2030-11-13 06:00:00;85.99207858865981;0.0;0.0;0.0;0.0;0.0;0.0;0.0
2030-11-13 07:00:00;86.06160403778264;0.0;0.0;0.0;0.0;0.0;0.0;0.0
2030-11-13 08:00:00;86.01123926419066;0.0;0.0;0.0;0.0;0.0;0.0;0.0
2030-11-13 09:00:00;86.04885903005092;0.0;0.0;0.0;0.0;0.0;0.0;0.0
2030-11-13 10:00:00;86.04187058370842;0.0;0.0;0.0;0.0;0.0;0.0;0.0
2030-11-13 11:00:00;86.00249685484452;0.0;0.0;0.0;0.0;0.0;0.0;0.0
2030-11-13 12:00:00;79.49934878060844;0.0;0.0;0.0;0.0;0.0;0.0;0.0
2030-11-13 13:00:00;79.52692299742225;0.0;0.0;0.0;0.0;0.0;0.0;0.0
2030-11-13 14:00:00;79.4739820906687;0.0;0.0;0.0;0.0;0.0;0.0;0.0
2030-11-13 15:00:00;85.94834598767522;0.0;0.0;0.0;0.0;0.0;0.0;0.0
2030-11-13 16:00:00;86.11848725044351;0.0;0.0;0.0;0.0;0.0;0.0;0.0
2030-11-13 17:00:00;86.10284272262146;0.0;0.0;0.0;0.0;0.0;0.0;0.0
2030-11-13 18:00:00;86.12785039825891;0.0;0.0;0.0;0.0;0.0;0.0;0.0
2030-11-13 19:00:00;86.20356541838743;0.0;0.0;0.0;0.0;0.0;0.0;0.0
2030-11-13 20:00:00;86.14915282705118;0.0;0.0;0.0;0.0;0.0;0.0;0.0
2030-11-13 21:00:00;86.18166828651424;0.0;0.0;0.0;0.0;0.0;0.0;0.0
2030-11-13 22:00:00;86.17336162735181;0.0;0.0;0.0;0.0;0.0;0.0;0.0
2030-11-13 23:00:00;86.10939678906387;0.0;0.0;0.0;0.0;0.0;0.0;0.0
2030-11-14 00:00:00;86.09382214570522;0.0;0.0;0.0;0.0;0.0;0.0;0.0
2030-11-14 01:00:00;84.96718456458939;0.0;0.0;0.0;0.0;0.0;0.0;0.0
2030-11-14 02:00:00;84.96330392144392;0.0;0.0;0.0;0.0;0.0;0.0;0.0
2030-11-14 03:00:00;86.18897463865116;0.0;0.0;0.0;0.0;0.0;0.0;0.0
2030-11-14 04:00:00;86.19126849339182;0.0;0.0;0.0;0.0;0.0;0.0;0.0
2030-11-14 05:00:00;86.18517484223786;0.0;0.0;0.0;0.0;0.0;0.0;0.0
2030-11-14 06:00:00;86.20732958742722;0.0;0.0;0.0;0.0;0.0;0.0;0.0
2030-11-14 07:00:00;86.07255671457003;0.0;0.0;0.0;0.0;0.0;0.0;0.0
2030-11-14 08:00:00;86.1125004814101;0.0;0.0;0.0;0.0;0.0;0.0;0.0
2030-11-14 09:00:00;86.14513241497886;0.0;0.0;0.0;0.0;0.0;0.0;0.0
2030-11-14 10:00:00;86.14142305728294;0.0;0.0;0.0;0.0;0.0;0.0;0.0
2030-11-14 11:00:00;86.12037276067241;0.0;0.0;0.0;0.0;0.0;0.0;0.0
2030-11-14 12:00:00;79.6679059955391;0.0;0.0;0.0;0.0;0.0;0.0;0.0
2030-11-14 13:00:00;80.32655610105229;0.0;0.0;0.0;0.0;0.0;0.0;0.0
2030-11-14 14:00:00;86.14403892866879;0.0;0.0;0.0;0.0;0.0;0.0;0.0
2030-11-14 15:00:00;86.14838135738631;0.0;0.0;0.0;0.0;0.0;0.0;0.0
2030-11-14 16:00:00;86.16406425314908;0.0;0.0;0.0;0.0;0.0;0.0;0.0
2030-11-14 17:00:00;86.18756050597949;0.0;0.0;0.0;0.0;0.0;0.0;0.0
2030-11-14 18:00:00;86.20411627239326;0.0;0.0;0.0;0.0;0.0;0.0;0.0
2030-11-14 19:00:00;86.19440096169357;0.0;0.0;0.0;0.0;0.0;0.0;0.0
2030-11-14 20:00:00;86.17076768050352;0.0;0.0;0.0;0.0;0.0;0.0;0.0
2030-11-14 21:00:00;86.09969792176733;0.0;0.0;0.0;0.0;0.0;0.0;0.0
2030-11-14 22:00:00;86.02798961087515;0.0;0.0;0.0;0.0;0.0;0.0;0.0
2030-11-14 23:00:00;85.93307280670786;0.0;0.0;0.0;0.0;0.0;0.0;0.0
2030-11-15 00:00:00;85.85336203961168;0.0;0.0;0.0;0.0;0.0;0.0;0.0
2030-11-15 01:00:00;85.84575422508352;0.0;0.0;0.0;0.0;0.0;0.0;0.0
2030-11-15 02:00:00;85.63065258722813;0.0;0.0;0.0;0.0;0.0;0.0;0.0
2030-11-15 03:00:00;85.67739159042358;0.0;0.0;0.0;0.0;0.0;0.0;0.0
2030-11-15 04:00:00;85.65635225608183;0.0;0.0;0.0;0.0;0.0;0.0;0.0
2030-11-15 05:00:00;85.73444471825043;0.0;0.0;0.0;0.0;0.0;0.0;0.0
2030-11-15 06:00:00;85.80279720461459;0.0;0.0;0.0;0.0;0.0;0.0;0.0
2030-11-15 07:00:00;85.91899725360386;0.0;0.0;0.0;0.0;0.0;0.0;0.0
2030-11-15 08:00:00;86.12407115609955;0.0;0.0;0.0;0.0;0.0;0.0;0.0
2030-11-15 09:00:00;86.1723613203263;0.0;0.0;0.0;0.0;0.0;0.0;0.0
2030-11-15 10:00:00;86.14846494468571;0.0;0.0;0.0;0.0;0.0;0.0;0.0
2030-11-15 11:00:00;86.15571237462798;0.0;0.0;0.0;0.0;0.0;0.0;0.0
2030-11-15 12:00:00;86.1178158114812;0.0;0.0;0.0;0.0;0.0;0.0;0.0
2030-11-15 13:00:00;86.10572305874146;0.0;0.0;0.0;0.0;0.0;0.0;0.0
2030-11-15 14:00:00;86.14466651855601;0.0;0.0;0.0;0.0;0.0;0.0;0.0
2030-11-15 15:00:00;86.14318387170451;0.0;0.0;0.0;0.0;0.0;0.0;0.0
2030-11-15 16:00:00;86.04206790454631;0.0;0.0;0.0;0.0;0.0;0.0;0.0
2030-11-15 17:00:00;86.06918033578808;0.0;0.0;0.0;0.0;0.0;0.0;0.0
2030-11-15 18:00:00;86.07711016696146;0.0;0.0;0.0;0.0;0.0;0.0;0.0
2030-11-15 19:00:00;86.0802481163976;0.0;0.0;0.0;0.0;0.0;0.0;0.0
2030-11-15 20:00:00;86.08268859148308;0.0;0.0;0.0;0.0;0.0;0.0;0.0
2030-11-15 21:00:00;86.09619684717808;0.0;0.0;0.0;0.0;0.0;0.0;0.0
2030-11-15 22:00:00;86.06025293815642;0.0;0.0;0.0;0.0;0.0;0.0;0.0
2030-11-15 23:00:00;85.89502140151464;0.0;0.0;0.0;0.0;0.0;0.0;0.0
2030-11-16 00:00:00;85.98947779039352;0.0;0.0;0.0;0.0;0.0;0.0;0.0
2030-11-16 01:00:00;85.97463898932625;0.0;0.0;0.0;0.0;0.0;0.0;0.0
2030-11-16 02:00:00;85.98706198041275;0.0;0.0;0.0;0.0;0.0;0.0;0.0
2030-11-16 03:00:00;85.91983997801574;0.0;0.0;0.0;0.0;0.0;0.0;0.0
2030-11-16 04:00:00;85.83540721364581;0.0;0.0;0.0;0.0;0.0;0.0;0.0
2030-11-16 05:00:00;85.76480335133246;0.0;0.0;0.0;0.0;0.0;0.0;0.0
2030-11-16 06:00:00;85.77369238102344;0.0;0.0;0.0;0.0;0.0;0.0;0.0
2030-11-16 07:00:00;85.93901572666617;0.0;0.0;0.0;0.0;0.0;0.0;0.0
2030-11-16 08:00:00;85.98827057054493;0.0;0.0;0.0;0.0;0.0;0.0;0.0
2030-11-16 09:00:00;85.9710981765127;0.0;0.0;0.0;0.0;0.0;0.0;0.0
2030-11-16 10:00:00;85.98926950728683;0.0;0.0;0.0;0.0;0.0;0.0;0.0
2030-11-16 11:00:00;85.86049162516464;0.0;0.0;0.0;0.0;0.0;0.0;0.0
2030-11-16 12:00:00;85.86419276115899;0.0;0.0;0.0;0.0;0.0;0.0;0.0
2030-11-16 13:00:00;85.94738541887403;0.0;0.0;0.0;0.0;0.0;0.0;0.0
2030-11-16 14:00:00;85.93213827329498;0.0;0.0;0.0;0.0;0.0;0.0;0.0
2030-11-16 15:00:00;85.9230574039005;0.0;0.0;0.0;0.0;0.0;0.0;0.0
2030-11-16 16:00:00;85.9315682353188;0.0;0.0;0.0;0.0;0.0;0.0;0.0
2030-11-16 17:00:00;85.9461206471144;0.0;0.0;0.0;0.0;0.0;0.0;0.0
2030-11-16 18:00:00;85.95728982871005;0.0;0.0;0.0;0.0;0.0;0.0;0.0
2030-11-16 19:00:00;85.91328728185695;0.0;0.0;0.0;0.0;0.0;0.0;0.0
2030-11-16 20:00:00;85.91703226692638;0.0;0.0;0.0;0.0;0.0;0.0;0.0
2030-11-16 21:00:00;85.8802168575373;0.0;0.0;0.0;0.0;0.0;0.0;0.0
2030-11-16 22:00:00;85.73932840898861;0.0;0.0;0.0;0.0;0.0;0.0;0.0
2030-11-16 23:00:00;85.64800037756073;0.0;0.0;0.0;0.0;0.0;0.0;0.0
2030-11-17 00:00:00;85.52058455733354;0.0;0.0;0.0;0.0;0.0;0.0;0.0
2030-11-17 01:00:00;85.50448920620822;0.0;0.0;0.0;0.0;0.0;0.0;0.0
2030-11-17 02:00:00;85.46049625134027;0.0;0.0;0.0;0.0;0.0;0.0;0.0
2030-11-17 03:00:00;85.45488905086309;0.0;0.0;0.0;0.0;0.0;0.0;0.0
2030-11-17 04:00:00;85.47087477930071;0.0;0.0;0.0;0.0;0.0;0.0;0.0
2030-11-17 05:00:00;85.59164472408453;0.0;0.0;0.0;0.0;0.0;0.0;0.0
2030-11-17 06:00:00;85.63706962531087;0.0;0.0;0.0;0.0;0.0;0.0;0.0
2030-11-17 07:00:00;85.70527960218101;0.0;0.0;0.0;0.0;0.0;0.0;0.0
2030-11-17 08:00:00;85.74486572500234;0.0;0.0;0.0;0.0;0.0;0.0;0.0
2030-11-17 09:00:00;85.8303741619956;0.0;0.0;0.0;0.0;0.0;0.0;0.0
2030-11-17 10:00:00;85.967221644218;0.0;0.0;0.0;0.0;0.0;0.0;0.0
2030-11-17 11:00:00;85.96947576073435;0.0;0.0;0.0;0.0;0.0;0.0;0.0
2030-11-17 12:00:00;85.90955736990708;0.0;0.0;0.0;0.0;0.0;0.0;0.0
2030-11-17 13:00:00;85.7760602310783;0.0;0.0;0.0;0.0;0.0;0.0;0.0
2030-11-17 14:00:00;85.77788955967972;0.0;0.0;0.0;0.0;0.0;0.0;0.0
2030-11-17 15:00:00;85.94078613307295;0.0;0.0;0.0;0.0;0.0;0.0;0.0
2030-11-17 16:00:00;85.92084439589203;0.0;0.0;0.0;0.0;0.0;0.0;0.0
2030-11-17 17:00:00;85.92818500511886;0.0;0.0;0.0;0.0;0.0;0.0;0.0
2030-11-17 18:00:00;85.9490366106079;0.0;0.0;0.0;0.0;0.0;0.0;0.0
2030-11-17 19:00:00;85.95644025288016;0.0;0.0;0.0;0.0;0.0;0.0;0.0
2030-11-17 20:00:00;85.94620149384659;0.0;0.0;0.0;0.0;0.0;0.0;0.0
2030-11-17 21:00:00;85.94901879692115;0.0;0.0;0.0;0.0;0.0;0.0;0.0
2030-11-17 22:00:00;85.85445415563815;0.0;0.0;0.0;0.0;0.0;0.0;0.0
2030-11-17 23:00:00;85.7983615966125;0.0;0.0;0.0;0.0;0.0;0.0;0.0
2030-11-18 00:00:00;85.74937532831866;0.0;0.0;0.0;0.0;0.0;0.0;0.0
2030-11-18 01:00:00;85.61071496089801;0.0;0.0;0.0;0.0;0.0;0.0;0.0
2030-11-18 02:00:00;85.56378000714824;0.0;0.0;0.0;0.0;0.0;0.0;0.0
2030-11-18 03:00:00;85.64994480998426;0.0;0.0;0.0;0.0;0.0;0.0;0.0
2030-11-18 04:00:00;85.62906853939049;0.0;0.0;0.0;0.0;0.0;0.0;0.0
2030-11-18 05:00:00;85.71788758155306;0.0;0.0;0.0;0.0;0.0;0.0;0.0
2030-11-18 06:00:00;85.96084434435956;0.0;0.0;0.0;0.0;0.0;0.0;0.0
2030-11-18 07:00:00;86.16939191577255;0.0;0.0;0.0;0.0;0.0;0.0;0.0
2030-11-18 08:00:00;86.13238740724712;0.0;0.0;0.0;0.0;0.0;0.0;0.0
2030-11-18 09:00:00;86.16651569050335;0.0;0.0;0.0;0.0;0.0;0.0;0.0
2030-11-18 10:00:00;86.10210139919573;0.0;0.0;0.0;0.0;0.0;0.0;0.0
2030-11-18 11:00:00;86.1113439620546;0.0;0.0;0.0;0.0;0.0;0.0;0.0
2030-11-18 12:00:00;81.82316614239164;0.0;0.0;0.0;0.0;0.0;0.0;0.0
2030-11-18 13:00:00;83.61403225354232;0.0;0.0;0.0;0.0;0.0;0.0;0.0
2030-11-18 14:00:00;86.11688949976991;0.0;0.0;0.0;0.0;0.0;0.0;0.0
2030-11-18 15:00:00;86.12423421984752;0.0;0.0;0.0;0.0;0.0;0.0;0.0
2030-11-18 16:00:00;86.13525129996397;0.0;0.0;0.0;0.0;0.0;0.0;0.0
2030-11-18 17:00:00;86.16683085573055;0.0;0.0;0.0;0.0;0.0;0.0;0.0
2030-11-18 18:00:00;86.35456107874444;0.0;0.0;0.0;0.0;0.0;0.0;0.0
2030-11-18 19:00:00;86.35971197478395;0.0;0.0;0.0;0.0;0.0;0.0;0.0
2030-11-18 20:00:00;86.3332326145638;0.0;0.0;0.0;0.0;0.0;0.0;0.0
2030-11-18 21:00:00;86.28326796378202;0.0;0.0;0.0;0.0;0.0;0.0;0.0
2030-11-18 22:00:00;86.1186078354;0.0;0.0;0.0;0.0;0.0;0.0;0.0
2030-11-18 23:00:00;85.97618329893957;0.0;0.0;0.0;0.0;0.0;0.0;0.0
2030-11-19 00:00:00;85.84843038894762;0.0;0.0;0.0;0.0;0.0;0.0;0.0
2030-11-19 01:00:00;85.80435521706391;0.0;0.0;0.0;0.0;0.0;0.0;0.0
2030-11-19 02:00:00;85.793842401311;0.0;0.0;0.0;0.0;0.0;0.0;0.0
2030-11-19 03:00:00;85.79434118454017;0.0;0.0;0.0;0.0;0.0;0.0;0.0
2030-11-19 04:00:00;85.79712697109198;0.0;0.0;0.0;0.0;0.0;0.0;0.0
2030-11-19 05:00:00;85.84681482458727;0.0;0.0;0.0;0.0;0.0;0.0;0.0
2030-11-19 06:00:00;85.95789823462692;0.0;0.0;0.0;0.0;0.0;0.0;0.0
2030-11-19 07:00:00;86.2593756989922;0.0;0.0;0.0;0.0;0.0;0.0;0.0
2030-11-19 08:00:00;86.30735480884256;0.0;0.0;0.0;0.0;0.0;0.0;0.0
2030-11-19 09:00:00;86.27554641571534;0.0;0.0;0.0;0.0;0.0;0.0;0.0
2030-11-19 10:00:00;86.44907638981795;0.0;0.0;0.0;0.0;0.0;0.0;0.0
2030-11-19 11:00:00;86.44806786109088;0.0;0.0;0.0;0.0;0.0;0.0;0.0
2030-11-19 12:00:00;86.46594458089174;0.0;0.0;0.0;0.0;0.0;0.0;0.0
2030-11-19 13:00:00;86.41415060150854;0.0;0.0;0.0;0.0;0.0;0.0;0.0
2030-11-19 14:00:00;86.44617001830963;0.0;0.0;0.0;0.0;0.0;0.0;0.0
2030-11-19 15:00:00;86.53807493913166;0.0;0.0;0.0;0.0;0.0;0.0;0.0
2030-11-19 16:00:00;86.5777090218789;0.0;0.0;0.0;0.0;0.0;0.0;0.0
2030-11-19 17:00:00;86.66401496392535;0.0;0.0;0.0;0.0;0.0;0.0;0.0
2030-11-19 18:00:00;86.6811024003746;0.0;0.0;0.0;0.0;0.0;0.0;0.0
2030-11-19 19:00:00;86.58304079535316;0.0;0.0;0.0;0.0;0.0;0.0;0.0
2030-11-19 20:00:00;86.65866126591357;0.0;0.0;0.0;0.0;0.0;0.0;0.0
2030-11-19 21:00:00;86.62042350215123;0.0;0.0;0.0;0.0;0.0;0.0;0.0
2030-11-19 22:00:00;86.57030812017382;0.0;0.0;0.0;0.0;0.0;0.0;0.0
2030-11-19 23:00:00;86.52602877603422;0.0;0.0;0.0;0.0;0.0;0.0;0.0
2030-11-20 00:00:00;86.48758546973241;0.0;0.0;0.0;0.0;0.0;0.0;0.0
2030-11-20 01:00:00;86.5133673556019;0.0;0.0;0.0;0.0;0.0;0.0;0.0
2030-11-20 02:00:00;86.47834016630634;0.0;0.0;0.0;0.0;0.0;0.0;0.0
2030-11-20 03:00:00;86.51155172983644;0.0;0.0;0.0;0.0;0.0;0.0;0.0
2030-11-20 04:00:00;81.4091705810611;0.0;0.0;0.0;0.0;0.0;0.0;0.0
2030-11-20 05:00:00;81.51726677286022;0.0;0.0;0.0;0.0;0.0;0.0;0.0
2030-11-20 06:00:00;82.63329972922219;0.0;0.0;0.0;0.0;0.0;0.0;0.0
2030-11-20 07:00:00;86.68864855214092;0.0;0.0;0.0;0.0;0.0;0.0;0.0
2030-11-20 08:00:00;86.59967603821555;0.0;0.0;0.0;0.0;0.0;0.0;0.0
2030-11-20 09:00:00;83.95851469830238;0.0;0.0;0.0;0.0;0.0;0.0;0.0
2030-11-20 10:00:00;81.68544578951823;0.0;0.0;0.0;0.0;0.0;0.0;0.0
2030-11-20 11:00:00;80.03606145971354;0.0;0.0;0.0;0.0;0.0;0.0;0.0
2030-11-20 12:00:00;80.12021468622976;0.0;0.0;0.0;0.0;0.0;0.0;0.0
2030-11-20 13:00:00;80.12171788733521;0.0;0.0;0.0;0.0;0.0;0.0;0.0
2030-11-20 14:00:00;80.10018662118229;0.0;0.0;0.0;0.0;0.0;0.0;0.0
2030-11-20 15:00:00;80.0947781118266;0.0;0.0;0.0;0.0;0.0;0.0;0.0
2030-11-20 16:00:00;80.11021572682559;0.0;0.0;0.0;0.0;0.0;0.0;0.0
2030-11-20 17:00:00;80.1273154958272;0.0;0.0;0.0;0.0;0.0;0.0;0.0
2030-11-20 18:00:00;80.15047328860926;0.0;0.0;0.0;0.0;0.0;0.0;0.0
2030-11-20 19:00:00;80.12380619953639;0.0;0.0;0.0;0.0;0.0;0.0;0.0
2030-11-20 20:00:00;80.10307243843667;0.0;0.0;0.0;0.0;0.0;0.0;0.0
2030-11-20 21:00:00;80.06883590277631;0.0;0.0;0.0;0.0;0.0;0.0;0.0
2030-11-20 22:00:00;80.03722346020342;0.0;0.0;0.0;0.0;0.0;0.0;0.0
2030-11-20 23:00:00;79.98696967958276;0.0;0.0;0.0;0.0;0.0;0.0;0.0
2030-11-21 00:00:00;79.9211741424098;0.0;0.0;0.0;0.0;0.0;0.0;0.0
2030-11-21 01:00:00;79.88892040711369;0.0;0.0;0.0;0.0;0.0;0.0;0.0
2030-11-21 02:00:00;79.91117381272201;0.0;0.0;0.0;0.0;0.0;0.0;0.0
2030-11-21 03:00:00;79.89197065839966;0.0;0.0;0.0;0.0;0.0;0.0;0.0
2030-11-21 04:00:00;79.90735209177117;0.0;0.0;0.0;0.0;0.0;0.0;0.0
2030-11-21 05:00:00;79.95844037510216;0.0;0.0;0.0;0.0;0.0;0.0;0.0
2030-11-21 06:00:00;80.00588507434983;0.0;0.0;0.0;0.0;0.0;0.0;0.0
2030-11-21 07:00:00;79.99855679767538;0.0;0.0;0.0;0.0;0.0;0.0;0.0
2030-11-21 08:00:00;80.03003906330659;0.0;0.0;0.0;0.0;0.0;0.0;0.0
2030-11-21 09:00:00;80.04893527410331;0.0;0.0;0.0;0.0;0.0;0.0;0.0
2030-11-21 10:00:00;80.05691169491897;0.0;0.0;0.0;0.0;0.0;0.0;0.0
2030-11-21 11:00:00;80.08158913220961;0.0;0.0;0.0;0.0;0.0;0.0;0.0
2030-11-21 12:00:00;80.07935556994718;0.0;0.0;0.0;0.0;0.0;0.0;0.0
2030-11-21 13:00:00;80.07346472076554;0.0;0.0;0.0;0.0;0.0;0.0;0.0
2030-11-21 14:00:00;80.07359489770721;0.0;0.0;0.0;0.0;0.0;0.0;0.0
2030-11-21 15:00:00;80.03502415503092;0.0;0.0;0.0;0.0;0.0;0.0;0.0
2030-11-21 16:00:00;80.10637071105361;0.0;0.0;0.0;0.0;0.0;0.0;0.0
2030-11-21 17:00:00;80.24190546159048;0.0;0.0;0.0;0.0;0.0;0.0;0.0
2030-11-21 18:00:00;80.2363832186963;0.0;0.0;0.0;0.0;0.0;0.0;0.0
2030-11-21 19:00:00;80.14252427346555;0.0;0.0;0.0;0.0;0.0;0.0;0.0
2030-11-21 20:00:00;80.16297575614436;0.0;0.0;0.0;0.0;0.0;0.0;0.0
2030-11-21 21:00:00;79.97406982980463;0.0;0.0;0.0;0.0;0.0;0.0;0.0
2030-11-21 22:00:00;79.91733186720501;0.0;0.0;0.0;0.0;0.0;0.0;0.0
2030-11-21 23:00:00;79.92078361158477;0.0;0.0;0.0;0.0;0.0;0.0;0.0
2030-11-22 00:00:00;79.88363522328173;0.0;0.0;0.0;0.0;0.0;0.0;0.0
2030-11-22 01:00:00;79.7980349772875;0.0;0.0;0.0;0.0;0.0;0.0;0.0
2030-11-22 02:00:00;79.7404803256643;0.0;0.0;0.0;0.0;0.0;0.0;0.0
2030-11-22 03:00:00;79.741398415674;0.0;0.0;0.0;0.0;0.0;0.0;0.0
2030-11-22 04:00:00;79.75438185275152;0.0;0.0;0.0;0.0;0.0;0.0;0.0
2030-11-22 05:00:00;79.80379564952747;0.0;0.0;0.0;0.0;0.0;0.0;0.0
2030-11-22 06:00:00;79.79696478579856;0.0;0.0;0.0;0.0;0.0;0.0;0.0
2030-11-22 07:00:00;86.44237981388153;0.0;0.0;0.0;0.0;0.0;0.0;0.0
2030-11-22 08:00:00;86.41658285489244;0.0;0.0;0.0;0.0;0.0;0.0;0.0
2030-11-22 09:00:00;79.8736897049378;0.0;0.0;0.0;0.0;0.0;0.0;0.0
2030-11-22 10:00:00;79.9491457414666;0.0;0.0;0.0;0.0;0.0;0.0;0.0
2030-11-22 11:00:00;79.9722048738297;0.0;0.0;0.0;0.0;0.0;0.0;0.0
2030-11-22 12:00:00;79.84814487813051;0.0;0.0;0.0;0.0;0.0;0.0;0.0
2030-11-22 13:00:00;80.0570555746966;0.0;0.0;0.0;0.0;0.0;0.0;0.0
2030-11-22 14:00:00;80.12821988300094;0.0;0.0;0.0;0.0;0.0;0.0;0.0
2030-11-22 15:00:00;80.15260956073632;0.0;0.0;0.0;0.0;0.0;0.0;0.0
2030-11-22 16:00:00;80.12078472420595;0.0;0.0;0.0;0.0;0.0;0.0;0.0
2030-11-22 17:00:00;80.18273798617412;0.0;0.0;0.0;0.0;0.0;0.0;0.0
2030-11-22 18:00:00;80.15735211226405;0.0;0.0;0.0;0.0;0.0;0.0;0.0
2030-11-22 19:00:00;80.07376070202241;0.0;0.0;0.0;0.0;0.0;0.0;0.0
2030-11-22 20:00:00;80.0172433550818;0.0;0.0;0.0;0.0;0.0;0.0;0.0
2030-11-22 21:00:00;79.92822699208133;0.0;0.0;0.0;0.0;0.0;0.0;0.0
2030-11-22 22:00:00;79.68044272016411;0.0;0.0;0.0;0.0;0.0;0.0;0.0
2030-11-22 23:00:00;79.47595529904775;0.0;0.0;0.0;0.0;0.0;0.0;0.0
2030-11-23 00:00:00;79.3908140980584;0.0;0.0;0.0;0.0;0.0;0.0;0.0
2030-11-23 01:00:00;79.43612800631341;0.0;0.0;0.0;0.0;0.0;0.0;0.0
2030-11-23 02:00:00;79.32477328012163;0.0;0.0;0.0;0.0;0.0;0.0;0.0
2030-11-23 03:00:00;79.34271851410233;0.0;0.0;0.0;0.0;0.0;0.0;0.0
2030-11-23 04:00:00;79.34217451151451;0.0;0.0;0.0;0.0;0.0;0.0;0.0
2030-11-23 05:00:00;79.33059424483989;0.0;0.0;0.0;0.0;0.0;0.0;0.0
2030-11-23 06:00:00;79.33195356616767;0.0;0.0;0.0;0.0;0.0;0.0;0.0
2030-11-23 07:00:00;79.38751719572505;0.0;0.0;0.0;0.0;0.0;0.0;0.0
2030-11-23 08:00:00;79.4543664809838;0.0;0.0;0.0;0.0;0.0;0.0;0.0
2030-11-23 09:00:00;79.47050979203499;0.0;0.0;0.0;0.0;0.0;0.0;0.0
2030-11-23 10:00:00;79.46548633236996;0.0;0.0;0.0;0.0;0.0;0.0;0.0
2030-11-23 11:00:00;79.5071991353332;0.0;0.0;0.0;0.0;0.0;0.0;0.0
2030-11-23 12:00:00;79.50814463101482;0.0;0.0;0.0;0.0;0.0;0.0;0.0
2030-11-23 13:00:00;79.51705284467614;0.0;0.0;0.0;0.0;0.0;0.0;0.0
2030-11-23 14:00:00;79.56989372072712;0.0;0.0;0.0;0.0;0.0;0.0;0.0
2030-11-23 15:00:00;79.5707460371242;0.0;0.0;0.0;0.0;0.0;0.0;0.0
2030-11-23 16:00:00;79.54950116024295;0.0;0.0;0.0;0.0;0.0;0.0;0.0
2030-11-23 17:00:00;79.60020165331609;0.0;0.0;0.0;0.0;0.0;0.0;0.0
2030-11-23 18:00:00;79.61820032835706;0.0;0.0;0.0;0.0;0.0;0.0;0.0
2030-11-23 19:00:00;79.59318854186884;0.0;0.0;0.0;0.0;0.0;0.0;0.0
2030-11-23 20:00:00;79.51715424566228;0.0;0.0;0.0;0.0;0.0;0.0;0.0
2030-11-23 21:00:00;79.51077009438586;0.0;0.0;0.0;0.0;0.0;0.0;0.0
2030-11-23 22:00:00;79.50110822474645;0.0;0.0;0.0;0.0;0.0;0.0;0.0
2030-11-23 23:00:00;79.52078001605882;0.0;0.0;0.0;0.0;0.0;0.0;0.0
2030-11-24 00:00:00;79.48408519162624;0.0;0.0;0.0;0.0;0.0;0.0;0.0
2030-11-24 01:00:00;79.41773880044744;0.0;0.0;0.0;0.0;0.0;0.0;0.0
2030-11-24 02:00:00;79.39168696870941;0.0;0.0;0.0;0.0;0.0;0.0;0.0
2030-11-24 03:00:00;79.38737879708178;0.0;0.0;0.0;0.0;0.0;0.0;0.0
2030-11-24 04:00:00;79.38135914124206;0.0;0.0;0.0;0.0;0.0;0.0;0.0
2030-11-24 05:00:00;79.38790498598289;0.0;0.0;0.0;0.0;0.0;0.0;0.0
2030-11-24 06:00:00;79.39000426045283;0.0;0.0;0.0;0.0;0.0;0.0;0.0
2030-11-24 07:00:00;79.40554053587074;0.0;0.0;0.0;0.0;0.0;0.0;0.0
2030-11-24 08:00:00;79.41566693164941;0.0;0.0;0.0;0.0;0.0;0.0;0.0
2030-11-24 09:00:00;79.43083186021266;0.0;0.0;0.0;0.0;0.0;0.0;0.0
2030-11-24 10:00:00;79.43738318608789;0.0;0.0;0.0;0.0;0.0;0.0;0.0
2030-11-24 11:00:00;79.41942561955481;0.0;0.0;0.0;0.0;0.0;0.0;0.0
2030-11-24 12:00:00;79.42477931756662;0.0;0.0;0.0;0.0;0.0;0.0;0.0
2030-11-24 13:00:00;79.40975278764661;0.0;0.0;0.0;0.0;0.0;0.0;0.0
2030-11-24 14:00:00;79.41386637900351;0.0;0.0;0.0;0.0;0.0;0.0;0.0
2030-11-24 15:00:00;85.79373140833968;0.0;0.0;0.0;0.0;0.0;0.0;0.0
2030-11-24 16:00:00;85.85821558411075;0.0;0.0;0.0;0.0;0.0;0.0;0.0
2030-11-24 17:00:00;85.88943064444064;0.0;0.0;0.0;0.0;0.0;0.0;0.0
2030-11-24 18:00:00;85.9334948540556;0.0;0.0;0.0;0.0;0.0;0.0;0.0
2030-11-24 19:00:00;85.92780543656262;0.0;0.0;0.0;0.0;0.0;0.0;0.0
2030-11-24 20:00:00;85.92655984877334;0.0;0.0;0.0;0.0;0.0;0.0;0.0
2030-11-24 21:00:00;85.9457095620354;0.0;0.0;0.0;0.0;0.0;0.0;0.0
2030-11-24 22:00:00;85.90694423908842;0.0;0.0;0.0;0.0;0.0;0.0;0.0
2030-11-24 23:00:00;85.90039154292961;0.0;0.0;0.0;0.0;0.0;0.0;0.0
2030-11-25 00:00:00;85.86234561887082;0.0;0.0;0.0;0.0;0.0;0.0;0.0
2030-11-25 01:00:00;85.87406428418869;0.0;0.0;0.0;0.0;0.0;0.0;0.0
2030-11-25 02:00:00;85.8643517140562;0.0;0.0;0.0;0.0;0.0;0.0;0.0
2030-11-25 03:00:00;85.84311916972732;0.0;0.0;0.0;0.0;0.0;0.0;0.0
2030-11-25 04:00:00;85.86268544920276;0.0;0.0;0.0;0.0;0.0;0.0;0.0
2030-11-25 05:00:00;85.90892429888547;0.0;0.0;0.0;0.0;0.0;0.0;0.0
2030-11-25 06:00:00;86.0690542696972;0.0;0.0;0.0;0.0;0.0;0.0;0.0
2030-11-25 07:00:00;86.24057677833085;0.0;0.0;0.0;0.0;0.0;0.0;0.0
2030-11-25 08:00:00;86.33310106733853;0.0;0.0;0.0;0.0;0.0;0.0;0.0
2030-11-25 09:00:00;86.3923069106956;0.0;0.0;0.0;0.0;0.0;0.0;0.0
2030-11-25 10:00:00;86.37426986771393;0.0;0.0;0.0;0.0;0.0;0.0;0.0
2030-11-25 11:00:00;86.35696318588924;0.0;0.0;0.0;0.0;0.0;0.0;0.0
2030-11-25 12:00:00;86.30758638677037;0.0;0.0;0.0;0.0;0.0;0.0;0.0
2030-11-25 13:00:00;86.32666895613623;0.0;0.0;0.0;0.0;0.0;0.0;0.0
2030-11-25 14:00:00;86.3464627026887;0.0;0.0;0.0;0.0;0.0;0.0;0.0
2030-11-25 15:00:00;86.46396041024391;0.0;0.0;0.0;0.0;0.0;0.0;0.0
2030-11-25 16:00:00;86.48065046445015;0.0;0.0;0.0;0.0;0.0;0.0;0.0
2030-11-25 17:00:00;86.49748850928484;0.0;0.0;0.0;0.0;0.0;0.0;0.0
2030-11-25 18:00:00;86.48429815938422;0.0;0.0;0.0;0.0;0.0;0.0;0.0
2030-11-25 19:00:00;79.99241244602834;0.0;0.0;0.0;0.0;0.0;0.0;0.0
2030-11-25 20:00:00;79.98398931276023;0.0;0.0;0.0;0.0;0.0;0.0;0.0
2030-11-25 21:00:00;79.94428397526596;0.0;0.0;0.0;0.0;0.0;0.0;0.0
2030-11-25 22:00:00;79.92059177188125;0.0;0.0;0.0;0.0;0.0;0.0;0.0
2030-11-25 23:00:00;79.87731136448353;0.0;0.0;0.0;0.0;0.0;0.0;0.0
2030-11-26 00:00:00;79.87406790321045;0.0;0.0;0.0;0.0;0.0;0.0;0.0
2030-11-26 01:00:00;79.88109608777725;0.0;0.0;0.0;0.0;0.0;0.0;0.0
2030-11-26 02:00:00;79.8241703963249;0.0;0.0;0.0;0.0;0.0;0.0;0.0
2030-11-26 03:00:00;79.76776815320642;0.0;0.0;0.0;0.0;0.0;0.0;0.0
2030-11-26 04:00:00;79.77042513310016;0.0;0.0;0.0;0.0;0.0;0.0;0.0
2030-11-26 05:00:00;79.77141995899129;0.0;0.0;0.0;0.0;0.0;0.0;0.0
2030-11-26 06:00:00;79.86285213197252;0.0;0.0;0.0;0.0;0.0;0.0;0.0
2030-11-26 07:00:00;79.89352730056535;0.0;0.0;0.0;0.0;0.0;0.0;0.0
2030-11-26 08:00:00;79.94962122987461;0.0;0.0;0.0;0.0;0.0;0.0;0.0
2030-11-26 09:00:00;79.94701358019034;0.0;0.0;0.0;0.0;0.0;0.0;0.0
2030-11-26 10:00:00;80.0026649078979;0.0;0.0;0.0;0.0;0.0;0.0;0.0
2030-11-26 11:00:00;80.00275260604808;0.0;0.0;0.0;0.0;0.0;0.0;0.0
2030-11-26 12:00:00;79.99584637672135;0.0;0.0;0.0;0.0;0.0;0.0;0.0
2030-11-26 13:00:00;79.98286430992744;0.0;0.0;0.0;0.0;0.0;0.0;0.0
2030-11-26 14:00:00;80.0026649078979;0.0;0.0;0.0;0.0;0.0;0.0;0.0
2030-11-26 15:00:00;80.02101848639037;0.0;0.0;0.0;0.0;0.0;0.0;0.0
2030-11-26 16:00:00;80.06495114878005;0.0;0.0;0.0;0.0;0.0;0.0;0.0
2030-11-26 17:00:00;80.11225196825009;0.0;0.0;0.0;0.0;0.0;0.0;0.0
2030-11-26 18:00:00;80.0590575590312;0.0;0.0;0.0;0.0;0.0;0.0;0.0
2030-11-26 19:00:00;79.99514479151989;0.0;0.0;0.0;0.0;0.0;0.0;0.0
2030-11-26 20:00:00;79.99799224083358;0.0;0.0;0.0;0.0;0.0;0.0;0.0
2030-11-26 21:00:00;79.91832395252892;0.0;0.0;0.0;0.0;0.0;0.0;0.0
2030-11-26 22:00:00;79.92853393560696;0.0;0.0;0.0;0.0;0.0;0.0;0.0
2030-11-26 23:00:00;79.86556803406093;0.0;0.0;0.0;0.0;0.0;0.0;0.0
2030-11-27 00:00:00;79.66695501872306;0.0;0.0;0.0;0.0;0.0;0.0;0.0
2030-11-27 01:00:00;79.45503106852811;0.0;0.0;0.0;0.0;0.0;0.0;0.0
2030-11-27 02:00:00;79.40945680638976;0.0;0.0;0.0;0.0;0.0;0.0;0.0
2030-11-27 03:00:00;79.35714897065785;0.0;0.0;0.0;0.0;0.0;0.0;0.0
2030-11-27 04:00:00;79.35331765772182;0.0;0.0;0.0;0.0;0.0;0.0;0.0
2030-11-27 05:00:00;79.35240915969729;0.0;0.0;0.0;0.0;0.0;0.0;0.0
2030-11-27 06:00:00;79.39943318188084;0.0;0.0;0.0;0.0;0.0;0.0;0.0
2030-11-27 07:00:00;86.04886588146891;0.0;0.0;0.0;0.0;0.0;0.0;0.0
2030-11-27 08:00:00;86.11560965489072;0.0;0.0;0.0;0.0;0.0;0.0;0.0
2030-11-27 09:00:00;86.18929528501275;0.0;0.0;0.0;0.0;0.0;0.0;0.0
2030-11-27 10:00:00;86.24469585082214;0.0;0.0;0.0;0.0;0.0;0.0;0.0
2030-11-27 11:00:00;86.26854015568608;0.0;0.0;0.0;0.0;0.0;0.0;0.0
2030-11-27 12:00:00;86.31111075618075;0.0;0.0;0.0;0.0;0.0;0.0;0.0
2030-11-27 13:00:00;86.40373370560741;0.0;0.0;0.0;0.0;0.0;0.0;0.0
2030-11-27 14:00:00;86.42092665389359;0.0;0.0;0.0;0.0;0.0;0.0;0.0
2030-11-27 15:00:00;86.48992043298095;0.0;0.0;0.0;0.0;0.0;0.0;0.0
2030-11-27 16:00:00;86.36081505307918;0.0;0.0;0.0;0.0;0.0;0.0;0.0
2030-11-27 17:00:00;86.50346842690026;0.0;0.0;0.0;0.0;0.0;0.0;0.0
2030-11-27 18:00:00;86.44858445800678;0.0;0.0;0.0;0.0;0.0;0.0;0.0
2030-11-27 19:00:00;86.37280229398199;0.0;0.0;0.0;0.0;0.0;0.0;0.0
2030-11-27 20:00:00;86.42132951727098;0.0;0.0;0.0;0.0;0.0;0.0;0.0
2030-11-27 21:00:00;86.1150971688256;0.0;0.0;0.0;0.0;0.0;0.0;0.0
2030-11-27 22:00:00;85.89951045057701;0.0;0.0;0.0;0.0;0.0;0.0;0.0
2030-11-27 23:00:00;85.7554429440843;0.0;0.0;0.0;0.0;0.0;0.0;0.0
2030-11-28 00:00:00;85.58480152780324;0.0;0.0;0.0;0.0;0.0;0.0;0.0
2030-11-28 01:00:00;85.46081141656748;0.0;0.0;0.0;0.0;0.0;0.0;0.0
2030-11-28 02:00:00;85.529587320563;0.0;0.0;0.0;0.0;0.0;0.0;0.0
2030-11-28 03:00:00;85.38460172406056;0.0;0.0;0.0;0.0;0.0;0.0;0.0
2030-11-28 04:00:00;85.36786645049564;0.0;0.0;0.0;0.0;0.0;0.0;0.0
2030-11-28 05:00:00;85.50350671286944;0.0;0.0;0.0;0.0;0.0;0.0;0.0
2030-11-28 06:00:00;85.61918331352483;0.0;0.0;0.0;0.0;0.0;0.0;0.0
2030-11-28 07:00:00;85.72049112038654;0.0;0.0;0.0;0.0;0.0;0.0;0.0
2030-11-28 08:00:00;86.02669606316;0.0;0.0;0.0;0.0;0.0;0.0;0.0
2030-11-28 09:00:00;86.2370345952337;0.0;0.0;0.0;0.0;0.0;0.0;0.0
2030-11-28 10:00:00;86.36127409808404;0.0;0.0;0.0;0.0;0.0;0.0;0.0
2030-11-28 11:00:00;86.29451936239347;0.0;0.0;0.0;0.0;0.0;0.0;0.0
2030-11-28 12:00:00;86.37085512099128;0.0;0.0;0.0;0.0;0.0;0.0;0.0
2030-11-28 13:00:00;86.42991160343631;0.0;0.0;0.0;0.0;0.0;0.0;0.0
2030-11-28 14:00:00;86.41258984849205;0.0;0.0;0.0;0.0;0.0;0.0;0.0
2030-11-28 15:00:00;86.4487804085611;0.0;0.0;0.0;0.0;0.0;0.0;0.0
2030-11-28 16:00:00;86.42348497336839;0.0;0.0;0.0;0.0;0.0;0.0;0.0
2030-11-28 17:00:00;86.41615532641032;0.0;0.0;0.0;0.0;0.0;0.0;0.0
2030-11-28 18:00:00;86.44024902288885;0.0;0.0;0.0;0.0;0.0;0.0;0.0
2030-11-28 19:00:00;86.41896577806689;0.0;0.0;0.0;0.0;0.0;0.0;0.0
2030-11-28 20:00:00;86.39312497000275;0.0;0.0;0.0;0.0;0.0;0.0;0.0
2030-11-28 21:00:00;86.26307683498655;0.0;0.0;0.0;0.0;0.0;0.0;0.0
2030-11-28 22:00:00;86.0572684604831;0.0;0.0;0.0;0.0;0.0;0.0;0.0
2030-11-28 23:00:00;85.92110886062618;0.0;0.0;0.0;0.0;0.0;0.0;0.0
2030-11-29 00:00:00;85.89715219250732;0.0;0.0;0.0;0.0;0.0;0.0;0.0
2030-11-29 01:00:00;85.92116641253725;0.0;0.0;0.0;0.0;0.0;0.0;0.0
2030-11-29 02:00:00;85.93314269117127;0.0;0.0;0.0;0.0;0.0;0.0;0.0
2030-11-29 03:00:00;85.90245107917525;0.0;0.0;0.0;0.0;0.0;0.0;0.0
2030-11-29 04:00:00;85.92136236309155;0.0;0.0;0.0;0.0;0.0;0.0;0.0
2030-11-29 05:00:00;85.94283333676623;0.0;0.0;0.0;0.0;0.0;0.0;0.0
2030-11-29 06:00:00;86.07243064847916;0.0;0.0;0.0;0.0;0.0;0.0;0.0
2030-11-29 07:00:00;86.1875975036366;0.0;0.0;0.0;0.0;0.0;0.0;0.0
2030-11-29 08:00:00;86.31220150192364;0.0;0.0;0.0;0.0;0.0;0.0;0.0
2030-11-29 09:00:00;86.28732948436226;0.0;0.0;0.0;0.0;0.0;0.0;0.0
2030-11-29 10:00:00;86.28068771976967;0.0;0.0;0.0;0.0;0.0;0.0;0.0
2030-11-29 11:00:00;86.27977100004357;0.0;0.0;0.0;0.0;0.0;0.0;0.0
2030-11-29 12:00:00;86.42170086412564;0.0;0.0;0.0;0.0;0.0;0.0;0.0
2030-11-29 13:00:00;86.49609356058352;0.0;0.0;0.0;0.0;0.0;0.0;0.0
2030-11-29 14:00:00;86.50967581159273;0.0;0.0;0.0;0.0;0.0;0.0;0.0
2030-11-29 15:00:00;86.51550773857974;0.0;0.0;0.0;0.0;0.0;0.0;0.0
2030-11-29 16:00:00;86.61090277172225;0.0;0.0;0.0;0.0;0.0;0.0;0.0
2030-11-29 17:00:00;86.67757392011343;0.0;0.0;0.0;0.0;0.0;0.0;0.0
2030-11-29 18:00:00;83.729188146431;0.0;0.0;0.0;0.0;0.0;0.0;0.0
2030-11-29 19:00:00;83.23005275439466;0.0;0.0;0.0;0.0;0.0;0.0;0.0
2030-11-29 20:00:00;86.57990421620062;0.0;0.0;0.0;0.0;0.0;0.0;0.0
2030-11-29 21:00:00;86.47372094030229;0.0;0.0;0.0;0.0;0.0;0.0;0.0
2030-11-29 22:00:00;79.88436010330432;0.0;0.0;0.0;0.0;0.0;0.0;0.0
2030-11-29 23:00:00;86.2408713893041;0.0;0.0;0.0;0.0;0.0;0.0;0.0
2030-11-30 00:00:00;86.1028728688606;0.0;0.0;0.0;0.0;0.0;0.0;0.0
2030-11-30 01:00:00;86.09012649084528;0.0;0.0;0.0;0.0;0.0;0.0;0.0
2030-11-30 02:00:00;86.0754069044509;0.0;0.0;0.0;0.0;0.0;0.0;0.0
2030-11-30 03:00:00;86.03644974180038;0.0;0.0;0.0;0.0;0.0;0.0;0.0
2030-11-30 04:00:00;85.9829209833839;0.0;0.0;0.0;0.0;0.0;0.0;0.0
2030-11-30 05:00:00;85.86755132625416;0.0;0.0;0.0;0.0;0.0;0.0;0.0
2030-11-30 06:00:00;85.90501899063524;0.0;0.0;0.0;0.0;0.0;0.0;0.0
2030-11-30 07:00:00;86.06245224332892;0.0;0.0;0.0;0.0;0.0;0.0;0.0
2030-11-30 08:00:00;86.17946350020736;0.0;0.0;0.0;0.0;0.0;0.0;0.0
2030-11-30 09:00:00;83.44421574798643;0.0;0.0;0.0;0.0;0.0;0.0;0.0
2030-11-30 10:00:00;79.69117889214326;0.0;0.0;0.0;0.0;0.0;0.0;0.0
2030-11-30 11:00:00;79.7013148799071;0.0;0.0;0.0;0.0;0.0;0.0;0.0
2030-11-30 12:00:00;86.1536651709347;0.0;0.0;0.0;0.0;0.0;0.0;0.0
2030-11-30 13:00:00;86.13485254743736;0.0;0.0;0.0;0.0;0.0;0.0;0.0
2030-11-30 14:00:00;86.1266486595447;0.0;0.0;0.0;0.0;0.0;0.0;0.0
2030-11-30 15:00:00;86.13980475235536;0.0;0.0;0.0;0.0;0.0;0.0;0.0
2030-11-30 16:00:00;86.13211060996063;0.0;0.0;0.0;0.0;0.0;0.0;0.0
2030-11-30 17:00:00;86.12130592380169;0.0;0.0;0.0;0.0;0.0;0.0;0.0
2030-11-30 18:00:00;86.14500771917156;0.0;0.0;0.0;0.0;0.0;0.0;0.0
2030-11-30 19:00:00;86.17018393969136;0.0;0.0;0.0;0.0;0.0;0.0;0.0
2030-11-30 20:00:00;86.17034426287216;0.0;0.0;0.0;0.0;0.0;0.0;0.0
2030-11-30 21:00:00;86.20926853871637;0.0;0.0;0.0;0.0;0.0;0.0;0.0
2030-11-30 22:00:00;86.2070952689322;0.0;0.0;0.0;0.0;0.0;0.0;0.0
2030-11-30 23:00:00;86.17727515730363;0.0;0.0;0.0;0.0;0.0;0.0;0.0
2030-12-01 00:00:00;86.17277103512168;0.0;0.0;0.0;0.0;0.0;0.0;0.0
2030-12-01 01:00:00;86.05357143533953;0.0;0.0;0.0;0.0;0.0;0.0;0.0
2030-12-01 02:00:00;85.97343176947766;0.0;0.0;0.0;0.0;0.0;0.0;0.0
2030-12-01 03:00:00;85.9416041923801;0.0;0.0;0.0;0.0;0.0;0.0;0.0
2030-12-01 04:00:00;85.88347265136275;0.0;0.0;0.0;0.0;0.0;0.0;0.0
2030-12-01 05:00:00;85.88781782064748;0.0;0.0;0.0;0.0;0.0;0.0;0.0
2030-12-01 06:00:00;85.93731520472284;0.0;0.0;0.0;0.0;0.0;0.0;0.0
2030-12-01 07:00:00;86.02829244355;0.0;0.0;0.0;0.0;0.0;0.0;0.0
2030-12-01 08:00:00;86.09596938010107;0.0;0.0;0.0;0.0;0.0;0.0;0.0
2030-12-01 09:00:00;86.18534064655304;0.0;0.0;0.0;0.0;0.0;0.0;0.0
2030-12-01 10:00:00;86.25854941798347;0.0;0.0;0.0;0.0;0.0;0.0;0.0
2030-12-01 11:00:00;86.34307536163797;0.0;0.0;0.0;0.0;0.0;0.0;0.0
2030-12-01 12:00:00;86.36461759005968;0.0;0.0;0.0;0.0;0.0;0.0;0.0
2030-12-01 13:00:00;86.34517052525713;0.0;0.0;0.0;0.0;0.0;0.0;0.0
2030-12-01 14:00:00;86.3596886799628;0.0;0.0;0.0;0.0;0.0;0.0;0.0
2030-12-01 15:00:00;86.38061839161684;0.0;0.0;0.0;0.0;0.0;0.0;0.0
2030-12-01 16:00:00;86.38602416040531;0.0;0.0;0.0;0.0;0.0;0.0;0.0
2030-12-01 17:00:00;86.40351857108276;0.0;0.0;0.0;0.0;0.0;0.0;0.0
2030-12-01 18:00:00;86.42474837484443;0.0;0.0;0.0;0.0;0.0;0.0;0.0
2030-12-01 19:00:00;86.40166457737658;0.0;0.0;0.0;0.0;0.0;0.0;0.0
2030-12-01 20:00:00;86.40694976120855;0.0;0.0;0.0;0.0;0.0;0.0;0.0
2030-12-01 21:00:00;86.4261172881574;0.0;0.0;0.0;0.0;0.0;0.0;0.0
2030-12-01 22:00:00;86.35167389120646;0.0;0.0;0.0;0.0;0.0;0.0;0.0
2030-12-01 23:00:00;86.27151504137424;0.0;0.0;0.0;0.0;0.0;0.0;0.0
2030-12-02 00:00:00;86.21450028148809;0.0;0.0;0.0;0.0;0.0;0.0;0.0
2030-12-02 01:00:00;86.0985126264563;0.0;0.0;0.0;0.0;0.0;0.0;0.0
2030-12-02 02:00:00;86.13620364706358;0.0;0.0;0.0;0.0;0.0;0.0;0.0
2030-12-02 03:00:00;86.0577014700996;0.0;0.0;0.0;0.0;0.0;0.0;0.0
2030-12-02 04:00:00;86.01934586194798;0.0;0.0;0.0;0.0;0.0;0.0;0.0
2030-12-02 05:00:00;86.12033987386607;0.0;0.0;0.0;0.0;0.0;0.0;0.0
2030-12-02 06:00:00;86.26460470119672;0.0;0.0;0.0;0.0;0.0;0.0;0.0
2030-12-02 07:00:00;86.41634442554665;0.0;0.0;0.0;0.0;0.0;0.0;0.0
2030-12-02 08:00:00;86.4416193064854;0.0;0.0;0.0;0.0;0.0;0.0;0.0
2030-12-02 09:00:00;86.35862122904108;0.0;0.0;0.0;0.0;0.0;0.0;0.0
2030-12-02 10:00:00;86.31103402029935;0.0;0.0;0.0;0.0;0.0;0.0;0.0
2030-12-02 11:00:00;86.29947019702789;0.0;0.0;0.0;0.0;0.0;0.0;0.0
2030-12-02 12:00:00;86.37577306881937;0.0;0.0;0.0;0.0;0.0;0.0;0.0
2030-12-02 13:00:00;86.4211280855823;0.0;0.0;0.0;0.0;0.0;0.0;0.0
2030-12-02 14:00:00;86.3371913638743;0.0;0.0;0.0;0.0;0.0;0.0;0.0
2030-12-02 15:00:00;86.31379103089564;0.0;0.0;0.0;0.0;0.0;0.0;0.0
2030-12-02 16:00:00;86.38097877620274;0.0;0.0;0.0;0.0;0.0;0.0;0.0
2030-12-02 17:00:00;86.35894187540268;0.0;0.0;0.0;0.0;0.0;0.0;0.0
2030-12-02 18:00:00;86.52772518712675;0.0;0.0;0.0;0.0;0.0;0.0;0.0
2030-12-02 19:00:00;86.42529237743227;0.0;0.0;0.0;0.0;0.0;0.0;0.0
2030-12-02 20:00:00;86.34461144954973;0.0;0.0;0.0;0.0;0.0;0.0;0.0
2030-12-02 21:00:00;86.34883603387797;0.0;0.0;0.0;0.0;0.0;0.0;0.0
2030-12-02 22:00:00;86.38924569714085;0.0;0.0;0.0;0.0;0.0;0.0;0.0
2030-12-02 23:00:00;86.48047369786619;0.0;0.0;0.0;0.0;0.0;0.0;0.0
2030-12-03 00:00:00;80.00618790702467;0.0;0.0;0.0;0.0;0.0;0.0;0.0
2030-12-03 01:00:00;80.03348395626837;0.0;0.0;0.0;0.0;0.0;0.0;0.0
2030-12-03 02:00:00;80.00908194598064;0.0;0.0;0.0;0.0;0.0;0.0;0.0
2030-12-03 03:00:00;79.92761036446288;0.0;0.0;0.0;0.0;0.0;0.0;0.0
2030-12-03 04:00:00;79.97501806605348;0.0;0.0;0.0;0.0;0.0;0.0;0.0
2030-12-03 05:00:00;86.47629981403102;0.0;0.0;0.0;0.0;0.0;0.0;0.0
2030-12-03 06:00:00;86.58963597030345;0.0;0.0;0.0;0.0;0.0;0.0;0.0
2030-12-03 07:00:00;86.53216216541244;0.0;0.0;0.0;0.0;0.0;0.0;0.0
2030-12-03 08:00:00;86.40837896699978;0.0;0.0;0.0;0.0;0.0;0.0;0.0
2030-12-03 09:00:00;86.40068756517223;0.0;0.0;0.0;0.0;0.0;0.0;0.0
2030-12-03 10:00:00;86.3963053982304;0.0;0.0;0.0;0.0;0.0;0.0;0.0
2030-12-03 11:00:00;79.85698594789558;0.0;0.0;0.0;0.0;0.0;0.0;0.0
2030-12-03 12:00:00;79.81510460004998;0.0;0.0;0.0;0.0;0.0;0.0;0.0
2030-12-03 13:00:00;86.30386743708928;0.0;0.0;0.0;0.0;0.0;0.0;0.0
2030-12-03 14:00:00;86.41625809768007;0.0;0.0;0.0;0.0;0.0;0.0;0.0
2030-12-03 15:00:00;86.43093931613373;0.0;0.0;0.0;0.0;0.0;0.0;0.0
2030-12-03 16:00:00;86.37680489236757;0.0;0.0;0.0;0.0;0.0;0.0;0.0
2030-12-03 17:00:00;86.36936014158742;0.0;0.0;0.0;0.0;0.0;0.0;0.0
2030-12-03 18:00:00;86.31959418192713;0.0;0.0;0.0;0.0;0.0;0.0;0.0
2030-12-03 19:00:00;86.23951754911069;0.0;0.0;0.0;0.0;0.0;0.0;0.0
2030-12-03 20:00:00;86.25567319271426;0.0;0.0;0.0;0.0;0.0;0.0;0.0
2030-12-03 21:00:00;86.25352732860205;0.0;0.0;0.0;0.0;0.0;0.0;0.0
2030-12-03 22:00:00;86.21615010293834;0.0;0.0;0.0;0.0;0.0;0.0;0.0
2030-12-03 23:00:00;86.26771113411016;0.0;0.0;0.0;0.0;0.0;0.0;0.0
2030-12-04 00:00:00;86.23500931607796;0.0;0.0;0.0;0.0;0.0;0.0;0.0
2030-12-04 01:00:00;86.16610049457358;0.0;0.0;0.0;0.0;0.0;0.0;0.0
2030-12-04 02:00:00;86.0999459430983;0.0;0.0;0.0;0.0;0.0;0.0;0.0
2030-12-04 03:00:00;86.1107054098986;0.0;0.0;0.0;0.0;0.0;0.0;0.0
2030-12-04 04:00:00;79.72227473780025;0.0;0.0;0.0;0.0;0.0;0.0;0.0
2030-12-04 05:00:00;82.09077430710045;0.0;0.0;0.0;0.0;0.0;0.0;0.0
2030-12-04 06:00:00;86.3361924271324;0.0;0.0;0.0;0.0;0.0;0.0;0.0
2030-12-04 07:00:00;86.26100496618852;0.0;0.0;0.0;0.0;0.0;0.0;0.0
2030-12-04 08:00:00;86.30942393707338;0.0;0.0;0.0;0.0;0.0;0.0;0.0
2030-12-04 09:00:00;79.8646170572449;0.0;0.0;0.0;0.0;0.0;0.0;0.0
2030-12-04 10:00:00;79.81231470264737;0.0;0.0;0.0;0.0;0.0;0.0;0.0
2030-12-04 11:00:00;79.79424340257577;0.0;0.0;0.0;0.0;0.0;0.0;0.0
2030-12-04 12:00:00;79.79286078642684;0.0;0.0;0.0;0.0;0.0;0.0;0.0
2030-12-04 13:00:00;79.79350344943362;0.0;0.0;0.0;0.0;0.0;0.0;0.0
2030-12-04 14:00:00;79.75029566706654;0.0;0.0;0.0;0.0;0.0;0.0;0.0
2030-12-04 15:00:00;79.83429268125278;0.0;0.0;0.0;0.0;0.0;0.0;0.0
2030-12-04 16:00:00;79.94737259449265;0.0;0.0;0.0;0.0;0.0;0.0;0.0
2030-12-04 17:00:00;79.95824853539862;0.0;0.0;0.0;0.0;0.0;0.0;0.0
2030-12-04 18:00:00;80.03327019202732;0.0;0.0;0.0;0.0;0.0;0.0;0.0
2030-12-04 19:00:00;79.9181718510497;0.0;0.0;0.0;0.0;0.0;0.0;0.0
2030-12-04 20:00:00;79.89662414149362;0.0;0.0;0.0;0.0;0.0;0.0;0.0
2030-12-04 21:00:00;79.8589824510958;0.0;0.0;0.0;0.0;0.0;0.0;0.0
2030-12-04 22:00:00;79.81242432533509;0.0;0.0;0.0;0.0;0.0;0.0;0.0
2030-12-04 23:00:00;79.78953099728716;0.0;0.0;0.0;0.0;0.0;0.0;0.0
2030-12-05 00:00:00;79.73166392100396;0.0;0.0;0.0;0.0;0.0;0.0;0.0
2030-12-05 01:00:00;79.79367062403242;0.0;0.0;0.0;0.0;0.0;0.0;0.0
2030-12-05 02:00:00;79.77642286440238;0.0;0.0;0.0;0.0;0.0;0.0;0.0
2030-12-05 03:00:00;79.74220140186159;0.0;0.0;0.0;0.0;0.0;0.0;0.0
2030-12-05 04:00:00;79.80541669502223;0.0;0.0;0.0;0.0;0.0;0.0;0.0
2030-12-05 05:00:00;79.84872313780826;0.0;0.0;0.0;0.0;0.0;0.0;0.0
2030-12-05 06:00:00;79.9796400326247;0.0;0.0;0.0;0.0;0.0;0.0;0.0
2030-12-05 07:00:00;79.95479542073525;0.0;0.0;0.0;0.0;0.0;0.0;0.0
2030-12-05 08:00:00;80.00767466472695;0.0;0.0;0.0;0.0;0.0;0.0;0.0
2030-12-05 09:00:00;79.98602144333393;0.0;0.0;0.0;0.0;0.0;0.0;0.0
2030-12-05 10:00:00;79.97326684361704;0.0;0.0;0.0;0.0;0.0;0.0;0.0
2030-12-05 11:00:00;79.95467346549518;0.0;0.0;0.0;0.0;0.0;0.0;0.0
2030-12-05 12:00:00;79.8738870257757;0.0;0.0;0.0;0.0;0.0;0.0;0.0
2030-12-05 13:00:00;79.8730497824982;0.0;0.0;0.0;0.0;0.0;0.0;0.0
2030-12-05 14:00:00;79.89662551177722;0.0;0.0;0.0;0.0;0.0;0.0;0.0
2030-12-05 15:00:00;79.95916525512473;0.0;0.0;0.0;0.0;0.0;0.0;0.0
2030-12-05 16:00:00;86.30537200847832;0.0;0.0;0.0;0.0;0.0;0.0;0.0
2030-12-05 17:00:00;86.23628779067357;0.0;0.0;0.0;0.0;0.0;0.0;0.0
2030-12-05 18:00:00;79.75455587876829;0.0;0.0;0.0;0.0;0.0;0.0;0.0
2030-12-05 19:00:00;86.25040308200185;0.0;0.0;0.0;0.0;0.0;0.0;0.0
2030-12-05 20:00:00;86.01482118551209;0.0;0.0;0.0;0.0;0.0;0.0;0.0
2030-12-05 21:00:00;85.84754518574424;0.0;0.0;0.0;0.0;0.0;0.0;0.0
2030-12-05 22:00:00;85.73142461320359;0.0;0.0;0.0;0.0;0.0;0.0;0.0
2030-12-05 23:00:00;85.68847033330186;0.0;0.0;0.0;0.0;0.0;0.0;0.0
2030-12-06 00:00:00;85.50740516970168;0.0;0.0;0.0;0.0;0.0;0.0;0.0
2030-12-06 01:00:00;85.68484182233813;0.0;0.0;0.0;0.0;0.0;0.0;0.0
2030-12-06 02:00:00;85.46301894344155;0.0;0.0;0.0;0.0;0.0;0.0;0.0
2030-12-06 03:00:00;85.4304253778135;0.0;0.0;0.0;0.0;0.0;0.0;0.0
2030-12-06 04:00:00;85.28663877945807;0.0;0.0;0.0;0.0;0.0;0.0;0.0
2030-12-06 05:00:00;85.29429044306133;0.0;0.0;0.0;0.0;0.0;0.0;0.0
2030-12-06 06:00:00;85.44268530515203;0.0;0.0;0.0;0.0;0.0;0.0;0.0
2030-12-06 07:00:00;85.68998449667608;0.0;0.0;0.0;0.0;0.0;0.0;0.0
2030-12-06 08:00:00;85.94348559175819;0.0;0.0;0.0;0.0;0.0;0.0;0.0
2030-12-06 09:00:00;85.95957820231632;0.0;0.0;0.0;0.0;0.0;0.0;0.0
2030-12-06 10:00:00;85.94315398312781;0.0;0.0;0.0;0.0;0.0;0.0;0.0
2030-12-06 11:00:00;85.90761704833434;0.0;0.0;0.0;0.0;0.0;0.0;0.0
2030-12-06 12:00:00;79.5106289551754;0.0;0.0;0.0;0.0;0.0;0.0;0.0
2030-12-06 13:00:00;79.65224639459748;0.0;0.0;0.0;0.0;0.0;0.0;0.0
2030-12-06 14:00:00;79.63551112103255;0.0;0.0;0.0;0.0;0.0;0.0;0.0
2030-12-06 15:00:00;79.63809136504489;0.0;0.0;0.0;0.0;0.0;0.0;0.0
2030-12-06 16:00:00;79.63083434311744;0.0;0.0;0.0;0.0;0.0;0.0;0.0
2030-12-06 17:00:00;79.59542347441484;0.0;0.0;0.0;0.0;0.0;0.0;0.0
2030-12-06 18:00:00;79.55684313975338;0.0;0.0;0.0;0.0;0.0;0.0;0.0
2030-12-06 19:00:00;86.06139712495956;0.0;0.0;0.0;0.0;0.0;0.0;0.0
2030-12-06 20:00:00;85.90848854870177;0.0;0.0;0.0;0.0;0.0;0.0;0.0
2030-12-06 21:00:00;85.79429870574867;0.0;0.0;0.0;0.0;0.0;0.0;0.0
2030-12-06 22:00:00;85.6546407718697;0.0;0.0;0.0;0.0;0.0;0.0;0.0
2030-12-06 23:00:00;84.1809583156682;0.0;0.0;0.0;0.0;0.0;0.0;0.0
2030-12-07 00:00:00;82.27334404208965;0.0;0.0;0.0;0.0;0.0;0.0;0.0
2030-12-07 01:00:00;82.74399397872041;0.0;0.0;0.0;0.0;0.0;0.0;0.0
2030-12-07 02:00:00;85.38879616214967;0.0;0.0;0.0;0.0;0.0;0.0;0.0
2030-12-07 03:00:00;85.248383202009;0.0;0.0;0.0;0.0;0.0;0.0;0.0
2030-12-07 04:00:00;85.21865215881418;0.0;0.0;0.0;0.0;0.0;0.0;0.0
2030-12-07 05:00:00;85.20878337635168;0.0;0.0;0.0;0.0;0.0;0.0;0.0
2030-12-07 06:00:00;85.30429214303271;0.0;0.0;0.0;0.0;0.0;0.0;0.0
2030-12-07 07:00:00;85.61637149158466;0.0;0.0;0.0;0.0;0.0;0.0;0.0
2030-12-07 08:00:00;85.65631662870831;0.0;0.0;0.0;0.0;0.0;0.0;0.0
2030-12-07 09:00:00;85.69921883783336;0.0;0.0;0.0;0.0;0.0;0.0;0.0
2030-12-07 10:00:00;85.66578802892784;0.0;0.0;0.0;0.0;0.0;0.0;0.0
2030-12-07 11:00:00;79.42461214296783;0.0;0.0;0.0;0.0;0.0;0.0;0.0
2030-12-07 12:00:00;79.45708101278859;0.0;0.0;0.0;0.0;0.0;0.0;0.0
2030-12-07 13:00:00;79.4591556221538;0.0;0.0;0.0;0.0;0.0;0.0;0.0
2030-12-07 14:00:00;79.45189997050997;0.0;0.0;0.0;0.0;0.0;0.0;0.0
2030-12-07 15:00:00;79.44059924168904;0.0;0.0;0.0;0.0;0.0;0.0;0.0
2030-12-07 16:00:00;79.4497979554728;0.0;0.0;0.0;0.0;0.0;0.0;0.0
2030-12-07 17:00:00;80.39604455251802;0.0;0.0;0.0;0.0;0.0;0.0;0.0
2030-12-07 18:00:00;79.44102814045476;0.0;0.0;0.0;0.0;0.0;0.0;0.0
2030-12-07 19:00:00;79.43744484884971;0.0;0.0;0.0;0.0;0.0;0.0;0.0
2030-12-07 20:00:00;79.4211001061098;0.0;0.0;0.0;0.0;0.0;0.0;0.0
2030-12-07 21:00:00;79.3869457874653;0.0;0.0;0.0;0.0;0.0;0.0;0.0
2030-12-07 22:00:00;79.3423704620688;0.0;0.0;0.0;0.0;0.0;0.0;0.0
2030-12-07 23:00:00;79.30271719535122;0.0;0.0;0.0;0.0;0.0;0.0;0.0
2030-12-08 00:00:00;79.2020506812127;0.0;0.0;0.0;0.0;0.0;0.0;0.0
2030-12-08 01:00:00;79.16436651202339;0.0;0.0;0.0;0.0;0.0;0.0;0.0
2030-12-08 02:00:00;79.1183195020442;0.0;0.0;0.0;0.0;0.0;0.0;0.0
2030-12-08 03:00:00;79.11594068972056;0.0;0.0;0.0;0.0;0.0;0.0;0.0
2030-12-08 04:00:00;79.11065687617217;0.0;0.0;0.0;0.0;0.0;0.0;0.0
2030-12-08 05:00:00;79.10132113402874;0.0;0.0;0.0;0.0;0.0;0.0;0.0
2030-12-08 06:00:00;79.10325871503429;0.0;0.0;0.0;0.0;0.0;0.0;0.0
2030-12-08 07:00:00;79.11178736013936;0.0;0.0;0.0;0.0;0.0;0.0;0.0
2030-12-08 08:00:00;79.12816361940197;0.0;0.0;0.0;0.0;0.0;0.0;0.0
2030-12-08 09:00:00;79.16613691843017;0.0;0.0;0.0;0.0;0.0;0.0;0.0
2030-12-08 10:00:00;79.21373234887346;0.0;0.0;0.0;0.0;0.0;0.0;0.0
2030-12-08 11:00:00;79.22536468632477;0.0;0.0;0.0;0.0;0.0;0.0;0.0
2030-12-08 12:00:00;79.2332260033183;0.0;0.0;0.0;0.0;0.0;0.0;0.0
2030-12-08 13:00:00;79.23077867681482;0.0;0.0;0.0;0.0;0.0;0.0;0.0
2030-12-08 14:00:00;79.20851430893772;0.0;0.0;0.0;0.0;0.0;0.0;0.0
2030-12-08 15:00:00;85.32297733015555;0.0;0.0;0.0;0.0;0.0;0.0;0.0
2030-12-08 16:00:00;85.37949193652896;0.0;0.0;0.0;0.0;0.0;0.0;0.0
2030-12-08 17:00:00;85.38879616214967;0.0;0.0;0.0;0.0;0.0;0.0;0.0
2030-12-08 18:00:00;85.46888786808569;0.0;0.0;0.0;0.0;0.0;0.0;0.0
2030-12-08 19:00:00;85.4739168088851;0.0;0.0;0.0;0.0;0.0;0.0;0.0
2030-12-08 20:00:00;85.46277366267776;0.0;0.0;0.0;0.0;0.0;0.0;0.0
2030-12-08 21:00:00;85.36594120204246;0.0;0.0;0.0;0.0;0.0;0.0;0.0
2030-12-08 22:00:00;85.27167391229992;0.0;0.0;0.0;0.0;0.0;0.0;0.0
2030-12-08 23:00:00;85.26017586264109;0.0;0.0;0.0;0.0;0.0;0.0;0.0
2030-12-09 00:00:00;85.20315425133697;0.0;0.0;0.0;0.0;0.0;0.0;0.0
2030-12-09 01:00:00;85.30399205092505;0.0;0.0;0.0;0.0;0.0;0.0;0.0
2030-12-09 02:00:00;85.29848214058325;0.0;0.0;0.0;0.0;0.0;0.0;0.0
2030-12-09 03:00:00;85.33089071792575;0.0;0.0;0.0;0.0;0.0;0.0;0.0
2030-12-09 04:00:00;85.25643498842244;0.0;0.0;0.0;0.0;0.0;0.0;0.0
2030-12-09 05:00:00;85.30309314488571;0.0;0.0;0.0;0.0;0.0;0.0;0.0
2030-12-09 06:00:00;85.43715209998908;0.0;0.0;0.0;0.0;0.0;0.0;0.0
2030-12-09 07:00:00;85.63847827684813;0.0;0.0;0.0;0.0;0.0;0.0;0.0
2030-12-09 08:00:00;85.93754541236706;0.0;0.0;0.0;0.0;0.0;0.0;0.0
2030-12-09 09:00:00;86.110377912119;0.0;0.0;0.0;0.0;0.0;0.0;0.0
2030-12-09 10:00:00;86.11050808906069;0.0;0.0;0.0;0.0;0.0;0.0;0.0
2030-12-09 11:00:00;86.09809880081013;0.0;0.0;0.0;0.0;0.0;0.0;0.0
2030-12-09 12:00:00;86.17073479369719;0.0;0.0;0.0;0.0;0.0;0.0;0.0
2030-12-09 13:00:00;81.10155972731756;0.0;0.0;0.0;0.0;0.0;0.0;0.0
2030-12-09 14:00:00;80.10224889799514;0.0;0.0;0.0;0.0;0.0;0.0;0.0
2030-12-09 15:00:00;86.38649964881331;0.0;0.0;0.0;0.0;0.0;0.0;0.0
2030-12-09 16:00:00;86.41586482628784;0.0;0.0;0.0;0.0;0.0;0.0;0.0
2030-12-09 17:00:00;86.429949971377;0.0;0.0;0.0;0.0;0.0;0.0;0.0
2030-12-09 18:00:00;86.4235945960561;0.0;0.0;0.0;0.0;0.0;0.0;0.0
2030-12-09 19:00:00;86.21471404572915;0.0;0.0;0.0;0.0;0.0;0.0;0.0
2030-12-09 20:00:00;86.21468526977364;0.0;0.0;0.0;0.0;0.0;0.0;0.0
2030-12-09 21:00:00;79.67871342226525;0.0;0.0;0.0;0.0;0.0;0.0;0.0
2030-12-09 22:00:00;79.57824559924822;0.0;0.0;0.0;0.0;0.0;0.0;0.0
2030-12-09 23:00:00;79.48318628558687;0.0;0.0;0.0;0.0;0.0;0.0;0.0
2030-12-10 00:00:00;79.43810669582686;0.0;0.0;0.0;0.0;0.0;0.0;0.0
2030-12-10 01:00:00;79.44506362564667;0.0;0.0;0.0;0.0;0.0;0.0;0.0
2030-12-10 02:00:00;79.47800113245745;0.0;0.0;0.0;0.0;0.0;0.0;0.0
2030-12-10 03:00:00;79.46667984938257;0.0;0.0;0.0;0.0;0.0;0.0;0.0
2030-12-10 04:00:00;79.5083583952559;0.0;0.0;0.0;0.0;0.0;0.0;0.0
2030-12-10 05:00:00;79.53800174030052;0.0;0.0;0.0;0.0;0.0;0.0;0.0
2030-12-10 06:00:00;79.67918205925528;0.0;0.0;0.0;0.0;0.0;0.0;0.0
2030-12-10 07:00:00;79.7379233764731;0.0;0.0;0.0;0.0;0.0;0.0;0.0
2030-12-10 08:00:00;79.83800203894869;0.0;0.0;0.0;0.0;0.0;0.0;0.0
2030-12-10 09:00:00;79.8772839588116;0.0;0.0;0.0;0.0;0.0;0.0;0.0
2030-12-10 10:00:00;79.92301443328;0.0;0.0;0.0;0.0;0.0;0.0;0.0
2030-12-10 11:00:00;79.94752880682266;0.0;0.0;0.0;0.0;0.0;0.0;0.0
2030-12-10 12:00:00;79.92409695732127;0.0;0.0;0.0;0.0;0.0;0.0;0.0
2030-12-10 13:00:00;79.95911455463165;0.0;0.0;0.0;0.0;0.0;0.0;0.0
2030-12-10 14:00:00;79.9872738825412;0.0;0.0;0.0;0.0;0.0;0.0;0.0
2030-12-10 15:00:00;80.03207530473111;0.0;0.0;0.0;0.0;0.0;0.0;0.0
2030-12-10 16:00:00;80.01391219565855;0.0;0.0;0.0;0.0;0.0;0.0;0.0
2030-12-10 17:00:00;80.00872293167834;0.0;0.0;0.0;0.0;0.0;0.0;0.0
2030-12-10 18:00:00;80.13293913970753;0.0;0.0;0.0;0.0;0.0;0.0;0.0
2030-12-10 19:00:00;79.85052917158855;0.0;0.0;0.0;0.0;0.0;0.0;0.0
2030-12-10 20:00:00;79.79832410712635;0.0;0.0;0.0;0.0;0.0;0.0;0.0
2030-12-10 21:00:00;79.66047905844567;0.0;0.0;0.0;0.0;0.0;0.0;0.0
2030-12-10 22:00:00;79.5779756533797;0.0;0.0;0.0;0.0;0.0;0.0;0.0
2030-12-10 23:00:00;79.45177253413547;0.0;0.0;0.0;0.0;0.0;0.0;0.0
2030-12-11 00:00:00;79.37272361401646;0.0;0.0;0.0;0.0;0.0;0.0;0.0
2030-12-11 01:00:00;79.3340994302799;0.0;0.0;0.0;0.0;0.0;0.0;0.0
2030-12-11 02:00:00;79.2659935949631;0.0;0.0;0.0;0.0;0.0;0.0;0.0
2030-12-11 03:00:00;79.27665440134444;0.0;0.0;0.0;0.0;0.0;0.0;0.0
2030-12-11 04:00:00;79.31293814069804;0.0;0.0;0.0;0.0;0.0;0.0;0.0
2030-12-11 05:00:00;79.32667797432086;0.0;0.0;0.0;0.0;0.0;0.0;0.0
2030-12-11 06:00:00;79.4173126422489;0.0;0.0;0.0;0.0;0.0;0.0;0.0
2030-12-11 07:00:00;79.60575267216579;0.0;0.0;0.0;0.0;0.0;0.0;0.0
2030-12-11 08:00:00;79.69224908363216;0.0;0.0;0.0;0.0;0.0;0.0;0.0
2030-12-11 09:00:00;79.76784351880423;0.0;0.0;0.0;0.0;0.0;0.0;0.0
2030-12-11 10:00:00;79.82103381717235;0.0;0.0;0.0;0.0;0.0;0.0;0.0
2030-12-11 11:00:00;79.89057570969834;0.0;0.0;0.0;0.0;0.0;0.0;0.0
2030-12-11 12:00:00;79.93002480416004;0.0;0.0;0.0;0.0;0.0;0.0;0.0
2030-12-11 13:00:00;79.9644079601652;0.0;0.0;0.0;0.0;0.0;0.0;0.0
2030-12-11 14:00:00;79.95746884403218;0.0;0.0;0.0;0.0;0.0;0.0;0.0
2030-12-11 15:00:00;80.09421903611921;0.0;0.0;0.0;0.0;0.0;0.0;0.0
2030-12-11 16:00:00;80.11073369402507;0.0;0.0;0.0;0.0;0.0;0.0;0.0
2030-12-11 17:00:00;80.12728534958808;0.0;0.0;0.0;0.0;0.0;0.0;0.0
2030-12-11 18:00:00;79.96009293711961;0.0;0.0;0.0;0.0;0.0;0.0;0.0
2030-12-11 19:00:00;80.014365759529;0.0;0.0;0.0;0.0;0.0;0.0;0.0
2030-12-11 20:00:00;80.10742719970656;0.0;0.0;0.0;0.0;0.0;0.0;0.0
2030-12-11 21:00:00;81.05323119515006;0.0;0.0;0.0;0.0;0.0;0.0;0.0
2030-12-11 22:00:00;79.85178709193019;0.0;0.0;0.0;0.0;0.0;0.0;0.0
2030-12-11 23:00:00;79.80268709009786;0.0;0.0;0.0;0.0;0.0;0.0;0.0
2030-12-12 00:00:00;79.71180440083884;0.0;0.0;0.0;0.0;0.0;0.0;0.0
2030-12-12 01:00:00;79.82233010545471;0.0;0.0;0.0;0.0;0.0;0.0;0.0
2030-12-12 02:00:00;79.84115917235519;0.0;0.0;0.0;0.0;0.0;0.0;0.0
2030-12-12 03:00:00;79.87965591971727;0.0;0.0;0.0;0.0;0.0;0.0;0.0
2030-12-12 04:00:00;86.34175714881809;0.0;0.0;0.0;0.0;0.0;0.0;0.0
2030-12-12 05:00:00;86.33648155697128;0.0;0.0;0.0;0.0;0.0;0.0;0.0
2030-12-12 06:00:00;86.36591250805844;0.0;0.0;0.0;0.0;0.0;0.0;0.0
2030-12-12 07:00:00;86.22876493372839;0.0;0.0;0.0;0.0;0.0;0.0;0.0
2030-12-12 08:00:00;86.25171718397097;0.0;0.0;0.0;0.0;0.0;0.0;0.0
2030-12-12 09:00:00;86.31509965173038;0.0;0.0;0.0;0.0;0.0;0.0;0.0
2030-12-12 10:00:00;86.39603134151108;0.0;0.0;0.0;0.0;0.0;0.0;0.0
2030-12-12 11:00:00;86.47589283980285;0.0;0.0;0.0;0.0;0.0;0.0;0.0
2030-12-12 12:00:00;86.51329610085487;0.0;0.0;0.0;0.0;0.0;0.0;0.0
2030-12-12 13:00:00;86.47991599244239;0.0;0.0;0.0;0.0;0.0;0.0;0.0
2030-12-12 14:00:00;86.50516072714201;0.0;0.0;0.0;0.0;0.0;0.0;0.0
2030-12-12 15:00:00;86.51425803993968;0.0;0.0;0.0;0.0;0.0;0.0;0.0
2030-12-12 16:00:00;86.50250100668109;0.0;0.0;0.0;0.0;0.0;0.0;0.0
2030-12-12 17:00:00;86.4791130062548;0.0;0.0;0.0;0.0;0.0;0.0;0.0
2030-12-12 18:00:00;86.48500796628726;0.0;0.0;0.0;0.0;0.0;0.0;0.0
2030-12-12 19:00:00;86.46845357015707;0.0;0.0;0.0;0.0;0.0;0.0;0.0
2030-12-12 20:00:00;86.41177315946848;0.0;0.0;0.0;0.0;0.0;0.0;0.0
2030-12-12 21:00:00;86.21057167841673;0.0;0.0;0.0;0.0;0.0;0.0;0.0
2030-12-12 22:00:00;85.98531349854352;0.0;0.0;0.0;0.0;0.0;0.0;0.0
2030-12-12 23:00:00;85.81787032417688;0.0;0.0;0.0;0.0;0.0;0.0;0.0
2030-12-13 00:00:00;85.72296037142755;0.0;0.0;0.0;0.0;0.0;0.0;0.0
2030-12-13 01:00:00;85.5419733139924;0.0;0.0;0.0;0.0;0.0;0.0;0.0
2030-12-13 02:00:00;85.34669967977939;0.0;0.0;0.0;0.0;0.0;0.0;0.0
2030-12-13 03:00:00;85.39068715351294;0.0;0.0;0.0;0.0;0.0;0.0;0.0
2030-12-13 04:00:00;85.3380723742554;0.0;0.0;0.0;0.0;0.0;0.0;0.0
2030-12-13 05:00:00;85.34948683661483;0.0;0.0;0.0;0.0;0.0;0.0;0.0
2030-12-13 06:00:00;85.53449019527152;0.0;0.0;0.0;0.0;0.0;0.0;0.0
2030-12-13 07:00:00;85.81900217842767;0.0;0.0;0.0;0.0;0.0;0.0;0.0
2030-12-13 08:00:00;86.09059238726812;0.0;0.0;0.0;0.0;0.0;0.0;0.0
2030-12-13 09:00:00;86.2470650711606;0.0;0.0;0.0;0.0;0.0;0.0;0.0
2030-12-13 10:00:00;86.29876998211003;0.0;0.0;0.0;0.0;0.0;0.0;0.0
2030-12-13 11:00:00;86.37327367153921;0.0;0.0;0.0;0.0;0.0;0.0;0.0
2030-12-13 12:00:00;86.38222299370842;0.0;0.0;0.0;0.0;0.0;0.0;0.0
2030-12-13 13:00:00;86.48177135643215;0.0;0.0;0.0;0.0;0.0;0.0;0.0
2030-12-13 14:00:00;86.49723089596867;0.0;0.0;0.0;0.0;0.0;0.0;0.0
2030-12-13 15:00:00;86.50087996118633;0.0;0.0;0.0;0.0;0.0;0.0;0.0
2030-12-13 16:00:00;86.5130425983895;0.0;0.0;0.0;0.0;0.0;0.0;0.0
2030-12-13 17:00:00;86.48460373262625;0.0;0.0;0.0;0.0;0.0;0.0;0.0
2030-12-13 18:00:00;86.51576809246308;0.0;0.0;0.0;0.0;0.0;0.0;0.0
2030-12-13 19:00:00;86.48303475790819;0.0;0.0;0.0;0.0;0.0;0.0;0.0
2030-12-13 20:00:00;86.39675211068288;0.0;0.0;0.0;0.0;0.0;0.0;0.0
2030-12-13 21:00:00;86.11542192603798;0.0;0.0;0.0;0.0;0.0;0.0;0.0
2030-12-13 22:00:00;85.91753927185711;0.0;0.0;0.0;0.0;0.0;0.0;0.0
2030-12-13 23:00:00;85.87235691082736;0.0;0.0;0.0;0.0;0.0;0.0;0.0
2030-12-14 00:00:00;85.74015606028094;0.0;0.0;0.0;0.0;0.0;0.0;0.0
2030-12-14 01:00:00;85.53719787565838;0.0;0.0;0.0;0.0;0.0;0.0;0.0
2030-12-14 02:00:00;85.4156030201494;0.0;0.0;0.0;0.0;0.0;0.0;0.0
2030-12-14 03:00:00;85.3946157565843;0.0;0.0;0.0;0.0;0.0;0.0;0.0
2030-12-14 04:00:00;85.32585355542474;0.0;0.0;0.0;0.0;0.0;0.0;0.0
2030-12-14 05:00:00;85.27773330636396;0.0;0.0;0.0;0.0;0.0;0.0;0.0
2030-12-14 06:00:00;85.28076574396317;0.0;0.0;0.0;0.0;0.0;0.0;0.0
2030-12-14 07:00:00;85.27527638787531;0.0;0.0;0.0;0.0;0.0;0.0;0.0
2030-12-14 08:00:00;85.30687512761224;0.0;0.0;0.0;0.0;0.0;0.0;0.0
2030-12-14 09:00:00;85.4276341101273;0.0;0.0;0.0;0.0;0.0;0.0;0.0
2030-12-14 10:00:00;85.48716334041315;0.0;0.0;0.0;0.0;0.0;0.0;0.0
2030-12-14 11:00:00;85.5232319452421;0.0;0.0;0.0;0.0;0.0;0.0;0.0
2030-12-14 12:00:00;85.49404627491873;0.0;0.0;0.0;0.0;0.0;0.0;0.0
2030-12-14 13:00:00;85.52766070182622;0.0;0.0;0.0;0.0;0.0;0.0;0.0
2030-12-14 14:00:00;85.52649184991834;0.0;0.0;0.0;0.0;0.0;0.0;0.0
2030-12-14 15:00:00;85.53442168109171;0.0;0.0;0.0;0.0;0.0;0.0;0.0
2030-12-14 16:00:00;85.51958973144241;0.0;0.0;0.0;0.0;0.0;0.0;0.0
2030-12-14 17:00:00;85.52809234115912;0.0;0.0;0.0;0.0;0.0;0.0;0.0
2030-12-14 18:00:00;85.54158278316739;0.0;0.0;0.0;0.0;0.0;0.0;0.0
2030-12-14 19:00:00;85.49430936936928;0.0;0.0;0.0;0.0;0.0;0.0;0.0
2030-12-14 20:00:00;85.46770805390902;0.0;0.0;0.0;0.0;0.0;0.0;0.0
2030-12-14 21:00:00;85.47768782934286;0.0;0.0;0.0;0.0;0.0;0.0;0.0
2030-12-14 22:00:00;85.46002898463385;0.0;0.0;0.0;0.0;0.0;0.0;0.0
2030-12-14 23:00:00;85.44234136396929;0.0;0.0;0.0;0.0;0.0;0.0;0.0
2030-12-15 00:00:00;85.43633130011473;0.0;0.0;0.0;0.0;0.0;0.0;0.0
2030-12-15 01:00:00;85.41373669389088;0.0;0.0;0.0;0.0;0.0;0.0;0.0
2030-12-15 02:00:00;85.36226884200364;0.0;0.0;0.0;0.0;0.0;0.0;0.0
2030-12-15 03:00:00;80.39431662490276;0.0;0.0;0.0;0.0;0.0;0.0;0.0
2030-12-15 04:00:00;79.16822386034772;0.0;0.0;0.0;0.0;0.0;0.0;0.0
2030-12-15 05:00:00;79.1781515650049;0.0;0.0;0.0;0.0;0.0;0.0;0.0
2030-12-15 06:00:00;79.17285678918775;0.0;0.0;0.0;0.0;0.0;0.0;0.0
2030-12-15 07:00:00;79.15351249565495;0.0;0.0;0.0;0.0;0.0;0.0;0.0
2030-12-15 08:00:00;79.18612661553693;0.0;0.0;0.0;0.0;0.0;0.0;0.0
2030-12-15 09:00:00;79.20205890291429;0.0;0.0;0.0;0.0;0.0;0.0;0.0
2030-12-15 10:00:00;79.23603508469127;0.0;0.0;0.0;0.0;0.0;0.0;0.0
2030-12-15 11:00:00;79.24012264065985;0.0;0.0;0.0;0.0;0.0;0.0;0.0
2030-12-15 12:00:00;79.22521121456195;0.0;0.0;0.0;0.0;0.0;0.0;0.0
2030-12-15 13:00:00;79.23830838517799;0.0;0.0;0.0;0.0;0.0;0.0;0.0
2030-12-15 14:00:00;79.29200568847682;0.0;0.0;0.0;0.0;0.0;0.0;0.0
2030-12-15 15:00:00;79.28826892510898;0.0;0.0;0.0;0.0;0.0;0.0;0.0
2030-12-15 16:00:00;79.29003248009775;0.0;0.0;0.0;0.0;0.0;0.0;0.0
2030-12-15 17:00:00;79.27866186681341;0.0;0.0;0.0;0.0;0.0;0.0;0.0
2030-12-15 18:00:00;79.29638374456788;0.0;0.0;0.0;0.0;0.0;0.0;0.0
2030-12-15 19:00:00;79.32311660725338;0.0;0.0;0.0;0.0;0.0;0.0;0.0
2030-12-15 20:00:00;79.31558415832303;0.0;0.0;0.0;0.0;0.0;0.0;0.0
2030-12-15 21:00:00;79.30657728424276;0.0;0.0;0.0;0.0;0.0;0.0;0.0
2030-12-15 22:00:00;79.30389700952787;0.0;0.0;0.0;0.0;0.0;0.0;0.0
2030-12-15 23:00:00;79.2879441678966;0.0;0.0;0.0;0.0;0.0;0.0;0.0
2030-12-16 00:00:00;79.30501927179347;0.0;0.0;0.0;0.0;0.0;0.0;0.0
2030-12-16 01:00:00;79.33650975912627;0.0;0.0;0.0;0.0;0.0;0.0;0.0
2030-12-16 02:00:00;79.33297031659632;0.0;0.0;0.0;0.0;0.0;0.0;0.0
2030-12-16 03:00:00;79.33352391116935;0.0;0.0;0.0;0.0;0.0;0.0;0.0
2030-12-16 04:00:00;79.32849634065353;0.0;0.0;0.0;0.0;0.0;0.0;0.0
2030-12-16 05:00:00;79.38290619142259;0.0;0.0;0.0;0.0;0.0;0.0;0.0
2030-12-16 06:00:00;79.45250015472524;0.0;0.0;0.0;0.0;0.0;0.0;0.0
2030-12-16 07:00:00;79.50627145333831;0.0;0.0;0.0;0.0;0.0;0.0;0.0
2030-12-16 08:00:00;79.59533029513028;0.0;0.0;0.0;0.0;0.0;0.0;0.0
2030-12-16 09:00:00;79.59964394789229;0.0;0.0;0.0;0.0;0.0;0.0;0.0
2030-12-16 10:00:00;79.59182373940666;0.0;0.0;0.0;0.0;0.0;0.0;0.0
2030-12-16 11:00:00;79.62511066853457;0.0;0.0;0.0;0.0;0.0;0.0;0.0
2030-12-16 12:00:00;79.70296881220816;0.0;0.0;0.0;0.0;0.0;0.0;0.0
2030-12-16 13:00:00;79.8170997329666;0.0;0.0;0.0;0.0;0.0;0.0;0.0
2030-12-16 14:00:00;79.81273400942791;0.0;0.0;0.0;0.0;0.0;0.0;0.0
2030-12-16 15:00:00;79.82607920137492;0.0;0.0;0.0;0.0;0.0;0.0;0.0
2030-12-16 16:00:00;79.80220063942107;0.0;0.0;0.0;0.0;0.0;0.0;0.0
2030-12-16 17:00:00;79.9741698605072;0.0;0.0;0.0;0.0;0.0;0.0;0.0
2030-12-16 18:00:00;79.98253133101348;0.0;0.0;0.0;0.0;0.0;0.0;0.0
2030-12-16 19:00:00;79.99478303665042;0.0;0.0;0.0;0.0;0.0;0.0;0.0
2030-12-16 20:00:00;79.95812383959134;0.0;0.0;0.0;0.0;0.0;0.0;0.0
2030-12-16 21:00:00;79.86527616365485;0.0;0.0;0.0;0.0;0.0;0.0;0.0
2030-12-16 22:00:00;79.86282472630057;0.0;0.0;0.0;0.0;0.0;0.0;0.0
2030-12-16 23:00:00;79.81731760805846;0.0;0.0;0.0;0.0;0.0;0.0;0.0
2030-12-17 00:00:00;79.79013666263685;0.0;0.0;0.0;0.0;0.0;0.0;0.0
2030-12-17 01:00:00;79.6619507430284;0.0;0.0;0.0;0.0;0.0;0.0;0.0
2030-12-17 02:00:00;79.58442968911956;0.0;0.0;0.0;0.0;0.0;0.0;0.0
2030-12-17 03:00:00;79.55791059067512;0.0;0.0;0.0;0.0;0.0;0.0;0.0
2030-12-17 04:00:00;79.53406628581118;0.0;0.0;0.0;0.0;0.0;0.0;0.0
2030-12-17 05:00:00;86.05178184496242;0.0;0.0;0.0;0.0;0.0;0.0;0.0
2030-12-17 06:00:00;86.14314550376382;0.0;0.0;0.0;0.0;0.0;0.0;0.0
2030-12-17 07:00:00;86.38517184400824;0.0;0.0;0.0;0.0;0.0;0.0;0.0
2030-12-17 08:00:00;86.44029698281471;0.0;0.0;0.0;0.0;0.0;0.0;0.0
2030-12-17 09:00:00;86.55837980146566;0.0;0.0;0.0;0.0;0.0;0.0;0.0
2030-12-17 10:00:00;86.59816461540852;0.0;0.0;0.0;0.0;0.0;0.0;0.0
2030-12-17 11:00:00;86.68371005005888;0.0;0.0;0.0;0.0;0.0;0.0;0.0
2030-12-17 12:00:00;86.62349978882554;0.0;0.0;0.0;0.0;0.0;0.0;0.0
2030-12-17 13:00:00;86.65233603683178;0.0;0.0;0.0;0.0;0.0;0.0;0.0
2030-12-17 14:00:00;86.54057296612821;0.0;0.0;0.0;0.0;0.0;0.0;0.0
2030-12-17 15:00:00;86.65191398948403;0.0;0.0;0.0;0.0;0.0;0.0;0.0
2030-12-17 16:00:00;86.66193624370935;0.0;0.0;0.0;0.0;0.0;0.0;0.0
2030-12-17 17:00:00;86.67815903120916;0.0;0.0;0.0;0.0;0.0;0.0;0.0
2030-12-17 18:00:00;86.7070829773656;0.0;0.0;0.0;0.0;0.0;0.0;0.0
2030-12-17 19:00:00;86.59703276115775;0.0;0.0;0.0;0.0;0.0;0.0;0.0
2030-12-17 20:00:00;86.51458690800283;0.0;0.0;0.0;0.0;0.0;0.0;0.0
2030-12-17 21:00:00;86.39735914631615;0.0;0.0;0.0;0.0;0.0;0.0;0.0
2030-12-17 22:00:00;86.27591776257;0.0;0.0;0.0;0.0;0.0;0.0;0.0
2030-12-17 23:00:00;86.15449419251063;0.0;0.0;0.0;0.0;0.0;0.0;0.0
2030-12-18 00:00:00;86.10555725442627;0.0;0.0;0.0;0.0;0.0;0.0;0.0
2030-12-18 01:00:00;86.20375588780738;0.0;0.0;0.0;0.0;0.0;0.0;0.0
2030-12-18 02:00:00;86.1287698585522;0.0;0.0;0.0;0.0;0.0;0.0;0.0
2030-12-18 03:00:00;86.08794362907594;0.0;0.0;0.0;0.0;0.0;0.0;0.0
2030-12-18 04:00:00;85.98851585130872;0.0;0.0;0.0;0.0;0.0;0.0;0.0
2030-12-18 05:00:00;85.95953572352482;0.0;0.0;0.0;0.0;0.0;0.0;0.0
2030-12-18 06:00:00;86.12815186065014;0.0;0.0;0.0;0.0;0.0;0.0;0.0
2030-12-18 07:00:00;86.14612724086996;0.0;0.0;0.0;0.0;0.0;0.0;0.0
2030-12-18 08:00:00;86.2672109805974;0.0;0.0;0.0;0.0;0.0;0.0;0.0
2030-12-18 09:00:00;86.38847696804316;0.0;0.0;0.0;0.0;0.0;0.0;0.0
2030-12-18 10:00:00;86.45378194368858;0.0;0.0;0.0;0.0;0.0;0.0;0.0
2030-12-18 11:00:00;86.4873073021623;0.0;0.0;0.0;0.0;0.0;0.0;0.0
2030-12-18 12:00:00;86.4502575742782;0.0;0.0;0.0;0.0;0.0;0.0;0.0
2030-12-18 13:00:00;86.45081116885122;0.0;0.0;0.0;0.0;0.0;0.0;0.0
2030-12-18 14:00:00;86.45802982283794;0.0;0.0;0.0;0.0;0.0;0.0;0.0
2030-12-18 15:00:00;86.4393131191924;0.0;0.0;0.0;0.0;0.0;0.0;0.0
2030-12-18 16:00:00;86.56573959466286;0.0;0.0;0.0;0.0;0.0;0.0;0.0
2030-12-18 17:00:00;86.5643967167382;0.0;0.0;0.0;0.0;0.0;0.0;0.0
2030-12-18 18:00:00;86.71858376759164;0.0;0.0;0.0;0.0;0.0;0.0;0.0
2030-12-18 19:00:00;86.68280429260156;0.0;0.0;0.0;0.0;0.0;0.0;0.0
2030-12-18 20:00:00;86.61520272164829;0.0;0.0;0.0;0.0;0.0;0.0;0.0
2030-12-18 21:00:00;86.51806605805454;0.0;0.0;0.0;0.0;0.0;0.0;0.0
2030-12-18 22:00:00;86.32196614283279;0.0;0.0;0.0;0.0;0.0;0.0;0.0
2030-12-18 23:00:00;86.10256729561856;0.0;0.0;0.0;0.0;0.0;0.0;0.0
2030-12-19 00:00:00;86.00122523166692;0.0;0.0;0.0;0.0;0.0;0.0;0.0
2030-12-19 01:00:00;85.63843579805666;0.0;0.0;0.0;0.0;0.0;0.0;0.0
2030-12-19 02:00:00;85.31621498060647;0.0;0.0;0.0;0.0;0.0;0.0;0.0
2030-12-19 03:00:00;85.24935199251178;0.0;0.0;0.0;0.0;0.0;0.0;0.0
2030-12-19 04:00:00;85.1995394432092;0.0;0.0;0.0;0.0;0.0;0.0;0.0
2030-12-19 05:00:00;85.18617232672464;0.0;0.0;0.0;0.0;0.0;0.0;0.0
2030-12-19 06:00:00;85.23702218070981;0.0;0.0;0.0;0.0;0.0;0.0;0.0
2030-12-19 07:00:00;85.46963330236221;0.0;0.0;0.0;0.0;0.0;0.0;0.0
2030-12-19 08:00:00;85.76038555701712;0.0;0.0;0.0;0.0;0.0;0.0;0.0
2030-12-19 09:00:00;85.88872631867201;0.0;0.0;0.0;0.0;0.0;0.0;0.0
2030-12-19 10:00:00;85.862752593099;0.0;0.0;0.0;0.0;0.0;0.0;0.0
2030-12-19 11:00:00;85.95318719962191;0.0;0.0;0.0;0.0;0.0;0.0;0.0
2030-12-19 12:00:00;85.97635458438916;0.0;0.0;0.0;0.0;0.0;0.0;0.0
2030-12-19 13:00:00;85.95715417063398;0.0;0.0;0.0;0.0;0.0;0.0;0.0
2030-12-19 14:00:00;85.94577259508087;0.0;0.0;0.0;0.0;0.0;0.0;0.0
2030-12-19 15:00:00;85.94242910310524;0.0;0.0;0.0;0.0;0.0;0.0;0.0
2030-12-19 16:00:00;85.96012905632215;0.0;0.0;0.0;0.0;0.0;0.0;0.0
2030-12-19 17:00:00;85.93858545761684;0.0;0.0;0.0;0.0;0.0;0.0;0.0
2030-12-19 18:00:00;85.85941869310852;0.0;0.0;0.0;0.0;0.0;0.0;0.0
2030-12-19 19:00:00;85.90624265388698;0.0;0.0;0.0;0.0;0.0;0.0;0.0
2030-12-19 20:00:00;85.81617939421872;0.0;0.0;0.0;0.0;0.0;0.0;0.0
2030-12-19 21:00:00;85.6950504351326;0.0;0.0;0.0;0.0;0.0;0.0;0.0
2030-12-19 22:00:00;85.50978261174176;0.0;0.0;0.0;0.0;0.0;0.0;0.0
2030-12-19 23:00:00;85.40871049365865;0.0;0.0;0.0;0.0;0.0;0.0;0.0
2030-12-20 00:00:00;85.35014046189039;0.0;0.0;0.0;0.0;0.0;0.0;0.0
2030-12-20 01:00:00;85.27981613743076;0.0;0.0;0.0;0.0;0.0;0.0;0.0
2030-12-20 02:00:00;85.24621130250844;0.0;0.0;0.0;0.0;0.0;0.0;0.0
2030-12-20 03:00:00;85.22107756078012;0.0;0.0;0.0;0.0;0.0;0.0;0.0
2030-12-20 04:00:00;85.21638022861107;0.0;0.0;0.0;0.0;0.0;0.0;0.0
2030-12-20 05:00:00;85.27734414582255;0.0;0.0;0.0;0.0;0.0;0.0;0.0
2030-12-20 06:00:00;85.18505280502626;0.0;0.0;0.0;0.0;0.0;0.0;0.0
2030-12-20 07:00:00;85.28708686219416;0.0;0.0;0.0;0.0;0.0;0.0;0.0
2030-12-20 08:00:00;85.45300354063423;0.0;0.0;0.0;0.0;0.0;0.0;0.0
2030-12-20 09:00:00;85.58199381671388;0.0;0.0;0.0;0.0;0.0;0.0;0.0
2030-12-20 10:00:00;85.65645502735157;0.0;0.0;0.0;0.0;0.0;0.0;0.0
2030-12-20 11:00:00;85.69299500973773;0.0;0.0;0.0;0.0;0.0;0.0;0.0
2030-12-20 12:00:00;85.68838811628606;0.0;0.0;0.0;0.0;0.0;0.0;0.0
2030-12-20 13:00:00;85.6775875409779;0.0;0.0;0.0;0.0;0.0;0.0;0.0
2030-12-20 14:00:00;85.71112934285478;0.0;0.0;0.0;0.0;0.0;0.0;0.0
2030-12-20 15:00:00;85.69245374771708;0.0;0.0;0.0;0.0;0.0;0.0;0.0
2030-12-20 16:00:00;85.68234242505801;0.0;0.0;0.0;0.0;0.0;0.0;0.0
2030-12-20 17:00:00;85.70828737467548;0.0;0.0;0.0;0.0;0.0;0.0;0.0
2030-12-20 18:00:00;85.70042194683116;0.0;0.0;0.0;0.0;0.0;0.0;0.0
2030-12-20 19:00:00;85.65538894671343;0.0;0.0;0.0;0.0;0.0;0.0;0.0
2030-12-20 20:00:00;85.65046688803456;0.0;0.0;0.0;0.0;0.0;0.0;0.0
2030-12-20 21:00:00;80.57637113325963;0.0;0.0;0.0;0.0;0.0;0.0;0.0
2030-12-20 22:00:00;79.25504913987729;0.0;0.0;0.0;0.0;0.0;0.0;0.0
2030-12-20 23:00:00;79.2169525153254;0.0;0.0;0.0;0.0;0.0;0.0;0.0
2030-12-21 00:00:00;79.18372039754136;0.0;0.0;0.0;0.0;0.0;0.0;0.0
2030-12-21 01:00:00;79.17077121755375;0.0;0.0;0.0;0.0;0.0;0.0;0.0
2030-12-21 02:00:00;79.16925568389595;0.0;0.0;0.0;0.0;0.0;0.0;0.0
2030-12-21 03:00:00;79.15467449614485;0.0;0.0;0.0;0.0;0.0;0.0;0.0
2030-12-21 04:00:00;79.18329149877565;0.0;0.0;0.0;0.0;0.0;0.0;0.0
2030-12-21 05:00:00;79.19540617605293;0.0;0.0;0.0;0.0;0.0;0.0;0.0
2030-12-21 06:00:00;79.23151588938977;0.0;0.0;0.0;0.0;0.0;0.0;0.0
2030-12-21 07:00:00;79.27242022503104;0.0;0.0;0.0;0.0;0.0;0.0;0.0
2030-12-21 08:00:00;79.30207179177724;0.0;0.0;0.0;0.0;0.0;0.0;0.0
2030-12-21 09:00:00;79.30152367833861;0.0;0.0;0.0;0.0;0.0;0.0;0.0
2030-12-21 10:00:00;79.29879681398144;0.0;0.0;0.0;0.0;0.0;0.0;0.0
2030-12-21 11:00:00;79.32172028826848;0.0;0.0;0.0;0.0;0.0;0.0;0.0
2030-12-21 12:00:00;79.31605553588025;0.0;0.0;0.0;0.0;0.0;0.0;0.0
2030-12-21 13:00:00;79.31978818839733;0.0;0.0;0.0;0.0;0.0;0.0;0.0
2030-12-21 14:00:00;79.32431560540039;0.0;0.0;0.0;0.0;0.0;0.0;0.0
2030-12-21 15:00:00;79.3360904523457;0.0;0.0;0.0;0.0;0.0;0.0;0.0
2030-12-21 16:00:00;79.34397917501119;0.0;0.0;0.0;0.0;0.0;0.0;0.0
2030-12-21 17:00:00;79.32681637296412;0.0;0.0;0.0;0.0;0.0;0.0;0.0
2030-12-21 18:00:00;79.33417068502693;0.0;0.0;0.0;0.0;0.0;0.0;0.0
2030-12-21 19:00:00;79.31232288336318;0.0;0.0;0.0;0.0;0.0;0.0;0.0
2030-12-21 20:00:00;79.31409328976997;0.0;0.0;0.0;0.0;0.0;0.0;0.0
2030-12-21 21:00:00;79.30525770113927;0.0;0.0;0.0;0.0;0.0;0.0;0.0
2030-12-21 22:00:00;79.29745804690758;0.0;0.0;0.0;0.0;0.0;0.0;0.0
2030-12-21 23:00:00;79.25290464604865;0.0;0.0;0.0;0.0;0.0;0.0;0.0
2030-12-22 00:00:00;79.2518906361872;0.0;0.0;0.0;0.0;0.0;0.0;0.0
2030-12-22 01:00:00;79.2073988980901;0.0;0.0;0.0;0.0;0.0;0.0;0.0
2030-12-22 02:00:00;79.21053410695907;0.0;0.0;0.0;0.0;0.0;0.0;0.0
2030-12-22 03:00:00;79.20482276492856;0.0;0.0;0.0;0.0;0.0;0.0;0.0
2030-12-22 04:00:00;79.20495157158665;0.0;0.0;0.0;0.0;0.0;0.0;0.0
2030-12-22 05:00:00;79.20194516937576;0.0;0.0;0.0;0.0;0.0;0.0;0.0
2030-12-22 06:00:00;79.2142023561471;0.0;0.0;0.0;0.0;0.0;0.0;0.0
2030-12-22 07:00:00;79.23578980392747;0.0;0.0;0.0;0.0;0.0;0.0;0.0
2030-12-22 08:00:00;79.2506094210244;0.0;0.0;0.0;0.0;0.0;0.0;0.0
2030-12-22 09:00:00;79.28188751439974;0.0;0.0;0.0;0.0;0.0;0.0;0.0
2030-12-22 10:00:00;79.30696781506778;0.0;0.0;0.0;0.0;0.0;0.0;0.0
2030-12-22 11:00:00;79.3361384122716;0.0;0.0;0.0;0.0;0.0;0.0;0.0
2030-12-22 12:00:00;79.34735281322594;0.0;0.0;0.0;0.0;0.0;0.0;0.0
2030-12-22 13:00:00;79.361642130571;0.0;0.0;0.0;0.0;0.0;0.0;0.0
2030-12-22 14:00:00;79.34795847857562;0.0;0.0;0.0;0.0;0.0;0.0;0.0
2030-12-22 15:00:00;79.3392996565289;0.0;0.0;0.0;0.0;0.0;0.0;0.0
2030-12-22 16:00:00;79.36051027632021;0.0;0.0;0.0;0.0;0.0;0.0;0.0
2030-12-22 17:00:00;79.34479175318396;0.0;0.0;0.0;0.0;0.0;0.0;0.0
2030-12-22 18:00:00;79.34998375773137;0.0;0.0;0.0;0.0;0.0;0.0;0.0
2030-12-22 19:00:00;79.3815386483932;0.0;0.0;0.0;0.0;0.0;0.0;0.0
2030-12-22 20:00:00;79.3674713169908;0.0;0.0;0.0;0.0;0.0;0.0;0.0
2030-12-22 21:00:00;79.34366538006756;0.0;0.0;0.0;0.0;0.0;0.0;0.0
2030-12-22 22:00:00;79.3104442245523;0.0;0.0;0.0;0.0;0.0;0.0;0.0
2030-12-22 23:00:00;79.28708088923075;0.0;0.0;0.0;0.0;0.0;0.0;0.0
2030-12-23 00:00:00;79.19225726434802;0.0;0.0;0.0;0.0;0.0;0.0;0.0
2030-12-23 01:00:00;79.24320714903573;0.0;0.0;0.0;0.0;0.0;0.0;0.0
2030-12-23 02:00:00;79.27110886362911;0.0;0.0;0.0;0.0;0.0;0.0;0.0
2030-12-23 03:00:00;79.26454657548513;0.0;0.0;0.0;0.0;0.0;0.0;0.0
2030-12-23 04:00:00;79.26500973134077;0.0;0.0;0.0;0.0;0.0;0.0;0.0
2030-12-23 05:00:00;79.19943892067764;0.0;0.0;0.0;0.0;0.0;0.0;0.0
2030-12-23 06:00:00;79.2265924604273;0.0;0.0;0.0;0.0;0.0;0.0;0.0
2030-12-23 07:00:00;79.28907602214737;0.0;0.0;0.0;0.0;0.0;0.0;0.0
2030-12-23 08:00:00;79.34559199880434;0.0;0.0;0.0;0.0;0.0;0.0;0.0
2030-12-23 09:00:00;79.40987748345391;0.0;0.0;0.0;0.0;0.0;0.0;0.0
2030-12-23 10:00:00;79.41130942981232;0.0;0.0;0.0;0.0;0.0;0.0;0.0
2030-12-23 11:00:00;79.398165669554;0.0;0.0;0.0;0.0;0.0;0.0;0.0
2030-12-23 12:00:00;79.38249373606001;0.0;0.0;0.0;0.0;0.0;0.0;0.0
2030-12-23 13:00:00;79.3890916515775;0.0;0.0;0.0;0.0;0.0;0.0;0.0
2030-12-23 14:00:00;79.3826239130017;0.0;0.0;0.0;0.0;0.0;0.0;0.0
2030-12-23 15:00:00;79.39506060692416;0.0;0.0;0.0;0.0;0.0;0.0;0.0
2030-12-23 16:00:00;79.38750623345628;0.0;0.0;0.0;0.0;0.0;0.0;0.0
2030-12-23 17:00:00;79.39341763689188;0.0;0.0;0.0;0.0;0.0;0.0;0.0
2030-12-23 18:00:00;79.40540898864548;0.0;0.0;0.0;0.0;0.0;0.0;0.0
2030-12-23 19:00:00;79.39661176795549;0.0;0.0;0.0;0.0;0.0;0.0;0.0
2030-12-23 20:00:00;79.3918486621738;0.0;0.0;0.0;0.0;0.0;0.0;0.0
2030-12-23 21:00:00;79.37875834297577;0.0;0.0;0.0;0.0;0.0;0.0;0.0
2030-12-23 22:00:00;79.35581431443477;0.0;0.0;0.0;0.0;0.0;0.0;0.0
2030-12-23 23:00:00;79.34653886476958;0.0;0.0;0.0;0.0;0.0;0.0;0.0
2030-12-24 00:00:00;79.31903179185201;0.0;0.0;0.0;0.0;0.0;0.0;0.0
2030-12-24 01:00:00;79.26392172616508;0.0;0.0;0.0;0.0;0.0;0.0;0.0
2030-12-24 02:00:00;79.2749908770582;0.0;0.0;0.0;0.0;0.0;0.0;0.0
2030-12-24 03:00:00;79.27701478593033;0.0;0.0;0.0;0.0;0.0;0.0;0.0
2030-12-24 04:00:00;79.23195712070788;0.0;0.0;0.0;0.0;0.0;0.0;0.0
2030-12-24 05:00:00;79.22940428236747;0.0;0.0;0.0;0.0;0.0;0.0;0.0
2030-12-24 06:00:00;79.19880721993961;0.0;0.0;0.0;0.0;0.0;0.0;0.0
2030-12-24 07:00:00;79.23983899195537;0.0;0.0;0.0;0.0;0.0;0.0;0.0
2030-12-24 08:00:00;79.28589011278532;0.0;0.0;0.0;0.0;0.0;0.0;0.0
2030-12-24 09:00:00;79.3667135501619;0.0;0.0;0.0;0.0;0.0;0.0;0.0
2030-12-24 10:00:00;79.37625483484484;0.0;0.0;0.0;0.0;0.0;0.0;0.0
2030-12-24 11:00:00;79.37182333769351;0.0;0.0;0.0;0.0;0.0;0.0;0.0
2030-12-24 12:00:00;79.36797695163794;0.0;0.0;0.0;0.0;0.0;0.0;0.0
2030-12-24 13:00:00;79.34250200929408;0.0;0.0;0.0;0.0;0.0;0.0;0.0
2030-12-24 14:00:00;79.3358205064772;0.0;0.0;0.0;0.0;0.0;0.0;0.0
2030-12-24 15:00:00;79.30506860200293;0.0;0.0;0.0;0.0;0.0;0.0;0.0
2030-12-24 16:00:00;79.35535252886274;0.0;0.0;0.0;0.0;0.0;0.0;0.0
2030-12-24 17:00:00;79.358676836868;0.0;0.0;0.0;0.0;0.0;0.0;0.0
2030-12-24 18:00:00;79.35403979717721;0.0;0.0;0.0;0.0;0.0;0.0;0.0
2030-12-24 19:00:00;79.36271232205992;0.0;0.0;0.0;0.0;0.0;0.0;0.0
2030-12-24 20:00:00;79.3365399053654;0.0;0.0;0.0;0.0;0.0;0.0;0.0
2030-12-24 21:00:00;79.29187688181875;0.0;0.0;0.0;0.0;0.0;0.0;0.0
2030-12-24 22:00:00;79.31444956350508;0.0;0.0;0.0;0.0;0.0;0.0;0.0
2030-12-24 23:00:00;79.30370791039154;0.0;0.0;0.0;0.0;0.0;0.0;0.0
2030-12-25 00:00:00;79.27944018789626;0.0;0.0;0.0;0.0;0.0;0.0;0.0
2030-12-25 01:00:00;79.2357843227931;0.0;0.0;0.0;0.0;0.0;0.0;0.0
2030-12-25 02:00:00;79.21300883913449;0.0;0.0;0.0;0.0;0.0;0.0;0.0
2030-12-25 03:00:00;79.18126210876912;0.0;0.0;0.0;0.0;0.0;0.0;0.0
2030-12-25 04:00:00;79.21120828648858;0.0;0.0;0.0;0.0;0.0;0.0;0.0
2030-12-25 05:00:00;79.20826080647237;0.0;0.0;0.0;0.0;0.0;0.0;0.0
2030-12-25 06:00:00;79.22101677647284;0.0;0.0;0.0;0.0;0.0;0.0;0.0
2030-12-25 07:00:00;79.16253718342196;0.0;0.0;0.0;0.0;0.0;0.0;0.0
2030-12-25 08:00:00;79.199777380726;0.0;0.0;0.0;0.0;0.0;0.0;0.0
2030-12-25 09:00:00;79.2875358233848;0.0;0.0;0.0;0.0;0.0;0.0;0.0
2030-12-25 10:00:00;79.33530116899408;0.0;0.0;0.0;0.0;0.0;0.0;0.0
2030-12-25 11:00:00;79.36270684092551;0.0;0.0;0.0;0.0;0.0;0.0;0.0
2030-12-25 12:00:00;79.33649742657389;0.0;0.0;0.0;0.0;0.0;0.0;0.0
2030-12-25 13:00:00;79.34993990865627;0.0;0.0;0.0;0.0;0.0;0.0;0.0
2030-12-25 14:00:00;79.34900811581062;0.0;0.0;0.0;0.0;0.0;0.0;0.0
2030-12-25 15:00:00;79.39487150778784;0.0;0.0;0.0;0.0;0.0;0.0;0.0
2030-12-25 16:00:00;79.40602424598033;0.0;0.0;0.0;0.0;0.0;0.0;0.0
2030-12-25 17:00:00;79.40462792699543;0.0;0.0;0.0;0.0;0.0;0.0;0.0
2030-12-25 18:00:00;79.404323724037;0.0;0.0;0.0;0.0;0.0;0.0;0.0
2030-12-25 19:00:00;79.38193603063621;0.0;0.0;0.0;0.0;0.0;0.0;0.0
2030-12-25 20:00:00;79.39088946365621;0.0;0.0;0.0;0.0;0.0;0.0;0.0
2030-12-25 21:00:00;79.38160990314023;0.0;0.0;0.0;0.0;0.0;0.0;0.0
2030-12-25 22:00:00;79.3762260588893;0.0;0.0;0.0;0.0;0.0;0.0;0.0
2030-12-25 23:00:00;79.35775600629111;0.0;0.0;0.0;0.0;0.0;0.0;0.0
2030-12-26 00:00:00;79.33572595690903;0.0;0.0;0.0;0.0;0.0;0.0;0.0
2030-12-26 01:00:00;79.34881353553988;0.0;0.0;0.0;0.0;0.0;0.0;0.0
2030-12-26 02:00:00;79.35385617917527;0.0;0.0;0.0;0.0;0.0;0.0;0.0
2030-12-26 03:00:00;79.35505791788945;0.0;0.0;0.0;0.0;0.0;0.0;0.0
2030-12-26 04:00:00;79.35441114403187;0.0;0.0;0.0;0.0;0.0;0.0;0.0
2030-12-26 05:00:00;79.3700337473164;0.0;0.0;0.0;0.0;0.0;0.0;0.0
2030-12-26 06:00:00;79.34181960806299;0.0;0.0;0.0;0.0;0.0;0.0;0.0
2030-12-26 07:00:00;79.34416142272951;0.0;0.0;0.0;0.0;0.0;0.0;0.0
2030-12-26 08:00:00;79.35792455117348;0.0;0.0;0.0;0.0;0.0;0.0;0.0
2030-12-26 09:00:00;79.39138687660176;0.0;0.0;0.0;0.0;0.0;0.0;0.0
2030-12-26 10:00:00;79.45324969985259;0.0;0.0;0.0;0.0;0.0;0.0;0.0
2030-12-26 11:00:00;79.5317751716377;0.0;0.0;0.0;0.0;0.0;0.0;0.0
2030-12-26 12:00:00;79.64109776725576;0.0;0.0;0.0;0.0;0.0;0.0;0.0
2030-12-26 13:00:00;79.67672377048302;0.0;0.0;0.0;0.0;0.0;0.0;0.0
2030-12-26 14:00:00;79.68961676884315;0.0;0.0;0.0;0.0;0.0;0.0;0.0
2030-12-26 15:00:00;79.6945223841189;0.0;0.0;0.0;0.0;0.0;0.0;0.0
2030-12-26 16:00:00;79.65065823590905;0.0;0.0;0.0;0.0;0.0;0.0;0.0
2030-12-26 17:00:00;79.64403839585401;0.0;0.0;0.0;0.0;0.0;0.0;0.0
2030-12-26 18:00:00;79.6621001039404;0.0;0.0;0.0;0.0;0.0;0.0;0.0
2030-12-26 19:00:00;79.64263248488393;0.0;0.0;0.0;0.0;0.0;0.0;0.0
2030-12-26 20:00:00;79.60818903640052;0.0;0.0;0.0;0.0;0.0;0.0;0.0
2030-12-26 21:00:00;79.6092701901582;0.0;0.0;0.0;0.0;0.0;0.0;0.0
2030-12-26 22:00:00;79.5972473218819;0.0;0.0;0.0;0.0;0.0;0.0;0.0
2030-12-26 23:00:00;79.46272384063928;0.0;0.0;0.0;0.0;0.0;0.0;0.0
2030-12-27 00:00:00;79.38277190363011;0.0;0.0;0.0;0.0;0.0;0.0;0.0
2030-12-27 01:00:00;79.40620238284791;0.0;0.0;0.0;0.0;0.0;0.0;0.0
2030-12-27 02:00:00;79.41509141253886;0.0;0.0;0.0;0.0;0.0;0.0;0.0
2030-12-27 03:00:00;79.41424457727616;0.0;0.0;0.0;0.0;0.0;0.0;0.0
2030-12-27 04:00:00;79.40419080652812;0.0;0.0;0.0;0.0;0.0;0.0;0.0
2030-12-27 05:00:00;79.41358136001543;0.0;0.0;0.0;0.0;0.0;0.0;0.0
2030-12-27 06:00:00;79.43304075737035;0.0;0.0;0.0;0.0;0.0;0.0;0.0
2030-12-27 07:00:00;79.51350381016104;0.0;0.0;0.0;0.0;0.0;0.0;0.0
2030-12-27 08:00:00;79.64648298179029;0.0;0.0;0.0;0.0;0.0;0.0;0.0
2030-12-27 09:00:00;79.67525756703469;0.0;0.0;0.0;0.0;0.0;0.0;0.0
2030-12-27 10:00:00;79.71002303216332;0.0;0.0;0.0;0.0;0.0;0.0;0.0
2030-12-27 11:00:00;79.72118399205738;0.0;0.0;0.0;0.0;0.0;0.0;0.0
2030-12-27 12:00:00;79.71061225410983;0.0;0.0;0.0;0.0;0.0;0.0;0.0
2030-12-27 13:00:00;79.72855885837413;0.0;0.0;0.0;0.0;0.0;0.0;0.0
2030-12-27 14:00:00;79.8854453679128;0.0;0.0;0.0;0.0;0.0;0.0;0.0
2030-12-27 15:00:00;79.92132350332182;0.0;0.0;0.0;0.0;0.0;0.0;0.0
2030-12-27 16:00:00;79.96544389456422;0.0;0.0;0.0;0.0;0.0;0.0;0.0
2030-12-27 17:00:00;79.97153206458378;0.0;0.0;0.0;0.0;0.0;0.0;0.0
2030-12-27 18:00:00;79.98326717330482;0.0;0.0;0.0;0.0;0.0;0.0;0.0
2030-12-27 19:00:00;79.9729311241359;0.0;0.0;0.0;0.0;0.0;0.0;0.0
2030-12-27 20:00:00;79.97046461366206;0.0;0.0;0.0;0.0;0.0;0.0;0.0
2030-12-27 21:00:00;79.94261908069613;0.0;0.0;0.0;0.0;0.0;0.0;0.0
2030-12-27 22:00:00;79.89863982866417;0.0;0.0;0.0;0.0;0.0;0.0;0.0
2030-12-27 23:00:00;79.75553700182344;0.0;0.0;0.0;0.0;0.0;0.0;0.0
2030-12-28 00:00:00;79.65548163416896;0.0;0.0;0.0;0.0;0.0;0.0;0.0
2030-12-28 01:00:00;79.53413205942381;0.0;0.0;0.0;0.0;0.0;0.0;0.0
2030-12-28 02:00:00;79.42812966096024;0.0;0.0;0.0;0.0;0.0;0.0;0.0
2030-12-28 03:00:00;79.41585054965137;0.0;0.0;0.0;0.0;0.0;0.0;0.0
2030-12-28 04:00:00;79.37566835346549;0.0;0.0;0.0;0.0;0.0;0.0;0.0
2030-12-28 05:00:00;79.3750709098174;0.0;0.0;0.0;0.0;0.0;0.0;0.0
2030-12-28 06:00:00;79.38509316404273;0.0;0.0;0.0;0.0;0.0;0.0;0.0
2030-12-28 07:00:00;79.43557167117322;0.0;0.0;0.0;0.0;0.0;0.0;0.0
2030-12-28 08:00:00;79.48352337535164;0.0;0.0;0.0;0.0;0.0;0.0;0.0
2030-12-28 09:00:00;79.5138628244633;0.0;0.0;0.0;0.0;0.0;0.0;0.0
2030-12-28 10:00:00;79.56144318178707;0.0;0.0;0.0;0.0;0.0;0.0;0.0
2030-12-28 11:00:00;79.59343656319979;0.0;0.0;0.0;0.0;0.0;0.0;0.0
2030-12-28 12:00:00;86.12126344501017;0.0;0.0;0.0;0.0;0.0;0.0;0.0
2030-12-28 13:00:00;86.11832418669553;0.0;0.0;0.0;0.0;0.0;0.0;0.0
2030-12-28 14:00:00;86.12591418753692;0.0;0.0;0.0;0.0;0.0;0.0;0.0
2030-12-28 15:00:00;86.08914399750654;0.0;0.0;0.0;0.0;0.0;0.0;0.0
2030-12-28 16:00:00;79.60147327649372;0.0;0.0;0.0;0.0;0.0;0.0;0.0
2030-12-28 17:00:00;79.59742134789865;0.0;0.0;0.0;0.0;0.0;0.0;0.0
2030-12-28 18:00:00;79.61199157338099;0.0;0.0;0.0;0.0;0.0;0.0;0.0
2030-12-28 19:00:00;79.57182170974751;0.0;0.0;0.0;0.0;0.0;0.0;0.0
2030-12-28 20:00:00;79.57183952343426;0.0;0.0;0.0;0.0;0.0;0.0;0.0
2030-12-28 21:00:00;79.60375205811481;0.0;0.0;0.0;0.0;0.0;0.0;0.0
2030-12-28 22:00:00;86.02304562765872;0.0;0.0;0.0;0.0;0.0;0.0;0.0
2030-12-28 23:00:00;85.79069074903889;0.0;0.0;0.0;0.0;0.0;0.0;0.0
2030-12-29 00:00:00;85.66202523017164;0.0;0.0;0.0;0.0;0.0;0.0;0.0
2030-12-29 01:00:00;85.45458484790467;0.0;0.0;0.0;0.0;0.0;0.0;0.0
2030-12-29 02:00:00;85.36605219501378;0.0;0.0;0.0;0.0;0.0;0.0;0.0
2030-12-29 03:00:00;85.32449149352978;0.0;0.0;0.0;0.0;0.0;0.0;0.0
2030-12-29 04:00:00;85.29763667560417;0.0;0.0;0.0;0.0;0.0;0.0;0.0
2030-12-29 05:00:00;85.2947083795583;0.0;0.0;0.0;0.0;0.0;0.0;0.0
2030-12-29 06:00:00;79.19884284731313;0.0;0.0;0.0;0.0;0.0;0.0;0.0
2030-12-29 07:00:00;79.20319486801583;0.0;0.0;0.0;0.0;0.0;0.0;0.0
2030-12-29 08:00:00;79.20527769908264;0.0;0.0;0.0;0.0;0.0;0.0;0.0
2030-12-29 09:00:00;79.26062345354816;0.0;0.0;0.0;0.0;0.0;0.0;0.0
2030-12-29 10:00:00;79.31081420112335;0.0;0.0;0.0;0.0;0.0;0.0;0.0
2030-12-29 11:00:00;79.34841752358048;0.0;0.0;0.0;0.0;0.0;0.0;0.0
2030-12-29 12:00:00;79.35954285610104;0.0;0.0;0.0;0.0;0.0;0.0;0.0
2030-12-29 13:00:00;79.35070452690314;0.0;0.0;0.0;0.0;0.0;0.0;0.0
2030-12-29 14:00:00;79.34526313074116;0.0;0.0;0.0;0.0;0.0;0.0;0.0
2030-12-29 15:00:00;79.40234092367275;0.0;0.0;0.0;0.0;0.0;0.0;0.0
2030-12-29 16:00:00;79.40765625374387;0.0;0.0;0.0;0.0;0.0;0.0;0.0
2030-12-29 17:00:00;79.40787001798492;0.0;0.0;0.0;0.0;0.0;0.0;0.0
2030-12-29 18:00:00;79.4361375982986;0.0;0.0;0.0;0.0;0.0;0.0;0.0
2030-12-29 19:00:00;79.43355050286827;0.0;0.0;0.0;0.0;0.0;0.0;0.0
2030-12-29 20:00:00;79.43428223430885;0.0;0.0;0.0;0.0;0.0;0.0;0.0
2030-12-29 21:00:00;79.42828450300665;0.0;0.0;0.0;0.0;0.0;0.0;0.0
2030-12-29 22:00:00;79.41633974089532;0.0;0.0;0.0;0.0;0.0;0.0;0.0
2030-12-29 23:00:00;79.40366872847784;0.0;0.0;0.0;0.0;0.0;0.0;0.0
2030-12-30 00:00:00;79.3773880593792;0.0;0.0;0.0;0.0;0.0;0.0;0.0
2030-12-30 01:00:00;79.35234612665185;0.0;0.0;0.0;0.0;0.0;0.0;0.0
2030-12-30 02:00:00;79.34957541321958;0.0;0.0;0.0;0.0;0.0;0.0;0.0
2030-12-30 03:00:00;79.3241511713688;0.0;0.0;0.0;0.0;0.0;0.0;0.0
2030-12-30 04:00:00;79.31206527004704;0.0;0.0;0.0;0.0;0.0;0.0;0.0
2030-12-30 05:00:00;79.3129929520419;0.0;0.0;0.0;0.0;0.0;0.0;0.0
2030-12-30 06:00:00;79.34242527341267;0.0;0.0;0.0;0.0;0.0;0.0;0.0
2030-12-30 07:00:00;79.4059543615169;0.0;0.0;0.0;0.0;0.0;0.0;0.0
2030-12-30 08:00:00;79.44681347779948;0.0;0.0;0.0;0.0;0.0;0.0;0.0
2030-12-30 09:00:00;79.517433783516;0.0;0.0;0.0;0.0;0.0;0.0;0.0
2030-12-30 10:00:00;79.6382092094342;0.0;0.0;0.0;0.0;0.0;0.0;0.0
2030-12-30 11:00:00;79.64768883135527;0.0;0.0;0.0;0.0;0.0;0.0;0.0
2030-12-30 12:00:00;79.64421379215436;0.0;0.0;0.0;0.0;0.0;0.0;0.0
2030-12-30 13:00:00;79.58466948874894;0.0;0.0;0.0;0.0;0.0;0.0;0.0
2030-12-30 14:00:00;79.582896341775;0.0;0.0;0.0;0.0;0.0;0.0;0.0
2030-12-30 15:00:00;79.55801884307925;0.0;0.0;0.0;0.0;0.0;0.0;0.0
2030-12-30 16:00:00;79.56041409880605;0.0;0.0;0.0;0.0;0.0;0.0;0.0
2030-12-30 17:00:00;79.63423401672054;0.0;0.0;0.0;0.0;0.0;0.0;0.0
2030-12-30 18:00:00;79.66419937841036;0.0;0.0;0.0;0.0;0.0;0.0;0.0
2030-12-30 19:00:00;79.6355686729436;0.0;0.0;0.0;0.0;0.0;0.0;0.0
2030-12-30 20:00:00;79.68030706208805;0.0;0.0;0.0;0.0;0.0;0.0;0.0
2030-12-30 21:00:00;79.65470605365331;0.0;0.0;0.0;0.0;0.0;0.0;0.0
2030-12-30 22:00:00;79.631572925976;0.0;0.0;0.0;0.0;0.0;0.0;0.0
2030-12-30 23:00:00;79.5969979302673;0.0;0.0;0.0;0.0;0.0;0.0;0.0
2030-12-31 00:00:00;79.5781346062769;0.0;0.0;0.0;0.0;0.0;0.0;0.0
2030-12-31 01:00:00;79.5555523326054;0.0;0.0;0.0;0.0;0.0;0.0;0.0
2030-12-31 02:00:00;79.57293163946073;0.0;0.0;0.0;0.0;0.0;0.0;0.0
2030-12-31 03:00:00;79.63461084470958;0.0;0.0;0.0;0.0;0.0;0.0;0.0
2030-12-31 04:00:00;79.59852305591029;0.0;0.0;0.0;0.0;0.0;0.0;0.0
2030-12-31 05:00:00;79.6451647689704;0.0;0.0;0.0;0.0;0.0;0.0;0.0
2030-12-31 06:00:00;79.68028650783413;0.0;0.0;0.0;0.0;0.0;0.0;0.0
2030-12-31 07:00:00;79.72698577280526;0.0;0.0;0.0;0.0;0.0;0.0;0.0
2030-12-31 08:00:00;79.7032675340322;0.0;0.0;0.0;0.0;0.0;0.0;0.0
2030-12-31 09:00:00;79.74353468780104;0.0;0.0;0.0;0.0;0.0;0.0;0.0
2030-12-31 10:00:00;79.69330009115075;0.0;0.0;0.0;0.0;0.0;0.0;0.0
2030-12-31 11:00:00;79.82546531432365;0.0;0.0;0.0;0.0;0.0;0.0;0.0
2030-12-31 12:00:00;79.69361388609437;0.0;0.0;0.0;0.0;0.0;0.0;0.0
2030-12-31 13:00:00;79.80679383003678;0.0;0.0;0.0;0.0;0.0;0.0;0.0
2030-12-31 14:00:00;79.86303849054164;0.0;0.0;0.0;0.0;0.0;0.0;0.0
2030-12-31 15:00:00;79.87254277756747;0.0;0.0;0.0;0.0;0.0;0.0;0.0
2030-12-31 16:00:00;79.8800039717508;0.0;0.0;0.0;0.0;0.0;0.0;0.0
2030-12-31 17:00:00;79.86849495982318;0.0;0.0;0.0;0.0;0.0;0.0;0.0
2030-12-31 18:00:00;79.89948529364325;0.0;0.0;0.0;0.0;0.0;0.0;0.0
2030-12-31 19:00:00;79.89843291584108;0.0;0.0;0.0;0.0;0.0;0.0;0.0
2030-12-31 20:00:00;79.86512269189203;0.0;0.0;0.0;0.0;0.0;0.0;0.0
2030-12-31 21:00:00;79.82487061124274;0.0;0.0;0.0;0.0;0.0;0.0;0.0
2030-12-31 22:00:00;79.8168955607107;0.0;0.0;0.0;0.0;0.0;0.0;0.0
2030-12-31 23:00:00;79.7978321753152;0.0;0.0;0.0;0.0;0.0;0.0;0.0
