;onshore;offshore
onshore;0.0;1140.8792134725957
offshore;1140.8792134725957;0.0
