Specific_rotational_speed;Eta_design
0.20374178;72.23298333
0.226727471;76.52407665
0.250174423;79.39498416
0.284452361;82.37160649
0.32344751;84.30911637
0.3677927;86.05769672
0.427274826;87.9087776
0.504972223;89.388428
0.607118697;90.87450701
0.714483831;91.59683213
0.862755309;92.04540584
1.032975579;91.35718805
1.179827893;90.55682682
1.388689921;88.72860321
1.627554155;86.70984291
1.735782822;85.31697866
