T;GT;GT;HP;HP;MP;MP;cst;cst;DB;DB;OHB;OHB
;alpha_1;alpha_2;alpha_1;alpha_2;alpha_1;alpha_2;alpha_1;alpha_2;alpha_1;alpha_2;alpha_1;alpha_2
0;0.049078315;0.03546783;-0.1326416;-0.115472018;0.005682199;0.047866474;5.943284382;9.082787208;0.175353197;0.160560121;-0.005731505;-0.053147854
10;0.051263956;0.037506344;-0.132312114;-0.116883707;0.004695251;0.045859371;5.259328274;8.505412193;0.172800776;0.159414225;-0.004639077;-0.051386675
20;0.054598286;0.039994637;-0.133296588;-0.118720151;0.00176774;0.043691289;4.37581075;7.832034517;0.17386578;0.159775014;-0.00311933;-0.050390842
30;0.056707964;0.042841607;-0.132898444;-0.121097428;-0.000543931;0.042003386;3.768974038;7.117684091;0.175587836;0.159044167;-0.000576446;-0.048974266
