timestep;Demand;Import limit;Export limit;Import price;Export price;Import emission factor;Export emission factor;Generic production
2030-01-01 00:00:00;121.6616357090858;0.0;0.0;0.0;0.0;0.0;0.0;0.0
2030-01-01 01:00:00;121.6479819749489;0.0;0.0;0.0;0.0;0.0;0.0;0.0
2030-01-01 02:00:00;121.4746076041614;0.0;0.0;0.0;0.0;0.0;0.0;0.0
2030-01-01 03:00:00;121.379427134592;0.0;0.0;0.0;0.0;0.0;0.0;0.0
2030-01-01 04:00:00;121.3559402834297;0.0;0.0;0.0;0.0;0.0;0.0;0.0
2030-01-01 05:00:00;121.3287898268181;0.0;0.0;0.0;0.0;0.0;0.0;0.0
2030-01-01 06:00:00;121.3225512301103;0.0;0.0;0.0;0.0;0.0;0.0;0.0
2030-01-01 07:00:00;121.1166628843337;0.0;0.0;0.0;0.0;0.0;0.0;0.0
2030-01-01 08:00:00;121.1142072219383;0.0;0.0;0.0;0.0;0.0;0.0;0.0
2030-01-01 09:00:00;121.1491287090797;0.0;0.0;0.0;0.0;0.0;0.0;0.0
2030-01-01 10:00:00;121.2150484852989;0.0;0.0;0.0;0.0;0.0;0.0;0.0
2030-01-01 11:00:00;121.2852996899032;0.0;0.0;0.0;0.0;0.0;0.0;0.0
2030-01-01 12:00:00;121.3139365235828;0.0;0.0;0.0;0.0;0.0;0.0;0.0
2030-01-01 13:00:00;121.3333955022399;0.0;0.0;0.0;0.0;0.0;0.0;0.0
2030-01-01 14:00:00;121.3339879595783;0.0;0.0;0.0;0.0;0.0;0.0;0.0
2030-01-01 15:00:00;121.315919057503;0.0;0.0;0.0;0.0;0.0;0.0;0.0
2030-01-01 16:00:00;121.3259133731683;0.0;0.0;0.0;0.0;0.0;0.0;0.0
2030-01-01 17:00:00;121.3168360056097;0.0;0.0;0.0;0.0;0.0;0.0;0.0
2030-01-01 18:00:00;121.3424979916644;0.0;0.0;0.0;0.0;0.0;0.0;0.0
2030-01-01 19:00:00;121.3224130598477;0.0;0.0;0.0;0.0;0.0;0.0;0.0
2030-01-01 20:00:00;121.3084850786744;0.0;0.0;0.0;0.0;0.0;0.0;0.0
2030-01-01 21:00:00;121.3047837904263;0.0;0.0;0.0;0.0;0.0;0.0;0.0
2030-01-01 22:00:00;121.2333058013687;0.0;0.0;0.0;0.0;0.0;0.0;0.0
2030-01-01 23:00:00;121.184747328001;0.0;0.0;0.0;0.0;0.0;0.0;0.0
2030-01-02 00:00:00;121.1294603815398;0.0;0.0;0.0;0.0;0.0;0.0;0.0
2030-01-02 01:00:00;121.1472299147127;0.0;0.0;0.0;0.0;0.0;0.0;0.0
2030-01-02 02:00:00;121.1499933199658;0.0;0.0;0.0;0.0;0.0;0.0;0.0
2030-01-02 03:00:00;121.1394923800041;0.0;0.0;0.0;0.0;0.0;0.0;0.0
2030-01-02 04:00:00;121.1357806243119;0.0;0.0;0.0;0.0;0.0;0.0;0.0
2030-01-02 05:00:00;121.1151451049333;0.0;0.0;0.0;0.0;0.0;0.0;0.0
2030-01-02 06:00:00;121.1003566998516;0.0;0.0;0.0;0.0;0.0;0.0;0.0
2030-01-02 07:00:00;121.2001784341529;0.0;0.0;0.0;0.0;0.0;0.0;0.0
2030-01-02 08:00:00;121.3524190352208;0.0;0.0;0.0;0.0;0.0;0.0;0.0
2030-01-02 09:00:00;121.5977235886528;0.0;0.0;0.0;0.0;0.0;0.0;0.0
2030-01-02 10:00:00;121.8135287910082;0.0;0.0;0.0;0.0;0.0;0.0;0.0
2030-01-02 11:00:00;121.9050812444384;0.0;0.0;0.0;0.0;0.0;0.0;0.0
2030-01-02 12:00:00;121.9954780920356;0.0;0.0;0.0;0.0;0.0;0.0;0.0
2030-01-02 13:00:00;121.9173846782812;0.0;0.0;0.0;0.0;0.0;0.0;0.0
2030-01-02 14:00:00;121.9232276056004;0.0;0.0;0.0;0.0;0.0;0.0;0.0
2030-01-02 15:00:00;121.8073425315212;0.0;0.0;0.0;0.0;0.0;0.0;0.0
2030-01-02 16:00:00;121.8214275243567;0.0;0.0;0.0;0.0;0.0;0.0;0.0
2030-01-02 17:00:00;121.8455445156563;0.0;0.0;0.0;0.0;0.0;0.0;0.0
2030-01-02 18:00:00;121.949781417896;0.0;0.0;0.0;0.0;0.0;0.0;0.0
2030-01-02 19:00:00;121.8708589825656;0.0;0.0;0.0;0.0;0.0;0.0;0.0
2030-01-02 20:00:00;122.111019833947;0.0;0.0;0.0;0.0;0.0;0.0;0.0
2030-01-02 21:00:00;121.9709968336799;0.0;0.0;0.0;0.0;0.0;0.0;0.0
2030-01-02 22:00:00;121.9025564969118;0.0;0.0;0.0;0.0;0.0;0.0;0.0
2030-01-02 23:00:00;121.8976619200317;0.0;0.0;0.0;0.0;0.0;0.0;0.0
2030-01-03 00:00:00;121.8554592787461;0.0;0.0;0.0;0.0;0.0;0.0;0.0
2030-01-03 01:00:00;121.7251961233955;0.0;0.0;0.0;0.0;0.0;0.0;0.0
2030-01-03 02:00:00;121.6331956633561;0.0;0.0;0.0;0.0;0.0;0.0;0.0
2030-01-03 03:00:00;121.5495984674725;0.0;0.0;0.0;0.0;0.0;0.0;0.0
2030-01-03 04:00:00;121.4844993388742;0.0;0.0;0.0;0.0;0.0;0.0;0.0
2030-01-03 05:00:00;121.4799250657848;0.0;0.0;0.0;0.0;0.0;0.0;0.0
2030-01-03 06:00:00;121.6020864193706;0.0;0.0;0.0;0.0;0.0;0.0;0.0
2030-01-03 07:00:00;121.8637683359049;0.0;0.0;0.0;0.0;0.0;0.0;0.0
2030-01-03 08:00:00;121.9208745241577;0.0;0.0;0.0;0.0;0.0;0.0;0.0
2030-01-03 09:00:00;121.9435658495654;0.0;0.0;0.0;0.0;0.0;0.0;0.0
2030-01-03 10:00:00;122.0852092101855;0.0;0.0;0.0;0.0;0.0;0.0;0.0
2030-01-03 11:00:00;122.0815749135799;0.0;0.0;0.0;0.0;0.0;0.0;0.0
2030-01-03 12:00:00;121.9884355956179;0.0;0.0;0.0;0.0;0.0;0.0;0.0
2030-01-03 13:00:00;121.9444325539402;0.0;0.0;0.0;0.0;0.0;0.0;0.0
2030-01-03 14:00:00;121.9853100167975;0.0;0.0;0.0;0.0;0.0;0.0;0.0
2030-01-03 15:00:00;122.0068834191711;0.0;0.0;0.0;0.0;0.0;0.0;0.0
2030-01-03 16:00:00;122.1159981503802;0.0;0.0;0.0;0.0;0.0;0.0;0.0
2030-01-03 17:00:00;122.3047324486995;0.0;0.0;0.0;0.0;0.0;0.0;0.0
2030-01-03 18:00:00;122.2528976653159;0.0;0.0;0.0;0.0;0.0;0.0;0.0
2030-01-03 19:00:00;122.2389320013437;0.0;0.0;0.0;0.0;0.0;0.0;0.0
2030-01-03 20:00:00;122.1626913252021;0.0;0.0;0.0;0.0;0.0;0.0;0.0
2030-01-03 21:00:00;122.0903215099036;0.0;0.0;0.0;0.0;0.0;0.0;0.0
2030-01-03 22:00:00;122.1235179622508;0.0;0.0;0.0;0.0;0.0;0.0;0.0
2030-01-03 23:00:00;121.8513288252883;0.0;0.0;0.0;0.0;0.0;0.0;0.0
2030-01-04 00:00:00;121.8810312447814;0.0;0.0;0.0;0.0;0.0;0.0;0.0
2030-01-04 01:00:00;121.7730344366064;0.0;0.0;0.0;0.0;0.0;0.0;0.0
2030-01-04 02:00:00;121.6434558521026;0.0;0.0;0.0;0.0;0.0;0.0;0.0
2030-01-04 03:00:00;121.6188845737272;0.0;0.0;0.0;0.0;0.0;0.0;0.0
2030-01-04 04:00:00;121.5445238505533;0.0;0.0;0.0;0.0;0.0;0.0;0.0
2030-01-04 05:00:00;121.5600093874147;0.0;0.0;0.0;0.0;0.0;0.0;0.0
2030-01-04 06:00:00;121.5280857762751;0.0;0.0;0.0;0.0;0.0;0.0;0.0
2030-01-04 07:00:00;121.9233929912179;0.0;0.0;0.0;0.0;0.0;0.0;0.0
2030-01-04 08:00:00;122.0646825522259;0.0;0.0;0.0;0.0;0.0;0.0;0.0
2030-01-04 09:00:00;122.1585064410347;0.0;0.0;0.0;0.0;0.0;0.0;0.0
2030-01-04 10:00:00;122.1524583518104;0.0;0.0;0.0;0.0;0.0;0.0;0.0
2030-01-04 11:00:00;122.2095184833089;0.0;0.0;0.0;0.0;0.0;0.0;0.0
2030-01-04 12:00:00;122.2160480749638;0.0;0.0;0.0;0.0;0.0;0.0;0.0
2030-01-04 13:00:00;122.182920707748;0.0;0.0;0.0;0.0;0.0;0.0;0.0
2030-01-04 14:00:00;122.1834126776225;0.0;0.0;0.0;0.0;0.0;0.0;0.0
2030-01-04 15:00:00;122.18250619696;0.0;0.0;0.0;0.0;0.0;0.0;0.0
2030-01-04 16:00:00;122.2008660939824;0.0;0.0;0.0;0.0;0.0;0.0;0.0
2030-01-04 17:00:00;122.2037362671657;0.0;0.0;0.0;0.0;0.0;0.0;0.0
2030-01-04 18:00:00;122.1337132528436;0.0;0.0;0.0;0.0;0.0;0.0;0.0
2030-01-04 19:00:00;122.032775688997;0.0;0.0;0.0;0.0;0.0;0.0;0.0
2030-01-04 20:00:00;121.8837318453695;0.0;0.0;0.0;0.0;0.0;0.0;0.0
2030-01-04 21:00:00;121.7875150988303;0.0;0.0;0.0;0.0;0.0;0.0;0.0
2030-01-04 22:00:00;121.7470563337386;0.0;0.0;0.0;0.0;0.0;0.0;0.0
2030-01-04 23:00:00;121.5588286597157;0.0;0.0;0.0;0.0;0.0;0.0;0.0
2030-01-05 00:00:00;121.4509658348257;0.0;0.0;0.0;0.0;0.0;0.0;0.0
2030-01-05 01:00:00;121.426373621562;0.0;0.0;0.0;0.0;0.0;0.0;0.0
2030-01-05 02:00:00;121.4041323962524;0.0;0.0;0.0;0.0;0.0;0.0;0.0
2030-01-05 03:00:00;121.2689851314659;0.0;0.0;0.0;0.0;0.0;0.0;0.0
2030-01-05 04:00:00;121.3834633810526;0.0;0.0;0.0;0.0;0.0;0.0;0.0
2030-01-05 05:00:00;121.3662946791734;0.0;0.0;0.0;0.0;0.0;0.0;0.0
2030-01-05 06:00:00;121.3292064310949;0.0;0.0;0.0;0.0;0.0;0.0;0.0
2030-01-05 07:00:00;121.3256349391541;0.0;0.0;0.0;0.0;0.0;0.0;0.0
2030-01-05 08:00:00;121.4288041620915;0.0;0.0;0.0;0.0;0.0;0.0;0.0
2030-01-05 09:00:00;121.5294402635469;0.0;0.0;0.0;0.0;0.0;0.0;0.0
2030-01-05 10:00:00;121.6940094203234;0.0;0.0;0.0;0.0;0.0;0.0;0.0
2030-01-05 11:00:00;121.6839606739486;0.0;0.0;0.0;0.0;0.0;0.0;0.0
2030-01-05 12:00:00;121.7279490612045;0.0;0.0;0.0;0.0;0.0;0.0;0.0
2030-01-05 13:00:00;121.7321485997937;0.0;0.0;0.0;0.0;0.0;0.0;0.0
2030-01-05 14:00:00;121.8061722712663;0.0;0.0;0.0;0.0;0.0;0.0;0.0
2030-01-05 15:00:00;121.8054500176206;0.0;0.0;0.0;0.0;0.0;0.0;0.0
2030-01-05 16:00:00;121.7855911825973;0.0;0.0;0.0;0.0;0.0;0.0;0.0
2030-01-05 17:00:00;121.781039937885;0.0;0.0;0.0;0.0;0.0;0.0;0.0
2030-01-05 18:00:00;121.7987047966165;0.0;0.0;0.0;0.0;0.0;0.0;0.0
2030-01-05 19:00:00;121.7929686372275;0.0;0.0;0.0;0.0;0.0;0.0;0.0
2030-01-05 20:00:00;121.7817391631536;0.0;0.0;0.0;0.0;0.0;0.0;0.0
2030-01-05 21:00:00;121.7198870357275;0.0;0.0;0.0;0.0;0.0;0.0;0.0
2030-01-05 22:00:00;121.6703215942336;0.0;0.0;0.0;0.0;0.0;0.0;0.0
2030-01-05 23:00:00;121.6451746064304;0.0;0.0;0.0;0.0;0.0;0.0;0.0
2030-01-06 00:00:00;121.472553891621;0.0;0.0;0.0;0.0;0.0;0.0;0.0
2030-01-06 01:00:00;121.5326998256522;0.0;0.0;0.0;0.0;0.0;0.0;0.0
2030-01-06 02:00:00;121.441195522465;0.0;0.0;0.0;0.0;0.0;0.0;0.0
2030-01-06 03:00:00;121.3986683904111;0.0;0.0;0.0;0.0;0.0;0.0;0.0
2030-01-06 04:00:00;121.4053089369738;0.0;0.0;0.0;0.0;0.0;0.0;0.0
2030-01-06 05:00:00;121.2892710382101;0.0;0.0;0.0;0.0;0.0;0.0;0.0
2030-01-06 06:00:00;121.2845732492799;0.0;0.0;0.0;0.0;0.0;0.0;0.0
2030-01-06 07:00:00;121.4025894949861;0.0;0.0;0.0;0.0;0.0;0.0;0.0
2030-01-06 08:00:00;121.4690640457446;0.0;0.0;0.0;0.0;0.0;0.0;0.0
2030-01-06 09:00:00;121.5350864029162;0.0;0.0;0.0;0.0;0.0;0.0;0.0
2030-01-06 10:00:00;121.724254053423;0.0;0.0;0.0;0.0;0.0;0.0;0.0
2030-01-06 11:00:00;121.7750169705265;0.0;0.0;0.0;0.0;0.0;0.0;0.0
2030-01-06 12:00:00;121.8543329817566;0.0;0.0;0.0;0.0;0.0;0.0;0.0
2030-01-06 13:00:00;121.9096115542625;0.0;0.0;0.0;0.0;0.0;0.0;0.0
2030-01-06 14:00:00;121.8455005523909;0.0;0.0;0.0;0.0;0.0;0.0;0.0
2030-01-06 15:00:00;121.8671618812951;0.0;0.0;0.0;0.0;0.0;0.0;0.0
2030-01-06 16:00:00;121.8690627691511;0.0;0.0;0.0;0.0;0.0;0.0;0.0
2030-01-06 17:00:00;121.9104677911932;0.0;0.0;0.0;0.0;0.0;0.0;0.0
2030-01-06 18:00:00;121.9096513305502;0.0;0.0;0.0;0.0;0.0;0.0;0.0
2030-01-06 19:00:00;121.8715477403901;0.0;0.0;0.0;0.0;0.0;0.0;0.0
2030-01-06 20:00:00;121.8465117074949;0.0;0.0;0.0;0.0;0.0;0.0;0.0
2030-01-06 21:00:00;121.8401328470356;0.0;0.0;0.0;0.0;0.0;0.0;0.0
2030-01-06 22:00:00;121.8185845665281;0.0;0.0;0.0;0.0;0.0;0.0;0.0
2030-01-06 23:00:00;121.6764492360334;0.0;0.0;0.0;0.0;0.0;0.0;0.0
2030-01-07 00:00:00;121.3939329186819;0.0;0.0;0.0;0.0;0.0;0.0;0.0
2030-01-07 01:00:00;121.4481668402626;0.0;0.0;0.0;0.0;0.0;0.0;0.0
2030-01-07 02:00:00;121.4446707139196;0.0;0.0;0.0;0.0;0.0;0.0;0.0
2030-01-07 03:00:00;121.4582051191933;0.0;0.0;0.0;0.0;0.0;0.0;0.0
2030-01-07 04:00:00;121.5001921311295;0.0;0.0;0.0;0.0;0.0;0.0;0.0
2030-01-07 05:00:00;121.4075699049082;0.0;0.0;0.0;0.0;0.0;0.0;0.0
2030-01-07 06:00:00;121.4586007885817;0.0;0.0;0.0;0.0;0.0;0.0;0.0
2030-01-07 07:00:00;121.9790483917127;0.0;0.0;0.0;0.0;0.0;0.0;0.0
2030-01-07 08:00:00;122.1734016140466;0.0;0.0;0.0;0.0;0.0;0.0;0.0
2030-01-07 09:00:00;122.2361225393363;0.0;0.0;0.0;0.0;0.0;0.0;0.0
2030-01-07 10:00:00;122.2675625545566;0.0;0.0;0.0;0.0;0.0;0.0;0.0
2030-01-07 11:00:00;122.2766106132717;0.0;0.0;0.0;0.0;0.0;0.0;0.0
2030-01-07 12:00:00;122.2904087981377;0.0;0.0;0.0;0.0;0.0;0.0;0.0
2030-01-07 13:00:00;122.3213442825505;0.0;0.0;0.0;0.0;0.0;0.0;0.0
2030-01-07 14:00:00;122.2669051990647;0.0;0.0;0.0;0.0;0.0;0.0;0.0
2030-01-07 15:00:00;122.2152253338543;0.0;0.0;0.0;0.0;0.0;0.0;0.0
2030-01-07 16:00:00;122.2153321017845;0.0;0.0;0.0;0.0;0.0;0.0;0.0
2030-01-07 17:00:00;122.2279097826637;0.0;0.0;0.0;0.0;0.0;0.0;0.0
2030-01-07 18:00:00;122.1740778109381;0.0;0.0;0.0;0.0;0.0;0.0;0.0
2030-01-07 19:00:00;121.9789855870479;0.0;0.0;0.0;0.0;0.0;0.0;0.0
2030-01-07 20:00:00;121.6975830057529;0.0;0.0;0.0;0.0;0.0;0.0;0.0
2030-01-07 21:00:00;121.5568000690413;0.0;0.0;0.0;0.0;0.0;0.0;0.0
2030-01-07 22:00:00;121.4939891237319;0.0;0.0;0.0;0.0;0.0;0.0;0.0
2030-01-07 23:00:00;121.3587141561269;0.0;0.0;0.0;0.0;0.0;0.0;0.0
2030-01-08 00:00:00;121.2693912682985;0.0;0.0;0.0;0.0;0.0;0.0;0.0
2030-01-08 01:00:00;121.215837730587;0.0;0.0;0.0;0.0;0.0;0.0;0.0
2030-01-08 02:00:00;121.1841862729951;0.0;0.0;0.0;0.0;0.0;0.0;0.0
2030-01-08 03:00:00;121.1310702744486;0.0;0.0;0.0;0.0;0.0;0.0;0.0
2030-01-08 04:00:00;121.1277604686114;0.0;0.0;0.0;0.0;0.0;0.0;0.0
2030-01-08 05:00:00;121.1702478243776;0.0;0.0;0.0;0.0;0.0;0.0;0.0
2030-01-08 06:00:00;121.2232486810385;0.0;0.0;0.0;0.0;0.0;0.0;0.0
2030-01-08 07:00:00;121.3825359655018;0.0;0.0;0.0;0.0;0.0;0.0;0.0
2030-01-08 08:00:00;121.5740127341858;0.0;0.0;0.0;0.0;0.0;0.0;0.0
2030-01-08 09:00:00;121.7979574211048;0.0;0.0;0.0;0.0;0.0;0.0;0.0
2030-01-08 10:00:00;121.67733059483;0.0;0.0;0.0;0.0;0.0;0.0;0.0
2030-01-08 11:00:00;121.5592494509701;0.0;0.0;0.0;0.0;0.0;0.0;0.0
2030-01-08 12:00:00;121.472980963342;0.0;0.0;0.0;0.0;0.0;0.0;0.0
2030-01-08 13:00:00;121.5127258487434;0.0;0.0;0.0;0.0;0.0;0.0;0.0
2030-01-08 14:00:00;121.4939891237319;0.0;0.0;0.0;0.0;0.0;0.0;0.0
2030-01-08 15:00:00;121.495680662705;0.0;0.0;0.0;0.0;0.0;0.0;0.0
2030-01-08 16:00:00;121.5053065243366;0.0;0.0;0.0;0.0;0.0;0.0;0.0
2030-01-08 17:00:00;131.4122839292439;0.0;0.0;0.0;0.0;0.0;0.0;0.0
2030-01-08 18:00:00;130.8239528573731;0.0;0.0;0.0;0.0;0.0;0.0;0.0
2030-01-08 19:00:00;131.304578116016;0.0;0.0;0.0;0.0;0.0;0.0;0.0
2030-01-08 20:00:00;131.1993447130941;0.0;0.0;0.0;0.0;0.0;0.0;0.0
2030-01-08 21:00:00;131.0941992367031;0.0;0.0;0.0;0.0;0.0;0.0;0.0
2030-01-08 22:00:00;130.9772213614556;0.0;0.0;0.0;0.0;0.0;0.0;0.0
2030-01-08 23:00:00;130.801290840809;0.0;0.0;0.0;0.0;0.0;0.0;0.0
2030-01-09 00:00:00;130.657612609048;0.0;0.0;0.0;0.0;0.0;0.0;0.0
2030-01-09 01:00:00;121.1176991613036;0.0;0.0;0.0;0.0;0.0;0.0;0.0
2030-01-09 02:00:00;121.1252775908613;0.0;0.0;0.0;0.0;0.0;0.0;0.0
2030-01-09 03:00:00;121.1306578571495;0.0;0.0;0.0;0.0;0.0;0.0;0.0
2030-01-09 04:00:00;121.1660189769449;0.0;0.0;0.0;0.0;0.0;0.0;0.0
2030-01-09 05:00:00;121.152585059135;0.0;0.0;0.0;0.0;0.0;0.0;0.0
2030-01-09 06:00:00;121.25495456934;0.0;0.0;0.0;0.0;0.0;0.0;0.0
2030-01-09 07:00:00;131.4463533664323;0.0;0.0;0.0;0.0;0.0;0.0;0.0
2030-01-09 08:00:00;130.9054670318727;0.0;0.0;0.0;0.0;0.0;0.0;0.0
2030-01-09 09:00:00;121.9922269038856;0.0;0.0;0.0;0.0;0.0;0.0;0.0
2030-01-09 10:00:00;122.0551467106139;0.0;0.0;0.0;0.0;0.0;0.0;0.0
2030-01-09 11:00:00;121.9133944885749;0.0;0.0;0.0;0.0;0.0;0.0;0.0
2030-01-09 12:00:00;121.8868176479022;0.0;0.0;0.0;0.0;0.0;0.0;0.0
2030-01-09 13:00:00;121.8905984887257;0.0;0.0;0.0;0.0;0.0;0.0;0.0
2030-01-09 14:00:00;121.9163316534007;0.0;0.0;0.0;0.0;0.0;0.0;0.0
2030-01-09 15:00:00;121.9543033537647;0.0;0.0;0.0;0.0;0.0;0.0;0.0
2030-01-09 16:00:00;121.9654428078189;0.0;0.0;0.0;0.0;0.0;0.0;0.0
2030-01-09 17:00:00;121.9930998887269;0.0;0.0;0.0;0.0;0.0;0.0;0.0
2030-01-09 18:00:00;122.0794081526428;0.0;0.0;0.0;0.0;0.0;0.0;0.0
2030-01-09 19:00:00;122.0737620132734;0.0;0.0;0.0;0.0;0.0;0.0;0.0
2030-01-09 20:00:00;122.2261072887828;0.0;0.0;0.0;0.0;0.0;0.0;0.0
2030-01-09 21:00:00;122.1475805228409;0.0;0.0;0.0;0.0;0.0;0.0;0.0
2030-01-09 22:00:00;130.6644038868064;0.0;0.0;0.0;0.0;0.0;0.0;0.0
2030-01-09 23:00:00;121.7855618737537;0.0;0.0;0.0;0.0;0.0;0.0;0.0
2030-01-10 00:00:00;121.5837516442141;0.0;0.0;0.0;0.0;0.0;0.0;0.0
2030-01-10 01:00:00;121.7376251665679;0.0;0.0;0.0;0.0;0.0;0.0;0.0
2030-01-10 02:00:00;121.7106924327945;0.0;0.0;0.0;0.0;0.0;0.0;0.0
2030-01-10 03:00:00;121.7464743438443;0.0;0.0;0.0;0.0;0.0;0.0;0.0
2030-01-10 04:00:00;121.7476508845657;0.0;0.0;0.0;0.0;0.0;0.0;0.0
2030-01-10 05:00:00;131.6308671912741;0.0;0.0;0.0;0.0;0.0;0.0;0.0
2030-01-10 06:00:00;131.7431012208372;0.0;0.0;0.0;0.0;0.0;0.0;0.0
2030-01-10 07:00:00;132.1131777084236;0.0;0.0;0.0;0.0;0.0;0.0;0.0
2030-01-10 08:00:00;132.1378117914639;0.0;0.0;0.0;0.0;0.0;0.0;0.0
2030-01-10 09:00:00;132.1304824870768;0.0;0.0;0.0;0.0;0.0;0.0;0.0
2030-01-10 10:00:00;123.2422951398954;0.0;0.0;0.0;0.0;0.0;0.0;0.0
2030-01-10 11:00:00;122.3228871838168;0.0;0.0;0.0;0.0;0.0;0.0;0.0
2030-01-10 12:00:00;122.3290294800384;0.0;0.0;0.0;0.0;0.0;0.0;0.0
2030-01-10 13:00:00;122.3316484345624;0.0;0.0;0.0;0.0;0.0;0.0;0.0
2030-01-10 14:00:00;122.3056535837839;0.0;0.0;0.0;0.0;0.0;0.0;0.0
2030-01-10 15:00:00;122.1422274719074;0.0;0.0;0.0;0.0;0.0;0.0;0.0
2030-01-10 16:00:00;122.2809336677017;0.0;0.0;0.0;0.0;0.0;0.0;0.0
2030-01-10 17:00:00;122.2592555908868;0.0;0.0;0.0;0.0;0.0;0.0;0.0
2030-01-10 18:00:00;122.2303445101708;0.0;0.0;0.0;0.0;0.0;0.0;0.0
2030-01-10 19:00:00;128.4198803072082;0.0;0.0;0.0;0.0;0.0;0.0;0.0
2030-01-10 20:00:00;122.3202514813821;0.0;0.0;0.0;0.0;0.0;0.0;0.0
2030-01-10 21:00:00;122.2734934084067;0.0;0.0;0.0;0.0;0.0;0.0;0.0
2030-01-10 22:00:00;122.188303067525;0.0;0.0;0.0;0.0;0.0;0.0;0.0
2030-01-10 23:00:00;122.0913389454741;0.0;0.0;0.0;0.0;0.0;0.0;0.0
2030-01-11 00:00:00;121.7859533561646;0.0;0.0;0.0;0.0;0.0;0.0;0.0
2030-01-11 01:00:00;121.7612104117053;0.0;0.0;0.0;0.0;0.0;0.0;0.0
2030-01-11 02:00:00;121.6952508591985;0.0;0.0;0.0;0.0;0.0;0.0;0.0
2030-01-11 03:00:00;121.5922093390796;0.0;0.0;0.0;0.0;0.0;0.0;0.0
2030-01-11 04:00:00;121.6317050993105;0.0;0.0;0.0;0.0;0.0;0.0;0.0
2030-01-11 05:00:00;121.5691935229036;0.0;0.0;0.0;0.0;0.0;0.0;0.0
2030-01-11 06:00:00;121.6428989840743;0.0;0.0;0.0;0.0;0.0;0.0;0.0
2030-01-11 07:00:00;121.9024790378252;0.0;0.0;0.0;0.0;0.0;0.0;0.0
2030-01-11 08:00:00;132.048300489641;0.0;0.0;0.0;0.0;0.0;0.0;0.0
2030-01-11 09:00:00;132.0045716949998;0.0;0.0;0.0;0.0;0.0;0.0;0.0
2030-01-11 10:00:00;125.4242422449331;0.0;0.0;0.0;0.0;0.0;0.0;0.0
2030-01-11 11:00:00;131.9580941495272;0.0;0.0;0.0;0.0;0.0;0.0;0.0
2030-01-11 12:00:00;131.9752984407164;0.0;0.0;0.0;0.0;0.0;0.0;0.0
2030-01-11 13:00:00;131.9261223881445;0.0;0.0;0.0;0.0;0.0;0.0;0.0
2030-01-11 14:00:00;131.8443904908069;0.0;0.0;0.0;0.0;0.0;0.0;0.0
2030-01-11 15:00:00;131.8584901380641;0.0;0.0;0.0;0.0;0.0;0.0;0.0
2030-01-11 16:00:00;123.5859392375385;0.0;0.0;0.0;0.0;0.0;0.0;0.0
2030-01-11 17:00:00;122.0684780474713;0.0;0.0;0.0;0.0;0.0;0.0;0.0
2030-01-11 18:00:00;122.1046577213985;0.0;0.0;0.0;0.0;0.0;0.0;0.0
2030-01-11 19:00:00;122.0348377754926;0.0;0.0;0.0;0.0;0.0;0.0;0.0
2030-01-11 20:00:00;121.8883312403249;0.0;0.0;0.0;0.0;0.0;0.0;0.0
2030-01-11 21:00:00;121.5495482237407;0.0;0.0;0.0;0.0;0.0;0.0;0.0
2030-01-11 22:00:00;121.5169400417543;0.0;0.0;0.0;0.0;0.0;0.0;0.0
2030-01-11 23:00:00;121.4690996350547;0.0;0.0;0.0;0.0;0.0;0.0;0.0
2030-01-12 00:00:00;121.414220918915;0.0;0.0;0.0;0.0;0.0;0.0;0.0
2030-01-12 01:00:00;121.2868321237254;0.0;0.0;0.0;0.0;0.0;0.0;0.0
2030-01-12 02:00:00;121.1389187640652;0.0;0.0;0.0;0.0;0.0;0.0;0.0
2030-01-12 03:00:00;121.1005513943127;0.0;0.0;0.0;0.0;0.0;0.0;0.0
2030-01-12 04:00:00;121.0896212891412;0.0;0.0;0.0;0.0;0.0;0.0;0.0
2030-01-12 05:00:00;121.0935507676715;0.0;0.0;0.0;0.0;0.0;0.0;0.0
2030-01-12 06:00:00;121.1057118442739;0.0;0.0;0.0;0.0;0.0;0.0;0.0
2030-01-12 07:00:00;121.253091364283;0.0;0.0;0.0;0.0;0.0;0.0;0.0
2030-01-12 08:00:00;121.3365189875715;0.0;0.0;0.0;0.0;0.0;0.0;0.0
2030-01-12 09:00:00;121.4023424633044;0.0;0.0;0.0;0.0;0.0;0.0;0.0
2030-01-12 10:00:00;121.4243638722871;0.0;0.0;0.0;0.0;0.0;0.0;0.0
2030-01-12 11:00:00;121.4329890462589;0.0;0.0;0.0;0.0;0.0;0.0;0.0
2030-01-12 12:00:00;121.4291223723934;0.0;0.0;0.0;0.0;0.0;0.0;0.0
2030-01-12 13:00:00;121.424621371413;0.0;0.0;0.0;0.0;0.0;0.0;0.0
2030-01-12 14:00:00;121.4232061729652;0.0;0.0;0.0;0.0;0.0;0.0;0.0
2030-01-12 15:00:00;121.4299660483911;0.0;0.0;0.0;0.0;0.0;0.0;0.0
2030-01-12 16:00:00;121.437067162496;0.0;0.0;0.0;0.0;0.0;0.0;0.0
2030-01-12 17:00:00;121.4371320606497;0.0;0.0;0.0;0.0;0.0;0.0;0.0
2030-01-12 18:00:00;121.448855598087;0.0;0.0;0.0;0.0;0.0;0.0;0.0
2030-01-12 19:00:00;121.4143988654654;0.0;0.0;0.0;0.0;0.0;0.0;0.0
2030-01-12 20:00:00;121.3955867748561;0.0;0.0;0.0;0.0;0.0;0.0;0.0
2030-01-12 21:00:00;121.316844379565;0.0;0.0;0.0;0.0;0.0;0.0;0.0
2030-01-12 22:00:00;121.1878456914666;0.0;0.0;0.0;0.0;0.0;0.0;0.0
2030-01-12 23:00:00;121.1404951611527;0.0;0.0;0.0;0.0;0.0;0.0;0.0
2030-01-13 00:00:00;121.1391113650373;0.0;0.0;0.0;0.0;0.0;0.0;0.0
2030-01-13 01:00:00;121.0585957847088;0.0;0.0;0.0;0.0;0.0;0.0;0.0
2030-01-13 02:00:00;121.0345981222723;0.0;0.0;0.0;0.0;0.0;0.0;0.0
2030-01-13 03:00:00;121.0349833242167;0.0;0.0;0.0;0.0;0.0;0.0;0.0
2030-01-13 04:00:00;120.9799643443255;0.0;0.0;0.0;0.0;0.0;0.0;0.0
2030-01-13 05:00:00;120.9658500426465;0.0;0.0;0.0;0.0;0.0;0.0;0.0
2030-01-13 06:00:00;120.965441812325;0.0;0.0;0.0;0.0;0.0;0.0;0.0
2030-01-13 07:00:00;121.0692328014444;0.0;0.0;0.0;0.0;0.0;0.0;0.0
2030-01-13 08:00:00;121.0666619971635;0.0;0.0;0.0;0.0;0.0;0.0;0.0
2030-01-13 09:00:00;121.0976749406629;0.0;0.0;0.0;0.0;0.0;0.0;0.0
2030-01-13 10:00:00;121.1737167353658;0.0;0.0;0.0;0.0;0.0;0.0;0.0
2030-01-13 11:00:00;121.1785233857151;0.0;0.0;0.0;0.0;0.0;0.0;0.0
2030-01-13 12:00:00;121.187194616441;0.0;0.0;0.0;0.0;0.0;0.0;0.0
2030-01-13 13:00:00;121.1889510535678;0.0;0.0;0.0;0.0;0.0;0.0;0.0
2030-01-13 14:00:00;121.206777110939;0.0;0.0;0.0;0.0;0.0;0.0;0.0
2030-01-13 15:00:00;121.2252374954252;0.0;0.0;0.0;0.0;0.0;0.0;0.0
2030-01-13 16:00:00;130.84008946926;0.0;0.0;0.0;0.0;0.0;0.0;0.0
2030-01-13 17:00:00;129.7457412127504;0.0;0.0;0.0;0.0;0.0;0.0;0.0
2030-01-13 18:00:00;124.827170857205;0.0;0.0;0.0;0.0;0.0;0.0;0.0
2030-01-13 19:00:00;124.2739685278696;0.0;0.0;0.0;0.0;0.0;0.0;0.0
2030-01-13 20:00:00;130.8267330105368;0.0;0.0;0.0;0.0;0.0;0.0;0.0
2030-01-13 21:00:00;130.8100123152668;0.0;0.0;0.0;0.0;0.0;0.0;0.0
2030-01-13 22:00:00;130.8286359918816;0.0;0.0;0.0;0.0;0.0;0.0;0.0
2030-01-13 23:00:00;130.7604196584181;0.0;0.0;0.0;0.0;0.0;0.0;0.0
2030-01-14 00:00:00;121.1717593233115;0.0;0.0;0.0;0.0;0.0;0.0;0.0
2030-01-14 01:00:00;130.3596693725223;0.0;0.0;0.0;0.0;0.0;0.0;0.0
2030-01-14 02:00:00;130.8713996881731;0.0;0.0;0.0;0.0;0.0;0.0;0.0
2030-01-14 03:00:00;130.7031334301261;0.0;0.0;0.0;0.0;0.0;0.0;0.0
2030-01-14 04:00:00;130.8017325669517;0.0;0.0;0.0;0.0;0.0;0.0;0.0
2030-01-14 05:00:00;130.8522296109742;0.0;0.0;0.0;0.0;0.0;0.0;0.0
2030-01-14 06:00:00;131.0872321058831;0.0;0.0;0.0;0.0;0.0;0.0;0.0
2030-01-14 07:00:00;131.2947449989905;0.0;0.0;0.0;0.0;0.0;0.0;0.0
2030-01-14 08:00:00;131.5358814161658;0.0;0.0;0.0;0.0;0.0;0.0;0.0
2030-01-14 09:00:00;131.9393720789376;0.0;0.0;0.0;0.0;0.0;0.0;0.0
2030-01-14 10:00:00;132.007284856521;0.0;0.0;0.0;0.0;0.0;0.0;0.0
2030-01-14 11:00:00;132.0027587336746;0.0;0.0;0.0;0.0;0.0;0.0;0.0
2030-01-14 12:00:00;131.9388612676635;0.0;0.0;0.0;0.0;0.0;0.0;0.0
2030-01-14 13:00:00;131.8593400945283;0.0;0.0;0.0;0.0;0.0;0.0;0.0
2030-01-14 14:00:00;131.8635563810281;0.0;0.0;0.0;0.0;0.0;0.0;0.0
2030-01-14 15:00:00;131.9283749821236;0.0;0.0;0.0;0.0;0.0;0.0;0.0
2030-01-14 16:00:00;132.0210223302109;0.0;0.0;0.0;0.0;0.0;0.0;0.0
2030-01-14 17:00:00;132.0585020607004;0.0;0.0;0.0;0.0;0.0;0.0;0.0
2030-01-14 18:00:00;132.2245785294331;0.0;0.0;0.0;0.0;0.0;0.0;0.0
2030-01-14 19:00:00;132.0234612446956;0.0;0.0;0.0;0.0;0.0;0.0;0.0
2030-01-14 20:00:00;132.0272944227399;0.0;0.0;0.0;0.0;0.0;0.0;0.0
2030-01-14 21:00:00;131.8273913615228;0.0;0.0;0.0;0.0;0.0;0.0;0.0
2030-01-14 22:00:00;131.7090945883136;0.0;0.0;0.0;0.0;0.0;0.0;0.0
2030-01-14 23:00:00;131.6310116420033;0.0;0.0;0.0;0.0;0.0;0.0;0.0
2030-01-15 00:00:00;131.5870002263702;0.0;0.0;0.0;0.0;0.0;0.0;0.0
2030-01-15 01:00:00;131.459387427876;0.0;0.0;0.0;0.0;0.0;0.0;0.0
2030-01-15 02:00:00;131.4278008684377;0.0;0.0;0.0;0.0;0.0;0.0;0.0
2030-01-15 03:00:00;131.3735208901029;0.0;0.0;0.0;0.0;0.0;0.0;0.0
2030-01-15 04:00:00;131.3056939455615;0.0;0.0;0.0;0.0;0.0;0.0;0.0
2030-01-15 05:00:00;131.3470612848045;0.0;0.0;0.0;0.0;0.0;0.0;0.0
2030-01-15 06:00:00;131.4498913625518;0.0;0.0;0.0;0.0;0.0;0.0;0.0
2030-01-15 07:00:00;131.5751280512261;0.0;0.0;0.0;0.0;0.0;0.0;0.0
2030-01-15 08:00:00;131.8215609951365;0.0;0.0;0.0;0.0;0.0;0.0;0.0
2030-01-15 09:00:00;131.8967381789533;0.0;0.0;0.0;0.0;0.0;0.0;0.0
2030-01-15 10:00:00;131.8475579394038;0.0;0.0;0.0;0.0;0.0;0.0;0.0
2030-01-15 11:00:00;131.7841901260662;0.0;0.0;0.0;0.0;0.0;0.0;0.0
2030-01-15 12:00:00;131.8042813383494;0.0;0.0;0.0;0.0;0.0;0.0;0.0
2030-01-15 13:00:00;131.8718926535416;0.0;0.0;0.0;0.0;0.0;0.0;0.0
2030-01-15 14:00:00;131.7500641646794;0.0;0.0;0.0;0.0;0.0;0.0;0.0
2030-01-15 15:00:00;131.7508889992777;0.0;0.0;0.0;0.0;0.0;0.0;0.0
2030-01-15 16:00:00;131.7456385292968;0.0;0.0;0.0;0.0;0.0;0.0;0.0
2030-01-15 17:00:00;131.7024980050163;0.0;0.0;0.0;0.0;0.0;0.0;0.0
2030-01-15 18:00:00;131.7094609488585;0.0;0.0;0.0;0.0;0.0;0.0;0.0
2030-01-15 19:00:00;131.6746985668679;0.0;0.0;0.0;0.0;0.0;0.0;0.0
2030-01-15 20:00:00;131.4813418452162;0.0;0.0;0.0;0.0;0.0;0.0;0.0
2030-01-15 21:00:00;131.3515832206733;0.0;0.0;0.0;0.0;0.0;0.0;0.0
2030-01-15 22:00:00;131.2983269583753;0.0;0.0;0.0;0.0;0.0;0.0;0.0
2030-01-15 23:00:00;131.222802255413;0.0;0.0;0.0;0.0;0.0;0.0;0.0
2030-01-16 00:00:00;131.0162879564767;0.0;0.0;0.0;0.0;0.0;0.0;0.0
2030-01-16 01:00:00;130.7339809880081;0.0;0.0;0.0;0.0;0.0;0.0;0.0
2030-01-16 02:00:00;130.632147410943;0.0;0.0;0.0;0.0;0.0;0.0;0.0
2030-01-16 03:00:00;130.7601475048704;0.0;0.0;0.0;0.0;0.0;0.0;0.0
2030-01-16 04:00:00;130.7176036249059;0.0;0.0;0.0;0.0;0.0;0.0;0.0
2030-01-16 05:00:00;130.6875704341781;0.0;0.0;0.0;0.0;0.0;0.0;0.0
2030-01-16 06:00:00;130.7183154111074;0.0;0.0;0.0;0.0;0.0;0.0;0.0
2030-01-16 07:00:00;131.2961497299942;0.0;0.0;0.0;0.0;0.0;0.0;0.0
2030-01-16 08:00:00;131.5542852764536;0.0;0.0;0.0;0.0;0.0;0.0;0.0
2030-01-16 09:00:00;131.7410433213191;0.0;0.0;0.0;0.0;0.0;0.0;0.0
2030-01-16 10:00:00;131.720037254418;0.0;0.0;0.0;0.0;0.0;0.0;0.0
2030-01-16 11:00:00;131.6909817229729;0.0;0.0;0.0;0.0;0.0;0.0;0.0
2030-01-16 12:00:00;131.7391947706839;0.0;0.0;0.0;0.0;0.0;0.0;0.0
2030-01-16 13:00:00;131.7579021868517;0.0;0.0;0.0;0.0;0.0;0.0;0.0
2030-01-16 14:00:00;131.7585072051231;0.0;0.0;0.0;0.0;0.0;0.0;0.0
2030-01-16 15:00:00;131.8071912878204;0.0;0.0;0.0;0.0;0.0;0.0;0.0
2030-01-16 16:00:00;131.7755293627843;0.0;0.0;0.0;0.0;0.0;0.0;0.0
2030-01-16 17:00:00;131.8570016675073;0.0;0.0;0.0;0.0;0.0;0.0;0.0
2030-01-16 18:00:00;131.8797934803788;0.0;0.0;0.0;0.0;0.0;0.0;0.0
2030-01-16 19:00:00;131.775326294368;0.0;0.0;0.0;0.0;0.0;0.0;0.0
2030-01-16 20:00:00;131.5837804405526;0.0;0.0;0.0;0.0;0.0;0.0;0.0
2030-01-16 21:00:00;131.4098261733597;0.0;0.0;0.0;0.0;0.0;0.0;0.0
2030-01-16 22:00:00;131.3865591385242;0.0;0.0;0.0;0.0;0.0;0.0;0.0
2030-01-16 23:00:00;131.4717599468501;0.0;0.0;0.0;0.0;0.0;0.0;0.0
2030-01-17 00:00:00;131.4344623498887;0.0;0.0;0.0;0.0;0.0;0.0;0.0
2030-01-17 01:00:00;131.2595890411002;0.0;0.0;0.0;0.0;0.0;0.0;0.0
2030-01-17 02:00:00;131.1758955447307;0.0;0.0;0.0;0.0;0.0;0.0;0.0
2030-01-17 03:00:00;131.1664266947612;0.0;0.0;0.0;0.0;0.0;0.0;0.0
2030-01-17 04:00:00;131.2061632062073;0.0;0.0;0.0;0.0;0.0;0.0;0.0
2030-01-17 05:00:00;131.2341719932384;0.0;0.0;0.0;0.0;0.0;0.0;0.0
2030-01-17 06:00:00;131.3702529540423;0.0;0.0;0.0;0.0;0.0;0.0;0.0
2030-01-17 07:00:00;131.5405729246296;0.0;0.0;0.0;0.0;0.0;0.0;0.0
2030-01-17 08:00:00;131.9039753698321;0.0;0.0;0.0;0.0;0.0;0.0;0.0
2030-01-17 09:00:00;131.9885334770877;0.0;0.0;0.0;0.0;0.0;0.0;0.0
2030-01-17 10:00:00;132.0355720775662;0.0;0.0;0.0;0.0;0.0;0.0;0.0
2030-01-17 11:00:00;132.0373934128466;0.0;0.0;0.0;0.0;0.0;0.0;0.0
2030-01-17 12:00:00;132.0076030668229;0.0;0.0;0.0;0.0;0.0;0.0;0.0
2030-01-17 13:00:00;132.0184012821982;0.0;0.0;0.0;0.0;0.0;0.0;0.0
2030-01-17 14:00:00;132.0327500546259;0.0;0.0;0.0;0.0;0.0;0.0;0.0
2030-01-17 15:00:00;132.0188597562515;0.0;0.0;0.0;0.0;0.0;0.0;0.0
2030-01-17 16:00:00;132.0678306469183;0.0;0.0;0.0;0.0;0.0;0.0;0.0
2030-01-17 17:00:00;132.0693128370086;0.0;0.0;0.0;0.0;0.0;0.0;0.0
2030-01-17 18:00:00;132.0558307689557;0.0;0.0;0.0;0.0;0.0;0.0;0.0
2030-01-17 19:00:00;131.9502686882878;0.0;0.0;0.0;0.0;0.0;0.0;0.0
2030-01-17 20:00:00;131.963321591131;0.0;0.0;0.0;0.0;0.0;0.0;0.0
2030-01-17 21:00:00;131.7788935993311;0.0;0.0;0.0;0.0;0.0;0.0;0.0
2030-01-17 22:00:00;131.5418394853706;0.0;0.0;0.0;0.0;0.0;0.0;0.0
2030-01-17 23:00:00;131.3335457209304;0.0;0.0;0.0;0.0;0.0;0.0;0.0
2030-01-18 00:00:00;131.323637238307;0.0;0.0;0.0;0.0;0.0;0.0;0.0
2030-01-18 01:00:00;131.2338244740929;0.0;0.0;0.0;0.0;0.0;0.0;0.0
2030-01-18 02:00:00;131.273768240933;0.0;0.0;0.0;0.0;0.0;0.0;0.0
2030-01-18 03:00:00;131.2790563937128;0.0;0.0;0.0;0.0;0.0;0.0;0.0
2030-01-18 04:00:00;131.3694762696869;0.0;0.0;0.0;0.0;0.0;0.0;0.0
2030-01-18 05:00:00;121.5775758521713;0.0;0.0;0.0;0.0;0.0;0.0;0.0
2030-01-18 06:00:00;121.7411464147768;0.0;0.0;0.0;0.0;0.0;0.0;0.0
2030-01-18 07:00:00;122.1351996299115;0.0;0.0;0.0;0.0;0.0;0.0;0.0
2030-01-18 08:00:00;122.2554852175074;0.0;0.0;0.0;0.0;0.0;0.0;0.0
2030-01-18 09:00:00;122.3112097031337;0.0;0.0;0.0;0.0;0.0;0.0;0.0
2030-01-18 10:00:00;122.1653165601925;0.0;0.0;0.0;0.0;0.0;0.0;0.0
2030-01-18 11:00:00;122.126668662937;0.0;0.0;0.0;0.0;0.0;0.0;0.0
2030-01-18 12:00:00;122.1301208260146;0.0;0.0;0.0;0.0;0.0;0.0;0.0
2030-01-18 13:00:00;122.0126698222919;0.0;0.0;0.0;0.0;0.0;0.0;0.0
2030-01-18 14:00:00;122.06117386495;0.0;0.0;0.0;0.0;0.0;0.0;0.0
2030-01-18 15:00:00;122.1474528200224;0.0;0.0;0.0;0.0;0.0;0.0;0.0
2030-01-18 16:00:00;122.2281233185242;0.0;0.0;0.0;0.0;0.0;0.0;0.0
2030-01-18 17:00:00;122.2421957504266;0.0;0.0;0.0;0.0;0.0;0.0;0.0
2030-01-18 18:00:00;122.3016529266334;0.0;0.0;0.0;0.0;0.0;0.0;0.0
2030-01-18 19:00:00;122.2669763776848;0.0;0.0;0.0;0.0;0.0;0.0;0.0
2030-01-18 20:00:00;122.2669847516401;0.0;0.0;0.0;0.0;0.0;0.0;0.0
2030-01-18 21:00:00;122.2423046118457;0.0;0.0;0.0;0.0;0.0;0.0;0.0
2030-01-18 22:00:00;122.2334282192146;0.0;0.0;0.0;0.0;0.0;0.0;0.0
2030-01-18 23:00:00;122.1200699861509;0.0;0.0;0.0;0.0;0.0;0.0;0.0
2030-01-19 00:00:00;121.9204369849926;0.0;0.0;0.0;0.0;0.0;0.0;0.0
2030-01-19 01:00:00;121.8841086733586;0.0;0.0;0.0;0.0;0.0;0.0;0.0
2030-01-19 02:00:00;121.9044804131448;0.0;0.0;0.0;0.0;0.0;0.0;0.0
2030-01-19 03:00:00;121.8665610500015;0.0;0.0;0.0;0.0;0.0;0.0;0.0
2030-01-19 04:00:00;121.8935838037946;0.0;0.0;0.0;0.0;0.0;0.0;0.0
2030-01-19 05:00:00;121.8494593397648;0.0;0.0;0.0;0.0;0.0;0.0;0.0
2030-01-19 06:00:00;121.8365822899832;0.0;0.0;0.0;0.0;0.0;0.0;0.0
2030-01-19 07:00:00;121.905135675148;0.0;0.0;0.0;0.0;0.0;0.0;0.0
2030-01-19 08:00:00;122.0112295019782;0.0;0.0;0.0;0.0;0.0;0.0;0.0
2030-01-19 09:00:00;122.1841098094023;0.0;0.0;0.0;0.0;0.0;0.0;0.0
2030-01-19 10:00:00;122.0738562202707;0.0;0.0;0.0;0.0;0.0;0.0;0.0
2030-01-19 11:00:00;122.0523770248945;0.0;0.0;0.0;0.0;0.0;0.0;0.0
2030-01-19 12:00:00;122.0043628586221;0.0;0.0;0.0;0.0;0.0;0.0;0.0
2030-01-19 13:00:00;122.0002470595861;0.0;0.0;0.0;0.0;0.0;0.0;0.0
2030-01-19 14:00:00;121.9503696882567;0.0;0.0;0.0;0.0;0.0;0.0;0.0
2030-01-19 15:00:00;122.0200409964557;0.0;0.0;0.0;0.0;0.0;0.0;0.0
2030-01-19 16:00:00;122.1762508523416;0.0;0.0;0.0;0.0;0.0;0.0;0.0
2030-01-19 17:00:00;122.2198645050974;0.0;0.0;0.0;0.0;0.0;0.0;0.0
2030-01-19 18:00:00;122.2312865801434;0.0;0.0;0.0;0.0;0.0;0.0;0.0
2030-01-19 19:00:00;122.2677635294842;0.0;0.0;0.0;0.0;0.0;0.0;0.0
2030-01-19 20:00:00;122.273903732217;0.0;0.0;0.0;0.0;0.0;0.0;0.0
2030-01-19 21:00:00;122.2961051812389;0.0;0.0;0.0;0.0;0.0;0.0;0.0
2030-01-19 22:00:00;122.3149821700019;0.0;0.0;0.0;0.0;0.0;0.0;0.0
2030-01-19 23:00:00;122.1966958642369;0.0;0.0;0.0;0.0;0.0;0.0;0.0
2030-01-20 00:00:00;122.2065980663937;0.0;0.0;0.0;0.0;0.0;0.0;0.0
2030-01-20 01:00:00;122.1609788513407;0.0;0.0;0.0;0.0;0.0;0.0;0.0
2030-01-20 02:00:00;122.0045973293708;0.0;0.0;0.0;0.0;0.0;0.0;0.0
2030-01-20 03:00:00;121.9820106784045;0.0;0.0;0.0;0.0;0.0;0.0;0.0
2030-01-20 04:00:00;121.9434569881463;0.0;0.0;0.0;0.0;0.0;0.0;0.0
2030-01-20 05:00:00;121.8657990200681;0.0;0.0;0.0;0.0;0.0;0.0;0.0
2030-01-20 06:00:00;121.8933451460682;0.0;0.0;0.0;0.0;0.0;0.0;0.0
2030-01-20 07:00:00;121.813725578958;0.0;0.0;0.0;0.0;0.0;0.0;0.0
2030-01-20 08:00:00;121.9432978829954;0.0;0.0;0.0;0.0;0.0;0.0;0.0
2030-01-20 09:00:00;121.999662976203;0.0;0.0;0.0;0.0;0.0;0.0;0.0
2030-01-20 10:00:00;122.0132329707867;0.0;0.0;0.0;0.0;0.0;0.0;0.0
2030-01-20 11:00:00;121.9070156281157;0.0;0.0;0.0;0.0;0.0;0.0;0.0
2030-01-20 12:00:00;121.9930224296403;0.0;0.0;0.0;0.0;0.0;0.0;0.0
2030-01-20 13:00:00;122.0457155434434;0.0;0.0;0.0;0.0;0.0;0.0;0.0
2030-01-20 14:00:00;122.0579771075096;0.0;0.0;0.0;0.0;0.0;0.0;0.0
2030-01-20 15:00:00;122.0634180849738;0.0;0.0;0.0;0.0;0.0;0.0;0.0
2030-01-20 16:00:00;122.0619903255931;0.0;0.0;0.0;0.0;0.0;0.0;0.0
2030-01-20 17:00:00;122.0636944254991;0.0;0.0;0.0;0.0;0.0;0.0;0.0
2030-01-20 18:00:00;121.9376496501372;0.0;0.0;0.0;0.0;0.0;0.0;0.0
2030-01-20 19:00:00;121.9559467424948;0.0;0.0;0.0;0.0;0.0;0.0;0.0
2030-01-20 20:00:00;121.9514897047797;0.0;0.0;0.0;0.0;0.0;0.0;0.0
2030-01-20 21:00:00;121.9335443185453;0.0;0.0;0.0;0.0;0.0;0.0;0.0
2030-01-20 22:00:00;121.9335359445899;0.0;0.0;0.0;0.0;0.0;0.0;0.0
2030-01-20 23:00:00;121.9057469738858;0.0;0.0;0.0;0.0;0.0;0.0;0.0
2030-01-21 00:00:00;121.7591211098548;0.0;0.0;0.0;0.0;0.0;0.0;0.0
2030-01-21 01:00:00;121.6515723082891;0.0;0.0;0.0;0.0;0.0;0.0;0.0
2030-01-21 02:00:00;121.6188950411713;0.0;0.0;0.0;0.0;0.0;0.0;0.0
2030-01-21 03:00:00;121.6251210769461;0.0;0.0;0.0;0.0;0.0;0.0;0.0
2030-01-21 04:00:00;121.6439771308207;0.0;0.0;0.0;0.0;0.0;0.0;0.0
2030-01-21 05:00:00;121.690178335768;0.0;0.0;0.0;0.0;0.0;0.0;0.0
2030-01-21 06:00:00;121.7627407520386;0.0;0.0;0.0;0.0;0.0;0.0;0.0
2030-01-21 07:00:00;122.0532793185793;0.0;0.0;0.0;0.0;0.0;0.0;0.0
2030-01-21 08:00:00;122.1606166777735;0.0;0.0;0.0;0.0;0.0;0.0;0.0
2030-01-21 09:00:00;122.3481451265277;0.0;0.0;0.0;0.0;0.0;0.0;0.0
2030-01-21 10:00:00;122.2644348822475;0.0;0.0;0.0;0.0;0.0;0.0;0.0
2030-01-21 11:00:00;122.1936791468355;0.0;0.0;0.0;0.0;0.0;0.0;0.0
2030-01-21 12:00:00;122.297761130902;0.0;0.0;0.0;0.0;0.0;0.0;0.0
2030-01-21 13:00:00;122.2266474089004;0.0;0.0;0.0;0.0;0.0;0.0;0.0
2030-01-21 14:00:00;122.2480931084554;0.0;0.0;0.0;0.0;0.0;0.0;0.0
2030-01-21 15:00:00;122.2908903005681;0.0;0.0;0.0;0.0;0.0;0.0;0.0
2030-01-21 16:00:00;122.3549426847526;0.0;0.0;0.0;0.0;0.0;0.0;0.0
2030-01-21 17:00:00;122.3678406694224;0.0;0.0;0.0;0.0;0.0;0.0;0.0
2030-01-21 18:00:00;122.3136737394843;0.0;0.0;0.0;0.0;0.0;0.0;0.0
2030-01-21 19:00:00;122.3010939651163;0.0;0.0;0.0;0.0;0.0;0.0;0.0
2030-01-21 20:00:00;122.3469623053399;0.0;0.0;0.0;0.0;0.0;0.0;0.0
2030-01-21 21:00:00;122.2808394607045;0.0;0.0;0.0;0.0;0.0;0.0;0.0
2030-01-21 22:00:00;122.1214747171546;0.0;0.0;0.0;0.0;0.0;0.0;0.0
2030-01-21 23:00:00;121.9963447964104;0.0;0.0;0.0;0.0;0.0;0.0;0.0
2030-01-22 00:00:00;121.8860849268123;0.0;0.0;0.0;0.0;0.0;0.0;0.0
2030-01-22 01:00:00;121.8347651416804;0.0;0.0;0.0;0.0;0.0;0.0;0.0
2030-01-22 02:00:00;121.8487684884515;0.0;0.0;0.0;0.0;0.0;0.0;0.0
2030-01-22 03:00:00;121.8447280550133;0.0;0.0;0.0;0.0;0.0;0.0;0.0
2030-01-22 04:00:00;121.8618590740936;0.0;0.0;0.0;0.0;0.0;0.0;0.0
2030-01-22 05:00:00;121.9618629419229;0.0;0.0;0.0;0.0;0.0;0.0;0.0
2030-01-22 06:00:00;122.0447546320713;0.0;0.0;0.0;0.0;0.0;0.0;0.0
2030-01-22 07:00:00;122.1044839618258;0.0;0.0;0.0;0.0;0.0;0.0;0.0
2030-01-22 08:00:00;122.1968549693878;0.0;0.0;0.0;0.0;0.0;0.0;0.0
2030-01-22 09:00:00;122.3221000320174;0.0;0.0;0.0;0.0;0.0;0.0;0.0
2030-01-22 10:00:00;122.3258348160867;0.0;0.0;0.0;0.0;0.0;0.0;0.0
2030-01-22 11:00:00;122.3372527041551;0.0;0.0;0.0;0.0;0.0;0.0;0.0
2030-01-22 12:00:00;122.3383978425441;0.0;0.0;0.0;0.0;0.0;0.0;0.0
2030-01-22 13:00:00;122.3538666314949;0.0;0.0;0.0;0.0;0.0;0.0;0.0
2030-01-22 14:00:00;122.4665570416224;0.0;0.0;0.0;0.0;0.0;0.0;0.0
2030-01-22 15:00:00;122.4781403153083;0.0;0.0;0.0;0.0;0.0;0.0;0.0
2030-01-22 16:00:00;122.4163614599912;0.0;0.0;0.0;0.0;0.0;0.0;0.0
2030-01-22 17:00:00;122.3571764373322;0.0;0.0;0.0;0.0;0.0;0.0;0.0
2030-01-22 18:00:00;122.4056532646355;0.0;0.0;0.0;0.0;0.0;0.0;0.0
2030-01-22 19:00:00;122.211283294391;0.0;0.0;0.0;0.0;0.0;0.0;0.0
2030-01-22 20:00:00;122.1657813147123;0.0;0.0;0.0;0.0;0.0;0.0;0.0
2030-01-22 21:00:00;122.0533421232442;0.0;0.0;0.0;0.0;0.0;0.0;0.0
2030-01-22 22:00:00;121.9606549988691;0.0;0.0;0.0;0.0;0.0;0.0;0.0
2030-01-22 23:00:00;122.0497580703705;0.0;0.0;0.0;0.0;0.0;0.0;0.0
2030-01-23 00:00:00;122.0402075743367;0.0;0.0;0.0;0.0;0.0;0.0;0.0
2030-01-23 01:00:00;122.0033747318952;0.0;0.0;0.0;0.0;0.0;0.0;0.0
2030-01-23 02:00:00;122.0122406570821;0.0;0.0;0.0;0.0;0.0;0.0;0.0
2030-01-23 03:00:00;122.0497580703705;0.0;0.0;0.0;0.0;0.0;0.0;0.0
2030-01-23 04:00:00;122.1288312368965;0.0;0.0;0.0;0.0;0.0;0.0;0.0
2030-01-23 05:00:00;122.1346930056152;0.0;0.0;0.0;0.0;0.0;0.0;0.0
2030-01-23 06:00:00;122.1975646621005;0.0;0.0;0.0;0.0;0.0;0.0;0.0
2030-01-23 07:00:00;122.3812620262994;0.0;0.0;0.0;0.0;0.0;0.0;0.0
2030-01-23 08:00:00;132.3124422555482;0.0;0.0;0.0;0.0;0.0;0.0;0.0
2030-01-23 09:00:00;132.3903681901965;0.0;0.0;0.0;0.0;0.0;0.0;0.0
2030-01-23 10:00:00;122.4718116985809;0.0;0.0;0.0;0.0;0.0;0.0;0.0
2030-01-23 11:00:00;122.4938749773403;0.0;0.0;0.0;0.0;0.0;0.0;0.0
2030-01-23 12:00:00;122.6402035659577;0.0;0.0;0.0;0.0;0.0;0.0;0.0
2030-01-23 13:00:00;122.6494442256448;0.0;0.0;0.0;0.0;0.0;0.0;0.0
2030-01-23 14:00:00;122.5956122539192;0.0;0.0;0.0;0.0;0.0;0.0;0.0
2030-01-23 15:00:00;122.6348463280466;0.0;0.0;0.0;0.0;0.0;0.0;0.0
2030-01-23 16:00:00;122.5974021868672;0.0;0.0;0.0;0.0;0.0;0.0;0.0
2030-01-23 17:00:00;122.5868510031736;0.0;0.0;0.0;0.0;0.0;0.0;0.0
2030-01-23 18:00:00;130.110251113543;0.0;0.0;0.0;0.0;0.0;0.0;0.0
2030-01-23 19:00:00;132.4537757798219;0.0;0.0;0.0;0.0;0.0;0.0;0.0
2030-01-23 20:00:00;132.3902551417997;0.0;0.0;0.0;0.0;0.0;0.0;0.0
2030-01-23 21:00:00;132.318059086074;0.0;0.0;0.0;0.0;0.0;0.0;0.0
2030-01-23 22:00:00;132.301826173701;0.0;0.0;0.0;0.0;0.0;0.0;0.0
2030-01-23 23:00:00;132.2065117208467;0.0;0.0;0.0;0.0;0.0;0.0;0.0
2030-01-24 00:00:00;132.0819596030191;0.0;0.0;0.0;0.0;0.0;0.0;0.0
2030-01-24 01:00:00;132.0175052689797;0.0;0.0;0.0;0.0;0.0;0.0;0.0
2030-01-24 02:00:00;132.0803643645322;0.0;0.0;0.0;0.0;0.0;0.0;0.0
2030-01-24 03:00:00;132.085991662502;0.0;0.0;0.0;0.0;0.0;0.0;0.0
2030-01-24 04:00:00;132.1396519681437;0.0;0.0;0.0;0.0;0.0;0.0;0.0
2030-01-24 05:00:00;132.177121231189;0.0;0.0;0.0;0.0;0.0;0.0;0.0
2030-01-24 06:00:00;132.2795430786148;0.0;0.0;0.0;0.0;0.0;0.0;0.0
2030-01-24 07:00:00;132.3096725698287;0.0;0.0;0.0;0.0;0.0;0.0;0.0
2030-01-24 08:00:00;132.3862042409174;0.0;0.0;0.0;0.0;0.0;0.0;0.0
2030-01-24 09:00:00;132.419053174119;0.0;0.0;0.0;0.0;0.0;0.0;0.0
2030-01-24 10:00:00;132.4415016548227;0.0;0.0;0.0;0.0;0.0;0.0;0.0
2030-01-24 11:00:00;132.4460654604679;0.0;0.0;0.0;0.0;0.0;0.0;0.0
2030-01-24 12:00:00;132.4740554060996;0.0;0.0;0.0;0.0;0.0;0.0;0.0
2030-01-24 13:00:00;132.3624284882967;0.0;0.0;0.0;0.0;0.0;0.0;0.0
2030-01-24 14:00:00;132.3250052820057;0.0;0.0;0.0;0.0;0.0;0.0;0.0
2030-01-24 15:00:00;132.3891895559862;0.0;0.0;0.0;0.0;0.0;0.0;0.0
2030-01-24 16:00:00;132.4289825916307;0.0;0.0;0.0;0.0;0.0;0.0;0.0
2030-01-24 17:00:00;132.4547932153923;0.0;0.0;0.0;0.0;0.0;0.0;0.0
2030-01-24 18:00:00;132.4341137327484;0.0;0.0;0.0;0.0;0.0;0.0;0.0
2030-01-24 19:00:00;132.4413551106047;0.0;0.0;0.0;0.0;0.0;0.0;0.0
2030-01-24 20:00:00;132.4106959667172;0.0;0.0;0.0;0.0;0.0;0.0;0.0
2030-01-24 21:00:00;132.3828253499488;0.0;0.0;0.0;0.0;0.0;0.0;0.0
2030-01-24 22:00:00;132.2899205027356;0.0;0.0;0.0;0.0;0.0;0.0;0.0
2030-01-24 23:00:00;132.1995320290937;0.0;0.0;0.0;0.0;0.0;0.0;0.0
2030-01-25 00:00:00;132.2905757647388;0.0;0.0;0.0;0.0;0.0;0.0;0.0
2030-01-25 01:00:00;132.245136589725;0.0;0.0;0.0;0.0;0.0;0.0;0.0
2030-01-25 02:00:00;132.0817921239129;0.0;0.0;0.0;0.0;0.0;0.0;0.0
2030-01-25 03:00:00;132.094662893228;0.0;0.0;0.0;0.0;0.0;0.0;0.0
2030-01-25 04:00:00;132.1112475117242;0.0;0.0;0.0;0.0;0.0;0.0;0.0
2030-01-25 05:00:00;132.1427168357881;0.0;0.0;0.0;0.0;0.0;0.0;0.0
2030-01-25 06:00:00;132.1977462831234;0.0;0.0;0.0;0.0;0.0;0.0;0.0
2030-01-25 07:00:00;132.2042612203565;0.0;0.0;0.0;0.0;0.0;0.0;0.0
2030-01-25 08:00:00;132.3036391350262;0.0;0.0;0.0;0.0;0.0;0.0;0.0
2030-01-25 09:00:00;129.3459225293832;0.0;0.0;0.0;0.0;0.0;0.0;0.0
2030-01-25 10:00:00;124.010318731837;0.0;0.0;0.0;0.0;0.0;0.0;0.0
2030-01-25 11:00:00;122.3704428760358;0.0;0.0;0.0;0.0;0.0;0.0;0.0
2030-01-25 12:00:00;122.3334237130886;0.0;0.0;0.0;0.0;0.0;0.0;0.0
2030-01-25 13:00:00;122.3287594199795;0.0;0.0;0.0;0.0;0.0;0.0;0.0
2030-01-25 14:00:00;122.2977464764801;0.0;0.0;0.0;0.0;0.0;0.0;0.0
2030-01-25 15:00:00;122.398085302522;0.0;0.0;0.0;0.0;0.0;0.0;0.0
2030-01-25 16:00:00;122.1880769707315;0.0;0.0;0.0;0.0;0.0;0.0;0.0
2030-01-25 17:00:00;122.2132679218001;0.0;0.0;0.0;0.0;0.0;0.0;0.0
2030-01-25 18:00:00;122.0582408871019;0.0;0.0;0.0;0.0;0.0;0.0;0.0
2030-01-25 19:00:00;122.1738935839212;0.0;0.0;0.0;0.0;0.0;0.0;0.0
2030-01-25 20:00:00;122.1071217577491;0.0;0.0;0.0;0.0;0.0;0.0;0.0
2030-01-25 21:00:00;121.8646099184138;0.0;0.0;0.0;0.0;0.0;0.0;0.0
2030-01-25 22:00:00;121.642025999233;0.0;0.0;0.0;0.0;0.0;0.0;0.0
2030-01-25 23:00:00;121.412491697143;0.0;0.0;0.0;0.0;0.0;0.0;0.0
2030-01-26 00:00:00;121.333516924592;0.0;0.0;0.0;0.0;0.0;0.0;0.0
2030-01-26 01:00:00;121.2616809489447;0.0;0.0;0.0;0.0;0.0;0.0;0.0
2030-01-26 02:00:00;121.2027869212327;0.0;0.0;0.0;0.0;0.0;0.0;0.0
2030-01-26 03:00:00;121.153437109088;0.0;0.0;0.0;0.0;0.0;0.0;0.0
2030-01-26 04:00:00;121.1433339320036;0.0;0.0;0.0;0.0;0.0;0.0;0.0
2030-01-26 05:00:00;121.1265985823118;0.0;0.0;0.0;0.0;0.0;0.0;0.0
2030-01-26 06:00:00;121.0995653610746;0.0;0.0;0.0;0.0;0.0;0.0;0.0
2030-01-26 07:00:00;121.1150174021148;0.0;0.0;0.0;0.0;0.0;0.0;0.0
2030-01-26 08:00:00;121.2495931444512;0.0;0.0;0.0;0.0;0.0;0.0;0.0
2030-01-26 09:00:00;123.8258216549058;0.0;0.0;0.0;0.0;0.0;0.0;0.0
2030-01-26 10:00:00;121.5440214132346;0.0;0.0;0.0;0.0;0.0;0.0;0.0
2030-01-26 11:00:00;121.5781117853112;0.0;0.0;0.0;0.0;0.0;0.0;0.0
2030-01-26 12:00:00;121.5167474407822;0.0;0.0;0.0;0.0;0.0;0.0;0.0
2030-01-26 13:00:00;121.5212777506061;0.0;0.0;0.0;0.0;0.0;0.0;0.0
2030-01-26 14:00:00;121.5212254133855;0.0;0.0;0.0;0.0;0.0;0.0;0.0
2030-01-26 15:00:00;121.4781351328367;0.0;0.0;0.0;0.0;0.0;0.0;0.0
2030-01-26 16:00:00;121.4963568595965;0.0;0.0;0.0;0.0;0.0;0.0;0.0
2030-01-26 17:00:00;121.4359743613278;0.0;0.0;0.0;0.0;0.0;0.0;0.0
2030-01-26 18:00:00;121.476841356741;0.0;0.0;0.0;0.0;0.0;0.0;0.0
2030-01-26 19:00:00;121.4077939082127;0.0;0.0;0.0;0.0;0.0;0.0;0.0
2030-01-26 20:00:00;121.3753678597543;0.0;0.0;0.0;0.0;0.0;0.0;0.0
2030-01-26 21:00:00;121.264551122128;0.0;0.0;0.0;0.0;0.0;0.0;0.0
2030-01-26 22:00:00;121.1460135977036;0.0;0.0;0.0;0.0;0.0;0.0;0.0
2030-01-26 23:00:00;121.3129002466128;0.0;0.0;0.0;0.0;0.0;0.0;0.0
2030-01-27 00:00:00;120.993098893233;0.0;0.0;0.0;0.0;0.0;0.0;0.0
2030-01-27 01:00:00;121.0448520305524;0.0;0.0;0.0;0.0;0.0;0.0;0.0
2030-01-27 02:00:00;121.0337104830092;0.0;0.0;0.0;0.0;0.0;0.0;0.0
2030-01-27 03:00:00;120.9907897750557;0.0;0.0;0.0;0.0;0.0;0.0;0.0
2030-01-27 04:00:00;120.9583323242648;0.0;0.0;0.0;0.0;0.0;0.0;0.0
2030-01-27 05:00:00;120.9574760873342;0.0;0.0;0.0;0.0;0.0;0.0;0.0
2030-01-27 06:00:00;121.651804685549;0.0;0.0;0.0;0.0;0.0;0.0;0.0
2030-01-27 07:00:00;124.5320266152424;0.0;0.0;0.0;0.0;0.0;0.0;0.0
2030-01-27 08:00:00;120.9452605800222;0.0;0.0;0.0;0.0;0.0;0.0;0.0
2030-01-27 09:00:00;120.9923263958554;0.0;0.0;0.0;0.0;0.0;0.0;0.0
2030-01-27 10:00:00;121.1442760019763;0.0;0.0;0.0;0.0;0.0;0.0;0.0
2030-01-27 11:00:00;121.2517410639889;0.0;0.0;0.0;0.0;0.0;0.0;0.0
2030-01-27 12:00:00;121.2516531374581;0.0;0.0;0.0;0.0;0.0;0.0;0.0
2030-01-27 13:00:00;121.2343776676487;0.0;0.0;0.0;0.0;0.0;0.0;0.0
2030-01-27 14:00:00;121.1913187894324;0.0;0.0;0.0;0.0;0.0;0.0;0.0
2030-01-27 15:00:00;130.7131717090568;0.0;0.0;0.0;0.0;0.0;0.0;0.0
2030-01-27 16:00:00;130.7804313181258;0.0;0.0;0.0;0.0;0.0;0.0;0.0
2030-01-27 17:00:00;130.9839937978145;0.0;0.0;0.0;0.0;0.0;0.0;0.0
2030-01-27 18:00:00;131.0806271486306;0.0;0.0;0.0;0.0;0.0;0.0;0.0
2030-01-27 19:00:00;131.0617145705575;0.0;0.0;0.0;0.0;0.0;0.0;0.0
2030-01-27 20:00:00;131.0456512307796;0.0;0.0;0.0;0.0;0.0;0.0;0.0
2030-01-27 21:00:00;130.9909986114333;0.0;0.0;0.0;0.0;0.0;0.0;0.0
2030-01-27 22:00:00;130.7936851958965;0.0;0.0;0.0;0.0;0.0;0.0;0.0
2030-01-27 23:00:00;130.7175743160622;0.0;0.0;0.0;0.0;0.0;0.0;0.0
2030-01-28 00:00:00;130.7483088255475;0.0;0.0;0.0;0.0;0.0;0.0;0.0
2030-01-28 01:00:00;130.8010124067949;0.0;0.0;0.0;0.0;0.0;0.0;0.0
2030-01-28 02:00:00;130.5808045974339;0.0;0.0;0.0;0.0;0.0;0.0;0.0
2030-01-28 03:00:00;130.4461765178769;0.0;0.0;0.0;0.0;0.0;0.0;0.0
2030-01-28 04:00:00;130.4006912861088;0.0;0.0;0.0;0.0;0.0;0.0;0.0
2030-01-28 05:00:00;130.5300647087074;0.0;0.0;0.0;0.0;0.0;0.0;0.0
2030-01-28 06:00:00;130.9563388103954;0.0;0.0;0.0;0.0;0.0;0.0;0.0
2030-01-28 07:00:00;131.6395237675783;0.0;0.0;0.0;0.0;0.0;0.0;0.0
2030-01-28 08:00:00;131.9744317363416;0.0;0.0;0.0;0.0;0.0;0.0;0.0
2030-01-28 09:00:00;132.0268254812424;0.0;0.0;0.0;0.0;0.0;0.0;0.0
2030-01-28 10:00:00;132.0719234175772;0.0;0.0;0.0;0.0;0.0;0.0;0.0
2030-01-28 11:00:00;131.9729642006732;0.0;0.0;0.0;0.0;0.0;0.0;0.0
2030-01-28 12:00:00;131.9255718005828;0.0;0.0;0.0;0.0;0.0;0.0;0.0
2030-01-28 13:00:00;131.887572884864;0.0;0.0;0.0;0.0;0.0;0.0;0.0
2030-01-28 14:00:00;131.8762554842593;0.0;0.0;0.0;0.0;0.0;0.0;0.0
2030-01-28 15:00:00;131.850051284598;0.0;0.0;0.0;0.0;0.0;0.0;0.0
2030-01-28 16:00:00;131.8725583829889;0.0;0.0;0.0;0.0;0.0;0.0;0.0
2030-01-28 17:00:00;131.9309667212928;0.0;0.0;0.0;0.0;0.0;0.0;0.0
2030-01-28 18:00:00;131.9922829155788;0.0;0.0;0.0;0.0;0.0;0.0;0.0
2030-01-28 19:00:00;132.0788235567547;0.0;0.0;0.0;0.0;0.0;0.0;0.0
2030-01-28 20:00:00;132.0918638986649;0.0;0.0;0.0;0.0;0.0;0.0;0.0
2030-01-28 21:00:00;131.795808989062;0.0;0.0;0.0;0.0;0.0;0.0;0.0
2030-01-28 22:00:00;131.6405432966376;0.0;0.0;0.0;0.0;0.0;0.0;0.0
2030-01-28 23:00:00;131.389923375071;0.0;0.0;0.0;0.0;0.0;0.0;0.0
2030-01-29 00:00:00;131.1993844893819;0.0;0.0;0.0;0.0;0.0;0.0;0.0
2030-01-29 01:00:00;131.2117360734677;0.0;0.0;0.0;0.0;0.0;0.0;0.0
2030-01-29 02:00:00;131.3031377957023;0.0;0.0;0.0;0.0;0.0;0.0;0.0
2030-01-29 03:00:00;131.2484181847136;0.0;0.0;0.0;0.0;0.0;0.0;0.0
2030-01-29 04:00:00;131.2516149421541;0.0;0.0;0.0;0.0;0.0;0.0;0.0
2030-01-29 05:00:00;131.2689343752289;0.0;0.0;0.0;0.0;0.0;0.0;0.0
2030-01-29 06:00:00;131.6001222143447;0.0;0.0;0.0;0.0;0.0;0.0;0.0
2030-01-29 07:00:00;132.0438936956579;0.0;0.0;0.0;0.0;0.0;0.0;0.0
2030-01-29 08:00:00;132.1323729074885;0.0;0.0;0.0;0.0;0.0;0.0;0.0
2030-01-29 09:00:00;132.1873730459802;0.0;0.0;0.0;0.0;0.0;0.0;0.0
2030-01-29 10:00:00;132.1926256094499;0.0;0.0;0.0;0.0;0.0;0.0;0.0
2030-01-29 11:00:00;132.1468033259806;0.0;0.0;0.0;0.0;0.0;0.0;0.0
2030-01-29 12:00:00;132.0678767036726;0.0;0.0;0.0;0.0;0.0;0.0;0.0
2030-01-29 13:00:00;132.0022709507776;0.0;0.0;0.0;0.0;0.0;0.0;0.0
2030-01-29 14:00:00;132.0205052384704;0.0;0.0;0.0;0.0;0.0;0.0;0.0
2030-01-29 15:00:00;132.0940390335572;0.0;0.0;0.0;0.0;0.0;0.0;0.0
2030-01-29 16:00:00;132.2146553923879;0.0;0.0;0.0;0.0;0.0;0.0;0.0
2030-01-29 17:00:00;132.2592257695381;0.0;0.0;0.0;0.0;0.0;0.0;0.0
2030-01-29 18:00:00;132.2243880219497;0.0;0.0;0.0;0.0;0.0;0.0;0.0
2030-01-29 19:00:00;132.2161459564336;0.0;0.0;0.0;0.0;0.0;0.0;0.0
2030-01-29 20:00:00;132.2006018018849;0.0;0.0;0.0;0.0;0.0;0.0;0.0
2030-01-29 21:00:00;132.1418522249021;0.0;0.0;0.0;0.0;0.0;0.0;0.0
2030-01-29 22:00:00;132.0468036451289;0.0;0.0;0.0;0.0;0.0;0.0;0.0
2030-01-29 23:00:00;131.9364851578436;0.0;0.0;0.0;0.0;0.0;0.0;0.0
2030-01-30 00:00:00;131.738401338418;0.0;0.0;0.0;0.0;0.0;0.0;0.0
2030-01-30 01:00:00;131.7954154131624;0.0;0.0;0.0;0.0;0.0;0.0;0.0
2030-01-30 02:00:00;131.835779971257;0.0;0.0;0.0;0.0;0.0;0.0;0.0
2030-01-30 03:00:00;131.7486824620529;0.0;0.0;0.0;0.0;0.0;0.0;0.0
2030-01-30 04:00:00;131.6631822848246;0.0;0.0;0.0;0.0;0.0;0.0;0.0
2030-01-30 05:00:00;131.6633748857968;0.0;0.0;0.0;0.0;0.0;0.0;0.0
2030-01-30 06:00:00;131.8463185940176;0.0;0.0;0.0;0.0;0.0;0.0;0.0
2030-01-30 07:00:00;132.135362409535;0.0;0.0;0.0;0.0;0.0;0.0;0.0
2030-01-30 08:00:00;132.2116491424308;0.0;0.0;0.0;0.0;0.0;0.0;0.0
2030-01-30 09:00:00;132.2214613245681;0.0;0.0;0.0;0.0;0.0;0.0;0.0
2030-01-30 10:00:00;132.2511867724382;0.0;0.0;0.0;0.0;0.0;0.0;0.0
2030-01-30 11:00:00;131.2184457051617;0.0;0.0;0.0;0.0;0.0;0.0;0.0
2030-01-30 12:00:00;125.6807909268609;0.0;0.0;0.0;0.0;0.0;0.0;0.0
2030-01-30 13:00:00;122.2672275963441;0.0;0.0;0.0;0.0;0.0;0.0;0.0
2030-01-30 14:00:00;122.2747055384381;0.0;0.0;0.0;0.0;0.0;0.0;0.0
2030-01-30 15:00:00;122.2624544418162;0.0;0.0;0.0;0.0;0.0;0.0;0.0
2030-01-30 16:00:00;122.3014163623958;0.0;0.0;0.0;0.0;0.0;0.0;0.0
2030-01-30 17:00:00;122.3481597809495;0.0;0.0;0.0;0.0;0.0;0.0;0.0
2030-01-30 18:00:00;123.0973001036616;0.0;0.0;0.0;0.0;0.0;0.0;0.0
2030-01-30 19:00:00;122.4118562720331;0.0;0.0;0.0;0.0;0.0;0.0;0.0
2030-01-30 20:00:00;124.2909006655112;0.0;0.0;0.0;0.0;0.0;0.0;0.0
2030-01-30 21:00:00;122.9555583490666;0.0;0.0;0.0;0.0;0.0;0.0;0.0
2030-01-30 22:00:00;122.285131112802;0.0;0.0;0.0;0.0;0.0;0.0;0.0
2030-01-30 23:00:00;122.1959066189487;0.0;0.0;0.0;0.0;0.0;0.0;0.0
2030-01-31 00:00:00;122.1027903293638;0.0;0.0;0.0;0.0;0.0;0.0;0.0
2030-01-31 01:00:00;122.0209223552523;0.0;0.0;0.0;0.0;0.0;0.0;0.0
2030-01-31 02:00:00;122.042372241785;0.0;0.0;0.0;0.0;0.0;0.0;0.0
2030-01-31 03:00:00;122.0065798632911;0.0;0.0;0.0;0.0;0.0;0.0;0.0
2030-01-31 04:00:00;121.9981535707579;0.0;0.0;0.0;0.0;0.0;0.0;0.0
2030-01-31 05:00:00;122.0325244703376;0.0;0.0;0.0;0.0;0.0;0.0;0.0
2030-01-31 06:00:00;122.063562535703;0.0;0.0;0.0;0.0;0.0;0.0;0.0
2030-01-31 07:00:00;122.2663839203465;0.0;0.0;0.0;0.0;0.0;0.0;0.0
2030-01-31 08:00:00;122.3932242214631;0.0;0.0;0.0;0.0;0.0;0.0;0.0
2030-01-31 09:00:00;122.5970065174787;0.0;0.0;0.0;0.0;0.0;0.0;0.0
2030-01-31 10:00:00;122.5628449667819;0.0;0.0;0.0;0.0;0.0;0.0;0.0
2030-01-31 11:00:00;122.4825512962691;0.0;0.0;0.0;0.0;0.0;0.0;0.0
2030-01-31 12:00:00;122.509343766291;0.0;0.0;0.0;0.0;0.0;0.0;0.0
2030-01-31 13:00:00;122.4838387918984;0.0;0.0;0.0;0.0;0.0;0.0;0.0
2030-01-31 14:00:00;122.4881325374848;0.0;0.0;0.0;0.0;0.0;0.0;0.0
2030-01-31 15:00:00;122.5085461470476;0.0;0.0;0.0;0.0;0.0;0.0;0.0
2030-01-31 16:00:00;122.4380918740268;0.0;0.0;0.0;0.0;0.0;0.0;0.0
2030-01-31 17:00:00;122.2283536022953;0.0;0.0;0.0;0.0;0.0;0.0;0.0
2030-01-31 18:00:00;122.2640622412361;0.0;0.0;0.0;0.0;0.0;0.0;0.0
2030-01-31 19:00:00;122.4649743640684;0.0;0.0;0.0;0.0;0.0;0.0;0.0
2030-01-31 20:00:00;122.3746424146249;0.0;0.0;0.0;0.0;0.0;0.0;0.0
2030-01-31 21:00:00;122.3564876795077;0.0;0.0;0.0;0.0;0.0;0.0;0.0
2030-01-31 22:00:00;122.2749986268741;0.0;0.0;0.0;0.0;0.0;0.0;0.0
2030-01-31 23:00:00;122.1334871560502;0.0;0.0;0.0;0.0;0.0;0.0;0.0
2030-02-01 00:00:00;121.8074932627168;0.0;0.0;0.0;0.0;0.0;0.0;0.0
2030-02-01 01:00:00;121.6804750150498;0.0;0.0;0.0;0.0;0.0;0.0;0.0
2030-02-01 02:00:00;121.5393340917485;0.0;0.0;0.0;0.0;0.0;0.0;0.0
2030-02-01 03:00:00;121.5583534377517;0.0;0.0;0.0;0.0;0.0;0.0;0.0
2030-02-01 04:00:00;121.5270997430371;0.0;0.0;0.0;0.0;0.0;0.0;0.0
2030-02-01 05:00:00;121.534552563265;0.0;0.0;0.0;0.0;0.0;0.0;0.0
2030-02-01 06:00:00;121.6947191130361;0.0;0.0;0.0;0.0;0.0;0.0;0.0
2030-02-01 07:00:00;122.028622207162;0.0;0.0;0.0;0.0;0.0;0.0;0.0
2030-02-01 08:00:00;122.3423775648063;0.0;0.0;0.0;0.0;0.0;0.0;0.0
2030-02-01 09:00:00;122.2023796864051;0.0;0.0;0.0;0.0;0.0;0.0;0.0
2030-02-01 10:00:00;122.2333005163961;0.0;0.0;0.0;0.0;0.0;0.0;0.0
2030-02-01 11:00:00;122.2624502548385;0.0;0.0;0.0;0.0;0.0;0.0;0.0
2030-02-01 12:00:00;122.2657600606757;0.0;0.0;0.0;0.0;0.0;0.0;0.0
2030-02-01 13:00:00;122.2494287543277;0.0;0.0;0.0;0.0;0.0;0.0;0.0
2030-02-01 14:00:00;122.2929126107761;0.0;0.0;0.0;0.0;0.0;0.0;0.0
2030-02-01 15:00:00;122.2813586459338;0.0;0.0;0.0;0.0;0.0;0.0;0.0
2030-02-01 16:00:00;122.2484343471344;0.0;0.0;0.0;0.0;0.0;0.0;0.0
2030-02-01 17:00:00;122.2596198579429;0.0;0.0;0.0;0.0;0.0;0.0;0.0
2030-02-01 18:00:00;122.2606352000246;0.0;0.0;0.0;0.0;0.0;0.0;0.0
2030-02-01 19:00:00;122.3035873103105;0.0;0.0;0.0;0.0;0.0;0.0;0.0
2030-02-01 20:00:00;122.306735917508;0.0;0.0;0.0;0.0;0.0;0.0;0.0
2030-02-01 21:00:00;122.2663964812795;0.0;0.0;0.0;0.0;0.0;0.0;0.0
2030-02-01 22:00:00;122.2260361101626;0.0;0.0;0.0;0.0;0.0;0.0;0.0
2030-02-01 23:00:00;122.1647931879855;0.0;0.0;0.0;0.0;0.0;0.0;0.0
2030-02-02 00:00:00;121.9115019746742;0.0;0.0;0.0;0.0;0.0;0.0;0.0
2030-02-02 01:00:00;121.8156076254145;0.0;0.0;0.0;0.0;0.0;0.0;0.0
2030-02-02 02:00:00;121.785302281139;0.0;0.0;0.0;0.0;0.0;0.0;0.0
2030-02-02 03:00:00;121.5482565411338;0.0;0.0;0.0;0.0;0.0;0.0;0.0
2030-02-02 04:00:00;121.5540052614557;0.0;0.0;0.0;0.0;0.0;0.0;0.0
2030-02-02 05:00:00;121.5767824199054;0.0;0.0;0.0;0.0;0.0;0.0;0.0
2030-02-02 06:00:00;121.5573715914913;0.0;0.0;0.0;0.0;0.0;0.0;0.0
2030-02-02 07:00:00;131.5972017974296;0.0;0.0;0.0;0.0;0.0;0.0;0.0
2030-02-02 08:00:00;131.7171461463464;0.0;0.0;0.0;0.0;0.0;0.0;0.0
2030-02-02 09:00:00;131.8983836611723;0.0;0.0;0.0;0.0;0.0;0.0;0.0
2030-02-02 10:00:00;122.041312936438;0.0;0.0;0.0;0.0;0.0;0.0;0.0
2030-02-02 11:00:00;122.0553393115862;0.0;0.0;0.0;0.0;0.0;0.0;0.0
2030-02-02 12:00:00;122.1193707608823;0.0;0.0;0.0;0.0;0.0;0.0;0.0
2030-02-02 13:00:00;122.1118174531905;0.0;0.0;0.0;0.0;0.0;0.0;0.0
2030-02-02 14:00:00;121.9146505818717;0.0;0.0;0.0;0.0;0.0;0.0;0.0
2030-02-02 15:00:00;121.8340135791912;0.0;0.0;0.0;0.0;0.0;0.0;0.0
2030-02-02 16:00:00;131.8293571475323;0.0;0.0;0.0;0.0;0.0;0.0;0.0
2030-02-02 17:00:00;131.8057216586631;0.0;0.0;0.0;0.0;0.0;0.0;0.0
2030-02-02 18:00:00;131.8113573305884;0.0;0.0;0.0;0.0;0.0;0.0;0.0
2030-02-02 19:00:00;131.8071159222226;0.0;0.0;0.0;0.0;0.0;0.0;0.0
2030-02-02 20:00:00;131.829227351225;0.0;0.0;0.0;0.0;0.0;0.0;0.0
2030-02-02 21:00:00;131.8090314645003;0.0;0.0;0.0;0.0;0.0;0.0;0.0
2030-02-02 22:00:00;131.8036470112345;0.0;0.0;0.0;0.0;0.0;0.0;0.0
2030-02-02 23:00:00;131.7645050506156;0.0;0.0;0.0;0.0;0.0;0.0;0.0
2030-02-03 00:00:00;131.6129511138833;0.0;0.0;0.0;0.0;0.0;0.0;0.0
2030-02-03 01:00:00;131.4494852257191;0.0;0.0;0.0;0.0;0.0;0.0;0.0
2030-02-03 02:00:00;131.1717713717393;0.0;0.0;0.0;0.0;0.0;0.0;0.0
2030-02-03 03:00:00;130.9688515931209;0.0;0.0;0.0;0.0;0.0;0.0;0.0
2030-02-03 04:00:00;130.8787017772054;0.0;0.0;0.0;0.0;0.0;0.0;0.0
2030-02-03 05:00:00;130.7975895525609;0.0;0.0;0.0;0.0;0.0;0.0;0.0
2030-02-03 06:00:00;130.7225526324955;0.0;0.0;0.0;0.0;0.0;0.0;0.0
2030-02-03 07:00:00;130.6926638924968;0.0;0.0;0.0;0.0;0.0;0.0;0.0
2030-02-03 08:00:00;130.8728065126656;0.0;0.0;0.0;0.0;0.0;0.0;0.0
2030-02-03 09:00:00;131.110641497959;0.0;0.0;0.0;0.0;0.0;0.0;0.0
2030-02-03 10:00:00;131.3022962131934;0.0;0.0;0.0;0.0;0.0;0.0;0.0
2030-02-03 11:00:00;131.3030728975487;0.0;0.0;0.0;0.0;0.0;0.0;0.0
2030-02-03 12:00:00;131.3092507830803;0.0;0.0;0.0;0.0;0.0;0.0;0.0
2030-02-03 13:00:00;131.2805657991578;0.0;0.0;0.0;0.0;0.0;0.0;0.0
2030-02-03 14:00:00;131.4088820098983;0.0;0.0;0.0;0.0;0.0;0.0;0.0
2030-02-03 15:00:00;131.4301895391906;0.0;0.0;0.0;0.0;0.0;0.0;0.0
2030-02-03 16:00:00;131.3745383256733;0.0;0.0;0.0;0.0;0.0;0.0;0.0
2030-02-03 17:00:00;131.4080153055235;0.0;0.0;0.0;0.0;0.0;0.0;0.0
2030-02-03 18:00:00;131.4915182944096;0.0;0.0;0.0;0.0;0.0;0.0;0.0
2030-02-03 19:00:00;131.539739716076;0.0;0.0;0.0;0.0;0.0;0.0;0.0
2030-02-03 20:00:00;131.5107448958069;0.0;0.0;0.0;0.0;0.0;0.0;0.0
2030-02-03 21:00:00;131.3985213336879;0.0;0.0;0.0;0.0;0.0;0.0;0.0
2030-02-03 22:00:00;131.2906815371751;0.0;0.0;0.0;0.0;0.0;0.0;0.0
2030-02-03 23:00:00;131.1560011203972;0.0;0.0;0.0;0.0;0.0;0.0;0.0
2030-02-04 00:00:00;131.072315997983;0.0;0.0;0.0;0.0;0.0;0.0;0.0
2030-02-04 01:00:00;131.1616556337219;0.0;0.0;0.0;0.0;0.0;0.0;0.0
2030-02-04 02:00:00;131.1694329447184;0.0;0.0;0.0;0.0;0.0;0.0;0.0
2030-02-04 03:00:00;131.1481986875349;0.0;0.0;0.0;0.0;0.0;0.0;0.0
2030-02-04 04:00:00;131.142621633297;0.0;0.0;0.0;0.0;0.0;0.0;0.0
2030-02-04 05:00:00;131.2084409220523;0.0;0.0;0.0;0.0;0.0;0.0;0.0
2030-02-04 06:00:00;131.4445383116184;0.0;0.0;0.0;0.0;0.0;0.0;0.0
2030-02-04 07:00:00;131.6985266567094;0.0;0.0;0.0;0.0;0.0;0.0;0.0
2030-02-04 08:00:00;131.7498778441737;0.0;0.0;0.0;0.0;0.0;0.0;0.0
2030-02-04 09:00:00;131.8169113564493;0.0;0.0;0.0;0.0;0.0;0.0;0.0
2030-02-04 10:00:00;131.8360060680504;0.0;0.0;0.0;0.0;0.0;0.0;0.0
2030-02-04 11:00:00;121.9468735619137;0.0;0.0;0.0;0.0;0.0;0.0;0.0
2030-02-04 12:00:00;121.8281413430283;0.0;0.0;0.0;0.0;0.0;0.0;0.0
2030-02-04 13:00:00;121.8429590569536;0.0;0.0;0.0;0.0;0.0;0.0;0.0
2030-02-04 14:00:00;124.4773551544967;0.0;0.0;0.0;0.0;0.0;0.0;0.0
2030-02-04 15:00:00;131.8646826780176;0.0;0.0;0.0;0.0;0.0;0.0;0.0
2030-02-04 16:00:00;131.8318463057489;0.0;0.0;0.0;0.0;0.0;0.0;0.0
2030-02-04 17:00:00;131.803787274986;0.0;0.0;0.0;0.0;0.0;0.0;0.0
2030-02-04 18:00:00;131.8260452482063;0.0;0.0;0.0;0.0;0.0;0.0;0.0
2030-02-04 19:00:00;131.8548851503021;0.0;0.0;0.0;0.0;0.0;0.0;0.0
2030-02-04 20:00:00;131.8093308334028;0.0;0.0;0.0;0.0;0.0;0.0;0.0
2030-02-04 21:00:00;131.6894157933295;0.0;0.0;0.0;0.0;0.0;0.0;0.0
2030-02-04 22:00:00;131.4060557999803;0.0;0.0;0.0;0.0;0.0;0.0;0.0
2030-02-04 23:00:00;131.2765002438537;0.0;0.0;0.0;0.0;0.0;0.0;0.0
2030-02-05 00:00:00;131.1609396605428;0.0;0.0;0.0;0.0;0.0;0.0;0.0
2030-02-05 01:00:00;131.1641406049609;0.0;0.0;0.0;0.0;0.0;0.0;0.0
2030-02-05 02:00:00;131.2775407078012;0.0;0.0;0.0;0.0;0.0;0.0;0.0
2030-02-05 03:00:00;131.3808334465794;0.0;0.0;0.0;0.0;0.0;0.0;0.0
2030-02-05 04:00:00;131.4472430991843;0.0;0.0;0.0;0.0;0.0;0.0;0.0
2030-02-05 05:00:00;131.4808226599869;0.0;0.0;0.0;0.0;0.0;0.0;0.0
2030-02-05 06:00:00;131.7534932993798;0.0;0.0;0.0;0.0;0.0;0.0;0.0
2030-02-05 07:00:00;122.1522845922376;0.0;0.0;0.0;0.0;0.0;0.0;0.0
2030-02-05 08:00:00;132.0646129545895;0.0;0.0;0.0;0.0;0.0;0.0;0.0
2030-02-05 09:00:00;132.0754551332303;0.0;0.0;0.0;0.0;0.0;0.0;0.0
2030-02-05 10:00:00;122.2050216693062;0.0;0.0;0.0;0.0;0.0;0.0;0.0
2030-02-05 11:00:00;122.203428524308;0.0;0.0;0.0;0.0;0.0;0.0;0.0
2030-02-05 12:00:00;122.2486646309054;0.0;0.0;0.0;0.0;0.0;0.0;0.0
2030-02-05 13:00:00;122.2293375420445;0.0;0.0;0.0;0.0;0.0;0.0;0.0
2030-02-05 14:00:00;122.2188721913928;0.0;0.0;0.0;0.0;0.0;0.0;0.0
2030-02-05 15:00:00;122.3928536739405;0.0;0.0;0.0;0.0;0.0;0.0;0.0
2030-02-05 16:00:00;132.2689542121222;0.0;0.0;0.0;0.0;0.0;0.0;0.0
2030-02-05 17:00:00;132.1106320260087;0.0;0.0;0.0;0.0;0.0;0.0;0.0
2030-02-05 18:00:00;132.1200338843357;0.0;0.0;0.0;0.0;0.0;0.0;0.0
2030-02-05 19:00:00;132.2884739019553;0.0;0.0;0.0;0.0;0.0;0.0;0.0
2030-02-05 20:00:00;132.2381234021509;0.0;0.0;0.0;0.0;0.0;0.0;0.0
2030-02-05 21:00:00;132.2926964689217;0.0;0.0;0.0;0.0;0.0;0.0;0.0
2030-02-05 22:00:00;132.2648363195974;0.0;0.0;0.0;0.0;0.0;0.0;0.0
2030-02-05 23:00:00;132.1516288177293;0.0;0.0;0.0;0.0;0.0;0.0;0.0
2030-02-06 00:00:00;131.9995598827453;0.0;0.0;0.0;0.0;0.0;0.0;0.0
2030-02-06 01:00:00;131.7526559038486;0.0;0.0;0.0;0.0;0.0;0.0;0.0
2030-02-06 02:00:00;131.7199807302197;0.0;0.0;0.0;0.0;0.0;0.0;0.0
2030-02-06 03:00:00;131.6580699851064;0.0;0.0;0.0;0.0;0.0;0.0;0.0
2030-02-06 04:00:00;131.680166759687;0.0;0.0;0.0;0.0;0.0;0.0;0.0
2030-02-06 05:00:00;131.6985120022875;0.0;0.0;0.0;0.0;0.0;0.0;0.0
2030-02-06 06:00:00;131.8234032653052;0.0;0.0;0.0;0.0;0.0;0.0;0.0
2030-02-06 07:00:00;132.166586795406;0.0;0.0;0.0;0.0;0.0;0.0;0.0
2030-02-06 08:00:00;132.2618363501067;0.0;0.0;0.0;0.0;0.0;0.0;0.0
2030-02-06 09:00:00;132.3195643045415;0.0;0.0;0.0;0.0;0.0;0.0;0.0
2030-02-06 10:00:00;132.3431830455;0.0;0.0;0.0;0.0;0.0;0.0;0.0
2030-02-06 11:00:00;132.4204934944327;0.0;0.0;0.0;0.0;0.0;0.0;0.0
2030-02-06 12:00:00;132.339310091168;0.0;0.0;0.0;0.0;0.0;0.0;0.0
2030-02-06 13:00:00;132.3516721426979;0.0;0.0;0.0;0.0;0.0;0.0;0.0
2030-02-06 14:00:00;132.3544292674846;0.0;0.0;0.0;0.0;0.0;0.0;0.0
2030-02-06 15:00:00;132.3570482220084;0.0;0.0;0.0;0.0;0.0;0.0;0.0
2030-02-06 16:00:00;132.3242767478935;0.0;0.0;0.0;0.0;0.0;0.0;0.0
2030-02-06 17:00:00;132.2802485843498;0.0;0.0;0.0;0.0;0.0;0.0;0.0
2030-02-06 18:00:00;132.318425446619;0.0;0.0;0.0;0.0;0.0;0.0;0.0
2030-02-06 19:00:00;132.2933328895254;0.0;0.0;0.0;0.0;0.0;0.0;0.0
2030-02-06 20:00:00;132.3493609310318;0.0;0.0;0.0;0.0;0.0;0.0;0.0
2030-02-06 21:00:00;132.3098840122003;0.0;0.0;0.0;0.0;0.0;0.0;0.0
2030-02-06 22:00:00;132.2004636316223;0.0;0.0;0.0;0.0;0.0;0.0;0.0
2030-02-06 23:00:00;131.9490670257005;0.0;0.0;0.0;0.0;0.0;0.0;0.0
2030-02-07 00:00:00;131.820227442753;0.0;0.0;0.0;0.0;0.0;0.0;0.0
2030-02-07 01:00:00;131.6120969704414;0.0;0.0;0.0;0.0;0.0;0.0;0.0
2030-02-07 02:00:00;131.3142458474242;0.0;0.0;0.0;0.0;0.0;0.0;0.0
2030-02-07 03:00:00;131.2296437769031;0.0;0.0;0.0;0.0;0.0;0.0;0.0
2030-02-07 04:00:00;131.1319867100502;0.0;0.0;0.0;0.0;0.0;0.0;0.0
2030-02-07 05:00:00;131.060016751118;0.0;0.0;0.0;0.0;0.0;0.0;0.0
2030-02-07 06:00:00;131.2289089623246;0.0;0.0;0.0;0.0;0.0;0.0;0.0
2030-02-07 07:00:00;131.4031458505092;0.0;0.0;0.0;0.0;0.0;0.0;0.0
2030-02-07 08:00:00;131.5409665005292;0.0;0.0;0.0;0.0;0.0;0.0;0.0
2030-02-07 09:00:00;131.5009578355355;0.0;0.0;0.0;0.0;0.0;0.0;0.0
2030-02-07 10:00:00;131.4795142294693;0.0;0.0;0.0;0.0;0.0;0.0;0.0
2030-02-07 11:00:00;121.551566346971;0.0;0.0;0.0;0.0;0.0;0.0;0.0
2030-02-07 12:00:00;121.5053714224902;0.0;0.0;0.0;0.0;0.0;0.0;0.0
2030-02-07 13:00:00;121.6262976176675;0.0;0.0;0.0;0.0;0.0;0.0;0.0
2030-02-07 14:00:00;121.6506742015819;0.0;0.0;0.0;0.0;0.0;0.0;0.0
2030-02-07 15:00:00;121.6941287491866;0.0;0.0;0.0;0.0;0.0;0.0;0.0
2030-02-07 16:00:00;131.5861230545512;0.0;0.0;0.0;0.0;0.0;0.0;0.0
2030-02-07 17:00:00;131.6324917386048;0.0;0.0;0.0;0.0;0.0;0.0;0.0
2030-02-07 18:00:00;131.6583107363216;0.0;0.0;0.0;0.0;0.0;0.0;0.0
2030-02-07 19:00:00;131.7030255642009;0.0;0.0;0.0;0.0;0.0;0.0;0.0
2030-02-07 20:00:00;131.6956502030596;0.0;0.0;0.0;0.0;0.0;0.0;0.0
2030-02-07 21:00:00;131.5537179409811;0.0;0.0;0.0;0.0;0.0;0.0;0.0
2030-02-07 22:00:00;131.3524603924923;0.0;0.0;0.0;0.0;0.0;0.0;0.0
2030-02-07 23:00:00;131.1601043585003;0.0;0.0;0.0;0.0;0.0;0.0;0.0
2030-02-08 00:00:00;121.2358766056496;0.0;0.0;0.0;0.0;0.0;0.0;0.0
2030-02-08 01:00:00;121.2145669828684;0.0;0.0;0.0;0.0;0.0;0.0;0.0
2030-02-08 02:00:00;125.4137371179937;0.0;0.0;0.0;0.0;0.0;0.0;0.0
2030-02-08 03:00:00;130.7349293384472;0.0;0.0;0.0;0.0;0.0;0.0;0.0
2030-02-08 04:00:00;130.7232162684541;0.0;0.0;0.0;0.0;0.0;0.0;0.0
2030-02-08 05:00:00;130.8742928897335;0.0;0.0;0.0;0.0;0.0;0.0;0.0
2030-02-08 06:00:00;131.1660854560822;0.0;0.0;0.0;0.0;0.0;0.0;0.0
2030-02-08 07:00:00;131.5880365033402;0.0;0.0;0.0;0.0;0.0;0.0;0.0
2030-02-08 08:00:00;131.8927019324928;0.0;0.0;0.0;0.0;0.0;0.0;0.0
2030-02-08 09:00:00;131.9104526242662;0.0;0.0;0.0;0.0;0.0;0.0;0.0
2030-02-08 10:00:00;131.9516441104479;0.0;0.0;0.0;0.0;0.0;0.0;0.0
2030-02-08 11:00:00;122.0118973249144;0.0;0.0;0.0;0.0;0.0;0.0;0.0
2030-02-08 12:00:00;121.9986748494762;0.0;0.0;0.0;0.0;0.0;0.0;0.0
2030-02-08 13:00:00;122.020815587322;0.0;0.0;0.0;0.0;0.0;0.0;0.0
2030-02-08 14:00:00;122.0010049025418;0.0;0.0;0.0;0.0;0.0;0.0;0.0
2030-02-08 15:00:00;121.9055062226706;0.0;0.0;0.0;0.0;0.0;0.0;0.0
2030-02-08 16:00:00;131.7030569665334;0.0;0.0;0.0;0.0;0.0;0.0;0.0
2030-02-08 17:00:00;131.590217918699;0.0;0.0;0.0;0.0;0.0;0.0;0.0
2030-02-08 18:00:00;131.6278693152723;0.0;0.0;0.0;0.0;0.0;0.0;0.0
2030-02-08 19:00:00;131.5867825035322;0.0;0.0;0.0;0.0;0.0;0.0;0.0
2030-02-08 20:00:00;131.4859056508615;0.0;0.0;0.0;0.0;0.0;0.0;0.0
2030-02-08 21:00:00;131.256182934777;0.0;0.0;0.0;0.0;0.0;0.0;0.0
2030-02-08 22:00:00;131.175319835303;0.0;0.0;0.0;0.0;0.0;0.0;0.0
2030-02-08 23:00:00;130.937625113761;0.0;0.0;0.0;0.0;0.0;0.0;0.0
2030-02-09 00:00:00;130.7049589523841;0.0;0.0;0.0;0.0;0.0;0.0;0.0
2030-02-09 01:00:00;130.5585047544371;0.0;0.0;0.0;0.0;0.0;0.0;0.0
2030-02-09 02:00:00;130.5377603736395;0.0;0.0;0.0;0.0;0.0;0.0;0.0
2030-02-09 03:00:00;130.4780310438851;0.0;0.0;0.0;0.0;0.0;0.0;0.0
2030-02-09 04:00:00;130.3466583394557;0.0;0.0;0.0;0.0;0.0;0.0;0.0
2030-02-09 05:00:00;130.3110857772887;0.0;0.0;0.0;0.0;0.0;0.0;0.0
2030-02-09 06:00:00;130.2936030520852;0.0;0.0;0.0;0.0;0.0;0.0;0.0
2030-02-09 07:00:00;130.5053175772705;0.0;0.0;0.0;0.0;0.0;0.0;0.0
2030-02-09 08:00:00;130.7386348136729;0.0;0.0;0.0;0.0;0.0;0.0;0.0
2030-02-09 09:00:00;130.9054000402302;0.0;0.0;0.0;0.0;0.0;0.0;0.0
2030-02-09 10:00:00;130.9872575468975;0.0;0.0;0.0;0.0;0.0;0.0;0.0
2030-02-09 11:00:00;130.9606053406271;0.0;0.0;0.0;0.0;0.0;0.0;0.0
2030-02-09 12:00:00;130.9499704173803;0.0;0.0;0.0;0.0;0.0;0.0;0.0
2030-02-09 13:00:00;130.9610868430575;0.0;0.0;0.0;0.0;0.0;0.0;0.0
2030-02-09 14:00:00;130.9189511934144;0.0;0.0;0.0;0.0;0.0;0.0;0.0
2030-02-09 15:00:00;130.8397147347598;0.0;0.0;0.0;0.0;0.0;0.0;0.0
2030-02-09 16:00:00;130.7313829683724;0.0;0.0;0.0;0.0;0.0;0.0;0.0
2030-02-09 17:00:00;130.9207327524072;0.0;0.0;0.0;0.0;0.0;0.0;0.0
2030-02-09 18:00:00;130.9232742478444;0.0;0.0;0.0;0.0;0.0;0.0;0.0
2030-02-09 19:00:00;130.9391303322284;0.0;0.0;0.0;0.0;0.0;0.0;0.0
2030-02-09 20:00:00;130.9216308591144;0.0;0.0;0.0;0.0;0.0;0.0;0.0
2030-02-09 21:00:00;130.8097003854314;0.0;0.0;0.0;0.0;0.0;0.0;0.0
2030-02-09 22:00:00;130.7175680355958;0.0;0.0;0.0;0.0;0.0;0.0;0.0
2030-02-09 23:00:00;130.73889021931;0.0;0.0;0.0;0.0;0.0;0.0;0.0
2030-02-10 00:00:00;130.7539340300286;0.0;0.0;0.0;0.0;0.0;0.0;0.0
2030-02-10 01:00:00;130.6260909477633;0.0;0.0;0.0;0.0;0.0;0.0;0.0
2030-02-10 02:00:00;130.6068936552097;0.0;0.0;0.0;0.0;0.0;0.0;0.0
2030-02-10 03:00:00;130.5668912706825;0.0;0.0;0.0;0.0;0.0;0.0;0.0
2030-02-10 04:00:00;130.5217828669035;0.0;0.0;0.0;0.0;0.0;0.0;0.0
2030-02-10 05:00:00;130.5097285582314;0.0;0.0;0.0;0.0;0.0;0.0;0.0
2030-02-10 06:00:00;130.5164444703919;0.0;0.0;0.0;0.0;0.0;0.0;0.0
2030-02-10 07:00:00;130.6638239904009;0.0;0.0;0.0;0.0;0.0;0.0;0.0
2030-02-10 08:00:00;130.7060894363514;0.0;0.0;0.0;0.0;0.0;0.0;0.0
2030-02-10 09:00:00;130.7450974136853;0.0;0.0;0.0;0.0;0.0;0.0;0.0
2030-02-10 10:00:00;130.8578506284777;0.0;0.0;0.0;0.0;0.0;0.0;0.0
2030-02-10 11:00:00;130.8955606427382;0.0;0.0;0.0;0.0;0.0;0.0;0.0
2030-02-10 12:00:00;130.8665741964243;0.0;0.0;0.0;0.0;0.0;0.0;0.0
2030-02-10 13:00:00;130.876698308397;0.0;0.0;0.0;0.0;0.0;0.0;0.0
2030-02-10 14:00:00;130.8281251806075;0.0;0.0;0.0;0.0;0.0;0.0;0.0
2030-02-10 15:00:00;130.8358334064725;0.0;0.0;0.0;0.0;0.0;0.0;0.0
2030-02-10 16:00:00;130.7232455772976;0.0;0.0;0.0;0.0;0.0;0.0;0.0
2030-02-10 17:00:00;130.7473248857983;0.0;0.0;0.0;0.0;0.0;0.0;0.0
2030-02-10 18:00:00;130.7630344259644;0.0;0.0;0.0;0.0;0.0;0.0;0.0
2030-02-10 19:00:00;130.8041191442157;0.0;0.0;0.0;0.0;0.0;0.0;0.0
2030-02-10 20:00:00;130.7823091776046;0.0;0.0;0.0;0.0;0.0;0.0;0.0
2030-02-10 21:00:00;130.7624838384026;0.0;0.0;0.0;0.0;0.0;0.0;0.0
2030-02-10 22:00:00;130.6719781293864;0.0;0.0;0.0;0.0;0.0;0.0;0.0
2030-02-10 23:00:00;130.5753740874139;0.0;0.0;0.0;0.0;0.0;0.0;0.0
2030-02-11 00:00:00;130.4956477523735;0.0;0.0;0.0;0.0;0.0;0.0;0.0
2030-02-11 01:00:00;130.8279744494119;0.0;0.0;0.0;0.0;0.0;0.0;0.0
2030-02-11 02:00:00;130.8911705966656;0.0;0.0;0.0;0.0;0.0;0.0;0.0
2030-02-11 03:00:00;130.8943652606172;0.0;0.0;0.0;0.0;0.0;0.0;0.0
2030-02-11 04:00:00;130.9794634879905;0.0;0.0;0.0;0.0;0.0;0.0;0.0
2030-02-11 05:00:00;131.0743508691239;0.0;0.0;0.0;0.0;0.0;0.0;0.0
2030-02-11 06:00:00;131.3279226099381;0.0;0.0;0.0;0.0;0.0;0.0;0.0
2030-02-11 07:00:00;131.6426723747757;0.0;0.0;0.0;0.0;0.0;0.0;0.0
2030-02-11 08:00:00;131.8930745735042;0.0;0.0;0.0;0.0;0.0;0.0;0.0
2030-02-11 09:00:00;132.0056079719697;0.0;0.0;0.0;0.0;0.0;0.0;0.0
2030-02-11 10:00:00;132.0593792325193;0.0;0.0;0.0;0.0;0.0;0.0;0.0
2030-02-11 11:00:00;132.1302312684173;0.0;0.0;0.0;0.0;0.0;0.0;0.0
2030-02-11 12:00:00;132.1522757057772;0.0;0.0;0.0;0.0;0.0;0.0;0.0
2030-02-11 13:00:00;132.0903607736863;0.0;0.0;0.0;0.0;0.0;0.0;0.0
2030-02-11 14:00:00;132.0263565397449;0.0;0.0;0.0;0.0;0.0;0.0;0.0
2030-02-11 15:00:00;132.0608656095872;0.0;0.0;0.0;0.0;0.0;0.0;0.0
2030-02-11 16:00:00;132.0552613399944;0.0;0.0;0.0;0.0;0.0;0.0;0.0
2030-02-11 17:00:00;132.0738033705449;0.0;0.0;0.0;0.0;0.0;0.0;0.0
2030-02-11 18:00:00;132.1603921619637;0.0;0.0;0.0;0.0;0.0;0.0;0.0
2030-02-11 19:00:00;132.3007019702003;0.0;0.0;0.0;0.0;0.0;0.0;0.0
2030-02-11 20:00:00;132.2839205637543;0.0;0.0;0.0;0.0;0.0;0.0;0.0
2030-02-11 21:00:00;132.1803326430513;0.0;0.0;0.0;0.0;0.0;0.0;0.0
2030-02-11 22:00:00;132.1222571694711;0.0;0.0;0.0;0.0;0.0;0.0;0.0
2030-02-11 23:00:00;132.0215687307951;0.0;0.0;0.0;0.0;0.0;0.0;0.0
2030-02-12 00:00:00;131.8370130361767;0.0;0.0;0.0;0.0;0.0;0.0;0.0
2030-02-12 01:00:00;132.0207376157303;0.0;0.0;0.0;0.0;0.0;0.0;0.0
2030-02-12 02:00:00;131.9356079860246;0.0;0.0;0.0;0.0;0.0;0.0;0.0
2030-02-12 03:00:00;131.9498416165668;0.0;0.0;0.0;0.0;0.0;0.0;0.0
2030-02-12 04:00:00;131.9398431139238;0.0;0.0;0.0;0.0;0.0;0.0;0.0
2030-02-12 05:00:00;131.9801616152641;0.0;0.0;0.0;0.0;0.0;0.0;0.0
2030-02-12 06:00:00;132.0721264859936;0.0;0.0;0.0;0.0;0.0;0.0;0.0
2030-02-12 07:00:00;132.1513734120923;0.0;0.0;0.0;0.0;0.0;0.0;0.0
2030-02-12 08:00:00;132.1949912518256;0.0;0.0;0.0;0.0;0.0;0.0;0.0
2030-02-12 09:00:00;132.3241343906532;0.0;0.0;0.0;0.0;0.0;0.0;0.0
2030-02-12 10:00:00;132.2941577241237;0.0;0.0;0.0;0.0;0.0;0.0;0.0
2030-02-12 11:00:00;132.2651315015221;0.0;0.0;0.0;0.0;0.0;0.0;0.0
2030-02-12 12:00:00;132.1178964322422;0.0;0.0;0.0;0.0;0.0;0.0;0.0
2030-02-12 13:00:00;132.0296098213838;0.0;0.0;0.0;0.0;0.0;0.0;0.0
2030-02-12 14:00:00;131.9858831202313;0.0;0.0;0.0;0.0;0.0;0.0;0.0
2030-02-12 15:00:00;131.8493981160836;0.0;0.0;0.0;0.0;0.0;0.0;0.0
2030-02-12 16:00:00;132.1042071087953;0.0;0.0;0.0;0.0;0.0;0.0;0.0
2030-02-12 17:00:00;132.1719691551831;0.0;0.0;0.0;0.0;0.0;0.0;0.0
2030-02-12 18:00:00;132.1613216710034;0.0;0.0;0.0;0.0;0.0;0.0;0.0
2030-02-12 19:00:00;132.233201609916;0.0;0.0;0.0;0.0;0.0;0.0;0.0
2030-02-12 20:00:00;132.1906493559962;0.0;0.0;0.0;0.0;0.0;0.0;0.0
2030-02-12 21:00:00;132.0523953537888;0.0;0.0;0.0;0.0;0.0;0.0;0.0
2030-02-12 22:00:00;132.0052855746901;0.0;0.0;0.0;0.0;0.0;0.0;0.0
2030-02-12 23:00:00;132.0150286716961;0.0;0.0;0.0;0.0;0.0;0.0;0.0
2030-02-13 00:00:00;131.8194654128196;0.0;0.0;0.0;0.0;0.0;0.0;0.0
2030-02-13 01:00:00;131.4839042755418;0.0;0.0;0.0;0.0;0.0;0.0;0.0
2030-02-13 02:00:00;131.3238235588127;0.0;0.0;0.0;0.0;0.0;0.0;0.0
2030-02-13 03:00:00;131.1500723600362;0.0;0.0;0.0;0.0;0.0;0.0;0.0
2030-02-13 04:00:00;131.1071014083506;0.0;0.0;0.0;0.0;0.0;0.0;0.0
2030-02-13 05:00:00;131.2084702308959;0.0;0.0;0.0;0.0;0.0;0.0;0.0
2030-02-13 06:00:00;131.3870155190888;0.0;0.0;0.0;0.0;0.0;0.0;0.0
2030-02-13 07:00:00;131.7721902481035;0.0;0.0;0.0;0.0;0.0;0.0;0.0
2030-02-13 08:00:00;132.0677720292311;0.0;0.0;0.0;0.0;0.0;0.0;0.0
2030-02-13 09:00:00;132.1635826389377;0.0;0.0;0.0;0.0;0.0;0.0;0.0
2030-02-13 10:00:00;132.1568290439783;0.0;0.0;0.0;0.0;0.0;0.0;0.0
2030-02-13 11:00:00;132.0980710930401;0.0;0.0;0.0;0.0;0.0;0.0;0.0
2030-02-13 12:00:00;132.1303129144817;0.0;0.0;0.0;0.0;0.0;0.0;0.0
2030-02-13 13:00:00;132.1920813023546;0.0;0.0;0.0;0.0;0.0;0.0;0.0
2030-02-13 14:00:00;132.1092838192034;0.0;0.0;0.0;0.0;0.0;0.0;0.0
2030-02-13 15:00:00;132.0506075143296;0.0;0.0;0.0;0.0;0.0;0.0;0.0
2030-02-13 16:00:00;132.0558684517546;0.0;0.0;0.0;0.0;0.0;0.0;0.0
2030-02-13 17:00:00;132.0854641033173;0.0;0.0;0.0;0.0;0.0;0.0;0.0
2030-02-13 18:00:00;132.0603903876232;0.0;0.0;0.0;0.0;0.0;0.0;0.0
2030-02-13 19:00:00;132.1298732818277;0.0;0.0;0.0;0.0;0.0;0.0;0.0
2030-02-13 20:00:00;132.1252738868724;0.0;0.0;0.0;0.0;0.0;0.0;0.0
2030-02-13 21:00:00;132.0920376582376;0.0;0.0;0.0;0.0;0.0;0.0;0.0
2030-02-13 22:00:00;130.8341837372761;0.0;0.0;0.0;0.0;0.0;0.0;0.0
2030-02-13 23:00:00;124.3541470564969;0.0;0.0;0.0;0.0;0.0;0.0;0.0
2030-02-14 00:00:00;121.6687640385454;0.0;0.0;0.0;0.0;0.0;0.0;0.0
2030-02-14 01:00:00;121.7658914527249;0.0;0.0;0.0;0.0;0.0;0.0;0.0
2030-02-14 02:00:00;121.790575779497;0.0;0.0;0.0;0.0;0.0;0.0;0.0
2030-02-14 03:00:00;121.7787371001741;0.0;0.0;0.0;0.0;0.0;0.0;0.0
2030-02-14 04:00:00;121.7903496827036;0.0;0.0;0.0;0.0;0.0;0.0;0.0
2030-02-14 05:00:00;121.8167967270688;0.0;0.0;0.0;0.0;0.0;0.0;0.0
2030-02-14 06:00:00;122.0098582667959;0.0;0.0;0.0;0.0;0.0;0.0;0.0
2030-02-14 07:00:00;123.4243679567638;0.0;0.0;0.0;0.0;0.0;0.0;0.0
2030-02-14 08:00:00;126.1418525324051;0.0;0.0;0.0;0.0;0.0;0.0;0.0
2030-02-14 09:00:00;122.3197239221975;0.0;0.0;0.0;0.0;0.0;0.0;0.0
2030-02-14 10:00:00;122.2620357440505;0.0;0.0;0.0;0.0;0.0;0.0;0.0
2030-02-14 11:00:00;122.2113230706787;0.0;0.0;0.0;0.0;0.0;0.0;0.0
2030-02-14 12:00:00;122.1797741940394;0.0;0.0;0.0;0.0;0.0;0.0;0.0
2030-02-14 13:00:00;122.1022690506456;0.0;0.0;0.0;0.0;0.0;0.0;0.0
2030-02-14 14:00:00;122.0682686985885;0.0;0.0;0.0;0.0;0.0;0.0;0.0
2030-02-14 15:00:00;122.0865741649013;0.0;0.0;0.0;0.0;0.0;0.0;0.0
2030-02-14 16:00:00;122.143414480073;0.0;0.0;0.0;0.0;0.0;0.0;0.0
2030-02-14 17:00:00;122.1634198593143;0.0;0.0;0.0;0.0;0.0;0.0;0.0
2030-02-14 18:00:00;122.2587552470569;0.0;0.0;0.0;0.0;0.0;0.0;0.0
2030-02-14 19:00:00;122.3237036444597;0.0;0.0;0.0;0.0;0.0;0.0;0.0
2030-02-14 20:00:00;122.1549600709599;0.0;0.0;0.0;0.0;0.0;0.0;0.0
2030-02-14 21:00:00;122.1360433059093;0.0;0.0;0.0;0.0;0.0;0.0;0.0
2030-02-14 22:00:00;122.1280503655636;0.0;0.0;0.0;0.0;0.0;0.0;0.0
2030-02-14 23:00:00;121.8574145973116;0.0;0.0;0.0;0.0;0.0;0.0;0.0
2030-02-15 00:00:00;121.6502178210173;0.0;0.0;0.0;0.0;0.0;0.0;0.0
2030-02-15 01:00:00;121.7307710841448;0.0;0.0;0.0;0.0;0.0;0.0;0.0
2030-02-15 02:00:00;121.8016335874869;0.0;0.0;0.0;0.0;0.0;0.0;0.0
2030-02-15 03:00:00;122.0061737264583;0.0;0.0;0.0;0.0;0.0;0.0;0.0
2030-02-15 04:00:00;122.0107479995477;0.0;0.0;0.0;0.0;0.0;0.0;0.0
2030-02-15 05:00:00;122.0716685244453;0.0;0.0;0.0;0.0;0.0;0.0;0.0
2030-02-15 06:00:00;122.239853136428;0.0;0.0;0.0;0.0;0.0;0.0;0.0
2030-02-15 07:00:00;122.4860934793663;0.0;0.0;0.0;0.0;0.0;0.0;0.0
2030-02-15 08:00:00;122.5270672427097;0.0;0.0;0.0;0.0;0.0;0.0;0.0
2030-02-15 09:00:00;122.5076103575414;0.0;0.0;0.0;0.0;0.0;0.0;0.0
2030-02-15 10:00:00;122.4801123817844;0.0;0.0;0.0;0.0;0.0;0.0;0.0
2030-02-15 11:00:00;122.4290773111331;0.0;0.0;0.0;0.0;0.0;0.0;0.0
2030-02-15 12:00:00;122.3733737603951;0.0;0.0;0.0;0.0;0.0;0.0;0.0
2030-02-15 13:00:00;122.2927116358486;0.0;0.0;0.0;0.0;0.0;0.0;0.0
2030-02-15 14:00:00;122.2491147310035;0.0;0.0;0.0;0.0;0.0;0.0;0.0
2030-02-15 15:00:00;122.2665995496958;0.0;0.0;0.0;0.0;0.0;0.0;0.0
2030-02-15 16:00:00;122.2649666284098;0.0;0.0;0.0;0.0;0.0;0.0;0.0
2030-02-15 17:00:00;122.3271599945149;0.0;0.0;0.0;0.0;0.0;0.0;0.0
2030-02-15 18:00:00;122.3596844369482;0.0;0.0;0.0;0.0;0.0;0.0;0.0
2030-02-15 19:00:00;122.3758231423239;0.0;0.0;0.0;0.0;0.0;0.0;0.0
2030-02-15 20:00:00;122.387684850024;0.0;0.0;0.0;0.0;0.0;0.0;0.0
2030-02-15 21:00:00;122.2221275665205;0.0;0.0;0.0;0.0;0.0;0.0;0.0
2030-02-15 22:00:00;122.0083258329737;0.0;0.0;0.0;0.0;0.0;0.0;0.0
2030-02-15 23:00:00;121.719503927272;0.0;0.0;0.0;0.0;0.0;0.0;0.0
2030-02-16 00:00:00;121.5884703680327;0.0;0.0;0.0;0.0;0.0;0.0;0.0
2030-02-16 01:00:00;121.5262749084388;0.0;0.0;0.0;0.0;0.0;0.0;0.0
2030-02-16 02:00:00;121.3855757112802;0.0;0.0;0.0;0.0;0.0;0.0;0.0
2030-02-16 03:00:00;121.3498147351187;0.0;0.0;0.0;0.0;0.0;0.0;0.0
2030-02-16 04:00:00;121.3118932784865;0.0;0.0;0.0;0.0;0.0;0.0;0.0
2030-02-16 05:00:00;121.3017042683602;0.0;0.0;0.0;0.0;0.0;0.0;0.0
2030-02-16 06:00:00;131.0774722609666;0.0;0.0;0.0;0.0;0.0;0.0;0.0
2030-02-16 07:00:00;131.4218679210989;0.0;0.0;0.0;0.0;0.0;0.0;0.0
2030-02-16 08:00:00;131.5156164443098;0.0;0.0;0.0;0.0;0.0;0.0;0.0
2030-02-16 09:00:00;131.5638462399315;0.0;0.0;0.0;0.0;0.0;0.0;0.0
2030-02-16 10:00:00;131.4723251888337;0.0;0.0;0.0;0.0;0.0;0.0;0.0
2030-02-16 11:00:00;121.5255442808377;0.0;0.0;0.0;0.0;0.0;0.0;0.0
2030-02-16 12:00:00;121.3596687870324;0.0;0.0;0.0;0.0;0.0;0.0;0.0
2030-02-16 13:00:00;121.3144368674127;0.0;0.0;0.0;0.0;0.0;0.0;0.0
2030-02-16 14:00:00;121.3787802465442;0.0;0.0;0.0;0.0;0.0;0.0;0.0
2030-02-16 15:00:00;121.3770614922163;0.0;0.0;0.0;0.0;0.0;0.0;0.0
2030-02-16 16:00:00;121.4102453836304;0.0;0.0;0.0;0.0;0.0;0.0;0.0
2030-02-16 17:00:00;121.428555036921;0.0;0.0;0.0;0.0;0.0;0.0;0.0
2030-02-16 18:00:00;121.4116668625447;0.0;0.0;0.0;0.0;0.0;0.0;0.0
2030-02-16 19:00:00;121.4314105556825;0.0;0.0;0.0;0.0;0.0;0.0;0.0
2030-02-16 20:00:00;121.4619336227961;0.0;0.0;0.0;0.0;0.0;0.0;0.0
2030-02-16 21:00:00;121.4075447830422;0.0;0.0;0.0;0.0;0.0;0.0;0.0
2030-02-16 22:00:00;121.4174888549757;0.0;0.0;0.0;0.0;0.0;0.0;0.0
2030-02-16 23:00:00;121.4054324528146;0.0;0.0;0.0;0.0;0.0;0.0;0.0
2030-02-17 00:00:00;121.2900037593;0.0;0.0;0.0;0.0;0.0;0.0;0.0
2030-02-17 01:00:00;121.1806566508309;0.0;0.0;0.0;0.0;0.0;0.0;0.0
2030-02-17 02:00:00;121.0526000327051;0.0;0.0;0.0;0.0;0.0;0.0;0.0
2030-02-17 03:00:00;121.0224579805582;0.0;0.0;0.0;0.0;0.0;0.0;0.0
2030-02-17 04:00:00;121.0152815008556;0.0;0.0;0.0;0.0;0.0;0.0;0.0
2030-02-17 05:00:00;130.3230249440753;0.0;0.0;0.0;0.0;0.0;0.0;0.0
2030-02-17 06:00:00;130.3522751699814;0.0;0.0;0.0;0.0;0.0;0.0;0.0
2030-02-17 07:00:00;130.5197417152961;0.0;0.0;0.0;0.0;0.0;0.0;0.0
2030-02-17 08:00:00;130.5580085975849;0.0;0.0;0.0;0.0;0.0;0.0;0.0
2030-02-17 09:00:00;121.1373193386005;0.0;0.0;0.0;0.0;0.0;0.0;0.0
2030-02-17 10:00:00;121.1169957490574;0.0;0.0;0.0;0.0;0.0;0.0;0.0
2030-02-17 11:00:00;121.068056260723;0.0;0.0;0.0;0.0;0.0;0.0;0.0
2030-02-17 12:00:00;130.3902238419683;0.0;0.0;0.0;0.0;0.0;0.0;0.0
2030-02-17 13:00:00;130.337459549545;0.0;0.0;0.0;0.0;0.0;0.0;0.0
2030-02-17 14:00:00;130.270296240962;0.0;0.0;0.0;0.0;0.0;0.0;0.0
2030-02-17 15:00:00;120.9787961775595;0.0;0.0;0.0;0.0;0.0;0.0;0.0
2030-02-17 16:00:00;121.0021657933475;0.0;0.0;0.0;0.0;0.0;0.0;0.0
2030-02-17 17:00:00;130.4578979618253;0.0;0.0;0.0;0.0;0.0;0.0;0.0
2030-02-17 18:00:00;129.5246813534365;0.0;0.0;0.0;0.0;0.0;0.0;0.0
2030-02-17 19:00:00;125.9782945307326;0.0;0.0;0.0;0.0;0.0;0.0;0.0
2030-02-17 20:00:00;128.357456657332;0.0;0.0;0.0;0.0;0.0;0.0;0.0
2030-02-17 21:00:00;121.1122916796606;0.0;0.0;0.0;0.0;0.0;0.0;0.0
2030-02-17 22:00:00;121.1238142421705;0.0;0.0;0.0;0.0;0.0;0.0;0.0
2030-02-17 23:00:00;121.1083810425297;0.0;0.0;0.0;0.0;0.0;0.0;0.0
2030-02-18 00:00:00;121.1025841719648;0.0;0.0;0.0;0.0;0.0;0.0;0.0
2030-02-18 01:00:00;121.1657865996849;0.0;0.0;0.0;0.0;0.0;0.0;0.0
2030-02-18 02:00:00;121.1924346189778;0.0;0.0;0.0;0.0;0.0;0.0;0.0
2030-02-18 03:00:00;121.1980912257913;0.0;0.0;0.0;0.0;0.0;0.0;0.0
2030-02-18 04:00:00;121.2131266625546;0.0;0.0;0.0;0.0;0.0;0.0;0.0
2030-02-18 05:00:00;121.3261290025175;0.0;0.0;0.0;0.0;0.0;0.0;0.0
2030-02-18 06:00:00;121.5361582691962;0.0;0.0;0.0;0.0;0.0;0.0;0.0
2030-02-18 07:00:00;121.7857314463488;0.0;0.0;0.0;0.0;0.0;0.0;0.0
2030-02-18 08:00:00;121.9125298776888;0.0;0.0;0.0;0.0;0.0;0.0;0.0
2030-02-18 09:00:00;121.8984825676523;0.0;0.0;0.0;0.0;0.0;0.0;0.0
2030-02-18 10:00:00;121.8308670654825;0.0;0.0;0.0;0.0;0.0;0.0;0.0
2030-02-18 11:00:00;121.7752577217418;0.0;0.0;0.0;0.0;0.0;0.0;0.0
2030-02-18 12:00:00;121.7134956143354;0.0;0.0;0.0;0.0;0.0;0.0;0.0
2030-02-18 13:00:00;121.7064531179177;0.0;0.0;0.0;0.0;0.0;0.0;0.0
2030-02-18 14:00:00;121.6460957415148;0.0;0.0;0.0;0.0;0.0;0.0;0.0
2030-02-18 15:00:00;121.674006134571;0.0;0.0;0.0;0.0;0.0;0.0;0.0
2030-02-18 16:00:00;121.8403924396503;0.0;0.0;0.0;0.0;0.0;0.0;0.0
2030-02-18 17:00:00;121.9130134736081;0.0;0.0;0.0;0.0;0.0;0.0;0.0
2030-02-18 18:00:00;121.9484939222667;0.0;0.0;0.0;0.0;0.0;0.0;0.0
2030-02-18 19:00:00;121.9600478871089;0.0;0.0;0.0;0.0;0.0;0.0;0.0
2030-02-18 20:00:00;121.9602195531928;0.0;0.0;0.0;0.0;0.0;0.0;0.0
2030-02-18 21:00:00;121.9650073621427;0.0;0.0;0.0;0.0;0.0;0.0;0.0
2030-02-18 22:00:00;121.8221644324241;0.0;0.0;0.0;0.0;0.0;0.0;0.0
2030-02-18 23:00:00;121.5922930786328;0.0;0.0;0.0;0.0;0.0;0.0;0.0
2030-02-19 00:00:00;121.4353274732798;0.0;0.0;0.0;0.0;0.0;0.0;0.0
2030-02-19 01:00:00;121.3595766735241;0.0;0.0;0.0;0.0;0.0;0.0;0.0
2030-02-19 02:00:00;121.3024014001399;0.0;0.0;0.0;0.0;0.0;0.0;0.0
2030-02-19 03:00:00;121.3165785064838;0.0;0.0;0.0;0.0;0.0;0.0;0.0
2030-02-19 04:00:00;121.2961544294769;0.0;0.0;0.0;0.0;0.0;0.0;0.0
2030-02-19 05:00:00;121.3049889523315;0.0;0.0;0.0;0.0;0.0;0.0;0.0
2030-02-19 06:00:00;121.3642723689654;0.0;0.0;0.0;0.0;0.0;0.0;0.0
2030-02-19 07:00:00;121.4616656562261;0.0;0.0;0.0;0.0;0.0;0.0;0.0
2030-02-19 08:00:00;121.5621531199747;0.0;0.0;0.0;0.0;0.0;0.0;0.0
2030-02-19 09:00:00;121.6288767959038;0.0;0.0;0.0;0.0;0.0;0.0;0.0
2030-02-19 10:00:00;121.5696603709122;0.0;0.0;0.0;0.0;0.0;0.0;0.0
2030-02-19 11:00:00;121.5264005177685;0.0;0.0;0.0;0.0;0.0;0.0;0.0
2030-02-19 12:00:00;121.4553014501887;0.0;0.0;0.0;0.0;0.0;0.0;0.0
2030-02-19 13:00:00;121.4133332796519;0.0;0.0;0.0;0.0;0.0;0.0;0.0
2030-02-19 14:00:00;121.4074945393103;0.0;0.0;0.0;0.0;0.0;0.0;0.0
2030-02-19 15:00:00;121.4010026304544;0.0;0.0;0.0;0.0;0.0;0.0;0.0
2030-02-19 16:00:00;121.4292500752119;0.0;0.0;0.0;0.0;0.0;0.0;0.0
2030-02-19 17:00:00;121.508164136587;0.0;0.0;0.0;0.0;0.0;0.0;0.0
2030-02-19 18:00:00;121.6192320928727;0.0;0.0;0.0;0.0;0.0;0.0;0.0
2030-02-19 19:00:00;121.6020487365716;0.0;0.0;0.0;0.0;0.0;0.0;0.0
2030-02-19 20:00:00;121.5884640875662;0.0;0.0;0.0;0.0;0.0;0.0;0.0
2030-02-19 21:00:00;121.5286824205911;0.0;0.0;0.0;0.0;0.0;0.0;0.0
2030-02-19 22:00:00;121.4632964840232;0.0;0.0;0.0;0.0;0.0;0.0;0.0
2030-02-19 23:00:00;121.294046286227;0.0;0.0;0.0;0.0;0.0;0.0;0.0
2030-02-20 00:00:00;121.1706581481879;0.0;0.0;0.0;0.0;0.0;0.0;0.0
2030-02-20 01:00:00;121.1892692638696;0.0;0.0;0.0;0.0;0.0;0.0;0.0
2030-02-20 02:00:00;121.1618026904451;0.0;0.0;0.0;0.0;0.0;0.0;0.0
2030-02-20 03:00:00;121.1377715321874;0.0;0.0;0.0;0.0;0.0;0.0;0.0
2030-02-20 04:00:00;121.1835791612349;0.0;0.0;0.0;0.0;0.0;0.0;0.0
2030-02-20 05:00:00;121.2375890795109;0.0;0.0;0.0;0.0;0.0;0.0;0.0
2030-02-20 06:00:00;121.373094330887;0.0;0.0;0.0;0.0;0.0;0.0;0.0
2030-02-20 07:00:00;121.6247337815129;0.0;0.0;0.0;0.0;0.0;0.0;0.0
2030-02-20 08:00:00;121.819486860213;0.0;0.0;0.0;0.0;0.0;0.0;0.0
2030-02-20 09:00:00;121.8146111247324;0.0;0.0;0.0;0.0;0.0;0.0;0.0
2030-02-20 10:00:00;121.7718620828627;0.0;0.0;0.0;0.0;0.0;0.0;0.0
2030-02-20 11:00:00;121.6990945046868;0.0;0.0;0.0;0.0;0.0;0.0;0.0
2030-02-20 12:00:00;121.615367512496;0.0;0.0;0.0;0.0;0.0;0.0;0.0
2030-02-20 13:00:00;121.7125493573851;0.0;0.0;0.0;0.0;0.0;0.0;0.0
2030-02-20 14:00:00;121.7065661663143;0.0;0.0;0.0;0.0;0.0;0.0;0.0
2030-02-20 15:00:00;121.7745019722749;0.0;0.0;0.0;0.0;0.0;0.0;0.0
2030-02-20 16:00:00;121.7953761493798;0.0;0.0;0.0;0.0;0.0;0.0;0.0
2030-02-20 17:00:00;121.8713404849961;0.0;0.0;0.0;0.0;0.0;0.0;0.0
2030-02-20 18:00:00;121.9573870628085;0.0;0.0;0.0;0.0;0.0;0.0;0.0
2030-02-20 19:00:00;121.9861976560607;0.0;0.0;0.0;0.0;0.0;0.0;0.0
2030-02-20 20:00:00;121.7739011409812;0.0;0.0;0.0;0.0;0.0;0.0;0.0
2030-02-20 21:00:00;121.746112170277;0.0;0.0;0.0;0.0;0.0;0.0;0.0
2030-02-20 22:00:00;121.7024671151889;0.0;0.0;0.0;0.0;0.0;0.0;0.0
2030-02-20 23:00:00;121.5127091008327;0.0;0.0;0.0;0.0;0.0;0.0;0.0
2030-02-21 00:00:00;121.4292417012566;0.0;0.0;0.0;0.0;0.0;0.0;0.0
2030-02-21 01:00:00;121.3950592156714;0.0;0.0;0.0;0.0;0.0;0.0;0.0
2030-02-21 02:00:00;121.2563739547655;0.0;0.0;0.0;0.0;0.0;0.0;0.0
2030-02-21 03:00:00;121.2955556916721;0.0;0.0;0.0;0.0;0.0;0.0;0.0
2030-02-21 04:00:00;121.2989366761295;0.0;0.0;0.0;0.0;0.0;0.0;0.0
2030-02-21 05:00:00;121.3410953541496;0.0;0.0;0.0;0.0;0.0;0.0;0.0
2030-02-21 06:00:00;121.3359621195431;0.0;0.0;0.0;0.0;0.0;0.0;0.0
2030-02-21 07:00:00;121.5353669304192;0.0;0.0;0.0;0.0;0.0;0.0;0.0
2030-02-21 08:00:00;121.7662389718704;0.0;0.0;0.0;0.0;0.0;0.0;0.0
2030-02-21 09:00:00;121.8047926621285;0.0;0.0;0.0;0.0;0.0;0.0;0.0
2030-02-21 10:00:00;121.8613377953754;0.0;0.0;0.0;0.0;0.0;0.0;0.0
2030-02-21 11:00:00;121.9308583723788;0.0;0.0;0.0;0.0;0.0;0.0;0.0
2030-02-21 12:00:00;121.9156324281321;0.0;0.0;0.0;0.0;0.0;0.0;0.0
2030-02-21 13:00:00;121.8262048658623;0.0;0.0;0.0;0.0;0.0;0.0;0.0
2030-02-21 14:00:00;121.8680474270695;0.0;0.0;0.0;0.0;0.0;0.0;0.0
2030-02-21 15:00:00;121.9136687356113;0.0;0.0;0.0;0.0;0.0;0.0;0.0
2030-02-21 16:00:00;121.7379245354704;0.0;0.0;0.0;0.0;0.0;0.0;0.0
2030-02-21 17:00:00;121.7184550893691;0.0;0.0;0.0;0.0;0.0;0.0;0.0
2030-02-21 18:00:00;121.8871358582041;0.0;0.0;0.0;0.0;0.0;0.0;0.0
2030-02-21 19:00:00;121.8626064496053;0.0;0.0;0.0;0.0;0.0;0.0;0.0
2030-02-21 20:00:00;121.8417804227434;0.0;0.0;0.0;0.0;0.0;0.0;0.0
2030-02-21 21:00:00;121.8469283117716;0.0;0.0;0.0;0.0;0.0;0.0;0.0
2030-02-21 22:00:00;121.7950411911674;0.0;0.0;0.0;0.0;0.0;0.0;0.0
2030-02-21 23:00:00;121.6279179780205;0.0;0.0;0.0;0.0;0.0;0.0;0.0
2030-02-22 00:00:00;121.4047436949902;0.0;0.0;0.0;0.0;0.0;0.0;0.0
2030-02-22 01:00:00;121.4555610428034;0.0;0.0;0.0;0.0;0.0;0.0;0.0
2030-02-22 02:00:00;121.4491507800118;0.0;0.0;0.0;0.0;0.0;0.0;0.0
2030-02-22 03:00:00;121.4520042052844;0.0;0.0;0.0;0.0;0.0;0.0;0.0
2030-02-22 04:00:00;121.4980944553238;0.0;0.0;0.0;0.0;0.0;0.0;0.0
2030-02-22 05:00:00;121.6628792414496;0.0;0.0;0.0;0.0;0.0;0.0;0.0
2030-02-22 06:00:00;121.9257188573058;0.0;0.0;0.0;0.0;0.0;0.0;0.0
2030-02-22 07:00:00;122.2650838637842;0.0;0.0;0.0;0.0;0.0;0.0;0.0
2030-02-22 08:00:00;122.4133049663021;0.0;0.0;0.0;0.0;0.0;0.0;0.0
2030-02-22 09:00:00;122.4407736332156;0.0;0.0;0.0;0.0;0.0;0.0;0.0
2030-02-22 10:00:00;122.433157520859;0.0;0.0;0.0;0.0;0.0;0.0;0.0
2030-02-22 11:00:00;122.5120799561894;0.0;0.0;0.0;0.0;0.0;0.0;0.0
2030-02-22 12:00:00;122.516139231027;0.0;0.0;0.0;0.0;0.0;0.0;0.0
2030-02-22 13:00:00;122.4430136662617;0.0;0.0;0.0;0.0;0.0;0.0;0.0
2030-02-22 14:00:00;122.4155764016806;0.0;0.0;0.0;0.0;0.0;0.0;0.0
2030-02-22 15:00:00;122.4540505393634;0.0;0.0;0.0;0.0;0.0;0.0;0.0
2030-02-22 16:00:00;122.4486409642317;0.0;0.0;0.0;0.0;0.0;0.0;0.0
2030-02-22 17:00:00;122.4234186108308;0.0;0.0;0.0;0.0;0.0;0.0;0.0
2030-02-22 18:00:00;122.4413158468221;0.0;0.0;0.0;0.0;0.0;0.0;0.0
2030-02-22 19:00:00;122.4263662431007;0.0;0.0;0.0;0.0;0.0;0.0;0.0
2030-02-22 20:00:00;122.1972925085528;0.0;0.0;0.0;0.0;0.0;0.0;0.0
2030-02-22 21:00:00;121.9885465505258;0.0;0.0;0.0;0.0;0.0;0.0;0.0
2030-02-22 22:00:00;121.7816679845334;0.0;0.0;0.0;0.0;0.0;0.0;0.0
2030-02-22 23:00:00;121.5501364941014;0.0;0.0;0.0;0.0;0.0;0.0;0.0
2030-02-23 00:00:00;121.3123412850958;0.0;0.0;0.0;0.0;0.0;0.0;0.0
2030-02-23 01:00:00;121.2341264489893;0.0;0.0;0.0;0.0;0.0;0.0;0.0
2030-02-23 02:00:00;121.1060007457322;0.0;0.0;0.0;0.0;0.0;0.0;0.0
2030-02-23 03:00:00;121.0758000758981;0.0;0.0;0.0;0.0;0.0;0.0;0.0
2030-02-23 04:00:00;121.0773764729856;0.0;0.0;0.0;0.0;0.0;0.0;0.0
2030-02-23 05:00:00;121.092181625978;0.0;0.0;0.0;0.0;0.0;0.0;0.0
2030-02-23 06:00:00;121.1055464586565;0.0;0.0;0.0;0.0;0.0;0.0;0.0
2030-02-23 07:00:00;121.1846510275149;0.0;0.0;0.0;0.0;0.0;0.0;0.0
2030-02-23 08:00:00;121.1942643282135;0.0;0.0;0.0;0.0;0.0;0.0;0.0
2030-02-23 09:00:00;121.1490365955714;0.0;0.0;0.0;0.0;0.0;0.0;0.0
2030-02-23 10:00:00;121.1448663658258;0.0;0.0;0.0;0.0;0.0;0.0;0.0
2030-02-23 11:00:00;121.1286313599639;0.0;0.0;0.0;0.0;0.0;0.0;0.0
2030-02-23 12:00:00;121.1135121836474;0.0;0.0;0.0;0.0;0.0;0.0;0.0
2030-02-23 13:00:00;121.0943504804038;0.0;0.0;0.0;0.0;0.0;0.0;0.0
2030-02-23 14:00:00;121.1154256324363;0.0;0.0;0.0;0.0;0.0;0.0;0.0
2030-02-23 15:00:00;121.1052094069552;0.0;0.0;0.0;0.0;0.0;0.0;0.0
2030-02-23 16:00:00;121.1263913269178;0.0;0.0;0.0;0.0;0.0;0.0;0.0
2030-02-23 17:00:00;121.1928177274333;0.0;0.0;0.0;0.0;0.0;0.0;0.0
2030-02-23 18:00:00;121.2153960044443;0.0;0.0;0.0;0.0;0.0;0.0;0.0
2030-02-23 19:00:00;121.231473998644;0.0;0.0;0.0;0.0;0.0;0.0;0.0
2030-02-23 20:00:00;121.2138468227116;0.0;0.0;0.0;0.0;0.0;0.0;0.0
2030-02-23 21:00:00;121.1936551229646;0.0;0.0;0.0;0.0;0.0;0.0;0.0
2030-02-23 22:00:00;121.1807424838728;0.0;0.0;0.0;0.0;0.0;0.0;0.0
2030-02-23 23:00:00;121.1827040829048;0.0;0.0;0.0;0.0;0.0;0.0;0.0
2030-02-24 00:00:00;121.1770600370242;0.0;0.0;0.0;0.0;0.0;0.0;0.0
2030-02-24 01:00:00;121.1135519599352;0.0;0.0;0.0;0.0;0.0;0.0;0.0
2030-02-24 02:00:00;121.0826101950559;0.0;0.0;0.0;0.0;0.0;0.0;0.0
2030-02-24 03:00:00;120.9675541425526;0.0;0.0;0.0;0.0;0.0;0.0;0.0
2030-02-24 04:00:00;120.9581062274714;0.0;0.0;0.0;0.0;0.0;0.0;0.0
2030-02-24 05:00:00;120.9802783676498;0.0;0.0;0.0;0.0;0.0;0.0;0.0
2030-02-24 06:00:00;120.9841785373365;0.0;0.0;0.0;0.0;0.0;0.0;0.0
2030-02-24 07:00:00;121.0440292894429;0.0;0.0;0.0;0.0;0.0;0.0;0.0
2030-02-24 08:00:00;121.0459741405642;0.0;0.0;0.0;0.0;0.0;0.0;0.0
2030-02-24 09:00:00;121.0567828233837;0.0;0.0;0.0;0.0;0.0;0.0;0.0
2030-02-24 10:00:00;121.0337439788305;0.0;0.0;0.0;0.0;0.0;0.0;0.0
2030-02-24 11:00:00;121.001087646601;0.0;0.0;0.0;0.0;0.0;0.0;0.0
2030-02-24 12:00:00;120.9728192669553;0.0;0.0;0.0;0.0;0.0;0.0;0.0
2030-02-24 13:00:00;120.9717704290524;0.0;0.0;0.0;0.0;0.0;0.0;0.0
2030-02-24 14:00:00;120.9645604535285;0.0;0.0;0.0;0.0;0.0;0.0;0.0
2030-02-24 15:00:00;120.9933354574706;0.0;0.0;0.0;0.0;0.0;0.0;0.0
2030-02-24 16:00:00;121.0868202010891;0.0;0.0;0.0;0.0;0.0;0.0;0.0
2030-02-24 17:00:00;121.2519734412488;0.0;0.0;0.0;0.0;0.0;0.0;0.0
2030-02-24 18:00:00;121.3416187263566;0.0;0.0;0.0;0.0;0.0;0.0;0.0
2030-02-24 19:00:00;121.4032991876988;0.0;0.0;0.0;0.0;0.0;0.0;0.0
2030-02-24 20:00:00;121.3963864875885;0.0;0.0;0.0;0.0;0.0;0.0;0.0
2030-02-24 21:00:00;121.4047750973227;0.0;0.0;0.0;0.0;0.0;0.0;0.0
2030-02-24 22:00:00;121.3457512733033;0.0;0.0;0.0;0.0;0.0;0.0;0.0
2030-02-24 23:00:00;121.33151973625;0.0;0.0;0.0;0.0;0.0;0.0;0.0
2030-02-25 00:00:00;121.3387904229499;0.0;0.0;0.0;0.0;0.0;0.0;0.0
2030-02-25 01:00:00;121.323225333513;0.0;0.0;0.0;0.0;0.0;0.0;0.0
2030-02-25 02:00:00;121.3103692186197;0.0;0.0;0.0;0.0;0.0;0.0;0.0
2030-02-25 03:00:00;121.3161891175617;0.0;0.0;0.0;0.0;0.0;0.0;0.0
2030-02-25 04:00:00;121.3517135294857;0.0;0.0;0.0;0.0;0.0;0.0;0.0
2030-02-25 05:00:00;121.422136400174;0.0;0.0;0.0;0.0;0.0;0.0;0.0
2030-02-25 06:00:00;121.6483839248039;0.0;0.0;0.0;0.0;0.0;0.0;0.0
2030-02-25 07:00:00;122.0370652476058;0.0;0.0;0.0;0.0;0.0;0.0;0.0
2030-02-25 08:00:00;122.1943155674393;0.0;0.0;0.0;0.0;0.0;0.0;0.0
2030-02-25 09:00:00;122.2048960599765;0.0;0.0;0.0;0.0;0.0;0.0;0.0
2030-02-25 10:00:00;122.1870804700494;0.0;0.0;0.0;0.0;0.0;0.0;0.0
2030-02-25 11:00:00;122.3062062648345;0.0;0.0;0.0;0.0;0.0;0.0;0.0
2030-02-25 12:00:00;122.301060469295;0.0;0.0;0.0;0.0;0.0;0.0;0.0
2030-02-25 13:00:00;122.1211627873191;0.0;0.0;0.0;0.0;0.0;0.0;0.0
2030-02-25 14:00:00;122.0543595588146;0.0;0.0;0.0;0.0;0.0;0.0;0.0
2030-02-25 15:00:00;122.078759171106;0.0;0.0;0.0;0.0;0.0;0.0;0.0
2030-02-25 16:00:00;122.1533313366516;0.0;0.0;0.0;0.0;0.0;0.0;0.0
2030-02-25 17:00:00;122.2218135431963;0.0;0.0;0.0;0.0;0.0;0.0;0.0
2030-02-25 18:00:00;122.255003715077;0.0;0.0;0.0;0.0;0.0;0.0;0.0
2030-02-25 19:00:00;122.2779002023898;0.0;0.0;0.0;0.0;0.0;0.0;0.0
2030-02-25 20:00:00;122.2943215287574;0.0;0.0;0.0;0.0;0.0;0.0;0.0
2030-02-25 21:00:00;132.1606119782907;0.0;0.0;0.0;0.0;0.0;0.0;0.0
2030-02-25 22:00:00;132.0432321531882;0.0;0.0;0.0;0.0;0.0;0.0;0.0
2030-02-25 23:00:00;131.8904430580474;0.0;0.0;0.0;0.0;0.0;0.0;0.0
2030-02-26 00:00:00;131.5849423268522;0.0;0.0;0.0;0.0;0.0;0.0;0.0
2030-02-26 01:00:00;131.5766730459813;0.0;0.0;0.0;0.0;0.0;0.0;0.0
2030-02-26 02:00:00;131.5833743037199;0.0;0.0;0.0;0.0;0.0;0.0;0.0
2030-02-26 03:00:00;131.6966571711859;0.0;0.0;0.0;0.0;0.0;0.0;0.0
2030-02-26 04:00:00;131.6976913546669;0.0;0.0;0.0;0.0;0.0;0.0;0.0
2030-02-26 05:00:00;131.7012377247417;0.0;0.0;0.0;0.0;0.0;0.0;0.0
2030-02-26 06:00:00;131.9034854934463;0.0;0.0;0.0;0.0;0.0;0.0;0.0
2030-02-26 07:00:00;132.1844547225539;0.0;0.0;0.0;0.0;0.0;0.0;0.0
2030-02-26 08:00:00;132.252991359808;0.0;0.0;0.0;0.0;0.0;0.0;0.0
2030-02-26 09:00:00;132.2418539992426;0.0;0.0;0.0;0.0;0.0;0.0;0.0
2030-02-26 10:00:00;132.1446449389988;0.0;0.0;0.0;0.0;0.0;0.0;0.0
2030-02-26 11:00:00;132.0035312310522;0.0;0.0;0.0;0.0;0.0;0.0;0.0
2030-02-26 12:00:00;131.8163942647088;0.0;0.0;0.0;0.0;0.0;0.0;0.0
2030-02-26 13:00:00;131.8177634064023;0.0;0.0;0.0;0.0;0.0;0.0;0.0
2030-02-26 14:00:00;131.8856573425863;0.0;0.0;0.0;0.0;0.0;0.0;0.0
2030-02-26 15:00:00;131.8336153038087;0.0;0.0;0.0;0.0;0.0;0.0;0.0
2030-02-26 16:00:00;131.9948558133486;0.0;0.0;0.0;0.0;0.0;0.0;0.0
2030-02-26 17:00:00;132.0091334071562;0.0;0.0;0.0;0.0;0.0;0.0;0.0
2030-02-26 18:00:00;132.0593771390305;0.0;0.0;0.0;0.0;0.0;0.0;0.0
2030-02-26 19:00:00;132.1222173931834;0.0;0.0;0.0;0.0;0.0;0.0;0.0
2030-02-26 20:00:00;132.1385801018638;0.0;0.0;0.0;0.0;0.0;0.0;0.0
2030-02-26 21:00:00;132.1726474455634;0.0;0.0;0.0;0.0;0.0;0.0;0.0
2030-02-26 22:00:00;132.1030305680739;0.0;0.0;0.0;0.0;0.0;0.0;0.0
2030-02-26 23:00:00;132.0496863792452;0.0;0.0;0.0;0.0;0.0;0.0;0.0
2030-02-27 00:00:00;132.0061229702213;0.0;0.0;0.0;0.0;0.0;0.0;0.0
2030-02-27 01:00:00;131.9370587737825;0.0;0.0;0.0;0.0;0.0;0.0;0.0
2030-02-27 02:00:00;131.9602504430202;0.0;0.0;0.0;0.0;0.0;0.0;0.0
2030-02-27 03:00:00;131.8938261359935;0.0;0.0;0.0;0.0;0.0;0.0;0.0
2030-02-27 04:00:00;131.9141476320478;0.0;0.0;0.0;0.0;0.0;0.0;0.0
2030-02-27 05:00:00;131.9418465827324;0.0;0.0;0.0;0.0;0.0;0.0;0.0
2030-02-27 06:00:00;132.0383124544421;0.0;0.0;0.0;0.0;0.0;0.0;0.0
2030-02-27 07:00:00;132.1553887236646;0.0;0.0;0.0;0.0;0.0;0.0;0.0
2030-02-27 08:00:00;132.1909173225661;0.0;0.0;0.0;0.0;0.0;0.0;0.0
2030-02-27 09:00:00;132.1607124657544;0.0;0.0;0.0;0.0;0.0;0.0;0.0
2030-02-27 10:00:00;132.0887718156658;0.0;0.0;0.0;0.0;0.0;0.0;0.0
2030-02-27 11:00:00;132.0571140776073;0.0;0.0;0.0;0.0;0.0;0.0;0.0
2030-02-27 12:00:00;131.9930805348224;0.0;0.0;0.0;0.0;0.0;0.0;0.0
2030-02-27 13:00:00;131.9389219788395;0.0;0.0;0.0;0.0;0.0;0.0;0.0
2030-02-27 14:00:00;131.8715870041726;0.0;0.0;0.0;0.0;0.0;0.0;0.0
2030-02-27 15:00:00;131.8871667480313;0.0;0.0;0.0;0.0;0.0;0.0;0.0
2030-02-27 16:00:00;131.9724743242874;0.0;0.0;0.0;0.0;0.0;0.0;0.0
2030-02-27 17:00:00;132.0090936308685;0.0;0.0;0.0;0.0;0.0;0.0;0.0
2030-02-27 18:00:00;132.0357856134267;0.0;0.0;0.0;0.0;0.0;0.0;0.0
2030-02-27 19:00:00;132.0437031881746;0.0;0.0;0.0;0.0;0.0;0.0;0.0
2030-02-27 20:00:00;132.0567665584618;0.0;0.0;0.0;0.0;0.0;0.0;0.0
2030-02-27 21:00:00;131.8090544928775;0.0;0.0;0.0;0.0;0.0;0.0;0.0
2030-02-27 22:00:00;131.7053137474901;0.0;0.0;0.0;0.0;0.0;0.0;0.0
2030-02-27 23:00:00;131.2938154899508;0.0;0.0;0.0;0.0;0.0;0.0;0.0
2030-02-28 00:00:00;131.1357235876084;0.0;0.0;0.0;0.0;0.0;0.0;0.0
2030-02-28 01:00:00;131.1147656709502;0.0;0.0;0.0;0.0;0.0;0.0;0.0
2030-02-28 02:00:00;130.9536465837624;0.0;0.0;0.0;0.0;0.0;0.0;0.0
2030-02-28 03:00:00;121.2793416206985;0.0;0.0;0.0;0.0;0.0;0.0;0.0
2030-02-28 04:00:00;121.2796263351791;0.0;0.0;0.0;0.0;0.0;0.0;0.0
2030-02-28 05:00:00;130.9525789044601;0.0;0.0;0.0;0.0;0.0;0.0;0.0
2030-02-28 06:00:00;131.0531919775384;0.0;0.0;0.0;0.0;0.0;0.0;0.0
2030-02-28 07:00:00;131.3503229403987;0.0;0.0;0.0;0.0;0.0;0.0;0.0
2030-02-28 08:00:00;131.3659550214782;0.0;0.0;0.0;0.0;0.0;0.0;0.0
2030-02-28 09:00:00;131.3591993330299;0.0;0.0;0.0;0.0;0.0;0.0;0.0
2030-02-28 10:00:00;131.3799751161599;0.0;0.0;0.0;0.0;0.0;0.0;0.0
2030-02-28 11:00:00;131.3186254260526;0.0;0.0;0.0;0.0;0.0;0.0;0.0
2030-02-28 12:00:00;131.2522429888025;0.0;0.0;0.0;0.0;0.0;0.0;0.0
2030-02-28 13:00:00;131.1457220902514;0.0;0.0;0.0;0.0;0.0;0.0;0.0
2030-02-28 14:00:00;131.1021147179621;0.0;0.0;0.0;0.0;0.0;0.0;0.0
2030-02-28 15:00:00;131.174430102551;0.0;0.0;0.0;0.0;0.0;0.0;0.0
2030-02-28 16:00:00;131.2943870124009;0.0;0.0;0.0;0.0;0.0;0.0;0.0
2030-02-28 17:00:00;131.2814722798203;0.0;0.0;0.0;0.0;0.0;0.0;0.0
2030-02-28 18:00:00;131.3320886527061;0.0;0.0;0.0;0.0;0.0;0.0;0.0
2030-02-28 19:00:00;131.2777542436616;0.0;0.0;0.0;0.0;0.0;0.0;0.0
2030-02-28 20:00:00;131.0881909237664;0.0;0.0;0.0;0.0;0.0;0.0;0.0
2030-02-28 21:00:00;131.0757053563957;0.0;0.0;0.0;0.0;0.0;0.0;0.0
2030-02-28 22:00:00;131.0586852922233;0.0;0.0;0.0;0.0;0.0;0.0;0.0
2030-02-28 23:00:00;130.9635801882517;0.0;0.0;0.0;0.0;0.0;0.0;0.0
2030-03-01 00:00:00;130.9557610074788;0.0;0.0;0.0;0.0;0.0;0.0;0.0
2030-03-01 01:00:00;131.0294057574736;0.0;0.0;0.0;0.0;0.0;0.0;0.0
2030-03-01 02:00:00;131.1219882074072;0.0;0.0;0.0;0.0;0.0;0.0;0.0
2030-03-01 03:00:00;131.1693052418998;0.0;0.0;0.0;0.0;0.0;0.0;0.0
2030-03-01 04:00:00;131.1856616701137;0.0;0.0;0.0;0.0;0.0;0.0;0.0
2030-03-01 05:00:00;131.3126443284707;0.0;0.0;0.0;0.0;0.0;0.0;0.0
2030-03-01 06:00:00;131.6271993988473;0.0;0.0;0.0;0.0;0.0;0.0;0.0
2030-03-01 07:00:00;131.8816755268352;0.0;0.0;0.0;0.0;0.0;0.0;0.0
2030-03-01 08:00:00;131.9023905987892;0.0;0.0;0.0;0.0;0.0;0.0;0.0
2030-03-01 09:00:00;132.0059492106487;0.0;0.0;0.0;0.0;0.0;0.0;0.0
2030-03-01 10:00:00;132.0356809389852;0.0;0.0;0.0;0.0;0.0;0.0;0.0
2030-03-01 11:00:00;132.0862847509379;0.0;0.0;0.0;0.0;0.0;0.0;0.0
2030-03-01 12:00:00;132.2301011529616;0.0;0.0;0.0;0.0;0.0;0.0;0.0
2030-03-01 13:00:00;132.1888908253805;0.0;0.0;0.0;0.0;0.0;0.0;0.0
2030-03-01 14:00:00;132.0397569617336;0.0;0.0;0.0;0.0;0.0;0.0;0.0
2030-03-01 15:00:00;132.1452227419154;0.0;0.0;0.0;0.0;0.0;0.0;0.0
2030-03-01 16:00:00;132.1801588834786;0.0;0.0;0.0;0.0;0.0;0.0;0.0
2030-03-01 17:00:00;132.18267525705;0.0;0.0;0.0;0.0;0.0;0.0;0.0
2030-03-01 18:00:00;132.1913757966195;0.0;0.0;0.0;0.0;0.0;0.0;0.0
2030-03-01 19:00:00;132.1159285527438;0.0;0.0;0.0;0.0;0.0;0.0;0.0
2030-03-01 20:00:00;132.1471424711707;0.0;0.0;0.0;0.0;0.0;0.0;0.0
2030-03-01 21:00:00;132.0683477386588;0.0;0.0;0.0;0.0;0.0;0.0;0.0
2030-03-01 22:00:00;131.9961705243326;0.0;0.0;0.0;0.0;0.0;0.0;0.0
2030-03-01 23:00:00;131.9550690581706;0.0;0.0;0.0;0.0;0.0;0.0;0.0
2030-03-02 00:00:00;131.8863126045895;0.0;0.0;0.0;0.0;0.0;0.0;0.0
2030-03-02 01:00:00;131.4777619793203;0.0;0.0;0.0;0.0;0.0;0.0;0.0
2030-03-02 02:00:00;131.2136076524801;0.0;0.0;0.0;0.0;0.0;0.0;0.0
2030-03-02 03:00:00;131.1529634681077;0.0;0.0;0.0;0.0;0.0;0.0;0.0
2030-03-02 04:00:00;131.1683757328602;0.0;0.0;0.0;0.0;0.0;0.0;0.0
2030-03-02 05:00:00;131.1780518382236;0.0;0.0;0.0;0.0;0.0;0.0;0.0
2030-03-02 06:00:00;131.1615153699705;0.0;0.0;0.0;0.0;0.0;0.0;0.0
2030-03-02 07:00:00;131.1289720861377;0.0;0.0;0.0;0.0;0.0;0.0;0.0
2030-03-02 08:00:00;131.1816421715638;0.0;0.0;0.0;0.0;0.0;0.0;0.0
2030-03-02 09:00:00;131.2072601943532;0.0;0.0;0.0;0.0;0.0;0.0;0.0
2030-03-02 10:00:00;131.2058491828831;0.0;0.0;0.0;0.0;0.0;0.0;0.0
2030-03-02 11:00:00;131.1567610568419;0.0;0.0;0.0;0.0;0.0;0.0;0.0
2030-03-02 12:00:00;131.1133965292567;0.0;0.0;0.0;0.0;0.0;0.0;0.0
2030-03-02 13:00:00;131.0505499946374;0.0;0.0;0.0;0.0;0.0;0.0;0.0
2030-03-02 14:00:00;131.0252124993509;0.0;0.0;0.0;0.0;0.0;0.0;0.0
2030-03-02 15:00:00;130.9581161824105;0.0;0.0;0.0;0.0;0.0;0.0;0.0
2030-03-02 16:00:00;131.0358641705082;0.0;0.0;0.0;0.0;0.0;0.0;0.0
2030-03-02 17:00:00;131.0670822759128;0.0;0.0;0.0;0.0;0.0;0.0;0.0
2030-03-02 18:00:00;131.0754269223815;0.0;0.0;0.0;0.0;0.0;0.0;0.0
2030-03-02 19:00:00;131.1145332936904;0.0;0.0;0.0;0.0;0.0;0.0;0.0
2030-03-02 20:00:00;131.1419182210507;0.0;0.0;0.0;0.0;0.0;0.0;0.0
2030-03-02 21:00:00;131.0545904280755;0.0;0.0;0.0;0.0;0.0;0.0;0.0
2030-03-02 22:00:00;130.9913461305788;0.0;0.0;0.0;0.0;0.0;0.0;0.0
2030-03-02 23:00:00;130.7303069151148;0.0;0.0;0.0;0.0;0.0;0.0;0.0
2030-03-03 00:00:00;130.6830212829546;0.0;0.0;0.0;0.0;0.0;0.0;0.0
2030-03-03 01:00:00;130.6158558808827;0.0;0.0;0.0;0.0;0.0;0.0;0.0
2030-03-03 02:00:00;130.5715346289032;0.0;0.0;0.0;0.0;0.0;0.0;0.0
2030-03-03 03:00:00;130.4847343951127;0.0;0.0;0.0;0.0;0.0;0.0;0.0
2030-03-03 04:00:00;130.4142403458042;0.0;0.0;0.0;0.0;0.0;0.0;0.0
2030-03-03 05:00:00;130.4355981188284;0.0;0.0;0.0;0.0;0.0;0.0;0.0
2030-03-03 06:00:00;130.4233826115166;0.0;0.0;0.0;0.0;0.0;0.0;0.0
2030-03-03 07:00:00;130.4950825103899;0.0;0.0;0.0;0.0;0.0;0.0;0.0
2030-03-03 08:00:00;130.5191555384243;0.0;0.0;0.0;0.0;0.0;0.0;0.0
2030-03-03 09:00:00;130.6891949815086;0.0;0.0;0.0;0.0;0.0;0.0;0.0
2030-03-03 10:00:00;130.8184051119786;0.0;0.0;0.0;0.0;0.0;0.0;0.0
2030-03-03 11:00:00;130.9107405302306;0.0;0.0;0.0;0.0;0.0;0.0;0.0
2030-03-03 12:00:00;130.9144187901016;0.0;0.0;0.0;0.0;0.0;0.0;0.0
2030-03-03 13:00:00;130.9158172406387;0.0;0.0;0.0;0.0;0.0;0.0;0.0
2030-03-03 14:00:00;130.8883150779041;0.0;0.0;0.0;0.0;0.0;0.0;0.0
2030-03-03 15:00:00;130.8107136340242;0.0;0.0;0.0;0.0;0.0;0.0;0.0
2030-03-03 16:00:00;130.8157233527899;0.0;0.0;0.0;0.0;0.0;0.0;0.0
2030-03-03 17:00:00;130.7657119981755;0.0;0.0;0.0;0.0;0.0;0.0;0.0
2030-03-03 18:00:00;130.8229605436686;0.0;0.0;0.0;0.0;0.0;0.0;0.0
2030-03-03 19:00:00;130.8169082674666;0.0;0.0;0.0;0.0;0.0;0.0;0.0
2030-03-03 20:00:00;130.8398068482683;0.0;0.0;0.0;0.0;0.0;0.0;0.0
2030-03-03 21:00:00;130.8450908140704;0.0;0.0;0.0;0.0;0.0;0.0;0.0
2030-03-03 22:00:00;130.8213757726257;0.0;0.0;0.0;0.0;0.0;0.0;0.0
2030-03-03 23:00:00;130.6885418129942;0.0;0.0;0.0;0.0;0.0;0.0;0.0
2030-03-04 00:00:00;130.6250358293939;0.0;0.0;0.0;0.0;0.0;0.0;0.0
2030-03-04 01:00:00;130.3968476406205;0.0;0.0;0.0;0.0;0.0;0.0;0.0
2030-03-04 02:00:00;130.2989288876639;0.0;0.0;0.0;0.0;0.0;0.0;0.0
2030-03-04 03:00:00;130.3632743602843;0.0;0.0;0.0;0.0;0.0;0.0;0.0
2030-03-04 04:00:00;130.3337959440959;0.0;0.0;0.0;0.0;0.0;0.0;0.0
2030-03-04 05:00:00;130.3308357508929;0.0;0.0;0.0;0.0;0.0;0.0;0.0
2030-03-04 06:00:00;130.5643330273346;0.0;0.0;0.0;0.0;0.0;0.0;0.0
2030-03-04 07:00:00;131.1083575016475;0.0;0.0;0.0;0.0;0.0;0.0;0.0
2030-03-04 08:00:00;131.3923601960669;0.0;0.0;0.0;0.0;0.0;0.0;0.0
2030-03-04 09:00:00;131.5654980026169;0.0;0.0;0.0;0.0;0.0;0.0;0.0
2030-03-04 10:00:00;131.6872699672807;0.0;0.0;0.0;0.0;0.0;0.0;0.0
2030-03-04 11:00:00;131.6840732098402;0.0;0.0;0.0;0.0;0.0;0.0;0.0
2030-03-04 12:00:00;131.6043489682886;0.0;0.0;0.0;0.0;0.0;0.0;0.0
2030-03-04 13:00:00;131.5484318816902;0.0;0.0;0.0;0.0;0.0;0.0;0.0
2030-03-04 14:00:00;131.5649620694768;0.0;0.0;0.0;0.0;0.0;0.0;0.0
2030-03-04 15:00:00;131.4401566395011;0.0;0.0;0.0;0.0;0.0;0.0;0.0
2030-03-04 16:00:00;121.6273925123246;0.0;0.0;0.0;0.0;0.0;0.0;0.0
2030-03-04 17:00:00;131.4756559295592;0.0;0.0;0.0;0.0;0.0;0.0;0.0
2030-03-04 18:00:00;131.5258975679446;0.0;0.0;0.0;0.0;0.0;0.0;0.0
2030-03-04 19:00:00;131.5479273508826;0.0;0.0;0.0;0.0;0.0;0.0;0.0
2030-03-04 20:00:00;131.6197570460635;0.0;0.0;0.0;0.0;0.0;0.0;0.0
2030-03-04 21:00:00;131.6052010182417;0.0;0.0;0.0;0.0;0.0;0.0;0.0
2030-03-04 22:00:00;131.493352190623;0.0;0.0;0.0;0.0;0.0;0.0;0.0
2030-03-04 23:00:00;131.3899715253141;0.0;0.0;0.0;0.0;0.0;0.0;0.0
2030-03-05 00:00:00;131.3080888967808;0.0;0.0;0.0;0.0;0.0;0.0;0.0
2030-03-05 01:00:00;131.2411495915024;0.0;0.0;0.0;0.0;0.0;0.0;0.0
2030-03-05 02:00:00;131.169121014883;0.0;0.0;0.0;0.0;0.0;0.0;0.0
2030-03-05 03:00:00;131.2196034044837;0.0;0.0;0.0;0.0;0.0;0.0;0.0
2030-03-05 04:00:00;131.15533539095;0.0;0.0;0.0;0.0;0.0;0.0;0.0
2030-03-05 05:00:00;131.2331859600004;0.0;0.0;0.0;0.0;0.0;0.0;0.0
2030-03-05 06:00:00;131.3960091470943;0.0;0.0;0.0;0.0;0.0;0.0;0.0
2030-03-05 07:00:00;131.6957004467914;0.0;0.0;0.0;0.0;0.0;0.0;0.0
2030-03-05 08:00:00;132.0054174644863;0.0;0.0;0.0;0.0;0.0;0.0;0.0
2030-03-05 09:00:00;132.3887645777541;0.0;0.0;0.0;0.0;0.0;0.0;0.0
2030-03-05 10:00:00;132.2006520456168;0.0;0.0;0.0;0.0;0.0;0.0;0.0
2030-03-05 11:00:00;132.1009077704022;0.0;0.0;0.0;0.0;0.0;0.0;0.0
2030-03-05 12:00:00;132.1206703049395;0.0;0.0;0.0;0.0;0.0;0.0;0.0
2030-03-05 13:00:00;132.0421833152853;0.0;0.0;0.0;0.0;0.0;0.0;0.0
2030-03-05 14:00:00;131.9765021967927;0.0;0.0;0.0;0.0;0.0;0.0;0.0
2030-03-05 15:00:00;131.8419620437663;0.0;0.0;0.0;0.0;0.0;0.0;0.0
2030-03-05 16:00:00;131.7610821963817;0.0;0.0;0.0;0.0;0.0;0.0;0.0
2030-03-05 17:00:00;131.888644751144;0.0;0.0;0.0;0.0;0.0;0.0;0.0
2030-03-05 18:00:00;131.9517194760456;0.0;0.0;0.0;0.0;0.0;0.0;0.0
2030-03-05 19:00:00;132.0081704022952;0.0;0.0;0.0;0.0;0.0;0.0;0.0
2030-03-05 20:00:00;132.1128301892782;0.0;0.0;0.0;0.0;0.0;0.0;0.0
2030-03-05 21:00:00;132.057153853895;0.0;0.0;0.0;0.0;0.0;0.0;0.0
2030-03-05 22:00:00;131.8957291173383;0.0;0.0;0.0;0.0;0.0;0.0;0.0
2030-03-05 23:00:00;121.7391827222561;0.0;0.0;0.0;0.0;0.0;0.0;0.0
2030-03-06 00:00:00;121.4048211540768;0.0;0.0;0.0;0.0;0.0;0.0;0.0
2030-03-06 01:00:00;121.3399355613389;0.0;0.0;0.0;0.0;0.0;0.0;0.0
2030-03-06 02:00:00;121.3269957068924;0.0;0.0;0.0;0.0;0.0;0.0;0.0
2030-03-06 03:00:00;121.3104152753739;0.0;0.0;0.0;0.0;0.0;0.0;0.0
2030-03-06 04:00:00;121.3093831853816;0.0;0.0;0.0;0.0;0.0;0.0;0.0
2030-03-06 05:00:00;121.316149341274;0.0;0.0;0.0;0.0;0.0;0.0;0.0
2030-03-06 06:00:00;121.3685054033759;0.0;0.0;0.0;0.0;0.0;0.0;0.0
2030-03-06 07:00:00;121.476366134777;0.0;0.0;0.0;0.0;0.0;0.0;0.0
2030-03-06 08:00:00;121.5423340612391;0.0;0.0;0.0;0.0;0.0;0.0;0.0
2030-03-06 09:00:00;121.7139687428105;0.0;0.0;0.0;0.0;0.0;0.0;0.0
2030-03-06 10:00:00;121.7313279521731;0.0;0.0;0.0;0.0;0.0;0.0;0.0
2030-03-06 11:00:00;121.6912522955368;0.0;0.0;0.0;0.0;0.0;0.0;0.0
2030-03-06 12:00:00;121.6595317528135;0.0;0.0;0.0;0.0;0.0;0.0;0.0
2030-03-06 13:00:00;121.7404513764859;0.0;0.0;0.0;0.0;0.0;0.0;0.0
2030-03-06 14:00:00;121.8407441457734;0.0;0.0;0.0;0.0;0.0;0.0;0.0
2030-03-06 15:00:00;121.8209041521496;0.0;0.0;0.0;0.0;0.0;0.0;0.0
2030-03-06 16:00:00;121.8247017408837;0.0;0.0;0.0;0.0;0.0;0.0;0.0
2030-03-06 17:00:00;121.7301639723847;0.0;0.0;0.0;0.0;0.0;0.0;0.0
2030-03-06 18:00:00;121.5734872684899;0.0;0.0;0.0;0.0;0.0;0.0;0.0
2030-03-06 19:00:00;131.5109437772455;0.0;0.0;0.0;0.0;0.0;0.0;0.0
2030-03-06 20:00:00;131.5138265113618;0.0;0.0;0.0;0.0;0.0;0.0;0.0
2030-03-06 21:00:00;131.5821517062443;0.0;0.0;0.0;0.0;0.0;0.0;0.0
2030-03-06 22:00:00;131.4399933473726;0.0;0.0;0.0;0.0;0.0;0.0;0.0
2030-03-06 23:00:00;131.3915123330915;0.0;0.0;0.0;0.0;0.0;0.0;0.0
2030-03-07 00:00:00;131.3098872036841;0.0;0.0;0.0;0.0;0.0;0.0;0.0
2030-03-07 01:00:00;131.3765334205265;0.0;0.0;0.0;0.0;0.0;0.0;0.0
2030-03-07 02:00:00;131.3264550742696;0.0;0.0;0.0;0.0;0.0;0.0;0.0
2030-03-07 03:00:00;131.3064517885172;0.0;0.0;0.0;0.0;0.0;0.0;0.0
2030-03-07 04:00:00;131.3607778236063;0.0;0.0;0.0;0.0;0.0;0.0;0.0
2030-03-07 05:00:00;131.4389235745814;0.0;0.0;0.0;0.0;0.0;0.0;0.0
2030-03-07 06:00:00;131.5112578005697;0.0;0.0;0.0;0.0;0.0;0.0;0.0
2030-03-07 07:00:00;131.6373318847753;0.0;0.0;0.0;0.0;0.0;0.0;0.0
2030-03-07 08:00:00;131.6454357800288;0.0;0.0;0.0;0.0;0.0;0.0;0.0
2030-03-07 09:00:00;131.6767459989418;0.0;0.0;0.0;0.0;0.0;0.0;0.0
2030-03-07 10:00:00;131.6198219442171;0.0;0.0;0.0;0.0;0.0;0.0;0.0
2030-03-07 11:00:00;131.5969233634154;0.0;0.0;0.0;0.0;0.0;0.0;0.0
2030-03-07 12:00:00;131.6034550485591;0.0;0.0;0.0;0.0;0.0;0.0;0.0
2030-03-07 13:00:00;131.5255018985561;0.0;0.0;0.0;0.0;0.0;0.0;0.0
2030-03-07 14:00:00;131.6181136573334;0.0;0.0;0.0;0.0;0.0;0.0;0.0
2030-03-07 15:00:00;131.5690485596694;0.0;0.0;0.0;0.0;0.0;0.0;0.0
2030-03-07 16:00:00;131.4999697088087;0.0;0.0;0.0;0.0;0.0;0.0;0.0
2030-03-07 17:00:00;131.7136081502269;0.0;0.0;0.0;0.0;0.0;0.0;0.0
2030-03-07 18:00:00;131.7147930649036;0.0;0.0;0.0;0.0;0.0;0.0;0.0
2030-03-07 19:00:00;131.3892911414449;0.0;0.0;0.0;0.0;0.0;0.0;0.0
2030-03-07 20:00:00;131.4915831925633;0.0;0.0;0.0;0.0;0.0;0.0;0.0
2030-03-07 21:00:00;131.5202493350864;0.0;0.0;0.0;0.0;0.0;0.0;0.0
2030-03-07 22:00:00;131.3744545861203;0.0;0.0;0.0;0.0;0.0;0.0;0.0
2030-03-07 23:00:00;131.1085270742426;0.0;0.0;0.0;0.0;0.0;0.0;0.0
2030-03-08 00:00:00;130.8474752978456;0.0;0.0;0.0;0.0;0.0;0.0;0.0
2030-03-08 01:00:00;121.2221307580043;0.0;0.0;0.0;0.0;0.0;0.0;0.0
2030-03-08 02:00:00;121.2290225232264;0.0;0.0;0.0;0.0;0.0;0.0;0.0
2030-03-08 03:00:00;121.2401075465711;0.0;0.0;0.0;0.0;0.0;0.0;0.0
2030-03-08 04:00:00;121.2549085125857;0.0;0.0;0.0;0.0;0.0;0.0;0.0
2030-03-08 05:00:00;121.2887204506483;0.0;0.0;0.0;0.0;0.0;0.0;0.0
2030-03-08 06:00:00;121.39361470838;0.0;0.0;0.0;0.0;0.0;0.0;0.0
2030-03-08 07:00:00;121.6501047726206;0.0;0.0;0.0;0.0;0.0;0.0;0.0
2030-03-08 08:00:00;121.9256644265963;0.0;0.0;0.0;0.0;0.0;0.0;0.0
2030-03-08 09:00:00;122.0715659434928;0.0;0.0;0.0;0.0;0.0;0.0;0.0
2030-03-08 10:00:00;122.0399898514986;0.0;0.0;0.0;0.0;0.0;0.0;0.0
2030-03-08 11:00:00;122.0781709007454;0.0;0.0;0.0;0.0;0.0;0.0;0.0
2030-03-08 12:00:00;122.0386248967827;0.0;0.0;0.0;0.0;0.0;0.0;0.0
2030-03-08 13:00:00;122.0683545316305;0.0;0.0;0.0;0.0;0.0;0.0;0.0
2030-03-08 14:00:00;121.9925325532545;0.0;0.0;0.0;0.0;0.0;0.0;0.0
2030-03-08 15:00:00;122.047413362883;0.0;0.0;0.0;0.0;0.0;0.0;0.0
2030-03-08 16:00:00;122.1180037126776;0.0;0.0;0.0;0.0;0.0;0.0;0.0
2030-03-08 17:00:00;122.2736441396023;0.0;0.0;0.0;0.0;0.0;0.0;0.0
2030-03-08 18:00:00;122.3082557903972;0.0;0.0;0.0;0.0;0.0;0.0;0.0
2030-03-08 19:00:00;122.3127023606681;0.0;0.0;0.0;0.0;0.0;0.0;0.0
2030-03-08 20:00:00;122.2653727652425;0.0;0.0;0.0;0.0;0.0;0.0;0.0
2030-03-08 21:00:00;121.8838616416769;0.0;0.0;0.0;0.0;0.0;0.0;0.0
2030-03-08 22:00:00;121.5498957428862;0.0;0.0;0.0;0.0;0.0;0.0;0.0
2030-03-08 23:00:00;121.3015221348321;0.0;0.0;0.0;0.0;0.0;0.0;0.0
2030-03-09 00:00:00;121.2393287687271;0.0;0.0;0.0;0.0;0.0;0.0;0.0
2030-03-09 01:00:00;121.1691257143657;0.0;0.0;0.0;0.0;0.0;0.0;0.0
2030-03-09 02:00:00;121.1110607082297;0.0;0.0;0.0;0.0;0.0;0.0;0.0
2030-03-09 03:00:00;121.0547877285305;0.0;0.0;0.0;0.0;0.0;0.0;0.0
2030-03-09 04:00:00;121.0063988277579;0.0;0.0;0.0;0.0;0.0;0.0;0.0
2030-03-09 05:00:00;120.988252466596;0.0;0.0;0.0;0.0;0.0;0.0;0.0
2030-03-09 06:00:00;120.9974177606854;0.0;0.0;0.0;0.0;0.0;0.0;0.0
2030-03-09 07:00:00;121.0131838250498;0.0;0.0;0.0;0.0;0.0;0.0;0.0
2030-03-09 08:00:00;121.0247189484925;0.0;0.0;0.0;0.0;0.0;0.0;0.0
2030-03-09 09:00:00;121.0346274311159;0.0;0.0;0.0;0.0;0.0;0.0;0.0
2030-03-09 10:00:00;121.1264080748284;0.0;0.0;0.0;0.0;0.0;0.0;0.0
2030-03-09 11:00:00;121.1116112957915;0.0;0.0;0.0;0.0;0.0;0.0;0.0
2030-03-09 12:00:00;121.0698524741375;0.0;0.0;0.0;0.0;0.0;0.0;0.0
2030-03-09 13:00:00;121.0829409662907;0.0;0.0;0.0;0.0;0.0;0.0;0.0
2030-03-09 14:00:00;121.0986295715685;0.0;0.0;0.0;0.0;0.0;0.0;0.0
2030-03-09 15:00:00;121.103980529013;0.0;0.0;0.0;0.0;0.0;0.0;0.0
2030-03-09 16:00:00;121.142111334528;0.0;0.0;0.0;0.0;0.0;0.0;0.0
2030-03-09 17:00:00;130.652083705053;0.0;0.0;0.0;0.0;0.0;0.0;0.0
2030-03-09 18:00:00;130.8111176773681;0.0;0.0;0.0;0.0;0.0;0.0;0.0
2030-03-09 19:00:00;130.7746407280273;0.0;0.0;0.0;0.0;0.0;0.0;0.0
2030-03-09 20:00:00;130.8470712545018;0.0;0.0;0.0;0.0;0.0;0.0;0.0
2030-03-09 21:00:00;130.7726226047971;0.0;0.0;0.0;0.0;0.0;0.0;0.0
2030-03-09 22:00:00;130.7347660463186;0.0;0.0;0.0;0.0;0.0;0.0;0.0
2030-03-09 23:00:00;130.6783318679797;0.0;0.0;0.0;0.0;0.0;0.0;0.0
2030-03-10 00:00:00;121.1734424883292;0.0;0.0;0.0;0.0;0.0;0.0;0.0
2030-03-10 01:00:00;121.2062348973326;0.0;0.0;0.0;0.0;0.0;0.0;0.0
2030-03-10 02:00:00;121.2297657117603;0.0;0.0;0.0;0.0;0.0;0.0;0.0
2030-03-10 03:00:00;121.1710747524647;0.0;0.0;0.0;0.0;0.0;0.0;0.0
2030-03-10 04:00:00;121.1871485596868;0.0;0.0;0.0;0.0;0.0;0.0;0.0
2030-03-10 05:00:00;121.1649387367095;0.0;0.0;0.0;0.0;0.0;0.0;0.0
2030-03-10 06:00:00;121.1592591015189;0.0;0.0;0.0;0.0;0.0;0.0;0.0
2030-03-10 07:00:00;121.1562277296959;0.0;0.0;0.0;0.0;0.0;0.0;0.0
2030-03-10 08:00:00;121.0959394384243;0.0;0.0;0.0;0.0;0.0;0.0;0.0
2030-03-10 09:00:00;121.1237305026173;0.0;0.0;0.0;0.0;0.0;0.0;0.0
2030-03-10 10:00:00;121.1428252142183;0.0;0.0;0.0;0.0;0.0;0.0;0.0
2030-03-10 11:00:00;121.1397917489064;0.0;0.0;0.0;0.0;0.0;0.0;0.0
2030-03-10 12:00:00;121.1367729380163;0.0;0.0;0.0;0.0;0.0;0.0;0.0
2030-03-10 13:00:00;121.1397750009958;0.0;0.0;0.0;0.0;0.0;0.0;0.0
2030-03-10 14:00:00;121.1037565257085;0.0;0.0;0.0;0.0;0.0;0.0;0.0
2030-03-10 15:00:00;121.1024815910122;0.0;0.0;0.0;0.0;0.0;0.0;0.0
2030-03-10 16:00:00;121.1142763070696;0.0;0.0;0.0;0.0;0.0;0.0;0.0
2030-03-10 17:00:00;121.1094319739215;0.0;0.0;0.0;0.0;0.0;0.0;0.0
2030-03-10 18:00:00;121.1128150518676;0.0;0.0;0.0;0.0;0.0;0.0;0.0
2030-03-10 19:00:00;121.1377840931204;0.0;0.0;0.0;0.0;0.0;0.0;0.0
2030-03-10 20:00:00;121.1581809547724;0.0;0.0;0.0;0.0;0.0;0.0;0.0
2030-03-10 21:00:00;121.1203306767605;0.0;0.0;0.0;0.0;0.0;0.0;0.0
2030-03-10 22:00:00;121.1087808988959;0.0;0.0;0.0;0.0;0.0;0.0;0.0
2030-03-10 23:00:00;121.0970489875032;0.0;0.0;0.0;0.0;0.0;0.0;0.0
2030-03-11 00:00:00;121.0496691483458;0.0;0.0;0.0;0.0;0.0;0.0;0.0
2030-03-11 01:00:00;121.0433258771967;0.0;0.0;0.0;0.0;0.0;0.0;0.0
2030-03-11 02:00:00;121.0509671114192;0.0;0.0;0.0;0.0;0.0;0.0;0.0
2030-03-11 03:00:00;121.0492902268679;0.0;0.0;0.0;0.0;0.0;0.0;0.0
2030-03-11 04:00:00;121.055036853701;0.0;0.0;0.0;0.0;0.0;0.0;0.0
2030-03-11 05:00:00;121.0482916326969;0.0;0.0;0.0;0.0;0.0;0.0;0.0
2030-03-11 06:00:00;121.1149127276734;0.0;0.0;0.0;0.0;0.0;0.0;0.0
2030-03-11 07:00:00;121.2682796257308;0.0;0.0;0.0;0.0;0.0;0.0;0.0
2030-03-11 08:00:00;121.3654112268879;0.0;0.0;0.0;0.0;0.0;0.0;0.0
2030-03-11 09:00:00;121.3857369099199;0.0;0.0;0.0;0.0;0.0;0.0;0.0
2030-03-11 10:00:00;121.3656142953043;0.0;0.0;0.0;0.0;0.0;0.0;0.0
2030-03-11 11:00:00;121.344964121504;0.0;0.0;0.0;0.0;0.0;0.0;0.0
2030-03-11 12:00:00;121.3290033626785;0.0;0.0;0.0;0.0;0.0;0.0;0.0
2030-03-11 13:00:00;121.3168108837438;0.0;0.0;0.0;0.0;0.0;0.0;0.0
2030-03-11 14:00:00;121.3200181086284;0.0;0.0;0.0;0.0;0.0;0.0;0.0
2030-03-11 15:00:00;121.3226349696635;0.0;0.0;0.0;0.0;0.0;0.0;0.0
2030-03-11 16:00:00;121.3331924338235;0.0;0.0;0.0;0.0;0.0;0.0;0.0
2030-03-11 17:00:00;131.1742333146012;0.0;0.0;0.0;0.0;0.0;0.0;0.0
2030-03-11 18:00:00;131.2157848808612;0.0;0.0;0.0;0.0;0.0;0.0;0.0
2030-03-11 19:00:00;131.2212174843701;0.0;0.0;0.0;0.0;0.0;0.0;0.0
2030-03-11 20:00:00;131.2460441683825;0.0;0.0;0.0;0.0;0.0;0.0;0.0
2030-03-11 21:00:00;131.2034814470184;0.0;0.0;0.0;0.0;0.0;0.0;0.0
2030-03-11 22:00:00;131.1839638506742;0.0;0.0;0.0;0.0;0.0;0.0;0.0
2030-03-11 23:00:00;131.1723784834995;0.0;0.0;0.0;0.0;0.0;0.0;0.0
2030-03-12 00:00:00;131.094274602301;0.0;0.0;0.0;0.0;0.0;0.0;0.0
2030-03-12 01:00:00;121.2965333509548;0.0;0.0;0.0;0.0;0.0;0.0;0.0
2030-03-12 02:00:00;121.2878621202289;0.0;0.0;0.0;0.0;0.0;0.0;0.0
2030-03-12 03:00:00;121.4097827225995;0.0;0.0;0.0;0.0;0.0;0.0;0.0
2030-03-12 04:00:00;124.9608108100352;0.0;0.0;0.0;0.0;0.0;0.0;0.0
2030-03-12 05:00:00;130.8862592718749;0.0;0.0;0.0;0.0;0.0;0.0;0.0
2030-03-12 06:00:00;131.0520070628617;0.0;0.0;0.0;0.0;0.0;0.0;0.0
2030-03-12 07:00:00;131.308926292312;0.0;0.0;0.0;0.0;0.0;0.0;0.0
2030-03-12 08:00:00;131.3360997773007;0.0;0.0;0.0;0.0;0.0;0.0;0.0
2030-03-12 09:00:00;131.3926093212374;0.0;0.0;0.0;0.0;0.0;0.0;0.0
2030-03-12 10:00:00;131.3703660024389;0.0;0.0;0.0;0.0;0.0;0.0;0.0
2030-03-12 11:00:00;131.4286319835025;0.0;0.0;0.0;0.0;0.0;0.0;0.0
2030-03-12 12:00:00;121.5757817322456;0.0;0.0;0.0;0.0;0.0;0.0;0.0
2030-03-12 13:00:00;121.6815971250617;0.0;0.0;0.0;0.0;0.0;0.0;0.0
2030-03-12 14:00:00;131.513033079096;0.0;0.0;0.0;0.0;0.0;0.0;0.0
2030-03-12 15:00:00;131.5507682152224;0.0;0.0;0.0;0.0;0.0;0.0;0.0
2030-03-12 16:00:00;131.5731036475293;0.0;0.0;0.0;0.0;0.0;0.0;0.0
2030-03-12 17:00:00;131.590205357766;0.0;0.0;0.0;0.0;0.0;0.0;0.0
2030-03-12 18:00:00;131.5905926531993;0.0;0.0;0.0;0.0;0.0;0.0;0.0
2030-03-12 19:00:00;131.5648490210802;0.0;0.0;0.0;0.0;0.0;0.0;0.0
2030-03-12 20:00:00;131.6541907503079;0.0;0.0;0.0;0.0;0.0;0.0;0.0
2030-03-12 21:00:00;131.6564579987088;0.0;0.0;0.0;0.0;0.0;0.0;0.0
2030-03-12 22:00:00;131.5245744830052;0.0;0.0;0.0;0.0;0.0;0.0;0.0
2030-03-12 23:00:00;131.356542695707;0.0;0.0;0.0;0.0;0.0;0.0;0.0
2030-03-13 00:00:00;131.1464694657629;0.0;0.0;0.0;0.0;0.0;0.0;0.0
2030-03-13 01:00:00;130.9654057105099;0.0;0.0;0.0;0.0;0.0;0.0;0.0
2030-03-13 02:00:00;130.9001788790929;0.0;0.0;0.0;0.0;0.0;0.0;0.0
2030-03-13 03:00:00;130.8180324709672;0.0;0.0;0.0;0.0;0.0;0.0;0.0
2030-03-13 04:00:00;130.871096132293;0.0;0.0;0.0;0.0;0.0;0.0;0.0
2030-03-13 05:00:00;130.8816326615648;0.0;0.0;0.0;0.0;0.0;0.0;0.0
2030-03-13 06:00:00;130.9198744219875;0.0;0.0;0.0;0.0;0.0;0.0;0.0
2030-03-13 07:00:00;131.252529796772;0.0;0.0;0.0;0.0;0.0;0.0;0.0
2030-03-13 08:00:00;131.5360719236491;0.0;0.0;0.0;0.0;0.0;0.0;0.0
2030-03-13 09:00:00;131.7043528361179;0.0;0.0;0.0;0.0;0.0;0.0;0.0
2030-03-13 10:00:00;131.7507110527273;0.0;0.0;0.0;0.0;0.0;0.0;0.0
2030-03-13 11:00:00;131.8304352942788;0.0;0.0;0.0;0.0;0.0;0.0;0.0
2030-03-13 12:00:00;131.6618089561534;0.0;0.0;0.0;0.0;0.0;0.0;0.0
2030-03-13 13:00:00;131.8469926974202;0.0;0.0;0.0;0.0;0.0;0.0;0.0
2030-03-13 14:00:00;131.792802739105;0.0;0.0;0.0;0.0;0.0;0.0;0.0
2030-03-13 15:00:00;131.7114581372005;0.0;0.0;0.0;0.0;0.0;0.0;0.0
2030-03-13 16:00:00;131.6486681267794;0.0;0.0;0.0;0.0;0.0;0.0;0.0
2030-03-13 17:00:00;131.6990856182264;0.0;0.0;0.0;0.0;0.0;0.0;0.0
2030-03-13 18:00:00;131.7863841023581;0.0;0.0;0.0;0.0;0.0;0.0;0.0
2030-03-13 19:00:00;131.6024543608992;0.0;0.0;0.0;0.0;0.0;0.0;0.0
2030-03-13 20:00:00;131.6464406546663;0.0;0.0;0.0;0.0;0.0;0.0;0.0
2030-03-13 21:00:00;131.6426535333763;0.0;0.0;0.0;0.0;0.0;0.0;0.0
2030-03-13 22:00:00;131.5537535302913;0.0;0.0;0.0;0.0;0.0;0.0;0.0
2030-03-13 23:00:00;131.3292980320982;0.0;0.0;0.0;0.0;0.0;0.0;0.0
2030-03-14 00:00:00;131.1906902302788;0.0;0.0;0.0;0.0;0.0;0.0;0.0
2030-03-14 01:00:00;131.0870709072435;0.0;0.0;0.0;0.0;0.0;0.0;0.0
2030-03-14 02:00:00;130.934166670217;0.0;0.0;0.0;0.0;0.0;0.0;0.0
2030-03-14 03:00:00;130.9610177579262;0.0;0.0;0.0;0.0;0.0;0.0;0.0
2030-03-14 04:00:00;130.8269967901292;0.0;0.0;0.0;0.0;0.0;0.0;0.0
2030-03-14 05:00:00;130.7658962251923;0.0;0.0;0.0;0.0;0.0;0.0;0.0
2030-03-14 06:00:00;130.8794344982953;0.0;0.0;0.0;0.0;0.0;0.0;0.0
2030-03-14 07:00:00;131.0408508608967;0.0;0.0;0.0;0.0;0.0;0.0;0.0
2030-03-14 08:00:00;131.3419699199747;0.0;0.0;0.0;0.0;0.0;0.0;0.0
2030-03-14 09:00:00;131.4900570392076;0.0;0.0;0.0;0.0;0.0;0.0;0.0
2030-03-14 10:00:00;131.5265507364589;0.0;0.0;0.0;0.0;0.0;0.0;0.0
2030-03-14 11:00:00;131.5408618260879;0.0;0.0;0.0;0.0;0.0;0.0;0.0
2030-03-14 12:00:00;131.5121391593664;0.0;0.0;0.0;0.0;0.0;0.0;0.0
2030-03-14 13:00:00;131.444395954378;0.0;0.0;0.0;0.0;0.0;0.0;0.0
2030-03-14 14:00:00;131.3919268438795;0.0;0.0;0.0;0.0;0.0;0.0;0.0
2030-03-14 15:00:00;131.3216358629874;0.0;0.0;0.0;0.0;0.0;0.0;0.0
2030-03-14 16:00:00;131.337837373028;0.0;0.0;0.0;0.0;0.0;0.0;0.0
2030-03-14 17:00:00;131.3933022660396;0.0;0.0;0.0;0.0;0.0;0.0;0.0
2030-03-14 18:00:00;131.4552946572171;0.0;0.0;0.0;0.0;0.0;0.0;0.0
2030-03-14 19:00:00;131.4178023657948;0.0;0.0;0.0;0.0;0.0;0.0;0.0
2030-03-14 20:00:00;131.4862573569847;0.0;0.0;0.0;0.0;0.0;0.0;0.0
2030-03-14 21:00:00;131.4990716021015;0.0;0.0;0.0;0.0;0.0;0.0;0.0
2030-03-14 22:00:00;131.3405337866386;0.0;0.0;0.0;0.0;0.0;0.0;0.0
2030-03-14 23:00:00;131.159220906215;0.0;0.0;0.0;0.0;0.0;0.0;0.0
2030-03-15 00:00:00;131.1015390085344;0.0;0.0;0.0;0.0;0.0;0.0;0.0
2030-03-15 01:00:00;130.9112953047701;0.0;0.0;0.0;0.0;0.0;0.0;0.0
2030-03-15 02:00:00;130.8636056292661;0.0;0.0;0.0;0.0;0.0;0.0;0.0
2030-03-15 03:00:00;130.8466023130043;0.0;0.0;0.0;0.0;0.0;0.0;0.0
2030-03-15 04:00:00;130.843732139821;0.0;0.0;0.0;0.0;0.0;0.0;0.0
2030-03-15 05:00:00;130.8933499185356;0.0;0.0;0.0;0.0;0.0;0.0;0.0
2030-03-15 06:00:00;131.0701178347136;0.0;0.0;0.0;0.0;0.0;0.0;0.0
2030-03-15 07:00:00;131.0323073329893;0.0;0.0;0.0;0.0;0.0;0.0;0.0
2030-03-15 08:00:00;131.086248166134;0.0;0.0;0.0;0.0;0.0;0.0;0.0
2030-03-15 09:00:00;131.0845210378508;0.0;0.0;0.0;0.0;0.0;0.0;0.0
2030-03-15 10:00:00;131.0688805828161;0.0;0.0;0.0;0.0;0.0;0.0;0.0
2030-03-15 11:00:00;131.0027137749153;0.0;0.0;0.0;0.0;0.0;0.0;0.0
2030-03-15 12:00:00;130.9884424615742;0.0;0.0;0.0;0.0;0.0;0.0;0.0
2030-03-15 13:00:00;130.9487101371058;0.0;0.0;0.0;0.0;0.0;0.0;0.0
2030-03-15 14:00:00;130.9150070604623;0.0;0.0;0.0;0.0;0.0;0.0;0.0
2030-03-15 15:00:00;131.0096557838693;0.0;0.0;0.0;0.0;0.0;0.0;0.0
2030-03-15 16:00:00;131.0603747377076;0.0;0.0;0.0;0.0;0.0;0.0;0.0
2030-03-15 17:00:00;130.9893615031697;0.0;0.0;0.0;0.0;0.0;0.0;0.0
2030-03-15 18:00:00;130.9984514316614;0.0;0.0;0.0;0.0;0.0;0.0;0.0
2030-03-15 19:00:00;130.9488671487679;0.0;0.0;0.0;0.0;0.0;0.0;0.0
2030-03-15 20:00:00;130.97975029596;0.0;0.0;0.0;0.0;0.0;0.0;0.0
2030-03-15 21:00:00;130.9760490077118;0.0;0.0;0.0;0.0;0.0;0.0;0.0
2030-03-15 22:00:00;130.9337249440743;0.0;0.0;0.0;0.0;0.0;0.0;0.0
2030-03-15 23:00:00;130.8771588759391;0.0;0.0;0.0;0.0;0.0;0.0;0.0
2030-03-16 00:00:00;130.7823971041354;0.0;0.0;0.0;0.0;0.0;0.0;0.0
2030-03-16 01:00:00;130.5793810250309;0.0;0.0;0.0;0.0;0.0;0.0;0.0
2030-03-16 02:00:00;130.436919110279;0.0;0.0;0.0;0.0;0.0;0.0;0.0
2030-03-16 03:00:00;130.4438673996994;0.0;0.0;0.0;0.0;0.0;0.0;0.0
2030-03-16 04:00:00;130.4653633429863;0.0;0.0;0.0;0.0;0.0;0.0;0.0
2030-03-16 05:00:00;130.4836415939444;0.0;0.0;0.0;0.0;0.0;0.0;0.0
2030-03-16 06:00:00;130.4532901929147;0.0;0.0;0.0;0.0;0.0;0.0;0.0
2030-03-16 07:00:00;130.464381496726;0.0;0.0;0.0;0.0;0.0;0.0;0.0
2030-03-16 08:00:00;130.3609401202409;0.0;0.0;0.0;0.0;0.0;0.0;0.0
2030-03-16 09:00:00;130.3369445512933;0.0;0.0;0.0;0.0;0.0;0.0;0.0
2030-03-16 10:00:00;130.3440393849317;0.0;0.0;0.0;0.0;0.0;0.0;0.0
2030-03-16 11:00:00;121.0353161889404;0.0;0.0;0.0;0.0;0.0;0.0;0.0
2030-03-16 12:00:00;126.8910703142039;0.0;0.0;0.0;0.0;0.0;0.0;0.0
2030-03-16 13:00:00;121.3690392430271;0.0;0.0;0.0;0.0;0.0;0.0;0.0
2030-03-16 14:00:00;120.9970472131628;0.0;0.0;0.0;0.0;0.0;0.0;0.0
2030-03-16 15:00:00;121.0222528186531;0.0;0.0;0.0;0.0;0.0;0.0;0.0
2030-03-16 16:00:00;130.3550783515223;0.0;0.0;0.0;0.0;0.0;0.0;0.0
2030-03-16 17:00:00;130.3419605505255;0.0;0.0;0.0;0.0;0.0;0.0;0.0
2030-03-16 18:00:00;130.3524907993308;0.0;0.0;0.0;0.0;0.0;0.0;0.0
2030-03-16 19:00:00;130.3571048487079;0.0;0.0;0.0;0.0;0.0;0.0;0.0
2030-03-16 20:00:00;130.3685939153964;0.0;0.0;0.0;0.0;0.0;0.0;0.0
2030-03-16 21:00:00;130.33678963312;0.0;0.0;0.0;0.0;0.0;0.0;0.0
2030-03-16 22:00:00;130.2654498143251;0.0;0.0;0.0;0.0;0.0;0.0;0.0
2030-03-16 23:00:00;130.2161711808005;0.0;0.0;0.0;0.0;0.0;0.0;0.0
2030-03-17 00:00:00;130.2762187208568;0.0;0.0;0.0;0.0;0.0;0.0;0.0
2030-03-17 01:00:00;130.2485825748371;0.0;0.0;0.0;0.0;0.0;0.0;0.0
2030-03-17 02:00:00;130.1739727264926;0.0;0.0;0.0;0.0;0.0;0.0;0.0
2030-03-17 03:00:00;130.1554600047857;0.0;0.0;0.0;0.0;0.0;0.0;0.0
2030-03-17 04:00:00;130.1925126635542;0.0;0.0;0.0;0.0;0.0;0.0;0.0
2030-03-17 05:00:00;130.2808934814099;0.0;0.0;0.0;0.0;0.0;0.0;0.0
2030-03-17 06:00:00;130.3997596835803;0.0;0.0;0.0;0.0;0.0;0.0;0.0
2030-03-17 07:00:00;130.5168652616463;0.0;0.0;0.0;0.0;0.0;0.0;0.0
2030-03-17 08:00:00;130.5192769607762;0.0;0.0;0.0;0.0;0.0;0.0;0.0
2030-03-17 09:00:00;130.6168335401655;0.0;0.0;0.0;0.0;0.0;0.0;0.0
2030-03-17 10:00:00;121.1651376181482;0.0;0.0;0.0;0.0;0.0;0.0;0.0
2030-03-17 11:00:00;121.1260061249735;0.0;0.0;0.0;0.0;0.0;0.0;0.0
2030-03-17 12:00:00;121.1014495010199;0.0;0.0;0.0;0.0;0.0;0.0;0.0
2030-03-17 13:00:00;121.0970552679697;0.0;0.0;0.0;0.0;0.0;0.0;0.0
2030-03-17 14:00:00;121.0696849950312;0.0;0.0;0.0;0.0;0.0;0.0;0.0
2030-03-17 15:00:00;121.0736584368269;0.0;0.0;0.0;0.0;0.0;0.0;0.0
2030-03-17 16:00:00;121.1051486957791;0.0;0.0;0.0;0.0;0.0;0.0;0.0
2030-03-17 17:00:00;130.6389596235896;0.0;0.0;0.0;0.0;0.0;0.0;0.0
2030-03-17 18:00:00;130.6346009798496;0.0;0.0;0.0;0.0;0.0;0.0;0.0
2030-03-17 19:00:00;130.7175910639729;0.0;0.0;0.0;0.0;0.0;0.0;0.0
2030-03-17 20:00:00;130.745819667331;0.0;0.0;0.0;0.0;0.0;0.0;0.0
2030-03-17 21:00:00;130.6748441155921;0.0;0.0;0.0;0.0;0.0;0.0;0.0
2030-03-17 22:00:00;130.6903631482747;0.0;0.0;0.0;0.0;0.0;0.0;0.0
2030-03-17 23:00:00;130.6652496562929;0.0;0.0;0.0;0.0;0.0;0.0;0.0
2030-03-18 00:00:00;130.6379191596421;0.0;0.0;0.0;0.0;0.0;0.0;0.0
2030-03-18 01:00:00;130.6360685155181;0.0;0.0;0.0;0.0;0.0;0.0;0.0
2030-03-18 02:00:00;129.6285372407095;0.0;0.0;0.0;0.0;0.0;0.0;0.0
2030-03-18 03:00:00;130.724847096251;0.0;0.0;0.0;0.0;0.0;0.0;0.0
2030-03-18 04:00:00;130.7653916943848;0.0;0.0;0.0;0.0;0.0;0.0;0.0
2030-03-18 05:00:00;130.8433050681001;0.0;0.0;0.0;0.0;0.0;0.0;0.0
2030-03-18 06:00:00;131.0093145451903;0.0;0.0;0.0;0.0;0.0;0.0;0.0
2030-03-18 07:00:00;131.3054741292345;0.0;0.0;0.0;0.0;0.0;0.0;0.0
2030-03-18 08:00:00;131.4923535964521;0.0;0.0;0.0;0.0;0.0;0.0;0.0
2030-03-18 09:00:00;131.5893470273465;0.0;0.0;0.0;0.0;0.0;0.0;0.0
2030-03-18 10:00:00;121.6600760599088;0.0;0.0;0.0;0.0;0.0;0.0;0.0
2030-03-18 11:00:00;121.6452667199389;0.0;0.0;0.0;0.0;0.0;0.0;0.0
2030-03-18 12:00:00;121.6456456414167;0.0;0.0;0.0;0.0;0.0;0.0;0.0
2030-03-18 13:00:00;121.4333219109825;0.0;0.0;0.0;0.0;0.0;0.0;0.0
2030-03-18 14:00:00;121.4435716322849;0.0;0.0;0.0;0.0;0.0;0.0;0.0
2030-03-18 15:00:00;131.3523389701402;0.0;0.0;0.0;0.0;0.0;0.0;0.0
2030-03-18 16:00:00;131.5400746742885;0.0;0.0;0.0;0.0;0.0;0.0;0.0
2030-03-18 17:00:00;131.4917611391137;0.0;0.0;0.0;0.0;0.0;0.0;0.0
2030-03-18 18:00:00;131.5618574255448;0.0;0.0;0.0;0.0;0.0;0.0;0.0
2030-03-18 19:00:00;131.6458377298839;0.0;0.0;0.0;0.0;0.0;0.0;0.0
2030-03-18 20:00:00;131.6996927299866;0.0;0.0;0.0;0.0;0.0;0.0;0.0
2030-03-18 21:00:00;131.6698395792979;0.0;0.0;0.0;0.0;0.0;0.0;0.0
2030-03-18 22:00:00;131.6505292383476;0.0;0.0;0.0;0.0;0.0;0.0;0.0
2030-03-18 23:00:00;131.6233369119595;0.0;0.0;0.0;0.0;0.0;0.0;0.0
2030-03-19 00:00:00;131.6264269014698;0.0;0.0;0.0;0.0;0.0;0.0;0.0
2030-03-19 01:00:00;131.542844360008;0.0;0.0;0.0;0.0;0.0;0.0;0.0
2030-03-19 02:00:00;131.582484570968;0.0;0.0;0.0;0.0;0.0;0.0;0.0
2030-03-19 03:00:00;131.6233159770713;0.0;0.0;0.0;0.0;0.0;0.0;0.0
2030-03-19 04:00:00;131.807197568287;0.0;0.0;0.0;0.0;0.0;0.0;0.0
2030-03-19 05:00:00;131.91782379843;0.0;0.0;0.0;0.0;0.0;0.0;0.0
2030-03-19 06:00:00;132.1042071087953;0.0;0.0;0.0;0.0;0.0;0.0;0.0
2030-03-19 07:00:00;132.2278025022284;0.0;0.0;0.0;0.0;0.0;0.0;0.0
2030-03-19 08:00:00;132.2779938968819;0.0;0.0;0.0;0.0;0.0;0.0;0.0
2030-03-19 09:00:00;122.2693985442589;0.0;0.0;0.0;0.0;0.0;0.0;0.0
2030-03-19 10:00:00;125.0207746105384;0.0;0.0;0.0;0.0;0.0;0.0;0.0
2030-03-19 11:00:00;122.1246735680839;0.0;0.0;0.0;0.0;0.0;0.0;0.0
2030-03-19 12:00:00;122.2426353830806;0.0;0.0;0.0;0.0;0.0;0.0;0.0
2030-03-19 13:00:00;122.1931474006732;0.0;0.0;0.0;0.0;0.0;0.0;0.0
2030-03-19 14:00:00;122.2220836032552;0.0;0.0;0.0;0.0;0.0;0.0;0.0
2030-03-19 15:00:00;122.2761060824642;0.0;0.0;0.0;0.0;0.0;0.0;0.0
2030-03-19 16:00:00;122.275986753601;0.0;0.0;0.0;0.0;0.0;0.0;0.0
2030-03-19 17:00:00;132.1234148687931;0.0;0.0;0.0;0.0;0.0;0.0;0.0
2030-03-19 18:00:00;132.1381802454976;0.0;0.0;0.0;0.0;0.0;0.0;0.0
2030-03-19 19:00:00;132.1762356854148;0.0;0.0;0.0;0.0;0.0;0.0;0.0
2030-03-19 20:00:00;132.2183231848147;0.0;0.0;0.0;0.0;0.0;0.0;0.0
2030-03-19 21:00:00;132.2095095968484;0.0;0.0;0.0;0.0;0.0;0.0;0.0
2030-03-19 22:00:00;132.1792879921261;0.0;0.0;0.0;0.0;0.0;0.0;0.0
2030-03-19 23:00:00;132.1532428976158;0.0;0.0;0.0;0.0;0.0;0.0;0.0
2030-03-20 00:00:00;132.2040309365854;0.0;0.0;0.0;0.0;0.0;0.0;0.0
2030-03-20 01:00:00;132.0247278054366;0.0;0.0;0.0;0.0;0.0;0.0;0.0
2030-03-20 02:00:00;131.8556032169701;0.0;0.0;0.0;0.0;0.0;0.0;0.0
2030-03-20 03:00:00;131.7358598429808;0.0;0.0;0.0;0.0;0.0;0.0;0.0
2030-03-20 04:00:00;131.7190554081577;0.0;0.0;0.0;0.0;0.0;0.0;0.0
2030-03-20 05:00:00;131.7961523212299;0.0;0.0;0.0;0.0;0.0;0.0;0.0
2030-03-20 06:00:00;131.8734962659839;0.0;0.0;0.0;0.0;0.0;0.0;0.0
2030-03-20 07:00:00;132.1270680067981;0.0;0.0;0.0;0.0;0.0;0.0;0.0
2030-03-20 08:00:00;132.0983851163644;0.0;0.0;0.0;0.0;0.0;0.0;0.0
2030-03-20 09:00:00;125.7929998345579;0.0;0.0;0.0;0.0;0.0;0.0;0.0
2030-03-20 10:00:00;122.2294338425306;0.0;0.0;0.0;0.0;0.0;0.0;0.0
2030-03-20 11:00:00;122.2382495239857;0.0;0.0;0.0;0.0;0.0;0.0;0.0
2030-03-20 12:00:00;122.1669473879896;0.0;0.0;0.0;0.0;0.0;0.0;0.0
2030-03-20 13:00:00;122.1516000213908;0.0;0.0;0.0;0.0;0.0;0.0;0.0
2030-03-20 14:00:00;122.0122950877917;0.0;0.0;0.0;0.0;0.0;0.0;0.0
2030-03-20 15:00:00;122.0314170147475;0.0;0.0;0.0;0.0;0.0;0.0;0.0
2030-03-20 16:00:00;122.1651323331756;0.0;0.0;0.0;0.0;0.0;0.0;0.0
2030-03-20 17:00:00;122.2688500501859;0.0;0.0;0.0;0.0;0.0;0.0;0.0
2030-03-20 18:00:00;122.3705077741894;0.0;0.0;0.0;0.0;0.0;0.0;0.0
2030-03-20 19:00:00;125.9873823657354;0.0;0.0;0.0;0.0;0.0;0.0;0.0
2030-03-20 20:00:00;123.7441379078111;0.0;0.0;0.0;0.0;0.0;0.0;0.0
2030-03-20 21:00:00;122.343001424477;0.0;0.0;0.0;0.0;0.0;0.0;0.0
2030-03-20 22:00:00;132.1649350327206;0.0;0.0;0.0;0.0;0.0;0.0;0.0
2030-03-20 23:00:00;132.0237103698662;0.0;0.0;0.0;0.0;0.0;0.0;0.0
2030-03-21 00:00:00;122.1422170044633;0.0;0.0;0.0;0.0;0.0;0.0;0.0
2030-03-21 01:00:00;122.2328420423427;0.0;0.0;0.0;0.0;0.0;0.0;0.0
2030-03-21 02:00:00;122.17764720939;0.0;0.0;0.0;0.0;0.0;0.0;0.0
2030-03-21 03:00:00;122.1520564019553;0.0;0.0;0.0;0.0;0.0;0.0;0.0
2030-03-21 04:00:00;122.1117923313246;0.0;0.0;0.0;0.0;0.0;0.0;0.0
2030-03-21 05:00:00;132.0638195223237;0.0;0.0;0.0;0.0;0.0;0.0;0.0
2030-03-21 06:00:00;132.1748665437212;0.0;0.0;0.0;0.0;0.0;0.0;0.0
2030-03-21 07:00:00;132.0307465858174;0.0;0.0;0.0;0.0;0.0;0.0;0.0
2030-03-21 08:00:00;131.9621094610995;0.0;0.0;0.0;0.0;0.0;0.0;0.0
2030-03-21 09:00:00;122.0466429589943;0.0;0.0;0.0;0.0;0.0;0.0;0.0
2030-03-21 10:00:00;122.0574202394813;0.0;0.0;0.0;0.0;0.0;0.0;0.0
2030-03-21 11:00:00;122.032775688997;0.0;0.0;0.0;0.0;0.0;0.0;0.0
2030-03-21 12:00:00;122.01529924426;0.0;0.0;0.0;0.0;0.0;0.0;0.0
2030-03-21 13:00:00;121.9398373459625;0.0;0.0;0.0;0.0;0.0;0.0;0.0
2030-03-21 14:00:00;122.0676867086943;0.0;0.0;0.0;0.0;0.0;0.0;0.0
2030-03-21 15:00:00;122.0804151207691;0.0;0.0;0.0;0.0;0.0;0.0;0.0
2030-03-21 16:00:00;122.1126548487217;0.0;0.0;0.0;0.0;0.0;0.0;0.0
2030-03-21 17:00:00;132.0460143998408;0.0;0.0;0.0;0.0;0.0;0.0;0.0
2030-03-21 18:00:00;132.0855918061358;0.0;0.0;0.0;0.0;0.0;0.0;0.0
2030-03-21 19:00:00;132.0604741271764;0.0;0.0;0.0;0.0;0.0;0.0;0.0
2030-03-21 20:00:00;132.0878360261596;0.0;0.0;0.0;0.0;0.0;0.0;0.0
2030-03-21 21:00:00;132.1248489086403;0.0;0.0;0.0;0.0;0.0;0.0;0.0
2030-03-21 22:00:00;132.1487879533896;0.0;0.0;0.0;0.0;0.0;0.0;0.0
2030-03-21 23:00:00;132.0551755069525;0.0;0.0;0.0;0.0;0.0;0.0;0.0
2030-03-22 00:00:00;132.0245603263304;0.0;0.0;0.0;0.0;0.0;0.0;0.0
2030-03-22 01:00:00;131.9740402539308;0.0;0.0;0.0;0.0;0.0;0.0;0.0
2030-03-22 02:00:00;131.8500177887769;0.0;0.0;0.0;0.0;0.0;0.0;0.0
2030-03-22 03:00:00;131.8573429061863;0.0;0.0;0.0;0.0;0.0;0.0;0.0
2030-03-22 04:00:00;131.861511042443;0.0;0.0;0.0;0.0;0.0;0.0;0.0
2030-03-22 05:00:00;131.9616802958897;0.0;0.0;0.0;0.0;0.0;0.0;0.0
2030-03-22 06:00:00;132.134108409727;0.0;0.0;0.0;0.0;0.0;0.0;0.0
2030-03-22 07:00:00;132.1919263841813;0.0;0.0;0.0;0.0;0.0;0.0;0.0
2030-03-22 08:00:00;132.1942480632916;0.0;0.0;0.0;0.0;0.0;0.0;0.0
2030-03-22 09:00:00;132.2174606674176;0.0;0.0;0.0;0.0;0.0;0.0;0.0
2030-03-22 10:00:00;132.1695051188324;0.0;0.0;0.0;0.0;0.0;0.0;0.0
2030-03-22 11:00:00;122.2353981922018;0.0;0.0;0.0;0.0;0.0;0.0;0.0
2030-03-22 12:00:00;122.0719469584595;0.0;0.0;0.0;0.0;0.0;0.0;0.0
2030-03-22 13:00:00;121.9985199313028;0.0;0.0;0.0;0.0;0.0;0.0;0.0
2030-03-22 14:00:00;121.8853187099013;0.0;0.0;0.0;0.0;0.0;0.0;0.0
2030-03-22 15:00:00;121.9170915898452;0.0;0.0;0.0;0.0;0.0;0.0;0.0
2030-03-22 16:00:00;131.8539828566172;0.0;0.0;0.0;0.0;0.0;0.0;0.0
2030-03-22 17:00:00;131.9194609066935;0.0;0.0;0.0;0.0;0.0;0.0;0.0
2030-03-22 18:00:00;132.022885535268;0.0;0.0;0.0;0.0;0.0;0.0;0.0
2030-03-22 19:00:00;132.0809526348928;0.0;0.0;0.0;0.0;0.0;0.0;0.0
2030-03-22 20:00:00;132.1237372660725;0.0;0.0;0.0;0.0;0.0;0.0;0.0
2030-03-22 21:00:00;132.1407782651332;0.0;0.0;0.0;0.0;0.0;0.0;0.0
2030-03-22 22:00:00;132.0154327150399;0.0;0.0;0.0;0.0;0.0;0.0;0.0
2030-03-22 23:00:00;131.8479850111247;0.0;0.0;0.0;0.0;0.0;0.0;0.0
2030-03-23 00:00:00;131.5623242735535;0.0;0.0;0.0;0.0;0.0;0.0;0.0
2030-03-23 01:00:00;131.5346169489137;0.0;0.0;0.0;0.0;0.0;0.0;0.0
2030-03-23 02:00:00;131.3159583212856;0.0;0.0;0.0;0.0;0.0;0.0;0.0
2030-03-23 03:00:00;131.1013170987187;0.0;0.0;0.0;0.0;0.0;0.0;0.0
2030-03-23 04:00:00;131.0168155156614;0.0;0.0;0.0;0.0;0.0;0.0;0.0
2030-03-23 05:00:00;131.0618401798873;0.0;0.0;0.0;0.0;0.0;0.0;0.0
2030-03-23 06:00:00;131.1093937786174;0.0;0.0;0.0;0.0;0.0;0.0;0.0
2030-03-23 07:00:00;130.9673128788323;0.0;0.0;0.0;0.0;0.0;0.0;0.0
2030-03-23 08:00:00;130.9796770238509;0.0;0.0;0.0;0.0;0.0;0.0;0.0
2030-03-23 09:00:00;131.0282878344394;0.0;0.0;0.0;0.0;0.0;0.0;0.0
2030-03-23 10:00:00;121.3906419542441;0.0;0.0;0.0;0.0;0.0;0.0;0.0
2030-03-23 11:00:00;121.3876796675524;0.0;0.0;0.0;0.0;0.0;0.0;0.0
2030-03-23 12:00:00;121.3326230048623;0.0;0.0;0.0;0.0;0.0;0.0;0.0
2030-03-23 13:00:00;121.3174179955039;0.0;0.0;0.0;0.0;0.0;0.0;0.0
2030-03-23 14:00:00;121.2201942808383;0.0;0.0;0.0;0.0;0.0;0.0;0.0
2030-03-23 15:00:00;121.188011077084;0.0;0.0;0.0;0.0;0.0;0.0;0.0
2030-03-23 16:00:00;121.2238955690864;0.0;0.0;0.0;0.0;0.0;0.0;0.0
2030-03-23 17:00:00;130.9193782651354;0.0;0.0;0.0;0.0;0.0;0.0;0.0
2030-03-23 18:00:00;131.095321346715;0.0;0.0;0.0;0.0;0.0;0.0;0.0
2030-03-23 19:00:00;131.0929619848056;0.0;0.0;0.0;0.0;0.0;0.0;0.0
2030-03-23 20:00:00;131.0993115364213;0.0;0.0;0.0;0.0;0.0;0.0;0.0
2030-03-23 21:00:00;131.1332909535901;0.0;0.0;0.0;0.0;0.0;0.0;0.0
2030-03-23 22:00:00;131.1534617184489;0.0;0.0;0.0;0.0;0.0;0.0;0.0
2030-03-23 23:00:00;131.1215632291751;0.0;0.0;0.0;0.0;0.0;0.0;0.0
2030-03-24 00:00:00;131.1073903098089;0.0;0.0;0.0;0.0;0.0;0.0;0.0
2030-03-24 01:00:00;130.9885157336831;0.0;0.0;0.0;0.0;0.0;0.0;0.0
2030-03-24 02:00:00;130.6345004923858;0.0;0.0;0.0;0.0;0.0;0.0;0.0
2030-03-24 03:00:00;130.5031633772664;0.0;0.0;0.0;0.0;0.0;0.0;0.0
2030-03-24 04:00:00;130.4524402364505;0.0;0.0;0.0;0.0;0.0;0.0;0.0
2030-03-24 05:00:00;130.4531729575403;0.0;0.0;0.0;0.0;0.0;0.0;0.0
2030-03-24 06:00:00;130.515529615774;0.0;0.0;0.0;0.0;0.0;0.0;0.0
2030-03-24 07:00:00;130.5739379540778;0.0;0.0;0.0;0.0;0.0;0.0;0.0
2030-03-24 08:00:00;130.6121210968134;0.0;0.0;0.0;0.0;0.0;0.0;0.0
2030-03-24 09:00:00;130.6101260019603;0.0;0.0;0.0;0.0;0.0;0.0;0.0
2030-03-24 10:00:00;130.5753866483469;0.0;0.0;0.0;0.0;0.0;0.0;0.0
2030-03-24 11:00:00;121.1347024775654;0.0;0.0;0.0;0.0;0.0;0.0;0.0
2030-03-24 12:00:00;121.1213690472192;0.0;0.0;0.0;0.0;0.0;0.0;0.0
2030-03-24 13:00:00;121.0914405309328;0.0;0.0;0.0;0.0;0.0;0.0;0.0
2030-03-24 14:00:00;121.0503474387261;0.0;0.0;0.0;0.0;0.0;0.0;0.0
2030-03-24 15:00:00;121.0467780402742;0.0;0.0;0.0;0.0;0.0;0.0;0.0
2030-03-24 16:00:00;130.4138363024604;0.0;0.0;0.0;0.0;0.0;0.0;0.0
2030-03-24 17:00:00;130.48352435857;0.0;0.0;0.0;0.0;0.0;0.0;0.0
2030-03-24 18:00:00;130.5816880497194;0.0;0.0;0.0;0.0;0.0;0.0;0.0
2030-03-24 19:00:00;130.6721749173362;0.0;0.0;0.0;0.0;0.0;0.0;0.0
2030-03-24 20:00:00;130.7228059446437;0.0;0.0;0.0;0.0;0.0;0.0;0.0
2030-03-24 21:00:00;130.7168269405506;0.0;0.0;0.0;0.0;0.0;0.0;0.0
2030-03-24 22:00:00;130.5979293360478;0.0;0.0;0.0;0.0;0.0;0.0;0.0
2030-03-24 23:00:00;130.5087634598816;0.0;0.0;0.0;0.0;0.0;0.0;0.0
2030-03-25 00:00:00;130.4680095128651;0.0;0.0;0.0;0.0;0.0;0.0;0.0
2030-03-25 01:00:00;130.3572807017695;0.0;0.0;0.0;0.0;0.0;0.0;0.0
2030-03-25 02:00:00;130.3169559199626;0.0;0.0;0.0;0.0;0.0;0.0;0.0
2030-03-25 03:00:00;130.364628847556;0.0;0.0;0.0;0.0;0.0;0.0;0.0
2030-03-25 04:00:00;130.4526370244004;0.0;0.0;0.0;0.0;0.0;0.0;0.0
2030-03-25 05:00:00;130.4523544034085;0.0;0.0;0.0;0.0;0.0;0.0;0.0
2030-03-25 06:00:00;130.5852302328165;0.0;0.0;0.0;0.0;0.0;0.0;0.0
2030-03-25 07:00:00;130.8581290624917;0.0;0.0;0.0;0.0;0.0;0.0;0.0
2030-03-25 08:00:00;131.0500684922068;0.0;0.0;0.0;0.0;0.0;0.0;0.0
2030-03-25 09:00:00;131.1123937481081;0.0;0.0;0.0;0.0;0.0;0.0;0.0
2030-03-25 10:00:00;131.0552770924112;0.0;0.0;0.0;0.0;0.0;0.0;0.0
2030-03-25 11:00:00;121.3219483053278;0.0;0.0;0.0;0.0;0.0;0.0;0.0
2030-03-25 12:00:00;121.3441560348163;0.0;0.0;0.0;0.0;0.0;0.0;0.0
2030-03-25 13:00:00;121.3572529009249;0.0;0.0;0.0;0.0;0.0;0.0;0.0
2030-03-25 14:00:00;121.3132079894706;0.0;0.0;0.0;0.0;0.0;0.0;0.0
2030-03-25 15:00:00;131.0763878337536;0.0;0.0;0.0;0.0;0.0;0.0;0.0
2030-03-25 16:00:00;131.1224676163489;0.0;0.0;0.0;0.0;0.0;0.0;0.0
2030-03-25 17:00:00;131.2261434635826;0.0;0.0;0.0;0.0;0.0;0.0;0.0
2030-03-25 18:00:00;131.2689343752289;0.0;0.0;0.0;0.0;0.0;0.0;0.0
2030-03-25 19:00:00;131.417701878331;0.0;0.0;0.0;0.0;0.0;0.0;0.0
2030-03-25 20:00:00;131.4360534013981;0.0;0.0;0.0;0.0;0.0;0.0;0.0
2030-03-25 21:00:00;131.4458132463146;0.0;0.0;0.0;0.0;0.0;0.0;0.0
2030-03-25 22:00:00;131.2717898939904;0.0;0.0;0.0;0.0;0.0;0.0;0.0
2030-03-25 23:00:00;131.0927589163894;0.0;0.0;0.0;0.0;0.0;0.0;0.0
2030-03-26 00:00:00;131.0604145139953;0.0;0.0;0.0;0.0;0.0;0.0;0.0
2030-03-26 01:00:00;131.0512931831713;0.0;0.0;0.0;0.0;0.0;0.0;0.0
2030-03-26 02:00:00;131.0579274492676;0.0;0.0;0.0;0.0;0.0;0.0;0.0
2030-03-26 03:00:00;131.0489756910386;0.0;0.0;0.0;0.0;0.0;0.0;0.0
2030-03-26 04:00:00;131.1376161015089;0.0;0.0;0.0;0.0;0.0;0.0;0.0
2030-03-26 05:00:00;131.1865262809998;0.0;0.0;0.0;0.0;0.0;0.0;0.0
2030-03-26 06:00:00;131.3305750602833;0.0;0.0;0.0;0.0;0.0;0.0;0.0
2030-03-26 07:00:00;131.567384236051;0.0;0.0;0.0;0.0;0.0;0.0;0.0
2030-03-26 08:00:00;131.7592566741235;0.0;0.0;0.0;0.0;0.0;0.0;0.0
2030-03-26 09:00:00;131.7344781403543;0.0;0.0;0.0;0.0;0.0;0.0;0.0
2030-03-26 10:00:00;131.6400324853635;0.0;0.0;0.0;0.0;0.0;0.0;0.0
2030-03-26 11:00:00;121.7509941862242;0.0;0.0;0.0;0.0;0.0;0.0;0.0
2030-03-26 12:00:00;121.7594162917796;0.0;0.0;0.0;0.0;0.0;0.0;0.0
2030-03-26 13:00:00;121.6432946534628;0.0;0.0;0.0;0.0;0.0;0.0;0.0
2030-03-26 14:00:00;121.7472070649341;0.0;0.0;0.0;0.0;0.0;0.0;0.0
2030-03-26 15:00:00;121.7253405741247;0.0;0.0;0.0;0.0;0.0;0.0;0.0
2030-03-26 16:00:00;131.7406329975089;0.0;0.0;0.0;0.0;0.0;0.0;0.0
2030-03-26 17:00:00;131.775313733435;0.0;0.0;0.0;0.0;0.0;0.0;0.0
2030-03-26 18:00:00;131.8219755059245;0.0;0.0;0.0;0.0;0.0;0.0;0.0
2030-03-26 19:00:00;131.8158604250576;0.0;0.0;0.0;0.0;0.0;0.0;0.0
2030-03-26 20:00:00;131.7929723117001;0.0;0.0;0.0;0.0;0.0;0.0;0.0
2030-03-26 21:00:00;131.7750206449991;0.0;0.0;0.0;0.0;0.0;0.0;0.0
2030-03-26 22:00:00;131.8021711016107;0.0;0.0;0.0;0.0;0.0;0.0;0.0
2030-03-26 23:00:00;131.7837693348117;0.0;0.0;0.0;0.0;0.0;0.0;0.0
2030-03-27 00:00:00;131.777384193886;0.0;0.0;0.0;0.0;0.0;0.0;0.0
2030-03-27 01:00:00;131.7029669465137;0.0;0.0;0.0;0.0;0.0;0.0;0.0
2030-03-27 02:00:00;131.668742591152;0.0;0.0;0.0;0.0;0.0;0.0;0.0
2030-03-27 03:00:00;131.6402627691346;0.0;0.0;0.0;0.0;0.0;0.0;0.0
2030-03-27 04:00:00;131.6313612546375;0.0;0.0;0.0;0.0;0.0;0.0;0.0
2030-03-27 05:00:00;131.6976578588457;0.0;0.0;0.0;0.0;0.0;0.0;0.0
2030-03-27 06:00:00;131.9307741203205;0.0;0.0;0.0;0.0;0.0;0.0;0.0
2030-03-27 07:00:00;132.0626032053145;0.0;0.0;0.0;0.0;0.0;0.0;0.0
2030-03-27 08:00:00;132.1917170352985;0.0;0.0;0.0;0.0;0.0;0.0;0.0
2030-03-27 09:00:00;132.1384209967129;0.0;0.0;0.0;0.0;0.0;0.0;0.0
2030-03-27 10:00:00;132.0175157364238;0.0;0.0;0.0;0.0;0.0;0.0;0.0
2030-03-27 11:00:00;122.1401946942554;0.0;0.0;0.0;0.0;0.0;0.0;0.0
2030-03-27 12:00:00;122.1494835041857;0.0;0.0;0.0;0.0;0.0;0.0;0.0
2030-03-27 13:00:00;122.1626306140261;0.0;0.0;0.0;0.0;0.0;0.0;0.0
2030-03-27 14:00:00;122.1631853885655;0.0;0.0;0.0;0.0;0.0;0.0;0.0
2030-03-27 15:00:00;122.0350052545989;0.0;0.0;0.0;0.0;0.0;0.0;0.0
2030-03-27 16:00:00;131.9731777365336;0.0;0.0;0.0;0.0;0.0;0.0;0.0
2030-03-27 17:00:00;132.153142410152;0.0;0.0;0.0;0.0;0.0;0.0;0.0
2030-03-27 18:00:00;132.2009702559187;0.0;0.0;0.0;0.0;0.0;0.0;0.0
2030-03-27 19:00:00;132.2174669478841;0.0;0.0;0.0;0.0;0.0;0.0;0.0
2030-03-27 20:00:00;132.278699402617;0.0;0.0;0.0;0.0;0.0;0.0;0.0
2030-03-27 21:00:00;132.2647086167789;0.0;0.0;0.0;0.0;0.0;0.0;0.0
2030-03-27 22:00:00;132.1937602803948;0.0;0.0;0.0;0.0;0.0;0.0;0.0
2030-03-27 23:00:00;132.163555423583;0.0;0.0;0.0;0.0;0.0;0.0;0.0
2030-03-28 00:00:00;132.1382995743608;0.0;0.0;0.0;0.0;0.0;0.0;0.0
2030-03-28 01:00:00;132.0840342504478;0.0;0.0;0.0;0.0;0.0;0.0;0.0
2030-03-28 02:00:00;132.0155311090148;0.0;0.0;0.0;0.0;0.0;0.0;0.0
2030-03-28 03:00:00;131.8872588615398;0.0;0.0;0.0;0.0;0.0;0.0;0.0
2030-03-28 04:00:00;131.9172124996922;0.0;0.0;0.0;0.0;0.0;0.0;0.0
2030-03-28 05:00:00;131.8578997742146;0.0;0.0;0.0;0.0;0.0;0.0;0.0
2030-03-28 06:00:00;131.9517969351323;0.0;0.0;0.0;0.0;0.0;0.0;0.0
2030-03-28 07:00:00;132.1016090891596;0.0;0.0;0.0;0.0;0.0;0.0;0.0
2030-03-28 08:00:00;132.1655212095926;0.0;0.0;0.0;0.0;0.0;0.0;0.0
2030-03-28 09:00:00;132.0882128541486;0.0;0.0;0.0;0.0;0.0;0.0;0.0
2030-03-28 10:00:00;132.0829707581231;0.0;0.0;0.0;0.0;0.0;0.0;0.0
2030-03-28 11:00:00;122.1562245382121;0.0;0.0;0.0;0.0;0.0;0.0;0.0
2030-03-28 12:00:00;122.2039477095374;0.0;0.0;0.0;0.0;0.0;0.0;0.0
2030-03-28 13:00:00;122.1282387795581;0.0;0.0;0.0;0.0;0.0;0.0;0.0
2030-03-28 14:00:00;122.0626707094622;0.0;0.0;0.0;0.0;0.0;0.0;0.0
2030-03-28 15:00:00;122.1400460565486;0.0;0.0;0.0;0.0;0.0;0.0;0.0
2030-03-28 16:00:00;122.2276376291161;0.0;0.0;0.0;0.0;0.0;0.0;0.0
2030-03-28 17:00:00;132.2461142490077;0.0;0.0;0.0;0.0;0.0;0.0;0.0
2030-03-28 18:00:00;132.1975013449305;0.0;0.0;0.0;0.0;0.0;0.0;0.0
2030-03-28 19:00:00;132.2181766405968;0.0;0.0;0.0;0.0;0.0;0.0;0.0
2030-03-28 20:00:00;132.2466459951701;0.0;0.0;0.0;0.0;0.0;0.0;0.0
2030-03-28 21:00:00;132.2450005129512;0.0;0.0;0.0;0.0;0.0;0.0;0.0
2030-03-28 22:00:00;132.2011251740919;0.0;0.0;0.0;0.0;0.0;0.0;0.0
2030-03-28 23:00:00;132.1754945903695;0.0;0.0;0.0;0.0;0.0;0.0;0.0
2030-03-29 00:00:00;132.1157506061934;0.0;0.0;0.0;0.0;0.0;0.0;0.0
2030-03-29 01:00:00;132.0472474647605;0.0;0.0;0.0;0.0;0.0;0.0;0.0
2030-03-29 02:00:00;131.9608052175595;0.0;0.0;0.0;0.0;0.0;0.0;0.0
2030-03-29 03:00:00;131.8403772727234;0.0;0.0;0.0;0.0;0.0;0.0;0.0
2030-03-29 04:00:00;131.9008330431012;0.0;0.0;0.0;0.0;0.0;0.0;0.0
2030-03-29 05:00:00;131.935798493508;0.0;0.0;0.0;0.0;0.0;0.0;0.0
2030-03-29 06:00:00;131.9863101919523;0.0;0.0;0.0;0.0;0.0;0.0;0.0
2030-03-29 07:00:00;132.1137199220301;0.0;0.0;0.0;0.0;0.0;0.0;0.0
2030-03-29 08:00:00;132.1871888189634;0.0;0.0;0.0;0.0;0.0;0.0;0.0
2030-03-29 09:00:00;132.0924898518244;0.0;0.0;0.0;0.0;0.0;0.0;0.0
2030-03-29 10:00:00;122.1132389321048;0.0;0.0;0.0;0.0;0.0;0.0;0.0
2030-03-29 11:00:00;122.0521090583244;0.0;0.0;0.0;0.0;0.0;0.0;0.0
2030-03-29 12:00:00;121.8922000076792;0.0;0.0;0.0;0.0;0.0;0.0;0.0
2030-03-29 13:00:00;121.815077972741;0.0;0.0;0.0;0.0;0.0;0.0;0.0
2030-03-29 14:00:00;121.7752514412754;0.0;0.0;0.0;0.0;0.0;0.0;0.0
2030-03-29 15:00:00;121.7952254181842;0.0;0.0;0.0;0.0;0.0;0.0;0.0
2030-03-29 16:00:00;121.8985076895183;0.0;0.0;0.0;0.0;0.0;0.0;0.0
2030-03-29 17:00:00;121.9360418507171;0.0;0.0;0.0;0.0;0.0;0.0;0.0
2030-03-29 18:00:00;131.9294489418924;0.0;0.0;0.0;0.0;0.0;0.0;0.0
2030-03-29 19:00:00;131.9437809664095;0.0;0.0;0.0;0.0;0.0;0.0;0.0
2030-03-29 20:00:00;131.8909078125672;0.0;0.0;0.0;0.0;0.0;0.0;0.0
2030-03-29 21:00:00;131.9013773501965;0.0;0.0;0.0;0.0;0.0;0.0;0.0
2030-03-29 22:00:00;131.9318815759106;0.0;0.0;0.0;0.0;0.0;0.0;0.0
2030-03-29 23:00:00;131.6825763653281;0.0;0.0;0.0;0.0;0.0;0.0;0.0
2030-03-30 00:00:00;131.6312251778637;0.0;0.0;0.0;0.0;0.0;0.0;0.0
2030-03-30 01:00:00;131.3523724659615;0.0;0.0;0.0;0.0;0.0;0.0;0.0
2030-03-30 02:00:00;131.1263531316139;0.0;0.0;0.0;0.0;0.0;0.0;0.0
2030-03-30 03:00:00;130.9879232763449;0.0;0.0;0.0;0.0;0.0;0.0;0.0
2030-03-30 04:00:00;127.6366768277742;0.0;0.0;0.0;0.0;0.0;0.0;0.0
2030-03-30 05:00:00;121.2931418990532;0.0;0.0;0.0;0.0;0.0;0.0;0.0
2030-03-30 06:00:00;121.3063811224021;0.0;0.0;0.0;0.0;0.0;0.0;0.0
2030-03-30 07:00:00;121.3172128335987;0.0;0.0;0.0;0.0;0.0;0.0;0.0
2030-03-30 08:00:00;121.3198548164997;0.0;0.0;0.0;0.0;0.0;0.0;0.0
2030-03-30 09:00:00;121.3164528971541;0.0;0.0;0.0;0.0;0.0;0.0;0.0
2030-03-30 10:00:00;121.2716982929871;0.0;0.0;0.0;0.0;0.0;0.0;0.0
2030-03-30 11:00:00;121.2294914647238;0.0;0.0;0.0;0.0;0.0;0.0;0.0
2030-03-30 12:00:00;121.2131329430212;0.0;0.0;0.0;0.0;0.0;0.0;0.0
2030-03-30 13:00:00;121.2088098885911;0.0;0.0;0.0;0.0;0.0;0.0;0.0
2030-03-30 14:00:00;121.1878708133325;0.0;0.0;0.0;0.0;0.0;0.0;0.0
2030-03-30 15:00:00;121.1996090051917;0.0;0.0;0.0;0.0;0.0;0.0;0.0
2030-03-30 16:00:00;121.203574073032;0.0;0.0;0.0;0.0;0.0;0.0;0.0
2030-03-30 17:00:00;121.2503949506724;0.0;0.0;0.0;0.0;0.0;0.0;0.0
2030-03-30 18:00:00;121.3005779713706;0.0;0.0;0.0;0.0;0.0;0.0;0.0
2030-03-30 19:00:00;121.3086085945153;0.0;0.0;0.0;0.0;0.0;0.0;0.0
2030-03-30 20:00:00;121.3265477002832;0.0;0.0;0.0;0.0;0.0;0.0;0.0
2030-03-30 21:00:00;121.3177215513839;0.0;0.0;0.0;0.0;0.0;0.0;0.0
2030-03-30 22:00:00;121.291331031217;0.0;0.0;0.0;0.0;0.0;0.0;0.0
2030-03-30 23:00:00;121.3041369023784;0.0;0.0;0.0;0.0;0.0;0.0;0.0
2030-03-31 00:00:00;121.2918690578458;0.0;0.0;0.0;0.0;0.0;0.0;0.0
2030-03-31 01:00:00;121.2018176359053;0.0;0.0;0.0;0.0;0.0;0.0;0.0
2030-03-31 02:00:00;121.0878167017714;0.0;0.0;0.0;0.0;0.0;0.0;0.0
2030-03-31 03:00:00;121.0058461467073;0.0;0.0;0.0;0.0;0.0;0.0;0.0
2030-03-31 04:00:00;121.0093213381619;0.0;0.0;0.0;0.0;0.0;0.0;0.0
2030-03-31 05:00:00;121.0048538330028;0.0;0.0;0.0;0.0;0.0;0.0;0.0
2030-03-31 06:00:00;121.0165627160183;0.0;0.0;0.0;0.0;0.0;0.0;0.0
2030-03-31 07:00:00;121.0234398268186;0.0;0.0;0.0;0.0;0.0;0.0;0.0
2030-03-31 08:00:00;121.0374494540562;0.0;0.0;0.0;0.0;0.0;0.0;0.0
2030-03-31 09:00:00;121.0443914630102;0.0;0.0;0.0;0.0;0.0;0.0;0.0
2030-03-31 10:00:00;121.0292827541378;0.0;0.0;0.0;0.0;0.0;0.0;0.0
2030-03-31 11:00:00;120.9990590559266;0.0;0.0;0.0;0.0;0.0;0.0;0.0
2030-03-31 12:00:00;120.9553658505954;0.0;0.0;0.0;0.0;0.0;0.0;0.0
2030-03-31 13:00:00;120.9324568023495;0.0;0.0;0.0;0.0;0.0;0.0;0.0
2030-03-31 14:00:00;120.9089364553659;0.0;0.0;0.0;0.0;0.0;0.0;0.0
2030-03-31 15:00:00;120.8627771201952;0.0;0.0;0.0;0.0;0.0;0.0;0.0
2030-03-31 16:00:00;120.8827196947717;0.0;0.0;0.0;0.0;0.0;0.0;0.0
2030-03-31 17:00:00;120.8879387624201;0.0;0.0;0.0;0.0;0.0;0.0;0.0
2030-03-31 18:00:00;120.9366249386063;0.0;0.0;0.0;0.0;0.0;0.0;0.0
2030-03-31 19:00:00;120.9953368327902;0.0;0.0;0.0;0.0;0.0;0.0;0.0
2030-03-31 20:00:00;121.0027059134651;0.0;0.0;0.0;0.0;0.0;0.0;0.0
2030-03-31 21:00:00;121.0091245502121;0.0;0.0;0.0;0.0;0.0;0.0;0.0
2030-03-31 22:00:00;121.0070854920935;0.0;0.0;0.0;0.0;0.0;0.0;0.0
2030-03-31 23:00:00;121.0184363885194;0.0;0.0;0.0;0.0;0.0;0.0;0.0
2030-04-01 00:00:00;130.3444141194319;0.0;0.0;0.0;0.0;0.0;0.0;0.0
2030-04-01 01:00:00;120.9882650275289;0.0;0.0;0.0;0.0;0.0;0.0;0.0
2030-04-01 02:00:00;121.0150784324392;0.0;0.0;0.0;0.0;0.0;0.0;0.0
2030-04-01 03:00:00;121.089294704884;0.0;0.0;0.0;0.0;0.0;0.0;0.0
2030-04-01 04:00:00;121.1288281479137;0.0;0.0;0.0;0.0;0.0;0.0;0.0
2030-04-01 05:00:00;121.2790862150614;0.0;0.0;0.0;0.0;0.0;0.0;0.0
2030-04-01 06:00:00;121.4872585571496;0.0;0.0;0.0;0.0;0.0;0.0;0.0
2030-04-01 07:00:00;121.6005602660149;0.0;0.0;0.0;0.0;0.0;0.0;0.0
2030-04-01 08:00:00;121.5944765874805;0.0;0.0;0.0;0.0;0.0;0.0;0.0
2030-04-01 09:00:00;121.5177523154196;0.0;0.0;0.0;0.0;0.0;0.0;0.0
2030-04-01 10:00:00;121.4303177545142;0.0;0.0;0.0;0.0;0.0;0.0;0.0
2030-04-01 11:00:00;121.4137833797499;0.0;0.0;0.0;0.0;0.0;0.0;0.0
2030-04-01 12:00:00;121.3565746105446;0.0;0.0;0.0;0.0;0.0;0.0;0.0
2030-04-01 13:00:00;121.2949129906019;0.0;0.0;0.0;0.0;0.0;0.0;0.0
2030-04-01 14:00:00;121.2745642791928;0.0;0.0;0.0;0.0;0.0;0.0;0.0
2030-04-01 15:00:00;121.2816758607418;0.0;0.0;0.0;0.0;0.0;0.0;0.0
2030-04-01 16:00:00;121.2761888265233;0.0;0.0;0.0;0.0;0.0;0.0;0.0
2030-04-01 17:00:00;121.3076937398973;0.0;0.0;0.0;0.0;0.0;0.0;0.0
2030-04-01 18:00:00;121.3379907102176;0.0;0.0;0.0;0.0;0.0;0.0;0.0
2030-04-01 19:00:00;121.3415287063371;0.0;0.0;0.0;0.0;0.0;0.0;0.0
2030-04-01 20:00:00;121.3481231961455;0.0;0.0;0.0;0.0;0.0;0.0;0.0
2030-04-01 21:00:00;121.3508635730215;0.0;0.0;0.0;0.0;0.0;0.0;0.0
2030-04-01 22:00:00;121.3351414719225;0.0;0.0;0.0;0.0;0.0;0.0;0.0
2030-04-01 23:00:00;121.3285679170023;0.0;0.0;0.0;0.0;0.0;0.0;0.0
2030-04-02 00:00:00;121.2507257219073;0.0;0.0;0.0;0.0;0.0;0.0;0.0
2030-04-02 01:00:00;121.2029920831378;0.0;0.0;0.0;0.0;0.0;0.0;0.0
2030-04-02 02:00:00;121.2019411517462;0.0;0.0;0.0;0.0;0.0;0.0;0.0
2030-04-02 03:00:00;121.176538758306;0.0;0.0;0.0;0.0;0.0;0.0;0.0
2030-04-02 04:00:00;125.5937415678998;0.0;0.0;0.0;0.0;0.0;0.0;0.0
2030-04-02 05:00:00;124.9189870902276;0.0;0.0;0.0;0.0;0.0;0.0;0.0
2030-04-02 06:00:00;126.2071965991965;0.0;0.0;0.0;0.0;0.0;0.0;0.0
2030-04-02 07:00:00;121.5936936226587;0.0;0.0;0.0;0.0;0.0;0.0;0.0
2030-04-02 08:00:00;121.5727754822885;0.0;0.0;0.0;0.0;0.0;0.0;0.0
2030-04-02 09:00:00;121.5451477102241;0.0;0.0;0.0;0.0;0.0;0.0;0.0
2030-04-02 10:00:00;121.4422987910773;0.0;0.0;0.0;0.0;0.0;0.0;0.0
2030-04-02 11:00:00;121.4225195086296;0.0;0.0;0.0;0.0;0.0;0.0;0.0
2030-04-02 12:00:00;121.4161950788799;0.0;0.0;0.0;0.0;0.0;0.0;0.0
2030-04-02 13:00:00;121.4081037445593;0.0;0.0;0.0;0.0;0.0;0.0;0.0
2030-04-02 14:00:00;121.406975354081;0.0;0.0;0.0;0.0;0.0;0.0;0.0
2030-04-02 15:00:00;121.3853852037968;0.0;0.0;0.0;0.0;0.0;0.0;0.0
2030-04-02 16:00:00;121.3890948660002;0.0;0.0;0.0;0.0;0.0;0.0;0.0
2030-04-02 17:00:00;121.4288690602452;0.0;0.0;0.0;0.0;0.0;0.0;0.0
2030-04-02 18:00:00;121.4705797316561;0.0;0.0;0.0;0.0;0.0;0.0;0.0
2030-04-02 19:00:00;121.4638575390291;0.0;0.0;0.0;0.0;0.0;0.0;0.0
2030-04-02 20:00:00;121.4672594583748;0.0;0.0;0.0;0.0;0.0;0.0;0.0
2030-04-02 21:00:00;121.4728197647022;0.0;0.0;0.0;0.0;0.0;0.0;0.0
2030-04-02 22:00:00;121.3194968299102;0.0;0.0;0.0;0.0;0.0;0.0;0.0
2030-04-02 23:00:00;121.2554507261922;0.0;0.0;0.0;0.0;0.0;0.0;0.0
2030-04-03 00:00:00;121.213658408717;0.0;0.0;0.0;0.0;0.0;0.0;0.0
2030-04-03 01:00:00;130.8256569572792;0.0;0.0;0.0;0.0;0.0;0.0;0.0
2030-04-03 02:00:00;130.829021193826;0.0;0.0;0.0;0.0;0.0;0.0;0.0
2030-04-03 03:00:00;130.8613949050636;0.0;0.0;0.0;0.0;0.0;0.0;0.0
2030-04-03 04:00:00;130.9505168179645;0.0;0.0;0.0;0.0;0.0;0.0;0.0
2030-04-03 05:00:00;131.1931228642971;0.0;0.0;0.0;0.0;0.0;0.0;0.0
2030-04-03 06:00:00;131.5265486429701;0.0;0.0;0.0;0.0;0.0;0.0;0.0
2030-04-03 07:00:00;131.6356508132463;0.0;0.0;0.0;0.0;0.0;0.0;0.0
2030-04-03 08:00:00;131.6516471613818;0.0;0.0;0.0;0.0;0.0;0.0;0.0
2030-04-03 09:00:00;131.64623758625;0.0;0.0;0.0;0.0;0.0;0.0;0.0
2030-04-03 10:00:00;131.6153041953261;0.0;0.0;0.0;0.0;0.0;0.0;0.0
2030-04-03 11:00:00;131.5536697907381;0.0;0.0;0.0;0.0;0.0;0.0;0.0
2030-04-03 12:00:00;131.5937894106397;0.0;0.0;0.0;0.0;0.0;0.0;0.0
2030-04-03 13:00:00;131.6104933579991;0.0;0.0;0.0;0.0;0.0;0.0;0.0
2030-04-03 14:00:00;131.5876073381304;0.0;0.0;0.0;0.0;0.0;0.0;0.0
2030-04-03 15:00:00;131.5278277646441;0.0;0.0;0.0;0.0;0.0;0.0;0.0
2030-04-03 16:00:00;131.5333796970162;0.0;0.0;0.0;0.0;0.0;0.0;0.0
2030-04-03 17:00:00;131.5795348452092;0.0;0.0;0.0;0.0;0.0;0.0;0.0
2030-04-03 18:00:00;131.5718538346989;0.0;0.0;0.0;0.0;0.0;0.0;0.0
2030-04-03 19:00:00;131.6478244507817;0.0;0.0;0.0;0.0;0.0;0.0;0.0
2030-04-03 20:00:00;131.6811632603691;0.0;0.0;0.0;0.0;0.0;0.0;0.0
2030-04-03 21:00:00;131.6722784937828;0.0;0.0;0.0;0.0;0.0;0.0;0.0
2030-04-03 22:00:00;131.6160704122371;0.0;0.0;0.0;0.0;0.0;0.0;0.0
2030-04-03 23:00:00;131.5024609605141;0.0;0.0;0.0;0.0;0.0;0.0;0.0
2030-04-04 00:00:00;131.5341082311284;0.0;0.0;0.0;0.0;0.0;0.0;0.0
2030-04-04 01:00:00;131.5026640289304;0.0;0.0;0.0;0.0;0.0;0.0;0.0
2030-04-04 02:00:00;131.4357644999398;0.0;0.0;0.0;0.0;0.0;0.0;0.0
2030-04-04 03:00:00;131.3937523661376;0.0;0.0;0.0;0.0;0.0;0.0;0.0
2030-04-04 04:00:00;131.4875574135469;0.0;0.0;0.0;0.0;0.0;0.0;0.0
2030-04-04 05:00:00;131.5770917437468;0.0;0.0;0.0;0.0;0.0;0.0;0.0
2030-04-04 06:00:00;131.5273797580349;0.0;0.0;0.0;0.0;0.0;0.0;0.0
2030-04-04 07:00:00;131.586284253191;0.0;0.0;0.0;0.0;0.0;0.0;0.0
2030-04-04 08:00:00;131.5487794008357;0.0;0.0;0.0;0.0;0.0;0.0;0.0
2030-04-04 09:00:00;121.6496902618326;0.0;0.0;0.0;0.0;0.0;0.0;0.0
2030-04-04 10:00:00;121.6099495634089;0.0;0.0;0.0;0.0;0.0;0.0;0.0
2030-04-04 11:00:00;121.6016823760268;0.0;0.0;0.0;0.0;0.0;0.0;0.0
2030-04-04 12:00:00;121.475440812715;0.0;0.0;0.0;0.0;0.0;0.0;0.0
2030-04-04 13:00:00;121.4561032564098;0.0;0.0;0.0;0.0;0.0;0.0;0.0
2030-04-04 14:00:00;121.5109442897506;0.0;0.0;0.0;0.0;0.0;0.0;0.0
2030-04-04 15:00:00;121.4961161083812;0.0;0.0;0.0;0.0;0.0;0.0;0.0
2030-04-04 16:00:00;121.5587930704056;0.0;0.0;0.0;0.0;0.0;0.0;0.0
2030-04-04 17:00:00;121.6019566230633;0.0;0.0;0.0;0.0;0.0;0.0;0.0
2030-04-04 18:00:00;121.6247170336023;0.0;0.0;0.0;0.0;0.0;0.0;0.0
2030-04-04 19:00:00;121.5490499733996;0.0;0.0;0.0;0.0;0.0;0.0;0.0
2030-04-04 20:00:00;121.6365201236151;0.0;0.0;0.0;0.0;0.0;0.0;0.0
2030-04-04 21:00:00;121.6238754510934;0.0;0.0;0.0;0.0;0.0;0.0;0.0
2030-04-04 22:00:00;121.5467471356887;0.0;0.0;0.0;0.0;0.0;0.0;0.0
2030-04-04 23:00:00;121.5312260095172;0.0;0.0;0.0;0.0;0.0;0.0;0.0
2030-04-05 00:00:00;121.4851525073885;0.0;0.0;0.0;0.0;0.0;0.0;0.0
2030-04-05 01:00:00;121.4300058246789;0.0;0.0;0.0;0.0;0.0;0.0;0.0
2030-04-05 02:00:00;121.4287287964937;0.0;0.0;0.0;0.0;0.0;0.0;0.0
2030-04-05 03:00:00;121.444239455221;0.0;0.0;0.0;0.0;0.0;0.0;0.0
2030-04-05 04:00:00;121.5765479491567;0.0;0.0;0.0;0.0;0.0;0.0;0.0
2030-04-05 05:00:00;121.538463200396;0.0;0.0;0.0;0.0;0.0;0.0;0.0
2030-04-05 06:00:00;121.7659500704121;0.0;0.0;0.0;0.0;0.0;0.0;0.0
2030-04-05 07:00:00;121.8394713045659;0.0;0.0;0.0;0.0;0.0;0.0;0.0
2030-04-05 08:00:00;121.8788205205788;0.0;0.0;0.0;0.0;0.0;0.0;0.0
2030-04-05 09:00:00;121.8263346621697;0.0;0.0;0.0;0.0;0.0;0.0;0.0
2030-04-05 10:00:00;121.7734803497268;0.0;0.0;0.0;0.0;0.0;0.0;0.0
2030-04-05 11:00:00;121.7144837410623;0.0;0.0;0.0;0.0;0.0;0.0;0.0
2030-04-05 12:00:00;121.7478141766943;0.0;0.0;0.0;0.0;0.0;0.0;0.0
2030-04-05 13:00:00;121.8135455389189;0.0;0.0;0.0;0.0;0.0;0.0;0.0
2030-04-05 14:00:00;121.815394089554;0.0;0.0;0.0;0.0;0.0;0.0;0.0
2030-04-05 15:00:00;121.8045142281145;0.0;0.0;0.0;0.0;0.0;0.0;0.0
2030-04-05 16:00:00;121.8011311501682;0.0;0.0;0.0;0.0;0.0;0.0;0.0
2030-04-05 17:00:00;121.7927048576351;0.0;0.0;0.0;0.0;0.0;0.0;0.0
2030-04-05 18:00:00;121.7783204958973;0.0;0.0;0.0;0.0;0.0;0.0;0.0
2030-04-05 19:00:00;121.8698164251292;0.0;0.0;0.0;0.0;0.0;0.0;0.0
2030-04-05 20:00:00;121.9092933439606;0.0;0.0;0.0;0.0;0.0;0.0;0.0
2030-04-05 21:00:00;121.883702536526;0.0;0.0;0.0;0.0;0.0;0.0;0.0
2030-04-05 22:00:00;121.754113484578;0.0;0.0;0.0;0.0;0.0;0.0;0.0
2030-04-05 23:00:00;121.6819383637406;0.0;0.0;0.0;0.0;0.0;0.0;0.0
2030-04-06 00:00:00;121.4246946435219;0.0;0.0;0.0;0.0;0.0;0.0;0.0
2030-04-06 01:00:00;121.2909583902055;0.0;0.0;0.0;0.0;0.0;0.0;0.0
2030-04-06 02:00:00;121.2550048130719;0.0;0.0;0.0;0.0;0.0;0.0;0.0
2030-04-06 03:00:00;121.2424941238352;0.0;0.0;0.0;0.0;0.0;0.0;0.0
2030-04-06 04:00:00;121.2613899539975;0.0;0.0;0.0;0.0;0.0;0.0;0.0
2030-04-06 05:00:00;121.199445713063;0.0;0.0;0.0;0.0;0.0;0.0;0.0
2030-04-06 06:00:00;121.179620373861;0.0;0.0;0.0;0.0;0.0;0.0;0.0
2030-04-06 07:00:00;130.7463095437167;0.0;0.0;0.0;0.0;0.0;0.0;0.0
2030-04-06 08:00:00;130.4718468778869;0.0;0.0;0.0;0.0;0.0;0.0;0.0
2030-04-06 09:00:00;121.2118705692578;0.0;0.0;0.0;0.0;0.0;0.0;0.0
2030-04-06 10:00:00;121.2064672745925;0.0;0.0;0.0;0.0;0.0;0.0;0.0
2030-04-06 11:00:00;121.1621920793671;0.0;0.0;0.0;0.0;0.0;0.0;0.0
2030-04-06 12:00:00;121.100352512874;0.0;0.0;0.0;0.0;0.0;0.0;0.0
2030-04-06 13:00:00;121.0913609783573;0.0;0.0;0.0;0.0;0.0;0.0;0.0
2030-04-06 14:00:00;121.0521583065624;0.0;0.0;0.0;0.0;0.0;0.0;0.0
2030-04-06 15:00:00;121.0508540630225;0.0;0.0;0.0;0.0;0.0;0.0;0.0
2030-04-06 16:00:00;121.0583634074489;0.0;0.0;0.0;0.0;0.0;0.0;0.0
2030-04-06 17:00:00;130.5427679989164;0.0;0.0;0.0;0.0;0.0;0.0;0.0
2030-04-06 18:00:00;130.5858645599315;0.0;0.0;0.0;0.0;0.0;0.0;0.0
2030-04-06 19:00:00;130.6016180633629;0.0;0.0;0.0;0.0;0.0;0.0;0.0
2030-04-06 20:00:00;130.6180247353087;0.0;0.0;0.0;0.0;0.0;0.0;0.0
2030-04-06 21:00:00;130.5925051064942;0.0;0.0;0.0;0.0;0.0;0.0;0.0
2030-04-06 22:00:00;130.605331912544;0.0;0.0;0.0;0.0;0.0;0.0;0.0
2030-04-06 23:00:00;130.5678270601886;0.0;0.0;0.0;0.0;0.0;0.0;0.0
2030-04-07 00:00:00;130.3401015324461;0.0;0.0;0.0;0.0;0.0;0.0;0.0
2030-04-07 01:00:00;130.0016471936079;0.0;0.0;0.0;0.0;0.0;0.0;0.0
2030-04-07 02:00:00;129.8413655019513;0.0;0.0;0.0;0.0;0.0;0.0;0.0
2030-04-07 03:00:00;129.8663910674024;0.0;0.0;0.0;0.0;0.0;0.0;0.0
2030-04-07 04:00:00;129.8985721776679;0.0;0.0;0.0;0.0;0.0;0.0;0.0
2030-04-07 05:00:00;129.9686098464117;0.0;0.0;0.0;0.0;0.0;0.0;0.0
2030-04-07 06:00:00;129.9986032608518;0.0;0.0;0.0;0.0;0.0;0.0;0.0
2030-04-07 07:00:00;130.0164209442678;0.0;0.0;0.0;0.0;0.0;0.0;0.0
2030-04-07 08:00:00;130.0222513106541;0.0;0.0;0.0;0.0;0.0;0.0;0.0
2030-04-07 09:00:00;120.9028506833427;0.0;0.0;0.0;0.0;0.0;0.0;0.0
2030-04-07 10:00:00;120.8754238862058;0.0;0.0;0.0;0.0;0.0;0.0;0.0
2030-04-07 11:00:00;120.8222597374163;0.0;0.0;0.0;0.0;0.0;0.0;0.0
2030-04-07 12:00:00;120.8030896602175;0.0;0.0;0.0;0.0;0.0;0.0;0.0
2030-04-07 13:00:00;120.7959048065594;0.0;0.0;0.0;0.0;0.0;0.0;0.0
2030-04-07 14:00:00;120.8039417101705;0.0;0.0;0.0;0.0;0.0;0.0;0.0
2030-04-07 15:00:00;120.8031817737259;0.0;0.0;0.0;0.0;0.0;0.0;0.0
2030-04-07 16:00:00;120.9200591615096;0.0;0.0;0.0;0.0;0.0;0.0;0.0
2030-04-07 17:00:00;130.1990799380079;0.0;0.0;0.0;0.0;0.0;0.0;0.0
2030-04-07 18:00:00;130.2923427718108;0.0;0.0;0.0;0.0;0.0;0.0;0.0
2030-04-07 19:00:00;129.8642703632195;0.0;0.0;0.0;0.0;0.0;0.0;0.0
2030-04-07 20:00:00;130.2936574827948;0.0;0.0;0.0;0.0;0.0;0.0;0.0
2030-04-07 21:00:00;130.2527004673619;0.0;0.0;0.0;0.0;0.0;0.0;0.0
2030-04-07 22:00:00;120.9963082116065;0.0;0.0;0.0;0.0;0.0;0.0;0.0
2030-04-07 23:00:00;120.992428976808;0.0;0.0;0.0;0.0;0.0;0.0;0.0
2030-04-08 00:00:00;120.9818170819384;0.0;0.0;0.0;0.0;0.0;0.0;0.0
2030-04-08 01:00:00;120.9937227529038;0.0;0.0;0.0;0.0;0.0;0.0;0.0
2030-04-08 02:00:00;121.0183044987233;0.0;0.0;0.0;0.0;0.0;0.0;0.0
2030-04-08 03:00:00;121.0456329018852;0.0;0.0;0.0;0.0;0.0;0.0;0.0
2030-04-08 04:00:00;121.0742613616095;0.0;0.0;0.0;0.0;0.0;0.0;0.0
2030-04-08 05:00:00;130.5742938471786;0.0;0.0;0.0;0.0;0.0;0.0;0.0
2030-04-08 06:00:00;129.6523778914839;0.0;0.0;0.0;0.0;0.0;0.0;0.0
2030-04-08 07:00:00;127.8204390901267;0.0;0.0;0.0;0.0;0.0;0.0;0.0
2030-04-08 08:00:00;121.2842445715339;0.0;0.0;0.0;0.0;0.0;0.0;0.0
2030-04-08 09:00:00;121.3031634300734;0.0;0.0;0.0;0.0;0.0;0.0;0.0
2030-04-08 10:00:00;121.3176064094984;0.0;0.0;0.0;0.0;0.0;0.0;0.0
2030-04-08 11:00:00;121.2940127904058;0.0;0.0;0.0;0.0;0.0;0.0;0.0
2030-04-08 12:00:00;121.3044676736133;0.0;0.0;0.0;0.0;0.0;0.0;0.0
2030-04-08 13:00:00;121.2952165464819;0.0;0.0;0.0;0.0;0.0;0.0;0.0
2030-04-08 14:00:00;121.3220048295263;0.0;0.0;0.0;0.0;0.0;0.0;0.0
2030-04-08 15:00:00;121.3258045117492;0.0;0.0;0.0;0.0;0.0;0.0;0.0
2030-04-08 16:00:00;121.3304583374141;0.0;0.0;0.0;0.0;0.0;0.0;0.0
2030-04-08 17:00:00;131.0975174164956;0.0;0.0;0.0;0.0;0.0;0.0;0.0
2030-04-08 18:00:00;131.1460758898633;0.0;0.0;0.0;0.0;0.0;0.0;0.0
2030-04-08 19:00:00;131.1900412487421;0.0;0.0;0.0;0.0;0.0;0.0;0.0
2030-04-08 20:00:00;131.2203486865064;0.0;0.0;0.0;0.0;0.0;0.0;0.0
2030-04-08 21:00:00;131.191785124936;0.0;0.0;0.0;0.0;0.0;0.0;0.0
2030-04-08 22:00:00;131.0976304648923;0.0;0.0;0.0;0.0;0.0;0.0;0.0
2030-04-08 23:00:00;131.017393318578;0.0;0.0;0.0;0.0;0.0;0.0;0.0
2030-04-09 00:00:00;131.0043927529555;0.0;0.0;0.0;0.0;0.0;0.0;0.0
2030-04-09 01:00:00;130.9738759663083;0.0;0.0;0.0;0.0;0.0;0.0;0.0
2030-04-09 02:00:00;130.9649911997219;0.0;0.0;0.0;0.0;0.0;0.0;0.0
2030-04-09 03:00:00;130.9008655434286;0.0;0.0;0.0;0.0;0.0;0.0;0.0
2030-04-09 04:00:00;130.9467234162079;0.0;0.0;0.0;0.0;0.0;0.0;0.0
2030-04-09 05:00:00;131.0923360316461;0.0;0.0;0.0;0.0;0.0;0.0;0.0
2030-04-09 06:00:00;131.0082405854215;0.0;0.0;0.0;0.0;0.0;0.0;0.0
2030-04-09 07:00:00;130.9992029941506;0.0;0.0;0.0;0.0;0.0;0.0;0.0
2030-04-09 08:00:00;130.9650246955431;0.0;0.0;0.0;0.0;0.0;0.0;0.0
2030-04-09 09:00:00;121.2502002562114;0.0;0.0;0.0;0.0;0.0;0.0;0.0
2030-04-09 10:00:00;121.226347044504;0.0;0.0;0.0;0.0;0.0;0.0;0.0
2030-04-09 11:00:00;121.2339736243048;0.0;0.0;0.0;0.0;0.0;0.0;0.0
2030-04-09 12:00:00;121.2399965916633;0.0;0.0;0.0;0.0;0.0;0.0;0.0
2030-04-09 13:00:00;121.1952922312281;0.0;0.0;0.0;0.0;0.0;0.0;0.0
2030-04-09 14:00:00;121.2018239163718;0.0;0.0;0.0;0.0;0.0;0.0;0.0
2030-04-09 15:00:00;121.1916809629996;0.0;0.0;0.0;0.0;0.0;0.0;0.0
2030-04-09 16:00:00;121.1890787563864;0.0;0.0;0.0;0.0;0.0;0.0;0.0
2030-04-09 17:00:00;121.2131496909317;0.0;0.0;0.0;0.0;0.0;0.0;0.0
2030-04-09 18:00:00;121.2229765274909;0.0;0.0;0.0;0.0;0.0;0.0;0.0
2030-04-09 19:00:00;121.2204957432296;0.0;0.0;0.0;0.0;0.0;0.0;0.0
2030-04-09 20:00:00;121.2226436627672;0.0;0.0;0.0;0.0;0.0;0.0;0.0
2030-04-09 21:00:00;121.217250835546;0.0;0.0;0.0;0.0;0.0;0.0;0.0
2030-04-09 22:00:00;121.2096870604101;0.0;0.0;0.0;0.0;0.0;0.0;0.0
2030-04-09 23:00:00;121.2097414911196;0.0;0.0;0.0;0.0;0.0;0.0;0.0
2030-04-10 00:00:00;121.2228195158287;0.0;0.0;0.0;0.0;0.0;0.0;0.0
2030-04-10 01:00:00;121.1687363254437;0.0;0.0;0.0;0.0;0.0;0.0;0.0
2030-04-10 02:00:00;121.1021131369784;0.0;0.0;0.0;0.0;0.0;0.0;0.0
2030-04-10 03:00:00;121.1170794886104;0.0;0.0;0.0;0.0;0.0;0.0;0.0
2030-04-10 04:00:00;121.1540379403816;0.0;0.0;0.0;0.0;0.0;0.0;0.0
2030-04-10 05:00:00;121.2318989768762;0.0;0.0;0.0;0.0;0.0;0.0;0.0
2030-04-10 06:00:00;121.3244646788993;0.0;0.0;0.0;0.0;0.0;0.0;0.0
2030-04-10 07:00:00;121.3781354519851;0.0;0.0;0.0;0.0;0.0;0.0;0.0
2030-04-10 08:00:00;121.3929154831115;0.0;0.0;0.0;0.0;0.0;0.0;0.0
2030-04-10 09:00:00;121.2952458553255;0.0;0.0;0.0;0.0;0.0;0.0;0.0
2030-04-10 10:00:00;121.2934831377323;0.0;0.0;0.0;0.0;0.0;0.0;0.0
2030-04-10 11:00:00;121.2953044730127;0.0;0.0;0.0;0.0;0.0;0.0;0.0
2030-04-10 12:00:00;121.2987147663136;0.0;0.0;0.0;0.0;0.0;0.0;0.0
2030-04-10 13:00:00;121.3146734316502;0.0;0.0;0.0;0.0;0.0;0.0;0.0
2030-04-10 14:00:00;121.3032806654477;0.0;0.0;0.0;0.0;0.0;0.0;0.0
2030-04-10 15:00:00;121.3250864450812;0.0;0.0;0.0;0.0;0.0;0.0;0.0
2030-04-10 16:00:00;121.3225512301103;0.0;0.0;0.0;0.0;0.0;0.0;0.0
2030-04-10 17:00:00;121.3699394432231;0.0;0.0;0.0;0.0;0.0;0.0;0.0
2030-04-10 18:00:00;121.3756127979473;0.0;0.0;0.0;0.0;0.0;0.0;0.0
2030-04-10 19:00:00;121.3731655095072;0.0;0.0;0.0;0.0;0.0;0.0;0.0
2030-04-10 20:00:00;121.4082063255118;0.0;0.0;0.0;0.0;0.0;0.0;0.0
2030-04-10 21:00:00;121.4118301546733;0.0;0.0;0.0;0.0;0.0;0.0;0.0
2030-04-10 22:00:00;121.3943872057576;0.0;0.0;0.0;0.0;0.0;0.0;0.0
2030-04-10 23:00:00;121.365922038162;0.0;0.0;0.0;0.0;0.0;0.0;0.0
2030-04-11 00:00:00;121.3068395964555;0.0;0.0;0.0;0.0;0.0;0.0;0.0
2030-04-11 01:00:00;121.2273435451862;0.0;0.0;0.0;0.0;0.0;0.0;0.0
2030-04-11 02:00:00;121.2255243033946;0.0;0.0;0.0;0.0;0.0;0.0;0.0
2030-04-11 03:00:00;121.228698032458;0.0;0.0;0.0;0.0;0.0;0.0;0.0
2030-04-11 04:00:00;121.2564514138521;0.0;0.0;0.0;0.0;0.0;0.0;0.0
2030-04-11 05:00:00;121.2131475974429;0.0;0.0;0.0;0.0;0.0;0.0;0.0
2030-04-11 06:00:00;121.2699125470168;0.0;0.0;0.0;0.0;0.0;0.0;0.0
2030-04-11 07:00:00;121.2758350269114;0.0;0.0;0.0;0.0;0.0;0.0;0.0
2030-04-11 08:00:00;121.2661065843273;0.0;0.0;0.0;0.0;0.0;0.0;0.0
2030-04-11 09:00:00;121.2430719267517;0.0;0.0;0.0;0.0;0.0;0.0;0.0
2030-04-11 10:00:00;121.2205083041625;0.0;0.0;0.0;0.0;0.0;0.0;0.0
2030-04-11 11:00:00;121.2082362726522;0.0;0.0;0.0;0.0;0.0;0.0;0.0
2030-04-11 12:00:00;121.208177654965;0.0;0.0;0.0;0.0;0.0;0.0;0.0
2030-04-11 13:00:00;121.1821786172089;0.0;0.0;0.0;0.0;0.0;0.0;0.0
2030-04-11 14:00:00;121.1585263804291;0.0;0.0;0.0;0.0;0.0;0.0;0.0
2030-04-11 15:00:00;121.2126849364119;0.0;0.0;0.0;0.0;0.0;0.0;0.0
2030-04-11 16:00:00;121.1721696471218;0.0;0.0;0.0;0.0;0.0;0.0;0.0
2030-04-11 17:00:00;121.2447174089706;0.0;0.0;0.0;0.0;0.0;0.0;0.0
2030-04-11 18:00:00;121.248512904216;0.0;0.0;0.0;0.0;0.0;0.0;0.0
2030-04-11 19:00:00;130.9007587754982;0.0;0.0;0.0;0.0;0.0;0.0;0.0
2030-04-11 20:00:00;130.9019771859962;0.0;0.0;0.0;0.0;0.0;0.0;0.0
2030-04-11 21:00:00;130.8719921455114;0.0;0.0;0.0;0.0;0.0;0.0;0.0
2030-04-11 22:00:00;130.801326430119;0.0;0.0;0.0;0.0;0.0;0.0;0.0
2030-04-11 23:00:00;130.7522152757008;0.0;0.0;0.0;0.0;0.0;0.0;0.0
2030-04-12 00:00:00;130.8180513123667;0.0;0.0;0.0;0.0;0.0;0.0;0.0
2030-04-12 01:00:00;130.8568666887284;0.0;0.0;0.0;0.0;0.0;0.0;0.0
2030-04-12 02:00:00;130.9488441203908;0.0;0.0;0.0;0.0;0.0;0.0;0.0
2030-04-12 03:00:00;131.0465053742215;0.0;0.0;0.0;0.0;0.0;0.0;0.0
2030-04-12 04:00:00;131.2241504622182;0.0;0.0;0.0;0.0;0.0;0.0;0.0
2030-04-12 05:00:00;131.3672781064175;0.0;0.0;0.0;0.0;0.0;0.0;0.0
2030-04-12 06:00:00;131.5775376568672;0.0;0.0;0.0;0.0;0.0;0.0;0.0
2030-04-12 07:00:00;131.7293637471471;0.0;0.0;0.0;0.0;0.0;0.0;0.0
2030-04-12 08:00:00;131.7765509853324;0.0;0.0;0.0;0.0;0.0;0.0;0.0
2030-04-12 09:00:00;131.6924701935297;0.0;0.0;0.0;0.0;0.0;0.0;0.0
2030-04-12 10:00:00;131.6414016270571;0.0;0.0;0.0;0.0;0.0;0.0;0.0
2030-04-12 11:00:00;121.9094147663127;0.0;0.0;0.0;0.0;0.0;0.0;0.0
2030-04-12 12:00:00;122.0150815214219;0.0;0.0;0.0;0.0;0.0;0.0;0.0
2030-04-12 13:00:00;121.8829635349696;0.0;0.0;0.0;0.0;0.0;0.0;0.0
2030-04-12 14:00:00;121.8808218958985;0.0;0.0;0.0;0.0;0.0;0.0;0.0
2030-04-12 15:00:00;121.8731011091005;0.0;0.0;0.0;0.0;0.0;0.0;0.0
2030-04-12 16:00:00;131.7339149918595;0.0;0.0;0.0;0.0;0.0;0.0;0.0
2030-04-12 17:00:00;131.7923337976074;0.0;0.0;0.0;0.0;0.0;0.0;0.0
2030-04-12 18:00:00;131.7434278050944;0.0;0.0;0.0;0.0;0.0;0.0;0.0
2030-04-12 19:00:00;131.7458101953807;0.0;0.0;0.0;0.0;0.0;0.0;0.0
2030-04-12 20:00:00;131.7365423203387;0.0;0.0;0.0;0.0;0.0;0.0;0.0
2030-04-12 21:00:00;131.7360294155759;0.0;0.0;0.0;0.0;0.0;0.0;0.0
2030-04-12 22:00:00;131.7271090596793;0.0;0.0;0.0;0.0;0.0;0.0;0.0
2030-04-12 23:00:00;131.7052614102693;0.0;0.0;0.0;0.0;0.0;0.0;0.0
2030-04-13 00:00:00;131.4426772000502;0.0;0.0;0.0;0.0;0.0;0.0;0.0
2030-04-13 01:00:00;131.129554076032;0.0;0.0;0.0;0.0;0.0;0.0;0.0
2030-04-13 02:00:00;130.9123629840724;0.0;0.0;0.0;0.0;0.0;0.0;0.0
2030-04-13 03:00:00;130.850783010194;0.0;0.0;0.0;0.0;0.0;0.0;0.0
2030-04-13 04:00:00;130.8948970067796;0.0;0.0;0.0;0.0;0.0;0.0;0.0
2030-04-13 05:00:00;130.9419188593474;0.0;0.0;0.0;0.0;0.0;0.0;0.0
2030-04-13 06:00:00;130.9482558500301;0.0;0.0;0.0;0.0;0.0;0.0;0.0
2030-04-13 07:00:00;130.9584971973771;0.0;0.0;0.0;0.0;0.0;0.0;0.0
2030-04-13 08:00:00;130.9300592451363;0.0;0.0;0.0;0.0;0.0;0.0;0.0
2030-04-13 09:00:00;130.8733277913838;0.0;0.0;0.0;0.0;0.0;0.0;0.0
2030-04-13 10:00:00;130.8204567310302;0.0;0.0;0.0;0.0;0.0;0.0;0.0
2030-04-13 11:00:00;130.7059198637563;0.0;0.0;0.0;0.0;0.0;0.0;0.0
2030-04-13 12:00:00;130.6152843584327;0.0;0.0;0.0;0.0;0.0;0.0;0.0
2030-04-13 13:00:00;130.5460526828876;0.0;0.0;0.0;0.0;0.0;0.0;0.0
2030-04-13 14:00:00;130.5490589328448;0.0;0.0;0.0;0.0;0.0;0.0;0.0
2030-04-13 15:00:00;130.5432557818133;0.0;0.0;0.0;0.0;0.0;0.0;0.0
2030-04-13 16:00:00;130.5582786576437;0.0;0.0;0.0;0.0;0.0;0.0;0.0
2030-04-13 17:00:00;130.6395688288386;0.0;0.0;0.0;0.0;0.0;0.0;0.0
2030-04-13 18:00:00;130.6826779507868;0.0;0.0;0.0;0.0;0.0;0.0;0.0
2030-04-13 19:00:00;130.7331875557422;0.0;0.0;0.0;0.0;0.0;0.0;0.0
2030-04-13 20:00:00;130.7132219527887;0.0;0.0;0.0;0.0;0.0;0.0;0.0
2030-04-13 21:00:00;130.6545896111802;0.0;0.0;0.0;0.0;0.0;0.0;0.0
2030-04-13 22:00:00;130.6272444601076;0.0;0.0;0.0;0.0;0.0;0.0;0.0
2030-04-13 23:00:00;130.6266122264816;0.0;0.0;0.0;0.0;0.0;0.0;0.0
2030-04-14 00:00:00;130.4876862143603;0.0;0.0;0.0;0.0;0.0;0.0;0.0
2030-04-14 01:00:00;130.3410373219523;0.0;0.0;0.0;0.0;0.0;0.0;0.0
2030-04-14 02:00:00;130.2962115391651;0.0;0.0;0.0;0.0;0.0;0.0;0.0
2030-04-14 03:00:00;130.294494878326;0.0;0.0;0.0;0.0;0.0;0.0;0.0
2030-04-14 04:00:00;130.3434280861939;0.0;0.0;0.0;0.0;0.0;0.0;0.0
2030-04-14 05:00:00;130.4017045347016;0.0;0.0;0.0;0.0;0.0;0.0;0.0
2030-04-14 06:00:00;130.3674006267644;0.0;0.0;0.0;0.0;0.0;0.0;0.0
2030-04-14 07:00:00;130.4036703207112;0.0;0.0;0.0;0.0;0.0;0.0;0.0
2030-04-14 08:00:00;130.4278249948097;0.0;0.0;0.0;0.0;0.0;0.0;0.0
2030-04-14 09:00:00;130.430793561968;0.0;0.0;0.0;0.0;0.0;0.0;0.0
2030-04-14 10:00:00;130.3565772895232;0.0;0.0;0.0;0.0;0.0;0.0;0.0
2030-04-14 11:00:00;130.2781824133775;0.0;0.0;0.0;0.0;0.0;0.0;0.0
2030-04-14 12:00:00;120.9799078201272;0.0;0.0;0.0;0.0;0.0;0.0;0.0
2030-04-14 13:00:00;120.9735666424669;0.0;0.0;0.0;0.0;0.0;0.0;0.0
2030-04-14 14:00:00;120.9794430656073;0.0;0.0;0.0;0.0;0.0;0.0;0.0
2030-04-14 15:00:00;130.2367920457573;0.0;0.0;0.0;0.0;0.0;0.0;0.0
2030-04-14 16:00:00;130.261710843278;0.0;0.0;0.0;0.0;0.0;0.0;0.0
2030-04-14 17:00:00;130.3255790004456;0.0;0.0;0.0;0.0;0.0;0.0;0.0
2030-04-14 18:00:00;130.3801897500153;0.0;0.0;0.0;0.0;0.0;0.0;0.0
2030-04-14 19:00:00;130.4709299297802;0.0;0.0;0.0;0.0;0.0;0.0;0.0
2030-04-14 20:00:00;130.6430209919162;0.0;0.0;0.0;0.0;0.0;0.0;0.0
2030-04-14 21:00:00;130.7049380174959;0.0;0.0;0.0;0.0;0.0;0.0;0.0
2030-04-14 22:00:00;130.6921530812228;0.0;0.0;0.0;0.0;0.0;0.0;0.0
2030-04-14 23:00:00;130.6683794220909;0.0;0.0;0.0;0.0;0.0;0.0;0.0
2030-04-15 00:00:00;130.671069555235;0.0;0.0;0.0;0.0;0.0;0.0;0.0
2030-04-15 01:00:00;130.6526803493689;0.0;0.0;0.0;0.0;0.0;0.0;0.0
2030-04-15 02:00:00;130.7037740377074;0.0;0.0;0.0;0.0;0.0;0.0;0.0
2030-04-15 03:00:00;130.7268924348361;0.0;0.0;0.0;0.0;0.0;0.0;0.0
2030-04-15 04:00:00;130.7886440747985;0.0;0.0;0.0;0.0;0.0;0.0;0.0
2030-04-15 05:00:00;131.0662448803816;0.0;0.0;0.0;0.0;0.0;0.0;0.0
2030-04-15 06:00:00;131.271404692046;0.0;0.0;0.0;0.0;0.0;0.0;0.0
2030-04-15 07:00:00;131.2924212263913;0.0;0.0;0.0;0.0;0.0;0.0;0.0
2030-04-15 08:00:00;131.1399398741081;0.0;0.0;0.0;0.0;0.0;0.0;0.0
2030-04-15 09:00:00;121.3238408192285;0.0;0.0;0.0;0.0;0.0;0.0;0.0
2030-04-15 10:00:00;121.28460883859;0.0;0.0;0.0;0.0;0.0;0.0;0.0
2030-04-15 11:00:00;121.2675678395293;0.0;0.0;0.0;0.0;0.0;0.0;0.0
2030-04-15 12:00:00;121.2314195679346;0.0;0.0;0.0;0.0;0.0;0.0;0.0
2030-04-15 13:00:00;121.2010618864384;0.0;0.0;0.0;0.0;0.0;0.0;0.0
2030-04-15 14:00:00;121.2031763101547;0.0;0.0;0.0;0.0;0.0;0.0;0.0
2030-04-15 15:00:00;121.189740298856;0.0;0.0;0.0;0.0;0.0;0.0;0.0
2030-04-15 16:00:00;121.2591687623509;0.0;0.0;0.0;0.0;0.0;0.0;0.0
2030-04-15 17:00:00;121.3184019352531;0.0;0.0;0.0;0.0;0.0;0.0;0.0
2030-04-15 18:00:00;121.3401574711546;0.0;0.0;0.0;0.0;0.0;0.0;0.0
2030-04-15 19:00:00;121.334247552193;0.0;0.0;0.0;0.0;0.0;0.0;0.0
2030-04-15 20:00:00;121.333516924592;0.0;0.0;0.0;0.0;0.0;0.0;0.0
2030-04-15 21:00:00;121.3348651313972;0.0;0.0;0.0;0.0;0.0;0.0;0.0
2030-04-15 22:00:00;121.3276363144738;0.0;0.0;0.0;0.0;0.0;0.0;0.0
2030-04-15 23:00:00;121.2703647406036;0.0;0.0;0.0;0.0;0.0;0.0;0.0
2030-04-16 00:00:00;121.233569580961;0.0;0.0;0.0;0.0;0.0;0.0;0.0
2030-04-16 01:00:00;121.2696236455585;0.0;0.0;0.0;0.0;0.0;0.0;0.0
2030-04-16 02:00:00;121.2972514176228;0.0;0.0;0.0;0.0;0.0;0.0;0.0
2030-04-16 03:00:00;121.3225993803535;0.0;0.0;0.0;0.0;0.0;0.0;0.0
2030-04-16 04:00:00;121.3361798423813;0.0;0.0;0.0;0.0;0.0;0.0;0.0
2030-04-16 05:00:00;121.3834968768738;0.0;0.0;0.0;0.0;0.0;0.0;0.0
2030-04-16 06:00:00;121.3298784410087;0.0;0.0;0.0;0.0;0.0;0.0;0.0
2030-04-16 07:00:00;121.3648459849043;0.0;0.0;0.0;0.0;0.0;0.0;0.0
2030-04-16 08:00:00;121.3817571876578;0.0;0.0;0.0;0.0;0.0;0.0;0.0
2030-04-16 09:00:00;121.3646052336892;0.0;0.0;0.0;0.0;0.0;0.0;0.0
2030-04-16 10:00:00;121.3376829673599;0.0;0.0;0.0;0.0;0.0;0.0;0.0
2030-04-16 11:00:00;121.3033874333779;0.0;0.0;0.0;0.0;0.0;0.0;0.0
2030-04-16 12:00:00;121.3017775404691;0.0;0.0;0.0;0.0;0.0;0.0;0.0
2030-04-16 13:00:00;121.2983232839028;0.0;0.0;0.0;0.0;0.0;0.0;0.0
2030-04-16 14:00:00;121.2929178957487;0.0;0.0;0.0;0.0;0.0;0.0;0.0
2030-04-16 15:00:00;121.3677622148419;0.0;0.0;0.0;0.0;0.0;0.0;0.0
2030-04-16 16:00:00;121.4064959451393;0.0;0.0;0.0;0.0;0.0;0.0;0.0
2030-04-16 17:00:00;121.495741373881;0.0;0.0;0.0;0.0;0.0;0.0;0.0
2030-04-16 18:00:00;121.5474652023567;0.0;0.0;0.0;0.0;0.0;0.0;0.0
2030-04-16 19:00:00;121.561564849614;0.0;0.0;0.0;0.0;0.0;0.0;0.0
2030-04-16 20:00:00;121.5397674439359;0.0;0.0;0.0;0.0;0.0;0.0;0.0
2030-04-16 21:00:00;121.5287096359459;0.0;0.0;0.0;0.0;0.0;0.0;0.0
2030-04-16 22:00:00;121.4712203392375;0.0;0.0;0.0;0.0;0.0;0.0;0.0
2030-04-16 23:00:00;121.4303889331344;0.0;0.0;0.0;0.0;0.0;0.0;0.0
2030-04-17 00:00:00;121.3721041106714;0.0;0.0;0.0;0.0;0.0;0.0;0.0
2030-04-17 01:00:00;121.3774718160266;0.0;0.0;0.0;0.0;0.0;0.0;0.0
2030-04-17 02:00:00;121.3701613530389;0.0;0.0;0.0;0.0;0.0;0.0;0.0
2030-04-17 03:00:00;121.3835157182734;0.0;0.0;0.0;0.0;0.0;0.0;0.0
2030-04-17 04:00:00;121.4179201136742;0.0;0.0;0.0;0.0;0.0;0.0;0.0
2030-04-17 05:00:00;121.4786857203985;0.0;0.0;0.0;0.0;0.0;0.0;0.0
2030-04-17 06:00:00;121.4336149994184;0.0;0.0;0.0;0.0;0.0;0.0;0.0
2030-04-17 07:00:00;121.5219874433188;0.0;0.0;0.0;0.0;0.0;0.0;0.0
2030-04-17 08:00:00;121.5414841047749;0.0;0.0;0.0;0.0;0.0;0.0;0.0
2030-04-17 09:00:00;121.5238024981329;0.0;0.0;0.0;0.0;0.0;0.0;0.0
2030-04-17 10:00:00;121.4795796401282;0.0;0.0;0.0;0.0;0.0;0.0;0.0
2030-04-17 11:00:00;121.3813301159368;0.0;0.0;0.0;0.0;0.0;0.0;0.0
2030-04-17 12:00:00;121.428238920108;0.0;0.0;0.0;0.0;0.0;0.0;0.0
2030-04-17 13:00:00;121.4606251922785;0.0;0.0;0.0;0.0;0.0;0.0;0.0
2030-04-17 14:00:00;121.4374544579292;0.0;0.0;0.0;0.0;0.0;0.0;0.0
2030-04-17 15:00:00;121.4650529211499;0.0;0.0;0.0;0.0;0.0;0.0;0.0
2030-04-17 16:00:00;121.4285738783204;0.0;0.0;0.0;0.0;0.0;0.0;0.0
2030-04-17 17:00:00;121.4380950655106;0.0;0.0;0.0;0.0;0.0;0.0;0.0
2030-04-17 18:00:00;121.4308369397436;0.0;0.0;0.0;0.0;0.0;0.0;0.0
2030-04-17 19:00:00;121.4294971068936;0.0;0.0;0.0;0.0;0.0;0.0;0.0
2030-04-17 20:00:00;129.718345817946;0.0;0.0;0.0;0.0;0.0;0.0;0.0
2030-04-17 21:00:00;121.4320553502415;0.0;0.0;0.0;0.0;0.0;0.0;0.0
2030-04-17 22:00:00;127.4026080288825;0.0;0.0;0.0;0.0;0.0;0.0;0.0
2030-04-17 23:00:00;121.3109260866479;0.0;0.0;0.0;0.0;0.0;0.0;0.0
2030-04-18 00:00:00;121.2602301611868;0.0;0.0;0.0;0.0;0.0;0.0;0.0
2030-04-18 01:00:00;121.1614802931655;0.0;0.0;0.0;0.0;0.0;0.0;0.0
2030-04-18 02:00:00;121.104723717547;0.0;0.0;0.0;0.0;0.0;0.0;0.0
2030-04-18 03:00:00;121.1544168618595;0.0;0.0;0.0;0.0;0.0;0.0;0.0
2030-04-18 04:00:00;121.1653009102769;0.0;0.0;0.0;0.0;0.0;0.0;0.0
2030-04-18 05:00:00;121.1359083271304;0.0;0.0;0.0;0.0;0.0;0.0;0.0
2030-04-18 06:00:00;121.2066849974306;0.0;0.0;0.0;0.0;0.0;0.0;0.0
2030-04-18 07:00:00;121.2280364899883;0.0;0.0;0.0;0.0;0.0;0.0;0.0
2030-04-18 08:00:00;121.2401912861243;0.0;0.0;0.0;0.0;0.0;0.0;0.0
2030-04-18 09:00:00;121.2250825772519;0.0;0.0;0.0;0.0;0.0;0.0;0.0
2030-04-18 10:00:00;121.1986501873084;0.0;0.0;0.0;0.0;0.0;0.0;0.0
2030-04-18 11:00:00;121.1734320208851;0.0;0.0;0.0;0.0;0.0;0.0;0.0
2030-04-18 12:00:00;121.1486618610711;0.0;0.0;0.0;0.0;0.0;0.0;0.0
2030-04-18 13:00:00;121.1394714451158;0.0;0.0;0.0;0.0;0.0;0.0;0.0
2030-04-18 14:00:00;121.1318511457815;0.0;0.0;0.0;0.0;0.0;0.0;0.0
2030-04-18 15:00:00;121.1711815203949;0.0;0.0;0.0;0.0;0.0;0.0;0.0
2030-04-18 16:00:00;121.1458209967314;0.0;0.0;0.0;0.0;0.0;0.0;0.0
2030-04-18 17:00:00;121.1463715842931;0.0;0.0;0.0;0.0;0.0;0.0;0.0
2030-04-18 18:00:00;121.1497358208399;0.0;0.0;0.0;0.0;0.0;0.0;0.0
2030-04-18 19:00:00;121.1541112124906;0.0;0.0;0.0;0.0;0.0;0.0;0.0
2030-04-18 20:00:00;121.1838178189613;0.0;0.0;0.0;0.0;0.0;0.0;0.0
2030-04-18 21:00:00;121.2092872040439;0.0;0.0;0.0;0.0;0.0;0.0;0.0
2030-04-18 22:00:00;121.1942747956577;0.0;0.0;0.0;0.0;0.0;0.0;0.0
2030-04-18 23:00:00;121.2035803534986;0.0;0.0;0.0;0.0;0.0;0.0;0.0
2030-04-19 00:00:00;121.1795156994196;0.0;0.0;0.0;0.0;0.0;0.0;0.0
2030-04-19 01:00:00;121.1007586497066;0.0;0.0;0.0;0.0;0.0;0.0;0.0
2030-04-19 02:00:00;121.0753541627777;0.0;0.0;0.0;0.0;0.0;0.0;0.0
2030-04-19 03:00:00;121.086079106044;0.0;0.0;0.0;0.0;0.0;0.0;0.0
2030-04-19 04:00:00;121.0631135335998;0.0;0.0;0.0;0.0;0.0;0.0;0.0
2030-04-19 05:00:00;121.10362882289;0.0;0.0;0.0;0.0;0.0;0.0;0.0
2030-04-19 06:00:00;121.1743175666595;0.0;0.0;0.0;0.0;0.0;0.0;0.0
2030-04-19 07:00:00;121.2336261051594;0.0;0.0;0.0;0.0;0.0;0.0;0.0
2030-04-19 08:00:00;121.2231900633513;0.0;0.0;0.0;0.0;0.0;0.0;0.0
2030-04-19 09:00:00;121.2138468227116;0.0;0.0;0.0;0.0;0.0;0.0;0.0
2030-04-19 10:00:00;121.1701619913356;0.0;0.0;0.0;0.0;0.0;0.0;0.0
2030-04-19 11:00:00;121.185015294571;0.0;0.0;0.0;0.0;0.0;0.0;0.0
2030-04-19 12:00:00;121.1558990519498;0.0;0.0;0.0;0.0;0.0;0.0;0.0
2030-04-19 13:00:00;121.1419480423994;0.0;0.0;0.0;0.0;0.0;0.0;0.0
2030-04-19 14:00:00;121.1617691946238;0.0;0.0;0.0;0.0;0.0;0.0;0.0
2030-04-19 15:00:00;121.1218003059179;0.0;0.0;0.0;0.0;0.0;0.0;0.0
2030-04-19 16:00:00;121.0943693218033;0.0;0.0;0.0;0.0;0.0;0.0;0.0
2030-04-19 17:00:00;121.1674237079485;0.0;0.0;0.0;0.0;0.0;0.0;0.0
2030-04-19 18:00:00;121.1648926799553;0.0;0.0;0.0;0.0;0.0;0.0;0.0
2030-04-19 19:00:00;121.145460916653;0.0;0.0;0.0;0.0;0.0;0.0;0.0
2030-04-19 20:00:00;121.1408175584323;0.0;0.0;0.0;0.0;0.0;0.0;0.0
2030-04-19 21:00:00;121.1401706703843;0.0;0.0;0.0;0.0;0.0;0.0;0.0
2030-04-19 22:00:00;121.1208247401239;0.0;0.0;0.0;0.0;0.0;0.0;0.0
2030-04-19 23:00:00;121.1022471202634;0.0;0.0;0.0;0.0;0.0;0.0;0.0
2030-04-20 00:00:00;121.0535944398984;0.0;0.0;0.0;0.0;0.0;0.0;0.0
2030-04-20 01:00:00;121.0100184699417;0.0;0.0;0.0;0.0;0.0;0.0;0.0
2030-04-20 02:00:00;121.0066542333949;0.0;0.0;0.0;0.0;0.0;0.0;0.0
2030-04-20 03:00:00;121.0031811354291;0.0;0.0;0.0;0.0;0.0;0.0;0.0
2030-04-20 04:00:00;121.0000932394077;0.0;0.0;0.0;0.0;0.0;0.0;0.0
2030-04-20 05:00:00;121.0434807953699;0.0;0.0;0.0;0.0;0.0;0.0;0.0
2030-04-20 06:00:00;121.0100142829641;0.0;0.0;0.0;0.0;0.0;0.0;0.0
2030-04-20 07:00:00;121.0329966033189;0.0;0.0;0.0;0.0;0.0;0.0;0.0
2030-04-20 08:00:00;121.0221041809463;0.0;0.0;0.0;0.0;0.0;0.0;0.0
2030-04-20 09:00:00;121.0360489100302;0.0;0.0;0.0;0.0;0.0;0.0;0.0
2030-04-20 10:00:00;121.0032711554487;0.0;0.0;0.0;0.0;0.0;0.0;0.0
2030-04-20 11:00:00;120.9518446023866;0.0;0.0;0.0;0.0;0.0;0.0;0.0
2030-04-20 12:00:00;120.9268818416003;0.0;0.0;0.0;0.0;0.0;0.0;0.0
2030-04-20 13:00:00;120.9043663692542;0.0;0.0;0.0;0.0;0.0;0.0;0.0
2030-04-20 14:00:00;120.9154325511995;0.0;0.0;0.0;0.0;0.0;0.0;0.0
2030-04-20 15:00:00;120.9685401757907;0.0;0.0;0.0;0.0;0.0;0.0;0.0
2030-04-20 16:00:00;120.9891024230601;0.0;0.0;0.0;0.0;0.0;0.0;0.0
2030-04-20 17:00:00;121.0114085465236;0.0;0.0;0.0;0.0;0.0;0.0;0.0
2030-04-20 18:00:00;121.0256589249764;0.0;0.0;0.0;0.0;0.0;0.0;0.0
2030-04-20 19:00:00;130.3242915048163;0.0;0.0;0.0;0.0;0.0;0.0;0.0
2030-04-20 20:00:00;130.3169747613621;0.0;0.0;0.0;0.0;0.0;0.0;0.0
2030-04-20 21:00:00;130.304164703223;0.0;0.0;0.0;0.0;0.0;0.0;0.0
2030-04-20 22:00:00;130.3069155475431;0.0;0.0;0.0;0.0;0.0;0.0;0.0
2030-04-20 23:00:00;130.3103467757323;0.0;0.0;0.0;0.0;0.0;0.0;0.0
2030-04-21 00:00:00;130.2739807812995;0.0;0.0;0.0;0.0;0.0;0.0;0.0
2030-04-21 01:00:00;130.1727961857711;0.0;0.0;0.0;0.0;0.0;0.0;0.0
2030-04-21 02:00:00;130.173541467794;0.0;0.0;0.0;0.0;0.0;0.0;0.0
2030-04-21 03:00:00;130.1940074145774;0.0;0.0;0.0;0.0;0.0;0.0;0.0
2030-04-21 04:00:00;130.2237203015146;0.0;0.0;0.0;0.0;0.0;0.0;0.0
2030-04-21 05:00:00;130.2130162931365;0.0;0.0;0.0;0.0;0.0;0.0;0.0
2030-04-21 06:00:00;130.1822901576067;0.0;0.0;0.0;0.0;0.0;0.0;0.0
2030-04-21 07:00:00;130.1656552953785;0.0;0.0;0.0;0.0;0.0;0.0;0.0
2030-04-21 08:00:00;130.1456247942714;0.0;0.0;0.0;0.0;0.0;0.0;0.0
2030-04-21 09:00:00;120.8951592053882;0.0;0.0;0.0;0.0;0.0;0.0;0.0
2030-04-21 10:00:00;120.8745194990321;0.0;0.0;0.0;0.0;0.0;0.0;0.0
2030-04-21 11:00:00;120.8698887017443;0.0;0.0;0.0;0.0;0.0;0.0;0.0
2030-04-21 12:00:00;120.8481771291081;0.0;0.0;0.0;0.0;0.0;0.0;0.0
2030-04-21 13:00:00;120.7957017381431;0.0;0.0;0.0;0.0;0.0;0.0;0.0
2030-04-21 14:00:00;120.829850727907;0.0;0.0;0.0;0.0;0.0;0.0;0.0
2030-04-21 15:00:00;120.9110257572163;0.0;0.0;0.0;0.0;0.0;0.0;0.0
2030-04-21 16:00:00;120.9162950685967;0.0;0.0;0.0;0.0;0.0;0.0;0.0
2030-04-21 17:00:00;130.3065952437524;0.0;0.0;0.0;0.0;0.0;0.0;0.0
2030-04-21 18:00:00;130.4122975881718;0.0;0.0;0.0;0.0;0.0;0.0;0.0
2030-04-21 19:00:00;130.389618823697;0.0;0.0;0.0;0.0;0.0;0.0;0.0
2030-04-21 20:00:00;130.4130219353063;0.0;0.0;0.0;0.0;0.0;0.0;0.0
2030-04-21 21:00:00;130.4047798697901;0.0;0.0;0.0;0.0;0.0;0.0;0.0
2030-04-21 22:00:00;130.3978525152579;0.0;0.0;0.0;0.0;0.0;0.0;0.0
2030-04-21 23:00:00;130.3842029680987;0.0;0.0;0.0;0.0;0.0;0.0;0.0
2030-04-22 00:00:00;130.1867116060116;0.0;0.0;0.0;0.0;0.0;0.0;0.0
2030-04-22 01:00:00;130.0714524850919;0.0;0.0;0.0;0.0;0.0;0.0;0.0
2030-04-22 02:00:00;129.98236825499;0.0;0.0;0.0;0.0;0.0;0.0;0.0
2030-04-22 03:00:00;130.0231201085177;0.0;0.0;0.0;0.0;0.0;0.0;0.0
2030-04-22 04:00:00;129.8669207200759;0.0;0.0;0.0;0.0;0.0;0.0;0.0
2030-04-22 05:00:00;129.8621287241483;0.0;0.0;0.0;0.0;0.0;0.0;0.0
2030-04-22 06:00:00;129.9690076092891;0.0;0.0;0.0;0.0;0.0;0.0;0.0
2030-04-22 07:00:00;129.9460692521997;0.0;0.0;0.0;0.0;0.0;0.0;0.0
2030-04-22 08:00:00;129.927931264993;0.0;0.0;0.0;0.0;0.0;0.0;0.0
2030-04-22 09:00:00;121.4799899639384;0.0;0.0;0.0;0.0;0.0;0.0;0.0
2030-04-22 10:00:00;120.9732358712321;0.0;0.0;0.0;0.0;0.0;0.0;0.0
2030-04-22 11:00:00;120.9964212600032;0.0;0.0;0.0;0.0;0.0;0.0;0.0
2030-04-22 12:00:00;120.9641501297181;0.0;0.0;0.0;0.0;0.0;0.0;0.0
2030-04-22 13:00:00;120.8520417094848;0.0;0.0;0.0;0.0;0.0;0.0;0.0
2030-04-22 14:00:00;120.827840978632;0.0;0.0;0.0;0.0;0.0;0.0;0.0
2030-04-22 15:00:00;120.8295450785381;0.0;0.0;0.0;0.0;0.0;0.0;0.0
2030-04-22 16:00:00;120.8422525557246;0.0;0.0;0.0;0.0;0.0;0.0;0.0
2030-04-22 17:00:00;130.0991200334441;0.0;0.0;0.0;0.0;0.0;0.0;0.0
2030-04-22 18:00:00;130.2248131026829;0.0;0.0;0.0;0.0;0.0;0.0;0.0
2030-04-22 19:00:00;130.2734322872266;0.0;0.0;0.0;0.0;0.0;0.0;0.0
2030-04-22 20:00:00;130.3375495695646;0.0;0.0;0.0;0.0;0.0;0.0;0.0
2030-04-22 21:00:00;130.3768652897562;0.0;0.0;0.0;0.0;0.0;0.0;0.0
2030-04-22 22:00:00;130.302046092529;0.0;0.0;0.0;0.0;0.0;0.0;0.0
2030-04-22 23:00:00;130.3119859774848;0.0;0.0;0.0;0.0;0.0;0.0;0.0
2030-04-23 00:00:00;120.9761102313931;0.0;0.0;0.0;0.0;0.0;0.0;0.0
2030-04-23 01:00:00;127.6659940453228;0.0;0.0;0.0;0.0;0.0;0.0;0.0
2030-04-23 02:00:00;129.9764206532294;0.0;0.0;0.0;0.0;0.0;0.0;0.0
2030-04-23 03:00:00;130.2649076007186;0.0;0.0;0.0;0.0;0.0;0.0;0.0
2030-04-23 04:00:00;130.3047257582289;0.0;0.0;0.0;0.0;0.0;0.0;0.0
2030-04-23 05:00:00;130.3695317983915;0.0;0.0;0.0;0.0;0.0;0.0;0.0
2030-04-23 06:00:00;130.7051327119569;0.0;0.0;0.0;0.0;0.0;0.0;0.0
2030-04-23 07:00:00;130.812457510218;0.0;0.0;0.0;0.0;0.0;0.0;0.0
2030-04-23 08:00:00;124.8141744785601;0.0;0.0;0.0;0.0;0.0;0.0;0.0
2030-04-23 09:00:00;121.2350224622077;0.0;0.0;0.0;0.0;0.0;0.0;0.0
2030-04-23 10:00:00;121.2601547955889;0.0;0.0;0.0;0.0;0.0;0.0;0.0
2030-04-23 11:00:00;121.2383971661986;0.0;0.0;0.0;0.0;0.0;0.0;0.0
2030-04-23 12:00:00;121.2299980890203;0.0;0.0;0.0;0.0;0.0;0.0;0.0
2030-04-23 13:00:00;121.1850320424816;0.0;0.0;0.0;0.0;0.0;0.0;0.0
2030-04-23 14:00:00;121.1949677404598;0.0;0.0;0.0;0.0;0.0;0.0;0.0
2030-04-23 15:00:00;121.2292193111763;0.0;0.0;0.0;0.0;0.0;0.0;0.0
2030-04-23 16:00:00;121.2491367638867;0.0;0.0;0.0;0.0;0.0;0.0;0.0
2030-04-23 17:00:00;121.2705761829752;0.0;0.0;0.0;0.0;0.0;0.0;0.0
2030-04-23 18:00:00;131.0128190454886;0.0;0.0;0.0;0.0;0.0;0.0;0.0
2030-04-23 19:00:00;131.0276367594138;0.0;0.0;0.0;0.0;0.0;0.0;0.0
2030-04-23 20:00:00;130.9362287567127;0.0;0.0;0.0;0.0;0.0;0.0;0.0
2030-04-23 21:00:00;131.0488668296195;0.0;0.0;0.0;0.0;0.0;0.0;0.0
2030-04-23 22:00:00;130.9991988071729;0.0;0.0;0.0;0.0;0.0;0.0;0.0
2030-04-23 23:00:00;130.883299078672;0.0;0.0;0.0;0.0;0.0;0.0;0.0
2030-04-24 00:00:00;130.8028693313854;0.0;0.0;0.0;0.0;0.0;0.0;0.0
2030-04-24 01:00:00;130.783328706664;0.0;0.0;0.0;0.0;0.0;0.0;0.0
2030-04-24 02:00:00;130.7851102656566;0.0;0.0;0.0;0.0;0.0;0.0;0.0
2030-04-24 03:00:00;130.7846245762485;0.0;0.0;0.0;0.0;0.0;0.0;0.0
2030-04-24 04:00:00;130.7578572280925;0.0;0.0;0.0;0.0;0.0;0.0;0.0
2030-04-24 05:00:00;130.7878883253315;0.0;0.0;0.0;0.0;0.0;0.0;0.0
2030-04-24 06:00:00;130.7846162022932;0.0;0.0;0.0;0.0;0.0;0.0;0.0
2030-04-24 07:00:00;130.8488904962934;0.0;0.0;0.0;0.0;0.0;0.0;0.0
2030-04-24 08:00:00;121.268398954594;0.0;0.0;0.0;0.0;0.0;0.0;0.0
2030-04-24 09:00:00;121.2562671868352;0.0;0.0;0.0;0.0;0.0;0.0;0.0
2030-04-24 10:00:00;121.274537063838;0.0;0.0;0.0;0.0;0.0;0.0;0.0
2030-04-24 11:00:00;121.2292004697768;0.0;0.0;0.0;0.0;0.0;0.0;0.0
2030-04-24 12:00:00;121.1782135493685;0.0;0.0;0.0;0.0;0.0;0.0;0.0
2030-04-24 13:00:00;121.1684139281641;0.0;0.0;0.0;0.0;0.0;0.0;0.0
2030-04-24 14:00:00;121.1516450826512;0.0;0.0;0.0;0.0;0.0;0.0;0.0
2030-04-24 15:00:00;121.1677544791833;0.0;0.0;0.0;0.0;0.0;0.0;0.0
2030-04-24 16:00:00;121.2428793257796;0.0;0.0;0.0;0.0;0.0;0.0;0.0
2030-04-24 17:00:00;130.9982546437115;0.0;0.0;0.0;0.0;0.0;0.0;0.0
2030-04-24 18:00:00;131.0152579599733;0.0;0.0;0.0;0.0;0.0;0.0;0.0
2030-04-24 19:00:00;131.0324643446514;0.0;0.0;0.0;0.0;0.0;0.0;0.0
2030-04-24 20:00:00;131.0179878694051;0.0;0.0;0.0;0.0;0.0;0.0;0.0
2030-04-24 21:00:00;130.9657720710548;0.0;0.0;0.0;0.0;0.0;0.0;0.0
2030-04-24 22:00:00;130.849309194059;0.0;0.0;0.0;0.0;0.0;0.0;0.0
2030-04-24 23:00:00;130.8340581279463;0.0;0.0;0.0;0.0;0.0;0.0;0.0
2030-04-25 00:00:00;130.6227811419261;0.0;0.0;0.0;0.0;0.0;0.0;0.0
2030-04-25 01:00:00;130.5074173465651;0.0;0.0;0.0;0.0;0.0;0.0;0.0
2030-04-25 02:00:00;130.5456381720996;0.0;0.0;0.0;0.0;0.0;0.0;0.0
2030-04-25 03:00:00;130.4609021182937;0.0;0.0;0.0;0.0;0.0;0.0;0.0
2030-04-25 04:00:00;130.347445491255;0.0;0.0;0.0;0.0;0.0;0.0;0.0
2030-04-25 05:00:00;130.632756616192;0.0;0.0;0.0;0.0;0.0;0.0;0.0
2030-04-25 06:00:00;130.7748165810888;0.0;0.0;0.0;0.0;0.0;0.0;0.0
2030-04-25 07:00:00;130.8526336543181;0.0;0.0;0.0;0.0;0.0;0.0;0.0
2030-04-25 08:00:00;130.8483440957093;0.0;0.0;0.0;0.0;0.0;0.0;0.0
2030-04-25 09:00:00;130.7156545868069;0.0;0.0;0.0;0.0;0.0;0.0;0.0
2030-04-25 10:00:00;130.3450505400357;0.0;0.0;0.0;0.0;0.0;0.0;0.0
2030-04-25 11:00:00;121.2069320291123;0.0;0.0;0.0;0.0;0.0;0.0;0.0
2030-04-25 12:00:00;127.6297096969542;0.0;0.0;0.0;0.0;0.0;0.0;0.0
2030-04-25 13:00:00;121.22851589893;0.0;0.0;0.0;0.0;0.0;0.0;0.0
2030-04-25 14:00:00;121.7910279730839;0.0;0.0;0.0;0.0;0.0;0.0;0.0
2030-04-25 15:00:00;121.3610651440808;0.0;0.0;0.0;0.0;0.0;0.0;0.0
2030-04-25 16:00:00;131.1357089331866;0.0;0.0;0.0;0.0;0.0;0.0;0.0
2030-04-25 17:00:00;131.1398645085104;0.0;0.0;0.0;0.0;0.0;0.0;0.0
2030-04-25 18:00:00;131.2641235379019;0.0;0.0;0.0;0.0;0.0;0.0;0.0
2030-04-25 19:00:00;131.2436073473866;0.0;0.0;0.0;0.0;0.0;0.0;0.0
2030-04-25 20:00:00;131.2684298444213;0.0;0.0;0.0;0.0;0.0;0.0;0.0
2030-04-25 21:00:00;131.2403205699265;0.0;0.0;0.0;0.0;0.0;0.0;0.0
2030-04-25 22:00:00;131.1800280916774;0.0;0.0;0.0;0.0;0.0;0.0;0.0
2030-04-25 23:00:00;130.9120803630805;0.0;0.0;0.0;0.0;0.0;0.0;0.0
2030-04-26 00:00:00;130.7503520706438;0.0;0.0;0.0;0.0;0.0;0.0;0.0
2030-04-26 01:00:00;130.7302315495169;0.0;0.0;0.0;0.0;0.0;0.0;0.0
2030-04-26 02:00:00;130.7566848743488;0.0;0.0;0.0;0.0;0.0;0.0;0.0
2030-04-26 03:00:00;130.7981317661673;0.0;0.0;0.0;0.0;0.0;0.0;0.0
2030-04-26 04:00:00;130.8443057557599;0.0;0.0;0.0;0.0;0.0;0.0;0.0
2030-04-26 05:00:00;130.9436794834519;0.0;0.0;0.0;0.0;0.0;0.0;0.0
2030-04-26 06:00:00;131.0907010168713;0.0;0.0;0.0;0.0;0.0;0.0;0.0
2030-04-26 07:00:00;121.3731173592642;0.0;0.0;0.0;0.0;0.0;0.0;0.0
2030-04-26 08:00:00;121.3841835412095;0.0;0.0;0.0;0.0;0.0;0.0;0.0
2030-04-26 09:00:00;121.3898317740677;0.0;0.0;0.0;0.0;0.0;0.0;0.0
2030-04-26 10:00:00;121.3755897695702;0.0;0.0;0.0;0.0;0.0;0.0;0.0
2030-04-26 11:00:00;121.4921447600744;0.0;0.0;0.0;0.0;0.0;0.0;0.0
2030-04-26 12:00:00;121.4915606766913;0.0;0.0;0.0;0.0;0.0;0.0;0.0
2030-04-26 13:00:00;121.5293251216614;0.0;0.0;0.0;0.0;0.0;0.0;0.0
2030-04-26 14:00:00;121.5094369777945;0.0;0.0;0.0;0.0;0.0;0.0;0.0
2030-04-26 15:00:00;121.472553891621;0.0;0.0;0.0;0.0;0.0;0.0;0.0
2030-04-26 16:00:00;121.4421480598818;0.0;0.0;0.0;0.0;0.0;0.0;0.0
2030-04-26 17:00:00;121.4325808159374;0.0;0.0;0.0;0.0;0.0;0.0;0.0
2030-04-26 18:00:00;121.4476832443432;0.0;0.0;0.0;0.0;0.0;0.0;0.0
2030-04-26 19:00:00;121.4546922449397;0.0;0.0;0.0;0.0;0.0;0.0;0.0
2030-04-26 20:00:00;121.5044942506713;0.0;0.0;0.0;0.0;0.0;0.0;0.0
2030-04-26 21:00:00;121.4537962317213;0.0;0.0;0.0;0.0;0.0;0.0;0.0
2030-04-26 22:00:00;121.3468084851615;0.0;0.0;0.0;0.0;0.0;0.0;0.0
2030-04-26 23:00:00;121.2260539560681;0.0;0.0;0.0;0.0;0.0;0.0;0.0
2030-04-27 00:00:00;121.0090324367036;0.0;0.0;0.0;0.0;0.0;0.0;0.0
2030-04-27 01:00:00;120.8632041919162;0.0;0.0;0.0;0.0;0.0;0.0;0.0
2030-04-27 02:00:00;120.7764793237235;0.0;0.0;0.0;0.0;0.0;0.0;0.0
2030-04-27 03:00:00;120.7787570395685;0.0;0.0;0.0;0.0;0.0;0.0;0.0
2030-04-27 04:00:00;120.7725310037937;0.0;0.0;0.0;0.0;0.0;0.0;0.0
2030-04-27 05:00:00;120.780310408279;0.0;0.0;0.0;0.0;0.0;0.0;0.0
2030-04-27 06:00:00;120.7988356909187;0.0;0.0;0.0;0.0;0.0;0.0;0.0
2030-04-27 07:00:00;120.8294571520073;0.0;0.0;0.0;0.0;0.0;0.0;0.0
2030-04-27 08:00:00;120.8296602204236;0.0;0.0;0.0;0.0;0.0;0.0;0.0
2030-04-27 09:00:00;120.8215898209913;0.0;0.0;0.0;0.0;0.0;0.0;0.0
2030-04-27 10:00:00;120.8359741827291;0.0;0.0;0.0;0.0;0.0;0.0;0.0
2030-04-27 11:00:00;120.8456314466932;0.0;0.0;0.0;0.0;0.0;0.0;0.0
2030-04-27 12:00:00;120.8466237603976;0.0;0.0;0.0;0.0;0.0;0.0;0.0
2030-04-27 13:00:00;120.8108271949261;0.0;0.0;0.0;0.0;0.0;0.0;0.0
2030-04-27 14:00:00;120.8175912573297;0.0;0.0;0.0;0.0;0.0;0.0;0.0
2030-04-27 15:00:00;120.8315380799024;0.0;0.0;0.0;0.0;0.0;0.0;0.0
2030-04-27 16:00:00;120.8489182241533;0.0;0.0;0.0;0.0;0.0;0.0;0.0
2030-04-27 17:00:00;120.8595887367101;0.0;0.0;0.0;0.0;0.0;0.0;0.0
2030-04-27 18:00:00;120.8857615340389;0.0;0.0;0.0;0.0;0.0;0.0;0.0
2030-04-27 19:00:00;120.9739371899894;0.0;0.0;0.0;0.0;0.0;0.0;0.0
2030-04-27 20:00:00;120.946615067294;0.0;0.0;0.0;0.0;0.0;0.0;0.0
2030-04-27 21:00:00;120.9320590394722;0.0;0.0;0.0;0.0;0.0;0.0;0.0
2030-04-27 22:00:00;120.88759961723;0.0;0.0;0.0;0.0;0.0;0.0;0.0
2030-04-27 23:00:00;120.9020970273645;0.0;0.0;0.0;0.0;0.0;0.0;0.0
2030-04-28 00:00:00;120.9038681189131;0.0;0.0;0.0;0.0;0.0;0.0;0.0
2030-04-28 01:00:00;120.8829730069199;0.0;0.0;0.0;0.0;0.0;0.0;0.0
2030-04-28 02:00:00;120.8686954131123;0.0;0.0;0.0;0.0;0.0;0.0;0.0
2030-04-28 03:00:00;120.8255109255663;0.0;0.0;0.0;0.0;0.0;0.0;0.0
2030-04-28 04:00:00;120.8612698082391;0.0;0.0;0.0;0.0;0.0;0.0;0.0
2030-04-28 05:00:00;120.8623856377844;0.0;0.0;0.0;0.0;0.0;0.0;0.0
2030-04-28 06:00:00;120.8308346676561;0.0;0.0;0.0;0.0;0.0;0.0;0.0
2030-04-28 07:00:00;120.8403139850698;0.0;0.0;0.0;0.0;0.0;0.0;0.0
2030-04-28 08:00:00;120.8232834534533;0.0;0.0;0.0;0.0;0.0;0.0;0.0
2030-04-28 09:00:00;120.8535176191085;0.0;0.0;0.0;0.0;0.0;0.0;0.0
2030-04-28 10:00:00;120.853597171684;0.0;0.0;0.0;0.0;0.0;0.0;0.0
2030-04-28 11:00:00;120.8569153514765;0.0;0.0;0.0;0.0;0.0;0.0;0.0
2030-04-28 12:00:00;120.8819744127489;0.0;0.0;0.0;0.0;0.0;0.0;0.0
2030-04-28 13:00:00;120.8931348016914;0.0;0.0;0.0;0.0;0.0;0.0;0.0
2030-04-28 14:00:00;120.871705850047;0.0;0.0;0.0;0.0;0.0;0.0;0.0
2030-04-28 15:00:00;120.8651867258364;0.0;0.0;0.0;0.0;0.0;0.0;0.0
2030-04-28 16:00:00;120.8959086743887;0.0;0.0;0.0;0.0;0.0;0.0;0.0
2030-04-28 17:00:00;130.2469161577299;0.0;0.0;0.0;0.0;0.0;0.0;0.0
2030-04-28 18:00:00;130.4607220782544;0.0;0.0;0.0;0.0;0.0;0.0;0.0
2030-04-28 19:00:00;130.7209804223856;0.0;0.0;0.0;0.0;0.0;0.0;0.0
2030-04-28 20:00:00;130.7294967349383;0.0;0.0;0.0;0.0;0.0;0.0;0.0
2030-04-28 21:00:00;130.8018435218596;0.0;0.0;0.0;0.0;0.0;0.0;0.0
2030-04-28 22:00:00;130.8056159887279;0.0;0.0;0.0;0.0;0.0;0.0;0.0
2030-04-28 23:00:00;130.8003383033922;0.0;0.0;0.0;0.0;0.0;0.0;0.0
2030-04-29 00:00:00;130.6926890143627;0.0;0.0;0.0;0.0;0.0;0.0;0.0
2030-04-29 01:00:00;130.5491761682191;0.0;0.0;0.0;0.0;0.0;0.0;0.0
2030-04-29 02:00:00;130.5484769429506;0.0;0.0;0.0;0.0;0.0;0.0;0.0
2030-04-29 03:00:00;129.2964471079088;0.0;0.0;0.0;0.0;0.0;0.0;0.0
2030-04-29 04:00:00;121.2208600102857;0.0;0.0;0.0;0.0;0.0;0.0;0.0
2030-04-29 05:00:00;121.3248268524665;0.0;0.0;0.0;0.0;0.0;0.0;0.0
2030-04-29 06:00:00;121.4033745532966;0.0;0.0;0.0;0.0;0.0;0.0;0.0
2030-04-29 07:00:00;121.4538946256963;0.0;0.0;0.0;0.0;0.0;0.0;0.0
2030-04-29 08:00:00;121.3866936343144;0.0;0.0;0.0;0.0;0.0;0.0;0.0
2030-04-29 09:00:00;121.3623400787771;0.0;0.0;0.0;0.0;0.0;0.0;0.0
2030-04-29 10:00:00;121.4704771507035;0.0;0.0;0.0;0.0;0.0;0.0;0.0
2030-04-29 11:00:00;121.4557306153985;0.0;0.0;0.0;0.0;0.0;0.0;0.0
2030-04-29 12:00:00;121.455724334932;0.0;0.0;0.0;0.0;0.0;0.0;0.0
2030-04-29 13:00:00;121.4764289394419;0.0;0.0;0.0;0.0;0.0;0.0;0.0
2030-04-29 14:00:00;121.4289130235105;0.0;0.0;0.0;0.0;0.0;0.0;0.0
2030-04-29 15:00:00;121.4351976769725;0.0;0.0;0.0;0.0;0.0;0.0;0.0
2030-04-29 16:00:00;121.4366442777527;0.0;0.0;0.0;0.0;0.0;0.0;0.0
2030-04-29 17:00:00;121.4861950648249;0.0;0.0;0.0;0.0;0.0;0.0;0.0
2030-04-29 18:00:00;121.6366247980565;0.0;0.0;0.0;0.0;0.0;0.0;0.0
2030-04-29 19:00:00;121.7488692950637;0.0;0.0;0.0;0.0;0.0;0.0;0.0
2030-04-29 20:00:00;121.7067252714653;0.0;0.0;0.0;0.0;0.0;0.0;0.0
2030-04-29 21:00:00;121.7722096020081;0.0;0.0;0.0;0.0;0.0;0.0;0.0
2030-04-29 22:00:00;121.696402278054;0.0;0.0;0.0;0.0;0.0;0.0;0.0
2030-04-29 23:00:00;121.5157279117228;0.0;0.0;0.0;0.0;0.0;0.0;0.0
2030-04-30 00:00:00;121.428689020206;0.0;0.0;0.0;0.0;0.0;0.0;0.0
2030-04-30 01:00:00;121.4287225160272;0.0;0.0;0.0;0.0;0.0;0.0;0.0
2030-04-30 02:00:00;121.469985180829;0.0;0.0;0.0;0.0;0.0;0.0;0.0
2030-04-30 03:00:00;121.4747143720916;0.0;0.0;0.0;0.0;0.0;0.0;0.0
2030-04-30 04:00:00;121.4932019719325;0.0;0.0;0.0;0.0;0.0;0.0;0.0
2030-04-30 05:00:00;121.5891088821252;0.0;0.0;0.0;0.0;0.0;0.0;0.0
2030-04-30 06:00:00;121.8943772360605;0.0;0.0;0.0;0.0;0.0;0.0;0.0
2030-04-30 07:00:00;121.997933754431;0.0;0.0;0.0;0.0;0.0;0.0;0.0
2030-04-30 08:00:00;122.0351287704398;0.0;0.0;0.0;0.0;0.0;0.0;0.0
2030-04-30 09:00:00;122.0044926549294;0.0;0.0;0.0;0.0;0.0;0.0;0.0
2030-04-30 10:00:00;122.0541837057531;0.0;0.0;0.0;0.0;0.0;0.0;0.0
2030-04-30 11:00:00;122.0556784567764;0.0;0.0;0.0;0.0;0.0;0.0;0.0
2030-04-30 12:00:00;122.0074026044005;0.0;0.0;0.0;0.0;0.0;0.0;0.0
2030-04-30 13:00:00;122.0111729777799;0.0;0.0;0.0;0.0;0.0;0.0;0.0
2030-04-30 14:00:00;121.9636633423151;0.0;0.0;0.0;0.0;0.0;0.0;0.0
2030-04-30 15:00:00;121.9148913330869;0.0;0.0;0.0;0.0;0.0;0.0;0.0
2030-04-30 16:00:00;121.9578685652389;0.0;0.0;0.0;0.0;0.0;0.0;0.0
2030-04-30 17:00:00;122.0597167967258;0.0;0.0;0.0;0.0;0.0;0.0;0.0
2030-04-30 18:00:00;122.0697781040335;0.0;0.0;0.0;0.0;0.0;0.0;0.0
2030-04-30 19:00:00;122.0806977417609;0.0;0.0;0.0;0.0;0.0;0.0;0.0
2030-04-30 20:00:00;131.9444801916781;0.0;0.0;0.0;0.0;0.0;0.0;0.0
2030-04-30 21:00:00;131.853400866723;0.0;0.0;0.0;0.0;0.0;0.0;0.0
2030-04-30 22:00:00;131.8009694390233;0.0;0.0;0.0;0.0;0.0;0.0;0.0
2030-04-30 23:00:00;131.7232256379032;0.0;0.0;0.0;0.0;0.0;0.0;0.0
2030-05-01 00:00:00;131.3888368543693;0.0;0.0;0.0;0.0;0.0;0.0;0.0
2030-05-01 01:00:00;130.7720950456124;0.0;0.0;0.0;0.0;0.0;0.0;0.0
2030-05-01 02:00:00;130.5825694085161;0.0;0.0;0.0;0.0;0.0;0.0;0.0
2030-05-01 03:00:00;130.4611093736876;0.0;0.0;0.0;0.0;0.0;0.0;0.0
2030-05-01 04:00:00;130.4954258425578;0.0;0.0;0.0;0.0;0.0;0.0;0.0
2030-05-01 05:00:00;130.4237845613715;0.0;0.0;0.0;0.0;0.0;0.0;0.0
2030-05-01 06:00:00;130.5401322964817;0.0;0.0;0.0;0.0;0.0;0.0;0.0
2030-05-01 07:00:00;130.7640434875795;0.0;0.0;0.0;0.0;0.0;0.0;0.0
2030-05-01 08:00:00;130.7514427783232;0.0;0.0;0.0;0.0;0.0;0.0;0.0
2030-05-01 09:00:00;121.1902992603731;0.0;0.0;0.0;0.0;0.0;0.0;0.0
2030-05-01 10:00:00;121.1758604679257;0.0;0.0;0.0;0.0;0.0;0.0;0.0
2030-05-01 11:00:00;121.1836231245003;0.0;0.0;0.0;0.0;0.0;0.0;0.0
2030-05-01 12:00:00;121.1986774026631;0.0;0.0;0.0;0.0;0.0;0.0;0.0
2030-05-01 13:00:00;121.2069529640005;0.0;0.0;0.0;0.0;0.0;0.0;0.0
2030-05-01 14:00:00;121.2368542649323;0.0;0.0;0.0;0.0;0.0;0.0;0.0
2030-05-01 15:00:00;121.254393514334;0.0;0.0;0.0;0.0;0.0;0.0;0.0
2030-05-01 16:00:00;121.2426930052739;0.0;0.0;0.0;0.0;0.0;0.0;0.0
2030-05-01 17:00:00;121.2539790035461;0.0;0.0;0.0;0.0;0.0;0.0;0.0
2030-05-01 18:00:00;121.2705573415758;0.0;0.0;0.0;0.0;0.0;0.0;0.0
2030-05-01 19:00:00;121.2898593085709;0.0;0.0;0.0;0.0;0.0;0.0;0.0
2030-05-01 20:00:00;121.3193063224268;0.0;0.0;0.0;0.0;0.0;0.0;0.0
2030-05-01 21:00:00;121.367261871012;0.0;0.0;0.0;0.0;0.0;0.0;0.0
2030-05-01 22:00:00;121.3616199186203;0.0;0.0;0.0;0.0;0.0;0.0;0.0
2030-05-01 23:00:00;121.3311303473279;0.0;0.0;0.0;0.0;0.0;0.0;0.0
2030-05-02 00:00:00;121.2927525101313;0.0;0.0;0.0;0.0;0.0;0.0;0.0
2030-05-02 01:00:00;121.2333895409218;0.0;0.0;0.0;0.0;0.0;0.0;0.0
2030-05-02 02:00:00;121.2356044521019;0.0;0.0;0.0;0.0;0.0;0.0;0.0
2030-05-02 03:00:00;121.2393706385036;0.0;0.0;0.0;0.0;0.0;0.0;0.0
2030-05-02 04:00:00;121.2289492511174;0.0;0.0;0.0;0.0;0.0;0.0;0.0
2030-05-02 05:00:00;121.3267256468336;0.0;0.0;0.0;0.0;0.0;0.0;0.0
2030-05-02 06:00:00;121.5277236027079;0.0;0.0;0.0;0.0;0.0;0.0;0.0
2030-05-02 07:00:00;121.7073930944015;0.0;0.0;0.0;0.0;0.0;0.0;0.0
2030-05-02 08:00:00;121.7672982772174;0.0;0.0;0.0;0.0;0.0;0.0;0.0
2030-05-02 09:00:00;121.7743763629451;0.0;0.0;0.0;0.0;0.0;0.0;0.0
2030-05-02 10:00:00;121.7202827051161;0.0;0.0;0.0;0.0;0.0;0.0;0.0
2030-05-02 11:00:00;121.8206864293115;0.0;0.0;0.0;0.0;0.0;0.0;0.0
2030-05-02 12:00:00;121.8923905151626;0.0;0.0;0.0;0.0;0.0;0.0;0.0
2030-05-02 13:00:00;121.8142447641874;0.0;0.0;0.0;0.0;0.0;0.0;0.0
2030-05-02 14:00:00;121.7982798183844;0.0;0.0;0.0;0.0;0.0;0.0;0.0
2030-05-02 15:00:00;121.7371750664699;0.0;0.0;0.0;0.0;0.0;0.0;0.0
2030-05-02 16:00:00;121.6214888738294;0.0;0.0;0.0;0.0;0.0;0.0;0.0
2030-05-02 17:00:00;131.5713220885366;0.0;0.0;0.0;0.0;0.0;0.0;0.0
2030-05-02 18:00:00;131.6173411599558;0.0;0.0;0.0;0.0;0.0;0.0;0.0
2030-05-02 19:00:00;131.6602639613983;0.0;0.0;0.0;0.0;0.0;0.0;0.0
2030-05-02 20:00:00;131.7461660884814;0.0;0.0;0.0;0.0;0.0;0.0;0.0
2030-05-02 21:00:00;131.7249653271193;0.0;0.0;0.0;0.0;0.0;0.0;0.0
2030-05-02 22:00:00;131.6345852274329;0.0;0.0;0.0;0.0;0.0;0.0;0.0
2030-05-02 23:00:00;131.5007903564293;0.0;0.0;0.0;0.0;0.0;0.0;0.0
2030-05-03 00:00:00;131.4308385207273;0.0;0.0;0.0;0.0;0.0;0.0;0.0
2030-05-03 01:00:00;131.3999595605129;0.0;0.0;0.0;0.0;0.0;0.0;0.0
2030-05-03 02:00:00;131.4283535494883;0.0;0.0;0.0;0.0;0.0;0.0;0.0
2030-05-03 03:00:00;131.4081597562526;0.0;0.0;0.0;0.0;0.0;0.0;0.0
2030-05-03 04:00:00;131.425227970668;0.0;0.0;0.0;0.0;0.0;0.0;0.0
2030-05-03 05:00:00;131.588476135994;0.0;0.0;0.0;0.0;0.0;0.0;0.0
2030-05-03 06:00:00;131.7981348551501;0.0;0.0;0.0;0.0;0.0;0.0;0.0
2030-05-03 07:00:00;131.836217510422;0.0;0.0;0.0;0.0;0.0;0.0;0.0
2030-05-03 08:00:00;131.7307894130391;0.0;0.0;0.0;0.0;0.0;0.0;0.0
2030-05-03 09:00:00;121.5926908415101;0.0;0.0;0.0;0.0;0.0;0.0;0.0
2030-05-03 10:00:00;121.7278150779195;0.0;0.0;0.0;0.0;0.0;0.0;0.0
2030-05-03 11:00:00;121.7666199868371;0.0;0.0;0.0;0.0;0.0;0.0;0.0
2030-05-03 12:00:00;121.6446428602681;0.0;0.0;0.0;0.0;0.0;0.0;0.0
2030-05-03 13:00:00;121.7777029166931;0.0;0.0;0.0;0.0;0.0;0.0;0.0
2030-05-03 14:00:00;121.7936008708535;0.0;0.0;0.0;0.0;0.0;0.0;0.0
2030-05-03 15:00:00;121.7965485031235;0.0;0.0;0.0;0.0;0.0;0.0;0.0
2030-05-03 16:00:00;121.8077423878874;0.0;0.0;0.0;0.0;0.0;0.0;0.0
2030-05-03 17:00:00;121.761993376527;0.0;0.0;0.0;0.0;0.0;0.0;0.0
2030-05-03 18:00:00;121.7877893458668;0.0;0.0;0.0;0.0;0.0;0.0;0.0
2030-05-03 19:00:00;121.8062622912859;0.0;0.0;0.0;0.0;0.0;0.0;0.0
2030-05-03 20:00:00;121.7966594580315;0.0;0.0;0.0;0.0;0.0;0.0;0.0
2030-05-03 21:00:00;121.7988869301445;0.0;0.0;0.0;0.0;0.0;0.0;0.0
2030-05-03 22:00:00;121.7327054678219;0.0;0.0;0.0;0.0;0.0;0.0;0.0
2030-05-03 23:00:00;121.5926761870883;0.0;0.0;0.0;0.0;0.0;0.0;0.0
2030-05-04 00:00:00;121.2723409940573;0.0;0.0;0.0;0.0;0.0;0.0;0.0
2030-05-04 01:00:00;121.1473031868217;0.0;0.0;0.0;0.0;0.0;0.0;0.0
2030-05-04 02:00:00;121.0685586980417;0.0;0.0;0.0;0.0;0.0;0.0;0.0
2030-05-04 03:00:00;121.0515449143358;0.0;0.0;0.0;0.0;0.0;0.0;0.0
2030-05-04 04:00:00;121.0613487225178;0.0;0.0;0.0;0.0;0.0;0.0;0.0
2030-05-04 05:00:00;121.0658769388529;0.0;0.0;0.0;0.0;0.0;0.0;0.0
2030-05-04 06:00:00;123.7938917632997;0.0;0.0;0.0;0.0;0.0;0.0;0.0
2030-05-04 07:00:00;121.1299230425708;0.0;0.0;0.0;0.0;0.0;0.0;0.0
2030-05-04 08:00:00;121.0948926940103;0.0;0.0;0.0;0.0;0.0;0.0;0.0
2030-05-04 09:00:00;130.4926415024164;0.0;0.0;0.0;0.0;0.0;0.0;0.0
2030-05-04 10:00:00;130.0811955820978;0.0;0.0;0.0;0.0;0.0;0.0;0.0
2030-05-04 11:00:00;130.5171164803057;0.0;0.0;0.0;0.0;0.0;0.0;0.0
2030-05-04 12:00:00;130.0571162735972;0.0;0.0;0.0;0.0;0.0;0.0;0.0
2030-05-04 13:00:00;130.4749598957743;0.0;0.0;0.0;0.0;0.0;0.0;0.0
2030-05-04 14:00:00;130.4682272357032;0.0;0.0;0.0;0.0;0.0;0.0;0.0
2030-05-04 15:00:00;130.5931457140756;0.0;0.0;0.0;0.0;0.0;0.0;0.0
2030-05-04 16:00:00;130.6411473194151;0.0;0.0;0.0;0.0;0.0;0.0;0.0
2030-05-04 17:00:00;130.7959356963867;0.0;0.0;0.0;0.0;0.0;0.0;0.0
2030-05-04 18:00:00;130.8276332107329;0.0;0.0;0.0;0.0;0.0;0.0;0.0
2030-05-04 19:00:00;130.8359841376682;0.0;0.0;0.0;0.0;0.0;0.0;0.0
2030-05-04 20:00:00;130.8577920107904;0.0;0.0;0.0;0.0;0.0;0.0;0.0
2030-05-04 21:00:00;130.8951754407938;0.0;0.0;0.0;0.0;0.0;0.0;0.0
2030-05-04 22:00:00;130.8451619926905;0.0;0.0;0.0;0.0;0.0;0.0;0.0
2030-05-04 23:00:00;130.7956928516826;0.0;0.0;0.0;0.0;0.0;0.0;0.0
2030-05-05 00:00:00;130.5038981918451;0.0;0.0;0.0;0.0;0.0;0.0;0.0
2030-05-05 01:00:00;130.3463568770645;0.0;0.0;0.0;0.0;0.0;0.0;0.0
2030-05-05 02:00:00;130.3196230247296;0.0;0.0;0.0;0.0;0.0;0.0;0.0
2030-05-05 03:00:00;130.3679093445497;0.0;0.0;0.0;0.0;0.0;0.0;0.0
2030-05-05 04:00:00;130.2490368619127;0.0;0.0;0.0;0.0;0.0;0.0;0.0
2030-05-05 05:00:00;130.2453690694859;0.0;0.0;0.0;0.0;0.0;0.0;0.0
2030-05-05 06:00:00;130.1922991276937;0.0;0.0;0.0;0.0;0.0;0.0;0.0
2030-05-05 07:00:00;130.2458128891174;0.0;0.0;0.0;0.0;0.0;0.0;0.0
2030-05-05 08:00:00;130.2327662667408;0.0;0.0;0.0;0.0;0.0;0.0;0.0
2030-05-05 09:00:00;130.2091517127598;0.0;0.0;0.0;0.0;0.0;0.0;0.0
2030-05-05 10:00:00;120.9529855537978;0.0;0.0;0.0;0.0;0.0;0.0;0.0
2030-05-05 11:00:00;120.9390115158704;0.0;0.0;0.0;0.0;0.0;0.0;0.0
2030-05-05 12:00:00;120.9106112464284;0.0;0.0;0.0;0.0;0.0;0.0;0.0
2030-05-05 13:00:00;120.8959693855647;0.0;0.0;0.0;0.0;0.0;0.0;0.0
2030-05-05 14:00:00;120.8866428928355;0.0;0.0;0.0;0.0;0.0;0.0;0.0
2030-05-05 15:00:00;120.8833330869984;0.0;0.0;0.0;0.0;0.0;0.0;0.0
2030-05-05 16:00:00;120.9054382355342;0.0;0.0;0.0;0.0;0.0;0.0;0.0
2030-05-05 17:00:00;130.3703398850791;0.0;0.0;0.0;0.0;0.0;0.0;0.0
2030-05-05 18:00:00;130.4589761085718;0.0;0.0;0.0;0.0;0.0;0.0;0.0
2030-05-05 19:00:00;130.5214395347356;0.0;0.0;0.0;0.0;0.0;0.0;0.0
2030-05-05 20:00:00;130.6368745087169;0.0;0.0;0.0;0.0;0.0;0.0;0.0
2030-05-05 21:00:00;130.4970127070895;0.0;0.0;0.0;0.0;0.0;0.0;0.0
2030-05-05 22:00:00;130.5415935516837;0.0;0.0;0.0;0.0;0.0;0.0;0.0
2030-05-05 23:00:00;130.5823621531221;0.0;0.0;0.0;0.0;0.0;0.0;0.0
2030-05-06 00:00:00;130.6055161395608;0.0;0.0;0.0;0.0;0.0;0.0;0.0
2030-05-06 01:00:00;129.0223508026239;0.0;0.0;0.0;0.0;0.0;0.0;0.0
2030-05-06 02:00:00;127.1581178426046;0.0;0.0;0.0;0.0;0.0;0.0;0.0
2030-05-06 03:00:00;130.7798242063656;0.0;0.0;0.0;0.0;0.0;0.0;0.0
2030-05-06 04:00:00;121.2281202295415;0.0;0.0;0.0;0.0;0.0;0.0;0.0
2030-05-06 05:00:00;131.1144579280926;0.0;0.0;0.0;0.0;0.0;0.0;0.0
2030-05-06 06:00:00;131.5573920138744;0.0;0.0;0.0;0.0;0.0;0.0;0.0
2030-05-06 07:00:00;131.7397516387122;0.0;0.0;0.0;0.0;0.0;0.0;0.0
2030-05-06 08:00:00;131.5892779422152;0.0;0.0;0.0;0.0;0.0;0.0;0.0
2030-05-06 09:00:00;121.6744415802472;0.0;0.0;0.0;0.0;0.0;0.0;0.0
2030-05-06 10:00:00;121.6104561877053;0.0;0.0;0.0;0.0;0.0;0.0;0.0
2030-05-06 11:00:00;121.5573674045136;0.0;0.0;0.0;0.0;0.0;0.0;0.0
2030-05-06 12:00:00;121.6984371491949;0.0;0.0;0.0;0.0;0.0;0.0;0.0
2030-05-06 13:00:00;121.7283321696601;0.0;0.0;0.0;0.0;0.0;0.0;0.0
2030-05-06 14:00:00;121.7493591714494;0.0;0.0;0.0;0.0;0.0;0.0;0.0
2030-05-06 15:00:00;121.8072064547473;0.0;0.0;0.0;0.0;0.0;0.0;0.0
2030-05-06 16:00:00;121.8103425010119;0.0;0.0;0.0;0.0;0.0;0.0;0.0
2030-05-06 17:00:00;131.7188000025206;0.0;0.0;0.0;0.0;0.0;0.0;0.0
2030-05-06 18:00:00;131.791680629093;0.0;0.0;0.0;0.0;0.0;0.0;0.0
2030-05-06 19:00:00;131.8170579006673;0.0;0.0;0.0;0.0;0.0;0.0;0.0
2030-05-06 20:00:00;131.8131095807374;0.0;0.0;0.0;0.0;0.0;0.0;0.0
2030-05-06 21:00:00;131.8122659047398;0.0;0.0;0.0;0.0;0.0;0.0;0.0
2030-05-06 22:00:00;131.8171144248656;0.0;0.0;0.0;0.0;0.0;0.0;0.0
2030-05-06 23:00:00;131.7191433346885;0.0;0.0;0.0;0.0;0.0;0.0;0.0
2030-05-07 00:00:00;131.7075663414691;0.0;0.0;0.0;0.0;0.0;0.0;0.0
2030-05-07 01:00:00;131.681481470671;0.0;0.0;0.0;0.0;0.0;0.0;0.0
2030-05-07 02:00:00;131.7030234707121;0.0;0.0;0.0;0.0;0.0;0.0;0.0
2030-05-07 03:00:00;131.7271425555006;0.0;0.0;0.0;0.0;0.0;0.0;0.0
2030-05-07 04:00:00;131.7209228001923;0.0;0.0;0.0;0.0;0.0;0.0;0.0
2030-05-07 05:00:00;131.7745265816357;0.0;0.0;0.0;0.0;0.0;0.0;0.0
2030-05-07 06:00:00;131.9398703292787;0.0;0.0;0.0;0.0;0.0;0.0;0.0
2030-05-07 07:00:00;131.908897162067;0.0;0.0;0.0;0.0;0.0;0.0;0.0
2030-05-07 08:00:00;131.9282619337269;0.0;0.0;0.0;0.0;0.0;0.0;0.0
2030-05-07 09:00:00;131.8787069596771;0.0;0.0;0.0;0.0;0.0;0.0;0.0
2030-05-07 10:00:00;131.8459501399838;0.0;0.0;0.0;0.0;0.0;0.0;0.0
2030-05-07 11:00:00;131.8823726586151;0.0;0.0;0.0;0.0;0.0;0.0;0.0
2030-05-07 12:00:00;131.8733225064112;0.0;0.0;0.0;0.0;0.0;0.0;0.0
2030-05-07 13:00:00;131.8902609245193;0.0;0.0;0.0;0.0;0.0;0.0;0.0
2030-05-07 14:00:00;131.8345113170271;0.0;0.0;0.0;0.0;0.0;0.0;0.0
2030-05-07 15:00:00;131.7715035837679;0.0;0.0;0.0;0.0;0.0;0.0;0.0
2030-05-07 16:00:00;131.7916115439617;0.0;0.0;0.0;0.0;0.0;0.0;0.0
2030-05-07 17:00:00;131.8364812900143;0.0;0.0;0.0;0.0;0.0;0.0;0.0
2030-05-07 18:00:00;131.8475244435826;0.0;0.0;0.0;0.0;0.0;0.0;0.0
2030-05-07 19:00:00;131.8542675710978;0.0;0.0;0.0;0.0;0.0;0.0;0.0
2030-05-07 20:00:00;132.0447624935215;0.0;0.0;0.0;0.0;0.0;0.0;0.0
2030-05-07 21:00:00;131.935153698949;0.0;0.0;0.0;0.0;0.0;0.0;0.0
2030-05-07 22:00:00;131.7420377285124;0.0;0.0;0.0;0.0;0.0;0.0;0.0
2030-05-07 23:00:00;131.6703838863932;0.0;0.0;0.0;0.0;0.0;0.0;0.0
2030-05-08 00:00:00;131.4485054729476;0.0;0.0;0.0;0.0;0.0;0.0;0.0
2030-05-08 01:00:00;131.3352351664146;0.0;0.0;0.0;0.0;0.0;0.0;0.0
2030-05-08 02:00:00;131.2178741827117;0.0;0.0;0.0;0.0;0.0;0.0;0.0
2030-05-08 03:00:00;131.3517946630449;0.0;0.0;0.0;0.0;0.0;0.0;0.0
2030-05-08 04:00:00;131.2011053371986;0.0;0.0;0.0;0.0;0.0;0.0;0.0
2030-05-08 05:00:00;131.2823829474606;0.0;0.0;0.0;0.0;0.0;0.0;0.0
2030-05-08 06:00:00;131.5994397369867;0.0;0.0;0.0;0.0;0.0;0.0;0.0
2030-05-08 07:00:00;131.6284827074989;0.0;0.0;0.0;0.0;0.0;0.0;0.0
2030-05-08 08:00:00;131.6072777591592;0.0;0.0;0.0;0.0;0.0;0.0;0.0
2030-05-08 09:00:00;131.6090718790848;0.0;0.0;0.0;0.0;0.0;0.0;0.0
2030-05-08 10:00:00;121.6561235530014;0.0;0.0;0.0;0.0;0.0;0.0;0.0
2030-05-08 11:00:00;121.6854993882372;0.0;0.0;0.0;0.0;0.0;0.0;0.0
2030-05-08 12:00:00;121.6784966681072;0.0;0.0;0.0;0.0;0.0;0.0;0.0
2030-05-08 13:00:00;121.6198768874318;0.0;0.0;0.0;0.0;0.0;0.0;0.0
2030-05-08 14:00:00;121.6372507512161;0.0;0.0;0.0;0.0;0.0;0.0;0.0
2030-05-08 15:00:00;121.5981485668849;0.0;0.0;0.0;0.0;0.0;0.0;0.0
2030-05-08 16:00:00;121.6281315138809;0.0;0.0;0.0;0.0;0.0;0.0;0.0
2030-05-08 17:00:00;121.5418734936969;0.0;0.0;0.0;0.0;0.0;0.0;0.0
2030-05-08 18:00:00;121.598378850656;0.0;0.0;0.0;0.0;0.0;0.0;0.0
2030-05-08 19:00:00;131.452129302109;0.0;0.0;0.0;0.0;0.0;0.0;0.0
2030-05-08 20:00:00;131.4341839158746;0.0;0.0;0.0;0.0;0.0;0.0;0.0
2030-05-08 21:00:00;121.4945083089613;0.0;0.0;0.0;0.0;0.0;0.0;0.0
2030-05-08 22:00:00;121.4639747744035;0.0;0.0;0.0;0.0;0.0;0.0;0.0
2030-05-08 23:00:00;121.4171790186291;0.0;0.0;0.0;0.0;0.0;0.0;0.0
2030-05-09 00:00:00;121.3183244761664;0.0;0.0;0.0;0.0;0.0;0.0;0.0
2030-05-09 01:00:00;121.226518710588;0.0;0.0;0.0;0.0;0.0;0.0;0.0
2030-05-09 02:00:00;121.2251977191375;0.0;0.0;0.0;0.0;0.0;0.0;0.0
2030-05-09 03:00:00;121.2040262666189;0.0;0.0;0.0;0.0;0.0;0.0;0.0
2030-05-09 04:00:00;121.2387865551206;0.0;0.0;0.0;0.0;0.0;0.0;0.0
2030-05-09 05:00:00;121.3075492891682;0.0;0.0;0.0;0.0;0.0;0.0;0.0
2030-05-09 06:00:00;121.4736592537222;0.0;0.0;0.0;0.0;0.0;0.0;0.0
2030-05-09 07:00:00;129.2756189875581;0.0;0.0;0.0;0.0;0.0;0.0;0.0
2030-05-09 08:00:00;121.7692891850929;0.0;0.0;0.0;0.0;0.0;0.0;0.0
2030-05-09 09:00:00;121.727735525344;0.0;0.0;0.0;0.0;0.0;0.0;0.0
2030-05-09 10:00:00;121.8043216271422;0.0;0.0;0.0;0.0;0.0;0.0;0.0
2030-05-09 11:00:00;121.7504038223747;0.0;0.0;0.0;0.0;0.0;0.0;0.0
2030-05-09 12:00:00;121.6084924951845;0.0;0.0;0.0;0.0;0.0;0.0;0.0
2030-05-09 13:00:00;121.6768260640224;0.0;0.0;0.0;0.0;0.0;0.0;0.0
2030-05-09 14:00:00;121.9235939661453;0.0;0.0;0.0;0.0;0.0;0.0;0.0
2030-05-09 15:00:00;121.9156282411545;0.0;0.0;0.0;0.0;0.0;0.0;0.0
2030-05-09 16:00:00;121.9235625638129;0.0;0.0;0.0;0.0;0.0;0.0;0.0
2030-05-09 17:00:00;131.7891475076111;0.0;0.0;0.0;0.0;0.0;0.0;0.0
2030-05-09 18:00:00;131.8688361598526;0.0;0.0;0.0;0.0;0.0;0.0;0.0
2030-05-09 19:00:00;131.9115496124122;0.0;0.0;0.0;0.0;0.0;0.0;0.0
2030-05-09 20:00:00;131.873847972107;0.0;0.0;0.0;0.0;0.0;0.0;0.0
2030-05-09 21:00:00;131.8470743434846;0.0;0.0;0.0;0.0;0.0;0.0;0.0
2030-05-09 22:00:00;131.8077397818934;0.0;0.0;0.0;0.0;0.0;0.0;0.0
2030-05-09 23:00:00;131.7646746232107;0.0;0.0;0.0;0.0;0.0;0.0;0.0
2030-05-10 00:00:00;131.7342834458932;0.0;0.0;0.0;0.0;0.0;0.0;0.0
2030-05-10 01:00:00;131.7476922418372;0.0;0.0;0.0;0.0;0.0;0.0;0.0
2030-05-10 02:00:00;131.5871153682558;0.0;0.0;0.0;0.0;0.0;0.0;0.0
2030-05-10 03:00:00;131.5382679934298;0.0;0.0;0.0;0.0;0.0;0.0;0.0
2030-05-10 04:00:00;131.5681713878503;0.0;0.0;0.0;0.0;0.0;0.0;0.0
2030-05-10 05:00:00;131.6057892886024;0.0;0.0;0.0;0.0;0.0;0.0;0.0
2030-05-10 06:00:00;131.781426720813;0.0;0.0;0.0;0.0;0.0;0.0;0.0
2030-05-10 07:00:00;131.8781961484029;0.0;0.0;0.0;0.0;0.0;0.0;0.0
2030-05-10 08:00:00;131.8578620914157;0.0;0.0;0.0;0.0;0.0;0.0;0.0
2030-05-10 09:00:00;131.9117987375827;0.0;0.0;0.0;0.0;0.0;0.0;0.0
2030-05-10 10:00:00;122.087212678994;0.0;0.0;0.0;0.0;0.0;0.0;0.0
2030-05-10 11:00:00;122.0661752097604;0.0;0.0;0.0;0.0;0.0;0.0;0.0
2030-05-10 12:00:00;122.025396140878;0.0;0.0;0.0;0.0;0.0;0.0;0.0
2030-05-10 13:00:00;121.9927356216708;0.0;0.0;0.0;0.0;0.0;0.0;0.0
2030-05-10 14:00:00;121.9834468117406;0.0;0.0;0.0;0.0;0.0;0.0;0.0
2030-05-10 15:00:00;121.9362826019324;0.0;0.0;0.0;0.0;0.0;0.0;0.0
2030-05-10 16:00:00;121.9378799339082;0.0;0.0;0.0;0.0;0.0;0.0;0.0
2030-05-10 17:00:00;131.8320661220759;0.0;0.0;0.0;0.0;0.0;0.0;0.0
2030-05-10 18:00:00;131.8848492558986;0.0;0.0;0.0;0.0;0.0;0.0;0.0
2030-05-10 19:00:00;131.8929112813757;0.0;0.0;0.0;0.0;0.0;0.0;0.0
2030-05-10 20:00:00;131.7641365965819;0.0;0.0;0.0;0.0;0.0;0.0;0.0
2030-05-10 21:00:00;131.7199221125325;0.0;0.0;0.0;0.0;0.0;0.0;0.0
2030-05-10 22:00:00;131.7880944827306;0.0;0.0;0.0;0.0;0.0;0.0;0.0
2030-05-10 23:00:00;131.6441231625336;0.0;0.0;0.0;0.0;0.0;0.0;0.0
2030-05-11 00:00:00;129.9606566823538;0.0;0.0;0.0;0.0;0.0;0.0;0.0
2030-05-11 01:00:00;121.2997845391048;0.0;0.0;0.0;0.0;0.0;0.0;0.0
2030-05-11 02:00:00;121.1998958131611;0.0;0.0;0.0;0.0;0.0;0.0;0.0
2030-05-11 03:00:00;121.1330821172125;0.0;0.0;0.0;0.0;0.0;0.0;0.0
2030-05-11 04:00:00;121.1423437117879;0.0;0.0;0.0;0.0;0.0;0.0;0.0
2030-05-11 05:00:00;121.1492229160771;0.0;0.0;0.0;0.0;0.0;0.0;0.0
2030-05-11 06:00:00;121.157979979845;0.0;0.0;0.0;0.0;0.0;0.0;0.0
2030-05-11 07:00:00;121.1706372132996;0.0;0.0;0.0;0.0;0.0;0.0;0.0
2030-05-11 08:00:00;121.2073046701237;0.0;0.0;0.0;0.0;0.0;0.0;0.0
2030-05-11 09:00:00;121.11958120776;0.0;0.0;0.0;0.0;0.0;0.0;0.0
2030-05-11 10:00:00;121.1686651468236;0.0;0.0;0.0;0.0;0.0;0.0;0.0
2030-05-11 11:00:00;121.1181806637341;0.0;0.0;0.0;0.0;0.0;0.0;0.0
2030-05-11 12:00:00;121.1689875441031;0.0;0.0;0.0;0.0;0.0;0.0;0.0
2030-05-11 13:00:00;121.1460638414355;0.0;0.0;0.0;0.0;0.0;0.0;0.0
2030-05-11 14:00:00;120.9863285503629;0.0;0.0;0.0;0.0;0.0;0.0;0.0
2030-05-11 15:00:00;121.0067714687693;0.0;0.0;0.0;0.0;0.0;0.0;0.0
2030-05-11 16:00:00;120.9950583987762;0.0;0.0;0.0;0.0;0.0;0.0;0.0
2030-05-11 17:00:00;121.0493572185105;0.0;0.0;0.0;0.0;0.0;0.0;0.0
2030-05-11 18:00:00;121.0754253413979;0.0;0.0;0.0;0.0;0.0;0.0;0.0
2030-05-11 19:00:00;121.0872765816537;0.0;0.0;0.0;0.0;0.0;0.0;0.0
2030-05-11 20:00:00;121.1283571129274;0.0;0.0;0.0;0.0;0.0;0.0;0.0
2030-05-11 21:00:00;121.1527734731294;0.0;0.0;0.0;0.0;0.0;0.0;0.0
2030-05-11 22:00:00;121.1534915397975;0.0;0.0;0.0;0.0;0.0;0.0;0.0
2030-05-11 23:00:00;121.1389271380205;0.0;0.0;0.0;0.0;0.0;0.0;0.0
2030-05-12 00:00:00;121.1055171498129;0.0;0.0;0.0;0.0;0.0;0.0;0.0
2030-05-12 01:00:00;121.0528784667193;0.0;0.0;0.0;0.0;0.0;0.0;0.0
2030-05-12 02:00:00;120.9860375554159;0.0;0.0;0.0;0.0;0.0;0.0;0.0
2030-05-12 03:00:00;120.9685590171901;0.0;0.0;0.0;0.0;0.0;0.0;0.0
2030-05-12 04:00:00;120.9712952070884;0.0;0.0;0.0;0.0;0.0;0.0;0.0
2030-05-12 05:00:00;121.0025279669147;0.0;0.0;0.0;0.0;0.0;0.0;0.0
2030-05-12 06:00:00;120.9811220436475;0.0;0.0;0.0;0.0;0.0;0.0;0.0
2030-05-12 07:00:00;120.9579722441865;0.0;0.0;0.0;0.0;0.0;0.0;0.0
2030-05-12 08:00:00;120.9595088649862;0.0;0.0;0.0;0.0;0.0;0.0;0.0
2030-05-12 09:00:00;120.9754193800797;0.0;0.0;0.0;0.0;0.0;0.0;0.0
2030-05-12 10:00:00;120.9814088516169;0.0;0.0;0.0;0.0;0.0;0.0;0.0
2030-05-12 11:00:00;120.9770837036981;0.0;0.0;0.0;0.0;0.0;0.0;0.0
2030-05-12 12:00:00;120.9706504125293;0.0;0.0;0.0;0.0;0.0;0.0;0.0
2030-05-12 13:00:00;120.9530588259069;0.0;0.0;0.0;0.0;0.0;0.0;0.0
2030-05-12 14:00:00;120.9367191456036;0.0;0.0;0.0;0.0;0.0;0.0;0.0
2030-05-12 15:00:00;120.9262768233291;0.0;0.0;0.0;0.0;0.0;0.0;0.0
2030-05-12 16:00:00;120.9069769498228;0.0;0.0;0.0;0.0;0.0;0.0;0.0
2030-05-12 17:00:00;120.9164730151471;0.0;0.0;0.0;0.0;0.0;0.0;0.0
2030-05-12 18:00:00;120.9560964781964;0.0;0.0;0.0;0.0;0.0;0.0;0.0
2030-05-12 19:00:00;120.9549157504974;0.0;0.0;0.0;0.0;0.0;0.0;0.0
2030-05-12 20:00:00;120.9846328244122;0.0;0.0;0.0;0.0;0.0;0.0;0.0
2030-05-12 21:00:00;120.9941728530018;0.0;0.0;0.0;0.0;0.0;0.0;0.0
2030-05-12 22:00:00;121.0022202240571;0.0;0.0;0.0;0.0;0.0;0.0;0.0
2030-05-12 23:00:00;121.0102320058022;0.0;0.0;0.0;0.0;0.0;0.0;0.0
2030-05-13 00:00:00;121.0550201057904;0.0;0.0;0.0;0.0;0.0;0.0;0.0
2030-05-13 01:00:00;121.135682230337;0.0;0.0;0.0;0.0;0.0;0.0;0.0
2030-05-13 02:00:00;121.1270570563652;0.0;0.0;0.0;0.0;0.0;0.0;0.0
2030-05-13 03:00:00;121.1372670013798;0.0;0.0;0.0;0.0;0.0;0.0;0.0
2030-05-13 04:00:00;121.1348804241158;0.0;0.0;0.0;0.0;0.0;0.0;0.0
2030-05-13 05:00:00;121.2167860810261;0.0;0.0;0.0;0.0;0.0;0.0;0.0
2030-05-13 06:00:00;121.2938369373442;0.0;0.0;0.0;0.0;0.0;0.0;0.0
2030-05-13 07:00:00;121.3430088029385;0.0;0.0;0.0;0.0;0.0;0.0;0.0
2030-05-13 08:00:00;121.3704942177626;0.0;0.0;0.0;0.0;0.0;0.0;0.0
2030-05-13 09:00:00;121.3338121065167;0.0;0.0;0.0;0.0;0.0;0.0;0.0
2030-05-13 10:00:00;121.2431954425926;0.0;0.0;0.0;0.0;0.0;0.0;0.0
2030-05-13 11:00:00;121.2009948947958;0.0;0.0;0.0;0.0;0.0;0.0;0.0
2030-05-13 12:00:00;121.19996908527;0.0;0.0;0.0;0.0;0.0;0.0;0.0
2030-05-13 13:00:00;121.1946725585349;0.0;0.0;0.0;0.0;0.0;0.0;0.0
2030-05-13 14:00:00;121.1980367950817;0.0;0.0;0.0;0.0;0.0;0.0;0.0
2030-05-13 15:00:00;121.1974506182099;0.0;0.0;0.0;0.0;0.0;0.0;0.0
2030-05-13 16:00:00;121.2523083994612;0.0;0.0;0.0;0.0;0.0;0.0;0.0
2030-05-13 17:00:00;121.3423242320917;0.0;0.0;0.0;0.0;0.0;0.0;0.0
2030-05-13 18:00:00;121.4174009284449;0.0;0.0;0.0;0.0;0.0;0.0;0.0
2030-05-13 19:00:00;121.4534047493104;0.0;0.0;0.0;0.0;0.0;0.0;0.0
2030-05-13 20:00:00;131.3413523407704;0.0;0.0;0.0;0.0;0.0;0.0;0.0
2030-05-13 21:00:00;131.2710529859229;0.0;0.0;0.0;0.0;0.0;0.0;0.0
2030-05-13 22:00:00;131.3763952502638;0.0;0.0;0.0;0.0;0.0;0.0;0.0
2030-05-13 23:00:00;130.017478156126;0.0;0.0;0.0;0.0;0.0;0.0;0.0
2030-05-14 00:00:00;121.2965145095553;0.0;0.0;0.0;0.0;0.0;0.0;0.0
2030-05-14 01:00:00;125.0708885461053;0.0;0.0;0.0;0.0;0.0;0.0;0.0
2030-05-14 02:00:00;131.0709698846666;0.0;0.0;0.0;0.0;0.0;0.0;0.0
2030-05-14 03:00:00;131.2321245611645;0.0;0.0;0.0;0.0;0.0;0.0;0.0
2030-05-14 04:00:00;131.293606141068;0.0;0.0;0.0;0.0;0.0;0.0;0.0
2030-05-14 05:00:00;131.5781112728061;0.0;0.0;0.0;0.0;0.0;0.0;0.0
2030-05-14 06:00:00;131.2015533438079;0.0;0.0;0.0;0.0;0.0;0.0;0.0
2030-05-14 07:00:00;121.8921016137043;0.0;0.0;0.0;0.0;0.0;0.0;0.0
2030-05-14 08:00:00;121.7717218191111;0.0;0.0;0.0;0.0;0.0;0.0;0.0
2030-05-14 09:00:00;121.7301576919181;0.0;0.0;0.0;0.0;0.0;0.0;0.0
2030-05-14 10:00:00;121.6227679955033;0.0;0.0;0.0;0.0;0.0;0.0;0.0
2030-05-14 11:00:00;121.5413166256687;0.0;0.0;0.0;0.0;0.0;0.0;0.0
2030-05-14 12:00:00;121.4822676797834;0.0;0.0;0.0;0.0;0.0;0.0;0.0
2030-05-14 13:00:00;121.4858663870789;0.0;0.0;0.0;0.0;0.0;0.0;0.0
2030-05-14 14:00:00;121.5992309006091;0.0;0.0;0.0;0.0;0.0;0.0;0.0
2030-05-14 15:00:00;121.6344957199183;0.0;0.0;0.0;0.0;0.0;0.0;0.0
2030-05-14 16:00:00;121.580027327589;0.0;0.0;0.0;0.0;0.0;0.0;0.0
2030-05-14 17:00:00;121.6084966821622;0.0;0.0;0.0;0.0;0.0;0.0;0.0
2030-05-14 18:00:00;121.732753618065;0.0;0.0;0.0;0.0;0.0;0.0;0.0
2030-05-14 19:00:00;121.7584930632064;0.0;0.0;0.0;0.0;0.0;0.0;0.0
2030-05-14 20:00:00;121.8044053666954;0.0;0.0;0.0;0.0;0.0;0.0;0.0
2030-05-14 21:00:00;121.8470267057465;0.0;0.0;0.0;0.0;0.0;0.0;0.0
2030-05-14 22:00:00;121.7124049066559;0.0;0.0;0.0;0.0;0.0;0.0;0.0
2030-05-14 23:00:00;121.699676494581;0.0;0.0;0.0;0.0;0.0;0.0;0.0
2030-05-15 00:00:00;121.6211329807286;0.0;0.0;0.0;0.0;0.0;0.0;0.0
2030-05-15 01:00:00;121.5590673174421;0.0;0.0;0.0;0.0;0.0;0.0;0.0
2030-05-15 02:00:00;121.4992626220899;0.0;0.0;0.0;0.0;0.0;0.0;0.0
2030-05-15 03:00:00;121.5805590737513;0.0;0.0;0.0;0.0;0.0;0.0;0.0
2030-05-15 04:00:00;121.6064429696219;0.0;0.0;0.0;0.0;0.0;0.0;0.0
2030-05-15 05:00:00;121.7088417886705;0.0;0.0;0.0;0.0;0.0;0.0;0.0
2030-05-15 06:00:00;121.8475040211993;0.0;0.0;0.0;0.0;0.0;0.0;0.0
2030-05-15 07:00:00;121.8547014357904;0.0;0.0;0.0;0.0;0.0;0.0;0.0
2030-05-15 08:00:00;121.8629100054853;0.0;0.0;0.0;0.0;0.0;0.0;0.0
2030-05-15 09:00:00;121.8614717786604;0.0;0.0;0.0;0.0;0.0;0.0;0.0
2030-05-15 10:00:00;121.813262917927;0.0;0.0;0.0;0.0;0.0;0.0;0.0
2030-05-15 11:00:00;121.7571029866246;0.0;0.0;0.0;0.0;0.0;0.0;0.0
2030-05-15 12:00:00;121.7255896992952;0.0;0.0;0.0;0.0;0.0;0.0;0.0
2030-05-15 13:00:00;121.4858936024337;0.0;0.0;0.0;0.0;0.0;0.0;0.0
2030-05-15 14:00:00;121.4227037356464;0.0;0.0;0.0;0.0;0.0;0.0;0.0
2030-05-15 15:00:00;121.4437181765029;0.0;0.0;0.0;0.0;0.0;0.0;0.0
2030-05-15 16:00:00;121.4484285263661;0.0;0.0;0.0;0.0;0.0;0.0;0.0
2030-05-15 17:00:00;121.5988917554189;0.0;0.0;0.0;0.0;0.0;0.0;0.0
2030-05-15 18:00:00;121.6360260602517;0.0;0.0;0.0;0.0;0.0;0.0;0.0
2030-05-15 19:00:00;131.4873417841976;0.0;0.0;0.0;0.0;0.0;0.0;0.0
2030-05-15 20:00:00;131.5704135143852;0.0;0.0;0.0;0.0;0.0;0.0;0.0
2030-05-15 21:00:00;131.4604823225332;0.0;0.0;0.0;0.0;0.0;0.0;0.0
2030-05-15 22:00:00;131.450607335731;0.0;0.0;0.0;0.0;0.0;0.0;0.0
2030-05-15 23:00:00;131.2693677274163;0.0;0.0;0.0;0.0;0.0;0.0;0.0
2030-05-16 00:00:00;131.1566856912441;0.0;0.0;0.0;0.0;0.0;0.0;0.0
2030-05-16 01:00:00;131.0147680835875;0.0;0.0;0.0;0.0;0.0;0.0;0.0
2030-05-16 02:00:00;131.0242578684453;0.0;0.0;0.0;0.0;0.0;0.0;0.0
2030-05-16 03:00:00;131.02378473997;0.0;0.0;0.0;0.0;0.0;0.0;0.0
2030-05-16 04:00:00;131.0708777711581;0.0;0.0;0.0;0.0;0.0;0.0;0.0
2030-05-16 05:00:00;131.1859798804156;0.0;0.0;0.0;0.0;0.0;0.0;0.0
2030-05-16 06:00:00;131.3850832289005;0.0;0.0;0.0;0.0;0.0;0.0;0.0
2030-05-16 07:00:00;131.7118244977455;0.0;0.0;0.0;0.0;0.0;0.0;0.0
2030-05-16 08:00:00;121.8070599105294;0.0;0.0;0.0;0.0;0.0;0.0;0.0
2030-05-16 09:00:00;121.7854216100022;0.0;0.0;0.0;0.0;0.0;0.0;0.0
2030-05-16 10:00:00;121.7778808632434;0.0;0.0;0.0;0.0;0.0;0.0;0.0
2030-05-16 11:00:00;121.7172199309605;0.0;0.0;0.0;0.0;0.0;0.0;0.0
2030-05-16 12:00:00;121.7532195648485;0.0;0.0;0.0;0.0;0.0;0.0;0.0
2030-05-16 13:00:00;121.7836295835654;0.0;0.0;0.0;0.0;0.0;0.0;0.0
2030-05-16 14:00:00;121.6526274266585;0.0;0.0;0.0;0.0;0.0;0.0;0.0
2030-05-16 15:00:00;121.6253304258289;0.0;0.0;0.0;0.0;0.0;0.0;0.0
2030-05-16 16:00:00;121.6526923248121;0.0;0.0;0.0;0.0;0.0;0.0;0.0
2030-05-16 17:00:00;121.7133239482514;0.0;0.0;0.0;0.0;0.0;0.0;0.0
2030-05-16 18:00:00;121.6938963719268;0.0;0.0;0.0;0.0;0.0;0.0;0.0
2030-05-16 19:00:00;121.6620439394073;0.0;0.0;0.0;0.0;0.0;0.0;0.0
2030-05-16 20:00:00;121.6906263423773;0.0;0.0;0.0;0.0;0.0;0.0;0.0
2030-05-16 21:00:00;121.6773536232071;0.0;0.0;0.0;0.0;0.0;0.0;0.0
2030-05-16 22:00:00;121.6664046766361;0.0;0.0;0.0;0.0;0.0;0.0;0.0
2030-05-16 23:00:00;121.5672654196929;0.0;0.0;0.0;0.0;0.0;0.0;0.0
2030-05-17 00:00:00;121.5532097357011;0.0;0.0;0.0;0.0;0.0;0.0;0.0
2030-05-17 01:00:00;121.6742657271856;0.0;0.0;0.0;0.0;0.0;0.0;0.0
2030-05-17 02:00:00;121.6310623982403;0.0;0.0;0.0;0.0;0.0;0.0;0.0
2030-05-17 03:00:00;121.6000955114951;0.0;0.0;0.0;0.0;0.0;0.0;0.0
2030-05-17 04:00:00;121.7107133676828;0.0;0.0;0.0;0.0;0.0;0.0;0.0
2030-05-17 05:00:00;121.7954640759106;0.0;0.0;0.0;0.0;0.0;0.0;0.0
2030-05-17 06:00:00;121.6909613005897;0.0;0.0;0.0;0.0;0.0;0.0;0.0
2030-05-17 07:00:00;121.7726722630391;0.0;0.0;0.0;0.0;0.0;0.0;0.0
2030-05-17 08:00:00;121.8118058497027;0.0;0.0;0.0;0.0;0.0;0.0;0.0
2030-05-17 09:00:00;121.8463672567657;0.0;0.0;0.0;0.0;0.0;0.0;0.0
2030-05-17 10:00:00;121.8373024501401;0.0;0.0;0.0;0.0;0.0;0.0;0.0
2030-05-17 11:00:00;121.8266926487593;0.0;0.0;0.0;0.0;0.0;0.0;0.0
2030-05-17 12:00:00;121.7790846193196;0.0;0.0;0.0;0.0;0.0;0.0;0.0
2030-05-17 13:00:00;121.8917813099136;0.0;0.0;0.0;0.0;0.0;0.0;0.0
2030-05-17 14:00:00;121.9219087076387;0.0;0.0;0.0;0.0;0.0;0.0;0.0
2030-05-17 15:00:00;121.9359288023205;0.0;0.0;0.0;0.0;0.0;0.0;0.0
2030-05-17 16:00:00;122.0446436771635;0.0;0.0;0.0;0.0;0.0;0.0;0.0
2030-05-17 17:00:00;122.1024825865061;0.0;0.0;0.0;0.0;0.0;0.0;0.0
2030-05-17 18:00:00;122.1324801879239;0.0;0.0;0.0;0.0;0.0;0.0;0.0
2030-05-17 19:00:00;132.0227452715165;0.0;0.0;0.0;0.0;0.0;0.0;0.0
2030-05-17 20:00:00;131.9913136302514;0.0;0.0;0.0;0.0;0.0;0.0;0.0
2030-05-17 21:00:00;131.9075091789739;0.0;0.0;0.0;0.0;0.0;0.0;0.0
2030-05-17 22:00:00;131.6706434790079;0.0;0.0;0.0;0.0;0.0;0.0;0.0
2030-05-17 23:00:00;131.3754029365593;0.0;0.0;0.0;0.0;0.0;0.0;0.0
2030-05-18 00:00:00;131.0938935873342;0.0;0.0;0.0;0.0;0.0;0.0;0.0
2030-05-18 01:00:00;130.8884155653678;0.0;0.0;0.0;0.0;0.0;0.0;0.0
2030-05-18 02:00:00;130.741350068683;0.0;0.0;0.0;0.0;0.0;0.0;0.0
2030-05-18 03:00:00;130.7424114675188;0.0;0.0;0.0;0.0;0.0;0.0;0.0
2030-05-18 04:00:00;130.7614747767875;0.0;0.0;0.0;0.0;0.0;0.0;0.0
2030-05-18 05:00:00;130.7713497635895;0.0;0.0;0.0;0.0;0.0;0.0;0.0
2030-05-18 06:00:00;130.7677531497829;0.0;0.0;0.0;0.0;0.0;0.0;0.0
2030-05-18 07:00:00;130.8472094247645;0.0;0.0;0.0;0.0;0.0;0.0;0.0
2030-05-18 08:00:00;130.9869393365956;0.0;0.0;0.0;0.0;0.0;0.0;0.0
2030-05-18 09:00:00;121.2729501993063;0.0;0.0;0.0;0.0;0.0;0.0;0.0
2030-05-18 10:00:00;121.2225578297252;0.0;0.0;0.0;0.0;0.0;0.0;0.0
2030-05-18 11:00:00;121.2032558627302;0.0;0.0;0.0;0.0;0.0;0.0;0.0
2030-05-18 12:00:00;121.1842762930147;0.0;0.0;0.0;0.0;0.0;0.0;0.0
2030-05-18 13:00:00;121.1810481332418;0.0;0.0;0.0;0.0;0.0;0.0;0.0
2030-05-18 14:00:00;121.2613543646875;0.0;0.0;0.0;0.0;0.0;0.0;0.0
2030-05-18 15:00:00;121.2062076819778;0.0;0.0;0.0;0.0;0.0;0.0;0.0
2030-05-18 16:00:00;121.1870334178013;0.0;0.0;0.0;0.0;0.0;0.0;0.0
2030-05-18 17:00:00;121.1867152074994;0.0;0.0;0.0;0.0;0.0;0.0;0.0
2030-05-18 18:00:00;130.7913635167861;0.0;0.0;0.0;0.0;0.0;0.0;0.0
2030-05-18 19:00:00;130.8180408449226;0.0;0.0;0.0;0.0;0.0;0.0;0.0
2030-05-18 20:00:00;130.8331914235715;0.0;0.0;0.0;0.0;0.0;0.0;0.0
2030-05-18 21:00:00;130.8209528878824;0.0;0.0;0.0;0.0;0.0;0.0;0.0
2030-05-18 22:00:00;130.7917256903534;0.0;0.0;0.0;0.0;0.0;0.0;0.0
2030-05-18 23:00:00;130.7874361317446;0.0;0.0;0.0;0.0;0.0;0.0;0.0
2030-05-19 00:00:00;130.8236074317165;0.0;0.0;0.0;0.0;0.0;0.0;0.0
2030-05-19 01:00:00;130.592909149838;0.0;0.0;0.0;0.0;0.0;0.0;0.0
2030-05-19 02:00:00;130.6323462923817;0.0;0.0;0.0;0.0;0.0;0.0;0.0
2030-05-19 03:00:00;130.5547155396582;0.0;0.0;0.0;0.0;0.0;0.0;0.0
2030-05-19 04:00:00;130.5311972861635;0.0;0.0;0.0;0.0;0.0;0.0;0.0
2030-05-19 05:00:00;121.0741294718133;0.0;0.0;0.0;0.0;0.0;0.0;0.0
2030-05-19 06:00:00;120.948564105393;0.0;0.0;0.0;0.0;0.0;0.0;0.0
2030-05-19 07:00:00;120.9572437100742;0.0;0.0;0.0;0.0;0.0;0.0;0.0
2030-05-19 08:00:00;120.9640496422543;0.0;0.0;0.0;0.0;0.0;0.0;0.0
2030-05-19 09:00:00;120.9685066799694;0.0;0.0;0.0;0.0;0.0;0.0;0.0
2030-05-19 10:00:00;120.952960431932;0.0;0.0;0.0;0.0;0.0;0.0;0.0
2030-05-19 11:00:00;120.962215746041;0.0;0.0;0.0;0.0;0.0;0.0;0.0
2030-05-19 12:00:00;120.9573148886944;0.0;0.0;0.0;0.0;0.0;0.0;0.0
2030-05-19 13:00:00;120.9403241333656;0.0;0.0;0.0;0.0;0.0;0.0;0.0
2030-05-19 14:00:00;120.9275329166259;0.0;0.0;0.0;0.0;0.0;0.0;0.0
2030-05-19 15:00:00;120.951777610744;0.0;0.0;0.0;0.0;0.0;0.0;0.0
2030-05-19 16:00:00;121.0176052734547;0.0;0.0;0.0;0.0;0.0;0.0;0.0
2030-05-19 17:00:00;121.0654603345761;0.0;0.0;0.0;0.0;0.0;0.0;0.0
2030-05-19 18:00:00;121.1059777173551;0.0;0.0;0.0;0.0;0.0;0.0;0.0
2030-05-19 19:00:00;130.5277095337759;0.0;0.0;0.0;0.0;0.0;0.0;0.0
2030-05-19 20:00:00;130.5413800158233;0.0;0.0;0.0;0.0;0.0;0.0;0.0
2030-05-19 21:00:00;130.549385517102;0.0;0.0;0.0;0.0;0.0;0.0;0.0
2030-05-19 22:00:00;130.5086462245072;0.0;0.0;0.0;0.0;0.0;0.0;0.0
2030-05-19 23:00:00;130.4875626985195;0.0;0.0;0.0;0.0;0.0;0.0;0.0
2030-05-20 00:00:00;130.4993846299317;0.0;0.0;0.0;0.0;0.0;0.0;0.0
2030-05-20 01:00:00;130.6132243654259;0.0;0.0;0.0;0.0;0.0;0.0;0.0
2030-05-20 02:00:00;130.683040124354;0.0;0.0;0.0;0.0;0.0;0.0;0.0
2030-05-20 03:00:00;130.7099833255716;0.0;0.0;0.0;0.0;0.0;0.0;0.0
2030-05-20 04:00:00;130.9722137361788;0.0;0.0;0.0;0.0;0.0;0.0;0.0
2030-05-20 05:00:00;131.151876947406;0.0;0.0;0.0;0.0;0.0;0.0;0.0
2030-05-20 06:00:00;131.4324044503707;0.0;0.0;0.0;0.0;0.0;0.0;0.0
2030-05-20 07:00:00;125.8585637176761;0.0;0.0;0.0;0.0;0.0;0.0;0.0
2030-05-20 08:00:00;121.6165796425275;0.0;0.0;0.0;0.0;0.0;0.0;0.0
2030-05-20 09:00:00;121.7518294882666;0.0;0.0;0.0;0.0;0.0;0.0;0.0
2030-05-20 10:00:00;121.6789697965824;0.0;0.0;0.0;0.0;0.0;0.0;0.0
2030-05-20 11:00:00;121.6581605176312;0.0;0.0;0.0;0.0;0.0;0.0;0.0
2030-05-20 12:00:00;121.7247271818981;0.0;0.0;0.0;0.0;0.0;0.0;0.0
2030-05-20 13:00:00;121.7271681898717;0.0;0.0;0.0;0.0;0.0;0.0;0.0
2030-05-20 14:00:00;121.6814003371118;0.0;0.0;0.0;0.0;0.0;0.0;0.0
2030-05-20 15:00:00;121.658284033472;0.0;0.0;0.0;0.0;0.0;0.0;0.0
2030-05-20 16:00:00;121.67920636082;0.0;0.0;0.0;0.0;0.0;0.0;0.0
2030-05-20 17:00:00;131.6874332594092;0.0;0.0;0.0;0.0;0.0;0.0;0.0
2030-05-20 18:00:00;131.7504388991796;0.0;0.0;0.0;0.0;0.0;0.0;0.0
2030-05-20 19:00:00;131.8038982298939;0.0;0.0;0.0;0.0;0.0;0.0;0.0
2030-05-20 20:00:00;131.8191116132076;0.0;0.0;0.0;0.0;0.0;0.0;0.0
2030-05-20 21:00:00;131.7816423501624;0.0;0.0;0.0;0.0;0.0;0.0;0.0
2030-05-20 22:00:00;131.7393727172343;0.0;0.0;0.0;0.0;0.0;0.0;0.0
2030-05-20 23:00:00;131.7108803342839;0.0;0.0;0.0;0.0;0.0;0.0;0.0
2030-05-21 00:00:00;131.592349090326;0.0;0.0;0.0;0.0;0.0;0.0;0.0
2030-05-21 01:00:00;121.613943940093;0.0;0.0;0.0;0.0;0.0;0.0;0.0
2030-05-21 02:00:00;121.4199822001699;0.0;0.0;0.0;0.0;0.0;0.0;0.0
2030-05-21 03:00:00;121.4131176503026;0.0;0.0;0.0;0.0;0.0;0.0;0.0
2030-05-21 04:00:00;121.4250400691786;0.0;0.0;0.0;0.0;0.0;0.0;0.0
2030-05-21 05:00:00;121.4470091409407;0.0;0.0;0.0;0.0;0.0;0.0;0.0
2030-05-21 06:00:00;121.5854745855197;0.0;0.0;0.0;0.0;0.0;0.0;0.0
2030-05-21 07:00:00;121.7323663226318;0.0;0.0;0.0;0.0;0.0;0.0;0.0
2030-05-21 08:00:00;121.7981186197446;0.0;0.0;0.0;0.0;0.0;0.0;0.0
2030-05-21 09:00:00;121.975112632716;0.0;0.0;0.0;0.0;0.0;0.0;0.0
2030-05-21 10:00:00;121.8097898199613;0.0;0.0;0.0;0.0;0.0;0.0;0.0
2030-05-21 11:00:00;121.8144352716708;0.0;0.0;0.0;0.0;0.0;0.0;0.0
2030-05-21 12:00:00;121.6626489576785;0.0;0.0;0.0;0.0;0.0;0.0;0.0
2030-05-21 13:00:00;121.6256381686867;0.0;0.0;0.0;0.0;0.0;0.0;0.0
2030-05-21 14:00:00;121.6848190043681;0.0;0.0;0.0;0.0;0.0;0.0;0.0
2030-05-21 15:00:00;121.857142443764;0.0;0.0;0.0;0.0;0.0;0.0;0.0
2030-05-21 16:00:00;121.8799677524566;0.0;0.0;0.0;0.0;0.0;0.0;0.0
2030-05-21 17:00:00;121.964224397321;0.0;0.0;0.0;0.0;0.0;0.0;0.0
2030-05-21 18:00:00;122.1249792174528;0.0;0.0;0.0;0.0;0.0;0.0;0.0
2030-05-21 19:00:00;122.1499754740603;0.0;0.0;0.0;0.0;0.0;0.0;0.0
2030-05-21 20:00:00;122.1664282027602;0.0;0.0;0.0;0.0;0.0;0.0;0.0
2030-05-21 21:00:00;122.1594150151861;0.0;0.0;0.0;0.0;0.0;0.0;0.0
2030-05-21 22:00:00;122.1293671700365;0.0;0.0;0.0;0.0;0.0;0.0;0.0
2030-05-21 23:00:00;122.0425460013577;0.0;0.0;0.0;0.0;0.0;0.0;0.0
2030-05-22 00:00:00;121.710638002085;0.0;0.0;0.0;0.0;0.0;0.0;0.0
2030-05-22 01:00:00;121.5418923350964;0.0;0.0;0.0;0.0;0.0;0.0;0.0
2030-05-22 02:00:00;121.3727258768534;0.0;0.0;0.0;0.0;0.0;0.0;0.0
2030-05-22 03:00:00;121.3415705761136;0.0;0.0;0.0;0.0;0.0;0.0;0.0
2030-05-22 04:00:00;121.4151943912201;0.0;0.0;0.0;0.0;0.0;0.0;0.0
2030-05-22 05:00:00;121.5049338833252;0.0;0.0;0.0;0.0;0.0;0.0;0.0
2030-05-22 06:00:00;121.4779027555768;0.0;0.0;0.0;0.0;0.0;0.0;0.0
2030-05-22 07:00:00;121.5459704513335;0.0;0.0;0.0;0.0;0.0;0.0;0.0
2030-05-22 08:00:00;121.5082750914948;0.0;0.0;0.0;0.0;0.0;0.0;0.0
2030-05-22 09:00:00;121.5077286909107;0.0;0.0;0.0;0.0;0.0;0.0;0.0
2030-05-22 10:00:00;121.4842983639466;0.0;0.0;0.0;0.0;0.0;0.0;0.0
2030-05-22 11:00:00;121.4784386887168;0.0;0.0;0.0;0.0;0.0;0.0;0.0
2030-05-22 12:00:00;121.442158527326;0.0;0.0;0.0;0.0;0.0;0.0;0.0
2030-05-22 13:00:00;121.4433539094468;0.0;0.0;0.0;0.0;0.0;0.0;0.0
2030-05-22 14:00:00;121.4263547801626;0.0;0.0;0.0;0.0;0.0;0.0;0.0
2030-05-22 15:00:00;121.4122300110395;0.0;0.0;0.0;0.0;0.0;0.0;0.0
2030-05-22 16:00:00;121.4129669191069;0.0;0.0;0.0;0.0;0.0;0.0;0.0
2030-05-22 17:00:00;121.4716662523579;0.0;0.0;0.0;0.0;0.0;0.0;0.0
2030-05-22 18:00:00;121.6860897520868;0.0;0.0;0.0;0.0;0.0;0.0;0.0
2030-05-22 19:00:00;121.7523005232529;0.0;0.0;0.0;0.0;0.0;0.0;0.0
2030-05-22 20:00:00;121.7125095810974;0.0;0.0;0.0;0.0;0.0;0.0;0.0
2030-05-22 21:00:00;121.7476676324764;0.0;0.0;0.0;0.0;0.0;0.0;0.0
2030-05-22 22:00:00;121.7097545497995;0.0;0.0;0.0;0.0;0.0;0.0;0.0
2030-05-22 23:00:00;121.6649978521437;0.0;0.0;0.0;0.0;0.0;0.0;0.0
2030-05-23 00:00:00;121.6626845469887;0.0;0.0;0.0;0.0;0.0;0.0;0.0
2030-05-23 01:00:00;121.5878360409178;0.0;0.0;0.0;0.0;0.0;0.0;0.0
2030-05-23 02:00:00;121.5067007878961;0.0;0.0;0.0;0.0;0.0;0.0;0.0
2030-05-23 03:00:00;121.5871368156492;0.0;0.0;0.0;0.0;0.0;0.0;0.0
2030-05-23 04:00:00;121.6075169293907;0.0;0.0;0.0;0.0;0.0;0.0;0.0
2030-05-23 05:00:00;121.6996178768939;0.0;0.0;0.0;0.0;0.0;0.0;0.0
2030-05-23 06:00:00;122.0543951481247;0.0;0.0;0.0;0.0;0.0;0.0;0.0
2030-05-23 07:00:00;122.013228783809;0.0;0.0;0.0;0.0;0.0;0.0;0.0
2030-05-23 08:00:00;121.8871546996035;0.0;0.0;0.0;0.0;0.0;0.0;0.0
2030-05-23 09:00:00;121.9009005472487;0.0;0.0;0.0;0.0;0.0;0.0;0.0
2030-05-23 10:00:00;121.8468822550174;0.0;0.0;0.0;0.0;0.0;0.0;0.0
2030-05-23 11:00:00;121.905987725101;0.0;0.0;0.0;0.0;0.0;0.0;0.0
2030-05-23 12:00:00;121.9990035272221;0.0;0.0;0.0;0.0;0.0;0.0;0.0
2030-05-23 13:00:00;121.8758247380659;0.0;0.0;0.0;0.0;0.0;0.0;0.0
2030-05-23 14:00:00;121.8558340132464;0.0;0.0;0.0;0.0;0.0;0.0;0.0
2030-05-23 15:00:00;121.9728160754715;0.0;0.0;0.0;0.0;0.0;0.0;0.0
2030-05-23 16:00:00;122.1267042522471;0.0;0.0;0.0;0.0;0.0;0.0;0.0
2030-05-23 17:00:00;122.0273870487534;0.0;0.0;0.0;0.0;0.0;0.0;0.0
2030-05-23 18:00:00;122.0835846628548;0.0;0.0;0.0;0.0;0.0;0.0;0.0
2030-05-23 19:00:00;132.0498706062621;0.0;0.0;0.0;0.0;0.0;0.0;0.0
2030-05-23 20:00:00;132.0532599646747;0.0;0.0;0.0;0.0;0.0;0.0;0.0
2030-05-23 21:00:00;132.0221988709323;0.0;0.0;0.0;0.0;0.0;0.0;0.0
2030-05-23 22:00:00;132.0130691661529;0.0;0.0;0.0;0.0;0.0;0.0;0.0
2030-05-23 23:00:00;131.9724157066002;0.0;0.0;0.0;0.0;0.0;0.0;0.0
2030-05-24 00:00:00;131.8811395936952;0.0;0.0;0.0;0.0;0.0;0.0;0.0
2030-05-24 01:00:00;131.9364830643548;0.0;0.0;0.0;0.0;0.0;0.0;0.0
2030-05-24 02:00:00;131.975317282116;0.0;0.0;0.0;0.0;0.0;0.0;0.0
2030-05-24 03:00:00;131.94644179071;0.0;0.0;0.0;0.0;0.0;0.0;0.0
2030-05-24 04:00:00;131.9089536862653;0.0;0.0;0.0;0.0;0.0;0.0;0.0
2030-05-24 05:00:00;131.9313812320807;0.0;0.0;0.0;0.0;0.0;0.0;0.0
2030-05-24 06:00:00;131.8739275246824;0.0;0.0;0.0;0.0;0.0;0.0;0.0
2030-05-24 07:00:00;131.8978100452334;0.0;0.0;0.0;0.0;0.0;0.0;0.0
2030-05-24 08:00:00;124.4358580189463;0.0;0.0;0.0;0.0;0.0;0.0;0.0
2030-05-24 09:00:00;122.2099204331639;0.0;0.0;0.0;0.0;0.0;0.0;0.0
2030-05-24 10:00:00;122.1577590655231;0.0;0.0;0.0;0.0;0.0;0.0;0.0
2030-05-24 11:00:00;121.8770117462313;0.0;0.0;0.0;0.0;0.0;0.0;0.0
2030-05-24 12:00:00;122.0479932592883;0.0;0.0;0.0;0.0;0.0;0.0;0.0
2030-05-24 13:00:00;121.8829551610144;0.0;0.0;0.0;0.0;0.0;0.0;0.0
2030-05-24 14:00:00;122.0124311645655;0.0;0.0;0.0;0.0;0.0;0.0;0.0
2030-05-24 15:00:00;122.0231979776084;0.0;0.0;0.0;0.0;0.0;0.0;0.0
2030-05-24 16:00:00;122.0171917581606;0.0;0.0;0.0;0.0;0.0;0.0;0.0
2030-05-24 17:00:00;121.9418177863939;0.0;0.0;0.0;0.0;0.0;0.0;0.0
2030-05-24 18:00:00;131.7601212850096;0.0;0.0;0.0;0.0;0.0;0.0;0.0
2030-05-24 19:00:00;131.7698539145714;0.0;0.0;0.0;0.0;0.0;0.0;0.0
2030-05-24 20:00:00;131.7328598734901;0.0;0.0;0.0;0.0;0.0;0.0;0.0
2030-05-24 21:00:00;131.7417195182106;0.0;0.0;0.0;0.0;0.0;0.0;0.0
2030-05-24 22:00:00;131.6022952557483;0.0;0.0;0.0;0.0;0.0;0.0;0.0
2030-05-24 23:00:00;131.4701835497625;0.0;0.0;0.0;0.0;0.0;0.0;0.0
2030-05-25 00:00:00;131.2631228502421;0.0;0.0;0.0;0.0;0.0;0.0;0.0
2030-05-25 01:00:00;131.0161728145911;0.0;0.0;0.0;0.0;0.0;0.0;0.0
2030-05-25 02:00:00;130.8076424859134;0.0;0.0;0.0;0.0;0.0;0.0;0.0
2030-05-25 03:00:00;121.1820634753234;0.0;0.0;0.0;0.0;0.0;0.0;0.0
2030-05-25 04:00:00;121.167235293954;0.0;0.0;0.0;0.0;0.0;0.0;0.0
2030-05-25 05:00:00;130.6900574989058;0.0;0.0;0.0;0.0;0.0;0.0;0.0
2030-05-25 06:00:00;129.9594592067442;0.0;0.0;0.0;0.0;0.0;0.0;0.0
2030-05-25 07:00:00;122.0974372784304;0.0;0.0;0.0;0.0;0.0;0.0;0.0
2030-05-25 08:00:00;121.191092692639;0.0;0.0;0.0;0.0;0.0;0.0;0.0
2030-05-25 09:00:00;121.2038525070462;0.0;0.0;0.0;0.0;0.0;0.0;0.0
2030-05-25 10:00:00;121.2117993906377;0.0;0.0;0.0;0.0;0.0;0.0;0.0
2030-05-25 11:00:00;121.2075517018055;0.0;0.0;0.0;0.0;0.0;0.0;0.0
2030-05-25 12:00:00;121.1908665958455;0.0;0.0;0.0;0.0;0.0;0.0;0.0
2030-05-25 13:00:00;121.195256641918;0.0;0.0;0.0;0.0;0.0;0.0;0.0
2030-05-25 14:00:00;121.20475689422;0.0;0.0;0.0;0.0;0.0;0.0;0.0
2030-05-25 15:00:00;121.1964206217064;0.0;0.0;0.0;0.0;0.0;0.0;0.0
2030-05-25 16:00:00;121.1875777248966;0.0;0.0;0.0;0.0;0.0;0.0;0.0
2030-05-25 17:00:00;121.2066640625423;0.0;0.0;0.0;0.0;0.0;0.0;0.0
2030-05-25 18:00:00;121.2411752258734;0.0;0.0;0.0;0.0;0.0;0.0;0.0
2030-05-25 19:00:00;121.2389435667827;0.0;0.0;0.0;0.0;0.0;0.0;0.0
2030-05-25 20:00:00;121.2567319413551;0.0;0.0;0.0;0.0;0.0;0.0;0.0
2030-05-25 21:00:00;130.853194709324;0.0;0.0;0.0;0.0;0.0;0.0;0.0
2030-05-25 22:00:00;129.8485001118775;0.0;0.0;0.0;0.0;0.0;0.0;0.0
2030-05-25 23:00:00;121.2308710738615;0.0;0.0;0.0;0.0;0.0;0.0;0.0
2030-05-26 00:00:00;121.0809500584152;0.0;0.0;0.0;0.0;0.0;0.0;0.0
2030-05-26 01:00:00;120.8915563111151;0.0;0.0;0.0;0.0;0.0;0.0;0.0
2030-05-26 02:00:00;120.7923730909065;0.0;0.0;0.0;0.0;0.0;0.0;0.0
2030-05-26 03:00:00;120.7439758161785;0.0;0.0;0.0;0.0;0.0;0.0;0.0
2030-05-26 04:00:00;120.7386102043121;0.0;0.0;0.0;0.0;0.0;0.0;0.0
2030-05-26 05:00:00;120.7326646960403;0.0;0.0;0.0;0.0;0.0;0.0;0.0
2030-05-26 06:00:00;120.7630495928913;0.0;0.0;0.0;0.0;0.0;0.0;0.0
2030-05-26 07:00:00;120.7780159445234;0.0;0.0;0.0;0.0;0.0;0.0;0.0
2030-05-26 08:00:00;120.7736698617162;0.0;0.0;0.0;0.0;0.0;0.0;0.0
2030-05-26 09:00:00;120.7700146302224;0.0;0.0;0.0;0.0;0.0;0.0;0.0
2030-05-26 10:00:00;120.7406304210312;0.0;0.0;0.0;0.0;0.0;0.0;0.0
2030-05-26 11:00:00;120.7508759553559;0.0;0.0;0.0;0.0;0.0;0.0;0.0
2030-05-26 12:00:00;120.7828225948726;0.0;0.0;0.0;0.0;0.0;0.0;0.0
2030-05-26 13:00:00;120.7636001804531;0.0;0.0;0.0;0.0;0.0;0.0;0.0
2030-05-26 14:00:00;120.8205619179767;0.0;0.0;0.0;0.0;0.0;0.0;0.0
2030-05-26 15:00:00;120.756890548759;0.0;0.0;0.0;0.0;0.0;0.0;0.0
2030-05-26 16:00:00;120.7638304642242;0.0;0.0;0.0;0.0;0.0;0.0;0.0
2030-05-26 17:00:00;120.8907231025616;0.0;0.0;0.0;0.0;0.0;0.0;0.0
2030-05-26 18:00:00;120.8361374748578;0.0;0.0;0.0;0.0;0.0;0.0;0.0
2030-05-26 19:00:00;120.8687016935788;0.0;0.0;0.0;0.0;0.0;0.0;0.0
2030-05-26 20:00:00;120.871389733234;0.0;0.0;0.0;0.0;0.0;0.0;0.0
2030-05-26 21:00:00;120.8691203913444;0.0;0.0;0.0;0.0;0.0;0.0;0.0
2030-05-26 22:00:00;120.8997711612766;0.0;0.0;0.0;0.0;0.0;0.0;0.0
2030-05-26 23:00:00;120.8953266844945;0.0;0.0;0.0;0.0;0.0;0.0;0.0
2030-05-27 00:00:00;120.8660220278788;0.0;0.0;0.0;0.0;0.0;0.0;0.0
2030-05-27 01:00:00;120.8608050537192;0.0;0.0;0.0;0.0;0.0;0.0;0.0
2030-05-27 02:00:00;120.8850895241251;0.0;0.0;0.0;0.0;0.0;0.0;0.0
2030-05-27 03:00:00;120.9186628044613;0.0;0.0;0.0;0.0;0.0;0.0;0.0
2030-05-27 04:00:00;121.014605303964;0.0;0.0;0.0;0.0;0.0;0.0;0.0
2030-05-27 05:00:00;121.1861688069152;0.0;0.0;0.0;0.0;0.0;0.0;0.0
2030-05-27 06:00:00;129.9531954881705;0.0;0.0;0.0;0.0;0.0;0.0;0.0
2030-05-27 07:00:00;124.8163914832291;0.0;0.0;0.0;0.0;0.0;0.0;0.0
2030-05-27 08:00:00;121.5564169605857;0.0;0.0;0.0;0.0;0.0;0.0;0.0
2030-05-27 09:00:00;121.54838843093;0.0;0.0;0.0;0.0;0.0;0.0;0.0
2030-05-27 10:00:00;121.6022455245216;0.0;0.0;0.0;0.0;0.0;0.0;0.0
2030-05-27 11:00:00;121.6102154364901;0.0;0.0;0.0;0.0;0.0;0.0;0.0
2030-05-27 12:00:00;121.5949706508439;0.0;0.0;0.0;0.0;0.0;0.0;0.0
2030-05-27 13:00:00;121.7286126971631;0.0;0.0;0.0;0.0;0.0;0.0;0.0
2030-05-27 14:00:00;121.7599312900314;0.0;0.0;0.0;0.0;0.0;0.0;0.0
2030-05-27 15:00:00;121.7214655263039;0.0;0.0;0.0;0.0;0.0;0.0;0.0
2030-05-27 16:00:00;121.726797642349;0.0;0.0;0.0;0.0;0.0;0.0;0.0
2030-05-27 17:00:00;121.9607931691318;0.0;0.0;0.0;0.0;0.0;0.0;0.0
2030-05-27 18:00:00;121.9552789195585;0.0;0.0;0.0;0.0;0.0;0.0;0.0
2030-05-27 19:00:00;131.8630267283546;0.0;0.0;0.0;0.0;0.0;0.0;0.0
2030-05-27 20:00:00;131.8434881971219;0.0;0.0;0.0;0.0;0.0;0.0;0.0
2030-05-27 21:00:00;131.7701323485855;0.0;0.0;0.0;0.0;0.0;0.0;0.0
2030-05-27 22:00:00;131.7667827664606;0.0;0.0;0.0;0.0;0.0;0.0;0.0
2030-05-27 23:00:00;131.6962280059761;0.0;0.0;0.0;0.0;0.0;0.0;0.0
2030-05-28 00:00:00;131.6473262004406;0.0;0.0;0.0;0.0;0.0;0.0;0.0
2030-05-28 01:00:00;131.6301889008938;0.0;0.0;0.0;0.0;0.0;0.0;0.0
2030-05-28 02:00:00;131.5679913478111;0.0;0.0;0.0;0.0;0.0;0.0;0.0
2030-05-28 03:00:00;131.5140861039765;0.0;0.0;0.0;0.0;0.0;0.0;0.0
2030-05-28 04:00:00;131.4359319790461;0.0;0.0;0.0;0.0;0.0;0.0;0.0
2030-05-28 05:00:00;131.6837026623176;0.0;0.0;0.0;0.0;0.0;0.0;0.0
2030-05-28 06:00:00;131.7789940867949;0.0;0.0;0.0;0.0;0.0;0.0;0.0
2030-05-28 07:00:00;131.8242113519929;0.0;0.0;0.0;0.0;0.0;0.0;0.0
2030-05-28 08:00:00;131.7783220768811;0.0;0.0;0.0;0.0;0.0;0.0;0.0
2030-05-28 09:00:00;121.9122975004289;0.0;0.0;0.0;0.0;0.0;0.0;0.0
2030-05-28 10:00:00;121.870599389951;0.0;0.0;0.0;0.0;0.0;0.0;0.0
2030-05-28 11:00:00;121.9154293597158;0.0;0.0;0.0;0.0;0.0;0.0;0.0
2030-05-28 12:00:00;121.915864805392;0.0;0.0;0.0;0.0;0.0;0.0;0.0
2030-05-28 13:00:00;121.8269564283516;0.0;0.0;0.0;0.0;0.0;0.0;0.0
2030-05-28 14:00:00;121.8254826122166;0.0;0.0;0.0;0.0;0.0;0.0;0.0
2030-05-28 15:00:00;121.8149837657437;0.0;0.0;0.0;0.0;0.0;0.0;0.0
2030-05-28 16:00:00;121.8725819238711;0.0;0.0;0.0;0.0;0.0;0.0;0.0
2030-05-28 17:00:00;131.7751001975746;0.0;0.0;0.0;0.0;0.0;0.0;0.0
2030-05-28 18:00:00;131.7404194616483;0.0;0.0;0.0;0.0;0.0;0.0;0.0
2030-05-28 19:00:00;131.6936613886728;0.0;0.0;0.0;0.0;0.0;0.0;0.0
2030-05-28 20:00:00;131.7375974387081;0.0;0.0;0.0;0.0;0.0;0.0;0.0
2030-05-28 21:00:00;131.7060066922921;0.0;0.0;0.0;0.0;0.0;0.0;0.0
2030-05-28 22:00:00;131.5460285565156;0.0;0.0;0.0;0.0;0.0;0.0;0.0
2030-05-28 23:00:00;131.5101566254462;0.0;0.0;0.0;0.0;0.0;0.0;0.0
2030-05-29 00:00:00;131.4296473255841;0.0;0.0;0.0;0.0;0.0;0.0;0.0
2030-05-29 01:00:00;131.4507999367032;0.0;0.0;0.0;0.0;0.0;0.0;0.0
2030-05-29 02:00:00;131.4544970379737;0.0;0.0;0.0;0.0;0.0;0.0;0.0
2030-05-29 03:00:00;131.4755554420954;0.0;0.0;0.0;0.0;0.0;0.0;0.0
2030-05-29 04:00:00;131.5246561290695;0.0;0.0;0.0;0.0;0.0;0.0;0.0
2030-05-29 05:00:00;131.4964652085104;0.0;0.0;0.0;0.0;0.0;0.0;0.0
2030-05-29 06:00:00;131.6070788777205;0.0;0.0;0.0;0.0;0.0;0.0;0.0
2030-05-29 07:00:00;131.6514608408762;0.0;0.0;0.0;0.0;0.0;0.0;0.0
2030-05-29 08:00:00;131.6408133566965;0.0;0.0;0.0;0.0;0.0;0.0;0.0
2030-05-29 09:00:00;121.7348533873596;0.0;0.0;0.0;0.0;0.0;0.0;0.0
2030-05-29 10:00:00;121.7439077265411;0.0;0.0;0.0;0.0;0.0;0.0;0.0
2030-05-29 11:00:00;121.7292909875433;0.0;0.0;0.0;0.0;0.0;0.0;0.0
2030-05-29 12:00:00;121.7028209148009;0.0;0.0;0.0;0.0;0.0;0.0;0.0
2030-05-29 13:00:00;121.6700808430183;0.0;0.0;0.0;0.0;0.0;0.0;0.0
2030-05-29 14:00:00;121.6725155705254;0.0;0.0;0.0;0.0;0.0;0.0;0.0
2030-05-29 15:00:00;121.6743955234931;0.0;0.0;0.0;0.0;0.0;0.0;0.0
2030-05-29 16:00:00;121.6128406714805;0.0;0.0;0.0;0.0;0.0;0.0;0.0
2030-05-29 17:00:00;121.7533556416223;0.0;0.0;0.0;0.0;0.0;0.0;0.0
2030-05-29 18:00:00;131.7645741357469;0.0;0.0;0.0;0.0;0.0;0.0;0.0
2030-05-29 19:00:00;131.8919650244254;0.0;0.0;0.0;0.0;0.0;0.0;0.0
2030-05-29 20:00:00;131.9255362112726;0.0;0.0;0.0;0.0;0.0;0.0;0.0
2030-05-29 21:00:00;131.8452613821594;0.0;0.0;0.0;0.0;0.0;0.0;0.0
2030-05-29 22:00:00;131.747949740963;0.0;0.0;0.0;0.0;0.0;0.0;0.0
2030-05-29 23:00:00;131.6301595920503;0.0;0.0;0.0;0.0;0.0;0.0;0.0
2030-05-30 00:00:00;131.3128180880434;0.0;0.0;0.0;0.0;0.0;0.0;0.0
2030-05-30 01:00:00;130.7799707505837;0.0;0.0;0.0;0.0;0.0;0.0;0.0
2030-05-30 02:00:00;130.490661061985;0.0;0.0;0.0;0.0;0.0;0.0;0.0
2030-05-30 03:00:00;130.4032537164344;0.0;0.0;0.0;0.0;0.0;0.0;0.0
2030-05-30 04:00:00;130.3612960133417;0.0;0.0;0.0;0.0;0.0;0.0;0.0
2030-05-30 05:00:00;130.3371350587767;0.0;0.0;0.0;0.0;0.0;0.0;0.0
2030-05-30 06:00:00;130.1637816228774;0.0;0.0;0.0;0.0;0.0;0.0;0.0
2030-05-30 07:00:00;130.3067543489034;0.0;0.0;0.0;0.0;0.0;0.0;0.0
2030-05-30 08:00:00;130.3697537082072;0.0;0.0;0.0;0.0;0.0;0.0;0.0
2030-05-30 09:00:00;130.5628885200432;0.0;0.0;0.0;0.0;0.0;0.0;0.0
2030-05-30 10:00:00;121.1090446784883;0.0;0.0;0.0;0.0;0.0;0.0;0.0
2030-05-30 11:00:00;121.113273525921;0.0;0.0;0.0;0.0;0.0;0.0;0.0
2030-05-30 12:00:00;121.1130704575046;0.0;0.0;0.0;0.0;0.0;0.0;0.0
2030-05-30 13:00:00;121.0891376932219;0.0;0.0;0.0;0.0;0.0;0.0;0.0
2030-05-30 14:00:00;121.0006333595253;0.0;0.0;0.0;0.0;0.0;0.0;0.0
2030-05-30 15:00:00;120.9565863545822;0.0;0.0;0.0;0.0;0.0;0.0;0.0
2030-05-30 16:00:00;120.9616651584792;0.0;0.0;0.0;0.0;0.0;0.0;0.0
2030-05-30 17:00:00;130.4219422912029;0.0;0.0;0.0;0.0;0.0;0.0;0.0
2030-05-30 18:00:00;130.4773527535048;0.0;0.0;0.0;0.0;0.0;0.0;0.0
2030-05-30 19:00:00;130.4915947580023;0.0;0.0;0.0;0.0;0.0;0.0;0.0
2030-05-30 20:00:00;130.5290891429135;0.0;0.0;0.0;0.0;0.0;0.0;0.0
2030-05-30 21:00:00;130.4950615755016;0.0;0.0;0.0;0.0;0.0;0.0;0.0
2030-05-30 22:00:00;130.4809054040461;0.0;0.0;0.0;0.0;0.0;0.0;0.0
2030-05-30 23:00:00;130.6929611679104;0.0;0.0;0.0;0.0;0.0;0.0;0.0
2030-05-31 00:00:00;130.6182843279234;0.0;0.0;0.0;0.0;0.0;0.0;0.0
2030-05-31 01:00:00;130.4707310483415;0.0;0.0;0.0;0.0;0.0;0.0;0.0
2030-05-31 02:00:00;130.4037121904878;0.0;0.0;0.0;0.0;0.0;0.0;0.0
2030-05-31 03:00:00;130.6627018803891;0.0;0.0;0.0;0.0;0.0;0.0;0.0
2030-05-31 04:00:00;130.4900225478924;0.0;0.0;0.0;0.0;0.0;0.0;0.0
2030-05-31 05:00:00;130.6918076555661;0.0;0.0;0.0;0.0;0.0;0.0;0.0
2030-05-31 06:00:00;130.9683177534697;0.0;0.0;0.0;0.0;0.0;0.0;0.0
2030-05-31 07:00:00;131.1573367662696;0.0;0.0;0.0;0.0;0.0;0.0;0.0
2030-05-31 08:00:00;131.1700170281014;0.0;0.0;0.0;0.0;0.0;0.0;0.0
2030-05-31 09:00:00;131.1335317048054;0.0;0.0;0.0;0.0;0.0;0.0;0.0
2030-05-31 10:00:00;131.0601842302242;0.0;0.0;0.0;0.0;0.0;0.0;0.0
2030-05-31 11:00:00;121.3306614058305;0.0;0.0;0.0;0.0;0.0;0.0;0.0
2030-05-31 12:00:00;131.0415961429196;0.0;0.0;0.0;0.0;0.0;0.0;0.0
2030-05-31 13:00:00;130.6901119296153;0.0;0.0;0.0;0.0;0.0;0.0;0.0
2030-05-31 14:00:00;121.2731260523678;0.0;0.0;0.0;0.0;0.0;0.0;0.0
2030-05-31 15:00:00;121.2660793689725;0.0;0.0;0.0;0.0;0.0;0.0;0.0
2030-05-31 16:00:00;131.1021900835599;0.0;0.0;0.0;0.0;0.0;0.0;0.0
2030-05-31 17:00:00;131.2951909121109;0.0;0.0;0.0;0.0;0.0;0.0;0.0
2030-05-31 18:00:00;131.3989421249425;0.0;0.0;0.0;0.0;0.0;0.0;0.0
2030-05-31 19:00:00;131.4640559079627;0.0;0.0;0.0;0.0;0.0;0.0;0.0
2030-05-31 20:00:00;131.4110613317683;0.0;0.0;0.0;0.0;0.0;0.0;0.0
2030-05-31 21:00:00;131.4041737535238;0.0;0.0;0.0;0.0;0.0;0.0;0.0
2030-05-31 22:00:00;131.4440714636097;0.0;0.0;0.0;0.0;0.0;0.0;0.0
2030-05-31 23:00:00;131.3978828195954;0.0;0.0;0.0;0.0;0.0;0.0;0.0
2030-06-01 00:00:00;131.0331907852748;0.0;0.0;0.0;0.0;0.0;0.0;0.0
2030-06-01 01:00:00;130.6810743383444;0.0;0.0;0.0;0.0;0.0;0.0;0.0
2030-06-01 02:00:00;130.4233574896506;0.0;0.0;0.0;0.0;0.0;0.0;0.0
2030-06-01 03:00:00;130.3032812509376;0.0;0.0;0.0;0.0;0.0;0.0;0.0
2030-06-01 04:00:00;130.1370226486767;0.0;0.0;0.0;0.0;0.0;0.0;0.0
2030-06-01 05:00:00;130.2026932997252;0.0;0.0;0.0;0.0;0.0;0.0;0.0
2030-06-01 06:00:00;130.2347299592615;0.0;0.0;0.0;0.0;0.0;0.0;0.0
2030-06-01 07:00:00;130.300559715461;0.0;0.0;0.0;0.0;0.0;0.0;0.0
2030-06-01 08:00:00;130.4009634396565;0.0;0.0;0.0;0.0;0.0;0.0;0.0
2030-06-01 09:00:00;130.440926047896;0.0;0.0;0.0;0.0;0.0;0.0;0.0
2030-06-01 10:00:00;129.9376387726889;0.0;0.0;0.0;0.0;0.0;0.0;0.0
2030-06-01 11:00:00;123.6141427190306;0.0;0.0;0.0;0.0;0.0;0.0;0.0
2030-06-01 12:00:00;121.0601344989974;0.0;0.0;0.0;0.0;0.0;0.0;0.0
2030-06-01 13:00:00;121.0327914414137;0.0;0.0;0.0;0.0;0.0;0.0;0.0
2030-06-01 14:00:00;120.9991323280356;0.0;0.0;0.0;0.0;0.0;0.0;0.0
2030-06-01 15:00:00;121.009162233011;0.0;0.0;0.0;0.0;0.0;0.0;0.0
2030-06-01 16:00:00;121.0630214200914;0.0;0.0;0.0;0.0;0.0;0.0;0.0
2030-06-01 17:00:00;121.1518732729334;0.0;0.0;0.0;0.0;0.0;0.0;0.0
2030-06-01 18:00:00;121.2470223401704;0.0;0.0;0.0;0.0;0.0;0.0;0.0
2030-06-01 19:00:00;121.2704882564444;0.0;0.0;0.0;0.0;0.0;0.0;0.0
2030-06-01 20:00:00;121.2924238323852;0.0;0.0;0.0;0.0;0.0;0.0;0.0
2030-06-01 21:00:00;121.2725168471189;0.0;0.0;0.0;0.0;0.0;0.0;0.0
2030-06-01 22:00:00;121.2769487629679;0.0;0.0;0.0;0.0;0.0;0.0;0.0
2030-06-01 23:00:00;121.2816318974764;0.0;0.0;0.0;0.0;0.0;0.0;0.0
2030-06-02 00:00:00;121.2521074245338;0.0;0.0;0.0;0.0;0.0;0.0;0.0
2030-06-02 01:00:00;122.2606310130468;0.0;0.0;0.0;0.0;0.0;0.0;0.0
2030-06-02 02:00:00;121.0369867930252;0.0;0.0;0.0;0.0;0.0;0.0;0.0
2030-06-02 03:00:00;120.90324844622;0.0;0.0;0.0;0.0;0.0;0.0;0.0
2030-06-02 04:00:00;130.0064140676695;0.0;0.0;0.0;0.0;0.0;0.0;0.0
2030-06-02 05:00:00;129.9275565304928;0.0;0.0;0.0;0.0;0.0;0.0;0.0
2030-06-02 06:00:00;129.9579623622321;0.0;0.0;0.0;0.0;0.0;0.0;0.0
2030-06-02 07:00:00;129.9352270735589;0.0;0.0;0.0;0.0;0.0;0.0;0.0
2030-06-02 08:00:00;130.0142897726408;0.0;0.0;0.0;0.0;0.0;0.0;0.0
2030-06-02 09:00:00;120.9059260184312;0.0;0.0;0.0;0.0;0.0;0.0;0.0
2030-06-02 10:00:00;120.8692397202076;0.0;0.0;0.0;0.0;0.0;0.0;0.0
2030-06-02 11:00:00;120.8701127050489;0.0;0.0;0.0;0.0;0.0;0.0;0.0
2030-06-02 12:00:00;120.8520584573954;0.0;0.0;0.0;0.0;0.0;0.0;0.0
2030-06-02 13:00:00;120.8209994571418;0.0;0.0;0.0;0.0;0.0;0.0;0.0
2030-06-02 14:00:00;120.8179178415868;0.0;0.0;0.0;0.0;0.0;0.0;0.0
2030-06-02 15:00:00;120.8039417101705;0.0;0.0;0.0;0.0;0.0;0.0;0.0
2030-06-02 16:00:00;120.8325199261628;0.0;0.0;0.0;0.0;0.0;0.0;0.0
2030-06-02 17:00:00;120.9387937930322;0.0;0.0;0.0;0.0;0.0;0.0;0.0
2030-06-02 18:00:00;130.2558092982717;0.0;0.0;0.0;0.0;0.0;0.0;0.0
2030-06-02 19:00:00;130.2657345288056;0.0;0.0;0.0;0.0;0.0;0.0;0.0
2030-06-02 20:00:00;130.3076210532782;0.0;0.0;0.0;0.0;0.0;0.0;0.0
2030-06-02 21:00:00;130.3132839405582;0.0;0.0;0.0;0.0;0.0;0.0;0.0
2030-06-02 22:00:00;130.3305824387447;0.0;0.0;0.0;0.0;0.0;0.0;0.0
2030-06-02 23:00:00;130.2979637893142;0.0;0.0;0.0;0.0;0.0;0.0;0.0
2030-06-03 00:00:00;130.3120634365714;0.0;0.0;0.0;0.0;0.0;0.0;0.0
2030-06-03 01:00:00;130.1605241542609;0.0;0.0;0.0;0.0;0.0;0.0;0.0
2030-06-03 02:00:00;130.1270513613885;0.0;0.0;0.0;0.0;0.0;0.0;0.0
2030-06-03 03:00:00;130.1589959074163;0.0;0.0;0.0;0.0;0.0;0.0;0.0
2030-06-03 04:00:00;130.1850116930831;0.0;0.0;0.0;0.0;0.0;0.0;0.0
2030-06-03 05:00:00;130.5444972206883;0.0;0.0;0.0;0.0;0.0;0.0;0.0
2030-06-03 06:00:00;131.0126620338264;0.0;0.0;0.0;0.0;0.0;0.0;0.0
2030-06-03 07:00:00;131.258240834295;0.0;0.0;0.0;0.0;0.0;0.0;0.0
2030-06-03 08:00:00;121.7646395464057;0.0;0.0;0.0;0.0;0.0;0.0;0.0
2030-06-03 09:00:00;121.4289611737536;0.0;0.0;0.0;0.0;0.0;0.0;0.0
2030-06-03 10:00:00;121.461217649617;0.0;0.0;0.0;0.0;0.0;0.0;0.0
2030-06-03 11:00:00;121.5533960562068;0.0;0.0;0.0;0.0;0.0;0.0;0.0
2030-06-03 12:00:00;121.5871514700709;0.0;0.0;0.0;0.0;0.0;0.0;0.0
2030-06-03 13:00:00;121.5834208729793;0.0;0.0;0.0;0.0;0.0;0.0;0.0
2030-06-03 14:00:00;121.5152191939376;0.0;0.0;0.0;0.0;0.0;0.0;0.0
2030-06-03 15:00:00;121.518271500649;0.0;0.0;0.0;0.0;0.0;0.0;0.0
2030-06-03 16:00:00;121.4448256320929;0.0;0.0;0.0;0.0;0.0;0.0;0.0
2030-06-03 17:00:00;121.3646491969545;0.0;0.0;0.0;0.0;0.0;0.0;0.0
2030-06-03 18:00:00;131.177852956785;0.0;0.0;0.0;0.0;0.0;0.0;0.0
2030-06-03 19:00:00;131.1444450620662;0.0;0.0;0.0;0.0;0.0;0.0;0.0
2030-06-03 20:00:00;131.319923389126;0.0;0.0;0.0;0.0;0.0;0.0;0.0
2030-06-03 21:00:00;131.3157091961151;0.0;0.0;0.0;0.0;0.0;0.0;0.0
2030-06-03 22:00:00;121.4222955053249;0.0;0.0;0.0;0.0;0.0;0.0;0.0
2030-06-03 23:00:00;121.4233003799624;0.0;0.0;0.0;0.0;0.0;0.0;0.0
2030-06-04 00:00:00;121.4289213974659;0.0;0.0;0.0;0.0;0.0;0.0;0.0
2030-06-04 01:00:00;121.4638156692525;0.0;0.0;0.0;0.0;0.0;0.0;0.0
2030-06-04 02:00:00;121.4954922487104;0.0;0.0;0.0;0.0;0.0;0.0;0.0
2030-06-04 03:00:00;121.5134020456348;0.0;0.0;0.0;0.0;0.0;0.0;0.0
2030-06-04 04:00:00;121.4998990426936;0.0;0.0;0.0;0.0;0.0;0.0;0.0
2030-06-04 05:00:00;128.9002815625465;0.0;0.0;0.0;0.0;0.0;0.0;0.0
2030-06-04 06:00:00;131.3495985932643;0.0;0.0;0.0;0.0;0.0;0.0;0.0
2030-06-04 07:00:00;131.3954711204654;0.0;0.0;0.0;0.0;0.0;0.0;0.0
2030-06-04 08:00:00;131.3626556830851;0.0;0.0;0.0;0.0;0.0;0.0;0.0
2030-06-04 09:00:00;131.3997062483647;0.0;0.0;0.0;0.0;0.0;0.0;0.0
2030-06-04 10:00:00;131.3569530195173;0.0;0.0;0.0;0.0;0.0;0.0;0.0
2030-06-04 11:00:00;131.3214955992359;0.0;0.0;0.0;0.0;0.0;0.0;0.0
2030-06-04 12:00:00;131.366930587272;0.0;0.0;0.0;0.0;0.0;0.0;0.0
2030-06-04 13:00:00;121.5132806232828;0.0;0.0;0.0;0.0;0.0;0.0;0.0
2030-06-04 14:00:00;121.4743459180579;0.0;0.0;0.0;0.0;0.0;0.0;0.0
2030-06-04 15:00:00;121.4675441728554;0.0;0.0;0.0;0.0;0.0;0.0;0.0
2030-06-04 16:00:00;131.2510601676147;0.0;0.0;0.0;0.0;0.0;0.0;0.0
2030-06-04 17:00:00;131.2419555847012;0.0;0.0;0.0;0.0;0.0;0.0;0.0
2030-06-04 18:00:00;131.1625704883399;0.0;0.0;0.0;0.0;0.0;0.0;0.0
2030-06-04 19:00:00;131.0960226654724;0.0;0.0;0.0;0.0;0.0;0.0;0.0
2030-06-04 20:00:00;131.1137252070027;0.0;0.0;0.0;0.0;0.0;0.0;0.0
2030-06-04 21:00:00;131.2215922188703;0.0;0.0;0.0;0.0;0.0;0.0;0.0
2030-06-04 22:00:00;131.2508570991983;0.0;0.0;0.0;0.0;0.0;0.0;0.0
2030-06-04 23:00:00;131.1675781136167;0.0;0.0;0.0;0.0;0.0;0.0;0.0
2030-06-05 00:00:00;131.1621706319737;0.0;0.0;0.0;0.0;0.0;0.0;0.0
2030-06-05 01:00:00;131.0584068582091;0.0;0.0;0.0;0.0;0.0;0.0;0.0
2030-06-05 02:00:00;130.9356760756621;0.0;0.0;0.0;0.0;0.0;0.0;0.0
2030-06-05 03:00:00;130.9594099585062;0.0;0.0;0.0;0.0;0.0;0.0;0.0
2030-06-05 04:00:00;131.0777192926483;0.0;0.0;0.0;0.0;0.0;0.0;0.0
2030-06-05 05:00:00;131.2163898991325;0.0;0.0;0.0;0.0;0.0;0.0;0.0
2030-06-05 06:00:00;131.2993737027894;0.0;0.0;0.0;0.0;0.0;0.0;0.0
2030-06-05 07:00:00;121.4143569956888;0.0;0.0;0.0;0.0;0.0;0.0;0.0
2030-06-05 08:00:00;121.4146626450577;0.0;0.0;0.0;0.0;0.0;0.0;0.0
2030-06-05 09:00:00;121.4331251230327;0.0;0.0;0.0;0.0;0.0;0.0;0.0
2030-06-05 10:00:00;121.4350071694891;0.0;0.0;0.0;0.0;0.0;0.0;0.0
2030-06-05 11:00:00;121.4478884062485;0.0;0.0;0.0;0.0;0.0;0.0;0.0
2030-06-05 12:00:00;121.4312891333305;0.0;0.0;0.0;0.0;0.0;0.0;0.0
2030-06-05 13:00:00;121.4465569473538;0.0;0.0;0.0;0.0;0.0;0.0;0.0
2030-06-05 14:00:00;121.4845035258518;0.0;0.0;0.0;0.0;0.0;0.0;0.0
2030-06-05 15:00:00;121.5060518063594;0.0;0.0;0.0;0.0;0.0;0.0;0.0
2030-06-05 16:00:00;121.4546671230738;0.0;0.0;0.0;0.0;0.0;0.0;0.0
2030-06-05 17:00:00;121.5473437800048;0.0;0.0;0.0;0.0;0.0;0.0;0.0
2030-06-05 18:00:00;121.5395999648297;0.0;0.0;0.0;0.0;0.0;0.0;0.0
2030-06-05 19:00:00;121.5276545175765;0.0;0.0;0.0;0.0;0.0;0.0;0.0
2030-06-05 20:00:00;121.5321869208893;0.0;0.0;0.0;0.0;0.0;0.0;0.0
2030-06-05 21:00:00;121.4520439815722;0.0;0.0;0.0;0.0;0.0;0.0;0.0
2030-06-05 22:00:00;121.4798287652987;0.0;0.0;0.0;0.0;0.0;0.0;0.0
2030-06-05 23:00:00;130.2704406916912;0.0;0.0;0.0;0.0;0.0;0.0;0.0
2030-06-06 00:00:00;121.2722740024149;0.0;0.0;0.0;0.0;0.0;0.0;0.0
2030-06-06 01:00:00;121.1629959790771;0.0;0.0;0.0;0.0;0.0;0.0;0.0
2030-06-06 02:00:00;121.147713510632;0.0;0.0;0.0;0.0;0.0;0.0;0.0
2030-06-06 03:00:00;121.1205232777327;0.0;0.0;0.0;0.0;0.0;0.0;0.0
2030-06-06 04:00:00;121.0937643035319;0.0;0.0;0.0;0.0;0.0;0.0;0.0
2030-06-06 05:00:00;130.8490161056231;0.0;0.0;0.0;0.0;0.0;0.0;0.0
2030-06-06 06:00:00;130.0169443164748;0.0;0.0;0.0;0.0;0.0;0.0;0.0
2030-06-06 07:00:00;124.0952578540593;0.0;0.0;0.0;0.0;0.0;0.0;0.0
2030-06-06 08:00:00;121.4480537918658;0.0;0.0;0.0;0.0;0.0;0.0;0.0
2030-06-06 09:00:00;121.4529525557236;0.0;0.0;0.0;0.0;0.0;0.0;0.0
2030-06-06 10:00:00;121.5627916340672;0.0;0.0;0.0;0.0;0.0;0.0;0.0
2030-06-06 11:00:00;121.5766693715087;0.0;0.0;0.0;0.0;0.0;0.0;0.0
2030-06-06 12:00:00;121.5807118984357;0.0;0.0;0.0;0.0;0.0;0.0;0.0
2030-06-06 13:00:00;121.5895443278015;0.0;0.0;0.0;0.0;0.0;0.0;0.0
2030-06-06 14:00:00;121.6110109622447;0.0;0.0;0.0;0.0;0.0;0.0;0.0
2030-06-06 15:00:00;121.62904427501;0.0;0.0;0.0;0.0;0.0;0.0;0.0
2030-06-06 16:00:00;121.5809505561622;0.0;0.0;0.0;0.0;0.0;0.0;0.0
2030-06-06 17:00:00;121.5524728276336;0.0;0.0;0.0;0.0;0.0;0.0;0.0
2030-06-06 18:00:00;121.5757252080472;0.0;0.0;0.0;0.0;0.0;0.0;0.0
2030-06-06 19:00:00;131.5081845589701;0.0;0.0;0.0;0.0;0.0;0.0;0.0
2030-06-06 20:00:00;131.5388646377459;0.0;0.0;0.0;0.0;0.0;0.0;0.0
2030-06-06 21:00:00;121.6297958374993;0.0;0.0;0.0;0.0;0.0;0.0;0.0
2030-06-06 22:00:00;131.5443621394084;0.0;0.0;0.0;0.0;0.0;0.0;0.0
2030-06-06 23:00:00;131.4674054900876;0.0;0.0;0.0;0.0;0.0;0.0;0.0
2030-06-07 00:00:00;121.4960867995377;0.0;0.0;0.0;0.0;0.0;0.0;0.0
2030-06-07 01:00:00;121.4314545189478;0.0;0.0;0.0;0.0;0.0;0.0;0.0
2030-06-07 02:00:00;121.4347538573409;0.0;0.0;0.0;0.0;0.0;0.0;0.0
2030-06-07 03:00:00;121.4388926847541;0.0;0.0;0.0;0.0;0.0;0.0;0.0
2030-06-07 04:00:00;121.4366568386857;0.0;0.0;0.0;0.0;0.0;0.0;0.0
2030-06-07 05:00:00;121.4445325436569;0.0;0.0;0.0;0.0;0.0;0.0;0.0
2030-06-07 06:00:00;121.4646760931609;0.0;0.0;0.0;0.0;0.0;0.0;0.0
2030-06-07 07:00:00;121.4651513151249;0.0;0.0;0.0;0.0;0.0;0.0;0.0
2030-06-07 08:00:00;121.4978704520191;0.0;0.0;0.0;0.0;0.0;0.0;0.0
2030-06-07 09:00:00;121.5633924653609;0.0;0.0;0.0;0.0;0.0;0.0;0.0
2030-06-07 10:00:00;121.5248366816139;0.0;0.0;0.0;0.0;0.0;0.0;0.0
2030-06-07 11:00:00;121.4889040393684;0.0;0.0;0.0;0.0;0.0;0.0;0.0
2030-06-07 12:00:00;121.4075657179305;0.0;0.0;0.0;0.0;0.0;0.0;0.0
2030-06-07 13:00:00;121.3421023222759;0.0;0.0;0.0;0.0;0.0;0.0;0.0
2030-06-07 14:00:00;121.3229280580994;0.0;0.0;0.0;0.0;0.0;0.0;0.0
2030-06-07 15:00:00;121.3800112179751;0.0;0.0;0.0;0.0;0.0;0.0;0.0
2030-06-07 16:00:00;121.4044066432889;0.0;0.0;0.0;0.0;0.0;0.0;0.0
2030-06-07 17:00:00;121.4308327527659;0.0;0.0;0.0;0.0;0.0;0.0;0.0
2030-06-07 18:00:00;121.3939412926372;0.0;0.0;0.0;0.0;0.0;0.0;0.0
2030-06-07 19:00:00;121.3501936565966;0.0;0.0;0.0;0.0;0.0;0.0;0.0
2030-06-07 20:00:00;121.3514623108263;0.0;0.0;0.0;0.0;0.0;0.0;0.0
2030-06-07 21:00:00;121.3300898833803;0.0;0.0;0.0;0.0;0.0;0.0;0.0
2030-06-07 22:00:00;121.2634017967614;0.0;0.0;0.0;0.0;0.0;0.0;0.0
2030-06-07 23:00:00;121.1325001273183;0.0;0.0;0.0;0.0;0.0;0.0;0.0
2030-06-08 00:00:00;121.07072336549;0.0;0.0;0.0;0.0;0.0;0.0;0.0
2030-06-08 01:00:00;120.9890479923506;0.0;0.0;0.0;0.0;0.0;0.0;0.0
2030-06-08 02:00:00;130.0985589784381;0.0;0.0;0.0;0.0;0.0;0.0;0.0
2030-06-08 03:00:00;130.0248472368009;0.0;0.0;0.0;0.0;0.0;0.0;0.0
2030-06-08 04:00:00;129.4897200900073;0.0;0.0;0.0;0.0;0.0;0.0;0.0
2030-06-08 05:00:00;130.0290446819012;0.0;0.0;0.0;0.0;0.0;0.0;0.0
2030-06-08 06:00:00;130.1087123992544;0.0;0.0;0.0;0.0;0.0;0.0;0.0
2030-06-08 07:00:00;130.1697313181269;0.0;0.0;0.0;0.0;0.0;0.0;0.0
2030-06-08 08:00:00;125.0640637725257;0.0;0.0;0.0;0.0;0.0;0.0;0.0
2030-06-08 09:00:00;121.0302227306216;0.0;0.0;0.0;0.0;0.0;0.0;0.0
2030-06-08 10:00:00;121.0656005983276;0.0;0.0;0.0;0.0;0.0;0.0;0.0
2030-06-08 11:00:00;121.0433677469733;0.0;0.0;0.0;0.0;0.0;0.0;0.0
2030-06-08 12:00:00;120.9870696454081;0.0;0.0;0.0;0.0;0.0;0.0;0.0
2030-06-08 13:00:00;120.9419528676738;0.0;0.0;0.0;0.0;0.0;0.0;0.0
2030-06-08 14:00:00;120.9140131657741;0.0;0.0;0.0;0.0;0.0;0.0;0.0
2030-06-08 15:00:00;120.899838152919;0.0;0.0;0.0;0.0;0.0;0.0;0.0
2030-06-08 16:00:00;120.9072825991917;0.0;0.0;0.0;0.0;0.0;0.0;0.0
2030-06-08 17:00:00;120.9637188710196;0.0;0.0;0.0;0.0;0.0;0.0;0.0
2030-06-08 18:00:00;121.0229729788099;0.0;0.0;0.0;0.0;0.0;0.0;0.0
2030-06-08 19:00:00;121.0948089544572;0.0;0.0;0.0;0.0;0.0;0.0;0.0
2030-06-08 20:00:00;121.1363793621167;0.0;0.0;0.0;0.0;0.0;0.0;0.0
2030-06-08 21:00:00;121.1272350029156;0.0;0.0;0.0;0.0;0.0;0.0;0.0
2030-06-08 22:00:00;121.1208519554787;0.0;0.0;0.0;0.0;0.0;0.0;0.0
2030-06-08 23:00:00;121.1127920234906;0.0;0.0;0.0;0.0;0.0;0.0;0.0
2030-06-09 00:00:00;121.0559496148301;0.0;0.0;0.0;0.0;0.0;0.0;0.0
2030-06-09 01:00:00;121.0156290200009;0.0;0.0;0.0;0.0;0.0;0.0;0.0
2030-06-09 02:00:00;120.9543484150249;0.0;0.0;0.0;0.0;0.0;0.0;0.0
2030-06-09 03:00:00;120.944898406455;0.0;0.0;0.0;0.0;0.0;0.0;0.0
2030-06-09 04:00:00;120.9226509006788;0.0;0.0;0.0;0.0;0.0;0.0;0.0
2030-06-09 05:00:00;120.9111199642136;0.0;0.0;0.0;0.0;0.0;0.0;0.0
2030-06-09 06:00:00;120.8613786696581;0.0;0.0;0.0;0.0;0.0;0.0;0.0
2030-06-09 07:00:00;120.8891320510522;0.0;0.0;0.0;0.0;0.0;0.0;0.0
2030-06-09 08:00:00;120.8914286082966;0.0;0.0;0.0;0.0;0.0;0.0;0.0
2030-06-09 09:00:00;120.8972652551493;0.0;0.0;0.0;0.0;0.0;0.0;0.0
2030-06-09 10:00:00;120.8692941509172;0.0;0.0;0.0;0.0;0.0;0.0;0.0
2030-06-09 11:00:00;120.8670583048487;0.0;0.0;0.0;0.0;0.0;0.0;0.0
2030-06-09 12:00:00;120.8753254922309;0.0;0.0;0.0;0.0;0.0;0.0;0.0
2030-06-09 13:00:00;120.846498151068;0.0;0.0;0.0;0.0;0.0;0.0;0.0
2030-06-09 14:00:00;120.8577171576977;0.0;0.0;0.0;0.0;0.0;0.0;0.0
2030-06-09 15:00:00;120.9355488853487;0.0;0.0;0.0;0.0;0.0;0.0;0.0
2030-06-09 16:00:00;121.0658183211657;0.0;0.0;0.0;0.0;0.0;0.0;0.0
2030-06-09 17:00:00;121.1856182193535;0.0;0.0;0.0;0.0;0.0;0.0;0.0
2030-06-09 18:00:00;121.229929003889;0.0;0.0;0.0;0.0;0.0;0.0;0.0
2030-06-09 19:00:00;121.233180192039;0.0;0.0;0.0;0.0;0.0;0.0;0.0
2030-06-09 20:00:00;121.2354118511297;0.0;0.0;0.0;0.0;0.0;0.0;0.0
2030-06-09 21:00:00;121.2228320767617;0.0;0.0;0.0;0.0;0.0;0.0;0.0
2030-06-09 22:00:00;121.2149919611005;0.0;0.0;0.0;0.0;0.0;0.0;0.0
2030-06-09 23:00:00;121.192468114799;0.0;0.0;0.0;0.0;0.0;0.0;0.0
2030-06-10 00:00:00;121.1009135678799;0.0;0.0;0.0;0.0;0.0;0.0;0.0
2030-06-10 01:00:00;121.0272981267288;0.0;0.0;0.0;0.0;0.0;0.0;0.0
2030-06-10 02:00:00;121.0278152184693;0.0;0.0;0.0;0.0;0.0;0.0;0.0
2030-06-10 03:00:00;121.0248403708446;0.0;0.0;0.0;0.0;0.0;0.0;0.0
2030-06-10 04:00:00;121.0202807521771;0.0;0.0;0.0;0.0;0.0;0.0;0.0
2030-06-10 05:00:00;121.0045314357233;0.0;0.0;0.0;0.0;0.0;0.0;0.0
2030-06-10 06:00:00;121.0456747716618;0.0;0.0;0.0;0.0;0.0;0.0;0.0
2030-06-10 07:00:00;121.0593410667316;0.0;0.0;0.0;0.0;0.0;0.0;0.0
2030-06-10 08:00:00;121.0568581889815;0.0;0.0;0.0;0.0;0.0;0.0;0.0
2030-06-10 09:00:00;121.0431374632022;0.0;0.0;0.0;0.0;0.0;0.0;0.0
2030-06-10 10:00:00;121.0342338552162;0.0;0.0;0.0;0.0;0.0;0.0;0.0
2030-06-10 11:00:00;121.0399323318063;0.0;0.0;0.0;0.0;0.0;0.0;0.0
2030-06-10 12:00:00;121.0646229390449;0.0;0.0;0.0;0.0;0.0;0.0;0.0
2030-06-10 13:00:00;121.0438136600936;0.0;0.0;0.0;0.0;0.0;0.0;0.0
2030-06-10 14:00:00;121.0317258556002;0.0;0.0;0.0;0.0;0.0;0.0;0.0
2030-06-10 15:00:00;121.0541785232815;0.0;0.0;0.0;0.0;0.0;0.0;0.0
2030-06-10 16:00:00;121.0901090720382;0.0;0.0;0.0;0.0;0.0;0.0;0.0
2030-06-10 17:00:00;121.159342841072;0.0;0.0;0.0;0.0;0.0;0.0;0.0
2030-06-10 18:00:00;121.1931170963357;0.0;0.0;0.0;0.0;0.0;0.0;0.0
2030-06-10 19:00:00;121.1812239863033;0.0;0.0;0.0;0.0;0.0;0.0;0.0
2030-06-10 20:00:00;121.1849776117721;0.0;0.0;0.0;0.0;0.0;0.0;0.0
2030-06-10 21:00:00;121.1829971713407;0.0;0.0;0.0;0.0;0.0;0.0;0.0
2030-06-10 22:00:00;121.1814354286749;0.0;0.0;0.0;0.0;0.0;0.0;0.0
2030-06-10 23:00:00;121.1829218057429;0.0;0.0;0.0;0.0;0.0;0.0;0.0
2030-06-11 00:00:00;121.2046731546668;0.0;0.0;0.0;0.0;0.0;0.0;0.0
2030-06-11 01:00:00;121.2001470318204;0.0;0.0;0.0;0.0;0.0;0.0;0.0
2030-06-11 02:00:00;121.2172571160124;0.0;0.0;0.0;0.0;0.0;0.0;0.0
2030-06-11 03:00:00;121.2387593397659;0.0;0.0;0.0;0.0;0.0;0.0;0.0
2030-06-11 04:00:00;121.285364588057;0.0;0.0;0.0;0.0;0.0;0.0;0.0
2030-06-11 05:00:00;121.3712248453636;0.0;0.0;0.0;0.0;0.0;0.0;0.0
2030-06-11 06:00:00;121.4130799675037;0.0;0.0;0.0;0.0;0.0;0.0;0.0
2030-06-11 07:00:00;121.4743228896808;0.0;0.0;0.0;0.0;0.0;0.0;0.0
2030-06-11 08:00:00;121.5931388481193;0.0;0.0;0.0;0.0;0.0;0.0;0.0
2030-06-11 09:00:00;121.645009220813;0.0;0.0;0.0;0.0;0.0;0.0;0.0
2030-06-11 10:00:00;121.5510534422081;0.0;0.0;0.0;0.0;0.0;0.0;0.0
2030-06-11 11:00:00;121.4877882098231;0.0;0.0;0.0;0.0;0.0;0.0;0.0
2030-06-11 12:00:00;121.4682894548782;0.0;0.0;0.0;0.0;0.0;0.0;0.0
2030-06-11 13:00:00;121.4759704653885;0.0;0.0;0.0;0.0;0.0;0.0;0.0
2030-06-11 14:00:00;121.4835488949462;0.0;0.0;0.0;0.0;0.0;0.0;0.0
2030-06-11 15:00:00;121.4550962882835;0.0;0.0;0.0;0.0;0.0;0.0;0.0
2030-06-11 16:00:00;131.3029807840402;0.0;0.0;0.0;0.0;0.0;0.0;0.0
2030-06-11 17:00:00;131.3289588869081;0.0;0.0;0.0;0.0;0.0;0.0;0.0
2030-06-11 18:00:00;131.3786164419104;0.0;0.0;0.0;0.0;0.0;0.0;0.0
2030-06-11 19:00:00;131.408312580937;0.0;0.0;0.0;0.0;0.0;0.0;0.0
2030-06-11 20:00:00;131.4310206542553;0.0;0.0;0.0;0.0;0.0;0.0;0.0
2030-06-11 21:00:00;131.3447626340713;0.0;0.0;0.0;0.0;0.0;0.0;0.0
2030-06-11 22:00:00;131.3736234710555;0.0;0.0;0.0;0.0;0.0;0.0;0.0
2030-06-11 23:00:00;131.3037093181524;0.0;0.0;0.0;0.0;0.0;0.0;0.0
2030-06-12 00:00:00;131.2518096366151;0.0;0.0;0.0;0.0;0.0;0.0;0.0
2030-06-12 01:00:00;131.2705589225595;0.0;0.0;0.0;0.0;0.0;0.0;0.0
2030-06-12 02:00:00;131.2709818073027;0.0;0.0;0.0;0.0;0.0;0.0;0.0
2030-06-12 03:00:00;131.224483326942;0.0;0.0;0.0;0.0;0.0;0.0;0.0
2030-06-12 04:00:00;131.290367513851;0.0;0.0;0.0;0.0;0.0;0.0;0.0
2030-06-12 05:00:00;131.3142835302231;0.0;0.0;0.0;0.0;0.0;0.0;0.0
2030-06-12 06:00:00;131.3317976577589;0.0;0.0;0.0;0.0;0.0;0.0;0.0
2030-06-12 07:00:00;131.3867977962506;0.0;0.0;0.0;0.0;0.0;0.0;0.0
2030-06-12 08:00:00;131.3988269830568;0.0;0.0;0.0;0.0;0.0;0.0;0.0
2030-06-12 09:00:00;131.4418544589407;0.0;0.0;0.0;0.0;0.0;0.0;0.0
2030-06-12 10:00:00;127.1715161711044;0.0;0.0;0.0;0.0;0.0;0.0;0.0
2030-06-12 11:00:00;121.6962327054589;0.0;0.0;0.0;0.0;0.0;0.0;0.0
2030-06-12 12:00:00;121.9371974565503;0.0;0.0;0.0;0.0;0.0;0.0;0.0
2030-06-12 13:00:00;121.8906424519911;0.0;0.0;0.0;0.0;0.0;0.0;0.0
2030-06-12 14:00:00;121.6686300552604;0.0;0.0;0.0;0.0;0.0;0.0;0.0
2030-06-12 15:00:00;121.6625421897483;0.0;0.0;0.0;0.0;0.0;0.0;0.0
2030-06-12 16:00:00;121.6428675817419;0.0;0.0;0.0;0.0;0.0;0.0;0.0
2030-06-12 17:00:00;131.3862367412447;0.0;0.0;0.0;0.0;0.0;0.0;0.0
2030-06-12 18:00:00;131.3752312704754;0.0;0.0;0.0;0.0;0.0;0.0;0.0
2030-06-12 19:00:00;131.3526299650873;0.0;0.0;0.0;0.0;0.0;0.0;0.0
2030-06-12 20:00:00;131.3877754555334;0.0;0.0;0.0;0.0;0.0;0.0;0.0
2030-06-12 21:00:00;131.3457779761529;0.0;0.0;0.0;0.0;0.0;0.0;0.0
2030-06-12 22:00:00;131.3488763396186;0.0;0.0;0.0;0.0;0.0;0.0;0.0
2030-06-12 23:00:00;131.1668663274151;0.0;0.0;0.0;0.0;0.0;0.0;0.0
2030-06-13 00:00:00;131.120688150845;0.0;0.0;0.0;0.0;0.0;0.0;0.0
2030-06-13 01:00:00;130.8809418102515;0.0;0.0;0.0;0.0;0.0;0.0;0.0
2030-06-13 02:00:00;130.810045811088;0.0;0.0;0.0;0.0;0.0;0.0;0.0
2030-06-13 03:00:00;130.7883321449631;0.0;0.0;0.0;0.0;0.0;0.0;0.0
2030-06-13 04:00:00;130.8748057944963;0.0;0.0;0.0;0.0;0.0;0.0;0.0
2030-06-13 05:00:00;130.9723351585308;0.0;0.0;0.0;0.0;0.0;0.0;0.0
2030-06-13 06:00:00;131.0429317887919;0.0;0.0;0.0;0.0;0.0;0.0;0.0
2030-06-13 07:00:00;131.1309127502814;0.0;0.0;0.0;0.0;0.0;0.0;0.0
2030-06-13 08:00:00;131.099424584818;0.0;0.0;0.0;0.0;0.0;0.0;0.0
2030-06-13 09:00:00;121.3234116540187;0.0;0.0;0.0;0.0;0.0;0.0;0.0
2030-06-13 10:00:00;121.3013232533935;0.0;0.0;0.0;0.0;0.0;0.0;0.0
2030-06-13 11:00:00;121.2694875687847;0.0;0.0;0.0;0.0;0.0;0.0;0.0
2030-06-13 12:00:00;121.1959914564967;0.0;0.0;0.0;0.0;0.0;0.0;0.0
2030-06-13 13:00:00;121.1970130790449;0.0;0.0;0.0;0.0;0.0;0.0;0.0
2030-06-13 14:00:00;121.2198718835588;0.0;0.0;0.0;0.0;0.0;0.0;0.0
2030-06-13 15:00:00;121.2514123862428;0.0;0.0;0.0;0.0;0.0;0.0;0.0
2030-06-13 16:00:00;121.2903847742666;0.0;0.0;0.0;0.0;0.0;0.0;0.0
2030-06-13 17:00:00;121.3112631383493;0.0;0.0;0.0;0.0;0.0;0.0;0.0
2030-06-13 18:00:00;121.3762240966851;0.0;0.0;0.0;0.0;0.0;0.0;0.0
2030-06-13 19:00:00;121.3942406615397;0.0;0.0;0.0;0.0;0.0;0.0;0.0
2030-06-13 20:00:00;121.3907487221743;0.0;0.0;0.0;0.0;0.0;0.0;0.0
2030-06-13 21:00:00;121.3630581454451;0.0;0.0;0.0;0.0;0.0;0.0;0.0
2030-06-13 22:00:00;131.0766411459018;0.0;0.0;0.0;0.0;0.0;0.0;0.0
2030-06-13 23:00:00;130.9726282469668;0.0;0.0;0.0;0.0;0.0;0.0;0.0
2030-06-14 00:00:00;131.041359578682;0.0;0.0;0.0;0.0;0.0;0.0;0.0
2030-06-14 01:00:00;131.0090654200198;0.0;0.0;0.0;0.0;0.0;0.0;0.0
2030-06-14 02:00:00;130.9882582345574;0.0;0.0;0.0;0.0;0.0;0.0;0.0
2030-06-14 03:00:00;130.9385127530242;0.0;0.0;0.0;0.0;0.0;0.0;0.0
2030-06-14 04:00:00;130.9716861769941;0.0;0.0;0.0;0.0;0.0;0.0;0.0
2030-06-14 05:00:00;131.0369465042323;0.0;0.0;0.0;0.0;0.0;0.0;0.0
2030-06-14 06:00:00;131.1489314086248;0.0;0.0;0.0;0.0;0.0;0.0;0.0
2030-06-14 07:00:00;131.2292481075147;0.0;0.0;0.0;0.0;0.0;0.0;0.0
2030-06-14 08:00:00;131.2522597367131;0.0;0.0;0.0;0.0;0.0;0.0;0.0
2030-06-14 09:00:00;121.4475953178124;0.0;0.0;0.0;0.0;0.0;0.0;0.0
2030-06-14 10:00:00;121.4384844544327;0.0;0.0;0.0;0.0;0.0;0.0;0.0
2030-06-14 11:00:00;121.3845603691986;0.0;0.0;0.0;0.0;0.0;0.0;0.0
2030-06-14 12:00:00;121.3533338898387;0.0;0.0;0.0;0.0;0.0;0.0;0.0
2030-06-14 13:00:00;121.9765068962755;0.0;0.0;0.0;0.0;0.0;0.0;0.0
2030-06-14 14:00:00;121.3196161587733;0.0;0.0;0.0;0.0;0.0;0.0;0.0
2030-06-14 15:00:00;121.3339586507347;0.0;0.0;0.0;0.0;0.0;0.0;0.0
2030-06-14 16:00:00;131.0506462951234;0.0;0.0;0.0;0.0;0.0;0.0;0.0
2030-06-14 17:00:00;131.0864240191955;0.0;0.0;0.0;0.0;0.0;0.0;0.0
2030-06-14 18:00:00;131.1327633944055;0.0;0.0;0.0;0.0;0.0;0.0;0.0
2030-06-14 19:00:00;131.171995375044;0.0;0.0;0.0;0.0;0.0;0.0;0.0
2030-06-14 20:00:00;131.1870098769191;0.0;0.0;0.0;0.0;0.0;0.0;0.0
2030-06-14 21:00:00;131.1412650525363;0.0;0.0;0.0;0.0;0.0;0.0;0.0
2030-06-14 22:00:00;131.0448326766478;0.0;0.0;0.0;0.0;0.0;0.0;0.0
2030-06-14 23:00:00;130.7747223740916;0.0;0.0;0.0;0.0;0.0;0.0;0.0
2030-06-15 00:00:00;130.5610692782515;0.0;0.0;0.0;0.0;0.0;0.0;0.0
2030-06-15 01:00:00;130.3832839265033;0.0;0.0;0.0;0.0;0.0;0.0;0.0
2030-06-15 02:00:00;130.3570797268419;0.0;0.0;0.0;0.0;0.0;0.0;0.0
2030-06-15 03:00:00;130.3680977585442;0.0;0.0;0.0;0.0;0.0;0.0;0.0
2030-06-15 04:00:00;130.3812825511835;0.0;0.0;0.0;0.0;0.0;0.0;0.0
2030-06-15 05:00:00;130.3587607983709;0.0;0.0;0.0;0.0;0.0;0.0;0.0
2030-06-15 06:00:00;130.4932004639335;0.0;0.0;0.0;0.0;0.0;0.0;0.0
2030-06-15 07:00:00;130.57382699917;0.0;0.0;0.0;0.0;0.0;0.0;0.0
2030-06-15 08:00:00;130.6324781821779;0.0;0.0;0.0;0.0;0.0;0.0;0.0
2030-06-15 09:00:00;121.1510128490251;0.0;0.0;0.0;0.0;0.0;0.0;0.0
2030-06-15 10:00:00;121.1209566299201;0.0;0.0;0.0;0.0;0.0;0.0;0.0
2030-06-15 11:00:00;121.0889806815598;0.0;0.0;0.0;0.0;0.0;0.0;0.0
2030-06-15 12:00:00;121.0930378629086;0.0;0.0;0.0;0.0;0.0;0.0;0.0
2030-06-15 13:00:00;121.0871070090586;0.0;0.0;0.0;0.0;0.0;0.0;0.0
2030-06-15 14:00:00;121.0090701195025;0.0;0.0;0.0;0.0;0.0;0.0;0.0
2030-06-15 15:00:00;121.0071755121131;0.0;0.0;0.0;0.0;0.0;0.0;0.0
2030-06-15 16:00:00;120.9728485757989;0.0;0.0;0.0;0.0;0.0;0.0;0.0
2030-06-15 17:00:00;121.0617318309733;0.0;0.0;0.0;0.0;0.0;0.0;0.0
2030-06-15 18:00:00;121.1076169191074;0.0;0.0;0.0;0.0;0.0;0.0;0.0
2030-06-15 19:00:00;130.6291872177401;0.0;0.0;0.0;0.0;0.0;0.0;0.0
2030-06-15 20:00:00;130.6194022509575;0.0;0.0;0.0;0.0;0.0;0.0;0.0
2030-06-15 21:00:00;130.6546628832891;0.0;0.0;0.0;0.0;0.0;0.0;0.0
2030-06-15 22:00:00;130.5973222242876;0.0;0.0;0.0;0.0;0.0;0.0;0.0
2030-06-15 23:00:00;130.5042582719236;0.0;0.0;0.0;0.0;0.0;0.0;0.0
2030-06-16 00:00:00;129.93465345762;0.0;0.0;0.0;0.0;0.0;0.0;0.0
2030-06-16 01:00:00;125.3782252670027;0.0;0.0;0.0;0.0;0.0;0.0;0.0
2030-06-16 02:00:00;120.9178295959077;0.0;0.0;0.0;0.0;0.0;0.0;0.0
2030-06-16 03:00:00;120.9024550139542;0.0;0.0;0.0;0.0;0.0;0.0;0.0
2030-06-16 04:00:00;120.9097445420536;0.0;0.0;0.0;0.0;0.0;0.0;0.0
2030-06-16 05:00:00;120.9172413255469;0.0;0.0;0.0;0.0;0.0;0.0;0.0
2030-06-16 06:00:00;120.9195022934813;0.0;0.0;0.0;0.0;0.0;0.0;0.0
2030-06-16 07:00:00;120.9431252214175;0.0;0.0;0.0;0.0;0.0;0.0;0.0
2030-06-16 08:00:00;120.9586651889885;0.0;0.0;0.0;0.0;0.0;0.0;0.0
2030-06-16 09:00:00;120.9744124119534;0.0;0.0;0.0;0.0;0.0;0.0;0.0
2030-06-16 10:00:00;121.0171782017338;0.0;0.0;0.0;0.0;0.0;0.0;0.0
2030-06-16 11:00:00;121.0033716429125;0.0;0.0;0.0;0.0;0.0;0.0;0.0
2030-06-16 12:00:00;120.9745945454815;0.0;0.0;0.0;0.0;0.0;0.0;0.0
2030-06-16 13:00:00;120.9759113499544;0.0;0.0;0.0;0.0;0.0;0.0;0.0
2030-06-16 14:00:00;120.9597663641121;0.0;0.0;0.0;0.0;0.0;0.0;0.0
2030-06-16 15:00:00;120.9434873949848;0.0;0.0;0.0;0.0;0.0;0.0;0.0
2030-06-16 16:00:00;120.9573735063816;0.0;0.0;0.0;0.0;0.0;0.0;0.0
2030-06-16 17:00:00;120.9875909241264;0.0;0.0;0.0;0.0;0.0;0.0;0.0
2030-06-16 18:00:00;121.0285290981597;0.0;0.0;0.0;0.0;0.0;0.0;0.0
2030-06-16 19:00:00;121.0323162194497;0.0;0.0;0.0;0.0;0.0;0.0;0.0
2030-06-16 20:00:00;121.0375352870982;0.0;0.0;0.0;0.0;0.0;0.0;0.0
2030-06-16 21:00:00;121.050493982944;0.0;0.0;0.0;0.0;0.0;0.0;0.0
2030-06-16 22:00:00;121.055365531447;0.0;0.0;0.0;0.0;0.0;0.0;0.0
2030-06-16 23:00:00;121.0369512037151;0.0;0.0;0.0;0.0;0.0;0.0;0.0
2030-06-17 00:00:00;120.9717097178764;0.0;0.0;0.0;0.0;0.0;0.0;0.0
2030-06-17 01:00:00;121.0118858619763;0.0;0.0;0.0;0.0;0.0;0.0;0.0
2030-06-17 02:00:00;121.0849967723199;0.0;0.0;0.0;0.0;0.0;0.0;0.0
2030-06-17 03:00:00;121.0722976690886;0.0;0.0;0.0;0.0;0.0;0.0;0.0
2030-06-17 04:00:00;121.0555916282404;0.0;0.0;0.0;0.0;0.0;0.0;0.0
2030-06-17 05:00:00;121.1005660487344;0.0;0.0;0.0;0.0;0.0;0.0;0.0
2030-06-17 06:00:00;121.171399243233;0.0;0.0;0.0;0.0;0.0;0.0;0.0
2030-06-17 07:00:00;121.2095384227033;0.0;0.0;0.0;0.0;0.0;0.0;0.0
2030-06-17 08:00:00;121.1812491081692;0.0;0.0;0.0;0.0;0.0;0.0;0.0
2030-06-17 09:00:00;121.1496897640857;0.0;0.0;0.0;0.0;0.0;0.0;0.0
2030-06-17 10:00:00;121.1263285222529;0.0;0.0;0.0;0.0;0.0;0.0;0.0
2030-06-17 11:00:00;121.1215930505239;0.0;0.0;0.0;0.0;0.0;0.0;0.0
2030-06-17 12:00:00;121.1184863131029;0.0;0.0;0.0;0.0;0.0;0.0;0.0
2030-06-17 13:00:00;121.1197570608216;0.0;0.0;0.0;0.0;0.0;0.0;0.0
2030-06-17 14:00:00;121.1411818254883;0.0;0.0;0.0;0.0;0.0;0.0;0.0
2030-06-17 15:00:00;121.144290656398;0.0;0.0;0.0;0.0;0.0;0.0;0.0
2030-06-17 16:00:00;121.1585200999626;0.0;0.0;0.0;0.0;0.0;0.0;0.0
2030-06-17 17:00:00;121.1721633666553;0.0;0.0;0.0;0.0;0.0;0.0;0.0
2030-06-17 18:00:00;121.1985350454229;0.0;0.0;0.0;0.0;0.0;0.0;0.0
2030-06-17 19:00:00;121.2040304535965;0.0;0.0;0.0;0.0;0.0;0.0;0.0
2030-06-17 20:00:00;121.2212996429395;0.0;0.0;0.0;0.0;0.0;0.0;0.0
2030-06-17 21:00:00;121.2105474843185;0.0;0.0;0.0;0.0;0.0;0.0;0.0
2030-06-17 22:00:00;121.168125026706;0.0;0.0;0.0;0.0;0.0;0.0;0.0
2030-06-17 23:00:00;121.1505711228823;0.0;0.0;0.0;0.0;0.0;0.0;0.0
2030-06-18 00:00:00;121.1399822563898;0.0;0.0;0.0;0.0;0.0;0.0;0.0
2030-06-18 01:00:00;121.1366096458878;0.0;0.0;0.0;0.0;0.0;0.0;0.0
2030-06-18 02:00:00;121.149576715689;0.0;0.0;0.0;0.0;0.0;0.0;0.0
2030-06-18 03:00:00;121.1746797402267;0.0;0.0;0.0;0.0;0.0;0.0;0.0
2030-06-18 04:00:00;121.1668542789872;0.0;0.0;0.0;0.0;0.0;0.0;0.0
2030-06-18 05:00:00;121.1728667789016;0.0;0.0;0.0;0.0;0.0;0.0;0.0
2030-06-18 06:00:00;121.2063626001511;0.0;0.0;0.0;0.0;0.0;0.0;0.0
2030-06-18 07:00:00;121.2224699031945;0.0;0.0;0.0;0.0;0.0;0.0;0.0
2030-06-18 08:00:00;121.2395841743641;0.0;0.0;0.0;0.0;0.0;0.0;0.0
2030-06-18 09:00:00;121.2211656596545;0.0;0.0;0.0;0.0;0.0;0.0;0.0
2030-06-18 10:00:00;121.1988197599035;0.0;0.0;0.0;0.0;0.0;0.0;0.0
2030-06-18 11:00:00;121.2280511444102;0.0;0.0;0.0;0.0;0.0;0.0;0.0
2030-06-18 12:00:00;121.2184629655774;0.0;0.0;0.0;0.0;0.0;0.0;0.0
2030-06-18 13:00:00;121.2197965179609;0.0;0.0;0.0;0.0;0.0;0.0;0.0
2030-06-18 14:00:00;121.2383259875784;0.0;0.0;0.0;0.0;0.0;0.0;0.0
2030-06-18 15:00:00;121.2360482717334;0.0;0.0;0.0;0.0;0.0;0.0;0.0
2030-06-18 16:00:00;121.224435689204;0.0;0.0;0.0;0.0;0.0;0.0;0.0
2030-06-18 17:00:00;121.2341997210982;0.0;0.0;0.0;0.0;0.0;0.0;0.0
2030-06-18 18:00:00;130.9001977204923;0.0;0.0;0.0;0.0;0.0;0.0;0.0
2030-06-18 19:00:00;131.0833549645736;0.0;0.0;0.0;0.0;0.0;0.0;0.0
2030-06-18 20:00:00;131.0992654796671;0.0;0.0;0.0;0.0;0.0;0.0;0.0
2030-06-18 21:00:00;131.0742001379282;0.0;0.0;0.0;0.0;0.0;0.0;0.0
2030-06-18 22:00:00;131.0085252999021;0.0;0.0;0.0;0.0;0.0;0.0;0.0
2030-06-18 23:00:00;130.8496106564503;0.0;0.0;0.0;0.0;0.0;0.0;0.0
2030-06-19 00:00:00;130.8296241186085;0.0;0.0;0.0;0.0;0.0;0.0;0.0
2030-06-19 01:00:00;130.8319248628305;0.0;0.0;0.0;0.0;0.0;0.0;0.0
2030-06-19 02:00:00;130.8438472817065;0.0;0.0;0.0;0.0;0.0;0.0;0.0
2030-06-19 03:00:00;130.8489365530476;0.0;0.0;0.0;0.0;0.0;0.0;0.0
2030-06-19 04:00:00;130.7766714121906;0.0;0.0;0.0;0.0;0.0;0.0;0.0
2030-06-19 05:00:00;130.6814218574899;0.0;0.0;0.0;0.0;0.0;0.0;0.0
2030-06-19 06:00:00;130.7551398795936;0.0;0.0;0.0;0.0;0.0;0.0;0.0
2030-06-19 07:00:00;130.816891519556;0.0;0.0;0.0;0.0;0.0;0.0;0.0
2030-06-19 08:00:00;130.9003861344868;0.0;0.0;0.0;0.0;0.0;0.0;0.0
2030-06-19 09:00:00;130.8971726291357;0.0;0.0;0.0;0.0;0.0;0.0;0.0
2030-06-19 10:00:00;130.8633083538525;0.0;0.0;0.0;0.0;0.0;0.0;0.0
2030-06-19 11:00:00;130.8941580052232;0.0;0.0;0.0;0.0;0.0;0.0;0.0
2030-06-19 12:00:00;121.279067373662;0.0;0.0;0.0;0.0;0.0;0.0;0.0
2030-06-19 13:00:00;121.2917874117815;0.0;0.0;0.0;0.0;0.0;0.0;0.0
2030-06-19 14:00:00;121.3108570015166;0.0;0.0;0.0;0.0;0.0;0.0;0.0
2030-06-19 15:00:00;121.3347144002016;0.0;0.0;0.0;0.0;0.0;0.0;0.0
2030-06-19 16:00:00;121.2940420992493;0.0;0.0;0.0;0.0;0.0;0.0;0.0
2030-06-19 17:00:00;131.0226584429806;0.0;0.0;0.0;0.0;0.0;0.0;0.0
2030-06-19 18:00:00;131.0663872376218;0.0;0.0;0.0;0.0;0.0;0.0;0.0
2030-06-19 19:00:00;131.0830283803164;0.0;0.0;0.0;0.0;0.0;0.0;0.0
2030-06-19 20:00:00;131.1150357310091;0.0;0.0;0.0;0.0;0.0;0.0;0.0
2030-06-19 21:00:00;131.0444600356364;0.0;0.0;0.0;0.0;0.0;0.0;0.0
2030-06-19 22:00:00;131.015211903219;0.0;0.0;0.0;0.0;0.0;0.0;0.0
2030-06-19 23:00:00;131.0028707865775;0.0;0.0;0.0;0.0;0.0;0.0;0.0
2030-06-20 00:00:00;130.9470290655768;0.0;0.0;0.0;0.0;0.0;0.0;0.0
2030-06-20 01:00:00;130.9422245087163;0.0;0.0;0.0;0.0;0.0;0.0;0.0
2030-06-20 02:00:00;130.9366830437884;0.0;0.0;0.0;0.0;0.0;0.0;0.0
2030-06-20 03:00:00;130.8951817212602;0.0;0.0;0.0;0.0;0.0;0.0;0.0
2030-06-20 04:00:00;130.8662622665889;0.0;0.0;0.0;0.0;0.0;0.0;0.0
2030-06-20 05:00:00;130.8865879496209;0.0;0.0;0.0;0.0;0.0;0.0;0.0
2030-06-20 06:00:00;130.9659039608509;0.0;0.0;0.0;0.0;0.0;0.0;0.0
2030-06-20 07:00:00;131.079075873409;0.0;0.0;0.0;0.0;0.0;0.0;0.0
2030-06-20 08:00:00;131.1586263553878;0.0;0.0;0.0;0.0;0.0;0.0;0.0
2030-06-20 09:00:00;131.2015010065871;0.0;0.0;0.0;0.0;0.0;0.0;0.0
2030-06-20 10:00:00;131.1116170637528;0.0;0.0;0.0;0.0;0.0;0.0;0.0
2030-06-20 11:00:00;131.1074698623844;0.0;0.0;0.0;0.0;0.0;0.0;0.0
2030-06-20 12:00:00;131.0943164720774;0.0;0.0;0.0;0.0;0.0;0.0;0.0
2030-06-20 13:00:00;131.0278209864307;0.0;0.0;0.0;0.0;0.0;0.0;0.0
2030-06-20 14:00:00;131.0422890877217;0.0;0.0;0.0;0.0;0.0;0.0;0.0
2030-06-20 15:00:00;131.0612665639484;0.0;0.0;0.0;0.0;0.0;0.0;0.0
2030-06-20 16:00:00;131.0906089033629;0.0;0.0;0.0;0.0;0.0;0.0;0.0
2030-06-20 17:00:00;131.1403816002508;0.0;0.0;0.0;0.0;0.0;0.0;0.0
2030-06-20 18:00:00;130.9710120735915;0.0;0.0;0.0;0.0;0.0;0.0;0.0
2030-06-20 19:00:00;131.0060591700627;0.0;0.0;0.0;0.0;0.0;0.0;0.0
2030-06-20 20:00:00;131.0203995685351;0.0;0.0;0.0;0.0;0.0;0.0;0.0
2030-06-20 21:00:00;131.0391572284349;0.0;0.0;0.0;0.0;0.0;0.0;0.0
2030-06-20 22:00:00;130.9442028556589;0.0;0.0;0.0;0.0;0.0;0.0;0.0
2030-06-20 23:00:00;131.1065173249676;0.0;0.0;0.0;0.0;0.0;0.0;0.0
2030-06-21 00:00:00;131.1238325710648;0.0;0.0;0.0;0.0;0.0;0.0;0.0
2030-06-21 01:00:00;131.1167021481164;0.0;0.0;0.0;0.0;0.0;0.0;0.0
2030-06-21 02:00:00;131.1030546944459;0.0;0.0;0.0;0.0;0.0;0.0;0.0
2030-06-21 03:00:00;131.1278374151929;0.0;0.0;0.0;0.0;0.0;0.0;0.0
2030-06-21 04:00:00;131.1534805598483;0.0;0.0;0.0;0.0;0.0;0.0;0.0
2030-06-21 05:00:00;131.1275338593128;0.0;0.0;0.0;0.0;0.0;0.0;0.0
2030-06-21 06:00:00;131.1553981956149;0.0;0.0;0.0;0.0;0.0;0.0;0.0
2030-06-21 07:00:00;131.199895300656;0.0;0.0;0.0;0.0;0.0;0.0;0.0
2030-06-21 08:00:00;131.2087947216642;0.0;0.0;0.0;0.0;0.0;0.0;0.0
2030-06-21 09:00:00;131.2308286915799;0.0;0.0;0.0;0.0;0.0;0.0;0.0
2030-06-21 10:00:00;121.3819225732751;0.0;0.0;0.0;0.0;0.0;0.0;0.0
2030-06-21 11:00:00;121.3794606304133;0.0;0.0;0.0;0.0;0.0;0.0;0.0
2030-06-21 12:00:00;121.3689869058063;0.0;0.0;0.0;0.0;0.0;0.0;0.0
2030-06-21 13:00:00;121.3475872630055;0.0;0.0;0.0;0.0;0.0;0.0;0.0
2030-06-21 14:00:00;121.349274615001;0.0;0.0;0.0;0.0;0.0;0.0;0.0
2030-06-21 15:00:00;121.3653065524466;0.0;0.0;0.0;0.0;0.0;0.0;0.0
2030-06-21 16:00:00;121.3614964027794;0.0;0.0;0.0;0.0;0.0;0.0;0.0
2030-06-21 17:00:00;131.1788034007129;0.0;0.0;0.0;0.0;0.0;0.0;0.0
2030-06-21 18:00:00;131.1655055596768;0.0;0.0;0.0;0.0;0.0;0.0;0.0
2030-06-21 19:00:00;131.0944965121167;0.0;0.0;0.0;0.0;0.0;0.0;0.0
2030-06-21 20:00:00;131.1849561643787;0.0;0.0;0.0;0.0;0.0;0.0;0.0
2030-06-21 21:00:00;131.1554735612126;0.0;0.0;0.0;0.0;0.0;0.0;0.0
2030-06-21 22:00:00;131.1499676855947;0.0;0.0;0.0;0.0;0.0;0.0;0.0
2030-06-21 23:00:00;131.1719346638679;0.0;0.0;0.0;0.0;0.0;0.0;0.0
2030-06-22 00:00:00;131.0819041768157;0.0;0.0;0.0;0.0;0.0;0.0;0.0
2030-06-22 01:00:00;130.9983362897758;0.0;0.0;0.0;0.0;0.0;0.0;0.0
2030-06-22 02:00:00;123.3839636223816;0.0;0.0;0.0;0.0;0.0;0.0;0.0
2030-06-22 03:00:00;121.4579120307573;0.0;0.0;0.0;0.0;0.0;0.0;0.0
2030-06-22 04:00:00;121.2538052439734;0.0;0.0;0.0;0.0;0.0;0.0;0.0
2030-06-22 05:00:00;121.2554737545694;0.0;0.0;0.0;0.0;0.0;0.0;0.0
2030-06-22 06:00:00;121.2947831942945;0.0;0.0;0.0;0.0;0.0;0.0;0.0
2030-06-22 07:00:00;121.3378525399549;0.0;0.0;0.0;0.0;0.0;0.0;0.0
2030-06-22 08:00:00;121.3411079150826;0.0;0.0;0.0;0.0;0.0;0.0;0.0
2030-06-22 09:00:00;121.3378692878655;0.0;0.0;0.0;0.0;0.0;0.0;0.0
2030-06-22 10:00:00;121.3301045378021;0.0;0.0;0.0;0.0;0.0;0.0;0.0
2030-06-22 11:00:00;121.3122366106543;0.0;0.0;0.0;0.0;0.0;0.0;0.0
2030-06-22 12:00:00;121.2976659284108;0.0;0.0;0.0;0.0;0.0;0.0;0.0
2030-06-22 13:00:00;121.2319052573427;0.0;0.0;0.0;0.0;0.0;0.0;0.0
2030-06-22 14:00:00;121.221854417479;0.0;0.0;0.0;0.0;0.0;0.0;0.0
2030-06-22 15:00:00;121.2474494118912;0.0;0.0;0.0;0.0;0.0;0.0;0.0
2030-06-22 16:00:00;121.2495994249177;0.0;0.0;0.0;0.0;0.0;0.0;0.0
2030-06-22 17:00:00;121.2717255083419;0.0;0.0;0.0;0.0;0.0;0.0;0.0
2030-06-22 18:00:00;121.2762453507217;0.0;0.0;0.0;0.0;0.0;0.0;0.0
2030-06-22 19:00:00;121.2614757870396;0.0;0.0;0.0;0.0;0.0;0.0;0.0
2030-06-22 20:00:00;121.268472226703;0.0;0.0;0.0;0.0;0.0;0.0;0.0
2030-06-22 21:00:00;121.2850966214869;0.0;0.0;0.0;0.0;0.0;0.0;0.0
2030-06-22 22:00:00;121.2635671823788;0.0;0.0;0.0;0.0;0.0;0.0;0.0
2030-06-22 23:00:00;121.2299143494671;0.0;0.0;0.0;0.0;0.0;0.0;0.0
2030-06-23 00:00:00;121.1806399029203;0.0;0.0;0.0;0.0;0.0;0.0;0.0
2030-06-23 01:00:00;121.0628665019181;0.0;0.0;0.0;0.0;0.0;0.0;0.0
2030-06-23 02:00:00;120.9873564533775;0.0;0.0;0.0;0.0;0.0;0.0;0.0
2030-06-23 03:00:00;120.9743789161322;0.0;0.0;0.0;0.0;0.0;0.0;0.0
2030-06-23 04:00:00;120.9153718400234;0.0;0.0;0.0;0.0;0.0;0.0;0.0
2030-06-23 05:00:00;120.8770400595811;0.0;0.0;0.0;0.0;0.0;0.0;0.0
2030-06-23 06:00:00;120.8800149072057;0.0;0.0;0.0;0.0;0.0;0.0;0.0
2030-06-23 07:00:00;120.8998863031621;0.0;0.0;0.0;0.0;0.0;0.0;0.0
2030-06-23 08:00:00;120.9224352713295;0.0;0.0;0.0;0.0;0.0;0.0;0.0
2030-06-23 09:00:00;120.925472923619;0.0;0.0;0.0;0.0;0.0;0.0;0.0
2030-06-23 10:00:00;120.8729912521875;0.0;0.0;0.0;0.0;0.0;0.0;0.0
2030-06-23 11:00:00;120.8679396636454;0.0;0.0;0.0;0.0;0.0;0.0;0.0
2030-06-23 12:00:00;120.8695181542217;0.0;0.0;0.0;0.0;0.0;0.0;0.0
2030-06-23 13:00:00;120.8919142977047;0.0;0.0;0.0;0.0;0.0;0.0;0.0
2030-06-23 14:00:00;120.8633863254443;0.0;0.0;0.0;0.0;0.0;0.0;0.0
2030-06-23 15:00:00;120.9312844486059;0.0;0.0;0.0;0.0;0.0;0.0;0.0
2030-06-23 16:00:00;121.0165438746189;0.0;0.0;0.0;0.0;0.0;0.0;0.0
2030-06-23 17:00:00;121.0657680774338;0.0;0.0;0.0;0.0;0.0;0.0;0.0
2030-06-23 18:00:00;121.1441378317136;0.0;0.0;0.0;0.0;0.0;0.0;0.0
2030-06-23 19:00:00;121.1985182975122;0.0;0.0;0.0;0.0;0.0;0.0;0.0
2030-06-23 20:00:00;121.217968902214;0.0;0.0;0.0;0.0;0.0;0.0;0.0
2030-06-23 21:00:00;121.2017652986846;0.0;0.0;0.0;0.0;0.0;0.0;0.0
2030-06-23 22:00:00;121.1882371738774;0.0;0.0;0.0;0.0;0.0;0.0;0.0
2030-06-23 23:00:00;121.1456786394911;0.0;0.0;0.0;0.0;0.0;0.0;0.0
2030-06-24 00:00:00;121.0819821484074;0.0;0.0;0.0;0.0;0.0;0.0;0.0
2030-06-24 01:00:00;121.0795537013669;0.0;0.0;0.0;0.0;0.0;0.0;0.0
2030-06-24 02:00:00;121.0499454888711;0.0;0.0;0.0;0.0;0.0;0.0;0.0
2030-06-24 03:00:00;121.0663207584844;0.0;0.0;0.0;0.0;0.0;0.0;0.0
2030-06-24 04:00:00;121.1228658917313;0.0;0.0;0.0;0.0;0.0;0.0;0.0
2030-06-24 05:00:00;121.1827710745473;0.0;0.0;0.0;0.0;0.0;0.0;0.0
2030-06-24 06:00:00;121.273465197558;0.0;0.0;0.0;0.0;0.0;0.0;0.0
2030-06-24 07:00:00;121.3682562782053;0.0;0.0;0.0;0.0;0.0;0.0;0.0
2030-06-24 08:00:00;121.3775723034903;0.0;0.0;0.0;0.0;0.0;0.0;0.0
2030-06-24 09:00:00;121.3262629858026;0.0;0.0;0.0;0.0;0.0;0.0;0.0
2030-06-24 10:00:00;121.3106978963657;0.0;0.0;0.0;0.0;0.0;0.0;0.0
2030-06-24 11:00:00;121.2882096393743;0.0;0.0;0.0;0.0;0.0;0.0;0.0
2030-06-24 12:00:00;121.2641868550719;0.0;0.0;0.0;0.0;0.0;0.0;0.0
2030-06-24 13:00:00;121.2579712867412;0.0;0.0;0.0;0.0;0.0;0.0;0.0
2030-06-24 14:00:00;121.2507592177285;0.0;0.0;0.0;0.0;0.0;0.0;0.0
2030-06-24 15:00:00;121.2450251518284;0.0;0.0;0.0;0.0;0.0;0.0;0.0
2030-06-24 16:00:00;121.2777756910551;0.0;0.0;0.0;0.0;0.0;0.0;0.0
2030-06-24 17:00:00;121.3370004900019;0.0;0.0;0.0;0.0;0.0;0.0;0.0
2030-06-24 18:00:00;121.3501078235546;0.0;0.0;0.0;0.0;0.0;0.0;0.0
2030-06-24 19:00:00;121.3625745495259;0.0;0.0;0.0;0.0;0.0;0.0;0.0
2030-06-24 20:00:00;121.3301778099111;0.0;0.0;0.0;0.0;0.0;0.0;0.0
2030-06-24 21:00:00;121.3348379160425;0.0;0.0;0.0;0.0;0.0;0.0;0.0
2030-06-24 22:00:00;121.3335022701701;0.0;0.0;0.0;0.0;0.0;0.0;0.0
2030-06-24 23:00:00;121.2993742152945;0.0;0.0;0.0;0.0;0.0;0.0;0.0
2030-06-25 00:00:00;121.2823457771668;0.0;0.0;0.0;0.0;0.0;0.0;0.0
2030-06-25 01:00:00;121.2344655941794;0.0;0.0;0.0;0.0;0.0;0.0;0.0
2030-06-25 02:00:00;121.2518499254079;0.0;0.0;0.0;0.0;0.0;0.0;0.0
2030-06-25 03:00:00;121.2849291423807;0.0;0.0;0.0;0.0;0.0;0.0;0.0
2030-06-25 04:00:00;121.3076832724532;0.0;0.0;0.0;0.0;0.0;0.0;0.0
2030-06-25 05:00:00;121.3264953630625;0.0;0.0;0.0;0.0;0.0;0.0;0.0
2030-06-25 06:00:00;121.4184078965712;0.0;0.0;0.0;0.0;0.0;0.0;0.0
2030-06-25 07:00:00;121.4494019986711;0.0;0.0;0.0;0.0;0.0;0.0;0.0
2030-06-25 08:00:00;121.4516880884714;0.0;0.0;0.0;0.0;0.0;0.0;0.0
2030-06-25 09:00:00;121.4522700783656;0.0;0.0;0.0;0.0;0.0;0.0;0.0
2030-06-25 10:00:00;121.40413658323;0.0;0.0;0.0;0.0;0.0;0.0;0.0
2030-06-25 11:00:00;121.3934911925392;0.0;0.0;0.0;0.0;0.0;0.0;0.0
2030-06-25 12:00:00;121.389645453562;0.0;0.0;0.0;0.0;0.0;0.0;0.0
2030-06-25 13:00:00;121.360150289463;0.0;0.0;0.0;0.0;0.0;0.0;0.0
2030-06-25 14:00:00;121.3691522914237;0.0;0.0;0.0;0.0;0.0;0.0;0.0
2030-06-25 15:00:00;121.3765402134981;0.0;0.0;0.0;0.0;0.0;0.0;0.0
2030-06-25 16:00:00;121.3666568527407;0.0;0.0;0.0;0.0;0.0;0.0;0.0
2030-06-25 17:00:00;121.3819079188533;0.0;0.0;0.0;0.0;0.0;0.0;0.0
2030-06-25 18:00:00;121.4151001842228;0.0;0.0;0.0;0.0;0.0;0.0;0.0
2030-06-25 19:00:00;121.4975836440498;0.0;0.0;0.0;0.0;0.0;0.0;0.0
2030-06-25 20:00:00;121.5643638441772;0.0;0.0;0.0;0.0;0.0;0.0;0.0
2030-06-25 21:00:00;121.5757293950249;0.0;0.0;0.0;0.0;0.0;0.0;0.0
2030-06-25 22:00:00;121.5156944159015;0.0;0.0;0.0;0.0;0.0;0.0;0.0
2030-06-25 23:00:00;121.4285696913427;0.0;0.0;0.0;0.0;0.0;0.0;0.0
2030-06-26 00:00:00;121.4589524947049;0.0;0.0;0.0;0.0;0.0;0.0;0.0
2030-06-26 01:00:00;121.372608641479;0.0;0.0;0.0;0.0;0.0;0.0;0.0
2030-06-26 02:00:00;121.3860090634676;0.0;0.0;0.0;0.0;0.0;0.0;0.0
2030-06-26 03:00:00;121.3890760246008;0.0;0.0;0.0;0.0;0.0;0.0;0.0
2030-06-26 04:00:00;121.3779742533453;0.0;0.0;0.0;0.0;0.0;0.0;0.0
2030-06-26 05:00:00;121.3722087851128;0.0;0.0;0.0;0.0;0.0;0.0;0.0
2030-06-26 06:00:00;121.3735318700521;0.0;0.0;0.0;0.0;0.0;0.0;0.0
2030-06-26 07:00:00;121.420723295215;0.0;0.0;0.0;0.0;0.0;0.0;0.0
2030-06-26 08:00:00;121.416594935246;0.0;0.0;0.0;0.0;0.0;0.0;0.0
2030-06-26 09:00:00;121.4044589805096;0.0;0.0;0.0;0.0;0.0;0.0;0.0
2030-06-26 10:00:00;121.394906390987;0.0;0.0;0.0;0.0;0.0;0.0;0.0
2030-06-26 11:00:00;121.37039163681;0.0;0.0;0.0;0.0;0.0;0.0;0.0
2030-06-26 12:00:00;121.3622751806235;0.0;0.0;0.0;0.0;0.0;0.0;0.0
2030-06-26 13:00:00;121.3392698318915;0.0;0.0;0.0;0.0;0.0;0.0;0.0
2030-06-26 14:00:00;121.3160007035672;0.0;0.0;0.0;0.0;0.0;0.0;0.0
2030-06-26 15:00:00;121.3144682697451;0.0;0.0;0.0;0.0;0.0;0.0;0.0
2030-06-26 16:00:00;121.2892438228554;0.0;0.0;0.0;0.0;0.0;0.0;0.0
2030-06-26 17:00:00;121.3090440401915;0.0;0.0;0.0;0.0;0.0;0.0;0.0
2030-06-26 18:00:00;121.3036700543698;0.0;0.0;0.0;0.0;0.0;0.0;0.0
2030-06-26 19:00:00;121.3115059830533;0.0;0.0;0.0;0.0;0.0;0.0;0.0
2030-06-26 20:00:00;131.0572051956219;0.0;0.0;0.0;0.0;0.0;0.0;0.0
2030-06-26 21:00:00;131.0993931824856;0.0;0.0;0.0;0.0;0.0;0.0;0.0
2030-06-26 22:00:00;131.2520482943414;0.0;0.0;0.0;0.0;0.0;0.0;0.0
2030-06-26 23:00:00;131.1259553687365;0.0;0.0;0.0;0.0;0.0;0.0;0.0
2030-06-27 00:00:00;131.2215419751384;0.0;0.0;0.0;0.0;0.0;0.0;0.0
2030-06-27 01:00:00;131.0091680009724;0.0;0.0;0.0;0.0;0.0;0.0;0.0
2030-06-27 02:00:00;130.9710099801026;0.0;0.0;0.0;0.0;0.0;0.0;0.0
2030-06-27 03:00:00;130.9286712620433;0.0;0.0;0.0;0.0;0.0;0.0;0.0
2030-06-27 04:00:00;131.0692615977828;0.0;0.0;0.0;0.0;0.0;0.0;0.0
2030-06-27 05:00:00;131.1173992798961;0.0;0.0;0.0;0.0;0.0;0.0;0.0
2030-06-27 06:00:00;131.1718927940914;0.0;0.0;0.0;0.0;0.0;0.0;0.0
2030-06-27 07:00:00;126.0617891456636;0.0;0.0;0.0;0.0;0.0;0.0;0.0
2030-06-27 08:00:00;124.0614815053069;0.0;0.0;0.0;0.0;0.0;0.0;0.0
2030-06-27 09:00:00;121.3911046152751;0.0;0.0;0.0;0.0;0.0;0.0;0.0
2030-06-27 10:00:00;121.4065629367819;0.0;0.0;0.0;0.0;0.0;0.0;0.0
2030-06-27 11:00:00;121.4373686248873;0.0;0.0;0.0;0.0;0.0;0.0;0.0
2030-06-27 12:00:00;121.4018735218069;0.0;0.0;0.0;0.0;0.0;0.0;0.0
2030-06-27 13:00:00;121.3979377628101;0.0;0.0;0.0;0.0;0.0;0.0;0.0
2030-06-27 14:00:00;121.4157303243601;0.0;0.0;0.0;0.0;0.0;0.0;0.0
2030-06-27 15:00:00;121.3920383112925;0.0;0.0;0.0;0.0;0.0;0.0;0.0
2030-06-27 16:00:00;121.3950173458948;0.0;0.0;0.0;0.0;0.0;0.0;0.0
2030-06-27 17:00:00;131.2845622693306;0.0;0.0;0.0;0.0;0.0;0.0;0.0
2030-06-27 18:00:00;131.344680988007;0.0;0.0;0.0;0.0;0.0;0.0;0.0
2030-06-27 19:00:00;131.3520354142602;0.0;0.0;0.0;0.0;0.0;0.0;0.0
2030-06-27 20:00:00;131.2142147642401;0.0;0.0;0.0;0.0;0.0;0.0;0.0
2030-06-27 21:00:00;131.1499048809298;0.0;0.0;0.0;0.0;0.0;0.0;0.0
2030-06-27 22:00:00;131.1797454706855;0.0;0.0;0.0;0.0;0.0;0.0;0.0
2030-06-27 23:00:00;131.2980485243612;0.0;0.0;0.0;0.0;0.0;0.0;0.0
2030-06-28 00:00:00;131.2700460177966;0.0;0.0;0.0;0.0;0.0;0.0;0.0
2030-06-28 01:00:00;131.210599309034;0.0;0.0;0.0;0.0;0.0;0.0;0.0
2030-06-28 02:00:00;131.2313248484321;0.0;0.0;0.0;0.0;0.0;0.0;0.0
2030-06-28 03:00:00;131.2348042268644;0.0;0.0;0.0;0.0;0.0;0.0;0.0
2030-06-28 04:00:00;131.3059933144638;0.0;0.0;0.0;0.0;0.0;0.0;0.0
2030-06-28 05:00:00;131.3741719651284;0.0;0.0;0.0;0.0;0.0;0.0;0.0
2030-06-28 06:00:00;131.4818086932249;0.0;0.0;0.0;0.0;0.0;0.0;0.0
2030-06-28 07:00:00;131.5269108165375;0.0;0.0;0.0;0.0;0.0;0.0;0.0
2030-06-28 08:00:00;131.5873309976051;0.0;0.0;0.0;0.0;0.0;0.0;0.0
2030-06-28 09:00:00;131.5795641540528;0.0;0.0;0.0;0.0;0.0;0.0;0.0
2030-06-28 10:00:00;131.4766984869955;0.0;0.0;0.0;0.0;0.0;0.0;0.0
2030-06-28 11:00:00;131.4423464288153;0.0;0.0;0.0;0.0;0.0;0.0;0.0
2030-06-28 12:00:00;131.4718646212915;0.0;0.0;0.0;0.0;0.0;0.0;0.0
2030-06-28 13:00:00;131.4175427731801;0.0;0.0;0.0;0.0;0.0;0.0;0.0
2030-06-28 14:00:00;131.3792423950701;0.0;0.0;0.0;0.0;0.0;0.0;0.0
2030-06-28 15:00:00;131.3777225221809;0.0;0.0;0.0;0.0;0.0;0.0;0.0
2030-06-28 16:00:00;131.3010380264078;0.0;0.0;0.0;0.0;0.0;0.0;0.0
2030-06-28 17:00:00;131.3268821459906;0.0;0.0;0.0;0.0;0.0;0.0;0.0
2030-06-28 18:00:00;131.4666916103972;0.0;0.0;0.0;0.0;0.0;0.0;0.0
2030-06-28 19:00:00;131.4966473420385;0.0;0.0;0.0;0.0;0.0;0.0;0.0
2030-06-28 20:00:00;131.4872329227785;0.0;0.0;0.0;0.0;0.0;0.0;0.0
2030-06-28 21:00:00;131.4530964939476;0.0;0.0;0.0;0.0;0.0;0.0;0.0
2030-06-28 22:00:00;131.4968755323207;0.0;0.0;0.0;0.0;0.0;0.0;0.0
2030-06-28 23:00:00;131.3490459122136;0.0;0.0;0.0;0.0;0.0;0.0;0.0
2030-06-29 00:00:00;131.092409303755;0.0;0.0;0.0;0.0;0.0;0.0;0.0
2030-06-29 01:00:00;131.1175625720246;0.0;0.0;0.0;0.0;0.0;0.0;0.0
2030-06-29 02:00:00;131.3022752783052;0.0;0.0;0.0;0.0;0.0;0.0;0.0
2030-06-29 03:00:00;131.2803062065431;0.0;0.0;0.0;0.0;0.0;0.0;0.0
2030-06-29 04:00:00;131.1774321655305;0.0;0.0;0.0;0.0;0.0;0.0;0.0
2030-06-29 05:00:00;131.1793309598976;0.0;0.0;0.0;0.0;0.0;0.0;0.0
2030-06-29 06:00:00;131.4153613578212;0.0;0.0;0.0;0.0;0.0;0.0;0.0
2030-06-29 07:00:00;131.4525207845199;0.0;0.0;0.0;0.0;0.0;0.0;0.0
2030-06-29 08:00:00;131.4307464072188;0.0;0.0;0.0;0.0;0.0;0.0;0.0
2030-06-29 09:00:00;121.5244786950243;0.0;0.0;0.0;0.0;0.0;0.0;0.0
2030-06-29 10:00:00;121.4503650035321;0.0;0.0;0.0;0.0;0.0;0.0;0.0
2030-06-29 11:00:00;121.3986997927435;0.0;0.0;0.0;0.0;0.0;0.0;0.0
2030-06-29 12:00:00;121.3951115528922;0.0;0.0;0.0;0.0;0.0;0.0;0.0
2030-06-29 13:00:00;121.3627755244534;0.0;0.0;0.0;0.0;0.0;0.0;0.0
2030-06-29 14:00:00;121.3478887253968;0.0;0.0;0.0;0.0;0.0;0.0;0.0
2030-06-29 15:00:00;121.362354733199;0.0;0.0;0.0;0.0;0.0;0.0;0.0
2030-06-29 16:00:00;121.3690978607142;0.0;0.0;0.0;0.0;0.0;0.0;0.0
2030-06-29 17:00:00;121.385845771339;0.0;0.0;0.0;0.0;0.0;0.0;0.0
2030-06-29 18:00:00;121.4212508543997;0.0;0.0;0.0;0.0;0.0;0.0;0.0
2030-06-29 19:00:00;121.4516336577619;0.0;0.0;0.0;0.0;0.0;0.0;0.0
2030-06-29 20:00:00;121.4497306764171;0.0;0.0;0.0;0.0;0.0;0.0;0.0
2030-06-29 21:00:00;121.4572044315335;0.0;0.0;0.0;0.0;0.0;0.0;0.0
2030-06-29 22:00:00;121.4549643984873;0.0;0.0;0.0;0.0;0.0;0.0;0.0
2030-06-29 23:00:00;121.4278620921189;0.0;0.0;0.0;0.0;0.0;0.0;0.0
2030-06-30 00:00:00;121.3615382725559;0.0;0.0;0.0;0.0;0.0;0.0;0.0
2030-06-30 01:00:00;121.1871129703768;0.0;0.0;0.0;0.0;0.0;0.0;0.0
2030-06-30 02:00:00;120.9318580645448;0.0;0.0;0.0;0.0;0.0;0.0;0.0
2030-06-30 03:00:00;120.8883637406522;0.0;0.0;0.0;0.0;0.0;0.0;0.0
2030-06-30 04:00:00;120.8116666839462;0.0;0.0;0.0;0.0;0.0;0.0;0.0
2030-06-30 05:00:00;120.8022731995744;0.0;0.0;0.0;0.0;0.0;0.0;0.0
2030-06-30 06:00:00;120.8049486782968;0.0;0.0;0.0;0.0;0.0;0.0;0.0
2030-06-30 07:00:00;120.8203127928061;0.0;0.0;0.0;0.0;0.0;0.0;0.0
2030-06-30 08:00:00;120.9010816852829;0.0;0.0;0.0;0.0;0.0;0.0;0.0
2030-06-30 09:00:00;120.9143209086318;0.0;0.0;0.0;0.0;0.0;0.0;0.0
2030-06-30 10:00:00;120.9333172262579;0.0;0.0;0.0;0.0;0.0;0.0;0.0
2030-06-30 11:00:00;120.9462884830368;0.0;0.0;0.0;0.0;0.0;0.0;0.0
2030-06-30 12:00:00;120.9493407897481;0.0;0.0;0.0;0.0;0.0;0.0;0.0
2030-06-30 13:00:00;120.9065645325237;0.0;0.0;0.0;0.0;0.0;0.0;0.0
2030-06-30 14:00:00;120.9520162684704;0.0;0.0;0.0;0.0;0.0;0.0;0.0
2030-06-30 15:00:00;121.0032962773147;0.0;0.0;0.0;0.0;0.0;0.0;0.0
2030-06-30 16:00:00;120.9774521577319;0.0;0.0;0.0;0.0;0.0;0.0;0.0
2030-06-30 17:00:00;121.0676145345802;0.0;0.0;0.0;0.0;0.0;0.0;0.0
2030-06-30 18:00:00;121.2285221793964;0.0;0.0;0.0;0.0;0.0;0.0;0.0
2030-06-30 19:00:00;121.3110328545781;0.0;0.0;0.0;0.0;0.0;0.0;0.0
2030-06-30 20:00:00;121.2890847177044;0.0;0.0;0.0;0.0;0.0;0.0;0.0
2030-06-30 21:00:00;121.2962800388066;0.0;0.0;0.0;0.0;0.0;0.0;0.0
2030-06-30 22:00:00;121.2942912244199;0.0;0.0;0.0;0.0;0.0;0.0;0.0
2030-06-30 23:00:00;121.2990476310374;0.0;0.0;0.0;0.0;0.0;0.0;0.0
2030-07-01 00:00:00;121.2767582554846;0.0;0.0;0.0;0.0;0.0;0.0;0.0
2030-07-01 01:00:00;121.2186367251502;0.0;0.0;0.0;0.0;0.0;0.0;0.0
2030-07-01 02:00:00;121.1601195254273;0.0;0.0;0.0;0.0;0.0;0.0;0.0
2030-07-01 03:00:00;121.165554222425;0.0;0.0;0.0;0.0;0.0;0.0;0.0
2030-07-01 04:00:00;121.1939817072217;0.0;0.0;0.0;0.0;0.0;0.0;0.0
2030-07-01 05:00:00;121.2375304618237;0.0;0.0;0.0;0.0;0.0;0.0;0.0
2030-07-01 06:00:00;121.2882598831062;0.0;0.0;0.0;0.0;0.0;0.0;0.0
2030-07-01 07:00:00;121.311813725911;0.0;0.0;0.0;0.0;0.0;0.0;0.0
2030-07-01 08:00:00;121.3205184524583;0.0;0.0;0.0;0.0;0.0;0.0;0.0
2030-07-01 09:00:00;121.2906883301468;0.0;0.0;0.0;0.0;0.0;0.0;0.0
2030-07-01 10:00:00;121.2868551521025;0.0;0.0;0.0;0.0;0.0;0.0;0.0
2030-07-01 11:00:00;121.266098210372;0.0;0.0;0.0;0.0;0.0;0.0;0.0
2030-07-01 12:00:00;121.2662405676122;0.0;0.0;0.0;0.0;0.0;0.0;0.0
2030-07-01 13:00:00;121.2474305704918;0.0;0.0;0.0;0.0;0.0;0.0;0.0
2030-07-01 14:00:00;121.2368835737759;0.0;0.0;0.0;0.0;0.0;0.0;0.0
2030-07-01 15:00:00;121.2529029502884;0.0;0.0;0.0;0.0;0.0;0.0;0.0
2030-07-01 16:00:00;121.2443384874927;0.0;0.0;0.0;0.0;0.0;0.0;0.0
2030-07-01 17:00:00;121.2415729887508;0.0;0.0;0.0;0.0;0.0;0.0;0.0
2030-07-01 18:00:00;121.2505121860467;0.0;0.0;0.0;0.0;0.0;0.0;0.0
2030-07-01 19:00:00;121.3142652013287;0.0;0.0;0.0;0.0;0.0;0.0;0.0
2030-07-01 20:00:00;121.3144640827674;0.0;0.0;0.0;0.0;0.0;0.0;0.0
2030-07-01 21:00:00;121.3163419422462;0.0;0.0;0.0;0.0;0.0;0.0;0.0
2030-07-01 22:00:00;121.3191597782089;0.0;0.0;0.0;0.0;0.0;0.0;0.0
2030-07-01 23:00:00;121.3022883517433;0.0;0.0;0.0;0.0;0.0;0.0;0.0
2030-07-02 00:00:00;121.3116169379612;0.0;0.0;0.0;0.0;0.0;0.0;0.0
2030-07-02 01:00:00;121.3118765305759;0.0;0.0;0.0;0.0;0.0;0.0;0.0
2030-07-02 02:00:00;121.2473384569834;0.0;0.0;0.0;0.0;0.0;0.0;0.0
2030-07-02 03:00:00;121.2392240942857;0.0;0.0;0.0;0.0;0.0;0.0;0.0
2030-07-02 04:00:00;121.2514919388183;0.0;0.0;0.0;0.0;0.0;0.0;0.0
2030-07-02 05:00:00;121.2866855795074;0.0;0.0;0.0;0.0;0.0;0.0;0.0
2030-07-02 06:00:00;121.3655284622623;0.0;0.0;0.0;0.0;0.0;0.0;0.0
2030-07-02 07:00:00;121.3883391165332;0.0;0.0;0.0;0.0;0.0;0.0;0.0
2030-07-02 08:00:00;121.3857871536518;0.0;0.0;0.0;0.0;0.0;0.0;0.0
2030-07-02 09:00:00;121.3676282315569;0.0;0.0;0.0;0.0;0.0;0.0;0.0
2030-07-02 10:00:00;121.3650155574994;0.0;0.0;0.0;0.0;0.0;0.0;0.0
2030-07-02 11:00:00;121.4003724903171;0.0;0.0;0.0;0.0;0.0;0.0;0.0
2030-07-02 12:00:00;121.415596341075;0.0;0.0;0.0;0.0;0.0;0.0;0.0
2030-07-02 13:00:00;121.4196263070691;0.0;0.0;0.0;0.0;0.0;0.0;0.0
2030-07-02 14:00:00;121.410909019589;0.0;0.0;0.0;0.0;0.0;0.0;0.0
2030-07-02 15:00:00;121.3504448752559;0.0;0.0;0.0;0.0;0.0;0.0;0.0
2030-07-02 16:00:00;121.3504846515436;0.0;0.0;0.0;0.0;0.0;0.0;0.0
2030-07-02 17:00:00;121.3513032056754;0.0;0.0;0.0;0.0;0.0;0.0;0.0
2030-07-02 18:00:00;121.3809281660817;0.0;0.0;0.0;0.0;0.0;0.0;0.0
2030-07-02 19:00:00;121.3940731824334;0.0;0.0;0.0;0.0;0.0;0.0;0.0
2030-07-02 20:00:00;121.3919901610495;0.0;0.0;0.0;0.0;0.0;0.0;0.0
2030-07-02 21:00:00;121.3857955276071;0.0;0.0;0.0;0.0;0.0;0.0;0.0
2030-07-02 22:00:00;121.3785583367284;0.0;0.0;0.0;0.0;0.0;0.0;0.0
2030-07-02 23:00:00;121.3662255940421;0.0;0.0;0.0;0.0;0.0;0.0;0.0
2030-07-03 00:00:00;121.3131933350488;0.0;0.0;0.0;0.0;0.0;0.0;0.0
2030-07-03 01:00:00;121.3062911023825;0.0;0.0;0.0;0.0;0.0;0.0;0.0
2030-07-03 02:00:00;131.0594222002907;0.0;0.0;0.0;0.0;0.0;0.0;0.0
2030-07-03 03:00:00;131.0447782459383;0.0;0.0;0.0;0.0;0.0;0.0;0.0
2030-07-03 04:00:00;131.0590704941677;0.0;0.0;0.0;0.0;0.0;0.0;0.0
2030-07-03 05:00:00;131.0669482926278;0.0;0.0;0.0;0.0;0.0;0.0;0.0
2030-07-03 06:00:00;131.1274564002262;0.0;0.0;0.0;0.0;0.0;0.0;0.0
2030-07-03 07:00:00;121.4058323091809;0.0;0.0;0.0;0.0;0.0;0.0;0.0
2030-07-03 08:00:00;121.3032429826488;0.0;0.0;0.0;0.0;0.0;0.0;0.0
2030-07-03 09:00:00;121.3044258038367;0.0;0.0;0.0;0.0;0.0;0.0;0.0
2030-07-03 10:00:00;121.3141060961778;0.0;0.0;0.0;0.0;0.0;0.0;0.0
2030-07-03 11:00:00;121.3009736407592;0.0;0.0;0.0;0.0;0.0;0.0;0.0
2030-07-03 12:00:00;121.2744847266173;0.0;0.0;0.0;0.0;0.0;0.0;0.0
2030-07-03 13:00:00;121.300768478854;0.0;0.0;0.0;0.0;0.0;0.0;0.0
2030-07-03 14:00:00;121.2637200070632;0.0;0.0;0.0;0.0;0.0;0.0;0.0
2030-07-03 15:00:00;121.2699879126145;0.0;0.0;0.0;0.0;0.0;0.0;0.0
2030-07-03 16:00:00;121.3079763608892;0.0;0.0;0.0;0.0;0.0;0.0;0.0
2030-07-03 17:00:00;131.0357846179328;0.0;0.0;0.0;0.0;0.0;0.0;0.0
2030-07-03 18:00:00;131.1046897092207;0.0;0.0;0.0;0.0;0.0;0.0;0.0
2030-07-03 19:00:00;131.1593465155446;0.0;0.0;0.0;0.0;0.0;0.0;0.0
2030-07-03 20:00:00;131.1875876798356;0.0;0.0;0.0;0.0;0.0;0.0;0.0
2030-07-03 21:00:00;131.1980153476884;0.0;0.0;0.0;0.0;0.0;0.0;0.0
2030-07-03 22:00:00;131.2024347026044;0.0;0.0;0.0;0.0;0.0;0.0;0.0
2030-07-03 23:00:00;131.1519753413809;0.0;0.0;0.0;0.0;0.0;0.0;0.0
2030-07-04 00:00:00;131.042552867314;0.0;0.0;0.0;0.0;0.0;0.0;0.0
2030-07-04 01:00:00;130.9741648677666;0.0;0.0;0.0;0.0;0.0;0.0;0.0
2030-07-04 02:00:00;130.9958659729587;0.0;0.0;0.0;0.0;0.0;0.0;0.0
2030-07-04 03:00:00;130.9895352627424;0.0;0.0;0.0;0.0;0.0;0.0;0.0
2030-07-04 04:00:00;130.9427290395239;0.0;0.0;0.0;0.0;0.0;0.0;0.0
2030-07-04 05:00:00;131.0187729277156;0.0;0.0;0.0;0.0;0.0;0.0;0.0
2030-07-04 06:00:00;131.1520842027999;0.0;0.0;0.0;0.0;0.0;0.0;0.0
2030-07-04 07:00:00;131.1877174761429;0.0;0.0;0.0;0.0;0.0;0.0;0.0
2030-07-04 08:00:00;131.1846379540768;0.0;0.0;0.0;0.0;0.0;0.0;0.0
2030-07-04 09:00:00;124.3947942355831;0.0;0.0;0.0;0.0;0.0;0.0;0.0
2030-07-04 10:00:00;121.393384424609;0.0;0.0;0.0;0.0;0.0;0.0;0.0
2030-07-04 11:00:00;121.3790670545136;0.0;0.0;0.0;0.0;0.0;0.0;0.0
2030-07-04 12:00:00;121.3742269083431;0.0;0.0;0.0;0.0;0.0;0.0;0.0
2030-07-04 13:00:00;121.3776246407111;0.0;0.0;0.0;0.0;0.0;0.0;0.0
2030-07-04 14:00:00;121.3873823921388;0.0;0.0;0.0;0.0;0.0;0.0;0.0
2030-07-04 15:00:00;121.384384516137;0.0;0.0;0.0;0.0;0.0;0.0;0.0
2030-07-04 16:00:00;121.3957061037194;0.0;0.0;0.0;0.0;0.0;0.0;0.0
2030-07-04 17:00:00;131.1893399299847;0.0;0.0;0.0;0.0;0.0;0.0;0.0
2030-07-04 18:00:00;131.2201539920455;0.0;0.0;0.0;0.0;0.0;0.0;0.0
2030-07-04 19:00:00;131.1927627842186;0.0;0.0;0.0;0.0;0.0;0.0;0.0
2030-07-04 20:00:00;131.1688718897124;0.0;0.0;0.0;0.0;0.0;0.0;0.0
2030-07-04 21:00:00;131.192697886065;0.0;0.0;0.0;0.0;0.0;0.0;0.0
2030-07-04 22:00:00;131.1583081450859;0.0;0.0;0.0;0.0;0.0;0.0;0.0
2030-07-04 23:00:00;131.1251870583365;0.0;0.0;0.0;0.0;0.0;0.0;0.0
2030-07-05 00:00:00;131.1192562044866;0.0;0.0;0.0;0.0;0.0;0.0;0.0
2030-07-05 01:00:00;131.1342895477611;0.0;0.0;0.0;0.0;0.0;0.0;0.0
2030-07-05 02:00:00;131.096964735445;0.0;0.0;0.0;0.0;0.0;0.0;0.0
2030-07-05 03:00:00;131.0314699374581;0.0;0.0;0.0;0.0;0.0;0.0;0.0
2030-07-05 04:00:00;131.0874058654559;0.0;0.0;0.0;0.0;0.0;0.0;0.0
2030-07-05 05:00:00;131.1317710807009;0.0;0.0;0.0;0.0;0.0;0.0;0.0
2030-07-05 06:00:00;131.0221874079943;0.0;0.0;0.0;0.0;0.0;0.0;0.0
2030-07-05 07:00:00;131.063584056081;0.0;0.0;0.0;0.0;0.0;0.0;0.0
2030-07-05 08:00:00;131.1049555823018;0.0;0.0;0.0;0.0;0.0;0.0;0.0
2030-07-05 09:00:00;131.1197398004059;0.0;0.0;0.0;0.0;0.0;0.0;0.0
2030-07-05 10:00:00;121.3245986621842;0.0;0.0;0.0;0.0;0.0;0.0;0.0
2030-07-05 11:00:00;121.3179015914232;0.0;0.0;0.0;0.0;0.0;0.0;0.0
2030-07-05 12:00:00;127.1279025183487;0.0;0.0;0.0;0.0;0.0;0.0;0.0
2030-07-05 13:00:00;121.3143824367031;0.0;0.0;0.0;0.0;0.0;0.0;0.0
2030-07-05 14:00:00;121.2816151495658;0.0;0.0;0.0;0.0;0.0;0.0;0.0
2030-07-05 15:00:00;121.3516800336645;0.0;0.0;0.0;0.0;0.0;0.0;0.0
2030-07-05 16:00:00;121.3713148653832;0.0;0.0;0.0;0.0;0.0;0.0;0.0
2030-07-05 17:00:00;131.2379298056848;0.0;0.0;0.0;0.0;0.0;0.0;0.0
2030-07-05 18:00:00;131.2756084176129;0.0;0.0;0.0;0.0;0.0;0.0;0.0
2030-07-05 19:00:00;131.3184118901921;0.0;0.0;0.0;0.0;0.0;0.0;0.0
2030-07-05 20:00:00;131.2907506223065;0.0;0.0;0.0;0.0;0.0;0.0;0.0
2030-07-05 21:00:00;131.0853186570943;0.0;0.0;0.0;0.0;0.0;0.0;0.0
2030-07-05 22:00:00;131.172554336561;0.0;0.0;0.0;0.0;0.0;0.0;0.0
2030-07-05 23:00:00;131.0367057530171;0.0;0.0;0.0;0.0;0.0;0.0;0.0
2030-07-06 00:00:00;130.9394820383516;0.0;0.0;0.0;0.0;0.0;0.0;0.0
2030-07-06 01:00:00;130.931390704031;0.0;0.0;0.0;0.0;0.0;0.0;0.0
2030-07-06 02:00:00;130.8871029478726;0.0;0.0;0.0;0.0;0.0;0.0;0.0
2030-07-06 03:00:00;130.8498011639336;0.0;0.0;0.0;0.0;0.0;0.0;0.0
2030-07-06 04:00:00;130.8743850032419;0.0;0.0;0.0;0.0;0.0;0.0;0.0
2030-07-06 05:00:00;130.8177393825313;0.0;0.0;0.0;0.0;0.0;0.0;0.0
2030-07-06 06:00:00;130.8131923247967;0.0;0.0;0.0;0.0;0.0;0.0;0.0
2030-07-06 07:00:00;130.8953387329223;0.0;0.0;0.0;0.0;0.0;0.0;0.0
2030-07-06 08:00:00;130.9077908044719;0.0;0.0;0.0;0.0;0.0;0.0;0.0
2030-07-06 09:00:00;125.0655208407501;0.0;0.0;0.0;0.0;0.0;0.0;0.0
2030-07-06 10:00:00;121.2343274239168;0.0;0.0;0.0;0.0;0.0;0.0;0.0
2030-07-06 11:00:00;121.2351564454927;0.0;0.0;0.0;0.0;0.0;0.0;0.0
2030-07-06 12:00:00;121.239682568339;0.0;0.0;0.0;0.0;0.0;0.0;0.0
2030-07-06 13:00:00;121.2513181792456;0.0;0.0;0.0;0.0;0.0;0.0;0.0
2030-07-06 14:00:00;121.244627388951;0.0;0.0;0.0;0.0;0.0;0.0;0.0
2030-07-06 15:00:00;121.2629098268867;0.0;0.0;0.0;0.0;0.0;0.0;0.0
2030-07-06 16:00:00;130.9432440377756;0.0;0.0;0.0;0.0;0.0;0.0;0.0
2030-07-06 17:00:00;131.092373714445;0.0;0.0;0.0;0.0;0.0;0.0;0.0
2030-07-06 18:00:00;131.118155029363;0.0;0.0;0.0;0.0;0.0;0.0;0.0
2030-07-06 19:00:00;131.1223231656197;0.0;0.0;0.0;0.0;0.0;0.0;0.0
2030-07-06 20:00:00;131.0412381563299;0.0;0.0;0.0;0.0;0.0;0.0;0.0
2030-07-06 21:00:00;131.0125510789186;0.0;0.0;0.0;0.0;0.0;0.0;0.0
2030-07-06 22:00:00;131.0705281585238;0.0;0.0;0.0;0.0;0.0;0.0;0.0
2030-07-06 23:00:00;131.066946199139;0.0;0.0;0.0;0.0;0.0;0.0;0.0
2030-07-07 00:00:00;130.6579936240147;0.0;0.0;0.0;0.0;0.0;0.0;0.0
2030-07-07 01:00:00;130.5147026876868;0.0;0.0;0.0;0.0;0.0;0.0;0.0
2030-07-07 02:00:00;130.4156995075175;0.0;0.0;0.0;0.0;0.0;0.0;0.0
2030-07-07 03:00:00;130.2845759282585;0.0;0.0;0.0;0.0;0.0;0.0;0.0
2030-07-07 04:00:00;130.2718537966502;0.0;0.0;0.0;0.0;0.0;0.0;0.0
2030-07-07 05:00:00;130.2821453877291;0.0;0.0;0.0;0.0;0.0;0.0;0.0
2030-07-07 06:00:00;130.2967830616151;0.0;0.0;0.0;0.0;0.0;0.0;0.0
2030-07-07 07:00:00;128.1995217666518;0.0;0.0;0.0;0.0;0.0;0.0;0.0
2030-07-07 08:00:00;124.204293032693;0.0;0.0;0.0;0.0;0.0;0.0;0.0
2030-07-07 09:00:00;121.0328312177014;0.0;0.0;0.0;0.0;0.0;0.0;0.0
2030-07-07 10:00:00;121.0538854348456;0.0;0.0;0.0;0.0;0.0;0.0;0.0
2030-07-07 11:00:00;121.0564018084169;0.0;0.0;0.0;0.0;0.0;0.0;0.0
2030-07-07 12:00:00;121.0505232917876;0.0;0.0;0.0;0.0;0.0;0.0;0.0
2030-07-07 13:00:00;121.0512036756568;0.0;0.0;0.0;0.0;0.0;0.0;0.0
2030-07-07 14:00:00;121.0305744367448;0.0;0.0;0.0;0.0;0.0;0.0;0.0
2030-07-07 15:00:00;121.0417787889527;0.0;0.0;0.0;0.0;0.0;0.0;0.0
2030-07-07 16:00:00;121.1174814384655;0.0;0.0;0.0;0.0;0.0;0.0;0.0
2030-07-07 17:00:00;130.6803081214334;0.0;0.0;0.0;0.0;0.0;0.0;0.0
2030-07-07 18:00:00;130.7277235499009;0.0;0.0;0.0;0.0;0.0;0.0;0.0
2030-07-07 19:00:00;130.8763340413409;0.0;0.0;0.0;0.0;0.0;0.0;0.0
2030-07-07 20:00:00;130.9255142808905;0.0;0.0;0.0;0.0;0.0;0.0;0.0
2030-07-07 21:00:00;130.6349945557492;0.0;0.0;0.0;0.0;0.0;0.0;0.0
2030-07-07 22:00:00;130.6391647854948;0.0;0.0;0.0;0.0;0.0;0.0;0.0
2030-07-07 23:00:00;130.6194127184018;0.0;0.0;0.0;0.0;0.0;0.0;0.0
2030-07-08 00:00:00;130.7210118247181;0.0;0.0;0.0;0.0;0.0;0.0;0.0
2030-07-08 01:00:00;130.7486626251595;0.0;0.0;0.0;0.0;0.0;0.0;0.0
2030-07-08 02:00:00;130.7545139264341;0.0;0.0;0.0;0.0;0.0;0.0;0.0
2030-07-08 03:00:00;130.7859141653666;0.0;0.0;0.0;0.0;0.0;0.0;0.0
2030-07-08 04:00:00;130.8222215421123;0.0;0.0;0.0;0.0;0.0;0.0;0.0
2030-07-08 05:00:00;130.9421365821856;0.0;0.0;0.0;0.0;0.0;0.0;0.0
2030-07-08 06:00:00;131.0872258254167;0.0;0.0;0.0;0.0;0.0;0.0;0.0
2030-07-08 07:00:00;131.148087732627;0.0;0.0;0.0;0.0;0.0;0.0;0.0
2030-07-08 08:00:00;131.2716998739708;0.0;0.0;0.0;0.0;0.0;0.0;0.0
2030-07-08 09:00:00;121.4052921890631;0.0;0.0;0.0;0.0;0.0;0.0;0.0
2030-07-08 10:00:00;121.3821298286691;0.0;0.0;0.0;0.0;0.0;0.0;0.0
2030-07-08 11:00:00;121.3913642078898;0.0;0.0;0.0;0.0;0.0;0.0;0.0
2030-07-08 12:00:00;121.4186360868535;0.0;0.0;0.0;0.0;0.0;0.0;0.0
2030-07-08 13:00:00;121.4197519163989;0.0;0.0;0.0;0.0;0.0;0.0;0.0
2030-07-08 14:00:00;121.3942448485173;0.0;0.0;0.0;0.0;0.0;0.0;0.0
2030-07-08 15:00:00;121.394066901967;0.0;0.0;0.0;0.0;0.0;0.0;0.0
2030-07-08 16:00:00;121.4006886071301;0.0;0.0;0.0;0.0;0.0;0.0;0.0
2030-07-08 17:00:00;131.2740006181928;0.0;0.0;0.0;0.0;0.0;0.0;0.0
2030-07-08 18:00:00;131.2506037870501;0.0;0.0;0.0;0.0;0.0;0.0;0.0
2030-07-08 19:00:00;131.275826140451;0.0;0.0;0.0;0.0;0.0;0.0;0.0
2030-07-08 20:00:00;131.2263214101331;0.0;0.0;0.0;0.0;0.0;0.0;0.0
2030-07-08 21:00:00;131.2544872088262;0.0;0.0;0.0;0.0;0.0;0.0;0.0
2030-07-08 22:00:00;131.179534028314;0.0;0.0;0.0;0.0;0.0;0.0;0.0
2030-07-08 23:00:00;131.1801746358954;0.0;0.0;0.0;0.0;0.0;0.0;0.0
2030-07-09 00:00:00;131.1723491746559;0.0;0.0;0.0;0.0;0.0;0.0;0.0
2030-07-09 01:00:00;131.2165971545265;0.0;0.0;0.0;0.0;0.0;0.0;0.0
2030-07-09 02:00:00;131.2048945519774;0.0;0.0;0.0;0.0;0.0;0.0;0.0
2030-07-09 03:00:00;131.2258336272361;0.0;0.0;0.0;0.0;0.0;0.0;0.0
2030-07-09 04:00:00;131.255816574232;0.0;0.0;0.0;0.0;0.0;0.0;0.0
2030-07-09 05:00:00;131.2763034559038;0.0;0.0;0.0;0.0;0.0;0.0;0.0
2030-07-09 06:00:00;131.3286762659162;0.0;0.0;0.0;0.0;0.0;0.0;0.0
2030-07-09 07:00:00;131.3739709902009;0.0;0.0;0.0;0.0;0.0;0.0;0.0
2030-07-09 08:00:00;131.3789095303463;0.0;0.0;0.0;0.0;0.0;0.0;0.0
2030-07-09 09:00:00;131.3440340999592;0.0;0.0;0.0;0.0;0.0;0.0;0.0
2030-07-09 10:00:00;131.3460187273682;0.0;0.0;0.0;0.0;0.0;0.0;0.0
2030-07-09 11:00:00;131.347823314738;0.0;0.0;0.0;0.0;0.0;0.0;0.0
2030-07-09 12:00:00;131.5523487992876;0.0;0.0;0.0;0.0;0.0;0.0;0.0
2030-07-09 13:00:00;121.6811219030977;0.0;0.0;0.0;0.0;0.0;0.0;0.0
2030-07-09 14:00:00;121.3992440998387;0.0;0.0;0.0;0.0;0.0;0.0;0.0
2030-07-09 15:00:00;121.430430802911;0.0;0.0;0.0;0.0;0.0;0.0;0.0
2030-07-09 16:00:00;121.593800390589;0.0;0.0;0.0;0.0;0.0;0.0;0.0
2030-07-09 17:00:00;121.635121673078;0.0;0.0;0.0;0.0;0.0;0.0;0.0
2030-07-09 18:00:00;121.6907372972851;0.0;0.0;0.0;0.0;0.0;0.0;0.0
2030-07-09 19:00:00;121.6095664549533;0.0;0.0;0.0;0.0;0.0;0.0;0.0
2030-07-09 20:00:00;121.6076865019858;0.0;0.0;0.0;0.0;0.0;0.0;0.0
2030-07-09 21:00:00;121.565157276443;0.0;0.0;0.0;0.0;0.0;0.0;0.0
2030-07-09 22:00:00;121.5775800391489;0.0;0.0;0.0;0.0;0.0;0.0;0.0
2030-07-09 23:00:00;121.5905052391736;0.0;0.0;0.0;0.0;0.0;0.0;0.0
2030-07-10 00:00:00;121.3949608216965;0.0;0.0;0.0;0.0;0.0;0.0;0.0
2030-07-10 01:00:00;121.4096801416468;0.0;0.0;0.0;0.0;0.0;0.0;0.0
2030-07-10 02:00:00;121.4159878234859;0.0;0.0;0.0;0.0;0.0;0.0;0.0
2030-07-10 03:00:00;121.4221803634394;0.0;0.0;0.0;0.0;0.0;0.0;0.0
2030-07-10 04:00:00;121.447272920533;0.0;0.0;0.0;0.0;0.0;0.0;0.0
2030-07-10 05:00:00;121.5616527761447;0.0;0.0;0.0;0.0;0.0;0.0;0.0
2030-07-10 06:00:00;121.6933855606526;0.0;0.0;0.0;0.0;0.0;0.0;0.0
2030-07-10 07:00:00;121.8022867560013;0.0;0.0;0.0;0.0;0.0;0.0;0.0
2030-07-10 08:00:00;121.813262917927;0.0;0.0;0.0;0.0;0.0;0.0;0.0
2030-07-10 09:00:00;121.8089147416311;0.0;0.0;0.0;0.0;0.0;0.0;0.0
2030-07-10 10:00:00;121.7756429236862;0.0;0.0;0.0;0.0;0.0;0.0;0.0
2030-07-10 11:00:00;121.7818710529498;0.0;0.0;0.0;0.0;0.0;0.0;0.0
2030-07-10 12:00:00;121.803484231611;0.0;0.0;0.0;0.0;0.0;0.0;0.0
2030-07-10 13:00:00;121.8361573117511;0.0;0.0;0.0;0.0;0.0;0.0;0.0
2030-07-10 14:00:00;121.8173870909184;0.0;0.0;0.0;0.0;0.0;0.0;0.0
2030-07-10 15:00:00;121.8312103976503;0.0;0.0;0.0;0.0;0.0;0.0;0.0
2030-07-10 16:00:00;121.8553064540617;0.0;0.0;0.0;0.0;0.0;0.0;0.0
2030-07-10 17:00:00;121.8365760095168;0.0;0.0;0.0;0.0;0.0;0.0;0.0
2030-07-10 18:00:00;121.9084287330746;0.0;0.0;0.0;0.0;0.0;0.0;0.0
2030-07-10 19:00:00;131.8781082218722;0.0;0.0;0.0;0.0;0.0;0.0;0.0
2030-07-10 20:00:00;131.9080576730469;0.0;0.0;0.0;0.0;0.0;0.0;0.0
2030-07-10 21:00:00;121.9059856316123;0.0;0.0;0.0;0.0;0.0;0.0;0.0
2030-07-10 22:00:00;131.735102000025;0.0;0.0;0.0;0.0;0.0;0.0;0.0
2030-07-10 23:00:00;131.6348092307374;0.0;0.0;0.0;0.0;0.0;0.0;0.0
2030-07-11 00:00:00;131.6179503652048;0.0;0.0;0.0;0.0;0.0;0.0;0.0
2030-07-11 01:00:00;131.5704093274076;0.0;0.0;0.0;0.0;0.0;0.0;0.0
2030-07-11 02:00:00;131.5111280042624;0.0;0.0;0.0;0.0;0.0;0.0;0.0
2030-07-11 03:00:00;131.4701668018518;0.0;0.0;0.0;0.0;0.0;0.0;0.0
2030-07-11 04:00:00;131.5138788485825;0.0;0.0;0.0;0.0;0.0;0.0;0.0
2030-07-11 05:00:00;131.5059822087229;0.0;0.0;0.0;0.0;0.0;0.0;0.0
2030-07-11 06:00:00;131.3958144526333;0.0;0.0;0.0;0.0;0.0;0.0;0.0
2030-07-11 07:00:00;131.45446772913;0.0;0.0;0.0;0.0;0.0;0.0;0.0
2030-07-11 08:00:00;121.5110971144351;0.0;0.0;0.0;0.0;0.0;0.0;0.0
2030-07-11 09:00:00;121.4960574906941;0.0;0.0;0.0;0.0;0.0;0.0;0.0
2030-07-11 10:00:00;121.5021579171392;0.0;0.0;0.0;0.0;0.0;0.0;0.0
2030-07-11 11:00:00;121.4488514111093;0.0;0.0;0.0;0.0;0.0;0.0;0.0
2030-07-11 12:00:00;121.4606105378568;0.0;0.0;0.0;0.0;0.0;0.0;0.0
2030-07-11 13:00:00;121.457319573419;0.0;0.0;0.0;0.0;0.0;0.0;0.0
2030-07-11 14:00:00;121.5854724920308;0.0;0.0;0.0;0.0;0.0;0.0;0.0
2030-07-11 15:00:00;121.5758026671339;0.0;0.0;0.0;0.0;0.0;0.0;0.0
2030-07-11 16:00:00;121.5389530767817;0.0;0.0;0.0;0.0;0.0;0.0;0.0
2030-07-11 17:00:00;121.5676883044362;0.0;0.0;0.0;0.0;0.0;0.0;0.0
2030-07-11 18:00:00;121.6342717166138;0.0;0.0;0.0;0.0;0.0;0.0;0.0
2030-07-11 19:00:00;131.4906243746801;0.0;0.0;0.0;0.0;0.0;0.0;0.0
2030-07-11 20:00:00;131.5277230902027;0.0;0.0;0.0;0.0;0.0;0.0;0.0
2030-07-11 21:00:00;128.2846325549579;0.0;0.0;0.0;0.0;0.0;0.0;0.0
2030-07-11 22:00:00;121.5752332381726;0.0;0.0;0.0;0.0;0.0;0.0;0.0
2030-07-11 23:00:00;121.5313076555815;0.0;0.0;0.0;0.0;0.0;0.0;0.0
2030-07-12 00:00:00;121.4366024079762;0.0;0.0;0.0;0.0;0.0;0.0;0.0
2030-07-12 01:00:00;121.5153803925774;0.0;0.0;0.0;0.0;0.0;0.0;0.0
2030-07-12 02:00:00;121.5058257095659;0.0;0.0;0.0;0.0;0.0;0.0;0.0
2030-07-12 03:00:00;121.5202414736362;0.0;0.0;0.0;0.0;0.0;0.0;0.0
2030-07-12 04:00:00;121.5710839433154;0.0;0.0;0.0;0.0;0.0;0.0;0.0
2030-07-12 05:00:00;121.6180513651737;0.0;0.0;0.0;0.0;0.0;0.0;0.0
2030-07-12 06:00:00;121.8296884312723;0.0;0.0;0.0;0.0;0.0;0.0;0.0
2030-07-12 07:00:00;121.9242450411708;0.0;0.0;0.0;0.0;0.0;0.0;0.0
2030-07-12 08:00:00;121.9536125024514;0.0;0.0;0.0;0.0;0.0;0.0;0.0
2030-07-12 09:00:00;121.8941071760016;0.0;0.0;0.0;0.0;0.0;0.0;0.0
2030-07-12 10:00:00;121.8580866072254;0.0;0.0;0.0;0.0;0.0;0.0;0.0
2030-07-12 11:00:00;121.8592757088798;0.0;0.0;0.0;0.0;0.0;0.0;0.0
2030-07-12 12:00:00;121.9264662328175;0.0;0.0;0.0;0.0;0.0;0.0;0.0
2030-07-12 13:00:00;121.9512049902991;0.0;0.0;0.0;0.0;0.0;0.0;0.0
2030-07-12 14:00:00;121.9233678693519;0.0;0.0;0.0;0.0;0.0;0.0;0.0
2030-07-12 15:00:00;121.8309884878345;0.0;0.0;0.0;0.0;0.0;0.0;0.0
2030-07-12 16:00:00;121.7493947607595;0.0;0.0;0.0;0.0;0.0;0.0;0.0
2030-07-12 17:00:00;121.7527045665967;0.0;0.0;0.0;0.0;0.0;0.0;0.0
2030-07-12 18:00:00;121.8060508489142;0.0;0.0;0.0;0.0;0.0;0.0;0.0
2030-07-12 19:00:00;121.770017719205;0.0;0.0;0.0;0.0;0.0;0.0;0.0
2030-07-12 20:00:00;121.7877244477131;0.0;0.0;0.0;0.0;0.0;0.0;0.0
2030-07-12 21:00:00;121.7381464452862;0.0;0.0;0.0;0.0;0.0;0.0;0.0
2030-07-12 22:00:00;121.6802321703458;0.0;0.0;0.0;0.0;0.0;0.0;0.0
2030-07-12 23:00:00;121.6117060005357;0.0;0.0;0.0;0.0;0.0;0.0;0.0
2030-07-13 00:00:00;121.3797118490727;0.0;0.0;0.0;0.0;0.0;0.0;0.0
2030-07-13 01:00:00;121.3928715198461;0.0;0.0;0.0;0.0;0.0;0.0;0.0
2030-07-13 02:00:00;121.3799860961092;0.0;0.0;0.0;0.0;0.0;0.0;0.0
2030-07-13 03:00:00;121.3767516558697;0.0;0.0;0.0;0.0;0.0;0.0;0.0
2030-07-13 04:00:00;121.3901060211041;0.0;0.0;0.0;0.0;0.0;0.0;0.0
2030-07-13 05:00:00;121.388646859391;0.0;0.0;0.0;0.0;0.0;0.0;0.0
2030-07-13 06:00:00;121.4528939380364;0.0;0.0;0.0;0.0;0.0;0.0;0.0
2030-07-13 07:00:00;121.4674562463246;0.0;0.0;0.0;0.0;0.0;0.0;0.0
2030-07-13 08:00:00;121.5328652112696;0.0;0.0;0.0;0.0;0.0;0.0;0.0
2030-07-13 09:00:00;121.5380277547197;0.0;0.0;0.0;0.0;0.0;0.0;0.0
2030-07-13 10:00:00;121.4496427498864;0.0;0.0;0.0;0.0;0.0;0.0;0.0
2030-07-13 11:00:00;121.4504592105293;0.0;0.0;0.0;0.0;0.0;0.0;0.0
2030-07-13 12:00:00;121.4358529389757;0.0;0.0;0.0;0.0;0.0;0.0;0.0
2030-07-13 13:00:00;121.4213136590646;0.0;0.0;0.0;0.0;0.0;0.0;0.0
2030-07-13 14:00:00;121.3976383939076;0.0;0.0;0.0;0.0;0.0;0.0;0.0
2030-07-13 15:00:00;121.3915254065296;0.0;0.0;0.0;0.0;0.0;0.0;0.0
2030-07-13 16:00:00;121.4138608388366;0.0;0.0;0.0;0.0;0.0;0.0;0.0
2030-07-13 17:00:00;121.4204239263127;0.0;0.0;0.0;0.0;0.0;0.0;0.0
2030-07-13 18:00:00;121.4210624404052;0.0;0.0;0.0;0.0;0.0;0.0;0.0
2030-07-13 19:00:00;121.4256283395393;0.0;0.0;0.0;0.0;0.0;0.0;0.0
2030-07-13 20:00:00;131.2826404465864;0.0;0.0;0.0;0.0;0.0;0.0;0.0
2030-07-13 21:00:00;130.937357147191;0.0;0.0;0.0;0.0;0.0;0.0;0.0
2030-07-13 22:00:00;131.1927962800399;0.0;0.0;0.0;0.0;0.0;0.0;0.0
2030-07-13 23:00:00;131.0783410588302;0.0;0.0;0.0;0.0;0.0;0.0;0.0
2030-07-14 00:00:00;121.3011348393989;0.0;0.0;0.0;0.0;0.0;0.0;0.0
2030-07-14 01:00:00;121.1933913433722;0.0;0.0;0.0;0.0;0.0;0.0;0.0
2030-07-14 02:00:00;121.1387638458919;0.0;0.0;0.0;0.0;0.0;0.0;0.0
2030-07-14 03:00:00;121.119727751978;0.0;0.0;0.0;0.0;0.0;0.0;0.0
2030-07-14 04:00:00;121.1346920101213;0.0;0.0;0.0;0.0;0.0;0.0;0.0
2030-07-14 05:00:00;121.1539960706051;0.0;0.0;0.0;0.0;0.0;0.0;0.0
2030-07-14 06:00:00;121.2059627437849;0.0;0.0;0.0;0.0;0.0;0.0;0.0
2030-07-14 07:00:00;121.2423266447289;0.0;0.0;0.0;0.0;0.0;0.0;0.0
2030-07-14 08:00:00;123.8141965114434;0.0;0.0;0.0;0.0;0.0;0.0;0.0
2030-07-14 09:00:00;121.2600982713906;0.0;0.0;0.0;0.0;0.0;0.0;0.0
2030-07-14 10:00:00;121.2628239938448;0.0;0.0;0.0;0.0;0.0;0.0;0.0
2030-07-14 11:00:00;121.2655559967655;0.0;0.0;0.0;0.0;0.0;0.0;0.0
2030-07-14 12:00:00;121.2491639792415;0.0;0.0;0.0;0.0;0.0;0.0;0.0
2030-07-14 13:00:00;121.2286729105921;0.0;0.0;0.0;0.0;0.0;0.0;0.0
2030-07-14 14:00:00;121.2208725712187;0.0;0.0;0.0;0.0;0.0;0.0;0.0
2030-07-14 15:00:00;121.224107011458;0.0;0.0;0.0;0.0;0.0;0.0;0.0
2030-07-14 16:00:00;121.2010346710836;0.0;0.0;0.0;0.0;0.0;0.0;0.0
2030-07-14 17:00:00;121.2128189196969;0.0;0.0;0.0;0.0;0.0;0.0;0.0
2030-07-14 18:00:00;121.1975531991625;0.0;0.0;0.0;0.0;0.0;0.0;0.0
2030-07-14 19:00:00;130.7405733843277;0.0;0.0;0.0;0.0;0.0;0.0;0.0
2030-07-14 20:00:00;130.7499522142776;0.0;0.0;0.0;0.0;0.0;0.0;0.0
2030-07-14 21:00:00;130.7754844040251;0.0;0.0;0.0;0.0;0.0;0.0;0.0
2030-07-14 22:00:00;130.7301624643856;0.0;0.0;0.0;0.0;0.0;0.0;0.0
2030-07-14 23:00:00;130.6898586174671;0.0;0.0;0.0;0.0;0.0;0.0;0.0
2030-07-15 00:00:00;129.9832119309878;0.0;0.0;0.0;0.0;0.0;0.0;0.0
2030-07-15 01:00:00;124.8212211619555;0.0;0.0;0.0;0.0;0.0;0.0;0.0
2030-07-15 02:00:00;127.5331496182472;0.0;0.0;0.0;0.0;0.0;0.0;0.0
2030-07-15 03:00:00;121.2922396053684;0.0;0.0;0.0;0.0;0.0;0.0;0.0
2030-07-15 04:00:00;121.3862330667721;0.0;0.0;0.0;0.0;0.0;0.0;0.0
2030-07-15 05:00:00;121.4446602464756;0.0;0.0;0.0;0.0;0.0;0.0;0.0
2030-07-15 06:00:00;121.5123071509777;0.0;0.0;0.0;0.0;0.0;0.0;0.0
2030-07-15 07:00:00;121.6784171155317;0.0;0.0;0.0;0.0;0.0;0.0;0.0
2030-07-15 08:00:00;121.5608049131694;0.0;0.0;0.0;0.0;0.0;0.0;0.0
2030-07-15 09:00:00;121.5744858626609;0.0;0.0;0.0;0.0;0.0;0.0;0.0
2030-07-15 10:00:00;121.5908590387855;0.0;0.0;0.0;0.0;0.0;0.0;0.0
2030-07-15 11:00:00;121.5784027802584;0.0;0.0;0.0;0.0;0.0;0.0;0.0
2030-07-15 12:00:00;121.58400914334;0.0;0.0;0.0;0.0;0.0;0.0;0.0
2030-07-15 13:00:00;121.5798745029045;0.0;0.0;0.0;0.0;0.0;0.0;0.0
2030-07-15 14:00:00;121.52010958384;0.0;0.0;0.0;0.0;0.0;0.0;0.0
2030-07-15 15:00:00;121.5174466660507;0.0;0.0;0.0;0.0;0.0;0.0;0.0
2030-07-15 16:00:00;121.5968380428786;0.0;0.0;0.0;0.0;0.0;0.0;0.0
2030-07-15 17:00:00;121.6097318405708;0.0;0.0;0.0;0.0;0.0;0.0;0.0
2030-07-15 18:00:00;121.6779125847242;0.0;0.0;0.0;0.0;0.0;0.0;0.0
2030-07-15 19:00:00;131.573034562398;0.0;0.0;0.0;0.0;0.0;0.0;0.0
2030-07-15 20:00:00;131.5719857244951;0.0;0.0;0.0;0.0;0.0;0.0;0.0
2030-07-15 21:00:00;128.022094401493;0.0;0.0;0.0;0.0;0.0;0.0;0.0
2030-07-15 22:00:00;121.5323543999956;0.0;0.0;0.0;0.0;0.0;0.0;0.0
2030-07-15 23:00:00;126.1920690489248;0.0;0.0;0.0;0.0;0.0;0.0;0.0
2030-07-16 00:00:00;121.3262420509143;0.0;0.0;0.0;0.0;0.0;0.0;0.0
2030-07-16 01:00:00;121.2693305571226;0.0;0.0;0.0;0.0;0.0;0.0;0.0
2030-07-16 02:00:00;129.5195188099865;0.0;0.0;0.0;0.0;0.0;0.0;0.0
2030-07-16 03:00:00;131.0933660281495;0.0;0.0;0.0;0.0;0.0;0.0;0.0
2030-07-16 04:00:00;131.0310742680696;0.0;0.0;0.0;0.0;0.0;0.0;0.0
2030-07-16 05:00:00;125.7344114562148;0.0;0.0;0.0;0.0;0.0;0.0;0.0
2030-07-16 06:00:00;130.2639027260811;0.0;0.0;0.0;0.0;0.0;0.0;0.0
2030-07-16 07:00:00;121.6879403962107;0.0;0.0;0.0;0.0;0.0;0.0;0.0
2030-07-16 08:00:00;121.647956853083;0.0;0.0;0.0;0.0;0.0;0.0;0.0
2030-07-16 09:00:00;121.6875824096212;0.0;0.0;0.0;0.0;0.0;0.0;0.0
2030-07-16 10:00:00;121.6229773443862;0.0;0.0;0.0;0.0;0.0;0.0;0.0
2030-07-16 11:00:00;121.6013725396802;0.0;0.0;0.0;0.0;0.0;0.0;0.0
2030-07-16 12:00:00;121.6642065133667;0.0;0.0;0.0;0.0;0.0;0.0;0.0
2030-07-16 13:00:00;121.6035748899274;0.0;0.0;0.0;0.0;0.0;0.0;0.0
2030-07-16 14:00:00;121.6187673383529;0.0;0.0;0.0;0.0;0.0;0.0;0.0
2030-07-16 15:00:00;121.7221145078406;0.0;0.0;0.0;0.0;0.0;0.0;0.0
2030-07-16 16:00:00;121.7572139415325;0.0;0.0;0.0;0.0;0.0;0.0;0.0
2030-07-16 17:00:00;121.7411233863997;0.0;0.0;0.0;0.0;0.0;0.0;0.0
2030-07-16 18:00:00;121.781381176564;0.0;0.0;0.0;0.0;0.0;0.0;0.0
2030-07-16 19:00:00;121.8022972234455;0.0;0.0;0.0;0.0;0.0;0.0;0.0
2030-07-16 20:00:00;121.7903161868823;0.0;0.0;0.0;0.0;0.0;0.0;0.0
2030-07-16 21:00:00;121.8010474106152;0.0;0.0;0.0;0.0;0.0;0.0;0.0
2030-07-16 22:00:00;121.7696513586602;0.0;0.0;0.0;0.0;0.0;0.0;0.0
2030-07-16 23:00:00;121.7274508108634;0.0;0.0;0.0;0.0;0.0;0.0;0.0
2030-07-17 00:00:00;121.4366589321745;0.0;0.0;0.0;0.0;0.0;0.0;0.0
2030-07-17 01:00:00;121.4322521381913;0.0;0.0;0.0;0.0;0.0;0.0;0.0
2030-07-17 02:00:00;121.4140534398087;0.0;0.0;0.0;0.0;0.0;0.0;0.0
2030-07-17 03:00:00;121.39683030722;0.0;0.0;0.0;0.0;0.0;0.0;0.0
2030-07-17 04:00:00;121.4283959317701;0.0;0.0;0.0;0.0;0.0;0.0;0.0
2030-07-17 05:00:00;121.4435569778631;0.0;0.0;0.0;0.0;0.0;0.0;0.0
2030-07-17 06:00:00;121.5181710131853;0.0;0.0;0.0;0.0;0.0;0.0;0.0
2030-07-17 07:00:00;121.6618659928569;0.0;0.0;0.0;0.0;0.0;0.0;0.0
2030-07-17 08:00:00;121.6766753328268;0.0;0.0;0.0;0.0;0.0;0.0;0.0
2030-07-17 09:00:00;121.6718812434105;0.0;0.0;0.0;0.0;0.0;0.0;0.0
2030-07-17 10:00:00;121.6150262738171;0.0;0.0;0.0;0.0;0.0;0.0;0.0
2030-07-17 11:00:00;121.5997375249054;0.0;0.0;0.0;0.0;0.0;0.0;0.0
2030-07-17 12:00:00;121.5425287557001;0.0;0.0;0.0;0.0;0.0;0.0;0.0
2030-07-17 13:00:00;121.5265742773412;0.0;0.0;0.0;0.0;0.0;0.0;0.0
2030-07-17 14:00:00;121.5389530767817;0.0;0.0;0.0;0.0;0.0;0.0;0.0
2030-07-17 15:00:00;121.5818926261348;0.0;0.0;0.0;0.0;0.0;0.0;0.0
2030-07-17 16:00:00;121.4962856809763;0.0;0.0;0.0;0.0;0.0;0.0;0.0
2030-07-17 17:00:00;121.6759112094046;0.0;0.0;0.0;0.0;0.0;0.0;0.0
2030-07-17 18:00:00;121.7417598070035;0.0;0.0;0.0;0.0;0.0;0.0;0.0
2030-07-17 19:00:00;121.54892436407;0.0;0.0;0.0;0.0;0.0;0.0;0.0
2030-07-17 20:00:00;121.5441763314078;0.0;0.0;0.0;0.0;0.0;0.0;0.0
2030-07-17 21:00:00;121.6249933741276;0.0;0.0;0.0;0.0;0.0;0.0;0.0
2030-07-17 22:00:00;121.5859121246848;0.0;0.0;0.0;0.0;0.0;0.0;0.0
2030-07-17 23:00:00;121.6331265782248;0.0;0.0;0.0;0.0;0.0;0.0;0.0
2030-07-18 00:00:00;121.6380190616161;0.0;0.0;0.0;0.0;0.0;0.0;0.0
2030-07-18 01:00:00;121.4716306630479;0.0;0.0;0.0;0.0;0.0;0.0;0.0
2030-07-18 02:00:00;121.4827408082586;0.0;0.0;0.0;0.0;0.0;0.0;0.0
2030-07-18 03:00:00;121.4468730641669;0.0;0.0;0.0;0.0;0.0;0.0;0.0
2030-07-18 04:00:00;121.4273952441102;0.0;0.0;0.0;0.0;0.0;0.0;0.0
2030-07-18 05:00:00;121.436093690191;0.0;0.0;0.0;0.0;0.0;0.0;0.0
2030-07-18 06:00:00;121.4874993083648;0.0;0.0;0.0;0.0;0.0;0.0;0.0
2030-07-18 07:00:00;121.5842059312899;0.0;0.0;0.0;0.0;0.0;0.0;0.0
2030-07-18 08:00:00;121.6436065832982;0.0;0.0;0.0;0.0;0.0;0.0;0.0
2030-07-18 09:00:00;121.5880118939793;0.0;0.0;0.0;0.0;0.0;0.0;0.0
2030-07-18 10:00:00;121.4575540441677;0.0;0.0;0.0;0.0;0.0;0.0;0.0
2030-07-18 11:00:00;121.448623220827;0.0;0.0;0.0;0.0;0.0;0.0;0.0
2030-07-18 12:00:00;121.4790688288541;0.0;0.0;0.0;0.0;0.0;0.0;0.0
2030-07-18 13:00:00;121.5172268497237;0.0;0.0;0.0;0.0;0.0;0.0;0.0
2030-07-18 14:00:00;121.4961726325796;0.0;0.0;0.0;0.0;0.0;0.0;0.0
2030-07-18 15:00:00;121.4720954175676;0.0;0.0;0.0;0.0;0.0;0.0;0.0
2030-07-18 16:00:00;121.4806221975645;0.0;0.0;0.0;0.0;0.0;0.0;0.0
2030-07-18 17:00:00;121.5230593095988;0.0;0.0;0.0;0.0;0.0;0.0;0.0
2030-07-18 18:00:00;121.5693882173645;0.0;0.0;0.0;0.0;0.0;0.0;0.0
2030-07-18 19:00:00;121.6035748899274;0.0;0.0;0.0;0.0;0.0;0.0;0.0
2030-07-18 20:00:00;121.5685654762552;0.0;0.0;0.0;0.0;0.0;0.0;0.0
2030-07-18 21:00:00;121.5676485281484;0.0;0.0;0.0;0.0;0.0;0.0;0.0
2030-07-18 22:00:00;121.5246985113512;0.0;0.0;0.0;0.0;0.0;0.0;0.0
2030-07-18 23:00:00;121.4616593757596;0.0;0.0;0.0;0.0;0.0;0.0;0.0
2030-07-19 00:00:00;121.4983854502709;0.0;0.0;0.0;0.0;0.0;0.0;0.0
2030-07-19 01:00:00;121.4747353069799;0.0;0.0;0.0;0.0;0.0;0.0;0.0
2030-07-19 02:00:00;121.5109652246389;0.0;0.0;0.0;0.0;0.0;0.0;0.0
2030-07-19 03:00:00;121.5031795396872;0.0;0.0;0.0;0.0;0.0;0.0;0.0
2030-07-19 04:00:00;121.5040671789503;0.0;0.0;0.0;0.0;0.0;0.0;0.0
2030-07-19 05:00:00;121.5453319372409;0.0;0.0;0.0;0.0;0.0;0.0;0.0
2030-07-19 06:00:00;121.6707235440885;0.0;0.0;0.0;0.0;0.0;0.0;0.0
2030-07-19 07:00:00;121.686939708551;0.0;0.0;0.0;0.0;0.0;0.0;0.0
2030-07-19 08:00:00;121.7199163445711;0.0;0.0;0.0;0.0;0.0;0.0;0.0
2030-07-19 09:00:00;121.6831232784173;0.0;0.0;0.0;0.0;0.0;0.0;0.0
2030-07-19 10:00:00;121.6576811086895;0.0;0.0;0.0;0.0;0.0;0.0;0.0
2030-07-19 11:00:00;121.6696202754761;0.0;0.0;0.0;0.0;0.0;0.0;0.0
2030-07-19 12:00:00;121.7281835319532;0.0;0.0;0.0;0.0;0.0;0.0;0.0
2030-07-19 13:00:00;121.668537941752;0.0;0.0;0.0;0.0;0.0;0.0;0.0
2030-07-19 14:00:00;121.6058002685517;0.0;0.0;0.0;0.0;0.0;0.0;0.0
2030-07-19 15:00:00;121.5877627688088;0.0;0.0;0.0;0.0;0.0;0.0;0.0
2030-07-19 16:00:00;121.6071191665133;0.0;0.0;0.0;0.0;0.0;0.0;0.0
2030-07-19 17:00:00;121.6147122504929;0.0;0.0;0.0;0.0;0.0;0.0;0.0
2030-07-19 18:00:00;121.6973213196495;0.0;0.0;0.0;0.0;0.0;0.0;0.0
2030-07-19 19:00:00;121.6319228221487;0.0;0.0;0.0;0.0;0.0;0.0;0.0
2030-07-19 20:00:00;121.6138518265845;0.0;0.0;0.0;0.0;0.0;0.0;0.0
2030-07-19 21:00:00;121.6002106533807;0.0;0.0;0.0;0.0;0.0;0.0;0.0
2030-07-19 22:00:00;121.5627434838242;0.0;0.0;0.0;0.0;0.0;0.0;0.0
2030-07-19 23:00:00;121.5441553965195;0.0;0.0;0.0;0.0;0.0;0.0;0.0
2030-07-20 00:00:00;121.5362441022381;0.0;0.0;0.0;0.0;0.0;0.0;0.0
2030-07-20 01:00:00;121.372669352655;0.0;0.0;0.0;0.0;0.0;0.0;0.0
2030-07-20 02:00:00;121.3435677644556;0.0;0.0;0.0;0.0;0.0;0.0;0.0
2030-07-20 03:00:00;121.361063050592;0.0;0.0;0.0;0.0;0.0;0.0;0.0
2030-07-20 04:00:00;121.3325560132198;0.0;0.0;0.0;0.0;0.0;0.0;0.0
2030-07-20 05:00:00;121.2981537113077;0.0;0.0;0.0;0.0;0.0;0.0;0.0
2030-07-20 06:00:00;121.3650260249436;0.0;0.0;0.0;0.0;0.0;0.0;0.0
2030-07-20 07:00:00;121.3666191699418;0.0;0.0;0.0;0.0;0.0;0.0;0.0
2030-07-20 08:00:00;121.4144909789738;0.0;0.0;0.0;0.0;0.0;0.0;0.0
2030-07-20 09:00:00;121.4174762940427;0.0;0.0;0.0;0.0;0.0;0.0;0.0
2030-07-20 10:00:00;121.4113005019998;0.0;0.0;0.0;0.0;0.0;0.0;0.0
2030-07-20 11:00:00;121.4044359521325;0.0;0.0;0.0;0.0;0.0;0.0;0.0
2030-07-20 12:00:00;121.3973683338488;0.0;0.0;0.0;0.0;0.0;0.0;0.0
2030-07-20 13:00:00;121.3273850958144;0.0;0.0;0.0;0.0;0.0;0.0;0.0
2030-07-20 14:00:00;121.3331819663794;0.0;0.0;0.0;0.0;0.0;0.0;0.0
2030-07-20 15:00:00;121.4185649082333;0.0;0.0;0.0;0.0;0.0;0.0;0.0
2030-07-20 16:00:00;121.4366254363533;0.0;0.0;0.0;0.0;0.0;0.0;0.0
2030-07-20 17:00:00;121.4163206882096;0.0;0.0;0.0;0.0;0.0;0.0;0.0
2030-07-20 18:00:00;121.4110702182287;0.0;0.0;0.0;0.0;0.0;0.0;0.0
2030-07-20 19:00:00;121.4015574049938;0.0;0.0;0.0;0.0;0.0;0.0;0.0
2030-07-20 20:00:00;121.3965225643623;0.0;0.0;0.0;0.0;0.0;0.0;0.0
2030-07-20 21:00:00;121.3880439346085;0.0;0.0;0.0;0.0;0.0;0.0;0.0
2030-07-20 22:00:00;121.3854668498611;0.0;0.0;0.0;0.0;0.0;0.0;0.0
2030-07-20 23:00:00;121.3795778657877;0.0;0.0;0.0;0.0;0.0;0.0;0.0
2030-07-21 00:00:00;121.387964382033;0.0;0.0;0.0;0.0;0.0;0.0;0.0
2030-07-21 01:00:00;121.3161200324304;0.0;0.0;0.0;0.0;0.0;0.0;0.0
2030-07-21 02:00:00;121.2978438749611;0.0;0.0;0.0;0.0;0.0;0.0;0.0
2030-07-21 03:00:00;121.2511862894494;0.0;0.0;0.0;0.0;0.0;0.0;0.0
2030-07-21 04:00:00;121.1960793830275;0.0;0.0;0.0;0.0;0.0;0.0;0.0
2030-07-21 05:00:00;121.2006369082063;0.0;0.0;0.0;0.0;0.0;0.0;0.0
2030-07-21 06:00:00;121.1939314634899;0.0;0.0;0.0;0.0;0.0;0.0;0.0
2030-07-21 07:00:00;121.2073318854785;0.0;0.0;0.0;0.0;0.0;0.0;0.0
2030-07-21 08:00:00;121.2912033283985;0.0;0.0;0.0;0.0;0.0;0.0;0.0
2030-07-21 09:00:00;121.2267552748256;0.0;0.0;0.0;0.0;0.0;0.0;0.0
2030-07-21 10:00:00;121.2037729544707;0.0;0.0;0.0;0.0;0.0;0.0;0.0
2030-07-21 11:00:00;121.1839748306234;0.0;0.0;0.0;0.0;0.0;0.0;0.0
2030-07-21 12:00:00;121.1710056673334;0.0;0.0;0.0;0.0;0.0;0.0;0.0
2030-07-21 13:00:00;121.1375977726147;0.0;0.0;0.0;0.0;0.0;0.0;0.0
2030-07-21 14:00:00;121.1395614651354;0.0;0.0;0.0;0.0;0.0;0.0;0.0
2030-07-21 15:00:00;121.1295587755147;0.0;0.0;0.0;0.0;0.0;0.0;0.0
2030-07-21 16:00:00;121.1778220669576;0.0;0.0;0.0;0.0;0.0;0.0;0.0
2030-07-21 17:00:00;121.2365737374293;0.0;0.0;0.0;0.0;0.0;0.0;0.0
2030-07-21 18:00:00;131.0402123468042;0.0;0.0;0.0;0.0;0.0;0.0;0.0
2030-07-21 19:00:00;131.094846124751;0.0;0.0;0.0;0.0;0.0;0.0;0.0
2030-07-21 20:00:00;131.1796868529984;0.0;0.0;0.0;0.0;0.0;0.0;0.0
2030-07-21 21:00:00;131.1090399790055;0.0;0.0;0.0;0.0;0.0;0.0;0.0
2030-07-21 22:00:00;131.1127747630748;0.0;0.0;0.0;0.0;0.0;0.0;0.0
2030-07-21 23:00:00;131.0757179173287;0.0;0.0;0.0;0.0;0.0;0.0;0.0
2030-07-22 00:00:00;131.0759126117897;0.0;0.0;0.0;0.0;0.0;0.0;0.0
2030-07-22 01:00:00;131.2140368176897;0.0;0.0;0.0;0.0;0.0;0.0;0.0
2030-07-22 02:00:00;131.2280359774832;0.0;0.0;0.0;0.0;0.0;0.0;0.0
2030-07-22 03:00:00;131.0571800737559;0.0;0.0;0.0;0.0;0.0;0.0;0.0
2030-07-22 04:00:00;131.0303603883792;0.0;0.0;0.0;0.0;0.0;0.0;0.0
2030-07-22 05:00:00;131.0751819841887;0.0;0.0;0.0;0.0;0.0;0.0;0.0
2030-07-22 06:00:00;131.1945066604125;0.0;0.0;0.0;0.0;0.0;0.0;0.0
2030-07-22 07:00:00;131.1889945043281;0.0;0.0;0.0;0.0;0.0;0.0;0.0
2030-07-22 08:00:00;131.1469174723722;0.0;0.0;0.0;0.0;0.0;0.0;0.0
2030-07-22 09:00:00;125.4595279991306;0.0;0.0;0.0;0.0;0.0;0.0;0.0
2030-07-22 10:00:00;121.367261871012;0.0;0.0;0.0;0.0;0.0;0.0;0.0
2030-07-22 11:00:00;121.3463186087757;0.0;0.0;0.0;0.0;0.0;0.0;0.0
2030-07-22 12:00:00;121.3461490361807;0.0;0.0;0.0;0.0;0.0;0.0;0.0
2030-07-22 13:00:00;121.323311166555;0.0;0.0;0.0;0.0;0.0;0.0;0.0
2030-07-22 14:00:00;121.3225889129093;0.0;0.0;0.0;0.0;0.0;0.0;0.0
2030-07-22 15:00:00;121.3314694925181;0.0;0.0;0.0;0.0;0.0;0.0;0.0
2030-07-22 16:00:00;131.1076478089348;0.0;0.0;0.0;0.0;0.0;0.0;0.0
2030-07-22 17:00:00;131.1511316653832;0.0;0.0;0.0;0.0;0.0;0.0;0.0
2030-07-22 18:00:00;131.2096069953295;0.0;0.0;0.0;0.0;0.0;0.0;0.0
2030-07-22 19:00:00;131.3565238543075;0.0;0.0;0.0;0.0;0.0;0.0;0.0
2030-07-22 20:00:00;131.4278636731025;0.0;0.0;0.0;0.0;0.0;0.0;0.0
2030-07-22 21:00:00;131.4328482700023;0.0;0.0;0.0;0.0;0.0;0.0;0.0
2030-07-22 22:00:00;131.4136530709375;0.0;0.0;0.0;0.0;0.0;0.0;0.0
2030-07-22 23:00:00;131.3994968994819;0.0;0.0;0.0;0.0;0.0;0.0;0.0
2030-07-23 00:00:00;130.1240158025877;0.0;0.0;0.0;0.0;0.0;0.0;0.0
2030-07-23 01:00:00;123.923914167435;0.0;0.0;0.0;0.0;0.0;0.0;0.0
2030-07-23 02:00:00;127.0646226315419;0.0;0.0;0.0;0.0;0.0;0.0;0.0
2030-07-23 03:00:00;121.3568823534022;0.0;0.0;0.0;0.0;0.0;0.0;0.0
2030-07-23 04:00:00;121.8917813099135;0.0;0.0;0.0;0.0;0.0;0.0;0.0
2030-07-23 05:00:00;121.3700566785975;0.0;0.0;0.0;0.0;0.0;0.0;0.0
2030-07-23 06:00:00;128.1499291098029;0.0;0.0;0.0;0.0;0.0;0.0;0.0
2030-07-23 07:00:00;121.4097848160883;0.0;0.0;0.0;0.0;0.0;0.0;0.0
2030-07-23 08:00:00;121.4774233466352;0.0;0.0;0.0;0.0;0.0;0.0;0.0
2030-07-23 09:00:00;121.4957455608587;0.0;0.0;0.0;0.0;0.0;0.0;0.0
2030-07-23 10:00:00;121.5080531816791;0.0;0.0;0.0;0.0;0.0;0.0;0.0
2030-07-23 11:00:00;121.4290260719073;0.0;0.0;0.0;0.0;0.0;0.0;0.0
2030-07-23 12:00:00;121.4106933902397;0.0;0.0;0.0;0.0;0.0;0.0;0.0
2030-07-23 13:00:00;121.4110262549633;0.0;0.0;0.0;0.0;0.0;0.0;0.0
2030-07-23 14:00:00;121.401932139494;0.0;0.0;0.0;0.0;0.0;0.0;0.0
2030-07-23 15:00:00;121.3257479875509;0.0;0.0;0.0;0.0;0.0;0.0;0.0
2030-07-23 16:00:00;121.3970668714576;0.0;0.0;0.0;0.0;0.0;0.0;0.0
2030-07-23 17:00:00;121.4058951138456;0.0;0.0;0.0;0.0;0.0;0.0;0.0
2030-07-23 18:00:00;121.4148489655634;0.0;0.0;0.0;0.0;0.0;0.0;0.0
2030-07-23 19:00:00;121.3859232304256;0.0;0.0;0.0;0.0;0.0;0.0;0.0
2030-07-23 20:00:00;121.3889525087599;0.0;0.0;0.0;0.0;0.0;0.0;0.0
2030-07-23 21:00:00;121.380900950727;0.0;0.0;0.0;0.0;0.0;0.0;0.0
2030-07-23 22:00:00;121.3869720683285;0.0;0.0;0.0;0.0;0.0;0.0;0.0
2030-07-23 23:00:00;121.3566416021871;0.0;0.0;0.0;0.0;0.0;0.0;0.0
2030-07-24 00:00:00;121.3574120060758;0.0;0.0;0.0;0.0;0.0;0.0;0.0
2030-07-24 01:00:00;121.3701906618825;0.0;0.0;0.0;0.0;0.0;0.0;0.0
2030-07-24 02:00:00;121.383408950343;0.0;0.0;0.0;0.0;0.0;0.0;0.0
2030-07-24 03:00:00;121.4363574697833;0.0;0.0;0.0;0.0;0.0;0.0;0.0
2030-07-24 04:00:00;121.4174239568219;0.0;0.0;0.0;0.0;0.0;0.0;0.0
2030-07-24 05:00:00;121.4174051154225;0.0;0.0;0.0;0.0;0.0;0.0;0.0
2030-07-24 06:00:00;121.3947451923472;0.0;0.0;0.0;0.0;0.0;0.0;0.0
2030-07-24 07:00:00;121.3767349079591;0.0;0.0;0.0;0.0;0.0;0.0;0.0
2030-07-24 08:00:00;121.3512215596111;0.0;0.0;0.0;0.0;0.0;0.0;0.0
2030-07-24 09:00:00;121.3364457154624;0.0;0.0;0.0;0.0;0.0;0.0;0.0
2030-07-24 10:00:00;121.3393284495787;0.0;0.0;0.0;0.0;0.0;0.0;0.0
2030-07-24 11:00:00;121.3687084717922;0.0;0.0;0.0;0.0;0.0;0.0;0.0
2030-07-24 12:00:00;121.3270585115572;0.0;0.0;0.0;0.0;0.0;0.0;0.0
2030-07-24 13:00:00;121.34016584511;0.0;0.0;0.0;0.0;0.0;0.0;0.0
2030-07-24 14:00:00;121.3173426299061;0.0;0.0;0.0;0.0;0.0;0.0;0.0
2030-07-24 15:00:00;121.2310678618114;0.0;0.0;0.0;0.0;0.0;0.0;0.0
2030-07-24 16:00:00;121.1960793830275;0.0;0.0;0.0;0.0;0.0;0.0;0.0
2030-07-24 17:00:00;121.2210756396349;0.0;0.0;0.0;0.0;0.0;0.0;0.0
2030-07-24 18:00:00;130.8432715722788;0.0;0.0;0.0;0.0;0.0;0.0;0.0
2030-07-24 19:00:00;130.8633795324726;0.0;0.0;0.0;0.0;0.0;0.0;0.0
2030-07-24 20:00:00;130.893393881801;0.0;0.0;0.0;0.0;0.0;0.0;0.0
2030-07-24 21:00:00;130.9328896420319;0.0;0.0;0.0;0.0;0.0;0.0;0.0
2030-07-24 22:00:00;130.980225517924;0.0;0.0;0.0;0.0;0.0;0.0;0.0
2030-07-24 23:00:00;130.983451584208;0.0;0.0;0.0;0.0;0.0;0.0;0.0
2030-07-25 00:00:00;131.0382339998616;0.0;0.0;0.0;0.0;0.0;0.0;0.0
2030-07-25 01:00:00;131.0333833862469;0.0;0.0;0.0;0.0;0.0;0.0;0.0
2030-07-25 02:00:00;131.0575275929014;0.0;0.0;0.0;0.0;0.0;0.0;0.0
2030-07-25 03:00:00;131.0616706072922;0.0;0.0;0.0;0.0;0.0;0.0;0.0
2030-07-25 04:00:00;131.0559218869702;0.0;0.0;0.0;0.0;0.0;0.0;0.0
2030-07-25 05:00:00;131.1894383239596;0.0;0.0;0.0;0.0;0.0;0.0;0.0
2030-07-25 06:00:00;131.2086293360467;0.0;0.0;0.0;0.0;0.0;0.0;0.0
2030-07-25 07:00:00;131.1999664792761;0.0;0.0;0.0;0.0;0.0;0.0;0.0
2030-07-25 08:00:00;131.1543305163125;0.0;0.0;0.0;0.0;0.0;0.0;0.0
2030-07-25 09:00:00;131.1236755594027;0.0;0.0;0.0;0.0;0.0;0.0;0.0
2030-07-25 10:00:00;121.361818800059;0.0;0.0;0.0;0.0;0.0;0.0;0.0
2030-07-25 11:00:00;121.3183642524541;0.0;0.0;0.0;0.0;0.0;0.0;0.0
2030-07-25 12:00:00;121.384907888344;0.0;0.0;0.0;0.0;0.0;0.0;0.0
2030-07-25 13:00:00;121.3608202058879;0.0;0.0;0.0;0.0;0.0;0.0;0.0
2030-07-25 14:00:00;121.2628219003559;0.0;0.0;0.0;0.0;0.0;0.0;0.0
2030-07-25 15:00:00;121.2837421342152;0.0;0.0;0.0;0.0;0.0;0.0;0.0
2030-07-25 16:00:00;121.2941028104254;0.0;0.0;0.0;0.0;0.0;0.0;0.0
2030-07-25 17:00:00;131.0209375951639;0.0;0.0;0.0;0.0;0.0;0.0;0.0
2030-07-25 18:00:00;131.0867799122963;0.0;0.0;0.0;0.0;0.0;0.0;0.0
2030-07-25 19:00:00;131.0366408548634;0.0;0.0;0.0;0.0;0.0;0.0;0.0
2030-07-25 20:00:00;131.0070724186554;0.0;0.0;0.0;0.0;0.0;0.0;0.0
2030-07-25 21:00:00;131.1437856130854;0.0;0.0;0.0;0.0;0.0;0.0;0.0
2030-07-25 22:00:00;131.0068630697727;0.0;0.0;0.0;0.0;0.0;0.0;0.0
2030-07-25 23:00:00;130.9627930364524;0.0;0.0;0.0;0.0;0.0;0.0;0.0
2030-07-26 00:00:00;131.2068226551881;0.0;0.0;0.0;0.0;0.0;0.0;0.0
2030-07-26 01:00:00;131.1896246444653;0.0;0.0;0.0;0.0;0.0;0.0;0.0
2030-07-26 02:00:00;131.2558772854081;0.0;0.0;0.0;0.0;0.0;0.0;0.0
2030-07-26 03:00:00;131.2970227148354;0.0;0.0;0.0;0.0;0.0;0.0;0.0
2030-07-26 04:00:00;131.2646908733744;0.0;0.0;0.0;0.0;0.0;0.0;0.0
2030-07-26 05:00:00;131.3030561496381;0.0;0.0;0.0;0.0;0.0;0.0;0.0
2030-07-26 06:00:00;131.2883117078217;0.0;0.0;0.0;0.0;0.0;0.0;0.0
2030-07-26 07:00:00;131.1611301680261;0.0;0.0;0.0;0.0;0.0;0.0;0.0
2030-07-26 08:00:00;130.9592487598664;0.0;0.0;0.0;0.0;0.0;0.0;0.0
2030-07-26 09:00:00;130.9863720011232;0.0;0.0;0.0;0.0;0.0;0.0;0.0
2030-07-26 10:00:00;121.3338246674496;0.0;0.0;0.0;0.0;0.0;0.0;0.0
2030-07-26 11:00:00;121.3021983317237;0.0;0.0;0.0;0.0;0.0;0.0;0.0
2030-07-26 12:00:00;121.1910571033288;0.0;0.0;0.0;0.0;0.0;0.0;0.0
2030-07-26 13:00:00;121.1971072860421;0.0;0.0;0.0;0.0;0.0;0.0;0.0
2030-07-26 14:00:00;121.1986041305542;0.0;0.0;0.0;0.0;0.0;0.0;0.0
2030-07-26 15:00:00;121.2215717964872;0.0;0.0;0.0;0.0;0.0;0.0;0.0
2030-07-26 16:00:00;121.2464194153879;0.0;0.0;0.0;0.0;0.0;0.0;0.0
2030-07-26 17:00:00;130.9646708959312;0.0;0.0;0.0;0.0;0.0;0.0;0.0
2030-07-26 18:00:00;130.9340682762421;0.0;0.0;0.0;0.0;0.0;0.0;0.0
2030-07-26 19:00:00;130.8794344982953;0.0;0.0;0.0;0.0;0.0;0.0;0.0
2030-07-26 20:00:00;130.994034170234;0.0;0.0;0.0;0.0;0.0;0.0;0.0
2030-07-26 21:00:00;131.0539037637399;0.0;0.0;0.0;0.0;0.0;0.0;0.0
2030-07-26 22:00:00;131.09120345419;0.0;0.0;0.0;0.0;0.0;0.0;0.0
2030-07-26 23:00:00;131.1460654224191;0.0;0.0;0.0;0.0;0.0;0.0;0.0
2030-07-27 00:00:00;131.3349881347329;0.0;0.0;0.0;0.0;0.0;0.0;0.0
2030-07-27 01:00:00;131.2789956825367;0.0;0.0;0.0;0.0;0.0;0.0;0.0
2030-07-27 02:00:00;131.3595007954211;0.0;0.0;0.0;0.0;0.0;0.0;0.0
2030-07-27 03:00:00;131.3593479707367;0.0;0.0;0.0;0.0;0.0;0.0;0.0
2030-07-27 04:00:00;131.3454074286303;0.0;0.0;0.0;0.0;0.0;0.0;0.0
2030-07-27 05:00:00;131.3433160332911;0.0;0.0;0.0;0.0;0.0;0.0;0.0
2030-07-27 06:00:00;131.3988311700346;0.0;0.0;0.0;0.0;0.0;0.0;0.0
2030-07-27 07:00:00;131.4864939212222;0.0;0.0;0.0;0.0;0.0;0.0;0.0
2030-07-27 08:00:00;131.461665143721;0.0;0.0;0.0;0.0;0.0;0.0;0.0
2030-07-27 09:00:00;121.5490060101343;0.0;0.0;0.0;0.0;0.0;0.0;0.0
2030-07-27 10:00:00;121.5133915781907;0.0;0.0;0.0;0.0;0.0;0.0;0.0
2030-07-27 11:00:00;121.49206311401;0.0;0.0;0.0;0.0;0.0;0.0;0.0
2030-07-27 12:00:00;121.4739732770464;0.0;0.0;0.0;0.0;0.0;0.0;0.0
2030-07-27 13:00:00;121.4304140550003;0.0;0.0;0.0;0.0;0.0;0.0;0.0
2030-07-27 14:00:00;121.4197456359323;0.0;0.0;0.0;0.0;0.0;0.0;0.0
2030-07-27 15:00:00;121.4506643724345;0.0;0.0;0.0;0.0;0.0;0.0;0.0
2030-07-27 16:00:00;121.3867082887361;0.0;0.0;0.0;0.0;0.0;0.0;0.0
2030-07-27 17:00:00;131.3002508746083;0.0;0.0;0.0;0.0;0.0;0.0;0.0
2030-07-27 18:00:00;131.3983768829588;0.0;0.0;0.0;0.0;0.0;0.0;0.0
2030-07-27 19:00:00;131.3894502465959;0.0;0.0;0.0;0.0;0.0;0.0;0.0
2030-07-27 20:00:00;131.3876917159803;0.0;0.0;0.0;0.0;0.0;0.0;0.0
2030-07-27 21:00:00;131.3993168594427;0.0;0.0;0.0;0.0;0.0;0.0;0.0
2030-07-27 22:00:00;131.4412515341582;0.0;0.0;0.0;0.0;0.0;0.0;0.0
2030-07-27 23:00:00;131.400920471885;0.0;0.0;0.0;0.0;0.0;0.0;0.0
2030-07-28 00:00:00;131.0991377768486;0.0;0.0;0.0;0.0;0.0;0.0;0.0
2030-07-28 01:00:00;130.9423145287359;0.0;0.0;0.0;0.0;0.0;0.0;0.0
2030-07-28 02:00:00;130.9383285260073;0.0;0.0;0.0;0.0;0.0;0.0;0.0
2030-07-28 03:00:00;130.9144564729005;0.0;0.0;0.0;0.0;0.0;0.0;0.0
2030-07-28 04:00:00;130.9246936332699;0.0;0.0;0.0;0.0;0.0;0.0;0.0
2030-07-28 05:00:00;130.9188716408389;0.0;0.0;0.0;0.0;0.0;0.0;0.0
2030-07-28 06:00:00;130.9499473890032;0.0;0.0;0.0;0.0;0.0;0.0;0.0
2030-07-28 07:00:00;131.0094589959195;0.0;0.0;0.0;0.0;0.0;0.0;0.0
2030-07-28 08:00:00;131.0065281115601;0.0;0.0;0.0;0.0;0.0;0.0;0.0
2030-07-28 09:00:00;131.0350916731306;0.0;0.0;0.0;0.0;0.0;0.0;0.0
2030-07-28 10:00:00;121.2902780063364;0.0;0.0;0.0;0.0;0.0;0.0;0.0
2030-07-28 11:00:00;121.3685095903536;0.0;0.0;0.0;0.0;0.0;0.0;0.0
2030-07-28 12:00:00;121.3515627982901;0.0;0.0;0.0;0.0;0.0;0.0;0.0
2030-07-28 13:00:00;121.3479452495952;0.0;0.0;0.0;0.0;0.0;0.0;0.0
2030-07-28 14:00:00;121.3806350776458;0.0;0.0;0.0;0.0;0.0;0.0;0.0
2030-07-28 15:00:00;121.4252284831731;0.0;0.0;0.0;0.0;0.0;0.0;0.0
2030-07-28 16:00:00;121.4787589925075;0.0;0.0;0.0;0.0;0.0;0.0;0.0
2030-07-28 17:00:00;131.4863599379372;0.0;0.0;0.0;0.0;0.0;0.0;0.0
2030-07-28 18:00:00;131.4518194657624;0.0;0.0;0.0;0.0;0.0;0.0;0.0
2030-07-28 19:00:00;131.4469939740137;0.0;0.0;0.0;0.0;0.0;0.0;0.0
2030-07-28 20:00:00;131.4097256858959;0.0;0.0;0.0;0.0;0.0;0.0;0.0
2030-07-28 21:00:00;131.4217276573474;0.0;0.0;0.0;0.0;0.0;0.0;0.0
2030-07-28 22:00:00;131.4138854481973;0.0;0.0;0.0;0.0;0.0;0.0;0.0
2030-07-28 23:00:00;131.4232433432589;0.0;0.0;0.0;0.0;0.0;0.0;0.0
2030-07-29 00:00:00;131.3550919079491;0.0;0.0;0.0;0.0;0.0;0.0;0.0
2030-07-29 01:00:00;131.524808953754;0.0;0.0;0.0;0.0;0.0;0.0;0.0
2030-07-29 02:00:00;131.5677715314842;0.0;0.0;0.0;0.0;0.0;0.0;0.0
2030-07-29 03:00:00;131.5380188682593;0.0;0.0;0.0;0.0;0.0;0.0;0.0
2030-07-29 04:00:00;131.5515616474883;0.0;0.0;0.0;0.0;0.0;0.0;0.0
2030-07-29 05:00:00;131.5854740730146;0.0;0.0;0.0;0.0;0.0;0.0;0.0
2030-07-29 06:00:00;131.474075345494;0.0;0.0;0.0;0.0;0.0;0.0;0.0
2030-07-29 07:00:00;131.5362708050878;0.0;0.0;0.0;0.0;0.0;0.0;0.0
2030-07-29 08:00:00;131.5298375139191;0.0;0.0;0.0;0.0;0.0;0.0;0.0
2030-07-29 09:00:00;131.5201027908685;0.0;0.0;0.0;0.0;0.0;0.0;0.0
2030-07-29 10:00:00;131.5490578348498;0.0;0.0;0.0;0.0;0.0;0.0;0.0
2030-07-29 11:00:00;121.6583342772038;0.0;0.0;0.0;0.0;0.0;0.0;0.0
2030-07-29 12:00:00;121.6023418250076;0.0;0.0;0.0;0.0;0.0;0.0;0.0
2030-07-29 13:00:00;121.5876832162333;0.0;0.0;0.0;0.0;0.0;0.0;0.0
2030-07-29 14:00:00;121.5449027720312;0.0;0.0;0.0;0.0;0.0;0.0;0.0
2030-07-29 15:00:00;121.5279957562555;0.0;0.0;0.0;0.0;0.0;0.0;0.0
2030-07-29 16:00:00;131.4539987876325;0.0;0.0;0.0;0.0;0.0;0.0;0.0
2030-07-29 17:00:00;131.4856293103362;0.0;0.0;0.0;0.0;0.0;0.0;0.0
2030-07-29 18:00:00;131.4847793538719;0.0;0.0;0.0;0.0;0.0;0.0;0.0
2030-07-29 19:00:00;131.4386221121901;0.0;0.0;0.0;0.0;0.0;0.0;0.0
2030-07-29 20:00:00;131.4520413755782;0.0;0.0;0.0;0.0;0.0;0.0;0.0
2030-07-29 21:00:00;131.4273821706721;0.0;0.0;0.0;0.0;0.0;0.0;0.0
2030-07-29 22:00:00;131.401565266444;0.0;0.0;0.0;0.0;0.0;0.0;0.0
2030-07-29 23:00:00;131.4532304772326;0.0;0.0;0.0;0.0;0.0;0.0;0.0
2030-07-30 00:00:00;131.4209865623022;0.0;0.0;0.0;0.0;0.0;0.0;0.0
2030-07-30 01:00:00;131.3978911935507;0.0;0.0;0.0;0.0;0.0;0.0;0.0
2030-07-30 02:00:00;131.3882946407628;0.0;0.0;0.0;0.0;0.0;0.0;0.0
2030-07-30 03:00:00;131.4037299338923;0.0;0.0;0.0;0.0;0.0;0.0;0.0
2030-07-30 04:00:00;127.8089751453041;0.0;0.0;0.0;0.0;0.0;0.0;0.0
2030-07-30 05:00:00;126.1564483365147;0.0;0.0;0.0;0.0;0.0;0.0;0.0
2030-07-30 06:00:00;128.9194537332342;0.0;0.0;0.0;0.0;0.0;0.0;0.0
2030-07-30 07:00:00;121.5199441982226;0.0;0.0;0.0;0.0;0.0;0.0;0.0
2030-07-30 08:00:00;121.4998990426936;0.0;0.0;0.0;0.0;0.0;0.0;0.0
2030-07-30 09:00:00;121.4616593757596;0.0;0.0;0.0;0.0;0.0;0.0;0.0
2030-07-30 10:00:00;121.4217993484727;0.0;0.0;0.0;0.0;0.0;0.0;0.0
2030-07-30 11:00:00;121.3856678247886;0.0;0.0;0.0;0.0;0.0;0.0;0.0
2030-07-30 12:00:00;121.3586073881967;0.0;0.0;0.0;0.0;0.0;0.0;0.0
2030-07-30 13:00:00;121.3440387994419;0.0;0.0;0.0;0.0;0.0;0.0;0.0
2030-07-30 14:00:00;121.355728841058;0.0;0.0;0.0;0.0;0.0;0.0;0.0
2030-07-30 15:00:00;121.3850251237184;0.0;0.0;0.0;0.0;0.0;0.0;0.0
2030-07-30 16:00:00;121.3604161625441;0.0;0.0;0.0;0.0;0.0;0.0;0.0
2030-07-30 17:00:00;121.3925030658123;0.0;0.0;0.0;0.0;0.0;0.0;0.0
2030-07-30 18:00:00;121.4032070741903;0.0;0.0;0.0;0.0;0.0;0.0;0.0
2030-07-30 19:00:00;121.4014003933317;0.0;0.0;0.0;0.0;0.0;0.0;0.0
2030-07-30 20:00:00;121.4025455317207;0.0;0.0;0.0;0.0;0.0;0.0;0.0
2030-07-30 21:00:00;121.4279583926049;0.0;0.0;0.0;0.0;0.0;0.0;0.0
2030-07-30 22:00:00;121.42491236636;0.0;0.0;0.0;0.0;0.0;0.0;0.0
2030-07-30 23:00:00;121.4197561033765;0.0;0.0;0.0;0.0;0.0;0.0;0.0
2030-07-31 00:00:00;121.4174281437996;0.0;0.0;0.0;0.0;0.0;0.0;0.0
2030-07-31 01:00:00;121.424633932346;0.0;0.0;0.0;0.0;0.0;0.0;0.0
2030-07-31 02:00:00;121.4217051414754;0.0;0.0;0.0;0.0;0.0;0.0;0.0
2030-07-31 03:00:00;121.4120018207572;0.0;0.0;0.0;0.0;0.0;0.0;0.0
2030-07-31 04:00:00;121.4099606691498;0.0;0.0;0.0;0.0;0.0;0.0;0.0
2030-07-31 05:00:00;121.4165886547796;0.0;0.0;0.0;0.0;0.0;0.0;0.0
2030-07-31 06:00:00;121.3419515910803;0.0;0.0;0.0;0.0;0.0;0.0;0.0
2030-07-31 07:00:00;121.3683002414707;0.0;0.0;0.0;0.0;0.0;0.0;0.0
2030-07-31 08:00:00;121.3457973300575;0.0;0.0;0.0;0.0;0.0;0.0;0.0
2030-07-31 09:00:00;121.354146163504;0.0;0.0;0.0;0.0;0.0;0.0;0.0
2030-07-31 10:00:00;121.3449013168391;0.0;0.0;0.0;0.0;0.0;0.0;0.0
2030-07-31 11:00:00;121.367006465375;0.0;0.0;0.0;0.0;0.0;0.0;0.0
2030-07-31 12:00:00;121.3826846032086;0.0;0.0;0.0;0.0;0.0;0.0;0.0
2030-07-31 13:00:00;121.3307953891154;0.0;0.0;0.0;0.0;0.0;0.0;0.0
2030-07-31 14:00:00;121.3592417153116;0.0;0.0;0.0;0.0;0.0;0.0;0.0
2030-07-31 15:00:00;121.3596457586554;0.0;0.0;0.0;0.0;0.0;0.0;0.0
2030-07-31 16:00:00;121.3764522869674;0.0;0.0;0.0;0.0;0.0;0.0;0.0
2030-07-31 17:00:00;121.3325371718204;0.0;0.0;0.0;0.0;0.0;0.0;0.0
2030-07-31 18:00:00;121.3721459804479;0.0;0.0;0.0;0.0;0.0;0.0;0.0
2030-07-31 19:00:00;121.3633847297023;0.0;0.0;0.0;0.0;0.0;0.0;0.0
2030-07-31 20:00:00;131.1419831192043;0.0;0.0;0.0;0.0;0.0;0.0;0.0
2030-07-31 21:00:00;130.7546709380961;0.0;0.0;0.0;0.0;0.0;0.0;0.0
2030-07-31 22:00:00;131.1296461895404;0.0;0.0;0.0;0.0;0.0;0.0;0.0
2030-07-31 23:00:00;131.1210503244122;0.0;0.0;0.0;0.0;0.0;0.0;0.0
2030-08-01 00:00:00;131.0966004683889;0.0;0.0;0.0;0.0;0.0;0.0;0.0
2030-08-01 01:00:00;131.0856557087956;0.0;0.0;0.0;0.0;0.0;0.0;0.0
2030-08-01 02:00:00;131.0930080415599;0.0;0.0;0.0;0.0;0.0;0.0;0.0
2030-08-01 03:00:00;131.1302177119904;0.0;0.0;0.0;0.0;0.0;0.0;0.0
2030-08-01 04:00:00;131.1284424334642;0.0;0.0;0.0;0.0;0.0;0.0;0.0
2030-08-01 05:00:00;131.2196850505479;0.0;0.0;0.0;0.0;0.0;0.0;0.0
2030-08-01 06:00:00;131.3252345702829;0.0;0.0;0.0;0.0;0.0;0.0;0.0
2030-08-01 07:00:00;131.4194562219689;0.0;0.0;0.0;0.0;0.0;0.0;0.0
2030-08-01 08:00:00;131.464623243435;0.0;0.0;0.0;0.0;0.0;0.0;0.0
2030-08-01 09:00:00;130.3833739465229;0.0;0.0;0.0;0.0;0.0;0.0;0.0
2030-08-01 10:00:00;127.9698555747655;0.0;0.0;0.0;0.0;0.0;0.0;0.0
2030-08-01 11:00:00;121.5064139799267;0.0;0.0;0.0;0.0;0.0;0.0;0.0
2030-08-01 12:00:00;129.1107567423455;0.0;0.0;0.0;0.0;0.0;0.0;0.0
2030-08-01 13:00:00;121.5080531816791;0.0;0.0;0.0;0.0;0.0;0.0;0.0
2030-08-01 14:00:00;121.5264779768551;0.0;0.0;0.0;0.0;0.0;0.0;0.0
2030-08-01 15:00:00;121.4873213618144;0.0;0.0;0.0;0.0;0.0;0.0;0.0
2030-08-01 16:00:00;121.480373072394;0.0;0.0;0.0;0.0;0.0;0.0;0.0
2030-08-01 17:00:00;131.4009288458403;0.0;0.0;0.0;0.0;0.0;0.0;0.0
2030-08-01 18:00:00;131.390909408309;0.0;0.0;0.0;0.0;0.0;0.0;0.0
2030-08-01 19:00:00;131.3621260304115;0.0;0.0;0.0;0.0;0.0;0.0;0.0
2030-08-01 20:00:00;131.340223950292;0.0;0.0;0.0;0.0;0.0;0.0;0.0
2030-08-01 21:00:00;131.3556320280668;0.0;0.0;0.0;0.0;0.0;0.0;0.0
2030-08-01 22:00:00;131.3474025234836;0.0;0.0;0.0;0.0;0.0;0.0;0.0
2030-08-01 23:00:00;131.3906205068507;0.0;0.0;0.0;0.0;0.0;0.0;0.0
2030-08-02 00:00:00;131.3012850580895;0.0;0.0;0.0;0.0;0.0;0.0;0.0
2030-08-02 01:00:00;131.2012246660618;0.0;0.0;0.0;0.0;0.0;0.0;0.0
2030-08-02 02:00:00;131.1932400996714;0.0;0.0;0.0;0.0;0.0;0.0;0.0
2030-08-02 03:00:00;131.2148909611317;0.0;0.0;0.0;0.0;0.0;0.0;0.0
2030-08-02 04:00:00;131.1950949307731;0.0;0.0;0.0;0.0;0.0;0.0;0.0
2030-08-02 05:00:00;131.2238301584276;0.0;0.0;0.0;0.0;0.0;0.0;0.0
2030-08-02 06:00:00;131.2138107208963;0.0;0.0;0.0;0.0;0.0;0.0;0.0
2030-08-02 07:00:00;131.2382082396989;0.0;0.0;0.0;0.0;0.0;0.0;0.0
2030-08-02 08:00:00;131.2791882835089;0.0;0.0;0.0;0.0;0.0;0.0;0.0
2030-08-02 09:00:00;121.4239409875439;0.0;0.0;0.0;0.0;0.0;0.0;0.0
2030-08-02 10:00:00;121.431477547325;0.0;0.0;0.0;0.0;0.0;0.0;0.0
2030-08-02 11:00:00;121.4333784351808;0.0;0.0;0.0;0.0;0.0;0.0;0.0
2030-08-02 12:00:00;121.4245041360386;0.0;0.0;0.0;0.0;0.0;0.0;0.0
2030-08-02 13:00:00;121.3986997927435;0.0;0.0;0.0;0.0;0.0;0.0;0.0
2030-08-02 14:00:00;121.3978414623239;0.0;0.0;0.0;0.0;0.0;0.0;0.0
2030-08-02 15:00:00;121.3948791756322;0.0;0.0;0.0;0.0;0.0;0.0;0.0
2030-08-02 16:00:00;121.4078315910116;0.0;0.0;0.0;0.0;0.0;0.0;0.0
2030-08-02 17:00:00;121.409910425418;0.0;0.0;0.0;0.0;0.0;0.0;0.0
2030-08-02 18:00:00;131.2711827822303;0.0;0.0;0.0;0.0;0.0;0.0;0.0
2030-08-02 19:00:00;131.2248182851545;0.0;0.0;0.0;0.0;0.0;0.0;0.0
2030-08-02 20:00:00;131.2196683026373;0.0;0.0;0.0;0.0;0.0;0.0;0.0
2030-08-02 21:00:00;131.1996001187312;0.0;0.0;0.0;0.0;0.0;0.0;0.0
2030-08-02 22:00:00;131.1116296246858;0.0;0.0;0.0;0.0;0.0;0.0;0.0
2030-08-02 23:00:00;131.0782154495006;0.0;0.0;0.0;0.0;0.0;0.0;0.0
2030-08-03 00:00:00;131.0020103626691;0.0;0.0;0.0;0.0;0.0;0.0;0.0
2030-08-03 01:00:00;130.9385315944236;0.0;0.0;0.0;0.0;0.0;0.0;0.0
2030-08-03 02:00:00;131.0371495726487;0.0;0.0;0.0;0.0;0.0;0.0;0.0
2030-08-03 03:00:00;131.0539833163154;0.0;0.0;0.0;0.0;0.0;0.0;0.0
2030-08-03 04:00:00;130.9601217447078;0.0;0.0;0.0;0.0;0.0;0.0;0.0
2030-08-03 05:00:00;130.9937515492423;0.0;0.0;0.0;0.0;0.0;0.0;0.0
2030-08-03 06:00:00;131.1587394037844;0.0;0.0;0.0;0.0;0.0;0.0;0.0
2030-08-03 07:00:00;131.2108128448944;0.0;0.0;0.0;0.0;0.0;0.0;0.0
2030-08-03 08:00:00;121.462507238735;0.0;0.0;0.0;0.0;0.0;0.0;0.0
2030-08-03 09:00:00;121.4068476512625;0.0;0.0;0.0;0.0;0.0;0.0;0.0
2030-08-03 10:00:00;121.4176856429255;0.0;0.0;0.0;0.0;0.0;0.0;0.0
2030-08-03 11:00:00;121.3962043540604;0.0;0.0;0.0;0.0;0.0;0.0;0.0
2030-08-03 12:00:00;121.4161615830586;0.0;0.0;0.0;0.0;0.0;0.0;0.0
2030-08-03 13:00:00;121.4116228992793;0.0;0.0;0.0;0.0;0.0;0.0;0.0
2030-08-03 14:00:00;121.3811437954311;0.0;0.0;0.0;0.0;0.0;0.0;0.0
2030-08-03 15:00:00;121.3920990224685;0.0;0.0;0.0;0.0;0.0;0.0;0.0
2030-08-03 16:00:00;121.4262940689866;0.0;0.0;0.0;0.0;0.0;0.0;0.0
2030-08-03 17:00:00;121.4472959489101;0.0;0.0;0.0;0.0;0.0;0.0;0.0
2030-08-03 18:00:00;131.4266536365599;0.0;0.0;0.0;0.0;0.0;0.0;0.0
2030-08-03 19:00:00;131.3945395179369;0.0;0.0;0.0;0.0;0.0;0.0;0.0
2030-08-03 20:00:00;131.3681636521918;0.0;0.0;0.0;0.0;0.0;0.0;0.0
2030-08-03 21:00:00;131.3069646932801;0.0;0.0;0.0;0.0;0.0;0.0;0.0
2030-08-03 22:00:00;131.299719128446;0.0;0.0;0.0;0.0;0.0;0.0;0.0
2030-08-03 23:00:00;131.2714214399567;0.0;0.0;0.0;0.0;0.0;0.0;0.0
2030-08-04 00:00:00;131.2017501317577;0.0;0.0;0.0;0.0;0.0;0.0;0.0
2030-08-04 01:00:00;131.0121575030189;0.0;0.0;0.0;0.0;0.0;0.0;0.0
2030-08-04 02:00:00;130.8791393163706;0.0;0.0;0.0;0.0;0.0;0.0;0.0
2030-08-04 03:00:00;130.8648596290741;0.0;0.0;0.0;0.0;0.0;0.0;0.0
2030-08-04 04:00:00;130.8751679680637;0.0;0.0;0.0;0.0;0.0;0.0;0.0
2030-08-04 05:00:00;130.8703257284043;0.0;0.0;0.0;0.0;0.0;0.0;0.0
2030-08-04 06:00:00;130.9033253928015;0.0;0.0;0.0;0.0;0.0;0.0;0.0
2030-08-04 07:00:00;121.270080026123;0.0;0.0;0.0;0.0;0.0;0.0;0.0
2030-08-04 08:00:00;121.2797163551987;0.0;0.0;0.0;0.0;0.0;0.0;0.0
2030-08-04 09:00:00;121.2640717131864;0.0;0.0;0.0;0.0;0.0;0.0;0.0
2030-08-04 10:00:00;121.2190679838488;0.0;0.0;0.0;0.0;0.0;0.0;0.0
2030-08-04 11:00:00;121.1791388714305;0.0;0.0;0.0;0.0;0.0;0.0;0.0
2030-08-04 12:00:00;121.1946997738898;0.0;0.0;0.0;0.0;0.0;0.0;0.0
2030-08-04 13:00:00;121.1592925973402;0.0;0.0;0.0;0.0;0.0;0.0;0.0
2030-08-04 14:00:00;121.1680705959964;0.0;0.0;0.0;0.0;0.0;0.0;0.0
2030-08-04 15:00:00;121.1878498784442;0.0;0.0;0.0;0.0;0.0;0.0;0.0
2030-08-04 16:00:00;121.2246890013522;0.0;0.0;0.0;0.0;0.0;0.0;0.0
2030-08-04 17:00:00;131.0490510566364;0.0;0.0;0.0;0.0;0.0;0.0;0.0
2030-08-04 18:00:00;131.1254633988619;0.0;0.0;0.0;0.0;0.0;0.0;0.0
2030-08-04 19:00:00;131.1601001715227;0.0;0.0;0.0;0.0;0.0;0.0;0.0
2030-08-04 20:00:00;131.2063181243805;0.0;0.0;0.0;0.0;0.0;0.0;0.0
2030-08-04 21:00:00;131.2208992740682;0.0;0.0;0.0;0.0;0.0;0.0;0.0
2030-08-04 22:00:00;131.1972365698443;0.0;0.0;0.0;0.0;0.0;0.0;0.0
2030-08-04 23:00:00;131.2140410046675;0.0;0.0;0.0;0.0;0.0;0.0;0.0
2030-08-05 00:00:00;131.2037619745214;0.0;0.0;0.0;0.0;0.0;0.0;0.0
2030-08-05 01:00:00;131.1537045631529;0.0;0.0;0.0;0.0;0.0;0.0;0.0
2030-08-05 02:00:00;131.1551302290449;0.0;0.0;0.0;0.0;0.0;0.0;0.0
2030-08-05 03:00:00;131.1632090024324;0.0;0.0;0.0;0.0;0.0;0.0;0.0
2030-08-05 04:00:00;131.1318715681647;0.0;0.0;0.0;0.0;0.0;0.0;0.0
2030-08-05 05:00:00;131.1747420323865;0.0;0.0;0.0;0.0;0.0;0.0;0.0
2030-08-05 06:00:00;131.0725651231535;0.0;0.0;0.0;0.0;0.0;0.0;0.0
2030-08-05 07:00:00;131.1983900821886;0.0;0.0;0.0;0.0;0.0;0.0;0.0
2030-08-05 08:00:00;121.4100297542812;0.0;0.0;0.0;0.0;0.0;0.0;0.0
2030-08-05 09:00:00;121.4004646038256;0.0;0.0;0.0;0.0;0.0;0.0;0.0
2030-08-05 10:00:00;121.4363993395599;0.0;0.0;0.0;0.0;0.0;0.0;0.0
2030-08-05 11:00:00;121.3682374368059;0.0;0.0;0.0;0.0;0.0;0.0;0.0
2030-08-05 12:00:00;121.3718361441014;0.0;0.0;0.0;0.0;0.0;0.0;0.0
2030-08-05 13:00:00;121.3626289802354;0.0;0.0;0.0;0.0;0.0;0.0;0.0
2030-08-05 14:00:00;121.4076724858607;0.0;0.0;0.0;0.0;0.0;0.0;0.0
2030-08-05 15:00:00;121.4177254192132;0.0;0.0;0.0;0.0;0.0;0.0;0.0
2030-08-05 16:00:00;121.4541814336657;0.0;0.0;0.0;0.0;0.0;0.0;0.0
2030-08-05 17:00:00;131.3889813050984;0.0;0.0;0.0;0.0;0.0;0.0;0.0
2030-08-05 18:00:00;131.4015966687764;0.0;0.0;0.0;0.0;0.0;0.0;0.0
2030-08-05 19:00:00;131.4986194085145;0.0;0.0;0.0;0.0;0.0;0.0;0.0
2030-08-05 20:00:00;131.4141576017451;0.0;0.0;0.0;0.0;0.0;0.0;0.0
2030-08-05 21:00:00;131.4302858396767;0.0;0.0;0.0;0.0;0.0;0.0;0.0
2030-08-05 22:00:00;131.3802451762187;0.0;0.0;0.0;0.0;0.0;0.0;0.0
2030-08-05 23:00:00;131.3713101659004;0.0;0.0;0.0;0.0;0.0;0.0;0.0
2030-08-06 00:00:00;131.3589041511051;0.0;0.0;0.0;0.0;0.0;0.0;0.0
2030-08-06 01:00:00;131.3934446232798;0.0;0.0;0.0;0.0;0.0;0.0;0.0
2030-08-06 02:00:00;131.4418691133625;0.0;0.0;0.0;0.0;0.0;0.0;0.0
2030-08-06 03:00:00;131.4449193265851;0.0;0.0;0.0;0.0;0.0;0.0;0.0
2030-08-06 04:00:00;131.2463456307738;0.0;0.0;0.0;0.0;0.0;0.0;0.0
2030-08-06 05:00:00;131.288588048347;0.0;0.0;0.0;0.0;0.0;0.0;0.0
2030-08-06 06:00:00;131.4523449314583;0.0;0.0;0.0;0.0;0.0;0.0;0.0
2030-08-06 07:00:00;131.5370516764207;0.0;0.0;0.0;0.0;0.0;0.0;0.0
2030-08-06 08:00:00;131.5770310325708;0.0;0.0;0.0;0.0;0.0;0.0;0.0
2030-08-06 09:00:00;131.4679581711382;0.0;0.0;0.0;0.0;0.0;0.0;0.0
2030-08-06 10:00:00;121.563342221629;0.0;0.0;0.0;0.0;0.0;0.0;0.0
2030-08-06 11:00:00;121.5831717478087;0.0;0.0;0.0;0.0;0.0;0.0;0.0
2030-08-06 12:00:00;121.6512352565878;0.0;0.0;0.0;0.0;0.0;0.0;0.0
2030-08-06 13:00:00;121.656908611312;0.0;0.0;0.0;0.0;0.0;0.0;0.0
2030-08-06 14:00:00;121.6778832758807;0.0;0.0;0.0;0.0;0.0;0.0;0.0
2030-08-06 15:00:00;121.6632749108382;0.0;0.0;0.0;0.0;0.0;0.0;0.0
2030-08-06 16:00:00;131.5485763324194;0.0;0.0;0.0;0.0;0.0;0.0;0.0
2030-08-06 17:00:00;131.5663668004805;0.0;0.0;0.0;0.0;0.0;0.0;0.0
2030-08-06 18:00:00;131.5887943462959;0.0;0.0;0.0;0.0;0.0;0.0;0.0
2030-08-06 19:00:00;131.5980370994719;0.0;0.0;0.0;0.0;0.0;0.0;0.0
2030-08-06 20:00:00;131.6060886575048;0.0;0.0;0.0;0.0;0.0;0.0;0.0
2030-08-06 21:00:00;131.5842431015837;0.0;0.0;0.0;0.0;0.0;0.0;0.0
2030-08-06 22:00:00;131.4867430463928;0.0;0.0;0.0;0.0;0.0;0.0;0.0
2030-08-06 23:00:00;131.4544028309763;0.0;0.0;0.0;0.0;0.0;0.0;0.0
2030-08-07 00:00:00;131.4629735742385;0.0;0.0;0.0;0.0;0.0;0.0;0.0
2030-08-07 01:00:00;131.3435902803275;0.0;0.0;0.0;0.0;0.0;0.0;0.0
2030-08-07 02:00:00;131.3779779278179;0.0;0.0;0.0;0.0;0.0;0.0;0.0
2030-08-07 03:00:00;131.3781621548347;0.0;0.0;0.0;0.0;0.0;0.0;0.0
2030-08-07 04:00:00;131.3545727227198;0.0;0.0;0.0;0.0;0.0;0.0;0.0
2030-08-07 05:00:00;131.357943239733;0.0;0.0;0.0;0.0;0.0;0.0;0.0
2030-08-07 06:00:00;131.2143215321703;0.0;0.0;0.0;0.0;0.0;0.0;0.0
2030-08-07 07:00:00;131.3199694458802;0.0;0.0;0.0;0.0;0.0;0.0;0.0
2030-08-07 08:00:00;121.5371610503448;0.0;0.0;0.0;0.0;0.0;0.0;0.0
2030-08-07 09:00:00;121.4706990605194;0.0;0.0;0.0;0.0;0.0;0.0;0.0
2030-08-07 10:00:00;121.5296831082509;0.0;0.0;0.0;0.0;0.0;0.0;0.0
2030-08-07 11:00:00;121.4576629055868;0.0;0.0;0.0;0.0;0.0;0.0;0.0
2030-08-07 12:00:00;121.4312661049533;0.0;0.0;0.0;0.0;0.0;0.0;0.0
2030-08-07 13:00:00;121.4287957881362;0.0;0.0;0.0;0.0;0.0;0.0;0.0
2030-08-07 14:00:00;121.5249287951224;0.0;0.0;0.0;0.0;0.0;0.0;0.0
2030-08-07 15:00:00;121.4419638328649;0.0;0.0;0.0;0.0;0.0;0.0;0.0
2030-08-07 16:00:00;121.4842355592819;0.0;0.0;0.0;0.0;0.0;0.0;0.0
2030-08-07 17:00:00;121.6784045545988;0.0;0.0;0.0;0.0;0.0;0.0;0.0
2030-08-07 18:00:00;121.6676356480671;0.0;0.0;0.0;0.0;0.0;0.0;0.0
2030-08-07 19:00:00;121.6968607521073;0.0;0.0;0.0;0.0;0.0;0.0;0.0
2030-08-07 20:00:00;121.5708578465219;0.0;0.0;0.0;0.0;0.0;0.0;0.0
2030-08-07 21:00:00;121.4358047887327;0.0;0.0;0.0;0.0;0.0;0.0;0.0
2030-08-07 22:00:00;121.4290281653961;0.0;0.0;0.0;0.0;0.0;0.0;0.0
2030-08-07 23:00:00;121.412721980914;0.0;0.0;0.0;0.0;0.0;0.0;0.0
2030-08-08 00:00:00;121.4045448135515;0.0;0.0;0.0;0.0;0.0;0.0;0.0
2030-08-08 01:00:00;121.4729390935654;0.0;0.0;0.0;0.0;0.0;0.0;0.0
2030-08-08 02:00:00;121.4633823170651;0.0;0.0;0.0;0.0;0.0;0.0;0.0
2030-08-08 03:00:00;121.4680319557524;0.0;0.0;0.0;0.0;0.0;0.0;0.0
2030-08-08 04:00:00;121.3933006850558;0.0;0.0;0.0;0.0;0.0;0.0;0.0
2030-08-08 05:00:00;121.3688529225214;0.0;0.0;0.0;0.0;0.0;0.0;0.0
2030-08-08 06:00:00;121.3771556992135;0.0;0.0;0.0;0.0;0.0;0.0;0.0
2030-08-08 07:00:00;121.4117024518548;0.0;0.0;0.0;0.0;0.0;0.0;0.0
2030-08-08 08:00:00;121.4355054198302;0.0;0.0;0.0;0.0;0.0;0.0;0.0
2030-08-08 09:00:00;121.4092949397025;0.0;0.0;0.0;0.0;0.0;0.0;0.0
2030-08-08 10:00:00;121.3967256327787;0.0;0.0;0.0;0.0;0.0;0.0;0.0
2030-08-08 11:00:00;121.3945358434644;0.0;0.0;0.0;0.0;0.0;0.0;0.0
2030-08-08 12:00:00;121.3837962457763;0.0;0.0;0.0;0.0;0.0;0.0;0.0
2030-08-08 13:00:00;121.3285218602481;0.0;0.0;0.0;0.0;0.0;0.0;0.0
2030-08-08 14:00:00;121.3793475820165;0.0;0.0;0.0;0.0;0.0;0.0;0.0
2030-08-08 15:00:00;121.4386540270277;0.0;0.0;0.0;0.0;0.0;0.0;0.0
2030-08-08 16:00:00;121.4354844849419;0.0;0.0;0.0;0.0;0.0;0.0;0.0
2030-08-08 17:00:00;121.4437956355895;0.0;0.0;0.0;0.0;0.0;0.0;0.0
2030-08-08 18:00:00;131.3915981661335;0.0;0.0;0.0;0.0;0.0;0.0;0.0
2030-08-08 19:00:00;131.3542649798621;0.0;0.0;0.0;0.0;0.0;0.0;0.0
2030-08-08 20:00:00;131.364167182019;0.0;0.0;0.0;0.0;0.0;0.0;0.0
2030-08-08 21:00:00;131.4070774225284;0.0;0.0;0.0;0.0;0.0;0.0;0.0
2030-08-08 22:00:00;131.3689026537481;0.0;0.0;0.0;0.0;0.0;0.0;0.0
2030-08-08 23:00:00;131.3479028673135;0.0;0.0;0.0;0.0;0.0;0.0;0.0
2030-08-09 00:00:00;131.2935893931574;0.0;0.0;0.0;0.0;0.0;0.0;0.0
2030-08-09 01:00:00;131.2975837698413;0.0;0.0;0.0;0.0;0.0;0.0;0.0
2030-08-09 02:00:00;131.3242234151789;0.0;0.0;0.0;0.0;0.0;0.0;0.0
2030-08-09 03:00:00;131.3035648674232;0.0;0.0;0.0;0.0;0.0;0.0;0.0
2030-08-09 04:00:00;131.319569589514;0.0;0.0;0.0;0.0;0.0;0.0;0.0
2030-08-09 05:00:00;131.3616026582045;0.0;0.0;0.0;0.0;0.0;0.0;0.0
2030-08-09 06:00:00;131.4082246544062;0.0;0.0;0.0;0.0;0.0;0.0;0.0
2030-08-09 07:00:00;131.467522725462;0.0;0.0;0.0;0.0;0.0;0.0;0.0
2030-08-09 08:00:00;131.5564499439019;0.0;0.0;0.0;0.0;0.0;0.0;0.0
2030-08-09 09:00:00;131.5232786134206;0.0;0.0;0.0;0.0;0.0;0.0;0.0
2030-08-09 10:00:00;131.4674892296407;0.0;0.0;0.0;0.0;0.0;0.0;0.0
2030-08-09 11:00:00;131.4795602862236;0.0;0.0;0.0;0.0;0.0;0.0;0.0
2030-08-09 12:00:00;131.5491729767353;0.0;0.0;0.0;0.0;0.0;0.0;0.0
2030-08-09 13:00:00;131.5017596417567;0.0;0.0;0.0;0.0;0.0;0.0;0.0
2030-08-09 14:00:00;131.4551418325326;0.0;0.0;0.0;0.0;0.0;0.0;0.0
2030-08-09 15:00:00;131.335157707328;0.0;0.0;0.0;0.0;0.0;0.0;0.0
2030-08-09 16:00:00;131.4451914801327;0.0;0.0;0.0;0.0;0.0;0.0;0.0
2030-08-09 17:00:00;131.5496126093893;0.0;0.0;0.0;0.0;0.0;0.0;0.0
2030-08-09 18:00:00;131.5093171364261;0.0;0.0;0.0;0.0;0.0;0.0;0.0
2030-08-09 19:00:00;131.4470170023909;0.0;0.0;0.0;0.0;0.0;0.0;0.0
2030-08-09 20:00:00;131.4058024878321;0.0;0.0;0.0;0.0;0.0;0.0;0.0
2030-08-09 21:00:00;131.3315924958538;0.0;0.0;0.0;0.0;0.0;0.0;0.0
2030-08-09 22:00:00;131.2094123008685;0.0;0.0;0.0;0.0;0.0;0.0;0.0
2030-08-09 23:00:00;130.9686924879699;0.0;0.0;0.0;0.0;0.0;0.0;0.0
2030-08-10 00:00:00;130.6302883928637;0.0;0.0;0.0;0.0;0.0;0.0;0.0
2030-08-10 01:00:00;130.1934526400381;0.0;0.0;0.0;0.0;0.0;0.0;0.0
2030-08-10 02:00:00;129.9507565736857;0.0;0.0;0.0;0.0;0.0;0.0;0.0
2030-08-10 03:00:00;129.9189355434987;0.0;0.0;0.0;0.0;0.0;0.0;0.0
2030-08-10 04:00:00;129.8422510477256;0.0;0.0;0.0;0.0;0.0;0.0;0.0
2030-08-10 05:00:00;129.8172882869393;0.0;0.0;0.0;0.0;0.0;0.0;0.0
2030-08-10 06:00:00;129.8807691486737;0.0;0.0;0.0;0.0;0.0;0.0;0.0
2030-08-10 07:00:00;129.8952707457859;0.0;0.0;0.0;0.0;0.0;0.0;0.0
2030-08-10 08:00:00;130.0014315642586;0.0;0.0;0.0;0.0;0.0;0.0;0.0
2030-08-10 09:00:00;130.040154827112;0.0;0.0;0.0;0.0;0.0;0.0;0.0
2030-08-10 10:00:00;130.0811913951202;0.0;0.0;0.0;0.0;0.0;0.0;0.0
2030-08-10 11:00:00;130.0065941077087;0.0;0.0;0.0;0.0;0.0;0.0;0.0
2030-08-10 12:00:00;120.8603737950206;0.0;0.0;0.0;0.0;0.0;0.0;0.0
2030-08-10 13:00:00;120.8674539742372;0.0;0.0;0.0;0.0;0.0;0.0;0.0
2030-08-10 14:00:00;120.8597813376822;0.0;0.0;0.0;0.0;0.0;0.0;0.0
2030-08-10 15:00:00;120.8424325957639;0.0;0.0;0.0;0.0;0.0;0.0;0.0
2030-08-10 16:00:00;129.9823912833671;0.0;0.0;0.0;0.0;0.0;0.0;0.0
2030-08-10 17:00:00;130.0812562932739;0.0;0.0;0.0;0.0;0.0;0.0;0.0
2030-08-10 18:00:00;130.0925381045685;0.0;0.0;0.0;0.0;0.0;0.0;0.0
2030-08-10 19:00:00;130.1648765175345;0.0;0.0;0.0;0.0;0.0;0.0;0.0
2030-08-10 20:00:00;130.1827590991041;0.0;0.0;0.0;0.0;0.0;0.0;0.0
2030-08-10 21:00:00;130.1261092914158;0.0;0.0;0.0;0.0;0.0;0.0;0.0
2030-08-10 22:00:00;130.1096858715594;0.0;0.0;0.0;0.0;0.0;0.0;0.0
2030-08-10 23:00:00;130.1263856319411;0.0;0.0;0.0;0.0;0.0;0.0;0.0
2030-08-11 00:00:00;129.9466051853397;0.0;0.0;0.0;0.0;0.0;0.0;0.0
2030-08-11 01:00:00;129.7605128699214;0.0;0.0;0.0;0.0;0.0;0.0;0.0
2030-08-11 02:00:00;129.7729670349598;0.0;0.0;0.0;0.0;0.0;0.0;0.0
2030-08-11 03:00:00;129.7819376345881;0.0;0.0;0.0;0.0;0.0;0.0;0.0
2030-08-11 04:00:00;129.7673837002553;0.0;0.0;0.0;0.0;0.0;0.0;0.0
2030-08-11 05:00:00;129.7568450774946;0.0;0.0;0.0;0.0;0.0;0.0;0.0
2030-08-11 06:00:00;129.7738735156224;0.0;0.0;0.0;0.0;0.0;0.0;0.0
2030-08-11 07:00:00;129.8120294430033;0.0;0.0;0.0;0.0;0.0;0.0;0.0
2030-08-11 08:00:00;129.8652480225022;0.0;0.0;0.0;0.0;0.0;0.0;0.0
2030-08-11 09:00:00;129.8326524014488;0.0;0.0;0.0;0.0;0.0;0.0;0.0
2030-08-11 10:00:00;120.8223434769694;0.0;0.0;0.0;0.0;0.0;0.0;0.0
2030-08-11 11:00:00;120.8772996521957;0.0;0.0;0.0;0.0;0.0;0.0;0.0
2030-08-11 12:00:00;120.8981110246359;0.0;0.0;0.0;0.0;0.0;0.0;0.0
2030-08-11 13:00:00;120.8593563594502;0.0;0.0;0.0;0.0;0.0;0.0;0.0
2030-08-11 14:00:00;120.8830525594954;0.0;0.0;0.0;0.0;0.0;0.0;0.0
2030-08-11 15:00:00;120.8945039433851;0.0;0.0;0.0;0.0;0.0;0.0;0.0
2030-08-11 16:00:00;120.9185706909528;0.0;0.0;0.0;0.0;0.0;0.0;0.0
2030-08-11 17:00:00;130.3463401291538;0.0;0.0;0.0;0.0;0.0;0.0;0.0
2030-08-11 18:00:00;130.621443402565;0.0;0.0;0.0;0.0;0.0;0.0;0.0
2030-08-11 19:00:00;130.6145160480328;0.0;0.0;0.0;0.0;0.0;0.0;0.0
2030-08-11 20:00:00;130.5977388285644;0.0;0.0;0.0;0.0;0.0;0.0;0.0
2030-08-11 21:00:00;130.7666226658157;0.0;0.0;0.0;0.0;0.0;0.0;0.0
2030-08-11 22:00:00;130.7811891610816;0.0;0.0;0.0;0.0;0.0;0.0;0.0
2030-08-11 23:00:00;130.7433598179579;0.0;0.0;0.0;0.0;0.0;0.0;0.0
2030-08-12 00:00:00;130.7648850700884;0.0;0.0;0.0;0.0;0.0;0.0;0.0
2030-08-12 01:00:00;130.8037067269166;0.0;0.0;0.0;0.0;0.0;0.0;0.0
2030-08-12 02:00:00;130.7551880298366;0.0;0.0;0.0;0.0;0.0;0.0;0.0
2030-08-12 03:00:00;130.6917762532337;0.0;0.0;0.0;0.0;0.0;0.0;0.0
2030-08-12 04:00:00;130.7589814315932;0.0;0.0;0.0;0.0;0.0;0.0;0.0
2030-08-12 05:00:00;131.0247247164539;0.0;0.0;0.0;0.0;0.0;0.0;0.0
2030-08-12 06:00:00;131.2195343193524;0.0;0.0;0.0;0.0;0.0;0.0;0.0
2030-08-12 07:00:00;131.3453571848985;0.0;0.0;0.0;0.0;0.0;0.0;0.0
2030-08-12 08:00:00;131.3587701678201;0.0;0.0;0.0;0.0;0.0;0.0;0.0
2030-08-12 09:00:00;121.4856549447073;0.0;0.0;0.0;0.0;0.0;0.0;0.0
2030-08-12 10:00:00;121.4241628973596;0.0;0.0;0.0;0.0;0.0;0.0;0.0
2030-08-12 11:00:00;121.4234490176692;0.0;0.0;0.0;0.0;0.0;0.0;0.0
2030-08-12 12:00:00;121.4551904952808;0.0;0.0;0.0;0.0;0.0;0.0;0.0
2030-08-12 13:00:00;121.4729746828754;0.0;0.0;0.0;0.0;0.0;0.0;0.0
2030-08-12 14:00:00;121.5227201644087;0.0;0.0;0.0;0.0;0.0;0.0;0.0
2030-08-12 15:00:00;121.5221172396262;0.0;0.0;0.0;0.0;0.0;0.0;0.0
2030-08-12 16:00:00;121.570650591128;0.0;0.0;0.0;0.0;0.0;0.0;0.0
2030-08-12 17:00:00;121.6926528395628;0.0;0.0;0.0;0.0;0.0;0.0;0.0
2030-08-12 18:00:00;131.5933183756534;0.0;0.0;0.0;0.0;0.0;0.0;0.0
2030-08-12 19:00:00;131.4644494838624;0.0;0.0;0.0;0.0;0.0;0.0;0.0
2030-08-12 20:00:00;131.5207119961174;0.0;0.0;0.0;0.0;0.0;0.0;0.0
2030-08-12 21:00:00;131.5058503189268;0.0;0.0;0.0;0.0;0.0;0.0;0.0
2030-08-12 22:00:00;131.4307882769954;0.0;0.0;0.0;0.0;0.0;0.0;0.0
2030-08-12 23:00:00;131.4358608004259;0.0;0.0;0.0;0.0;0.0;0.0;0.0
2030-08-13 00:00:00;131.4196906927177;0.0;0.0;0.0;0.0;0.0;0.0;0.0
2030-08-13 01:00:00;131.4385593075253;0.0;0.0;0.0;0.0;0.0;0.0;0.0
2030-08-13 02:00:00;127.0997283457001;0.0;0.0;0.0;0.0;0.0;0.0;0.0
2030-08-13 03:00:00;121.453300074869;0.0;0.0;0.0;0.0;0.0;0.0;0.0
2030-08-13 04:00:00;121.4242822262228;0.0;0.0;0.0;0.0;0.0;0.0;0.0
2030-08-13 05:00:00;121.4231580227221;0.0;0.0;0.0;0.0;0.0;0.0;0.0
2030-08-13 06:00:00;121.4836472889211;0.0;0.0;0.0;0.0;0.0;0.0;0.0
2030-08-13 07:00:00;121.5766233147545;0.0;0.0;0.0;0.0;0.0;0.0;0.0
2030-08-13 08:00:00;121.5898374162374;0.0;0.0;0.0;0.0;0.0;0.0;0.0
2030-08-13 09:00:00;121.5546605234589;0.0;0.0;0.0;0.0;0.0;0.0;0.0
2030-08-13 10:00:00;121.4860380531628;0.0;0.0;0.0;0.0;0.0;0.0;0.0
2030-08-13 11:00:00;121.4954294440457;0.0;0.0;0.0;0.0;0.0;0.0;0.0
2030-08-13 12:00:00;121.5353648369304;0.0;0.0;0.0;0.0;0.0;0.0;0.0
2030-08-13 13:00:00;121.4132788489424;0.0;0.0;0.0;0.0;0.0;0.0;0.0
2030-08-13 14:00:00;121.4501179718503;0.0;0.0;0.0;0.0;0.0;0.0;0.0
2030-08-13 15:00:00;121.4474529605722;0.0;0.0;0.0;0.0;0.0;0.0;0.0
2030-08-13 16:00:00;121.4642071516634;0.0;0.0;0.0;0.0;0.0;0.0;0.0
2030-08-13 17:00:00;121.4839257229353;0.0;0.0;0.0;0.0;0.0;0.0;0.0
2030-08-13 18:00:00;121.4511877446415;0.0;0.0;0.0;0.0;0.0;0.0;0.0
2030-08-13 19:00:00;121.5851354403295;0.0;0.0;0.0;0.0;0.0;0.0;0.0
2030-08-13 20:00:00;121.5811536245784;0.0;0.0;0.0;0.0;0.0;0.0;0.0
2030-08-13 21:00:00;121.5678683444754;0.0;0.0;0.0;0.0;0.0;0.0;0.0
2030-08-13 22:00:00;121.4924797182868;0.0;0.0;0.0;0.0;0.0;0.0;0.0
2030-08-13 23:00:00;121.4657479594409;0.0;0.0;0.0;0.0;0.0;0.0;0.0
2030-08-14 00:00:00;121.4358696868863;0.0;0.0;0.0;0.0;0.0;0.0;0.0
2030-08-14 01:00:00;121.3934032660084;0.0;0.0;0.0;0.0;0.0;0.0;0.0
2030-08-14 02:00:00;121.3566248542764;0.0;0.0;0.0;0.0;0.0;0.0;0.0
2030-08-14 03:00:00;121.3749617229217;0.0;0.0;0.0;0.0;0.0;0.0;0.0
2030-08-14 04:00:00;121.4186444608088;0.0;0.0;0.0;0.0;0.0;0.0;0.0
2030-08-14 05:00:00;121.4798811025193;0.0;0.0;0.0;0.0;0.0;0.0;0.0
2030-08-14 06:00:00;121.6214490975417;0.0;0.0;0.0;0.0;0.0;0.0;0.0
2030-08-14 07:00:00;121.7479565339347;0.0;0.0;0.0;0.0;0.0;0.0;0.0
2030-08-14 08:00:00;121.7549655345311;0.0;0.0;0.0;0.0;0.0;0.0;0.0
2030-08-14 09:00:00;121.7560771770988;0.0;0.0;0.0;0.0;0.0;0.0;0.0
2030-08-14 10:00:00;121.6704639514738;0.0;0.0;0.0;0.0;0.0;0.0;0.0
2030-08-14 11:00:00;121.5751118158206;0.0;0.0;0.0;0.0;0.0;0.0;0.0
2030-08-14 12:00:00;121.4836179800775;0.0;0.0;0.0;0.0;0.0;0.0;0.0
2030-08-14 13:00:00;121.4358215366433;0.0;0.0;0.0;0.0;0.0;0.0;0.0
2030-08-14 14:00:00;121.4601729986917;0.0;0.0;0.0;0.0;0.0;0.0;0.0
2030-08-14 15:00:00;121.5914514961239;0.0;0.0;0.0;0.0;0.0;0.0;0.0
2030-08-14 16:00:00;121.7451428849496;0.0;0.0;0.0;0.0;0.0;0.0;0.0
2030-08-14 17:00:00;121.7679116694441;0.0;0.0;0.0;0.0;0.0;0.0;0.0
2030-08-14 18:00:00;121.8378132614141;0.0;0.0;0.0;0.0;0.0;0.0;0.0
2030-08-14 19:00:00;131.7655517950296;0.0;0.0;0.0;0.0;0.0;0.0;0.0
2030-08-14 20:00:00;131.7312667284918;0.0;0.0;0.0;0.0;0.0;0.0;0.0
2030-08-14 21:00:00;131.731997356093;0.0;0.0;0.0;0.0;0.0;0.0;0.0
2030-08-14 22:00:00;131.5766730459813;0.0;0.0;0.0;0.0;0.0;0.0;0.0
2030-08-14 23:00:00;131.5079856775314;0.0;0.0;0.0;0.0;0.0;0.0;0.0
2030-08-15 00:00:00;131.3259861327721;0.0;0.0;0.0;0.0;0.0;0.0;0.0
2030-08-15 01:00:00;131.0487223788903;0.0;0.0;0.0;0.0;0.0;0.0;0.0
2030-08-15 02:00:00;130.7916566052221;0.0;0.0;0.0;0.0;0.0;0.0;0.0
2030-08-15 03:00:00;130.5543073093367;0.0;0.0;0.0;0.0;0.0;0.0;0.0
2030-08-15 04:00:00;130.4745851612741;0.0;0.0;0.0;0.0;0.0;0.0;0.0
2030-08-15 05:00:00;130.5027488664784;0.0;0.0;0.0;0.0;0.0;0.0;0.0
2030-08-15 06:00:00;130.9565816550994;0.0;0.0;0.0;0.0;0.0;0.0;0.0
2030-08-15 07:00:00;131.1642348119582;0.0;0.0;0.0;0.0;0.0;0.0;0.0
2030-08-15 08:00:00;121.4173946479784;0.0;0.0;0.0;0.0;0.0;0.0;0.0
2030-08-15 09:00:00;121.4598568818786;0.0;0.0;0.0;0.0;0.0;0.0;0.0
2030-08-15 10:00:00;121.4310190732716;0.0;0.0;0.0;0.0;0.0;0.0;0.0
2030-08-15 11:00:00;121.396428357365;0.0;0.0;0.0;0.0;0.0;0.0;0.0
2030-08-15 12:00:00;121.3814347903782;0.0;0.0;0.0;0.0;0.0;0.0;0.0
2030-08-15 13:00:00;121.3730817699541;0.0;0.0;0.0;0.0;0.0;0.0;0.0
2030-08-15 14:00:00;121.3279168419767;0.0;0.0;0.0;0.0;0.0;0.0;0.0
2030-08-15 15:00:00;121.3395336114838;0.0;0.0;0.0;0.0;0.0;0.0;0.0
2030-08-15 16:00:00;121.4020263464913;0.0;0.0;0.0;0.0;0.0;0.0;0.0
2030-08-15 17:00:00;131.1889421671073;0.0;0.0;0.0;0.0;0.0;0.0;0.0
2030-08-15 18:00:00;131.2222935376277;0.0;0.0;0.0;0.0;0.0;0.0;0.0
2030-08-15 19:00:00;131.2054618874499;0.0;0.0;0.0;0.0;0.0;0.0;0.0
2030-08-15 20:00:00;131.1522307470179;0.0;0.0;0.0;0.0;0.0;0.0;0.0
2030-08-15 21:00:00;131.0873870240565;0.0;0.0;0.0;0.0;0.0;0.0;0.0
2030-08-15 22:00:00;131.1034754857004;0.0;0.0;0.0;0.0;0.0;0.0;0.0
2030-08-15 23:00:00;131.0440287769378;0.0;0.0;0.0;0.0;0.0;0.0;0.0
2030-08-16 00:00:00;131.0218147669829;0.0;0.0;0.0;0.0;0.0;0.0;0.0
2030-08-16 01:00:00;131.0637222263437;0.0;0.0;0.0;0.0;0.0;0.0;0.0
2030-08-16 02:00:00;131.008077293293;0.0;0.0;0.0;0.0;0.0;0.0;0.0
2030-08-16 03:00:00;130.9932218965687;0.0;0.0;0.0;0.0;0.0;0.0;0.0
2030-08-16 04:00:00;123.9604057711975;0.0;0.0;0.0;0.0;0.0;0.0;0.0
2030-08-16 05:00:00;121.3622919285341;0.0;0.0;0.0;0.0;0.0;0.0;0.0
2030-08-16 06:00:00;121.4221091848192;0.0;0.0;0.0;0.0;0.0;0.0;0.0
2030-08-16 07:00:00;121.4434376489999;0.0;0.0;0.0;0.0;0.0;0.0;0.0
2030-08-16 08:00:00;121.4492826698079;0.0;0.0;0.0;0.0;0.0;0.0;0.0
2030-08-16 09:00:00;121.4391166880587;0.0;0.0;0.0;0.0;0.0;0.0;0.0
2030-08-16 10:00:00;121.4436930546369;0.0;0.0;0.0;0.0;0.0;0.0;0.0
2030-08-16 11:00:00;121.4359994831937;0.0;0.0;0.0;0.0;0.0;0.0;0.0
2030-08-16 12:00:00;121.410153270122;0.0;0.0;0.0;0.0;0.0;0.0;0.0
2030-08-16 13:00:00;121.4060144427088;0.0;0.0;0.0;0.0;0.0;0.0;0.0
2030-08-16 14:00:00;121.4080451268721;0.0;0.0;0.0;0.0;0.0;0.0;0.0
2030-08-16 15:00:00;121.4062907832341;0.0;0.0;0.0;0.0;0.0;0.0;0.0
2030-08-16 16:00:00;121.3871186125465;0.0;0.0;0.0;0.0;0.0;0.0;0.0
2030-08-16 17:00:00;121.3617350605058;0.0;0.0;0.0;0.0;0.0;0.0;0.0
2030-08-16 18:00:00;121.4272340454704;0.0;0.0;0.0;0.0;0.0;0.0;0.0
2030-08-16 19:00:00;121.4595386715767;0.0;0.0;0.0;0.0;0.0;0.0;0.0
2030-08-16 20:00:00;121.4411369047778;0.0;0.0;0.0;0.0;0.0;0.0;0.0
2030-08-16 21:00:00;121.3991310514421;0.0;0.0;0.0;0.0;0.0;0.0;0.0
2030-08-16 22:00:00;121.364106983348;0.0;0.0;0.0;0.0;0.0;0.0;0.0
2030-08-16 23:00:00;121.3239664285581;0.0;0.0;0.0;0.0;0.0;0.0;0.0
2030-08-17 00:00:00;130.6994593572327;0.0;0.0;0.0;0.0;0.0;0.0;0.0
2030-08-17 01:00:00;130.1296661289348;0.0;0.0;0.0;0.0;0.0;0.0;0.0
2030-08-17 02:00:00;129.9546672108167;0.0;0.0;0.0;0.0;0.0;0.0;0.0
2030-08-17 03:00:00;129.8244752340863;0.0;0.0;0.0;0.0;0.0;0.0;0.0
2030-08-17 04:00:00;129.7846821984418;0.0;0.0;0.0;0.0;0.0;0.0;0.0
2030-08-17 05:00:00;129.7890806184697;0.0;0.0;0.0;0.0;0.0;0.0;0.0
2030-08-17 06:00:00;129.9204282010331;0.0;0.0;0.0;0.0;0.0;0.0;0.0
2030-08-17 07:00:00;120.8635119347739;0.0;0.0;0.0;0.0;0.0;0.0;0.0
2030-08-17 08:00:00;120.9591425044413;0.0;0.0;0.0;0.0;0.0;0.0;0.0
2030-08-17 09:00:00;121.0647359874416;0.0;0.0;0.0;0.0;0.0;0.0;0.0
2030-08-17 10:00:00;121.0874252193605;0.0;0.0;0.0;0.0;0.0;0.0;0.0
2030-08-17 11:00:00;121.0770833845497;0.0;0.0;0.0;0.0;0.0;0.0;0.0
2030-08-17 12:00:00;121.0506091248296;0.0;0.0;0.0;0.0;0.0;0.0;0.0
2030-08-17 13:00:00;121.051603532023;0.0;0.0;0.0;0.0;0.0;0.0;0.0
2030-08-17 14:00:00;121.0660737268027;0.0;0.0;0.0;0.0;0.0;0.0;0.0
2030-08-17 15:00:00;121.1413765199493;0.0;0.0;0.0;0.0;0.0;0.0;0.0
2030-08-17 16:00:00;121.1263850464514;0.0;0.0;0.0;0.0;0.0;0.0;0.0
2030-08-17 17:00:00;130.6374753400105;0.0;0.0;0.0;0.0;0.0;0.0;0.0
2030-08-17 18:00:00;130.6021560899917;0.0;0.0;0.0;0.0;0.0;0.0;0.0
2030-08-17 19:00:00;130.6443524508108;0.0;0.0;0.0;0.0;0.0;0.0;0.0
2030-08-17 20:00:00;130.6034708009758;0.0;0.0;0.0;0.0;0.0;0.0;0.0
2030-08-17 21:00:00;130.5074717772746;0.0;0.0;0.0;0.0;0.0;0.0;0.0
2030-08-17 22:00:00;130.4598449064355;0.0;0.0;0.0;0.0;0.0;0.0;0.0
2030-08-17 23:00:00;130.4408988325412;0.0;0.0;0.0;0.0;0.0;0.0;0.0
2030-08-18 00:00:00;130.4915528882258;0.0;0.0;0.0;0.0;0.0;0.0;0.0
2030-08-18 01:00:00;130.5026148831935;0.0;0.0;0.0;0.0;0.0;0.0;0.0
2030-08-18 02:00:00;130.4339882259196;0.0;0.0;0.0;0.0;0.0;0.0;0.0
2030-08-18 03:00:00;130.5007286497594;0.0;0.0;0.0;0.0;0.0;0.0;0.0
2030-08-18 04:00:00;130.457780726451;0.0;0.0;0.0;0.0;0.0;0.0;0.0
2030-08-18 05:00:00;130.5230619885775;0.0;0.0;0.0;0.0;0.0;0.0;0.0
2030-08-18 06:00:00;130.5717042014983;0.0;0.0;0.0;0.0;0.0;0.0;0.0
2030-08-18 07:00:00;130.6261621263835;0.0;0.0;0.0;0.0;0.0;0.0;0.0
2030-08-18 08:00:00;121.1577580700292;0.0;0.0;0.0;0.0;0.0;0.0;0.0
2030-08-18 09:00:00;121.1687551668432;0.0;0.0;0.0;0.0;0.0;0.0;0.0
2030-08-18 10:00:00;121.1740768154442;0.0;0.0;0.0;0.0;0.0;0.0;0.0
2030-08-18 11:00:00;121.1607224502098;0.0;0.0;0.0;0.0;0.0;0.0;0.0
2030-08-18 12:00:00;121.1340325611404;0.0;0.0;0.0;0.0;0.0;0.0;0.0
2030-08-18 13:00:00;121.1475250966375;0.0;0.0;0.0;0.0;0.0;0.0;0.0
2030-08-18 14:00:00;121.1333584577378;0.0;0.0;0.0;0.0;0.0;0.0;0.0
2030-08-18 15:00:00;121.1072065952972;0.0;0.0;0.0;0.0;0.0;0.0;0.0
2030-08-18 16:00:00;121.0101398922937;0.0;0.0;0.0;0.0;0.0;0.0;0.0
2030-08-18 17:00:00;121.0969464065506;0.0;0.0;0.0;0.0;0.0;0.0;0.0
2030-08-18 18:00:00;121.1872385797064;0.0;0.0;0.0;0.0;0.0;0.0;0.0
2030-08-18 19:00:00;121.2026340965482;0.0;0.0;0.0;0.0;0.0;0.0;0.0
2030-08-18 20:00:00;123.3865051178188;0.0;0.0;0.0;0.0;0.0;0.0;0.0
2030-08-18 21:00:00;123.6534710001552;0.0;0.0;0.0;0.0;0.0;0.0;0.0
2030-08-18 22:00:00;121.2116507529309;0.0;0.0;0.0;0.0;0.0;0.0;0.0
2030-08-18 23:00:00;126.1119575119401;0.0;0.0;0.0;0.0;0.0;0.0;0.0
2030-08-19 00:00:00;122.137946287254;0.0;0.0;0.0;0.0;0.0;0.0;0.0
2030-08-19 01:00:00;121.1583254055017;0.0;0.0;0.0;0.0;0.0;0.0;0.0
2030-08-19 02:00:00;126.8874569524866;0.0;0.0;0.0;0.0;0.0;0.0;0.0
2030-08-19 03:00:00;129.5599126769245;0.0;0.0;0.0;0.0;0.0;0.0;0.0
2030-08-19 04:00:00;130.4625203851579;0.0;0.0;0.0;0.0;0.0;0.0;0.0
2030-08-19 05:00:00;121.2715454683026;0.0;0.0;0.0;0.0;0.0;0.0;0.0
2030-08-19 06:00:00;121.4889689375222;0.0;0.0;0.0;0.0;0.0;0.0;0.0
2030-08-19 07:00:00;121.5883301042812;0.0;0.0;0.0;0.0;0.0;0.0;0.0
2030-08-19 08:00:00;121.703538981469;0.0;0.0;0.0;0.0;0.0;0.0;0.0
2030-08-19 09:00:00;121.7392141245885;0.0;0.0;0.0;0.0;0.0;0.0;0.0
2030-08-19 10:00:00;121.8275698205782;0.0;0.0;0.0;0.0;0.0;0.0;0.0
2030-08-19 11:00:00;121.8277205517739;0.0;0.0;0.0;0.0;0.0;0.0;0.0
2030-08-19 12:00:00;121.7972330739704;0.0;0.0;0.0;0.0;0.0;0.0;0.0
2030-08-19 13:00:00;121.7868221540282;0.0;0.0;0.0;0.0;0.0;0.0;0.0
2030-08-19 14:00:00;121.481225122347;0.0;0.0;0.0;0.0;0.0;0.0;0.0
2030-08-19 15:00:00;121.5686617767412;0.0;0.0;0.0;0.0;0.0;0.0;0.0
2030-08-19 16:00:00;121.5758508173769;0.0;0.0;0.0;0.0;0.0;0.0;0.0
2030-08-19 17:00:00;131.4763970246043;0.0;0.0;0.0;0.0;0.0;0.0;0.0
2030-08-19 18:00:00;131.4944889550567;0.0;0.0;0.0;0.0;0.0;0.0;0.0
2030-08-19 19:00:00;131.5205466105;0.0;0.0;0.0;0.0;0.0;0.0;0.0
2030-08-19 20:00:00;131.7494654268746;0.0;0.0;0.0;0.0;0.0;0.0;0.0
2030-08-19 21:00:00;131.7313839638663;0.0;0.0;0.0;0.0;0.0;0.0;0.0
2030-08-19 22:00:00;131.6105142928874;0.0;0.0;0.0;0.0;0.0;0.0;0.0
2030-08-19 23:00:00;131.5990545350424;0.0;0.0;0.0;0.0;0.0;0.0;0.0
2030-08-20 00:00:00;131.5629837225343;0.0;0.0;0.0;0.0;0.0;0.0;0.0
2030-08-20 01:00:00;131.5648322731695;0.0;0.0;0.0;0.0;0.0;0.0;0.0
2030-08-20 02:00:00;131.6266802136179;0.0;0.0;0.0;0.0;0.0;0.0;0.0
2030-08-20 03:00:00;131.6277918561856;0.0;0.0;0.0;0.0;0.0;0.0;0.0
2030-08-20 04:00:00;131.6458628517497;0.0;0.0;0.0;0.0;0.0;0.0;0.0
2030-08-20 05:00:00;131.7095342209674;0.0;0.0;0.0;0.0;0.0;0.0;0.0
2030-08-20 06:00:00;131.7824106605623;0.0;0.0;0.0;0.0;0.0;0.0;0.0
2030-08-20 07:00:00;131.8923732547468;0.0;0.0;0.0;0.0;0.0;0.0;0.0
2030-08-20 08:00:00;131.9653355273836;0.0;0.0;0.0;0.0;0.0;0.0;0.0
2030-08-20 09:00:00;131.9225278678267;0.0;0.0;0.0;0.0;0.0;0.0;0.0
2030-08-20 10:00:00;121.973186622994;0.0;0.0;0.0;0.0;0.0;0.0;0.0
2030-08-20 11:00:00;121.9721733744013;0.0;0.0;0.0;0.0;0.0;0.0;0.0
2030-08-20 12:00:00;122.0145016250166;0.0;0.0;0.0;0.0;0.0;0.0;0.0
2030-08-20 13:00:00;121.9917454014551;0.0;0.0;0.0;0.0;0.0;0.0;0.0
2030-08-20 14:00:00;122.0067347814643;0.0;0.0;0.0;0.0;0.0;0.0;0.0
2030-08-20 15:00:00;122.021887453602;0.0;0.0;0.0;0.0;0.0;0.0;0.0
2030-08-20 16:00:00;131.8714844232201;0.0;0.0;0.0;0.0;0.0;0.0;0.0
2030-08-20 17:00:00;131.9083172656616;0.0;0.0;0.0;0.0;0.0;0.0;0.0
2030-08-20 18:00:00;131.8871395326766;0.0;0.0;0.0;0.0;0.0;0.0;0.0
2030-08-20 19:00:00;131.8448133755501;0.0;0.0;0.0;0.0;0.0;0.0;0.0
2030-08-20 20:00:00;131.8533045662369;0.0;0.0;0.0;0.0;0.0;0.0;0.0
2030-08-20 21:00:00;131.8193167751128;0.0;0.0;0.0;0.0;0.0;0.0;0.0
2030-08-20 22:00:00;131.7838467938983;0.0;0.0;0.0;0.0;0.0;0.0;0.0
2030-08-20 23:00:00;131.7148098128142;0.0;0.0;0.0;0.0;0.0;0.0;0.0
2030-08-21 00:00:00;131.4874297107283;0.0;0.0;0.0;0.0;0.0;0.0;0.0
2030-08-21 01:00:00;131.4898183814812;0.0;0.0;0.0;0.0;0.0;0.0;0.0
2030-08-21 02:00:00;131.5297286525;0.0;0.0;0.0;0.0;0.0;0.0;0.0
2030-08-21 03:00:00;131.5512790264964;0.0;0.0;0.0;0.0;0.0;0.0;0.0
2030-08-21 04:00:00;131.547594486159;0.0;0.0;0.0;0.0;0.0;0.0;0.0
2030-08-21 05:00:00;131.5453963228895;0.0;0.0;0.0;0.0;0.0;0.0;0.0
2030-08-21 06:00:00;131.6765303695925;0.0;0.0;0.0;0.0;0.0;0.0;0.0
2030-08-21 07:00:00;131.6951372982967;0.0;0.0;0.0;0.0;0.0;0.0;0.0
2030-08-21 08:00:00;131.7496266255143;0.0;0.0;0.0;0.0;0.0;0.0;0.0
2030-08-21 09:00:00;131.7400782229694;0.0;0.0;0.0;0.0;0.0;0.0;0.0
2030-08-21 10:00:00;129.2857682213966;0.0;0.0;0.0;0.0;0.0;0.0;0.0
2030-08-21 11:00:00;121.7864055497514;0.0;0.0;0.0;0.0;0.0;0.0;0.0
2030-08-21 12:00:00;121.9254341428252;0.0;0.0;0.0;0.0;0.0;0.0;0.0
2030-08-21 13:00:00;121.7963663695955;0.0;0.0;0.0;0.0;0.0;0.0;0.0
2030-08-21 14:00:00;121.7376900647217;0.0;0.0;0.0;0.0;0.0;0.0;0.0
2030-08-21 15:00:00;121.7195981342692;0.0;0.0;0.0;0.0;0.0;0.0;0.0
2030-08-21 16:00:00;131.6177452032996;0.0;0.0;0.0;0.0;0.0;0.0;0.0
2030-08-21 17:00:00;131.6493422301821;0.0;0.0;0.0;0.0;0.0;0.0;0.0
2030-08-21 18:00:00;131.8373396204339;0.0;0.0;0.0;0.0;0.0;0.0;0.0
2030-08-21 19:00:00;131.8707893849291;0.0;0.0;0.0;0.0;0.0;0.0;0.0
2030-08-21 20:00:00;131.8601712095931;0.0;0.0;0.0;0.0;0.0;0.0;0.0
2030-08-21 21:00:00;131.8213097764771;0.0;0.0;0.0;0.0;0.0;0.0;0.0
2030-08-21 22:00:00;131.7583564739275;0.0;0.0;0.0;0.0;0.0;0.0;0.0
2030-08-21 23:00:00;131.7335821271358;0.0;0.0;0.0;0.0;0.0;0.0;0.0
2030-08-22 00:00:00;131.7235040719173;0.0;0.0;0.0;0.0;0.0;0.0;0.0
2030-08-22 01:00:00;131.7425045765211;0.0;0.0;0.0;0.0;0.0;0.0;0.0
2030-08-22 02:00:00;131.7360922202407;0.0;0.0;0.0;0.0;0.0;0.0;0.0
2030-08-22 03:00:00;131.7254049597733;0.0;0.0;0.0;0.0;0.0;0.0;0.0
2030-08-22 04:00:00;131.7212975346926;0.0;0.0;0.0;0.0;0.0;0.0;0.0
2030-08-22 05:00:00;131.7395967205389;0.0;0.0;0.0;0.0;0.0;0.0;0.0
2030-08-22 06:00:00;131.8306990738711;0.0;0.0;0.0;0.0;0.0;0.0;0.0
2030-08-22 07:00:00;131.8206817298287;0.0;0.0;0.0;0.0;0.0;0.0;0.0
2030-08-22 08:00:00;131.8499173013131;0.0;0.0;0.0;0.0;0.0;0.0;0.0
2030-08-22 09:00:00;131.8391483947813;0.0;0.0;0.0;0.0;0.0;0.0;0.0
2030-08-22 10:00:00;131.8279377621068;0.0;0.0;0.0;0.0;0.0;0.0;0.0
2030-08-22 11:00:00;131.8194465714201;0.0;0.0;0.0;0.0;0.0;0.0;0.0
2030-08-22 12:00:00;131.7926541013982;0.0;0.0;0.0;0.0;0.0;0.0;0.0
2030-08-22 13:00:00;131.6798066796085;0.0;0.0;0.0;0.0;0.0;0.0;0.0
2030-08-22 14:00:00;131.6678340170006;0.0;0.0;0.0;0.0;0.0;0.0;0.0
2030-08-22 15:00:00;126.5476690612649;0.0;0.0;0.0;0.0;0.0;0.0;0.0
2030-08-22 16:00:00;131.700100960308;0.0;0.0;0.0;0.0;0.0;0.0;0.0
2030-08-22 17:00:00;131.7263888995224;0.0;0.0;0.0;0.0;0.0;0.0;0.0
2030-08-22 18:00:00;131.7618881895805;0.0;0.0;0.0;0.0;0.0;0.0;0.0
2030-08-22 19:00:00;131.8098479251433;0.0;0.0;0.0;0.0;0.0;0.0;0.0
2030-08-22 20:00:00;131.8079616917092;0.0;0.0;0.0;0.0;0.0;0.0;0.0
2030-08-22 21:00:00;131.780903348606;0.0;0.0;0.0;0.0;0.0;0.0;0.0
2030-08-22 22:00:00;131.7202403228344;0.0;0.0;0.0;0.0;0.0;0.0;0.0
2030-08-22 23:00:00;131.7206380857118;0.0;0.0;0.0;0.0;0.0;0.0;0.0
2030-08-23 00:00:00;131.6871590123728;0.0;0.0;0.0;0.0;0.0;0.0;0.0
2030-08-23 01:00:00;121.7550618350171;0.0;0.0;0.0;0.0;0.0;0.0;0.0
2030-08-23 02:00:00;121.7723247438936;0.0;0.0;0.0;0.0;0.0;0.0;0.0
2030-08-23 03:00:00;121.784316247901;0.0;0.0;0.0;0.0;0.0;0.0;0.0
2030-08-23 04:00:00;121.7928534953419;0.0;0.0;0.0;0.0;0.0;0.0;0.0
2030-08-23 05:00:00;121.8344427444009;0.0;0.0;0.0;0.0;0.0;0.0;0.0
2030-08-23 06:00:00;121.8078910255942;0.0;0.0;0.0;0.0;0.0;0.0;0.0
2030-08-23 07:00:00;121.86233010908;0.0;0.0;0.0;0.0;0.0;0.0;0.0
2030-08-23 08:00:00;121.9209415158001;0.0;0.0;0.0;0.0;0.0;0.0;0.0
2030-08-23 09:00:00;121.955565727528;0.0;0.0;0.0;0.0;0.0;0.0;0.0
2030-08-23 10:00:00;121.8826097353577;0.0;0.0;0.0;0.0;0.0;0.0;0.0
2030-08-23 11:00:00;121.8101645544615;0.0;0.0;0.0;0.0;0.0;0.0;0.0
2030-08-23 12:00:00;121.7891396461609;0.0;0.0;0.0;0.0;0.0;0.0;0.0
2030-08-23 13:00:00;121.7800559981358;0.0;0.0;0.0;0.0;0.0;0.0;0.0
2030-08-23 14:00:00;121.8045519109134;0.0;0.0;0.0;0.0;0.0;0.0;0.0
2030-08-23 15:00:00;121.8170207303735;0.0;0.0;0.0;0.0;0.0;0.0;0.0
2030-08-23 16:00:00;121.8461369729947;0.0;0.0;0.0;0.0;0.0;0.0;0.0
2030-08-23 17:00:00;121.8304609286498;0.0;0.0;0.0;0.0;0.0;0.0;0.0
2030-08-23 18:00:00;121.8492981411251;0.0;0.0;0.0;0.0;0.0;0.0;0.0
2030-08-23 19:00:00;121.8804701897754;0.0;0.0;0.0;0.0;0.0;0.0;0.0
2030-08-23 20:00:00;121.7970362860205;0.0;0.0;0.0;0.0;0.0;0.0;0.0
2030-08-23 21:00:00;121.7750232509931;0.0;0.0;0.0;0.0;0.0;0.0;0.0
2030-08-23 22:00:00;121.704560604017;0.0;0.0;0.0;0.0;0.0;0.0;0.0
2030-08-23 23:00:00;121.6845301029099;0.0;0.0;0.0;0.0;0.0;0.0;0.0
2030-08-24 00:00:00;121.5840635740495;0.0;0.0;0.0;0.0;0.0;0.0;0.0
2030-08-24 01:00:00;121.468109414839;0.0;0.0;0.0;0.0;0.0;0.0;0.0
2030-08-24 02:00:00;121.4576252227879;0.0;0.0;0.0;0.0;0.0;0.0;0.0
2030-08-24 03:00:00;121.4642259930629;0.0;0.0;0.0;0.0;0.0;0.0;0.0
2030-08-24 04:00:00;121.4784449691833;0.0;0.0;0.0;0.0;0.0;0.0;0.0
2030-08-24 05:00:00;121.4616593757596;0.0;0.0;0.0;0.0;0.0;0.0;0.0
2030-08-24 06:00:00;121.5112164432983;0.0;0.0;0.0;0.0;0.0;0.0;0.0
2030-08-24 07:00:00;121.5473751823372;0.0;0.0;0.0;0.0;0.0;0.0;0.0
2030-08-24 08:00:00;121.5627434838242;0.0;0.0;0.0;0.0;0.0;0.0;0.0
2030-08-24 09:00:00;121.5558559055798;0.0;0.0;0.0;0.0;0.0;0.0;0.0
2030-08-24 10:00:00;121.4048693043199;0.0;0.0;0.0;0.0;0.0;0.0;0.0
2030-08-24 11:00:00;121.3835973643376;0.0;0.0;0.0;0.0;0.0;0.0;0.0
2030-08-24 12:00:00;121.3432495541537;0.0;0.0;0.0;0.0;0.0;0.0;0.0
2030-08-24 13:00:00;121.3475956369608;0.0;0.0;0.0;0.0;0.0;0.0;0.0
2030-08-24 14:00:00;121.3471413498851;0.0;0.0;0.0;0.0;0.0;0.0;0.0
2030-08-24 15:00:00;121.3298805344976;0.0;0.0;0.0;0.0;0.0;0.0;0.0
2030-08-24 16:00:00;121.3555802033512;0.0;0.0;0.0;0.0;0.0;0.0;0.0
2030-08-24 17:00:00;131.3109318546093;0.0;0.0;0.0;0.0;0.0;0.0;0.0
2030-08-24 18:00:00;131.3573759042606;0.0;0.0;0.0;0.0;0.0;0.0;0.0
2030-08-24 19:00:00;131.3693108840696;0.0;0.0;0.0;0.0;0.0;0.0;0.0
2030-08-24 20:00:00;131.294142074208;0.0;0.0;0.0;0.0;0.0;0.0;0.0
2030-08-24 21:00:00;131.2976151721738;0.0;0.0;0.0;0.0;0.0;0.0;0.0
2030-08-24 22:00:00;131.2999933754826;0.0;0.0;0.0;0.0;0.0;0.0;0.0
2030-08-24 23:00:00;131.188129893442;0.0;0.0;0.0;0.0;0.0;0.0;0.0
2030-08-25 00:00:00;131.0197631479314;0.0;0.0;0.0;0.0;0.0;0.0;0.0
2030-08-25 01:00:00;130.9102841496661;0.0;0.0;0.0;0.0;0.0;0.0;0.0
2030-08-25 02:00:00;130.8977462450746;0.0;0.0;0.0;0.0;0.0;0.0;0.0
2030-08-25 03:00:00;130.8754380281224;0.0;0.0;0.0;0.0;0.0;0.0;0.0
2030-08-25 04:00:00;130.8814421540815;0.0;0.0;0.0;0.0;0.0;0.0;0.0
2030-08-25 05:00:00;130.8679621795173;0.0;0.0;0.0;0.0;0.0;0.0;0.0
2030-08-25 06:00:00;130.8482415147566;0.0;0.0;0.0;0.0;0.0;0.0;0.0
2030-08-25 07:00:00;130.9242770289931;0.0;0.0;0.0;0.0;0.0;0.0;0.0
2030-08-25 08:00:00;130.9068508279881;0.0;0.0;0.0;0.0;0.0;0.0;0.0
2030-08-25 09:00:00;130.7950040938582;0.0;0.0;0.0;0.0;0.0;0.0;0.0
2030-08-25 10:00:00;130.797076647798;0.0;0.0;0.0;0.0;0.0;0.0;0.0
2030-08-25 11:00:00;123.7489592125822;0.0;0.0;0.0;0.0;0.0;0.0;0.0
2030-08-25 12:00:00;121.2184880874434;0.0;0.0;0.0;0.0;0.0;0.0;0.0
2030-08-25 13:00:00;121.1483269028587;0.0;0.0;0.0;0.0;0.0;0.0;0.0
2030-08-25 14:00:00;130.7410276714034;0.0;0.0;0.0;0.0;0.0;0.0;0.0
2030-08-25 15:00:00;130.8371481174566;0.0;0.0;0.0;0.0;0.0;0.0;0.0
2030-08-25 16:00:00;131.0607327242972;0.0;0.0;0.0;0.0;0.0;0.0;0.0
2030-08-25 17:00:00;131.1217286147926;0.0;0.0;0.0;0.0;0.0;0.0;0.0
2030-08-25 18:00:00;131.1676576661922;0.0;0.0;0.0;0.0;0.0;0.0;0.0
2030-08-25 19:00:00;131.1734650042013;0.0;0.0;0.0;0.0;0.0;0.0;0.0
2030-08-25 20:00:00;131.1953587103655;0.0;0.0;0.0;0.0;0.0;0.0;0.0
2030-08-25 21:00:00;131.2797074687383;0.0;0.0;0.0;0.0;0.0;0.0;0.0
2030-08-25 22:00:00;131.275302768244;0.0;0.0;0.0;0.0;0.0;0.0;0.0
2030-08-25 23:00:00;131.2964637533184;0.0;0.0;0.0;0.0;0.0;0.0;0.0
2030-08-26 00:00:00;131.3675628208981;0.0;0.0;0.0;0.0;0.0;0.0;0.0
2030-08-26 01:00:00;131.3853742238475;0.0;0.0;0.0;0.0;0.0;0.0;0.0
2030-08-26 02:00:00;131.4326640429855;0.0;0.0;0.0;0.0;0.0;0.0;0.0
2030-08-26 03:00:00;131.4553742097926;0.0;0.0;0.0;0.0;0.0;0.0;0.0
2030-08-26 04:00:00;131.4296452320953;0.0;0.0;0.0;0.0;0.0;0.0;0.0
2030-08-26 05:00:00;131.464051720985;0.0;0.0;0.0;0.0;0.0;0.0;0.0
2030-08-26 06:00:00;121.641965288057;0.0;0.0;0.0;0.0;0.0;0.0;0.0
2030-08-26 07:00:00;121.7688411784836;0.0;0.0;0.0;0.0;0.0;0.0;0.0
2030-08-26 08:00:00;121.7552397815675;0.0;0.0;0.0;0.0;0.0;0.0;0.0
2030-08-26 09:00:00;121.7645809287185;0.0;0.0;0.0;0.0;0.0;0.0;0.0
2030-08-26 10:00:00;121.7223971288324;0.0;0.0;0.0;0.0;0.0;0.0;0.0
2030-08-26 11:00:00;121.69649857854;0.0;0.0;0.0;0.0;0.0;0.0;0.0
2030-08-26 12:00:00;121.6598332152047;0.0;0.0;0.0;0.0;0.0;0.0;0.0
2030-08-26 13:00:00;121.6209110709128;0.0;0.0;0.0;0.0;0.0;0.0;0.0
2030-08-26 14:00:00;121.7776338315617;0.0;0.0;0.0;0.0;0.0;0.0;0.0
2030-08-26 15:00:00;121.7782137279671;0.0;0.0;0.0;0.0;0.0;0.0;0.0
2030-08-26 16:00:00;121.6990170456002;0.0;0.0;0.0;0.0;0.0;0.0;0.0
2030-08-26 17:00:00;121.619703127859;0.0;0.0;0.0;0.0;0.0;0.0;0.0
2030-08-26 18:00:00;121.7268981298128;0.0;0.0;0.0;0.0;0.0;0.0;0.0
2030-08-26 19:00:00;121.7408051760978;0.0;0.0;0.0;0.0;0.0;0.0;0.0
2030-08-26 20:00:00;121.7124991136532;0.0;0.0;0.0;0.0;0.0;0.0;0.0
2030-08-26 21:00:00;121.755867828216;0.0;0.0;0.0;0.0;0.0;0.0;0.0
2030-08-26 22:00:00;121.6397126940779;0.0;0.0;0.0;0.0;0.0;0.0;0.0
2030-08-26 23:00:00;121.4667863298996;0.0;0.0;0.0;0.0;0.0;0.0;0.0
2030-08-27 00:00:00;121.5036966314278;0.0;0.0;0.0;0.0;0.0;0.0;0.0
2030-08-27 01:00:00;121.5316823900818;0.0;0.0;0.0;0.0;0.0;0.0;0.0
2030-08-27 02:00:00;121.6150723305713;0.0;0.0;0.0;0.0;0.0;0.0;0.0
2030-08-27 03:00:00;121.6110507385325;0.0;0.0;0.0;0.0;0.0;0.0;0.0
2030-08-27 04:00:00;121.5486647714553;0.0;0.0;0.0;0.0;0.0;0.0;0.0
2030-08-27 05:00:00;121.5540534116988;0.0;0.0;0.0;0.0;0.0;0.0;0.0
2030-08-27 06:00:00;121.5863057005844;0.0;0.0;0.0;0.0;0.0;0.0;0.0
2030-08-27 07:00:00;121.7698732684759;0.0;0.0;0.0;0.0;0.0;0.0;0.0
2030-08-27 08:00:00;121.77872663273;0.0;0.0;0.0;0.0;0.0;0.0;0.0
2030-08-27 09:00:00;121.7724377922904;0.0;0.0;0.0;0.0;0.0;0.0;0.0
2030-08-27 10:00:00;121.7386656305155;0.0;0.0;0.0;0.0;0.0;0.0;0.0
2030-08-27 11:00:00;121.6966409357804;0.0;0.0;0.0;0.0;0.0;0.0;0.0
2030-08-27 12:00:00;121.6074143484381;0.0;0.0;0.0;0.0;0.0;0.0;0.0
2030-08-27 13:00:00;121.587589009236;0.0;0.0;0.0;0.0;0.0;0.0;0.0
2030-08-27 14:00:00;121.5593143491238;0.0;0.0;0.0;0.0;0.0;0.0;0.0
2030-08-27 15:00:00;121.5426313366527;0.0;0.0;0.0;0.0;0.0;0.0;0.0
2030-08-27 16:00:00;121.5952763002128;0.0;0.0;0.0;0.0;0.0;0.0;0.0
2030-08-27 17:00:00;121.6329423512079;0.0;0.0;0.0;0.0;0.0;0.0;0.0
2030-08-27 18:00:00;121.6344852524742;0.0;0.0;0.0;0.0;0.0;0.0;0.0
2030-08-27 19:00:00;121.685210486779;0.0;0.0;0.0;0.0;0.0;0.0;0.0
2030-08-27 20:00:00;121.6192948975376;0.0;0.0;0.0;0.0;0.0;0.0;0.0
2030-08-27 21:00:00;125.6026095865756;0.0;0.0;0.0;0.0;0.0;0.0;0.0
2030-08-27 22:00:00;131.4603881155358;0.0;0.0;0.0;0.0;0.0;0.0;0.0
2030-08-27 23:00:00;131.3888619762351;0.0;0.0;0.0;0.0;0.0;0.0;0.0
2030-08-28 00:00:00;131.4183780752224;0.0;0.0;0.0;0.0;0.0;0.0;0.0
2030-08-28 01:00:00;131.3897496154982;0.0;0.0;0.0;0.0;0.0;0.0;0.0
2030-08-28 02:00:00;131.4290109049803;0.0;0.0;0.0;0.0;0.0;0.0;0.0
2030-08-28 03:00:00;131.4613888031957;0.0;0.0;0.0;0.0;0.0;0.0;0.0
2030-08-28 04:00:00;131.4345021261764;0.0;0.0;0.0;0.0;0.0;0.0;0.0
2030-08-28 05:00:00;131.4589184863785;0.0;0.0;0.0;0.0;0.0;0.0;0.0
2030-08-28 06:00:00;131.6116364028993;0.0;0.0;0.0;0.0;0.0;0.0;0.0
2030-08-28 07:00:00;131.6606156675214;0.0;0.0;0.0;0.0;0.0;0.0;0.0
2030-08-28 08:00:00;131.6725318059309;0.0;0.0;0.0;0.0;0.0;0.0;0.0
2030-08-28 09:00:00;121.824906902789;0.0;0.0;0.0;0.0;0.0;0.0;0.0
2030-08-28 10:00:00;121.82272548743;0.0;0.0;0.0;0.0;0.0;0.0;0.0
2030-08-28 11:00:00;121.7959644197405;0.0;0.0;0.0;0.0;0.0;0.0;0.0
2030-08-28 12:00:00;121.8260206388455;0.0;0.0;0.0;0.0;0.0;0.0;0.0
2030-08-28 13:00:00;121.8277289257292;0.0;0.0;0.0;0.0;0.0;0.0;0.0
2030-08-28 14:00:00;121.7633436768211;0.0;0.0;0.0;0.0;0.0;0.0;0.0
2030-08-28 15:00:00;121.7140545758524;0.0;0.0;0.0;0.0;0.0;0.0;0.0
2030-08-28 16:00:00;121.7121871838178;0.0;0.0;0.0;0.0;0.0;0.0;0.0
2030-08-28 17:00:00;121.7547624661148;0.0;0.0;0.0;0.0;0.0;0.0;0.0
2030-08-28 18:00:00;121.7729130142543;0.0;0.0;0.0;0.0;0.0;0.0;0.0
2030-08-28 19:00:00;123.3047899683918;0.0;0.0;0.0;0.0;0.0;0.0;0.0
2030-08-28 20:00:00;121.8360966005751;0.0;0.0;0.0;0.0;0.0;0.0;0.0
2030-08-28 21:00:00;121.8433547263421;0.0;0.0;0.0;0.0;0.0;0.0;0.0
2030-08-28 22:00:00;121.7816993868659;0.0;0.0;0.0;0.0;0.0;0.0;0.0
2030-08-28 23:00:00;121.7165227991808;0.0;0.0;0.0;0.0;0.0;0.0;0.0
2030-08-29 00:00:00;121.7595481815758;0.0;0.0;0.0;0.0;0.0;0.0;0.0
2030-08-29 01:00:00;121.7834181411937;0.0;0.0;0.0;0.0;0.0;0.0;0.0
2030-08-29 02:00:00;121.7785654340902;0.0;0.0;0.0;0.0;0.0;0.0;0.0
2030-08-29 03:00:00;121.765451820071;0.0;0.0;0.0;0.0;0.0;0.0;0.0
2030-08-29 04:00:00;121.8022679146019;0.0;0.0;0.0;0.0;0.0;0.0;0.0
2030-08-29 05:00:00;121.7590143419246;0.0;0.0;0.0;0.0;0.0;0.0;0.0
2030-08-29 06:00:00;121.9076583291858;0.0;0.0;0.0;0.0;0.0;0.0;0.0
2030-08-29 07:00:00;121.9962275610361;0.0;0.0;0.0;0.0;0.0;0.0;0.0
2030-08-29 08:00:00;121.9680324534993;0.0;0.0;0.0;0.0;0.0;0.0;0.0
2030-08-29 09:00:00;121.9073170905069;0.0;0.0;0.0;0.0;0.0;0.0;0.0
2030-08-29 10:00:00;121.8511718136262;0.0;0.0;0.0;0.0;0.0;0.0;0.0
2030-08-29 11:00:00;121.9534303689233;0.0;0.0;0.0;0.0;0.0;0.0;0.0
2030-08-29 12:00:00;121.9361402446921;0.0;0.0;0.0;0.0;0.0;0.0;0.0
2030-08-29 13:00:00;121.93950238775;0.0;0.0;0.0;0.0;0.0;0.0;0.0
2030-08-29 14:00:00;121.9543808128513;0.0;0.0;0.0;0.0;0.0;0.0;0.0
2030-08-29 15:00:00;122.0255154697412;0.0;0.0;0.0;0.0;0.0;0.0;0.0
2030-08-29 16:00:00;122.0314107342811;0.0;0.0;0.0;0.0;0.0;0.0;0.0
2030-08-29 17:00:00;121.9508595646425;0.0;0.0;0.0;0.0;0.0;0.0;0.0
2030-08-29 18:00:00;131.8713001962032;0.0;0.0;0.0;0.0;0.0;0.0;0.0
2030-08-29 19:00:00;131.8609458004594;0.0;0.0;0.0;0.0;0.0;0.0;0.0
2030-08-29 20:00:00;131.8341219281051;0.0;0.0;0.0;0.0;0.0;0.0;0.0
2030-08-29 21:00:00;131.8262776254662;0.0;0.0;0.0;0.0;0.0;0.0;0.0
2030-08-29 22:00:00;131.7507403615709;0.0;0.0;0.0;0.0;0.0;0.0;0.0
2030-08-29 23:00:00;131.7295793764965;0.0;0.0;0.0;0.0;0.0;0.0;0.0
2030-08-30 00:00:00;131.8290242828087;0.0;0.0;0.0;0.0;0.0;0.0;0.0
2030-08-30 01:00:00;131.7617856086279;0.0;0.0;0.0;0.0;0.0;0.0;0.0
2030-08-30 02:00:00;121.8247938543922;0.0;0.0;0.0;0.0;0.0;0.0;0.0
2030-08-30 03:00:00;131.7473824054906;0.0;0.0;0.0;0.0;0.0;0.0;0.0
2030-08-30 04:00:00;131.7612559559544;0.0;0.0;0.0;0.0;0.0;0.0;0.0
2030-08-30 05:00:00;131.7728978473275;0.0;0.0;0.0;0.0;0.0;0.0;0.0
2030-08-30 06:00:00;131.8092638417603;0.0;0.0;0.0;0.0;0.0;0.0;0.0
2030-08-30 07:00:00;131.8796950864039;0.0;0.0;0.0;0.0;0.0;0.0;0.0
2030-08-30 08:00:00;122.0106872883718;0.0;0.0;0.0;0.0;0.0;0.0;0.0
2030-08-30 09:00:00;122.1429706604414;0.0;0.0;0.0;0.0;0.0;0.0;0.0
2030-08-30 10:00:00;121.8764339433148;0.0;0.0;0.0;0.0;0.0;0.0;0.0
2030-08-30 11:00:00;121.897523749769;0.0;0.0;0.0;0.0;0.0;0.0;0.0
2030-08-30 12:00:00;121.8860409635469;0.0;0.0;0.0;0.0;0.0;0.0;0.0
2030-08-30 13:00:00;121.8081443377423;0.0;0.0;0.0;0.0;0.0;0.0;0.0
2030-08-30 14:00:00;121.8247059278614;0.0;0.0;0.0;0.0;0.0;0.0;0.0
2030-08-30 15:00:00;121.8517056532774;0.0;0.0;0.0;0.0;0.0;0.0;0.0
2030-08-30 16:00:00;121.8183396283351;0.0;0.0;0.0;0.0;0.0;0.0;0.0
2030-08-30 17:00:00;121.8821093915278;0.0;0.0;0.0;0.0;0.0;0.0;0.0
2030-08-30 18:00:00;121.8989180133286;0.0;0.0;0.0;0.0;0.0;0.0;0.0
2030-08-30 19:00:00;121.9021922298557;0.0;0.0;0.0;0.0;0.0;0.0;0.0
2030-08-30 20:00:00;121.9678021697283;0.0;0.0;0.0;0.0;0.0;0.0;0.0
2030-08-30 21:00:00;121.9944460020434;0.0;0.0;0.0;0.0;0.0;0.0;0.0
2030-08-30 22:00:00;121.9268409673177;0.0;0.0;0.0;0.0;0.0;0.0;0.0
2030-08-30 23:00:00;121.8179209305696;0.0;0.0;0.0;0.0;0.0;0.0;0.0
2030-08-31 00:00:00;121.7358394205976;0.0;0.0;0.0;0.0;0.0;0.0;0.0
2030-08-31 01:00:00;121.7313865698603;0.0;0.0;0.0;0.0;0.0;0.0;0.0
2030-08-31 02:00:00;121.687146963945;0.0;0.0;0.0;0.0;0.0;0.0;0.0
2030-08-31 03:00:00;121.6501298944866;0.0;0.0;0.0;0.0;0.0;0.0;0.0
2030-08-31 04:00:00;121.6268000549862;0.0;0.0;0.0;0.0;0.0;0.0;0.0
2030-08-31 05:00:00;121.6478500851527;0.0;0.0;0.0;0.0;0.0;0.0;0.0
2030-08-31 06:00:00;121.6941664319855;0.0;0.0;0.0;0.0;0.0;0.0;0.0
2030-08-31 07:00:00;121.7339113173869;0.0;0.0;0.0;0.0;0.0;0.0;0.0
2030-08-31 08:00:00;121.810694207135;0.0;0.0;0.0;0.0;0.0;0.0;0.0
2030-08-31 09:00:00;121.7994752005052;0.0;0.0;0.0;0.0;0.0;0.0;0.0
2030-08-31 10:00:00;121.5287912820102;0.0;0.0;0.0;0.0;0.0;0.0;0.0
2030-08-31 11:00:00;121.4232815385629;0.0;0.0;0.0;0.0;0.0;0.0;0.0
2030-08-31 12:00:00;121.5136700122048;0.0;0.0;0.0;0.0;0.0;0.0;0.0
2030-08-31 13:00:00;121.3660581149359;0.0;0.0;0.0;0.0;0.0;0.0;0.0
2030-08-31 14:00:00;121.4082984390203;0.0;0.0;0.0;0.0;0.0;0.0;0.0
2030-08-31 15:00:00;121.3909455101243;0.0;0.0;0.0;0.0;0.0;0.0;0.0
2030-08-31 16:00:00;121.4315759412999;0.0;0.0;0.0;0.0;0.0;0.0;0.0
2030-08-31 17:00:00;121.566021887329;0.0;0.0;0.0;0.0;0.0;0.0;0.0
2030-08-31 18:00:00;121.7186100075424;0.0;0.0;0.0;0.0;0.0;0.0;0.0
2030-08-31 19:00:00;121.7749855681942;0.0;0.0;0.0;0.0;0.0;0.0;0.0
2030-08-31 20:00:00;121.716543734069;0.0;0.0;0.0;0.0;0.0;0.0;0.0
2030-08-31 21:00:00;121.6866905833804;0.0;0.0;0.0;0.0;0.0;0.0;0.0
2030-08-31 22:00:00;121.6986862743654;0.0;0.0;0.0;0.0;0.0;0.0;0.0
2030-08-31 23:00:00;121.6208796685804;0.0;0.0;0.0;0.0;0.0;0.0;0.0
2030-09-01 00:00:00;121.3898045587129;0.0;0.0;0.0;0.0;0.0;0.0;0.0
2030-09-01 01:00:00;121.2670884305877;0.0;0.0;0.0;0.0;0.0;0.0;0.0
2030-09-01 02:00:00;121.1910654772842;0.0;0.0;0.0;0.0;0.0;0.0;0.0
2030-09-01 03:00:00;121.1751298403248;0.0;0.0;0.0;0.0;0.0;0.0;0.0
2030-09-01 04:00:00;121.1771040002896;0.0;0.0;0.0;0.0;0.0;0.0;0.0
2030-09-01 05:00:00;121.1972266149053;0.0;0.0;0.0;0.0;0.0;0.0;0.0
2030-09-01 06:00:00;121.237053146371;0.0;0.0;0.0;0.0;0.0;0.0;0.0
2030-09-01 07:00:00;121.2271237288593;0.0;0.0;0.0;0.0;0.0;0.0;0.0
2030-09-01 08:00:00;121.2444599098447;0.0;0.0;0.0;0.0;0.0;0.0;0.0
2030-09-01 09:00:00;121.2746187099023;0.0;0.0;0.0;0.0;0.0;0.0;0.0
2030-09-01 10:00:00;121.2628030589565;0.0;0.0;0.0;0.0;0.0;0.0;0.0
2030-09-01 11:00:00;121.2591603883956;0.0;0.0;0.0;0.0;0.0;0.0;0.0
2030-09-01 12:00:00;121.2523167734166;0.0;0.0;0.0;0.0;0.0;0.0;0.0
2030-09-01 13:00:00;121.2176841877334;0.0;0.0;0.0;0.0;0.0;0.0;0.0
2030-09-01 14:00:00;121.1659205829699;0.0;0.0;0.0;0.0;0.0;0.0;0.0
2030-09-01 15:00:00;121.1635947168819;0.0;0.0;0.0;0.0;0.0;0.0;0.0
2030-09-01 16:00:00;121.2390649891348;0.0;0.0;0.0;0.0;0.0;0.0;0.0
2030-09-01 17:00:00;121.370452347986;0.0;0.0;0.0;0.0;0.0;0.0;0.0
2030-09-01 18:00:00;121.4902752745508;0.0;0.0;0.0;0.0;0.0;0.0;0.0
2030-09-01 19:00:00;121.5816476879419;0.0;0.0;0.0;0.0;0.0;0.0;0.0
2030-09-01 20:00:00;121.6225963294195;0.0;0.0;0.0;0.0;0.0;0.0;0.0
2030-09-01 21:00:00;123.4942276789573;0.0;0.0;0.0;0.0;0.0;0.0;0.0
2030-09-01 22:00:00;131.5416594453313;0.0;0.0;0.0;0.0;0.0;0.0;0.0
2030-09-01 23:00:00;131.5645035954235;0.0;0.0;0.0;0.0;0.0;0.0;0.0
2030-09-02 00:00:00;131.4861652434762;0.0;0.0;0.0;0.0;0.0;0.0;0.0
2030-09-02 01:00:00;131.4346863531933;0.0;0.0;0.0;0.0;0.0;0.0;0.0
2030-09-02 02:00:00;131.4394574142326;0.0;0.0;0.0;0.0;0.0;0.0;0.0
2030-09-02 03:00:00;131.4501467681888;0.0;0.0;0.0;0.0;0.0;0.0;0.0
2030-09-02 04:00:00;131.5825641235434;0.0;0.0;0.0;0.0;0.0;0.0;0.0
2030-09-02 05:00:00;131.7077170726647;0.0;0.0;0.0;0.0;0.0;0.0;0.0
2030-09-02 06:00:00;131.910345856336;0.0;0.0;0.0;0.0;0.0;0.0;0.0
2030-09-02 07:00:00;131.8660287913341;0.0;0.0;0.0;0.0;0.0;0.0;0.0
2030-09-02 08:00:00;126.2552986919996;0.0;0.0;0.0;0.0;0.0;0.0;0.0
2030-09-02 09:00:00;121.9395044812389;0.0;0.0;0.0;0.0;0.0;0.0;0.0
2030-09-02 10:00:00;121.9043296819492;0.0;0.0;0.0;0.0;0.0;0.0;0.0
2030-09-02 11:00:00;121.8961901973855;0.0;0.0;0.0;0.0;0.0;0.0;0.0
2030-09-02 12:00:00;121.8578458560101;0.0;0.0;0.0;0.0;0.0;0.0;0.0
2030-09-02 13:00:00;121.8625582993623;0.0;0.0;0.0;0.0;0.0;0.0;0.0
2030-09-02 14:00:00;121.8195329169672;0.0;0.0;0.0;0.0;0.0;0.0;0.0
2030-09-02 15:00:00;121.8665275541803;0.0;0.0;0.0;0.0;0.0;0.0;0.0
2030-09-02 16:00:00;121.891375173081;0.0;0.0;0.0;0.0;0.0;0.0;0.0
2030-09-02 17:00:00;121.9055166901147;0.0;0.0;0.0;0.0;0.0;0.0;0.0
2030-09-02 18:00:00;121.9405281972758;0.0;0.0;0.0;0.0;0.0;0.0;0.0
2030-09-02 19:00:00;121.9381374330341;0.0;0.0;0.0;0.0;0.0;0.0;0.0
2030-09-02 20:00:00;121.979483837389;0.0;0.0;0.0;0.0;0.0;0.0;0.0
2030-09-02 21:00:00;121.9763122018144;0.0;0.0;0.0;0.0;0.0;0.0;0.0
2030-09-02 22:00:00;121.9070658718475;0.0;0.0;0.0;0.0;0.0;0.0;0.0
2030-09-02 23:00:00;121.8291210957999;0.0;0.0;0.0;0.0;0.0;0.0;0.0
2030-09-03 00:00:00;121.9019556656182;0.0;0.0;0.0;0.0;0.0;0.0;0.0
2030-09-03 01:00:00;121.9008314621174;0.0;0.0;0.0;0.0;0.0;0.0;0.0
2030-09-03 02:00:00;121.8736454161958;0.0;0.0;0.0;0.0;0.0;0.0;0.0
2030-09-03 03:00:00;121.7908772418882;0.0;0.0;0.0;0.0;0.0;0.0;0.0
2030-09-03 04:00:00;121.7894411085521;0.0;0.0;0.0;0.0;0.0;0.0;0.0
2030-09-03 05:00:00;131.7952060642797;0.0;0.0;0.0;0.0;0.0;0.0;0.0
2030-09-03 06:00:00;131.941400669612;0.0;0.0;0.0;0.0;0.0;0.0;0.0
2030-09-03 07:00:00;131.9642531936595;0.0;0.0;0.0;0.0;0.0;0.0;0.0
2030-09-03 08:00:00;131.8648229417691;0.0;0.0;0.0;0.0;0.0;0.0;0.0
2030-09-03 09:00:00;121.9884251281738;0.0;0.0;0.0;0.0;0.0;0.0;0.0
2030-09-03 10:00:00;122.0426192734667;0.0;0.0;0.0;0.0;0.0;0.0;0.0
2030-09-03 11:00:00;122.052833405459;0.0;0.0;0.0;0.0;0.0;0.0;0.0
2030-09-03 12:00:00;122.0178637680744;0.0;0.0;0.0;0.0;0.0;0.0;0.0
2030-09-03 13:00:00;122.0423554938743;0.0;0.0;0.0;0.0;0.0;0.0;0.0
2030-09-03 14:00:00;122.0461091193431;0.0;0.0;0.0;0.0;0.0;0.0;0.0
2030-09-03 15:00:00;122.0668828089843;0.0;0.0;0.0;0.0;0.0;0.0;0.0
2030-09-03 16:00:00;131.9660515005629;0.0;0.0;0.0;0.0;0.0;0.0;0.0
2030-09-03 17:00:00;132.0469418153916;0.0;0.0;0.0;0.0;0.0;0.0;0.0
2030-09-03 18:00:00;131.9838566230457;0.0;0.0;0.0;0.0;0.0;0.0;0.0
2030-09-03 19:00:00;131.8625410389465;0.0;0.0;0.0;0.0;0.0;0.0;0.0
2030-09-03 20:00:00;131.8062240959818;0.0;0.0;0.0;0.0;0.0;0.0;0.0
2030-09-03 21:00:00;131.8113887329208;0.0;0.0;0.0;0.0;0.0;0.0;0.0
2030-09-03 22:00:00;131.7409909840984;0.0;0.0;0.0;0.0;0.0;0.0;0.0
2030-09-03 23:00:00;131.772330511855;0.0;0.0;0.0;0.0;0.0;0.0;0.0
2030-09-04 00:00:00;131.8094648166877;0.0;0.0;0.0;0.0;0.0;0.0;0.0
2030-09-04 01:00:00;131.837094682241;0.0;0.0;0.0;0.0;0.0;0.0;0.0
2030-09-04 02:00:00;131.8274122964111;0.0;0.0;0.0;0.0;0.0;0.0;0.0
2030-09-04 03:00:00;131.8253962666696;0.0;0.0;0.0;0.0;0.0;0.0;0.0
2030-09-04 04:00:00;131.8397345716531;0.0;0.0;0.0;0.0;0.0;0.0;0.0
2030-09-04 05:00:00;131.8286579222638;0.0;0.0;0.0;0.0;0.0;0.0;0.0
2030-09-04 06:00:00;131.9451626690361;0.0;0.0;0.0;0.0;0.0;0.0;0.0
2030-09-04 07:00:00;131.9290867683251;0.0;0.0;0.0;0.0;0.0;0.0;0.0
2030-09-04 08:00:00;131.934774777471;0.0;0.0;0.0;0.0;0.0;0.0;0.0
2030-09-04 09:00:00;131.8825003614336;0.0;0.0;0.0;0.0;0.0;0.0;0.0
2030-09-04 10:00:00;131.8170641811337;0.0;0.0;0.0;0.0;0.0;0.0;0.0
2030-09-04 11:00:00;131.752333506569;0.0;0.0;0.0;0.0;0.0;0.0;0.0
2030-09-04 12:00:00;131.6583191102769;0.0;0.0;0.0;0.0;0.0;0.0;0.0
2030-09-04 13:00:00;131.808926790059;0.0;0.0;0.0;0.0;0.0;0.0;0.0
2030-09-04 14:00:00;131.8693532515931;0.0;0.0;0.0;0.0;0.0;0.0;0.0
2030-09-04 15:00:00;131.9086103540976;0.0;0.0;0.0;0.0;0.0;0.0;0.0
2030-09-04 16:00:00;131.8611195600322;0.0;0.0;0.0;0.0;0.0;0.0;0.0
2030-09-04 17:00:00;131.8662088313733;0.0;0.0;0.0;0.0;0.0;0.0;0.0
2030-09-04 18:00:00;131.7136018697605;0.0;0.0;0.0;0.0;0.0;0.0;0.0
2030-09-04 19:00:00;131.8446626443546;0.0;0.0;0.0;0.0;0.0;0.0;0.0
2030-09-04 20:00:00;131.8194591323531;0.0;0.0;0.0;0.0;0.0;0.0;0.0
2030-09-04 21:00:00;131.7636885899726;0.0;0.0;0.0;0.0;0.0;0.0;0.0
2030-09-04 22:00:00;131.7301006552147;0.0;0.0;0.0;0.0;0.0;0.0;0.0
2030-09-04 23:00:00;131.6694062271105;0.0;0.0;0.0;0.0;0.0;0.0;0.0
2030-09-05 00:00:00;131.5733799880546;0.0;0.0;0.0;0.0;0.0;0.0;0.0
2030-09-05 01:00:00;131.6448558836234;0.0;0.0;0.0;0.0;0.0;0.0;0.0
2030-09-05 02:00:00;131.624488330815;0.0;0.0;0.0;0.0;0.0;0.0;0.0
2030-09-05 03:00:00;131.5539565987076;0.0;0.0;0.0;0.0;0.0;0.0;0.0
2030-09-05 04:00:00;131.5577709353524;0.0;0.0;0.0;0.0;0.0;0.0;0.0
2030-09-05 05:00:00;131.5983720576844;0.0;0.0;0.0;0.0;0.0;0.0;0.0
2030-09-05 06:00:00;131.8525383493259;0.0;0.0;0.0;0.0;0.0;0.0;0.0
2030-09-05 07:00:00;131.9035106153123;0.0;0.0;0.0;0.0;0.0;0.0;0.0
2030-09-05 08:00:00;131.9486650758454;0.0;0.0;0.0;0.0;0.0;0.0;0.0
2030-09-05 09:00:00;121.9835807950255;0.0;0.0;0.0;0.0;0.0;0.0;0.0
2030-09-05 10:00:00;121.9538323187783;0.0;0.0;0.0;0.0;0.0;0.0;0.0
2030-09-05 11:00:00;121.9470933782407;0.0;0.0;0.0;0.0;0.0;0.0;0.0
2030-09-05 12:00:00;121.8808449242756;0.0;0.0;0.0;0.0;0.0;0.0;0.0
2030-09-05 13:00:00;121.9141627989748;0.0;0.0;0.0;0.0;0.0;0.0;0.0
2030-09-05 14:00:00;121.7916120564669;0.0;0.0;0.0;0.0;0.0;0.0;0.0
2030-09-05 15:00:00;122.0022337804839;0.0;0.0;0.0;0.0;0.0;0.0;0.0
2030-09-05 16:00:00;121.9584338072225;0.0;0.0;0.0;0.0;0.0;0.0;0.0
2030-09-05 17:00:00;121.9897670545126;0.0;0.0;0.0;0.0;0.0;0.0;0.0
2030-09-05 18:00:00;131.8853307583291;0.0;0.0;0.0;0.0;0.0;0.0;0.0
2030-09-05 19:00:00;131.891640533657;0.0;0.0;0.0;0.0;0.0;0.0;0.0
2030-09-05 20:00:00;131.9338452684314;0.0;0.0;0.0;0.0;0.0;0.0;0.0
2030-09-05 21:00:00;131.8665458830746;0.0;0.0;0.0;0.0;0.0;0.0;0.0
2030-09-05 22:00:00;131.8102833708195;0.0;0.0;0.0;0.0;0.0;0.0;0.0
2030-09-05 23:00:00;131.7995919233745;0.0;0.0;0.0;0.0;0.0;0.0;0.0
2030-09-06 00:00:00;131.6933389913933;0.0;0.0;0.0;0.0;0.0;0.0;0.0
2030-09-06 01:00:00;131.6795722088598;0.0;0.0;0.0;0.0;0.0;0.0;0.0
2030-09-06 02:00:00;131.6667914595643;0.0;0.0;0.0;0.0;0.0;0.0;0.0
2030-09-06 03:00:00;131.6649408154402;0.0;0.0;0.0;0.0;0.0;0.0;0.0
2030-09-06 04:00:00;131.6318281026462;0.0;0.0;0.0;0.0;0.0;0.0;0.0
2030-09-06 05:00:00;131.6781842257668;0.0;0.0;0.0;0.0;0.0;0.0;0.0
2030-09-06 06:00:00;131.8690601631571;0.0;0.0;0.0;0.0;0.0;0.0;0.0
2030-09-06 07:00:00;131.9597773145451;0.0;0.0;0.0;0.0;0.0;0.0;0.0
2030-09-06 08:00:00;131.9668009695633;0.0;0.0;0.0;0.0;0.0;0.0;0.0
2030-09-06 09:00:00;122.0811080655712;0.0;0.0;0.0;0.0;0.0;0.0;0.0
2030-09-06 10:00:00;122.033433044489;0.0;0.0;0.0;0.0;0.0;0.0;0.0
2030-09-06 11:00:00;121.9139178607819;0.0;0.0;0.0;0.0;0.0;0.0;0.0
2030-09-06 12:00:00;121.8477698942805;0.0;0.0;0.0;0.0;0.0;0.0;0.0
2030-09-06 13:00:00;121.8192314545759;0.0;0.0;0.0;0.0;0.0;0.0;0.0
2030-09-06 14:00:00;121.8958636131284;0.0;0.0;0.0;0.0;0.0;0.0;0.0
2030-09-06 15:00:00;121.990832640326;0.0;0.0;0.0;0.0;0.0;0.0;0.0
2030-09-06 16:00:00;122.0716287481576;0.0;0.0;0.0;0.0;0.0;0.0;0.0
2030-09-06 17:00:00;122.1075048662047;0.0;0.0;0.0;0.0;0.0;0.0;0.0
2030-09-06 18:00:00;131.9744254558752;0.0;0.0;0.0;0.0;0.0;0.0;0.0
2030-09-06 19:00:00;131.9311614157538;0.0;0.0;0.0;0.0;0.0;0.0;0.0
2030-09-06 20:00:00;131.9595847135728;0.0;0.0;0.0;0.0;0.0;0.0;0.0
2030-09-06 21:00:00;131.9087820201814;0.0;0.0;0.0;0.0;0.0;0.0;0.0
2030-09-06 22:00:00;131.8647036129059;0.0;0.0;0.0;0.0;0.0;0.0;0.0
2030-09-06 23:00:00;131.8239161700681;0.0;0.0;0.0;0.0;0.0;0.0;0.0
2030-09-07 00:00:00;131.6651124815241;0.0;0.0;0.0;0.0;0.0;0.0;0.0
2030-09-07 01:00:00;131.6042087045371;0.0;0.0;0.0;0.0;0.0;0.0;0.0
2030-09-07 02:00:00;131.6348908768018;0.0;0.0;0.0;0.0;0.0;0.0;0.0
2030-09-07 03:00:00;131.6491266008328;0.0;0.0;0.0;0.0;0.0;0.0;0.0
2030-09-07 04:00:00;131.648515302095;0.0;0.0;0.0;0.0;0.0;0.0;0.0
2030-09-07 05:00:00;131.6653741676276;0.0;0.0;0.0;0.0;0.0;0.0;0.0
2030-09-07 06:00:00;131.7202235749237;0.0;0.0;0.0;0.0;0.0;0.0;0.0
2030-09-07 07:00:00;131.7496726822686;0.0;0.0;0.0;0.0;0.0;0.0;0.0
2030-09-07 08:00:00;126.783048384163;0.0;0.0;0.0;0.0;0.0;0.0;0.0
2030-09-07 09:00:00;121.8345181099987;0.0;0.0;0.0;0.0;0.0;0.0;0.0
2030-09-07 10:00:00;121.9005781499692;0.0;0.0;0.0;0.0;0.0;0.0;0.0
2030-09-07 11:00:00;121.7140210800312;0.0;0.0;0.0;0.0;0.0;0.0;0.0
2030-09-07 12:00:00;121.7559850635904;0.0;0.0;0.0;0.0;0.0;0.0;0.0
2030-09-07 13:00:00;121.7742842494368;0.0;0.0;0.0;0.0;0.0;0.0;0.0
2030-09-07 14:00:00;121.7476550715434;0.0;0.0;0.0;0.0;0.0;0.0;0.0
2030-09-07 15:00:00;121.7269546540111;0.0;0.0;0.0;0.0;0.0;0.0;0.0
2030-09-07 16:00:00;121.7701537959789;0.0;0.0;0.0;0.0;0.0;0.0;0.0
2030-09-07 17:00:00;121.8155636621491;0.0;0.0;0.0;0.0;0.0;0.0;0.0
2030-09-07 18:00:00;121.8569393753476;0.0;0.0;0.0;0.0;0.0;0.0;0.0
2030-09-07 19:00:00;121.9167880339652;0.0;0.0;0.0;0.0;0.0;0.0;0.0
2030-09-07 20:00:00;121.9296860186351;0.0;0.0;0.0;0.0;0.0;0.0;0.0
2030-09-07 21:00:00;121.8592652414356;0.0;0.0;0.0;0.0;0.0;0.0;0.0
2030-09-07 22:00:00;121.8371894017433;0.0;0.0;0.0;0.0;0.0;0.0;0.0
2030-09-07 23:00:00;121.8361070680192;0.0;0.0;0.0;0.0;0.0;0.0;0.0
2030-09-08 00:00:00;121.7938834918454;0.0;0.0;0.0;0.0;0.0;0.0;0.0
2030-09-08 01:00:00;121.7962889105088;0.0;0.0;0.0;0.0;0.0;0.0;0.0
2030-09-08 02:00:00;121.7948611511281;0.0;0.0;0.0;0.0;0.0;0.0;0.0
2030-09-08 03:00:00;121.7794363254427;0.0;0.0;0.0;0.0;0.0;0.0;0.0
2030-09-08 04:00:00;121.7733714883077;0.0;0.0;0.0;0.0;0.0;0.0;0.0
2030-09-08 05:00:00;121.7404911527736;0.0;0.0;0.0;0.0;0.0;0.0;0.0
2030-09-08 06:00:00;121.5099624434902;0.0;0.0;0.0;0.0;0.0;0.0;0.0
2030-09-08 07:00:00;121.5109819725495;0.0;0.0;0.0;0.0;0.0;0.0;0.0
2030-09-08 08:00:00;121.6308886386675;0.0;0.0;0.0;0.0;0.0;0.0;0.0
2030-09-08 09:00:00;121.624647948471;0.0;0.0;0.0;0.0;0.0;0.0;0.0
2030-09-08 10:00:00;121.6505213768974;0.0;0.0;0.0;0.0;0.0;0.0;0.0
2030-09-08 11:00:00;121.7073261027589;0.0;0.0;0.0;0.0;0.0;0.0;0.0
2030-09-08 12:00:00;121.6968167888419;0.0;0.0;0.0;0.0;0.0;0.0;0.0
2030-09-08 13:00:00;121.708580102567;0.0;0.0;0.0;0.0;0.0;0.0;0.0
2030-09-08 14:00:00;121.7550806764166;0.0;0.0;0.0;0.0;0.0;0.0;0.0
2030-09-08 15:00:00;121.7846281777364;0.0;0.0;0.0;0.0;0.0;0.0;0.0
2030-09-08 16:00:00;121.7740769940428;0.0;0.0;0.0;0.0;0.0;0.0;0.0
2030-09-08 17:00:00;131.7203575582087;0.0;0.0;0.0;0.0;0.0;0.0;0.0
2030-09-08 18:00:00;131.7308354697933;0.0;0.0;0.0;0.0;0.0;0.0;0.0
2030-09-08 19:00:00;131.7880442389987;0.0;0.0;0.0;0.0;0.0;0.0;0.0
2030-09-08 20:00:00;131.8081124229048;0.0;0.0;0.0;0.0;0.0;0.0;0.0
2030-09-08 21:00:00;131.7712963283739;0.0;0.0;0.0;0.0;0.0;0.0;0.0
2030-09-08 22:00:00;131.6677753993134;0.0;0.0;0.0;0.0;0.0;0.0;0.0
2030-09-08 23:00:00;131.5883023764212;0.0;0.0;0.0;0.0;0.0;0.0;0.0
2030-09-09 00:00:00;131.4287031621226;0.0;0.0;0.0;0.0;0.0;0.0;0.0
2030-09-09 01:00:00;131.5787581608541;0.0;0.0;0.0;0.0;0.0;0.0;0.0
2030-09-09 02:00:00;131.5704093274076;0.0;0.0;0.0;0.0;0.0;0.0;0.0
2030-09-09 03:00:00;131.596173894415;0.0;0.0;0.0;0.0;0.0;0.0;0.0
2030-09-09 04:00:00;131.7060506555575;0.0;0.0;0.0;0.0;0.0;0.0;0.0
2030-09-09 05:00:00;131.7851950007037;0.0;0.0;0.0;0.0;0.0;0.0;0.0
2030-09-09 06:00:00;131.9785726572436;0.0;0.0;0.0;0.0;0.0;0.0;0.0
2030-09-09 07:00:00;132.0936852339453;0.0;0.0;0.0;0.0;0.0;0.0;0.0
2030-09-09 08:00:00;132.1446407520212;0.0;0.0;0.0;0.0;0.0;0.0;0.0
2030-09-09 09:00:00;132.0508063957683;0.0;0.0;0.0;0.0;0.0;0.0;0.0
2030-09-09 10:00:00;122.0267192258173;0.0;0.0;0.0;0.0;0.0;0.0;0.0
2030-09-09 11:00:00;122.0059727515309;0.0;0.0;0.0;0.0;0.0;0.0;0.0
2030-09-09 12:00:00;122.0233738306701;0.0;0.0;0.0;0.0;0.0;0.0;0.0
2030-09-09 13:00:00;122.0642052367732;0.0;0.0;0.0;0.0;0.0;0.0;0.0
2030-09-09 14:00:00;122.0505054458821;0.0;0.0;0.0;0.0;0.0;0.0;0.0
2030-09-09 15:00:00;122.0441391463559;0.0;0.0;0.0;0.0;0.0;0.0;0.0
2030-09-09 16:00:00;131.9616677349568;0.0;0.0;0.0;0.0;0.0;0.0;0.0
2030-09-09 17:00:00;131.8541524292123;0.0;0.0;0.0;0.0;0.0;0.0;0.0
2030-09-09 18:00:00;131.8690245738471;0.0;0.0;0.0;0.0;0.0;0.0;0.0
2030-09-09 19:00:00;131.8791277509314;0.0;0.0;0.0;0.0;0.0;0.0;0.0
2030-09-09 20:00:00;131.8904744603798;0.0;0.0;0.0;0.0;0.0;0.0;0.0
2030-09-09 21:00:00;131.8829881443305;0.0;0.0;0.0;0.0;0.0;0.0;0.0
2030-09-09 22:00:00;131.8034439428182;0.0;0.0;0.0;0.0;0.0;0.0;0.0
2030-09-09 23:00:00;131.7179500460565;0.0;0.0;0.0;0.0;0.0;0.0;0.0
2030-09-10 00:00:00;131.7190784365347;0.0;0.0;0.0;0.0;0.0;0.0;0.0
2030-09-10 01:00:00;131.6377631434739;0.0;0.0;0.0;0.0;0.0;0.0;0.0
2030-09-10 02:00:00;131.678255404387;0.0;0.0;0.0;0.0;0.0;0.0;0.0
2030-09-10 03:00:00;131.693368300237;0.0;0.0;0.0;0.0;0.0;0.0;0.0
2030-09-10 04:00:00;131.7443112573798;0.0;0.0;0.0;0.0;0.0;0.0;0.0
2030-09-10 05:00:00;131.8156845719961;0.0;0.0;0.0;0.0;0.0;0.0;0.0
2030-09-10 06:00:00;132.0142875766509;0.0;0.0;0.0;0.0;0.0;0.0;0.0
2030-09-10 07:00:00;132.0613366445736;0.0;0.0;0.0;0.0;0.0;0.0;0.0
2030-09-10 08:00:00;132.0867725338349;0.0;0.0;0.0;0.0;0.0;0.0;0.0
2030-09-10 09:00:00;122.1832682268934;0.0;0.0;0.0;0.0;0.0;0.0;0.0
2030-09-10 10:00:00;121.9222143570076;0.0;0.0;0.0;0.0;0.0;0.0;0.0
2030-09-10 11:00:00;122.0317540664488;0.0;0.0;0.0;0.0;0.0;0.0;0.0
2030-09-10 12:00:00;121.9707686433976;0.0;0.0;0.0;0.0;0.0;0.0;0.0
2030-09-10 13:00:00;121.9550925990528;0.0;0.0;0.0;0.0;0.0;0.0;0.0
2030-09-10 14:00:00;121.9633262906138;0.0;0.0;0.0;0.0;0.0;0.0;0.0
2030-09-10 15:00:00;121.9576696838002;0.0;0.0;0.0;0.0;0.0;0.0;0.0
2030-09-10 16:00:00;121.9916302595696;0.0;0.0;0.0;0.0;0.0;0.0;0.0
2030-09-10 17:00:00;122.0870933501308;0.0;0.0;0.0;0.0;0.0;0.0;0.0
2030-09-10 18:00:00;122.1217154683697;0.0;0.0;0.0;0.0;0.0;0.0;0.0
2030-09-10 19:00:00;125.717688667456;0.0;0.0;0.0;0.0;0.0;0.0;0.0
2030-09-10 20:00:00;122.1168920701099;0.0;0.0;0.0;0.0;0.0;0.0;0.0
2030-09-10 21:00:00;122.1155103674833;0.0;0.0;0.0;0.0;0.0;0.0;0.0
2030-09-10 22:00:00;121.9720100822727;0.0;0.0;0.0;0.0;0.0;0.0;0.0
2030-09-10 23:00:00;121.8931462646295;0.0;0.0;0.0;0.0;0.0;0.0;0.0
2030-09-11 00:00:00;121.8377609241934;0.0;0.0;0.0;0.0;0.0;0.0;0.0
2030-09-11 01:00:00;121.767120330667;0.0;0.0;0.0;0.0;0.0;0.0;0.0
2030-09-11 02:00:00;121.7184215935478;0.0;0.0;0.0;0.0;0.0;0.0;0.0
2030-09-11 03:00:00;121.623892199004;0.0;0.0;0.0;0.0;0.0;0.0;0.0
2030-09-11 04:00:00;121.622382793559;0.0;0.0;0.0;0.0;0.0;0.0;0.0
2030-09-11 05:00:00;121.7140692302743;0.0;0.0;0.0;0.0;0.0;0.0;0.0
2030-09-11 06:00:00;121.8672560882925;0.0;0.0;0.0;0.0;0.0;0.0;0.0
2030-09-11 07:00:00;121.9138571496059;0.0;0.0;0.0;0.0;0.0;0.0;0.0
2030-09-11 08:00:00;121.8720292428205;0.0;0.0;0.0;0.0;0.0;0.0;0.0
2030-09-11 09:00:00;121.8485298307251;0.0;0.0;0.0;0.0;0.0;0.0;0.0
2030-09-11 10:00:00;121.7256587844266;0.0;0.0;0.0;0.0;0.0;0.0;0.0
2030-09-11 11:00:00;121.6408703933999;0.0;0.0;0.0;0.0;0.0;0.0;0.0
2030-09-11 12:00:00;121.7412364347964;0.0;0.0;0.0;0.0;0.0;0.0;0.0
2030-09-11 13:00:00;121.8105455694282;0.0;0.0;0.0;0.0;0.0;0.0;0.0
2030-09-11 14:00:00;121.741096171045;0.0;0.0;0.0;0.0;0.0;0.0;0.0
2030-09-11 15:00:00;121.7814021114523;0.0;0.0;0.0;0.0;0.0;0.0;0.0
2030-09-11 16:00:00;121.8345871951301;0.0;0.0;0.0;0.0;0.0;0.0;0.0
2030-09-11 17:00:00;121.9212032019036;0.0;0.0;0.0;0.0;0.0;0.0;0.0
2030-09-11 18:00:00;121.9400466948453;0.0;0.0;0.0;0.0;0.0;0.0;0.0
2030-09-11 19:00:00;121.8914924084553;0.0;0.0;0.0;0.0;0.0;0.0;0.0
2030-09-11 20:00:00;121.8832063796738;0.0;0.0;0.0;0.0;0.0;0.0;0.0
2030-09-11 21:00:00;121.8291713395318;0.0;0.0;0.0;0.0;0.0;0.0;0.0
2030-09-11 22:00:00;121.7631217670054;0.0;0.0;0.0;0.0;0.0;0.0;0.0
2030-09-11 23:00:00;121.6304092297259;0.0;0.0;0.0;0.0;0.0;0.0;0.0
2030-09-12 00:00:00;121.5906434094362;0.0;0.0;0.0;0.0;0.0;0.0;0.0
2030-09-12 01:00:00;121.509418136395;0.0;0.0;0.0;0.0;0.0;0.0;0.0
2030-09-12 02:00:00;121.4973701081893;0.0;0.0;0.0;0.0;0.0;0.0;0.0
2030-09-12 03:00:00;121.5180349364114;0.0;0.0;0.0;0.0;0.0;0.0;0.0
2030-09-12 04:00:00;121.6307023181618;0.0;0.0;0.0;0.0;0.0;0.0;0.0
2030-09-12 05:00:00;121.7167300545747;0.0;0.0;0.0;0.0;0.0;0.0;0.0
2030-09-12 06:00:00;121.913538939304;0.0;0.0;0.0;0.0;0.0;0.0;0.0
2030-09-12 07:00:00;121.9578936871049;0.0;0.0;0.0;0.0;0.0;0.0;0.0
2030-09-12 08:00:00;121.9539118713538;0.0;0.0;0.0;0.0;0.0;0.0;0.0
2030-09-12 09:00:00;121.9486865232388;0.0;0.0;0.0;0.0;0.0;0.0;0.0
2030-09-12 10:00:00;121.9153791159839;0.0;0.0;0.0;0.0;0.0;0.0;0.0
2030-09-12 11:00:00;121.8835706467299;0.0;0.0;0.0;0.0;0.0;0.0;0.0
2030-09-12 12:00:00;121.8510629522071;0.0;0.0;0.0;0.0;0.0;0.0;0.0
2030-09-12 13:00:00;121.8615597051913;0.0;0.0;0.0;0.0;0.0;0.0;0.0
2030-09-12 14:00:00;121.8609944632076;0.0;0.0;0.0;0.0;0.0;0.0;0.0
2030-09-12 15:00:00;121.8432123691018;0.0;0.0;0.0;0.0;0.0;0.0;0.0
2030-09-12 16:00:00;121.8698520144393;0.0;0.0;0.0;0.0;0.0;0.0;0.0
2030-09-12 17:00:00;121.8208915912166;0.0;0.0;0.0;0.0;0.0;0.0;0.0
2030-09-12 18:00:00;121.84882501265;0.0;0.0;0.0;0.0;0.0;0.0;0.0
2030-09-12 19:00:00;121.8474914602665;0.0;0.0;0.0;0.0;0.0;0.0;0.0
2030-09-12 20:00:00;121.8717152194963;0.0;0.0;0.0;0.0;0.0;0.0;0.0
2030-09-12 21:00:00;121.8278147587711;0.0;0.0;0.0;0.0;0.0;0.0;0.0
2030-09-12 22:00:00;121.7236992788835;0.0;0.0;0.0;0.0;0.0;0.0;0.0
2030-09-12 23:00:00;121.6044541552352;0.0;0.0;0.0;0.0;0.0;0.0;0.0
2030-09-13 00:00:00;121.603725621123;0.0;0.0;0.0;0.0;0.0;0.0;0.0
2030-09-13 01:00:00;121.5948931917573;0.0;0.0;0.0;0.0;0.0;0.0;0.0
2030-09-13 02:00:00;121.5670539773213;0.0;0.0;0.0;0.0;0.0;0.0;0.0
2030-09-13 03:00:00;121.5558873079122;0.0;0.0;0.0;0.0;0.0;0.0;0.0
2030-09-13 04:00:00;121.5818989066013;0.0;0.0;0.0;0.0;0.0;0.0;0.0
2030-09-13 05:00:00;121.7237495226154;0.0;0.0;0.0;0.0;0.0;0.0;0.0
2030-09-13 06:00:00;121.9618817833224;0.0;0.0;0.0;0.0;0.0;0.0;0.0
2030-09-13 07:00:00;121.9888836022272;0.0;0.0;0.0;0.0;0.0;0.0;0.0
2030-09-13 08:00:00;122.0571606468667;0.0;0.0;0.0;0.0;0.0;0.0;0.0
2030-09-13 09:00:00;121.9971738179863;0.0;0.0;0.0;0.0;0.0;0.0;0.0
2030-09-13 10:00:00;121.9068460555206;0.0;0.0;0.0;0.0;0.0;0.0;0.0
2030-09-13 11:00:00;121.8989305742616;0.0;0.0;0.0;0.0;0.0;0.0;0.0
2030-09-13 12:00:00;121.9134593867285;0.0;0.0;0.0;0.0;0.0;0.0;0.0
2030-09-13 13:00:00;121.8543204208236;0.0;0.0;0.0;0.0;0.0;0.0;0.0
2030-09-13 14:00:00;121.8613859456185;0.0;0.0;0.0;0.0;0.0;0.0;0.0
2030-09-13 15:00:00;121.8688513267795;0.0;0.0;0.0;0.0;0.0;0.0;0.0
2030-09-13 16:00:00;121.9110979313304;0.0;0.0;0.0;0.0;0.0;0.0;0.0
2030-09-13 17:00:00;121.9805368622695;0.0;0.0;0.0;0.0;0.0;0.0;0.0
2030-09-13 18:00:00;122.038426015344;0.0;0.0;0.0;0.0;0.0;0.0;0.0
2030-09-13 19:00:00;122.0535828744594;0.0;0.0;0.0;0.0;0.0;0.0;0.0
2030-09-13 20:00:00;122.0969997392653;0.0;0.0;0.0;0.0;0.0;0.0;0.0
2030-09-13 21:00:00;122.0447316036943;0.0;0.0;0.0;0.0;0.0;0.0;0.0
2030-09-13 22:00:00;121.9303747764595;0.0;0.0;0.0;0.0;0.0;0.0;0.0
2030-09-13 23:00:00;121.8422828600621;0.0;0.0;0.0;0.0;0.0;0.0;0.0
2030-09-14 00:00:00;121.4490000488161;0.0;0.0;0.0;0.0;0.0;0.0;0.0
2030-09-14 01:00:00;121.4265704095119;0.0;0.0;0.0;0.0;0.0;0.0;0.0
2030-09-14 02:00:00;121.4253561859916;0.0;0.0;0.0;0.0;0.0;0.0;0.0
2030-09-14 03:00:00;121.4210268510951;0.0;0.0;0.0;0.0;0.0;0.0;0.0
2030-09-14 04:00:00;121.3986621099446;0.0;0.0;0.0;0.0;0.0;0.0;0.0
2030-09-14 05:00:00;121.437370718376;0.0;0.0;0.0;0.0;0.0;0.0;0.0
2030-09-14 06:00:00;121.4856863470397;0.0;0.0;0.0;0.0;0.0;0.0;0.0
2030-09-14 07:00:00;121.5828681919287;0.0;0.0;0.0;0.0;0.0;0.0;0.0
2030-09-14 08:00:00;121.6195544901522;0.0;0.0;0.0;0.0;0.0;0.0;0.0
2030-09-14 09:00:00;121.5722458296149;0.0;0.0;0.0;0.0;0.0;0.0;0.0
2030-09-14 10:00:00;121.4708288568267;0.0;0.0;0.0;0.0;0.0;0.0;0.0
2030-09-14 11:00:00;121.4152844112397;0.0;0.0;0.0;0.0;0.0;0.0;0.0
2030-09-14 12:00:00;121.3772499062109;0.0;0.0;0.0;0.0;0.0;0.0;0.0
2030-09-14 13:00:00;121.3390604830087;0.0;0.0;0.0;0.0;0.0;0.0;0.0
2030-09-14 14:00:00;121.3141668073538;0.0;0.0;0.0;0.0;0.0;0.0;0.0
2030-09-14 15:00:00;121.3209120283579;0.0;0.0;0.0;0.0;0.0;0.0;0.0
2030-09-14 16:00:00;121.355668129882;0.0;0.0;0.0;0.0;0.0;0.0;0.0
2030-09-14 17:00:00;121.4280944693787;0.0;0.0;0.0;0.0;0.0;0.0;0.0
2030-09-14 18:00:00;121.4382792925274;0.0;0.0;0.0;0.0;0.0;0.0;0.0
2030-09-14 19:00:00;121.4411662136214;0.0;0.0;0.0;0.0;0.0;0.0;0.0
2030-09-14 20:00:00;121.4284838583008;0.0;0.0;0.0;0.0;0.0;0.0;0.0
2030-09-14 21:00:00;121.4167603208635;0.0;0.0;0.0;0.0;0.0;0.0;0.0
2030-09-14 22:00:00;121.386356582613;0.0;0.0;0.0;0.0;0.0;0.0;0.0
2030-09-14 23:00:00;121.3466724083877;0.0;0.0;0.0;0.0;0.0;0.0;0.0
2030-09-15 00:00:00;121.1686777077566;0.0;0.0;0.0;0.0;0.0;0.0;0.0
2030-09-15 01:00:00;120.9888407369567;0.0;0.0;0.0;0.0;0.0;0.0;0.0
2030-09-15 02:00:00;120.8563208006494;0.0;0.0;0.0;0.0;0.0;0.0;0.0
2030-09-15 03:00:00;120.846278334741;0.0;0.0;0.0;0.0;0.0;0.0;0.0
2030-09-15 04:00:00;120.8490689553489;0.0;0.0;0.0;0.0;0.0;0.0;0.0
2030-09-15 05:00:00;120.8495651122011;0.0;0.0;0.0;0.0;0.0;0.0;0.0
2030-09-15 06:00:00;120.914440237495;0.0;0.0;0.0;0.0;0.0;0.0;0.0
2030-09-15 07:00:00;120.9476764661299;0.0;0.0;0.0;0.0;0.0;0.0;0.0
2030-09-15 08:00:00;120.9200193852218;0.0;0.0;0.0;0.0;0.0;0.0;0.0
2030-09-15 09:00:00;120.9713810401303;0.0;0.0;0.0;0.0;0.0;0.0;0.0
2030-09-15 10:00:00;121.0220099739489;0.0;0.0;0.0;0.0;0.0;0.0;0.0
2030-09-15 11:00:00;121.0296888909704;0.0;0.0;0.0;0.0;0.0;0.0;0.0
2030-09-15 12:00:00;121.042189112763;0.0;0.0;0.0;0.0;0.0;0.0;0.0
2030-09-15 13:00:00;121.0577437347557;0.0;0.0;0.0;0.0;0.0;0.0;0.0
2030-09-15 14:00:00;121.072622159857;0.0;0.0;0.0;0.0;0.0;0.0;0.0
2030-09-15 15:00:00;121.1220264027113;0.0;0.0;0.0;0.0;0.0;0.0;0.0
2030-09-15 16:00:00;121.144181794979;0.0;0.0;0.0;0.0;0.0;0.0;0.0
2030-09-15 17:00:00;121.2132083086189;0.0;0.0;0.0;0.0;0.0;0.0;0.0
2030-09-15 18:00:00;121.2834050825138;0.0;0.0;0.0;0.0;0.0;0.0;0.0
2030-09-15 19:00:00;121.3101745241586;0.0;0.0;0.0;0.0;0.0;0.0;0.0
2030-09-15 20:00:00;121.3568928208464;0.0;0.0;0.0;0.0;0.0;0.0;0.0
2030-09-15 21:00:00;121.3476772830251;0.0;0.0;0.0;0.0;0.0;0.0;0.0
2030-09-15 22:00:00;121.358395945825;0.0;0.0;0.0;0.0;0.0;0.0;0.0
2030-09-15 23:00:00;121.3270878204008;0.0;0.0;0.0;0.0;0.0;0.0;0.0
2030-09-16 00:00:00;121.3170600089142;0.0;0.0;0.0;0.0;0.0;0.0;0.0
2030-09-16 01:00:00;121.3092952588508;0.0;0.0;0.0;0.0;0.0;0.0;0.0
2030-09-16 02:00:00;121.3383696316954;0.0;0.0;0.0;0.0;0.0;0.0;0.0
2030-09-16 03:00:00;121.3735528049404;0.0;0.0;0.0;0.0;0.0;0.0;0.0
2030-09-16 04:00:00;121.3998135288001;0.0;0.0;0.0;0.0;0.0;0.0;0.0
2030-09-16 05:00:00;121.4931077649353;0.0;0.0;0.0;0.0;0.0;0.0;0.0
2030-09-16 06:00:00;121.7837028556743;0.0;0.0;0.0;0.0;0.0;0.0;0.0
2030-09-16 07:00:00;121.9202736928639;0.0;0.0;0.0;0.0;0.0;0.0;0.0
2030-09-16 08:00:00;121.9478260993305;0.0;0.0;0.0;0.0;0.0;0.0;0.0
2030-09-16 09:00:00;121.8984909416076;0.0;0.0;0.0;0.0;0.0;0.0;0.0
2030-09-16 10:00:00;121.9068879252971;0.0;0.0;0.0;0.0;0.0;0.0;0.0
2030-09-16 11:00:00;121.8759943106609;0.0;0.0;0.0;0.0;0.0;0.0;0.0
2030-09-16 12:00:00;121.8759775627503;0.0;0.0;0.0;0.0;0.0;0.0;0.0
2030-09-16 13:00:00;121.9652502068468;0.0;0.0;0.0;0.0;0.0;0.0;0.0
2030-09-16 14:00:00;121.9668705671997;0.0;0.0;0.0;0.0;0.0;0.0;0.0
2030-09-16 15:00:00;121.8539373123681;0.0;0.0;0.0;0.0;0.0;0.0;0.0
2030-09-16 16:00:00;121.6787667281661;0.0;0.0;0.0;0.0;0.0;0.0;0.0
2030-09-16 17:00:00;121.8812699025077;0.0;0.0;0.0;0.0;0.0;0.0;0.0
2030-09-16 18:00:00;122.0150061558241;0.0;0.0;0.0;0.0;0.0;0.0;0.0
2030-09-16 19:00:00;122.0622561986742;0.0;0.0;0.0;0.0;0.0;0.0;0.0
2030-09-16 20:00:00;122.0574432678584;0.0;0.0;0.0;0.0;0.0;0.0;0.0
2030-09-16 21:00:00;121.9430529448025;0.0;0.0;0.0;0.0;0.0;0.0;0.0
2030-09-16 22:00:00;121.8994204506473;0.0;0.0;0.0;0.0;0.0;0.0;0.0
2030-09-16 23:00:00;121.8766139833541;0.0;0.0;0.0;0.0;0.0;0.0;0.0
2030-09-17 00:00:00;121.7506822563888;0.0;0.0;0.0;0.0;0.0;0.0;0.0
2030-09-17 01:00:00;121.6004053478417;0.0;0.0;0.0;0.0;0.0;0.0;0.0
2030-09-17 02:00:00;121.529925952955;0.0;0.0;0.0;0.0;0.0;0.0;0.0
2030-09-17 03:00:00;121.4989925620311;0.0;0.0;0.0;0.0;0.0;0.0;0.0
2030-09-17 04:00:00;121.5619982018014;0.0;0.0;0.0;0.0;0.0;0.0;0.0
2030-09-17 05:00:00;121.6452206631847;0.0;0.0;0.0;0.0;0.0;0.0;0.0
2030-09-17 06:00:00;121.6896193742509;0.0;0.0;0.0;0.0;0.0;0.0;0.0
2030-09-17 07:00:00;121.7135772603996;0.0;0.0;0.0;0.0;0.0;0.0;0.0
2030-09-17 08:00:00;121.7175946654608;0.0;0.0;0.0;0.0;0.0;0.0;0.0
2030-09-17 09:00:00;121.6611604871218;0.0;0.0;0.0;0.0;0.0;0.0;0.0
2030-09-17 10:00:00;121.478216778901;0.0;0.0;0.0;0.0;0.0;0.0;0.0
2030-09-17 11:00:00;121.4416142202306;0.0;0.0;0.0;0.0;0.0;0.0;0.0
2030-09-17 12:00:00;121.3562961765304;0.0;0.0;0.0;0.0;0.0;0.0;0.0
2030-09-17 13:00:00;121.3438901617351;0.0;0.0;0.0;0.0;0.0;0.0;0.0
2030-09-17 14:00:00;121.3136559960798;0.0;0.0;0.0;0.0;0.0;0.0;0.0
2030-09-17 15:00:00;121.311522730964;0.0;0.0;0.0;0.0;0.0;0.0;0.0
2030-09-17 16:00:00;121.3442167459923;0.0;0.0;0.0;0.0;0.0;0.0;0.0
2030-09-17 17:00:00;121.4416895858284;0.0;0.0;0.0;0.0;0.0;0.0;0.0
2030-09-17 18:00:00;121.5371149935906;0.0;0.0;0.0;0.0;0.0;0.0;0.0
2030-09-17 19:00:00;121.6163619196894;0.0;0.0;0.0;0.0;0.0;0.0;0.0
2030-09-17 20:00:00;121.6431920725103;0.0;0.0;0.0;0.0;0.0;0.0;0.0
2030-09-17 21:00:00;121.5564651108287;0.0;0.0;0.0;0.0;0.0;0.0;0.0
2030-09-17 22:00:00;121.5040923008163;0.0;0.0;0.0;0.0;0.0;0.0;0.0
2030-09-17 23:00:00;121.4244915751056;0.0;0.0;0.0;0.0;0.0;0.0;0.0
2030-09-18 00:00:00;121.3878827359688;0.0;0.0;0.0;0.0;0.0;0.0;0.0
2030-09-18 01:00:00;121.3480394565924;0.0;0.0;0.0;0.0;0.0;0.0;0.0
2030-09-18 02:00:00;121.3085918466046;0.0;0.0;0.0;0.0;0.0;0.0;0.0
2030-09-18 03:00:00;121.3039024316297;0.0;0.0;0.0;0.0;0.0;0.0;0.0
2030-09-18 04:00:00;121.3853433340203;0.0;0.0;0.0;0.0;0.0;0.0;0.0
2030-09-18 05:00:00;121.4605393592366;0.0;0.0;0.0;0.0;0.0;0.0;0.0
2030-09-18 06:00:00;121.7182666753746;0.0;0.0;0.0;0.0;0.0;0.0;0.0
2030-09-18 07:00:00;121.9167587251216;0.0;0.0;0.0;0.0;0.0;0.0;0.0
2030-09-18 08:00:00;121.8064381443475;0.0;0.0;0.0;0.0;0.0;0.0;0.0
2030-09-18 09:00:00;121.8753327681912;0.0;0.0;0.0;0.0;0.0;0.0;0.0
2030-09-18 10:00:00;121.7466481034171;0.0;0.0;0.0;0.0;0.0;0.0;0.0
2030-09-18 11:00:00;121.6697856610935;0.0;0.0;0.0;0.0;0.0;0.0;0.0
2030-09-18 12:00:00;121.5683959036601;0.0;0.0;0.0;0.0;0.0;0.0;0.0
2030-09-18 13:00:00;121.5290801834684;0.0;0.0;0.0;0.0;0.0;0.0;0.0
2030-09-18 14:00:00;121.5117795917931;0.0;0.0;0.0;0.0;0.0;0.0;0.0
2030-09-18 15:00:00;121.6619329844994;0.0;0.0;0.0;0.0;0.0;0.0;0.0
2030-09-18 16:00:00;121.7461268246989;0.0;0.0;0.0;0.0;0.0;0.0;0.0
2030-09-18 17:00:00;121.7751865431216;0.0;0.0;0.0;0.0;0.0;0.0;0.0
2030-09-18 18:00:00;121.9607115230674;0.0;0.0;0.0;0.0;0.0;0.0;0.0
2030-09-18 19:00:00;122.0146837585446;0.0;0.0;0.0;0.0;0.0;0.0;0.0
2030-09-18 20:00:00;122.0507713189633;0.0;0.0;0.0;0.0;0.0;0.0;0.0
2030-09-18 21:00:00;121.9972408096289;0.0;0.0;0.0;0.0;0.0;0.0;0.0
2030-09-18 22:00:00;121.9525134208166;0.0;0.0;0.0;0.0;0.0;0.0;0.0
2030-09-18 23:00:00;121.9049807569747;0.0;0.0;0.0;0.0;0.0;0.0;0.0
2030-09-19 00:00:00;121.9272450106615;0.0;0.0;0.0;0.0;0.0;0.0;0.0
2030-09-19 01:00:00;121.9456823667706;0.0;0.0;0.0;0.0;0.0;0.0;0.0
2030-09-19 02:00:00;121.9633158231696;0.0;0.0;0.0;0.0;0.0;0.0;0.0
2030-09-19 03:00:00;122.0242824048214;0.0;0.0;0.0;0.0;0.0;0.0;0.0
2030-09-19 04:00:00;122.0407225725884;0.0;0.0;0.0;0.0;0.0;0.0;0.0
2030-09-19 05:00:00;121.9397536064094;0.0;0.0;0.0;0.0;0.0;0.0;0.0
2030-09-19 06:00:00;121.9808843814149;0.0;0.0;0.0;0.0;0.0;0.0;0.0
2030-09-19 07:00:00;121.9671259728367;0.0;0.0;0.0;0.0;0.0;0.0;0.0
2030-09-19 08:00:00;121.970423217741;0.0;0.0;0.0;0.0;0.0;0.0;0.0
2030-09-19 09:00:00;121.793657395052;0.0;0.0;0.0;0.0;0.0;0.0;0.0
2030-09-19 10:00:00;121.8383345401323;0.0;0.0;0.0;0.0;0.0;0.0;0.0
2030-09-19 11:00:00;121.9192646312488;0.0;0.0;0.0;0.0;0.0;0.0;0.0
2030-09-19 12:00:00;121.7983070337391;0.0;0.0;0.0;0.0;0.0;0.0;0.0
2030-09-19 13:00:00;121.8397099622923;0.0;0.0;0.0;0.0;0.0;0.0;0.0
2030-09-19 14:00:00;121.7812702216561;0.0;0.0;0.0;0.0;0.0;0.0;0.0
2030-09-19 15:00:00;121.7480214320883;0.0;0.0;0.0;0.0;0.0;0.0;0.0
2030-09-19 16:00:00;121.8159823599148;0.0;0.0;0.0;0.0;0.0;0.0;0.0
2030-09-19 17:00:00;121.8311203776307;0.0;0.0;0.0;0.0;0.0;0.0;0.0
2030-09-19 18:00:00;121.8011248697018;0.0;0.0;0.0;0.0;0.0;0.0;0.0
2030-09-19 19:00:00;122.111873977389;0.0;0.0;0.0;0.0;0.0;0.0;0.0
2030-09-19 20:00:00;122.1739019578765;0.0;0.0;0.0;0.0;0.0;0.0;0.0
2030-09-19 21:00:00;122.0405550934822;0.0;0.0;0.0;0.0;0.0;0.0;0.0
2030-09-19 22:00:00;122.09511559932;0.0;0.0;0.0;0.0;0.0;0.0;0.0
2030-09-19 23:00:00;122.0517133889359;0.0;0.0;0.0;0.0;0.0;0.0;0.0
2030-09-20 00:00:00;121.8390735416887;0.0;0.0;0.0;0.0;0.0;0.0;0.0
2030-09-20 01:00:00;121.8576909378369;0.0;0.0;0.0;0.0;0.0;0.0;0.0
2030-09-20 02:00:00;121.8742169386458;0.0;0.0;0.0;0.0;0.0;0.0;0.0
2030-09-20 03:00:00;121.874166694914;0.0;0.0;0.0;0.0;0.0;0.0;0.0
2030-09-20 04:00:00;121.9034818189738;0.0;0.0;0.0;0.0;0.0;0.0;0.0
2030-09-20 05:00:00;121.959681526564;0.0;0.0;0.0;0.0;0.0;0.0;0.0
2030-09-20 06:00:00;122.1176917828422;0.0;0.0;0.0;0.0;0.0;0.0;0.0
2030-09-20 07:00:00;122.0683796534964;0.0;0.0;0.0;0.0;0.0;0.0;0.0
2030-09-20 08:00:00;122.0946654992219;0.0;0.0;0.0;0.0;0.0;0.0;0.0
2030-09-20 09:00:00;122.0762176756688;0.0;0.0;0.0;0.0;0.0;0.0;0.0
2030-09-20 10:00:00;121.9662655489284;0.0;0.0;0.0;0.0;0.0;0.0;0.0
2030-09-20 11:00:00;122.0342432246654;0.0;0.0;0.0;0.0;0.0;0.0;0.0
2030-09-20 12:00:00;122.0097200965332;0.0;0.0;0.0;0.0;0.0;0.0;0.0
2030-09-20 13:00:00;121.9972010333412;0.0;0.0;0.0;0.0;0.0;0.0;0.0
2030-09-20 14:00:00;121.813361311902;0.0;0.0;0.0;0.0;0.0;0.0;0.0
2030-09-20 15:00:00;121.9567632031377;0.0;0.0;0.0;0.0;0.0;0.0;0.0
2030-09-20 16:00:00;121.9451631815412;0.0;0.0;0.0;0.0;0.0;0.0;0.0
2030-09-20 17:00:00;121.9490780056497;0.0;0.0;0.0;0.0;0.0;0.0;0.0
2030-09-20 18:00:00;121.9016332683386;0.0;0.0;0.0;0.0;0.0;0.0;0.0
2030-09-20 19:00:00;121.9998283618204;0.0;0.0;0.0;0.0;0.0;0.0;0.0
2030-09-20 20:00:00;121.9844537798669;0.0;0.0;0.0;0.0;0.0;0.0;0.0
2030-09-20 21:00:00;122.025932074018;0.0;0.0;0.0;0.0;0.0;0.0;0.0
2030-09-20 22:00:00;121.9200873723582;0.0;0.0;0.0;0.0;0.0;0.0;0.0
2030-09-20 23:00:00;121.8260666955997;0.0;0.0;0.0;0.0;0.0;0.0;0.0
2030-09-21 00:00:00;121.7465894857299;0.0;0.0;0.0;0.0;0.0;0.0;0.0
2030-09-21 01:00:00;121.7246266944343;0.0;0.0;0.0;0.0;0.0;0.0;0.0
2030-09-21 02:00:00;121.4932417482203;0.0;0.0;0.0;0.0;0.0;0.0;0.0
2030-09-21 03:00:00;125.7633623132185;0.0;0.0;0.0;0.0;0.0;0.0;0.0
2030-09-21 04:00:00;121.4864630313949;0.0;0.0;0.0;0.0;0.0;0.0;0.0
2030-09-21 05:00:00;121.495144729565;0.0;0.0;0.0;0.0;0.0;0.0;0.0
2030-09-21 06:00:00;131.6319202161547;0.0;0.0;0.0;0.0;0.0;0.0;0.0
2030-09-21 07:00:00;131.7098838336018;0.0;0.0;0.0;0.0;0.0;0.0;0.0
2030-09-21 08:00:00;121.6582651920725;0.0;0.0;0.0;0.0;0.0;0.0;0.0
2030-09-21 09:00:00;121.6389360097228;0.0;0.0;0.0;0.0;0.0;0.0;0.0
2030-09-21 10:00:00;121.5835192669542;0.0;0.0;0.0;0.0;0.0;0.0;0.0
2030-09-21 11:00:00;121.6887568568538;0.0;0.0;0.0;0.0;0.0;0.0;0.0
2030-09-21 12:00:00;121.6221252944331;0.0;0.0;0.0;0.0;0.0;0.0;0.0
2030-09-21 13:00:00;121.5169358547767;0.0;0.0;0.0;0.0;0.0;0.0;0.0
2030-09-21 14:00:00;121.5173231502098;0.0;0.0;0.0;0.0;0.0;0.0;0.0
2030-09-21 15:00:00;121.486144821093;0.0;0.0;0.0;0.0;0.0;0.0;0.0
2030-09-21 16:00:00;121.5536179660226;0.0;0.0;0.0;0.0;0.0;0.0;0.0
2030-09-21 17:00:00;121.6413330544309;0.0;0.0;0.0;0.0;0.0;0.0;0.0
2030-09-21 18:00:00;121.7655355596241;0.0;0.0;0.0;0.0;0.0;0.0;0.0
2030-09-21 19:00:00;121.7880991822133;0.0;0.0;0.0;0.0;0.0;0.0;0.0
2030-09-21 20:00:00;121.7440417098261;0.0;0.0;0.0;0.0;0.0;0.0;0.0
2030-09-21 21:00:00;121.6533559607706;0.0;0.0;0.0;0.0;0.0;0.0;0.0
2030-09-21 22:00:00;121.5933147011809;0.0;0.0;0.0;0.0;0.0;0.0;0.0
2030-09-21 23:00:00;121.4228502798644;0.0;0.0;0.0;0.0;0.0;0.0;0.0
2030-09-22 00:00:00;121.3224193403142;0.0;0.0;0.0;0.0;0.0;0.0;0.0
2030-09-22 01:00:00;121.2940546601823;0.0;0.0;0.0;0.0;0.0;0.0;0.0
2030-09-22 02:00:00;121.2161517539112;0.0;0.0;0.0;0.0;0.0;0.0;0.0
2030-09-22 03:00:00;121.2193987550837;0.0;0.0;0.0;0.0;0.0;0.0;0.0
2030-09-22 04:00:00;121.2347335607495;0.0;0.0;0.0;0.0;0.0;0.0;0.0
2030-09-22 05:00:00;121.2331718180837;0.0;0.0;0.0;0.0;0.0;0.0;0.0
2030-09-22 06:00:00;121.2818286854262;0.0;0.0;0.0;0.0;0.0;0.0;0.0
2030-09-22 07:00:00;121.3014656106338;0.0;0.0;0.0;0.0;0.0;0.0;0.0
2030-09-22 08:00:00;121.3129504903447;0.0;0.0;0.0;0.0;0.0;0.0;0.0
2030-09-22 09:00:00;121.3412733007;0.0;0.0;0.0;0.0;0.0;0.0;0.0
2030-09-22 10:00:00;121.3286516565554;0.0;0.0;0.0;0.0;0.0;0.0;0.0
2030-09-22 11:00:00;121.295520102362;0.0;0.0;0.0;0.0;0.0;0.0;0.0
2030-09-22 12:00:00;121.2768796778366;0.0;0.0;0.0;0.0;0.0;0.0;0.0
2030-09-22 13:00:00;121.2605944282429;0.0;0.0;0.0;0.0;0.0;0.0;0.0
2030-09-22 14:00:00;121.2508890140358;0.0;0.0;0.0;0.0;0.0;0.0;0.0
2030-09-22 15:00:00;121.2457139096528;0.0;0.0;0.0;0.0;0.0;0.0;0.0
2030-09-22 16:00:00;121.3422425860274;0.0;0.0;0.0;0.0;0.0;0.0;0.0
2030-09-22 17:00:00;121.4257706967796;0.0;0.0;0.0;0.0;0.0;0.0;0.0
2030-09-22 18:00:00;121.4578157302713;0.0;0.0;0.0;0.0;0.0;0.0;0.0
2030-09-22 19:00:00;121.5776219089255;0.0;0.0;0.0;0.0;0.0;0.0;0.0
2030-09-22 20:00:00;121.5636541514644;0.0;0.0;0.0;0.0;0.0;0.0;0.0
2030-09-22 21:00:00;121.5528852449327;0.0;0.0;0.0;0.0;0.0;0.0;0.0
2030-09-22 22:00:00;121.5711383740249;0.0;0.0;0.0;0.0;0.0;0.0;0.0
2030-09-22 23:00:00;121.5923370418981;0.0;0.0;0.0;0.0;0.0;0.0;0.0
2030-09-23 00:00:00;121.6016049169401;0.0;0.0;0.0;0.0;0.0;0.0;0.0
2030-09-23 01:00:00;121.5715445108575;0.0;0.0;0.0;0.0;0.0;0.0;0.0
2030-09-23 02:00:00;121.6246332940491;0.0;0.0;0.0;0.0;0.0;0.0;0.0
2030-09-23 03:00:00;121.6563538367725;0.0;0.0;0.0;0.0;0.0;0.0;0.0
2030-09-23 04:00:00;121.6848525001894;0.0;0.0;0.0;0.0;0.0;0.0;0.0
2030-09-23 05:00:00;121.8584404068373;0.0;0.0;0.0;0.0;0.0;0.0;0.0
2030-09-23 06:00:00;121.918739165553;0.0;0.0;0.0;0.0;0.0;0.0;0.0
2030-09-23 07:00:00;121.9626940569877;0.0;0.0;0.0;0.0;0.0;0.0;0.0
2030-09-23 08:00:00;122.1065669832097;0.0;0.0;0.0;0.0;0.0;0.0;0.0
2030-09-23 09:00:00;122.1199213484441;0.0;0.0;0.0;0.0;0.0;0.0;0.0
2030-09-23 10:00:00;121.9984759680375;0.0;0.0;0.0;0.0;0.0;0.0;0.0
2030-09-23 11:00:00;121.8650055878023;0.0;0.0;0.0;0.0;0.0;0.0;0.0
2030-09-23 12:00:00;121.7133009198744;0.0;0.0;0.0;0.0;0.0;0.0;0.0
2030-09-23 13:00:00;121.7482119395717;0.0;0.0;0.0;0.0;0.0;0.0;0.0
2030-09-23 14:00:00;121.8004633272321;0.0;0.0;0.0;0.0;0.0;0.0;0.0
2030-09-23 15:00:00;121.824674525529;0.0;0.0;0.0;0.0;0.0;0.0;0.0
2030-09-23 16:00:00;121.8802524669372;0.0;0.0;0.0;0.0;0.0;0.0;0.0
2030-09-23 17:00:00;121.9917684298323;0.0;0.0;0.0;0.0;0.0;0.0;0.0
2030-09-23 18:00:00;131.9104233154226;0.0;0.0;0.0;0.0;0.0;0.0;0.0
2030-09-23 19:00:00;131.9627877514798;0.0;0.0;0.0;0.0;0.0;0.0;0.0
2030-09-23 20:00:00;131.976070938094;0.0;0.0;0.0;0.0;0.0;0.0;0.0
2030-09-23 21:00:00;131.948623206069;0.0;0.0;0.0;0.0;0.0;0.0;0.0
2030-09-23 22:00:00;131.9223708561646;0.0;0.0;0.0;0.0;0.0;0.0;0.0
2030-09-23 23:00:00;131.8671676492566;0.0;0.0;0.0;0.0;0.0;0.0;0.0
2030-09-24 00:00:00;131.8920382965343;0.0;0.0;0.0;0.0;0.0;0.0;0.0
2030-09-24 01:00:00;131.8851214094463;0.0;0.0;0.0;0.0;0.0;0.0;0.0
2030-09-24 02:00:00;131.7515086719708;0.0;0.0;0.0;0.0;0.0;0.0;0.0
2030-09-24 03:00:00;131.6758143964134;0.0;0.0;0.0;0.0;0.0;0.0;0.0
2030-09-24 04:00:00;131.6737418424735;0.0;0.0;0.0;0.0;0.0;0.0;0.0
2030-09-24 05:00:00;131.7121071187372;0.0;0.0;0.0;0.0;0.0;0.0;0.0
2030-09-24 06:00:00;131.7534011858714;0.0;0.0;0.0;0.0;0.0;0.0;0.0
2030-09-24 07:00:00;131.8617141108594;0.0;0.0;0.0;0.0;0.0;0.0;0.0
2030-09-24 08:00:00;131.9080869818905;0.0;0.0;0.0;0.0;0.0;0.0;0.0
2030-09-24 09:00:00;131.8753071338202;0.0;0.0;0.0;0.0;0.0;0.0;0.0
2030-09-24 10:00:00;121.9526327496798;0.0;0.0;0.0;0.0;0.0;0.0;0.0
2030-09-24 11:00:00;121.923403458662;0.0;0.0;0.0;0.0;0.0;0.0;0.0
2030-09-24 12:00:00;121.8701492898529;0.0;0.0;0.0;0.0;0.0;0.0;0.0
2030-09-24 13:00:00;121.9469782363551;0.0;0.0;0.0;0.0;0.0;0.0;0.0
2030-09-24 14:00:00;121.9657379897437;0.0;0.0;0.0;0.0;0.0;0.0;0.0
2030-09-24 15:00:00;121.9461240929133;0.0;0.0;0.0;0.0;0.0;0.0;0.0
2030-09-24 16:00:00;121.9804112529398;0.0;0.0;0.0;0.0;0.0;0.0;0.0
2030-09-24 17:00:00;122.0725561637084;0.0;0.0;0.0;0.0;0.0;0.0;0.0
2030-09-24 18:00:00;122.0927625178772;0.0;0.0;0.0;0.0;0.0;0.0;0.0
2030-09-24 19:00:00;122.059651898572;0.0;0.0;0.0;0.0;0.0;0.0;0.0
2030-09-24 20:00:00;122.0110452749613;0.0;0.0;0.0;0.0;0.0;0.0;0.0
2030-09-24 21:00:00;121.9393893393534;0.0;0.0;0.0;0.0;0.0;0.0;0.0
2030-09-24 22:00:00;121.8967952156569;0.0;0.0;0.0;0.0;0.0;0.0;0.0
2030-09-24 23:00:00;121.8557670216039;0.0;0.0;0.0;0.0;0.0;0.0;0.0
2030-09-25 00:00:00;121.8040808759271;0.0;0.0;0.0;0.0;0.0;0.0;0.0
2030-09-25 01:00:00;121.6736083716936;0.0;0.0;0.0;0.0;0.0;0.0;0.0
2030-09-25 02:00:00;121.6466149267441;0.0;0.0;0.0;0.0;0.0;0.0;0.0
2030-09-25 03:00:00;121.7251186643089;0.0;0.0;0.0;0.0;0.0;0.0;0.0
2030-09-25 04:00:00;121.7302037486724;0.0;0.0;0.0;0.0;0.0;0.0;0.0
2030-09-25 05:00:00;121.7988576213009;0.0;0.0;0.0;0.0;0.0;0.0;0.0
2030-09-25 06:00:00;121.8771980667371;0.0;0.0;0.0;0.0;0.0;0.0;0.0
2030-09-25 07:00:00;121.8755651454512;0.0;0.0;0.0;0.0;0.0;0.0;0.0
2030-09-25 08:00:00;121.8527189018702;0.0;0.0;0.0;0.0;0.0;0.0;0.0
2030-09-25 09:00:00;121.8141945204556;0.0;0.0;0.0;0.0;0.0;0.0;0.0
2030-09-25 10:00:00;121.9041182395776;0.0;0.0;0.0;0.0;0.0;0.0;0.0
2030-09-25 11:00:00;121.9434088379033;0.0;0.0;0.0;0.0;0.0;0.0;0.0
2030-09-25 12:00:00;121.9359120544099;0.0;0.0;0.0;0.0;0.0;0.0;0.0
2030-09-25 13:00:00;121.9406998633597;0.0;0.0;0.0;0.0;0.0;0.0;0.0
2030-09-25 14:00:00;121.8805015921078;0.0;0.0;0.0;0.0;0.0;0.0;0.0
2030-09-25 15:00:00;121.9511254377236;0.0;0.0;0.0;0.0;0.0;0.0;0.0
2030-09-25 16:00:00;121.9447549512198;0.0;0.0;0.0;0.0;0.0;0.0;0.0
2030-09-25 17:00:00;122.0072079099395;0.0;0.0;0.0;0.0;0.0;0.0;0.0
2030-09-25 18:00:00;122.0136872578624;0.0;0.0;0.0;0.0;0.0;0.0;0.0
2030-09-25 19:00:00;121.9429817661823;0.0;0.0;0.0;0.0;0.0;0.0;0.0
2030-09-25 20:00:00;121.9931857217689;0.0;0.0;0.0;0.0;0.0;0.0;0.0
2030-09-25 21:00:00;121.9360837204937;0.0;0.0;0.0;0.0;0.0;0.0;0.0
2030-09-25 22:00:00;121.8654033506795;0.0;0.0;0.0;0.0;0.0;0.0;0.0
2030-09-25 23:00:00;121.7834537305038;0.0;0.0;0.0;0.0;0.0;0.0;0.0
2030-09-26 00:00:00;121.7376084186574;0.0;0.0;0.0;0.0;0.0;0.0;0.0
2030-09-26 01:00:00;121.4300979381872;0.0;0.0;0.0;0.0;0.0;0.0;0.0
2030-09-26 02:00:00;121.4387503275138;0.0;0.0;0.0;0.0;0.0;0.0;0.0
2030-09-26 03:00:00;121.5290278462478;0.0;0.0;0.0;0.0;0.0;0.0;0.0
2030-09-26 04:00:00;121.4916444162445;0.0;0.0;0.0;0.0;0.0;0.0;0.0
2030-09-26 05:00:00;121.5696185011357;0.0;0.0;0.0;0.0;0.0;0.0;0.0
2030-09-26 06:00:00;121.698922838603;0.0;0.0;0.0;0.0;0.0;0.0;0.0
2030-09-26 07:00:00;121.7505566470591;0.0;0.0;0.0;0.0;0.0;0.0;0.0
2030-09-26 08:00:00;121.7776966362265;0.0;0.0;0.0;0.0;0.0;0.0;0.0
2030-09-26 09:00:00;121.7685920533132;0.0;0.0;0.0;0.0;0.0;0.0;0.0
2030-09-26 10:00:00;121.7827251963916;0.0;0.0;0.0;0.0;0.0;0.0;0.0
2030-09-26 11:00:00;121.8260290128008;0.0;0.0;0.0;0.0;0.0;0.0;0.0
2030-09-26 12:00:00;121.7778829567322;0.0;0.0;0.0;0.0;0.0;0.0;0.0
2030-09-26 13:00:00;121.8630774845916;0.0;0.0;0.0;0.0;0.0;0.0;0.0
2030-09-26 14:00:00;121.8527900804903;0.0;0.0;0.0;0.0;0.0;0.0;0.0
2030-09-26 15:00:00;121.8712379040435;0.0;0.0;0.0;0.0;0.0;0.0;0.0
2030-09-26 16:00:00;121.8981664508393;0.0;0.0;0.0;0.0;0.0;0.0;0.0
2030-09-26 17:00:00;121.9185130687596;0.0;0.0;0.0;0.0;0.0;0.0;0.0
2030-09-26 18:00:00;121.6618241230803;0.0;0.0;0.0;0.0;0.0;0.0;0.0
2030-09-26 19:00:00;121.6739705452609;0.0;0.0;0.0;0.0;0.0;0.0;0.0
2030-09-26 20:00:00;121.6795517864767;0.0;0.0;0.0;0.0;0.0;0.0;0.0
2030-09-26 21:00:00;121.7229456229054;0.0;0.0;0.0;0.0;0.0;0.0;0.0
2030-09-26 22:00:00;121.6832949445013;0.0;0.0;0.0;0.0;0.0;0.0;0.0
2030-09-26 23:00:00;121.6919473338278;0.0;0.0;0.0;0.0;0.0;0.0;0.0
2030-09-27 00:00:00;121.6762796634383;0.0;0.0;0.0;0.0;0.0;0.0;0.0
2030-09-27 01:00:00;121.6659629504934;0.0;0.0;0.0;0.0;0.0;0.0;0.0
2030-09-27 02:00:00;121.5610058880969;0.0;0.0;0.0;0.0;0.0;0.0;0.0
2030-09-27 03:00:00;121.3974227645584;0.0;0.0;0.0;0.0;0.0;0.0;0.0
2030-09-27 04:00:00;121.3860614006883;0.0;0.0;0.0;0.0;0.0;0.0;0.0
2030-09-27 05:00:00;121.5261618600421;0.0;0.0;0.0;0.0;0.0;0.0;0.0
2030-09-27 06:00:00;121.8042923182986;0.0;0.0;0.0;0.0;0.0;0.0;0.0
2030-09-27 07:00:00;121.9034776319962;0.0;0.0;0.0;0.0;0.0;0.0;0.0
2030-09-27 08:00:00;121.9122891264737;0.0;0.0;0.0;0.0;0.0;0.0;0.0
2030-09-27 09:00:00;121.8966130821288;0.0;0.0;0.0;0.0;0.0;0.0;0.0
2030-09-27 10:00:00;121.8532359936107;0.0;0.0;0.0;0.0;0.0;0.0;0.0
2030-09-27 11:00:00;121.8313297265135;0.0;0.0;0.0;0.0;0.0;0.0;0.0
2030-09-27 12:00:00;121.5640351664311;0.0;0.0;0.0;0.0;0.0;0.0;0.0
2030-09-27 13:00:00;121.7188884415565;0.0;0.0;0.0;0.0;0.0;0.0;0.0
2030-09-27 14:00:00;121.6625526571925;0.0;0.0;0.0;0.0;0.0;0.0;0.0
2030-09-27 15:00:00;121.6850095118514;0.0;0.0;0.0;0.0;0.0;0.0;0.0
2030-09-27 16:00:00;121.7924955087523;0.0;0.0;0.0;0.0;0.0;0.0;0.0
2030-09-27 17:00:00;121.9308227830688;0.0;0.0;0.0;0.0;0.0;0.0;0.0
2030-09-27 18:00:00;121.9610611357018;0.0;0.0;0.0;0.0;0.0;0.0;0.0
2030-09-27 19:00:00;121.9109953503779;0.0;0.0;0.0;0.0;0.0;0.0;0.0
2030-09-27 20:00:00;121.8534390620271;0.0;0.0;0.0;0.0;0.0;0.0;0.0
2030-09-27 21:00:00;121.7724398857792;0.0;0.0;0.0;0.0;0.0;0.0;0.0
2030-09-27 22:00:00;121.6879089938784;0.0;0.0;0.0;0.0;0.0;0.0;0.0
2030-09-27 23:00:00;121.6579762906143;0.0;0.0;0.0;0.0;0.0;0.0;0.0
2030-09-28 00:00:00;121.2481570111152;0.0;0.0;0.0;0.0;0.0;0.0;0.0
2030-09-28 01:00:00;120.9499583689525;0.0;0.0;0.0;0.0;0.0;0.0;0.0
2030-09-28 02:00:00;120.88358011868;0.0;0.0;0.0;0.0;0.0;0.0;0.0
2030-09-28 03:00:00;120.9424406505708;0.0;0.0;0.0;0.0;0.0;0.0;0.0
2030-09-28 04:00:00;120.9711737847364;0.0;0.0;0.0;0.0;0.0;0.0;0.0
2030-09-28 05:00:00;130.2331368142634;0.0;0.0;0.0;0.0;0.0;0.0;0.0
2030-09-28 06:00:00;130.1265572980251;0.0;0.0;0.0;0.0;0.0;0.0;0.0
2030-09-28 07:00:00;130.2433697876551;0.0;0.0;0.0;0.0;0.0;0.0;0.0
2030-09-28 08:00:00;130.3602136796176;0.0;0.0;0.0;0.0;0.0;0.0;0.0
2030-09-28 09:00:00;130.3665632312332;0.0;0.0;0.0;0.0;0.0;0.0;0.0
2030-09-28 10:00:00;124.6871771657814;0.0;0.0;0.0;0.0;0.0;0.0;0.0
2030-09-28 11:00:00;120.9996410458208;0.0;0.0;0.0;0.0;0.0;0.0;0.0
2030-09-28 12:00:00;121.076057575024;0.0;0.0;0.0;0.0;0.0;0.0;0.0
2030-09-28 13:00:00;121.09903780189;0.0;0.0;0.0;0.0;0.0;0.0;0.0
2030-09-28 14:00:00;121.0826311299441;0.0;0.0;0.0;0.0;0.0;0.0;0.0
2030-09-28 15:00:00;121.1061033266847;0.0;0.0;0.0;0.0;0.0;0.0;0.0
2030-09-28 16:00:00;121.1447009802084;0.0;0.0;0.0;0.0;0.0;0.0;0.0
2030-09-28 17:00:00;121.210199965173;0.0;0.0;0.0;0.0;0.0;0.0;0.0
2030-09-28 18:00:00;121.214181780924;0.0;0.0;0.0;0.0;0.0;0.0;0.0
2030-09-28 19:00:00;121.2276533815328;0.0;0.0;0.0;0.0;0.0;0.0;0.0
2030-09-28 20:00:00;121.2048866905273;0.0;0.0;0.0;0.0;0.0;0.0;0.0
2030-09-28 21:00:00;121.190604909742;0.0;0.0;0.0;0.0;0.0;0.0;0.0
2030-09-28 22:00:00;121.1180257455608;0.0;0.0;0.0;0.0;0.0;0.0;0.0
2030-09-28 23:00:00;121.063513389966;0.0;0.0;0.0;0.0;0.0;0.0;0.0
2030-09-29 00:00:00;121.0590019215414;0.0;0.0;0.0;0.0;0.0;0.0;0.0
2030-09-29 01:00:00;121.0088523966644;0.0;0.0;0.0;0.0;0.0;0.0;0.0
2030-09-29 02:00:00;120.9801318234317;0.0;0.0;0.0;0.0;0.0;0.0;0.0
2030-09-29 03:00:00;120.9345670390883;0.0;0.0;0.0;0.0;0.0;0.0;0.0
2030-09-29 04:00:00;120.9184283337125;0.0;0.0;0.0;0.0;0.0;0.0;0.0
2030-09-29 05:00:00;120.9076573336919;0.0;0.0;0.0;0.0;0.0;0.0;0.0
2030-09-29 06:00:00;120.9589687448686;0.0;0.0;0.0;0.0;0.0;0.0;0.0
2030-09-29 07:00:00;121.002793839996;0.0;0.0;0.0;0.0;0.0;0.0;0.0
2030-09-29 08:00:00;121.0556690873271;0.0;0.0;0.0;0.0;0.0;0.0;0.0
2030-09-29 09:00:00;121.1485320647638;0.0;0.0;0.0;0.0;0.0;0.0;0.0
2030-09-29 10:00:00;121.2303142058333;0.0;0.0;0.0;0.0;0.0;0.0;0.0
2030-09-29 11:00:00;121.2403629522082;0.0;0.0;0.0;0.0;0.0;0.0;0.0
2030-09-29 12:00:00;121.2310427399455;0.0;0.0;0.0;0.0;0.0;0.0;0.0
2030-09-29 13:00:00;121.2242012184553;0.0;0.0;0.0;0.0;0.0;0.0;0.0
2030-09-29 14:00:00;121.2133548528369;0.0;0.0;0.0;0.0;0.0;0.0;0.0
2030-09-29 15:00:00;121.2040220796412;0.0;0.0;0.0;0.0;0.0;0.0;0.0
2030-09-29 16:00:00;121.219735806785;0.0;0.0;0.0;0.0;0.0;0.0;0.0
2030-09-29 17:00:00;121.2525952074308;0.0;0.0;0.0;0.0;0.0;0.0;0.0
2030-09-29 18:00:00;121.28032137347;0.0;0.0;0.0;0.0;0.0;0.0;0.0
2030-09-29 19:00:00;121.2817889091385;0.0;0.0;0.0;0.0;0.0;0.0;0.0
2030-09-29 20:00:00;121.2686711081416;0.0;0.0;0.0;0.0;0.0;0.0;0.0
2030-09-29 21:00:00;121.2679342000742;0.0;0.0;0.0;0.0;0.0;0.0;0.0
2030-09-29 22:00:00;121.2402687452109;0.0;0.0;0.0;0.0;0.0;0.0;0.0
2030-09-29 23:00:00;121.2439281636824;0.0;0.0;0.0;0.0;0.0;0.0;0.0
2030-09-30 00:00:00;121.1739072428491;0.0;0.0;0.0;0.0;0.0;0.0;0.0
2030-09-30 01:00:00;121.1358978596863;0.0;0.0;0.0;0.0;0.0;0.0;0.0
2030-09-30 02:00:00;121.1799888278947;0.0;0.0;0.0;0.0;0.0;0.0;0.0
2030-09-30 03:00:00;121.2258257657859;0.0;0.0;0.0;0.0;0.0;0.0;0.0
2030-09-30 04:00:00;121.2472882132515;0.0;0.0;0.0;0.0;0.0;0.0;0.0
2030-09-30 05:00:00;121.2911635521107;0.0;0.0;0.0;0.0;0.0;0.0;0.0
2030-09-30 06:00:00;121.4295599115585;0.0;0.0;0.0;0.0;0.0;0.0;0.0
2030-09-30 07:00:00;121.5495000734976;0.0;0.0;0.0;0.0;0.0;0.0;0.0
2030-09-30 08:00:00;121.7679535392206;0.0;0.0;0.0;0.0;0.0;0.0;0.0
2030-09-30 09:00:00;121.8025568160602;0.0;0.0;0.0;0.0;0.0;0.0;0.0
2030-09-30 10:00:00;121.6669699186198;0.0;0.0;0.0;0.0;0.0;0.0;0.0
2030-09-30 11:00:00;121.5803643792902;0.0;0.0;0.0;0.0;0.0;0.0;0.0
2030-09-30 12:00:00;121.4621701870337;0.0;0.0;0.0;0.0;0.0;0.0;0.0
2030-09-30 13:00:00;121.4776306020292;0.0;0.0;0.0;0.0;0.0;0.0;0.0
2030-09-30 14:00:00;121.5392482587065;0.0;0.0;0.0;0.0;0.0;0.0;0.0
2030-09-30 15:00:00;121.5814550869697;0.0;0.0;0.0;0.0;0.0;0.0;0.0
2030-09-30 16:00:00;121.6432988404405;0.0;0.0;0.0;0.0;0.0;0.0;0.0
2030-09-30 17:00:00;121.7861354896926;0.0;0.0;0.0;0.0;0.0;0.0;0.0
2030-09-30 18:00:00;121.7844669790966;0.0;0.0;0.0;0.0;0.0;0.0;0.0
2030-09-30 19:00:00;121.7800308762699;0.0;0.0;0.0;0.0;0.0;0.0;0.0
2030-09-30 20:00:00;121.792974917694;0.0;0.0;0.0;0.0;0.0;0.0;0.0
2030-09-30 21:00:00;121.7685229681819;0.0;0.0;0.0;0.0;0.0;0.0;0.0
2030-09-30 22:00:00;121.7642731858608;0.0;0.0;0.0;0.0;0.0;0.0;0.0
2030-09-30 23:00:00;121.6915725993276;0.0;0.0;0.0;0.0;0.0;0.0;0.0
2030-10-01 00:00:00;121.7398275168151;0.0;0.0;0.0;0.0;0.0;0.0;0.0
2030-10-01 01:00:00;121.7538811073181;0.0;0.0;0.0;0.0;0.0;0.0;0.0
2030-10-01 02:00:00;121.7207244312588;0.0;0.0;0.0;0.0;0.0;0.0;0.0
2030-10-01 03:00:00;121.7824509493552;0.0;0.0;0.0;0.0;0.0;0.0;0.0
2030-10-01 04:00:00;121.6241685395293;0.0;0.0;0.0;0.0;0.0;0.0;0.0
2030-10-01 05:00:00;121.6852649174885;0.0;0.0;0.0;0.0;0.0;0.0;0.0
2030-10-01 06:00:00;121.7718620828627;0.0;0.0;0.0;0.0;0.0;0.0;0.0
2030-10-01 07:00:00;121.9122493501859;0.0;0.0;0.0;0.0;0.0;0.0;0.0
2030-10-01 08:00:00;121.8993429915607;0.0;0.0;0.0;0.0;0.0;0.0;0.0
2030-10-01 09:00:00;121.8900416206975;0.0;0.0;0.0;0.0;0.0;0.0;0.0
2030-10-01 10:00:00;121.8706894099705;0.0;0.0;0.0;0.0;0.0;0.0;0.0
2030-10-01 11:00:00;121.8646182923691;0.0;0.0;0.0;0.0;0.0;0.0;0.0
2030-10-01 12:00:00;121.820594315803;0.0;0.0;0.0;0.0;0.0;0.0;0.0
2030-10-01 13:00:00;121.8340072987246;0.0;0.0;0.0;0.0;0.0;0.0;0.0
2030-10-01 14:00:00;121.808087813544;0.0;0.0;0.0;0.0;0.0;0.0;0.0
2030-10-01 15:00:00;121.8158379091857;0.0;0.0;0.0;0.0;0.0;0.0;0.0
2030-10-01 16:00:00;121.8731953160978;0.0;0.0;0.0;0.0;0.0;0.0;0.0
2030-10-01 17:00:00;121.878623732629;0.0;0.0;0.0;0.0;0.0;0.0;0.0
2030-10-01 18:00:00;121.8707145318365;0.0;0.0;0.0;0.0;0.0;0.0;0.0
2030-10-01 19:00:00;121.9174788852784;0.0;0.0;0.0;0.0;0.0;0.0;0.0
2030-10-01 20:00:00;121.9442587943675;0.0;0.0;0.0;0.0;0.0;0.0;0.0
2030-10-01 21:00:00;121.9384179605371;0.0;0.0;0.0;0.0;0.0;0.0;0.0
2030-10-01 22:00:00;121.9017525972018;0.0;0.0;0.0;0.0;0.0;0.0;0.0
2030-10-01 23:00:00;121.8551682837991;0.0;0.0;0.0;0.0;0.0;0.0;0.0
2030-10-02 00:00:00;121.629774902611;0.0;0.0;0.0;0.0;0.0;0.0;0.0
2030-10-02 01:00:00;121.5431798307256;0.0;0.0;0.0;0.0;0.0;0.0;0.0
2030-10-02 02:00:00;121.5500004173276;0.0;0.0;0.0;0.0;0.0;0.0;0.0
2030-10-02 03:00:00;121.5142478151214;0.0;0.0;0.0;0.0;0.0;0.0;0.0
2030-10-02 04:00:00;121.544088404877;0.0;0.0;0.0;0.0;0.0;0.0;0.0
2030-10-02 05:00:00;121.688072286007;0.0;0.0;0.0;0.0;0.0;0.0;0.0
2030-10-02 06:00:00;121.9425170116625;0.0;0.0;0.0;0.0;0.0;0.0;0.0
2030-10-02 07:00:00;122.0439842281826;0.0;0.0;0.0;0.0;0.0;0.0;0.0
2030-10-02 08:00:00;122.0333137156258;0.0;0.0;0.0;0.0;0.0;0.0;0.0
2030-10-02 09:00:00;121.9864865575189;0.0;0.0;0.0;0.0;0.0;0.0;0.0
2030-10-02 10:00:00;121.8587565236504;0.0;0.0;0.0;0.0;0.0;0.0;0.0
2030-10-02 11:00:00;121.8390526068004;0.0;0.0;0.0;0.0;0.0;0.0;0.0
2030-10-02 12:00:00;121.8337853889089;0.0;0.0;0.0;0.0;0.0;0.0;0.0
2030-10-02 13:00:00;121.7492733384075;0.0;0.0;0.0;0.0;0.0;0.0;0.0
2030-10-02 14:00:00;121.7384248793003;0.0;0.0;0.0;0.0;0.0;0.0;0.0
2030-10-02 15:00:00;121.8364357457653;0.0;0.0;0.0;0.0;0.0;0.0;0.0
2030-10-02 16:00:00;121.9367724783181;0.0;0.0;0.0;0.0;0.0;0.0;0.0
2030-10-02 17:00:00;121.9801035100821;0.0;0.0;0.0;0.0;0.0;0.0;0.0
2030-10-02 18:00:00;121.9727218684743;0.0;0.0;0.0;0.0;0.0;0.0;0.0
2030-10-02 19:00:00;122.0549813249966;0.0;0.0;0.0;0.0;0.0;0.0;0.0
2030-10-02 20:00:00;122.0350387504202;0.0;0.0;0.0;0.0;0.0;0.0;0.0
2030-10-02 21:00:00;121.9493857485075;0.0;0.0;0.0;0.0;0.0;0.0;0.0
2030-10-02 22:00:00;121.8426303792076;0.0;0.0;0.0;0.0;0.0;0.0;0.0
2030-10-02 23:00:00;121.542798815759;0.0;0.0;0.0;0.0;0.0;0.0;0.0
2030-10-03 00:00:00;121.6513734268505;0.0;0.0;0.0;0.0;0.0;0.0;0.0
2030-10-03 01:00:00;121.731962279288;0.0;0.0;0.0;0.0;0.0;0.0;0.0
2030-10-03 02:00:00;121.7163930028734;0.0;0.0;0.0;0.0;0.0;0.0;0.0
2030-10-03 03:00:00;121.5877983581189;0.0;0.0;0.0;0.0;0.0;0.0;0.0
2030-10-03 04:00:00;121.6446135514245;0.0;0.0;0.0;0.0;0.0;0.0;0.0
2030-10-03 05:00:00;121.6365033757045;0.0;0.0;0.0;0.0;0.0;0.0;0.0
2030-10-03 06:00:00;121.9011622333523;0.0;0.0;0.0;0.0;0.0;0.0;0.0
2030-10-03 07:00:00;122.0684131493177;0.0;0.0;0.0;0.0;0.0;0.0;0.0
2030-10-03 08:00:00;122.090731833714;0.0;0.0;0.0;0.0;0.0;0.0;0.0
2030-10-03 09:00:00;122.000674131307;0.0;0.0;0.0;0.0;0.0;0.0;0.0
2030-10-03 10:00:00;121.8692323417462;0.0;0.0;0.0;0.0;0.0;0.0;0.0
2030-10-03 11:00:00;121.8448180750329;0.0;0.0;0.0;0.0;0.0;0.0;0.0
2030-10-03 12:00:00;121.9218270615744;0.0;0.0;0.0;0.0;0.0;0.0;0.0
2030-10-03 13:00:00;121.8878162420732;0.0;0.0;0.0;0.0;0.0;0.0;0.0
2030-10-03 14:00:00;121.8281915867602;0.0;0.0;0.0;0.0;0.0;0.0;0.0
2030-10-03 15:00:00;121.8866459818182;0.0;0.0;0.0;0.0;0.0;0.0;0.0
2030-10-03 16:00:00;121.9030191579428;0.0;0.0;0.0;0.0;0.0;0.0;0.0
2030-10-03 17:00:00;121.9559886122712;0.0;0.0;0.0;0.0;0.0;0.0;0.0
2030-10-03 18:00:00;122.0598612474548;0.0;0.0;0.0;0.0;0.0;0.0;0.0
2030-10-03 19:00:00;122.0687836968402;0.0;0.0;0.0;0.0;0.0;0.0;0.0
2030-10-03 20:00:00;122.0742037394161;0.0;0.0;0.0;0.0;0.0;0.0;0.0
2030-10-03 21:00:00;122.0215462149231;0.0;0.0;0.0;0.0;0.0;0.0;0.0
2030-10-03 22:00:00;121.9114266090764;0.0;0.0;0.0;0.0;0.0;0.0;0.0
2030-10-03 23:00:00;121.8369926137935;0.0;0.0;0.0;0.0;0.0;0.0;0.0
2030-10-04 00:00:00;121.7927383534564;0.0;0.0;0.0;0.0;0.0;0.0;0.0
2030-10-04 01:00:00;121.8068484681578;0.0;0.0;0.0;0.0;0.0;0.0;0.0
2030-10-04 02:00:00;121.7822290395393;0.0;0.0;0.0;0.0;0.0;0.0;0.0
2030-10-04 03:00:00;121.7714580395188;0.0;0.0;0.0;0.0;0.0;0.0;0.0
2030-10-04 04:00:00;121.4750786391478;0.0;0.0;0.0;0.0;0.0;0.0;0.0
2030-10-04 05:00:00;121.795409645201;0.0;0.0;0.0;0.0;0.0;0.0;0.0
2030-10-04 06:00:00;121.8656608498054;0.0;0.0;0.0;0.0;0.0;0.0;0.0
2030-10-04 07:00:00;121.9243936788776;0.0;0.0;0.0;0.0;0.0;0.0;0.0
2030-10-04 08:00:00;121.9281326499246;0.0;0.0;0.0;0.0;0.0;0.0;0.0
2030-10-04 09:00:00;121.966757518803;0.0;0.0;0.0;0.0;0.0;0.0;0.0
2030-10-04 10:00:00;121.9200287546711;0.0;0.0;0.0;0.0;0.0;0.0;0.0
2030-10-04 11:00:00;121.9062242893387;0.0;0.0;0.0;0.0;0.0;0.0;0.0
2030-10-04 12:00:00;121.8848434879373;0.0;0.0;0.0;0.0;0.0;0.0;0.0
2030-10-04 13:00:00;121.8443951902897;0.0;0.0;0.0;0.0;0.0;0.0;0.0
2030-10-04 14:00:00;121.8232677010366;0.0;0.0;0.0;0.0;0.0;0.0;0.0
2030-10-04 15:00:00;121.8308147282619;0.0;0.0;0.0;0.0;0.0;0.0;0.0
2030-10-04 16:00:00;121.8687194369833;0.0;0.0;0.0;0.0;0.0;0.0;0.0
2030-10-04 17:00:00;121.8870060618967;0.0;0.0;0.0;0.0;0.0;0.0;0.0
2030-10-04 18:00:00;121.8648925394055;0.0;0.0;0.0;0.0;0.0;0.0;0.0
2030-10-04 19:00:00;121.9151446452352;0.0;0.0;0.0;0.0;0.0;0.0;0.0
2030-10-04 20:00:00;121.7171340979185;0.0;0.0;0.0;0.0;0.0;0.0;0.0
2030-10-04 21:00:00;121.7104663360011;0.0;0.0;0.0;0.0;0.0;0.0;0.0
2030-10-04 22:00:00;121.8126285908121;0.0;0.0;0.0;0.0;0.0;0.0;0.0
2030-10-04 23:00:00;121.6226842559503;0.0;0.0;0.0;0.0;0.0;0.0;0.0
2030-10-05 00:00:00;121.4756438811313;0.0;0.0;0.0;0.0;0.0;0.0;0.0
2030-10-05 01:00:00;121.3861179248866;0.0;0.0;0.0;0.0;0.0;0.0;0.0
2030-10-05 02:00:00;121.3019952633073;0.0;0.0;0.0;0.0;0.0;0.0;0.0
2030-10-05 03:00:00;121.2724121726775;0.0;0.0;0.0;0.0;0.0;0.0;0.0
2030-10-05 04:00:00;121.3052045816807;0.0;0.0;0.0;0.0;0.0;0.0;0.0
2030-10-05 05:00:00;121.2982541987715;0.0;0.0;0.0;0.0;0.0;0.0;0.0
2030-10-05 06:00:00;121.3236063484797;0.0;0.0;0.0;0.0;0.0;0.0;0.0
2030-10-05 07:00:00;121.4097701616664;0.0;0.0;0.0;0.0;0.0;0.0;0.0
2030-10-05 08:00:00;121.498676445218;0.0;0.0;0.0;0.0;0.0;0.0;0.0
2030-10-05 09:00:00;121.567263326204;0.0;0.0;0.0;0.0;0.0;0.0;0.0
2030-10-05 10:00:00;121.5464352058534;0.0;0.0;0.0;0.0;0.0;0.0;0.0
2030-10-05 11:00:00;121.5311024936764;0.0;0.0;0.0;0.0;0.0;0.0;0.0
2030-10-05 12:00:00;121.5789261524654;0.0;0.0;0.0;0.0;0.0;0.0;0.0
2030-10-05 13:00:00;121.5060224975158;0.0;0.0;0.0;0.0;0.0;0.0;0.0
2030-10-05 14:00:00;121.48716853713;0.0;0.0;0.0;0.0;0.0;0.0;0.0
2030-10-05 15:00:00;121.4629489648777;0.0;0.0;0.0;0.0;0.0;0.0;0.0
2030-10-05 16:00:00;121.4533712534892;0.0;0.0;0.0;0.0;0.0;0.0;0.0
2030-10-05 17:00:00;121.4074212672014;0.0;0.0;0.0;0.0;0.0;0.0;0.0
2030-10-05 18:00:00;121.3917912796108;0.0;0.0;0.0;0.0;0.0;0.0;0.0
2030-10-05 19:00:00;121.3813447703585;0.0;0.0;0.0;0.0;0.0;0.0;0.0
2030-10-05 20:00:00;121.4032259155898;0.0;0.0;0.0;0.0;0.0;0.0;0.0
2030-10-05 21:00:00;121.461217649617;0.0;0.0;0.0;0.0;0.0;0.0;0.0
2030-10-05 22:00:00;121.4820960136995;0.0;0.0;0.0;0.0;0.0;0.0;0.0
2030-10-05 23:00:00;121.4175202573081;0.0;0.0;0.0;0.0;0.0;0.0;0.0
2030-10-06 00:00:00;121.2686166774322;0.0;0.0;0.0;0.0;0.0;0.0;0.0
2030-10-06 01:00:00;121.0916247579496;0.0;0.0;0.0;0.0;0.0;0.0;0.0
2030-10-06 02:00:00;121.0227133861952;0.0;0.0;0.0;0.0;0.0;0.0;0.0
2030-10-06 03:00:00;121.0173268394406;0.0;0.0;0.0;0.0;0.0;0.0;0.0
2030-10-06 04:00:00;121.0066877292161;0.0;0.0;0.0;0.0;0.0;0.0;0.0
2030-10-06 05:00:00;121.0099096085226;0.0;0.0;0.0;0.0;0.0;0.0;0.0
2030-10-06 06:00:00;121.0796269734759;0.0;0.0;0.0;0.0;0.0;0.0;0.0
2030-10-06 07:00:00;121.1749832961067;0.0;0.0;0.0;0.0;0.0;0.0;0.0
2030-10-06 08:00:00;121.2429860937098;0.0;0.0;0.0;0.0;0.0;0.0;0.0
2030-10-06 09:00:00;121.34532838856;0.0;0.0;0.0;0.0;0.0;0.0;0.0
2030-10-06 10:00:00;121.3925156267453;0.0;0.0;0.0;0.0;0.0;0.0;0.0
2030-10-06 11:00:00;121.3817885899901;0.0;0.0;0.0;0.0;0.0;0.0;0.0
2030-10-06 12:00:00;121.3541377895486;0.0;0.0;0.0;0.0;0.0;0.0;0.0
2030-10-06 13:00:00;121.3919273563846;0.0;0.0;0.0;0.0;0.0;0.0;0.0
2030-10-06 14:00:00;121.3944772257772;0.0;0.0;0.0;0.0;0.0;0.0;0.0
2030-10-06 15:00:00;121.3759917194251;0.0;0.0;0.0;0.0;0.0;0.0;0.0
2030-10-06 16:00:00;121.3187850437087;0.0;0.0;0.0;0.0;0.0;0.0;0.0
2030-10-06 17:00:00;121.3916258939934;0.0;0.0;0.0;0.0;0.0;0.0;0.0
2030-10-06 18:00:00;121.4193269381667;0.0;0.0;0.0;0.0;0.0;0.0;0.0
2030-10-06 19:00:00;121.4310190732716;0.0;0.0;0.0;0.0;0.0;0.0;0.0
2030-10-06 20:00:00;121.4147128887896;0.0;0.0;0.0;0.0;0.0;0.0;0.0
2030-10-06 21:00:00;121.4384635195444;0.0;0.0;0.0;0.0;0.0;0.0;0.0
2030-10-06 22:00:00;121.4413650950601;0.0;0.0;0.0;0.0;0.0;0.0;0.0
2030-10-06 23:00:00;121.4378919970943;0.0;0.0;0.0;0.0;0.0;0.0;0.0
2030-10-07 00:00:00;121.6963457538556;0.0;0.0;0.0;0.0;0.0;0.0;0.0
2030-10-07 01:00:00;121.3123559395175;0.0;0.0;0.0;0.0;0.0;0.0;0.0
2030-10-07 02:00:00;121.2740032241869;0.0;0.0;0.0;0.0;0.0;0.0;0.0
2030-10-07 03:00:00;121.2704924434221;0.0;0.0;0.0;0.0;0.0;0.0;0.0
2030-10-07 04:00:00;121.349153192649;0.0;0.0;0.0;0.0;0.0;0.0;0.0
2030-10-07 05:00:00;121.6602958762358;0.0;0.0;0.0;0.0;0.0;0.0;0.0
2030-10-07 06:00:00;121.8745121205707;0.0;0.0;0.0;0.0;0.0;0.0;0.0
2030-10-07 07:00:00;121.8389479323589;0.0;0.0;0.0;0.0;0.0;0.0;0.0
2030-10-07 08:00:00;122.0423450264302;0.0;0.0;0.0;0.0;0.0;0.0;0.0
2030-10-07 09:00:00;122.0900326084454;0.0;0.0;0.0;0.0;0.0;0.0;0.0
2030-10-07 10:00:00;122.055219982723;0.0;0.0;0.0;0.0;0.0;0.0;0.0
2030-10-07 11:00:00;122.1425666170976;0.0;0.0;0.0;0.0;0.0;0.0;0.0
2030-10-07 12:00:00;122.014204349603;0.0;0.0;0.0;0.0;0.0;0.0;0.0
2030-10-07 13:00:00;121.9812821442923;0.0;0.0;0.0;0.0;0.0;0.0;0.0
2030-10-07 14:00:00;121.9261166201832;0.0;0.0;0.0;0.0;0.0;0.0;0.0
2030-10-07 15:00:00;122.0020348990453;0.0;0.0;0.0;0.0;0.0;0.0;0.0
2030-10-07 16:00:00;122.0033349556075;0.0;0.0;0.0;0.0;0.0;0.0;0.0
2030-10-07 17:00:00;121.9818515732535;0.0;0.0;0.0;0.0;0.0;0.0;0.0
2030-10-07 18:00:00;122.057143898956;0.0;0.0;0.0;0.0;0.0;0.0;0.0
2030-10-07 19:00:00;122.0054556597903;0.0;0.0;0.0;0.0;0.0;0.0;0.0
2030-10-07 20:00:00;122.0706803977185;0.0;0.0;0.0;0.0;0.0;0.0;0.0
2030-10-07 21:00:00;122.005593830053;0.0;0.0;0.0;0.0;0.0;0.0;0.0
2030-10-07 22:00:00;121.9695209240561;0.0;0.0;0.0;0.0;0.0;0.0;0.0
2030-10-07 23:00:00;121.8557691150927;0.0;0.0;0.0;0.0;0.0;0.0;0.0
2030-10-08 00:00:00;121.5589626430007;0.0;0.0;0.0;0.0;0.0;0.0;0.0
2030-10-08 01:00:00;121.2665252820928;0.0;0.0;0.0;0.0;0.0;0.0;0.0
2030-10-08 02:00:00;121.1551244610835;0.0;0.0;0.0;0.0;0.0;0.0;0.0
2030-10-08 03:00:00;121.108816488206;0.0;0.0;0.0;0.0;0.0;0.0;0.0
2030-10-08 04:00:00;121.1456660785581;0.0;0.0;0.0;0.0;0.0;0.0;0.0
2030-10-08 05:00:00;121.4887219058404;0.0;0.0;0.0;0.0;0.0;0.0;0.0
2030-10-08 06:00:00;131.533917723645;0.0;0.0;0.0;0.0;0.0;0.0;0.0
2030-10-08 07:00:00;131.2314692991613;0.0;0.0;0.0;0.0;0.0;0.0;0.0
2030-10-08 08:00:00;121.9128501814795;0.0;0.0;0.0;0.0;0.0;0.0;0.0
2030-10-08 09:00:00;121.8726698504019;0.0;0.0;0.0;0.0;0.0;0.0;0.0
2030-10-08 10:00:00;121.8221581519577;0.0;0.0;0.0;0.0;0.0;0.0;0.0
2030-10-08 11:00:00;122.033104366743;0.0;0.0;0.0;0.0;0.0;0.0;0.0
2030-10-08 12:00:00;122.0994679625936;0.0;0.0;0.0;0.0;0.0;0.0;0.0
2030-10-08 13:00:00;122.0104632850671;0.0;0.0;0.0;0.0;0.0;0.0;0.0
2030-10-08 14:00:00;121.9720938218258;0.0;0.0;0.0;0.0;0.0;0.0;0.0
2030-10-08 15:00:00;121.9867440566448;0.0;0.0;0.0;0.0;0.0;0.0;0.0
2030-10-08 16:00:00;131.9054910557437;0.0;0.0;0.0;0.0;0.0;0.0;0.0
2030-10-08 17:00:00;131.7649049069818;0.0;0.0;0.0;0.0;0.0;0.0;0.0
2030-10-08 18:00:00;131.790707156788;0.0;0.0;0.0;0.0;0.0;0.0;0.0
2030-10-08 19:00:00;131.8415789353108;0.0;0.0;0.0;0.0;0.0;0.0;0.0
2030-10-08 20:00:00;131.813894639048;0.0;0.0;0.0;0.0;0.0;0.0;0.0
2030-10-08 21:00:00;131.7150212551859;0.0;0.0;0.0;0.0;0.0;0.0;0.0
2030-10-08 22:00:00;131.5530061547796;0.0;0.0;0.0;0.0;0.0;0.0;0.0
2030-10-08 23:00:00;131.3990133035626;0.0;0.0;0.0;0.0;0.0;0.0;0.0
2030-10-09 00:00:00;130.9353662393155;0.0;0.0;0.0;0.0;0.0;0.0;0.0
2030-10-09 01:00:00;130.6478402031984;0.0;0.0;0.0;0.0;0.0;0.0;0.0
2030-10-09 02:00:00;130.5797180767322;0.0;0.0;0.0;0.0;0.0;0.0;0.0
2030-10-09 03:00:00;130.5408336152391;0.0;0.0;0.0;0.0;0.0;0.0;0.0
2030-10-09 04:00:00;130.6414613427392;0.0;0.0;0.0;0.0;0.0;0.0;0.0
2030-10-09 05:00:00;131.1022738231131;0.0;0.0;0.0;0.0;0.0;0.0;0.0
2030-10-09 06:00:00;131.5995548788724;0.0;0.0;0.0;0.0;0.0;0.0;0.0
2030-10-09 07:00:00;131.8620720974489;0.0;0.0;0.0;0.0;0.0;0.0;0.0
2030-10-09 08:00:00;131.8183244614082;0.0;0.0;0.0;0.0;0.0;0.0;0.0
2030-10-09 09:00:00;131.72635749719;0.0;0.0;0.0;0.0;0.0;0.0;0.0
2030-10-09 10:00:00;121.8033293134378;0.0;0.0;0.0;0.0;0.0;0.0;0.0
2030-10-09 11:00:00;121.8381817154479;0.0;0.0;0.0;0.0;0.0;0.0;0.0
2030-10-09 12:00:00;128.553258573935;0.0;0.0;0.0;0.0;0.0;0.0;0.0
2030-10-09 13:00:00;129.04834984038;0.0;0.0;0.0;0.0;0.0;0.0;0.0
2030-10-09 14:00:00;131.8375719976937;0.0;0.0;0.0;0.0;0.0;0.0;0.0
2030-10-09 15:00:00;131.8735402292493;0.0;0.0;0.0;0.0;0.0;0.0;0.0
2030-10-09 16:00:00;132.0005898792487;0.0;0.0;0.0;0.0;0.0;0.0;0.0
2030-10-09 17:00:00;131.9261768188541;0.0;0.0;0.0;0.0;0.0;0.0;0.0
2030-10-09 18:00:00;131.9798392179846;0.0;0.0;0.0;0.0;0.0;0.0;0.0
2030-10-09 19:00:00;132.0513988531066;0.0;0.0;0.0;0.0;0.0;0.0;0.0
2030-10-09 20:00:00;131.9091441937487;0.0;0.0;0.0;0.0;0.0;0.0;0.0
2030-10-09 21:00:00;131.8939496518344;0.0;0.0;0.0;0.0;0.0;0.0;0.0
2030-10-09 22:00:00;131.8567441683815;0.0;0.0;0.0;0.0;0.0;0.0;0.0
2030-10-09 23:00:00;131.6676644444055;0.0;0.0;0.0;0.0;0.0;0.0;0.0
2030-10-10 00:00:00;131.3905074584541;0.0;0.0;0.0;0.0;0.0;0.0;0.0
2030-10-10 01:00:00;131.1299706803087;0.0;0.0;0.0;0.0;0.0;0.0;0.0
2030-10-10 02:00:00;130.9161542923401;0.0;0.0;0.0;0.0;0.0;0.0;0.0
2030-10-10 03:00:00;130.8148754898145;0.0;0.0;0.0;0.0;0.0;0.0;0.0
2030-10-10 04:00:00;130.8592448920371;0.0;0.0;0.0;0.0;0.0;0.0;0.0
2030-10-10 05:00:00;131.1152681082691;0.0;0.0;0.0;0.0;0.0;0.0;0.0
2030-10-10 06:00:00;131.7232319183697;0.0;0.0;0.0;0.0;0.0;0.0;0.0
2030-10-10 07:00:00;131.9629866329185;0.0;0.0;0.0;0.0;0.0;0.0;0.0
2030-10-10 08:00:00;131.9322207211008;0.0;0.0;0.0;0.0;0.0;0.0;0.0
2030-10-10 09:00:00;131.8358176540559;0.0;0.0;0.0;0.0;0.0;0.0;0.0
2030-10-10 10:00:00;131.9149033815148;0.0;0.0;0.0;0.0;0.0;0.0;0.0
2030-10-10 11:00:00;131.2494963314601;0.0;0.0;0.0;0.0;0.0;0.0;0.0
2030-10-10 12:00:00;127.0738695716955;0.0;0.0;0.0;0.0;0.0;0.0;0.0
2030-10-10 13:00:00;131.8472585705014;0.0;0.0;0.0;0.0;0.0;0.0;0.0
2030-10-10 14:00:00;131.8275546536513;0.0;0.0;0.0;0.0;0.0;0.0;0.0
2030-10-10 15:00:00;131.8587664785894;0.0;0.0;0.0;0.0;0.0;0.0;0.0
2030-10-10 16:00:00;131.7418011642749;0.0;0.0;0.0;0.0;0.0;0.0;0.0
2030-10-10 17:00:00;131.8207570954265;0.0;0.0;0.0;0.0;0.0;0.0;0.0
2030-10-10 18:00:00;131.8911883400701;0.0;0.0;0.0;0.0;0.0;0.0;0.0
2030-10-10 19:00:00;131.9313916995249;0.0;0.0;0.0;0.0;0.0;0.0;0.0
2030-10-10 20:00:00;131.9077562106556;0.0;0.0;0.0;0.0;0.0;0.0;0.0
2030-10-10 21:00:00;131.7880777348199;0.0;0.0;0.0;0.0;0.0;0.0;0.0
2030-10-10 22:00:00;131.6324059055627;0.0;0.0;0.0;0.0;0.0;0.0;0.0
2030-10-10 23:00:00;131.4264568486101;0.0;0.0;0.0;0.0;0.0;0.0;0.0
2030-10-11 00:00:00;131.3218745207138;0.0;0.0;0.0;0.0;0.0;0.0;0.0
2030-10-11 01:00:00;130.9868807189084;0.0;0.0;0.0;0.0;0.0;0.0;0.0
2030-10-11 02:00:00;130.7760287111204;0.0;0.0;0.0;0.0;0.0;0.0;0.0
2030-10-11 03:00:00;130.6342702086147;0.0;0.0;0.0;0.0;0.0;0.0;0.0
2030-10-11 04:00:00;130.6512504964994;0.0;0.0;0.0;0.0;0.0;0.0;0.0
2030-10-11 05:00:00;130.9805541956699;0.0;0.0;0.0;0.0;0.0;0.0;0.0
2030-10-11 06:00:00;131.5458694513647;0.0;0.0;0.0;0.0;0.0;0.0;0.0
2030-10-11 07:00:00;131.7654073443005;0.0;0.0;0.0;0.0;0.0;0.0;0.0
2030-10-11 08:00:00;131.698482693444;0.0;0.0;0.0;0.0;0.0;0.0;0.0
2030-10-11 09:00:00;131.6412634567945;0.0;0.0;0.0;0.0;0.0;0.0;0.0
2030-10-11 10:00:00;131.4653727124356;0.0;0.0;0.0;0.0;0.0;0.0;0.0
2030-10-11 11:00:00;131.578636738502;0.0;0.0;0.0;0.0;0.0;0.0;0.0
2030-10-11 12:00:00;131.783499274753;0.0;0.0;0.0;0.0;0.0;0.0;0.0
2030-10-11 13:00:00;131.8317206964193;0.0;0.0;0.0;0.0;0.0;0.0;0.0
2030-10-11 14:00:00;131.9016034469899;0.0;0.0;0.0;0.0;0.0;0.0;0.0
2030-10-11 15:00:00;131.9093744775197;0.0;0.0;0.0;0.0;0.0;0.0;0.0
2030-10-11 16:00:00;131.7876401956548;0.0;0.0;0.0;0.0;0.0;0.0;0.0
2030-10-11 17:00:00;131.8968596013054;0.0;0.0;0.0;0.0;0.0;0.0;0.0
2030-10-11 18:00:00;131.9145516753916;0.0;0.0;0.0;0.0;0.0;0.0;0.0
2030-10-11 19:00:00;131.9308641403402;0.0;0.0;0.0;0.0;0.0;0.0;0.0
2030-10-11 20:00:00;131.8636464010477;0.0;0.0;0.0;0.0;0.0;0.0;0.0
2030-10-11 21:00:00;131.6676309485843;0.0;0.0;0.0;0.0;0.0;0.0;0.0
2030-10-11 22:00:00;131.5750715270277;0.0;0.0;0.0;0.0;0.0;0.0;0.0
2030-10-11 23:00:00;131.4356367971213;0.0;0.0;0.0;0.0;0.0;0.0;0.0
2030-10-12 00:00:00;131.0903744326141;0.0;0.0;0.0;0.0;0.0;0.0;0.0
2030-10-12 01:00:00;130.8330867491301;0.0;0.0;0.0;0.0;0.0;0.0;0.0
2030-10-12 02:00:00;130.7559291248818;0.0;0.0;0.0;0.0;0.0;0.0;0.0
2030-10-12 03:00:00;130.7840467733319;0.0;0.0;0.0;0.0;0.0;0.0;0.0
2030-10-12 04:00:00;130.7739791855576;0.0;0.0;0.0;0.0;0.0;0.0;0.0
2030-10-12 05:00:00;130.9610931235239;0.0;0.0;0.0;0.0;0.0;0.0;0.0
2030-10-12 06:00:00;131.2108484342046;0.0;0.0;0.0;0.0;0.0;0.0;0.0
2030-10-12 07:00:00;131.4133516085462;0.0;0.0;0.0;0.0;0.0;0.0;0.0
2030-10-12 08:00:00;131.5085320781156;0.0;0.0;0.0;0.0;0.0;0.0;0.0
2030-10-12 09:00:00;131.6239503041861;0.0;0.0;0.0;0.0;0.0;0.0;0.0
2030-10-12 10:00:00;121.7808243085358;0.0;0.0;0.0;0.0;0.0;0.0;0.0
2030-10-12 11:00:00;121.8036056539631;0.0;0.0;0.0;0.0;0.0;0.0;0.0
2030-10-12 12:00:00;121.8019517977888;0.0;0.0;0.0;0.0;0.0;0.0;0.0
2030-10-12 13:00:00;121.7703422099735;0.0;0.0;0.0;0.0;0.0;0.0;0.0
2030-10-12 14:00:00;121.7563577046018;0.0;0.0;0.0;0.0;0.0;0.0;0.0
2030-10-12 15:00:00;121.7203748186244;0.0;0.0;0.0;0.0;0.0;0.0;0.0
2030-10-12 16:00:00;121.7479586274234;0.0;0.0;0.0;0.0;0.0;0.0;0.0
2030-10-12 17:00:00;121.7173706621561;0.0;0.0;0.0;0.0;0.0;0.0;0.0
2030-10-12 18:00:00;121.6998816564863;0.0;0.0;0.0;0.0;0.0;0.0;0.0
2030-10-12 19:00:00;121.7406774732793;0.0;0.0;0.0;0.0;0.0;0.0;0.0
2030-10-12 20:00:00;121.7095263595172;0.0;0.0;0.0;0.0;0.0;0.0;0.0
2030-10-12 21:00:00;121.6083710728325;0.0;0.0;0.0;0.0;0.0;0.0;0.0
2030-10-12 22:00:00;121.4875390846525;0.0;0.0;0.0;0.0;0.0;0.0;0.0
2030-10-12 23:00:00;121.4614856161869;0.0;0.0;0.0;0.0;0.0;0.0;0.0
2030-10-13 00:00:00;121.3387904229499;0.0;0.0;0.0;0.0;0.0;0.0;0.0
2030-10-13 01:00:00;121.2516154546592;0.0;0.0;0.0;0.0;0.0;0.0;0.0
2030-10-13 02:00:00;121.215375069556;0.0;0.0;0.0;0.0;0.0;0.0;0.0
2030-10-13 03:00:00;121.1909587093539;0.0;0.0;0.0;0.0;0.0;0.0;0.0
2030-10-13 04:00:00;121.2364230062337;0.0;0.0;0.0;0.0;0.0;0.0;0.0
2030-10-13 05:00:00;121.2581282984033;0.0;0.0;0.0;0.0;0.0;0.0;0.0
2030-10-13 06:00:00;121.2667890616852;0.0;0.0;0.0;0.0;0.0;0.0;0.0
2030-10-13 07:00:00;121.3264220909535;0.0;0.0;0.0;0.0;0.0;0.0;0.0
2030-10-13 08:00:00;121.3282099304127;0.0;0.0;0.0;0.0;0.0;0.0;0.0
2030-10-13 09:00:00;121.3381079455919;0.0;0.0;0.0;0.0;0.0;0.0;0.0
2030-10-13 10:00:00;121.3317416460657;0.0;0.0;0.0;0.0;0.0;0.0;0.0
2030-10-13 11:00:00;121.2922898491003;0.0;0.0;0.0;0.0;0.0;0.0;0.0
2030-10-13 12:00:00;121.2810666554929;0.0;0.0;0.0;0.0;0.0;0.0;0.0
2030-10-13 13:00:00;121.2450649281161;0.0;0.0;0.0;0.0;0.0;0.0;0.0
2030-10-13 14:00:00;121.2364250997225;0.0;0.0;0.0;0.0;0.0;0.0;0.0
2030-10-13 15:00:00;121.2778029064098;0.0;0.0;0.0;0.0;0.0;0.0;0.0
2030-10-13 16:00:00;121.2430949551288;0.0;0.0;0.0;0.0;0.0;0.0;0.0
2030-10-13 17:00:00;121.285326905258;0.0;0.0;0.0;0.0;0.0;0.0;0.0
2030-10-13 18:00:00;121.3076330287213;0.0;0.0;0.0;0.0;0.0;0.0;0.0
2030-10-13 19:00:00;121.3807146302213;0.0;0.0;0.0;0.0;0.0;0.0;0.0
2030-10-13 20:00:00;121.3686331061944;0.0;0.0;0.0;0.0;0.0;0.0;0.0
2030-10-13 21:00:00;121.3316411586019;0.0;0.0;0.0;0.0;0.0;0.0;0.0
2030-10-13 22:00:00;121.2936548038161;0.0;0.0;0.0;0.0;0.0;0.0;0.0
2030-10-13 23:00:00;121.2839200807655;0.0;0.0;0.0;0.0;0.0;0.0;0.0
2030-10-14 00:00:00;121.3785583367284;0.0;0.0;0.0;0.0;0.0;0.0;0.0
2030-10-14 01:00:00;121.2985033239421;0.0;0.0;0.0;0.0;0.0;0.0;0.0
2030-10-14 02:00:00;121.2542888398927;0.0;0.0;0.0;0.0;0.0;0.0;0.0
2030-10-14 03:00:00;121.243957472526;0.0;0.0;0.0;0.0;0.0;0.0;0.0
2030-10-14 04:00:00;121.2882787245056;0.0;0.0;0.0;0.0;0.0;0.0;0.0
2030-10-14 05:00:00;121.5141054578811;0.0;0.0;0.0;0.0;0.0;0.0;0.0
2030-10-14 06:00:00;121.6072175604883;0.0;0.0;0.0;0.0;0.0;0.0;0.0
2030-10-14 07:00:00;121.6461124894254;0.0;0.0;0.0;0.0;0.0;0.0;0.0
2030-10-14 08:00:00;121.6756348688792;0.0;0.0;0.0;0.0;0.0;0.0;0.0
2030-10-14 09:00:00;121.733605668018;0.0;0.0;0.0;0.0;0.0;0.0;0.0
2030-10-14 10:00:00;121.6742573532303;0.0;0.0;0.0;0.0;0.0;0.0;0.0
2030-10-14 11:00:00;121.6491333938044;0.0;0.0;0.0;0.0;0.0;0.0;0.0
2030-10-14 12:00:00;121.6665072575888;0.0;0.0;0.0;0.0;0.0;0.0;0.0
2030-10-14 13:00:00;121.6589539498969;0.0;0.0;0.0;0.0;0.0;0.0;0.0
2030-10-14 14:00:00;131.622916120705;0.0;0.0;0.0;0.0;0.0;0.0;0.0
2030-10-14 15:00:00;131.547339080522;0.0;0.0;0.0;0.0;0.0;0.0;0.0
2030-10-14 16:00:00;131.5920832172448;0.0;0.0;0.0;0.0;0.0;0.0;0.0
2030-10-14 17:00:00;131.6159113070862;0.0;0.0;0.0;0.0;0.0;0.0;0.0
2030-10-14 18:00:00;131.5455868303728;0.0;0.0;0.0;0.0;0.0;0.0;0.0
2030-10-14 19:00:00;130.515663599059;0.0;0.0;0.0;0.0;0.0;0.0;0.0
2030-10-14 20:00:00;131.3013101799555;0.0;0.0;0.0;0.0;0.0;0.0;0.0
2030-10-14 21:00:00;125.5380819804273;0.0;0.0;0.0;0.0;0.0;0.0;0.0
2030-10-14 22:00:00;121.6363254291541;0.0;0.0;0.0;0.0;0.0;0.0;0.0
2030-10-14 23:00:00;121.6171804738212;0.0;0.0;0.0;0.0;0.0;0.0;0.0
2030-10-15 00:00:00;121.4951531035204;0.0;0.0;0.0;0.0;0.0;0.0;0.0
2030-10-15 01:00:00;121.4111351163824;0.0;0.0;0.0;0.0;0.0;0.0;0.0
2030-10-15 02:00:00;121.3639353172642;0.0;0.0;0.0;0.0;0.0;0.0;0.0
2030-10-15 03:00:00;121.4061609869268;0.0;0.0;0.0;0.0;0.0;0.0;0.0
2030-10-15 04:00:00;121.4732405559566;0.0;0.0;0.0;0.0;0.0;0.0;0.0
2030-10-15 05:00:00;121.6420804299425;0.0;0.0;0.0;0.0;0.0;0.0;0.0
2030-10-15 06:00:00;121.7589703786593;0.0;0.0;0.0;0.0;0.0;0.0;0.0
2030-10-15 07:00:00;121.8925914900901;0.0;0.0;0.0;0.0;0.0;0.0;0.0
2030-10-15 08:00:00;121.9615175162663;0.0;0.0;0.0;0.0;0.0;0.0;0.0
2030-10-15 09:00:00;121.9811230391414;0.0;0.0;0.0;0.0;0.0;0.0;0.0
2030-10-15 10:00:00;121.9464925469471;0.0;0.0;0.0;0.0;0.0;0.0;0.0
2030-10-15 11:00:00;121.9634602738987;0.0;0.0;0.0;0.0;0.0;0.0;0.0
2030-10-15 12:00:00;121.9715390472863;0.0;0.0;0.0;0.0;0.0;0.0;0.0
2030-10-15 13:00:00;121.9141167422206;0.0;0.0;0.0;0.0;0.0;0.0;0.0
2030-10-15 14:00:00;121.8800284636326;0.0;0.0;0.0;0.0;0.0;0.0;0.0
2030-10-15 15:00:00;121.9210357227974;0.0;0.0;0.0;0.0;0.0;0.0;0.0
2030-10-15 16:00:00;121.9994682817419;0.0;0.0;0.0;0.0;0.0;0.0;0.0
2030-10-15 17:00:00;122.0959383404294;0.0;0.0;0.0;0.0;0.0;0.0;0.0
2030-10-15 18:00:00;122.1345234330201;0.0;0.0;0.0;0.0;0.0;0.0;0.0
2030-10-15 19:00:00;122.1022627701791;0.0;0.0;0.0;0.0;0.0;0.0;0.0
2030-10-15 20:00:00;122.0626434941074;0.0;0.0;0.0;0.0;0.0;0.0;0.0
2030-10-15 21:00:00;122.1476454209946;0.0;0.0;0.0;0.0;0.0;0.0;0.0
2030-10-15 22:00:00;121.8420337348916;0.0;0.0;0.0;0.0;0.0;0.0;0.0
2030-10-15 23:00:00;121.7620122179265;0.0;0.0;0.0;0.0;0.0;0.0;0.0
2030-10-16 00:00:00;121.7170712932538;0.0;0.0;0.0;0.0;0.0;0.0;0.0
2030-10-16 01:00:00;121.7048850947854;0.0;0.0;0.0;0.0;0.0;0.0;0.0
2030-10-16 02:00:00;121.7140901651625;0.0;0.0;0.0;0.0;0.0;0.0;0.0
2030-10-16 03:00:00;121.5920900102165;0.0;0.0;0.0;0.0;0.0;0.0;0.0
2030-10-16 04:00:00;121.6598520566043;0.0;0.0;0.0;0.0;0.0;0.0;0.0
2030-10-16 05:00:00;121.8038024419129;0.0;0.0;0.0;0.0;0.0;0.0;0.0
2030-10-16 06:00:00;122.2215037068498;0.0;0.0;0.0;0.0;0.0;0.0;0.0
2030-10-16 07:00:00;122.2846537973493;0.0;0.0;0.0;0.0;0.0;0.0;0.0
2030-10-16 08:00:00;122.2662227217067;0.0;0.0;0.0;0.0;0.0;0.0;0.0
2030-10-16 09:00:00;122.2556275747478;0.0;0.0;0.0;0.0;0.0;0.0;0.0
2030-10-16 10:00:00;122.1786876733376;0.0;0.0;0.0;0.0;0.0;0.0;0.0
2030-10-16 11:00:00;122.1911669602418;0.0;0.0;0.0;0.0;0.0;0.0;0.0
2030-10-16 12:00:00;122.1531847924337;0.0;0.0;0.0;0.0;0.0;0.0;0.0
2030-10-16 13:00:00;122.2024759868912;0.0;0.0;0.0;0.0;0.0;0.0;0.0
2030-10-16 14:00:00;122.2954624801688;0.0;0.0;0.0;0.0;0.0;0.0;0.0
2030-10-16 15:00:00;122.2877081975494;0.0;0.0;0.0;0.0;0.0;0.0;0.0
2030-10-16 16:00:00;122.2568773875781;0.0;0.0;0.0;0.0;0.0;0.0;0.0
2030-10-16 17:00:00;122.3387474551784;0.0;0.0;0.0;0.0;0.0;0.0;0.0
2030-10-16 18:00:00;122.3224998883836;0.0;0.0;0.0;0.0;0.0;0.0;0.0
2030-10-16 19:00:00;122.2379438746168;0.0;0.0;0.0;0.0;0.0;0.0;0.0
2030-10-16 20:00:00;122.1566892927319;0.0;0.0;0.0;0.0;0.0;0.0;0.0
2030-10-16 21:00:00;122.1022627701791;0.0;0.0;0.0;0.0;0.0;0.0;0.0
2030-10-16 22:00:00;122.0324449177621;0.0;0.0;0.0;0.0;0.0;0.0;0.0
2030-10-16 23:00:00;121.9084496679629;0.0;0.0;0.0;0.0;0.0;0.0;0.0
2030-10-17 00:00:00;121.8948482710468;0.0;0.0;0.0;0.0;0.0;0.0;0.0
2030-10-17 01:00:00;121.8413240421789;0.0;0.0;0.0;0.0;0.0;0.0;0.0
2030-10-17 02:00:00;121.8294539605235;0.0;0.0;0.0;0.0;0.0;0.0;0.0
2030-10-17 03:00:00;121.9070909937135;0.0;0.0;0.0;0.0;0.0;0.0;0.0
2030-10-17 04:00:00;121.9494066833958;0.0;0.0;0.0;0.0;0.0;0.0;0.0
2030-10-17 05:00:00;122.0177339717671;0.0;0.0;0.0;0.0;0.0;0.0;0.0
2030-10-17 06:00:00;122.1522866857265;0.0;0.0;0.0;0.0;0.0;0.0;0.0
2030-10-17 07:00:00;122.2689630985827;0.0;0.0;0.0;0.0;0.0;0.0;0.0
2030-10-17 08:00:00;122.230170750598;0.0;0.0;0.0;0.0;0.0;0.0;0.0
2030-10-17 09:00:00;122.1945374772551;0.0;0.0;0.0;0.0;0.0;0.0;0.0
2030-10-17 10:00:00;122.2218386650623;0.0;0.0;0.0;0.0;0.0;0.0;0.0
2030-10-17 11:00:00;122.1810365678027;0.0;0.0;0.0;0.0;0.0;0.0;0.0
2030-10-17 12:00:00;122.1201348843045;0.0;0.0;0.0;0.0;0.0;0.0;0.0
2030-10-17 13:00:00;122.1130588920656;0.0;0.0;0.0;0.0;0.0;0.0;0.0
2030-10-17 14:00:00;122.064012635801;0.0;0.0;0.0;0.0;0.0;0.0;0.0
2030-10-17 15:00:00;122.1194670613684;0.0;0.0;0.0;0.0;0.0;0.0;0.0
2030-10-17 16:00:00;122.1590193457976;0.0;0.0;0.0;0.0;0.0;0.0;0.0
2030-10-17 17:00:00;122.1832347310722;0.0;0.0;0.0;0.0;0.0;0.0;0.0
2030-10-17 18:00:00;122.2248281671088;0.0;0.0;0.0;0.0;0.0;0.0;0.0
2030-10-17 19:00:00;122.2494287543277;0.0;0.0;0.0;0.0;0.0;0.0;0.0
2030-10-17 20:00:00;122.209103972521;0.0;0.0;0.0;0.0;0.0;0.0;0.0
2030-10-17 21:00:00;122.0710655996628;0.0;0.0;0.0;0.0;0.0;0.0;0.0
2030-10-17 22:00:00;121.9854837763703;0.0;0.0;0.0;0.0;0.0;0.0;0.0
2030-10-17 23:00:00;121.8371035687014;0.0;0.0;0.0;0.0;0.0;0.0;0.0
2030-10-18 00:00:00;121.8850570237977;0.0;0.0;0.0;0.0;0.0;0.0;0.0
2030-10-18 01:00:00;121.8922732797882;0.0;0.0;0.0;0.0;0.0;0.0;0.0
2030-10-18 02:00:00;121.8070473495964;0.0;0.0;0.0;0.0;0.0;0.0;0.0
2030-10-18 03:00:00;121.7808075606251;0.0;0.0;0.0;0.0;0.0;0.0;0.0
2030-10-18 04:00:00;121.7670261236697;0.0;0.0;0.0;0.0;0.0;0.0;0.0
2030-10-18 05:00:00;121.8886138613167;0.0;0.0;0.0;0.0;0.0;0.0;0.0
2030-10-18 06:00:00;122.0515919665839;0.0;0.0;0.0;0.0;0.0;0.0;0.0
2030-10-18 07:00:00;122.1189018193848;0.0;0.0;0.0;0.0;0.0;0.0;0.0
2030-10-18 08:00:00;122.2004620506386;0.0;0.0;0.0;0.0;0.0;0.0;0.0
2030-10-18 09:00:00;122.2019630821284;0.0;0.0;0.0;0.0;0.0;0.0;0.0
2030-10-18 10:00:00;122.0390289401265;0.0;0.0;0.0;0.0;0.0;0.0;0.0
2030-10-18 11:00:00;121.9728056080274;0.0;0.0;0.0;0.0;0.0;0.0;0.0
2030-10-18 12:00:00;121.7840064115544;0.0;0.0;0.0;0.0;0.0;0.0;0.0
2030-10-18 13:00:00;121.7396725986418;0.0;0.0;0.0;0.0;0.0;0.0;0.0
2030-10-18 14:00:00;121.669134586068;0.0;0.0;0.0;0.0;0.0;0.0;0.0
2030-10-18 15:00:00;121.7333732907581;0.0;0.0;0.0;0.0;0.0;0.0;0.0
2030-10-18 16:00:00;121.8902153802702;0.0;0.0;0.0;0.0;0.0;0.0;0.0
2030-10-18 17:00:00;122.0668932764284;0.0;0.0;0.0;0.0;0.0;0.0;0.0
2030-10-18 18:00:00;122.0004605954465;0.0;0.0;0.0;0.0;0.0;0.0;0.0
2030-10-18 19:00:00;121.8849397884234;0.0;0.0;0.0;0.0;0.0;0.0;0.0
2030-10-18 20:00:00;121.8921644183692;0.0;0.0;0.0;0.0;0.0;0.0;0.0
2030-10-18 21:00:00;121.6663272175495;0.0;0.0;0.0;0.0;0.0;0.0;0.0
2030-10-18 22:00:00;121.4371802108926;0.0;0.0;0.0;0.0;0.0;0.0;0.0
2030-10-18 23:00:00;121.3506856264711;0.0;0.0;0.0;0.0;0.0;0.0;0.0
2030-10-19 00:00:00;121.3073273793524;0.0;0.0;0.0;0.0;0.0;0.0;0.0
2030-10-19 01:00:00;121.2192940806422;0.0;0.0;0.0;0.0;0.0;0.0;0.0
2030-10-19 02:00:00;121.1546638935413;0.0;0.0;0.0;0.0;0.0;0.0;0.0
2030-10-19 03:00:00;121.1402020727168;0.0;0.0;0.0;0.0;0.0;0.0;0.0
2030-10-19 04:00:00;121.1393437422973;0.0;0.0;0.0;0.0;0.0;0.0;0.0
2030-10-19 05:00:00;121.1471252402713;0.0;0.0;0.0;0.0;0.0;0.0;0.0
2030-10-19 06:00:00;121.3199615844299;0.0;0.0;0.0;0.0;0.0;0.0;0.0
2030-10-19 07:00:00;121.4175223507969;0.0;0.0;0.0;0.0;0.0;0.0;0.0
2030-10-19 08:00:00;121.52362873856;0.0;0.0;0.0;0.0;0.0;0.0;0.0
2030-10-19 09:00:00;121.6527655969212;0.0;0.0;0.0;0.0;0.0;0.0;0.0
2030-10-19 10:00:00;121.6634465769221;0.0;0.0;0.0;0.0;0.0;0.0;0.0
2030-10-19 11:00:00;121.6348578934856;0.0;0.0;0.0;0.0;0.0;0.0;0.0
2030-10-19 12:00:00;121.5061816026667;0.0;0.0;0.0;0.0;0.0;0.0;0.0
2030-10-19 13:00:00;121.4428263502621;0.0;0.0;0.0;0.0;0.0;0.0;0.0
2030-10-19 14:00:00;121.6270052168914;0.0;0.0;0.0;0.0;0.0;0.0;0.0
2030-10-19 15:00:00;121.6518214334597;0.0;0.0;0.0;0.0;0.0;0.0;0.0
2030-10-19 16:00:00;131.6871778537722;0.0;0.0;0.0;0.0;0.0;0.0;0.0
2030-10-19 17:00:00;131.7259157710473;0.0;0.0;0.0;0.0;0.0;0.0;0.0
2030-10-19 18:00:00;131.7333288149876;0.0;0.0;0.0;0.0;0.0;0.0;0.0
2030-10-19 19:00:00;131.7935961713708;0.0;0.0;0.0;0.0;0.0;0.0;0.0
2030-10-19 20:00:00;131.7463398480542;0.0;0.0;0.0;0.0;0.0;0.0;0.0
2030-10-19 21:00:00;131.5309428760204;0.0;0.0;0.0;0.0;0.0;0.0;0.0
2030-10-19 22:00:00;131.6528906937457;0.0;0.0;0.0;0.0;0.0;0.0;0.0
2030-10-19 23:00:00;131.4752644471482;0.0;0.0;0.0;0.0;0.0;0.0;0.0
2030-10-20 00:00:00;131.2239159914695;0.0;0.0;0.0;0.0;0.0;0.0;0.0
2030-10-20 01:00:00;131.019413535297;0.0;0.0;0.0;0.0;0.0;0.0;0.0
2030-10-20 02:00:00;130.8971768161134;0.0;0.0;0.0;0.0;0.0;0.0;0.0
2030-10-20 03:00:00;130.8957469632438;0.0;0.0;0.0;0.0;0.0;0.0;0.0
2030-10-20 04:00:00;130.9731285907967;0.0;0.0;0.0;0.0;0.0;0.0;0.0
2030-10-20 05:00:00;131.0580656195302;0.0;0.0;0.0;0.0;0.0;0.0;0.0
2030-10-20 06:00:00;131.3006402635304;0.0;0.0;0.0;0.0;0.0;0.0;0.0
2030-10-20 07:00:00;131.5375415528065;0.0;0.0;0.0;0.0;0.0;0.0;0.0
2030-10-20 08:00:00;131.6992551908215;0.0;0.0;0.0;0.0;0.0;0.0;0.0
2030-10-20 09:00:00;131.8035486172595;0.0;0.0;0.0;0.0;0.0;0.0;0.0
2030-10-20 10:00:00;131.821688697955;0.0;0.0;0.0;0.0;0.0;0.0;0.0
2030-10-20 11:00:00;131.8459689813832;0.0;0.0;0.0;0.0;0.0;0.0;0.0
2030-10-20 12:00:00;131.8391421143148;0.0;0.0;0.0;0.0;0.0;0.0;0.0
2030-10-20 13:00:00;129.9380449095217;0.0;0.0;0.0;0.0;0.0;0.0;0.0
2030-10-20 14:00:00;131.8114578180522;0.0;0.0;0.0;0.0;0.0;0.0;0.0
2030-10-20 15:00:00;131.873653277646;0.0;0.0;0.0;0.0;0.0;0.0;0.0
2030-10-20 16:00:00;131.8898820030414;0.0;0.0;0.0;0.0;0.0;0.0;0.0
2030-10-20 17:00:00;131.9161825031887;0.0;0.0;0.0;0.0;0.0;0.0;0.0
2030-10-20 18:00:00;131.9312200334409;0.0;0.0;0.0;0.0;0.0;0.0;0.0
2030-10-20 19:00:00;131.9656642051297;0.0;0.0;0.0;0.0;0.0;0.0;0.0
2030-10-20 20:00:00;131.9037785818823;0.0;0.0;0.0;0.0;0.0;0.0;0.0
2030-10-20 21:00:00;131.8823475367491;0.0;0.0;0.0;0.0;0.0;0.0;0.0
2030-10-20 22:00:00;131.8222811552934;0.0;0.0;0.0;0.0;0.0;0.0;0.0
2030-10-20 23:00:00;131.775313733435;0.0;0.0;0.0;0.0;0.0;0.0;0.0
2030-10-21 00:00:00;131.5522252834467;0.0;0.0;0.0;0.0;0.0;0.0;0.0
2030-10-21 01:00:00;131.4996661529285;0.0;0.0;0.0;0.0;0.0;0.0;0.0
2030-10-21 02:00:00;131.4956696827558;0.0;0.0;0.0;0.0;0.0;0.0;0.0
2030-10-21 03:00:00;131.4364469772978;0.0;0.0;0.0;0.0;0.0;0.0;0.0
2030-10-21 04:00:00;131.5499098848029;0.0;0.0;0.0;0.0;0.0;0.0;0.0
2030-10-21 05:00:00;131.6424190626276;0.0;0.0;0.0;0.0;0.0;0.0;0.0
2030-10-21 06:00:00;131.9371571677574;0.0;0.0;0.0;0.0;0.0;0.0;0.0
2030-10-21 07:00:00;131.9803563097251;0.0;0.0;0.0;0.0;0.0;0.0;0.0
2030-10-21 08:00:00;132.0080071101667;0.0;0.0;0.0;0.0;0.0;0.0;0.0
2030-10-21 09:00:00;132.0259922726888;0.0;0.0;0.0;0.0;0.0;0.0;0.0
2030-10-21 10:00:00;132.1012176067488;0.0;0.0;0.0;0.0;0.0;0.0;0.0
2030-10-21 11:00:00;132.0447562130551;0.0;0.0;0.0;0.0;0.0;0.0;0.0
2030-10-21 12:00:00;132.0524121016994;0.0;0.0;0.0;0.0;0.0;0.0;0.0
2030-10-21 13:00:00;132.0830335627879;0.0;0.0;0.0;0.0;0.0;0.0;0.0
2030-10-21 14:00:00;132.0896866702836;0.0;0.0;0.0;0.0;0.0;0.0;0.0
2030-10-21 15:00:00;132.061989813088;0.0;0.0;0.0;0.0;0.0;0.0;0.0
2030-10-21 16:00:00;132.1335934114753;0.0;0.0;0.0;0.0;0.0;0.0;0.0
2030-10-21 17:00:00;132.1211685552805;0.0;0.0;0.0;0.0;0.0;0.0;0.0
2030-10-21 18:00:00;132.1053627146284;0.0;0.0;0.0;0.0;0.0;0.0;0.0
2030-10-21 19:00:00;132.1350253578337;0.0;0.0;0.0;0.0;0.0;0.0;0.0
2030-10-21 20:00:00;132.0273007032064;0.0;0.0;0.0;0.0;0.0;0.0;0.0
2030-10-21 21:00:00;132.033637693889;0.0;0.0;0.0;0.0;0.0;0.0;0.0
2030-10-21 22:00:00;132.0412328713574;0.0;0.0;0.0;0.0;0.0;0.0;0.0
2030-10-21 23:00:00;131.9320281201286;0.0;0.0;0.0;0.0;0.0;0.0;0.0
2030-10-22 00:00:00;131.9077499301892;0.0;0.0;0.0;0.0;0.0;0.0;0.0
2030-10-22 01:00:00;131.9183429836594;0.0;0.0;0.0;0.0;0.0;0.0;0.0
2030-10-22 02:00:00;131.9590655283435;0.0;0.0;0.0;0.0;0.0;0.0;0.0
2030-10-22 03:00:00;131.9408605494943;0.0;0.0;0.0;0.0;0.0;0.0;0.0
2030-10-22 04:00:00;131.9694597003749;0.0;0.0;0.0;0.0;0.0;0.0;0.0
2030-10-22 05:00:00;131.9601625164894;0.0;0.0;0.0;0.0;0.0;0.0;0.0
2030-10-22 06:00:00;132.1408766591082;0.0;0.0;0.0;0.0;0.0;0.0;0.0
2030-10-22 07:00:00;132.110567127855;0.0;0.0;0.0;0.0;0.0;0.0;0.0
2030-10-22 08:00:00;132.1050800936366;0.0;0.0;0.0;0.0;0.0;0.0;0.0
2030-10-22 09:00:00;132.0628020867532;0.0;0.0;0.0;0.0;0.0;0.0;0.0
2030-10-22 10:00:00;132.043575485356;0.0;0.0;0.0;0.0;0.0;0.0;0.0
2030-10-22 11:00:00;132.1027835363922;0.0;0.0;0.0;0.0;0.0;0.0;0.0
2030-10-22 12:00:00;132.044500807418;0.0;0.0;0.0;0.0;0.0;0.0;0.0
2030-10-22 13:00:00;132.0007406104443;0.0;0.0;0.0;0.0;0.0;0.0;0.0
2030-10-22 14:00:00;131.988091750945;0.0;0.0;0.0;0.0;0.0;0.0;0.0
2030-10-22 15:00:00;122.1173735725403;0.0;0.0;0.0;0.0;0.0;0.0;0.0
2030-10-22 16:00:00;131.9899800778679;0.0;0.0;0.0;0.0;0.0;0.0;0.0
2030-10-22 17:00:00;131.9916046251985;0.0;0.0;0.0;0.0;0.0;0.0;0.0
2030-10-22 18:00:00;132.0232309609246;0.0;0.0;0.0;0.0;0.0;0.0;0.0
2030-10-22 19:00:00;132.1439959574621;0.0;0.0;0.0;0.0;0.0;0.0;0.0
2030-10-22 20:00:00;132.1296367175901;0.0;0.0;0.0;0.0;0.0;0.0;0.0
2030-10-22 21:00:00;132.132573882416;0.0;0.0;0.0;0.0;0.0;0.0;0.0
2030-10-22 22:00:00;132.1217296102865;0.0;0.0;0.0;0.0;0.0;0.0;0.0
2030-10-22 23:00:00;132.0110259210568;0.0;0.0;0.0;0.0;0.0;0.0;0.0
2030-10-23 00:00:00;131.9369247904975;0.0;0.0;0.0;0.0;0.0;0.0;0.0
2030-10-23 01:00:00;131.9671903584853;0.0;0.0;0.0;0.0;0.0;0.0;0.0
2030-10-23 02:00:00;131.9665162550826;0.0;0.0;0.0;0.0;0.0;0.0;0.0
2030-10-23 03:00:00;132.030836605837;0.0;0.0;0.0;0.0;0.0;0.0;0.0
2030-10-23 04:00:00;132.0420953887545;0.0;0.0;0.0;0.0;0.0;0.0;0.0
2030-10-23 05:00:00;132.1321279692956;0.0;0.0;0.0;0.0;0.0;0.0;0.0
2030-10-23 06:00:00;132.1066167144364;0.0;0.0;0.0;0.0;0.0;0.0;0.0
2030-10-23 07:00:00;132.0108521614841;0.0;0.0;0.0;0.0;0.0;0.0;0.0
2030-10-23 08:00:00;132.0210830413869;0.0;0.0;0.0;0.0;0.0;0.0;0.0
2030-10-23 09:00:00;132.062354080144;0.0;0.0;0.0;0.0;0.0;0.0;0.0
2030-10-23 10:00:00;132.084896767845;0.0;0.0;0.0;0.0;0.0;0.0;0.0
2030-10-23 11:00:00;132.0575202144399;0.0;0.0;0.0;0.0;0.0;0.0;0.0
2030-10-23 12:00:00;132.1004241744829;0.0;0.0;0.0;0.0;0.0;0.0;0.0
2030-10-23 13:00:00;132.0010378858579;0.0;0.0;0.0;0.0;0.0;0.0;0.0
2030-10-23 14:00:00;132.0235784800701;0.0;0.0;0.0;0.0;0.0;0.0;0.0
2030-10-23 15:00:00;132.070550088906;0.0;0.0;0.0;0.0;0.0;0.0;0.0
2030-10-23 16:00:00;132.1135984996782;0.0;0.0;0.0;0.0;0.0;0.0;0.0
2030-10-23 17:00:00;132.1806885361521;0.0;0.0;0.0;0.0;0.0;0.0;0.0
2030-10-23 18:00:00;132.2103825816898;0.0;0.0;0.0;0.0;0.0;0.0;0.0
2030-10-23 19:00:00;132.2627302698363;0.0;0.0;0.0;0.0;0.0;0.0;0.0
2030-10-23 20:00:00;132.2117224145398;0.0;0.0;0.0;0.0;0.0;0.0;0.0
2030-10-23 21:00:00;132.1658457003609;0.0;0.0;0.0;0.0;0.0;0.0;0.0
2030-10-23 22:00:00;132.0870488743602;0.0;0.0;0.0;0.0;0.0;0.0;0.0
2030-10-23 23:00:00;131.9512107582605;0.0;0.0;0.0;0.0;0.0;0.0;0.0
2030-10-24 00:00:00;131.8928756920655;0.0;0.0;0.0;0.0;0.0;0.0;0.0
2030-10-24 01:00:00;131.6950765871206;0.0;0.0;0.0;0.0;0.0;0.0;0.0
2030-10-24 02:00:00;131.6856789157713;0.0;0.0;0.0;0.0;0.0;0.0;0.0
2030-10-24 03:00:00;131.7986980036449;0.0;0.0;0.0;0.0;0.0;0.0;0.0
2030-10-24 04:00:00;131.7577661100779;0.0;0.0;0.0;0.0;0.0;0.0;0.0
2030-10-24 05:00:00;131.7742397736663;0.0;0.0;0.0;0.0;0.0;0.0;0.0
2030-10-24 06:00:00;131.8598655602242;0.0;0.0;0.0;0.0;0.0;0.0;0.0
2030-10-24 07:00:00;131.995276604603;0.0;0.0;0.0;0.0;0.0;0.0;0.0
2030-10-24 08:00:00;132.0311757510272;0.0;0.0;0.0;0.0;0.0;0.0;0.0
2030-10-24 09:00:00;132.010242956235;0.0;0.0;0.0;0.0;0.0;0.0;0.0
2030-10-24 10:00:00;132.0232414283687;0.0;0.0;0.0;0.0;0.0;0.0;0.0
2030-10-24 11:00:00;132.019475241967;0.0;0.0;0.0;0.0;0.0;0.0;0.0
2030-10-24 12:00:00;131.9179054444943;0.0;0.0;0.0;0.0;0.0;0.0;0.0
2030-10-24 13:00:00;131.8870704475453;0.0;0.0;0.0;0.0;0.0;0.0;0.0
2030-10-24 14:00:00;131.8276991043805;0.0;0.0;0.0;0.0;0.0;0.0;0.0
2030-10-24 15:00:00;131.8071222026891;0.0;0.0;0.0;0.0;0.0;0.0;0.0
2030-10-24 16:00:00;131.889180684284;0.0;0.0;0.0;0.0;0.0;0.0;0.0
2030-10-24 17:00:00;131.9277134396539;0.0;0.0;0.0;0.0;0.0;0.0;0.0
2030-10-24 18:00:00;131.9274015098185;0.0;0.0;0.0;0.0;0.0;0.0;0.0
2030-10-24 19:00:00;131.889059261932;0.0;0.0;0.0;0.0;0.0;0.0;0.0
2030-10-24 20:00:00;131.8753196947531;0.0;0.0;0.0;0.0;0.0;0.0;0.0
2030-10-24 21:00:00;131.723275881635;0.0;0.0;0.0;0.0;0.0;0.0;0.0
2030-10-24 22:00:00;131.3518574677097;0.0;0.0;0.0;0.0;0.0;0.0;0.0
2030-10-24 23:00:00;131.233129435802;0.0;0.0;0.0;0.0;0.0;0.0;0.0
2030-10-25 00:00:00;131.0895977482589;0.0;0.0;0.0;0.0;0.0;0.0;0.0
2030-10-25 01:00:00;130.9841047527224;0.0;0.0;0.0;0.0;0.0;0.0;0.0
2030-10-25 02:00:00;130.9323516154031;0.0;0.0;0.0;0.0;0.0;0.0;0.0
2030-10-25 03:00:00;130.8496734611151;0.0;0.0;0.0;0.0;0.0;0.0;0.0
2030-10-25 04:00:00;130.9680121041008;0.0;0.0;0.0;0.0;0.0;0.0;0.0
2030-10-25 05:00:00;131.3447500731384;0.0;0.0;0.0;0.0;0.0;0.0;0.0
2030-10-25 06:00:00;131.5189429980576;0.0;0.0;0.0;0.0;0.0;0.0;0.0
2030-10-25 07:00:00;131.701976726298;0.0;0.0;0.0;0.0;0.0;0.0;0.0
2030-10-25 08:00:00;131.6373067629093;0.0;0.0;0.0;0.0;0.0;0.0;0.0
2030-10-25 09:00:00;131.7976784745856;0.0;0.0;0.0;0.0;0.0;0.0;0.0
2030-10-25 10:00:00;131.7597779528418;0.0;0.0;0.0;0.0;0.0;0.0;0.0
2030-10-25 11:00:00;131.7307307953519;0.0;0.0;0.0;0.0;0.0;0.0;0.0
2030-10-25 12:00:00;131.6869475700012;0.0;0.0;0.0;0.0;0.0;0.0;0.0
2030-10-25 13:00:00;131.6364819283111;0.0;0.0;0.0;0.0;0.0;0.0;0.0
2030-10-25 14:00:00;131.6290584169267;0.0;0.0;0.0;0.0;0.0;0.0;0.0
2030-10-25 15:00:00;131.7071581111476;0.0;0.0;0.0;0.0;0.0;0.0;0.0
2030-10-25 16:00:00;131.7576698095918;0.0;0.0;0.0;0.0;0.0;0.0;0.0
2030-10-25 17:00:00;131.7541862441819;0.0;0.0;0.0;0.0;0.0;0.0;0.0
2030-10-25 18:00:00;131.7557375194036;0.0;0.0;0.0;0.0;0.0;0.0;0.0
2030-10-25 19:00:00;131.6516953116248;0.0;0.0;0.0;0.0;0.0;0.0;0.0
2030-10-25 20:00:00;131.3844719301627;0.0;0.0;0.0;0.0;0.0;0.0;0.0
2030-10-25 21:00:00;131.1270711982819;0.0;0.0;0.0;0.0;0.0;0.0;0.0
2030-10-25 22:00:00;130.9957906073608;0.0;0.0;0.0;0.0;0.0;0.0;0.0
2030-10-25 23:00:00;130.8348641211451;0.0;0.0;0.0;0.0;0.0;0.0;0.0
2030-10-26 00:00:00;130.6460523637392;0.0;0.0;0.0;0.0;0.0;0.0;0.0
2030-10-26 01:00:00;130.4967531144748;0.0;0.0;0.0;0.0;0.0;0.0;0.0
2030-10-26 02:00:00;130.3638186673796;0.0;0.0;0.0;0.0;0.0;0.0;0.0
2030-10-26 03:00:00;130.422645703449;0.0;0.0;0.0;0.0;0.0;0.0;0.0
2030-10-26 04:00:00;130.355788044235;0.0;0.0;0.0;0.0;0.0;0.0;0.0
2030-10-26 05:00:00;130.3926041387658;0.0;0.0;0.0;0.0;0.0;0.0;0.0
2030-10-26 06:00:00;121.078090352676;0.0;0.0;0.0;0.0;0.0;0.0;0.0
2030-10-26 07:00:00;121.149187326767;0.0;0.0;0.0;0.0;0.0;0.0;0.0
2030-10-26 08:00:00;121.2022195857603;0.0;0.0;0.0;0.0;0.0;0.0;0.0
2030-10-26 09:00:00;121.1979195597074;0.0;0.0;0.0;0.0;0.0;0.0;0.0
2030-10-26 10:00:00;121.1809937025322;0.0;0.0;0.0;0.0;0.0;0.0;0.0
2030-10-26 11:00:00;121.1691403687876;0.0;0.0;0.0;0.0;0.0;0.0;0.0
2030-10-26 12:00:00;121.1379243568718;0.0;0.0;0.0;0.0;0.0;0.0;0.0
2030-10-26 13:00:00;121.147883083227;0.0;0.0;0.0;0.0;0.0;0.0;0.0
2030-10-26 14:00:00;121.1355733689179;0.0;0.0;0.0;0.0;0.0;0.0;0.0
2030-10-26 15:00:00;121.1495180980018;0.0;0.0;0.0;0.0;0.0;0.0;0.0
2030-10-26 16:00:00;121.1745227285646;0.0;0.0;0.0;0.0;0.0;0.0;0.0
2030-10-26 17:00:00;121.1778534692901;0.0;0.0;0.0;0.0;0.0;0.0;0.0
2030-10-26 18:00:00;121.2064568071484;0.0;0.0;0.0;0.0;0.0;0.0;0.0
2030-10-26 19:00:00;121.1985455128669;0.0;0.0;0.0;0.0;0.0;0.0;0.0
2030-10-26 20:00:00;121.2096326297005;0.0;0.0;0.0;0.0;0.0;0.0;0.0
2030-10-26 21:00:00;121.2121657511826;0.0;0.0;0.0;0.0;0.0;0.0;0.0
2030-10-26 22:00:00;121.2129256876272;0.0;0.0;0.0;0.0;0.0;0.0;0.0
2030-10-26 23:00:00;121.1948819074178;0.0;0.0;0.0;0.0;0.0;0.0;0.0
2030-10-27 00:00:00;121.2373650762063;0.0;0.0;0.0;0.0;0.0;0.0;0.0
2030-10-27 01:00:00;121.1795031384866;0.0;0.0;0.0;0.0;0.0;0.0;0.0
2030-10-27 02:00:00;121.1084940909265;0.0;0.0;0.0;0.0;0.0;0.0;0.0
2030-10-27 03:00:00;121.1134786878262;0.0;0.0;0.0;0.0;0.0;0.0;0.0
2030-10-27 04:00:00;121.0523195052021;0.0;0.0;0.0;0.0;0.0;0.0;0.0
2030-10-27 05:00:00;121.0264272353762;0.0;0.0;0.0;0.0;0.0;0.0;0.0
2030-10-27 06:00:00;121.0291508643417;0.0;0.0;0.0;0.0;0.0;0.0;0.0
2030-10-27 07:00:00;121.0141468299106;0.0;0.0;0.0;0.0;0.0;0.0;0.0
2030-10-27 08:00:00;121.1348155259621;0.0;0.0;0.0;0.0;0.0;0.0;0.0
2030-10-27 09:00:00;121.1746043746289;0.0;0.0;0.0;0.0;0.0;0.0;0.0
2030-10-27 10:00:00;121.2779452636502;0.0;0.0;0.0;0.0;0.0;0.0;0.0
2030-10-27 11:00:00;121.336694840633;0.0;0.0;0.0;0.0;0.0;0.0;0.0
2030-10-27 12:00:00;121.3978582102346;0.0;0.0;0.0;0.0;0.0;0.0;0.0
2030-10-27 13:00:00;121.4098727426191;0.0;0.0;0.0;0.0;0.0;0.0;0.0
2030-10-27 14:00:00;121.4043982693336;0.0;0.0;0.0;0.0;0.0;0.0;0.0
2030-10-27 15:00:00;121.4150310990915;0.0;0.0;0.0;0.0;0.0;0.0;0.0
2030-10-27 16:00:00;121.4666188507934;0.0;0.0;0.0;0.0;0.0;0.0;0.0
2030-10-27 17:00:00;121.5954647142074;0.0;0.0;0.0;0.0;0.0;0.0;0.0
2030-10-27 18:00:00;121.7348638548037;0.0;0.0;0.0;0.0;0.0;0.0;0.0
2030-10-27 19:00:00;121.7673736428152;0.0;0.0;0.0;0.0;0.0;0.0;0.0
2030-10-27 20:00:00;121.7312609605306;0.0;0.0;0.0;0.0;0.0;0.0;0.0
2030-10-27 21:00:00;121.6596510816767;0.0;0.0;0.0;0.0;0.0;0.0;0.0
2030-10-27 22:00:00;121.6113731358121;0.0;0.0;0.0;0.0;0.0;0.0;0.0
2030-10-27 23:00:00;121.5557261092724;0.0;0.0;0.0;0.0;0.0;0.0;0.0
2030-10-28 00:00:00;121.5240411558592;0.0;0.0;0.0;0.0;0.0;0.0;0.0
2030-10-28 01:00:00;121.4682538655681;0.0;0.0;0.0;0.0;0.0;0.0;0.0
2030-10-28 02:00:00;121.537403895049;0.0;0.0;0.0;0.0;0.0;0.0;0.0
2030-10-28 03:00:00;121.5748940929825;0.0;0.0;0.0;0.0;0.0;0.0;0.0
2030-10-28 04:00:00;121.5812708599528;0.0;0.0;0.0;0.0;0.0;0.0;0.0
2030-10-28 05:00:00;121.5862952331403;0.0;0.0;0.0;0.0;0.0;0.0;0.0
2030-10-28 06:00:00;121.6846473382842;0.0;0.0;0.0;0.0;0.0;0.0;0.0
2030-10-28 07:00:00;121.8148204736151;0.0;0.0;0.0;0.0;0.0;0.0;0.0
2030-10-28 08:00:00;121.874715188987;0.0;0.0;0.0;0.0;0.0;0.0;0.0
2030-10-28 09:00:00;122.0653294402739;0.0;0.0;0.0;0.0;0.0;0.0;0.0
2030-10-28 10:00:00;122.0531034655178;0.0;0.0;0.0;0.0;0.0;0.0;0.0
2030-10-28 11:00:00;122.0257436600235;0.0;0.0;0.0;0.0;0.0;0.0;0.0
2030-10-28 12:00:00;122.0235936469969;0.0;0.0;0.0;0.0;0.0;0.0;0.0
2030-10-28 13:00:00;121.8639127866339;0.0;0.0;0.0;0.0;0.0;0.0;0.0
2030-10-28 14:00:00;121.8628660422199;0.0;0.0;0.0;0.0;0.0;0.0;0.0
2030-10-28 15:00:00;121.8953967651198;0.0;0.0;0.0;0.0;0.0;0.0;0.0
2030-10-28 16:00:00;121.9166666116132;0.0;0.0;0.0;0.0;0.0;0.0;0.0
2030-10-28 17:00:00;121.8947896533596;0.0;0.0;0.0;0.0;0.0;0.0;0.0
2030-10-28 18:00:00;121.9315303822926;0.0;0.0;0.0;0.0;0.0;0.0;0.0
2030-10-28 19:00:00;122.1769689190097;0.0;0.0;0.0;0.0;0.0;0.0;0.0
2030-10-28 20:00:00;122.1682725664178;0.0;0.0;0.0;0.0;0.0;0.0;0.0
2030-10-28 21:00:00;122.0622541051854;0.0;0.0;0.0;0.0;0.0;0.0;0.0
2030-10-28 22:00:00;122.0477713494726;0.0;0.0;0.0;0.0;0.0;0.0;0.0
2030-10-28 23:00:00;125.3533839285685;0.0;0.0;0.0;0.0;0.0;0.0;0.0
2030-10-29 00:00:00;121.9392155797806;0.0;0.0;0.0;0.0;0.0;0.0;0.0
2030-10-29 01:00:00;121.7483877926332;0.0;0.0;0.0;0.0;0.0;0.0;0.0
2030-10-29 02:00:00;121.7220893859747;0.0;0.0;0.0;0.0;0.0;0.0;0.0
2030-10-29 03:00:00;121.7273503233996;0.0;0.0;0.0;0.0;0.0;0.0;0.0
2030-10-29 04:00:00;131.6349892707767;0.0;0.0;0.0;0.0;0.0;0.0;0.0
2030-10-29 05:00:00;131.6715688010699;0.0;0.0;0.0;0.0;0.0;0.0;0.0
2030-10-29 06:00:00;131.6525662029774;0.0;0.0;0.0;0.0;0.0;0.0;0.0
2030-10-29 07:00:00;131.8972071204509;0.0;0.0;0.0;0.0;0.0;0.0;0.0
2030-10-29 08:00:00;131.9351788208148;0.0;0.0;0.0;0.0;0.0;0.0;0.0
2030-10-29 09:00:00;127.4408183869729;0.0;0.0;0.0;0.0;0.0;0.0;0.0
2030-10-29 10:00:00;122.0232565952956;0.0;0.0;0.0;0.0;0.0;0.0;0.0
2030-10-29 11:00:00;121.9399273659821;0.0;0.0;0.0;0.0;0.0;0.0;0.0
2030-10-29 12:00:00;121.7770246263127;0.0;0.0;0.0;0.0;0.0;0.0;0.0
2030-10-29 13:00:00;121.8179879222121;0.0;0.0;0.0;0.0;0.0;0.0;0.0
2030-10-29 14:00:00;121.8219781119184;0.0;0.0;0.0;0.0;0.0;0.0;0.0
2030-10-29 15:00:00;121.7789841318558;0.0;0.0;0.0;0.0;0.0;0.0;0.0
2030-10-29 16:00:00;121.8356674353653;0.0;0.0;0.0;0.0;0.0;0.0;0.0
2030-10-29 17:00:00;121.8672665557366;0.0;0.0;0.0;0.0;0.0;0.0;0.0
2030-10-29 18:00:00;121.8863884826924;0.0;0.0;0.0;0.0;0.0;0.0;0.0
2030-10-29 19:00:00;121.9474241494755;0.0;0.0;0.0;0.0;0.0;0.0;0.0
2030-10-29 20:00:00;121.9634037497004;0.0;0.0;0.0;0.0;0.0;0.0;0.0
2030-10-29 21:00:00;121.9180629686615;0.0;0.0;0.0;0.0;0.0;0.0;0.0
2030-10-29 22:00:00;121.8477657073029;0.0;0.0;0.0;0.0;0.0;0.0;0.0
2030-10-29 23:00:00;121.8418830036959;0.0;0.0;0.0;0.0;0.0;0.0;0.0
2030-10-30 00:00:00;121.8525535162527;0.0;0.0;0.0;0.0;0.0;0.0;0.0
2030-10-30 01:00:00;121.8697284985985;0.0;0.0;0.0;0.0;0.0;0.0;0.0
2030-10-30 02:00:00;121.8968119635675;0.0;0.0;0.0;0.0;0.0;0.0;0.0
2030-10-30 03:00:00;121.9721691874237;0.0;0.0;0.0;0.0;0.0;0.0;0.0
2030-10-30 04:00:00;121.9614588985791;0.0;0.0;0.0;0.0;0.0;0.0;0.0
2030-10-30 05:00:00;121.9975632069084;0.0;0.0;0.0;0.0;0.0;0.0;0.0
2030-10-30 06:00:00;122.0023468288806;0.0;0.0;0.0;0.0;0.0;0.0;0.0
2030-10-30 07:00:00;122.1078649462831;0.0;0.0;0.0;0.0;0.0;0.0;0.0
2030-10-30 08:00:00;122.1694449201615;0.0;0.0;0.0;0.0;0.0;0.0;0.0
2030-10-30 09:00:00;122.1997670123477;0.0;0.0;0.0;0.0;0.0;0.0;0.0
2030-10-30 10:00:00;122.1326434800524;0.0;0.0;0.0;0.0;0.0;0.0;0.0
2030-10-30 11:00:00;122.1003849107003;0.0;0.0;0.0;0.0;0.0;0.0;0.0
2030-10-30 12:00:00;122.089477833906;0.0;0.0;0.0;0.0;0.0;0.0;0.0
2030-10-30 13:00:00;122.0041116399627;0.0;0.0;0.0;0.0;0.0;0.0;0.0
2030-10-30 14:00:00;122.0730418531165;0.0;0.0;0.0;0.0;0.0;0.0;0.0
2030-10-30 15:00:00;122.0756084704198;0.0;0.0;0.0;0.0;0.0;0.0;0.0
2030-10-30 16:00:00;122.1062990166397;0.0;0.0;0.0;0.0;0.0;0.0;0.0
2030-10-30 17:00:00;122.1468184929074;0.0;0.0;0.0;0.0;0.0;0.0;0.0
2030-10-30 18:00:00;122.1646508307451;0.0;0.0;0.0;0.0;0.0;0.0;0.0
2030-10-30 19:00:00;132.0758005588869;0.0;0.0;0.0;0.0;0.0;0.0;0.0
2030-10-30 20:00:00;132.0626932253341;0.0;0.0;0.0;0.0;0.0;0.0;0.0
2030-10-30 21:00:00;132.0248764431434;0.0;0.0;0.0;0.0;0.0;0.0;0.0
2030-10-30 22:00:00;131.9918579373467;0.0;0.0;0.0;0.0;0.0;0.0;0.0
2030-10-30 23:00:00;131.9395646799098;0.0;0.0;0.0;0.0;0.0;0.0;0.0
2030-10-31 00:00:00;131.8765716010724;0.0;0.0;0.0;0.0;0.0;0.0;0.0
2030-10-31 01:00:00;122.0215524953896;0.0;0.0;0.0;0.0;0.0;0.0;0.0
2030-10-31 02:00:00;131.9066969053086;0.0;0.0;0.0;0.0;0.0;0.0;0.0
2030-10-31 03:00:00;131.9510621205537;0.0;0.0;0.0;0.0;0.0;0.0;0.0
2030-10-31 04:00:00;131.985108529365;0.0;0.0;0.0;0.0;0.0;0.0;0.0
2030-10-31 05:00:00;131.9775887174945;0.0;0.0;0.0;0.0;0.0;0.0;0.0
2030-10-31 06:00:00;132.0023316619537;0.0;0.0;0.0;0.0;0.0;0.0;0.0
2030-10-31 07:00:00;132.0032423295939;0.0;0.0;0.0;0.0;0.0;0.0;0.0
2030-10-31 08:00:00;132.1236325916312;0.0;0.0;0.0;0.0;0.0;0.0;0.0
2030-10-31 09:00:00;131.9287790254673;0.0;0.0;0.0;0.0;0.0;0.0;0.0
2030-10-31 10:00:00;131.8644691421572;0.0;0.0;0.0;0.0;0.0;0.0;0.0
2030-10-31 11:00:00;131.7797728646389;0.0;0.0;0.0;0.0;0.0;0.0;0.0
2030-10-31 12:00:00;123.4930804470794;0.0;0.0;0.0;0.0;0.0;0.0;0.0
2030-10-31 13:00:00;122.1640395320074;0.0;0.0;0.0;0.0;0.0;0.0;0.0
2030-10-31 14:00:00;122.1666815149084;0.0;0.0;0.0;0.0;0.0;0.0;0.0
2030-10-31 15:00:00;122.1988312228414;0.0;0.0;0.0;0.0;0.0;0.0;0.0
2030-10-31 16:00:00;122.258681974948;0.0;0.0;0.0;0.0;0.0;0.0;0.0
2030-10-31 17:00:00;123.2374654611691;0.0;0.0;0.0;0.0;0.0;0.0;0.0
2030-10-31 18:00:00;122.2632667154814;0.0;0.0;0.0;0.0;0.0;0.0;0.0
2030-10-31 19:00:00;122.272136827646;0.0;0.0;0.0;0.0;0.0;0.0;0.0
2030-10-31 20:00:00;122.269519966611;0.0;0.0;0.0;0.0;0.0;0.0;0.0
2030-10-31 21:00:00;122.2359508732524;0.0;0.0;0.0;0.0;0.0;0.0;0.0
2030-10-31 22:00:00;122.176112682079;0.0;0.0;0.0;0.0;0.0;0.0;0.0
2030-10-31 23:00:00;122.118717592368;0.0;0.0;0.0;0.0;0.0;0.0;0.0
2030-11-01 00:00:00;122.1404500998924;0.0;0.0;0.0;0.0;0.0;0.0;0.0
2030-11-01 01:00:00;122.0317080096947;0.0;0.0;0.0;0.0;0.0;0.0;0.0
2030-11-01 02:00:00;121.9620597298728;0.0;0.0;0.0;0.0;0.0;0.0;0.0
2030-11-01 03:00:00;121.9274187702342;0.0;0.0;0.0;0.0;0.0;0.0;0.0
2030-11-01 04:00:00;122.0726210618622;0.0;0.0;0.0;0.0;0.0;0.0;0.0
2030-11-01 05:00:00;122.1261997214395;0.0;0.0;0.0;0.0;0.0;0.0;0.0
2030-11-01 06:00:00;122.1501262052559;0.0;0.0;0.0;0.0;0.0;0.0;0.0
2030-11-01 07:00:00;122.0897458004759;0.0;0.0;0.0;0.0;0.0;0.0;0.0
2030-11-01 08:00:00;122.118351231823;0.0;0.0;0.0;0.0;0.0;0.0;0.0
2030-11-01 09:00:00;122.1520794303325;0.0;0.0;0.0;0.0;0.0;0.0;0.0
2030-11-01 10:00:00;122.1433433014528;0.0;0.0;0.0;0.0;0.0;0.0;0.0
2030-11-01 11:00:00;122.1417229410999;0.0;0.0;0.0;0.0;0.0;0.0;0.0
2030-11-01 12:00:00;121.9434674555905;0.0;0.0;0.0;0.0;0.0;0.0;0.0
2030-11-01 13:00:00;122.000856264835;0.0;0.0;0.0;0.0;0.0;0.0;0.0
2030-11-01 14:00:00;121.8789565973527;0.0;0.0;0.0;0.0;0.0;0.0;0.0
2030-11-01 15:00:00;121.8657529633139;0.0;0.0;0.0;0.0;0.0;0.0;0.0
2030-11-01 16:00:00;121.8333373822996;0.0;0.0;0.0;0.0;0.0;0.0;0.0
2030-11-01 17:00:00;121.8595457689385;0.0;0.0;0.0;0.0;0.0;0.0;0.0
2030-11-01 18:00:00;121.9640401703041;0.0;0.0;0.0;0.0;0.0;0.0;0.0
2030-11-01 19:00:00;121.8923381779418;0.0;0.0;0.0;0.0;0.0;0.0;0.0
2030-11-01 20:00:00;121.8353366641305;0.0;0.0;0.0;0.0;0.0;0.0;0.0
2030-11-01 21:00:00;121.7084879890586;0.0;0.0;0.0;0.0;0.0;0.0;0.0
2030-11-01 22:00:00;121.5250920872509;0.0;0.0;0.0;0.0;0.0;0.0;0.0
2030-11-01 23:00:00;121.3533234223946;0.0;0.0;0.0;0.0;0.0;0.0;0.0
2030-11-02 00:00:00;121.3071787416456;0.0;0.0;0.0;0.0;0.0;0.0;0.0
2030-11-02 01:00:00;121.1941429058615;0.0;0.0;0.0;0.0;0.0;0.0;0.0
2030-11-02 02:00:00;121.0844189694033;0.0;0.0;0.0;0.0;0.0;0.0;0.0
2030-11-02 03:00:00;120.9780383346037;0.0;0.0;0.0;0.0;0.0;0.0;0.0
2030-11-02 04:00:00;120.9522465522416;0.0;0.0;0.0;0.0;0.0;0.0;0.0
2030-11-02 05:00:00;120.9348161642588;0.0;0.0;0.0;0.0;0.0;0.0;0.0
2030-11-02 06:00:00;120.9553386352407;0.0;0.0;0.0;0.0;0.0;0.0;0.0
2030-11-02 07:00:00;121.0256672989317;0.0;0.0;0.0;0.0;0.0;0.0;0.0
2030-11-02 08:00:00;121.1262866524764;0.0;0.0;0.0;0.0;0.0;0.0;0.0
2030-11-02 09:00:00;121.1622569775207;0.0;0.0;0.0;0.0;0.0;0.0;0.0
2030-11-02 10:00:00;121.2160805752911;0.0;0.0;0.0;0.0;0.0;0.0;0.0
2030-11-02 11:00:00;121.2550822721585;0.0;0.0;0.0;0.0;0.0;0.0;0.0
2030-11-02 12:00:00;121.2404780940937;0.0;0.0;0.0;0.0;0.0;0.0;0.0
2030-11-02 13:00:00;121.148322715881;0.0;0.0;0.0;0.0;0.0;0.0;0.0
2030-11-02 14:00:00;121.1269356340132;0.0;0.0;0.0;0.0;0.0;0.0;0.0
2030-11-02 15:00:00;121.1211241090263;0.0;0.0;0.0;0.0;0.0;0.0;0.0
2030-11-02 16:00:00;121.1532696299817;0.0;0.0;0.0;0.0;0.0;0.0;0.0
2030-11-02 17:00:00;121.1708947124255;0.0;0.0;0.0;0.0;0.0;0.0;0.0
2030-11-02 18:00:00;121.1681417746165;0.0;0.0;0.0;0.0;0.0;0.0;0.0
2030-11-02 19:00:00;121.1590246307702;0.0;0.0;0.0;0.0;0.0;0.0;0.0
2030-11-02 20:00:00;121.163971544871;0.0;0.0;0.0;0.0;0.0;0.0;0.0
2030-11-02 21:00:00;121.1568913656544;0.0;0.0;0.0;0.0;0.0;0.0;0.0
2030-11-02 22:00:00;121.1513813030588;0.0;0.0;0.0;0.0;0.0;0.0;0.0
2030-11-02 23:00:00;121.1228889201084;0.0;0.0;0.0;0.0;0.0;0.0;0.0
2030-11-03 00:00:00;121.1226670102927;0.0;0.0;0.0;0.0;0.0;0.0;0.0
2030-11-03 01:00:00;121.0585057646892;0.0;0.0;0.0;0.0;0.0;0.0;0.0
2030-11-03 02:00:00;121.0259415459682;0.0;0.0;0.0;0.0;0.0;0.0;0.0
2030-11-03 03:00:00;121.0778014512177;0.0;0.0;0.0;0.0;0.0;0.0;0.0
2030-11-03 04:00:00;121.0867092461813;0.0;0.0;0.0;0.0;0.0;0.0;0.0
2030-11-03 05:00:00;120.9897702459964;0.0;0.0;0.0;0.0;0.0;0.0;0.0
2030-11-03 06:00:00;121.0215766217616;0.0;0.0;0.0;0.0;0.0;0.0;0.0
2030-11-03 07:00:00;121.043650367965;0.0;0.0;0.0;0.0;0.0;0.0;0.0
2030-11-03 08:00:00;121.0764574313901;0.0;0.0;0.0;0.0;0.0;0.0;0.0
2030-11-03 09:00:00;121.123491844891;0.0;0.0;0.0;0.0;0.0;0.0;0.0
2030-11-03 10:00:00;121.3906126454006;0.0;0.0;0.0;0.0;0.0;0.0;0.0
2030-11-03 11:00:00;121.469302703471;0.0;0.0;0.0;0.0;0.0;0.0;0.0
2030-11-03 12:00:00;121.5286300833704;0.0;0.0;0.0;0.0;0.0;0.0;0.0
2030-11-03 13:00:00;121.5609807662309;0.0;0.0;0.0;0.0;0.0;0.0;0.0
2030-11-03 14:00:00;121.5573632175359;0.0;0.0;0.0;0.0;0.0;0.0;0.0
2030-11-03 15:00:00;121.5618851534047;0.0;0.0;0.0;0.0;0.0;0.0;0.0
2030-11-03 16:00:00;121.5381303356723;0.0;0.0;0.0;0.0;0.0;0.0;0.0
2030-11-03 17:00:00;121.6392751549128;0.0;0.0;0.0;0.0;0.0;0.0;0.0
2030-11-03 18:00:00;121.481139289305;0.0;0.0;0.0;0.0;0.0;0.0;0.0
2030-11-03 19:00:00;121.4898188939864;0.0;0.0;0.0;0.0;0.0;0.0;0.0
2030-11-03 20:00:00;121.4606524076333;0.0;0.0;0.0;0.0;0.0;0.0;0.0
2030-11-03 21:00:00;121.4278893074736;0.0;0.0;0.0;0.0;0.0;0.0;0.0
2030-11-03 22:00:00;121.5800084861895;0.0;0.0;0.0;0.0;0.0;0.0;0.0
2030-11-03 23:00:00;121.6146306044286;0.0;0.0;0.0;0.0;0.0;0.0;0.0
2030-11-04 00:00:00;121.567617125816;0.0;0.0;0.0;0.0;0.0;0.0;0.0
2030-11-04 01:00:00;121.3676575404005;0.0;0.0;0.0;0.0;0.0;0.0;0.0
2030-11-04 02:00:00;121.1154277259251;0.0;0.0;0.0;0.0;0.0;0.0;0.0
2030-11-04 03:00:00;121.0900525478397;0.0;0.0;0.0;0.0;0.0;0.0;0.0
2030-11-04 04:00:00;121.0874963979807;0.0;0.0;0.0;0.0;0.0;0.0;0.0
2030-11-04 05:00:00;121.1418370874915;0.0;0.0;0.0;0.0;0.0;0.0;0.0
2030-11-04 06:00:00;121.2731930440104;0.0;0.0;0.0;0.0;0.0;0.0;0.0
2030-11-04 07:00:00;121.5033009620393;0.0;0.0;0.0;0.0;0.0;0.0;0.0
2030-11-04 08:00:00;121.7946099324687;0.0;0.0;0.0;0.0;0.0;0.0;0.0
2030-11-04 09:00:00;121.7893887713315;0.0;0.0;0.0;0.0;0.0;0.0;0.0
2030-11-04 10:00:00;121.7360403955251;0.0;0.0;0.0;0.0;0.0;0.0;0.0
2030-11-04 11:00:00;121.7120783223987;0.0;0.0;0.0;0.0;0.0;0.0;0.0
2030-11-04 12:00:00;121.7779583223301;0.0;0.0;0.0;0.0;0.0;0.0;0.0
2030-11-04 13:00:00;121.7810985555722;0.0;0.0;0.0;0.0;0.0;0.0;0.0
2030-11-04 14:00:00;121.7986859552171;0.0;0.0;0.0;0.0;0.0;0.0;0.0
2030-11-04 15:00:00;121.7547938684471;0.0;0.0;0.0;0.0;0.0;0.0;0.0
2030-11-04 16:00:00;121.7571888196665;0.0;0.0;0.0;0.0;0.0;0.0;0.0
2030-11-04 17:00:00;121.816357094415;0.0;0.0;0.0;0.0;0.0;0.0;0.0
2030-11-04 18:00:00;121.9546592468654;0.0;0.0;0.0;0.0;0.0;0.0;0.0
2030-11-04 19:00:00;122.0081353254903;0.0;0.0;0.0;0.0;0.0;0.0;0.0
2030-11-04 20:00:00;121.9556808694135;0.0;0.0;0.0;0.0;0.0;0.0;0.0
2030-11-04 21:00:00;121.8806272014375;0.0;0.0;0.0;0.0;0.0;0.0;0.0
2030-11-04 22:00:00;121.824626375286;0.0;0.0;0.0;0.0;0.0;0.0;0.0
2030-11-04 23:00:00;121.9080414376414;0.0;0.0;0.0;0.0;0.0;0.0;0.0
2030-11-05 00:00:00;121.8621877518396;0.0;0.0;0.0;0.0;0.0;0.0;0.0
2030-11-05 01:00:00;121.5453151893303;0.0;0.0;0.0;0.0;0.0;0.0;0.0
2030-11-05 02:00:00;121.3006261216137;0.0;0.0;0.0;0.0;0.0;0.0;0.0
2030-11-05 03:00:00;121.2512218787595;0.0;0.0;0.0;0.0;0.0;0.0;0.0
2030-11-05 04:00:00;121.2510606801198;0.0;0.0;0.0;0.0;0.0;0.0;0.0
2030-11-05 05:00:00;131.025941033463;0.0;0.0;0.0;0.0;0.0;0.0;0.0
2030-11-05 06:00:00;131.4337338157765;0.0;0.0;0.0;0.0;0.0;0.0;0.0
2030-11-05 07:00:00;131.740764887305;0.0;0.0;0.0;0.0;0.0;0.0;0.0
2030-11-05 08:00:00;131.8183307418748;0.0;0.0;0.0;0.0;0.0;0.0;0.0
2030-11-05 09:00:00;131.9153681360347;0.0;0.0;0.0;0.0;0.0;0.0;0.0
2030-11-05 10:00:00;121.9648294155924;0.0;0.0;0.0;0.0;0.0;0.0;0.0
2030-11-05 11:00:00;121.9532461419065;0.0;0.0;0.0;0.0;0.0;0.0;0.0
2030-11-05 12:00:00;121.9364940443041;0.0;0.0;0.0;0.0;0.0;0.0;0.0
2030-11-05 13:00:00;122.0263214629399;0.0;0.0;0.0;0.0;0.0;0.0;0.0
2030-11-05 14:00:00;122.0785665701339;0.0;0.0;0.0;0.0;0.0;0.0;0.0
2030-11-05 15:00:00;122.168647300918;0.0;0.0;0.0;0.0;0.0;0.0;0.0
2030-11-05 16:00:00;122.2261679999588;0.0;0.0;0.0;0.0;0.0;0.0;0.0
2030-11-05 17:00:00;125.9165512647256;0.0;0.0;0.0;0.0;0.0;0.0;0.0
2030-11-05 18:00:00;127.8423327962909;0.0;0.0;0.0;0.0;0.0;0.0;0.0
2030-11-05 19:00:00;122.2264589949058;0.0;0.0;0.0;0.0;0.0;0.0;0.0
2030-11-05 20:00:00;122.2048625641552;0.0;0.0;0.0;0.0;0.0;0.0;0.0
2030-11-05 21:00:00;121.9602404880812;0.0;0.0;0.0;0.0;0.0;0.0;0.0
2030-11-05 22:00:00;121.9376559306036;0.0;0.0;0.0;0.0;0.0;0.0;0.0
2030-11-05 23:00:00;121.9144517004331;0.0;0.0;0.0;0.0;0.0;0.0;0.0
2030-11-06 00:00:00;121.9022215386993;0.0;0.0;0.0;0.0;0.0;0.0;0.0
2030-11-06 01:00:00;121.9957544325609;0.0;0.0;0.0;0.0;0.0;0.0;0.0
2030-11-06 02:00:00;122.001940692048;0.0;0.0;0.0;0.0;0.0;0.0;0.0
2030-11-06 03:00:00;122.009380951343;0.0;0.0;0.0;0.0;0.0;0.0;0.0
2030-11-06 04:00:00;122.0297547846181;0.0;0.0;0.0;0.0;0.0;0.0;0.0
2030-11-06 05:00:00;122.0434943517968;0.0;0.0;0.0;0.0;0.0;0.0;0.0
2030-11-06 06:00:00;131.9407789034301;0.0;0.0;0.0;0.0;0.0;0.0;0.0
2030-11-06 07:00:00;131.8503506535005;0.0;0.0;0.0;0.0;0.0;0.0;0.0
2030-11-06 08:00:00;131.8756190636556;0.0;0.0;0.0;0.0;0.0;0.0;0.0
2030-11-06 09:00:00;122.0116293583444;0.0;0.0;0.0;0.0;0.0;0.0;0.0
2030-11-06 10:00:00;121.9623381638869;0.0;0.0;0.0;0.0;0.0;0.0;0.0
2030-11-06 11:00:00;121.9687128373685;0.0;0.0;0.0;0.0;0.0;0.0;0.0
2030-11-06 12:00:00;121.9430278229365;0.0;0.0;0.0;0.0;0.0;0.0;0.0
2030-11-06 13:00:00;121.7953049707597;0.0;0.0;0.0;0.0;0.0;0.0;0.0
2030-11-06 14:00:00;121.723131943411;0.0;0.0;0.0;0.0;0.0;0.0;0.0
2030-11-06 15:00:00;121.7400138373208;0.0;0.0;0.0;0.0;0.0;0.0;0.0
2030-11-06 16:00:00;121.7735850241681;0.0;0.0;0.0;0.0;0.0;0.0;0.0
2030-11-06 17:00:00;127.1005615542537;0.0;0.0;0.0;0.0;0.0;0.0;0.0
2030-11-06 18:00:00;122.9452730384541;0.0;0.0;0.0;0.0;0.0;0.0;0.0
2030-11-06 19:00:00;130.6964279854097;0.0;0.0;0.0;0.0;0.0;0.0;0.0
2030-11-06 20:00:00;121.9034483231525;0.0;0.0;0.0;0.0;0.0;0.0;0.0
2030-11-06 21:00:00;131.7922060947889;0.0;0.0;0.0;0.0;0.0;0.0;0.0
2030-11-06 22:00:00;131.7803234522007;0.0;0.0;0.0;0.0;0.0;0.0;0.0
2030-11-06 23:00:00;131.8811040043852;0.0;0.0;0.0;0.0;0.0;0.0;0.0
2030-11-07 00:00:00;121.9683590377565;0.0;0.0;0.0;0.0;0.0;0.0;0.0
2030-11-07 01:00:00;121.9793058908386;0.0;0.0;0.0;0.0;0.0;0.0;0.0
2030-11-07 02:00:00;121.9449140563706;0.0;0.0;0.0;0.0;0.0;0.0;0.0
2030-11-07 03:00:00;121.90039810993;0.0;0.0;0.0;0.0;0.0;0.0;0.0
2030-11-07 04:00:00;121.857688844348;0.0;0.0;0.0;0.0;0.0;0.0;0.0
2030-11-07 05:00:00;121.946029885916;0.0;0.0;0.0;0.0;0.0;0.0;0.0
2030-11-07 06:00:00;122.0449493265324;0.0;0.0;0.0;0.0;0.0;0.0;0.0
2030-11-07 07:00:00;122.0184918147229;0.0;0.0;0.0;0.0;0.0;0.0;0.0
2030-11-07 08:00:00;122.0303723638223;0.0;0.0;0.0;0.0;0.0;0.0;0.0
2030-11-07 09:00:00;122.0673391895488;0.0;0.0;0.0;0.0;0.0;0.0;0.0
2030-11-07 10:00:00;122.0055561472541;0.0;0.0;0.0;0.0;0.0;0.0;0.0
2030-11-07 11:00:00;122.0026776001154;0.0;0.0;0.0;0.0;0.0;0.0;0.0
2030-11-07 12:00:00;122.0474594196373;0.0;0.0;0.0;0.0;0.0;0.0;0.0
2030-11-07 13:00:00;122.0532374488028;0.0;0.0;0.0;0.0;0.0;0.0;0.0
2030-11-07 14:00:00;122.0712288917915;0.0;0.0;0.0;0.0;0.0;0.0;0.0
2030-11-07 15:00:00;121.989201812529;0.0;0.0;0.0;0.0;0.0;0.0;0.0
2030-11-07 16:00:00;122.0328761764607;0.0;0.0;0.0;0.0;0.0;0.0;0.0
2030-11-07 17:00:00;122.082705397547;0.0;0.0;0.0;0.0;0.0;0.0;0.0
2030-11-07 18:00:00;122.0725770985967;0.0;0.0;0.0;0.0;0.0;0.0;0.0
2030-11-07 19:00:00;122.0311092718899;0.0;0.0;0.0;0.0;0.0;0.0;0.0
2030-11-07 20:00:00;121.9959051637566;0.0;0.0;0.0;0.0;0.0;0.0;0.0
2030-11-07 21:00:00;121.8621542560183;0.0;0.0;0.0;0.0;0.0;0.0;0.0
2030-11-07 22:00:00;121.718371349816;0.0;0.0;0.0;0.0;0.0;0.0;0.0
2030-11-07 23:00:00;121.6767883812235;0.0;0.0;0.0;0.0;0.0;0.0;0.0
2030-11-08 00:00:00;121.7950286302344;0.0;0.0;0.0;0.0;0.0;0.0;0.0
2030-11-08 01:00:00;121.674261540208;0.0;0.0;0.0;0.0;0.0;0.0;0.0
2030-11-08 02:00:00;121.6383958896051;0.0;0.0;0.0;0.0;0.0;0.0;0.0
2030-11-08 03:00:00;121.5120894281396;0.0;0.0;0.0;0.0;0.0;0.0;0.0
2030-11-08 04:00:00;121.6218112711089;0.0;0.0;0.0;0.0;0.0;0.0;0.0
2030-11-08 05:00:00;121.7295903564458;0.0;0.0;0.0;0.0;0.0;0.0;0.0
2030-11-08 06:00:00;121.814225922788;0.0;0.0;0.0;0.0;0.0;0.0;0.0
2030-11-08 07:00:00;121.9464862664805;0.0;0.0;0.0;0.0;0.0;0.0;0.0
2030-11-08 08:00:00;122.0544495788342;0.0;0.0;0.0;0.0;0.0;0.0;0.0
2030-11-08 09:00:00;122.0289236695533;0.0;0.0;0.0;0.0;0.0;0.0;0.0
2030-11-08 10:00:00;122.0152552809946;0.0;0.0;0.0;0.0;0.0;0.0;0.0
2030-11-08 11:00:00;121.9561100346233;0.0;0.0;0.0;0.0;0.0;0.0;0.0
2030-11-08 12:00:00;121.9204725743026;0.0;0.0;0.0;0.0;0.0;0.0;0.0
2030-11-08 13:00:00;121.9293908367104;0.0;0.0;0.0;0.0;0.0;0.0;0.0
2030-11-08 14:00:00;121.8817932747147;0.0;0.0;0.0;0.0;0.0;0.0;0.0
2030-11-08 15:00:00;122.0372411006673;0.0;0.0;0.0;0.0;0.0;0.0;0.0
2030-11-08 16:00:00;122.0687941642844;0.0;0.0;0.0;0.0;0.0;0.0;0.0
2030-11-08 17:00:00;122.2546206066214;0.0;0.0;0.0;0.0;0.0;0.0;0.0
2030-11-08 18:00:00;122.372243276428;0.0;0.0;0.0;0.0;0.0;0.0;0.0
2030-11-08 19:00:00;122.3345353556562;0.0;0.0;0.0;0.0;0.0;0.0;0.0
2030-11-08 20:00:00;122.287969883653;0.0;0.0;0.0;0.0;0.0;0.0;0.0
2030-11-08 21:00:00;122.1188076123876;0.0;0.0;0.0;0.0;0.0;0.0;0.0
2030-11-08 22:00:00;121.9586766519265;0.0;0.0;0.0;0.0;0.0;0.0;0.0
2030-11-08 23:00:00;121.9354075236023;0.0;0.0;0.0;0.0;0.0;0.0;0.0
2030-11-09 00:00:00;121.833272484146;0.0;0.0;0.0;0.0;0.0;0.0;0.0
2030-11-09 01:00:00;121.6544508554277;0.0;0.0;0.0;0.0;0.0;0.0;0.0
2030-11-09 02:00:00;121.5987410242233;0.0;0.0;0.0;0.0;0.0;0.0;0.0
2030-11-09 03:00:00;121.6081491630168;0.0;0.0;0.0;0.0;0.0;0.0;0.0
2030-11-09 04:00:00;121.6129725612767;0.0;0.0;0.0;0.0;0.0;0.0;0.0
2030-11-09 05:00:00;121.5853573501453;0.0;0.0;0.0;0.0;0.0;0.0;0.0
2030-11-09 06:00:00;121.5162701253293;0.0;0.0;0.0;0.0;0.0;0.0;0.0
2030-11-09 07:00:00;121.6700934039513;0.0;0.0;0.0;0.0;0.0;0.0;0.0
2030-11-09 08:00:00;121.6918803421853;0.0;0.0;0.0;0.0;0.0;0.0;0.0
2030-11-09 09:00:00;121.6898433775555;0.0;0.0;0.0;0.0;0.0;0.0;0.0
2030-11-09 10:00:00;121.7108599119008;0.0;0.0;0.0;0.0;0.0;0.0;0.0
2030-11-09 11:00:00;121.7566340451271;0.0;0.0;0.0;0.0;0.0;0.0;0.0
2030-11-09 12:00:00;121.7088229472711;0.0;0.0;0.0;0.0;0.0;0.0;0.0
2030-11-09 13:00:00;121.6934127760075;0.0;0.0;0.0;0.0;0.0;0.0;0.0
2030-11-09 14:00:00;121.697436461535;0.0;0.0;0.0;0.0;0.0;0.0;0.0
2030-11-09 15:00:00;121.654995162523;0.0;0.0;0.0;0.0;0.0;0.0;0.0
2030-11-09 16:00:00;121.6840486004793;0.0;0.0;0.0;0.0;0.0;0.0;0.0
2030-11-09 17:00:00;121.7238332621685;0.0;0.0;0.0;0.0;0.0;0.0;0.0
2030-11-09 18:00:00;121.7377444954311;0.0;0.0;0.0;0.0;0.0;0.0;0.0
2030-11-09 19:00:00;121.7288429809341;0.0;0.0;0.0;0.0;0.0;0.0;0.0
2030-11-09 20:00:00;121.7260858561475;0.0;0.0;0.0;0.0;0.0;0.0;0.0
2030-11-09 21:00:00;121.695732361629;0.0;0.0;0.0;0.0;0.0;0.0;0.0
2030-11-09 22:00:00;121.6997455797124;0.0;0.0;0.0;0.0;0.0;0.0;0.0
2030-11-09 23:00:00;121.6761477736421;0.0;0.0;0.0;0.0;0.0;0.0;0.0
2030-11-10 00:00:00;121.6558346515431;0.0;0.0;0.0;0.0;0.0;0.0;0.0
2030-11-10 01:00:00;121.5157530335887;0.0;0.0;0.0;0.0;0.0;0.0;0.0
2030-11-10 02:00:00;121.4958439548336;0.0;0.0;0.0;0.0;0.0;0.0;0.0
2030-11-10 03:00:00;121.4300393205;0.0;0.0;0.0;0.0;0.0;0.0;0.0
2030-11-10 04:00:00;121.3691669458456;0.0;0.0;0.0;0.0;0.0;0.0;0.0
2030-11-10 05:00:00;121.368187193074;0.0;0.0;0.0;0.0;0.0;0.0;0.0
2030-11-10 06:00:00;121.3643644824739;0.0;0.0;0.0;0.0;0.0;0.0;0.0
2030-11-10 07:00:00;121.3790524000918;0.0;0.0;0.0;0.0;0.0;0.0;0.0
2030-11-10 08:00:00;121.3997088543586;0.0;0.0;0.0;0.0;0.0;0.0;0.0
2030-11-10 09:00:00;121.4032594114111;0.0;0.0;0.0;0.0;0.0;0.0;0.0
2030-11-10 10:00:00;121.4157742876254;0.0;0.0;0.0;0.0;0.0;0.0;0.0
2030-11-10 11:00:00;121.4114114569077;0.0;0.0;0.0;0.0;0.0;0.0;0.0
2030-11-10 12:00:00;121.4690033345686;0.0;0.0;0.0;0.0;0.0;0.0;0.0
2030-11-10 13:00:00;121.4457823564874;0.0;0.0;0.0;0.0;0.0;0.0;0.0
2030-11-10 14:00:00;121.4452924801015;0.0;0.0;0.0;0.0;0.0;0.0;0.0
2030-11-10 15:00:00;121.4628924406794;0.0;0.0;0.0;0.0;0.0;0.0;0.0
2030-11-10 16:00:00;121.5129163562268;0.0;0.0;0.0;0.0;0.0;0.0;0.0
2030-11-10 17:00:00;121.6115008386306;0.0;0.0;0.0;0.0;0.0;0.0;0.0
2030-11-10 18:00:00;121.7330194911461;0.0;0.0;0.0;0.0;0.0;0.0;0.0
2030-11-10 19:00:00;121.7866944512097;0.0;0.0;0.0;0.0;0.0;0.0;0.0
2030-11-10 20:00:00;121.8608667603891;0.0;0.0;0.0;0.0;0.0;0.0;0.0
2030-11-10 21:00:00;121.8871798214694;0.0;0.0;0.0;0.0;0.0;0.0;0.0
2030-11-10 22:00:00;121.7557066295762;0.0;0.0;0.0;0.0;0.0;0.0;0.0
2030-11-10 23:00:00;121.7089004063577;0.0;0.0;0.0;0.0;0.0;0.0;0.0
2030-11-11 00:00:00;121.7168326355273;0.0;0.0;0.0;0.0;0.0;0.0;0.0
2030-11-11 01:00:00;121.5958017659087;0.0;0.0;0.0;0.0;0.0;0.0;0.0
2030-11-11 02:00:00;121.5605767228871;0.0;0.0;0.0;0.0;0.0;0.0;0.0
2030-11-11 03:00:00;121.58511659893;0.0;0.0;0.0;0.0;0.0;0.0;0.0
2030-11-11 04:00:00;121.5547002997466;0.0;0.0;0.0;0.0;0.0;0.0;0.0
2030-11-11 05:00:00;121.5288038429431;0.0;0.0;0.0;0.0;0.0;0.0;0.0
2030-11-11 06:00:00;121.6283555171856;0.0;0.0;0.0;0.0;0.0;0.0;0.0
2030-11-11 07:00:00;121.7928681497637;0.0;0.0;0.0;0.0;0.0;0.0;0.0
2030-11-11 08:00:00;131.766923030212;0.0;0.0;0.0;0.0;0.0;0.0;0.0
2030-11-11 09:00:00;131.8244207008757;0.0;0.0;0.0;0.0;0.0;0.0;0.0
2030-11-11 10:00:00;131.749375406855;0.0;0.0;0.0;0.0;0.0;0.0;0.0
2030-11-11 11:00:00;131.7641240356489;0.0;0.0;0.0;0.0;0.0;0.0;0.0
2030-11-11 12:00:00;121.7944152380077;0.0;0.0;0.0;0.0;0.0;0.0;0.0
2030-11-11 13:00:00;121.7644553193888;0.0;0.0;0.0;0.0;0.0;0.0;0.0
2030-11-11 14:00:00;131.6768611408274;0.0;0.0;0.0;0.0;0.0;0.0;0.0
2030-11-11 15:00:00;131.7062453500185;0.0;0.0;0.0;0.0;0.0;0.0;0.0
2030-11-11 16:00:00;131.7001637649729;0.0;0.0;0.0;0.0;0.0;0.0;0.0
2030-11-11 17:00:00;131.7444557081089;0.0;0.0;0.0;0.0;0.0;0.0;0.0
2030-11-11 18:00:00;131.8226454223494;0.0;0.0;0.0;0.0;0.0;0.0;0.0
2030-11-11 19:00:00;131.8002639332883;0.0;0.0;0.0;0.0;0.0;0.0;0.0
2030-11-11 20:00:00;131.7910337410452;0.0;0.0;0.0;0.0;0.0;0.0;0.0
2030-11-11 21:00:00;131.7499385553497;0.0;0.0;0.0;0.0;0.0;0.0;0.0
2030-11-11 22:00:00;131.3766066926355;0.0;0.0;0.0;0.0;0.0;0.0;0.0
2030-11-11 23:00:00;131.1112088334313;0.0;0.0;0.0;0.0;0.0;0.0;0.0
2030-11-12 00:00:00;131.0381418863531;0.0;0.0;0.0;0.0;0.0;0.0;0.0
2030-11-12 01:00:00;131.1247118363726;0.0;0.0;0.0;0.0;0.0;0.0;0.0
2030-11-12 02:00:00;130.9860516973325;0.0;0.0;0.0;0.0;0.0;0.0;0.0
2030-11-12 03:00:00;130.9452056368075;0.0;0.0;0.0;0.0;0.0;0.0;0.0
2030-11-12 04:00:00;123.931940603602;0.0;0.0;0.0;0.0;0.0;0.0;0.0
2030-11-12 05:00:00;130.679508408701;0.0;0.0;0.0;0.0;0.0;0.0;0.0
2030-11-12 06:00:00;130.8751386592201;0.0;0.0;0.0;0.0;0.0;0.0;0.0
2030-11-12 07:00:00;131.2165594717276;0.0;0.0;0.0;0.0;0.0;0.0;0.0
2030-11-12 08:00:00;131.383201182444;0.0;0.0;0.0;0.0;0.0;0.0;0.0
2030-11-12 09:00:00;131.3833498201508;0.0;0.0;0.0;0.0;0.0;0.0;0.0
2030-11-12 10:00:00;131.4322997759293;0.0;0.0;0.0;0.0;0.0;0.0;0.0
2030-11-12 11:00:00;131.4537308210625;0.0;0.0;0.0;0.0;0.0;0.0;0.0
2030-11-12 12:00:00;131.4636058078646;0.0;0.0;0.0;0.0;0.0;0.0;0.0
2030-11-12 13:00:00;131.4814172108141;0.0;0.0;0.0;0.0;0.0;0.0;0.0
2030-11-12 14:00:00;131.5697477849379;0.0;0.0;0.0;0.0;0.0;0.0;0.0
2030-11-12 15:00:00;131.615281166949;0.0;0.0;0.0;0.0;0.0;0.0;0.0
2030-11-12 16:00:00;131.6627321847266;0.0;0.0;0.0;0.0;0.0;0.0;0.0
2030-11-12 17:00:00;131.5622300665562;0.0;0.0;0.0;0.0;0.0;0.0;0.0
2030-11-12 18:00:00;131.599948454772;0.0;0.0;0.0;0.0;0.0;0.0;0.0
2030-11-12 19:00:00;131.6514796822756;0.0;0.0;0.0;0.0;0.0;0.0;0.0
2030-11-12 20:00:00;131.6236614027278;0.0;0.0;0.0;0.0;0.0;0.0;0.0
2030-11-12 21:00:00;131.5162800802684;0.0;0.0;0.0;0.0;0.0;0.0;0.0
2030-11-12 22:00:00;131.3414172389241;0.0;0.0;0.0;0.0;0.0;0.0;0.0
2030-11-12 23:00:00;131.2750724844728;0.0;0.0;0.0;0.0;0.0;0.0;0.0
2030-11-13 00:00:00;131.1769213542565;0.0;0.0;0.0;0.0;0.0;0.0;0.0
2030-11-13 01:00:00;131.1740490875843;0.0;0.0;0.0;0.0;0.0;0.0;0.0
2030-11-13 02:00:00;131.1672222205159;0.0;0.0;0.0;0.0;0.0;0.0;0.0
2030-11-13 03:00:00;131.1557226863832;0.0;0.0;0.0;0.0;0.0;0.0;0.0
2030-11-13 04:00:00;131.1449789017173;0.0;0.0;0.0;0.0;0.0;0.0;0.0
2030-11-13 05:00:00;131.2675882619125;0.0;0.0;0.0;0.0;0.0;0.0;0.0
2030-11-13 06:00:00;131.3767867326747;0.0;0.0;0.0;0.0;0.0;0.0;0.0
2030-11-13 07:00:00;131.4830061688346;0.0;0.0;0.0;0.0;0.0;0.0;0.0
2030-11-13 08:00:00;131.4060599869579;0.0;0.0;0.0;0.0;0.0;0.0;0.0
2030-11-13 09:00:00;131.4635346292445;0.0;0.0;0.0;0.0;0.0;0.0;0.0
2030-11-13 10:00:00;131.4528578362211;0.0;0.0;0.0;0.0;0.0;0.0;0.0
2030-11-13 11:00:00;131.3927035282347;0.0;0.0;0.0;0.0;0.0;0.0;0.0
2030-11-13 12:00:00;121.4573384148184;0.0;0.0;0.0;0.0;0.0;0.0;0.0
2030-11-13 13:00:00;121.4994656905062;0.0;0.0;0.0;0.0;0.0;0.0;0.0
2030-11-13 14:00:00;121.4185837496327;0.0;0.0;0.0;0.0;0.0;0.0;0.0
2030-11-13 15:00:00;131.309973036726;0.0;0.0;0.0;0.0;0.0;0.0;0.0
2030-11-13 16:00:00;131.5699110770665;0.0;0.0;0.0;0.0;0.0;0.0;0.0
2030-11-13 17:00:00;131.5460097151161;0.0;0.0;0.0;0.0;0.0;0.0;0.0
2030-11-13 18:00:00;131.5842158862288;0.0;0.0;0.0;0.0;0.0;0.0;0.0
2030-11-13 19:00:00;131.6998916114252;0.0;0.0;0.0;0.0;0.0;0.0;0.0
2030-11-13 20:00:00;131.6167612635504;0.0;0.0;0.0;0.0;0.0;0.0;0.0
2030-11-13 21:00:00;131.6664376599523;0.0;0.0;0.0;0.0;0.0;0.0;0.0
2030-11-13 22:00:00;131.6537469306764;0.0;0.0;0.0;0.0;0.0;0.0;0.0
2030-11-13 23:00:00;131.5560228721809;0.0;0.0;0.0;0.0;0.0;0.0;0.0
2030-11-14 00:00:00;131.5322282781607;0.0;0.0;0.0;0.0;0.0;0.0;0.0
2030-11-14 01:00:00;129.8109764181227;0.0;0.0;0.0;0.0;0.0;0.0;0.0
2030-11-14 02:00:00;129.8050476577616;0.0;0.0;0.0;0.0;0.0;0.0;0.0
2030-11-14 03:00:00;131.6776001423837;0.0;0.0;0.0;0.0;0.0;0.0;0.0
2030-11-14 04:00:00;131.6811046426819;0.0;0.0;0.0;0.0;0.0;0.0;0.0
2030-11-14 05:00:00;131.6717948978634;0.0;0.0;0.0;0.0;0.0;0.0;0.0
2030-11-14 06:00:00;131.705642425236;0.0;0.0;0.0;0.0;0.0;0.0;0.0
2030-11-14 07:00:00;131.4997394250375;0.0;0.0;0.0;0.0;0.0;0.0;0.0
2030-11-14 08:00:00;131.5607646243765;0.0;0.0;0.0;0.0;0.0;0.0;0.0
2030-11-14 09:00:00;131.6106189673288;0.0;0.0;0.0;0.0;0.0;0.0;0.0
2030-11-14 10:00:00;131.6049518930711;0.0;0.0;0.0;0.0;0.0;0.0;0.0
2030-11-14 11:00:00;131.572791717694;0.0;0.0;0.0;0.0;0.0;0.0;0.0
2030-11-14 12:00:00;121.7148563820736;0.0;0.0;0.0;0.0;0.0;0.0;0.0
2030-11-14 13:00:00;122.7211273766077;0.0;0.0;0.0;0.0;0.0;0.0;0.0
2030-11-14 14:00:00;131.608948363244;0.0;0.0;0.0;0.0;0.0;0.0;0.0
2030-11-14 15:00:00;131.6155826293402;0.0;0.0;0.0;0.0;0.0;0.0;0.0
2030-11-14 16:00:00;131.6395426089778;0.0;0.0;0.0;0.0;0.0;0.0;0.0
2030-11-14 17:00:00;131.6754396619131;0.0;0.0;0.0;0.0;0.0;0.0;0.0
2030-11-14 18:00:00;131.7007331939341;0.0;0.0;0.0;0.0;0.0;0.0;0.0
2030-11-14 19:00:00;131.685890358143;0.0;0.0;0.0;0.0;0.0;0.0;0.0
2030-11-14 20:00:00;131.6497839563249;0.0;0.0;0.0;0.0;0.0;0.0;0.0
2030-11-14 21:00:00;131.5412051582557;0.0;0.0;0.0;0.0;0.0;0.0;0.0
2030-11-14 22:00:00;131.4316507943926;0.0;0.0;0.0;0.0;0.0;0.0;0.0
2030-11-14 23:00:00;131.2866390102481;0.0;0.0;0.0;0.0;0.0;0.0;0.0
2030-11-15 00:00:00;131.164858671629;0.0;0.0;0.0;0.0;0.0;0.0;0.0
2030-11-15 01:00:00;131.1532356216553;0.0;0.0;0.0;0.0;0.0;0.0;0.0
2030-11-15 02:00:00;130.8246081193763;0.0;0.0;0.0;0.0;0.0;0.0;0.0
2030-11-15 03:00:00;130.8960149298138;0.0;0.0;0.0;0.0;0.0;0.0;0.0
2030-11-15 04:00:00;130.8638715023472;0.0;0.0;0.0;0.0;0.0;0.0;0.0
2030-11-15 05:00:00;130.9831794306604;0.0;0.0;0.0;0.0;0.0;0.0;0.0
2030-11-15 06:00:00;131.0876068403834;0.0;0.0;0.0;0.0;0.0;0.0;0.0
2030-11-15 07:00:00;131.2651346930059;0.0;0.0;0.0;0.0;0.0;0.0;0.0
2030-11-15 08:00:00;131.578442044041;0.0;0.0;0.0;0.0;0.0;0.0;0.0
2030-11-15 09:00:00;131.6522186838319;0.0;0.0;0.0;0.0;0.0;0.0;0.0
2030-11-15 10:00:00;131.6157103321587;0.0;0.0;0.0;0.0;0.0;0.0;0.0
2030-11-15 11:00:00;131.6267827945706;0.0;0.0;0.0;0.0;0.0;0.0;0.0
2030-11-15 12:00:00;131.5688852675407;0.0;0.0;0.0;0.0;0.0;0.0;0.0
2030-11-15 13:00:00;131.5504102286328;0.0;0.0;0.0;0.0;0.0;0.0;0.0
2030-11-15 14:00:00;131.6099071811273;0.0;0.0;0.0;0.0;0.0;0.0;0.0
2030-11-15 15:00:00;131.6076420262152;0.0;0.0;0.0;0.0;0.0;0.0;0.0
2030-11-15 16:00:00;131.4531592986124;0.0;0.0;0.0;0.0;0.0;0.0;0.0
2030-11-15 17:00:00;131.4945810685651;0.0;0.0;0.0;0.0;0.0;0.0;0.0
2030-11-15 18:00:00;131.5066960884133;0.0;0.0;0.0;0.0;0.0;0.0;0.0
2030-11-15 19:00:00;131.5114901778297;0.0;0.0;0.0;0.0;0.0;0.0;0.0
2030-11-15 20:00:00;131.5152186814325;0.0;0.0;0.0;0.0;0.0;0.0;0.0
2030-11-15 21:00:00;131.5358562942998;0.0;0.0;0.0;0.0;0.0;0.0;0.0
2030-11-15 22:00:00;131.4809419888501;0.0;0.0;0.0;0.0;0.0;0.0;0.0
2030-11-15 23:00:00;131.2285049189807;0.0;0.0;0.0;0.0;0.0;0.0;0.0
2030-11-16 00:00:00;131.372813290879;0.0;0.0;0.0;0.0;0.0;0.0;0.0
2030-11-16 01:00:00;131.3501429003595;0.0;0.0;0.0;0.0;0.0;0.0;0.0
2030-11-16 02:00:00;131.369122470075;0.0;0.0;0.0;0.0;0.0;0.0;0.0
2030-11-16 03:00:00;131.2664221886352;0.0;0.0;0.0;0.0;0.0;0.0;0.0
2030-11-16 04:00:00;131.1374276875145;0.0;0.0;0.0;0.0;0.0;0.0;0.0
2030-11-16 05:00:00;131.0295606756468;0.0;0.0;0.0;0.0;0.0;0.0;0.0
2030-11-16 06:00:00;131.0431411376746;0.0;0.0;0.0;0.0;0.0;0.0;0.0
2030-11-16 07:00:00;131.2957184712955;0.0;0.0;0.0;0.0;0.0;0.0;0.0
2030-11-16 08:00:00;131.3709689272214;0.0;0.0;0.0;0.0;0.0;0.0;0.0
2030-11-16 09:00:00;131.3447333252277;0.0;0.0;0.0;0.0;0.0;0.0;0.0
2030-11-16 10:00:00;131.3724950805771;0.0;0.0;0.0;0.0;0.0;0.0;0.0
2030-11-16 11:00:00;131.1757510940015;0.0;0.0;0.0;0.0;0.0;0.0;0.0
2030-11-16 12:00:00;131.1814056073262;0.0;0.0;0.0;0.0;0.0;0.0;0.0
2030-11-16 13:00:00;131.3085055010576;0.0;0.0;0.0;0.0;0.0;0.0;0.0
2030-11-16 14:00:00;131.2852112508673;0.0;0.0;0.0;0.0;0.0;0.0;0.0
2030-11-16 15:00:00;131.2713377004035;0.0;0.0;0.0;0.0;0.0;0.0;0.0
2030-11-16 16:00:00;131.2843403595149;0.0;0.0;0.0;0.0;0.0;0.0;0.0
2030-11-16 17:00:00;131.3065732108693;0.0;0.0;0.0;0.0;0.0;0.0;0.0
2030-11-16 18:00:00;131.323637238307;0.0;0.0;0.0;0.0;0.0;0.0;0.0
2030-11-16 19:00:00;131.2564111250592;0.0;0.0;0.0;0.0;0.0;0.0;0.0
2030-11-16 20:00:00;131.2621326300264;0.0;0.0;0.0;0.0;0.0;0.0;0.0
2030-11-16 21:00:00;131.205886865682;0.0;0.0;0.0;0.0;0.0;0.0;0.0
2030-11-16 22:00:00;130.9906406248438;0.0;0.0;0.0;0.0;0.0;0.0;0.0
2030-11-16 23:00:00;130.85111168794;0.0;0.0;0.0;0.0;0.0;0.0;0.0
2030-11-17 00:00:00;130.6564486292596;0.0;0.0;0.0;0.0;0.0;0.0;0.0
2030-11-17 01:00:00;130.6318585094848;0.0;0.0;0.0;0.0;0.0;0.0;0.0
2030-11-17 02:00:00;130.5646470506587;0.0;0.0;0.0;0.0;0.0;0.0;0.0
2030-11-17 03:00:00;130.5560804943742;0.0;0.0;0.0;0.0;0.0;0.0;0.0
2030-11-17 04:00:00;130.5805031350428;0.0;0.0;0.0;0.0;0.0;0.0;0.0
2030-11-17 05:00:00;130.7650127729069;0.0;0.0;0.0;0.0;0.0;0.0;0.0
2030-11-17 06:00:00;130.8344119275582;0.0;0.0;0.0;0.0;0.0;0.0;0.0
2030-11-17 07:00:00;130.9386216144432;0.0;0.0;0.0;0.0;0.0;0.0;0.0
2030-11-17 08:00:00;130.999100413198;0.0;0.0;0.0;0.0;0.0;0.0;0.0
2030-11-17 09:00:00;131.1297383030488;0.0;0.0;0.0;0.0;0.0;0.0;0.0
2030-11-17 10:00:00;131.338810845333;0.0;0.0;0.0;0.0;0.0;0.0;0.0
2030-11-17 11:00:00;131.3422546344553;0.0;0.0;0.0;0.0;0.0;0.0;0.0
2030-11-17 12:00:00;131.2507126484692;0.0;0.0;0.0;0.0;0.0;0.0;0.0
2030-11-17 13:00:00;131.0467586863696;0.0;0.0;0.0;0.0;0.0;0.0;0.0
2030-11-17 14:00:00;131.0495534939551;0.0;0.0;0.0;0.0;0.0;0.0;0.0
2030-11-17 15:00:00;131.2984232588615;0.0;0.0;0.0;0.0;0.0;0.0;0.0
2030-11-17 16:00:00;131.2679567159461;0.0;0.0;0.0;0.0;0.0;0.0;0.0
2030-11-17 17:00:00;131.2791715355983;0.0;0.0;0.0;0.0;0.0;0.0;0.0
2030-11-17 18:00:00;131.3110281550954;0.0;0.0;0.0;0.0;0.0;0.0;0.0
2030-11-17 19:00:00;131.3223392752336;0.0;0.0;0.0;0.0;0.0;0.0;0.0
2030-11-17 20:00:00;131.3066967267101;0.0;0.0;0.0;0.0;0.0;0.0;0.0
2030-11-17 21:00:00;131.3110009397406;0.0;0.0;0.0;0.0;0.0;0.0;0.0
2030-11-17 22:00:00;131.166527182225;0.0;0.0;0.0;0.0;0.0;0.0;0.0
2030-11-17 23:00:00;131.0808302170468;0.0;0.0;0.0;0.0;0.0;0.0;0.0
2030-11-18 00:00:00;131.0059900849313;0.0;0.0;0.0;0.0;0.0;0.0;0.0
2030-11-18 01:00:00;130.7941478569275;0.0;0.0;0.0;0.0;0.0;0.0;0.0
2030-11-18 02:00:00;130.7224416775876;0.0;0.0;0.0;0.0;0.0;0.0;0.0
2030-11-18 03:00:00;130.854082348587;0.0;0.0;0.0;0.0;0.0;0.0;0.0
2030-11-18 04:00:00;130.8221880462911;0.0;0.0;0.0;0.0;0.0;0.0;0.0
2030-11-18 05:00:00;130.9578838051505;0.0;0.0;0.0;0.0;0.0;0.0;0.0
2030-11-18 06:00:00;131.3290677483271;0.0;0.0;0.0;0.0;0.0;0.0;0.0
2030-11-18 07:00:00;131.6476820935414;0.0;0.0;0.0;0.0;0.0;0.0;0.0
2030-11-18 08:00:00;131.5911474277387;0.0;0.0;0.0;0.0;0.0;0.0;0.0
2030-11-18 09:00:00;131.6432878604912;0.0;0.0;0.0;0.0;0.0;0.0;0.0
2030-11-18 10:00:00;131.5448771376601;0.0;0.0;0.0;0.0;0.0;0.0;0.0
2030-11-18 11:00:00;131.5589977198056;0.0;0.0;0.0;0.0;0.0;0.0;0.0
2030-11-18 12:00:00;125.007614939765;0.0;0.0;0.0;0.0;0.0;0.0;0.0
2030-11-18 13:00:00;127.7436603873563;0.0;0.0;0.0;0.0;0.0;0.0;0.0
2030-11-18 14:00:00;131.5674700690929;0.0;0.0;0.0;0.0;0.0;0.0;0.0
2030-11-18 15:00:00;131.5786911692115;0.0;0.0;0.0;0.0;0.0;0.0;0.0
2030-11-18 16:00:00;131.5955228193894;0.0;0.0;0.0;0.0;0.0;0.0;0.0
2030-11-18 17:00:00;131.6437693629217;0.0;0.0;0.0;0.0;0.0;0.0;0.0
2030-11-18 18:00:00;131.9305794258595;0.0;0.0;0.0;0.0;0.0;0.0;0.0
2030-11-18 19:00:00;131.9384488503644;0.0;0.0;0.0;0.0;0.0;0.0;0.0
2030-11-18 20:00:00;131.8979942722502;0.0;0.0;0.0;0.0;0.0;0.0;0.0
2030-11-18 21:00:00;131.8216593891114;0.0;0.0;0.0;0.0;0.0;0.0;0.0
2030-11-18 22:00:00;131.5700953040833;0.0;0.0;0.0;0.0;0.0;0.0;0.0
2030-11-18 23:00:00;131.3525022622687;0.0;0.0;0.0;0.0;0.0;0.0;0.0
2030-11-19 00:00:00;131.1573242053367;0.0;0.0;0.0;0.0;0.0;0.0;0.0
2030-11-19 01:00:00;131.089987137181;0.0;0.0;0.0;0.0;0.0;0.0;0.0
2030-11-19 02:00:00;131.0739258908918;0.0;0.0;0.0;0.0;0.0;0.0;0.0
2030-11-19 03:00:00;131.0746879208252;0.0;0.0;0.0;0.0;0.0;0.0;0.0
2030-11-19 04:00:00;131.0789439836127;0.0;0.0;0.0;0.0;0.0;0.0;0.0
2030-11-19 05:00:00;131.1548559820083;0.0;0.0;0.0;0.0;0.0;0.0;0.0
2030-11-19 06:00:00;131.3245667473467;0.0;0.0;0.0;0.0;0.0;0.0;0.0
2030-11-19 07:00:00;131.7851573179048;0.0;0.0;0.0;0.0;0.0;0.0;0.0
2030-11-19 08:00:00;131.8584587357317;0.0;0.0;0.0;0.0;0.0;0.0;0.0
2030-11-19 09:00:00;131.8098625795651;0.0;0.0;0.0;0.0;0.0;0.0;0.0
2030-11-19 10:00:00;132.0749778177774;0.0;0.0;0.0;0.0;0.0;0.0;0.0
2030-11-19 11:00:00;132.07343701;0.0;0.0;0.0;0.0;0.0;0.0;0.0
2030-11-19 12:00:00;132.1007486652512;0.0;0.0;0.0;0.0;0.0;0.0;0.0
2030-11-19 13:00:00;132.0216189745269;0.0;0.0;0.0;0.0;0.0;0.0;0.0
2030-11-19 14:00:00;132.070537527973;0.0;0.0;0.0;0.0;0.0;0.0;0.0
2030-11-19 15:00:00;132.2109478236734;0.0;0.0;0.0;0.0;0.0;0.0;0.0
2030-11-19 16:00:00;132.2714998945372;0.0;0.0;0.0;0.0;0.0;0.0;0.0
2030-11-19 17:00:00;132.403356194886;0.0;0.0;0.0;0.0;0.0;0.0;0.0
2030-11-19 18:00:00;132.4294620005724;0.0;0.0;0.0;0.0;0.0;0.0;0.0
2030-11-19 19:00:00;132.2796456595673;0.0;0.0;0.0;0.0;0.0;0.0;0.0
2030-11-19 20:00:00;132.3951769340346;0.0;0.0;0.0;0.0;0.0;0.0;0.0
2030-11-19 21:00:00;132.3367581282866;0.0;0.0;0.0;0.0;0.0;0.0;0.0
2030-11-19 22:00:00;132.2601929613766;0.0;0.0;0.0;0.0;0.0;0.0;0.0
2030-11-19 23:00:00;132.1925439633856;0.0;0.0;0.0;0.0;0.0;0.0;0.0
2030-11-20 00:00:00;132.1338111343134;0.0;0.0;0.0;0.0;0.0;0.0;0.0
2030-11-20 01:00:00;132.173200126614;0.0;0.0;0.0;0.0;0.0;0.0;0.0
2030-11-20 02:00:00;132.1196863651902;0.0;0.0;0.0;0.0;0.0;0.0;0.0
2030-11-20 03:00:00;132.1704262539168;0.0;0.0;0.0;0.0;0.0;0.0;0.0
2030-11-20 04:00:00;124.3751217210656;0.0;0.0;0.0;0.0;0.0;0.0;0.0
2030-11-20 05:00:00;124.5402686807587;0.0;0.0;0.0;0.0;0.0;0.0;0.0
2030-11-20 06:00:00;126.2453190307561;0.0;0.0;0.0;0.0;0.0;0.0;0.0
2030-11-20 07:00:00;132.4409908435487;0.0;0.0;0.0;0.0;0.0;0.0;0.0
2030-11-20 08:00:00;132.3050606139404;0.0;0.0;0.0;0.0;0.0;0.0;0.0
2030-11-20 09:00:00;128.2699530112953;0.0;0.0;0.0;0.0;0.0;0.0;0.0
2030-11-20 10:00:00;124.7972088450972;0.0;0.0;0.0;0.0;0.0;0.0;0.0
2030-11-20 11:00:00;122.2773161190068;0.0;0.0;0.0;0.0;0.0;0.0;0.0
2030-11-20 12:00:00;122.4058835484065;0.0;0.0;0.0;0.0;0.0;0.0;0.0
2030-11-20 13:00:00;122.408180105651;0.0;0.0;0.0;0.0;0.0;0.0;0.0
2030-11-20 14:00:00;122.3752851156952;0.0;0.0;0.0;0.0;0.0;0.0;0.0
2030-11-20 15:00:00;122.3670221152906;0.0;0.0;0.0;0.0;0.0;0.0;0.0
2030-11-20 16:00:00;122.390607360428;0.0;0.0;0.0;0.0;0.0;0.0;0.0
2030-11-20 17:00:00;122.4167320075138;0.0;0.0;0.0;0.0;0.0;0.0;0.0
2030-11-20 18:00:00;122.4521119687086;0.0;0.0;0.0;0.0;0.0;0.0;0.0
2030-11-20 19:00:00;122.411370582625;0.0;0.0;0.0;0.0;0.0;0.0;0.0
2030-11-20 20:00:00;122.3796940031671;0.0;0.0;0.0;0.0;0.0;0.0;0.0
2030-11-20 21:00:00;122.3273881847972;0.0;0.0;0.0;0.0;0.0;0.0;0.0
2030-11-20 22:00:00;122.2790913975331;0.0;0.0;0.0;0.0;0.0;0.0;0.0
2030-11-20 23:00:00;122.2023147882514;0.0;0.0;0.0;0.0;0.0;0.0;0.0
2030-11-21 00:00:00;122.1017938286817;0.0;0.0;0.0;0.0;0.0;0.0;0.0
2030-11-21 01:00:00;122.052517288646;0.0;0.0;0.0;0.0;0.0;0.0;0.0
2030-11-21 02:00:00;122.0865155472142;0.0;0.0;0.0;0.0;0.0;0.0;0.0
2030-11-21 03:00:00;122.0571773947773;0.0;0.0;0.0;0.0;0.0;0.0;0.0
2030-11-21 04:00:00;122.0806768068726;0.0;0.0;0.0;0.0;0.0;0.0;0.0
2030-11-21 05:00:00;122.1587283508505;0.0;0.0;0.0;0.0;0.0;0.0;0.0
2030-11-21 06:00:00;122.2312133080345;0.0;0.0;0.0;0.0;0.0;0.0;0.0
2030-11-21 07:00:00;122.2200173297818;0.0;0.0;0.0;0.0;0.0;0.0;0.0
2030-11-21 08:00:00;122.2681152356073;0.0;0.0;0.0;0.0;0.0;0.0;0.0
2030-11-21 09:00:00;122.2969844465467;0.0;0.0;0.0;0.0;0.0;0.0;0.0
2030-11-21 10:00:00;122.3091706450151;0.0;0.0;0.0;0.0;0.0;0.0;0.0
2030-11-21 11:00:00;122.3468722853203;0.0;0.0;0.0;0.0;0.0;0.0;0.0
2030-11-21 12:00:00;122.3434598985304;0.0;0.0;0.0;0.0;0.0;0.0;0.0
2030-11-21 13:00:00;122.3344599900585;0.0;0.0;0.0;0.0;0.0;0.0;0.0
2030-11-21 14:00:00;122.3346588714971;0.0;0.0;0.0;0.0;0.0;0.0;0.0
2030-11-21 15:00:00;122.2757313479639;0.0;0.0;0.0;0.0;0.0;0.0;0.0
2030-11-21 16:00:00;122.3847330307763;0.0;0.0;0.0;0.0;0.0;0.0;0.0
2030-11-21 17:00:00;122.5918000107633;0.0;0.0;0.0;0.0;0.0;0.0;0.0
2030-11-21 18:00:00;122.583363250786;0.0;0.0;0.0;0.0;0.0;0.0;0.0
2030-11-21 19:00:00;122.4399676400168;0.0;0.0;0.0;0.0;0.0;0.0;0.0
2030-11-21 20:00:00;122.4712129607761;0.0;0.0;0.0;0.0;0.0;0.0;0.0
2030-11-21 21:00:00;122.1826066844238;0.0;0.0;0.0;0.0;0.0;0.0;0.0
2030-11-21 22:00:00;122.0959236860076;0.0;0.0;0.0;0.0;0.0;0.0;0.0
2030-11-21 23:00:00;122.1011971843656;0.0;0.0;0.0;0.0;0.0;0.0;0.0
2030-11-22 00:00:00;122.044442702236;0.0;0.0;0.0;0.0;0.0;0.0;0.0
2030-11-22 01:00:00;121.9136645486336;0.0;0.0;0.0;0.0;0.0;0.0;0.0
2030-11-22 02:00:00;121.825733830876;0.0;0.0;0.0;0.0;0.0;0.0;0.0
2030-11-22 03:00:00;121.8271364683908;0.0;0.0;0.0;0.0;0.0;0.0;0.0
2030-11-22 04:00:00;121.846972275037;0.0;0.0;0.0;0.0;0.0;0.0;0.0
2030-11-22 05:00:00;121.922465575667;0.0;0.0;0.0;0.0;0.0;0.0;0.0
2030-11-22 06:00:00;121.9120295338589;0.0;0.0;0.0;0.0;0.0;0.0;0.0
2030-11-22 07:00:00;132.0647469378746;0.0;0.0;0.0;0.0;0.0;0.0;0.0
2030-11-22 08:00:00;132.0253349171968;0.0;0.0;0.0;0.0;0.0;0.0;0.0
2030-11-22 09:00:00;122.0292481603216;0.0;0.0;0.0;0.0;0.0;0.0;0.0
2030-11-22 10:00:00;122.1445282161295;0.0;0.0;0.0;0.0;0.0;0.0;0.0
2030-11-22 11:00:00;122.1797574461287;0.0;0.0;0.0;0.0;0.0;0.0;0.0
2030-11-22 12:00:00;121.9902213415883;0.0;0.0;0.0;0.0;0.0;0.0;0.0
2030-11-22 13:00:00;122.3093904613421;0.0;0.0;0.0;0.0;0.0;0.0;0.0
2030-11-22 14:00:00;122.4181137101404;0.0;0.0;0.0;0.0;0.0;0.0;0.0
2030-11-22 15:00:00;122.4553757177916;0.0;0.0;0.0;0.0;0.0;0.0;0.0
2030-11-22 16:00:00;122.406754439759;0.0;0.0;0.0;0.0;0.0;0.0;0.0
2030-11-22 17:00:00;122.5014052566549;0.0;0.0;0.0;0.0;0.0;0.0;0.0
2030-11-22 18:00:00;122.4626212826256;0.0;0.0;0.0;0.0;0.0;0.0;0.0
2030-11-22 19:00:00;122.3349121836453;0.0;0.0;0.0;0.0;0.0;0.0;0.0
2030-11-22 20:00:00;122.2485662369305;0.0;0.0;0.0;0.0;0.0;0.0;0.0
2030-11-22 21:00:00;122.1125690156798;0.0;0.0;0.0;0.0;0.0;0.0;0.0
2030-11-22 22:00:00;121.7340097113618;0.0;0.0;0.0;0.0;0.0;0.0;0.0
2030-11-22 23:00:00;121.4215983735452;0.0;0.0;0.0;0.0;0.0;0.0;0.0
2030-11-23 00:00:00;121.2915215387003;0.0;0.0;0.0;0.0;0.0;0.0;0.0
2030-11-23 01:00:00;121.3607511207566;0.0;0.0;0.0;0.0;0.0;0.0;0.0
2030-11-23 02:00:00;121.1906258446303;0.0;0.0;0.0;0.0;0.0;0.0;0.0
2030-11-23 03:00:00;121.218042174323;0.0;0.0;0.0;0.0;0.0;0.0;0.0
2030-11-23 04:00:00;121.2172110592582;0.0;0.0;0.0;0.0;0.0;0.0;0.0
2030-11-23 05:00:00;121.199518985172;0.0;0.0;0.0;0.0;0.0;0.0;0.0
2030-11-23 06:00:00;121.2015957260895;0.0;0.0;0.0;0.0;0.0;0.0;0.0
2030-11-23 07:00:00;121.2864846045799;0.0;0.0;0.0;0.0;0.0;0.0;0.0
2030-11-23 08:00:00;121.3886154570585;0.0;0.0;0.0;0.0;0.0;0.0;0.0
2030-11-23 09:00:00;121.4132788489424;0.0;0.0;0.0;0.0;0.0;0.0;0.0
2030-11-23 10:00:00;121.4056041188986;0.0;0.0;0.0;0.0;0.0;0.0;0.0
2030-11-23 11:00:00;121.4693320123146;0.0;0.0;0.0;0.0;0.0;0.0;0.0
2030-11-23 12:00:00;121.470776519606;0.0;0.0;0.0;0.0;0.0;0.0;0.0
2030-11-23 13:00:00;121.4843862904774;0.0;0.0;0.0;0.0;0.0;0.0;0.0
2030-11-23 14:00:00;121.5651154066665;0.0;0.0;0.0;0.0;0.0;0.0;0.0
2030-11-23 15:00:00;121.5664175567175;0.0;0.0;0.0;0.0;0.0;0.0;0.0
2030-11-23 16:00:00;121.5339601059267;0.0;0.0;0.0;0.0;0.0;0.0;0.0
2030-11-23 17:00:00;121.6114191925663;0.0;0.0;0.0;0.0;0.0;0.0;0.0
2030-11-23 18:00:00;121.6389171683233;0.0;0.0;0.0;0.0;0.0;0.0;0.0
2030-11-23 19:00:00;121.600704716744;0.0;0.0;0.0;0.0;0.0;0.0;0.0
2030-11-23 20:00:00;121.4845412086507;0.0;0.0;0.0;0.0;0.0;0.0;0.0
2030-11-23 21:00:00;121.4747876442006;0.0;0.0;0.0;0.0;0.0;0.0;0.0
2030-11-23 22:00:00;121.4600264544737;0.0;0.0;0.0;0.0;0.0;0.0;0.0
2030-11-23 23:00:00;121.4900805800899;0.0;0.0;0.0;0.0;0.0;0.0;0.0
2030-11-24 00:00:00;121.4340190427623;0.0;0.0;0.0;0.0;0.0;0.0;0.0
2030-11-24 01:00:00;121.3326565006836;0.0;0.0;0.0;0.0;0.0;0.0;0.0
2030-11-24 02:00:00;121.2928550910838;0.0;0.0;0.0;0.0;0.0;0.0;0.0
2030-11-24 03:00:00;121.2862731622083;0.0;0.0;0.0;0.0;0.0;0.0;0.0
2030-11-24 04:00:00;121.2770764657864;0.0;0.0;0.0;0.0;0.0;0.0;0.0
2030-11-24 05:00:00;121.2870770619183;0.0;0.0;0.0;0.0;0.0;0.0;0.0
2030-11-24 06:00:00;121.290284286803;0.0;0.0;0.0;0.0;0.0;0.0;0.0
2030-11-24 07:00:00;121.3140202631359;0.0;0.0;0.0;0.0;0.0;0.0;0.0
2030-11-24 08:00:00;121.3294911455755;0.0;0.0;0.0;0.0;0.0;0.0;0.0
2030-11-24 09:00:00;121.352659786436;0.0;0.0;0.0;0.0;0.0;0.0;0.0
2030-11-24 10:00:00;121.3626687565232;0.0;0.0;0.0;0.0;0.0;0.0;0.0
2030-11-24 11:00:00;121.335233585431;0.0;0.0;0.0;0.0;0.0;0.0;0.0
2030-11-24 12:00:00;121.3434128462823;0.0;0.0;0.0;0.0;0.0;0.0;0.0
2030-11-24 13:00:00;121.3204556477935;0.0;0.0;0.0;0.0;0.0;0.0;0.0
2030-11-24 14:00:00;121.3267403012553;0.0;0.0;0.0;0.0;0.0;0.0;0.0
2030-11-24 15:00:00;131.0737563182967;0.0;0.0;0.0;0.0;0.0;0.0;0.0
2030-11-24 16:00:00;131.1722738090581;0.0;0.0;0.0;0.0;0.0;0.0;0.0
2030-11-24 17:00:00;131.2199634845621;0.0;0.0;0.0;0.0;0.0;0.0;0.0
2030-11-24 18:00:00;131.2872838048071;0.0;0.0;0.0;0.0;0.0;0.0;0.0
2030-11-24 19:00:00;131.2785916391929;0.0;0.0;0.0;0.0;0.0;0.0;0.0
2030-11-24 20:00:00;131.2766886578481;0.0;0.0;0.0;0.0;0.0;0.0;0.0
2030-11-24 21:00:00;131.3059451642208;0.0;0.0;0.0;0.0;0.0;0.0;0.0
2030-11-24 22:00:00;131.246720365274;0.0;0.0;0.0;0.0;0.0;0.0;0.0
2030-11-24 23:00:00;131.236709301698;0.0;0.0;0.0;0.0;0.0;0.0;0.0
2030-11-25 00:00:00;131.178583584386;0.0;0.0;0.0;0.0;0.0;0.0;0.0
2030-11-25 01:00:00;131.1964871008439;0.0;0.0;0.0;0.0;0.0;0.0;0.0
2030-11-25 02:00:00;131.1816484520303;0.0;0.0;0.0;0.0;0.0;0.0;0.0
2030-11-25 03:00:00;131.149209842639;0.0;0.0;0.0;0.0;0.0;0.0;0.0
2030-11-25 04:00:00;131.1791027696153;0.0;0.0;0.0;0.0;0.0;0.0;0.0
2030-11-25 05:00:00;131.2497454566306;0.0;0.0;0.0;0.0;0.0;0.0;0.0
2030-11-25 06:00:00;131.494388467593;0.0;0.0;0.0;0.0;0.0;0.0;0.0
2030-11-25 07:00:00;131.7564367446721;0.0;0.0;0.0;0.0;0.0;0.0;0.0
2030-11-25 08:00:00;131.8977932973228;0.0;0.0;0.0;0.0;0.0;0.0;0.0
2030-11-25 09:00:00;131.9882466691183;0.0;0.0;0.0;0.0;0.0;0.0;0.0
2030-11-25 10:00:00;131.9606900756741;0.0;0.0;0.0;0.0;0.0;0.0;0.0
2030-11-25 11:00:00;131.9342493117753;0.0;0.0;0.0;0.0;0.0;0.0;0.0
2030-11-25 12:00:00;131.8588125353436;0.0;0.0;0.0;0.0;0.0;0.0;0.0
2030-11-25 13:00:00;131.8879664607637;0.0;0.0;0.0;0.0;0.0;0.0;0.0
2030-11-25 14:00:00;131.9182069068855;0.0;0.0;0.0;0.0;0.0;0.0;0.0
2030-11-25 15:00:00;132.0977172934282;0.0;0.0;0.0;0.0;0.0;0.0;0.0
2030-11-25 16:00:00;132.1232159873544;0.0;0.0;0.0;0.0;0.0;0.0;0.0
2030-11-25 17:00:00;132.148940778074;0.0;0.0;0.0;0.0;0.0;0.0;0.0
2030-11-25 18:00:00;132.1287888546148;0.0;0.0;0.0;0.0;0.0;0.0;0.0
2030-11-25 19:00:00;122.2106301258766;0.0;0.0;0.0;0.0;0.0;0.0;0.0
2030-11-25 20:00:00;122.1977614500503;0.0;0.0;0.0;0.0;0.0;0.0;0.0
2030-11-25 21:00:00;122.1371005177674;0.0;0.0;0.0;0.0;0.0;0.0;0.0
2030-11-25 22:00:00;122.1009040959297;0.0;0.0;0.0;0.0;0.0;0.0;0.0
2030-11-25 23:00:00;122.0347812512943;0.0;0.0;0.0;0.0;0.0;0.0;0.0
2030-11-26 00:00:00;122.0298259632382;0.0;0.0;0.0;0.0;0.0;0.0;0.0
2030-11-26 01:00:00;122.0405634674375;0.0;0.0;0.0;0.0;0.0;0.0;0.0
2030-11-26 02:00:00;121.953593661052;0.0;0.0;0.0;0.0;0.0;0.0;0.0
2030-11-26 03:00:00;121.8674235673987;0.0;0.0;0.0;0.0;0.0;0.0;0.0
2030-11-26 04:00:00;121.8714828422364;0.0;0.0;0.0;0.0;0.0;0.0;0.0
2030-11-26 05:00:00;121.8730027151256;0.0;0.0;0.0;0.0;0.0;0.0;0.0
2030-11-26 06:00:00;122.0126907571802;0.0;0.0;0.0;0.0;0.0;0.0;0.0
2030-11-26 07:00:00;122.059555598086;0.0;0.0;0.0;0.0;0.0;0.0;0.0
2030-11-26 08:00:00;122.1452546567529;0.0;0.0;0.0;0.0;0.0;0.0;0.0
2030-11-26 09:00:00;122.141270747513;0.0;0.0;0.0;0.0;0.0;0.0;0.0
2030-11-26 10:00:00;122.2262936092885;0.0;0.0;0.0;0.0;0.0;0.0;0.0
2030-11-26 11:00:00;122.2264275925734;0.0;0.0;0.0;0.0;0.0;0.0;0.0
2030-11-26 12:00:00;122.2158764088798;0.0;0.0;0.0;0.0;0.0;0.0;0.0
2030-11-26 13:00:00;122.1960426957225;0.0;0.0;0.0;0.0;0.0;0.0;0.0
2030-11-26 14:00:00;122.2262936092885;0.0;0.0;0.0;0.0;0.0;0.0;0.0
2030-11-26 15:00:00;122.2543337986519;0.0;0.0;0.0;0.0;0.0;0.0;0.0
2030-11-26 16:00:00;122.3214531439695;0.0;0.0;0.0;0.0;0.0;0.0;0.0
2030-11-26 17:00:00;122.3937182848265;0.0;0.0;0.0;0.0;0.0;0.0;0.0
2030-11-26 18:00:00;122.3124490485199;0.0;0.0;0.0;0.0;0.0;0.0;0.0
2030-11-26 19:00:00;122.2148045425999;0.0;0.0;0.0;0.0;0.0;0.0;0.0
2030-11-26 20:00:00;122.2191548123846;0.0;0.0;0.0;0.0;0.0;0.0;0.0
2030-11-26 21:00:00;122.0974393719192;0.0;0.0;0.0;0.0;0.0;0.0;0.0
2030-11-26 22:00:00;122.1130379571773;0.0;0.0;0.0;0.0;0.0;0.0;0.0
2030-11-26 23:00:00;122.0168400520375;0.0;0.0;0.0;0.0;0.0;0.0;0.0
2030-11-27 00:00:00;121.7134035008269;0.0;0.0;0.0;0.0;0.0;0.0;0.0
2030-11-27 01:00:00;121.3896307991402;0.0;0.0;0.0;0.0;0.0;0.0;0.0
2030-11-27 02:00:00;121.3200034542065;0.0;0.0;0.0;0.0;0.0;0.0;0.0
2030-11-27 03:00:00;121.2400887051717;0.0;0.0;0.0;0.0;0.0;0.0;0.0
2030-11-27 04:00:00;121.2342353104083;0.0;0.0;0.0;0.0;0.0;0.0;0.0
2030-11-27 05:00:00;121.2328473273153;0.0;0.0;0.0;0.0;0.0;0.0;0.0
2030-11-27 06:00:00;121.304689583429;0.0;0.0;0.0;0.0;0.0;0.0;0.0
2030-11-27 07:00:00;131.4635450966886;0.0;0.0;0.0;0.0;0.0;0.0;0.0
2030-11-27 08:00:00;131.5655147505275;0.0;0.0;0.0;0.0;0.0;0.0;0.0
2030-11-27 09:00:00;131.6780900187695;0.0;0.0;0.0;0.0;0.0;0.0;0.0
2030-11-27 10:00:00;131.7627297720894;0.0;0.0;0.0;0.0;0.0;0.0;0.0
2030-11-27 11:00:00;131.7991585711871;0.0;0.0;0.0;0.0;0.0;0.0;0.0
2030-11-27 12:00:00;131.8641969886095;0.0;0.0;0.0;0.0;0.0;0.0;0.0
2030-11-27 13:00:00;132.0057042724558;0.0;0.0;0.0;0.0;0.0;0.0;0.0
2030-11-27 14:00:00;132.0319712767819;0.0;0.0;0.0;0.0;0.0;0.0;0.0
2030-11-27 15:00:00;132.1373784392765;0.0;0.0;0.0;0.0;0.0;0.0;0.0
2030-11-27 16:00:00;131.940134108871;0.0;0.0;0.0;0.0;0.0;0.0;0.0
2030-11-27 17:00:00;132.1580767633199;0.0;0.0;0.0;0.0;0.0;0.0;0.0
2030-11-27 18:00:00;132.0742262552882;0.0;0.0;0.0;0.0;0.0;0.0;0.0
2030-11-27 19:00:00;131.9584479491392;0.0;0.0;0.0;0.0;0.0;0.0;0.0
2030-11-27 20:00:00;132.0325867624973;0.0;0.0;0.0;0.0;0.0;0.0;0.0
2030-11-27 21:00:00;131.5647317857057;0.0;0.0;0.0;0.0;0.0;0.0;0.0
2030-11-27 22:00:00;131.2353631883815;0.0;0.0;0.0;0.0;0.0;0.0;0.0
2030-11-27 23:00:00;131.0152600534622;0.0;0.0;0.0;0.0;0.0;0.0;0.0
2030-11-28 00:00:00;130.7545578896994;0.0;0.0;0.0;0.0;0.0;0.0;0.0
2030-11-28 01:00:00;130.5651285530892;0.0;0.0;0.0;0.0;0.0;0.0;0.0
2030-11-28 02:00:00;130.6702028508601;0.0;0.0;0.0;0.0;0.0;0.0;0.0
2030-11-28 03:00:00;130.4486970784259;0.0;0.0;0.0;0.0;0.0;0.0;0.0
2030-11-28 04:00:00;130.4231292993683;0.0;0.0;0.0;0.0;0.0;0.0;0.0
2030-11-28 05:00:00;130.630357477995;0.0;0.0;0.0;0.0;0.0;0.0;0.0
2030-11-28 06:00:00;130.8070856178851;0.0;0.0;0.0;0.0;0.0;0.0;0.0
2030-11-28 07:00:00;130.9618614339238;0.0;0.0;0.0;0.0;0.0;0.0;0.0
2030-11-28 08:00:00;131.4296745409389;0.0;0.0;0.0;0.0;0.0;0.0;0.0
2030-11-28 09:00:00;131.7510250760515;0.0;0.0;0.0;0.0;0.0;0.0;0.0
2030-11-28 10:00:00;131.9408354276284;0.0;0.0;0.0;0.0;0.0;0.0;0.0
2030-11-28 11:00:00;131.8388490258789;0.0;0.0;0.0;0.0;0.0;0.0;0.0
2030-11-28 12:00:00;131.9554731015144;0.0;0.0;0.0;0.0;0.0;0.0;0.0
2030-11-28 13:00:00;132.0456982830277;0.0;0.0;0.0;0.0;0.0;0.0;0.0
2030-11-28 14:00:00;132.0192344907517;0.0;0.0;0.0;0.0;0.0;0.0;0.0
2030-11-28 15:00:00;132.0745256241906;0.0;0.0;0.0;0.0;0.0;0.0;0.0
2030-11-28 16:00:00;132.0358798204239;0.0;0.0;0.0;0.0;0.0;0.0;0.0
2030-11-28 17:00:00;132.0246817486824;0.0;0.0;0.0;0.0;0.0;0.0;0.0
2030-11-28 18:00:00;132.0614915627469;0.0;0.0;0.0;0.0;0.0;0.0;0.0
2030-11-28 19:00:00;132.0289754942688;0.0;0.0;0.0;0.0;0.0;0.0;0.0
2030-11-28 20:00:00;131.9894964819486;0.0;0.0;0.0;0.0;0.0;0.0;0.0
2030-11-28 21:00:00;131.7908118312294;0.0;0.0;0.0;0.0;0.0;0.0;0.0
2030-11-28 22:00:00;131.4763823701825;0.0;0.0;0.0;0.0;0.0;0.0;0.0
2030-11-28 23:00:00;131.26836075929;0.0;0.0;0.0;0.0;0.0;0.0;0.0
2030-11-29 00:00:00;131.2317602941084;0.0;0.0;0.0;0.0;0.0;0.0;0.0
2030-11-29 01:00:00;131.2684486858208;0.0;0.0;0.0;0.0;0.0;0.0;0.0
2030-11-29 02:00:00;131.2867457781783;0.0;0.0;0.0;0.0;0.0;0.0;0.0
2030-11-29 03:00:00;131.2398558154067;0.0;0.0;0.0;0.0;0.0;0.0;0.0
2030-11-29 04:00:00;131.2687480547232;0.0;0.0;0.0;0.0;0.0;0.0;0.0
2030-11-29 05:00:00;131.3015509311706;0.0;0.0;0.0;0.0;0.0;0.0;0.0
2030-11-29 06:00:00;131.4995468240653;0.0;0.0;0.0;0.0;0.0;0.0;0.0
2030-11-29 07:00:00;131.6754961861115;0.0;0.0;0.0;0.0;0.0;0.0;0.0
2030-11-29 08:00:00;131.8658634057167;0.0;0.0;0.0;0.0;0.0;0.0;0.0
2030-11-29 09:00:00;131.8278644899979;0.0;0.0;0.0;0.0;0.0;0.0;0.0
2030-11-29 10:00:00;131.8177173496481;0.0;0.0;0.0;0.0;0.0;0.0;0.0
2030-11-29 11:00:00;131.8163168056221;0.0;0.0;0.0;0.0;0.0;0.0;0.0
2030-11-29 12:00:00;132.0331540979697;0.0;0.0;0.0;0.0;0.0;0.0;0.0
2030-11-29 13:00:00;132.146809606447;0.0;0.0;0.0;0.0;0.0;0.0;0.0
2030-11-29 14:00:00;132.1675602677111;0.0;0.0;0.0;0.0;0.0;0.0;0.0
2030-11-29 15:00:00;132.1764701561635;0.0;0.0;0.0;0.0;0.0;0.0;0.0
2030-11-29 16:00:00;132.322212567909;0.0;0.0;0.0;0.0;0.0;0.0;0.0
2030-11-29 17:00:00;132.4240712668399;0.0;0.0;0.0;0.0;0.0;0.0;0.0
2030-11-29 18:00:00;127.9195930014918;0.0;0.0;0.0;0.0;0.0;0.0;0.0
2030-11-29 19:00:00;127.1570250414363;0.0;0.0;0.0;0.0;0.0;0.0;0.0
2030-11-29 20:00:00;132.2748536636398;0.0;0.0;0.0;0.0;0.0;0.0;0.0
2030-11-29 21:00:00;132.1126292143507;0.0;0.0;0.0;0.0;0.0;0.0;0.0
2030-11-29 22:00:00;122.045550157826;0.0;0.0;0.0;0.0;0.0;0.0;0.0
2030-11-29 23:00:00;131.7568868447701;0.0;0.0;0.0;0.0;0.0;0.0;0.0
2030-11-30 00:00:00;131.5460557718704;0.0;0.0;0.0;0.0;0.0;0.0;0.0
2030-11-30 01:00:00;131.5265821387914;0.0;0.0;0.0;0.0;0.0;0.0;0.0
2030-11-30 02:00:00;131.5040938818;0.0;0.0;0.0;0.0;0.0;0.0;0.0
2030-11-30 03:00:00;131.4445759944173;0.0;0.0;0.0;0.0;0.0;0.0;0.0
2030-11-30 04:00:00;131.3627959468365;0.0;0.0;0.0;0.0;0.0;0.0;0.0
2030-11-30 05:00:00;131.1865367484439;0.0;0.0;0.0;0.0;0.0;0.0;0.0
2030-11-30 06:00:00;131.2437790134705;0.0;0.0;0.0;0.0;0.0;0.0;0.0
2030-11-30 07:00:00;131.4843020384192;0.0;0.0;0.0;0.0;0.0;0.0;0.0
2030-11-30 08:00:00;131.6630692364279;0.0;0.0;0.0;0.0;0.0;0.0;0.0
2030-11-30 09:00:00;127.4842185038681;0.0;0.0;0.0;0.0;0.0;0.0;0.0
2030-11-30 10:00:00;121.75041219633;0.0;0.0;0.0;0.0;0.0;0.0;0.0
2030-11-30 11:00:00;121.7658977331914;0.0;0.0;0.0;0.0;0.0;0.0;0.0
2030-11-30 12:00:00;131.6236551222613;0.0;0.0;0.0;0.0;0.0;0.0;0.0
2030-11-30 13:00:00;131.5949136141404;0.0;0.0;0.0;0.0;0.0;0.0;0.0
2030-11-30 14:00:00;131.5823798965266;0.0;0.0;0.0;0.0;0.0;0.0;0.0
2030-11-30 15:00:00;131.6024794827652;0.0;0.0;0.0;0.0;0.0;0.0;0.0
2030-11-30 16:00:00;131.5907245429954;0.0;0.0;0.0;0.0;0.0;0.0;0.0
2030-11-30 17:00:00;131.5742173835858;0.0;0.0;0.0;0.0;0.0;0.0;0.0
2030-11-30 18:00:00;131.6104284598455;0.0;0.0;0.0;0.0;0.0;0.0;0.0
2030-11-30 19:00:00;131.6488921300841;0.0;0.0;0.0;0.0;0.0;0.0;0.0
2030-11-30 20:00:00;131.6491370682769;0.0;0.0;0.0;0.0;0.0;0.0;0.0
2030-11-30 21:00:00;131.7086047119278;0.0;0.0;0.0;0.0;0.0;0.0;0.0
2030-11-30 22:00:00;131.7052844386465;0.0;0.0;0.0;0.0;0.0;0.0;0.0
2030-11-30 23:00:00;131.6597259347694;0.0;0.0;0.0;0.0;0.0;0.0;0.0
2030-12-01 00:00:00;131.6528446369915;0.0;0.0;0.0;0.0;0.0;0.0;0.0
2030-12-01 01:00:00;131.4707341373243;0.0;0.0;0.0;0.0;0.0;0.0;0.0
2030-12-01 02:00:00;131.348298536702;0.0;0.0;0.0;0.0;0.0;0.0;0.0
2030-12-01 03:00:00;131.2996730716918;0.0;0.0;0.0;0.0;0.0;0.0;0.0
2030-12-01 04:00:00;131.2108609951376;0.0;0.0;0.0;0.0;0.0;0.0;0.0
2030-12-01 05:00:00;131.2174994482115;0.0;0.0;0.0;0.0;0.0;0.0;0.0
2030-12-01 06:00:00;131.2931204516599;0.0;0.0;0.0;0.0;0.0;0.0;0.0
2030-12-01 07:00:00;131.4321134554236;0.0;0.0;0.0;0.0;0.0;0.0;0.0
2030-12-01 08:00:00;131.5355087751544;0.0;0.0;0.0;0.0;0.0;0.0;0.0
2030-12-01 09:00:00;131.6720482100116;0.0;0.0;0.0;0.0;0.0;0.0;0.0
2030-12-01 10:00:00;131.7838949441415;0.0;0.0;0.0;0.0;0.0;0.0;0.0
2030-12-01 11:00:00;131.9130318025024;0.0;0.0;0.0;0.0;0.0;0.0;0.0
2030-12-01 12:00:00;131.945943540369;0.0;0.0;0.0;0.0;0.0;0.0;0.0
2030-12-01 13:00:00;131.9162327469206;0.0;0.0;0.0;0.0;0.0;0.0;0.0
2030-12-01 14:00:00;131.9384132610543;0.0;0.0;0.0;0.0;0.0;0.0;0.0
2030-12-01 15:00:00;131.9703892094146;0.0;0.0;0.0;0.0;0.0;0.0;0.0
2030-12-01 16:00:00;131.9786480228414;0.0;0.0;0.0;0.0;0.0;0.0;0.0
2030-12-01 17:00:00;132.0053755947097;0.0;0.0;0.0;0.0;0.0;0.0;0.0
2030-12-01 18:00:00;132.0378100171234;0.0;0.0;0.0;0.0;0.0;0.0;0.0
2030-12-01 19:00:00;132.0025431043254;0.0;0.0;0.0;0.0;0.0;0.0;0.0
2030-12-01 20:00:00;132.0106176907352;0.0;0.0;0.0;0.0;0.0;0.0;0.0
2030-12-01 21:00:00;132.0399014124627;0.0;0.0;0.0;0.0;0.0;0.0;0.0
2030-12-01 22:00:00;131.9261684448988;0.0;0.0;0.0;0.0;0.0;0.0;0.0
2030-12-01 23:00:00;131.8037035354329;0.0;0.0;0.0;0.0;0.0;0.0;0.0
2030-12-02 00:00:00;131.7165976522734;0.0;0.0;0.0;0.0;0.0;0.0;0.0
2030-12-02 01:00:00;131.5393942904193;0.0;0.0;0.0;0.0;0.0;0.0;0.0
2030-12-02 02:00:00;131.5969777941249;0.0;0.0;0.0;0.0;0.0;0.0;0.0
2030-12-02 03:00:00;131.4770439126522;0.0;0.0;0.0;0.0;0.0;0.0;0.0
2030-12-02 04:00:00;131.418445066865;0.0;0.0;0.0;0.0;0.0;0.0;0.0
2030-12-02 05:00:00;131.5727414739621;0.0;0.0;0.0;0.0;0.0;0.0;0.0
2030-12-02 06:00:00;131.7931460712728;0.0;0.0;0.0;0.0;0.0;0.0;0.0
2030-12-02 07:00:00;132.0249706501407;0.0;0.0;0.0;0.0;0.0;0.0;0.0
2030-12-02 08:00:00;132.0635850515749;0.0;0.0;0.0;0.0;0.0;0.0;0.0
2030-12-02 09:00:00;131.9367824332572;0.0;0.0;0.0;0.0;0.0;0.0;0.0
2030-12-02 10:00:00;131.8640797532351;0.0;0.0;0.0;0.0;0.0;0.0;0.0
2030-12-02 11:00:00;131.8464128010149;0.0;0.0;0.0;0.0;0.0;0.0;0.0
2030-12-02 12:00:00;131.9629866329185;0.0;0.0;0.0;0.0;0.0;0.0;0.0
2030-12-02 13:00:00;132.0322790196396;0.0;0.0;0.0;0.0;0.0;0.0;0.0
2030-12-02 14:00:00;131.9040423614746;0.0;0.0;0.0;0.0;0.0;0.0;0.0
2030-12-02 15:00:00;131.8682918527572;0.0;0.0;0.0;0.0;0.0;0.0;0.0
2030-12-02 16:00:00;131.9709397969764;0.0;0.0;0.0;0.0;0.0;0.0;0.0
2030-12-02 17:00:00;131.937272309643;0.0;0.0;0.0;0.0;0.0;0.0;0.0
2030-12-02 18:00:00;132.1951357025548;0.0;0.0;0.0;0.0;0.0;0.0;0.0
2030-12-02 19:00:00;132.0386411321882;0.0;0.0;0.0;0.0;0.0;0.0;0.0
2030-12-02 20:00:00;131.9153786034788;0.0;0.0;0.0;0.0;0.0;0.0;0.0
2030-12-02 21:00:00;131.9218328295357;0.0;0.0;0.0;0.0;0.0;0.0;0.0
2030-12-02 22:00:00;131.9835698150763;0.0;0.0;0.0;0.0;0.0;0.0;0.0
2030-12-02 23:00:00;132.1229459272956;0.0;0.0;0.0;0.0;0.0;0.0;0.0
2030-12-03 00:00:00;122.2316759690655;0.0;0.0;0.0;0.0;0.0;0.0;0.0
2030-12-03 01:00:00;122.2733782665211;0.0;0.0;0.0;0.0;0.0;0.0;0.0
2030-12-03 02:00:00;122.2360974174704;0.0;0.0;0.0;0.0;0.0;0.0;0.0
2030-12-03 03:00:00;122.1116269457071;0.0;0.0;0.0;0.0;0.0;0.0;0.0
2030-12-03 04:00:00;122.1840553786928;0.0;0.0;0.0;0.0;0.0;0.0;0.0
2030-12-03 05:00:00;132.1165691603252;0.0;0.0;0.0;0.0;0.0;0.0;0.0
2030-12-03 06:00:00;132.2897216212969;0.0;0.0;0.0;0.0;0.0;0.0;0.0
2030-12-03 07:00:00;132.2019144193801;0.0;0.0;0.0;0.0;0.0;0.0;0.0
2030-12-03 08:00:00;132.012801199583;0.0;0.0;0.0;0.0;0.0;0.0;0.0
2030-12-03 09:00:00;132.0010504467909;0.0;0.0;0.0;0.0;0.0;0.0;0.0
2030-12-03 10:00:00;131.9943554695187;0.0;0.0;0.0;0.0;0.0;0.0;0.0
2030-12-03 11:00:00;122.0037285315072;0.0;0.0;0.0;0.0;0.0;0.0;0.0
2030-12-03 12:00:00;121.9397431389653;0.0;0.0;0.0;0.0;0.0;0.0;0.0
2030-12-03 13:00:00;131.8531308066641;0.0;0.0;0.0;0.0;0.0;0.0;0.0
2030-12-03 14:00:00;132.0248387603446;0.0;0.0;0.0;0.0;0.0;0.0;0.0
2030-12-03 15:00:00;132.0472683996488;0.0;0.0;0.0;0.0;0.0;0.0;0.0
2030-12-03 16:00:00;131.964563030006;0.0;0.0;0.0;0.0;0.0;0.0;0.0
2030-12-03 17:00:00;131.9531891052029;0.0;0.0;0.0;0.0;0.0;0.0;0.0
2030-12-03 18:00:00;131.8771577779442;0.0;0.0;0.0;0.0;0.0;0.0;0.0
2030-12-03 19:00:00;131.754818477808;0.0;0.0;0.0;0.0;0.0;0.0;0.0
2030-12-03 20:00:00;131.7795007110912;0.0;0.0;0.0;0.0;0.0;0.0;0.0
2030-12-03 21:00:00;131.7762223075864;0.0;0.0;0.0;0.0;0.0;0.0;0.0
2030-12-03 22:00:00;131.7191182128225;0.0;0.0;0.0;0.0;0.0;0.0;0.0
2030-12-03 23:00:00;131.7978920104461;0.0;0.0;0.0;0.0;0.0;0.0;0.0
2030-12-04 00:00:00;131.7479308995636;0.0;0.0;0.0;0.0;0.0;0.0;0.0
2030-12-04 01:00:00;131.6426535333763;0.0;0.0;0.0;0.0;0.0;0.0;0.0
2030-12-04 02:00:00;131.5415840797335;0.0;0.0;0.0;0.0;0.0;0.0;0.0
2030-12-04 03:00:00;131.5580221540118;0.0;0.0;0.0;0.0;0.0;0.0;0.0
2030-12-04 04:00:00;121.7979197383059;0.0;0.0;0.0;0.0;0.0;0.0;0.0
2030-12-04 05:00:00;125.416460746959;0.0;0.0;0.0;0.0;0.0;0.0;0.0
2030-12-04 06:00:00;131.9025162081189;0.0;0.0;0.0;0.0;0.0;0.0;0.0
2030-12-04 07:00:00;131.7876464761214;0.0;0.0;0.0;0.0;0.0;0.0;0.0
2030-12-04 08:00:00;131.8616199038621;0.0;0.0;0.0;0.0;0.0;0.0;0.0
2030-12-04 09:00:00;122.0153871707908;0.0;0.0;0.0;0.0;0.0;0.0;0.0
2030-12-04 10:00:00;121.9354807957112;0.0;0.0;0.0;0.0;0.0;0.0;0.0
2030-12-04 11:00:00;121.9078718650463;0.0;0.0;0.0;0.0;0.0;0.0;0.0
2030-12-04 12:00:00;121.9057595348188;0.0;0.0;0.0;0.0;0.0;0.0;0.0
2030-12-04 13:00:00;121.9067413810791;0.0;0.0;0.0;0.0;0.0;0.0;0.0
2030-12-04 14:00:00;121.8407294913517;0.0;0.0;0.0;0.0;0.0;0.0;0.0
2030-12-04 15:00:00;121.969058263025;0.0;0.0;0.0;0.0;0.0;0.0;0.0
2030-12-04 16:00:00;122.1418192415859;0.0;0.0;0.0;0.0;0.0;0.0;0.0
2030-12-04 17:00:00;122.1584352624146;0.0;0.0;0.0;0.0;0.0;0.0;0.0
2030-12-04 18:00:00;122.273051682264;0.0;0.0;0.0;0.0;0.0;0.0;0.0
2030-12-04 19:00:00;122.0972069946592;0.0;0.0;0.0;0.0;0.0;0.0;0.0
2030-12-04 20:00:00;122.0642868828374;0.0;0.0;0.0;0.0;0.0;0.0;0.0
2030-12-04 21:00:00;122.0067787447297;0.0;0.0;0.0;0.0;0.0;0.0;0.0
2030-12-04 22:00:00;121.9356482748175;0.0;0.0;0.0;0.0;0.0;0.0;0.0
2030-12-04 23:00:00;121.9006723569665;0.0;0.0;0.0;0.0;0.0;0.0;0.0
2030-12-05 00:00:00;121.812264323756;0.0;0.0;0.0;0.0;0.0;0.0;0.0
2030-12-05 01:00:00;121.9069967867161;0.0;0.0;0.0;0.0;0.0;0.0;0.0
2030-12-05 02:00:00;121.880646042837;0.0;0.0;0.0;0.0;0.0;0.0;0.0
2030-12-05 03:00:00;121.8283632528441;0.0;0.0;0.0;0.0;0.0;0.0;0.0
2030-12-05 04:00:00;121.9249421729506;0.0;0.0;0.0;0.0;0.0;0.0;0.0
2030-12-05 05:00:00;121.9911047938738;0.0;0.0;0.0;0.0;0.0;0.0;0.0
2030-12-05 06:00:00;122.1911167165099;0.0;0.0;0.0;0.0;0.0;0.0;0.0
2030-12-05 07:00:00;122.1531596705677;0.0;0.0;0.0;0.0;0.0;0.0;0.0
2030-12-05 08:00:00;122.233947404444;0.0;0.0;0.0;0.0;0.0;0.0;0.0
2030-12-05 09:00:00;122.2008660939824;0.0;0.0;0.0;0.0;0.0;0.0;0.0
2030-12-05 10:00:00;122.1813798999705;0.0;0.0;0.0;0.0;0.0;0.0;0.0
2030-12-05 11:00:00;122.152973350062;0.0;0.0;0.0;0.0;0.0;0.0;0.0
2030-12-05 12:00:00;122.0295496227128;0.0;0.0;0.0;0.0;0.0;0.0;0.0
2030-12-05 13:00:00;122.0282705010389;0.0;0.0;0.0;0.0;0.0;0.0;0.0
2030-12-05 14:00:00;122.0642889763263;0.0;0.0;0.0;0.0;0.0;0.0;0.0
2030-12-05 15:00:00;122.1598358064406;0.0;0.0;0.0;0.0;0.0;0.0;0.0
2030-12-05 16:00:00;131.8554294573975;0.0;0.0;0.0;0.0;0.0;0.0;0.0
2030-12-05 17:00:00;131.7498841246401;0.0;0.0;0.0;0.0;0.0;0.0;0.0
2030-12-05 18:00:00;121.8472381481182;0.0;0.0;0.0;0.0;0.0;0.0;0.0
2030-12-05 19:00:00;131.7714491530583;0.0;0.0;0.0;0.0;0.0;0.0;0.0
2030-12-05 20:00:00;131.4115323667546;0.0;0.0;0.0;0.0;0.0;0.0;0.0
2030-12-05 21:00:00;131.1559718115537;0.0;0.0;0.0;0.0;0.0;0.0;0.0
2030-12-05 22:00:00;130.9785653812833;0.0;0.0;0.0;0.0;0.0;0.0;0.0
2030-12-05 23:00:00;130.9129407869889;0.0;0.0;0.0;0.0;0.0;0.0;0.0
2030-12-06 00:00:00;130.636313453711;0.0;0.0;0.0;0.0;0.0;0.0;0.0
2030-12-06 01:00:00;130.9073972285721;0.0;0.0;0.0;0.0;0.0;0.0;0.0
2030-12-06 02:00:00;130.5685011635913;0.0;0.0;0.0;0.0;0.0;0.0;0.0
2030-12-06 03:00:00;130.5187054383262;0.0;0.0;0.0;0.0;0.0;0.0;0.0
2030-12-06 04:00:00;130.2990314686165;0.0;0.0;0.0;0.0;0.0;0.0;0.0
2030-12-06 05:00:00;130.3107215102326;0.0;0.0;0.0;0.0;0.0;0.0;0.0
2030-12-06 06:00:00;130.5374358828711;0.0;0.0;0.0;0.0;0.0;0.0;0.0
2030-12-06 07:00:00;130.915254092144;0.0;0.0;0.0;0.0;0.0;0.0;0.0
2030-12-06 08:00:00;131.3025474318528;0.0;0.0;0.0;0.0;0.0;0.0;0.0
2030-12-06 09:00:00;131.3271333646499;0.0;0.0;0.0;0.0;0.0;0.0;0.0
2030-12-06 10:00:00;131.3020408075564;0.0;0.0;0.0;0.0;0.0;0.0;0.0
2030-12-06 11:00:00;131.2477482682886;0.0;0.0;0.0;0.0;0.0;0.0;0.0
2030-12-06 12:00:00;121.4745720148513;0.0;0.0;0.0;0.0;0.0;0.0;0.0
2030-12-06 13:00:00;121.6909319917462;0.0;0.0;0.0;0.0;0.0;0.0;0.0
2030-12-06 14:00:00;121.6653642126887;0.0;0.0;0.0;0.0;0.0;0.0;0.0
2030-12-06 15:00:00;121.669306252152;0.0;0.0;0.0;0.0;0.0;0.0;0.0
2030-12-06 16:00:00;121.6582191353183;0.0;0.0;0.0;0.0;0.0;0.0;0.0
2030-12-06 17:00:00;121.6041191970227;0.0;0.0;0.0;0.0;0.0;0.0;0.0
2030-12-06 18:00:00;121.5451770190677;0.0;0.0;0.0;0.0;0.0;0.0;0.0
2030-12-06 19:00:00;131.4826900520216;0.0;0.0;0.0;0.0;0.0;0.0;0.0
2030-12-06 20:00:00;131.2490797271832;0.0;0.0;0.0;0.0;0.0;0.0;0.0
2030-12-06 21:00:00;131.0746230226716;0.0;0.0;0.0;0.0;0.0;0.0;0.0
2030-12-06 22:00:00;130.8612567348009;0.0;0.0;0.0;0.0;0.0;0.0;0.0
2030-12-06 23:00:00;128.6097974267153;0.0;0.0;0.0;0.0;0.0;0.0;0.0
2030-12-07 00:00:00;125.6953867309703;0.0;0.0;0.0;0.0;0.0;0.0;0.0
2030-12-07 01:00:00;126.4144352452673;0.0;0.0;0.0;0.0;0.0;0.0;0.0
2030-12-07 02:00:00;130.4551052477287;0.0;0.0;0.0;0.0;0.0;0.0;0.0
2030-12-07 03:00:00;130.2405854475138;0.0;0.0;0.0;0.0;0.0;0.0;0.0
2030-12-07 04:00:00;130.1951630204105;0.0;0.0;0.0;0.0;0.0;0.0;0.0
2030-12-07 05:00:00;130.1800857138707;0.0;0.0;0.0;0.0;0.0;0.0;0.0
2030-12-07 06:00:00;130.3260018851889;0.0;0.0;0.0;0.0;0.0;0.0;0.0
2030-12-07 07:00:00;130.8027897788099;0.0;0.0;0.0;0.0;0.0;0.0;0.0
2030-12-07 08:00:00;130.8638170716377;0.0;0.0;0.0;0.0;0.0;0.0;0.0
2030-12-07 09:00:00;130.9293621133565;0.0;0.0;0.0;0.0;0.0;0.0;0.0
2030-12-07 10:00:00;130.8782872664175;0.0;0.0;0.0;0.0;0.0;0.0;0.0
2030-12-07 11:00:00;121.3431574406453;0.0;0.0;0.0;0.0;0.0;0.0;0.0
2030-12-07 12:00:00;121.3927626584271;0.0;0.0;0.0;0.0;0.0;0.0;0.0
2030-12-07 13:00:00;121.3959322005128;0.0;0.0;0.0;0.0;0.0;0.0;0.0
2030-12-07 14:00:00;121.384847177168;0.0;0.0;0.0;0.0;0.0;0.0;0.0
2030-12-07 15:00:00;121.3675821748026;0.0;0.0;0.0;0.0;0.0;0.0;0.0
2030-12-07 16:00:00;121.3816357653057;0.0;0.0;0.0;0.0;0.0;0.0;0.0
2030-12-07 17:00:00;122.8272902885691;0.0;0.0;0.0;0.0;0.0;0.0;0.0
2030-12-07 18:00:00;121.3682374368059;0.0;0.0;0.0;0.0;0.0;0.0;0.0
2030-12-07 19:00:00;121.3627629635204;0.0;0.0;0.0;0.0;0.0;0.0;0.0
2030-12-07 20:00:00;121.3377918287789;0.0;0.0;0.0;0.0;0.0;0.0;0.0
2030-12-07 21:00:00;121.2856116197387;0.0;0.0;0.0;0.0;0.0;0.0;0.0
2030-12-07 22:00:00;121.2175104281607;0.0;0.0;0.0;0.0;0.0;0.0;0.0
2030-12-07 23:00:00;121.1569290484533;0.0;0.0;0.0;0.0;0.0;0.0;0.0
2030-12-08 00:00:00;121.0031329851861;0.0;0.0;0.0;0.0;0.0;0.0;0.0
2030-12-08 01:00:00;120.9455599489247;0.0;0.0;0.0;0.0;0.0;0.0;0.0
2030-12-08 02:00:00;120.8752103503454;0.0;0.0;0.0;0.0;0.0;0.0;0.0
2030-12-08 03:00:00;120.8715760537398;0.0;0.0;0.0;0.0;0.0;0.0;0.0
2030-12-08 04:00:00;120.8635035608186;0.0;0.0;0.0;0.0;0.0;0.0;0.0
2030-12-08 05:00:00;120.8492406214328;0.0;0.0;0.0;0.0;0.0;0.0;0.0
2030-12-08 06:00:00;120.8522008146358;0.0;0.0;0.0;0.0;0.0;0.0;0.0
2030-12-08 07:00:00;120.8652306891018;0.0;0.0;0.0;0.0;0.0;0.0;0.0
2030-12-08 08:00:00;120.8902499740863;0.0;0.0;0.0;0.0;0.0;0.0;0.0
2030-12-08 09:00:00;120.9482647364905;0.0;0.0;0.0;0.0;0.0;0.0;0.0
2030-12-08 10:00:00;121.0209799774456;0.0;0.0;0.0;0.0;0.0;0.0;0.0
2030-12-08 11:00:00;121.0387516041073;0.0;0.0;0.0;0.0;0.0;0.0;0.0
2030-12-08 12:00:00;121.050761949514;0.0;0.0;0.0;0.0;0.0;0.0;0.0
2030-12-08 13:00:00;121.0470229784671;0.0;0.0;0.0;0.0;0.0;0.0;0.0
2030-12-08 14:00:00;121.0130079719882;0.0;0.0;0.0;0.0;0.0;0.0;0.0
2030-12-08 15:00:00;130.3545486988487;0.0;0.0;0.0;0.0;0.0;0.0;0.0
2030-12-08 16:00:00;130.4408904585859;0.0;0.0;0.0;0.0;0.0;0.0;0.0
2030-12-08 17:00:00;130.4551052477287;0.0;0.0;0.0;0.0;0.0;0.0;0.0
2030-12-08 18:00:00;130.577467576242;0.0;0.0;0.0;0.0;0.0;0.0;0.0
2030-12-08 19:00:00;130.5851506802412;0.0;0.0;0.0;0.0;0.0;0.0;0.0
2030-12-08 20:00:00;130.5681264290911;0.0;0.0;0.0;0.0;0.0;0.0;0.0
2030-12-08 21:00:00;130.4201879475648;0.0;0.0;0.0;0.0;0.0;0.0;0.0
2030-12-08 22:00:00;130.2761684771249;0.0;0.0;0.0;0.0;0.0;0.0;0.0
2030-12-08 23:00:00;130.2586020123683;0.0;0.0;0.0;0.0;0.0;0.0;0.0
2030-12-09 00:00:00;130.1714856617648;0.0;0.0;0.0;0.0;0.0;0.0;0.0
2030-12-09 01:00:00;130.3255434111355;0.0;0.0;0.0;0.0;0.0;0.0;0.0
2030-12-09 02:00:00;130.3171254925577;0.0;0.0;0.0;0.0;0.0;0.0;0.0
2030-12-09 03:00:00;130.3666385968311;0.0;0.0;0.0;0.0;0.0;0.0;0.0
2030-12-09 04:00:00;130.2528867878676;0.0;0.0;0.0;0.0;0.0;0.0;0.0
2030-12-09 05:00:00;130.3241700824643;0.0;0.0;0.0;0.0;0.0;0.0;0.0
2030-12-09 06:00:00;130.5289823749833;0.0;0.0;0.0;0.0;0.0;0.0;0.0
2030-12-09 07:00:00;130.8365640340735;0.0;0.0;0.0;0.0;0.0;0.0;0.0
2030-12-09 08:00:00;131.293472157783;0.0;0.0;0.0;0.0;0.0;0.0;0.0
2030-12-09 09:00:00;131.5575218101818;0.0;0.0;0.0;0.0;0.0;0.0;0.0
2030-12-09 10:00:00;131.5577206916205;0.0;0.0;0.0;0.0;0.0;0.0;0.0
2030-12-09 11:00:00;131.5387620567932;0.0;0.0;0.0;0.0;0.0;0.0;0.0
2030-12-09 12:00:00;131.649733712593;0.0;0.0;0.0;0.0;0.0;0.0;0.0
2030-12-09 13:00:00;123.905160694513;0.0;0.0;0.0;0.0;0.0;0.0;0.0
2030-12-09 14:00:00;122.3784358163815;0.0;0.0;0.0;0.0;0.0;0.0;0.0
2030-12-09 15:00:00;131.9793744634648;0.0;0.0;0.0;0.0;0.0;0.0;0.0
2030-12-09 16:00:00;132.0242379290509;0.0;0.0;0.0;0.0;0.0;0.0;0.0
2030-12-09 17:00:00;132.0457569007149;0.0;0.0;0.0;0.0;0.0;0.0;0.0
2030-12-09 18:00:00;132.0360472995301;0.0;0.0;0.0;0.0;0.0;0.0;0.0
2030-12-09 19:00:00;131.7169242365306;0.0;0.0;0.0;0.0;0.0;0.0;0.0
2030-12-09 20:00:00;131.7168802732653;0.0;0.0;0.0;0.0;0.0;0.0;0.0
2030-12-09 21:00:00;121.7313677284608;0.0;0.0;0.0;0.0;0.0;0.0;0.0
2030-12-09 22:00:00;121.5778752210736;0.0;0.0;0.0;0.0;0.0;0.0;0.0
2030-12-09 23:00:00;121.432645714091;0.0;0.0;0.0;0.0;0.0;0.0;0.0
2030-12-10 00:00:00;121.3637741186244;0.0;0.0;0.0;0.0;0.0;0.0;0.0
2030-12-10 01:00:00;121.3744027614046;0.0;0.0;0.0;0.0;0.0;0.0;0.0
2030-12-10 02:00:00;121.4247239523655;0.0;0.0;0.0;0.0;0.0;0.0;0.0
2030-12-10 03:00:00;121.4074275476678;0.0;0.0;0.0;0.0;0.0;0.0;0.0
2030-12-10 04:00:00;121.4711031038632;0.0;0.0;0.0;0.0;0.0;0.0;0.0
2030-12-10 05:00:00;121.5163915476814;0.0;0.0;0.0;0.0;0.0;0.0;0.0
2030-12-10 06:00:00;121.73208370164;0.0;0.0;0.0;0.0;0.0;0.0;0.0
2030-12-10 07:00:00;121.8218273807228;0.0;0.0;0.0;0.0;0.0;0.0;0.0
2030-12-10 08:00:00;121.9747253372827;0.0;0.0;0.0;0.0;0.0;0.0;0.0
2030-12-10 09:00:00;122.0347393815177;0.0;0.0;0.0;0.0;0.0;0.0;0.0
2030-12-10 10:00:00;122.1046053841777;0.0;0.0;0.0;0.0;0.0;0.0;0.0
2030-12-10 11:00:00;122.1420578993124;0.0;0.0;0.0;0.0;0.0;0.0;0.0
2030-12-10 12:00:00;122.106259240352;0.0;0.0;0.0;0.0;0.0;0.0;0.0
2030-12-10 13:00:00;122.159758347354;0.0;0.0;0.0;0.0;0.0;0.0;0.0
2030-12-10 14:00:00;122.2027795427713;0.0;0.0;0.0;0.0;0.0;0.0;0.0
2030-12-10 15:00:00;122.2712261600059;0.0;0.0;0.0;0.0;0.0;0.0;0.0
2030-12-10 16:00:00;122.2434769655894;0.0;0.0;0.0;0.0;0.0;0.0;0.0
2030-12-10 17:00:00;122.2355489233974;0.0;0.0;0.0;0.0;0.0;0.0;0.0
2030-12-10 18:00:00;122.4253236856643;0.0;0.0;0.0;0.0;0.0;0.0;0.0
2030-12-10 19:00:00;121.9938640121492;0.0;0.0;0.0;0.0;0.0;0.0;0.0
2030-12-10 20:00:00;121.9141062747764;0.0;0.0;0.0;0.0;0.0;0.0;0.0
2030-12-10 21:00:00;121.7035096726253;0.0;0.0;0.0;0.0;0.0;0.0;0.0
2030-12-10 22:00:00;121.5774628037745;0.0;0.0;0.0;0.0;0.0;0.0;0.0
2030-12-10 23:00:00;121.384652482707;0.0;0.0;0.0;0.0;0.0;0.0;0.0
2030-12-11 00:00:00;121.2638832991918;0.0;0.0;0.0;0.0;0.0;0.0;0.0
2030-12-11 01:00:00;121.2048741295943;0.0;0.0;0.0;0.0;0.0;0.0;0.0
2030-12-11 02:00:00;121.1008235478603;0.0;0.0;0.0;0.0;0.0;0.0;0.0
2030-12-11 03:00:00;121.1171108909429;0.0;0.0;0.0;0.0;0.0;0.0;0.0
2030-12-11 04:00:00;121.172544381622;0.0;0.0;0.0;0.0;0.0;0.0;0.0
2030-12-11 05:00:00;121.1935357941014;0.0;0.0;0.0;0.0;0.0;0.0;0.0
2030-12-11 06:00:00;121.3320054256581;0.0;0.0;0.0;0.0;0.0;0.0;0.0
2030-12-11 07:00:00;121.6198999158088;0.0;0.0;0.0;0.0;0.0;0.0;0.0
2030-12-11 08:00:00;121.7520472111047;0.0;0.0;0.0;0.0;0.0;0.0;0.0
2030-12-11 09:00:00;121.8675387092842;0.0;0.0;0.0;0.0;0.0;0.0;0.0
2030-12-11 10:00:00;121.9488016651244;0.0;0.0;0.0;0.0;0.0;0.0;0.0
2030-12-11 11:00:00;122.0550462231503;0.0;0.0;0.0;0.0;0.0;0.0;0.0
2030-12-11 12:00:00;122.1153156730223;0.0;0.0;0.0;0.0;0.0;0.0;0.0
2030-12-11 13:00:00;122.1678454946968;0.0;0.0;0.0;0.0;0.0;0.0;0.0
2030-12-11 14:00:00;122.1572440672714;0.0;0.0;0.0;0.0;0.0;0.0;0.0
2030-12-11 15:00:00;122.3661679718489;0.0;0.0;0.0;0.0;0.0;0.0;0.0
2030-12-11 16:00:00;122.391398699205;0.0;0.0;0.0;0.0;0.0;0.0;0.0
2030-12-11 17:00:00;122.4166859507595;0.0;0.0;0.0;0.0;0.0;0.0;0.0
2030-12-11 18:00:00;122.1612530983771;0.0;0.0;0.0;0.0;0.0;0.0;0.0
2030-12-11 19:00:00;122.2441699103915;0.0;0.0;0.0;0.0;0.0;0.0;0.0
2030-12-11 20:00:00;122.3863471106628;0.0;0.0;0.0;0.0;0.0;0.0;0.0
2030-12-11 21:00:00;123.8313254370348;0.0;0.0;0.0;0.0;0.0;0.0;0.0
2030-12-11 22:00:00;121.9957858348934;0.0;0.0;0.0;0.0;0.0;0.0;0.0
2030-12-11 23:00:00;121.9207719432051;0.0;0.0;0.0;0.0;0.0;0.0;0.0
2030-12-12 00:00:00;121.7819233901704;0.0;0.0;0.0;0.0;0.0;0.0;0.0
2030-12-12 01:00:00;121.9507821055558;0.0;0.0;0.0;0.0;0.0;0.0;0.0
2030-12-12 02:00:00;121.9795487355427;0.0;0.0;0.0;0.0;0.0;0.0;0.0
2030-12-12 03:00:00;122.0383632106791;0.0;0.0;0.0;0.0;0.0;0.0;0.0
2030-12-12 04:00:00;131.9110178662498;0.0;0.0;0.0;0.0;0.0;0.0;0.0
2030-12-12 05:00:00;131.9029579342617;0.0;0.0;0.0;0.0;0.0;0.0;0.0
2030-12-12 06:00:00;131.9479218873115;0.0;0.0;0.0;0.0;0.0;0.0;0.0
2030-12-12 07:00:00;131.7383908709739;0.0;0.0;0.0;0.0;0.0;0.0;0.0
2030-12-12 08:00:00;131.7734568088445;0.0;0.0;0.0;0.0;0.0;0.0;0.0
2030-12-12 09:00:00;131.870291134588;0.0;0.0;0.0;0.0;0.0;0.0;0.0
2030-12-12 10:00:00;131.9939367717531;0.0;0.0;0.0;0.0;0.0;0.0;0.0
2030-12-12 11:00:00;132.1159473941433;0.0;0.0;0.0;0.0;0.0;0.0;0.0
2030-12-12 12:00:00;132.173091265195;0.0;0.0;0.0;0.0;0.0;0.0;0.0
2030-12-12 13:00:00;132.1220938773426;0.0;0.0;0.0;0.0;0.0;0.0;0.0
2030-12-12 14:00:00;132.1606622220226;0.0;0.0;0.0;0.0;0.0;0.0;0.0
2030-12-12 15:00:00;132.1745608943523;0.0;0.0;0.0;0.0;0.0;0.0;0.0
2030-12-12 16:00:00;132.1565987602072;0.0;0.0;0.0;0.0;0.0;0.0;0.0
2030-12-12 17:00:00;132.1208670928893;0.0;0.0;0.0;0.0;0.0;0.0;0.0
2030-12-12 18:00:00;132.1298732818277;0.0;0.0;0.0;0.0;0.0;0.0;0.0
2030-12-12 19:00:00;132.1045818432955;0.0;0.0;0.0;0.0;0.0;0.0;0.0
2030-12-12 20:00:00;132.0179867714102;0.0;0.0;0.0;0.0;0.0;0.0;0.0
2030-12-12 21:00:00;131.7105956198033;0.0;0.0;0.0;0.0;0.0;0.0;0.0
2030-12-12 22:00:00;131.3664511783304;0.0;0.0;0.0;0.0;0.0;0.0;0.0
2030-12-12 23:00:00;131.1106352174925;0.0;0.0;0.0;0.0;0.0;0.0;0.0
2030-12-13 00:00:00;130.9656339007921;0.0;0.0;0.0;0.0;0.0;0.0;0.0
2030-12-13 01:00:00;130.6891258963773;0.0;0.0;0.0;0.0;0.0;0.0;0.0
2030-12-13 02:00:00;130.3907911774408;0.0;0.0;0.0;0.0;0.0;0.0;0.0
2030-12-13 03:00:00;130.4579942623114;0.0;0.0;0.0;0.0;0.0;0.0;0.0
2030-12-13 04:00:00;130.3776105717791;0.0;0.0;0.0;0.0;0.0;0.0;0.0
2030-12-13 05:00:00;130.3950493337171;0.0;0.0;0.0;0.0;0.0;0.0;0.0
2030-12-13 06:00:00;130.677693353887;0.0;0.0;0.0;0.0;0.0;0.0;0.0
2030-12-13 07:00:00;131.1123644392645;0.0;0.0;0.0;0.0;0.0;0.0;0.0
2030-12-13 08:00:00;131.527293924993;0.0;0.0;0.0;0.0;0.0;0.0;0.0
2030-12-13 09:00:00;131.7663494142732;0.0;0.0;0.0;0.0;0.0;0.0;0.0
2030-12-13 10:00:00;131.8453430282237;0.0;0.0;0.0;0.0;0.0;0.0;0.0
2030-12-13 11:00:00;131.959168109296;0.0;0.0;0.0;0.0;0.0;0.0;0.0
2030-12-13 12:00:00;131.9728406848323;0.0;0.0;0.0;0.0;0.0;0.0;0.0
2030-12-13 13:00:00;132.1249284612158;0.0;0.0;0.0;0.0;0.0;0.0;0.0
2030-12-13 14:00:00;132.1485472021743;0.0;0.0;0.0;0.0;0.0;0.0;0.0
2030-12-13 15:00:00;132.1541221629236;0.0;0.0;0.0;0.0;0.0;0.0;0.0
2030-12-13 16:00:00;132.1727039697618;0.0;0.0;0.0;0.0;0.0;0.0;0.0
2030-12-13 17:00:00;132.1292557026235;0.0;0.0;0.0;0.0;0.0;0.0;0.0
2030-12-13 18:00:00;132.1768679190408;0.0;0.0;0.0;0.0;0.0;0.0;0.0
2030-12-13 19:00:00;132.1268586579152;0.0;0.0;0.0;0.0;0.0;0.0;0.0
2030-12-13 20:00:00;131.9950379468766;0.0;0.0;0.0;0.0;0.0;0.0;0.0
2030-12-13 21:00:00;131.565227942558;0.0;0.0;0.0;0.0;0.0;0.0;0.0
2030-12-13 22:00:00;131.2629072208928;0.0;0.0;0.0;0.0;0.0;0.0;0.0
2030-12-13 23:00:00;131.1938786137641;0.0;0.0;0.0;0.0;0.0;0.0;0.0
2030-12-14 00:00:00;130.9919050920958;0.0;0.0;0.0;0.0;0.0;0.0;0.0
2030-12-14 01:00:00;130.6818300878114;0.0;0.0;0.0;0.0;0.0;0.0;0.0
2030-12-14 02:00:00;130.4960601696727;0.0;0.0;0.0;0.0;0.0;0.0;0.0
2030-12-14 03:00:00;130.4639962947816;0.0;0.0;0.0;0.0;0.0;0.0;0.0
2030-12-14 04:00:00;130.3589429318989;0.0;0.0;0.0;0.0;0.0;0.0;0.0
2030-12-14 05:00:00;130.2854258847227;0.0;0.0;0.0;0.0;0.0;0.0;0.0
2030-12-14 06:00:00;130.2900587754993;0.0;0.0;0.0;0.0;0.0;0.0;0.0
2030-12-14 07:00:00;130.281672259254;0.0;0.0;0.0;0.0;0.0;0.0;0.0
2030-12-14 08:00:00;130.3299481116298;0.0;0.0;0.0;0.0;0.0;0.0;0.0
2030-12-14 09:00:00;130.5144410015834;0.0;0.0;0.0;0.0;0.0;0.0;0.0
2030-12-14 10:00:00;130.6053884367423;0.0;0.0;0.0;0.0;0.0;0.0;0.0
2030-12-14 11:00:00;130.6604932496754;0.0;0.0;0.0;0.0;0.0;0.0;0.0
2030-12-14 12:00:00;130.6159040311259;0.0;0.0;0.0;0.0;0.0;0.0;0.0
2030-12-14 13:00:00;130.6672594055679;0.0;0.0;0.0;0.0;0.0;0.0;0.0
2030-12-14 14:00:00;130.6654736595975;0.0;0.0;0.0;0.0;0.0;0.0;0.0
2030-12-14 15:00:00;130.6775886794457;0.0;0.0;0.0;0.0;0.0;0.0;0.0
2030-12-14 16:00:00;130.6549287563704;0.0;0.0;0.0;0.0;0.0;0.0;0.0
2030-12-14 17:00:00;130.6679188545487;0.0;0.0;0.0;0.0;0.0;0.0;0.0
2030-12-14 18:00:00;130.6885292520613;0.0;0.0;0.0;0.0;0.0;0.0;0.0
2030-12-14 19:00:00;130.6163059809808;0.0;0.0;0.0;0.0;0.0;0.0;0.0
2030-12-14 20:00:00;130.575665082361;0.0;0.0;0.0;0.0;0.0;0.0;0.0
2030-12-14 21:00:00;130.590911961496;0.0;0.0;0.0;0.0;0.0;0.0;0.0
2030-12-14 22:00:00;130.5639331709683;0.0;0.0;0.0;0.0;0.0;0.0;0.0
2030-12-14 23:00:00;130.5369104171753;0.0;0.0;0.0;0.0;0.0;0.0;0.0
2030-12-15 00:00:00;130.5277283751753;0.0;0.0;0.0;0.0;0.0;0.0;0.0
2030-12-15 01:00:00;130.4932088378888;0.0;0.0;0.0;0.0;0.0;0.0;0.0
2030-12-15 02:00:00;130.4145773975056;0.0;0.0;0.0;0.0;0.0;0.0;0.0
2030-12-15 03:00:00;122.824650399157;0.0;0.0;0.0;0.0;0.0;0.0;0.0
2030-12-15 04:00:00;120.9514531199757;0.0;0.0;0.0;0.0;0.0;0.0;0.0
2030-12-15 05:00:00;120.9666204465352;0.0;0.0;0.0;0.0;0.0;0.0;0.0
2030-12-15 06:00:00;120.9585312057035;0.0;0.0;0.0;0.0;0.0;0.0;0.0
2030-12-15 07:00:00;120.9289774239172;0.0;0.0;0.0;0.0;0.0;0.0;0.0
2030-12-15 08:00:00;120.9788045515148;0.0;0.0;0.0;0.0;0.0;0.0;0.0
2030-12-15 09:00:00;121.003145546119;0.0;0.0;0.0;0.0;0.0;0.0;0.0
2030-12-15 10:00:00;121.0550536016117;0.0;0.0;0.0;0.0;0.0;0.0;0.0
2030-12-15 11:00:00;121.0612984787859;0.0;0.0;0.0;0.0;0.0;0.0;0.0
2030-12-15 12:00:00;121.0385171333586;0.0;0.0;0.0;0.0;0.0;0.0;0.0
2030-12-15 13:00:00;121.0585266995774;0.0;0.0;0.0;0.0;0.0;0.0;0.0
2030-12-15 14:00:00;121.140564246284;0.0;0.0;0.0;0.0;0.0;0.0;0.0
2030-12-15 15:00:00;121.1348553022498;0.0;0.0;0.0;0.0;0.0;0.0;0.0
2030-12-15 16:00:00;121.1375496223715;0.0;0.0;0.0;0.0;0.0;0.0;0.0
2030-12-15 17:00:00;121.1201778520761;0.0;0.0;0.0;0.0;0.0;0.0;0.0
2030-12-15 18:00:00;121.1472529430898;0.0;0.0;0.0;0.0;0.0;0.0;0.0
2030-12-15 19:00:00;121.1880948166371;0.0;0.0;0.0;0.0;0.0;0.0;0.0
2030-12-15 20:00:00;121.1765869085491;0.0;0.0;0.0;0.0;0.0;0.0;0.0
2030-12-15 21:00:00;121.162826406482;0.0;0.0;0.0;0.0;0.0;0.0;0.0
2030-12-15 22:00:00;121.1587315423342;0.0;0.0;0.0;0.0;0.0;0.0;0.0
2030-12-15 23:00:00;121.1343591453975;0.0;0.0;0.0;0.0;0.0;0.0;0.0
2030-12-16 00:00:00;121.1604461096845;0.0;0.0;0.0;0.0;0.0;0.0;0.0
2030-12-16 01:00:00;121.2085565764429;0.0;0.0;0.0;0.0;0.0;0.0;0.0
2030-12-16 02:00:00;121.2031490948;0.0;0.0;0.0;0.0;0.0;0.0;0.0
2030-12-16 03:00:00;121.2039948642865;0.0;0.0;0.0;0.0;0.0;0.0;0.0
2030-12-16 04:00:00;121.1963138537762;0.0;0.0;0.0;0.0;0.0;0.0;0.0
2030-12-16 05:00:00;121.2794400146734;0.0;0.0;0.0;0.0;0.0;0.0;0.0
2030-12-16 06:00:00;121.3857641252747;0.0;0.0;0.0;0.0;0.0;0.0;0.0
2030-12-16 07:00:00;121.467914720378;0.0;0.0;0.0;0.0;0.0;0.0;0.0
2030-12-16 08:00:00;121.6039768397823;0.0;0.0;0.0;0.0;0.0;0.0;0.0
2030-12-16 09:00:00;121.6105671426132;0.0;0.0;0.0;0.0;0.0;0.0;0.0
2030-12-16 10:00:00;121.5986196018713;0.0;0.0;0.0;0.0;0.0;0.0;0.0
2030-12-16 11:00:00;121.6494746324834;0.0;0.0;0.0;0.0;0.0;0.0;0.0
2030-12-16 12:00:00;121.7684245742069;0.0;0.0;0.0;0.0;0.0;0.0;0.0
2030-12-16 13:00:00;121.9427912586989;0.0;0.0;0.0;0.0;0.0;0.0;0.0
2030-12-16 14:00:00;121.9361214032926;0.0;0.0;0.0;0.0;0.0;0.0;0.0
2030-12-16 15:00:00;121.9565098909895;0.0;0.0;0.0;0.0;0.0;0.0;0.0
2030-12-16 16:00:00;121.9200287546711;0.0;0.0;0.0;0.0;0.0;0.0;0.0
2030-12-16 17:00:00;122.1827595091082;0.0;0.0;0.0;0.0;0.0;0.0;0.0
2030-12-16 18:00:00;122.1955339779372;0.0;0.0;0.0;0.0;0.0;0.0;0.0
2030-12-16 19:00:00;122.2142518615493;0.0;0.0;0.0;0.0;0.0;0.0;0.0
2030-12-16 20:00:00;122.1582447549312;0.0;0.0;0.0;0.0;0.0;0.0;0.0
2030-12-16 21:00:00;122.0163941389171;0.0;0.0;0.0;0.0;0.0;0.0;0.0
2030-12-16 22:00:00;122.0126488874037;0.0;0.0;0.0;0.0;0.0;0.0;0.0
2030-12-16 23:00:00;121.9431241234226;0.0;0.0;0.0;0.0;0.0;0.0;0.0
2030-12-17 00:00:00;121.9015976790285;0.0;0.0;0.0;0.0;0.0;0.0;0.0
2030-12-17 01:00:00;121.7057580796267;0.0;0.0;0.0;0.0;0.0;0.0;0.0
2030-12-17 02:00:00;121.5873231361549;0.0;0.0;0.0;0.0;0.0;0.0;0.0
2030-12-17 03:00:00;121.5468078468648;0.0;0.0;0.0;0.0;0.0;0.0;0.0
2030-12-17 04:00:00;121.510379047767;0.0;0.0;0.0;0.0;0.0;0.0;0.0
2030-12-17 05:00:00;131.4680000409148;0.0;0.0;0.0;0.0;0.0;0.0;0.0
2030-12-17 06:00:00;131.6075834085281;0.0;0.0;0.0;0.0;0.0;0.0;0.0
2030-12-17 07:00:00;131.9773458727904;0.0;0.0;0.0;0.0;0.0;0.0;0.0
2030-12-17 08:00:00;132.0615648348558;0.0;0.0;0.0;0.0;0.0;0.0;0.0
2030-12-17 09:00:00;132.2419691411281;0.0;0.0;0.0;0.0;0.0;0.0;0.0
2030-12-17 10:00:00;132.302751495763;0.0;0.0;0.0;0.0;0.0;0.0;0.0
2030-12-17 11:00:00;132.4334459098121;0.0;0.0;0.0;0.0;0.0;0.0;0.0
2030-12-17 12:00:00;132.3414580107057;0.0;0.0;0.0;0.0;0.0;0.0;0.0
2030-12-17 13:00:00;132.3855133896041;0.0;0.0;0.0;0.0;0.0;0.0;0.0
2030-12-17 14:00:00;132.214764253807;0.0;0.0;0.0;0.0;0.0;0.0;0.0
2030-12-17 15:00:00;132.384868595045;0.0;0.0;0.0;0.0;0.0;0.0;0.0
2030-12-17 16:00:00;132.4001803723338;0.0;0.0;0.0;0.0;0.0;0.0;0.0
2030-12-17 17:00:00;132.4249651865696;0.0;0.0;0.0;0.0;0.0;0.0;0.0
2030-12-17 18:00:00;132.469154548753;0.0;0.0;0.0;0.0;0.0;0.0;0.0
2030-12-17 19:00:00;132.3010222739911;0.0;0.0;0.0;0.0;0.0;0.0;0.0
2030-12-17 20:00:00;132.175063331671;0.0;0.0;0.0;0.0;0.0;0.0;0.0
2030-12-17 21:00:00;131.9959653624275;0.0;0.0;0.0;0.0;0.0;0.0;0.0
2030-12-17 22:00:00;131.8104299150376;0.0;0.0;0.0;0.0;0.0;0.0;0.0
2030-12-17 23:00:00;131.6249216830024;0.0;0.0;0.0;0.0;0.0;0.0;0.0
2030-12-18 00:00:00;131.5501569164846;0.0;0.0;0.0;0.0;0.0;0.0;0.0
2030-12-18 01:00:00;131.7001826063724;0.0;0.0;0.0;0.0;0.0;0.0;0.0
2030-12-18 02:00:00;131.5856206172325;0.0;0.0;0.0;0.0;0.0;0.0;0.0
2030-12-18 03:00:00;131.5232472110883;0.0;0.0;0.0;0.0;0.0;0.0;0.0
2030-12-18 04:00:00;131.3713436617216;0.0;0.0;0.0;0.0;0.0;0.0;0.0
2030-12-18 05:00:00;131.3270684664963;0.0;0.0;0.0;0.0;0.0;0.0;0.0
2030-12-18 06:00:00;131.5846764537711;0.0;0.0;0.0;0.0;0.0;0.0;0.0
2030-12-18 07:00:00;131.612138840218;0.0;0.0;0.0;0.0;0.0;0.0;0.0
2030-12-18 08:00:00;131.7971278870238;0.0;0.0;0.0;0.0;0.0;0.0;0.0
2030-12-18 09:00:00;131.9823953678437;0.0;0.0;0.0;0.0;0.0;0.0;0.0
2030-12-18 10:00:00;132.0821668584131;0.0;0.0;0.0;0.0;0.0;0.0;0.0
2030-12-18 11:00:00;132.1333861560813;0.0;0.0;0.0;0.0;0.0;0.0;0.0
2030-12-18 12:00:00;132.0767824051472;0.0;0.0;0.0;0.0;0.0;0.0;0.0
2030-12-18 13:00:00;132.0776281746338;0.0;0.0;0.0;0.0;0.0;0.0;0.0
2030-12-18 14:00:00;132.0886566737802;0.0;0.0;0.0;0.0;0.0;0.0;0.0
2030-12-18 15:00:00;132.0600617098773;0.0;0.0;0.0;0.0;0.0;0.0;0.0
2030-12-18 16:00:00;132.2532132696238;0.0;0.0;0.0;0.0;0.0;0.0;0.0
2030-12-18 17:00:00;132.2511616505722;0.0;0.0;0.0;0.0;0.0;0.0;0.0
2030-12-18 18:00:00;132.4867252004871;0.0;0.0;0.0;0.0;0.0;0.0;0.0
2030-12-18 19:00:00;132.4320621136968;0.0;0.0;0.0;0.0;0.0;0.0;0.0
2030-12-18 20:00:00;132.3287819358516;0.0;0.0;0.0;0.0;0.0;0.0;0.0
2030-12-18 21:00:00;132.1803786998055;0.0;0.0;0.0;0.0;0.0;0.0;0.0
2030-12-18 22:00:00;131.8807816071057;0.0;0.0;0.0;0.0;0.0;0.0;0.0
2030-12-18 23:00:00;131.5455889238617;0.0;0.0;0.0;0.0;0.0;0.0;0.0
2030-12-19 00:00:00;131.3907607706022;0.0;0.0;0.0;0.0;0.0;0.0;0.0
2030-12-19 01:00:00;130.8364991359199;0.0;0.0;0.0;0.0;0.0;0.0;0.0
2030-12-19 02:00:00;130.3442173314821;0.0;0.0;0.0;0.0;0.0;0.0;0.0
2030-12-19 03:00:00;130.2420655441152;0.0;0.0;0.0;0.0;0.0;0.0;0.0
2030-12-19 04:00:00;130.1659630382363;0.0;0.0;0.0;0.0;0.0;0.0;0.0
2030-12-19 05:00:00;130.1455410547182;0.0;0.0;0.0;0.0;0.0;0.0;0.0
2030-12-19 06:00:00;130.2232283316401;0.0;0.0;0.0;0.0;0.0;0.0;0.0
2030-12-19 07:00:00;130.5786064341645;0.0;0.0;0.0;0.0;0.0;0.0;0.0
2030-12-19 08:00:00;131.022811267665;0.0;0.0;0.0;0.0;0.0;0.0;0.0
2030-12-19 09:00:00;131.2188874313044;0.0;0.0;0.0;0.0;0.0;0.0;0.0
2030-12-19 10:00:00;131.1792053505679;0.0;0.0;0.0;0.0;0.0;0.0;0.0
2030-12-19 11:00:00;131.3173693327557;0.0;0.0;0.0;0.0;0.0;0.0;0.0
2030-12-19 12:00:00;131.3527639483723;0.0;0.0;0.0;0.0;0.0;0.0;0.0
2030-12-19 13:00:00;131.323429982913;0.0;0.0;0.0;0.0;0.0;0.0;0.0
2030-12-19 14:00:00;131.3060414647069;0.0;0.0;0.0;0.0;0.0;0.0;0.0
2030-12-19 15:00:00;131.3009333519663;0.0;0.0;0.0;0.0;0.0;0.0;0.0
2030-12-19 16:00:00;131.3279749471588;0.0;0.0;0.0;0.0;0.0;0.0;0.0
2030-12-19 17:00:00;131.2950611158035;0.0;0.0;0.0;0.0;0.0;0.0;0.0
2030-12-19 18:00:00;131.1741118922491;0.0;0.0;0.0;0.0;0.0;0.0;0.0
2030-12-19 19:00:00;131.2456484989939;0.0;0.0;0.0;0.0;0.0;0.0;0.0
2030-12-19 20:00:00;131.1080518522786;0.0;0.0;0.0;0.0;0.0;0.0;0.0
2030-12-19 21:00:00;130.9229937203415;0.0;0.0;0.0;0.0;0.0;0.0;0.0
2030-12-19 22:00:00;130.6399456568277;0.0;0.0;0.0;0.0;0.0;0.0;0.0
2030-12-19 23:00:00;130.4855299208674;0.0;0.0;0.0;0.0;0.0;0.0;0.0
2030-12-20 00:00:00;130.3960479278881;0.0;0.0;0.0;0.0;0.0;0.0;0.0
2030-12-20 01:00:00;130.2886079877414;0.0;0.0;0.0;0.0;0.0;0.0;0.0
2030-12-20 02:00:00;130.2372672677213;0.0;0.0;0.0;0.0;0.0;0.0;0.0
2030-12-20 03:00:00;130.1988684956362;0.0;0.0;0.0;0.0;0.0;0.0;0.0
2030-12-20 04:00:00;130.1916920159336;0.0;0.0;0.0;0.0;0.0;0.0;0.0
2030-12-20 05:00:00;130.2848313338955;0.0;0.0;0.0;0.0;0.0;0.0;0.0
2030-12-20 06:00:00;130.1438306743457;0.0;0.0;0.0;0.0;0.0;0.0;0.0
2030-12-20 07:00:00;130.2997160394632;0.0;0.0;0.0;0.0;0.0;0.0;0.0
2030-12-20 08:00:00;130.5531998537467;0.0;0.0;0.0;0.0;0.0;0.0;0.0
2030-12-20 09:00:00;130.7502683310906;0.0;0.0;0.0;0.0;0.0;0.0;0.0
2030-12-20 10:00:00;130.8640285140093;0.0;0.0;0.0;0.0;0.0;0.0;0.0
2030-12-20 11:00:00;130.9198534870993;0.0;0.0;0.0;0.0;0.0;0.0;0.0
2030-12-20 12:00:00;130.9128151776593;0.0;0.0;0.0;0.0;0.0;0.0;0.0
2030-12-20 13:00:00;130.8963142987162;0.0;0.0;0.0;0.0;0.0;0.0;0.0
2030-12-20 14:00:00;130.9475587182503;0.0;0.0;0.0;0.0;0.0;0.0;0.0
2030-12-20 15:00:00;130.9190265590122;0.0;0.0;0.0;0.0;0.0;0.0;0.0
2030-12-20 16:00:00;130.9035787049497;0.0;0.0;0.0;0.0;0.0;0.0;0.0
2030-12-20 17:00:00;130.9432168224209;0.0;0.0;0.0;0.0;0.0;0.0;0.0
2030-12-20 18:00:00;130.9312001965476;0.0;0.0;0.0;0.0;0.0;0.0;0.0
2030-12-20 19:00:00;130.8623997797011;0.0;0.0;0.0;0.0;0.0;0.0;0.0
2030-12-20 20:00:00;130.8548799678305;0.0;0.0;0.0;0.0;0.0;0.0;0.0
2030-12-20 21:00:00;123.1027892313689;0.0;0.0;0.0;0.0;0.0;0.0;0.0
2030-12-20 22:00:00;121.0841028525903;0.0;0.0;0.0;0.0;0.0;0.0;0.0
2030-12-20 23:00:00;121.0258996761916;0.0;0.0;0.0;0.0;0.0;0.0;0.0
2030-12-21 00:00:00;120.9751283851326;0.0;0.0;0.0;0.0;0.0;0.0;0.0
2030-12-21 01:00:00;120.9553449157071;0.0;0.0;0.0;0.0;0.0;0.0;0.0
2030-12-21 02:00:00;120.9530295170633;0.0;0.0;0.0;0.0;0.0;0.0;0.0
2030-12-21 03:00:00;120.9307527024435;0.0;0.0;0.0;0.0;0.0;0.0;0.0
2030-12-21 04:00:00;120.9744731231294;0.0;0.0;0.0;0.0;0.0;0.0;0.0
2030-12-21 05:00:00;120.9929816578587;0.0;0.0;0.0;0.0;0.0;0.0;0.0
2030-12-21 06:00:00;121.0481492754566;0.0;0.0;0.0;0.0;0.0;0.0;0.0
2030-12-21 07:00:00;121.1106420104641;0.0;0.0;0.0;0.0;0.0;0.0;0.0
2030-12-21 08:00:00;121.1559430152153;0.0;0.0;0.0;0.0;0.0;0.0;0.0
2030-12-21 09:00:00;121.155105619684;0.0;0.0;0.0;0.0;0.0;0.0;0.0
2030-12-21 10:00:00;121.1509395769161;0.0;0.0;0.0;0.0;0.0;0.0;0.0
2030-12-21 11:00:00;121.1859615515213;0.0;0.0;0.0;0.0;0.0;0.0;0.0
2030-12-21 12:00:00;121.1773070687059;0.0;0.0;0.0;0.0;0.0;0.0;0.0
2030-12-21 13:00:00;121.1830097322737;0.0;0.0;0.0;0.0;0.0;0.0;0.0
2030-12-21 14:00:00;121.1899266193617;0.0;0.0;0.0;0.0;0.0;0.0;0.0
2030-12-21 15:00:00;121.2079159688615;0.0;0.0;0.0;0.0;0.0;0.0;0.0
2030-12-21 16:00:00;121.2199681840449;0.0;0.0;0.0;0.0;0.0;0.0;0.0
2030-12-21 17:00:00;121.193747236473;0.0;0.0;0.0;0.0;0.0;0.0;0.0
2030-12-21 18:00:00;121.2049829910134;0.0;0.0;0.0;0.0;0.0;0.0;0.0
2030-12-21 19:00:00;121.1716044051382;0.0;0.0;0.0;0.0;0.0;0.0;0.0
2030-12-21 20:00:00;121.1743091927041;0.0;0.0;0.0;0.0;0.0;0.0;0.0
2030-12-21 21:00:00;121.1608103767406;0.0;0.0;0.0;0.0;0.0;0.0;0.0
2030-12-21 22:00:00;121.148894238331;0.0;0.0;0.0;0.0;0.0;0.0;0.0
2030-12-21 23:00:00;121.0808265425743;0.0;0.0;0.0;0.0;0.0;0.0;0.0
2030-12-22 00:00:00;121.0792773608416;0.0;0.0;0.0;0.0;0.0;0.0;0.0
2030-12-22 01:00:00;121.0113038720821;0.0;0.0;0.0;0.0;0.0;0.0;0.0
2030-12-22 02:00:00;121.0160937745208;0.0;0.0;0.0;0.0;0.0;0.0;0.0
2030-12-22 03:00:00;121.0073681130853;0.0;0.0;0.0;0.0;0.0;0.0;0.0
2030-12-22 04:00:00;121.0075649010352;0.0;0.0;0.0;0.0;0.0;0.0;0.0
2030-12-22 05:00:00;121.0029717865463;0.0;0.0;0.0;0.0;0.0;0.0;0.0
2030-12-22 06:00:00;121.0216980441136;0.0;0.0;0.0;0.0;0.0;0.0;0.0
2030-12-22 07:00:00;121.0546788671115;0.0;0.0;0.0;0.0;0.0;0.0;0.0
2030-12-22 08:00:00;121.0773199487873;0.0;0.0;0.0;0.0;0.0;0.0;0.0
2030-12-22 09:00:00;121.1251059247774;0.0;0.0;0.0;0.0;0.0;0.0;0.0
2030-12-22 10:00:00;121.163423050798;0.0;0.0;0.0;0.0;0.0;0.0;0.0
2030-12-22 11:00:00;121.2079892409704;0.0;0.0;0.0;0.0;0.0;0.0;0.0
2030-12-22 12:00:00;121.2251223535396;0.0;0.0;0.0;0.0;0.0;0.0;0.0
2030-12-22 13:00:00;121.2469532550391;0.0;0.0;0.0;0.0;0.0;0.0;0.0
2030-12-22 14:00:00;121.2260476756017;0.0;0.0;0.0;0.0;0.0;0.0;0.0
2030-12-22 15:00:00;121.2128189196969;0.0;0.0;0.0;0.0;0.0;0.0;0.0
2030-12-22 16:00:00;121.245224033267;0.0;0.0;0.0;0.0;0.0;0.0;0.0
2030-12-22 17:00:00;121.2212096229199;0.0;0.0;0.0;0.0;0.0;0.0;0.0
2030-12-22 18:00:00;121.2291418520895;0.0;0.0;0.0;0.0;0.0;0.0;0.0
2030-12-22 19:00:00;121.277350712823;0.0;0.0;0.0;0.0;0.0;0.0;0.0
2030-12-22 20:00:00;121.2558589565137;0.0;0.0;0.0;0.0;0.0;0.0;0.0
2030-12-22 21:00:00;121.2194887751033;0.0;0.0;0.0;0.0;0.0;0.0;0.0
2030-12-22 22:00:00;121.1687342319549;0.0;0.0;0.0;0.0;0.0;0.0;0.0
2030-12-22 23:00:00;121.1330402474359;0.0;0.0;0.0;0.0;0.0;0.0;0.0
2030-12-23 00:00:00;120.9881708205317;0.0;0.0;0.0;0.0;0.0;0.0;0.0
2030-12-23 01:00:00;121.0660109221379;0.0;0.0;0.0;0.0;0.0;0.0;0.0
2030-12-23 02:00:00;121.1086385416556;0.0;0.0;0.0;0.0;0.0;0.0;0.0
2030-12-23 03:00:00;121.0986128236579;0.0;0.0;0.0;0.0;0.0;0.0;0.0
2030-12-23 04:00:00;121.0993204228817;0.0;0.0;0.0;0.0;0.0;0.0;0.0
2030-12-23 05:00:00;120.9991427954797;0.0;0.0;0.0;0.0;0.0;0.0;0.0
2030-12-23 06:00:00;121.0406273700972;0.0;0.0;0.0;0.0;0.0;0.0;0.0
2030-12-23 07:00:00;121.1360883671695;0.0;0.0;0.0;0.0;0.0;0.0;0.0
2030-12-23 08:00:00;121.2224322203956;0.0;0.0;0.0;0.0;0.0;0.0;0.0
2030-12-23 09:00:00;121.3206461552768;0.0;0.0;0.0;0.0;0.0;0.0;0.0
2030-12-23 10:00:00;121.3228338511022;0.0;0.0;0.0;0.0;0.0;0.0;0.0
2030-12-23 11:00:00;121.302753106263;0.0;0.0;0.0;0.0;0.0;0.0;0.0
2030-12-23 12:00:00;121.2788098745361;0.0;0.0;0.0;0.0;0.0;0.0;0.0
2030-12-23 13:00:00;121.2888900232434;0.0;0.0;0.0;0.0;0.0;0.0;0.0
2030-12-23 14:00:00;121.2790087559748;0.0;0.0;0.0;0.0;0.0;0.0;0.0
2030-12-23 15:00:00;121.2980092605787;0.0;0.0;0.0;0.0;0.0;0.0;0.0
2030-12-23 16:00:00;121.2864678566693;0.0;0.0;0.0;0.0;0.0;0.0;0.0
2030-12-23 17:00:00;121.2954991674737;0.0;0.0;0.0;0.0;0.0;0.0;0.0
2030-12-23 18:00:00;121.3138192882084;0.0;0.0;0.0;0.0;0.0;0.0;0.0
2030-12-23 19:00:00;121.300379089932;0.0;0.0;0.0;0.0;0.0;0.0;0.0
2030-12-23 20:00:00;121.2931021227655;0.0;0.0;0.0;0.0;0.0;0.0;0.0
2030-12-23 21:00:00;121.2731030239908;0.0;0.0;0.0;0.0;0.0;0.0;0.0
2030-12-23 22:00:00;121.2380496470531;0.0;0.0;0.0;0.0;0.0;0.0;0.0
2030-12-23 23:00:00;121.2238788211757;0.0;0.0;0.0;0.0;0.0;0.0;0.0
2030-12-24 00:00:00;121.1818541264406;0.0;0.0;0.0;0.0;0.0;0.0;0.0
2030-12-24 01:00:00;121.0976581927522;0.0;0.0;0.0;0.0;0.0;0.0;0.0
2030-12-24 02:00:00;121.1145693955056;0.0;0.0;0.0;0.0;0.0;0.0;0.0
2030-12-24 03:00:00;121.1176614785047;0.0;0.0;0.0;0.0;0.0;0.0;0.0
2030-12-24 04:00:00;121.0488233788592;0.0;0.0;0.0;0.0;0.0;0.0;0.0
2030-12-24 05:00:00;121.0449232091725;0.0;0.0;0.0;0.0;0.0;0.0;0.0
2030-12-24 06:00:00;120.99817769713;0.0;0.0;0.0;0.0;0.0;0.0;0.0
2030-12-24 07:00:00;121.0608651265985;0.0;0.0;0.0;0.0;0.0;0.0;0.0
2030-12-24 08:00:00;121.1312210056442;0.0;0.0;0.0;0.0;0.0;0.0;0.0
2030-12-24 09:00:00;121.2547012571918;0.0;0.0;0.0;0.0;0.0;0.0;0.0
2030-12-24 10:00:00;121.2692782199018;0.0;0.0;0.0;0.0;0.0;0.0;0.0
2030-12-24 11:00:00;121.2625078770318;0.0;0.0;0.0;0.0;0.0;0.0;0.0
2030-12-24 12:00:00;121.2566314538913;0.0;0.0;0.0;0.0;0.0;0.0;0.0
2030-12-24 13:00:00;121.2177114030882;0.0;0.0;0.0;0.0;0.0;0.0;0.0
2030-12-24 14:00:00;121.2075035515624;0.0;0.0;0.0;0.0;0.0;0.0;0.0
2030-12-24 15:00:00;121.1605214752822;0.0;0.0;0.0;0.0;0.0;0.0;0.0
2030-12-24 16:00:00;121.237344141318;0.0;0.0;0.0;0.0;0.0;0.0;0.0
2030-12-24 17:00:00;121.242422945215;0.0;0.0;0.0;0.0;0.0;0.0;0.0
2030-12-24 18:00:00;121.2353385790207;0.0;0.0;0.0;0.0;0.0;0.0;0.0
2030-12-24 19:00:00;121.2485882698138;0.0;0.0;0.0;0.0;0.0;0.0;0.0
2030-12-24 20:00:00;121.2086026331972;0.0;0.0;0.0;0.0;0.0;0.0;0.0
2030-12-24 21:00:00;121.1403674583342;0.0;0.0;0.0;0.0;0.0;0.0;0.0
2030-12-24 22:00:00;121.1748534997995;0.0;0.0;0.0;0.0;0.0;0.0;0.0
2030-12-24 23:00:00;121.158442640876;0.0;0.0;0.0;0.0;0.0;0.0;0.0
2030-12-25 00:00:00;121.1213669537304;0.0;0.0;0.0;0.0;0.0;0.0;0.0
2030-12-25 01:00:00;121.0546704931562;0.0;0.0;0.0;0.0;0.0;0.0;0.0
2030-12-25 02:00:00;121.0198746153444;0.0;0.0;0.0;0.0;0.0;0.0;0.0
2030-12-25 03:00:00;120.971372666175;0.0;0.0;0.0;0.0;0.0;0.0;0.0
2030-12-25 04:00:00;121.0171237710242;0.0;0.0;0.0;0.0;0.0;0.0;0.0
2030-12-25 05:00:00;121.012620676555;0.0;0.0;0.0;0.0;0.0;0.0;0.0
2030-12-25 06:00:00;121.0321089640557;0.0;0.0;0.0;0.0;0.0;0.0;0.0
2030-12-25 07:00:00;120.9427651413392;0.0;0.0;0.0;0.0;0.0;0.0;0.0
2030-12-25 08:00:00;120.9996598872203;0.0;0.0;0.0;0.0;0.0;0.0;0.0
2030-12-25 09:00:00;121.1337352857267;0.0;0.0;0.0;0.0;0.0;0.0;0.0
2030-12-25 10:00:00;121.2067101192965;0.0;0.0;0.0;0.0;0.0;0.0;0.0
2030-12-25 11:00:00;121.2485798958585;0.0;0.0;0.0;0.0;0.0;0.0;0.0
2030-12-25 12:00:00;121.2085377350434;0.0;0.0;0.0;0.0;0.0;0.0;0.0
2030-12-25 13:00:00;121.2290748604471;0.0;0.0;0.0;0.0;0.0;0.0;0.0
2030-12-25 14:00:00;121.2276512880439;0.0;0.0;0.0;0.0;0.0;0.0;0.0
2030-12-25 15:00:00;121.2977203591203;0.0;0.0;0.0;0.0;0.0;0.0;0.0
2030-12-25 16:00:00;121.3147592646922;0.0;0.0;0.0;0.0;0.0;0.0;0.0
2030-12-25 17:00:00;121.3126259995764;0.0;0.0;0.0;0.0;0.0;0.0;0.0
2030-12-25 18:00:00;121.3121612450565;0.0;0.0;0.0;0.0;0.0;0.0;0.0
2030-12-25 19:00:00;121.2779578245831;0.0;0.0;0.0;0.0;0.0;0.0;0.0
2030-12-25 20:00:00;121.2916366805859;0.0;0.0;0.0;0.0;0.0;0.0;0.0
2030-12-25 21:00:00;121.277459574242;0.0;0.0;0.0;0.0;0.0;0.0;0.0
2030-12-25 22:00:00;121.2692342566364;0.0;0.0;0.0;0.0;0.0;0.0;0.0
2030-12-25 23:00:00;121.2410161207225;0.0;0.0;0.0;0.0;0.0;0.0;0.0
2030-12-26 00:00:00;121.2073591008332;0.0;0.0;0.0;0.0;0.0;0.0;0.0
2030-12-26 01:00:00;121.2273540126303;0.0;0.0;0.0;0.0;0.0;0.0;0.0
2030-12-26 02:00:00;121.2350580515178;0.0;0.0;0.0;0.0;0.0;0.0;0.0
2030-12-26 03:00:00;121.23689404122;0.0;0.0;0.0;0.0;0.0;0.0;0.0
2030-12-26 04:00:00;121.2359059144932;0.0;0.0;0.0;0.0;0.0;0.0;0.0
2030-12-26 05:00:00;121.2597737806223;0.0;0.0;0.0;0.0;0.0;0.0;0.0
2030-12-26 06:00:00;121.2166688456518;0.0;0.0;0.0;0.0;0.0;0.0;0.0
2030-12-26 07:00:00;121.220246618059;0.0;0.0;0.0;0.0;0.0;0.0;0.0
2030-12-26 08:00:00;121.2412736198483;0.0;0.0;0.0;0.0;0.0;0.0;0.0
2030-12-26 09:00:00;121.2923966170305;0.0;0.0;0.0;0.0;0.0;0.0;0.0
2030-12-26 10:00:00;121.3869092636637;0.0;0.0;0.0;0.0;0.0;0.0;0.0
2030-12-26 11:00:00;121.5068787344465;0.0;0.0;0.0;0.0;0.0;0.0;0.0
2030-12-26 12:00:00;121.6738993666408;0.0;0.0;0.0;0.0;0.0;0.0;0.0
2030-12-26 13:00:00;121.7283279826824;0.0;0.0;0.0;0.0;0.0;0.0;0.0
2030-12-26 14:00:00;121.748025619066;0.0;0.0;0.0;0.0;0.0;0.0;0.0
2030-12-26 15:00:00;121.7555203090705;0.0;0.0;0.0;0.0;0.0;0.0;0.0
2030-12-26 16:00:00;121.6885056381944;0.0;0.0;0.0;0.0;0.0;0.0;0.0
2030-12-26 17:00:00;121.6783919936658;0.0;0.0;0.0;0.0;0.0;0.0;0.0
2030-12-26 18:00:00;121.705986269909;0.0;0.0;0.0;0.0;0.0;0.0;0.0
2030-12-26 19:00:00;121.6762440741282;0.0;0.0;0.0;0.0;0.0;0.0;0.0
2030-12-26 20:00:00;121.6236221389453;0.0;0.0;0.0;0.0;0.0;0.0;0.0
2030-12-26 21:00:00;121.6252739016306;0.0;0.0;0.0;0.0;0.0;0.0;0.0
2030-12-26 22:00:00;121.6069056306529;0.0;0.0;0.0;0.0;0.0;0.0;0.0
2030-12-26 23:00:00;121.4013836454211;0.0;0.0;0.0;0.0;0.0;0.0;0.0
2030-12-27 00:00:00;121.2792348527682;0.0;0.0;0.0;0.0;0.0;0.0;0.0
2030-12-27 01:00:00;121.3150314182399;0.0;0.0;0.0;0.0;0.0;0.0;0.0
2030-12-27 02:00:00;121.3286118802677;0.0;0.0;0.0;0.0;0.0;0.0;0.0
2030-12-27 03:00:00;121.3273181041719;0.0;0.0;0.0;0.0;0.0;0.0;0.0
2030-12-27 04:00:00;121.3119581766402;0.0;0.0;0.0;0.0;0.0;0.0;0.0
2030-12-27 05:00:00;121.3263048555792;0.0;0.0;0.0;0.0;0.0;0.0;0.0
2030-12-27 06:00:00;121.3560344904269;0.0;0.0;0.0;0.0;0.0;0.0;0.0
2030-12-27 07:00:00;121.4789641544127;0.0;0.0;0.0;0.0;0.0;0.0;0.0
2030-12-27 08:00:00;121.6821267777352;0.0;0.0;0.0;0.0;0.0;0.0;0.0
2030-12-27 09:00:00;121.7260879496363;0.0;0.0;0.0;0.0;0.0;0.0;0.0
2030-12-27 10:00:00;121.779201854694;0.0;0.0;0.0;0.0;0.0;0.0;0.0
2030-12-27 11:00:00;121.7962533211988;0.0;0.0;0.0;0.0;0.0;0.0;0.0
2030-12-27 12:00:00;121.7801020548901;0.0;0.0;0.0;0.0;0.0;0.0;0.0
2030-12-27 13:00:00;121.8075204780715;0.0;0.0;0.0;0.0;0.0;0.0;0.0
2030-12-27 14:00:00;122.0472082009779;0.0;0.0;0.0;0.0;0.0;0.0;0.0
2030-12-27 15:00:00;122.1020220189639;0.0;0.0;0.0;0.0;0.0;0.0;0.0
2030-12-27 16:00:00;122.1694281722509;0.0;0.0;0.0;0.0;0.0;0.0;0.0
2030-12-27 17:00:00;122.1787295431141;0.0;0.0;0.0;0.0;0.0;0.0;0.0
2030-12-27 18:00:00;122.196658181438;0.0;0.0;0.0;0.0;0.0;0.0;0.0
2030-12-27 19:00:00;122.1808669952076;0.0;0.0;0.0;0.0;0.0;0.0;0.0
2030-12-27 20:00:00;122.177098715317;0.0;0.0;0.0;0.0;0.0;0.0;0.0
2030-12-27 21:00:00;122.1345569288412;0.0;0.0;0.0;0.0;0.0;0.0;0.0
2030-12-27 22:00:00;122.0673664049037;0.0;0.0;0.0;0.0;0.0;0.0;0.0
2030-12-27 23:00:00;121.8487370861191;0.0;0.0;0.0;0.0;0.0;0.0;0.0
2030-12-28 00:00:00;121.6958747188692;0.0;0.0;0.0;0.0;0.0;0.0;0.0
2030-12-28 01:00:00;121.5104795352308;0.0;0.0;0.0;0.0;0.0;0.0;0.0
2030-12-28 02:00:00;121.348531426467;0.0;0.0;0.0;0.0;0.0;0.0;0.0
2030-12-28 03:00:00;121.3297716730785;0.0;0.0;0.0;0.0;0.0;0.0;0.0
2030-12-28 04:00:00;121.2683822066833;0.0;0.0;0.0;0.0;0.0;0.0;0.0
2030-12-28 05:00:00;121.2674694455544;0.0;0.0;0.0;0.0;0.0;0.0;0.0
2030-12-28 06:00:00;121.282781222843;0.0;0.0;0.0;0.0;0.0;0.0;0.0
2030-12-28 07:00:00;121.3599011642924;0.0;0.0;0.0;0.0;0.0;0.0;0.0
2030-12-28 08:00:00;121.4331607123427;0.0;0.0;0.0;0.0;0.0;0.0;0.0
2030-12-28 09:00:00;121.4795126484857;0.0;0.0;0.0;0.0;0.0;0.0;0.0
2030-12-28 10:00:00;121.5522048610636;0.0;0.0;0.0;0.0;0.0;0.0;0.0
2030-12-28 11:00:00;121.6010836382219;0.0;0.0;0.0;0.0;0.0;0.0;0.0
2030-12-28 12:00:00;131.5741524854322;0.0;0.0;0.0;0.0;0.0;0.0;0.0
2030-12-28 13:00:00;131.5696619518959;0.0;0.0;0.0;0.0;0.0;0.0;0.0
2030-12-28 14:00:00;131.5812577865148;0.0;0.0;0.0;0.0;0.0;0.0;0.0
2030-12-28 15:00:00;131.5250811073017;0.0;0.0;0.0;0.0;0.0;0.0;0.0
2030-12-28 16:00:00;121.6133619501987;0.0;0.0;0.0;0.0;0.0;0.0;0.0
2030-12-28 17:00:00;121.6071715037341;0.0;0.0;0.0;0.0;0.0;0.0;0.0
2030-12-28 18:00:00;121.6294315704432;0.0;0.0;0.0;0.0;0.0;0.0;0.0
2030-12-28 19:00:00;121.5680609454476;0.0;0.0;0.0;0.0;0.0;0.0;0.0
2030-12-28 20:00:00;121.5680881608023;0.0;0.0;0.0;0.0;0.0;0.0;0.0
2030-12-28 21:00:00;121.6168434221198;0.0;0.0;0.0;0.0;0.0;0.0;0.0
2030-12-28 22:00:00;131.4240974867008;0.0;0.0;0.0;0.0;0.0;0.0;0.0
2030-12-28 23:00:00;131.0691108665872;0.0;0.0;0.0;0.0;0.0;0.0;0.0
2030-12-29 00:00:00;130.8725385460955;0.0;0.0;0.0;0.0;0.0;0.0;0.0
2030-12-29 01:00:00;130.5556157398543;0.0;0.0;0.0;0.0;0.0;0.0;0.0
2030-12-29 02:00:00;130.4203575201599;0.0;0.0;0.0;0.0;0.0;0.0;0.0
2030-12-29 03:00:00;130.3568620040038;0.0;0.0;0.0;0.0;0.0;0.0;0.0
2030-12-29 04:00:00;130.3158338099508;0.0;0.0;0.0;0.0;0.0;0.0;0.0
2030-12-29 05:00:00;130.3113600243252;0.0;0.0;0.0;0.0;0.0;0.0;0.0
2030-12-29 06:00:00;120.9982321278395;0.0;0.0;0.0;0.0;0.0;0.0;0.0
2030-12-29 07:00:00;121.0048810483575;0.0;0.0;0.0;0.0;0.0;0.0;0.0
2030-12-29 08:00:00;121.0080631513762;0.0;0.0;0.0;0.0;0.0;0.0;0.0
2030-12-29 09:00:00;121.092619165143;0.0;0.0;0.0;0.0;0.0;0.0;0.0
2030-12-29 10:00:00;121.1692994739385;0.0;0.0;0.0;0.0;0.0;0.0;0.0
2030-12-29 11:00:00;121.2267489943591;0.0;0.0;0.0;0.0;0.0;0.0;0.0
2030-12-29 12:00:00;121.2437460301543;0.0;0.0;0.0;0.0;0.0;0.0;0.0
2030-12-29 13:00:00;121.2302430272132;0.0;0.0;0.0;0.0;0.0;0.0;0.0
2030-12-29 14:00:00;121.2219297830768;0.0;0.0;0.0;0.0;0.0;0.0;0.0
2030-12-29 15:00:00;121.3091319667223;0.0;0.0;0.0;0.0;0.0;0.0;0.0
2030-12-29 16:00:00;121.3172526098865;0.0;0.0;0.0;0.0;0.0;0.0;0.0
2030-12-29 17:00:00;121.3175791941437;0.0;0.0;0.0;0.0;0.0;0.0;0.0
2030-12-29 18:00:00;121.3607657751784;0.0;0.0;0.0;0.0;0.0;0.0;0.0
2030-12-29 19:00:00;121.3568132682709;0.0;0.0;0.0;0.0;0.0;0.0;0.0
2030-12-29 20:00:00;121.3579311913051;0.0;0.0;0.0;0.0;0.0;0.0;0.0
2030-12-29 21:00:00;121.3487679907046;0.0;0.0;0.0;0.0;0.0;0.0;0.0
2030-12-29 22:00:00;121.3305190485901;0.0;0.0;0.0;0.0;0.0;0.0;0.0
2030-12-29 23:00:00;121.3111605573966;0.0;0.0;0.0;0.0;0.0;0.0;0.0
2030-12-30 00:00:00;121.2710095351627;0.0;0.0;0.0;0.0;0.0;0.0;0.0
2030-12-30 01:00:00;121.2327510268292;0.0;0.0;0.0;0.0;0.0;0.0;0.0
2030-12-30 02:00:00;121.2285179924188;0.0;0.0;0.0;0.0;0.0;0.0;0.0
2030-12-30 03:00:00;121.1896754007023;0.0;0.0;0.0;0.0;0.0;0.0;0.0
2030-12-30 04:00:00;121.1712108292385;0.0;0.0;0.0;0.0;0.0;0.0;0.0
2030-12-30 05:00:00;121.1726281211752;0.0;0.0;0.0;0.0;0.0;0.0;0.0
2030-12-30 06:00:00;121.2175941677138;0.0;0.0;0.0;0.0;0.0;0.0;0.0
2030-12-30 07:00:00;121.314652496762;0.0;0.0;0.0;0.0;0.0;0.0;0.0
2030-12-30 08:00:00;121.3770761466381;0.0;0.0;0.0;0.0;0.0;0.0;0.0
2030-12-30 09:00:00;121.4849682803717;0.0;0.0;0.0;0.0;0.0;0.0;0.0
2030-12-30 10:00:00;121.6694862921911;0.0;0.0;0.0;0.0;0.0;0.0;0.0
2030-12-30 11:00:00;121.6839690479039;0.0;0.0;0.0;0.0;0.0;0.0;0.0
2030-12-30 12:00:00;121.6786599602359;0.0;0.0;0.0;0.0;0.0;0.0;0.0
2030-12-30 13:00:00;121.5876894966998;0.0;0.0;0.0;0.0;0.0;0.0;0.0
2030-12-30 14:00:00;121.5849805221562;0.0;0.0;0.0;0.0;0.0;0.0;0.0
2030-12-30 15:00:00;121.5469732324821;0.0;0.0;0.0;0.0;0.0;0.0;0.0
2030-12-30 16:00:00;121.5506326509537;0.0;0.0;0.0;0.0;0.0;0.0;0.0
2030-12-30 17:00:00;121.6634130811008;0.0;0.0;0.0;0.0;0.0;0.0;0.0
2030-12-30 18:00:00;121.7091934947936;0.0;0.0;0.0;0.0;0.0;0.0;0.0
2030-12-30 19:00:00;121.6654521392194;0.0;0.0;0.0;0.0;0.0;0.0;0.0
2030-12-30 20:00:00;121.7338024559678;0.0;0.0;0.0;0.0;0.0;0.0;0.0
2030-12-30 21:00:00;121.6946898041925;0.0;0.0;0.0;0.0;0.0;0.0;0.0
2030-12-30 22:00:00;121.6593475257967;0.0;0.0;0.0;0.0;0.0;0.0;0.0
2030-12-30 23:00:00;121.6065246156861;0.0;0.0;0.0;0.0;0.0;0.0;0.0
2030-12-31 00:00:00;121.5777056484786;0.0;0.0;0.0;0.0;0.0;0.0;0.0
2030-12-31 01:00:00;121.5432049525916;0.0;0.0;0.0;0.0;0.0;0.0;0.0
2030-12-31 02:00:00;121.5697566713983;0.0;0.0;0.0;0.0;0.0;0.0;0.0
2030-12-31 03:00:00;121.6639887905286;0.0;0.0;0.0;0.0;0.0;0.0;0.0
2030-12-31 04:00:00;121.6088546687519;0.0;0.0;0.0;0.0;0.0;0.0;0.0
2030-12-31 05:00:00;121.6801128414826;0.0;0.0;0.0;0.0;0.0;0.0;0.0
2030-12-31 06:00:00;121.7337710536354;0.0;0.0;0.0;0.0;0.0;0.0;0.0
2030-12-31 07:00:00;121.805117152897;0.0;0.0;0.0;0.0;0.0;0.0;0.0
2030-12-31 08:00:00;121.7688809547714;0.0;0.0;0.0;0.0;0.0;0.0;0.0
2030-12-31 09:00:00;121.8304002174739;0.0;0.0;0.0;0.0;0.0;0.0;0.0
2030-12-31 10:00:00;121.7536529170359;0.0;0.0;0.0;0.0;0.0;0.0;0.0
2030-12-31 11:00:00;121.9555720079944;0.0;0.0;0.0;0.0;0.0;0.0;0.0
2030-12-31 12:00:00;121.7541323259775;0.0;0.0;0.0;0.0;0.0;0.0;0.0
2030-12-31 13:00:00;121.9270461292229;0.0;0.0;0.0;0.0;0.0;0.0;0.0
2030-12-31 14:00:00;122.0129754716609;0.0;0.0;0.0;0.0;0.0;0.0;0.0
2030-12-31 15:00:00;122.0274959101725;0.0;0.0;0.0;0.0;0.0;0.0;0.0
2030-12-31 16:00:00;122.0388949568415;0.0;0.0;0.0;0.0;0.0;0.0;0.0
2030-12-31 17:00:00;122.0213117441743;0.0;0.0;0.0;0.0;0.0;0.0;0.0
2030-12-31 18:00:00;122.0686580875105;0.0;0.0;0.0;0.0;0.0;0.0;0.0
2030-12-31 19:00:00;122.0670502880906;0.0;0.0;0.0;0.0;0.0;0.0;0.0
2030-12-31 20:00:00;122.0161596681684;0.0;0.0;0.0;0.0;0.0;0.0;0.0
2030-12-31 21:00:00;121.954663433843;0.0;0.0;0.0;0.0;0.0;0.0;0.0
2030-12-31 22:00:00;121.9424793288636;0.0;0.0;0.0;0.0;0.0;0.0;0.0
2030-12-31 23:00:00;121.9133547122871;0.0;0.0;0.0;0.0;0.0;0.0;0.0
